Job <8164699> has been submitted to queue <q_share>
waiting for dispatch ...
[M::main_mem] mean insert size: 170.000, stddev: 80.000, max: 500, min: 1
[MPI input] mode=dynamic chunks=129 bytes_per_cg=117964800 cg_count=1 chunk_bytes=117964800 micro_chunk_bytes=0 fine_chunk_bytes=0 tail_percent=0 fine_tail_waves=2 file_bytes=15182222352 scheduler=distributed read_index=byte_offset
malloc bwt->bwt 3107576584, 0x500008804020
malloc bwt->bwt 3107576584, 0x500008804020
malloc bwt->bwt 3107576584, 0x500008804020
malloc bwt->bwt 3107576584, 0x500008804020
malloc bwt->bwt 3107576584, 0x500008804020
malloc bwt->bwt 3107576584, 0x500008804020
malloc bwt->bwt 3107576584, 0x500008804020
malloc bwt->bwt 3107576584, 0x500008804020
malloc bwt->bwt 3107576584, 0x500008804020
malloc bwt->bwt 3107576584, 0x500008804020
malloc bwt->bwt 3107576584, 0x500008804020
malloc bwt->bwt 3107576584, 0x500008804020
malloc bwt->bwt 3107576584, 0x500008804020
malloc bwt->bwt 3107576584, 0x500008804020
malloc bwt->bwt 3107576584, 0x500008804020
malloc bwt->bwt 3107576584, 0x500008804020
malloc bwt->bwt 3107576584, 0x500008804020
malloc bwt->bwt 3107576584, 0x500008804020
malloc bwt->bwt 3107576584, 0x500008804020
malloc bwt->bwt 3107576584, 0x500008804020
malloc bwt->bwt 3107576584, 0x500008804020
malloc bwt->bwt 3107576584, 0x500008804020
malloc bwt->bwt 3107576584, 0x500008804020
malloc bwt->bwt 3107576584, 0x500008804020
malloc bwt->sa 1553788264, 0x5000c1ba1b40
malloc bwt->sa 1553788264, 0x5000c1ba1b40
malloc bwt->sa 1553788264, 0x5000c1ba1b40
malloc bwt->sa 1553788264, 0x5000c1ba1b40
malloc bwt->sa 1553788264, 0x5000c1ba1b40
malloc bwt->sa 1553788264, 0x5000c1ba1b40
malloc bwt->sa 1553788264, 0x5000c1ba1b40
malloc bwt->sa 1553788264, 0x5000c1ba1b40
malloc bwt->sa 1553788264, 0x5000c1ba1b40
malloc bwt->sa 1553788264, 0x5000c1ba1b40
malloc bwt->sa 1553788264, 0x5000c1ba1b40
malloc bwt->sa 1553788264, 0x5000c1ba1b40
malloc bwt->sa 1553788264, 0x5000c1ba1b40
malloc bwt->sa 1553788264, 0x5000c1ba1b40
malloc bwt->sa 1553788264, 0x5000c1ba1b40
malloc bwt->sa 1553788264, 0x5000c1ba1b40
malloc bwt->sa 1553788264, 0x5000c1ba1b40
malloc bwt->sa 1553788264, 0x5000c1ba1b40
malloc bwt->sa 1553788264, 0x5000c1ba1b40
malloc bwt->sa 1553788264, 0x5000c1ba1b40
malloc bwt->sa 1553788264, 0x5000c1ba1b40
malloc bwt->sa 1553788264, 0x5000c1ba1b40
malloc bwt->sa 1553788264, 0x5000c1ba1b40
malloc bwt->sa 1553788264, 0x5000c1ba1b40
[M::bwa_idx_load_from_disk] read 0 ALT contigs
[M::bwa_idx_load_from_disk] read 0 ALT contigs
[M::bwa_idx_load_from_disk] read 0 ALT contigs
[M::bwa_idx_load_from_disk] read 0 ALT contigs
[M::bwa_idx_load_from_disk] read 0 ALT contigs
[M::bwa_idx_load_from_disk] read 0 ALT contigs
malloc pac 776894131, 0x50011e5708c0
malloc pac 776894131, 0x50011e5708c0
malloc pac 776894131, 0x50011e5708c0
malloc pac 776894131, 0x50011e5708c0
malloc pac 776894131, 0x50011e5708c0
malloc pac 776894131, 0x50011e5708c0
[M::bwa_idx_load_from_disk] read 0 ALT contigs
[M::bwa_idx_load_from_disk] read 0 ALT contigs
[M::bwa_idx_load_from_disk] read 0 ALT contigs
[M::bwa_idx_load_from_disk] read 0 ALT contigs
[M::bwa_idx_load_from_disk] read 0 ALT contigs
[M::bwa_idx_load_from_disk] read 0 ALT contigs
malloc pac 776894131, 0x50011e5708c0
malloc pac 776894131, 0x50011e5708c0
malloc pac 776894131, 0x50011e5708c0
malloc pac 776894131, 0x50011e5708c0
malloc pac 776894131, 0x50011e5708c0
malloc pac 776894131, 0x50011e5708c0
[M::bwa_idx_load_from_disk] read 0 ALT contigs
[M::bwa_idx_load_from_disk] read 0 ALT contigs
[M::bwa_idx_load_from_disk] read 0 ALT contigs
[M::bwa_idx_load_from_disk] read 0 ALT contigs
[M::bwa_idx_load_from_disk] read 0 ALT contigs
[M::bwa_idx_load_from_disk] read 0 ALT contigs
malloc pac 776894131, 0x50011e5708c0
malloc pac 776894131, 0x50011e5708c0
malloc pac 776894131, 0x50011e5708c0
malloc pac 776894131, 0x50011e5708c0
malloc pac 776894131, 0x50011e5708c0
malloc pac 776894131, 0x50011e5708c0
[M::bwa_idx_load_from_disk] read 0 ALT contigs
[M::bwa_idx_load_from_disk] read 0 ALT contigs
[M::bwa_idx_load_from_disk] read 0 ALT contigs
[M::bwa_idx_load_from_disk] read 0 ALT contigs
[M::bwa_idx_load_from_disk] read 0 ALT contigs
[M::bwa_idx_load_from_disk] read 0 ALT contigs
malloc pac 776894131, 0x50011e5708c0
malloc pac 776894131, 0x50011e5708c0
malloc pac 776894131, 0x50011e5708c0
malloc pac 776894131, 0x50011e5708c0
malloc pac 776894131, 0x50011e5708c0
malloc pac 776894131, 0x50011e5708c0
[MPI rank 000022/000024] output: (discard)
[MPI rank 000020/000024] output: (discard)
[MPI rank 000021/000024] output: (discard)
[MPI rank 000018/000024] output: (discard)
[MPI rank 000023/000024] output: (discard)
[MPI rank 000019/000024] output: (discard)
the input file is /home/export/online1/mdt00/shisuan/swls-CFD/guoshi/ylf/data/bwa_test_big_data/big4_SRR7963242_1.fastq
the input file is /home/export/online1/mdt00/shisuan/swls-CFD/guoshi/ylf/data/bwa_test_big_data/big4_SRR7963242_2.fastq
[MPI rank 000012/000024] output: (discard)
[MPI rank 000013/000024] output: (discard)
[MPI rank 000014/000024] output: (discard)
[MPI rank 000016/000024] output: (discard)
[MPI rank 000017/000024] output: (discard)
[MPI rank 000015/000024] output: (discard)
[MPI rank 000000/000024] output: (discard)
[MPI rank 000002/000024] output: (discard)
[MPI rank 000004/000024] output: (discard)
[MPI rank 000005/000024] output: (discard)
[MPI rank 000001/000024] output: (discard)
[MPI rank 000003/000024] output: (discard)
[MPI rank 000009/000024] output: (discard)
[MPI rank 000007/000024] output: (discard)
[MPI rank 000008/000024] output: (discard)
[MPI rank 000010/000024] output: (discard)
[MPI rank 000011/000024] output: (discard)
[MPI rank 000006/000024] output: (discard)
[M::process] read chunk (117964800 bytes/CG x 1 CGs, 117965124 bytes)...
[M::process] read chunk (117964800 bytes/CG x 1 CGs, 117964540 bytes)...
[M::process] read chunk (117964800 bytes/CG x 1 CGs, 117964920 bytes)...
[M::process] read chunk (117964800 bytes/CG x 1 CGs, 117964736 bytes)...
[M::process] read chunk (117964800 bytes/CG x 1 CGs, 117964920 bytes)...
[M::process] read chunk (117964800 bytes/CG x 1 CGs, 117964736 bytes)...
[M::process] read chunk (117964800 bytes/CG x 1 CGs, 117964920 bytes)...
[M::process] read chunk (117964800 bytes/CG x 1 CGs, 117964540 bytes)...
[M::process] read chunk (117964800 bytes/CG x 1 CGs, 117964920 bytes)...
[M::process] read chunk (117964800 bytes/CG x 1 CGs, 117964920 bytes)...
[M::process] read chunk (117964800 bytes/CG x 1 CGs, 117964768 bytes)...
[M::process] read chunk (117964800 bytes/CG x 1 CGs, 117964920 bytes)...
[M::process] read chunk (117964800 bytes/CG x 1 CGs, 117964920 bytes)...
[M::process] read chunk (117964800 bytes/CG x 1 CGs, 117964540 bytes)...
[M::process] read chunk (117964800 bytes/CG x 1 CGs, 117964920 bytes)...
[M::process] read chunk (117964800 bytes/CG x 1 CGs, 117964920 bytes)...
[M::process] read chunk (117964800 bytes/CG x 1 CGs, 117964920 bytes)...
[M::process] read chunk (117964800 bytes/CG x 1 CGs, 117964920 bytes)...
[M::process] read chunk (117964800 bytes/CG x 1 CGs, 117964540 bytes)...
[M::process] read chunk (117964800 bytes/CG x 1 CGs, 117964540 bytes)...
[M::process] read chunk (117964800 bytes/CG x 1 CGs, 117964920 bytes)...
[M::process] read chunk (117964800 bytes/CG x 1 CGs, 117964920 bytes)...
[M::process] read chunk (117964800 bytes/CG x 1 CGs, 117964540 bytes)...
[M::process] read chunk (117964800 bytes/CG x 1 CGs, 117964920 bytes)...
[DBG stage1] slow fread: R1 offset=235929860 requested=117964736 read=117964736 elapsed=4.090 s
[DBG stage1] slow fread: R1 offset=353894596 requested=117964768 read=117964768 elapsed=4.054 s
[DBG stage1] slow fread: R1 offset=117965124 requested=117964736 read=117964736 elapsed=4.137 s
[DBG stage1] slow fread: R1 offset=471859364 requested=117964920 read=117964920 elapsed=4.037 s
[DBG stage1] slow fread: R1 offset=0 requested=117965124 read=117965124 elapsed=4.375 s
[DBG stage1] slow fread: R1 offset=2123366724 requested=117964540 read=117964540 elapsed=4.403 s
[DBG stage1] slow fread: R1 offset=2595225644 requested=117964920 read=117964920 elapsed=4.336 s
[DBG stage1] slow fread: R1 offset=2359296184 requested=117964920 read=117964920 elapsed=4.359 s
[DBG stage1] slow fread: R1 offset=1415577964 requested=117964540 read=117964540 elapsed=4.380 s
[DBG stage1] slow fread: R1 offset=1651507424 requested=117964920 read=117964920 elapsed=4.312 s
[DBG stage1] slow fread: R1 offset=2477261104 requested=117964540 read=117964540 elapsed=4.344 s
[DBG stage1] slow fread: R1 offset=1533542504 requested=117964920 read=117964920 elapsed=4.349 s
[DBG stage1] slow fread: R1 offset=2241331264 requested=117964920 read=117964920 elapsed=4.398 s
[DBG stage1] slow fread: R1 offset=1769472344 requested=117964540 read=117964540 elapsed=4.306 s
[DBG stage1] slow fread: R1 offset=589824284 requested=117964540 read=117964540 elapsed=4.232 s
[DBG stage1] slow fread: R1 offset=1887436884 requested=117964920 read=117964920 elapsed=4.428 s
[DBG stage1] slow fread: R1 offset=2005401804 requested=117964920 read=117964920 elapsed=4.609 s
[DBG stage1] slow fread: R1 offset=1061683204 requested=117964920 read=117964920 elapsed=4.908 s
[DBG stage1] slow fread: R1 offset=707788824 requested=117964920 read=117964920 elapsed=4.848 s
[DBG stage1] slow fread: R1 offset=1179648124 requested=117964920 read=117964920 elapsed=4.924 s
[DBG stage1] slow fread: R1 offset=825753744 requested=117964920 read=117964920 elapsed=4.786 s
[DBG stage1] slow fread: R1 offset=2713190564 requested=117964920 read=117964920 elapsed=4.641 s
[DBG stage1] slow fread: R1 offset=943718664 requested=117964540 read=117964540 elapsed=4.903 s
[DBG stage1] slow fread: R1 offset=1297613044 requested=117964920 read=117964920 elapsed=5.099 s
[DBG stage1] slow fread: R2 offset=1533542504 requested=117964920 read=117964920 elapsed=4.407 s
step1 0x50000201d980
[DBG stage1] slow fread: R2 offset=1415577964 requested=117964540 read=117964540 elapsed=4.439 s
step1 0x50000201d980
[DBG stage1] slow fread: R2 offset=1651507424 requested=117964920 read=117964920 elapsed=4.405 s
step1 0x50000201d980
step2 get 0x50000201d980
step2 get 0x50000201d980
step2 get 0x50000201d980
[DBG stage1] slow fread: R2 offset=1887436884 requested=117964920 read=117964920 elapsed=4.400 s
step1 0x50000201d980
step2 get 0x50000201d980
[M::mem_process_seqs_merge2] CPE FASTQ formatting done
[DBG stage1] slow fread: R2 offset=1769472344 requested=117964540 read=117964540 elapsed=4.422 s
step1 0x50000201d980
[M::mem_process_seqs_merge2] CPE FASTQ formatting done
[M::mem_process_seqs_merge2] CPE FASTQ formatting done
step2 get 0x50000201d980
[M::mem_process_seqs_merge2] CPE FASTQ formatting done
[M::mem_process_seqs_merge2] CPE FASTQ formatting done
[M::process] read chunk (117964800 bytes/CG x 1 CGs, 117964920 bytes)...
[M::process] read chunk (117964800 bytes/CG x 1 CGs, 117964920 bytes)...
[DBG stage1] slow fread: R2 offset=2005401804 requested=117964920 read=117964920 elapsed=4.451 s
step1 0x50000201d980
step2 get 0x50000201d980
[DBG stage1] slow fread: R2 offset=2123366724 requested=117964540 read=117964540 elapsed=4.839 s
step1 0x50000201d980
step2 get 0x50000201d980
[M::mem_process_seqs_merge2] CPE FASTQ formatting done
[DBG stage1] slow fread: R2 offset=2241331264 requested=117964920 read=117964920 elapsed=4.847 s
step1 0x50000201d980
[M::mem_process_seqs_merge2] CPE FASTQ formatting done
step2 get 0x50000201d980
[DBG stage1] slow fread: R2 offset=2359296184 requested=117964920 read=117964920 elapsed=4.871 s
step1 0x50000201d980
step2 get 0x50000201d980
[M::process] read chunk (117964800 bytes/CG x 1 CGs, 117964920 bytes)...
[DBG stage1] slow fread: R2 offset=2477261104 requested=117964540 read=117964540 elapsed=4.878 s
step1 0x50000201d980
[M::mem_process_seqs_merge2] CPE FASTQ formatting done
step2 get 0x50000201d980
[M::process] read chunk (117964800 bytes/CG x 1 CGs, 117964920 bytes)...
[DBG stage1] slow fread: R2 offset=2595225644 requested=117964920 read=117964920 elapsed=4.901 s
step1 0x50000201d980
[M::process] read chunk (117964800 bytes/CG x 1 CGs, 117964540 bytes)...
[M::mem_process_seqs_merge2] CPE FASTQ formatting done
step2 get 0x50000201d980
[M::mem_process_seqs_merge2] CPE FASTQ formatting done
[M::mem_process_seqs_merge2] CPE FASTQ formatting done
[M::process] read chunk (117964800 bytes/CG x 1 CGs, 117964540 bytes)...
[M::process] read chunk (117964800 bytes/CG x 1 CGs, 117964920 bytes)...
[M::process] read chunk (117964800 bytes/CG x 1 CGs, 117964920 bytes)...
[M::process] read chunk (117964800 bytes/CG x 1 CGs, 117964920 bytes)...
[M::process] read chunk (117964800 bytes/CG x 1 CGs, 117964540 bytes)...
[DBG stage1] slow fread: R2 offset=235929860 requested=117964736 read=117964736 elapsed=5.703 s
step1 0x50000201d980
[DBG stage1] slow fread: R2 offset=117965124 requested=117964736 read=117964736 elapsed=5.699 s
step1 0x50000201d980
step2 get 0x50000201d980
step2 get 0x50000201d980
[DBG stage1] slow fread: R2 offset=353894596 requested=117964768 read=117964768 elapsed=5.717 s
step1 0x50000201d980
step2 get 0x50000201d980
[M::mem_process_seqs_merge2] CPE FASTQ formatting done
[M::mem_process_seqs_merge2] CPE FASTQ formatting done
[DBG stage1] slow fread: R2 offset=471859364 requested=117964920 read=117964920 elapsed=5.720 s
step1 0x50000201d980
[DBG stage1] slow fread: R2 offset=1061683204 requested=117964920 read=117964920 elapsed=5.025 s
step1 0x50000201d980
step2 get 0x50000201d980
step2 get 0x50000201d980
[M::mem_process_seqs_merge2] CPE FASTQ formatting done
[DBG stage1] slow fread: R2 offset=1179648124 requested=117964920 read=117964920 elapsed=5.047 s
step1 0x50000201d980
step2 get 0x50000201d980
[M::mem_process_seqs_merge2] CPE FASTQ formatting done
[M::mem_process_seqs_merge2] CPE FASTQ formatting done
[M::process] read chunk (117964800 bytes/CG x 1 CGs, 117964920 bytes)...
[DBG stage1] slow fread: R2 offset=0 requested=117965124 read=117965124 elapsed=5.725 s
step1 0x50000201d980
[M::process] read chunk (117964800 bytes/CG x 1 CGs, 117964920 bytes)...
[DBG stage1] slow fread: R2 offset=707788824 requested=117964920 read=117964920 elapsed=5.049 s
step1 0x50000201d980
step2 get 0x50000201d980
[M::mem_process_seqs_merge2] CPE FASTQ formatting done
step2 get 0x50000201d980
[M::process] read chunk (117964800 bytes/CG x 1 CGs, 117964540 bytes)...
[DBG stage1] slow fread: R2 offset=943718664 requested=117964540 read=117964540 elapsed=5.057 s
step1 0x50000201d980
step2 get 0x50000201d980
[DBG stage1] slow fread: R2 offset=825753744 requested=117964920 read=117964920 elapsed=5.083 s
step1 0x50000201d980
[M::process] read chunk (117964800 bytes/CG x 1 CGs, 117964920 bytes)...
[M::mem_process_seqs_merge2] CPE FASTQ formatting done
[M::mem_process_seqs_merge2] CPE FASTQ formatting done
step2 get 0x50000201d980
[M::mem_process_seqs_merge2] CPE FASTQ formatting done
[DBG stage1] slow fread: R2 offset=2713190564 requested=117964920 read=117964920 elapsed=4.966 s
step1 0x50000201d980
[M::mem_process_seqs_merge2] CPE FASTQ formatting done
step2 get 0x50000201d980
[M::process] read chunk (117964800 bytes/CG x 1 CGs, 117964736 bytes)...
[M::mem_process_seqs_merge2] CPE FASTQ formatting done
[M::process] read chunk (117964800 bytes/CG x 1 CGs, 117964920 bytes)...
[M::process] read chunk (117964800 bytes/CG x 1 CGs, 117964920 bytes)...
[M::process] read chunk (117964800 bytes/CG x 1 CGs, 117965112 bytes)...
[DBG stage1] slow fread: R2 offset=589824284 requested=117964540 read=117964540 elapsed=5.707 s
step1 0x50000201d980
step2 get 0x50000201d980
[M::process] read chunk (117964800 bytes/CG x 1 CGs, 117964768 bytes)...
[M::mem_process_seqs_merge2] CPE FASTQ formatting done
[DBG stage1] slow fread: R2 offset=1297613044 requested=117964920 read=117964920 elapsed=5.189 s
step1 0x50000201d980
step2 get 0x50000201d980
[M::process] read chunk (117964800 bytes/CG x 1 CGs, 117964540 bytes)...
[M::process] read chunk (117964800 bytes/CG x 1 CGs, 117964752 bytes)...
[M::mem_process_seqs_merge2] CPE FASTQ formatting done
[M::process] read chunk (117964800 bytes/CG x 1 CGs, 117964920 bytes)...
[M::process] read chunk (117964800 bytes/CG x 1 CGs, 117964540 bytes)...
[M::process] read chunk (117964800 bytes/CG x 1 CGs, 117964540 bytes)...
[DBG stage1] slow fread: R1 offset=4364697612 requested=117964920 read=117964920 elapsed=5.835 s
[DBG stage1] slow fread: R1 offset=4482662532 requested=117964920 read=117964920 elapsed=5.861 s
[DBG stage1] slow fread: R1 offset=4718592372 requested=117964540 read=117964540 elapsed=5.900 s
[DBG stage1] slow fread: R1 offset=4836556912 requested=117964920 read=117964920 elapsed=5.962 s
[DBG stage1] slow fread: R1 offset=5072486752 requested=117964540 read=117964540 elapsed=5.799 s
[DBG stage1] slow fread: R1 offset=5190451292 requested=117964920 read=117964920 elapsed=5.791 s
[DBG stage1] slow fread: R1 offset=5308416212 requested=117964920 read=117964920 elapsed=5.821 s
[DBG stage1] slow fread: R1 offset=5426381132 requested=117964540 read=117964540 elapsed=5.812 s
[DBG stage1] slow fread: R1 offset=4600627452 requested=117964920 read=117964920 elapsed=6.053 s
[DBG stage1] slow fread: R1 offset=4954521832 requested=117964920 read=117964920 elapsed=6.088 s
[DBG stage1] slow fread: R1 offset=3067084944 requested=117964920 read=117964920 elapsed=5.689 s
[DBG stage1] slow fread: R1 offset=3185049864 requested=117964540 read=117964540 elapsed=5.780 s
[DBG stage1] slow fread: R1 offset=3303014404 requested=117964920 read=117964920 elapsed=5.749 s
[DBG stage1] slow fread: R1 offset=4010803568 requested=117964736 read=117964736 elapsed=5.857 s
[DBG stage1] slow fread: R1 offset=2949120024 requested=117964920 read=117964920 elapsed=5.790 s
[DBG stage1] slow fread: R1 offset=3420979324 requested=117964920 read=117964920 elapsed=5.788 s
[DBG stage1] slow fread: R1 offset=5544345672 requested=117964920 read=117964920 elapsed=6.146 s
[DBG stage1] slow fread: R1 offset=3892838456 requested=117965112 read=117965112 elapsed=5.834 s
[DBG stage1] slow fread: R1 offset=4128768304 requested=117964768 read=117964768 elapsed=5.859 s
[DBG stage1] slow fread: R1 offset=3774873704 requested=117964752 read=117964752 elapsed=5.856 s
[DBG stage1] slow fread: R1 offset=3656909164 requested=117964540 read=117964540 elapsed=5.972 s
[DBG stage1] slow fread: R1 offset=3538944244 requested=117964920 read=117964920 elapsed=5.971 s
[DBG stage1] slow fread: R1 offset=2831155484 requested=117964540 read=117964540 elapsed=5.817 s
[DBG stage1] slow fread: R1 offset=4246733072 requested=117964540 read=117964540 elapsed=6.064 s
[DBG stage1] slow fread: R2 offset=4482662532 requested=117964920 read=117964920 elapsed=5.734 s
step1 0x50000201d9d0
[DBG stage1] slow fread: R2 offset=4364697612 requested=117964920 read=117964920 elapsed=5.786 s
step1 0x50000201d9d0
[DBG stage1] slow fread: R2 offset=4718592372 requested=117964540 read=117964540 elapsed=5.637 s
step1 0x50000201d9d0
[DBG stage1] slow fread: R2 offset=4836556912 requested=117964920 read=117964920 elapsed=5.628 s
step1 0x50000201d9d0
[DBG stage1] slow fread: R2 offset=4954521832 requested=117964920 read=117964920 elapsed=5.398 s
step1 0x50000201d9d0
[DBG stage1] slow fread: R2 offset=4600627452 requested=117964920 read=117964920 elapsed=5.586 s
step1 0x50000201d9d0
[DBG stage1] slow fread: R2 offset=5190451292 requested=117964920 read=117964920 elapsed=5.891 s
step1 0x50000201d9d0
[DBG stage1] slow fread: R2 offset=5072486752 requested=117964540 read=117964540 elapsed=5.896 s
step1 0x50000201d9d0
[DBG stage1] slow fread: R2 offset=5308416212 requested=117964920 read=117964920 elapsed=5.841 s
step1 0x50000201d9d0
[DBG stage1] slow fread: R2 offset=5426381132 requested=117964540 read=117964540 elapsed=5.836 s
step1 0x50000201d9d0
[DBG stage1] slow fread: R2 offset=5544345672 requested=117964920 read=117964920 elapsed=5.419 s
step1 0x50000201d9d0
[DBG stage1] slow fread: R2 offset=2831155484 requested=117964540 read=117964540 elapsed=5.151 s
step1 0x50000201d9d0
[DBG stage1] slow fread: R2 offset=3067084944 requested=117964920 read=117964920 elapsed=5.975 s
step1 0x50000201d9d0
[DBG stage1] slow fread: R2 offset=3303014404 requested=117964920 read=117964920 elapsed=5.893 s
step1 0x50000201d9d0
[DBG stage1] slow fread: R2 offset=3185049864 requested=117964540 read=117964540 elapsed=5.923 s
step1 0x50000201d9d0
[DBG stage1] slow fread: R2 offset=2949120024 requested=117964920 read=117964920 elapsed=5.805 s
step1 0x50000201d9d0
[DBG stage1] slow fread: R2 offset=3420979324 requested=117964920 read=117964920 elapsed=5.802 s
step1 0x50000201d9d0
[DBG stage1] slow fread: R2 offset=3538944244 requested=117964920 read=117964920 elapsed=5.354 s
step1 0x50000201d9d0
[DBG stage1] slow fread: R2 offset=4010803568 requested=117964736 read=117964736 elapsed=6.055 s
step1 0x50000201d9d0
[DBG stage1] slow fread: R2 offset=3892838456 requested=117965112 read=117965112 elapsed=6.039 s
step1 0x50000201d9d0
[DBG stage1] slow fread: R2 offset=4128768304 requested=117964768 read=117964768 elapsed=6.024 s
step1 0x50000201d9d0
[DBG stage1] slow fread: R2 offset=3774873704 requested=117964752 read=117964752 elapsed=5.963 s
step1 0x50000201d9d0
[DBG stage1] slow fread: R2 offset=3656909164 requested=117964540 read=117964540 elapsed=5.970 s
step1 0x50000201d9d0
[DBG stage1] slow fread: R2 offset=4246733072 requested=117964540 read=117964540 elapsed=5.660 s
step1 0x50000201d9d0
slave pre done
now n is 620868
slave pre done
now n is 620868
processed 620868
[M::mem_process_seqs_merge2] Processed 620868 reads in 1.760 CPU sec, 29.631 real sec
step2 put 0x50000201d980
step2 get 0x50000201d9d0
step3 0x50000201d980
processed 620868
[M::mem_process_seqs_merge2] Processed 620868 reads in 1.490 CPU sec, 29.711 real sec
step2 put 0x50000201d980
step2 get 0x50000201d9d0
[M::mem_process_seqs_merge2] CPE FASTQ formatting done
step3 0x50000201d980
slave pre done
now n is 620868
[M::mem_process_seqs_merge2] CPE FASTQ formatting done
[M::process] read chunk (117964800 bytes/CG x 1 CGs, 117964752 bytes)...
[M::process] read chunk (117964800 bytes/CG x 1 CGs, 117964920 bytes)...
processed 620868
[M::mem_process_seqs_merge2] Processed 620868 reads in 1.670 CPU sec, 29.821 real sec
step2 put 0x50000201d980
step2 get 0x50000201d9d0
slave pre done
now n is 620866
step3 0x50000201d980
[M::mem_process_seqs_merge2] CPE FASTQ formatting done
slave pre done
now n is 620866
processed 620866
[M::mem_process_seqs_merge2] Processed 620866 reads in 1.400 CPU sec, 30.021 real sec
step2 put 0x50000201d980
step2 get 0x50000201d9d0
step3 0x50000201d980
processed 620866
[M::mem_process_seqs_merge2] Processed 620866 reads in 2.090 CPU sec, 30.012 real sec
step2 put 0x50000201d980
step2 get 0x50000201d9d0
[M::mem_process_seqs_merge2] CPE FASTQ formatting done
step3 0x50000201d980
slave pre done
now n is 620868
[M::mem_process_seqs_merge2] CPE FASTQ formatting done
slave pre done
now n is 620868
[M::process] read chunk (117964800 bytes/CG x 1 CGs, 117964736 bytes)...
slave pre done
now n is 620866
[M::process] read chunk (117964800 bytes/CG x 1 CGs, 117964736 bytes)...
processed 620868
[M::mem_process_seqs_merge2] Processed 620868 reads in 1.640 CPU sec, 29.791 real sec
step2 put 0x50000201d980
step2 get 0x50000201d9d0
[M::process] read chunk (117964800 bytes/CG x 1 CGs, 117964540 bytes)...
processed 620868
[M::mem_process_seqs_merge2] Processed 620868 reads in 1.790 CPU sec, 30.011 real sec
step2 put 0x50000201d980
step2 get 0x50000201d9d0
step3 0x50000201d980
step3 0x50000201d980
processed 620866
[M::mem_process_seqs_merge2] Processed 620866 reads in 1.310 CPU sec, 30.041 real sec
step2 put 0x50000201d980
step2 get 0x50000201d9d0
[M::mem_process_seqs_merge2] CPE FASTQ formatting done
step3 0x50000201d980
[M::mem_process_seqs_merge2] CPE FASTQ formatting done
slave pre done
now n is 622080
[M::mem_process_seqs_merge2] CPE FASTQ formatting done
slave pre done
now n is 620868
slave pre done
now n is 620868
processed 622080
[M::mem_process_seqs_merge2] Processed 622080 reads in 1.580 CPU sec, 29.592 real sec
step2 put 0x50000201d980
step2 get 0x50000201d9d0
step3 0x50000201d980
slave pre done
now n is 620868
[M::process] read chunk (117964800 bytes/CG x 1 CGs, 117964920 bytes)...
[M::process] read chunk (117964800 bytes/CG x 1 CGs, 117964920 bytes)...
[M::mem_process_seqs_merge2] CPE FASTQ formatting done
processed 620868
[M::mem_process_seqs_merge2] Processed 620868 reads in 1.850 CPU sec, 29.651 real sec
step2 put 0x50000201d980
step2 get 0x50000201d9d0
slave pre done
now n is 620868
processed 620868
[M::mem_process_seqs_merge2] Processed 620868 reads in 1.850 CPU sec, 30.211 real sec
step2 put 0x50000201d980
step2 get 0x50000201d9d0
step3 0x50000201d980
step3 0x50000201d980
[M::process] read chunk (117964800 bytes/CG x 1 CGs, 117964920 bytes)...
processed 620868
[M::mem_process_seqs_merge2] Processed 620868 reads in 1.670 CPU sec, 30.321 real sec
step2 put 0x50000201d980
step2 get 0x50000201d9d0
[M::mem_process_seqs_merge2] CPE FASTQ formatting done
[M::mem_process_seqs_merge2] CPE FASTQ formatting done
step3 0x50000201d980
[M::mem_process_seqs_merge2] CPE FASTQ formatting done
processed 620868
[M::mem_process_seqs_merge2] Processed 620868 reads in 1.340 CPU sec, 29.581 real sec
step2 put 0x50000201d980
step2 get 0x50000201d9d0
[M::process] read chunk (117964800 bytes/CG x 1 CGs, 117964920 bytes)...
step3 0x50000201d980
[M::process] read chunk (117964800 bytes/CG x 1 CGs, 117964764 bytes)...
[M::mem_process_seqs_merge2] CPE FASTQ formatting done
[M::process] read chunk (117964800 bytes/CG x 1 CGs, 117964920 bytes)...
[M::process] read chunk (117964800 bytes/CG x 1 CGs, 117964920 bytes)...
slave pre done
now n is 620868
[M::process] read chunk (117964800 bytes/CG x 1 CGs, 117964920 bytes)...
slave pre done
now n is 620866
slave pre done
now n is 620866
processed 620868
[M::mem_process_seqs_merge2] Processed 620868 reads in 1.590 CPU sec, 30.132 real sec
step2 put 0x50000201d980
step2 get 0x50000201d9d0
step3 0x50000201d980
slave pre done
now n is 620868
slave pre done
now n is 620868
processed 620866
[M::mem_process_seqs_merge2] Processed 620866 reads in 1.790 CPU sec, 29.831 real sec
step2 put 0x50000201d980
step2 get 0x50000201d9d0
step3 0x50000201d980
slave pre done
now n is 627472
[M::mem_process_seqs_merge2] CPE FASTQ formatting done
processed 620866
[M::mem_process_seqs_merge2] Processed 620866 reads in 1.990 CPU sec, 30.871 real sec
step2 put 0x50000201d980
step2 get 0x50000201d9d0
step3 0x50000201d980
[M::mem_process_seqs_merge2] CPE FASTQ formatting done
processed 620868
[M::mem_process_seqs_merge2] Processed 620868 reads in 1.530 CPU sec, 30.402 real sec
step2 put 0x50000201d980
step2 get 0x50000201d9d0
slave pre done
now n is 627472
[M::mem_process_seqs_merge2] CPE FASTQ formatting done
processed 620868
[M::mem_process_seqs_merge2] Processed 620868 reads in 1.800 CPU sec, 30.151 real sec
step2 put 0x50000201d980
step2 get 0x50000201d9d0
step3 0x50000201d980
step3 0x50000201d980
processed 627472
[M::mem_process_seqs_merge2] Processed 627472 reads in 1.870 CPU sec, 30.561 real sec
step2 put 0x50000201d980
step2 get 0x50000201d9d0
[M::process] read chunk (117964800 bytes/CG x 1 CGs, 117964920 bytes)...
slave pre done
now n is 620868
[M::mem_process_seqs_merge2] CPE FASTQ formatting done
step3 0x50000201d980
[M::mem_process_seqs_merge2] CPE FASTQ formatting done
processed 627472
[M::mem_process_seqs_merge2] Processed 627472 reads in 1.920 CPU sec, 30.652 real sec
step2 put 0x50000201d980
step2 get 0x50000201d9d0
[M::mem_process_seqs_merge2] CPE FASTQ formatting done
step3 0x50000201d980
slave pre done
now n is 620868
[M::mem_process_seqs_merge2] CPE FASTQ formatting done
processed 620868
[M::mem_process_seqs_merge2] Processed 620868 reads in 1.690 CPU sec, 30.551 real sec
step2 put 0x50000201d980
step2 get 0x50000201d9d0
step3 0x50000201d980
[M::process] read chunk (117964800 bytes/CG x 1 CGs, 117964540 bytes)...
[M::mem_process_seqs_merge2] CPE FASTQ formatting done
processed 620868
[M::mem_process_seqs_merge2] Processed 620868 reads in 2.040 CPU sec, 30.122 real sec
step2 put 0x50000201d980
[M::process] read chunk (117964800 bytes/CG x 1 CGs, 117964540 bytes)...
step2 get 0x50000201d9d0
step3 0x50000201d980
[M::mem_process_seqs_merge2] CPE FASTQ formatting done
[M::process] read chunk (117964800 bytes/CG x 1 CGs, 117964920 bytes)...
[M::process] read chunk (117964800 bytes/CG x 1 CGs, 117964540 bytes)...
[M::process] read chunk (117964800 bytes/CG x 1 CGs, 117964540 bytes)...
[M::process] read chunk (117964800 bytes/CG x 1 CGs, 117964920 bytes)...
slave pre done
now n is 620866
[M::process] read chunk (117964800 bytes/CG x 1 CGs, 117964540 bytes)...
processed 620866
[M::mem_process_seqs_merge2] Processed 620866 reads in 1.860 CPU sec, 30.851 real sec
step2 put 0x50000201d980
step2 get 0x50000201d9d0
step3 0x50000201d980
[M::process] read chunk (117964800 bytes/CG x 1 CGs, 117964920 bytes)...
[M::mem_process_seqs_merge2] CPE FASTQ formatting done
[M::process] read chunk (117964800 bytes/CG x 1 CGs, 117964920 bytes)...
[DBG stage1] slow fread: R1 offset=6252134432 requested=117964920 read=117964920 elapsed=3.391 s
[DBG stage1] slow fread: R1 offset=6370099352 requested=117964920 read=117964920 elapsed=3.746 s
[DBG stage1] slow fread: R1 offset=7549747412 requested=117964752 read=117964752 elapsed=5.896 s
[DBG stage1] slow fread: R1 offset=7431782492 requested=117964920 read=117964920 elapsed=5.904 s
[DBG stage1] slow fread: R1 offset=6723993732 requested=117964920 read=117964920 elapsed=4.818 s
[DBG stage1] slow fread: R1 offset=7667712164 requested=117964736 read=117964736 elapsed=5.993 s
[DBG stage1] slow fread: R1 offset=7785676900 requested=117964736 read=117964736 elapsed=6.009 s
[DBG stage1] slow fread: R1 offset=7313817952 requested=117964540 read=117964540 elapsed=5.990 s
[DBG stage1] slow fread: R1 offset=6016204972 requested=117964920 read=117964920 elapsed=4.534 s
[DBG stage1] slow fread: R1 offset=6134169892 requested=117964540 read=117964540 elapsed=4.530 s
[DBG stage1] slow fread: R1 offset=6488064272 requested=117964540 read=117964540 elapsed=4.807 s
[DBG stage1] slow fread: R1 offset=5662310592 requested=117964920 read=117964920 elapsed=5.940 s
[DBG stage1] slow fread: R1 offset=8021606400 requested=117964920 read=117964920 elapsed=5.970 s
[DBG stage1] slow fread: R1 offset=7903641636 requested=117964764 read=117964764 elapsed=5.922 s
[DBG stage1] slow fread: R1 offset=8139571320 requested=117964920 read=117964920 elapsed=5.986 s
[DBG stage1] slow fread: R1 offset=8257536240 requested=117964920 read=117964920 elapsed=6.002 s
[DBG stage1] slow fread: R1 offset=6606028812 requested=117964920 read=117964920 elapsed=6.173 s
[DBG stage1] slow fread: R1 offset=5780275512 requested=117964540 read=117964540 elapsed=6.039 s
[DBG stage1] slow fread: R1 offset=6959923572 requested=117964540 read=117964540 elapsed=6.234 s
[DBG stage1] slow fread: R1 offset=7077888112 requested=117964920 read=117964920 elapsed=6.317 s
[DBG stage1] slow fread: R1 offset=8375501160 requested=117964540 read=117964540 elapsed=6.252 s
[DBG stage1] slow fread: R1 offset=6841958652 requested=117964920 read=117964920 elapsed=6.244 s
slave pre done
now n is 629838
processed 629838
[M::mem_process_seqs_merge2] Processed 629838 reads in 1.760 CPU sec, 37.411 real sec
step2 put 0x50000201d980
step2 get 0x50000201d9d0
step3 0x50000201d980
[M::mem_process_seqs_merge2] CPE FASTQ formatting done
[DBG stage1] slow fread: R1 offset=7195853032 requested=117964920 read=117964920 elapsed=6.409 s
[M::process] read chunk (117964800 bytes/CG x 1 CGs, 117964920 bytes)...
[DBG stage1] slow fread: R2 offset=6252134432 requested=117964920 read=117964920 elapsed=4.830 s
step1 0x500002775d00
[DBG stage1] slow fread: R2 offset=6370099352 requested=117964920 read=117964920 elapsed=5.044 s
step1 0x500002774d00
[DBG stage1] slow fread: R2 offset=6016204972 requested=117964920 read=117964920 elapsed=4.700 s
step1 0x500002775d00
[DBG stage1] slow fread: R2 offset=6134169892 requested=117964540 read=117964540 elapsed=4.702 s
step1 0x500002775500
[DBG stage1] slow fread: R2 offset=6488064272 requested=117964540 read=117964540 elapsed=4.699 s
step1 0x500002775d00
[DBG stage1] slow fread: R1 offset=5898240052 requested=117964920 read=117964920 elapsed=2.910 s
[DBG stage1] slow fread: R2 offset=7549747412 requested=117964752 read=117964752 elapsed=6.082 s
step1 0x500002775500
[DBG stage1] slow fread: R2 offset=6723993732 requested=117964920 read=117964920 elapsed=6.106 s
step1 0x500002775d00
[DBG stage1] slow fread: R2 offset=7431782492 requested=117964920 read=117964920 elapsed=6.226 s
step1 0x500002775d00
[DBG stage1] slow fread: R2 offset=7667712164 requested=117964736 read=117964736 elapsed=5.947 s
step1 0x500002775d00
[DBG stage1] slow fread: R2 offset=5662310592 requested=117964920 read=117964920 elapsed=5.828 s
step1 0x500002775d00
[DBG stage1] slow fread: R2 offset=7785676900 requested=117964736 read=117964736 elapsed=5.912 s
step1 0x500002775d00
[DBG stage1] slow fread: R2 offset=7313817952 requested=117964540 read=117964540 elapsed=5.915 s
step1 0x500002774d00
[DBG stage1] slow fread: R2 offset=7903641636 requested=117964764 read=117964764 elapsed=5.480 s
step1 0x500002775500
[DBG stage1] slow fread: R2 offset=8021606400 requested=117964920 read=117964920 elapsed=5.803 s
step1 0x500002775d00
[DBG stage1] slow fread: R2 offset=8139571320 requested=117964920 read=117964920 elapsed=5.651 s
step1 0x500002775500
[DBG stage1] slow fread: R2 offset=5898240052 requested=117964920 read=117964920 elapsed=1.010 s
step1 0x500002eebd00
[DBG stage1] slow fread: R2 offset=8257536240 requested=117964920 read=117964920 elapsed=5.523 s
step1 0x500002775d00
[DBG stage1] slow fread: R2 offset=5780275512 requested=117964540 read=117964540 elapsed=5.020 s
step1 0x500002775500
[DBG stage1] slow fread: R2 offset=8375501160 requested=117964540 read=117964540 elapsed=4.765 s
step1 0x500002775500
[DBG stage1] slow fread: R2 offset=6606028812 requested=117964920 read=117964920 elapsed=5.792 s
step1 0x500002775500
[DBG stage1] slow fread: R2 offset=6959923572 requested=117964540 read=117964540 elapsed=5.663 s
step1 0x500002775d00
[DBG stage1] slow fread: R2 offset=7077888112 requested=117964920 read=117964920 elapsed=5.547 s
step1 0x500002775500
[DBG stage1] slow fread: R2 offset=6841958652 requested=117964920 read=117964920 elapsed=5.433 s
step1 0x500002774d00
[DBG stage1] slow fread: R2 offset=7195853032 requested=117964920 read=117964920 elapsed=5.206 s
step1 0x500002775d00
slave pre done
now n is 620868
slave pre done
now n is 620868
processed 620868
[M::mem_process_seqs_merge2] Processed 620868 reads in 2.960 CPU sec, 29.899 real sec
step2 put 0x50000201d9d0
step2 get 0x500002775500
step3 0x50000201d9d0
[M::mem_process_seqs_merge2] CPE FASTQ formatting done
processed 620868
[M::mem_process_seqs_merge2] Processed 620868 reads in 3.060 CPU sec, 29.929 real sec
step2 put 0x50000201d9d0
step2 get 0x500002775d00
step3 0x50000201d9d0
[M::process] read chunk (117964800 bytes/CG x 1 CGs, 117964920 bytes)...
[M::mem_process_seqs_merge2] CPE FASTQ formatting done
[M::process] read chunk (117964800 bytes/CG x 1 CGs, 117964920 bytes)...
slave pre done
now n is 620868
slave pre done
now n is 620868
slave pre done
now n is 620868
processed 620868
[M::mem_process_seqs_merge2] Processed 620868 reads in 2.800 CPU sec, 29.801 real sec
step2 put 0x50000201d9d0
step2 get 0x500002775d00
processed 620868
processed 620868
[M::mem_process_seqs_merge2] Processed 620868 reads in 2.490 CPU sec, 30.061 real sec
step2 put 0x50000201d9d0
step2 get 0x500002774d00
step3 0x50000201d9d0
[M::mem_process_seqs_merge2] Processed 620868 reads in 2.600 CPU sec, 29.451 real sec
step2 put 0x50000201d9d0
step2 get 0x500002774d00
slave pre done
now n is 620868
step3 0x50000201d9d0
step3 0x50000201d9d0
[M::mem_process_seqs_merge2] CPE FASTQ formatting done
slave pre done
now n is 620866
[M::mem_process_seqs_merge2] CPE FASTQ formatting done
[M::mem_process_seqs_merge2] CPE FASTQ formatting done
processed 620868
[M::mem_process_seqs_merge2] Processed 620868 reads in 2.970 CPU sec, 30.359 real sec
step2 put 0x50000201d9d0
step2 get 0x500002775d00
step3 0x50000201d9d0
[M::process] read chunk (117964800 bytes/CG x 1 CGs, 117964920 bytes)...
[M::process] read chunk (117964800 bytes/CG x 1 CGs, 117964920 bytes)...
processed 620866
[M::process] read chunk (117964800 bytes/CG x 1 CGs, 117964920 bytes)...
[M::mem_process_seqs_merge2] Processed 620866 reads in 3.380 CPU sec, 30.209 real sec
step2 put 0x50000201d9d0
step2 get 0x500002775d00
[M::mem_process_seqs_merge2] CPE FASTQ formatting done
step3 0x50000201d9d0
slave pre done
now n is 620868
[M::mem_process_seqs_merge2] CPE FASTQ formatting done
[M::process] read chunk (117964800 bytes/CG x 1 CGs, 117964540 bytes)...
slave pre done
now n is 620868
slave pre done
now n is 620868
slave pre done
now n is 620868
processed 620868
[M::mem_process_seqs_merge2] Processed 620868 reads in 2.910 CPU sec, 30.251 real sec
step2 put 0x50000201d9d0
step2 get 0x500002775500
step3 0x50000201d9d0
slave pre done
now n is 620866
slave pre done
now n is 620866
processed 620868
[M::mem_process_seqs_merge2] Processed 620868 reads in 2.910 CPU sec, 30.039 real sec
step2 put 0x50000201d9d0
step2 get 0x500002775d00
step3 0x50000201d9d0
[M::mem_process_seqs_merge2] CPE FASTQ formatting done
processed 620868
[M::mem_process_seqs_merge2] Processed 620868 reads in 2.640 CPU sec, 29.959 real sec
step2 put 0x50000201d9d0
step2 get 0x500002775500
processed 620868
[M::mem_process_seqs_merge2] Processed 620868 reads in 3.120 CPU sec, 30.031 real sec
step2 put 0x50000201d9d0
step2 get 0x500002775d00
[M::mem_process_seqs_merge2] CPE FASTQ formatting done
step3 0x50000201d9d0
step3 0x50000201d9d0
[M::process] read chunk (117964800 bytes/CG x 1 CGs, 117964920 bytes)...
processed 620866
[M::mem_process_seqs_merge2] Processed 620866 reads in 2.930 CPU sec, 29.380 real sec
processed 620866
[M::mem_process_seqs_merge2] Processed 620866 reads in 2.470 CPU sec, 30.369 real sec
step2 put 0x50000201d9d0
step2 get 0x500002775d00
step3 0x50000201d9d0
[M::mem_process_seqs_merge2] CPE FASTQ formatting done
step2 put 0x50000201d9d0
step2 get 0x500002775500
step3 0x50000201d9d0
[M::mem_process_seqs_merge2] CPE FASTQ formatting done
[M::mem_process_seqs_merge2] CPE FASTQ formatting done
[M::process] read chunk (117964800 bytes/CG x 1 CGs, 117964920 bytes)...
[M::mem_process_seqs_merge2] CPE FASTQ formatting done
[M::process] read chunk (117964800 bytes/CG x 1 CGs, 117964920 bytes)...
[M::process] read chunk (117964800 bytes/CG x 1 CGs, 117964540 bytes)...
[M::process] read chunk (117964800 bytes/CG x 1 CGs, 117964920 bytes)...
slave pre done
now n is 623238
slave pre done
now n is 620868
processed 623238
[M::mem_process_seqs_merge2] Processed 623238 reads in 2.870 CPU sec, 29.661 real sec
step2 put 0x50000201d9d0
step2 get 0x500002775500
slave pre done
now n is 620866
[M::process] read chunk (117964800 bytes/CG x 1 CGs, 117964920 bytes)...
step3 0x50000201d9d0
[M::mem_process_seqs_merge2] CPE FASTQ formatting done
processed 620868
[M::mem_process_seqs_merge2] Processed 620868 reads in 2.670 CPU sec, 30.081 real sec
step2 put 0x50000201d9d0
step2 get 0x500002775d00
step3 0x50000201d9d0
processed 620866
[M::mem_process_seqs_merge2] Processed 620866 reads in 2.740 CPU sec, 29.991 real sec
step2 put 0x50000201d9d0
step2 get 0x500002775500
[M::process] read chunk (117964800 bytes/CG x 1 CGs, 117964920 bytes)...
step3 0x50000201d9d0
[M::mem_process_seqs_merge2] CPE FASTQ formatting done
slave pre done
now n is 620866
slave pre done
now n is 620866
[M::mem_process_seqs_merge2] CPE FASTQ formatting done
[M::process] read chunk (117964800 bytes/CG x 1 CGs, 117964920 bytes)...
slave pre done
now n is 620866
processed 620866
[M::mem_process_seqs_merge2] Processed 620866 reads in 2.570 CPU sec, 30.329 real sec
step2 put 0x50000201d9d0
step2 get 0x500002775500
[M::process] read chunk (117964800 bytes/CG x 1 CGs, 117964540 bytes)...
step3 0x50000201d9d0
processed 620866
[M::mem_process_seqs_merge2] Processed 620866 reads in 3.280 CPU sec, 29.908 real sec
step2 put 0x50000201d9d0
step2 get 0x500002775d00
step3 0x50000201d9d0
processed 620866
[M::mem_process_seqs_merge2] Processed 620866 reads in 3.240 CPU sec, 30.119 real sec
step2 put 0x50000201d9d0
step2 get 0x500002775500
[M::mem_process_seqs_merge2] CPE FASTQ formatting done
[M::mem_process_seqs_merge2] CPE FASTQ formatting done
step3 0x50000201d9d0
[M::mem_process_seqs_merge2] CPE FASTQ formatting done
[M::process] read chunk (117964800 bytes/CG x 1 CGs, 117964540 bytes)...
slave pre done
now n is 620868
[M::process] read chunk (117964800 bytes/CG x 1 CGs, 117964920 bytes)...
[M::process] read chunk (117964800 bytes/CG x 1 CGs, 117964540 bytes)...
[M::process] read chunk (117964800 bytes/CG x 1 CGs, 117964540 bytes)...
processed 620868
[M::mem_process_seqs_merge2] Processed 620868 reads in 3.180 CPU sec, 30.451 real sec
step2 put 0x50000201d9d0
step2 get 0x500002775d00
step3 0x50000201d9d0
slave pre done
now n is 627472
[M::mem_process_seqs_merge2] CPE FASTQ formatting done
processed 627472
[M::mem_process_seqs_merge2] Processed 627472 reads in 2.780 CPU sec, 30.669 real sec
step2 put 0x50000201d9d0
step2 get 0x500002775d00
step3 0x50000201d9d0
[M::process] read chunk (117964800 bytes/CG x 1 CGs, 117964920 bytes)...
[M::mem_process_seqs_merge2] CPE FASTQ formatting done
[M::process] read chunk (117964800 bytes/CG x 1 CGs, 117964920 bytes)...
[DBG stage1] slow fread: R1 offset=9319219380 requested=117964920 read=117964920 elapsed=2.408 s
slave pre done
now n is 627474
processed 627474
[M::mem_process_seqs_merge2] Processed 627474 reads in 2.790 CPU sec, 31.372 real sec
step2 put 0x50000201d9d0
step2 get 0x500002774d00
step3 0x50000201d9d0
[M::mem_process_seqs_merge2] CPE FASTQ formatting done
[M::process] read chunk (117964800 bytes/CG x 1 CGs, 117964540 bytes)...
[DBG stage1] slow fread: R1 offset=9201254460 requested=117964920 read=117964920 elapsed=3.729 s
[DBG stage1] slow fread: R1 offset=10498867440 requested=117964920 read=117964920 elapsed=5.014 s
[DBG stage1] slow fread: R1 offset=10027008140 requested=117964920 read=117964920 elapsed=3.740 s
[DBG stage1] slow fread: R1 offset=10380902520 requested=117964920 read=117964920 elapsed=5.462 s
[DBG stage1] slow fread: R1 offset=8611430620 requested=117964920 read=117964920 elapsed=5.648 s
[DBG stage1] slow fread: R1 offset=10262937600 requested=117964920 read=117964920 elapsed=5.839 s
[DBG stage1] slow fread: R1 offset=10616832360 requested=117964540 read=117964540 elapsed=5.821 s
[DBG stage1] slow fread: R1 offset=10144973060 requested=117964540 read=117964540 elapsed=4.519 s
[DBG stage1] slow fread: R1 offset=9555148840 requested=117964920 read=117964920 elapsed=4.569 s
[DBG stage1] slow fread: R1 offset=10734796900 requested=117964920 read=117964920 elapsed=5.742 s
[DBG stage1] slow fread: R1 offset=9437184300 requested=117964540 read=117964540 elapsed=5.087 s
[DBG stage1] slow fread: R1 offset=9909043220 requested=117964920 read=117964920 elapsed=4.550 s
[DBG stage1] slow fread: R1 offset=10852761820 requested=117964920 read=117964920 elapsed=5.776 s
[DBG stage1] slow fread: R1 offset=9083289920 requested=117964540 read=117964540 elapsed=5.107 s
[DBG stage1] slow fread: R1 offset=11088691280 requested=117964920 read=117964920 elapsed=6.106 s
[DBG stage1] slow fread: R1 offset=10970726740 requested=117964540 read=117964540 elapsed=6.158 s
[DBG stage1] slow fread: R1 offset=8965325000 requested=117964920 read=117964920 elapsed=5.139 s
slave pre done
now n is 628678
[DBG stage1] slow fread: R1 offset=8493465700 requested=117964920 read=117964920 elapsed=6.094 s
processed 628678
[M::mem_process_seqs_merge2] Processed 628678 reads in 3.490 CPU sec, 36.669 real sec
step2 put 0x50000201d9d0
step2 get 0x500002775d00
step3 0x50000201d9d0
[M::process] read chunk (117964800 bytes/CG x 1 CGs, 117964920 bytes)...
[M::mem_process_seqs_merge2] CPE FASTQ formatting done
[DBG stage1] slow fread: R1 offset=8729395540 requested=117964540 read=117964540 elapsed=6.035 s
[DBG stage1] slow fread: R1 offset=11206656200 requested=117964920 read=117964920 elapsed=6.395 s
[DBG stage1] slow fread: R2 offset=9319219380 requested=117964920 read=117964920 elapsed=5.184 s
step1 0x50000201d980
[DBG stage1] slow fread: R1 offset=9791078680 requested=117964540 read=117964540 elapsed=5.061 s
slave pre done
now n is 620868
[DBG stage1] slow fread: R2 offset=9201254460 requested=117964920 read=117964920 elapsed=4.567 s
step1 0x50000201d980
processed 620868
[M::mem_process_seqs_merge2] Processed 620868 reads in 2.520 CPU sec, 30.651 real sec
step2 put 0x50000201d9d0
step2 get 0x500002eebd00
step3 0x50000201d9d0
[M::mem_process_seqs_merge2] CPE FASTQ formatting done
[M::process] read chunk (117964800 bytes/CG x 1 CGs, 117964920 bytes)...
[DBG stage1] slow fread: R2 offset=10498867440 requested=117964920 read=117964920 elapsed=5.768 s
step1 0x50000201d980
[DBG stage1] slow fread: R2 offset=10027008140 requested=117964920 read=117964920 elapsed=5.655 s
step1 0x50000201d980
[DBG stage1] slow fread: R2 offset=9437184300 requested=117964540 read=117964540 elapsed=4.159 s
step1 0x50000201d980
[DBG stage1] slow fread: R2 offset=10380902520 requested=117964920 read=117964920 elapsed=5.680 s
step1 0x50000201d980
[DBG stage1] slow fread: R2 offset=9083289920 requested=117964540 read=117964540 elapsed=4.026 s
step1 0x50000201d980
[DBG stage1] slow fread: R2 offset=8965325000 requested=117964920 read=117964920 elapsed=3.915 s
step1 0x50000201d980
[DBG stage1] slow fread: R1 offset=8847360080 requested=117964920 read=117964920 elapsed=2.431 s
[DBG stage1] slow fread: R2 offset=10616832360 requested=117964540 read=117964540 elapsed=5.412 s
step1 0x50000201d980
[DBG stage1] slow fread: R2 offset=8611430620 requested=117964920 read=117964920 elapsed=5.758 s
step1 0x50000201d980
[DBG stage1] slow fread: R2 offset=10262937600 requested=117964920 read=117964920 elapsed=5.595 s
step1 0x50000201d980
[DBG stage1] slow fread: R2 offset=10734796900 requested=117964920 read=117964920 elapsed=5.252 s
step1 0x50000201d980
[DBG stage1] slow fread: R2 offset=10852761820 requested=117964920 read=117964920 elapsed=4.936 s
step1 0x50000201d980
[DBG stage1] slow fread: R2 offset=10144973060 requested=117964540 read=117964540 elapsed=5.615 s
step1 0x50000201d980
[DBG stage1] slow fread: R2 offset=9555148840 requested=117964920 read=117964920 elapsed=5.573 s
step1 0x50000201d980
[DBG stage1] slow fread: R2 offset=9909043220 requested=117964920 read=117964920 elapsed=5.387 s
step1 0x50000201d980
[DBG stage1] slow fread: R1 offset=9673113760 requested=117964920 read=117964920 elapsed=5.003 s
step1 0x50000201d980
[DBG stage1] slow fread: R2 offset=11088691280 requested=117964920 read=117964920 elapsed=5.655 s
step1 0x50000201d980
[DBG stage1] slow fread: R2 offset=9791078680 requested=117964540 read=117964540 elapsed=4.153 s
step1 0x50000201d980
[DBG stage1] slow fread: R2 offset=8493465700 requested=117964920 read=117964920 elapsed=5.658 s
step1 0x50000201d980
[DBG stage1] slow fread: R2 offset=10970726740 requested=117964540 read=117964540 elapsed=5.605 s
step1 0x50000201d980
[DBG stage1] slow fread: R2 offset=8729395540 requested=117964540 read=117964540 elapsed=5.242 s
step1 0x50000201d980
[DBG stage1] slow fread: R2 offset=11206656200 requested=117964920 read=117964920 elapsed=5.261 s
step1 0x50000201d980
[DBG stage1] slow fread: R2 offset=9673113760 requested=117964920 read=117964920 elapsed=1.190 s
step1 0x50000201d980
slave pre done
now n is 620868
processed 620868
[M::mem_process_seqs_merge2] Processed 620868 reads in 2.860 CPU sec, 30.068 real sec
step2 put 0x500002775d00
step2 get 0x50000201d980
step3 0x500002775d00
[M::mem_process_seqs_merge2] CPE FASTQ formatting done
[M::process] read chunk (117964800 bytes/CG x 1 CGs, 117964920 bytes)...
slave pre done
now n is 620866
slave pre done
now n is 620868
slave pre done
now n is 620868
processed 620868
[M::mem_process_seqs_merge2] Processed 620868 reads in 3.120 CPU sec, 29.989 real sec
step2 put 0x500002775d00
step2 get 0x50000201d980
processed 620866
[M::mem_process_seqs_merge2] Processed 620866 reads in 2.700 CPU sec, 29.981 real sec
step2 put 0x500002774d00
step2 get 0x50000201d980
step3 0x500002774d00
step3 0x500002775d00
[M::mem_process_seqs_merge2] CPE FASTQ formatting done
[M::mem_process_seqs_merge2] CPE FASTQ formatting done
processed 620868
[M::mem_process_seqs_merge2] Processed 620868 reads in 3.120 CPU sec, 29.520 real sec
step2 put 0x500002775500
step2 get 0x50000201d980
step3 0x500002775500
slave pre done
now n is 624396
slave pre done
now n is 620868
[M::process] read chunk (117964800 bytes/CG x 1 CGs, 117964736 bytes)...
[M::mem_process_seqs_merge2] CPE FASTQ formatting done
[M::process] read chunk (117964800 bytes/CG x 1 CGs, 117964920 bytes)...
processed 620868
[M::mem_process_seqs_merge2] Processed 620868 reads in 2.810 CPU sec, 30.279 real sec
step2 put 0x500002774d00
step2 get 0x50000201d980
[M::process] read chunk (117964800 bytes/CG x 1 CGs, 117964920 bytes)...
processed 624396
[M::mem_process_seqs_merge2] Processed 624396 reads in 2.860 CPU sec, 29.851 real sec
step2 put 0x500002775500
step2 get 0x50000201d980
step3 0x500002774d00
slave pre done
now n is 620866
step3 0x500002775500
slave pre done
now n is 620868
[M::mem_process_seqs_merge2] CPE FASTQ formatting done
[M::mem_process_seqs_merge2] CPE FASTQ formatting done
processed 620866
[M::mem_process_seqs_merge2] Processed 620866 reads in 3.050 CPU sec, 29.811 real sec
step2 put 0x500002775500
step2 get 0x50000201d980
step3 0x500002775500
[M::process] read chunk (117964800 bytes/CG x 1 CGs, 117964920 bytes)...
processed 620868
[M::mem_process_seqs_merge2] Processed 620868 reads in 2.500 CPU sec, 29.861 real sec
step2 put 0x500002775d00
step2 get 0x50000201d980
step3 0x500002775d00
[M::mem_process_seqs_merge2] CPE FASTQ formatting done
slave pre done
now n is 620868
slave pre done
now n is 627472
[M::process] read chunk (117964800 bytes/CG x 1 CGs, 117964920 bytes)...
[M::mem_process_seqs_merge2] CPE FASTQ formatting done
slave pre done
now n is 620868
[M::process] read chunk (117964800 bytes/CG x 1 CGs, 117964736 bytes)...
processed 627472
[M::mem_process_seqs_merge2] Processed 627472 reads in 2.870 CPU sec, 30.559 real sec
step2 put 0x500002775d00
step2 get 0x50000201d980
processed 620868
[M::mem_process_seqs_merge2] Processed 620868 reads in 3.230 CPU sec, 30.121 real sec
step2 put 0x500002775d00
step2 get 0x50000201d980
step3 0x500002775d00
step3 0x500002775d00
[M::mem_process_seqs_merge2] CPE FASTQ formatting done
processed 620868
[M::mem_process_seqs_merge2] Processed 620868 reads in 3.100 CPU sec, 30.281 real sec
step2 put 0x500002775d00
[M::mem_process_seqs_merge2] CPE FASTQ formatting done
[M::process] read chunk (117964800 bytes/CG x 1 CGs, 117964540 bytes)...
step2 get 0x50000201d980
step3 0x500002775d00
[M::mem_process_seqs_merge2] CPE FASTQ formatting done
[M::process] read chunk (117964800 bytes/CG x 1 CGs, 117964920 bytes)...
[M::process] read chunk (117964800 bytes/CG x 1 CGs, 117964920 bytes)...
slave pre done
now n is 620866
slave pre done
now n is 620868
slave pre done
now n is 620868
processed 620866
[M::mem_process_seqs_merge2] Processed 620866 reads in 2.640 CPU sec, 29.769 real sec
step2 put 0x500002775500
step2 get 0x50000201d980
step3 0x500002775500
processed 620868
[M::mem_process_seqs_merge2] Processed 620868 reads in 2.990 CPU sec, 29.949 real sec
step2 put 0x500002775500
step2 get 0x50000201d980
step3 0x500002775500
processed 620868
[M::mem_process_seqs_merge2] Processed 620868 reads in 3.220 CPU sec, 29.651 real sec
step2 put 0x500002775d00
step2 get 0x50000201d980
[M::mem_process_seqs_merge2] CPE FASTQ formatting done
slave pre done
now n is 620866
step3 0x500002775d00
[M::mem_process_seqs_merge2] CPE FASTQ formatting done
[M::mem_process_seqs_merge2] CPE FASTQ formatting done
[M::process] read chunk (117964800 bytes/CG x 1 CGs, 117964752 bytes)...
processed 620866
[M::mem_process_seqs_merge2] Processed 620866 reads in 2.680 CPU sec, 30.029 real sec
step2 put 0x500002775d00
step2 get 0x50000201d980
step3 0x500002775d00
[M::process] read chunk (117964800 bytes/CG x 1 CGs, 117964920 bytes)...
slave pre done
now n is 620868
[M::mem_process_seqs_merge2] CPE FASTQ formatting done
[M::process] read chunk (117964800 bytes/CG x 1 CGs, 117964540 bytes)...
[M::process] read chunk (117964800 bytes/CG x 1 CGs, 117964540 bytes)...
processed 620868
[M::mem_process_seqs_merge2] Processed 620868 reads in 2.670 CPU sec, 30.011 real sec
step2 put 0x500002775500
step2 get 0x50000201d980
step3 0x500002775500
slave pre done
now n is 620866
[M::mem_process_seqs_merge2] CPE FASTQ formatting done
[M::process] read chunk (117964800 bytes/CG x 1 CGs, 117964764 bytes)...
processed 620866
[M::mem_process_seqs_merge2] Processed 620866 reads in 3.090 CPU sec, 30.108 real sec
step2 put 0x500002775500
step2 get 0x50000201d980
step3 0x500002775500
slave pre done
now n is 620868
[M::process] read chunk (117964800 bytes/CG x 1 CGs, 117964920 bytes)...
[M::mem_process_seqs_merge2] CPE FASTQ formatting done
processed 620868
[M::mem_process_seqs_merge2] Processed 620868 reads in 2.920 CPU sec, 30.021 real sec
step2 put 0x500002775d00
step2 get 0x50000201d980
step3 0x500002775d00
[M::process] read chunk (117964800 bytes/CG x 1 CGs, 117964540 bytes)...
[M::mem_process_seqs_merge2] CPE FASTQ formatting done
slave pre done
now n is 620866
[M::process] read chunk (117964800 bytes/CG x 1 CGs, 117964920 bytes)...
slave pre done
now n is 627472
processed 620866
[M::mem_process_seqs_merge2] Processed 620866 reads in 2.980 CPU sec, 30.109 real sec
step2 put 0x500002775d00
step2 get 0x50000201d980
step3 0x500002775d00
[M::mem_process_seqs_merge2] CPE FASTQ formatting done
processed 627472
[M::mem_process_seqs_merge2] Processed 627472 reads in 3.350 CPU sec, 31.998 real sec
step2 put 0x500002775d00
step2 get 0x50000201d980
step3 0x500002775d00
[M::mem_process_seqs_merge2] CPE FASTQ formatting done
[M::process] read chunk (117964800 bytes/CG x 1 CGs, 117964920 bytes)...
[M::process] read chunk (117964800 bytes/CG x 1 CGs, 117964920 bytes)...
slave pre done
now n is 620868
[DBG stage1] slow fread: R1 offset=12268339408 requested=117964920 read=117964920 elapsed=2.954 s
[DBG stage1] slow fread: R1 offset=13330022548 requested=117964920 read=117964920 elapsed=3.698 s
processed 620868
[M::mem_process_seqs_merge2] Processed 620868 reads in 2.760 CPU sec, 30.268 real sec
step2 put 0x500002774d00
step2 get 0x50000201d980
step3 0x500002774d00
[M::mem_process_seqs_merge2] CPE FASTQ formatting done
[M::process] read chunk (117964800 bytes/CG x 1 CGs, 117964540 bytes)...
[DBG stage1] slow fread: R1 offset=13212057628 requested=117964920 read=117964920 elapsed=4.337 s
[DBG stage1] slow fread: R1 offset=12150374488 requested=117964920 read=117964920 elapsed=3.730 s
[DBG stage1] slow fread: R1 offset=12976128168 requested=117964920 read=117964920 elapsed=3.573 s
[DBG stage1] slow fread: R1 offset=13801881848 requested=117964920 read=117964920 elapsed=4.687 s
slave pre done
now n is 627520
processed 627520
[M::mem_process_seqs_merge2] Processed 627520 reads in 3.130 CPU sec, 36.019 real sec
step2 put 0x500002775500
step2 get 0x50000201d980
step3 0x500002775500
[M::process] read chunk (117964800 bytes/CG x 1 CGs, 117964540 bytes)...
[DBG stage1] slow fread: R1 offset=13683916928 requested=117964920 read=117964920 elapsed=4.638 s
[M::mem_process_seqs_merge2] CPE FASTQ formatting done
[DBG stage1] slow fread: R1 offset=13094093088 requested=117964540 read=117964540 elapsed=4.191 s
[DBG stage1] slow fread: R1 offset=11560550608 requested=117964736 read=117964736 elapsed=5.649 s
[DBG stage1] slow fread: R1 offset=12504268868 requested=117964920 read=117964920 elapsed=4.115 s
[DBG stage1] slow fread: R1 offset=12386304328 requested=117964540 read=117964540 elapsed=4.820 s
[DBG stage1] slow fread: R1 offset=12858163248 requested=117964920 read=117964920 elapsed=4.239 s
[DBG stage1] slow fread: R1 offset=11442585872 requested=117964736 read=117964736 elapsed=6.067 s
[DBG stage1] slow fread: R1 offset=14037811308 requested=117964920 read=117964920 elapsed=6.463 s
[DBG stage1] slow fread: R1 offset=12032409948 requested=117964540 read=117964540 elapsed=4.879 s
[DBG stage1] slow fread: R1 offset=13919846768 requested=117964540 read=117964540 elapsed=6.077 s
[DBG stage1] slow fread: R1 offset=11914445028 requested=117964920 read=117964920 elapsed=4.848 s
[DBG stage1] slow fread: R1 offset=11324621120 requested=117964752 read=117964752 elapsed=5.950 s
[DBG stage1] slow fread: R1 offset=11678515344 requested=117964764 read=117964764 elapsed=5.982 s
slave pre done
now n is 620868
[DBG stage1] slow fread: R1 offset=13565952008 requested=117964920 read=117964920 elapsed=5.196 s
processed 620868
[M::mem_process_seqs_merge2] Processed 620868 reads in 3.060 CPU sec, 30.361 real sec
step2 put 0x500002775d00
step2 get 0x50000201d980
step3 0x500002775d00
[M::process] read chunk (117964800 bytes/CG x 1 CGs, 117964920 bytes)...
[M::mem_process_seqs_merge2] CPE FASTQ formatting done
[DBG stage1] slow fread: R2 offset=12268339408 requested=117964920 read=117964920 elapsed=4.880 s
step1 0x50000201d9d0
[DBG stage1] slow fread: R1 offset=12740198708 requested=117964540 read=117964540 elapsed=4.893 s
slave pre done
now n is 620868
processed 620868
[M::mem_process_seqs_merge2] Processed 620868 reads in 2.470 CPU sec, 29.831 real sec
step2 put 0x500002eebd00
step2 get 0x50000201d980
step3 0x500002eebd00
[M::mem_process_seqs_merge2] CPE FASTQ formatting done
[DBG stage1] slow fread: R2 offset=13330022548 requested=117964920 read=117964920 elapsed=5.490 s
step1 0x50000201d9d0
[M::process] read chunk (117964800 bytes/CG x 1 CGs, 117964920 bytes)...
[DBG stage1] slow fread: R2 offset=12150374488 requested=117964920 read=117964920 elapsed=5.028 s
step1 0x50000201d9d0
[DBG stage1] slow fread: R2 offset=12976128168 requested=117964920 read=117964920 elapsed=5.348 s
step1 0x50000201d9d0
[DBG stage1] slow fread: R2 offset=13212057628 requested=117964920 read=117964920 elapsed=5.717 s
step1 0x50000201d9d0
[DBG stage1] slow fread: R1 offset=13447987468 requested=117964540 read=117964540 elapsed=5.406 s
[DBG stage1] slow fread: R2 offset=13801881848 requested=117964920 read=117964920 elapsed=5.477 s
step1 0x50000201d9d0
[DBG stage1] slow fread: R2 offset=12386304328 requested=117964540 read=117964540 elapsed=4.545 s
step1 0x50000201d9d0
[DBG stage1] slow fread: R2 offset=13683916928 requested=117964920 read=117964920 elapsed=5.387 s
step1 0x50000201d9d0
[DBG stage1] slow fread: R2 offset=12032409948 requested=117964540 read=117964540 elapsed=4.324 s
step1 0x50000201d9d0
[DBG stage1] slow fread: R2 offset=11914445028 requested=117964920 read=117964920 elapsed=4.234 s
step1 0x50000201d9d0
[DBG stage1] slow fread: R2 offset=13094093088 requested=117964540 read=117964540 elapsed=5.606 s
step1 0x50000201d9d0
[DBG stage1] slow fread: R2 offset=12504268868 requested=117964920 read=117964920 elapsed=5.439 s
step1 0x50000201d9d0
[DBG stage1] slow fread: R1 offset=11796480108 requested=117964920 read=117964920 elapsed=2.587 s
[DBG stage1] slow fread: R2 offset=11560550608 requested=117964736 read=117964736 elapsed=5.802 s
step1 0x50000201d9d0
[DBG stage1] slow fread: R2 offset=13565952008 requested=117964920 read=117964920 elapsed=3.936 s
step1 0x50000201d9d0
[DBG stage1] slow fread: R2 offset=12858163248 requested=117964920 read=117964920 elapsed=5.144 s
step1 0x50000201d9d0
[DBG stage1] slow fread: R1 offset=12622233788 requested=117964920 read=117964920 elapsed=4.467 s
[DBG stage1] slow fread: R2 offset=13447987468 requested=117964540 read=117964540 elapsed=1.428 s
step1 0x50000201d9d0
[DBG stage1] slow fread: R2 offset=12740198708 requested=117964540 read=117964540 elapsed=3.653 s
step1 0x50000201d9d0
[DBG stage1] slow fread: R2 offset=11442585872 requested=117964736 read=117964736 elapsed=5.694 s
step1 0x50000201d9d0
[DBG stage1] slow fread: R2 offset=13919846768 requested=117964540 read=117964540 elapsed=5.659 s
step1 0x50000201d9d0
step1 0x50000201d9d0
[DBG stage1] slow fread: R2 offset=14037811308 requested=117964920 read=117964920 elapsed=5.788 s
step1 0x50000201d9d0
[DBG stage1] slow fread: R2 offset=11324621120 requested=117964752 read=117964752 elapsed=5.580 s
step1 0x50000201d9d0
[DBG stage1] slow fread: R2 offset=11678515344 requested=117964764 read=117964764 elapsed=5.085 s
step1 0x50000201d9d0
[DBG stage1] slow fread: R2 offset=12622233788 requested=117964920 read=117964920 elapsed=1.234 s
step1 0x50000201d9d0
slave pre done
now n is 620868
processed 620868
[M::mem_process_seqs_merge2] Processed 620868 reads in 2.770 CPU sec, 29.891 real sec
step2 put 0x50000201d980
step2 get 0x50000201d9d0
step3 0x50000201d980
[M::mem_process_seqs_merge2] CPE FASTQ formatting done
slave pre done
now n is 620868
slave pre done
now n is 620868
processed 620868
[M::mem_process_seqs_merge2] Processed 620868 reads in 3.000 CPU sec, 29.691 real sec
step2 put 0x50000201d980
step2 get 0x50000201d9d0
step3 0x50000201d980
[M::mem_process_seqs_merge2] CPE FASTQ formatting done
[M::process] read chunk (117964800 bytes/CG x 1 CGs, 117964920 bytes)...
processed 620868
[M::mem_process_seqs_merge2] Processed 620868 reads in 2.520 CPU sec, 29.921 real sec
step2 put 0x50000201d980
step2 get 0x50000201d9d0
step3 0x50000201d980
[M::mem_process_seqs_merge2] CPE FASTQ formatting done
[M::process] read chunk (117964800 bytes/CG x 1 CGs, 117964540 bytes)...
slave pre done
now n is 620868
slave pre done
now n is 620868
processed 620868
[M::mem_process_seqs_merge2] Processed 620868 reads in 2.870 CPU sec, 29.852 real sec
step2 put 0x50000201d980
step2 get 0x50000201d9d0
step3 0x50000201d980
slave pre done
now n is 620866
slave pre done
now n is 620868
slave pre done
now n is 620868
processed 620868
[M::mem_process_seqs_merge2] Processed 620868 reads in 2.740 CPU sec, 29.902 real sec
step2 put 0x50000201d980
step2 get 0x50000201d9d0
[M::mem_process_seqs_merge2] CPE FASTQ formatting done
step3 0x50000201d980
slave pre done
now n is 620868
[M::mem_process_seqs_merge2] CPE FASTQ formatting done
processed 620866
[M::mem_process_seqs_merge2] Processed 620866 reads in 2.500 CPU sec, 29.800 real sec
step2 put 0x50000201d980
step2 get 0x50000201d9d0
step3 0x50000201d980
processed 620868
[M::mem_process_seqs_merge2] Processed 620868 reads in 2.740 CPU sec, 29.869 real sec
step2 put 0x50000201d980
step2 get 0x50000201d9d0
processed 620868
[M::mem_process_seqs_merge2] Processed 620868 reads in 2.860 CPU sec, 30.309 real sec
step2 put 0x50000201d980
step2 get 0x50000201d9d0
step3 0x50000201d980
step3 0x50000201d980
[M::process] read chunk (117964800 bytes/CG x 1 CGs, 117964920 bytes)...
processed 620868
[M::mem_process_seqs_merge2] Processed 620868 reads in 2.860 CPU sec, 29.590 real sec
step2 put 0x50000201d980
step2 get 0x50000201d9d0
[M::mem_process_seqs_merge2] CPE FASTQ formatting done
[M::mem_process_seqs_merge2] CPE FASTQ formatting done
[M::mem_process_seqs_merge2] CPE FASTQ formatting done
step3 0x50000201d980
[M::mem_process_seqs_merge2] CPE FASTQ formatting done
[M::process] read chunk (117964800 bytes/CG x 1 CGs, 82727904 bytes)...
[M::process] read chunk (117964800 bytes/CG x 1 CGs, 117964920 bytes)...
[M::process] read chunk (117964800 bytes/CG x 1 CGs, 117964540 bytes)...
slave pre done
now n is 620868
[M::process] read chunk (117964800 bytes/CG x 1 CGs, 117964920 bytes)...
slave pre done
now n is 620868
[M::process] read chunk (117964800 bytes/CG x 1 CGs, 117964540 bytes)...
processed 620868
[M::mem_process_seqs_merge2] Processed 620868 reads in 3.020 CPU sec, 30.121 real sec
step2 put 0x50000201d980
step2 get 0x50000201d9d0
step3 0x50000201d980
[M::mem_process_seqs_merge2] CPE FASTQ formatting done
processed 620868
[M::mem_process_seqs_merge2] Processed 620868 reads in 3.020 CPU sec, 30.219 real sec
step2 put 0x50000201d980
step2 get 0x50000201d9d0
[M::process] read chunk (117964800 bytes/CG x 1 CGs, 117964920 bytes)...
step3 0x50000201d980
[M::mem_process_seqs_merge2] CPE FASTQ formatting done
slave pre done
now n is 620866
slave pre done
now n is 620866
slave pre done
now n is 620868
slave pre done
now n is 620868
processed 620866
[M::mem_process_seqs_merge2] Processed 620866 reads in 2.740 CPU sec, 29.991 real sec
step2 put 0x50000201d980
step2 get 0x50000201d9d0
processed 620868
[M::mem_process_seqs_merge2] Processed 620868 reads in 2.490 CPU sec, 29.799 real sec
step2 put 0x50000201d980
step2 get 0x50000201d9d0
step3 0x50000201d980
step3 0x50000201d980
processed 620866
[M::mem_process_seqs_merge2] Processed 620866 reads in 2.980 CPU sec, 30.231 real sec
step2 put 0x50000201d980
step2 get 0x50000201d9d0
step3 0x50000201d980
processed 620868
[M::mem_process_seqs_merge2] Processed 620868 reads in 2.850 CPU sec, 30.231 real sec
step2 put 0x50000201d980
step2 get 0x50000201d9d0
[M::mem_process_seqs_merge2] CPE FASTQ formatting done
step3 0x50000201d980
[M::mem_process_seqs_merge2] CPE FASTQ formatting done
[M::mem_process_seqs_merge2] CPE FASTQ formatting done
slave pre done
now n is 620866
[M::mem_process_seqs_merge2] CPE FASTQ formatting done
slave pre done
now n is 620868
processed 620868
[M::mem_process_seqs_merge2] Processed 620868 reads in 3.280 CPU sec, 29.749 real sec
step2 put 0x50000201d980
step2 get 0x50000201d9d0
processed 620866
[M::mem_process_seqs_merge2] Processed 620866 reads in 3.430 CPU sec, 29.901 real sec
step2 put 0x50000201d980
step2 get 0x50000201d9d0
step3 0x50000201d980
step3 0x50000201d980
[M::mem_process_seqs_merge2] CPE FASTQ formatting done
[M::mem_process_seqs_merge2] CPE FASTQ formatting done
[DBG stage1] slow fread: R1 offset=15099494448 requested=82727904 read=82727904 elapsed=1.261 s
slave pre done
now n is 620866
processed 620866
[M::mem_process_seqs_merge2] Processed 620866 reads in 3.300 CPU sec, 30.830 real sec
step2 put 0x50000201d980
step2 get 0x50000201d9d0
step3 0x50000201d980
[M::mem_process_seqs_merge2] CPE FASTQ formatting done
slave pre done
now n is 620868
processed 620868
[M::mem_process_seqs_merge2] Processed 620868 reads in 2.690 CPU sec, 30.189 real sec
step2 put 0x50000201d980
step2 get 0x50000201d9d0
step3 0x50000201d980
[M::mem_process_seqs_merge2] CPE FASTQ formatting done
slave pre done
now n is 620866
[DBG stage1] slow fread: R1 offset=14155776228 requested=117964920 read=117964920 elapsed=2.634 s
processed 620866
[M::mem_process_seqs_merge2] Processed 620866 reads in 3.240 CPU sec, 30.430 real sec
step2 put 0x50000201d980
step2 get 0x50000201d9d0
step3 0x50000201d980
[M::mem_process_seqs_merge2] CPE FASTQ formatting done
[DBG stage1] slow fread: R2 offset=15099494448 requested=82727904 read=82727904 elapsed=1.206 s
step1 0x500002775d00
[DBG stage1] slow fread: R1 offset=14981529908 requested=117964540 read=117964540 elapsed=2.280 s
slave pre done
now n is 620866
[DBG stage1] slow fread: R1 offset=14391705688 requested=117964920 read=117964920 elapsed=3.138 s
processed 620866
[M::mem_process_seqs_merge2] Processed 620866 reads in 2.880 CPU sec, 30.049 real sec
step2 put 0x50000201d980
step2 get 0x50000201d9d0
step3 0x50000201d980
[M::mem_process_seqs_merge2] CPE FASTQ formatting done
[DBG stage1] slow fread: R1 offset=14273741148 requested=117964540 read=117964540 elapsed=3.855 s
[DBG stage1] slow fread: R1 offset=14627635528 requested=117964540 read=117964540 elapsed=3.266 s
[DBG stage1] slow fread: R2 offset=14981529908 requested=117964540 read=117964540 elapsed=1.277 s
step1 0x500002774d00
[DBG stage1] slow fread: R1 offset=14509670608 requested=117964920 read=117964920 elapsed=4.363 s
[DBG stage1] slow fread: R1 offset=14745600068 requested=117964920 read=117964920 elapsed=4.239 s
[DBG stage1] slow fread: R1 offset=14863564988 requested=117964920 read=117964920 elapsed=4.296 s
[DBG stage1] slow fread: R2 offset=14155776228 requested=117964920 read=117964920 elapsed=2.733 s
step1 0x500002775d00
slave pre done
now n is 620868
processed 620868
[M::mem_process_seqs_merge2] Processed 620868 reads in 2.720 CPU sec, 30.201 real sec
step2 put 0x50000201d980
step2 get 0x50000201d9d0
step3 0x50000201d980
[M::mem_process_seqs_merge2] CPE FASTQ formatting done
[DBG stage1] slow fread: R2 offset=14391705688 requested=117964920 read=117964920 elapsed=2.398 s
step1 0x500002774d00
[DBG stage1] slow fread: R2 offset=14627635528 requested=117964540 read=117964540 elapsed=2.330 s
step1 0x500002775500
slave pre done
now n is 620868
processed 620868
[M::mem_process_seqs_merge2] Processed 620868 reads in 2.700 CPU sec, 29.781 real sec
step2 put 0x50000201d980
step2 get 0x50000201d9d0
step3 0x50000201d980
[M::mem_process_seqs_merge2] CPE FASTQ formatting done
[DBG stage1] slow fread: R2 offset=14273741148 requested=117964540 read=117964540 elapsed=3.817 s
step1 0x500002775500
[DBG stage1] slow fread: R2 offset=14509670608 requested=117964920 read=117964920 elapsed=3.539 s
step1 0x500002775d00
[DBG stage1] slow fread: R2 offset=14745600068 requested=117964920 read=117964920 elapsed=3.532 s
step1 0x500002775500
[DBG stage1] slow fread: R2 offset=14863564988 requested=117964920 read=117964920 elapsed=3.319 s
step1 0x500002775d00
slave pre done
now n is 620868
processed 620868
[M::mem_process_seqs_merge2] Processed 620868 reads in 2.800 CPU sec, 30.399 real sec
step2 put 0x50000201d980
step2 get 0x50000201d9d0
step3 0x50000201d980
[M::mem_process_seqs_merge2] CPE FASTQ formatting done
slave pre done
now n is 620868
processed 620868
[M::mem_process_seqs_merge2] Processed 620868 reads in 2.800 CPU sec, 29.669 real sec
step2 put 0x50000201d9d0
step2 get 0x500002775d00
step3 0x50000201d9d0
[M::mem_process_seqs_merge2] CPE FASTQ formatting done
slave pre done
now n is 620868
slave pre done
now n is 620868
processed 620868
[M::mem_process_seqs_merge2] Processed 620868 reads in 2.740 CPU sec, 29.939 real sec
step2 put 0x50000201d9d0
step2 get 0x500002775500
slave pre done
now n is 620868
step3 0x50000201d9d0
processed 620868
[M::mem_process_seqs_merge2] Processed 620868 reads in 2.600 CPU sec, 29.881 real sec
step2 put 0x50000201d9d0
step2 get 0x500002774d00
step3 0x50000201d9d0
[M::mem_process_seqs_merge2] CPE FASTQ formatting done
[M::mem_process_seqs_merge2] CPE FASTQ formatting done
processed 620868
[M::mem_process_seqs_merge2] Processed 620868 reads in 3.060 CPU sec, 29.729 real sec
step2 put 0x50000201d9d0
step2 get 0x500002774d00
step3 0x50000201d9d0
[M::mem_process_seqs_merge2] CPE FASTQ formatting done
slave pre done
now n is 620868
processed 620868
[M::mem_process_seqs_merge2] Processed 620868 reads in 2.310 CPU sec, 29.889 real sec
step2 put 0x50000201d9d0
slave pre done
now n is 620868
step2 get 0x500002775d00
step3 0x50000201d9d0
[M::mem_process_seqs_merge2] CPE FASTQ formatting done
processed 620868
[M::mem_process_seqs_merge2] Processed 620868 reads in 2.660 CPU sec, 30.168 real sec
step2 put 0x50000201d9d0
step2 get 0x500002775500
step3 0x50000201d9d0
[M::mem_process_seqs_merge2] CPE FASTQ formatting done
slave pre done
now n is 620868
processed 620868
[M::mem_process_seqs_merge2] Processed 620868 reads in 2.070 CPU sec, 29.228 real sec
step2 put 0x50000201d9d0
step3 0x50000201d9d0
slave pre done
now n is 620866
slave pre done
now n is 627472
slave pre done
now n is 620868
processed 620866
[M::mem_process_seqs_merge2] Processed 620866 reads in 2.550 CPU sec, 30.480 real sec
step2 put 0x50000201d9d0
step2 get 0x500002775d00
step3 0x50000201d9d0
processed 627472
[M::mem_process_seqs_merge2] Processed 627472 reads in 2.640 CPU sec, 30.521 real sec
step2 put 0x50000201d9d0
step2 get 0x500002775d00
step3 0x50000201d9d0
processed 620868
[M::mem_process_seqs_merge2] Processed 620868 reads in 2.420 CPU sec, 29.939 real sec
step2 put 0x50000201d9d0
[M::mem_process_seqs_merge2] CPE FASTQ formatting done
step3 0x50000201d9d0
[M::mem_process_seqs_merge2] CPE FASTQ formatting done
slave pre done
now n is 620868
slave pre done
now n is 625554
processed 620868
[M::mem_process_seqs_merge2] Processed 620868 reads in 2.020 CPU sec, 29.531 real sec
step2 put 0x50000201d9d0
step3 0x50000201d9d0
processed 625554
[M::mem_process_seqs_merge2] Processed 625554 reads in 2.090 CPU sec, 29.871 real sec
step2 put 0x50000201d9d0
step3 0x50000201d9d0
slave pre done
now n is 620866
processed 620866
[M::mem_process_seqs_merge2] Processed 620866 reads in 2.200 CPU sec, 29.861 real sec
step2 put 0x50000201d9d0
step3 0x50000201d9d0
slave pre done
now n is 620866
slave pre done
now n is 620866
processed 620866
[MPI rank 000010/000024] input work: chunks=5 records=1553355 bytes=589824448
[M::mem_process_seqs_merge2] Processed 620866 reads in 2.200 CPU sec, 30.291 real sec
step2 put 0x50000201d9d0
slave pre done
now n is 620868
step3 0x50000201d9d0
processed 620866
[M::mem_process_seqs_merge2] Processed 620866 reads in 2.110 CPU sec, 29.688 real sec
step2 put 0x50000201d9d0
processed 620868
[M::mem_process_seqs_merge2] Processed 620868 reads in 1.910 CPU sec, 30.400 real sec
step2 put 0x50000201d9d0
step3 0x50000201d9d0
step3 0x50000201d9d0
[MPI rank 000016/000024] input work: chunks=5 records=1555472 bytes=589824416
[MPI rank 000001/000024] input work: chunks=5 records=1555472 bytes=589824416
[MPI rank 000023/000024] input work: chunks=5 records=1554510 bytes=589823304
slave pre done
now n is 620868
processed 620868
[M::mem_process_seqs_merge2] Processed 620868 reads in 2.100 CPU sec, 30.089 real sec
step2 put 0x50000201d9d0
step3 0x50000201d9d0
[MPI rank 000002/000024] input work: chunks=5 records=1555468 bytes=589822896
slave pre done
now n is 620868
[MPI rank 000005/000024] input work: chunks=5 records=1552166 bytes=589823080
processed 620868
[M::mem_process_seqs_merge2] Processed 620868 reads in 2.290 CPU sec, 29.971 real sec
step2 put 0x50000201d9d0
step3 0x50000201d9d0
[MPI rank 000011/000024] input work: chunks=5 records=1552167 bytes=589823460
[MPI rank 000006/000024] input work: chunks=5 records=1552169 bytes=589824220
slave pre done
now n is 627472
slave pre done
now n is 620866
processed 627472
[M::mem_process_seqs_merge2] Processed 627472 reads in 3.180 CPU sec, 32.981 real sec
processed 620866
[M::mem_process_seqs_merge2] Processed 620866 reads in 2.000 CPU sec, 29.679 real sec
step2 put 0x50000201d9d0
step2 put 0x50000201d9d0
step2 get 0x500002775500
step3 0x50000201d9d0
step3 0x50000201d9d0
[MPI rank 000009/000024] input work: chunks=5 records=1555471 bytes=589824036
[M::mem_process_seqs_merge2] CPE FASTQ formatting done
[MPI rank 000015/000024] input work: chunks=5 records=1555469 bytes=589823276
[MPI rank 000008/000024] input work: chunks=5 records=1555470 bytes=589823652
slave pre done
now n is 620866
processed 620866
[M::mem_process_seqs_merge2] Processed 620866 reads in 1.970 CPU sec, 29.801 real sec
step2 put 0x50000201d9d0
step3 0x50000201d9d0
slave pre done
now n is 626362
processed 626362
[M::mem_process_seqs_merge2] Processed 626362 reads in 2.580 CPU sec, 35.010 real sec
step2 put 0x50000201d9d0
step3 0x50000201d9d0
[MPI rank 000014/000024] input work: chunks=5 records=1555495 bytes=589824052
[MPI rank 000020/000024] input work: chunks=5 records=1554917 bytes=589824432
slave pre done
now n is 620868
processed 620868
[M::mem_process_seqs_merge2] Processed 620868 reads in 2.230 CPU sec, 30.099 real sec
step2 put 0x50000201d9d0
step3 0x50000201d9d0
[MPI rank 000007/000024] input work: chunks=5 records=1556075 bytes=589824432
slave pre done
now n is 620868
processed 620868
[M::mem_process_seqs_merge2] Processed 620868 reads in 1.870 CPU sec, 29.599 real sec
step2 put 0x50000201d9d0
step3 0x50000201d9d0
[MPI rank 000000/000024] input work: chunks=5 records=1556655 bytes=589824804
slave pre done
now n is 435410
processed 435410
[M::mem_process_seqs_merge2] Processed 435410 reads in 1.890 CPU sec, 21.349 real sec
step2 put 0x500002775d00
step3 0x500002775d00
[MPI rank 000003/000024] input work: chunks=6 records=1770481 bytes=672552352
slave pre done
now n is 620868
processed 620868
[M::mem_process_seqs_merge2] Processed 620868 reads in 1.930 CPU sec, 29.909 real sec
step2 put 0x500002775d00
step3 0x500002775d00
slave pre done
now n is 620866
slave pre done
now n is 620866
processed 620866
[M::mem_process_seqs_merge2] Processed 620866 reads in 2.140 CPU sec, 30.159 real sec
step2 put 0x500002775500
step3 0x500002775500
slave pre done
now n is 620868
processed 620866
[M::mem_process_seqs_merge2] Processed 620866 reads in 1.950 CPU sec, 30.091 real sec
step2 put 0x500002774d00
step3 0x500002774d00
processed 620868
[M::mem_process_seqs_merge2] Processed 620868 reads in 1.990 CPU sec, 30.279 real sec
step2 put 0x500002774d00
step3 0x500002774d00
[MPI rank 000013/000024] input work: chunks=6 records=1862604 bytes=707789520
slave pre done
now n is 620868
processed 620868
[M::mem_process_seqs_merge2] Processed 620868 reads in 1.910 CPU sec, 29.471 real sec
step2 put 0x500002775d00
step3 0x500002775d00
slave pre done
now n is 620866
processed 620866
[M::mem_process_seqs_merge2] Processed 620866 reads in 2.170 CPU sec, 30.059 real sec
step2 put 0x500002775500
step3 0x500002775500
slave pre done
now n is 620868
[MPI rank 000019/000024] input work: chunks=6 records=1862603 bytes=707789140
processed 620868
[M::mem_process_seqs_merge2] Processed 620868 reads in 2.060 CPU sec, 30.069 real sec
step2 put 0x500002775d00
step3 0x500002775d00
[MPI rank 000004/000024] input work: chunks=6 records=1862603 bytes=707789140
[MPI rank 000012/000024] input work: chunks=6 records=1862602 bytes=707788760
[MPI rank 000018/000024] input work: chunks=6 records=1862600 bytes=707788000
[MPI rank 000017/000024] input work: chunks=6 records=1864367 bytes=707788984
[MPI rank 000022/000024] input work: chunks=6 records=1865906 bytes=707789336
slave pre done
now n is 620868
processed 620868
[M::mem_process_seqs_merge2] Processed 620868 reads in 1.870 CPU sec, 29.619 real sec
step2 put 0x500002775500
step3 0x500002775500

================ MPI Dynamic Scheduler Debug =================
  MPI rank: 000000 / 000024

  Work summary
    claimed chunks                                          5
    claimed from this rank's queue                          1
    claimed from another rank's queue                       4
    completed FASTQ records                           1556655
    claimed input bytes                             589824804

  Scheduler counters
    scheduler_next calls                                    6
    RMA ticket attempts                                    29
    attempts against another rank's queue                  27
    tickets beyond the final chunk                         24
    empty aligned chunks                                    0

  Scheduler timing
    MPI_Win_create (setup)                       0.000239 s  (1 calls,   239.152 us/call)
    MPI_Barrier after setup                      0.000012 s  (1 calls,    11.750 us/call)
    scheduler_next total                         1.743682 s  (6 calls, 290613.584 us/call)[MPI rank 000021/000024] input work: chunks=6 records=1865903 bytes=707788196

================ MPI Dynamic Scheduler Debug =================
  MPI rank: 000006 / 000024

  Work summary
    claimed chunks                                          5
    claimed from this rank's queue                          1
    claimed from another rank's queue                       4
    completed FASTQ records                           1552169
    claimed input bytes                             589824220

  Scheduler counters
    scheduler_next calls                                    6
    RMA ticket attempts                                    29
    attempts against another rank's queue                  27
    tickets beyond the final chunk                         24
    empty aligned chunks                                    0

  Scheduler timing
    MPI_Win_create (setup)                       0.000237 s  (1 calls,   237.301 us/call)
    MPI_Barrier after setup                      0.000011 s  (1 calls,    10.751 us/call)
    scheduler_next total                         1.881449 s  (6 calls, 313574.788 us/call)
      RMA ticket path total                        0.782001 s  (29 calls, 26965.539 us/call)
        MPI_Win_lock                                 0.000082 s  (29 calls,     2.819 us/call)
        MPI_Fetch_and_op                             0.000550 s  (29 calls,    18.973 us/call)
        MPI_Win_unlock                               0.781321 s  (29 calls, 26942.120 us/call)
        RMA call overhead (derived)                  0.000047 s  (29 calls,     1.628 us/call)
      align nominal offsets to FASTQ records       0.951597 s  (5 calls, 190319.329 us/call)
      scheduler loop/bookkeeping (derived)         0.010084 s  (6 calls,  1680.704 us/call)

  Scheduler teardown timing
    MPI_Barrier (wait for other ranks)          23.955153 s  (1 calls, 23955153.033 us/call)
    MPI_Win_free                                 0.000090 s  (1 calls,    89.751 us/call)

  Stage 2 by chunk
    completed chunks                                        5
    accumulated stage 2                            157.893069 s
    average stage 2 per chunk                       31.578614 s
    slowest chunk                                           0
    slowest chunk stage 2                           37.411409 s

    order   chunk  queue        byte range                       bytes      records   stage2(s)
        0       0      0  [           0,    117965124)    117965124       314919   37.411409
        1      25      1  [  2949120024,   3067084944)    117964920       310434   30.650951
        2      50      2  [  5898240052,   6016204972)    117964920       310434   29.831699
        3      75      3  [  8847360080,   8965325000)    117964920       310434   30.399665
        4     100      4  [ 11796480108,  11914445028)    117964920       310434   29.599345
==============================================================


================ MPI Dynamic Scheduler Debug =================
  MPI rank: 000001 / 000024

  Work summary
    claimed chunks                                          5
    claimed from this rank's queue                          1
    claimed from another rank's queue                       4
    completed FASTQ records                           1555472
    claimed input bytes                             589824416

  Scheduler counters
    scheduler_next calls                                    6
    RMA ticket attempts                                    29
    attempts against another rank's queue                  27
    tickets beyond the final chunk                         24
    empty aligned chunks                                    0

  Scheduler timing
    MPI_Win_create (setup)                       0.000238 s  (1 calls,   238.152 us/call)
    MPI_Barrier after setup                      0.000013 s  (1 calls,    12.700 us/call)
    scheduler_next total                         1.688650 s  (6 calls, 281441.643 us/call)
      RMA ticket path total                        0.713780 s  (29 calls, 24613.105 us/call)
        MPI_Win_lock                                 0.000075 s  (29 calls,     2.569 us/call)
        MPI_Fetch_and_op                             0.001121 s  (29 calls,    38.650 us/call)
        MPI_Win_unlock                               0.712533 s  (29 calls, 24570.113 us/call)
        RMA call overhead (derived)                  0.000051 s  (29 calls,     1.772 us/call)
      align nominal offsets to FASTQ records       0.974812 s  (5 calls, 194962.482 us/call)
      scheduler loop/bookkeeping (derived)         0.000057 s  (6 calls,     9.567 us/call)

  Scheduler teardown timing
    MPI_Barrier (wait for other ranks)          31.766113 s  (1 calls, 31766112.916 us/call)
    MPI_Win_free                                 0.000088 s  (1 calls,    87.700 us/call)

  Stage 2 by chunk
    completed chunks                                        5
    accumulated stage 2                            150.313530 s
    average stage 2 per chunk                       30.062706 s
    slowest chunk                                           1
    slowest chunk stage 2                           30.560935 s

    order   chunk  queue        byte range                       bytes      records   stage2(s)
        0       1      1  [   117965124,    235929860)    117964736       313736   30.560935
        1      26      2  [  3067084944,   3185049864)    117964920       310434   30.450957
        2      51      3  [  6016204972,   6134169892)    117964920       310434   30.021444
        3      76      4  [  8965325000,   9083289920)    117964920       310434   29.748757
        4     101      5  [ 11914445028,  12032409948)    117964920       310434   29.531437
==============================================================


================ MPI Dynamic Scheduler Debug =================
  MPI rank: 000002 / 000024

  Work summary
    claimed chunks                                          5
    claimed from this rank's queue                          1
    claimed from another rank's queue                       4
    completed FASTQ records                           1555468
    claimed input bytes                             589822896

  Scheduler counters
    scheduler_next calls                                    6
    RMA ticket attempts                                    29
    attempts against another rank's queue                  27
    tickets beyond the final chunk                         24
    empty aligned chunks                                    0

  Scheduler timing
    MPI_Win_create (setup)                       0.000237 s  (1 calls,   237.052 us/call)
    MPI_Barrier after setup                      0.000012 s  (1 calls,    12.300 us/call)
    scheduler_next total                         1.817957 s  (6 calls, 302992.830 us/call)
      RMA ticket path total                        0.837601 s  (29 calls, 28882.786 us/call)
        MPI_Win_lock                                 0.000082 s  (29 calls,     2.841 us/call)
        MPI_Fetch_and_op                             0.000661 s  (29 calls,    22.797 us/call)
        MPI_Win_unlock                               0.836745 s  (29 calls, 28853.285 us/call)
        RMA call overhead (derived)                  0.000112 s  (29 calls,     3.862 us/call)
      align nominal offsets to FASTQ records       0.980292 s  (5 calls, 196058.360 us/call)
      scheduler loop/bookkeeping (derived)         0.000064 s  (6 calls,    10.733 us/call)

  Scheduler teardown timing
    MPI_Barrier (wait for other ranks)          31.457289 s  (1 calls, 31457289.061 us/call)
    MPI_Win_free                                 0.000086 s  (1 calls,    85.600 us/call)

  Stage 2 by chunk
    completed chunks                                        5
    accumulated stage 2                            150.642870 s
    average stage 2 per chunk                       30.128574 s
    slowest chunk                                           2
    slowest chunk stage 2                           30.652385 s

    order   chunk  queue        byte range                       bytes      records   stage2(s)
        0       2      2  [   235929860,    353894596)    117964736       313736   30.652385
        1      27      3  [  3185049864,   3303014404)    117964540       310433   30.119840
        2      52      4  [  6134169892,   6252134432)    117964540       310433   30.108245
        3      77      5  [  9083289920,   9201254460)    117964540       310433   29.900890
        4     102      6  [ 12032409948,  12150374488)    117964540       310433   29.861510
==============================================================


================ MPI Dynamic Scheduler Debug =================
  MPI rank: 000003 / 000024

  Work summary
    claimed chunks                                          6
    claimed from this rank's queue                          1
    claimed from another rank's queue                       5
    completed FASTQ records                           1770481
    claimed input bytes                             672552352

  Scheduler counters
    scheduler_next calls                                    7
    RMA ticket attempts                                    30
    attempts against another rank's queue                  28
    tickets beyond the final chunk                         24
    empty aligned chunks                                    0

  Scheduler timing
    MPI_Win_create (setup)                       0.000232 s  (1 calls,   231.952 us/call)
    MPI_Barrier after setup                      0.000018 s  (1 calls,    18.450 us/call)
    scheduler_next total                         1.636110 s  (7 calls, 233730.069 us/call)
      RMA ticket path total                        0.810679 s  (30 calls, 27022.631 us/call)
        MPI_Win_lock                                 0.000085 s  (30 calls,     2.840 us/call)
        MPI_Fetch_and_op                             0.000631 s  (30 calls,    21.029 us/call)
        MPI_Win_unlock                               0.809906 s  (30 calls, 26996.879 us/call)
        RMA call overhead (derived)                  0.000056 s  (30 calls,     1.883 us/call)
      align nominal offsets to FASTQ records       0.825370 s  (6 calls, 137561.615 us/call)
      scheduler loop/bookkeeping (derived)         0.000062 s  (7 calls,     8.836 us/call)

  Scheduler teardown timing
    MPI_Barrier (wait for other ranks)          11.579266 s  (1 calls, 11579266.048 us/call)
    MPI_Win_free                                 0.000087 s  (1 calls,    87.151 us/call)

  Stage 2 by chunk
    completed chunks                                        6
    accumulated stage 2                            170.743157 s
    average stage 2 per chunk                       28.457193 s
    slowest chunk                                          53
    slowest chunk stage 2                           30.281991 s

    order   chunk  queue        byte range                       bytes      records   stage2(s)
        0       3      3  [   353894596,    471859364)    117964768       311040   29.592277
        1      28      4  [  3303014404,   3420979324)    117964920       310434   30.039112
        2      53      5  [  6252134432,   6370099352)    117964920       310434   30.281991
        3      78      6  [  9201254460,   9319219380)    117964920       310434   29.590175
        4     103      7  [ 12150374488,  12268339408)    117964920       310434   29.889951
        5     128      8  [ 15099494448,  15182222352)     82727904       217705   21.349651
==============================================================


================ MPI Dynamic Scheduler Debug =================
  MPI rank: 000004 / 000024

  Work summary
    claimed chunks                                          6
    claimed from this rank's queue                          1
    claimed from another rank's queue                       5
    completed FASTQ records                           1862603
    claimed input bytes                             707789140

  Scheduler counters
    scheduler_next calls                                    7
    RMA ticket attempts                                    52
    attempts against another rank's queue                  49
    tickets beyond the final chunk                         46
    empty aligned chunks                                    0

  Scheduler timing
    MPI_Win_create (setup)                       0.000241 s  (1 calls,   240.552 us/call)
    MPI_Barrier after setup                      0.000009 s  (1 calls,     9.450 us/call)
    scheduler_next total                         2.347225 s  (7 calls, 335317.816 us/call)
      RMA ticket path total                        1.223780 s  (52 calls, 23534.224 us/call)
        MPI_Win_lock                                 0.000135 s  (52 calls,     2.598 us/call)
        MPI_Fetch_and_op                             0.001176 s  (52 calls,    22.618 us/call)
        MPI_Win_unlock                               1.222374 s  (52 calls, 23507.184 us/call)
        RMA call overhead (derived)                  0.000095 s  (52 calls,     1.823 us/call)
      align nominal offsets to FASTQ records       1.123350 s  (6 calls, 187225.020 us/call)
      scheduler loop/bookkeeping (derived)         0.000095 s  (7 calls,    13.565 us/call)

  Scheduler teardown timing
    MPI_Barrier (wait for other ranks)           2.944050 s  (1 calls, 2944049.576 us/call)
    MPI_Win_free                                 0.000094 s  (1 calls,    94.101 us/call)

  Stage 2 by chunk
    completed chunks                                        6
    accumulated stage 2                            179.053720 s
    average stage 2 per chunk                       29.842287 s
    slowest chunk                                          54
    slowest chunk stage 2                           30.278715 s

    order   chunk  queue        byte range                       bytes      records   stage2(s)
        0       4      4  [   471859364,    589824284)    117964920       310434   29.650899
        1      29      5  [  3420979324,   3538944244)    117964920       310434   29.451923
        2      54      6  [  6370099352,   6488064272)    117964920       310434   30.278715
        3      79      7  [  9319219380,   9437184300)    117964920       310434   29.852268
        4     104      8  [ 12268339408,  12386304328)    117964920       310434   29.728585
        5     127      7  [ 14981529908,  15099494448)    117964540       310433   30.091330
==============================================================


================ MPI Dynamic Scheduler Debug =================
  MPI rank: 000005 / 000024

  Work summary
    claimed chunks                                          5
    claimed from this rank's queue                          1
    claimed from another rank's queue                       4
    completed FASTQ records                           1552166
    claimed input bytes                             589823080

  Scheduler counters
    scheduler_next calls                                    6
    RMA ticket attempts                                    29
    attempts against another rank's queue                  27
    tickets beyond the final chunk                         24
    empty aligned chunks                                    0

  Scheduler timing
    MPI_Win_create (setup)                       0.000233 s  (1 calls,   232.602 us/call)
    MPI_Barrier after setup                      0.000014 s  (1 calls,    14.300 us/call)
    scheduler_next total                         2.088614 s  (6 calls, 348102.261 us/call)
      RMA ticket path total                        0.724715 s  (29 calls, 24990.170 us/call)
        MPI_Win_lock                                 0.000079 s  (29 calls,     2.722 us/call)
        MPI_Fetch_and_op                             0.000543 s  (29 calls,    18.721 us/call)
        MPI_Win_unlock                               0.724041 s  (29 calls, 24966.932 us/call)
        RMA call overhead (derived)                  0.000052 s  (29 calls,     1.795 us/call)
      align nominal offsets to FASTQ records       1.363484 s  (5 calls, 272696.787 us/call)
      scheduler loop/bookkeeping (derived)         0.000415 s  (6 calls,    69.117 us/call)

  Scheduler teardown timing
    MPI_Barrier (wait for other ranks)          31.290296 s  (1 calls, 31290296.268 us/call)
    MPI_Win_free                                 0.000091 s  (1 calls,    91.051 us/call)

  Stage 2 by chunk
    completed chunks                                        5
    accumulated stage 2                            150.224477 s
    average stage 2 per chunk                       30.044895 s
    slowest chunk                                         105
    slowest chunk stage 2                           30.291588 s

    order   chunk  queue        byte range                       bytes      records   stage2(s)
        0       5      5  [   589824284,    707788824)    117964540       310433   29.830872
        1      30      6  [  3538944244,   3656909164)    117964920       310434   30.081833
        2      55      7  [  6488064272,   6606028812)    117964540       310433   30.029231
        3      80      8  [  9437184300,   9555148840)    117964540       310433   29.990953
        4     105      9  [ 12386304328,  12504268868)    117964540       310433   30.291588
==============================================================


================ MPI Dynamic Scheduler Debug =================
  MPI rank: 000018 / 000024

  Work summary
    claimed chunks                                          6
    claimed from this rank's queue                          1
    claimed from another rank's queue                       5
    completed FASTQ records                           1862600
    claimed input bytes                             707788000

  Scheduler counters
    scheduler_next calls                                    7
    RMA ticket attempts                                    37
    attempts against another rank's queue                  35
    tickets beyond the final chunk                         31
    empty aligned chunks                                    0

  Scheduler timing
    MPI_Win_create (setup)                       0.000234 s  (1 calls,   234.052 us/call)
    MPI_Barrier after setup                      0.000013 s  (1 calls,    12.850 us/call)
    scheduler_next total                         2.521660 s  (7 calls, 360237.095 us/call)
      RMA ticket path total                        0.910826 s  (37 calls, 24616.915 us/call)
        MPI_Win_lock                                 0.000097 s  (37 calls,     2.628 us/call)
        MPI_Fetch_and_op                             0.002316 s  (37 calls,    62.588 us/call)
        MPI_Win_unlock                               0.908347 s  (37 calls, 24549.920 us/call)
        RMA call overhead (derived)                  0.000066 s  (37 calls,     1.778 us/call)
      align nominal offsets to FASTQ records       1.610761 s  (6 calls, 268460.120 us/call)
      scheduler loop/bookkeeping (derived)         0.000073 s  (7 calls,    10.443 us/call)

  Scheduler teardown timing
    MPI_Barrier (wait for other ranks)           2.638282 s  (1 calls, 2638282.288 us/call)
    MPI_Win_free                                 0.000086 s  (1 calls,    86.451 us/call)

  Stage 2 by chunk
    completed chunks                                        6
    accumulated stage 2                            180.024160 s
    average stage 2 per chunk                       30.004027 s
    slowest chunk                                         118
    slowest chunk stage 2                           30.480493 s

    order   chunk  queue        byte range                       bytes      records   stage2(s)
        0      18     18  [  2123366724,   2241331264)    117964540       310433   30.041780

        1      43     19  [  5072486752,   5190451292)    117964540       310433   30.369063
        2      68     20  [  8021606400,   8139571320)    117964920       310434   29.861146
        3      93     21  [ 10970726740,  11088691280)    117964540       310433   29.800503
        4     118     22  [ 13919846768,  14037811308)    117964540       310433   30.480493
        5     126      6  [ 14863564988,  14981529908)    117964920       310434   29.471175
==============================================================


================ MPI Dynamic Scheduler Debug =================
  MPI rank: 000019 / 000024

  Work summary
    claimed chunks                                          6
    claimed from this rank's queue                          1
    claimed from another rank's queue                       5
    completed FASTQ records                           1862603
    claimed input bytes                             707789140

  Scheduler counters
    scheduler_next calls                                    7
    RMA ticket attempts                                    31
    attempts against another rank's queue                  29
    tickets beyond the final chunk                         25
    empty aligned chunks                                    0

  Scheduler timing
    MPI_Win_create (setup)                       0.000232 s  (1 calls,   231.902 us/call)
    MPI_Barrier after setup                      0.000019 s  (1 calls,    18.650 us/call)
    scheduler_next total                         1.961732 s  (7 calls, 280247.471 us/call)
      RMA ticket path total                        0.849465 s  (31 calls, 27402.110 us/call)
        MPI_Win_lock                                 0.000087 s  (31 calls,     2.816 us/call)
        MPI_Fetch_and_op                             0.000592 s  (31 calls,    19.087 us/call)
        MPI_Win_unlock                               0.848729 s  (31 calls, 27378.342 us/call)
        RMA call overhead (derived)                  0.000058 s  (31 calls,     1.865 us/call)
      align nominal offsets to FASTQ records       1.112202 s  (6 calls, 185366.989 us/call)
      scheduler loop/bookkeeping (derived)         0.000065 s  (7 calls,     9.279 us/call)

  Scheduler teardown timing
    MPI_Barrier (wait for other ranks)           3.020825 s  (1 calls, 3020825.157 us/call)
    MPI_Win_free                                 0.000087 s  (1 calls,    86.851 us/call)

  Stage 2 by chunk
    completed chunks                                        6
    accumulated stage 2                            179.591330 s
    average stage 2 per chunk                       29.931888 s
    slowest chunk                                          19
    slowest chunk stage 2                           30.321509 s

    order   chunk  queue        byte range                       bytes      records   stage2(s)
        0      19     19  [  2241331264,   2359296184)    117964920       310434   30.321509
        1      44     20  [  5190451292,   5308416212)    117964920       310434   29.959269
        2      69     21  [  8139571320,   8257536240)    117964920       310434   29.520018
        3      94     22  [ 11088691280,  11206656200)    117964920       310434   29.691686
        4     119     23  [ 14037811308,  14155776228)    117964920       310434   29.939576
        5     121      1  [ 14273741148,  14391705688)    117964540       310433   30.159272
==============================================================

      RMA ticket path total                        0.646145 s  (29 calls, 22280.875 us/call)
        MPI_Win_lock                                 0.000076 s  (29 calls,     2.610 us/call)
        MPI_Fetch_and_op                             0.001190 s  (29 calls,    41.017 us/call)
        MPI_Win_unlock                               0.644831 s  (29 calls, 22235.548 us/call)
        RMA call overhead (derived)                  0.000049 s  (29 calls,     1.698 us/call)
      align nominal offsets to FASTQ records       1.235246 s  (5 calls, 247049.264 us/call)
      scheduler loop/bookkeeping (derived)         0.000057 s  (6 calls,     9.508 us/call)

  Scheduler teardown timing
    MPI_Barrier (wait for other ranks)          31.164900 s  (1 calls, 31164899.747 us/call)
    MPI_Win_free                                 0.000089 s  (1 calls,    89.300 us/call)

  Stage 2 by chunk
    completed chunks                                        5
    accumulated stage 2                            150.672218 s
    average stage 2 per chunk                       30.134444 s
    slowest chunk                                         106
    slowest chunk stage 2                           30.400390 s

    order   chunk  queue        byte range                       bytes      records   stage2(s)
        0       6      6  [   707788824,    825753744)    117964920       310434   30.131795
        1      31      7  [  3656909164,   3774873704)    117964540       310433   30.328992
        2      56      8  [  6606028812,   6723993732)    117964920       310434   30.012114
        3      81      9  [  9555148840,   9673113760)    117964920       310434   29.798927
        4     106     10  [ 12504268868,  12622233788)    117964920       310434   30.400390
==============================================================


================ MPI Dynamic Scheduler Debug =================
  MPI rank: 000007 / 000024

  Work summary
    claimed chunks                                          5
    claimed from this rank's queue                          1
    claimed from another rank's queue                       4
    completed FASTQ records                           1556075
    claimed input bytes                             589824432

  Scheduler counters
    scheduler_next calls                                    6
    RMA ticket attempts                                    29
    attempts against another rank's queue                  27
    tickets beyond the final chunk                         24
    empty aligned chunks                                    0

  Scheduler timing
    MPI_Win_create (setup)                       0.000235 s  (1 calls,   235.001 us/call)
    MPI_Barrier after setup                      0.000017 s  (1 calls,    16.551 us/call)
    scheduler_next total                         1.631944 s  (6 calls, 271990.641 us/call)
      RMA ticket path total                        0.732269 s  (29 calls, 25250.663 us/call)
        MPI_Win_lock                                 0.000084 s  (29 calls,     2.900 us/call)
        MPI_Fetch_and_op                             0.002218 s  (29 calls,    76.480 us/call)
        MPI_Win_unlock                               0.729914 s  (29 calls, 25169.462 us/call)
        RMA call overhead (derived)                  0.000053 s  (29 calls,     1.821 us/call)
      align nominal offsets to FASTQ records       0.899614 s  (5 calls, 179922.894 us/call)
      scheduler loop/bookkeeping (derived)         0.000060 s  (6 calls,    10.025 us/call)

  Scheduler teardown timing
    MPI_Barrier (wait for other ranks)          25.307912 s  (1 calls, 25307911.933 us/call)
    MPI_Win_free                                 0.000088 s  (1 calls,    87.550 us/call)

  Stage 2 by chunk
    completed chunks                                        5
    accumulated stage 2                            156.492970 s
    average stage 2 per chunk                       31.298594 s
    slowest chunk                                          32
    slowest chunk stage 2                           36.669233 s

    order   chunk  queue        byte range                       bytes      records   stage2(s)
        0       7      7  [   825753744,    943718664)    117964920       310434   29.581848
        1      32      8  [  3774873704,   3892838456)    117964752       314339   36.669233
        2      57      9  [  6723993732,   6841958652)    117964920       310434   30.360918
        3      82     10  [  9673113760,   9791078680)    117964920       310434   29.781695
        4     107     11  [ 12622233788,  12740198708)    117964920       310434   30.099276
==============================================================


================ MPI Dynamic Scheduler Debug =================
  MPI rank: 000008 / 000024

  Work summary
    claimed chunks                                          5
    claimed from this rank's queue                          1
    claimed from another rank's queue                       4
    completed FASTQ records                           1555470
    claimed input bytes                             589823652

  Scheduler counters
    scheduler_next calls                                    6
    RMA ticket attempts                                    29
    attempts against another rank's queue                  27
    tickets beyond the final chunk                         24
    empty aligned chunks                                    0

  Scheduler timing
    MPI_Win_create (setup)                       0.000238 s  (1 calls,   238.451 us/call)
    MPI_Barrier after setup                      0.000011 s  (1 calls,    11.101 us/call)
    scheduler_next total                         1.801526 s  (6 calls, 300254.319 us/call)
      RMA ticket path total                        0.815504 s  (29 calls, 28120.834 us/call)
        MPI_Win_lock                                 0.000082 s  (29 calls,     2.819 us/call)
        MPI_Fetch_and_op                             0.000433 s  (29 calls,    14.926 us/call)
        MPI_Win_unlock                               0.814940 s  (29 calls, 28101.395 us/call)
        RMA call overhead (derived)                  0.000049 s  (29 calls,     1.693 us/call)
      align nominal offsets to FASTQ records       0.985965 s  (5 calls, 197192.927 us/call)
      scheduler loop/bookkeeping (derived)         0.000057 s  (6 calls,     9.517 us/call)

  Scheduler teardown timing
    MPI_Barrier (wait for other ranks)          29.608684 s  (1 calls, 29608684.087 us/call)
    MPI_Win_free                                 0.000094 s  (1 calls,    94.300 us/call)

  Stage 2 by chunk
    completed chunks                                        5
    accumulated stage 2                            152.222223 s
    average stage 2 per chunk                       30.444445 s
    slowest chunk                                          33
    slowest chunk stage 2                           31.373123 s

    order   chunk  queue        byte range                       bytes      records   stage2(s)
        0       8      8  [   943718664,   1061683204)    117964540       310433   30.851460
        1      33      9  [  3892838456,   4010803568)    117965112       313737   31.373123
        2      58     10  [  6841958652,   6959923572)    117964920       310434   30.269029
        3      83     11  [  9791078680,   9909043220)    117964540       310433   30.049385
        4     108     12  [ 12740198708,  12858163248)    117964540       310433   29.679226
==============================================================


================ MPI Dynamic Scheduler Debug =================
  MPI rank: 000009 / 000024

  Work summary
    claimed chunks                                          5
    claimed from this rank's queue                          1
    claimed from another rank's queue                       4
    completed FASTQ records                           1555471
    claimed input bytes                             589824036

  Scheduler counters
    scheduler_next calls                                    6
    RMA ticket attempts                                    29
    attempts against another rank's queue                  27
    tickets beyond the final chunk                         24
    empty aligned chunks                                    0

  Scheduler timing
    MPI_Win_create (setup)                       0.000239 s  (1 calls,   239.001 us/call)
    MPI_Barrier after setup                      0.000013 s  (1 calls,    13.201 us/call)
    scheduler_next total                         1.758981 s  (6 calls, 293163.560 us/call)
      RMA ticket path total                        0.772242 s  (29 calls, 26629.026 us/call)
        MPI_Win_lock                                 0.000087 s  (29 calls,     3.012 us/call)
        MPI_Fetch_and_op                             0.000641 s  (29 calls,    22.117 us/call)
        MPI_Win_unlock                               0.771463 s  (29 calls, 26602.157 us/call)
        RMA call overhead (derived)                  0.000050 s  (29 calls,     1.740 us/call)
      align nominal offsets to FASTQ records       0.986680 s  (5 calls, 197336.069 us/call)
      scheduler loop/bookkeeping (derived)         0.000059 s  (6 calls,     9.875 us/call)

  Scheduler teardown timing
    MPI_Barrier (wait for other ranks)          30.525968 s  (1 calls, 30525967.585 us/call)
    MPI_Win_free                                 0.000091 s  (1 calls,    90.950 us/call)

  Stage 2 by chunk
    completed chunks                                        5
    accumulated stage 2                            151.460496 s
    average stage 2 per chunk                       30.292099 s
    slowest chunk                                          34
    slowest chunk stage 2                           30.669644 s

    order   chunk  queue        byte range                       bytes      records   stage2(s)
        0       9      9  [  1061683204,   1179648124)    117964920       310434   30.401974
        1      34     10  [  4010803568,   4128768304)    117964736       313736   30.669644
        2      59     11  [  6959923572,   7077888112)    117964540       310433   30.109585
        3      84     12  [  9909043220,  10027008140)    117964920       310434   30.189963
        4     109     13  [ 12858163248,  12976128168)    117964920       310434   30.089330
==============================================================


================ MPI Dynamic Scheduler Debug =================
  MPI rank: 000010 / 000024

  Work summary
    claimed chunks                                          5
    claimed from this rank's queue                          1
    claimed from another rank's queue                       4
    completed FASTQ records                           1553355
    claimed input bytes                             589824448

  Scheduler counters
    scheduler_next calls                                    6
    RMA ticket attempts                                    29
    attempts against another rank's queue                  27
    tickets beyond the final chunk                         24
    empty aligned chunks                                    0

  Scheduler timing
    MPI_Win_create (setup)                       0.000242 s  (1 calls,   241.851 us/call)
    MPI_Barrier after setup                      0.000010 s  (1 calls,     9.901 us/call)
    scheduler_next total                         1.729905 s  (6 calls, 288317.466 us/call)
      RMA ticket path total                        0.650487 s  (29 calls, 22430.603 us/call)
        MPI_Win_lock                                 0.000074 s  (29 calls,     2.548 us/call)
        MPI_Fetch_and_op                             0.000548 s  (29 calls,    18.904 us/call)
        MPI_Win_unlock                               0.649816 s  (29 calls, 22407.455 us/call)
        RMA call overhead (derived)                  0.000049 s  (29 calls,     1.697 us/call)
      align nominal offsets to FASTQ records       1.079364 s  (5 calls, 215872.811 us/call)
      scheduler loop/bookkeeping (derived)         0.000053 s  (6 calls,     8.875 us/call)

  Scheduler teardown timing
    MPI_Barrier (wait for other ranks)          32.297279 s  (1 calls, 32297278.631 us/call)
    MPI_Win_free                                 0.000089 s  (1 calls,    88.800 us/call)

  Stage 2 by chunk
    completed chunks                                        5
    accumulated stage 2                            149.621994 s
    average stage 2 per chunk                       29.924399 s
    slowest chunk                                          10
    slowest chunk stage 2                           30.551359 s

    order   chunk  queue        byte range                       bytes      records   stage2(s)
        0      10     10  [  1179648124,   1297613044)    117964920       310434   30.551359
        1      35     11  [  4128768304,   4246733072)    117964768       311619   29.661509
        2      60     12  [  7077888112,   7195853032)    117964920       310434   29.948971
        3      85     13  [ 10027008140,  10144973060)    117964920       310434   30.231979
        4     110     14  [ 12976128168,  13094093088)    117964920       310434   29.228176
==============================================================


================ MPI Dynamic Scheduler Debug =================
  MPI rank: 000011 / 000024

  Work summary
    claimed chunks                                          5
    claimed from this rank's queue                          1
    claimed from another rank's queue                       4
    completed FASTQ records                           1552167
    claimed input bytes                             589823460

  Scheduler counters
    scheduler_next calls                                    6
    RMA ticket attempts                                    29
    attempts against another rank's queue                  27
    tickets beyond the final chunk                         24
    empty aligned chunks                                    0

  Scheduler timing
    MPI_Win_create (setup)                       0.000233 s  (1 calls,   233.001 us/call)
    MPI_Barrier after setup                      0.000017 s  (1 calls,    17.251 us/call)
    scheduler_next total                         2.142907 s  (6 calls, 357151.141 us/call)
      RMA ticket path total                        0.737296 s  (29 calls, 25424.009 us/call)
        MPI_Win_lock                                 0.000083 s  (29 calls,     2.860 us/call)
        MPI_Fetch_and_op                             0.001425 s  (29 calls,    49.125 us/call)
        MPI_Win_unlock                               0.735735 s  (29 calls, 25370.166 us/call)
        RMA call overhead (derived)                  0.000054 s  (29 calls,     1.859 us/call)
      align nominal offsets to FASTQ records       1.405548 s  (5 calls, 281109.687 us/call)
      scheduler loop/bookkeeping (derived)         0.000062 s  (6 calls,    10.358 us/call)

  Scheduler teardown timing
    MPI_Barrier (wait for other ranks)          31.186302 s  (1 calls, 31186301.799 us/call)
    MPI_Win_free                                 0.000089 s  (1 calls,    88.750 us/call)

  Stage 2 by chunk
    completed chunks                                        5
    accumulated stage 2                            150.200593 s
    average stage 2 per chunk                       30.040119 s
    slowest chunk                                          86
    slowest chunk stage 2                           30.830223 s

    order   chunk  queue        byte range                       bytes      records   stage2(s)
        0      11     11  [  1297613044,   1415577964)    117964920       310434   30.122371
        1      36     12  [  4246733072,   4364697612)    117964540       310433   29.907838
        2      61     13  [  7195853032,   7313817952)    117964920       310434   29.651740
        3      86     14  [ 10144973060,  10262937600)    117964540       310433   30.830223
        4     111     15  [ 13094093088,  13212057628)    117964540       310433   29.688421
==============================================================


================ MPI Dynamic Scheduler Debug =================
  MPI rank: 000020 / 000024

  Work summary
    claimed chunks                                          5
    claimed from this rank's queue                          1
    claimed from another rank's queue                       4
    completed FASTQ records                           1554917
    claimed input bytes                             589824432

  Scheduler counters
    scheduler_next calls                                    6
    RMA ticket attempts                                    29
    attempts against another rank's queue                  27
    tickets beyond the final chunk                         24
    empty aligned chunks                                    0

  Scheduler timing
    MPI_Win_create (setup)                       0.000235 s  (1 calls,   235.052 us/call)
    MPI_Barrier after setup                      0.000014 s  (1 calls,    14.200 us/call)
    scheduler_next total                         2.912867 s  (6 calls, 485477.864 us/call)
      RMA ticket path total                        0.695384 s  (29 calls, 23978.750 us/call)
        MPI_Win_lock                                 0.000983 s  (29 calls,    33.900 us/call)
        MPI_Fetch_and_op                             0.000625 s  (29 calls,    21.545 us/call)
        MPI_Win_unlock                               0.693720 s  (29 calls, 23921.384 us/call)
        RMA call overhead (derived)                  0.000056 s  (29 calls,     1.921 us/call)
      align nominal offsets to FASTQ records       2.217421 s  (5 calls, 443484.105 us/call)
      scheduler loop/bookkeeping (derived)         0.000063 s  (6 calls,    10.483 us/call)

  Scheduler teardown timing
    MPI_Barrier (wait for other ranks)          27.068290 s  (1 calls, 27068290.318 us/call)
    MPI_Win_free                                 0.000094 s  (1 calls,    93.551 us/call)

  Stage 2 by chunk
    completed chunks                                        5
    accumulated stage 2                            155.494810 s
    average stage 2 per chunk                       31.098962 s
    slowest chunk                                          96
    slowest chunk stage 2                           35.011032 s

    order   chunk  queue        byte range                       bytes      records   stage2(s)
        0      20     20  [  2359296184,   2477261104)    117964920       310434   30.211161
        1      45     21  [  5308416212,   5426381132)    117964920       310434   30.030633
        2      70     22  [  8257536240,   8375501160)    117964920       310434   30.120736
        3      95     23  [ 11206656200,  11324621120)    117964920       310434   30.121248
        4      96      0  [ 11324621120,  11442585872)    117964752       313181   35.011032
==============================================================


================ MPI Dynamic Scheduler Debug =================
  MPI rank: 000021 / 000024

  Work summary
    claimed chunks                                          6
    claimed from this rank's queue                          1
    claimed from another rank's queue                       5
    completed FASTQ records                           1865903
    claimed input bytes                             707788196

  Scheduler counters
    scheduler_next calls                                    7
    RMA ticket attempts                                    33
    attempts against another rank's queue                  31
    tickets beyond the final chunk                         27
    empty aligned chunks                                    0

  Scheduler timing
    MPI_Win_create (setup)                       0.000234 s  (1 calls,   234.202 us/call)

================ MPI Dynamic Scheduler Debug =================
  MPI rank: 000012 / 000024

  Work summary
    claimed chunks                                          6
    claimed from this rank's queue                          1
    claimed from another rank's queue                       5
    completed FASTQ records                           1862602
    claimed input bytes                             707788760

  Scheduler counters
    scheduler_next calls                                    7
    RMA ticket attempts                                    39
    attempts against another rank's queue                  37
    tickets beyond the final chunk                         33
    empty aligned chunks                                    0
    MPI_Barrier after setup                      0.000017 s
  Scheduler timing
    MPI_Win_create (setup)                       0.000242 s  (1 calls,   241.902 us/call)
    MPI_Barrier after setup                      0.000010 s  (1 calls,     9.850 us/call)
    scheduler_next total                         2.249801 s  (7 calls, 321400.187 us/call)
      RMA ticket path total                        1.053143 s  (39 calls, 27003.673 us/call)
        MPI_Win_lock                                 0.000468 s  (39 calls,    12.012 us/call)
        MPI_Fetch_and_op                             0.000664 s  (39 calls,    17.035 us/call)
        MPI_Win_unlock                               1.051933 s  (39 calls, 26972.652 us/call)
        RMA call overhead (derived)                  0.000077 s  (39 calls,     1.974 us/call)
      align nominal offsets to FASTQ records       1.196583 s  (6 calls, 199430.576 us/call)
      scheduler loop/bookkeeping (derived)         0.000075 s  (7 calls,    10.657 us/call)

  Scheduler teardown timing
    MPI_Barrier (wait for other ranks)           2.831981 s  (1 calls, 2831981.254 us/call)
    MPI_Win_free                                 0.000091 s  (1 calls,    90.800 us/call)

  Stage 2 by chunk
    completed chunks                                        6
    accumulated stage 2                            180.143642 s
    average stage 2 per chunk                       30.023940 s
    slowest chunk                                         122
    slowest chunk stage 2                           30.279084 s

    order   chunk  queue        byte range                       bytes      records   stage2(s)
        0      12     12  [  1415577964,   1533542504)    117964540       310433   30.020841
        1      37     13  [  4364697612,   4482662532)    117964920       310434   30.060722
        2      62     14  [  7313817952,   7431782492)    117964540       310433   29.980809
        3      87     15  [ 10262937600,  10380902520)    117964920       310434   29.920622
        4     112     16  [ 13212057628,  13330022548)    117964920       310434   29.881564
        5     122      2  [ 14391705688,  14509670608)    117964920       310434   30.279084
==============================================================


================ MPI Dynamic Scheduler Debug =================
  MPI rank: 000013 / 000024

  Work summary
    claimed chunks                                          6
    claimed from this rank's queue                          1
    claimed from another rank's queue                       5
    completed FASTQ records                           1862604
    claimed input bytes                             707789520

  Scheduler counters
    scheduler_next calls                                    7
    RMA ticket attempts                                    36
    attempts against another rank's queue                  34
    tickets beyond the final chunk                         30
    empty aligned chunks                                    0

  Scheduler timing
    MPI_Win_create (setup)                       0.000235 s  (1 calls,   235.302 us/call)
    MPI_Barrier after setup                      0.000016 s  (1 calls,    15.900 us/call)
    scheduler_next total                         1.972010 s  (7 calls, 281715.785 us/call)
      RMA ticket path total                        0.966516 s  (36 calls, 26847.661 us/call)
        MPI_Win_lock                                 0.000101 s  (36 calls,     2.800 us/call)
        MPI_Fetch_and_op                             0.001101 s  (36 calls,    30.578 us/call)
        MPI_Win_unlock                               0.965249 s  (36 calls, 26812.466 us/call)
        RMA call overhead (derived)                  0.000065 s  (36 calls,     1.817 us/call)
      align nominal offsets to FASTQ records       1.005424 s  (6 calls, 167570.594 us/call)
      scheduler loop/bookkeeping (derived)         0.000071 s  (7 calls,    10.164 us/call)

  Scheduler teardown timing
    MPI_Barrier (wait for other ranks)           3.820409 s  (1 calls, 3820408.572 us/call)
    MPI_Win_free                                 0.000086 s  (1 calls,    85.800 us/call)

  Stage 2 by chunk
    completed chunks                                        6
    accumulated stage 2                            179.180077 s
    average stage 2 per chunk                       29.863346 s
    slowest chunk                                          63
    slowest chunk stage 2                           30.067785 s

    order   chunk  queue        byte range                       bytes      records   stage2(s)
        0      13     13  [  1533542504,   1651507424)    117964920       310434   29.711893
        1      38     14  [  4482662532,   4600627452)    117964920       310434   29.929975
        2      63     15  [  7431782492,   7549747412)    117964920       310434   30.067785
        3      88     16  [ 10380902520,  10498867440)    117964920       310434   29.891856
        4     113     17  [ 13330022548,  13447987468)    117964920       310434   29.669435
        5     120      0  [ 14155776228,  14273741148)    117964920       310434   29.909133
==============================================================


================ MPI Dynamic Scheduler Debug =================
  MPI rank: 000014 / 000024

  Work summary
    claimed chunks                                          5
    claimed from this rank's queue                          1
    claimed from another rank's queue                       4
    completed FASTQ records                           1555495
    claimed input bytes                             589824052

  Scheduler counters
    scheduler_next calls                                    6
    RMA ticket attempts                                    29
    attempts against another rank's queue                  27
    tickets beyond the final chunk                         24
    empty aligned chunks                                    0

  Scheduler timing
    MPI_Win_create (setup)                       0.000236 s  (1 calls,   236.452 us/call)
    MPI_Barrier after setup                      0.000011 s  (1 calls,    11.450 us/call)
    scheduler_next total                         1.719174 s  (6 calls, 286529.046 us/call)
      RMA ticket path total                        0.709044 s  (29 calls, 24449.788 us/call)
        MPI_Win_lock                                 0.000210 s  (29 calls,     7.250 us/call)
        MPI_Fetch_and_op                             0.003623 s  (29 calls,   124.923 us/call)
        MPI_Win_unlock                               0.705160 s  (29 calls, 24315.852 us/call)
        RMA call overhead (derived)                  0.000051 s  (29 calls,     1.762 us/call)
      align nominal offsets to FASTQ records       1.010065 s  (5 calls, 202013.087 us/call)
      scheduler loop/bookkeeping (derived)         0.000065 s  (6 calls,    10.833 us/call)

  Scheduler teardown timing
    MPI_Barrier (wait for other ranks)          27.436811 s  (1 calls, 27436811.437 us/call)
    MPI_Win_free                                 0.000087 s  (1 calls,    87.150 us/call)

  Stage 2 by chunk
    completed chunks                                        5
    accumulated stage 2                            155.552905 s
    average stage 2 per chunk                       31.110581 s
    slowest chunk                                          64
    slowest chunk stage 2                           36.018951 s

    order   chunk  queue        byte range                       bytes      records   stage2(s)
        0      14     14  [  1651507424,   1769472344)    117964920       310434   29.631824
        1      39     15  [  4600627452,   4718592372)    117964920       310434   29.900048
        2      64     16  [  7549747412,   7667712164)    117964752       313760   36.018951
        3      89     17  [ 10498867440,  10616832360)    117964920       310434   30.200768
        4     114     18  [ 13447987468,  13565952008)    117964540       310433   29.801314
==============================================================


================ MPI Dynamic Scheduler Debug =================
  MPI rank: 000015 / 000024

  Work summary
    claimed chunks                                          5
    claimed from this rank's queue                          1
    claimed from another rank's queue                       4
    completed FASTQ records                           1555469
    claimed input bytes                             589823276

  Scheduler counters
    scheduler_next calls                                    6
    RMA ticket attempts                                    29
    attempts against another rank's queue                  27
    tickets beyond the final chunk                         24
    empty aligned chunks                                    0

  Scheduler timing
    MPI_Win_create (setup)                       0.000227 s  (1 calls,   227.352 us/call)
    MPI_Barrier after setup                      0.000019 s  (1 calls,    19.200 us/call)
    scheduler_next total                         1.847454 s  (6 calls, 307909.016 us/call)
      RMA ticket path total                        0.773907 s  (29 calls, 26686.436 us/call)
        MPI_Win_lock                                 0.000084 s  (29 calls,     2.909 us/call)
        MPI_Fetch_and_op                             0.000688 s  (29 calls,    23.714 us/call)
        MPI_Win_unlock                               0.773077 s  (29 calls, 26657.818 us/call)
        RMA call overhead (derived)                  0.000058 s  (29 calls,     1.995 us/call)
      align nominal offsets to FASTQ records       1.073480 s  (5 calls, 214695.924 us/call)
      scheduler loop/bookkeeping (derived)         0.000068 s  (6 calls,    11.308 us/call)

  Scheduler teardown timing
    MPI_Barrier (wait for other ranks)          30.292525 s  (1 calls, 30292525.329 us/call)
    MPI_Win_free                                 0.000089 s  (1 calls,    88.750 us/call)

  Stage 2 by chunk
    completed chunks                                        5
    accumulated stage 2                            152.622152 s
    average stage 2 per chunk                       30.524430 s
    slowest chunk                                          65
    slowest chunk stage 2                           31.998494 s

    order   chunk  queue        byte range                       bytes      records   stage2(s)
        0      15     15  [  1769472344,   1887436884)    117964540       310433   30.012445
        1      40     16  [  4718592372,   4836556912)    117964540       310433   30.209358
        2      65     17  [  7667712164,   7785676900)    117964736       313736   31.998494
        3      90     18  [ 10616832360,  10734796900)    117964540       310433   30.430505
        4     115     19  [ 13565952008,  13683916928)    117964920       310434   29.971350
==============================================================


================ MPI Dynamic Scheduler Debug =================
  MPI rank: 000016 / 000024

  Work summary
    claimed chunks                                          5
    claimed from this rank's queue                          1
    claimed from another rank's queue                       4
    completed FASTQ records                           1555472
    claimed input bytes                             589824416

  Scheduler counters
    scheduler_next calls                                    6
    RMA ticket attempts                                    29
    attempts against another rank's queue                  27
    tickets beyond the final chunk                         24
    empty aligned chunks                                    0

  Scheduler timing
    MPI_Win_create (setup)                       0.000230 s  (1 calls,   229.702 us/call)
    MPI_Barrier after setup                      0.000015 s  (1 calls,    14.900 us/call)
    scheduler_next total                         2.583022 s  (6 calls, 430503.724 us/call)
      RMA ticket path total                        0.825626 s  (29 calls, 28469.863 us/call)
        MPI_Win_lock                                 0.000087 s  (29 calls,     2.995 us/call)
        MPI_Fetch_and_op                             0.001764 s  (29 calls,    60.840 us/call)
        MPI_Win_unlock                               0.823712 s  (29 calls, 28403.877 us/call)
        RMA call overhead (derived)                  0.000062 s  (29 calls,     2.152 us/call)
      align nominal offsets to FASTQ records       1.757302 s  (5 calls, 351460.361 us/call)
      scheduler loop/bookkeeping (derived)         0.000094 s  (6 calls,    15.750 us/call)

  Scheduler teardown timing
    MPI_Barrier (wait for other ranks)          32.042338 s  (1 calls, 32042338.152 us/call)
    MPI_Win_free                                 0.000090 s  (1 calls,    90.100 us/call)

  Stage 2 by chunk
    completed chunks                                        5
    accumulated stage 2                            150.900060 s
    average stage 2 per chunk                       30.180012 s
    slowest chunk                                          66
    slowest chunk stage 2                           30.559172 s

    order   chunk  queue        byte range                       bytes      records   stage2(s)
        0      16     16  [  1887436884,   2005401804)    117964920       310434   29.821682
        1      41     17  [  4836556912,   4954521832)    117964920       310434   30.359373
        2      66     18  [  7785676900,   7903641636)    117964736       313736   30.559172
        3      91     19  [ 10734796900,  10852761820)    117964920       310434   30.220432
        4     116     20  [ 13683916928,  13801881848)    117964920       310434   29.939401
==============================================================


================ MPI Dynamic Scheduler Debug =================
  MPI rank: 000017 / 000024

  Work summary
    claimed chunks                                          6
    claimed from this rank's queue                          1
    claimed from another rank's queue                       5
    completed FASTQ records                           1864367
    claimed input bytes                             707788984

  Scheduler counters
    scheduler_next calls                                    7
    RMA ticket attempts                                    36
    attempts against another rank's queue                  34
    tickets beyond the final chunk                         30
    empty aligned chunks                                    0

  Scheduler timing
    MPI_Win_create (setup)                       0.000236 s  (1 calls,   235.752 us/call)
    MPI_Barrier after setup                      0.000016 s  (1 calls,    16.100 us/call)
    scheduler_next total                         3.048998 s  (7 calls, 435571.205 us/call)
      RMA ticket path total                        0.987662 s  (36 calls, 27435.045 us/call)
        MPI_Win_lock                                 0.000101 s  (36 calls,     2.803 us/call)
        MPI_Fetch_and_op                             0.000947 s  (36 calls,    26.306 us/call)
        MPI_Win_unlock                               0.986547 s  (36 calls, 27404.082 us/call)
        RMA call overhead (derived)                  0.000067 s  (36 calls,     1.854 us/call)
      align nominal offsets to FASTQ records       2.061263 s  (6 calls, 343543.804 us/call)
      scheduler loop/bookkeeping (derived)         0.000074 s  (7 calls,    10.572 us/call)

  Scheduler teardown timing
    MPI_Barrier (wait for other ranks)           2.451025 s  (1 calls, 2451024.924 us/call)
    MPI_Win_free                                 0.000091 s  (1 calls,    90.700 us/call)

  Stage 2 by chunk
    completed chunks                                        6
    accumulated stage 2                            180.241731 s
    average stage 2 per chunk                       30.040288 s
    slowest chunk                                          42
    slowest chunk stage 2                           30.250926 s

    order   chunk  queue        byte range                       bytes      records   stage2(s)
        0      17     17  [  2005401804,   2123366724)    117964920       310434   30.010575
        1      42     18  [  4954521832,   5072486752)    117964920       310434   30.250926
        2      67     19  [  7903641636,   8021606400)    117964764       312198   29.850666
        3      92     20  [ 10852761820,  10970726740)    117964920       310434   29.902143
        4     117     21  [ 13801881848,  13919846768)    117964920       310434   30.168293
        5     124      4  [ 14627635528,  14745600068)    117964540       310433   30.059128
==============================================================

  (1 calls,    17.200 us/call)
    scheduler_next total                         2.697589 s  (7 calls, 385369.814 us/call)
      RMA ticket path total                        0.654643 s  (33 calls, 19837.670 us/call)
        MPI_Win_lock                                 0.000084 s  (33 calls,     2.544 us/call)
        MPI_Fetch_and_op                             0.000669 s  (33 calls,    20.279 us/call)
        MPI_Win_unlock                               0.653832 s  (33 calls, 19813.103 us/call)
        RMA call overhead (derived)                  0.000058 s  (33 calls,     1.744 us/call)
      align nominal offsets to FASTQ records       2.042883 s  (6 calls, 340480.466 us/call)
      scheduler loop/bookkeeping (derived)         0.000063 s  (7 calls,     8.972 us/call)

  Scheduler teardown timing
    MPI_Barrier (wait for other ranks)           0.000026 s  (1 calls,    25.850 us/call)
    MPI_Win_free                                 0.000080 s  (1 calls,    80.450 us/call)

  Stage 2 by chunk
    completed chunks                                        6
    accumulated stage 2                            182.534408 s
    average stage 2 per chunk                       30.422401 s
    slowest chunk                                          97
    slowest chunk stage 2                           32.981751 s

    order   chunk  queue        byte range                       bytes      records   stage2(s)
        0      21     21  [  2477261104,   2595225644)    117964540       310433   30.870992
        1      46     22  [  5426381132,   5544345672)    117964540       310433   29.381684
        2      71     23  [  8375501160,   8493465700)    117964540       310433   29.810985
        3      72      0  [  8493465700,   8611430620)    117964920       310434   29.869015
        4      97      1  [ 11442585872,  11560550608)    117964736       313736   32.981751
        5     125      5  [ 14745600068,  14863564988)    117964920       310434   29.619981
==============================================================


================ MPI Dynamic Scheduler Debug =================
  MPI rank: 000022 / 000024

  Work summary
    claimed chunks                                          6
    claimed from this rank's queue                          1
    claimed from another rank's queue                       5
    completed FASTQ records                           1865906
    claimed input bytes                             707789336

  Scheduler counters
    scheduler_next calls                                    7
    RMA ticket attempts                                    30
    attempts against another rank's queue                  28
    tickets beyond the final chunk                         24
    empty aligned chunks                                    0

  Scheduler timing
    MPI_Win_create (setup)                       0.000238 s  (1 calls,   238.402 us/call)
    MPI_Barrier after setup                      0.000014 s  (1 calls,    13.700 us/call)
    scheduler_next total                         2.342897 s  (7 calls, 334699.522 us/call)
      RMA ticket path total                        0.735245 s  (30 calls, 24508.153 us/call)
        MPI_Win_lock                                 0.000082 s  (30 calls,     2.717 us/call)
        MPI_Fetch_and_op                             0.000637 s  (30 calls,    21.227 us/call)
        MPI_Win_unlock                               0.734471 s  (30 calls, 24482.358 us/call)
        RMA call overhead (derived)                  0.000056 s  (30 calls,     1.852 us/call)
      align nominal offsets to FASTQ records       1.607595 s  (6 calls, 267932.550 us/call)
      scheduler loop/bookkeeping (derived)         0.000057 s  (7 calls,     8.107 us/call)

  Scheduler teardown timing
    MPI_Barrier (wait for other ranks)           2.011435 s  (1 calls, 2011434.656 us/call)
    MPI_Win_free                                 0.000082 s  (1 calls,    82.350 us/call)

  Stage 2 by chunk
    completed chunks                                        6
    accumulated stage 2                            180.481499 s
    average stage 2 per chunk                       30.080250 s
    slowest chunk                                          98
    slowest chunk stage 2                           30.521512 s

    order   chunk  queue        byte range                       bytes      records   stage2(s)
        0      22     22  [  2595225644,   2713190564)    117964920       310434   29.790916
        1      47     23  [  5544345672,   5662310592)    117964920       310434   29.801726
        2      48      0  [  5662310592,   5780275512)    117964920       310434   29.989697
        3      73      1  [  8611430620,   8729395540)    117964920       310434   30.308596
        4      98      2  [ 11560550608,  11678515344)    117964736       313736   30.521512
        5     123      3  [ 14509670608,  14627635528)    117964920       310434   30.069052
==============================================================


================ MPI Dynamic Scheduler Debug =================
  MPI rank: 000023 / 000024

  Work summary
    claimed chunks                                          5
    claimed from this rank's queue                          1
    claimed from another rank's queue                       4
    completed FASTQ records                           1554510
    claimed input bytes                             589823304

  Scheduler counters
    scheduler_next calls                                    6
    RMA ticket attempts                                    29
    attempts against another rank's queue                  27
    tickets beyond the final chunk                         24
    empty aligned chunks                                    0

  Scheduler timing
    MPI_Win_create (setup)                       0.000230 s  (1 calls,   230.202 us/call)
    MPI_Barrier after setup                      0.000019 s  (1 calls,    18.700 us/call)
    scheduler_next total                         3.177887 s  (6 calls, 529647.795 us/call)
      RMA ticket path total                        0.714557 s  (29 calls, 24639.897 us/call)
        MPI_Win_lock                                 0.000078 s  (29 calls,     2.676 us/call)
        MPI_Fetch_and_op                             0.001077 s  (29 calls,    37.121 us/call)
        MPI_Win_unlock                               0.713350 s  (29 calls, 24598.261 us/call)
        RMA call overhead (derived)                  0.000053 s  (29 calls,     1.840 us/call)
      align nominal offsets to FASTQ records       2.463276 s  (5 calls, 492655.300 us/call)
      scheduler loop/bookkeeping (derived)         0.000053 s  (6 calls,     8.875 us/call)

  Scheduler teardown timing
    MPI_Barrier (wait for other ranks)          31.690646 s  (1 calls, 31690645.940 us/call)
    MPI_Win_free                                 0.000093 s  (1 calls,    92.901 us/call)

  Stage 2 by chunk
    completed chunks                                        5
    accumulated stage 2                            150.013720 s
    average stage 2 per chunk                       30.002744 s
    slowest chunk                                          74
    slowest chunk stage 2                           30.230936 s

    order   chunk  queue        byte range                       bytes      records   stage2(s)
        0      23     23  [  2713190564,   2831155484)    117964920       310434   30.150939
        1      24      0  [  2831155484,   2949120024)    117964540       310433   29.991743
        2      49      1  [  5780275512,   5898240052)    117964540       310433   29.768668
        3      74      2  [  8729395540,   8847360080)    117964540       310433   30.230936
        4      99      3  [ 11678515344,  11796480108)    117964764       312777   29.871434
==============================================================

[SWBWA output hash rank 000004/000024] calls=3725206 bytes=1570975519 sum=0x483b9980b78ad3ee xor=0xdb234178aaaf72c6 enabled=1
[SWBWA output hash rank 000010/000024] calls=3106710 bytes=1310057742 sum=0xa18cd72a2ee192a4 xor=0x47e2dc97e82f25f6 enabled=1
[SWBWA output hash rank 000012/000024] calls=3725204 bytes=1571089700 sum=0xc2a0fc405d7cf107 xor=0x9cc2dd27c3bf67a1 enabled=1
[SWBWA output hash rank 000015/000024] calls=3110938 bytes=1312044693 sum=0x56594e49bf284c20 xor=0xd20f6c1f3b154d32 enabled=1
[SWBWA output hash rank 000019/000024] calls=3725206 bytes=1571036071 sum=0x86844f5e4feb60e0 xor=0x7464ce22c0041e7c enabled=1
[SWBWA output hash rank 000001/000024] calls=3110944 bytes=1311506780 sum=0x5832ef960b231ed8 xor=0xf2ebb19d14901844 enabled=1
[SWBWA output hash rank 000003/000024] calls=3540962 bytes=1492961609 sum=0x3332e86de44c6160 xor=0xb1b335646ad79916 enabled=1
[SWBWA output hash rank 000009/000024] calls=3110942 bytes=1311299820 sum=0x693ac3b04323421e xor=0xb01064dbaed92fda enabled=1
[SWBWA output hash rank 000013/000024] calls=3725208 bytes=1571101189 sum=0xe6f90c2b8ae05307 xor=0x09925df8304fa6c7 enabled=1
[SWBWA output hash rank 000014/000024] calls=3110990 bytes=1312744635 sum=0xeaee730e43023e4a xor=0x79b3cf42c1409450 enabled=1
[SWBWA output hash rank 000018/000024] calls=3725200 bytes=1571150727 sum=0xd93f08cbd129b686 xor=0x6d1d39ebaf916bae enabled=1
[SWBWA output hash rank 000020/000024] calls=3109834 bytes=1312155935 sum=0xf8c30e8d9afe30a6 xor=0xda58b04b9f646e1c enabled=1
[SWBWA output hash rank 000022/000024] calls=3731812 bytes=1573230368 sum=0x27008d6aa6dedd7c xor=0x261a48617c2ae0fc enabled=1
[SWBWA output hash rank 000002/000024] calls=3110936 bytes=1311241151 sum=0x65460c796f35a3c5 xor=0xff3dee5b23480985 enabled=1
[SWBWA output hash rank 000005/000024] calls=3104332 bytes=1309299962 sum=0xf9397b9cf2e487a2 xor=0x748554586ee1b426 enabled=1
[SWBWA output hash rank 000007/000024] calls=3112150 bytes=1313444284 sum=0x0ea29140b0ea621c xor=0xd5902e38d3a6425e enabled=1
[SWBWA output hash rank 000011/000024] calls=3104334 bytes=1308971185 sum=0xedc6f13b8fed421b xor=0x0b0f1ee224330783 enabled=1
[SWBWA output hash rank 000017/000024] calls=3728734 bytes=1572163018 sum=0x414b002540398e92 xor=0x3eaf573f52e8e14a enabled=1
[SWBWA output hash rank 000023/000024] calls=3109020 bytes=1310715090 sum=0x3b95a671efc94b73 xor=0x2093ebde4353720f enabled=1
[SWBWA output hash rank 000000/000024] calls=3113310 bytes=1313976500 sum=0x7df7e1d62d01be2f xor=0xc2458838ebe21ac3 enabled=1
[SWBWA output hash rank 000008/000024] calls=3110940 bytes=1311797937 sum=0x565011f9af3b9781 xor=0x334fe7819d622fb1 enabled=1
[SWBWA output hash rank 000016/000024] calls=3110944 bytes=1311388851 sum=0x8e5d1ca0e3358d47 xor=0xd1a9ed3416e3ed01 enabled=1
[SWBWA output hash rank 000021/000024] calls=3731806 bytes=1573728072 sum=0xdea986f6f66e8457 xor=0xb691d4e0225f260b enabled=1
[SWBWA output hash rank 000006/000024] calls=3104338 bytes=1309179953 sum=0xe37c192b4632805e xor=0x4dc62aabfb691396 enabled=1

================ MPI Progress Thread Debug =================
  MPI rank: 000006 / 000024
  lifetime                                      193.175243 s
  MPI_Iprobe calls                                   19300
  MPI_Iprobe total                                0.298536 s
  MPI_Iprobe average                                15.468 us
  MPI_Iprobe maximum                              0.020160 s
  calls >= 1 ms                                         17
  calls >= 10 ms                                         8
  calls >= 100 ms                                        0
  calls >= 1 s                                           0
============================================================


================ MPI Progress Thread Debug =================
  MPI rank: 000007 / 000024
  lifetime                                      193.162053 s
  MPI_Iprobe calls                                   19301
  MPI_Iprobe total                                0.290506 s
  MPI_Iprobe average                                15.051 us
  MPI_Iprobe maximum                              0.010868 s
  calls >= 1 ms                                         27
  calls >= 10 ms                                         3
  calls >= 100 ms                                        0
  calls >= 1 s                                           0
============================================================


================ MPI Progress Thread Debug =================
  MPI rank: 000008 / 000024
  lifetime                                      193.156766 s
  MPI_Iprobe calls                                   19297
  MPI_Iprobe total                                0.417261 s
  MPI_Iprobe average                                21.623 us
  MPI_Iprobe maximum                              0.020233 s
  calls >= 1 ms                                         41
  calls >= 10 ms                                         5
  calls >= 100 ms                                        0
  calls >= 1 s                                           0
============================================================


================ MPI Progress Thread Debug =================
  MPI rank: 000009 / 000024
  lifetime                                      193.165512 s
  MPI_Iprobe calls                                   19292
  MPI_Iprobe total                                0.364840 s
  MPI_Iprobe average                                18.911 us
  MPI_Iprobe maximum                              0.020261 s
  calls >= 1 ms                                         22
  calls >= 10 ms                                         9
  calls >= 100 ms                                        0
  calls >= 1 s                                           0
============================================================


================ MPI Progress Thread Debug =================
  MPI rank: 000010 / 000024
  lifetime                                      193.170165 s
  MPI_Iprobe calls                                   19302
  MPI_Iprobe total                                0.285470 s
  MPI_Iprobe average                                14.790 us
  MPI_Iprobe maximum                              0.010110 s
  calls >= 1 ms                                         18
  calls >= 10 ms                                         4
  calls >= 100 ms                                        0
  calls >= 1 s                                           0
============================================================


================ MPI Progress Thread Debug =================
  MPI rank: 000011 / 000024
  lifetime                                      193.165201 s
  MPI_Iprobe calls                                   19297
  MPI_Iprobe total                                0.339906 s
  MPI_Iprobe average                                17.614 us
  MPI_Iprobe maximum                              0.020136 s
  calls >= 1 ms                                         17
  calls >= 10 ms                                         6
  calls >= 100 ms                                        0
  calls >= 1 s                                           0
============================================================


================ MPI Progress Thread Debug =================
  MPI rank: 000012 / 000024
  lifetime                                      193.164332 s
  MPI_Iprobe calls                                   19281
  MPI_Iprobe total                                0.463824 s
  MPI_Iprobe average                                24.056 us
  MPI_Iprobe maximum                              0.020631 s
  calls >= 1 ms                                         32
  calls >= 10 ms                                        22
  calls >= 100 ms                                        0
  calls >= 1 s                                           0
============================================================


================ MPI Progress Thread Debug =================
  MPI rank: 000013 / 000024
  lifetime                                      193.154455 s
  MPI_Iprobe calls                                   19293
  MPI_Iprobe total                                0.357996 s
  MPI_Iprobe average                                18.556 us
  MPI_Iprobe maximum                              0.020108 s
  calls >= 1 ms                                         25
  calls >= 10 ms                                         7
  calls >= 100 ms                                        0
  calls >= 1 s                                           0
============================================================


================ MPI Progress Thread Debug =================
  MPI rank: 000014 / 000024
  lifetime                                      193.164702 s
  MPI_Iprobe calls                                   19299
  MPI_Iprobe total                                0.330282 s
  MPI_Iprobe average                                17.114 us
  MPI_Iprobe maximum                              0.022106 s
  calls >= 1 ms                                         24
  calls >= 10 ms                                         4
  calls >= 100 ms                                        0
  calls >= 1 s                                           0
============================================================


================ MPI Progress Thread Debug =================
  MPI rank: 000015 / 000024
  lifetime                                      193.154577 s
  MPI_Iprobe calls                                   19289
  MPI_Iprobe total                                0.383972 s
  MPI_Iprobe average                                19.906 us
  MPI_Iprobe maximum                              0.020580 s
  calls >= 1 ms                                         24
  calls >= 10 ms                                         8
  calls >= 100 ms                                        0
  calls >= 1 s                                           0
============================================================


================ MPI Progress Thread Debug =================
  MPI rank: 000016 / 000024
  lifetime                                      193.154351 s
  MPI_Iprobe calls                                   19299
  MPI_Iprobe total                                0.306765 s
  MPI_Iprobe average                                15.895 us
  MPI_Iprobe maximum                              0.020268 s
  calls >= 1 ms                                         18
  calls >= 10 ms                                         5
  calls >= 100 ms                                        0
  calls >= 1 s                                           0
============================================================


================ MPI Progress Thread Debug =================
  MPI rank: 000017 / 000024
  lifetime                                      193.154432 s
  MPI_Iprobe calls                                   19294
  MPI_Iprobe total                                0.355463 s
  MPI_Iprobe average                                18.424 us
  MPI_Iprobe maximum                              0.020250 s
  calls >= 1 ms                                         25
  calls >= 10 ms                                         4
  calls >= 100 ms                                        0
  calls >= 1 s                                           0
============================================================


================ MPI Progress Thread Debug =================
  MPI rank: 000018 / 000024
  lifetime                                      193.164992 s
  MPI_Iprobe calls                                   19276
  MPI_Iprobe total                                0.498591 s
  MPI_Iprobe average                                25.866 us
  MPI_Iprobe maximum                              0.010142 s
  calls >= 1 ms                                         35
  calls >= 10 ms                                        27
  calls >= 100 ms                                        0
  calls >= 1 s                                           0
============================================================


================ MPI Progress Thread Debug =================
  MPI rank: 000019 / 000024
  lifetime                                      193.154264 s
  MPI_Iprobe calls                                   19299
  MPI_Iprobe total                                0.308526 s
  MPI_Iprobe average                                15.987 us
  MPI_Iprobe maximum                              0.014373 s
  calls >= 1 ms                                         23
  calls >= 10 ms                                         5
  calls >= 100 ms                                        0
  calls >= 1 s                                           0
============================================================


================ MPI Progress Thread Debug =================
  MPI rank: 000020 / 000024
  lifetime                                      193.154522 s
  MPI_Iprobe calls                                   19298
  MPI_Iprobe total                                0.356647 s
  MPI_Iprobe average                                18.481 us
  MPI_Iprobe maximum                              0.014778 s
  calls >= 1 ms                                         22
  calls >= 10 ms                                         4
  calls >= 100 ms                                        0
  calls >= 1 s                                           0
============================================================


================ MPI Progress Thread Debug =================
  MPI rank: 000021 / 000024
  lifetime                                      193.154577 s
  MPI_Iprobe calls                                   19294
  MPI_Iprobe total                                0.351379 s
  MPI_Iprobe average                                18.212 us
  MPI_Iprobe maximum                              0.021498 s
  calls >= 1 ms                                         20
  calls >= 10 ms                                        10
  calls >= 100 ms                                        0
  calls >= 1 s                                           0
============================================================


================ MPI Progress Thread Debug =================
  MPI rank: 000022 / 000024
  lifetime                                      193.164607 s
  MPI_Iprobe calls                                   19299
  MPI_Iprobe total                                0.334500 s
  MPI_Iprobe average                                17.333 us
  MPI_Iprobe maximum                              0.010246 s
  calls >= 1 ms                                         19
  calls >= 10 ms                                         5
  calls >= 100 ms                                        0
  calls >= 1 s                                           0
============================================================


================ MPI Progress Thread Debug =================
  MPI rank: 000023 / 000024
  lifetime                                      193.154759 s
  MPI_Iprobe calls                                   19300
  MPI_Iprobe total                                0.337360 s
  MPI_Iprobe average                                17.480 us
  MPI_Iprobe maximum                              0.020074 s
  calls >= 1 ms                                         34
  calls >= 10 ms                                         3
  calls >= 100 ms                                        0
  calls >= 1 s                                           0
============================================================


================ MPI Progress Thread Debug =================
  MPI rank: 000000 / 000024
  lifetime                                      193.175030 s
  MPI_Iprobe calls                                   19287
  MPI_Iprobe total                                0.399635 s
  MPI_Iprobe average                                20.720 us
  MPI_Iprobe maximum                              0.010256 s
  calls >= 1 ms                                         32
  calls >= 10 ms                                        18
  calls >= 100 ms                                        0
  calls >= 1 s                                           0
============================================================


================ SWBWA CPE/MPI Progress Debug ================
  MPI rank: 000000 / 000024

    phase                      waits     probes   total(s)    avg(us)    max(s)   >=1ms   >=10ms   >=100ms    >=1s  completed
    FASTQ formatting               5          0      0.000      0.000     0.000       0        0         0       0          0
    alignment and SAM length       5          0      0.000      0.000     0.000       0        0         0       0          0
    SAM record generation          5          0      0.000      0.000     0.000       0        0         0       0          0
    all CPE phases                15          0      0.000      0.000     0.000       0        0         0       0          0

  Probes marked 'completed' returned with the CPE completion
  flag set. Their full call duration bounds the possible delay.
    completion-observing probe total               0.000000 s
    slowest completion-observing probe             0.000000 s
==============================================================


================ MPI Progress Thread Debug =================
  MPI rank: 000001 / 000024
  lifetime                                      193.165227 s
  MPI_Iprobe calls                                   19298
  MPI_Iprobe total                                0.320582 s
  MPI_Iprobe average                                16.612 us
  MPI_Iprobe maximum                              0.020120 s
  calls >= 1 ms                                         24
  calls >= 10 ms                                         7
  calls >= 100 ms                                        0
  calls >= 1 s                                           0
============================================================


================ SWBWA CPE/MPI Progress Debug ================
  MPI rank: 000001 / 000024

    phase                      waits     probes   total(s)    avg(us)    max(s)   >=1ms   >=10ms   >=100ms    >=1s  completed

================ MPI Progress Thread Debug =================
  MPI rank: 000002 / 000024
  lifetime                                      193.165074 s
  MPI_Iprobe calls                                   19283
  MPI_Iprobe total                                0.435784 s
  MPI_Iprobe average                                22.599 us
  MPI_Iprobe maximum                              0.021442 s
  calls >= 1 ms                                         21
  calls >= 10 ms                                        12
  calls >= 100 ms                                        0
  calls >= 1 s                                           0
============================================================


================ MPI Progress Thread Debug =================
  MPI rank: 000003 / 000024
  lifetime                                      193.165347 s
  MPI_Iprobe calls                                   19290
  MPI_Iprobe total                                0.322182 s
  MPI_Iprobe average                                16.702 us
  MPI_Iprobe maximum                              0.020191 s
  calls >= 1 ms                                         23
  calls >= 10 ms                                         6
  calls >= 100 ms                                        0
  calls >= 1 s                                           0
============================================================


================ MPI Progress Thread Debug =================
  MPI rank: 000004 / 000024
  lifetime                                      193.165606 s
  MPI_Iprobe calls                                   19292
  MPI_Iprobe total                                0.433362 s
  MPI_Iprobe average                                22.463 us
  MPI_Iprobe maximum                              0.010114 s
  calls >= 1 ms                                         35
  calls >= 10 ms                                        12
  calls >= 100 ms                                        0
  calls >= 1 s                                           0
============================================================


================ MPI Progress Thread Debug =================
  MPI rank: 000005 / 000024
  lifetime                                      193.165239 s
  MPI_Iprobe calls                                   19300
  MPI_Iprobe total                                0.312215 s
  MPI_Iprobe average                                16.177 us
  MPI_Iprobe maximum                              0.010872 s
  calls >= 1 ms                                         18
  calls >= 10 ms                                         5
  calls >= 100 ms                                        0
  calls >= 1 s                                           0
============================================================


================ SWBWA CPE/MPI Progress Debug ================
  MPI rank: 000006 / 000024

    phase                      waits     probes   total(s)    avg(us)    max(s)   >=1ms   >=10ms   >=100ms    >=1s  completed
    FASTQ formatting               5          0      0.000      0.000     0.000       0        0         0       0          0
    alignment and SAM length       5          0      0.000      0.000     0.000       0        0         0       0          0
    SAM record generation          5          0      0.000      0.000     0.000       0        0         0       0          0
    all CPE phases                15          0      0.000      0.000     0.000       0        0         0       0          0

  Probes marked 'completed' returned with the CPE completion
  flag set. Their full call duration bounds the possible delay.
    completion-observing probe total               0.000000 s
    slowest completion-observing probe             0.000000 s
==============================================================


================ SWBWA CPE/MPI Progress Debug ================
  MPI rank: 000007 / 000024

    phase                      waits     probes   total(s)    avg(us)    max(s)   >=1ms   >=10ms   >=100ms    >=1s  completed
    FASTQ formatting               5          0      0.000      0.000     0.000       0        0         0       0          0
    alignment and SAM length       5          0      0.000      0.000     0.000       0        0         0       0          0
    SAM record generation          5          0      0.000      0.000     0.000       0        0         0       0          0
    all CPE phases                15          0      0.000      0.000     0.000       0        0         0       0          0

  Probes marked 'completed' returned with the CPE completion
  flag set. Their full call duration bounds the possible delay.
    completion-observing probe total               0.000000 s
    slowest completion-observing probe             0.000000 s
==============================================================


================ SWBWA CPE/MPI Progress Debug ================
  MPI rank: 000008 / 000024

    phase                      waits     probes   total(s)    avg(us)    max(s)   >=1ms   >=10ms   >=100ms    >=1s  completed
    FASTQ formatting               5          0      0.000      0.000     0.000       0        0         0       0          0
    alignment and SAM length       5          0      0.000      0.000     0.000       0        0         0       0          0
    SAM record generation          5          0      0.000      0.000     0.000       0        0         0       0          0
    all CPE phases                15          0      0.000      0.000     0.000       0        0         0       0          0

  Probes marked 'completed' returned with the CPE completion
  flag set. Their full call duration bounds the possible delay.
    completion-observing probe total               0.000000 s
    slowest completion-observing probe             0.000000 s
==============================================================


================ SWBWA CPE/MPI Progress Debug ================
  MPI rank: 000009 / 000024

    phase                      waits     probes   total(s)    avg(us)    max(s)   >=1ms   >=10ms   >=100ms    >=1s  completed
    FASTQ formatting               5          0      0.000      0.000     0.000       0        0         0       0          0
    alignment and SAM length       5          0      0.000      0.000     0.000       0        0         0       0          0
    SAM record generation          5          0      0.000      0.000     0.000       0        0         0       0          0
    all CPE phases                15          0      0.000      0.000     0.000       0        0         0       0          0

  Probes marked 'completed' returned with the CPE completion
  flag set. Their full call duration bounds the possible delay.
    completion-observing probe total               0.000000 s
    slowest completion-observing probe             0.000000 s
==============================================================


================ SWBWA CPE/MPI Progress Debug ================
  MPI rank: 000010 / 000024

    phase                      waits     probes   total(s)    avg(us)    max(s)   >=1ms   >=10ms   >=100ms    >=1s  completed
    FASTQ formatting               5          0      0.000      0.000     0.000       0        0         0       0          0
    alignment and SAM length       5          0      0.000      0.000     0.000       0        0         0       0          0
    SAM record generation          5          0      0.000      0.000     0.000       0        0         0       0          0
    all CPE phases                15          0      0.000      0.000     0.000       0        0         0       0          0

  Probes marked 'completed' returned with the CPE completion
  flag set. Their full call duration bounds the possible delay.
    completion-observing probe total               0.000000 s
    slowest completion-observing probe             0.000000 s
==============================================================


================ SWBWA CPE/MPI Progress Debug ================
  MPI rank: 000011 / 000024

    phase                      waits     probes   total(s)    avg(us)    max(s)   >=1ms   >=10ms   >=100ms    >=1s  completed
    FASTQ formatting               5          0      0.000      0.000     0.000       0        0         0       0          0

================ SWBWA CPE/MPI Progress Debug ================
  MPI rank: 000012 / 000024

    phase                      waits     probes   total(s)    avg(us)    max(s)   >=1ms   >=10ms   >=100ms    >=1s  completed
    alignment and SAM length       5          0      0.000      0.000     0.000       0        0         0       0          0
    SAM record generation          5          0      0.000      0.000     0.000       0        0         0       0          0
    all CPE phases                15          0      0.000      0.000     0.000       0        0         0       0          0

  Probes marked 'completed' returned with the CPE completion
  flag set. Their full call duration bounds the possible delay.
    completion-observing probe total               0.000000 s
    slowest completion-observing probe             0.000000 s
==============================================================

    FASTQ formatting               6          0      0.000      0.000     0.000       0        0         0       0          0
    alignment and SAM length       6          0      0.000      0.000     0.000       0        0         0       0          0
    SAM record generation          6          0      0.000      0.000     0.000       0        0         0       0          0
    all CPE phases                18          0      0.000      0.000     0.000       0        0         0       0          0

  Probes marked 'completed' returned with the CPE completion
  flag set. Their full call duration bounds the possible delay.
    completion-observing probe total               0.000000 s
    slowest completion-observing probe             0.000000 s
==============================================================


================ SWBWA CPE/MPI Progress Debug ================
  MPI rank: 000013 / 000024

    phase                      waits     probes   total(s)    avg(us)    max(s)   >=1ms   >=10ms   >=100ms    >=1s  completed
    FASTQ formatting               6          0      0.000      0.000     0.000       0        0         0       0          0
    alignment and SAM length       6          0      0.000      0.000     0.000       0        0         0       0          0
    SAM record generation          6          0      0.000      0.000     0.000       0        0         0       0          0
    all CPE phases                18          0      0.000      0.000     0.000       0        0         0       0          0

  Probes marked 'completed' returned with the CPE completion
  flag set. Their full call duration bounds the possible delay.
    completion-observing probe total               0.000000 s
    slowest completion-observing probe             0.000000 s
==============================================================


================ SWBWA CPE/MPI Progress Debug ================
  MPI rank: 000014 / 000024

    phase                      waits     probes   total(s)    avg(us)    max(s)   >=1ms   >=10ms   >=100ms    >=1s  completed
    FASTQ formatting               5          0      0.000      0.000     0.000       0        0         0       0          0
    alignment and SAM length       5          0      0.000      0.000     0.000       0        0         0       0          0
    SAM record generation          5          0      0.000      0.000     0.000       0        0         0       0          0
    all CPE phases                15          0      0.000      0.000     0.000       0        0         0       0          0

  Probes marked 'completed' returned with the CPE completion
  flag set. Their full call duration bounds the possible delay.
    completion-observing probe total               0.000000 s
    slowest completion-observing probe             0.000000 s
==============================================================


================ SWBWA CPE/MPI Progress Debug ================
  MPI rank: 000015 / 000024

    phase                      waits     probes   total(s)    avg(us)    max(s)   >=1ms   >=10ms   >=100ms    >=1s  completed
    FASTQ formatting               5          0      0.000      0.000     0.000       0        0         0       0          0
    alignment and SAM length       5          0      0.000      0.000     0.000       0        0         0       0          0
    SAM record generation          5          0      0.000      0.000     0.000       0        0         0       0          0
    all CPE phases                15          0      0.000      0.000     0.000       0        0         0       0          0

  Probes marked 'completed' returned with the CPE completion
  flag set. Their full call duration bounds the possible delay.
    completion-observing probe total               0.000000 s
    slowest completion-observing probe             0.000000 s
==============================================================


================ SWBWA CPE/MPI Progress Debug ================
  MPI rank: 000016 / 000024

    phase                      waits     probes   total(s)    avg(us)    max(s)   >=1ms   >=10ms   >=100ms    >=1s  completed
    FASTQ formatting               5          0      0.000      0.000     0.000       0        0         0       0          0
    alignment and SAM length       5          0      0.000      0.000     0.000       0        0         0       0          0
    SAM record generation          5          0      0.000      0.000     0.000       0        0         0       0          0
    all CPE phases                15          0      0.000      0.000     0.000       0        0         0       0          0

  Probes marked 'completed' returned with the CPE completion
  flag set. Their full call duration bounds the possible delay.
    completion-observing probe total               0.000000 s
    slowest completion-observing probe             0.000000 s
==============================================================


================ SWBWA CPE/MPI Progress Debug ================
  MPI rank: 000017 / 000024

    phase                      waits     probes   total(s)    avg(us)    max(s)   >=1ms   >=10ms   >=100ms    >=1s  completed
    FASTQ formatting               6          0      0.000      0.000     0.000       0        0         0       0          0

================ SWBWA CPE/MPI Progress Debug ================
  MPI rank: 000018 / 000024

    phase                      waits     probes   total(s)    avg(us)    max(s)   >=1ms   >=10ms   >=100ms    >=1s  completed
    FASTQ formatting               6          0      0.000      0.000     0.000       0        0         0       0          0
    alignment and SAM length       6          0      0.000      0.000     0.000       0        0         0       0          0
    SAM record generation          6          0      0.000      0.000     0.000       0        0         0       0          0
    all CPE phases                18          0      0.000      0.000     0.000       0        0         0       0          0

  Probes marked 'completed' returned with the CPE completion
  flag set. Their full call duration bounds the possible delay.
    completion-observing probe total               0.000000 s
    slowest completion-observing probe             0.000000 s
==============================================================

    alignment and SAM length       6          0      0.000      0.000     0.000       0        0         0       0          0
    SAM record generation          6          0      0.000      0.000     0.000       0        0         0       0          0
    all CPE phases                18          0      0.000      0.000     0.000       0        0         0       0          0

  Probes marked 'completed' returned with the CPE completion
  flag set. Their full call duration bounds the possible delay.
    completion-observing probe total               0.000000 s
    slowest completion-observing probe             0.000000 s
==============================================================


================ SWBWA CPE/MPI Progress Debug ================
  MPI rank: 000019 / 000024

    phase                      waits     probes   total(s)    avg(us)    max(s)   >=1ms   >=10ms   >=100ms    >=1s  completed
    FASTQ formatting               6          0      0.000      0.000     0.000       0        0         0       0          0
    alignment and SAM length       6          0      0.000      0.000     0.000       0        0         0       0          0
    SAM record generation          6          0      0.000      0.000     0.000       0        0         0       0          0
    all CPE phases                18          0      0.000      0.000     0.000       0        0         0       0          0

  Probes marked 'completed' returned with the CPE completion
  flag set. Their full call duration bounds the possible delay.
    completion-observing probe total               0.000000 s
    slowest completion-observing probe             0.000000 s
==============================================================

    FASTQ formatting               5          0      0.000      0.000     0.000       0        0         0       0          0
    alignment and SAM length       5          0      0.000      0.000     0.000       0        0         0       0          0
    SAM record generation          5          0      0.000      0.000     0.000       0        0         0       0          0
    all CPE phases                15          0      0.000      0.000     0.000       0        0         0       0          0

  Probes marked 'completed' returned with the CPE completion
  flag set. Their full call duration bounds the possible delay.
    completion-observing probe total               0.000000 s
    slowest completion-observing probe             0.000000 s
==============================================================


======================= SWBWA Timing Report =======================
  MPI rank: 000001 / 000024
  Accumulated wall-clock time; indented rows are included in
  their parent row and must not be added to it.

  Pipeline
    total - complete three-stage pipeline                   193.176 s
    stage 1 - allocate and read raw FASTQ blocks             51.375 s
    stage 2 - align reads and generate SAM records          150.314 s
    stage 3 - write SAM and release batch data                6.373 s
      SAM output writes                                         5.078 s
      batch cleanup and loop overhead (derived)                 1.294 s

  Stage 1 input details
    batches completed / stage calls                       5 / 6
    input-buffer and batch allocations                        0.000 s  (16 calls, max 0.000 s)
    aggregate requested allocation bytes           1179659456
    FASTQ fseeko calls                                        0.799 s  (10 calls, max 0.221 s)
    FASTQ fread calls                                        48.870 s  (10 calls, max 5.975 s)
    align chunk ends to FASTQ record boundaries               0.000 s  (0 calls, max 0.000 s)
    scheduler, checks and bookkeeping (derived)               1.705 s
    raw FASTQ bytes read                           1179648832  (1125.001 MiB)
    effective fread bandwidth                         23.020 MiB/s
    slowest allocation                                 0.000 s  (117965944 bytes)
    slowest fread                                      5.975 s  (R2 offset=3067084944, bytes=117964920)

  Stage 2 worker details
    total - active merge worker                             150.313 s
      part 1 - prepare CPE task and reusable buffers            0.139 s
      part 2 - CPE FASTQ formatting and input release           0.288 s
      part 3 - CPE alignment and SAM length pass              149.265 s
      part 4 - assign slices in the shared SAM buffer           0.239 s
      part 5 - CPE SAM record generation                        0.380 s
      part 6 - release temporary worker data                    0.000 s

  Reserved allocator timers (no active timing sites)
    malloc timer                                              0.000 s
    free timer                                                0.000 s
===================================================================


================ SWBWA CPE/MPI Progress Debug ================
  MPI rank: 000002 / 000024

    phase                      waits     probes   total(s)    avg(us)    max(s)   >=1ms   >=10ms   >=100ms    >=1s  completed
    FASTQ formatting               5          0      0.000      0.000     0.000       0        0         0       0          0
    alignment and SAM length       5          0      0.000      0.000     0.000       0        0         0       0          0
    SAM record generation          5          0      0.000      0.000     0.000       0        0         0       0          0
    all CPE phases                15          0      0.000      0.000     0.000       0        0         0       0          0

  Probes marked 'completed' returned with the CPE completion
  flag set. Their full call duration bounds the possible delay.
    completion-observing probe total               0.000000 s
    slowest completion-observing probe             0.000000 s
==============================================================


======================= SWBWA Timing Report =======================
  MPI rank: 000002 / 000024
  Accumulated wall-clock time; indented rows are included in
  their parent row and must not be added to it.

  Pipeline
    total - complete three-stage pipeline                   193.170 s
    stage 1 - allocate and read raw FASTQ blocks             51.782 s
    stage 2 - align reads and generate SAM records          150.643 s
    stage 3 - write SAM and release batch data                7.559 s
      SAM output writes                                         6.005 s
      batch cleanup and loop overhead (derived)                 1.554 s

  Stage 1 input details
    batches completed / stage calls                       5 / 6
    input-buffer and batch allocations                        0.000 s  (16 calls, max 0.000 s)
    aggregate requested allocation bytes           1179656416
    FASTQ fseeko calls                                        0.893 s  (10 calls, max 0.251 s)
    FASTQ fread calls                                        49.065 s  (10 calls, max 5.923 s)
    align chunk ends to FASTQ record boundaries               0.000 s  (0 calls, max 0.000 s)
    scheduler, checks and bookkeeping (derived)               1.824 s
    raw FASTQ bytes read                           1179645792  (1124.998 MiB)
    effective fread bandwidth                         22.929 MiB/s
    slowest allocation                                 0.000 s  (64 bytes)
    slowest fread                                      5.923 s  (R2 offset=3185049864, bytes=117964540)

  Stage 2 worker details
    total - active merge worker                             150.641 s
      part 1 - prepare CPE task and reusable buffers            0.145 s
      part 2 - CPE FASTQ formatting and input release           0.279 s
      part 3 - CPE alignment and SAM length pass              149.556 s
      part 4 - assign slices in the shared SAM buffer           0.283 s
      part 5 - CPE SAM record generation                        0.374 s
      part 6 - release temporary worker data                    0.000 s

  Reserved allocator timers (no active timing sites)
    malloc timer                                              0.000 s
    free timer                                                0.000 s
===================================================================


================ SWBWA CPE/MPI Progress Debug ================
  MPI rank: 000003 / 000024

    phase                      waits     probes   total(s)    avg(us)    max(s)   >=1ms   >=10ms   >=100ms    >=1s  completed
    FASTQ formatting               6          0      0.000      0.000     0.000       0        0         0       0          0
    alignment and SAM length       6          0      0.000      0.000     0.000       0        0         0       0          0
    SAM record generation          6          0      0.000      0.000     0.000       0        0         0       0          0
    all CPE phases                18          0      0.000      0.000     0.000       0        0         0       0          0

  Probes marked 'completed' returned with the CPE completion
  flag set. Their full call duration bounds the possible delay.
    completion-observing probe total               0.000000 s
    slowest completion-observing probe             0.000000 s
==============================================================


======================= SWBWA Timing Report =======================
  MPI rank: 000003 / 000024
  Accumulated wall-clock time; indented rows are included in
  their parent row and must not be added to it.

  Pipeline
    total - complete three-stage pipeline                   193.177 s
    stage 1 - allocate and read raw FASTQ blocks             51.749 s
    stage 2 - align reads and generate SAM records          170.743 s
    stage 3 - write SAM and release batch data                7.912 s
      SAM output writes                                         6.326 s
      batch cleanup and loop overhead (derived)                 1.586 s

  Stage 1 input details
    batches completed / stage calls                       6 / 7
    input-buffer and batch allocations                        0.000 s  (19 calls, max 0.000 s)
    aggregate requested allocation bytes           1345117440
    FASTQ fseeko calls                                        0.953 s  (12 calls, max 0.250 s)
    FASTQ fread calls                                        49.155 s  (12 calls, max 5.893 s)
    align chunk ends to FASTQ record boundaries               0.000 s  (0 calls, max 0.000 s)
    scheduler, checks and bookkeeping (derived)               1.641 s
    raw FASTQ bytes read                           1345104704  (1282.792 MiB)
    effective fread bandwidth                         26.097 MiB/s
    slowest allocation                                 0.000 s  (117965944 bytes)
    slowest fread                                      5.893 s  (R2 offset=3303014404, bytes=117964920)

  Stage 2 worker details
    total - active merge worker                             170.740 s
      part 1 - prepare CPE task and reusable buffers            0.191 s
      part 2 - CPE FASTQ formatting and input release           0.322 s
      part 3 - CPE alignment and SAM length pass              169.526 s

======================= SWBWA Timing Report =======================
  MPI rank: 000000 / 000024
  Accumulated wall-clock time; indented rows are included in
  their parent row and must not be added to it.

  Pipeline
    total - complete three-stage pipeline                   193.179 s
    stage 1 - allocate and read raw FASTQ blocks             34.728 s
    stage 2 - align reads and generate SAM records          157.893 s
    stage 3 - write SAM and release batch data                6.532 s
      SAM output writes                                         5.223 s
      batch cleanup and loop overhead (derived)                 1.309 s

  Stage 1 input details
    batches completed / stage calls                       5 / 6
    input-buffer and batch allocations                        0.000 s  (16 calls, max 0.000 s)
    aggregate requested allocation bytes           1179660232
    FASTQ fseeko calls                                        0.379 s  (10 calls, max 0.216 s)
    FASTQ fread calls                                        32.602 s  (10 calls, max 5.805 s)
    align chunk ends to FASTQ record boundaries               0.000 s  (0 calls, max 0.000 s)
    scheduler, checks and bookkeeping (derived)               1.747 s
    raw FASTQ bytes read                           1179649608  (1125.002 MiB)
    effective fread bandwidth                         34.507 MiB/s
    slowest allocation                                 0.000 s  (117965944 bytes)
    slowest fread                                      5.805 s  (R2 offset=2949120024, bytes=117964920)

  Stage 2 worker details
    total - active merge worker                             157.891 s
      part 1 - prepare CPE task and reusable buffers            0.130 s
      part 2 - CPE FASTQ formatting and input release           0.285 s
      part 3 - CPE alignment and SAM length pass              156.855 s
      part 4 - assign slices in the shared SAM buffer           0.240 s
      part 5 - CPE SAM record generation                        0.378 s
      part 6 - release temporary worker data                    0.000 s

  Reserved allocator timers (no active timing sites)
    malloc timer                                              0.000 s
    free timer                                                0.000 s
===================================================================

      part 4 - assign slices in the shared SAM buffer           0.257 s
      part 5 - CPE SAM record generation                        0.441 s
      part 6 - release temporary worker data                    0.000 s

  Reserved allocator timers (no active timing sites)
    malloc timer                                              0.000 s
    free timer                                                0.000 s
===================================================================


================ SWBWA CPE/MPI Progress Debug ================
  MPI rank: 000004 / 000024

    phase                      waits     probes   total(s)    avg(us)    max(s)   >=1ms   >=10ms   >=100ms    >=1s  completed
    FASTQ formatting               6          0      0.000      0.000     0.000       0        0         0       0          0
    alignment and SAM length       6          0      0.000      0.000     0.000       0        0         0       0          0
    SAM record generation          6          0      0.000      0.000     0.000       0        0         0       0          0
    all CPE phases                18          0      0.000      0.000     0.000       0        0         0       0          0

  Probes marked 'completed' returned with the CPE completion
  flag set. Their full call duration bounds the possible delay.
    completion-observing probe total               0.000000 s
    slowest completion-observing probe             0.000000 s
==============================================================


======================= SWBWA Timing Report =======================
  MPI rank: 000004 / 000024
  Accumulated wall-clock time; indented rows are included in
  their parent row and must not be added to it.

  Pipeline
    total - complete three-stage pipeline                   193.174 s
    stage 1 - allocate and read raw FASTQ blocks             52.357 s
    stage 2 - align reads and generate SAM records          179.054 s
    stage 3 - write SAM and release batch data                8.478 s
      SAM output writes                                         6.782 s
      batch cleanup and loop overhead (derived)                 1.696 s

  Stage 1 input details
    batches completed / stage calls                       6 / 7
    input-buffer and batch allocations                        0.000 s  (19 calls, max 0.000 s)
    aggregate requested allocation bytes           1415591016
    FASTQ fseeko calls                                        0.887 s  (12 calls, max 0.217 s)
    FASTQ fread calls                                        49.119 s  (12 calls, max 5.802 s)
    align chunk ends to FASTQ record boundaries               0.000 s  (0 calls, max 0.000 s)
    scheduler, checks and bookkeeping (derived)               2.351 s
    raw FASTQ bytes read                           1415578280  (1350.001 MiB)
    effective fread bandwidth                         27.484 MiB/s
    slowest allocation                                 0.000 s  (117965944 bytes)
    slowest fread                                      5.802 s  (R2 offset=3420979324, bytes=117964920)

  Stage 2 worker details
    total - active merge worker                             179.052 s
      part 1 - prepare CPE task and reusable buffers            0.180 s
      part 2 - CPE FASTQ formatting and input release           0.346 s
      part 3 - CPE alignment and SAM length pass              177.807 s
      part 4 - assign slices in the shared SAM buffer           0.259 s
      part 5 - CPE SAM record generation                        0.458 s
      part 6 - release temporary worker data                    0.000 s

  Reserved allocator timers (no active timing sites)
    malloc timer                                              0.000 s
    free timer                                                0.000 s
===================================================================


================ SWBWA CPE/MPI Progress Debug ================
  MPI rank: 000005 / 000024

    phase                      waits     probes   total(s)    avg(us)    max(s)   >=1ms   >=10ms   >=100ms    >=1s  completed
    FASTQ formatting               5          0      0.000      0.000     0.000       0        0         0       0          0
    alignment and SAM length       5          0      0.000      0.000     0.000       0        0         0       0          0
    SAM record generation          5          0      0.000      0.000     0.000       0        0         0       0          0
    all CPE phases                15          0      0.000      0.000     0.000       0        0         0       0          0

  Probes marked 'completed' returned with the CPE completion
  flag set. Their full call duration bounds the possible delay.
    completion-observing probe total               0.000000 s
    slowest completion-observing probe             0.000000 s
==============================================================


======================= SWBWA Timing Report =======================
  MPI rank: 000005 / 000024
  Accumulated wall-clock time; indented rows are included in
  their parent row and must not be added to it.

  Pipeline
    total - complete three-stage pipeline                   193.173 s
    stage 1 - allocate and read raw FASTQ blocks             52.419 s
    stage 2 - align reads and generate SAM records          150.224 s
    stage 3 - write SAM and release batch data                6.573 s
      SAM output writes                                         5.202 s
      batch cleanup and loop overhead (derived)                 1.371 s

  Stage 1 input details
    batches completed / stage calls                       5 / 6
    input-buffer and batch allocations                        0.000 s  (16 calls, max 0.000 s)
    aggregate requested allocation bytes           1179656784
    FASTQ fseeko calls                                        0.946 s  (10 calls, max 0.219 s)
    FASTQ fread calls                                        49.381 s  (10 calls, max 5.971 s)
    align chunk ends to FASTQ record boundaries               0.000 s  (0 calls, max 0.000 s)
    scheduler, checks and bookkeeping (derived)               2.092 s
    raw FASTQ bytes read                           1179646160  (1124.998 MiB)
    effective fread bandwidth                         22.782 MiB/s
    slowest allocation                                 0.000 s  (117965564 bytes)
    slowest fread                                      5.971 s  (R1 offset=3538944244, bytes=117964920)

  Stage 2 worker details
    total - active merge worker                             150.223 s
      part 1 - prepare CPE task and reusable buffers            0.129 s
      part 2 - CPE FASTQ formatting and input release           0.289 s
      part 3 - CPE alignment and SAM length pass              149.155 s
      part 4 - assign slices in the shared SAM buffer           0.274 s
      part 5 - CPE SAM record generation                        0.374 s
      part 6 - release temporary worker data                    0.000 s

  Reserved allocator timers (no active timing sites)
    malloc timer                                              0.000 s
    free timer                                                0.000 s
===================================================================


======================= SWBWA Timing Report =======================
  MPI rank: 000012 / 000024
  Accumulated wall-clock time; indented rows are included in
  their parent row and must not be added to it.

  Pipeline
    total - complete three-stage pipeline                   193.173 s
    stage 1 - allocate and read raw FASTQ blocks             62.682 s
    stage 2 - align reads and generate SAM records          180.144 s
    stage 3 - write SAM and release batch data                7.940 s
      SAM output writes                                         6.339 s
      batch cleanup and loop overhead (derived)                 1.600 s

  Stage 1 input details
    batches completed / stage calls                       6 / 7
    input-buffer and batch allocations                        0.000 s  (19 calls, max 0.000 s)
    aggregate requested allocation bytes           1415590256
    FASTQ fseeko calls                                        1.060 s  (12 calls, max 0.214 s)
    FASTQ fread calls                                        59.370 s  (12 calls, max 5.990 s)

======================= SWBWA Timing Report =======================
    align chunk ends to FASTQ record boundaries               0.000 s  (0 calls, max 0.000 s)
  MPI rank: 000006 / 000024
  Accumulated wall-clock time; indented rows are included in
  their parent row and must not be added to it.

  Pipeline
    total - complete three-stage pipeline                   193.178 s
    stage 1 - allocate and read raw FASTQ blocks             56.331 s
    stage 2 - align reads and generate SAM records          150.672 s
    stage 3 - write SAM and release batch data                6.510 s
      SAM output writes                                         5.180 s
      batch cleanup and loop overhead (derived)                 1.331 s

  Stage 1 input details
    batches completed / stage calls                       5 / 6
    input-buffer and batch allocations                        0.000 s  (16 calls, max 0.000 s)
    aggregate requested allocation bytes           1179659064
    FASTQ fseeko calls                                        0.947 s  (10 calls, max 0.219 s)
    FASTQ fread calls                                        53.501 s  (10 calls, max 6.173 s)
    align chunk ends to FASTQ record boundaries               0.000 s  (0 calls, max 0.000 s)
    scheduler, checks and bookkeeping (derived)               1.884 s
    raw FASTQ bytes read                           1179648440  (1125.000 MiB)
    effective fread bandwidth                         21.028 MiB/s
    slowest allocation                                 0.000 s  (117965944 bytes)
    slowest fread                                      6.173 s  (R1 offset=6606028812, bytes=117964920)

  Stage 2 worker details
    total - active merge worker                             150.670 s
      part 1 - prepare CPE task and reusable buffers            0.150 s
      part 2 - CPE FASTQ formatting and input release           0.286 s
      part 3 - CPE alignment and SAM length pass              149.635 s
      part 4 - assign slices in the shared SAM buffer           0.221 s
      part 5 - CPE SAM record generation                        0.377 s
      part 6 - release temporary worker data                    0.000 s

  Reserved allocator timers (no active timing sites)
    malloc timer                                              0.000 s
    free timer                                                0.000 s
===================================================================


======================= SWBWA Timing Report =======================
  MPI rank: 000007 / 000024
  Accumulated wall-clock time; indented rows are included in
  their parent row and must not be added to it.

  Pipeline
    total - complete three-stage pipeline                   193.175 s
    stage 1 - allocate and read raw FASTQ blocks             46.777 s
    stage 2 - align reads and generate SAM records          156.493 s
    stage 3 - write SAM and release batch data                6.417 s
      SAM output writes                                         5.149 s
      batch cleanup and loop overhead (derived)                 1.268 s

  Stage 1 input details
    batches completed / stage calls                       5 / 6
    input-buffer and batch allocations                        0.000 s  (16 calls, max 0.000 s)
    aggregate requested allocation bytes           1179659488
    FASTQ fseeko calls                                        0.620 s  (10 calls, max 0.219 s)
    FASTQ fread calls                                        44.506 s  (10 calls, max 6.106 s)
    align chunk ends to FASTQ record boundaries               0.000 s  (0 calls, max 0.000 s)
    scheduler, checks and bookkeeping (derived)               1.651 s
    raw FASTQ bytes read                           1179648864  (1125.001 MiB)
    effective fread bandwidth                         25.277 MiB/s
    slowest allocation                                 0.000 s  (117965944 bytes)
    slowest fread                                      6.106 s  (R2 offset=6723993732, bytes=117964920)

  Stage 2 worker details
    total - active merge worker                             156.491 s
      part 1 - prepare CPE task and reusable buffers            0.128 s
      part 2 - CPE FASTQ formatting and input release           0.287 s
      part 3 - CPE alignment and SAM length pass              155.475 s
      part 4 - assign slices in the shared SAM buffer           0.217 s
      part 5 - CPE SAM record generation                        0.381 s
      part 6 - release temporary worker data                    0.000 s

  Reserved allocator timers (no active timing sites)
    malloc timer                                              0.000 s
    free timer                                                0.000 s
===================================================================


======================= SWBWA Timing Report =======================
  MPI rank: 000008 / 000024
  Accumulated wall-clock time; indented rows are included in
  their parent row and must not be added to it.

  Pipeline
    total - complete three-stage pipeline                   193.172 s
    stage 1 - allocate and read raw FASTQ blocks             53.969 s
    stage 2 - align reads and generate SAM records          152.222 s
    stage 3 - write SAM and release batch data                6.847 s
      SAM output writes                                         5.489 s
      batch cleanup and loop overhead (derived)                 1.358 s

  Stage 1 input details
    batches completed / stage calls                       5 / 6
    input-buffer and batch allocations                        0.000 s  (16 calls, max 0.000 s)
    aggregate requested allocation bytes           1179657928
    FASTQ fseeko calls                                        0.881 s  (10 calls, max 0.218 s)
    FASTQ fread calls                                        51.271 s  (10 calls, max 6.244 s)
    align chunk ends to FASTQ record boundaries               0.000 s  (0 calls, max 0.000 s)
    scheduler, checks and bookkeeping (derived)               1.816 s
    raw FASTQ bytes read                           1179647304  (1124.999 MiB)
    effective fread bandwidth                         21.942 MiB/s
    slowest allocation                                 0.000 s  (117965944 bytes)
    slowest fread                                      6.244 s  (R1 offset=6841958652, bytes=117964920)

  Stage 2 worker details
    total - active merge worker                             152.219 s
      part 1 - prepare CPE task and reusable buffers            0.175 s
      part 2 - CPE FASTQ formatting and input release           0.276 s
      part 3 - CPE alignment and SAM length pass              151.116 s
      part 4 - assign slices in the shared SAM buffer           0.272 s
      part 5 - CPE SAM record generation                        0.377 s
      part 6 - release temporary worker data                    0.000 s

  Reserved allocator timers (no active timing sites)
    malloc timer                                              0.000 s
    free timer                                                0.000 s
===================================================================


======================= SWBWA Timing Report =======================
  MPI rank: 000009 / 000024
  Accumulated wall-clock time; indented rows are included in
  their parent row and must not be added to it.

  Pipeline
    total - complete three-stage pipeline                   193.173 s
    stage 1 - allocate and read raw FASTQ blocks             55.714 s
    stage 2 - align reads and generate SAM records          151.460 s
    stage 3 - write SAM and release batch data                6.453 s
      SAM output writes                                         5.122 s
      batch cleanup and loop overhead (derived)                 1.332 s

  Stage 1 input details
    batches completed / stage calls                       5 / 6
    input-buffer and batch allocations                        0.000 s  (16 calls, max 0.000 s)
    aggregate requested allocation bytes           1179658696
    FASTQ fseeko calls                                        0.880 s  (10 calls, max 0.218 s)
    FASTQ fread calls                                        53.061 s  (10 calls, max 6.234 s)
    align chunk ends to FASTQ record boundaries               0.000 s  (0 calls, max 0.000 s)
    scheduler, checks and bookkeeping (derived)               1.773 s
    raw FASTQ bytes read                           1179648072  (1125.000 MiB)
    effective fread bandwidth                         21.202 MiB/s
    slowest allocation                                 0.000 s  (117965944 bytes)
    slowest fread                                      6.234 s  (R1 offset=6959923572, bytes=117964540)

  Stage 2 worker details
    total - active merge worker                             151.458 s
      part 1 - prepare CPE task and reusable buffers            0.151 s
      part 2 - CPE FASTQ formatting and input release           0.281 s
      part 3 - CPE alignment and SAM length pass              150.406 s
      part 4 - assign slices in the shared SAM buffer           0.241 s
      part 5 - CPE SAM record generation                        0.377 s
      part 6 - release temporary worker data                    0.000 s

  Reserved allocator timers (no active timing sites)
    malloc timer                                              0.000 s
    free timer                                                0.000 s
===================================================================

    scheduler, checks and bookkeeping (derived)               2.253 s
    raw FASTQ bytes read                           1415577520  (1350.000 MiB)

======================= SWBWA Timing Report =======================
  MPI rank: 000010 / 000024
  Accumulated wall-clock time; indented rows are included in
  their parent row and must not be added to it.

  Pipeline
    total - complete three-stage pipeline                   193.173 s
    stage 1 - allocate and read raw FASTQ blocks             54.631 s
    stage 2 - align reads and generate SAM records          149.622 s
    stage 3 - write SAM and release batch data                6.554 s
      SAM output writes                                         5.201 s
      batch cleanup and loop overhead (derived)                 1.353 s

  Stage 1 input details
    batches completed / stage calls                       5 / 6
    input-buffer and batch allocations                        0.000 s  (16 calls, max 0.000 s)
    aggregate requested allocation bytes           1179659520
    FASTQ fseeko calls                                        0.865 s  (10 calls, max 0.222 s)
    FASTQ fread calls                                        52.032 s  (10 calls, max 6.317 s)
    align chunk ends to FASTQ record boundaries               0.000 s  (0 calls, max 0.000 s)
    scheduler, checks and bookkeeping (derived)               1.734 s
    raw FASTQ bytes read                           1179648896  (1125.001 MiB)
    effective fread bandwidth                         21.621 MiB/s
    slowest allocation                                 0.000 s  (117965944 bytes)
    slowest fread                                      6.317 s  (R1 offset=7077888112, bytes=117964920)

  Stage 2 worker details
    total - active merge worker                             149.621 s
      part 1 - prepare CPE task and reusable buffers            0.149 s
      part 2 - CPE FASTQ formatting and input release           0.286 s
      part 3 - CPE alignment and SAM length pass              148.586 s
      part 4 - assign slices in the shared SAM buffer           0.218 s
      part 5 - CPE SAM record generation                        0.379 s
      part 6 - release temporary worker data                    0.000 s

  Reserved allocator timers (no active timing sites)
    malloc timer                                              0.000 s
    free timer                                                0.000 s
===================================================================


======================= SWBWA Timing Report =======================
  MPI rank: 000011 / 000024
  Accumulated wall-clock time; indented rows are included in
  their parent row and must not be added to it.

  Pipeline
    total - complete three-stage pipeline                   193.175 s
    stage 1 - allocate and read raw FASTQ blocks             56.606 s
    stage 2 - align reads and generate SAM records          150.201 s
    stage 3 - write SAM and release batch data                7.341 s
      SAM output writes                                         5.875 s
      batch cleanup and loop overhead (derived)                 1.466 s

  Stage 1 input details
    batches completed / stage calls                       5 / 6
    input-buffer and batch allocations                        0.000 s  (16 calls, max 0.000 s)
    aggregate requested allocation bytes           1179657544
    FASTQ fseeko calls                                        0.900 s  (10 calls, max 0.222 s)
    FASTQ fread calls                                        53.558 s  (10 calls, max 6.409 s)
    align chunk ends to FASTQ record boundaries               0.000 s  (0 calls, max 0.000 s)
    scheduler, checks and bookkeeping (derived)               2.147 s
    raw FASTQ bytes read                           1179646920  (1124.999 MiB)
    effective fread bandwidth                         21.005 MiB/s
    slowest allocation                                 0.000 s  (64 bytes)
    slowest fread                                      6.409 s  (R1 offset=7195853032, bytes=117964920)

  Stage 2 worker details
    total - active merge worker                             150.198 s
      part 1 - prepare CPE task and reusable buffers            0.136 s
      part 2 - CPE FASTQ formatting and input release           0.276 s
      part 3 - CPE alignment and SAM length pass              149.176 s
      part 4 - assign slices in the shared SAM buffer           0.232 s
      part 5 - CPE SAM record generation                        0.376 s
      part 6 - release temporary worker data                    0.000 s

  Reserved allocator timers (no active timing sites)
    malloc timer                                              0.000 s
    free timer                                                0.000 s
===================================================================

    effective fread bandwidth                         22.739 MiB/s
    slowest allocation                                 0.000 s  (117965564 bytes)
    slowest fread                                      5.990 s  (R1 offset=7313817952, bytes=117964540)

  Stage 2 worker details
    total - active merge worker                             180.142 s
      part 1 - prepare CPE task and reusable buffers            0.161 s

================ SWBWA CPE/MPI Progress Debug ================
  MPI rank: 000020 / 000024

    phase                      waits     probes   total(s)    avg(us)    max(s)   >=1ms   >=10ms   >=100ms    >=1s  completed
    FASTQ formatting               5          0      0.000      0.000     0.000       0        0         0       0          0
    alignment and SAM length       5          0      0.000      0.000     0.000       0        0         0       0          0
    SAM record generation          5          0      0.000      0.000     0.000       0        0         0       0          0
    all CPE phases                15          0      0.000      0.000     0.000       0        0         0       0          0

  Probes marked 'completed' returned with the CPE completion
  flag set. Their full call duration bounds the possible delay.
    completion-observing probe total               0.000000 s
    slowest completion-observing probe             0.000000 s
==============================================================


================ SWBWA CPE/MPI Progress Debug ================
  MPI rank: 000021 / 000024

    phase                      waits     probes   total(s)    avg(us)    max(s)   >=1ms   >=10ms   >=100ms    >=1s  completed
    FASTQ formatting               6          0      0.000      0.000     0.000       0        0         0       0          0
    alignment and SAM length       6          0      0.000      0.000     0.000       0        0         0       0          0
    SAM record generation          6          0      0.000      0.000     0.000       0        0         0       0          0
    all CPE phases                18          0      0.000      0.000     0.000       0        0         0       0          0

  Probes marked 'completed' returned with the CPE completion
  flag set. Their full call duration bounds the possible delay.
    completion-observing probe total               0.000000 s
    slowest completion-observing probe             0.000000 s
==============================================================


================ SWBWA CPE/MPI Progress Debug ================
  MPI rank: 000022 / 000024

    phase                      waits     probes   total(s)    avg(us)    max(s)   >=1ms   >=10ms   >=100ms    >=1s  completed
    FASTQ formatting               6          0      0.000      0.000     0.000       0        0         0       0          0
    alignment and SAM length       6          0      0.000      0.000     0.000       0        0         0       0          0
    SAM record generation          6          0      0.000      0.000     0.000       0        0         0       0          0
    all CPE phases                18          0      0.000      0.000     0.000       0        0         0       0          0

  Probes marked 'completed' returned with the CPE completion
  flag set. Their full call duration bounds the possible delay.
    completion-observing probe total               0.000000 s
    slowest completion-observing probe             0.000000 s
==============================================================


================ SWBWA CPE/MPI Progress Debug ================
  MPI rank: 000023 / 000024

    phase                      waits     probes   total(s)    avg(us)    max(s)   >=1ms   >=10ms   >=100ms    >=1s  completed
    FASTQ formatting               5          0      0.000      0.000     0.000       0        0         0       0          0
    alignment and SAM length       5          0      0.000      0.000     0.000       0        0         0       0          0
    SAM record generation          5          0      0.000      0.000     0.000       0        0         0       0          0
    all CPE phases                15          0      0.000      0.000     0.000       0        0         0       0          0

  Probes marked 'completed' returned with the CPE completion
  flag set. Their full call duration bounds the possible delay.
    completion-observing probe total               0.000000 s
    slowest completion-observing probe             0.000000 s
==============================================================


======================= SWBWA Timing Report =======================
  MPI rank: 000018 / 000024
  Accumulated wall-clock time; indented rows are included in
  their parent row and must not be added to it.

  Pipeline
    total - complete three-stage pipeline                   193.174 s
    stage 1 - allocate and read raw FASTQ blocks             67.490 s
    stage 2 - align reads and generate SAM records          180.024 s
    stage 3 - write SAM and release batch data                8.521 s
      SAM output writes                                         6.746 s
      batch cleanup and loop overhead (derived)                 1.775 s

  Stage 1 input details
    batches completed / stage calls                       6 / 7
    input-buffer and batch allocations                        0.000 s  (19 calls, max 0.000 s)
    aggregate requested allocation bytes           1415588736
    FASTQ fseeko calls                                        1.141 s  (12 calls, max 0.232 s)
    FASTQ fread calls                                        63.824 s  (12 calls, max 6.158 s)
    align chunk ends to FASTQ record boundaries               0.000 s  (0 calls, max 0.000 s)
    scheduler, checks and bookkeeping (derived)               2.525 s
    raw FASTQ bytes read                           1415576000  (1349.998 MiB)
    effective fread bandwidth                         21.152 MiB/s
    slowest allocation                                 0.000 s  (117965564 bytes)
    slowest fread                                      6.158 s  (R1 offset=10970726740, bytes=117964540)

  Stage 2 worker details
    total - active merge worker                             180.023 s
      part 1 - prepare CPE task and reusable buffers            0.181 s
      part 2 - CPE FASTQ formatting and input release           0.346 s
      part 3 - CPE alignment and SAM length pass              178.736 s
      part 4 - assign slices in the shared SAM buffer           0.304 s
      part 5 - CPE SAM record generation                        0.455 s
      part 6 - release temporary worker data                    0.000 s

  Reserved allocator timers (no active timing sites)
    malloc timer                                              0.000 s
    free timer                                                0.000 s
===================================================================


======================= SWBWA Timing Report =======================
  MPI rank: 000019 / 000024
  Accumulated wall-clock time; indented rows are included in
  their parent row and must not be added to it.

  Pipeline
    total - complete three-stage pipeline                   193.171 s
    stage 1 - allocate and read raw FASTQ blocks             67.380 s
    stage 2 - align reads and generate SAM records          179.591 s
    stage 3 - write SAM and release batch data                8.018 s
      SAM output writes                                         6.400 s
      batch cleanup and loop overhead (derived)                 1.618 s

  Stage 1 input details
    batches completed / stage calls                       6 / 7
    input-buffer and batch allocations                        0.000 s  (19 calls, max 0.000 s)
    aggregate requested allocation bytes           1415591016
    FASTQ fseeko calls                                        1.166 s  (12 calls, max 0.256 s)
    FASTQ fread calls                                        64.247 s  (12 calls, max 6.463 s)
    align chunk ends to FASTQ record boundaries               0.000 s  (0 calls, max 0.000 s)
    scheduler, checks and bookkeeping (derived)               1.967 s
    raw FASTQ bytes read                           1415578280  (1350.001 MiB)
    effective fread bandwidth                         21.013 MiB/s
    slowest allocation                                 0.000 s  (64 bytes)
    slowest fread                                      6.463 s  (R1 offset=14037811308, bytes=117964920)

  Stage 2 worker details
    total - active merge worker                             179.588 s
      part 1 - prepare CPE task and reusable buffers            0.159 s
      part 2 - CPE FASTQ formatting and input release           0.344 s
      part 3 - CPE alignment and SAM length pass              178.365 s
      part 4 - assign slices in the shared SAM buffer           0.265 s
      part 5 - CPE SAM record generation                        0.453 s
      part 6 - release temporary worker data                    0.000 s

  Reserved allocator timers (no active timing sites)
    malloc timer                                              0.000 s
    free timer                                                0.000 s
===================================================================


======================= SWBWA Timing Report =======================
  MPI rank: 000020 / 000024
  Accumulated wall-clock time; indented rows are included in
  their parent row and must not be added to it.

  Pipeline
    total - complete three-stage pipeline                   193.169 s
    stage 1 - allocate and read raw FASTQ blocks             59.299 s
    stage 2 - align reads and generate SAM records          155.495 s
    stage 3 - write SAM and release batch data                7.291 s
      SAM output writes                                         5.859 s
      batch cleanup and loop overhead (derived)                 1.432 s

  Stage 1 input details
    batches completed / stage calls                       5 / 6
    input-buffer and batch allocations                        0.000 s  (16 calls, max 0.000 s)
    aggregate requested allocation bytes           1179659488
    FASTQ fseeko calls                                        0.778 s  (10 calls, max 0.244 s)
    FASTQ fread calls                                        55.601 s  (10 calls, max 6.395 s)
    align chunk ends to FASTQ record boundaries               0.000 s  (0 calls, max 0.000 s)
    scheduler, checks and bookkeeping (derived)               2.920 s
    raw FASTQ bytes read                           1179648864  (1125.001 MiB)
    effective fread bandwidth                         20.233 MiB/s
    slowest allocation                                 0.000 s  (117965944 bytes)
    slowest fread                                      6.395 s  (R1 offset=11206656200, bytes=117964920)

  Stage 2 worker details
    total - active merge worker                             155.494 s
      part 1 - prepare CPE task and reusable buffers            0.172 s
      part 2 - CPE FASTQ formatting and input release           0.287 s
      part 3 - CPE alignment and SAM length pass              154.363 s
      part 4 - assign slices in the shared SAM buffer           0.304 s
      part 5 - CPE SAM record generation                        0.367 s
      part 6 - release temporary worker data                    0.000 s

  Reserved allocator timers (no active timing sites)
    malloc timer                                              0.000 s
    free timer                                                0.000 s
===================================================================


======================= SWBWA Timing Report =======================
  MPI rank: 000021 / 000024
  Accumulated wall-clock time; indented rows are included in
  their parent row and must not be added to it.

  Pipeline
    total - complete three-stage pipeline                   193.173 s
    stage 1 - allocate and read raw FASTQ blocks             66.802 s
    stage 2 - align reads and generate SAM records          182.534 s
    stage 3 - write SAM and release batch data                7.465 s
      SAM output writes                                         5.975 s
      batch cleanup and loop overhead (derived)                 1.491 s

  Stage 1 input details
    batches completed / stage calls                       6 / 7
      part 2 - CPE FASTQ formatting and input release           0.347 s
    input-buffer and batch allocations                        0.000 s  (19 calls, max 0.000 s)
    aggregate requested allocation bytes           1415589128
      part 3 - CPE alignment and SAM length pass              178.835 s
      part 4 - assign slices in the shared SAM buffer           0.349 s
      part 5 - CPE SAM record generation                        0.449 s
      part 6 - release temporary worker data                    0.000 s

  Reserved allocator timers (no active timing sites)
    malloc timer                                              0.000 s
    free timer                                                0.000 s
===================================================================


======================= SWBWA Timing Report =======================
  MPI rank: 000013 / 000024
  Accumulated wall-clock time; indented rows are included in
  their parent row and must not be added to it.

  Pipeline
    total - complete three-stage pipeline                   193.170 s
    stage 1 - allocate and read raw FASTQ blocks             61.292 s
    stage 2 - align reads and generate SAM records          179.180 s
    stage 3 - write SAM and release batch data                8.108 s
      SAM output writes                                         6.434 s
      batch cleanup and loop overhead (derived)                 1.674 s

  Stage 1 input details
    batches completed / stage calls                       6 / 7
    input-buffer and batch allocations                        0.000 s  (19 calls, max 0.000 s)
    aggregate requested allocation bytes           1415591776
    FASTQ fseeko calls                                        1.135 s  (12 calls, max 0.206 s)
    FASTQ fread calls                                        58.179 s  (12 calls, max 6.226 s)
    align chunk ends to FASTQ record boundaries               0.000 s  (0 calls, max 0.000 s)
    scheduler, checks and bookkeeping (derived)               1.978 s
    raw FASTQ bytes read                           1415579040  (1350.001 MiB)
    effective fread bandwidth                         23.204 MiB/s
    slowest allocation                                 0.000 s  (117965944 bytes)
    slowest fread                                      6.226 s  (R2 offset=7431782492, bytes=117964920)

  Stage 2 worker details
    total - active merge worker                             179.177 s
      part 1 - prepare CPE task and reusable buffers            0.200 s
      part 2 - CPE FASTQ formatting and input release           0.340 s
      part 3 - CPE alignment and SAM length pass              177.915 s
      part 4 - assign slices in the shared SAM buffer           0.259 s
      part 5 - CPE SAM record generation                        0.459 s
      part 6 - release temporary worker data                    0.000 s

  Reserved allocator timers (no active timing sites)
    malloc timer                                              0.000 s
    free timer                                                0.000 s
===================================================================


======================= SWBWA Timing Report =======================
  MPI rank: 000014 / 000024
  Accumulated wall-clock time; indented rows are included in
  their parent row and must not be added to it.

  Pipeline
    total - complete three-stage pipeline                   193.177 s
    stage 1 - allocate and read raw FASTQ blocks             52.488 s
    stage 2 - align reads and generate SAM records          155.553 s
    stage 3 - write SAM and release batch data                6.396 s
      SAM output writes                                         5.106 s
      batch cleanup and loop overhead (derived)                 1.291 s

  Stage 1 input details
    batches completed / stage calls                       5 / 6
    input-buffer and batch allocations                        0.000 s  (16 calls, max 0.000 s)
    aggregate requested allocation bytes           1179658728
    FASTQ fseeko calls                                        0.805 s  (10 calls, max 0.216 s)
    FASTQ fread calls                                        49.949 s  (10 calls, max 6.082 s)
    align chunk ends to FASTQ record boundaries               0.000 s  (0 calls, max 0.000 s)
    scheduler, checks and bookkeeping (derived)               1.734 s
    raw FASTQ bytes read                           1179648104  (1125.000 MiB)
    effective fread bandwidth                         22.523 MiB/s
    slowest allocation                                 0.000 s  (117965944 bytes)
    slowest fread                                      6.082 s  (R2 offset=7549747412, bytes=117964752)

  Stage 2 worker details
    total - active merge worker                             155.551 s
      part 1 - prepare CPE task and reusable buffers            0.133 s
      part 2 - CPE FASTQ formatting and input release           0.283 s
      part 3 - CPE alignment and SAM length pass              154.505 s
      part 4 - assign slices in the shared SAM buffer           0.252 s
      part 5 - CPE SAM record generation                        0.377 s
      part 6 - release temporary worker data                    0.000 s

  Reserved allocator timers (no active timing sites)
    malloc timer                                              0.000 s
    free timer                                                0.000 s
===================================================================


======================= SWBWA Timing Report =======================
  MPI rank: 000015 / 000024
  Accumulated wall-clock time; indented rows are included in
  their parent row and must not be added to it.

  Pipeline
    total - complete three-stage pipeline                   193.170 s
    stage 1 - allocate and read raw FASTQ blocks             55.431 s
    stage 2 - align reads and generate SAM records          152.622 s
    stage 3 - write SAM and release batch data                7.216 s
      SAM output writes                                         5.758 s
      batch cleanup and loop overhead (derived)                 1.457 s

  Stage 1 input details
    batches completed / stage calls                       5 / 6
    input-buffer and batch allocations                        0.000 s  (16 calls, max 0.000 s)
    aggregate requested allocation bytes           1179657176
    FASTQ fseeko calls                                        1.006 s  (10 calls, max 0.218 s)
    FASTQ fread calls                                        52.570 s  (10 calls, max 5.993 s)
    align chunk ends to FASTQ record boundaries               0.000 s  (0 calls, max 0.000 s)
    scheduler, checks and bookkeeping (derived)               1.855 s
    raw FASTQ bytes read                           1179646552  (1124.999 MiB)
    effective fread bandwidth                         21.400 MiB/s
    slowest allocation                                 0.000 s  (64 bytes)
    slowest fread                                      5.993 s  (R1 offset=7667712164, bytes=117964736)

  Stage 2 worker details
    total - active merge worker                             152.620 s
      part 1 - prepare CPE task and reusable buffers            0.094 s
      part 2 - CPE FASTQ formatting and input release           0.280 s
      part 3 - CPE alignment and SAM length pass              151.606 s
      part 4 - assign slices in the shared SAM buffer           0.274 s
      part 5 - CPE SAM record generation                        0.364 s
      part 6 - release temporary worker data                    0.001 s

  Reserved allocator timers (no active timing sites)
    malloc timer                                              0.000 s
    free timer                                                0.000 s
===================================================================


======================= SWBWA Timing Report =======================
  MPI rank: 000016 / 000024
  Accumulated wall-clock time; indented rows are included in
  their parent row and must not be added to it.

  Pipeline
    total - complete three-stage pipeline                   193.169 s
    stage 1 - allocate and read raw FASTQ blocks             56.816 s
    stage 2 - align reads and generate SAM records          150.900 s
    stage 3 - write SAM and release batch data                6.435 s
      SAM output writes                                         5.121 s
      batch cleanup and loop overhead (derived)                 1.315 s

  Stage 1 input details
    batches completed / stage calls                       5 / 6
    input-buffer and batch allocations                        0.000 s  (16 calls, max 0.000 s)
    aggregate requested allocation bytes           1179659456
    FASTQ fseeko calls                                        0.872 s  (10 calls, max 0.216 s)
    FASTQ fread calls                                        53.358 s  (10 calls, max 6.009 s)
    align chunk ends to FASTQ record boundaries               0.000 s  (0 calls, max 0.000 s)
    scheduler, checks and bookkeeping (derived)               2.586 s
    raw FASTQ bytes read                           1179648832  (1125.001 MiB)
    effective fread bandwidth                         21.084 MiB/s
    slowest allocation                                 0.000 s  (117965944 bytes)
    slowest fread                                      6.009 s  (R1 offset=7785676900, bytes=117964736)

  Stage 2 worker details
    total - active merge worker                             150.898 s
      part 1 - prepare CPE task and reusable buffers            0.134 s
      part 2 - CPE FASTQ formatting and input release           0.278 s
      part 3 - CPE alignment and SAM length pass              149.885 s
      part 4 - assign slices in the shared SAM buffer           0.219 s
      part 5 - CPE SAM record generation                        0.379 s
      part 6 - release temporary worker data                    0.000 s

  Reserved allocator timers (no active timing sites)
    malloc timer                                              0.000 s
    free timer                                                0.000 s
===================================================================

    FASTQ fseeko calls                                        0.914 s  (12 calls, max 0.215 s)

======================= SWBWA Timing Report =======================
  MPI rank: 000017 / 000024
  Accumulated wall-clock time; indented rows are included in
  their parent row and must not be added to it.

  Pipeline
    total - complete three-stage pipeline                   193.169 s
    stage 1 - allocate and read raw FASTQ blocks             62.596 s
    stage 2 - align reads and generate SAM records          180.242 s
    stage 3 - write SAM and release batch data                8.720 s
      SAM output writes                                         6.863 s
      batch cleanup and loop overhead (derived)                 1.857 s

  Stage 1 input details
    batches completed / stage calls                       6 / 7
    input-buffer and batch allocations                        0.000 s  (19 calls, max 0.000 s)
    aggregate requested allocation bytes           1415590704
    FASTQ fseeko calls                                        1.113 s  (12 calls, max 0.254 s)
    FASTQ fread calls                                        58.419 s  (12 calls, max 6.088 s)
    align chunk ends to FASTQ record boundaries               0.000 s  (0 calls, max 0.000 s)
    scheduler, checks and bookkeeping (derived)               3.063 s
    raw FASTQ bytes read                           1415577968  (1350.000 MiB)
    effective fread bandwidth                         23.109 MiB/s
    slowest allocation                                 0.000 s  (117965564 bytes)
    slowest fread                                      6.088 s  (R1 offset=4954521832, bytes=117964920)

  Stage 2 worker details
    total - active merge worker                             180.240 s
      part 1 - prepare CPE task and reusable buffers            0.168 s
      part 2 - CPE FASTQ formatting and input release           0.335 s
      part 3 - CPE alignment and SAM length pass              178.935 s
      part 4 - assign slices in the shared SAM buffer           0.347 s
      part 5 - CPE SAM record generation                        0.452 s
      part 6 - release temporary worker data                    0.000 s

  Reserved allocator timers (no active timing sites)
    malloc timer                                              0.000 s
    free timer                                                0.000 s
===================================================================

    FASTQ fread calls                                        63.170 s  (12 calls, max 6.252 s)
    align chunk ends to FASTQ record boundaries               0.000 s  (0 calls, max 0.000 s)
    scheduler, checks and bookkeeping (derived)               2.717 s
    raw FASTQ bytes read                           1415576392  (1349.999 MiB)
    effective fread bandwidth                         21.371 MiB/s
    slowest allocation                                 0.000 s  (117965564 bytes)
    slowest fread                                      6.252 s  (R1 offset=8375501160, bytes=117964540)

  Stage 2 worker details
    total - active merge worker                             182.532 s
      part 1 - prepare CPE task and reusable buffers            0.150 s
      part 2 - CPE FASTQ formatting and input release           0.345 s
      part 3 - CPE alignment and SAM length pass              181.305 s
      part 4 - assign slices in the shared SAM buffer           0.278 s
      part 5 - CPE SAM record generation                        0.451 s
      part 6 - release temporary worker data                    0.000 s

  Reserved allocator timers (no active timing sites)
    malloc timer                                              0.000 s
    free timer                                                0.000 s
===================================================================


======================= SWBWA Timing Report =======================
  MPI rank: 000022 / 000024
  Accumulated wall-clock time; indented rows are included in
  their parent row and must not be added to it.

  Pipeline
    total - complete three-stage pipeline                   193.175 s
    stage 1 - allocate and read raw FASTQ blocks             66.598 s
    stage 2 - align reads and generate SAM records          180.481 s
    stage 3 - write SAM and release batch data                7.971 s
      SAM output writes                                         6.359 s
      batch cleanup and loop overhead (derived)                 1.613 s

  Stage 1 input details
    batches completed / stage calls                       6 / 7
    input-buffer and batch allocations                        0.000 s  (19 calls, max 0.000 s)
    aggregate requested allocation bytes           1415591408
    FASTQ fseeko calls                                        0.923 s  (12 calls, max 0.210 s)
    FASTQ fread calls                                        63.328 s  (12 calls, max 6.146 s)
    align chunk ends to FASTQ record boundaries               0.000 s  (0 calls, max 0.000 s)
    scheduler, checks and bookkeeping (derived)               2.346 s
    raw FASTQ bytes read                           1415578672  (1350.001 MiB)
    effective fread bandwidth                         21.317 MiB/s
    slowest allocation                                 0.000 s  (117965944 bytes)
    slowest fread                                      6.146 s  (R1 offset=5544345672, bytes=117964920)

  Stage 2 worker details
    total - active merge worker                             180.479 s
      part 1 - prepare CPE task and reusable buffers            0.181 s
      part 2 - CPE FASTQ formatting and input release           0.343 s
      part 3 - CPE alignment and SAM length pass              179.236 s
      part 4 - assign slices in the shared SAM buffer           0.261 s
      part 5 - CPE SAM record generation                        0.455 s
      part 6 - release temporary worker data                    0.000 s

  Reserved allocator timers (no active timing sites)
    malloc timer                                              0.000 s
    free timer                                                0.000 s
===================================================================


======================= SWBWA Timing Report =======================
  MPI rank: 000023 / 000024
  Accumulated wall-clock time; indented rows are included in
  their parent row and must not be added to it.

  Pipeline
    total - complete three-stage pipeline                   193.169 s
    stage 1 - allocate and read raw FASTQ blocks             58.069 s
    stage 2 - align reads and generate SAM records          150.014 s
    stage 3 - write SAM and release batch data                6.816 s
      SAM output writes                                         5.418 s
      batch cleanup and loop overhead (derived)                 1.397 s

  Stage 1 input details
    batches completed / stage calls                       5 / 6
    input-buffer and batch allocations                        0.000 s  (16 calls, max 0.000 s)
    aggregate requested allocation bytes           1179657232
    FASTQ fseeko calls                                        0.904 s  (10 calls, max 0.231 s)
    FASTQ fread calls                                        53.978 s  (10 calls, max 6.039 s)
    align chunk ends to FASTQ record boundaries               0.000 s  (0 calls, max 0.000 s)
    scheduler, checks and bookkeeping (derived)               3.187 s
    raw FASTQ bytes read                           1179646608  (1124.999 MiB)
    effective fread bandwidth                         20.842 MiB/s
    slowest allocation                                 0.000 s  (117965564 bytes)
    slowest fread                                      6.039 s  (R1 offset=5780275512, bytes=117964540)

  Stage 2 worker details
    total - active merge worker                             150.012 s
      part 1 - prepare CPE task and reusable buffers            0.163 s
      part 2 - CPE FASTQ formatting and input release           0.284 s
      part 3 - CPE alignment and SAM length pass              148.905 s
      part 4 - assign slices in the shared SAM buffer           0.282 s
      part 5 - CPE SAM record generation                        0.377 s
      part 6 - release temporary worker data                    0.000 s

  Reserved allocator timers (no active timing sites)
    malloc timer                                              0.000 s
    free timer                                                0.000 s
===================================================================

[main] Version: 0.0.1
[main] CMD: ./SWBWA mem -v 4 -t 1 -K 117964800 -o discard_B.sam -I 170,80,500,1 /home/export/online1/mdt00/shisuan/swls-CFD/guoshi/ylf/data/GRCh38.d1.vd1.fa /home/export/online1/mdt00/shisuan/swls-CFD/guoshi/ylf/data/bwa_test_big_data/big4_SRR7963242_1.fastq /home/export/online1/mdt00/shisuan/swls-CFD/guoshi/ylf/data/bwa_test_big_data/big4_SRR7963242_2.fastq
dispatching ...
Job 8164699 has been finished.
