[M::main_mem] mean insert size: 170.000, stddev: 80.000, max: 500, min: 1
[MPI input] mode=dynamic chunks=1154 bytes_per_cg=19660800 cg_count=1 chunk_bytes=19660800 micro_chunk_bytes=4915200 fine_chunk_bytes=1228800 tail_percent=10 fine_tail_waves=2 file_bytes=15182222352 scheduler=distributed read_index=exact
malloc bwt->bwt 3107576584, 0x500008804020
malloc bwt->bwt 3107576584, 0x500008804020
malloc bwt->bwt 3107576584, 0x500008804020
malloc bwt->bwt 3107576584, 0x500008804020
malloc bwt->bwt 3107576584, 0x500008804020
malloc bwt->bwt 3107576584, 0x500008804020
malloc bwt->bwt 3107576584, 0x500008804020
malloc bwt->bwt 3107576584, 0x500008804020
malloc bwt->bwt 3107576584, 0x500008804020
malloc bwt->bwt 3107576584, 0x500008804020
malloc bwt->bwt 3107576584, 0x500008804020
malloc bwt->bwt 3107576584, 0x500008804020
malloc bwt->bwt 3107576584, 0x500008804020
malloc bwt->bwt 3107576584, 0x500008804020
malloc bwt->bwt 3107576584, 0x500008804020
malloc bwt->bwt 3107576584, 0x500008804020
malloc bwt->bwt 3107576584, 0x500008804020
malloc bwt->bwt 3107576584, 0x500008804020
malloc bwt->bwt 3107576584, 0x500008804020
malloc bwt->bwt 3107576584, 0x500008804020
malloc bwt->bwt 3107576584, 0x500008804020
malloc bwt->bwt 3107576584, 0x500008804020
malloc bwt->bwt 3107576584, 0x500008804020
malloc bwt->bwt 3107576584, 0x500008804020
malloc bwt->sa 1553788264, 0x5000c1ba1b40
malloc bwt->sa 1553788264, 0x5000c1ba1b40
malloc bwt->sa 1553788264, 0x5000c1ba1b40
malloc bwt->sa 1553788264, 0x5000c1ba1b40
malloc bwt->sa 1553788264, 0x5000c1ba1b40
malloc bwt->sa 1553788264, 0x5000c1ba1b40
malloc bwt->sa 1553788264, 0x5000c1ba1b40
malloc bwt->sa 1553788264, 0x5000c1ba1b40
malloc bwt->sa 1553788264, 0x5000c1ba1b40
malloc bwt->sa 1553788264, 0x5000c1ba1b40
malloc bwt->sa 1553788264, 0x5000c1ba1b40
malloc bwt->sa 1553788264, 0x5000c1ba1b40
malloc bwt->sa 1553788264, 0x5000c1ba1b40
malloc bwt->sa 1553788264, 0x5000c1ba1b40
malloc bwt->sa 1553788264, 0x5000c1ba1b40
malloc bwt->sa 1553788264, 0x5000c1ba1b40
malloc bwt->sa 1553788264, 0x5000c1ba1b40
malloc bwt->sa 1553788264, 0x5000c1ba1b40
malloc bwt->sa 1553788264, 0x5000c1ba1b40
malloc bwt->sa 1553788264, 0x5000c1ba1b40
malloc bwt->sa 1553788264, 0x5000c1ba1b40
malloc bwt->sa 1553788264, 0x5000c1ba1b40
malloc bwt->sa 1553788264, 0x5000c1ba1b40
malloc bwt->sa 1553788264, 0x5000c1ba1b40
[M::bwa_idx_load_from_disk] read 0 ALT contigs
[M::bwa_idx_load_from_disk] read 0 ALT contigs
[M::bwa_idx_load_from_disk] read 0 ALT contigs
[M::bwa_idx_load_from_disk] read 0 ALT contigs
[M::bwa_idx_load_from_disk] read 0 ALT contigs
[M::bwa_idx_load_from_disk] read 0 ALT contigs
malloc pac 776894131, 0x50011e5708c0
malloc pac 776894131, 0x50011e5708c0
malloc pac 776894131, 0x50011e5708c0
malloc pac 776894131, 0x50011e5708c0
malloc pac 776894131, 0x50011e5708c0
malloc pac 776894131, 0x50011e5708c0
[M::bwa_idx_load_from_disk] read 0 ALT contigs
[M::bwa_idx_load_from_disk] read 0 ALT contigs
[M::bwa_idx_load_from_disk] read 0 ALT contigs
[M::bwa_idx_load_from_disk] read 0 ALT contigs
[M::bwa_idx_load_from_disk] read 0 ALT contigs
[M::bwa_idx_load_from_disk] read 0 ALT contigs
malloc pac 776894131, 0x50011e5708c0
malloc pac 776894131, 0x50011e5708c0
malloc pac 776894131, 0x50011e5708c0
malloc pac 776894131, 0x50011e5708c0
malloc pac 776894131, 0x50011e5708c0
malloc pac 776894131, 0x50011e5708c0
[M::bwa_idx_load_from_disk] read 0 ALT contigs
[M::bwa_idx_load_from_disk] read 0 ALT contigs
[M::bwa_idx_load_from_disk] read 0 ALT contigs
[M::bwa_idx_load_from_disk] read 0 ALT contigs
[M::bwa_idx_load_from_disk] read 0 ALT contigs
[M::bwa_idx_load_from_disk] read 0 ALT contigs
malloc pac 776894131, 0x50011e5708c0
malloc pac 776894131, 0x50011e5708c0
malloc pac 776894131, 0x50011e5708c0
malloc pac 776894131, 0x50011e5708c0
malloc pac 776894131, 0x50011e5708c0
malloc pac 776894131, 0x50011e5708c0
[MPI rank 000023/000024] output: (discard)
[MPI rank 000020/000024] output: (discard)
[MPI rank 000021/000024] output: (discard)
[MPI rank 000018/000024] output: (discard)
[MPI rank 000019/000024] output: (discard)
[MPI rank 000022/000024] output: (discard)
[MPI rank 000006/000024] output: (discard)
[MPI rank 000011/000024] output: (discard)
[MPI rank 000010/000024] output: (discard)
[MPI rank 000007/000024] output: (discard)
[MPI rank 000008/000024] output: (discard)
[MPI rank 000009/000024] output: (discard)
[MPI rank 000016/000024] output: (discard)
[MPI rank 000015/000024] output: (discard)
[MPI rank 000013/000024] output: (discard)
[MPI rank 000014/000024] output: (discard)
[MPI rank 000017/000024] output: (discard)
[MPI rank 000012/000024] output: (discard)
[M::bwa_idx_load_from_disk] read 0 ALT contigs
[M::bwa_idx_load_from_disk] read 0 ALT contigs
[M::bwa_idx_load_from_disk] read 0 ALT contigs
[M::bwa_idx_load_from_disk] read 0 ALT contigs
[M::bwa_idx_load_from_disk] read 0 ALT contigs
[M::bwa_idx_load_from_disk] read 0 ALT contigs
malloc pac 776894131, 0x50011e5708c0
malloc pac 776894131, 0x50011e5708c0
malloc pac 776894131, 0x50011e5708c0
malloc pac 776894131, 0x50011e5708c0
malloc pac 776894131, 0x50011e5708c0
malloc pac 776894131, 0x50011e5708c0
the input file is /home/export/online1/mdt00/shisuan/swls-CFD/guoshi/ylf/data/bwa_test_big_data/big4_SRR7963242_1.fastq
the input file is /home/export/online1/mdt00/shisuan/swls-CFD/guoshi/ylf/data/bwa_test_big_data/big4_SRR7963242_2.fastq
[MPI rank 000000/000024] output: (discard)
[MPI rank 000003/000024] output: (discard)
[MPI rank 000004/000024] output: (discard)
[MPI rank 000005/000024] output: (discard)
[MPI rank 000001/000024] output: (discard)
[MPI rank 000002/000024] output: (discard)
[M::process] read chunk (19660800 bytes/CG x 1 CGs, 19660664 bytes)...
[M::process] read chunk (19660800 bytes/CG x 1 CGs, 19660664 bytes)...
[M::process] read chunk (19660800 bytes/CG x 1 CGs, 19661040 bytes)...
[M::process] read chunk (19660800 bytes/CG x 1 CGs, 19660664 bytes)...
[M::process] read chunk (19660800 bytes/CG x 1 CGs, 19660664 bytes)...
[M::process] read chunk (19660800 bytes/CG x 1 CGs, 19661040 bytes)...
[M::process] read chunk (19660800 bytes/CG x 1 CGs, 19660664 bytes)...
[M::process] read chunk (19660800 bytes/CG x 1 CGs, 19661040 bytes)...
[M::process] read chunk (19660800 bytes/CG x 1 CGs, 19660664 bytes)...
[M::process] read chunk (19660800 bytes/CG x 1 CGs, 19660664 bytes)...
[M::process] read chunk (19660800 bytes/CG x 1 CGs, 19661040 bytes)...
[M::process] read chunk (19660800 bytes/CG x 1 CGs, 19660664 bytes)...
[M::process] read chunk (19660800 bytes/CG x 1 CGs, 19660664 bytes)...
[M::process] read chunk (19660800 bytes/CG x 1 CGs, 19660824 bytes)...
[M::process] read chunk (19660800 bytes/CG x 1 CGs, 19660820 bytes)...
[M::process] read chunk (19660800 bytes/CG x 1 CGs, 19660820 bytes)...
[M::process] read chunk (19660800 bytes/CG x 1 CGs, 19660820 bytes)...
[M::process] read chunk (19660800 bytes/CG x 1 CGs, 19660820 bytes)...
[M::process] read chunk (19660800 bytes/CG x 1 CGs, 19661160 bytes)...
[M::process] read chunk (19660800 bytes/CG x 1 CGs, 19660556 bytes)...
[M::process] read chunk (19660800 bytes/CG x 1 CGs, 19661040 bytes)...
[M::process] read chunk (19660800 bytes/CG x 1 CGs, 19660664 bytes)...
[M::process] read chunk (19660800 bytes/CG x 1 CGs, 19660664 bytes)...
[M::process] read chunk (19660800 bytes/CG x 1 CGs, 19661040 bytes)...
[DBG stage1] slow fread: R1 offset=157286452 requested=19661040 read=19661040 elapsed=1.043 s
[DBG stage1] slow fread: R1 offset=137625788 requested=19660664 read=19660664 elapsed=1.005 s
[DBG stage1] slow fread: R1 offset=98304084 requested=19661040 read=19661040 elapsed=1.050 s
[DBG stage1] slow fread: R1 offset=216268820 requested=19661040 read=19661040 elapsed=1.123 s
[M::mem_process_seqs_merge2] CPE FASTQ formatting done
[M::mem_process_seqs_merge2] CPE FASTQ formatting done
[M::mem_process_seqs_merge2] CPE FASTQ formatting done
[M::mem_process_seqs_merge2] CPE FASTQ formatting done
[M::mem_process_seqs_merge2] CPE FASTQ formatting done
[M::mem_process_seqs_merge2] CPE FASTQ formatting done
[M::mem_process_seqs_merge2] CPE FASTQ formatting done
[M::mem_process_seqs_merge2] CPE FASTQ formatting done
[M::mem_process_seqs_merge2] CPE FASTQ formatting done
[M::mem_process_seqs_merge2] CPE FASTQ formatting done
[M::mem_process_seqs_merge2] CPE FASTQ formatting done
[M::mem_process_seqs_merge2] CPE FASTQ formatting done
[M::mem_process_seqs_merge2] CPE FASTQ formatting done
[M::mem_process_seqs_merge2] CPE FASTQ formatting done
[M::mem_process_seqs_merge2] CPE FASTQ formatting done
[M::mem_process_seqs_merge2] CPE FASTQ formatting done
[M::mem_process_seqs_merge2] CPE FASTQ formatting done
[M::mem_process_seqs_merge2] CPE FASTQ formatting done
[DBG stage1] slow fread: R2 offset=176947492 requested=19660664 read=19660664 elapsed=1.124 s
[DBG stage1] slow fread: R2 offset=117965124 requested=19660664 read=19660664 elapsed=1.149 s
[M::mem_process_seqs_merge2] CPE FASTQ formatting done
[M::mem_process_seqs_merge2] CPE FASTQ formatting done
[DBG stage1] slow fread: R2 offset=196608156 requested=19660664 read=19660664 elapsed=1.097 s
[DBG stage1] slow fread: R2 offset=137625788 requested=19660664 read=19660664 elapsed=1.128 s
[DBG stage1] slow fread: R2 offset=157286452 requested=19661040 read=19661040 elapsed=1.236 s
[M::mem_process_seqs_merge2] CPE FASTQ formatting done
[M::mem_process_seqs_merge2] CPE FASTQ formatting done
[M::mem_process_seqs_merge2] CPE FASTQ formatting done
[DBG stage1] slow fread: R2 offset=216268820 requested=19661040 read=19661040 elapsed=1.052 s
[M::mem_process_seqs_merge2] CPE FASTQ formatting done
slave pre done
now n is 103590
processed 103590
[M::mem_process_seqs_merge2] Processed 103590 reads in 0.110 CPU sec, 4.946 real sec
slave pre done
now n is 103478
slave pre done
now n is 104580
processed 103478
[M::mem_process_seqs_merge2] Processed 103478 reads in 0.060 CPU sec, 4.964 real sec
processed 104580
[M::mem_process_seqs_merge2] Processed 104580 reads in 0.100 CPU sec, 5.066 real sec
slave pre done
now n is 104578
processed 104578
[M::mem_process_seqs_merge2] Processed 104578 reads in 0.100 CPU sec, 5.089 real sec
slave pre done
now n is 104578
slave pre done
now n is 103478
processed 104578
[M::mem_process_seqs_merge2] Processed 104578 reads in 0.120 CPU sec, 4.979 real sec
processed 103478
[M::mem_process_seqs_merge2] Processed 103478 reads in 0.050 CPU sec, 4.879 real sec
[M::process] read chunk (19660800 bytes/CG x 1 CGs, 19660820 bytes)...
slave pre done
now n is 104578
[M::process] read chunk (19660800 bytes/CG x 1 CGs, 19660820 bytes)...
[M::process] read chunk (19660800 bytes/CG x 1 CGs, 19660820 bytes)...
processed 104578
[M::mem_process_seqs_merge2] Processed 104578 reads in 0.050 CPU sec, 4.984 real sec
slave pre done
slave pre done
now n is 103478
now n is 104578
processed 103478
[M::mem_process_seqs_merge2] Processed 103478 reads in 0.150 CPU sec, 5.017 real sec
processed 104578
[M::mem_process_seqs_merge2] Processed 104578 reads in 0.070 CPU sec, 5.148 real sec
[M::process] read chunk (19660800 bytes/CG x 1 CGs, 19660820 bytes)...
slave pre done
now n is 104580
slave pre done
now n is 104578
processed 104580
[M::mem_process_seqs_merge2] Processed 104580 reads in 0.080 CPU sec, 5.198 real sec
processed 104578
[M::mem_process_seqs_merge2] Processed 104578 reads in 0.080 CPU sec, 5.174 real sec
slave pre done
now n is 103478
[M::process] read chunk (19660800 bytes/CG x 1 CGs, 19660820 bytes)...
[M::process] read chunk (19660800 bytes/CG x 1 CGs, 19660820 bytes)...
processed 103478
[M::mem_process_seqs_merge2] Processed 103478 reads in 0.110 CPU sec, 5.038 real sec
[M::process] read chunk (19660800 bytes/CG x 1 CGs, 19660820 bytes)...
[M::process] read chunk (19660800 bytes/CG x 1 CGs, 19660820 bytes)...
[M::process] read chunk (19660800 bytes/CG x 1 CGs, 19660820 bytes)...
[M::process] read chunk (19660800 bytes/CG x 1 CGs, 19660820 bytes)...
[M::process] read chunk (19660800 bytes/CG x 1 CGs, 19660820 bytes)...
slave pre done
now n is 104578
processed 104578
[M::mem_process_seqs_merge2] Processed 104578 reads in 0.090 CPU sec, 5.024 real sec
[M::process] read chunk (19660800 bytes/CG x 1 CGs, 19660820 bytes)...
slave pre done
now n is 104578
processed 104578
[M::mem_process_seqs_merge2] Processed 104578 reads in 0.100 CPU sec, 5.124 real sec
[M::process] read chunk (19660800 bytes/CG x 1 CGs, 19660820 bytes)...
slave pre done
now n is 104580
[M::process] read chunk (19660800 bytes/CG x 1 CGs, 19660440 bytes)...
processed 104580
[M::mem_process_seqs_merge2] Processed 104580 reads in 0.130 CPU sec, 4.994 real sec
slave pre done
now n is 104578
processed 104578
[M::mem_process_seqs_merge2] Processed 104578 reads in 0.130 CPU sec, 5.974 real sec
[M::mem_process_seqs_merge2] CPE FASTQ formatting done
slave pre done
now n is 104580
slave pre done
now n is 104580
processed 104580
[M::mem_process_seqs_merge2] Processed 104580 reads in 0.110 CPU sec, 5.195 real sec
processed 104580
[M::mem_process_seqs_merge2] Processed 104580 reads in 0.110 CPU sec, 5.863 real sec
slave pre done
now n is 104578
processed 104578
[M::mem_process_seqs_merge2] Processed 104578 reads in 0.110 CPU sec, 5.930 real sec
slave pre done
now n is 104578
slave pre done
now n is 104578
processed 104578
[M::mem_process_seqs_merge2] Processed 104578 reads in 0.110 CPU sec, 5.299 real sec
[M::process] read chunk (19660800 bytes/CG x 1 CGs, 19660820 bytes)...
processed 104578
[M::mem_process_seqs_merge2] Processed 104578 reads in 0.040 CPU sec, 5.329 real sec
[M::process] read chunk (19660800 bytes/CG x 1 CGs, 19660820 bytes)...
[M::mem_process_seqs_merge2] CPE FASTQ formatting done
slave pre done
now n is 105578
processed 105578
[M::mem_process_seqs_merge2] Processed 105578 reads in 0.190 CPU sec, 6.123 real sec
[M::process] read chunk (19660800 bytes/CG x 1 CGs, 19660820 bytes)...
[M::process] read chunk (19660800 bytes/CG x 1 CGs, 19660820 bytes)...
[M::mem_process_seqs_merge2] CPE FASTQ formatting done
[M::process] read chunk (19660800 bytes/CG x 1 CGs, 19660820 bytes)...
[M::mem_process_seqs_merge2] CPE FASTQ formatting done
[M::process] read chunk (19660800 bytes/CG x 1 CGs, 19660820 bytes)...
[M::mem_process_seqs_merge2] CPE FASTQ formatting done
[M::process] read chunk (19660800 bytes/CG x 1 CGs, 19660820 bytes)...
slave pre done
now n is 104580
[M::process] read chunk (19660800 bytes/CG x 1 CGs, 19660820 bytes)...
processed 104580
[M::mem_process_seqs_merge2] Processed 104580 reads in 0.180 CPU sec, 6.398 real sec
[M::mem_process_seqs_merge2] CPE FASTQ formatting done
[M::mem_process_seqs_merge2] CPE FASTQ formatting done
[M::mem_process_seqs_merge2] CPE FASTQ formatting done
[M::mem_process_seqs_merge2] CPE FASTQ formatting done
[M::mem_process_seqs_merge2] CPE FASTQ formatting done
[M::mem_process_seqs_merge2] CPE FASTQ formatting done
[M::process] read chunk (19660800 bytes/CG x 1 CGs, 19660820 bytes)...
[M::mem_process_seqs_merge2] CPE FASTQ formatting done
[M::mem_process_seqs_merge2] CPE FASTQ formatting done
[M::mem_process_seqs_merge2] CPE FASTQ formatting done
[M::mem_process_seqs_merge2] CPE FASTQ formatting done
slave pre done
now n is 105944
processed 105944
[M::mem_process_seqs_merge2] Processed 105944 reads in 0.160 CPU sec, 7.400 real sec
[M::mem_process_seqs_merge2] CPE FASTQ formatting done
[M::mem_process_seqs_merge2] CPE FASTQ formatting done
[M::mem_process_seqs_merge2] CPE FASTQ formatting done
[M::mem_process_seqs_merge2] CPE FASTQ formatting done
[M::mem_process_seqs_merge2] CPE FASTQ formatting done
[M::process] read chunk (19660800 bytes/CG x 1 CGs, 19660820 bytes)...
[M::mem_process_seqs_merge2] CPE FASTQ formatting done
[M::mem_process_seqs_merge2] CPE FASTQ formatting done
[M::mem_process_seqs_merge2] CPE FASTQ formatting done
[M::mem_process_seqs_merge2] CPE FASTQ formatting done
slave pre done
now n is 103478
processed 103478
[M::mem_process_seqs_merge2] Processed 103478 reads in 0.130 CPU sec, 4.865 real sec
slave pre done
now n is 103478
processed 103478
[M::mem_process_seqs_merge2] Processed 103478 reads in 0.150 CPU sec, 5.083 real sec
[M::process] read chunk (19660800 bytes/CG x 1 CGs, 19660820 bytes)...
[M::process] read chunk (19660800 bytes/CG x 1 CGs, 19660820 bytes)...
slave pre done
now n is 103478
processed 103478
[M::mem_process_seqs_merge2] Processed 103478 reads in 0.120 CPU sec, 5.069 real sec
slave pre done
now n is 103478
processed 103478
[M::mem_process_seqs_merge2] Processed 103478 reads in 0.100 CPU sec, 5.105 real sec
slave pre done
now n is 103478
processed 103478
[M::mem_process_seqs_merge2] Processed 103478 reads in 0.090 CPU sec, 4.900 real sec
slave pre done
now n is 103478
slave pre done
now n is 103478
processed 103478
[M::mem_process_seqs_merge2] Processed 103478 reads in 0.090 CPU sec, 5.141 real sec
processed 103478
[M::mem_process_seqs_merge2] Processed 103478 reads in 0.080 CPU sec, 4.979 real sec
[M::process] read chunk (19660800 bytes/CG x 1 CGs, 19660820 bytes)...
[M::mem_process_seqs_merge2] CPE FASTQ formatting done
slave pre done
now n is 103478
processed 103478
[M::mem_process_seqs_merge2] Processed 103478 reads in 0.140 CPU sec, 4.924 real sec
[M::process] read chunk (19660800 bytes/CG x 1 CGs, 19660820 bytes)...
slave pre done
now n is 103478
processed 103478
[M::mem_process_seqs_merge2] Processed 103478 reads in 0.110 CPU sec, 5.097 real sec
[M::process] read chunk (19660800 bytes/CG x 1 CGs, 19660820 bytes)...
[M::process] read chunk (19660800 bytes/CG x 1 CGs, 19660820 bytes)...
slave pre done
now n is 103478
processed 103478
[M::mem_process_seqs_merge2] Processed 103478 reads in 0.100 CPU sec, 4.973 real sec
slave pre done
now n is 103478
slave pre done
processed 103478
[M::mem_process_seqs_merge2] Processed 103478 reads in 0.130 CPU sec, 4.945 real sec
now n is 103478
processed 103478
[M::mem_process_seqs_merge2] Processed 103478 reads in 0.100 CPU sec, 5.358 real sec
[M::process] read chunk (19660800 bytes/CG x 1 CGs, 19660820 bytes)...
slave pre done
now n is 103478
[M::process] read chunk (19660800 bytes/CG x 1 CGs, 19660820 bytes)...
processed 103478
[M::mem_process_seqs_merge2] Processed 103478 reads in 0.150 CPU sec, 5.186 real sec
[M::process] read chunk (19660800 bytes/CG x 1 CGs, 19660820 bytes)...
[M::process] read chunk (19660800 bytes/CG x 1 CGs, 19660820 bytes)...
slave pre done
now n is 103478
processed 103478
[M::mem_process_seqs_merge2] Processed 103478 reads in 0.100 CPU sec, 5.212 real sec
[M::process] read chunk (19660800 bytes/CG x 1 CGs, 19660440 bytes)...
[M::process] read chunk (19660800 bytes/CG x 1 CGs, 19660820 bytes)...
slave pre done
now n is 103478
processed 103478
[M::mem_process_seqs_merge2] Processed 103478 reads in 0.160 CPU sec, 4.907 real sec
[M::mem_process_seqs_merge2] CPE FASTQ formatting done
slave pre done
now n is 103476
processed 103476
[M::mem_process_seqs_merge2] Processed 103476 reads in 0.100 CPU sec, 5.137 real sec
slave pre done
now n is 103478
[M::process] read chunk (19660800 bytes/CG x 1 CGs, 19660820 bytes)...
processed 103478
[M::mem_process_seqs_merge2] Processed 103478 reads in 0.130 CPU sec, 4.978 real sec
slave pre done
now n is 103478
processed 103478
[M::mem_process_seqs_merge2] Processed 103478 reads in 0.090 CPU sec, 4.877 real sec
[M::mem_process_seqs_merge2] CPE FASTQ formatting done
slave pre done
now n is 103478
processed 103478
[M::mem_process_seqs_merge2] Processed 103478 reads in 0.090 CPU sec, 4.872 real sec
[M::process] read chunk (19660800 bytes/CG x 1 CGs, 19660820 bytes)...
slave pre done
now n is 103478
[M::process] read chunk (19660800 bytes/CG x 1 CGs, 19660820 bytes)...
processed 103478
[M::mem_process_seqs_merge2] Processed 103478 reads in 0.140 CPU sec, 4.971 real sec
[M::process] read chunk (19660800 bytes/CG x 1 CGs, 19660820 bytes)...
[M::process] read chunk (19660800 bytes/CG x 1 CGs, 19660820 bytes)...
[M::process] read chunk (19660800 bytes/CG x 1 CGs, 19660820 bytes)...
slave pre done
now n is 103478
[M::process] read chunk (19660800 bytes/CG x 1 CGs, 19660820 bytes)...
processed 103478
[M::mem_process_seqs_merge2] Processed 103478 reads in 0.140 CPU sec, 5.071 real sec
[M::mem_process_seqs_merge2] CPE FASTQ formatting done
slave pre done
now n is 103478
[M::process] read chunk (19660800 bytes/CG x 1 CGs, 19660820 bytes)...
processed 103478
[M::mem_process_seqs_merge2] Processed 103478 reads in 0.080 CPU sec, 5.073 real sec
slave pre done
now n is 103478
processed 103478
[M::mem_process_seqs_merge2] Processed 103478 reads in 0.170 CPU sec, 5.173 real sec
slave pre done
now n is 103478
processed 103478
[M::mem_process_seqs_merge2] Processed 103478 reads in 0.090 CPU sec, 5.005 real sec
[M::process] read chunk (19660800 bytes/CG x 1 CGs, 19660820 bytes)...
[M::mem_process_seqs_merge2] CPE FASTQ formatting done
[M::process] read chunk (19660800 bytes/CG x 1 CGs, 19660820 bytes)...
[M::mem_process_seqs_merge2] CPE FASTQ formatting done
[M::process] read chunk (19660800 bytes/CG x 1 CGs, 19660820 bytes)...
[M::mem_process_seqs_merge2] CPE FASTQ formatting done
[M::mem_process_seqs_merge2] CPE FASTQ formatting done
[M::mem_process_seqs_merge2] CPE FASTQ formatting done
[M::mem_process_seqs_merge2] CPE FASTQ formatting done
[M::mem_process_seqs_merge2] CPE FASTQ formatting done
[M::mem_process_seqs_merge2] CPE FASTQ formatting done
[M::mem_process_seqs_merge2] CPE FASTQ formatting done
[M::process] read chunk (19660800 bytes/CG x 1 CGs, 19660820 bytes)...
[M::mem_process_seqs_merge2] CPE FASTQ formatting done
[M::mem_process_seqs_merge2] CPE FASTQ formatting done
[M::mem_process_seqs_merge2] CPE FASTQ formatting done
[M::mem_process_seqs_merge2] CPE FASTQ formatting done
[M::mem_process_seqs_merge2] CPE FASTQ formatting done
[M::mem_process_seqs_merge2] CPE FASTQ formatting done
[M::mem_process_seqs_merge2] CPE FASTQ formatting done
[M::mem_process_seqs_merge2] CPE FASTQ formatting done
[M::mem_process_seqs_merge2] CPE FASTQ formatting done
[M::mem_process_seqs_merge2] CPE FASTQ formatting done
[M::mem_process_seqs_merge2] CPE FASTQ formatting done
slave pre done
now n is 103478
processed 103478
[M::mem_process_seqs_merge2] Processed 103478 reads in 0.220 CPU sec, 5.045 real sec
[M::process] read chunk (19660800 bytes/CG x 1 CGs, 19660820 bytes)...
slave pre done
now n is 103478
processed 103478
[M::mem_process_seqs_merge2] Processed 103478 reads in 0.110 CPU sec, 4.924 real sec
[M::process] read chunk (19660800 bytes/CG x 1 CGs, 19660440 bytes)...
slave pre done
now n is 103478
processed 103478
[M::mem_process_seqs_merge2] Processed 103478 reads in 0.150 CPU sec, 5.126 real sec
[M::mem_process_seqs_merge2] CPE FASTQ formatting done
[M::process] read chunk (19660800 bytes/CG x 1 CGs, 19660820 bytes)...
slave pre done
now n is 103478
processed 103478
[M::mem_process_seqs_merge2] Processed 103478 reads in 0.210 CPU sec, 5.098 real sec
slave pre done
now n is 103478
[M::mem_process_seqs_merge2] CPE FASTQ formatting done
processed 103478
[M::mem_process_seqs_merge2] Processed 103478 reads in 0.120 CPU sec, 4.939 real sec
[M::mem_process_seqs_merge2] CPE FASTQ formatting done
slave pre done
now n is 103478
slave pre done
now n is 103478
[M::process] read chunk (19660800 bytes/CG x 1 CGs, 19660820 bytes)...
processed 103478
[M::mem_process_seqs_merge2] Processed 103478 reads in 0.170 CPU sec, 4.990 real sec
processed 103478
[M::mem_process_seqs_merge2] Processed 103478 reads in 0.060 CPU sec, 4.963 real sec
[M::process] read chunk (19660800 bytes/CG x 1 CGs, 19660820 bytes)...
slave pre done
now n is 103478
processed 103478
[M::mem_process_seqs_merge2] Processed 103478 reads in 0.090 CPU sec, 5.063 real sec
slave pre done
now n is 103478
processed 103478
[M::mem_process_seqs_merge2] Processed 103478 reads in 0.120 CPU sec, 5.074 real sec
slave pre done
now n is 103478
[M::process] read chunk (19660800 bytes/CG x 1 CGs, 19660820 bytes)...
[M::process] read chunk (19660800 bytes/CG x 1 CGs, 19660820 bytes)...
processed 103478
[M::mem_process_seqs_merge2] Processed 103478 reads in 0.100 CPU sec, 5.224 real sec
[M::process] read chunk (19660800 bytes/CG x 1 CGs, 19660820 bytes)...
[M::process] read chunk (19660800 bytes/CG x 1 CGs, 19660820 bytes)...
slave pre done
now n is 103478
processed 103478
[M::mem_process_seqs_merge2] Processed 103478 reads in 0.120 CPU sec, 5.410 real sec
[M::process] read chunk (19660800 bytes/CG x 1 CGs, 19660440 bytes)...
[M::mem_process_seqs_merge2] CPE FASTQ formatting done
slave pre done
now n is 103476
slave pre done
now n is 103478
processed 103476
[M::mem_process_seqs_merge2] Processed 103476 reads in 0.170 CPU sec, 5.549 real sec
processed 103478
[M::mem_process_seqs_merge2] Processed 103478 reads in 0.110 CPU sec, 5.709 real sec
slave pre done
now n is 103478
processed 103478
[M::mem_process_seqs_merge2] Processed 103478 reads in 0.100 CPU sec, 4.965 real sec
slave pre done
now n is 103478
processed 103478
[M::mem_process_seqs_merge2] Processed 103478 reads in 0.170 CPU sec, 5.253 real sec
[M::process] read chunk (19660800 bytes/CG x 1 CGs, 19660820 bytes)...
slave pre done
now n is 103478
processed 103478
[M::mem_process_seqs_merge2] Processed 103478 reads in 0.090 CPU sec, 5.062 real sec
[M::mem_process_seqs_merge2] CPE FASTQ formatting done
[M::process] read chunk (19660800 bytes/CG x 1 CGs, 19660820 bytes)...
[M::mem_process_seqs_merge2] CPE FASTQ formatting done
[M::process] read chunk (19660800 bytes/CG x 1 CGs, 19660820 bytes)...
slave pre done
now n is 103478
slave pre done
now n is 103478
[M::process] read chunk (19660800 bytes/CG x 1 CGs, 19660820 bytes)...
processed 103478
[M::mem_process_seqs_merge2] Processed 103478 reads in 0.150 CPU sec, 5.237 real sec
processed 103478
[M::mem_process_seqs_merge2] Processed 103478 reads in 0.110 CPU sec, 5.064 real sec
[M::process] read chunk (19660800 bytes/CG x 1 CGs, 19660820 bytes)...
slave pre done
now n is 103478
[M::mem_process_seqs_merge2] CPE FASTQ formatting done
processed 103478
[M::mem_process_seqs_merge2] Processed 103478 reads in 0.120 CPU sec, 5.238 real sec
[M::process] read chunk (19660800 bytes/CG x 1 CGs, 19660820 bytes)...
slave pre done
now n is 103478
processed 103478
[M::mem_process_seqs_merge2] Processed 103478 reads in 0.130 CPU sec, 5.237 real sec
[M::process] read chunk (19660800 bytes/CG x 1 CGs, 19660820 bytes)...
[M::process] read chunk (19660800 bytes/CG x 1 CGs, 19660820 bytes)...
slave pre done
now n is 103478
processed 103478
[M::mem_process_seqs_merge2] Processed 103478 reads in 0.150 CPU sec, 5.197 real sec
[M::mem_process_seqs_merge2] CPE FASTQ formatting done
[M::mem_process_seqs_merge2] CPE FASTQ formatting done
slave pre done
now n is 103478
[M::process] read chunk (19660800 bytes/CG x 1 CGs, 19660820 bytes)...
slave pre done
now n is 103478
processed 103478
[M::mem_process_seqs_merge2] Processed 103478 reads in 0.170 CPU sec, 5.182 real sec
processed 103478
[M::mem_process_seqs_merge2] Processed 103478 reads in 0.080 CPU sec, 5.274 real sec
slave pre done
now n is 103478
processed 103478
[M::mem_process_seqs_merge2] Processed 103478 reads in 0.110 CPU sec, 5.291 real sec
[M::process] read chunk (19660800 bytes/CG x 1 CGs, 19660820 bytes)...
[M::mem_process_seqs_merge2] CPE FASTQ formatting done
[M::mem_process_seqs_merge2] CPE FASTQ formatting done
[M::process] read chunk (19660800 bytes/CG x 1 CGs, 19660820 bytes)...
[M::process] read chunk (19660800 bytes/CG x 1 CGs, 19660820 bytes)...
[M::mem_process_seqs_merge2] CPE FASTQ formatting done
[M::process] read chunk (19660800 bytes/CG x 1 CGs, 19660820 bytes)...
[M::process] read chunk (19660800 bytes/CG x 1 CGs, 19660820 bytes)...
[M::mem_process_seqs_merge2] CPE FASTQ formatting done
[M::mem_process_seqs_merge2] CPE FASTQ formatting done
[M::mem_process_seqs_merge2] CPE FASTQ formatting done
[M::mem_process_seqs_merge2] CPE FASTQ formatting done
[M::mem_process_seqs_merge2] CPE FASTQ formatting done
[M::mem_process_seqs_merge2] CPE FASTQ formatting done
[M::mem_process_seqs_merge2] CPE FASTQ formatting done
[M::mem_process_seqs_merge2] CPE FASTQ formatting done
[M::mem_process_seqs_merge2] CPE FASTQ formatting done
[M::mem_process_seqs_merge2] CPE FASTQ formatting done
[M::mem_process_seqs_merge2] CPE FASTQ formatting done
[M::mem_process_seqs_merge2] CPE FASTQ formatting done
slave pre done
now n is 103478
processed 103478
[M::mem_process_seqs_merge2] Processed 103478 reads in 0.260 CPU sec, 5.020 real sec
[M::process] read chunk (19660800 bytes/CG x 1 CGs, 19660820 bytes)...
slave pre done
now n is 103478
processed 103478
[M::mem_process_seqs_merge2] Processed 103478 reads in 0.130 CPU sec, 4.961 real sec
slave pre done
now n is 103476
processed 103476
[M::mem_process_seqs_merge2] Processed 103476 reads in 0.110 CPU sec, 5.107 real sec
[M::process] read chunk (19660800 bytes/CG x 1 CGs, 19660820 bytes)...
[M::process] read chunk (19660800 bytes/CG x 1 CGs, 19660820 bytes)...
[M::mem_process_seqs_merge2] CPE FASTQ formatting done
slave pre done
now n is 103478
processed 103478
[M::mem_process_seqs_merge2] Processed 103478 reads in 0.120 CPU sec, 5.122 real sec
[M::mem_process_seqs_merge2] CPE FASTQ formatting done
[M::mem_process_seqs_merge2] CPE FASTQ formatting done
slave pre done
now n is 103478
processed 103478
[M::mem_process_seqs_merge2] Processed 103478 reads in 0.170 CPU sec, 4.993 real sec
slave pre done
now n is 103478
[M::process] read chunk (19660800 bytes/CG x 1 CGs, 19660820 bytes)...
processed 103478
[M::mem_process_seqs_merge2] Processed 103478 reads in 0.100 CPU sec, 5.103 real sec
slave pre done
now n is 103476
processed 103476
[M::mem_process_seqs_merge2] Processed 103476 reads in 0.080 CPU sec, 5.074 real sec
[M::process] read chunk (19660800 bytes/CG x 1 CGs, 19660820 bytes)...
[M::process] read chunk (19660800 bytes/CG x 1 CGs, 19660820 bytes)...
slave pre done
now n is 103478
[M::mem_process_seqs_merge2] CPE FASTQ formatting done
processed 103478
[M::mem_process_seqs_merge2] Processed 103478 reads in 0.080 CPU sec, 5.055 real sec
slave pre done
now n is 103478
processed 103478
[M::mem_process_seqs_merge2] Processed 103478 reads in 0.100 CPU sec, 4.855 real sec
[M::process] read chunk (19660800 bytes/CG x 1 CGs, 19660820 bytes)...
slave pre done
now n is 103478
processed 103478
[M::mem_process_seqs_merge2] Processed 103478 reads in 0.100 CPU sec, 5.109 real sec
slave pre done
now n is 103478
[M::process] read chunk (19660800 bytes/CG x 1 CGs, 19660820 bytes)...
processed 103478
[M::mem_process_seqs_merge2] Processed 103478 reads in 0.130 CPU sec, 5.118 real sec
[M::mem_process_seqs_merge2] CPE FASTQ formatting done
slave pre done
now n is 103478
[M::process] read chunk (19660800 bytes/CG x 1 CGs, 19660820 bytes)...
processed 103478
[M::mem_process_seqs_merge2] Processed 103478 reads in 0.130 CPU sec, 5.119 real sec
[M::process] read chunk (19660800 bytes/CG x 1 CGs, 19660820 bytes)...
[M::process] read chunk (19660800 bytes/CG x 1 CGs, 19660820 bytes)...
[M::mem_process_seqs_merge2] CPE FASTQ formatting done
[M::mem_process_seqs_merge2] CPE FASTQ formatting done
[M::process] read chunk (19660800 bytes/CG x 1 CGs, 19660820 bytes)...
slave pre done
now n is 103478
processed 103478
[M::mem_process_seqs_merge2] Processed 103478 reads in 0.080 CPU sec, 5.063 real sec
[M::mem_process_seqs_merge2] CPE FASTQ formatting done
slave pre done
now n is 103478
processed 103478
[M::mem_process_seqs_merge2] Processed 103478 reads in 0.120 CPU sec, 5.080 real sec
slave pre done
now n is 103478
processed 103478
[M::mem_process_seqs_merge2] Processed 103478 reads in 0.090 CPU sec, 4.994 real sec
[M::process] read chunk (19660800 bytes/CG x 1 CGs, 19660820 bytes)...
[M::process] read chunk (19660800 bytes/CG x 1 CGs, 19660820 bytes)...
[M::mem_process_seqs_merge2] CPE FASTQ formatting done
[M::process] read chunk (19660800 bytes/CG x 1 CGs, 19660820 bytes)...
slave pre done
now n is 103478
slave pre done
now n is 103478
processed 103478
[M::mem_process_seqs_merge2] Processed 103478 reads in 0.150 CPU sec, 5.022 real sec
[M::mem_process_seqs_merge2] CPE FASTQ formatting done
processed 103478
[M::mem_process_seqs_merge2] Processed 103478 reads in 0.090 CPU sec, 5.125 real sec
slave pre done
now n is 103478
slave pre done
now n is 103478
processed 103478
[M::mem_process_seqs_merge2] Processed 103478 reads in 0.110 CPU sec, 4.943 real sec
slave pre done
now n is 103478
slave pre done
processed 103478
[M::mem_process_seqs_merge2] Processed 103478 reads in 0.130 CPU sec, 5.109 real sec
now n is 103478
slave pre done
now n is 103478
processed 103478
[M::mem_process_seqs_merge2] Processed 103478 reads in 0.100 CPU sec, 5.035 real sec
processed 103478
[M::mem_process_seqs_merge2] Processed 103478 reads in 0.100 CPU sec, 4.879 real sec
processed 103478
[M::mem_process_seqs_merge2] Processed 103478 reads in 0.050 CPU sec, 4.843 real sec
slave pre done
now n is 103478
processed 103478
[M::mem_process_seqs_merge2] Processed 103478 reads in 0.210 CPU sec, 4.997 real sec
slave pre done
now n is 103478
processed 103478
[M::mem_process_seqs_merge2] Processed 103478 reads in 0.080 CPU sec, 5.006 real sec
[M::mem_process_seqs_merge2] CPE FASTQ formatting done
[M::mem_process_seqs_merge2] CPE FASTQ formatting done
[M::process] read chunk (19660800 bytes/CG x 1 CGs, 19660820 bytes)...
[M::process] read chunk (19660800 bytes/CG x 1 CGs, 19660820 bytes)...
[M::process] read chunk (19660800 bytes/CG x 1 CGs, 19660820 bytes)...
[M::process] read chunk (19660800 bytes/CG x 1 CGs, 19660820 bytes)...
[M::process] read chunk (19660800 bytes/CG x 1 CGs, 19660820 bytes)...
[M::process] read chunk (19660800 bytes/CG x 1 CGs, 19660820 bytes)...
[M::process] read chunk (19660800 bytes/CG x 1 CGs, 19660820 bytes)...
[M::process] read chunk (19660800 bytes/CG x 1 CGs, 19660820 bytes)...
[M::process] read chunk (19660800 bytes/CG x 1 CGs, 19660440 bytes)...
[M::mem_process_seqs_merge2] CPE FASTQ formatting done
[M::mem_process_seqs_merge2] CPE FASTQ formatting done
[M::mem_process_seqs_merge2] CPE FASTQ formatting done
[M::mem_process_seqs_merge2] CPE FASTQ formatting done
[M::mem_process_seqs_merge2] CPE FASTQ formatting done
[M::mem_process_seqs_merge2] CPE FASTQ formatting done
[M::mem_process_seqs_merge2] CPE FASTQ formatting done
[M::mem_process_seqs_merge2] CPE FASTQ formatting done
[M::mem_process_seqs_merge2] CPE FASTQ formatting done
[M::mem_process_seqs_merge2] CPE FASTQ formatting done
[M::mem_process_seqs_merge2] CPE FASTQ formatting done
[M::mem_process_seqs_merge2] CPE FASTQ formatting done
slave pre done
now n is 103478
processed 103478
[M::mem_process_seqs_merge2] Processed 103478 reads in 0.200 CPU sec, 5.249 real sec
[M::process] read chunk (19660800 bytes/CG x 1 CGs, 19660820 bytes)...
slave pre done
now n is 103478
processed 103478
[M::mem_process_seqs_merge2] Processed 103478 reads in 0.080 CPU sec, 5.053 real sec
slave pre done
now n is 103478
processed 103478
[M::mem_process_seqs_merge2] Processed 103478 reads in 0.140 CPU sec, 5.075 real sec
[M::process] read chunk (19660800 bytes/CG x 1 CGs, 19660820 bytes)...
[M::process] read chunk (19660800 bytes/CG x 1 CGs, 19660820 bytes)...
[M::mem_process_seqs_merge2] CPE FASTQ formatting done
slave pre done
now n is 103478
processed 103478
[M::mem_process_seqs_merge2] Processed 103478 reads in 0.090 CPU sec, 5.204 real sec
[M::mem_process_seqs_merge2] CPE FASTQ formatting done
[M::mem_process_seqs_merge2] CPE FASTQ formatting done
[M::process] read chunk (19660800 bytes/CG x 1 CGs, 19660820 bytes)...
slave pre done
now n is 103478
slave pre done
now n is 103478
processed 103478
[M::mem_process_seqs_merge2] Processed 103478 reads in 0.200 CPU sec, 5.103 real sec
processed 103478
[M::mem_process_seqs_merge2] Processed 103478 reads in 0.160 CPU sec, 4.917 real sec
slave pre done
now n is 103478
processed 103478
[M::mem_process_seqs_merge2] Processed 103478 reads in 0.130 CPU sec, 4.917 real sec
[M::process] read chunk (19660800 bytes/CG x 1 CGs, 19660820 bytes)...
[M::process] read chunk (19660800 bytes/CG x 1 CGs, 19660820 bytes)...
[M::process] read chunk (19660800 bytes/CG x 1 CGs, 19660820 bytes)...
[M::mem_process_seqs_merge2] CPE FASTQ formatting done
slave pre done
now n is 103478
processed 103478
[M::mem_process_seqs_merge2] Processed 103478 reads in 0.110 CPU sec, 5.279 real sec
[M::mem_process_seqs_merge2] CPE FASTQ formatting done
[M::mem_process_seqs_merge2] CPE FASTQ formatting done
slave pre done
now n is 103478
slave pre done
now n is 103478
[M::mem_process_seqs_merge2] CPE FASTQ formatting done
processed 103478
[M::mem_process_seqs_merge2] Processed 103478 reads in 0.090 CPU sec, 5.081 real sec
processed 103478
[M::mem_process_seqs_merge2] Processed 103478 reads in 0.070 CPU sec, 5.014 real sec
[M::process] read chunk (19660800 bytes/CG x 1 CGs, 19660820 bytes)...
slave pre done
now n is 103478
processed 103478
[M::mem_process_seqs_merge2] Processed 103478 reads in 0.110 CPU sec, 5.024 real sec
[M::process] read chunk (19660800 bytes/CG x 1 CGs, 19660820 bytes)...
[M::process] read chunk (19660800 bytes/CG x 1 CGs, 19660820 bytes)...
slave pre done
now n is 103478
processed 103478
[M::mem_process_seqs_merge2] Processed 103478 reads in 0.120 CPU sec, 5.232 real sec
[M::process] read chunk (19660800 bytes/CG x 1 CGs, 19660820 bytes)...
[M::mem_process_seqs_merge2] CPE FASTQ formatting done
[M::process] read chunk (19660800 bytes/CG x 1 CGs, 19660820 bytes)...
slave pre done
now n is 103478
processed 103478
[M::mem_process_seqs_merge2] Processed 103478 reads in 0.100 CPU sec, 5.133 real sec
[M::mem_process_seqs_merge2] CPE FASTQ formatting done
slave pre done
now n is 103478
processed 103478
[M::mem_process_seqs_merge2] Processed 103478 reads in 0.140 CPU sec, 4.907 real sec
[M::process] read chunk (19660800 bytes/CG x 1 CGs, 19660820 bytes)...
[M::mem_process_seqs_merge2] CPE FASTQ formatting done
slave pre done
now n is 103478
[M::mem_process_seqs_merge2] CPE FASTQ formatting done
processed 103478
[M::mem_process_seqs_merge2] Processed 103478 reads in 0.060 CPU sec, 5.016 real sec
[M::process] read chunk (19660800 bytes/CG x 1 CGs, 19660820 bytes)...
[M::mem_process_seqs_merge2] CPE FASTQ formatting done
slave pre done
now n is 103478
processed 103478
[M::mem_process_seqs_merge2] Processed 103478 reads in 0.170 CPU sec, 5.027 real sec
[M::process] read chunk (19660800 bytes/CG x 1 CGs, 19660440 bytes)...
slave pre done
now n is 103478
processed 103478
[M::mem_process_seqs_merge2] Processed 103478 reads in 0.110 CPU sec, 5.030 real sec
slave pre done
now n is 103478
processed 103478
[M::mem_process_seqs_merge2] Processed 103478 reads in 0.150 CPU sec, 5.000 real sec
slave pre done
now n is 103478
processed 103478
[M::mem_process_seqs_merge2] Processed 103478 reads in 0.140 CPU sec, 5.185 real sec
slave pre done
now n is 103478
[M::process] read chunk (19660800 bytes/CG x 1 CGs, 19660820 bytes)...
processed 103478
[M::mem_process_seqs_merge2] Processed 103478 reads in 0.080 CPU sec, 4.959 real sec
[M::mem_process_seqs_merge2] CPE FASTQ formatting done
slave pre done
now n is 103478
[M::process] read chunk (19660800 bytes/CG x 1 CGs, 19660820 bytes)...
[M::process] read chunk (19660800 bytes/CG x 1 CGs, 19660820 bytes)...
processed 103478
[M::mem_process_seqs_merge2] Processed 103478 reads in 0.070 CPU sec, 5.049 real sec
slave pre done
now n is 103478
processed 103478
[M::mem_process_seqs_merge2] Processed 103478 reads in 0.170 CPU sec, 4.933 real sec
slave pre done
now n is 103478
processed 103478
[M::mem_process_seqs_merge2] Processed 103478 reads in 0.150 CPU sec, 5.067 real sec
[M::process] read chunk (19660800 bytes/CG x 1 CGs, 19660820 bytes)...
[M::process] read chunk (19660800 bytes/CG x 1 CGs, 19660820 bytes)...
[M::process] read chunk (19660800 bytes/CG x 1 CGs, 19660820 bytes)...
slave pre done
now n is 103476
processed 103476
[M::mem_process_seqs_merge2] Processed 103476 reads in 0.150 CPU sec, 5.213 real sec
[M::process] read chunk (19660800 bytes/CG x 1 CGs, 19660820 bytes)...
[M::process] read chunk (19660800 bytes/CG x 1 CGs, 19660820 bytes)...
[M::mem_process_seqs_merge2] CPE FASTQ formatting done
[M::process] read chunk (19660800 bytes/CG x 1 CGs, 19660820 bytes)...
[M::mem_process_seqs_merge2] CPE FASTQ formatting done
[M::mem_process_seqs_merge2] CPE FASTQ formatting done
[M::mem_process_seqs_merge2] CPE FASTQ formatting done
[M::mem_process_seqs_merge2] CPE FASTQ formatting done
[M::mem_process_seqs_merge2] CPE FASTQ formatting done
[M::mem_process_seqs_merge2] CPE FASTQ formatting done
[M::mem_process_seqs_merge2] CPE FASTQ formatting done
slave pre done
now n is 103478
processed 103478
[M::mem_process_seqs_merge2] Processed 103478 reads in 0.150 CPU sec, 5.132 real sec
[M::process] read chunk (19660800 bytes/CG x 1 CGs, 19660820 bytes)...
[M::mem_process_seqs_merge2] CPE FASTQ formatting done
slave pre done
now n is 103478
processed 103478
[M::mem_process_seqs_merge2] Processed 103478 reads in 0.110 CPU sec, 5.125 real sec
[M::mem_process_seqs_merge2] CPE FASTQ formatting done
slave pre done
now n is 103478
[M::mem_process_seqs_merge2] CPE FASTQ formatting done
processed 103478
[M::mem_process_seqs_merge2] Processed 103478 reads in 0.070 CPU sec, 5.152 real sec
[M::process] read chunk (19660800 bytes/CG x 1 CGs, 19660820 bytes)...
[M::process] read chunk (19660800 bytes/CG x 1 CGs, 19660440 bytes)...
[M::mem_process_seqs_merge2] CPE FASTQ formatting done
slave pre done
now n is 103478
processed 103478
[M::mem_process_seqs_merge2] Processed 103478 reads in 0.240 CPU sec, 5.023 real sec
[M::mem_process_seqs_merge2] CPE FASTQ formatting done
[M::mem_process_seqs_merge2] CPE FASTQ formatting done
slave pre done
now n is 103478
processed 103478
[M::mem_process_seqs_merge2] Processed 103478 reads in 0.280 CPU sec, 4.998 real sec
[M::process] read chunk (19660800 bytes/CG x 1 CGs, 19660820 bytes)...
slave pre done
now n is 103478
slave pre done
now n is 103478
processed 103478
[M::mem_process_seqs_merge2] Processed 103478 reads in 0.100 CPU sec, 5.052 real sec
[M::process] read chunk (19660800 bytes/CG x 1 CGs, 19660440 bytes)...
processed 103478
[M::mem_process_seqs_merge2] Processed 103478 reads in 0.170 CPU sec, 5.130 real sec
[M::process] read chunk (19660800 bytes/CG x 1 CGs, 19660820 bytes)...
[M::process] read chunk (19660800 bytes/CG x 1 CGs, 19660820 bytes)...
[M::mem_process_seqs_merge2] CPE FASTQ formatting done
[M::mem_process_seqs_merge2] CPE FASTQ formatting done
slave pre done
now n is 103478
processed 103478
[M::mem_process_seqs_merge2] Processed 103478 reads in 0.080 CPU sec, 5.236 real sec
[M::mem_process_seqs_merge2] CPE FASTQ formatting done
[M::mem_process_seqs_merge2] CPE FASTQ formatting done
[M::process] read chunk (19660800 bytes/CG x 1 CGs, 19660820 bytes)...
slave pre done
now n is 103478
processed 103478
[M::mem_process_seqs_merge2] Processed 103478 reads in 0.110 CPU sec, 5.097 real sec
[M::mem_process_seqs_merge2] CPE FASTQ formatting done
slave pre done
now n is 103478
processed 103478
[M::mem_process_seqs_merge2] Processed 103478 reads in 0.080 CPU sec, 4.992 real sec
[M::process] read chunk (19660800 bytes/CG x 1 CGs, 19660820 bytes)...
slave pre done
now n is 103478
processed 103478
[M::mem_process_seqs_merge2] Processed 103478 reads in 0.080 CPU sec, 5.059 real sec
slave pre done
now n is 103478
processed 103478
[M::mem_process_seqs_merge2] Processed 103478 reads in 0.120 CPU sec, 5.255 real sec
[M::process] read chunk (19660800 bytes/CG x 1 CGs, 19660820 bytes)...
[M::process] read chunk (19660800 bytes/CG x 1 CGs, 19660820 bytes)...
[M::process] read chunk (19660800 bytes/CG x 1 CGs, 19660820 bytes)...
slave pre done
now n is 103478
[M::mem_process_seqs_merge2] CPE FASTQ formatting done
processed 103478
[M::mem_process_seqs_merge2] Processed 103478 reads in 0.200 CPU sec, 5.164 real sec
[M::process] read chunk (19660800 bytes/CG x 1 CGs, 19660820 bytes)...
[M::mem_process_seqs_merge2] CPE FASTQ formatting done
[M::mem_process_seqs_merge2] CPE FASTQ formatting done
[M::mem_process_seqs_merge2] CPE FASTQ formatting done
slave pre done
now n is 103478
processed 103478
[M::mem_process_seqs_merge2] Processed 103478 reads in 0.120 CPU sec, 5.095 real sec
[M::mem_process_seqs_merge2] CPE FASTQ formatting done
[M::process] read chunk (19660800 bytes/CG x 1 CGs, 19660820 bytes)...
slave pre done
now n is 103476
processed 103476
[M::mem_process_seqs_merge2] Processed 103476 reads in 0.160 CPU sec, 5.096 real sec
slave pre done
now n is 103478
processed 103478
[M::mem_process_seqs_merge2] Processed 103478 reads in 0.160 CPU sec, 4.876 real sec
slave pre done
now n is 103478
processed 103478
[M::mem_process_seqs_merge2] Processed 103478 reads in 0.160 CPU sec, 5.023 real sec
[M::process] read chunk (19660800 bytes/CG x 1 CGs, 19660820 bytes)...
[M::process] read chunk (19660800 bytes/CG x 1 CGs, 19660820 bytes)...
slave pre done
now n is 103478
processed 103478
[M::mem_process_seqs_merge2] Processed 103478 reads in 0.120 CPU sec, 5.061 real sec
slave pre done
now n is 103478
processed 103478
[M::mem_process_seqs_merge2] Processed 103478 reads in 0.100 CPU sec, 5.187 real sec
[M::process] read chunk (19660800 bytes/CG x 1 CGs, 19660820 bytes)...
[M::process] read chunk (19660800 bytes/CG x 1 CGs, 19660820 bytes)...
[M::process] read chunk (19660800 bytes/CG x 1 CGs, 19660820 bytes)...
slave pre done
now n is 103478
processed 103478
[M::mem_process_seqs_merge2] Processed 103478 reads in 0.110 CPU sec, 5.127 real sec
[M::mem_process_seqs_merge2] CPE FASTQ formatting done
[M::mem_process_seqs_merge2] CPE FASTQ formatting done
[M::process] read chunk (19660800 bytes/CG x 1 CGs, 19660820 bytes)...
slave pre done
now n is 103478
processed 103478
[M::mem_process_seqs_merge2] Processed 103478 reads in 0.100 CPU sec, 5.626 real sec
slave pre done
now n is 103478
processed 103478
[M::mem_process_seqs_merge2] Processed 103478 reads in 0.130 CPU sec, 4.977 real sec
slave pre done
now n is 103478
processed 103478
[M::mem_process_seqs_merge2] Processed 103478 reads in 0.120 CPU sec, 5.167 real sec
[M::process] read chunk (19660800 bytes/CG x 1 CGs, 19660820 bytes)...
[M::process] read chunk (19660800 bytes/CG x 1 CGs, 19660820 bytes)...
[M::process] read chunk (19660800 bytes/CG x 1 CGs, 19660820 bytes)...
[M::mem_process_seqs_merge2] CPE FASTQ formatting done
slave pre done
now n is 103478
processed 103478
[M::mem_process_seqs_merge2] Processed 103478 reads in 0.140 CPU sec, 4.996 real sec
[M::mem_process_seqs_merge2] CPE FASTQ formatting done
slave pre done
now n is 103478
processed 103478
[M::mem_process_seqs_merge2] Processed 103478 reads in 0.090 CPU sec, 5.482 real sec
[M::mem_process_seqs_merge2] CPE FASTQ formatting done
[M::process] read chunk (19660800 bytes/CG x 1 CGs, 19660820 bytes)...
[M::mem_process_seqs_merge2] CPE FASTQ formatting done
slave pre done
now n is 103478
processed 103478
[M::mem_process_seqs_merge2] Processed 103478 reads in 0.120 CPU sec, 5.085 real sec
slave pre done
now n is 103476
processed 103476
[M::mem_process_seqs_merge2] Processed 103476 reads in 0.190 CPU sec, 5.069 real sec
[M::process] read chunk (19660800 bytes/CG x 1 CGs, 19660820 bytes)...
[M::process] read chunk (19660800 bytes/CG x 1 CGs, 19660820 bytes)...
[M::mem_process_seqs_merge2] CPE FASTQ formatting done
[M::process] read chunk (19660800 bytes/CG x 1 CGs, 19660820 bytes)...
[M::mem_process_seqs_merge2] CPE FASTQ formatting done
[M::mem_process_seqs_merge2] CPE FASTQ formatting done
[M::mem_process_seqs_merge2] CPE FASTQ formatting done
slave pre done
now n is 103476
processed 103476
[M::mem_process_seqs_merge2] Processed 103476 reads in 0.320 CPU sec, 5.006 real sec
[M::mem_process_seqs_merge2] CPE FASTQ formatting done
[M::mem_process_seqs_merge2] CPE FASTQ formatting done
slave pre done
now n is 103478
processed 103478
[M::mem_process_seqs_merge2] Processed 103478 reads in 0.170 CPU sec, 5.198 real sec
slave pre done
now n is 103478
[M::mem_process_seqs_merge2] CPE FASTQ formatting done
processed 103478
[M::mem_process_seqs_merge2] Processed 103478 reads in 0.160 CPU sec, 4.915 real sec
[M::process] read chunk (19660800 bytes/CG x 1 CGs, 19660820 bytes)...
[M::mem_process_seqs_merge2] CPE FASTQ formatting done
[M::process] read chunk (19660800 bytes/CG x 1 CGs, 19660820 bytes)...
[M::process] read chunk (19660800 bytes/CG x 1 CGs, 19660820 bytes)...
slave pre done
now n is 103478
processed 103478
[M::mem_process_seqs_merge2] Processed 103478 reads in 0.130 CPU sec, 5.096 real sec
slave pre done
now n is 103478
processed 103478
[M::mem_process_seqs_merge2] Processed 103478 reads in 0.190 CPU sec, 4.913 real sec
[M::mem_process_seqs_merge2] CPE FASTQ formatting done
[M::process] read chunk (19660800 bytes/CG x 1 CGs, 19660820 bytes)...
[M::process] read chunk (19660800 bytes/CG x 1 CGs, 19660820 bytes)...
[M::mem_process_seqs_merge2] CPE FASTQ formatting done
[M::mem_process_seqs_merge2] CPE FASTQ formatting done
slave pre done
now n is 103478
processed 103478
[M::mem_process_seqs_merge2] Processed 103478 reads in 0.120 CPU sec, 4.930 real sec
[M::mem_process_seqs_merge2] CPE FASTQ formatting done
[M::process] read chunk (19660800 bytes/CG x 1 CGs, 19660820 bytes)...
[M::mem_process_seqs_merge2] CPE FASTQ formatting done
slave pre done
now n is 103478
processed 103478
[M::mem_process_seqs_merge2] Processed 103478 reads in 0.120 CPU sec, 5.097 real sec
slave pre done
now n is 103478
processed 103478
[M::mem_process_seqs_merge2] Processed 103478 reads in 0.130 CPU sec, 5.153 real sec
[M::mem_process_seqs_merge2] CPE FASTQ formatting done
slave pre done
now n is 103478
processed 103478
[M::mem_process_seqs_merge2] Processed 103478 reads in 0.200 CPU sec, 5.160 real sec
[M::process] read chunk (19660800 bytes/CG x 1 CGs, 19660820 bytes)...
[M::process] read chunk (19660800 bytes/CG x 1 CGs, 19660820 bytes)...
slave pre done
now n is 103478
processed 103478
[M::mem_process_seqs_merge2] Processed 103478 reads in 0.190 CPU sec, 5.164 real sec
[M::process] read chunk (19660800 bytes/CG x 1 CGs, 19660820 bytes)...
[M::process] read chunk (19660800 bytes/CG x 1 CGs, 19660820 bytes)...
[M::mem_process_seqs_merge2] CPE FASTQ formatting done
[M::mem_process_seqs_merge2] CPE FASTQ formatting done
[M::mem_process_seqs_merge2] CPE FASTQ formatting done
[M::mem_process_seqs_merge2] CPE FASTQ formatting done
slave pre done
now n is 103478
processed 103478
[M::mem_process_seqs_merge2] Processed 103478 reads in 0.150 CPU sec, 5.050 real sec
slave pre done
now n is 103478
processed 103478
[M::mem_process_seqs_merge2] Processed 103478 reads in 0.210 CPU sec, 5.180 real sec
[M::process] read chunk (19660800 bytes/CG x 1 CGs, 19660820 bytes)...
[M::process] read chunk (19660800 bytes/CG x 1 CGs, 19660820 bytes)...
slave pre done
now n is 103478
slave pre done
now n is 103478
processed 103478
[M::mem_process_seqs_merge2] Processed 103478 reads in 0.120 CPU sec, 5.163 real sec
processed 103478
[M::mem_process_seqs_merge2] Processed 103478 reads in 0.090 CPU sec, 5.007 real sec
[M::mem_process_seqs_merge2] CPE FASTQ formatting done
slave pre done
now n is 103478
processed 103478
[M::mem_process_seqs_merge2] Processed 103478 reads in 0.070 CPU sec, 5.367 real sec
[M::process] read chunk (19660800 bytes/CG x 1 CGs, 19660820 bytes)...
[M::process] read chunk (19660800 bytes/CG x 1 CGs, 19660820 bytes)...
[M::mem_process_seqs_merge2] CPE FASTQ formatting done
slave pre done
now n is 103478
processed 103478
[M::mem_process_seqs_merge2] Processed 103478 reads in 0.150 CPU sec, 5.247 real sec
[M::process] read chunk (19660800 bytes/CG x 1 CGs, 19660820 bytes)...
slave pre done
now n is 103478
processed 103478
[M::mem_process_seqs_merge2] Processed 103478 reads in 0.120 CPU sec, 5.059 real sec
slave pre done
now n is 103478
processed 103478
[M::mem_process_seqs_merge2] Processed 103478 reads in 0.230 CPU sec, 5.020 real sec
[M::process] read chunk (19660800 bytes/CG x 1 CGs, 19660820 bytes)...
[M::process] read chunk (19660800 bytes/CG x 1 CGs, 19660820 bytes)...
[M::process] read chunk (19660800 bytes/CG x 1 CGs, 19661040 bytes)...
slave pre done
now n is 103478
slave pre done
now n is 103478
processed 103478
[M::mem_process_seqs_merge2] Processed 103478 reads in 0.080 CPU sec, 5.040 real sec
processed 103478
[M::mem_process_seqs_merge2] Processed 103478 reads in 0.140 CPU sec, 4.991 real sec
slave pre done
now n is 103478
processed 103478
[M::mem_process_seqs_merge2] Processed 103478 reads in 0.180 CPU sec, 5.092 real sec
[M::mem_process_seqs_merge2] CPE FASTQ formatting done
slave pre done
now n is 103478
processed 103478
[M::mem_process_seqs_merge2] Processed 103478 reads in 0.120 CPU sec, 4.995 real sec
slave pre done
now n is 103478
processed 103478
[M::mem_process_seqs_merge2] Processed 103478 reads in 0.110 CPU sec, 5.028 real sec
[M::process] read chunk (19660800 bytes/CG x 1 CGs, 19660820 bytes)...
[M::process] read chunk (19660800 bytes/CG x 1 CGs, 19660820 bytes)...
[M::mem_process_seqs_merge2] CPE FASTQ formatting done
[M::mem_process_seqs_merge2] CPE FASTQ formatting done
[M::mem_process_seqs_merge2] CPE FASTQ formatting done
[M::process] read chunk (19660800 bytes/CG x 1 CGs, 19661040 bytes)...
[M::process] read chunk (19660800 bytes/CG x 1 CGs, 19660820 bytes)...
[M::mem_process_seqs_merge2] CPE FASTQ formatting done
[M::mem_process_seqs_merge2] CPE FASTQ formatting done
[M::process] read chunk (19660800 bytes/CG x 1 CGs, 19660820 bytes)...
slave pre done
now n is 103478
processed 103478
[M::mem_process_seqs_merge2] Processed 103478 reads in 0.160 CPU sec, 5.301 real sec
[M::mem_process_seqs_merge2] CPE FASTQ formatting done
slave pre done
now n is 103478
processed 103478
[M::mem_process_seqs_merge2] Processed 103478 reads in 0.320 CPU sec, 5.136 real sec
[M::mem_process_seqs_merge2] CPE FASTQ formatting done
[M::process] read chunk (19660800 bytes/CG x 1 CGs, 19660440 bytes)...
[M::process] read chunk (19660800 bytes/CG x 1 CGs, 19660712 bytes)...
[M::mem_process_seqs_merge2] CPE FASTQ formatting done
slave pre done
now n is 103478
[M::mem_process_seqs_merge2] CPE FASTQ formatting done
processed 103478
[M::mem_process_seqs_merge2] Processed 103478 reads in 0.130 CPU sec, 5.098 real sec
slave pre done
now n is 103478
processed 103478
[M::mem_process_seqs_merge2] Processed 103478 reads in 0.150 CPU sec, 5.055 real sec
[M::mem_process_seqs_merge2] CPE FASTQ formatting done
[M::process] read chunk (19660800 bytes/CG x 1 CGs, 19660664 bytes)...
[M::process] read chunk (19660800 bytes/CG x 1 CGs, 19660664 bytes)...
[M::mem_process_seqs_merge2] CPE FASTQ formatting done
[M::mem_process_seqs_merge2] CPE FASTQ formatting done
slave pre done
now n is 103478
slave pre done
now n is 103478
processed 103478
[M::mem_process_seqs_merge2] Processed 103478 reads in 0.120 CPU sec, 5.148 real sec
processed 103478
[M::mem_process_seqs_merge2] Processed 103478 reads in 0.090 CPU sec, 5.124 real sec
[M::process] read chunk (19660800 bytes/CG x 1 CGs, 19660852 bytes)...
[M::process] read chunk (19660800 bytes/CG x 1 CGs, 19660664 bytes)...
[M::mem_process_seqs_merge2] CPE FASTQ formatting done
slave pre done
now n is 103478
processed 103478
[M::mem_process_seqs_merge2] Processed 103478 reads in 0.150 CPU sec, 5.236 real sec
[M::mem_process_seqs_merge2] CPE FASTQ formatting done
[M::process] read chunk (19660800 bytes/CG x 1 CGs, 19660980 bytes)...
[M::mem_process_seqs_merge2] CPE FASTQ formatting done
[M::mem_process_seqs_merge2] CPE FASTQ formatting done
slave pre done
now n is 103478
processed 103478
[M::mem_process_seqs_merge2] Processed 103478 reads in 0.140 CPU sec, 4.977 real sec
slave pre done
now n is 103478
processed 103478
[M::mem_process_seqs_merge2] Processed 103478 reads in 0.150 CPU sec, 4.910 real sec
[M::mem_process_seqs_merge2] CPE FASTQ formatting done
[M::process] read chunk (19660800 bytes/CG x 1 CGs, 19660820 bytes)...
slave pre done
now n is 103478
processed 103478
[M::mem_process_seqs_merge2] Processed 103478 reads in 0.080 CPU sec, 5.020 real sec
[M::process] read chunk (19660800 bytes/CG x 1 CGs, 19661040 bytes)...
slave pre done
now n is 103478
processed 103478
[M::mem_process_seqs_merge2] Processed 103478 reads in 0.170 CPU sec, 5.270 real sec
[M::process] read chunk (19660800 bytes/CG x 1 CGs, 19660820 bytes)...
[M::process] read chunk (19660800 bytes/CG x 1 CGs, 19660820 bytes)...
[M::mem_process_seqs_merge2] CPE FASTQ formatting done
[M::mem_process_seqs_merge2] CPE FASTQ formatting done
slave pre done
now n is 103478
processed 103478
[M::mem_process_seqs_merge2] Processed 103478 reads in 0.070 CPU sec, 4.979 real sec
[M::mem_process_seqs_merge2] CPE FASTQ formatting done
[M::process] read chunk (19660800 bytes/CG x 1 CGs, 19661040 bytes)...
slave pre done
now n is 103478
processed 103478
[M::mem_process_seqs_merge2] Processed 103478 reads in 0.150 CPU sec, 5.050 real sec
[M::mem_process_seqs_merge2] CPE FASTQ formatting done
[M::process] read chunk (19660800 bytes/CG x 1 CGs, 19660664 bytes)...
[M::mem_process_seqs_merge2] CPE FASTQ formatting done
[M::mem_process_seqs_merge2] CPE FASTQ formatting done
slave pre done
now n is 103478
processed 103478
[M::mem_process_seqs_merge2] Processed 103478 reads in 0.110 CPU sec, 4.931 real sec
[M::process] read chunk (19660800 bytes/CG x 1 CGs, 19660664 bytes)...
slave pre done
now n is 103478
slave pre done
now n is 103478
processed 103478
[M::mem_process_seqs_merge2] Processed 103478 reads in 0.100 CPU sec, 5.053 real sec
processed 103478
[M::mem_process_seqs_merge2] Processed 103478 reads in 0.120 CPU sec, 4.996 real sec
slave pre done
now n is 103478
processed 103478
[M::mem_process_seqs_merge2] Processed 103478 reads in 0.090 CPU sec, 4.952 real sec
slave pre done
now n is 103478
processed 103478
[M::mem_process_seqs_merge2] Processed 103478 reads in 0.290 CPU sec, 5.218 real sec
[M::process] read chunk (19660800 bytes/CG x 1 CGs, 19660664 bytes)...
[M::process] read chunk (19660800 bytes/CG x 1 CGs, 19660664 bytes)...
[M::process] read chunk (19660800 bytes/CG x 1 CGs, 19660664 bytes)...
[M::mem_process_seqs_merge2] CPE FASTQ formatting done
[M::process] read chunk (19660800 bytes/CG x 1 CGs, 19661040 bytes)...
slave pre done
now n is 103478
processed 103478
[M::mem_process_seqs_merge2] Processed 103478 reads in 0.110 CPU sec, 5.196 real sec
[M::process] read chunk (19660800 bytes/CG x 1 CGs, 19660820 bytes)...
slave pre done
now n is 103478
[M::mem_process_seqs_merge2] CPE FASTQ formatting done
processed 103478
[M::mem_process_seqs_merge2] Processed 103478 reads in 0.080 CPU sec, 5.013 real sec
slave pre done
now n is 103478
processed 103478
[M::mem_process_seqs_merge2] Processed 103478 reads in 0.110 CPU sec, 5.092 real sec
slave pre done
now n is 103478
[M::mem_process_seqs_merge2] CPE FASTQ formatting done
processed 103478
[M::mem_process_seqs_merge2] Processed 103478 reads in 0.130 CPU sec, 5.123 real sec
[M::process] read chunk (19660800 bytes/CG x 1 CGs, 19660664 bytes)...
slave pre done
now n is 103476
[M::mem_process_seqs_merge2] CPE FASTQ formatting done
processed 103476
[M::mem_process_seqs_merge2] Processed 103476 reads in 0.110 CPU sec, 4.974 real sec
[M::process] read chunk (19660800 bytes/CG x 1 CGs, 19661040 bytes)...
[M::mem_process_seqs_merge2] CPE FASTQ formatting done
[M::mem_process_seqs_merge2] CPE FASTQ formatting done
slave pre done
now n is 104580
processed 104580
[M::mem_process_seqs_merge2] Processed 104580 reads in 0.140 CPU sec, 5.894 real sec
[M::process] read chunk (19660800 bytes/CG x 1 CGs, 19660664 bytes)...
[M::process] read chunk (19660800 bytes/CG x 1 CGs, 19660664 bytes)...
slave pre done
now n is 104580
processed 104580
[M::mem_process_seqs_merge2] Processed 104580 reads in 0.200 CPU sec, 6.497 real sec
[M::process] read chunk (19660800 bytes/CG x 1 CGs, 19660820 bytes)...
[M::process] read chunk (19660800 bytes/CG x 1 CGs, 19660820 bytes)...
[M::mem_process_seqs_merge2] CPE FASTQ formatting done
[M::mem_process_seqs_merge2] CPE FASTQ formatting done
slave pre done
now n is 104578
processed 104578
[M::mem_process_seqs_merge2] Processed 104578 reads in 0.070 CPU sec, 5.035 real sec
[M::mem_process_seqs_merge2] CPE FASTQ formatting done
[M::mem_process_seqs_merge2] CPE FASTQ formatting done
[M::process] read chunk (19660800 bytes/CG x 1 CGs, 19660820 bytes)...
slave pre done
now n is 103648
processed 103648
[M::mem_process_seqs_merge2] Processed 103648 reads in 0.080 CPU sec, 5.009 real sec
[M::mem_process_seqs_merge2] CPE FASTQ formatting done
slave pre done
now n is 104578
processed 104578
[M::mem_process_seqs_merge2] Processed 104578 reads in 0.200 CPU sec, 6.028 real sec
[M::mem_process_seqs_merge2] CPE FASTQ formatting done
slave pre done
now n is 104578
processed 104578
[M::mem_process_seqs_merge2] Processed 104578 reads in 0.120 CPU sec, 5.861 real sec
[M::process] read chunk (19660800 bytes/CG x 1 CGs, 19660820 bytes)...
[M::process] read chunk (19660800 bytes/CG x 1 CGs, 19660440 bytes)...
slave pre done
now n is 103478
processed 103478
[M::mem_process_seqs_merge2] Processed 103478 reads in 0.120 CPU sec, 4.926 real sec
[M::process] read chunk (19660800 bytes/CG x 1 CGs, 19660820 bytes)...
slave pre done
now n is 105826
processed 105826
[M::mem_process_seqs_merge2] Processed 105826 reads in 0.230 CPU sec, 7.168 real sec
[M::process] read chunk (19660800 bytes/CG x 1 CGs, 19660820 bytes)...
slave pre done
now n is 104580
processed 104580
[M::mem_process_seqs_merge2] Processed 104580 reads in 0.130 CPU sec, 5.140 real sec
slave pre done
now n is 103478
processed 103478
[M::mem_process_seqs_merge2] Processed 103478 reads in 0.150 CPU sec, 4.951 real sec
[M::process] read chunk (19660800 bytes/CG x 1 CGs, 19660820 bytes)...
slave pre done
now n is 105638
processed 105638
[M::mem_process_seqs_merge2] Processed 105638 reads in 0.110 CPU sec, 6.302 real sec
[M::process] read chunk (19660800 bytes/CG x 1 CGs, 19660820 bytes)...
[M::process] read chunk (19660800 bytes/CG x 1 CGs, 19660820 bytes)...
[M::mem_process_seqs_merge2] CPE FASTQ formatting done
[M::process] read chunk (19660800 bytes/CG x 1 CGs, 19660820 bytes)...
slave pre done
now n is 103478
processed 103478
[M::mem_process_seqs_merge2] Processed 103478 reads in 0.150 CPU sec, 5.141 real sec
slave pre done
now n is 104580
processed 104580
[M::mem_process_seqs_merge2] Processed 104580 reads in 0.120 CPU sec, 5.063 real sec
[M::process] read chunk (19660800 bytes/CG x 1 CGs, 19660820 bytes)...
slave pre done
now n is 104578
processed 104578
[M::mem_process_seqs_merge2] Processed 104578 reads in 0.130 CPU sec, 5.005 real sec
[M::mem_process_seqs_merge2] CPE FASTQ formatting done
[M::process] read chunk (19660800 bytes/CG x 1 CGs, 19660820 bytes)...
[M::mem_process_seqs_merge2] CPE FASTQ formatting done
[M::mem_process_seqs_merge2] CPE FASTQ formatting done
[DBG stage1] slow fread: R1 offset=4286054712 requested=19660820 read=19660820 elapsed=1.075 s
[M::process] read chunk (19660800 bytes/CG x 1 CGs, 19660820 bytes)...
[M::mem_process_seqs_merge2] CPE FASTQ formatting done
[M::mem_process_seqs_merge2] CPE FASTQ formatting done
[M::mem_process_seqs_merge2] CPE FASTQ formatting done
[M::mem_process_seqs_merge2] CPE FASTQ formatting done
[M::mem_process_seqs_merge2] CPE FASTQ formatting done
[M::mem_process_seqs_merge2] CPE FASTQ formatting done
[M::mem_process_seqs_merge2] CPE FASTQ formatting done
slave pre done
now n is 104578
processed 104578
[M::mem_process_seqs_merge2] Processed 104578 reads in 0.130 CPU sec, 5.284 real sec
[M::mem_process_seqs_merge2] CPE FASTQ formatting done
[M::process] read chunk (19660800 bytes/CG x 1 CGs, 19660820 bytes)...
slave pre done
now n is 104580
processed 104580
[M::mem_process_seqs_merge2] Processed 104580 reads in 0.280 CPU sec, 5.320 real sec
slave pre done
now n is 104578
processed 104578
[M::mem_process_seqs_merge2] Processed 104578 reads in 0.140 CPU sec, 5.003 real sec
slave pre done
now n is 103478
processed 103478
[M::mem_process_seqs_merge2] Processed 103478 reads in 0.300 CPU sec, 5.003 real sec
slave pre done
now n is 104578
processed 104578
[M::mem_process_seqs_merge2] Processed 104578 reads in 0.130 CPU sec, 5.282 real sec
slave pre done
now n is 104578
processed 104578
[M::mem_process_seqs_merge2] Processed 104578 reads in 0.140 CPU sec, 5.243 real sec
[M::process] read chunk (19660800 bytes/CG x 1 CGs, 19660820 bytes)...
[M::process] read chunk (19660800 bytes/CG x 1 CGs, 19660820 bytes)...
[M::process] read chunk (19660800 bytes/CG x 1 CGs, 19660820 bytes)...
[M::mem_process_seqs_merge2] CPE FASTQ formatting done
[M::process] read chunk (19660800 bytes/CG x 1 CGs, 19660820 bytes)...
[M::process] read chunk (19660800 bytes/CG x 1 CGs, 19660820 bytes)...
[M::mem_process_seqs_merge2] CPE FASTQ formatting done
[M::mem_process_seqs_merge2] CPE FASTQ formatting done
[M::mem_process_seqs_merge2] CPE FASTQ formatting done
[M::mem_process_seqs_merge2] CPE FASTQ formatting done
slave pre done
now n is 104578
processed 104578
[M::mem_process_seqs_merge2] Processed 104578 reads in 0.080 CPU sec, 4.915 real sec
slave pre done
now n is 104580
processed 104580
[M::mem_process_seqs_merge2] Processed 104580 reads in 0.120 CPU sec, 5.306 real sec
slave pre done
now n is 104578
[M::mem_process_seqs_merge2] CPE FASTQ formatting done
processed 104578
[M::mem_process_seqs_merge2] Processed 104578 reads in 0.120 CPU sec, 5.425 real sec
slave pre done
now n is 103478
slave pre done
now n is 104578
processed 103478
[M::mem_process_seqs_merge2] Processed 103478 reads in 0.130 CPU sec, 4.889 real sec
[M::process] read chunk (19660800 bytes/CG x 1 CGs, 19660820 bytes)...
processed 104578
[M::mem_process_seqs_merge2] Processed 104578 reads in 0.140 CPU sec, 5.196 real sec
[M::process] read chunk (19660800 bytes/CG x 1 CGs, 19660820 bytes)...
[M::process] read chunk (19660800 bytes/CG x 1 CGs, 19660820 bytes)...
[M::process] read chunk (19660800 bytes/CG x 1 CGs, 19660820 bytes)...
[M::process] read chunk (19660800 bytes/CG x 1 CGs, 19660820 bytes)...
slave pre done
now n is 103478
processed 103478
[M::mem_process_seqs_merge2] Processed 103478 reads in 0.170 CPU sec, 5.191 real sec
[M::process] read chunk (19660800 bytes/CG x 1 CGs, 19660820 bytes)...
[M::mem_process_seqs_merge2] CPE FASTQ formatting done
[M::mem_process_seqs_merge2] CPE FASTQ formatting done
[M::mem_process_seqs_merge2] CPE FASTQ formatting done
slave pre done
now n is 103478
processed 103478
[M::mem_process_seqs_merge2] Processed 103478 reads in 0.190 CPU sec, 4.984 real sec
[M::mem_process_seqs_merge2] CPE FASTQ formatting done
[M::process] read chunk (19660800 bytes/CG x 1 CGs, 19660820 bytes)...
slave pre done
now n is 103476
processed 103476
[M::mem_process_seqs_merge2] Processed 103476 reads in 0.200 CPU sec, 4.995 real sec
[M::mem_process_seqs_merge2] CPE FASTQ formatting done
slave pre done
now n is 103478
processed 103478
[M::mem_process_seqs_merge2] Processed 103478 reads in 0.110 CPU sec, 4.984 real sec
[M::mem_process_seqs_merge2] CPE FASTQ formatting done
slave pre done
now n is 103478
[M::process] read chunk (19660800 bytes/CG x 1 CGs, 19660820 bytes)...
slave pre done
now n is 103478
processed 103478
[M::mem_process_seqs_merge2] Processed 103478 reads in 0.150 CPU sec, 5.150 real sec
[M::process] read chunk (19660800 bytes/CG x 1 CGs, 19660820 bytes)...
processed 103478
[M::mem_process_seqs_merge2] Processed 103478 reads in 0.220 CPU sec, 4.961 real sec
slave pre done
now n is 103478
processed 103478
[M::mem_process_seqs_merge2] Processed 103478 reads in 0.140 CPU sec, 4.950 real sec
slave pre done
now n is 103478
[M::process] read chunk (19660800 bytes/CG x 1 CGs, 19660820 bytes)...
[M::process] read chunk (19660800 bytes/CG x 1 CGs, 19660820 bytes)...
processed 103478
[M::mem_process_seqs_merge2] Processed 103478 reads in 0.070 CPU sec, 4.899 real sec
slave pre done
now n is 103478
processed 103478
[M::mem_process_seqs_merge2] Processed 103478 reads in 0.180 CPU sec, 5.045 real sec
[M::process] read chunk (19660800 bytes/CG x 1 CGs, 19660820 bytes)...
[M::mem_process_seqs_merge2] CPE FASTQ formatting done
[M::mem_process_seqs_merge2] CPE FASTQ formatting done
[M::process] read chunk (19660800 bytes/CG x 1 CGs, 19660820 bytes)...
slave pre done
now n is 103478
slave pre done
now n is 103478
processed 103478
[M::mem_process_seqs_merge2] Processed 103478 reads in 0.080 CPU sec, 5.175 real sec
slave pre done
now n is 103478
processed 103478
[M::mem_process_seqs_merge2] Processed 103478 reads in 0.100 CPU sec, 5.045 real sec
processed 103478
[M::mem_process_seqs_merge2] Processed 103478 reads in 0.140 CPU sec, 4.981 real sec
[M::process] read chunk (19660800 bytes/CG x 1 CGs, 19660820 bytes)...
slave pre done
now n is 103478
[M::process] read chunk (19660800 bytes/CG x 1 CGs, 19660820 bytes)...
[M::process] read chunk (19660800 bytes/CG x 1 CGs, 19660820 bytes)...
processed 103478
[M::mem_process_seqs_merge2] Processed 103478 reads in 0.130 CPU sec, 5.031 real sec
[M::process] read chunk (19660800 bytes/CG x 1 CGs, 19660820 bytes)...
[M::mem_process_seqs_merge2] CPE FASTQ formatting done
[M::process] read chunk (19660800 bytes/CG x 1 CGs, 19660440 bytes)...
[M::mem_process_seqs_merge2] CPE FASTQ formatting done
[M::mem_process_seqs_merge2] CPE FASTQ formatting done
[M::mem_process_seqs_merge2] CPE FASTQ formatting done
[M::mem_process_seqs_merge2] CPE FASTQ formatting done
[M::mem_process_seqs_merge2] CPE FASTQ formatting done
slave pre done
now n is 103478
processed 103478
[M::mem_process_seqs_merge2] Processed 103478 reads in 0.170 CPU sec, 5.116 real sec
[M::mem_process_seqs_merge2] CPE FASTQ formatting done
[M::process] read chunk (19660800 bytes/CG x 1 CGs, 19660820 bytes)...
[M::mem_process_seqs_merge2] CPE FASTQ formatting done
[M::mem_process_seqs_merge2] CPE FASTQ formatting done
[M::mem_process_seqs_merge2] CPE FASTQ formatting done
slave pre done
now n is 103478
processed 103478
[M::mem_process_seqs_merge2] Processed 103478 reads in 0.230 CPU sec, 5.088 real sec
slave pre done
now n is 103478
processed 103478
[M::mem_process_seqs_merge2] Processed 103478 reads in 0.130 CPU sec, 5.026 real sec
slave pre done
now n is 103478
processed 103478
[M::mem_process_seqs_merge2] Processed 103478 reads in 0.110 CPU sec, 5.243 real sec
[M::process] read chunk (19660800 bytes/CG x 1 CGs, 19660440 bytes)...
slave pre done
now n is 103478
processed 103478
[M::mem_process_seqs_merge2] Processed 103478 reads in 0.080 CPU sec, 4.938 real sec
[M::process] read chunk (19660800 bytes/CG x 1 CGs, 19660820 bytes)...
slave pre done
now n is 103478
processed 103478
[M::mem_process_seqs_merge2] Processed 103478 reads in 0.150 CPU sec, 5.326 real sec
[M::process] read chunk (19660800 bytes/CG x 1 CGs, 19660820 bytes)...
[M::process] read chunk (19660800 bytes/CG x 1 CGs, 19660820 bytes)...
[M::mem_process_seqs_merge2] CPE FASTQ formatting done
[M::process] read chunk (19660800 bytes/CG x 1 CGs, 19660820 bytes)...
[M::mem_process_seqs_merge2] CPE FASTQ formatting done
[M::mem_process_seqs_merge2] CPE FASTQ formatting done
slave pre done
now n is 103478
[M::mem_process_seqs_merge2] CPE FASTQ formatting done
processed 103478
[M::mem_process_seqs_merge2] Processed 103478 reads in 0.090 CPU sec, 5.081 real sec
slave pre done
now n is 103478
processed 103478
[M::mem_process_seqs_merge2] Processed 103478 reads in 0.140 CPU sec, 4.931 real sec
[M::process] read chunk (19660800 bytes/CG x 1 CGs, 19660820 bytes)...
slave pre done
now n is 103478
processed 103478
[M::mem_process_seqs_merge2] Processed 103478 reads in 0.110 CPU sec, 5.018 real sec
[M::process] read chunk (19660800 bytes/CG x 1 CGs, 19660820 bytes)...
slave pre done
now n is 103478
processed 103478
[M::mem_process_seqs_merge2] Processed 103478 reads in 0.210 CPU sec, 5.403 real sec
[M::mem_process_seqs_merge2] CPE FASTQ formatting done
[M::process] read chunk (19660800 bytes/CG x 1 CGs, 19660820 bytes)...
[M::process] read chunk (19660800 bytes/CG x 1 CGs, 19660820 bytes)...
[DBG stage1] slow fread: R2 offset=5013504292 requested=19660820 read=19660820 elapsed=1.168 s
slave pre done
now n is 103478
[M::mem_process_seqs_merge2] CPE FASTQ formatting done
processed 103478
[M::mem_process_seqs_merge2] Processed 103478 reads in 0.140 CPU sec, 5.213 real sec
[M::process] read chunk (19660800 bytes/CG x 1 CGs, 19660820 bytes)...
[DBG stage1] slow fread: R1 offset=5111808012 requested=19660820 read=19660820 elapsed=1.003 s
[M::mem_process_seqs_merge2] CPE FASTQ formatting done
slave pre done
now n is 103478
processed 103478
[M::mem_process_seqs_merge2] Processed 103478 reads in 0.140 CPU sec, 5.583 real sec
slave pre done
now n is 103478
processed 103478
[M::mem_process_seqs_merge2] Processed 103478 reads in 0.280 CPU sec, 5.178 real sec
[M::process] read chunk (19660800 bytes/CG x 1 CGs, 19660820 bytes)...
[M::mem_process_seqs_merge2] CPE FASTQ formatting done
slave pre done
now n is 103478
processed 103478
[M::mem_process_seqs_merge2] Processed 103478 reads in 0.090 CPU sec, 5.206 real sec
[M::mem_process_seqs_merge2] CPE FASTQ formatting done
[M::process] read chunk (19660800 bytes/CG x 1 CGs, 19660820 bytes)...
[M::mem_process_seqs_merge2] CPE FASTQ formatting done
[M::process] read chunk (19660800 bytes/CG x 1 CGs, 19660820 bytes)...
[M::mem_process_seqs_merge2] CPE FASTQ formatting done
[M::mem_process_seqs_merge2] CPE FASTQ formatting done
[M::mem_process_seqs_merge2] CPE FASTQ formatting done
slave pre done
now n is 103478
processed 103478
[M::mem_process_seqs_merge2] Processed 103478 reads in 0.080 CPU sec, 5.005 real sec
slave pre done
now n is 103478
processed 103478
[M::mem_process_seqs_merge2] Processed 103478 reads in 0.220 CPU sec, 5.022 real sec
slave pre done
now n is 103478
processed 103478
[M::mem_process_seqs_merge2] Processed 103478 reads in 0.140 CPU sec, 5.176 real sec
[M::mem_process_seqs_merge2] CPE FASTQ formatting done
[M::process] read chunk (19660800 bytes/CG x 1 CGs, 19660820 bytes)...
[M::process] read chunk (19660800 bytes/CG x 1 CGs, 19660820 bytes)...
[M::process] read chunk (19660800 bytes/CG x 1 CGs, 19660440 bytes)...
slave pre done
now n is 103478
slave pre done
now n is 103478
processed 103478
[M::mem_process_seqs_merge2] Processed 103478 reads in 0.170 CPU sec, 5.814 real sec
processed 103478
[M::mem_process_seqs_merge2] Processed 103478 reads in 0.130 CPU sec, 5.546 real sec
slave pre done
now n is 103478
processed 103478
[M::mem_process_seqs_merge2] Processed 103478 reads in 0.120 CPU sec, 5.156 real sec
slave pre done
now n is 103478
processed 103478
[M::mem_process_seqs_merge2] Processed 103478 reads in 0.130 CPU sec, 4.950 real sec
[M::process] read chunk (19660800 bytes/CG x 1 CGs, 19660820 bytes)...
[M::process] read chunk (19660800 bytes/CG x 1 CGs, 19660820 bytes)...
[M::mem_process_seqs_merge2] CPE FASTQ formatting done
[M::mem_process_seqs_merge2] CPE FASTQ formatting done
[M::process] read chunk (19660800 bytes/CG x 1 CGs, 19660820 bytes)...
[M::process] read chunk (19660800 bytes/CG x 1 CGs, 19660820 bytes)...
[M::mem_process_seqs_merge2] CPE FASTQ formatting done
slave pre done
now n is 103476
processed 103476
[M::mem_process_seqs_merge2] Processed 103476 reads in 0.100 CPU sec, 5.033 real sec
slave pre done
now n is 103478
processed 103478
[M::mem_process_seqs_merge2] Processed 103478 reads in 0.090 CPU sec, 5.179 real sec
slave pre done
now n is 103478
processed 103478
[M::mem_process_seqs_merge2] Processed 103478 reads in 0.160 CPU sec, 5.189 real sec
[M::mem_process_seqs_merge2] CPE FASTQ formatting done
[M::process] read chunk (19660800 bytes/CG x 1 CGs, 19660820 bytes)...
[M::mem_process_seqs_merge2] CPE FASTQ formatting done
[M::process] read chunk (19660800 bytes/CG x 1 CGs, 19660820 bytes)...
[M::mem_process_seqs_merge2] CPE FASTQ formatting done
[M::process] read chunk (19660800 bytes/CG x 1 CGs, 19660820 bytes)...
[M::mem_process_seqs_merge2] CPE FASTQ formatting done
slave pre done
now n is 103478
processed 103478
[M::mem_process_seqs_merge2] Processed 103478 reads in 0.180 CPU sec, 5.119 real sec
slave pre done
now n is 103476
processed 103476
[M::mem_process_seqs_merge2] Processed 103476 reads in 0.200 CPU sec, 4.899 real sec
[M::mem_process_seqs_merge2] CPE FASTQ formatting done
[M::process] read chunk (19660800 bytes/CG x 1 CGs, 19660820 bytes)...
[M::mem_process_seqs_merge2] CPE FASTQ formatting done
[M::process] read chunk (19660800 bytes/CG x 1 CGs, 19660820 bytes)...
slave pre done
now n is 103478
[M::mem_process_seqs_merge2] CPE FASTQ formatting done
processed 103478
[M::mem_process_seqs_merge2] Processed 103478 reads in 0.100 CPU sec, 4.938 real sec
[M::process] read chunk (19660800 bytes/CG x 1 CGs, 19660820 bytes)...
slave pre done
now n is 103478
processed 103478
[M::mem_process_seqs_merge2] Processed 103478 reads in 0.160 CPU sec, 5.012 real sec
[M::mem_process_seqs_merge2] CPE FASTQ formatting done
[M::mem_process_seqs_merge2] CPE FASTQ formatting done
[M::process] read chunk (19660800 bytes/CG x 1 CGs, 19660820 bytes)...
[M::mem_process_seqs_merge2] CPE FASTQ formatting done
slave pre done
now n is 103478
processed 103478
[M::mem_process_seqs_merge2] Processed 103478 reads in 0.150 CPU sec, 5.122 real sec
[M::mem_process_seqs_merge2] CPE FASTQ formatting done
[M::process] read chunk (19660800 bytes/CG x 1 CGs, 19660820 bytes)...
slave pre done
now n is 103478
processed 103478
[M::mem_process_seqs_merge2] Processed 103478 reads in 0.280 CPU sec, 5.071 real sec
[M::mem_process_seqs_merge2] CPE FASTQ formatting done
[M::process] read chunk (19660800 bytes/CG x 1 CGs, 19660820 bytes)...
slave pre done
now n is 103478
processed 103478
[M::mem_process_seqs_merge2] Processed 103478 reads in 0.080 CPU sec, 5.033 real sec
[M::process] read chunk (19660800 bytes/CG x 1 CGs, 19660820 bytes)...
slave pre done
now n is 103478
processed 103478
[M::mem_process_seqs_merge2] Processed 103478 reads in 0.110 CPU sec, 5.071 real sec
[M::mem_process_seqs_merge2] CPE FASTQ formatting done
slave pre done
now n is 103478
processed 103478
[M::mem_process_seqs_merge2] Processed 103478 reads in 0.080 CPU sec, 5.075 real sec
slave pre done
now n is 103478
[M::process] read chunk (19660800 bytes/CG x 1 CGs, 19660820 bytes)...
processed 103478
[M::mem_process_seqs_merge2] Processed 103478 reads in 0.160 CPU sec, 5.215 real sec
[M::mem_process_seqs_merge2] CPE FASTQ formatting done
slave pre done
now n is 103478
processed 103478
[M::mem_process_seqs_merge2] Processed 103478 reads in 0.130 CPU sec, 5.226 real sec
[M::process] read chunk (19660800 bytes/CG x 1 CGs, 19660820 bytes)...
[M::process] read chunk (19660800 bytes/CG x 1 CGs, 19660820 bytes)...
slave pre done
now n is 103478
processed 103478
[M::mem_process_seqs_merge2] Processed 103478 reads in 0.130 CPU sec, 5.051 real sec
slave pre done
now n is 103478
processed 103478
[M::mem_process_seqs_merge2] Processed 103478 reads in 0.080 CPU sec, 5.133 real sec
[M::process] read chunk (19660800 bytes/CG x 1 CGs, 19660820 bytes)...
slave pre done
now n is 103478
[M::process] read chunk (19660800 bytes/CG x 1 CGs, 19660820 bytes)...
processed 103478
[M::mem_process_seqs_merge2] Processed 103478 reads in 0.140 CPU sec, 5.060 real sec
[M::process] read chunk (19660800 bytes/CG x 1 CGs, 19660820 bytes)...
[M::process] read chunk (19660800 bytes/CG x 1 CGs, 19660820 bytes)...
slave pre done
now n is 103476
processed 103476
[M::mem_process_seqs_merge2] Processed 103476 reads in 0.160 CPU sec, 5.025 real sec
[M::mem_process_seqs_merge2] CPE FASTQ formatting done
slave pre done
now n is 103478
processed 103478
[M::mem_process_seqs_merge2] Processed 103478 reads in 0.190 CPU sec, 5.105 real sec
[M::mem_process_seqs_merge2] CPE FASTQ formatting done
[M::mem_process_seqs_merge2] CPE FASTQ formatting done
[M::mem_process_seqs_merge2] CPE FASTQ formatting done
[M::process] read chunk (19660800 bytes/CG x 1 CGs, 19660820 bytes)...
[M::mem_process_seqs_merge2] CPE FASTQ formatting done
slave pre done
now n is 103478
processed 103478
[M::mem_process_seqs_merge2] Processed 103478 reads in 0.130 CPU sec, 5.257 real sec
[M::process] read chunk (19660800 bytes/CG x 1 CGs, 19660440 bytes)...
slave pre done
now n is 103478
processed 103478
[M::mem_process_seqs_merge2] Processed 103478 reads in 0.170 CPU sec, 5.067 real sec
slave pre done
now n is 103478
processed 103478
[M::mem_process_seqs_merge2] Processed 103478 reads in 0.160 CPU sec, 5.004 real sec
slave pre done
now n is 103478
slave pre done
now n is 103478
[M::process] read chunk (19660800 bytes/CG x 1 CGs, 19660820 bytes)...
processed 103478
[M::mem_process_seqs_merge2] Processed 103478 reads in 0.200 CPU sec, 5.044 real sec
processed 103478
[M::mem_process_seqs_merge2] Processed 103478 reads in 0.110 CPU sec, 5.011 real sec
[M::mem_process_seqs_merge2] CPE FASTQ formatting done
[M::mem_process_seqs_merge2] CPE FASTQ formatting done
[M::process] read chunk (19660800 bytes/CG x 1 CGs, 19660820 bytes)...
[M::process] read chunk (19660800 bytes/CG x 1 CGs, 19660820 bytes)...
[M::process] read chunk (19660800 bytes/CG x 1 CGs, 19660820 bytes)...
[M::process] read chunk (19660800 bytes/CG x 1 CGs, 19660820 bytes)...
slave pre done
now n is 103478
[M::mem_process_seqs_merge2] CPE FASTQ formatting done
processed 103478
[M::mem_process_seqs_merge2] Processed 103478 reads in 0.130 CPU sec, 5.051 real sec
slave pre done
now n is 103478
slave pre done
now n is 103478
processed 103478
[M::mem_process_seqs_merge2] Processed 103478 reads in 0.100 CPU sec, 5.006 real sec
processed 103478
[M::mem_process_seqs_merge2] Processed 103478 reads in 0.070 CPU sec, 5.092 real sec
[M::process] read chunk (19660800 bytes/CG x 1 CGs, 19660820 bytes)...
[M::mem_process_seqs_merge2] CPE FASTQ formatting done
[M::mem_process_seqs_merge2] CPE FASTQ formatting done
[M::mem_process_seqs_merge2] CPE FASTQ formatting done
[M::process] read chunk (19660800 bytes/CG x 1 CGs, 19660820 bytes)...
slave pre done
now n is 103478
processed 103478
[M::mem_process_seqs_merge2] Processed 103478 reads in 0.110 CPU sec, 4.911 real sec
[M::process] read chunk (19660800 bytes/CG x 1 CGs, 19660820 bytes)...
slave pre done
now n is 103478
processed 103478
[M::mem_process_seqs_merge2] Processed 103478 reads in 0.130 CPU sec, 5.096 real sec
[M::mem_process_seqs_merge2] CPE FASTQ formatting done
[M::process] read chunk (19660800 bytes/CG x 1 CGs, 19660820 bytes)...
[M::mem_process_seqs_merge2] CPE FASTQ formatting done
[M::process] read chunk (19660800 bytes/CG x 1 CGs, 19660820 bytes)...
slave pre done
now n is 103478
processed 103478
[M::mem_process_seqs_merge2] Processed 103478 reads in 0.090 CPU sec, 5.014 real sec
slave pre done
now n is 103478
processed 103478
[M::mem_process_seqs_merge2] Processed 103478 reads in 0.140 CPU sec, 5.324 real sec
[M::process] read chunk (19660800 bytes/CG x 1 CGs, 19660820 bytes)...
[M::process] read chunk (19660800 bytes/CG x 1 CGs, 19660820 bytes)...
[M::mem_process_seqs_merge2] CPE FASTQ formatting done
[DBG stage1] slow fread: R2 offset=5917900872 requested=19660820 read=19660820 elapsed=1.143 s
[M::mem_process_seqs_merge2] CPE FASTQ formatting done
[M::mem_process_seqs_merge2] CPE FASTQ formatting done
[M::mem_process_seqs_merge2] CPE FASTQ formatting done
slave pre done
now n is 103478
processed 103478
[M::mem_process_seqs_merge2] Processed 103478 reads in 0.140 CPU sec, 5.084 real sec
[M::mem_process_seqs_merge2] CPE FASTQ formatting done
[M::process] read chunk (19660800 bytes/CG x 1 CGs, 19660820 bytes)...
slave pre done
now n is 103478
processed 103478
[M::mem_process_seqs_merge2] Processed 103478 reads in 0.150 CPU sec, 4.974 real sec
[M::mem_process_seqs_merge2] CPE FASTQ formatting done
[DBG stage1] slow fread: R2 offset=5976883332 requested=19660820 read=19660820 elapsed=1.040 s
[M::mem_process_seqs_merge2] CPE FASTQ formatting done
[M::process] read chunk (19660800 bytes/CG x 1 CGs, 19660820 bytes)...
slave pre done
now n is 103478
processed 103478
[M::mem_process_seqs_merge2] Processed 103478 reads in 0.100 CPU sec, 5.112 real sec
[M::process] read chunk (19660800 bytes/CG x 1 CGs, 19660820 bytes)...
[DBG stage1] slow fread: R2 offset=5937561692 requested=19660820 read=19660820 elapsed=1.076 s
[M::mem_process_seqs_merge2] CPE FASTQ formatting done
slave pre done
now n is 103478
processed 103478
[M::mem_process_seqs_merge2] Processed 103478 reads in 0.080 CPU sec, 4.918 real sec
slave pre done
now n is 103478
processed 103478
[M::mem_process_seqs_merge2] Processed 103478 reads in 0.170 CPU sec, 5.002 real sec
[M::mem_process_seqs_merge2] CPE FASTQ formatting done
slave pre done
now n is 103478
processed 103478
[M::mem_process_seqs_merge2] Processed 103478 reads in 0.110 CPU sec, 5.170 real sec
slave pre done
now n is 103478
processed 103478
[M::mem_process_seqs_merge2] Processed 103478 reads in 0.200 CPU sec, 5.053 real sec
slave pre done
now n is 103478
processed 103478
[M::mem_process_seqs_merge2] Processed 103478 reads in 0.090 CPU sec, 5.063 real sec
[M::process] read chunk (19660800 bytes/CG x 1 CGs, 19660820 bytes)...
[M::process] read chunk (19660800 bytes/CG x 1 CGs, 19660820 bytes)...
[M::process] read chunk (19660800 bytes/CG x 1 CGs, 19660820 bytes)...
[M::process] read chunk (19660800 bytes/CG x 1 CGs, 19660820 bytes)...
[M::process] read chunk (19660800 bytes/CG x 1 CGs, 19660820 bytes)...
slave pre done
now n is 103478
processed 103478
[M::mem_process_seqs_merge2] Processed 103478 reads in 0.130 CPU sec, 4.997 real sec
slave pre done
now n is 103478
processed 103478
[M::mem_process_seqs_merge2] Processed 103478 reads in 0.230 CPU sec, 4.996 real sec
[DBG stage1] slow fread: R2 offset=5898240052 requested=19660820 read=19660820 elapsed=1.099 s
[M::mem_process_seqs_merge2] CPE FASTQ formatting done
[M::process] read chunk (19660800 bytes/CG x 1 CGs, 19660820 bytes)...
[M::mem_process_seqs_merge2] CPE FASTQ formatting done
[M::process] read chunk (19660800 bytes/CG x 1 CGs, 19660820 bytes)...
slave pre done
now n is 103478
[DBG stage1] slow fread: R2 offset=5996544152 requested=19660820 read=19660820 elapsed=1.285 s
processed 103478
[M::mem_process_seqs_merge2] Processed 103478 reads in 0.210 CPU sec, 4.978 real sec
[M::mem_process_seqs_merge2] CPE FASTQ formatting done
[M::mem_process_seqs_merge2] CPE FASTQ formatting done
[M::mem_process_seqs_merge2] CPE FASTQ formatting done
[M::mem_process_seqs_merge2] CPE FASTQ formatting done
[M::process] read chunk (19660800 bytes/CG x 1 CGs, 19660820 bytes)...
slave pre done
now n is 103476
processed 103476
[M::mem_process_seqs_merge2] Processed 103476 reads in 0.150 CPU sec, 4.967 real sec
slave pre done
now n is 103478
processed 103478
[M::mem_process_seqs_merge2] Processed 103478 reads in 0.080 CPU sec, 4.886 real sec
[M::mem_process_seqs_merge2] CPE FASTQ formatting done
slave pre done
now n is 103478
processed 103478
[M::mem_process_seqs_merge2] Processed 103478 reads in 0.240 CPU sec, 5.069 real sec
[M::process] read chunk (19660800 bytes/CG x 1 CGs, 19660820 bytes)...
[M::process] read chunk (19660800 bytes/CG x 1 CGs, 19660820 bytes)...
slave pre done
now n is 103478
processed 103478
[M::mem_process_seqs_merge2] Processed 103478 reads in 0.190 CPU sec, 4.970 real sec
[M::process] read chunk (19660800 bytes/CG x 1 CGs, 19660820 bytes)...
[M::mem_process_seqs_merge2] CPE FASTQ formatting done
slave pre done
now n is 103478
processed 103478
[M::mem_process_seqs_merge2] Processed 103478 reads in 0.210 CPU sec, 5.116 real sec
[M::mem_process_seqs_merge2] CPE FASTQ formatting done
[M::mem_process_seqs_merge2] CPE FASTQ formatting done
[M::process] read chunk (19660800 bytes/CG x 1 CGs, 19660820 bytes)...
[M::process] read chunk (19660800 bytes/CG x 1 CGs, 19660820 bytes)...
[M::mem_process_seqs_merge2] CPE FASTQ formatting done
[M::mem_process_seqs_merge2] CPE FASTQ formatting done
[M::mem_process_seqs_merge2] CPE FASTQ formatting done
slave pre done
now n is 103478
processed 103478
[M::mem_process_seqs_merge2] Processed 103478 reads in 0.120 CPU sec, 4.969 real sec
[M::mem_process_seqs_merge2] CPE FASTQ formatting done
[M::mem_process_seqs_merge2] CPE FASTQ formatting done
slave pre done
now n is 103478
slave pre done
now n is 103478
[M::process] read chunk (19660800 bytes/CG x 1 CGs, 19660820 bytes)...
processed 103478
[M::mem_process_seqs_merge2] Processed 103478 reads in 0.100 CPU sec, 5.069 real sec
processed 103478
[M::mem_process_seqs_merge2] Processed 103478 reads in 0.110 CPU sec, 5.091 real sec
slave pre done
now n is 103478
processed 103478
[M::mem_process_seqs_merge2] Processed 103478 reads in 0.210 CPU sec, 5.189 real sec
slave pre done
now n is 103478
processed 103478
[M::mem_process_seqs_merge2] Processed 103478 reads in 0.070 CPU sec, 5.108 real sec
[M::process] read chunk (19660800 bytes/CG x 1 CGs, 19660820 bytes)...
[M::process] read chunk (19660800 bytes/CG x 1 CGs, 19660440 bytes)...
[M::process] read chunk (19660800 bytes/CG x 1 CGs, 19660820 bytes)...
[M::process] read chunk (19660800 bytes/CG x 1 CGs, 19660820 bytes)...
[M::mem_process_seqs_merge2] CPE FASTQ formatting done
[M::mem_process_seqs_merge2] CPE FASTQ formatting done
slave pre done
now n is 103478
processed 103478
[M::mem_process_seqs_merge2] Processed 103478 reads in 0.140 CPU sec, 4.969 real sec
slave pre done
now n is 103478
processed 103478
[M::mem_process_seqs_merge2] Processed 103478 reads in 0.120 CPU sec, 5.086 real sec
[M::mem_process_seqs_merge2] CPE FASTQ formatting done
[M::mem_process_seqs_merge2] CPE FASTQ formatting done
[M::process] read chunk (19660800 bytes/CG x 1 CGs, 19660820 bytes)...
[M::process] read chunk (19660800 bytes/CG x 1 CGs, 19660820 bytes)...
[M::mem_process_seqs_merge2] CPE FASTQ formatting done
[M::mem_process_seqs_merge2] CPE FASTQ formatting done
[M::mem_process_seqs_merge2] CPE FASTQ formatting done
slave pre done
now n is 103478
processed 103478
[M::mem_process_seqs_merge2] Processed 103478 reads in 0.150 CPU sec, 5.153 real sec
[M::process] read chunk (19660800 bytes/CG x 1 CGs, 19660820 bytes)...
[M::mem_process_seqs_merge2] CPE FASTQ formatting done
slave pre done
now n is 103478
processed 103478
[M::mem_process_seqs_merge2] Processed 103478 reads in 0.270 CPU sec, 5.083 real sec
[M::process] read chunk (19660800 bytes/CG x 1 CGs, 19660820 bytes)...
slave pre done
now n is 103478
processed 103478
[M::mem_process_seqs_merge2] Processed 103478 reads in 0.230 CPU sec, 4.955 real sec
[M::process] read chunk (19660800 bytes/CG x 1 CGs, 19660820 bytes)...
slave pre done
now n is 103478
processed 103478
[M::mem_process_seqs_merge2] Processed 103478 reads in 0.200 CPU sec, 4.974 real sec
slave pre done
now n is 103478
processed 103478
[M::mem_process_seqs_merge2] Processed 103478 reads in 0.110 CPU sec, 5.181 real sec
[M::mem_process_seqs_merge2] CPE FASTQ formatting done
slave pre done
now n is 103478
processed 103478
[M::mem_process_seqs_merge2] Processed 103478 reads in 0.180 CPU sec, 5.024 real sec
[M::process] read chunk (19660800 bytes/CG x 1 CGs, 19660820 bytes)...
[M::process] read chunk (19660800 bytes/CG x 1 CGs, 19660820 bytes)...
slave pre done
now n is 103478
processed 103478
[M::mem_process_seqs_merge2] Processed 103478 reads in 0.080 CPU sec, 5.227 real sec
slave pre done
now n is 103478
processed 103478
[M::mem_process_seqs_merge2] Processed 103478 reads in 0.100 CPU sec, 5.043 real sec
[M::mem_process_seqs_merge2] CPE FASTQ formatting done
[M::process] read chunk (19660800 bytes/CG x 1 CGs, 19660440 bytes)...
slave pre done
now n is 103478
processed 103478
[M::mem_process_seqs_merge2] Processed 103478 reads in 0.140 CPU sec, 5.475 real sec
[M::process] read chunk (19660800 bytes/CG x 1 CGs, 19660820 bytes)...
[M::process] read chunk (19660800 bytes/CG x 1 CGs, 19660820 bytes)...
[M::mem_process_seqs_merge2] CPE FASTQ formatting done
[M::mem_process_seqs_merge2] CPE FASTQ formatting done
[M::process] read chunk (19660800 bytes/CG x 1 CGs, 19660820 bytes)...
slave pre done
now n is 103478
processed 103478
[M::mem_process_seqs_merge2] Processed 103478 reads in 0.070 CPU sec, 5.196 real sec
slave pre done
now n is 103478
processed 103478
[M::mem_process_seqs_merge2] Processed 103478 reads in 0.150 CPU sec, 5.097 real sec
[M::mem_process_seqs_merge2] CPE FASTQ formatting done
[M::process] read chunk (19660800 bytes/CG x 1 CGs, 19660820 bytes)...
[M::mem_process_seqs_merge2] CPE FASTQ formatting done
[M::process] read chunk (19660800 bytes/CG x 1 CGs, 19660820 bytes)...
[M::mem_process_seqs_merge2] CPE FASTQ formatting done
slave pre done
now n is 103478
processed 103478
[M::mem_process_seqs_merge2] Processed 103478 reads in 0.280 CPU sec, 5.001 real sec
[M::mem_process_seqs_merge2] CPE FASTQ formatting done
slave pre done
now n is 103478
processed 103478
[M::mem_process_seqs_merge2] Processed 103478 reads in 0.090 CPU sec, 5.106 real sec
[M::process] read chunk (19660800 bytes/CG x 1 CGs, 19660820 bytes)...
slave pre done
now n is 103478
slave pre done
now n is 103478
processed 103478
[M::mem_process_seqs_merge2] Processed 103478 reads in 0.160 CPU sec, 5.743 real sec
processed 103478
[M::mem_process_seqs_merge2] Processed 103478 reads in 0.110 CPU sec, 4.984 real sec
slave pre done
now n is 103478
processed 103478
[M::mem_process_seqs_merge2] Processed 103478 reads in 0.120 CPU sec, 5.204 real sec
[M::process] read chunk (19660800 bytes/CG x 1 CGs, 19660820 bytes)...
slave pre done
now n is 103478
processed 103478
[M::mem_process_seqs_merge2] Processed 103478 reads in 0.190 CPU sec, 5.184 real sec
[M::process] read chunk (19660800 bytes/CG x 1 CGs, 19660820 bytes)...
[M::mem_process_seqs_merge2] CPE FASTQ formatting done
[M::process] read chunk (19660800 bytes/CG x 1 CGs, 19660820 bytes)...
[M::process] read chunk (19660800 bytes/CG x 1 CGs, 19660820 bytes)...
[M::mem_process_seqs_merge2] CPE FASTQ formatting done
[M::process] read chunk (19660800 bytes/CG x 1 CGs, 19660820 bytes)...
slave pre done
now n is 103478
processed 103478
[M::mem_process_seqs_merge2] Processed 103478 reads in 0.080 CPU sec, 4.812 real sec
[M::mem_process_seqs_merge2] CPE FASTQ formatting done
slave pre done
now n is 103478
processed 103478
[M::mem_process_seqs_merge2] Processed 103478 reads in 0.180 CPU sec, 4.981 real sec
[M::process] read chunk (19660800 bytes/CG x 1 CGs, 19660820 bytes)...
[M::mem_process_seqs_merge2] CPE FASTQ formatting done
slave pre done
now n is 103476
[M::mem_process_seqs_merge2] CPE FASTQ formatting done
processed 103476
[M::mem_process_seqs_merge2] Processed 103476 reads in 0.090 CPU sec, 5.038 real sec
[M::process] read chunk (19660800 bytes/CG x 1 CGs, 19660820 bytes)...
[M::mem_process_seqs_merge2] CPE FASTQ formatting done
slave pre done
now n is 103478
processed 103478
[M::mem_process_seqs_merge2] Processed 103478 reads in 0.200 CPU sec, 5.128 real sec
[M::mem_process_seqs_merge2] CPE FASTQ formatting done
[M::mem_process_seqs_merge2] CPE FASTQ formatting done
slave pre done
now n is 103478
[M::process] read chunk (19660800 bytes/CG x 1 CGs, 19660820 bytes)...
processed 103478
[M::mem_process_seqs_merge2] Processed 103478 reads in 0.070 CPU sec, 5.051 real sec
[M::mem_process_seqs_merge2] CPE FASTQ formatting done
[M::process] read chunk (19660800 bytes/CG x 1 CGs, 19660820 bytes)...
[M::mem_process_seqs_merge2] CPE FASTQ formatting done
slave pre done
now n is 103478
[M::process] read chunk (19660800 bytes/CG x 1 CGs, 19660820 bytes)...
processed 103478
[M::mem_process_seqs_merge2] Processed 103478 reads in 0.120 CPU sec, 5.002 real sec
slave pre done
now n is 103478
processed 103478
[M::mem_process_seqs_merge2] Processed 103478 reads in 0.100 CPU sec, 5.084 real sec
[M::mem_process_seqs_merge2] CPE FASTQ formatting done
[M::mem_process_seqs_merge2] CPE FASTQ formatting done
[M::process] read chunk (19660800 bytes/CG x 1 CGs, 19660440 bytes)...
[M::process] read chunk (19660800 bytes/CG x 1 CGs, 19660820 bytes)...
[M::mem_process_seqs_merge2] CPE FASTQ formatting done
[M::mem_process_seqs_merge2] CPE FASTQ formatting done
slave pre done
now n is 103478
processed 103478
[M::mem_process_seqs_merge2] Processed 103478 reads in 0.060 CPU sec, 5.048 real sec
[M::mem_process_seqs_merge2] CPE FASTQ formatting done
[M::process] read chunk (19660800 bytes/CG x 1 CGs, 19660820 bytes)...
[M::mem_process_seqs_merge2] CPE FASTQ formatting done
slave pre done
now n is 103478
processed 103478
[M::mem_process_seqs_merge2] Processed 103478 reads in 0.180 CPU sec, 5.073 real sec
[M::process] read chunk (19660800 bytes/CG x 1 CGs, 19660440 bytes)...
slave pre done
now n is 103478
processed 103478
[M::mem_process_seqs_merge2] Processed 103478 reads in 0.070 CPU sec, 5.248 real sec
slave pre done
now n is 103478
processed 103478
[M::mem_process_seqs_merge2] Processed 103478 reads in 0.080 CPU sec, 4.980 real sec
slave pre done
now n is 103478
processed 103478
[M::mem_process_seqs_merge2] Processed 103478 reads in 0.150 CPU sec, 5.117 real sec
[M::process] read chunk (19660800 bytes/CG x 1 CGs, 19660820 bytes)...
[M::process] read chunk (19660800 bytes/CG x 1 CGs, 19660820 bytes)...
slave pre done
now n is 103476
processed 103476
[M::mem_process_seqs_merge2] Processed 103476 reads in 0.190 CPU sec, 5.054 real sec
[M::mem_process_seqs_merge2] CPE FASTQ formatting done
[M::process] read chunk (19660800 bytes/CG x 1 CGs, 19660820 bytes)...
[M::process] read chunk (19660800 bytes/CG x 1 CGs, 19660820 bytes)...
[M::mem_process_seqs_merge2] CPE FASTQ formatting done
slave pre done
now n is 103478
[M::mem_process_seqs_merge2] CPE FASTQ formatting done
processed 103478
[M::mem_process_seqs_merge2] Processed 103478 reads in 0.090 CPU sec, 5.136 real sec
slave pre done
now n is 103478
processed 103478
[M::mem_process_seqs_merge2] Processed 103478 reads in 0.210 CPU sec, 5.097 real sec
slave pre done
now n is 103478
processed 103478
[M::mem_process_seqs_merge2] Processed 103478 reads in 0.110 CPU sec, 5.374 real sec
[M::mem_process_seqs_merge2] CPE FASTQ formatting done
[M::mem_process_seqs_merge2] CPE FASTQ formatting done
[M::process] read chunk (19660800 bytes/CG x 1 CGs, 19660820 bytes)...
[M::process] read chunk (19660800 bytes/CG x 1 CGs, 19660820 bytes)...
[M::process] read chunk (19660800 bytes/CG x 1 CGs, 19660820 bytes)...
slave pre done
now n is 103478
processed 103478
[M::mem_process_seqs_merge2] Processed 103478 reads in 0.100 CPU sec, 4.992 real sec
[M::process] read chunk (19660800 bytes/CG x 1 CGs, 19660820 bytes)...
[M::mem_process_seqs_merge2] CPE FASTQ formatting done
slave pre done
now n is 103478
processed 103478
[M::mem_process_seqs_merge2] Processed 103478 reads in 0.220 CPU sec, 5.262 real sec
[M::mem_process_seqs_merge2] CPE FASTQ formatting done
[M::mem_process_seqs_merge2] CPE FASTQ formatting done
[M::mem_process_seqs_merge2] CPE FASTQ formatting done
slave pre done
[M::process] read chunk (19660800 bytes/CG x 1 CGs, 19660820 bytes)...
now n is 103478
processed 103478
[M::mem_process_seqs_merge2] Processed 103478 reads in 0.290 CPU sec, 5.090 real sec
slave pre done
now n is 103478
processed 103478
[M::mem_process_seqs_merge2] Processed 103478 reads in 0.130 CPU sec, 5.283 real sec
slave pre done
now n is 103478
processed 103478
[M::mem_process_seqs_merge2] Processed 103478 reads in 0.140 CPU sec, 5.110 real sec
[M::process] read chunk (19660800 bytes/CG x 1 CGs, 19660820 bytes)...
slave pre done
now n is 103478
slave pre done
now n is 103478
processed 103478
[M::mem_process_seqs_merge2] Processed 103478 reads in 0.130 CPU sec, 5.036 real sec
processed 103478
[M::mem_process_seqs_merge2] Processed 103478 reads in 0.180 CPU sec, 5.225 real sec
[M::process] read chunk (19660800 bytes/CG x 1 CGs, 19660820 bytes)...
[M::mem_process_seqs_merge2] CPE FASTQ formatting done
[M::process] read chunk (19660800 bytes/CG x 1 CGs, 19660820 bytes)...
slave pre done
now n is 103478
slave pre done
now n is 103478
processed 103478
[M::mem_process_seqs_merge2] Processed 103478 reads in 0.130 CPU sec, 4.994 real sec
[M::process] read chunk (19660800 bytes/CG x 1 CGs, 19660820 bytes)...
[M::process] read chunk (19660800 bytes/CG x 1 CGs, 19660820 bytes)...
processed 103478
[M::mem_process_seqs_merge2] Processed 103478 reads in 0.140 CPU sec, 5.284 real sec
slave pre done
now n is 103478
processed 103478
[M::mem_process_seqs_merge2] Processed 103478 reads in 0.180 CPU sec, 5.331 real sec
slave pre done
now n is 103478
processed 103478
[M::mem_process_seqs_merge2] Processed 103478 reads in 0.160 CPU sec, 4.899 real sec
[M::mem_process_seqs_merge2] CPE FASTQ formatting done
[M::process] read chunk (19660800 bytes/CG x 1 CGs, 19660820 bytes)...
[M::process] read chunk (19660800 bytes/CG x 1 CGs, 19660820 bytes)...
slave pre done
now n is 103478
processed 103478
[M::mem_process_seqs_merge2] Processed 103478 reads in 0.110 CPU sec, 5.090 real sec
[M::process] read chunk (19660800 bytes/CG x 1 CGs, 19660820 bytes)...
[M::process] read chunk (19660800 bytes/CG x 1 CGs, 19660820 bytes)...
[M::mem_process_seqs_merge2] CPE FASTQ formatting done
slave pre done
now n is 103478
processed 103478
[M::mem_process_seqs_merge2] Processed 103478 reads in 0.110 CPU sec, 4.968 real sec
[M::mem_process_seqs_merge2] CPE FASTQ formatting done
[M::process] read chunk (19660800 bytes/CG x 1 CGs, 19660820 bytes)...
[M::mem_process_seqs_merge2] CPE FASTQ formatting done
[M::process] read chunk (19660800 bytes/CG x 1 CGs, 19660820 bytes)...
[M::mem_process_seqs_merge2] CPE FASTQ formatting done
[M::mem_process_seqs_merge2] CPE FASTQ formatting done
[M::mem_process_seqs_merge2] CPE FASTQ formatting done
slave pre done
now n is 103476
processed 103476
[M::mem_process_seqs_merge2] Processed 103476 reads in 0.110 CPU sec, 5.111 real sec
[M::mem_process_seqs_merge2] CPE FASTQ formatting done
[M::mem_process_seqs_merge2] CPE FASTQ formatting done
slave pre done
now n is 103478
processed 103478
[M::mem_process_seqs_merge2] Processed 103478 reads in 0.140 CPU sec, 5.018 real sec
[M::process] read chunk (19660800 bytes/CG x 1 CGs, 19660820 bytes)...
[M::mem_process_seqs_merge2] CPE FASTQ formatting done
[M::process] read chunk (19660800 bytes/CG x 1 CGs, 19660664 bytes)...
[M::mem_process_seqs_merge2] CPE FASTQ formatting done
[M::mem_process_seqs_merge2] CPE FASTQ formatting done
slave pre done
now n is 103478
processed 103478
[M::mem_process_seqs_merge2] Processed 103478 reads in 0.230 CPU sec, 5.313 real sec
[M::mem_process_seqs_merge2] CPE FASTQ formatting done
[M::process] read chunk (19660800 bytes/CG x 1 CGs, 19660820 bytes)...
[M::mem_process_seqs_merge2] CPE FASTQ formatting done
slave pre done
now n is 103476
processed 103476
[M::mem_process_seqs_merge2] Processed 103476 reads in 0.140 CPU sec, 4.767 real sec
[M::process] read chunk (19660800 bytes/CG x 1 CGs, 19660664 bytes)...
slave pre done
now n is 103478
processed 103478
[M::mem_process_seqs_merge2] Processed 103478 reads in 0.140 CPU sec, 5.002 real sec
slave pre done
now n is 103478
processed 103478
[M::mem_process_seqs_merge2] Processed 103478 reads in 0.110 CPU sec, 5.063 real sec
slave pre done
now n is 103478
processed 103478
[M::mem_process_seqs_merge2] Processed 103478 reads in 0.170 CPU sec, 4.944 real sec
[M::mem_process_seqs_merge2] CPE FASTQ formatting done
[M::process] read chunk (19660800 bytes/CG x 1 CGs, 19661040 bytes)...
[M::process] read chunk (19660800 bytes/CG x 1 CGs, 19660820 bytes)...
slave pre done
now n is 103478
processed 103478
[M::mem_process_seqs_merge2] Processed 103478 reads in 0.120 CPU sec, 5.082 real sec
[M::process] read chunk (19660800 bytes/CG x 1 CGs, 19660820 bytes)...
[M::process] read chunk (19660800 bytes/CG x 1 CGs, 19660820 bytes)...
[M::mem_process_seqs_merge2] CPE FASTQ formatting done
[M::mem_process_seqs_merge2] CPE FASTQ formatting done
[M::mem_process_seqs_merge2] CPE FASTQ formatting done
[M::mem_process_seqs_merge2] CPE FASTQ formatting done
slave pre done
now n is 103478
processed 103478
[M::mem_process_seqs_merge2] Processed 103478 reads in 0.110 CPU sec, 4.965 real sec
slave pre done
now n is 103478
processed 103478
[M::mem_process_seqs_merge2] Processed 103478 reads in 0.150 CPU sec, 5.343 real sec
slave pre done
now n is 103478
processed 103478
[M::mem_process_seqs_merge2] Processed 103478 reads in 0.180 CPU sec, 5.011 real sec
slave pre done
now n is 103478
processed 103478
[M::mem_process_seqs_merge2] Processed 103478 reads in 0.110 CPU sec, 5.210 real sec
[M::process] read chunk (19660800 bytes/CG x 1 CGs, 19660664 bytes)...
[M::process] read chunk (19660800 bytes/CG x 1 CGs, 19660820 bytes)...
[M::process] read chunk (19660800 bytes/CG x 1 CGs, 19660820 bytes)...
[M::process] read chunk (19660800 bytes/CG x 1 CGs, 19661040 bytes)...
slave pre done
now n is 103478
processed 103478
[M::mem_process_seqs_merge2] Processed 103478 reads in 0.220 CPU sec, 4.979 real sec
[M::process] read chunk (19660800 bytes/CG x 1 CGs, 19660664 bytes)...
slave pre done
now n is 103478
processed 103478
[M::mem_process_seqs_merge2] Processed 103478 reads in 0.090 CPU sec, 5.009 real sec
[M::mem_process_seqs_merge2] CPE FASTQ formatting done
[M::mem_process_seqs_merge2] CPE FASTQ formatting done
[M::mem_process_seqs_merge2] CPE FASTQ formatting done
[M::mem_process_seqs_merge2] CPE FASTQ formatting done
[M::process] read chunk (19660800 bytes/CG x 1 CGs, 19660664 bytes)...
slave pre done
now n is 103478
processed 103478
[M::mem_process_seqs_merge2] Processed 103478 reads in 0.070 CPU sec, 4.998 real sec
slave pre done
now n is 103478
processed 103478
[M::mem_process_seqs_merge2] Processed 103478 reads in 0.180 CPU sec, 4.935 real sec
[M::mem_process_seqs_merge2] CPE FASTQ formatting done
[M::process] read chunk (19660800 bytes/CG x 1 CGs, 19660820 bytes)...
slave pre done
now n is 103478
processed 103478
[M::mem_process_seqs_merge2] Processed 103478 reads in 0.160 CPU sec, 4.939 real sec
[M::process] read chunk (19660800 bytes/CG x 1 CGs, 19661040 bytes)...
[M::mem_process_seqs_merge2] CPE FASTQ formatting done
slave pre done
now n is 103478
processed 103478
[M::mem_process_seqs_merge2] Processed 103478 reads in 0.140 CPU sec, 5.057 real sec
slave pre done
now n is 103478
slave pre done
now n is 103478
processed 103478
[M::mem_process_seqs_merge2] Processed 103478 reads in 0.140 CPU sec, 5.055 real sec
slave pre done
now n is 103478
processed 103478
[M::mem_process_seqs_merge2] Processed 103478 reads in 0.150 CPU sec, 5.152 real sec
slave pre done
now n is 103478
processed 103478
[M::mem_process_seqs_merge2] Processed 103478 reads in 0.180 CPU sec, 5.014 real sec
processed 103478
[M::mem_process_seqs_merge2] Processed 103478 reads in 0.090 CPU sec, 5.041 real sec
[M::process] read chunk (19660800 bytes/CG x 1 CGs, 19660664 bytes)...
[M::process] read chunk (19660800 bytes/CG x 1 CGs, 19660664 bytes)...
[M::process] read chunk (19660800 bytes/CG x 1 CGs, 19660664 bytes)...
[M::process] read chunk (19660800 bytes/CG x 1 CGs, 19660820 bytes)...
[M::mem_process_seqs_merge2] CPE FASTQ formatting done
[M::process] read chunk (19660800 bytes/CG x 1 CGs, 19660820 bytes)...
[M::mem_process_seqs_merge2] CPE FASTQ formatting done
slave pre done
now n is 103478
[M::process] read chunk (19660800 bytes/CG x 1 CGs, 19660664 bytes)...
processed 103478
[M::mem_process_seqs_merge2] Processed 103478 reads in 0.070 CPU sec, 5.137 real sec
[M::mem_process_seqs_merge2] CPE FASTQ formatting done
slave pre done
now n is 103478
[M::mem_process_seqs_merge2] CPE FASTQ formatting done
slave pre done
now n is 103478
processed 103478
[M::mem_process_seqs_merge2] Processed 103478 reads in 0.160 CPU sec, 5.295 real sec
processed 103478
[M::mem_process_seqs_merge2] Processed 103478 reads in 0.240 CPU sec, 5.020 real sec
[M::process] read chunk (19660800 bytes/CG x 1 CGs, 19661040 bytes)...
slave pre done
now n is 104578
[M::mem_process_seqs_merge2] CPE FASTQ formatting done
processed 104578
[M::mem_process_seqs_merge2] Processed 104578 reads in 0.090 CPU sec, 5.037 real sec
[M::mem_process_seqs_merge2] CPE FASTQ formatting done
[M::mem_process_seqs_merge2] CPE FASTQ formatting done
[M::process] read chunk (19660800 bytes/CG x 1 CGs, 19661040 bytes)...
[M::process] read chunk (19660800 bytes/CG x 1 CGs, 19660664 bytes)...
[M::mem_process_seqs_merge2] CPE FASTQ formatting done
[M::mem_process_seqs_merge2] CPE FASTQ formatting done
[M::process] read chunk (19660800 bytes/CG x 1 CGs, 19660820 bytes)...
[M::mem_process_seqs_merge2] CPE FASTQ formatting done
[M::mem_process_seqs_merge2] CPE FASTQ formatting done
slave pre done
now n is 103478
processed 103478
[M::mem_process_seqs_merge2] Processed 103478 reads in 0.080 CPU sec, 5.068 real sec
[M::process] read chunk (19660800 bytes/CG x 1 CGs, 19661040 bytes)...
[M::mem_process_seqs_merge2] CPE FASTQ formatting done
[M::mem_process_seqs_merge2] CPE FASTQ formatting done
slave pre done
now n is 104578
processed 104578
[M::mem_process_seqs_merge2] Processed 104578 reads in 0.130 CPU sec, 5.115 real sec
[M::process] read chunk (19660800 bytes/CG x 1 CGs, 19660820 bytes)...
slave pre done
now n is 103478
processed 103478
[M::mem_process_seqs_merge2] Processed 103478 reads in 0.150 CPU sec, 5.045 real sec
[M::mem_process_seqs_merge2] CPE FASTQ formatting done
slave pre done
now n is 103478
[M::process] read chunk (19660800 bytes/CG x 1 CGs, 19660632 bytes)...
processed 103478
[M::mem_process_seqs_merge2] Processed 103478 reads in 0.080 CPU sec, 5.195 real sec
slave pre done
now n is 103478
processed 103478
[M::mem_process_seqs_merge2] Processed 103478 reads in 0.210 CPU sec, 5.307 real sec
[M::process] read chunk (19660800 bytes/CG x 1 CGs, 19660664 bytes)...
[M::process] read chunk (19660800 bytes/CG x 1 CGs, 19661136 bytes)...
[M::mem_process_seqs_merge2] CPE FASTQ formatting done
slave pre done
now n is 103478
processed 103478
[M::mem_process_seqs_merge2] Processed 103478 reads in 0.150 CPU sec, 5.027 real sec
slave pre done
now n is 103478
[M::mem_process_seqs_merge2] CPE FASTQ formatting done
processed 103478
[M::mem_process_seqs_merge2] Processed 103478 reads in 0.070 CPU sec, 5.026 real sec
slave pre done
now n is 104578
processed 104578
[M::mem_process_seqs_merge2] Processed 104578 reads in 0.220 CPU sec, 5.221 real sec
[M::mem_process_seqs_merge2] CPE FASTQ formatting done
[M::process] read chunk (19660800 bytes/CG x 1 CGs, 19660440 bytes)...
slave pre done
now n is 104580
[M::process] read chunk (19660800 bytes/CG x 1 CGs, 19660820 bytes)...
processed 104580
[M::mem_process_seqs_merge2] Processed 104580 reads in 0.120 CPU sec, 5.277 real sec
slave pre done
now n is 104580
processed 104580
[M::mem_process_seqs_merge2] Processed 104580 reads in 0.160 CPU sec, 6.625 real sec
[M::process] read chunk (19660800 bytes/CG x 1 CGs, 19660820 bytes)...
[M::process] read chunk (19660800 bytes/CG x 1 CGs, 19660820 bytes)...
slave pre done
now n is 104578
[M::process] read chunk (19660800 bytes/CG x 1 CGs, 19660820 bytes)...
processed 104578
[M::mem_process_seqs_merge2] Processed 104578 reads in 0.140 CPU sec, 5.091 real sec
[M::process] read chunk (19660800 bytes/CG x 1 CGs, 19660820 bytes)...
[M::mem_process_seqs_merge2] CPE FASTQ formatting done
[M::mem_process_seqs_merge2] CPE FASTQ formatting done
[M::mem_process_seqs_merge2] CPE FASTQ formatting done
slave pre done
now n is 104580
processed 104580
[M::mem_process_seqs_merge2] Processed 104580 reads in 0.140 CPU sec, 5.198 real sec
[M::mem_process_seqs_merge2] CPE FASTQ formatting done
[M::mem_process_seqs_merge2] CPE FASTQ formatting done
slave pre done
now n is 103478
processed 103478
[M::mem_process_seqs_merge2] Processed 103478 reads in 0.100 CPU sec, 5.253 real sec
slave pre done
now n is 104578
processed 104578
[M::mem_process_seqs_merge2] Processed 104578 reads in 0.120 CPU sec, 6.091 real sec
[M::mem_process_seqs_merge2] CPE FASTQ formatting done
[M::process] read chunk (19660800 bytes/CG x 1 CGs, 19660820 bytes)...
slave pre done
now n is 104578
processed 104578
[M::mem_process_seqs_merge2] Processed 104578 reads in 0.120 CPU sec, 5.146 real sec
slave pre done
now n is 103478
processed 103478
[M::mem_process_seqs_merge2] Processed 103478 reads in 0.180 CPU sec, 5.022 real sec
[M::process] read chunk (19660800 bytes/CG x 1 CGs, 19660776 bytes)...
[M::process] read chunk (19660800 bytes/CG x 1 CGs, 19660820 bytes)...
slave pre done
now n is 104578
processed 104578
[M::mem_process_seqs_merge2] Processed 104578 reads in 0.160 CPU sec, 5.100 real sec
slave pre done
now n is 104578
[M::process] read chunk (19660800 bytes/CG x 1 CGs, 19660820 bytes)...
processed 104578
[M::mem_process_seqs_merge2] Processed 104578 reads in 0.120 CPU sec, 5.168 real sec
[M::process] read chunk (19660800 bytes/CG x 1 CGs, 19660820 bytes)...
[M::process] read chunk (19660800 bytes/CG x 1 CGs, 19660820 bytes)...
slave pre done
[M::mem_process_seqs_merge2] CPE FASTQ formatting done
now n is 104578
[M::process] read chunk (19660800 bytes/CG x 1 CGs, 19660440 bytes)...
processed 104578
[M::mem_process_seqs_merge2] Processed 104578 reads in 0.150 CPU sec, 4.970 real sec
slave pre done
now n is 104578
slave pre done
now n is 103478
processed 104578
[M::mem_process_seqs_merge2] Processed 104578 reads in 0.190 CPU sec, 5.850 real sec
processed 103478
[M::mem_process_seqs_merge2] Processed 103478 reads in 0.140 CPU sec, 5.331 real sec
[M::mem_process_seqs_merge2] CPE FASTQ formatting done
[M::mem_process_seqs_merge2] CPE FASTQ formatting done
[M::mem_process_seqs_merge2] CPE FASTQ formatting done
slave pre done
now n is 104580
processed 104580
[M::mem_process_seqs_merge2] Processed 104580 reads in 0.130 CPU sec, 5.203 real sec
[M::process] read chunk (19660800 bytes/CG x 1 CGs, 19660820 bytes)...
[M::process] read chunk (19660800 bytes/CG x 1 CGs, 19660820 bytes)...
[M::process] read chunk (19660800 bytes/CG x 1 CGs, 19660820 bytes)...
slave pre done
now n is 103478
[M::mem_process_seqs_merge2] CPE FASTQ formatting done
processed 103478
[M::mem_process_seqs_merge2] Processed 103478 reads in 0.050 CPU sec, 5.022 real sec
[M::mem_process_seqs_merge2] CPE FASTQ formatting done
[M::process] read chunk (19660800 bytes/CG x 1 CGs, 19660820 bytes)...
slave pre done
now n is 104580
processed 104580
[M::mem_process_seqs_merge2] Processed 104580 reads in 0.110 CPU sec, 5.846 real sec
[M::process] read chunk (19660800 bytes/CG x 1 CGs, 19660820 bytes)...
[M::mem_process_seqs_merge2] CPE FASTQ formatting done
[M::mem_process_seqs_merge2] CPE FASTQ formatting done
[M::process] read chunk (19660800 bytes/CG x 1 CGs, 19660820 bytes)...
[M::mem_process_seqs_merge2] CPE FASTQ formatting done
slave pre done
now n is 104580
processed 104580
[M::mem_process_seqs_merge2] Processed 104580 reads in 0.240 CPU sec, 5.354 real sec
[M::mem_process_seqs_merge2] CPE FASTQ formatting done
[M::process] read chunk (19660800 bytes/CG x 1 CGs, 19660820 bytes)...
[M::mem_process_seqs_merge2] CPE FASTQ formatting done
[M::mem_process_seqs_merge2] CPE FASTQ formatting done
[M::mem_process_seqs_merge2] CPE FASTQ formatting done
[M::mem_process_seqs_merge2] CPE FASTQ formatting done
slave pre done
now n is 103478
processed 103478
[M::mem_process_seqs_merge2] Processed 103478 reads in 0.100 CPU sec, 5.081 real sec
[M::process] read chunk (19660800 bytes/CG x 1 CGs, 19660820 bytes)...
[M::mem_process_seqs_merge2] CPE FASTQ formatting done
slave pre done
now n is 104578
processed 104578
[M::mem_process_seqs_merge2] Processed 104578 reads in 0.100 CPU sec, 5.054 real sec
slave pre done
now n is 103706
processed 103706
[M::mem_process_seqs_merge2] Processed 103706 reads in 0.200 CPU sec, 4.966 real sec
[M::process] read chunk (19660800 bytes/CG x 1 CGs, 19660820 bytes)...
[M::process] read chunk (19660800 bytes/CG x 1 CGs, 19660820 bytes)...
[M::mem_process_seqs_merge2] CPE FASTQ formatting done
slave pre done
now n is 103476
[M::mem_process_seqs_merge2] CPE FASTQ formatting done
slave pre done
now n is 103478
processed 103476
[M::mem_process_seqs_merge2] Processed 103476 reads in 0.080 CPU sec, 5.010 real sec
processed 103478
[M::mem_process_seqs_merge2] Processed 103478 reads in 0.070 CPU sec, 5.169 real sec
slave pre done
now n is 103478
processed 103478
[M::mem_process_seqs_merge2] Processed 103478 reads in 0.180 CPU sec, 5.087 real sec
slave pre done
now n is 103478
slave pre done
now n is 103478
slave pre done
now n is 103478
processed 103478
[M::mem_process_seqs_merge2] Processed 103478 reads in 0.130 CPU sec, 5.114 real sec
processed 103478
[M::mem_process_seqs_merge2] Processed 103478 reads in 0.250 CPU sec, 5.132 real sec
[M::process] read chunk (19660800 bytes/CG x 1 CGs, 19660820 bytes)...
processed 103478
[M::mem_process_seqs_merge2] Processed 103478 reads in 0.160 CPU sec, 5.003 real sec
[M::process] read chunk (19660800 bytes/CG x 1 CGs, 19660820 bytes)...
[M::process] read chunk (19660800 bytes/CG x 1 CGs, 19660440 bytes)...
[M::process] read chunk (19660800 bytes/CG x 1 CGs, 19660820 bytes)...
[M::process] read chunk (19660800 bytes/CG x 1 CGs, 19660820 bytes)...
[M::process] read chunk (19660800 bytes/CG x 1 CGs, 19660820 bytes)...
slave pre done
now n is 105710
processed 105710
[M::mem_process_seqs_merge2] Processed 105710 reads in 0.250 CPU sec, 7.066 real sec
[M::mem_process_seqs_merge2] CPE FASTQ formatting done
slave pre done
now n is 103478
processed 103478
[M::mem_process_seqs_merge2] Processed 103478 reads in 0.100 CPU sec, 4.970 real sec
[M::process] read chunk (19660800 bytes/CG x 1 CGs, 19660820 bytes)...
slave pre done
now n is 103478
[M::mem_process_seqs_merge2] CPE FASTQ formatting done
[M::mem_process_seqs_merge2] CPE FASTQ formatting done
processed 103478
[M::mem_process_seqs_merge2] Processed 103478 reads in 0.270 CPU sec, 4.939 real sec
[M::mem_process_seqs_merge2] CPE FASTQ formatting done
[M::mem_process_seqs_merge2] CPE FASTQ formatting done
[M::process] read chunk (19660800 bytes/CG x 1 CGs, 19660820 bytes)...
[M::mem_process_seqs_merge2] CPE FASTQ formatting done
[M::process] read chunk (19660800 bytes/CG x 1 CGs, 19660820 bytes)...
slave pre done
now n is 103478
slave pre done
now n is 103478
slave pre done
now n is 103478
processed 103478
[M::mem_process_seqs_merge2] Processed 103478 reads in 0.150 CPU sec, 4.954 real sec
processed 103478
[M::mem_process_seqs_merge2] Processed 103478 reads in 0.170 CPU sec, 5.260 real sec
processed 103478
[M::mem_process_seqs_merge2] Processed 103478 reads in 0.140 CPU sec, 5.021 real sec
[M::mem_process_seqs_merge2] CPE FASTQ formatting done
[M::process] read chunk (19660800 bytes/CG x 1 CGs, 19660820 bytes)...
[M::process] read chunk (19660800 bytes/CG x 1 CGs, 19660820 bytes)...
[M::process] read chunk (19660800 bytes/CG x 1 CGs, 19660820 bytes)...
slave pre done
now n is 103476
[M::mem_process_seqs_merge2] CPE FASTQ formatting done
processed 103476
[M::mem_process_seqs_merge2] Processed 103476 reads in 0.140 CPU sec, 5.044 real sec
[M::mem_process_seqs_merge2] CPE FASTQ formatting done
slave pre done
now n is 103478
processed 103478
[M::mem_process_seqs_merge2] Processed 103478 reads in 0.110 CPU sec, 5.175 real sec
[M::process] read chunk (19660800 bytes/CG x 1 CGs, 19660820 bytes)...
slave pre done
now n is 103478
processed 103478
[M::mem_process_seqs_merge2] Processed 103478 reads in 0.250 CPU sec, 4.935 real sec
[M::mem_process_seqs_merge2] CPE FASTQ formatting done
[M::mem_process_seqs_merge2] CPE FASTQ formatting done
slave pre done
now n is 103478
[M::mem_process_seqs_merge2] CPE FASTQ formatting done
[M::process] read chunk (19660800 bytes/CG x 1 CGs, 19660820 bytes)...
processed 103478
[M::mem_process_seqs_merge2] Processed 103478 reads in 0.110 CPU sec, 5.360 real sec
slave pre done
now n is 105696
processed 105696
[M::mem_process_seqs_merge2] Processed 105696 reads in 0.130 CPU sec, 6.258 real sec
[M::process] read chunk (19660800 bytes/CG x 1 CGs, 19660820 bytes)...
slave pre done
now n is 103478
processed 103478
[M::mem_process_seqs_merge2] Processed 103478 reads in 0.150 CPU sec, 5.022 real sec
[M::mem_process_seqs_merge2] CPE FASTQ formatting done
[M::process] read chunk (19660800 bytes/CG x 1 CGs, 19660820 bytes)...
slave pre done
now n is 103478
processed 103478
[M::mem_process_seqs_merge2] Processed 103478 reads in 0.110 CPU sec, 4.985 real sec
[M::process] read chunk (19660800 bytes/CG x 1 CGs, 19660820 bytes)...
[M::mem_process_seqs_merge2] CPE FASTQ formatting done
slave pre done
now n is 103478
slave pre done
now n is 103478
processed 103478
[M::mem_process_seqs_merge2] Processed 103478 reads in 0.110 CPU sec, 5.049 real sec
processed 103478
[M::mem_process_seqs_merge2] Processed 103478 reads in 0.130 CPU sec, 5.020 real sec
[M::process] read chunk (19660800 bytes/CG x 1 CGs, 19660820 bytes)...
[M::process] read chunk (19660800 bytes/CG x 1 CGs, 19660820 bytes)...
[M::mem_process_seqs_merge2] CPE FASTQ formatting done
[M::mem_process_seqs_merge2] CPE FASTQ formatting done
[M::mem_process_seqs_merge2] CPE FASTQ formatting done
[M::process] read chunk (19660800 bytes/CG x 1 CGs, 19660820 bytes)...
[M::process] read chunk (19660800 bytes/CG x 1 CGs, 19660820 bytes)...
[M::mem_process_seqs_merge2] CPE FASTQ formatting done
[M::mem_process_seqs_merge2] CPE FASTQ formatting done
[M::mem_process_seqs_merge2] CPE FASTQ formatting done
[M::mem_process_seqs_merge2] CPE FASTQ formatting done
slave pre done
now n is 103478
processed 103478
[M::mem_process_seqs_merge2] Processed 103478 reads in 0.190 CPU sec, 5.027 real sec
[M::process] read chunk (19660800 bytes/CG x 1 CGs, 19660820 bytes)...
[M::mem_process_seqs_merge2] CPE FASTQ formatting done
slave pre done
now n is 103478
processed 103478
[M::mem_process_seqs_merge2] Processed 103478 reads in 0.110 CPU sec, 5.099 real sec
slave pre done
now n is 103478
processed 103478
[M::mem_process_seqs_merge2] Processed 103478 reads in 0.220 CPU sec, 4.978 real sec
[M::process] read chunk (19660800 bytes/CG x 1 CGs, 19660820 bytes)...
[M::process] read chunk (19660800 bytes/CG x 1 CGs, 19660820 bytes)...
[M::mem_process_seqs_merge2] CPE FASTQ formatting done
[M::mem_process_seqs_merge2] CPE FASTQ formatting done
slave pre done
now n is 103478
processed 103478
[M::mem_process_seqs_merge2] Processed 103478 reads in 0.130 CPU sec, 5.013 real sec
slave pre done
now n is 103478
processed 103478
[M::mem_process_seqs_merge2] Processed 103478 reads in 0.160 CPU sec, 5.014 real sec
slave pre done
now n is 103478
slave pre done
now n is 103478
processed 103478
[M::mem_process_seqs_merge2] Processed 103478 reads in 0.160 CPU sec, 5.191 real sec
processed 103478
[M::mem_process_seqs_merge2] Processed 103478 reads in 0.090 CPU sec, 4.966 real sec
slave pre done
now n is 103478
processed 103478
[M::mem_process_seqs_merge2] Processed 103478 reads in 0.100 CPU sec, 5.358 real sec
slave pre done
now n is 103476
processed 103476
[M::mem_process_seqs_merge2] Processed 103476 reads in 0.170 CPU sec, 5.083 real sec
[M::process] read chunk (19660800 bytes/CG x 1 CGs, 19660820 bytes)...
[M::process] read chunk (19660800 bytes/CG x 1 CGs, 19660820 bytes)...
[M::process] read chunk (19660800 bytes/CG x 1 CGs, 19660820 bytes)...
[M::process] read chunk (19660800 bytes/CG x 1 CGs, 19660820 bytes)...
[M::process] read chunk (19660800 bytes/CG x 1 CGs, 19660820 bytes)...
slave pre done
now n is 103478
processed 103478
[M::mem_process_seqs_merge2] Processed 103478 reads in 0.150 CPU sec, 5.011 real sec
[M::process] read chunk (19660800 bytes/CG x 1 CGs, 19660820 bytes)...
[M::mem_process_seqs_merge2] CPE FASTQ formatting done
[M::process] read chunk (19660800 bytes/CG x 1 CGs, 19660820 bytes)...
slave pre done
now n is 103478
[M::mem_process_seqs_merge2] CPE FASTQ formatting done
processed 103478
[M::mem_process_seqs_merge2] Processed 103478 reads in 0.150 CPU sec, 5.136 real sec
[M::mem_process_seqs_merge2] CPE FASTQ formatting done
[M::process] read chunk (19660800 bytes/CG x 1 CGs, 19660440 bytes)...
slave pre done
now n is 103478
processed 103478
[M::mem_process_seqs_merge2] Processed 103478 reads in 0.140 CPU sec, 5.350 real sec
[M::mem_process_seqs_merge2] CPE FASTQ formatting done
[M::mem_process_seqs_merge2] CPE FASTQ formatting done
[M::mem_process_seqs_merge2] CPE FASTQ formatting done
slave pre done
now n is 103478
processed 103478
[M::mem_process_seqs_merge2] Processed 103478 reads in 0.140 CPU sec, 5.156 real sec
slave pre done
now n is 103478
[M::mem_process_seqs_merge2] CPE FASTQ formatting done
processed 103478
[M::mem_process_seqs_merge2] Processed 103478 reads in 0.210 CPU sec, 5.312 real sec
slave pre done
now n is 103478
[M::process] read chunk (19660800 bytes/CG x 1 CGs, 19660820 bytes)...
processed 103478
[M::mem_process_seqs_merge2] Processed 103478 reads in 0.130 CPU sec, 5.246 real sec
[M::mem_process_seqs_merge2] CPE FASTQ formatting done
slave pre done
now n is 103478
processed 103478
[M::mem_process_seqs_merge2] Processed 103478 reads in 0.210 CPU sec, 4.976 real sec
[M::process] read chunk (19660800 bytes/CG x 1 CGs, 19660820 bytes)...
[M::process] read chunk (19660800 bytes/CG x 1 CGs, 19660820 bytes)...
[M::process] read chunk (19660800 bytes/CG x 1 CGs, 19660820 bytes)...
[M::process] read chunk (19660800 bytes/CG x 1 CGs, 19660820 bytes)...
slave pre done
now n is 103478
processed 103478
[M::mem_process_seqs_merge2] Processed 103478 reads in 0.160 CPU sec, 5.080 real sec
slave pre done
now n is 103478
slave pre done
now n is 103478
processed 103478
[M::mem_process_seqs_merge2] Processed 103478 reads in 0.130 CPU sec, 5.155 real sec
slave pre done
now n is 103478
processed 103478
[M::mem_process_seqs_merge2] Processed 103478 reads in 0.170 CPU sec, 5.532 real sec
processed 103478
[M::mem_process_seqs_merge2] Processed 103478 reads in 0.190 CPU sec, 5.095 real sec
[M::mem_process_seqs_merge2] CPE FASTQ formatting done
[M::process] read chunk (19660800 bytes/CG x 1 CGs, 19660820 bytes)...
[M::process] read chunk (19660800 bytes/CG x 1 CGs, 19660820 bytes)...
slave pre done
now n is 103478
[M::process] read chunk (19660800 bytes/CG x 1 CGs, 19660820 bytes)...
[M::process] read chunk (19660800 bytes/CG x 1 CGs, 19660820 bytes)...
processed 103478
[M::mem_process_seqs_merge2] Processed 103478 reads in 0.090 CPU sec, 4.949 real sec
[M::mem_process_seqs_merge2] CPE FASTQ formatting done
[M::mem_process_seqs_merge2] CPE FASTQ formatting done
slave pre done
now n is 103478
processed 103478
[M::mem_process_seqs_merge2] Processed 103478 reads in 0.060 CPU sec, 4.895 real sec
[M::process] read chunk (19660800 bytes/CG x 1 CGs, 19660820 bytes)...
[M::mem_process_seqs_merge2] CPE FASTQ formatting done
[M::mem_process_seqs_merge2] CPE FASTQ formatting done
[M::mem_process_seqs_merge2] CPE FASTQ formatting done
slave pre done
now n is 103478
processed 103478
[M::mem_process_seqs_merge2] Processed 103478 reads in 0.100 CPU sec, 5.100 real sec
slave pre done
now n is 103478
processed 103478
[M::mem_process_seqs_merge2] Processed 103478 reads in 0.060 CPU sec, 5.260 real sec
[M::process] read chunk (19660800 bytes/CG x 1 CGs, 19660820 bytes)...
[M::mem_process_seqs_merge2] CPE FASTQ formatting done
[M::process] read chunk (19660800 bytes/CG x 1 CGs, 19660820 bytes)...
[M::process] read chunk (19660800 bytes/CG x 1 CGs, 19660820 bytes)...
[M::mem_process_seqs_merge2] CPE FASTQ formatting done
[M::mem_process_seqs_merge2] CPE FASTQ formatting done
[M::mem_process_seqs_merge2] CPE FASTQ formatting done
slave pre done
now n is 103478
processed 103478
[M::mem_process_seqs_merge2] Processed 103478 reads in 0.260 CPU sec, 5.039 real sec
[M::process] read chunk (19660800 bytes/CG x 1 CGs, 19660820 bytes)...
[M::mem_process_seqs_merge2] CPE FASTQ formatting done
[M::mem_process_seqs_merge2] CPE FASTQ formatting done
[M::mem_process_seqs_merge2] CPE FASTQ formatting done
[M::mem_process_seqs_merge2] CPE FASTQ formatting done
slave pre done
now n is 103478
processed 103478
[M::mem_process_seqs_merge2] Processed 103478 reads in 0.260 CPU sec, 5.062 real sec
slave pre done
now n is 103478
processed 103478
[M::mem_process_seqs_merge2] Processed 103478 reads in 0.100 CPU sec, 5.216 real sec
[M::process] read chunk (19660800 bytes/CG x 1 CGs, 19660820 bytes)...
[M::process] read chunk (19660800 bytes/CG x 1 CGs, 19660820 bytes)...
slave pre done
now n is 103478
processed 103478
[M::mem_process_seqs_merge2] Processed 103478 reads in 0.080 CPU sec, 5.042 real sec
slave pre done
now n is 103478
processed 103478
[M::mem_process_seqs_merge2] Processed 103478 reads in 0.080 CPU sec, 5.033 real sec
slave pre done
now n is 103478
processed 103478
[M::mem_process_seqs_merge2] Processed 103478 reads in 0.200 CPU sec, 5.107 real sec
[M::mem_process_seqs_merge2] CPE FASTQ formatting done
slave pre done
now n is 103478
[M::mem_process_seqs_merge2] CPE FASTQ formatting done
processed 103478
[M::mem_process_seqs_merge2] Processed 103478 reads in 0.130 CPU sec, 4.846 real sec
[M::process] read chunk (19660800 bytes/CG x 1 CGs, 19660820 bytes)...
slave pre done
now n is 103478
processed 103478
[M::mem_process_seqs_merge2] Processed 103478 reads in 0.140 CPU sec, 4.932 real sec
[M::process] read chunk (19660800 bytes/CG x 1 CGs, 19660820 bytes)...
slave pre done
now n is 103478
[M::process] read chunk (19660800 bytes/CG x 1 CGs, 19660820 bytes)...
processed 103478
[M::mem_process_seqs_merge2] Processed 103478 reads in 0.110 CPU sec, 5.013 real sec
[M::process] read chunk (19660800 bytes/CG x 1 CGs, 19660820 bytes)...
[M::process] read chunk (19660800 bytes/CG x 1 CGs, 19660820 bytes)...
[M::mem_process_seqs_merge2] CPE FASTQ formatting done
slave pre done
now n is 103476
[M::process] read chunk (19660800 bytes/CG x 1 CGs, 19660820 bytes)...
slave pre done
now n is 103478
processed 103478
[M::mem_process_seqs_merge2] Processed 103478 reads in 0.170 CPU sec, 5.109 real sec
processed 103476
[M::mem_process_seqs_merge2] Processed 103476 reads in 0.250 CPU sec, 5.027 real sec
[M::mem_process_seqs_merge2] CPE FASTQ formatting done
[M::mem_process_seqs_merge2] CPE FASTQ formatting done
[M::mem_process_seqs_merge2] CPE FASTQ formatting done
[M::process] read chunk (19660800 bytes/CG x 1 CGs, 19660820 bytes)...
[M::process] read chunk (19660800 bytes/CG x 1 CGs, 19660820 bytes)...
[M::mem_process_seqs_merge2] CPE FASTQ formatting done
[M::mem_process_seqs_merge2] CPE FASTQ formatting done
[M::mem_process_seqs_merge2] CPE FASTQ formatting done
[M::mem_process_seqs_merge2] CPE FASTQ formatting done
slave pre done
now n is 103478
processed 103478
[M::mem_process_seqs_merge2] Processed 103478 reads in 0.170 CPU sec, 5.139 real sec
slave pre done
now n is 103478
processed 103478
[M::mem_process_seqs_merge2] Processed 103478 reads in 0.130 CPU sec, 5.006 real sec
slave pre done
now n is 103478
processed 103478
[M::mem_process_seqs_merge2] Processed 103478 reads in 0.100 CPU sec, 4.917 real sec
slave pre done
now n is 103478
[M::process] read chunk (19660800 bytes/CG x 1 CGs, 19660820 bytes)...
processed 103478
[M::mem_process_seqs_merge2] Processed 103478 reads in 0.160 CPU sec, 4.956 real sec
[M::process] read chunk (19660800 bytes/CG x 1 CGs, 19660820 bytes)...
[M::process] read chunk (19660800 bytes/CG x 1 CGs, 19660820 bytes)...
slave pre done
now n is 103478
processed 103478
[M::mem_process_seqs_merge2] Processed 103478 reads in 0.110 CPU sec, 5.130 real sec
slave pre done
now n is 103478
processed 103478
[M::mem_process_seqs_merge2] Processed 103478 reads in 0.190 CPU sec, 5.177 real sec
slave pre done
now n is 103478
processed 103478
[M::mem_process_seqs_merge2] Processed 103478 reads in 0.140 CPU sec, 4.998 real sec
[M::process] read chunk (19660800 bytes/CG x 1 CGs, 19660820 bytes)...
[M::process] read chunk (19660800 bytes/CG x 1 CGs, 19660820 bytes)...
[M::process] read chunk (19660800 bytes/CG x 1 CGs, 19660820 bytes)...
slave pre done
now n is 103478
processed 103478
[M::mem_process_seqs_merge2] Processed 103478 reads in 0.160 CPU sec, 5.012 real sec
[M::process] read chunk (19660800 bytes/CG x 1 CGs, 19660820 bytes)...
[M::mem_process_seqs_merge2] CPE FASTQ formatting done
slave pre done
now n is 103478
processed 103478
[M::mem_process_seqs_merge2] Processed 103478 reads in 0.160 CPU sec, 5.122 real sec
slave pre done
now n is 103478
[M::process] read chunk (19660800 bytes/CG x 1 CGs, 19660820 bytes)...
processed 103478
[M::mem_process_seqs_merge2] Processed 103478 reads in 0.120 CPU sec, 5.054 real sec
[M::mem_process_seqs_merge2] CPE FASTQ formatting done
[M::mem_process_seqs_merge2] CPE FASTQ formatting done
[M::mem_process_seqs_merge2] CPE FASTQ formatting done
[M::mem_process_seqs_merge2] CPE FASTQ formatting done
[M::process] read chunk (19660800 bytes/CG x 1 CGs, 19660820 bytes)...
[M::process] read chunk (19660800 bytes/CG x 1 CGs, 19660440 bytes)...
slave pre done
now n is 103478
processed 103478
[M::mem_process_seqs_merge2] Processed 103478 reads in 0.240 CPU sec, 5.094 real sec
[M::mem_process_seqs_merge2] CPE FASTQ formatting done
[M::mem_process_seqs_merge2] CPE FASTQ formatting done
slave pre done
now n is 103478
processed 103478
[M::mem_process_seqs_merge2] Processed 103478 reads in 0.130 CPU sec, 5.075 real sec
slave pre done
now n is 103478
processed 103478
[M::mem_process_seqs_merge2] Processed 103478 reads in 0.150 CPU sec, 5.114 real sec
[M::process] read chunk (19660800 bytes/CG x 1 CGs, 19660820 bytes)...
[M::process] read chunk (19660800 bytes/CG x 1 CGs, 19660820 bytes)...
[M::process] read chunk (19660800 bytes/CG x 1 CGs, 19660820 bytes)...
[M::mem_process_seqs_merge2] CPE FASTQ formatting done
[M::mem_process_seqs_merge2] CPE FASTQ formatting done
slave pre done
now n is 103478
[M::mem_process_seqs_merge2] CPE FASTQ formatting done
processed 103478
[M::mem_process_seqs_merge2] Processed 103478 reads in 0.090 CPU sec, 5.032 real sec
[M::process] read chunk (19660800 bytes/CG x 1 CGs, 19660820 bytes)...
[M::mem_process_seqs_merge2] CPE FASTQ formatting done
[M::mem_process_seqs_merge2] CPE FASTQ formatting done
[M::mem_process_seqs_merge2] CPE FASTQ formatting done
[M::mem_process_seqs_merge2] CPE FASTQ formatting done
slave pre done
now n is 103478
slave pre done
now n is 103478
processed 103478
[M::mem_process_seqs_merge2] Processed 103478 reads in 0.160 CPU sec, 5.078 real sec
processed 103478
[M::mem_process_seqs_merge2] Processed 103478 reads in 0.060 CPU sec, 5.033 real sec
[M::process] read chunk (19660800 bytes/CG x 1 CGs, 19660820 bytes)...
[M::process] read chunk (19660800 bytes/CG x 1 CGs, 19660820 bytes)...
slave pre done
now n is 103478
processed 103478
[M::mem_process_seqs_merge2] Processed 103478 reads in 0.180 CPU sec, 5.038 real sec
slave pre done
now n is 103478
[M::process] read chunk (19660800 bytes/CG x 1 CGs, 19660820 bytes)...
processed 103478
[M::mem_process_seqs_merge2] Processed 103478 reads in 0.090 CPU sec, 5.082 real sec
slave pre done
now n is 103478
processed 103478
[M::mem_process_seqs_merge2] Processed 103478 reads in 0.210 CPU sec, 5.052 real sec
slave pre done
now n is 103478
processed 103478
[M::mem_process_seqs_merge2] Processed 103478 reads in 0.120 CPU sec, 5.077 real sec
[M::process] read chunk (19660800 bytes/CG x 1 CGs, 19660820 bytes)...
slave pre done
now n is 103478
processed 103478
[M::mem_process_seqs_merge2] Processed 103478 reads in 0.190 CPU sec, 5.171 real sec
slave pre done
now n is 103478
[M::mem_process_seqs_merge2] CPE FASTQ formatting done
[M::process] read chunk (19660800 bytes/CG x 1 CGs, 19660440 bytes)...
processed 103478
[M::mem_process_seqs_merge2] Processed 103478 reads in 0.130 CPU sec, 5.048 real sec
[M::process] read chunk (19660800 bytes/CG x 1 CGs, 19660820 bytes)...
slave pre done
now n is 103478
[M::mem_process_seqs_merge2] CPE FASTQ formatting done
processed 103478
[M::mem_process_seqs_merge2] Processed 103478 reads in 0.250 CPU sec, 4.995 real sec
[M::process] read chunk (19660800 bytes/CG x 1 CGs, 19660820 bytes)...
slave pre done
now n is 103478
processed 103478
[M::mem_process_seqs_merge2] Processed 103478 reads in 0.100 CPU sec, 5.145 real sec
[M::process] read chunk (19660800 bytes/CG x 1 CGs, 19660820 bytes)...
[M::mem_process_seqs_merge2] CPE FASTQ formatting done
[M::process] read chunk (19660800 bytes/CG x 1 CGs, 19660820 bytes)...
[M::mem_process_seqs_merge2] CPE FASTQ formatting done
[M::mem_process_seqs_merge2] CPE FASTQ formatting done
[M::process] read chunk (19660800 bytes/CG x 1 CGs, 19660820 bytes)...
[M::mem_process_seqs_merge2] CPE FASTQ formatting done
[M::mem_process_seqs_merge2] CPE FASTQ formatting done
[M::mem_process_seqs_merge2] CPE FASTQ formatting done
[M::mem_process_seqs_merge2] CPE FASTQ formatting done
[M::mem_process_seqs_merge2] CPE FASTQ formatting done
slave pre done
now n is 103478
processed 103478
[M::mem_process_seqs_merge2] Processed 103478 reads in 0.130 CPU sec, 5.038 real sec
[M::process] read chunk (19660800 bytes/CG x 1 CGs, 19660440 bytes)...
slave pre done
now n is 103478
slave pre done
now n is 103478
slave pre done
now n is 103478
processed 103478
[M::mem_process_seqs_merge2] Processed 103478 reads in 0.170 CPU sec, 5.149 real sec
processed 103478
[M::mem_process_seqs_merge2] Processed 103478 reads in 0.080 CPU sec, 4.967 real sec
processed 103478
[M::mem_process_seqs_merge2] Processed 103478 reads in 0.120 CPU sec, 5.147 real sec
slave pre done
now n is 103478
processed 103478
[M::mem_process_seqs_merge2] Processed 103478 reads in 0.100 CPU sec, 5.048 real sec
[M::process] read chunk (19660800 bytes/CG x 1 CGs, 19660820 bytes)...
[M::process] read chunk (19660800 bytes/CG x 1 CGs, 19660820 bytes)...
[M::mem_process_seqs_merge2] CPE FASTQ formatting done
[M::process] read chunk (19660800 bytes/CG x 1 CGs, 19660820 bytes)...
[M::process] read chunk (19660800 bytes/CG x 1 CGs, 19660820 bytes)...
slave pre done
now n is 103478
processed 103478
[M::mem_process_seqs_merge2] Processed 103478 reads in 0.110 CPU sec, 5.019 real sec
slave pre done
now n is 103478
processed 103478
[M::mem_process_seqs_merge2] Processed 103478 reads in 0.110 CPU sec, 5.063 real sec
[M::mem_process_seqs_merge2] CPE FASTQ formatting done
[M::process] read chunk (19660800 bytes/CG x 1 CGs, 19660820 bytes)...
[M::process] read chunk (19660800 bytes/CG x 1 CGs, 19660820 bytes)...
slave pre done
now n is 103476
processed 103476
[M::mem_process_seqs_merge2] Processed 103476 reads in 0.210 CPU sec, 4.954 real sec
slave pre done
now n is 103478
slave pre done
now n is 103478
[M::mem_process_seqs_merge2] CPE FASTQ formatting done
processed 103478
[M::mem_process_seqs_merge2] Processed 103478 reads in 0.200 CPU sec, 5.104 real sec
processed 103478
[M::mem_process_seqs_merge2] Processed 103478 reads in 0.150 CPU sec, 5.090 real sec
[M::mem_process_seqs_merge2] CPE FASTQ formatting done
[M::process] read chunk (19660800 bytes/CG x 1 CGs, 19660820 bytes)...
[M::process] read chunk (19660800 bytes/CG x 1 CGs, 19660820 bytes)...
[M::process] read chunk (19660800 bytes/CG x 1 CGs, 19660820 bytes)...
[M::mem_process_seqs_merge2] CPE FASTQ formatting done
[M::mem_process_seqs_merge2] CPE FASTQ formatting done
slave pre done
now n is 103478
[M::mem_process_seqs_merge2] CPE FASTQ formatting done
processed 103478
[M::mem_process_seqs_merge2] Processed 103478 reads in 0.130 CPU sec, 5.062 real sec
slave pre done
now n is 103478
slave pre done
now n is 103478
processed 103478
[M::mem_process_seqs_merge2] Processed 103478 reads in 0.130 CPU sec, 5.220 real sec
processed 103478
[M::mem_process_seqs_merge2] Processed 103478 reads in 0.100 CPU sec, 5.160 real sec
[M::process] read chunk (19660800 bytes/CG x 1 CGs, 19660820 bytes)...
[M::mem_process_seqs_merge2] CPE FASTQ formatting done
[M::process] read chunk (19660800 bytes/CG x 1 CGs, 19660820 bytes)...
[M::process] read chunk (19660800 bytes/CG x 1 CGs, 19660820 bytes)...
[M::mem_process_seqs_merge2] CPE FASTQ formatting done
[M::mem_process_seqs_merge2] CPE FASTQ formatting done
[M::mem_process_seqs_merge2] CPE FASTQ formatting done
slave pre done
now n is 103478
processed 103478
[M::mem_process_seqs_merge2] Processed 103478 reads in 0.140 CPU sec, 5.717 real sec
[M::mem_process_seqs_merge2] CPE FASTQ formatting done
[M::mem_process_seqs_merge2] CPE FASTQ formatting done
[M::process] read chunk (19660800 bytes/CG x 1 CGs, 19660820 bytes)...
[M::mem_process_seqs_merge2] CPE FASTQ formatting done
slave pre done
now n is 103478
processed 103478
[M::mem_process_seqs_merge2] Processed 103478 reads in 0.110 CPU sec, 5.158 real sec
slave pre done
now n is 103478
processed 103478
[M::mem_process_seqs_merge2] Processed 103478 reads in 0.120 CPU sec, 5.025 real sec
slave pre done
now n is 103476
processed 103476
[M::mem_process_seqs_merge2] Processed 103476 reads in 0.210 CPU sec, 4.923 real sec
[M::process] read chunk (19660800 bytes/CG x 1 CGs, 19660820 bytes)...
slave pre done
now n is 103478
processed 103478
[M::mem_process_seqs_merge2] Processed 103478 reads in 0.130 CPU sec, 5.459 real sec
[M::process] read chunk (19660800 bytes/CG x 1 CGs, 19660820 bytes)...
[M::process] read chunk (19660800 bytes/CG x 1 CGs, 19660820 bytes)...
slave pre done
now n is 103478
processed 103478
[M::mem_process_seqs_merge2] Processed 103478 reads in 0.090 CPU sec, 5.073 real sec
[M::process] read chunk (19660800 bytes/CG x 1 CGs, 19660820 bytes)...
slave pre done
now n is 103478
[M::mem_process_seqs_merge2] CPE FASTQ formatting done
processed 103478
[M::mem_process_seqs_merge2] Processed 103478 reads in 0.260 CPU sec, 5.354 real sec
slave pre done
now n is 103478
processed 103478
[M::mem_process_seqs_merge2] Processed 103478 reads in 0.150 CPU sec, 5.028 real sec
slave pre done
now n is 103478
processed 103478
[M::mem_process_seqs_merge2] Processed 103478 reads in 0.150 CPU sec, 4.986 real sec
[M::process] read chunk (19660800 bytes/CG x 1 CGs, 19660820 bytes)...
slave pre done
now n is 103478
processed 103478
[M::mem_process_seqs_merge2] Processed 103478 reads in 0.150 CPU sec, 5.180 real sec
[M::process] read chunk (19660800 bytes/CG x 1 CGs, 19660820 bytes)...
[M::process] read chunk (19660800 bytes/CG x 1 CGs, 19660820 bytes)...
slave pre done
now n is 103478
[M::process] read chunk (19660800 bytes/CG x 1 CGs, 19660820 bytes)...
[M::mem_process_seqs_merge2] CPE FASTQ formatting done
processed 103478
[M::mem_process_seqs_merge2] Processed 103478 reads in 0.140 CPU sec, 5.239 real sec
[M::mem_process_seqs_merge2] CPE FASTQ formatting done
[M::process] read chunk (19660800 bytes/CG x 1 CGs, 19660820 bytes)...
[M::mem_process_seqs_merge2] CPE FASTQ formatting done
[M::mem_process_seqs_merge2] CPE FASTQ formatting done
[M::process] read chunk (19660800 bytes/CG x 1 CGs, 19660820 bytes)...
[M::mem_process_seqs_merge2] CPE FASTQ formatting done
[M::mem_process_seqs_merge2] CPE FASTQ formatting done
[M::mem_process_seqs_merge2] CPE FASTQ formatting done
[M::mem_process_seqs_merge2] CPE FASTQ formatting done
[M::mem_process_seqs_merge2] CPE FASTQ formatting done
slave pre done
now n is 103478
slave pre done
now n is 103478
slave pre done
now n is 103476
processed 103478
[M::mem_process_seqs_merge2] Processed 103478 reads in 0.100 CPU sec, 4.966 real sec
processed 103478
[M::mem_process_seqs_merge2] Processed 103478 reads in 0.130 CPU sec, 4.873 real sec
processed 103476
[M::mem_process_seqs_merge2] Processed 103476 reads in 0.160 CPU sec, 5.512 real sec
slave pre done
now n is 103478
processed 103478
[M::mem_process_seqs_merge2] Processed 103478 reads in 0.110 CPU sec, 5.277 real sec
[M::process] read chunk (19660800 bytes/CG x 1 CGs, 19660820 bytes)...
[M::process] read chunk (19660800 bytes/CG x 1 CGs, 19660820 bytes)...
[M::process] read chunk (19660800 bytes/CG x 1 CGs, 19660820 bytes)...
[M::process] read chunk (19660800 bytes/CG x 1 CGs, 19660440 bytes)...
slave pre done
now n is 103478
slave pre done
now n is 103478
processed 103478
[M::mem_process_seqs_merge2] Processed 103478 reads in 0.140 CPU sec, 4.883 real sec
processed 103478
[M::mem_process_seqs_merge2] Processed 103478 reads in 0.160 CPU sec, 5.156 real sec
[M::mem_process_seqs_merge2] CPE FASTQ formatting done
[M::mem_process_seqs_merge2] CPE FASTQ formatting done
slave pre done
now n is 103478
[M::process] read chunk (19660800 bytes/CG x 1 CGs, 19660820 bytes)...
[M::process] read chunk (19660800 bytes/CG x 1 CGs, 19660820 bytes)...
processed 103478
[M::mem_process_seqs_merge2] Processed 103478 reads in 0.100 CPU sec, 5.084 real sec
[M::mem_process_seqs_merge2] CPE FASTQ formatting done
[M::mem_process_seqs_merge2] CPE FASTQ formatting done
slave pre done
now n is 103478
[M::process] read chunk (19660800 bytes/CG x 1 CGs, 19660820 bytes)...
processed 103478
[M::mem_process_seqs_merge2] Processed 103478 reads in 0.060 CPU sec, 4.910 real sec
slave pre done
now n is 103478
processed 103478
[M::mem_process_seqs_merge2] Processed 103478 reads in 0.210 CPU sec, 5.149 real sec
slave pre done
now n is 103478
processed 103478
[M::mem_process_seqs_merge2] Processed 103478 reads in 0.110 CPU sec, 5.044 real sec
[M::process] read chunk (19660800 bytes/CG x 1 CGs, 19660820 bytes)...
[M::process] read chunk (19660800 bytes/CG x 1 CGs, 19660820 bytes)...
[M::mem_process_seqs_merge2] CPE FASTQ formatting done
[M::process] read chunk (19660800 bytes/CG x 1 CGs, 19660820 bytes)...
[M::mem_process_seqs_merge2] CPE FASTQ formatting done
slave pre done
now n is 103478
slave pre done
now n is 103478
processed 103478
[M::mem_process_seqs_merge2] Processed 103478 reads in 0.180 CPU sec, 5.147 real sec
processed 103478
[M::mem_process_seqs_merge2] Processed 103478 reads in 0.130 CPU sec, 5.287 real sec
[M::mem_process_seqs_merge2] CPE FASTQ formatting done
[M::process] read chunk (19660800 bytes/CG x 1 CGs, 19660820 bytes)...
[M::process] read chunk (19660800 bytes/CG x 1 CGs, 19660820 bytes)...
slave pre done
now n is 103478
processed 103478
[M::mem_process_seqs_merge2] Processed 103478 reads in 0.140 CPU sec, 5.352 real sec
[M::mem_process_seqs_merge2] CPE FASTQ formatting done
[M::mem_process_seqs_merge2] CPE FASTQ formatting done
[M::mem_process_seqs_merge2] CPE FASTQ formatting done
[M::process] read chunk (19660800 bytes/CG x 1 CGs, 19660820 bytes)...
slave pre done
now n is 103478
processed 103478
[M::mem_process_seqs_merge2] Processed 103478 reads in 0.170 CPU sec, 5.093 real sec
[M::mem_process_seqs_merge2] CPE FASTQ formatting done
[M::mem_process_seqs_merge2] CPE FASTQ formatting done
[M::process] read chunk (19660800 bytes/CG x 1 CGs, 19660820 bytes)...
[M::mem_process_seqs_merge2] CPE FASTQ formatting done
[M::mem_process_seqs_merge2] CPE FASTQ formatting done
slave pre done
now n is 103478
processed 103478
[M::mem_process_seqs_merge2] Processed 103478 reads in 0.130 CPU sec, 5.276 real sec
slave pre done
now n is 103478
slave pre done
now n is 103478
processed 103478
[M::mem_process_seqs_merge2] Processed 103478 reads in 0.120 CPU sec, 5.062 real sec
processed 103478
[M::mem_process_seqs_merge2] Processed 103478 reads in 0.090 CPU sec, 4.985 real sec
slave pre done
now n is 103478
processed 103478
[M::mem_process_seqs_merge2] Processed 103478 reads in 0.140 CPU sec, 5.056 real sec
[M::process] read chunk (19660800 bytes/CG x 1 CGs, 19660820 bytes)...
[M::process] read chunk (19660800 bytes/CG x 1 CGs, 19660820 bytes)...
[M::process] read chunk (19660800 bytes/CG x 1 CGs, 19660820 bytes)...
[M::process] read chunk (19660800 bytes/CG x 1 CGs, 19660820 bytes)...
slave pre done
now n is 103478
processed 103478
[M::mem_process_seqs_merge2] Processed 103478 reads in 0.190 CPU sec, 5.090 real sec
slave pre done
now n is 103478
processed 103478
[M::mem_process_seqs_merge2] Processed 103478 reads in 0.110 CPU sec, 5.090 real sec
slave pre done
now n is 103478
[M::mem_process_seqs_merge2] CPE FASTQ formatting done
processed 103478
[M::mem_process_seqs_merge2] Processed 103478 reads in 0.160 CPU sec, 5.296 real sec
[M::process] read chunk (19660800 bytes/CG x 1 CGs, 19660820 bytes)...
[M::mem_process_seqs_merge2] CPE FASTQ formatting done
[M::process] read chunk (19660800 bytes/CG x 1 CGs, 19660820 bytes)...
slave pre done
now n is 103478
processed 103478
[M::mem_process_seqs_merge2] Processed 103478 reads in 0.160 CPU sec, 5.163 real sec
[M::process] read chunk (19660800 bytes/CG x 1 CGs, 19660820 bytes)...
slave pre done
now n is 103478
slave pre done
now n is 103478
processed 103478
[M::mem_process_seqs_merge2] Processed 103478 reads in 0.090 CPU sec, 5.098 real sec
processed 103478
[M::mem_process_seqs_merge2] Processed 103478 reads in 0.100 CPU sec, 5.119 real sec
[M::mem_process_seqs_merge2] CPE FASTQ formatting done
[M::mem_process_seqs_merge2] CPE FASTQ formatting done
[M::process] read chunk (19660800 bytes/CG x 1 CGs, 19660820 bytes)...
[M::process] read chunk (19660800 bytes/CG x 1 CGs, 19660820 bytes)...
[M::process] read chunk (19660800 bytes/CG x 1 CGs, 19660820 bytes)...
[M::mem_process_seqs_merge2] CPE FASTQ formatting done
[M::mem_process_seqs_merge2] CPE FASTQ formatting done
[M::mem_process_seqs_merge2] CPE FASTQ formatting done
[M::mem_process_seqs_merge2] CPE FASTQ formatting done
[M::mem_process_seqs_merge2] CPE FASTQ formatting done
slave pre done
now n is 103476
[M::mem_process_seqs_merge2] CPE FASTQ formatting done
processed 103476
[M::mem_process_seqs_merge2] Processed 103476 reads in 0.170 CPU sec, 5.155 real sec
slave pre done
now n is 103478
slave pre done
now n is 103478
processed 103478
[M::mem_process_seqs_merge2] Processed 103478 reads in 0.150 CPU sec, 5.252 real sec
processed 103478
[M::mem_process_seqs_merge2] Processed 103478 reads in 0.070 CPU sec, 5.301 real sec
[M::process] read chunk (19660800 bytes/CG x 1 CGs, 19660820 bytes)...
slave pre done
now n is 103478
processed 103478
[M::mem_process_seqs_merge2] Processed 103478 reads in 0.120 CPU sec, 5.266 real sec
[M::process] read chunk (19660800 bytes/CG x 1 CGs, 19660820 bytes)...
[M::process] read chunk (19660800 bytes/CG x 1 CGs, 19660820 bytes)...
[M::process] read chunk (19660800 bytes/CG x 1 CGs, 19660820 bytes)...
slave pre done
now n is 103478
processed 103478
[M::mem_process_seqs_merge2] Processed 103478 reads in 0.200 CPU sec, 5.031 real sec
slave pre done
now n is 103478
processed 103478
[M::mem_process_seqs_merge2] Processed 103478 reads in 0.210 CPU sec, 4.967 real sec
[M::mem_process_seqs_merge2] CPE FASTQ formatting done
[M::process] read chunk (19660800 bytes/CG x 1 CGs, 19660820 bytes)...
[M::process] read chunk (19660800 bytes/CG x 1 CGs, 19660440 bytes)...
slave pre done
now n is 103478
processed 103478
[M::mem_process_seqs_merge2] Processed 103478 reads in 0.150 CPU sec, 5.112 real sec
[M::mem_process_seqs_merge2] CPE FASTQ formatting done
[M::mem_process_seqs_merge2] CPE FASTQ formatting done
[M::mem_process_seqs_merge2] CPE FASTQ formatting done
slave pre done
now n is 103478
processed 103478
[M::mem_process_seqs_merge2] Processed 103478 reads in 0.210 CPU sec, 4.900 real sec
[M::process] read chunk (19660800 bytes/CG x 1 CGs, 19660820 bytes)...
slave pre done
now n is 103478
processed 103478
[M::mem_process_seqs_merge2] Processed 103478 reads in 0.120 CPU sec, 5.127 real sec
[M::process] read chunk (19660800 bytes/CG x 1 CGs, 19660820 bytes)...
slave pre done
now n is 103478
processed 103478
[M::mem_process_seqs_merge2] Processed 103478 reads in 0.090 CPU sec, 5.298 real sec
[M::mem_process_seqs_merge2] CPE FASTQ formatting done
[M::process] read chunk (19660800 bytes/CG x 1 CGs, 19660820 bytes)...
[M::mem_process_seqs_merge2] CPE FASTQ formatting done
[M::process] read chunk (19660800 bytes/CG x 1 CGs, 19660820 bytes)...
slave pre done
now n is 103478
slave pre done
now n is 103478
processed 103478
[M::mem_process_seqs_merge2] Processed 103478 reads in 0.090 CPU sec, 5.170 real sec
processed 103478
[M::mem_process_seqs_merge2] Processed 103478 reads in 0.180 CPU sec, 5.205 real sec
[M::mem_process_seqs_merge2] CPE FASTQ formatting done
slave pre done
now n is 103478
processed 103478
[M::mem_process_seqs_merge2] Processed 103478 reads in 0.180 CPU sec, 5.007 real sec
[M::process] read chunk (19660800 bytes/CG x 1 CGs, 19660820 bytes)...
[M::process] read chunk (19660800 bytes/CG x 1 CGs, 19660536 bytes)...
[M::mem_process_seqs_merge2] CPE FASTQ formatting done
[M::process] read chunk (19660800 bytes/CG x 1 CGs, 19660820 bytes)...
[M::mem_process_seqs_merge2] CPE FASTQ formatting done
[M::mem_process_seqs_merge2] CPE FASTQ formatting done
slave pre done
now n is 103478
processed 103478
[M::mem_process_seqs_merge2] Processed 103478 reads in 0.070 CPU sec, 5.151 real sec
[M::mem_process_seqs_merge2] CPE FASTQ formatting done
[M::mem_process_seqs_merge2] CPE FASTQ formatting done
[M::mem_process_seqs_merge2] CPE FASTQ formatting done
[M::process] read chunk (19660800 bytes/CG x 1 CGs, 19661040 bytes)...
[M::mem_process_seqs_merge2] CPE FASTQ formatting done
slave pre done
now n is 103478
processed 103478
[M::mem_process_seqs_merge2] Processed 103478 reads in 0.130 CPU sec, 5.004 real sec
[M::process] read chunk (19660800 bytes/CG x 1 CGs, 19660820 bytes)...
slave pre done
now n is 103478
processed 103478
[M::mem_process_seqs_merge2] Processed 103478 reads in 0.080 CPU sec, 5.145 real sec
slave pre done
now n is 103478
processed 103478
[M::mem_process_seqs_merge2] Processed 103478 reads in 0.150 CPU sec, 4.975 real sec
slave pre done
now n is 103478
[M::process] read chunk (19660800 bytes/CG x 1 CGs, 19660820 bytes)...
processed 103478
[M::mem_process_seqs_merge2] Processed 103478 reads in 0.150 CPU sec, 5.175 real sec
[M::process] read chunk (19660800 bytes/CG x 1 CGs, 19660820 bytes)...
[M::mem_process_seqs_merge2] CPE FASTQ formatting done
slave pre done
now n is 103478
processed 103478
[M::mem_process_seqs_merge2] Processed 103478 reads in 0.170 CPU sec, 5.024 real sec
slave pre done
now n is 103478
processed 103478
[M::mem_process_seqs_merge2] Processed 103478 reads in 0.210 CPU sec, 5.044 real sec
[M::process] read chunk (19660800 bytes/CG x 1 CGs, 19660820 bytes)...
slave pre done
now n is 103478
processed 103478
[M::mem_process_seqs_merge2] Processed 103478 reads in 0.100 CPU sec, 5.088 real sec
[M::process] read chunk (19660800 bytes/CG x 1 CGs, 19660932 bytes)...
slave pre done
now n is 103478
processed 103478
[M::mem_process_seqs_merge2] Processed 103478 reads in 0.120 CPU sec, 4.858 real sec
[M::process] read chunk (19660800 bytes/CG x 1 CGs, 19660664 bytes)...
[M::process] read chunk (19660800 bytes/CG x 1 CGs, 19660820 bytes)...
[M::mem_process_seqs_merge2] CPE FASTQ formatting done
[M::process] read chunk (19660800 bytes/CG x 1 CGs, 19661040 bytes)...
slave pre done
now n is 103478
processed 103478
[M::mem_process_seqs_merge2] Processed 103478 reads in 0.120 CPU sec, 4.967 real sec
[M::mem_process_seqs_merge2] CPE FASTQ formatting done
[M::mem_process_seqs_merge2] CPE FASTQ formatting done
slave pre done
now n is 103478
[M::process] read chunk (19660800 bytes/CG x 1 CGs, 19660820 bytes)...
processed 103478
[M::mem_process_seqs_merge2] Processed 103478 reads in 0.090 CPU sec, 5.109 real sec
[M::mem_process_seqs_merge2] CPE FASTQ formatting done
[M::process] read chunk (19660800 bytes/CG x 1 CGs, 19661040 bytes)...
[M::mem_process_seqs_merge2] CPE FASTQ formatting done
[M::mem_process_seqs_merge2] CPE FASTQ formatting done
[M::mem_process_seqs_merge2] CPE FASTQ formatting done
slave pre done
now n is 103478
processed 103478
[M::mem_process_seqs_merge2] Processed 103478 reads in 0.190 CPU sec, 4.965 real sec
[M::mem_process_seqs_merge2] CPE FASTQ formatting done
[M::process] read chunk (19660800 bytes/CG x 1 CGs, 19660664 bytes)...
[M::mem_process_seqs_merge2] CPE FASTQ formatting done
slave pre done
now n is 103478
processed 103478
[M::mem_process_seqs_merge2] Processed 103478 reads in 0.110 CPU sec, 4.978 real sec
[M::mem_process_seqs_merge2] CPE FASTQ formatting done
slave pre done
now n is 103478
slave pre done
now n is 103478
processed 103478
[M::mem_process_seqs_merge2] Processed 103478 reads in 0.210 CPU sec, 5.195 real sec
processed 103478
[M::mem_process_seqs_merge2] Processed 103478 reads in 0.090 CPU sec, 5.146 real sec
[M::process] read chunk (19660800 bytes/CG x 1 CGs, 19660664 bytes)...
[M::process] read chunk (19660800 bytes/CG x 1 CGs, 19661040 bytes)...
[M::process] read chunk (19660800 bytes/CG x 1 CGs, 19660664 bytes)...
slave pre done
now n is 103476
processed 103476
[M::mem_process_seqs_merge2] Processed 103476 reads in 0.260 CPU sec, 5.060 real sec
slave pre done
now n is 103478
processed 103478
[M::mem_process_seqs_merge2] Processed 103478 reads in 0.150 CPU sec, 5.316 real sec
slave pre done
now n is 103478
processed 103478
[M::mem_process_seqs_merge2] Processed 103478 reads in 0.090 CPU sec, 5.043 real sec
[M::process] read chunk (19660800 bytes/CG x 1 CGs, 19661040 bytes)...
[M::mem_process_seqs_merge2] CPE FASTQ formatting done
[M::process] read chunk (19660800 bytes/CG x 1 CGs, 19660820 bytes)...
[M::process] read chunk (19660800 bytes/CG x 1 CGs, 19660664 bytes)...
slave pre done
now n is 103478
processed 103478
[M::mem_process_seqs_merge2] Processed 103478 reads in 0.060 CPU sec, 4.898 real sec
slave pre done
now n is 103478
processed 103478
[M::mem_process_seqs_merge2] Processed 103478 reads in 0.170 CPU sec, 5.111 real sec
[M::mem_process_seqs_merge2] CPE FASTQ formatting done
[M::process] read chunk (19660800 bytes/CG x 1 CGs, 19660820 bytes)...
[M::mem_process_seqs_merge2] CPE FASTQ formatting done
slave pre done
now n is 103478
[M::process] read chunk (19660800 bytes/CG x 1 CGs, 19660944 bytes)...
slave pre done
now n is 103478
processed 103478
[M::mem_process_seqs_merge2] Processed 103478 reads in 0.080 CPU sec, 5.171 real sec
processed 103478
[M::mem_process_seqs_merge2] Processed 103478 reads in 0.160 CPU sec, 4.809 real sec
slave pre done
now n is 103760
processed 103760
[M::mem_process_seqs_merge2] Processed 103760 reads in 0.110 CPU sec, 5.047 real sec
[M::mem_process_seqs_merge2] CPE FASTQ formatting done
[M::process] read chunk (19660800 bytes/CG x 1 CGs, 19660664 bytes)...
slave pre done
now n is 103478
[M::process] read chunk (19660800 bytes/CG x 1 CGs, 19660440 bytes)...
processed 103478
[M::mem_process_seqs_merge2] Processed 103478 reads in 0.100 CPU sec, 5.102 real sec
[M::process] read chunk (19660800 bytes/CG x 1 CGs, 19660820 bytes)...
[M::mem_process_seqs_merge2] CPE FASTQ formatting done
[M::mem_process_seqs_merge2] CPE FASTQ formatting done
[M::process] read chunk (19660800 bytes/CG x 1 CGs, 19660664 bytes)...
[M::mem_process_seqs_merge2] CPE FASTQ formatting done
[M::mem_process_seqs_merge2] CPE FASTQ formatting done
[M::mem_process_seqs_merge2] CPE FASTQ formatting done
[M::mem_process_seqs_merge2] CPE FASTQ formatting done
slave pre done
now n is 104580
processed 104580
[M::mem_process_seqs_merge2] Processed 104580 reads in 0.060 CPU sec, 5.117 real sec
[M::mem_process_seqs_merge2] CPE FASTQ formatting done
[M::mem_process_seqs_merge2] CPE FASTQ formatting done
[M::process] read chunk (19660800 bytes/CG x 1 CGs, 19660820 bytes)...
[M::mem_process_seqs_merge2] CPE FASTQ formatting done
slave pre done
now n is 103478
processed 103478
[M::mem_process_seqs_merge2] Processed 103478 reads in 0.210 CPU sec, 5.224 real sec
[M::process] read chunk (19660800 bytes/CG x 1 CGs, 19660796 bytes)...
slave pre done
now n is 103478
processed 103478
[M::mem_process_seqs_merge2] Processed 103478 reads in 0.100 CPU sec, 5.094 real sec
slave pre done
now n is 103478
processed 103478
[M::mem_process_seqs_merge2] Processed 103478 reads in 0.090 CPU sec, 5.170 real sec
[M::process] read chunk (19660800 bytes/CG x 1 CGs, 19660820 bytes)...
[M::mem_process_seqs_merge2] CPE FASTQ formatting done
slave pre done
now n is 103478
processed 103478
[M::mem_process_seqs_merge2] Processed 103478 reads in 0.080 CPU sec, 4.955 real sec
[M::process] read chunk (19660800 bytes/CG x 1 CGs, 19660664 bytes)...
[M::mem_process_seqs_merge2] CPE FASTQ formatting done
slave pre done
now n is 103478
processed 103478
[M::mem_process_seqs_merge2] Processed 103478 reads in 0.200 CPU sec, 4.994 real sec
slave pre done
now n is 104578
processed 104578
[M::mem_process_seqs_merge2] Processed 104578 reads in 0.130 CPU sec, 5.341 real sec
slave pre done
now n is 104580
[M::process] read chunk (19660800 bytes/CG x 1 CGs, 19660664 bytes)...
[M::process] read chunk (19660800 bytes/CG x 1 CGs, 19661040 bytes)...
processed 104580
[M::mem_process_seqs_merge2] Processed 104580 reads in 0.140 CPU sec, 5.314 real sec
[M::process] read chunk (19660800 bytes/CG x 1 CGs, 19660440 bytes)...
slave pre done
now n is 103478
processed 103478
[M::mem_process_seqs_merge2] Processed 103478 reads in 0.230 CPU sec, 5.089 real sec
[M::process] read chunk (19660800 bytes/CG x 1 CGs, 19660820 bytes)...
[M::mem_process_seqs_merge2] CPE FASTQ formatting done
[M::process] read chunk (19660800 bytes/CG x 1 CGs, 19660820 bytes)...
slave pre done
now n is 104580
processed 104580
[M::mem_process_seqs_merge2] Processed 104580 reads in 0.090 CPU sec, 5.169 real sec
[M::mem_process_seqs_merge2] CPE FASTQ formatting done
[M::process] read chunk (19660800 bytes/CG x 1 CGs, 19660820 bytes)...
[M::mem_process_seqs_merge2] CPE FASTQ formatting done
slave pre done
now n is 104578
[M::mem_process_seqs_merge2] CPE FASTQ formatting done
processed 104578
[M::mem_process_seqs_merge2] Processed 104578 reads in 0.210 CPU sec, 5.102 real sec
[M::mem_process_seqs_merge2] CPE FASTQ formatting done
[M::mem_process_seqs_merge2] CPE FASTQ formatting done
[M::process] read chunk (19660800 bytes/CG x 1 CGs, 19660820 bytes)...
[M::mem_process_seqs_merge2] CPE FASTQ formatting done
slave pre done
now n is 105596
[M::mem_process_seqs_merge2] CPE FASTQ formatting done
processed 105596
[M::mem_process_seqs_merge2] Processed 105596 reads in 0.220 CPU sec, 7.167 real sec
slave pre done
now n is 104578
processed 104578
[M::process] read chunk (19660800 bytes/CG x 1 CGs, 19660820 bytes)...
[M::mem_process_seqs_merge2] Processed 104578 reads in 0.120 CPU sec, 5.186 real sec
slave pre done
now n is 104580
processed 104580
[M::mem_process_seqs_merge2] Processed 104580 reads in 0.150 CPU sec, 5.002 real sec
slave pre done
now n is 104578
processed 104578
[M::mem_process_seqs_merge2] Processed 104578 reads in 0.100 CPU sec, 5.066 real sec
[M::process] read chunk (19660800 bytes/CG x 1 CGs, 19660820 bytes)...
[M::process] read chunk (19660800 bytes/CG x 1 CGs, 19660820 bytes)...
[M::mem_process_seqs_merge2] CPE FASTQ formatting done
[M::process] read chunk (19660800 bytes/CG x 1 CGs, 19660820 bytes)...
slave pre done
now n is 104578
processed 104578
[M::mem_process_seqs_merge2] Processed 104578 reads in 0.130 CPU sec, 5.145 real sec
slave pre done
now n is 103478
processed 103478
[M::mem_process_seqs_merge2] Processed 103478 reads in 0.140 CPU sec, 4.991 real sec
slave pre done
now n is 103478
slave pre done
now n is 104578
processed 103478
[M::mem_process_seqs_merge2] Processed 103478 reads in 0.120 CPU sec, 4.916 real sec
slave pre done
now n is 103478
processed 104578
[M::mem_process_seqs_merge2] Processed 104578 reads in 0.130 CPU sec, 5.083 real sec
[M::mem_process_seqs_merge2] CPE FASTQ formatting done
processed 103478
[M::mem_process_seqs_merge2] Processed 103478 reads in 0.130 CPU sec, 5.295 real sec
[M::process] read chunk (19660800 bytes/CG x 1 CGs, 19660820 bytes)...
[M::process] read chunk (19660800 bytes/CG x 1 CGs, 19660820 bytes)...
slave pre done
now n is 103476
[M::process] read chunk (19660800 bytes/CG x 1 CGs, 19660664 bytes)...
[M::process] read chunk (19660800 bytes/CG x 1 CGs, 19660820 bytes)...
processed 103476
[M::mem_process_seqs_merge2] Processed 103476 reads in 0.140 CPU sec, 5.120 real sec
slave pre done
now n is 104580
processed 104580
[M::mem_process_seqs_merge2] Processed 104580 reads in 0.190 CPU sec, 5.936 real sec
slave pre done
now n is 104578
processed 104578
[M::mem_process_seqs_merge2] Processed 104578 reads in 0.060 CPU sec, 5.156 real sec
[M::mem_process_seqs_merge2] CPE FASTQ formatting done
[M::process] read chunk (19660800 bytes/CG x 1 CGs, 19660820 bytes)...
[M::mem_process_seqs_merge2] CPE FASTQ formatting done
[M::process] read chunk (19660800 bytes/CG x 1 CGs, 19660820 bytes)...
[M::process] read chunk (19660800 bytes/CG x 1 CGs, 19660820 bytes)...
[M::process] read chunk (19660800 bytes/CG x 1 CGs, 19660820 bytes)...
[M::mem_process_seqs_merge2] CPE FASTQ formatting done
slave pre done
now n is 103478
processed 103478
[M::mem_process_seqs_merge2] Processed 103478 reads in 0.130 CPU sec, 5.014 real sec
[M::mem_process_seqs_merge2] CPE FASTQ formatting done
[M::mem_process_seqs_merge2] CPE FASTQ formatting done
[M::mem_process_seqs_merge2] CPE FASTQ formatting done
[M::mem_process_seqs_merge2] CPE FASTQ formatting done
[M::process] read chunk (19660800 bytes/CG x 1 CGs, 19660820 bytes)...
[M::mem_process_seqs_merge2] CPE FASTQ formatting done
[M::mem_process_seqs_merge2] CPE FASTQ formatting done
slave pre done
now n is 105704
processed 105704
[M::mem_process_seqs_merge2] Processed 105704 reads in 0.220 CPU sec, 6.259 real sec
[M::mem_process_seqs_merge2] CPE FASTQ formatting done
[M::process] read chunk (19660800 bytes/CG x 1 CGs, 19660820 bytes)...
[M::mem_process_seqs_merge2] CPE FASTQ formatting done
[M::mem_process_seqs_merge2] CPE FASTQ formatting done
slave pre done
now n is 103478
processed 103478
[M::mem_process_seqs_merge2] Processed 103478 reads in 0.080 CPU sec, 5.209 real sec
[M::process] read chunk (19660800 bytes/CG x 1 CGs, 19660820 bytes)...
[M::mem_process_seqs_merge2] CPE FASTQ formatting done
slave pre done
now n is 104580
processed 104580
[M::mem_process_seqs_merge2] Processed 104580 reads in 0.230 CPU sec, 5.140 real sec
slave pre done
now n is 103478
processed 103478
[M::mem_process_seqs_merge2] Processed 103478 reads in 0.070 CPU sec, 4.904 real sec
slave pre done
now n is 103476
processed 103476
[M::mem_process_seqs_merge2] Processed 103476 reads in 0.080 CPU sec, 5.267 real sec
slave pre done
now n is 104630
processed 104630
[M::mem_process_seqs_merge2] Processed 104630 reads in 0.100 CPU sec, 6.636 real sec
[M::process] read chunk (19660800 bytes/CG x 1 CGs, 19660820 bytes)...
[M::process] read chunk (19660800 bytes/CG x 1 CGs, 19660820 bytes)...
slave pre done
now n is 104578
slave pre done
now n is 103478
[M::process] read chunk (19660800 bytes/CG x 1 CGs, 19660820 bytes)...
processed 104578
[M::mem_process_seqs_merge2] Processed 104578 reads in 0.150 CPU sec, 5.922 real sec
processed 103478
[M::mem_process_seqs_merge2] Processed 103478 reads in 0.090 CPU sec, 5.232 real sec
[M::process] read chunk (19660800 bytes/CG x 1 CGs, 19660820 bytes)...
slave pre done
now n is 103478
processed 103478
[M::mem_process_seqs_merge2] Processed 103478 reads in 0.080 CPU sec, 5.195 real sec
slave pre done
now n is 103478
processed 103478
[M::mem_process_seqs_merge2] Processed 103478 reads in 0.150 CPU sec, 5.037 real sec
[M::process] read chunk (19660800 bytes/CG x 1 CGs, 19660820 bytes)...
[M::process] read chunk (19660800 bytes/CG x 1 CGs, 19660820 bytes)...
[M::mem_process_seqs_merge2] CPE FASTQ formatting done
[M::process] read chunk (19660800 bytes/CG x 1 CGs, 19660820 bytes)...
[M::mem_process_seqs_merge2] CPE FASTQ formatting done
[M::process] read chunk (19660800 bytes/CG x 1 CGs, 19660820 bytes)...
slave pre done
now n is 104578
processed 104578
[M::mem_process_seqs_merge2] Processed 104578 reads in 0.150 CPU sec, 6.233 real sec
[M::mem_process_seqs_merge2] CPE FASTQ formatting done
[M::mem_process_seqs_merge2] CPE FASTQ formatting done
[M::mem_process_seqs_merge2] CPE FASTQ formatting done
[M::mem_process_seqs_merge2] CPE FASTQ formatting done
[M::process] read chunk (19660800 bytes/CG x 1 CGs, 19660820 bytes)...
slave pre done
now n is 103478
processed 103478
[M::mem_process_seqs_merge2] Processed 103478 reads in 0.130 CPU sec, 5.092 real sec
[M::mem_process_seqs_merge2] CPE FASTQ formatting done
[M::mem_process_seqs_merge2] CPE FASTQ formatting done
[M::process] read chunk (19660800 bytes/CG x 1 CGs, 19660820 bytes)...
slave pre done
now n is 103478
processed 103478
[M::mem_process_seqs_merge2] Processed 103478 reads in 0.170 CPU sec, 4.905 real sec
[M::mem_process_seqs_merge2] CPE FASTQ formatting done
[M::process] read chunk (19660800 bytes/CG x 1 CGs, 19660820 bytes)...
[M::mem_process_seqs_merge2] CPE FASTQ formatting done
[M::mem_process_seqs_merge2] CPE FASTQ formatting done
slave pre done
now n is 103478
processed 103478
[M::mem_process_seqs_merge2] Processed 103478 reads in 0.230 CPU sec, 5.103 real sec
slave pre done
now n is 103478
processed 103478
[M::mem_process_seqs_merge2] Processed 103478 reads in 0.080 CPU sec, 5.137 real sec
slave pre done
now n is 103478
processed 103478
[M::mem_process_seqs_merge2] Processed 103478 reads in 0.130 CPU sec, 5.033 real sec
[M::process] read chunk (19660800 bytes/CG x 1 CGs, 19660820 bytes)...
slave pre done
now n is 103478
processed 103478
[M::mem_process_seqs_merge2] Processed 103478 reads in 0.370 CPU sec, 5.094 real sec
slave pre done
now n is 103478
[M::process] read chunk (19660800 bytes/CG x 1 CGs, 19660820 bytes)...
processed 103478
[M::mem_process_seqs_merge2] Processed 103478 reads in 0.080 CPU sec, 5.146 real sec
slave pre done
now n is 103478
[M::process] read chunk (19660800 bytes/CG x 1 CGs, 19660820 bytes)...
processed 103478
[M::mem_process_seqs_merge2] Processed 103478 reads in 0.110 CPU sec, 4.936 real sec
[M::process] read chunk (19660800 bytes/CG x 1 CGs, 19660820 bytes)...
[M::process] read chunk (19660800 bytes/CG x 1 CGs, 19660820 bytes)...
[M::process] read chunk (19660800 bytes/CG x 1 CGs, 19660820 bytes)...
slave pre done
now n is 103478
processed 103478
slave pre done
now n is 103478
[M::mem_process_seqs_merge2] Processed 103478 reads in 0.110 CPU sec, 5.109 real sec
processed 103478
[M::mem_process_seqs_merge2] Processed 103478 reads in 0.120 CPU sec, 4.872 real sec
slave pre done
now n is 104578
processed 104578
[M::mem_process_seqs_merge2] Processed 104578 reads in 0.220 CPU sec, 5.263 real sec
slave pre done
now n is 103478
processed 103478
[M::mem_process_seqs_merge2] Processed 103478 reads in 0.190 CPU sec, 5.273 real sec
[M::mem_process_seqs_merge2] CPE FASTQ formatting done
[M::mem_process_seqs_merge2] CPE FASTQ formatting done
[M::process] read chunk (19660800 bytes/CG x 1 CGs, 19660820 bytes)...
[M::process] read chunk (19660800 bytes/CG x 1 CGs, 19660820 bytes)...
[M::process] read chunk (19660800 bytes/CG x 1 CGs, 19660820 bytes)...
[M::mem_process_seqs_merge2] CPE FASTQ formatting done
[M::mem_process_seqs_merge2] CPE FASTQ formatting done
[M::process] read chunk (19660800 bytes/CG x 1 CGs, 19660820 bytes)...
slave pre done
now n is 103478
processed 103478
[M::mem_process_seqs_merge2] Processed 103478 reads in 0.190 CPU sec, 5.120 real sec
[M::mem_process_seqs_merge2] CPE FASTQ formatting done
[M::mem_process_seqs_merge2] CPE FASTQ formatting done
[M::mem_process_seqs_merge2] CPE FASTQ formatting done
slave pre done
now n is 103478
processed 103478
[M::mem_process_seqs_merge2] Processed 103478 reads in 0.200 CPU sec, 4.996 real sec
[M::process] read chunk (19660800 bytes/CG x 1 CGs, 19660820 bytes)...
[M::process] read chunk (19660800 bytes/CG x 1 CGs, 19660820 bytes)...
[M::mem_process_seqs_merge2] CPE FASTQ formatting done
[M::mem_process_seqs_merge2] CPE FASTQ formatting done
[M::mem_process_seqs_merge2] CPE FASTQ formatting done
[M::mem_process_seqs_merge2] CPE FASTQ formatting done
slave pre done
now n is 103478
[M::mem_process_seqs_merge2] CPE FASTQ formatting done
processed 103478
[M::mem_process_seqs_merge2] Processed 103478 reads in 0.080 CPU sec, 5.045 real sec
[M::process] read chunk (19660800 bytes/CG x 1 CGs, 19660820 bytes)...
[M::mem_process_seqs_merge2] CPE FASTQ formatting done
slave pre done
now n is 103478
processed 103478
[M::mem_process_seqs_merge2] Processed 103478 reads in 0.150 CPU sec, 4.964 real sec
[M::process] read chunk (19660800 bytes/CG x 1 CGs, 19660820 bytes)...
slave pre done
now n is 103478
processed 103478
[M::mem_process_seqs_merge2] Processed 103478 reads in 0.120 CPU sec, 4.895 real sec
slave pre done
now n is 103478
processed 103478
[M::mem_process_seqs_merge2] Processed 103478 reads in 0.180 CPU sec, 5.195 real sec
[M::process] read chunk (19660800 bytes/CG x 1 CGs, 19660820 bytes)...
slave pre done
now n is 103478
processed 103478
[M::mem_process_seqs_merge2] Processed 103478 reads in 0.130 CPU sec, 5.092 real sec
slave pre done
now n is 103478
processed 103478
[M::mem_process_seqs_merge2] Processed 103478 reads in 0.120 CPU sec, 5.144 real sec
[M::process] read chunk (19660800 bytes/CG x 1 CGs, 19660820 bytes)...
[M::mem_process_seqs_merge2] CPE FASTQ formatting done
slave pre done
now n is 103478
slave pre done
now n is 103478
processed 103478
[M::mem_process_seqs_merge2] Processed 103478 reads in 0.150 CPU sec, 4.967 real sec
processed 103478
[M::mem_process_seqs_merge2] Processed 103478 reads in 0.140 CPU sec, 5.221 real sec
[M::process] read chunk (19660800 bytes/CG x 1 CGs, 19660820 bytes)...
[M::process] read chunk (19660800 bytes/CG x 1 CGs, 19660820 bytes)...
[M::process] read chunk (19660800 bytes/CG x 1 CGs, 19660440 bytes)...
[M::mem_process_seqs_merge2] CPE FASTQ formatting done
[M::process] read chunk (19660800 bytes/CG x 1 CGs, 19660820 bytes)...
slave pre done
slave pre done
now n is 103478
now n is 103478
processed 103478
processed 103478
[M::mem_process_seqs_merge2] Processed 103478 reads in 0.080 CPU sec, 4.999 real sec
[M::mem_process_seqs_merge2] CPE FASTQ formatting done
[M::mem_process_seqs_merge2] Processed 103478 reads in 0.160 CPU sec, 5.368 real sec
[M::process] read chunk (19660800 bytes/CG x 1 CGs, 19660440 bytes)...
[M::process] read chunk (19660800 bytes/CG x 1 CGs, 19660820 bytes)...
[M::mem_process_seqs_merge2] CPE FASTQ formatting done
slave pre done
now n is 103478
processed 103478
[M::mem_process_seqs_merge2] Processed 103478 reads in 0.150 CPU sec, 5.102 real sec
[M::mem_process_seqs_merge2] CPE FASTQ formatting done
[M::mem_process_seqs_merge2] CPE FASTQ formatting done
slave pre done
now n is 103478
processed 103478
[M::mem_process_seqs_merge2] Processed 103478 reads in 0.140 CPU sec, 5.082 real sec
[M::process] read chunk (19660800 bytes/CG x 1 CGs, 19660820 bytes)...
[M::mem_process_seqs_merge2] CPE FASTQ formatting done
[M::mem_process_seqs_merge2] CPE FASTQ formatting done
[M::mem_process_seqs_merge2] CPE FASTQ formatting done
[M::process] read chunk (19660800 bytes/CG x 1 CGs, 19660820 bytes)...
[M::mem_process_seqs_merge2] CPE FASTQ formatting done
[M::mem_process_seqs_merge2] CPE FASTQ formatting done
slave pre done
now n is 103478
processed 103478
[M::mem_process_seqs_merge2] Processed 103478 reads in 0.200 CPU sec, 5.061 real sec
slave pre done
now n is 103478
processed 103478
[M::mem_process_seqs_merge2] Processed 103478 reads in 0.190 CPU sec, 5.180 real sec
[M::process] read chunk (19660800 bytes/CG x 1 CGs, 19660820 bytes)...
slave pre done
now n is 103478
slave pre done
now n is 103478
processed 103478
[M::mem_process_seqs_merge2] Processed 103478 reads in 0.130 CPU sec, 4.983 real sec
processed 103478
[M::mem_process_seqs_merge2] Processed 103478 reads in 0.120 CPU sec, 4.991 real sec
slave pre done
now n is 103478
slave pre done
now n is 103478
[M::process] read chunk (19660800 bytes/CG x 1 CGs, 19660820 bytes)...
processed 103478
[M::mem_process_seqs_merge2] Processed 103478 reads in 0.110 CPU sec, 5.198 real sec
processed 103478
[M::mem_process_seqs_merge2] Processed 103478 reads in 0.130 CPU sec, 5.008 real sec
[M::process] read chunk (19660800 bytes/CG x 1 CGs, 19660820 bytes)...
[M::process] read chunk (19660800 bytes/CG x 1 CGs, 19660820 bytes)...
[M::process] read chunk (19660800 bytes/CG x 1 CGs, 19660820 bytes)...
[M::process] read chunk (19660800 bytes/CG x 1 CGs, 19660820 bytes)...
[M::mem_process_seqs_merge2] CPE FASTQ formatting done
[M::mem_process_seqs_merge2] CPE FASTQ formatting done
slave pre done
now n is 103478
processed 103478
[M::mem_process_seqs_merge2] Processed 103478 reads in 0.190 CPU sec, 5.763 real sec
slave pre done
now n is 103478
processed 103478
[M::mem_process_seqs_merge2] Processed 103478 reads in 0.240 CPU sec, 4.948 real sec
[M::mem_process_seqs_merge2] CPE FASTQ formatting done
slave pre done
now n is 103478
slave pre done
now n is 103478
processed 103478
[M::mem_process_seqs_merge2] Processed 103478 reads in 0.200 CPU sec, 5.121 real sec
processed 103478
[M::mem_process_seqs_merge2] Processed 103478 reads in 0.220 CPU sec, 5.139 real sec
[M::process] read chunk (19660800 bytes/CG x 1 CGs, 19660820 bytes)...
[M::mem_process_seqs_merge2] CPE FASTQ formatting done
[M::mem_process_seqs_merge2] CPE FASTQ formatting done
slave pre done
now n is 103478
[M::process] read chunk (19660800 bytes/CG x 1 CGs, 19660820 bytes)...
processed 103478
[M::mem_process_seqs_merge2] Processed 103478 reads in 0.180 CPU sec, 5.256 real sec
slave pre done
now n is 103478
processed 103478
[M::mem_process_seqs_merge2] Processed 103478 reads in 0.160 CPU sec, 5.157 real sec
[M::mem_process_seqs_merge2] CPE FASTQ formatting done
[M::process] read chunk (19660800 bytes/CG x 1 CGs, 19660820 bytes)...
[M::process] read chunk (19660800 bytes/CG x 1 CGs, 19660820 bytes)...
[M::process] read chunk (19660800 bytes/CG x 1 CGs, 19660820 bytes)...
[M::process] read chunk (19660800 bytes/CG x 1 CGs, 19660820 bytes)...
[M::mem_process_seqs_merge2] CPE FASTQ formatting done
[M::mem_process_seqs_merge2] CPE FASTQ formatting done
slave pre done
now n is 103478
processed 103478
[M::mem_process_seqs_merge2] Processed 103478 reads in 0.150 CPU sec, 4.939 real sec
[M::mem_process_seqs_merge2] CPE FASTQ formatting done
[M::process] read chunk (19660800 bytes/CG x 1 CGs, 19660440 bytes)...
[M::mem_process_seqs_merge2] CPE FASTQ formatting done
[M::mem_process_seqs_merge2] CPE FASTQ formatting done
[M::mem_process_seqs_merge2] CPE FASTQ formatting done
[M::mem_process_seqs_merge2] CPE FASTQ formatting done
slave pre done
now n is 103478
processed 103478
[M::mem_process_seqs_merge2] Processed 103478 reads in 0.170 CPU sec, 5.102 real sec
slave pre done
now n is 103478
[M::process] read chunk (19660800 bytes/CG x 1 CGs, 19660820 bytes)...
processed 103478
[M::mem_process_seqs_merge2] Processed 103478 reads in 0.120 CPU sec, 5.059 real sec
[M::process] read chunk (19660800 bytes/CG x 1 CGs, 19660820 bytes)...
slave pre done
now n is 103478
processed 103478
[M::mem_process_seqs_merge2] Processed 103478 reads in 0.100 CPU sec, 4.964 real sec
slave pre done
now n is 103478
processed 103478
[M::mem_process_seqs_merge2] Processed 103478 reads in 0.150 CPU sec, 5.440 real sec
slave pre done
now n is 103478
[M::mem_process_seqs_merge2] CPE FASTQ formatting done
processed 103478
[M::mem_process_seqs_merge2] Processed 103478 reads in 0.210 CPU sec, 5.004 real sec
slave pre done
now n is 103478
processed 103478
[M::mem_process_seqs_merge2] Processed 103478 reads in 0.150 CPU sec, 4.985 real sec
[M::process] read chunk (19660800 bytes/CG x 1 CGs, 19660820 bytes)...
slave pre done
now n is 103478
processed 103478
[M::mem_process_seqs_merge2] Processed 103478 reads in 0.110 CPU sec, 4.899 real sec
[M::process] read chunk (19660800 bytes/CG x 1 CGs, 19660820 bytes)...
[M::mem_process_seqs_merge2] CPE FASTQ formatting done
[M::process] read chunk (19660800 bytes/CG x 1 CGs, 19660820 bytes)...
slave pre done
now n is 103476
processed 103476
[M::mem_process_seqs_merge2] Processed 103476 reads in 0.170 CPU sec, 5.113 real sec
[M::process] read chunk (19660800 bytes/CG x 1 CGs, 19660440 bytes)...
slave pre done
now n is 103476
processed 103476
[M::mem_process_seqs_merge2] Processed 103476 reads in 0.120 CPU sec, 5.192 real sec
[M::process] read chunk (19660800 bytes/CG x 1 CGs, 19660820 bytes)...
[M::mem_process_seqs_merge2] CPE FASTQ formatting done
[M::process] read chunk (19660800 bytes/CG x 1 CGs, 4915300 bytes)...
[M::process] read chunk (19660800 bytes/CG x 1 CGs, 19660820 bytes)...
[M::mem_process_seqs_merge2] CPE FASTQ formatting done
[M::mem_process_seqs_merge2] CPE FASTQ formatting done
slave pre done
now n is 103478
processed 103478
[M::mem_process_seqs_merge2] Processed 103478 reads in 0.190 CPU sec, 5.090 real sec
[M::mem_process_seqs_merge2] CPE FASTQ formatting done
slave pre done
now n is 103478
processed 103478
[M::mem_process_seqs_merge2] Processed 103478 reads in 0.180 CPU sec, 5.022 real sec
[M::mem_process_seqs_merge2] CPE FASTQ formatting done
[M::process] read chunk (19660800 bytes/CG x 1 CGs, 19660820 bytes)...
[M::mem_process_seqs_merge2] CPE FASTQ formatting done
[M::process] read chunk (19660800 bytes/CG x 1 CGs, 19660820 bytes)...
[M::mem_process_seqs_merge2] CPE FASTQ formatting done
[M::mem_process_seqs_merge2] CPE FASTQ formatting done
[M::mem_process_seqs_merge2] CPE FASTQ formatting done
slave pre done
now n is 103478
processed 103478
[M::mem_process_seqs_merge2] Processed 103478 reads in 0.130 CPU sec, 4.974 real sec
slave pre done
now n is 103478
processed 103478
[M::mem_process_seqs_merge2] Processed 103478 reads in 0.160 CPU sec, 5.234 real sec
[M::process] read chunk (19660800 bytes/CG x 1 CGs, 19660820 bytes)...
[M::process] read chunk (19660800 bytes/CG x 1 CGs, 19660820 bytes)...
slave pre done
now n is 103478
slave pre done
now n is 25870
processed 103478
[M::mem_process_seqs_merge2] Processed 103478 reads in 0.090 CPU sec, 5.158 real sec
processed 25870
[M::mem_process_seqs_merge2] Processed 25870 reads in 0.050 CPU sec, 1.449 real sec
slave pre done
now n is 103478
processed 103478
[M::mem_process_seqs_merge2] Processed 103478 reads in 0.210 CPU sec, 4.989 real sec
[M::process] read chunk (19660800 bytes/CG x 1 CGs, 4914920 bytes)...
slave pre done
now n is 103478
slave pre done
now n is 103478
processed 103478
[M::mem_process_seqs_merge2] Processed 103478 reads in 0.160 CPU sec, 4.984 real sec
processed 103478
[M::mem_process_seqs_merge2] Processed 103478 reads in 0.150 CPU sec, 5.073 real sec
[M::mem_process_seqs_merge2] CPE FASTQ formatting done
[M::process] read chunk (19660800 bytes/CG x 1 CGs, 19660820 bytes)...
[M::mem_process_seqs_merge2] CPE FASTQ formatting done
[M::process] read chunk (19660800 bytes/CG x 1 CGs, 19660820 bytes)...
[M::process] read chunk (19660800 bytes/CG x 1 CGs, 4915300 bytes)...
[M::process] read chunk (19660800 bytes/CG x 1 CGs, 19660820 bytes)...
[M::mem_process_seqs_merge2] CPE FASTQ formatting done
slave pre done
now n is 103478
processed 103478
[M::mem_process_seqs_merge2] Processed 103478 reads in 0.090 CPU sec, 5.020 real sec
slave pre done
now n is 103478
processed 103478
[M::mem_process_seqs_merge2] Processed 103478 reads in 0.100 CPU sec, 5.038 real sec
[M::mem_process_seqs_merge2] CPE FASTQ formatting done
[M::mem_process_seqs_merge2] CPE FASTQ formatting done
[M::process] read chunk (19660800 bytes/CG x 1 CGs, 4915300 bytes)...
slave pre done
now n is 103478
processed 103478
[M::mem_process_seqs_merge2] Processed 103478 reads in 0.180 CPU sec, 5.070 real sec
[M::process] read chunk (19660800 bytes/CG x 1 CGs, 19660820 bytes)...
[M::mem_process_seqs_merge2] CPE FASTQ formatting done
[M::process] read chunk (19660800 bytes/CG x 1 CGs, 4915300 bytes)...
[M::mem_process_seqs_merge2] CPE FASTQ formatting done
slave pre done
now n is 103478
[M::mem_process_seqs_merge2] CPE FASTQ formatting done
processed 103478
[M::mem_process_seqs_merge2] Processed 103478 reads in 0.100 CPU sec, 5.139 real sec
slave pre done
now n is 103478
processed 103478
[M::mem_process_seqs_merge2] Processed 103478 reads in 0.160 CPU sec, 4.992 real sec
[M::mem_process_seqs_merge2] CPE FASTQ formatting done
slave pre done
now n is 103476
slave pre done
now n is 103478
processed 103476
[M::mem_process_seqs_merge2] Processed 103476 reads in 0.180 CPU sec, 5.122 real sec
processed 103478
[M::mem_process_seqs_merge2] Processed 103478 reads in 0.100 CPU sec, 5.254 real sec
[M::process] read chunk (19660800 bytes/CG x 1 CGs, 19660820 bytes)...
[M::mem_process_seqs_merge2] CPE FASTQ formatting done
slave pre done
now n is 25868
processed 25868
[M::mem_process_seqs_merge2] Processed 25868 reads in 0.070 CPU sec, 1.451 real sec
[M::process] read chunk (19660800 bytes/CG x 1 CGs, 19660820 bytes)...
[M::process] read chunk (19660800 bytes/CG x 1 CGs, 19660820 bytes)...
[M::process] read chunk (19660800 bytes/CG x 1 CGs, 4915300 bytes)...
[M::process] read chunk (19660800 bytes/CG x 1 CGs, 19660820 bytes)...
[M::mem_process_seqs_merge2] CPE FASTQ formatting done
slave pre done
now n is 25870
processed 25870
[M::mem_process_seqs_merge2] Processed 25870 reads in 0.040 CPU sec, 1.379 real sec
[M::mem_process_seqs_merge2] CPE FASTQ formatting done
[M::process] read chunk (19660800 bytes/CG x 1 CGs, 4914920 bytes)...
[M::mem_process_seqs_merge2] CPE FASTQ formatting done
[M::mem_process_seqs_merge2] CPE FASTQ formatting done
slave pre done
now n is 25870
processed 25870
[M::mem_process_seqs_merge2] Processed 25870 reads in 0.050 CPU sec, 1.432 real sec
[M::process] read chunk (19660800 bytes/CG x 1 CGs, 4914920 bytes)...
[M::mem_process_seqs_merge2] CPE FASTQ formatting done
[M::mem_process_seqs_merge2] CPE FASTQ formatting done
[M::mem_process_seqs_merge2] CPE FASTQ formatting done
slave pre done
now n is 103478
slave pre done
now n is 103478
processed 103478
processed 103478
[M::mem_process_seqs_merge2] Processed 103478 reads in 0.130 CPU sec, 5.047 real sec
[M::mem_process_seqs_merge2] Processed 103478 reads in 0.160 CPU sec, 5.218 real sec
slave pre done
now n is 25870
processed 25870
[M::mem_process_seqs_merge2] Processed 25870 reads in 0.040 CPU sec, 1.621 real sec
[M::process] read chunk (19660800 bytes/CG x 1 CGs, 4915300 bytes)...
[M::process] read chunk (19660800 bytes/CG x 1 CGs, 19660820 bytes)...
[M::process] read chunk (19660800 bytes/CG x 1 CGs, 19660820 bytes)...
[M::mem_process_seqs_merge2] CPE FASTQ formatting done
slave pre done
now n is 103478
processed 103478
[M::mem_process_seqs_merge2] Processed 103478 reads in 0.240 CPU sec, 5.076 real sec
slave pre done
now n is 25870
processed 25870
[M::mem_process_seqs_merge2] Processed 25870 reads in 0.030 CPU sec, 1.464 real sec
[M::process] read chunk (19660800 bytes/CG x 1 CGs, 4915300 bytes)...
[M::mem_process_seqs_merge2] CPE FASTQ formatting done
[M::process] read chunk (19660800 bytes/CG x 1 CGs, 19660820 bytes)...
slave pre done
now n is 103476
processed 103476
[M::mem_process_seqs_merge2] Processed 103476 reads in 0.150 CPU sec, 4.902 real sec
slave pre done
now n is 25868
processed 25868
[M::mem_process_seqs_merge2] Processed 25868 reads in 0.040 CPU sec, 1.370 real sec
slave pre done
now n is 103478
processed 103478
[M::mem_process_seqs_merge2] Processed 103478 reads in 0.200 CPU sec, 5.248 real sec
[M::process] read chunk (19660800 bytes/CG x 1 CGs, 4915300 bytes)...
[M::mem_process_seqs_merge2] CPE FASTQ formatting done
slave pre done
now n is 103478
[M::mem_process_seqs_merge2] CPE FASTQ formatting done
[M::mem_process_seqs_merge2] CPE FASTQ formatting done
[M::process] read chunk (19660800 bytes/CG x 1 CGs, 4915300 bytes)...
processed 103478
[M::mem_process_seqs_merge2] Processed 103478 reads in 0.130 CPU sec, 5.448 real sec
slave pre done
now n is 103478
processed 103478
[M::mem_process_seqs_merge2] Processed 103478 reads in 0.090 CPU sec, 5.106 real sec
[M::mem_process_seqs_merge2] CPE FASTQ formatting done
[M::process] read chunk (19660800 bytes/CG x 1 CGs, 4915300 bytes)...
slave pre done
now n is 103478
processed 103478
[M::mem_process_seqs_merge2] Processed 103478 reads in 0.170 CPU sec, 5.077 real sec
slave pre done
now n is 25868
processed 25868
[M::mem_process_seqs_merge2] Processed 25868 reads in 0.030 CPU sec, 1.428 real sec
[M::mem_process_seqs_merge2] CPE FASTQ formatting done
[M::process] read chunk (19660800 bytes/CG x 1 CGs, 4915300 bytes)...
[M::process] read chunk (19660800 bytes/CG x 1 CGs, 4915300 bytes)...
[M::process] read chunk (19660800 bytes/CG x 1 CGs, 19660820 bytes)...
[M::mem_process_seqs_merge2] CPE FASTQ formatting done
[M::mem_process_seqs_merge2] CPE FASTQ formatting done
slave pre done
now n is 103478
[M::mem_process_seqs_merge2] CPE FASTQ formatting done
[M::process] read chunk (19660800 bytes/CG x 1 CGs, 4914920 bytes)...
processed 103478
[M::mem_process_seqs_merge2] Processed 103478 reads in 0.140 CPU sec, 5.057 real sec
[M::mem_process_seqs_merge2] CPE FASTQ formatting done
slave pre done
now n is 103478
processed 103478
[M::mem_process_seqs_merge2] Processed 103478 reads in 0.130 CPU sec, 5.142 real sec
[M::process] read chunk (19660800 bytes/CG x 1 CGs, 4915300 bytes)...
[M::mem_process_seqs_merge2] CPE FASTQ formatting done
slave pre done
now n is 25870
processed 25870
[M::mem_process_seqs_merge2] Processed 25870 reads in 0.070 CPU sec, 1.466 real sec
[M::mem_process_seqs_merge2] CPE FASTQ formatting done
[M::process] read chunk (19660800 bytes/CG x 1 CGs, 4915300 bytes)...
[M::process] read chunk (19660800 bytes/CG x 1 CGs, 4914920 bytes)...
slave pre done
now n is 25870
processed 25870
[M::mem_process_seqs_merge2] Processed 25870 reads in 0.050 CPU sec, 1.372 real sec
[M::process] read chunk (19660800 bytes/CG x 1 CGs, 4914920 bytes)...
[M::mem_process_seqs_merge2] CPE FASTQ formatting done
[M::mem_process_seqs_merge2] CPE FASTQ formatting done
[M::mem_process_seqs_merge2] CPE FASTQ formatting done
slave pre done
now n is 25870
slave pre done
now n is 103478
processed 25870
[M::mem_process_seqs_merge2] Processed 25870 reads in 0.030 CPU sec, 1.353 real sec
processed 103478
[M::mem_process_seqs_merge2] Processed 103478 reads in 1.070 CPU sec, 5.043 real sec
[M::process] read chunk (19660800 bytes/CG x 1 CGs, 4915300 bytes)...
[M::mem_process_seqs_merge2] CPE FASTQ formatting done
slave pre done
now n is 103478
[M::process] read chunk (19660800 bytes/CG x 1 CGs, 4915300 bytes)...
processed 103478
[M::mem_process_seqs_merge2] Processed 103478 reads in 0.160 CPU sec, 5.043 real sec
slave pre done
now n is 25870
processed 25870
[M::mem_process_seqs_merge2] Processed 25870 reads in 0.100 CPU sec, 1.409 real sec
[M::process] read chunk (19660800 bytes/CG x 1 CGs, 4915300 bytes)...
slave pre done
now n is 25870
[M::mem_process_seqs_merge2] CPE FASTQ formatting done
processed 25870
[M::mem_process_seqs_merge2] Processed 25870 reads in 0.040 CPU sec, 1.391 real sec
slave pre done
now n is 25870
processed 25870
[M::mem_process_seqs_merge2] Processed 25870 reads in 0.010 CPU sec, 1.387 real sec
slave pre done
now n is 25870
[M::process] read chunk (19660800 bytes/CG x 1 CGs, 4915300 bytes)...
processed 25870
[M::mem_process_seqs_merge2] Processed 25870 reads in 0.060 CPU sec, 1.434 real sec
[M::process] read chunk (19660800 bytes/CG x 1 CGs, 4915300 bytes)...
[M::process] read chunk (19660800 bytes/CG x 1 CGs, 4914920 bytes)...
slave pre done
now n is 25868
processed 25868
[M::mem_process_seqs_merge2] Processed 25868 reads in 0.050 CPU sec, 1.377 real sec
[M::process] read chunk (19660800 bytes/CG x 1 CGs, 4915300 bytes)...
[M::mem_process_seqs_merge2] CPE FASTQ formatting done
[M::process] read chunk (19660800 bytes/CG x 1 CGs, 4915300 bytes)...
[M::mem_process_seqs_merge2] CPE FASTQ formatting done
[M::mem_process_seqs_merge2] CPE FASTQ formatting done
[M::mem_process_seqs_merge2] CPE FASTQ formatting done
[M::mem_process_seqs_merge2] CPE FASTQ formatting done
slave pre done
now n is 103478
[M::mem_process_seqs_merge2] CPE FASTQ formatting done
processed 103478
[M::mem_process_seqs_merge2] Processed 103478 reads in 0.110 CPU sec, 5.344 real sec
slave pre done
now n is 25870
processed 25870
[M::mem_process_seqs_merge2] Processed 25870 reads in 0.080 CPU sec, 1.483 real sec
slave pre done
now n is 103478
processed 103478
[M::mem_process_seqs_merge2] Processed 103478 reads in 0.170 CPU sec, 5.046 real sec
[M::process] read chunk (19660800 bytes/CG x 1 CGs, 4914920 bytes)...
slave pre done
now n is 25870
processed 25870
[M::mem_process_seqs_merge2] Processed 25870 reads in 0.030 CPU sec, 1.371 real sec
slave pre done
now n is 103478
[M::process] read chunk (19660800 bytes/CG x 1 CGs, 4914920 bytes)...
processed 103478
[M::mem_process_seqs_merge2] Processed 103478 reads in 0.170 CPU sec, 5.118 real sec
[M::mem_process_seqs_merge2] CPE FASTQ formatting done
slave pre done
now n is 103478
slave pre done
now n is 25868
[M::process] read chunk (19660800 bytes/CG x 1 CGs, 4915300 bytes)...
processed 25868
[M::mem_process_seqs_merge2] Processed 25868 reads in 0.040 CPU sec, 1.372 real sec
processed 103478
[M::mem_process_seqs_merge2] Processed 103478 reads in 0.070 CPU sec, 4.834 real sec
slave pre done
now n is 25868
[M::process] read chunk (19660800 bytes/CG x 1 CGs, 4915300 bytes)...
processed 25868
[M::mem_process_seqs_merge2] Processed 25868 reads in 0.030 CPU sec, 1.428 real sec
[M::process] read chunk (19660800 bytes/CG x 1 CGs, 4915300 bytes)...
[M::mem_process_seqs_merge2] CPE FASTQ formatting done
[M::mem_process_seqs_merge2] CPE FASTQ formatting done
[M::process] read chunk (19660800 bytes/CG x 1 CGs, 4915300 bytes)...
[M::mem_process_seqs_merge2] CPE FASTQ formatting done
[M::process] read chunk (19660800 bytes/CG x 1 CGs, 4915300 bytes)...
[M::process] read chunk (19660800 bytes/CG x 1 CGs, 4915300 bytes)...
[M::mem_process_seqs_merge2] CPE FASTQ formatting done
slave pre done
now n is 25870
processed 25870
[M::mem_process_seqs_merge2] Processed 25870 reads in 0.060 CPU sec, 1.383 real sec
[M::mem_process_seqs_merge2] CPE FASTQ formatting done
[M::process] read chunk (19660800 bytes/CG x 1 CGs, 4914920 bytes)...
[M::mem_process_seqs_merge2] CPE FASTQ formatting done
[M::mem_process_seqs_merge2] CPE FASTQ formatting done
slave pre done
now n is 25870
[M::mem_process_seqs_merge2] CPE FASTQ formatting done
processed 25870
[M::mem_process_seqs_merge2] Processed 25870 reads in 0.160 CPU sec, 1.451 real sec
slave pre done
now n is 103478
processed 103478
[M::mem_process_seqs_merge2] Processed 103478 reads in 0.100 CPU sec, 4.913 real sec
[M::process] read chunk (19660800 bytes/CG x 1 CGs, 4915300 bytes)...
slave pre done
now n is 25870
processed 25870
[M::mem_process_seqs_merge2] Processed 25870 reads in 0.040 CPU sec, 1.304 real sec
[M::mem_process_seqs_merge2] CPE FASTQ formatting done
[M::process] read chunk (19660800 bytes/CG x 1 CGs, 4914920 bytes)...
slave pre done
now n is 103478
processed 103478
[M::mem_process_seqs_merge2] Processed 103478 reads in 0.130 CPU sec, 5.041 real sec
[M::process] read chunk (19660800 bytes/CG x 1 CGs, 4915300 bytes)...
slave pre done
now n is 25868
processed 25868
[M::mem_process_seqs_merge2] Processed 25868 reads in 0.030 CPU sec, 1.434 real sec
[M::mem_process_seqs_merge2] CPE FASTQ formatting done
[M::process] read chunk (19660800 bytes/CG x 1 CGs, 4915300 bytes)...
slave pre done
now n is 25870
processed 25870
[M::mem_process_seqs_merge2] Processed 25870 reads in 0.060 CPU sec, 1.550 real sec
slave pre done
now n is 25870
processed 25870
[M::mem_process_seqs_merge2] Processed 25870 reads in 0.060 CPU sec, 1.457 real sec
slave pre done
now n is 25870
slave pre done
now n is 25870
processed 25870
[M::mem_process_seqs_merge2] Processed 25870 reads in 0.040 CPU sec, 1.538 real sec
processed 25870
[M::mem_process_seqs_merge2] Processed 25870 reads in 0.040 CPU sec, 1.437 real sec
[M::mem_process_seqs_merge2] CPE FASTQ formatting done
[M::process] read chunk (19660800 bytes/CG x 1 CGs, 4915300 bytes)...
[M::process] read chunk (19660800 bytes/CG x 1 CGs, 4915300 bytes)...
[M::process] read chunk (19660800 bytes/CG x 1 CGs, 4915300 bytes)...
[M::process] read chunk (19660800 bytes/CG x 1 CGs, 4914920 bytes)...
[M::mem_process_seqs_merge2] CPE FASTQ formatting done
[M::process] read chunk (19660800 bytes/CG x 1 CGs, 4915300 bytes)...
slave pre done
now n is 103478
processed 103478
[M::mem_process_seqs_merge2] Processed 103478 reads in 0.130 CPU sec, 5.130 real sec
slave pre done
now n is 103478
processed 103478
[M::mem_process_seqs_merge2] Processed 103478 reads in 0.190 CPU sec, 5.130 real sec
[M::mem_process_seqs_merge2] CPE FASTQ formatting done
[M::mem_process_seqs_merge2] CPE FASTQ formatting done
[M::mem_process_seqs_merge2] CPE FASTQ formatting done
[M::mem_process_seqs_merge2] CPE FASTQ formatting done
[M::mem_process_seqs_merge2] CPE FASTQ formatting done
slave pre done
now n is 25868
processed 25868
[M::mem_process_seqs_merge2] Processed 25868 reads in 0.100 CPU sec, 1.532 real sec
slave pre done
now n is 25870
processed 25870
[M::mem_process_seqs_merge2] Processed 25870 reads in 0.030 CPU sec, 1.312 real sec
slave pre done
now n is 25868
processed 25868
[M::mem_process_seqs_merge2] Processed 25868 reads in 0.060 CPU sec, 1.441 real sec
slave pre done
now n is 25870
processed 25870
[M::mem_process_seqs_merge2] Processed 25870 reads in 0.030 CPU sec, 1.434 real sec
[M::process] read chunk (19660800 bytes/CG x 1 CGs, 4915300 bytes)...
[M::process] read chunk (19660800 bytes/CG x 1 CGs, 19660820 bytes)...
[M::process] read chunk (19660800 bytes/CG x 1 CGs, 4915300 bytes)...
[M::process] read chunk (19660800 bytes/CG x 1 CGs, 4915300 bytes)...
[M::process] read chunk (19660800 bytes/CG x 1 CGs, 4915300 bytes)...
[M::process] read chunk (19660800 bytes/CG x 1 CGs, 4914920 bytes)...
[M::mem_process_seqs_merge2] CPE FASTQ formatting done
[M::mem_process_seqs_merge2] CPE FASTQ formatting done
slave pre done
now n is 25870
processed 25870
[M::mem_process_seqs_merge2] Processed 25870 reads in 0.040 CPU sec, 1.546 real sec
slave pre done
now n is 25870
[M::mem_process_seqs_merge2] CPE FASTQ formatting done
processed 25870
[M::mem_process_seqs_merge2] Processed 25870 reads in 0.050 CPU sec, 1.521 real sec
[M::mem_process_seqs_merge2] CPE FASTQ formatting done
[M::mem_process_seqs_merge2] CPE FASTQ formatting done
slave pre done
now n is 25870
slave pre done
now n is 25870
processed 25870
[M::mem_process_seqs_merge2] Processed 25870 reads in 0.050 CPU sec, 1.478 real sec
processed 25870
[M::mem_process_seqs_merge2] Processed 25870 reads in 0.020 CPU sec, 1.429 real sec
[M::process] read chunk (19660800 bytes/CG x 1 CGs, 4915300 bytes)...
[M::process] read chunk (19660800 bytes/CG x 1 CGs, 4915300 bytes)...
slave pre done
now n is 25868
[M::process] read chunk (19660800 bytes/CG x 1 CGs, 4915300 bytes)...
[M::process] read chunk (19660800 bytes/CG x 1 CGs, 4915300 bytes)...
processed 25868
[M::mem_process_seqs_merge2] Processed 25868 reads in 0.020 CPU sec, 1.385 real sec
[M::mem_process_seqs_merge2] CPE FASTQ formatting done
[M::process] read chunk (19660800 bytes/CG x 1 CGs, 4915300 bytes)...
[M::mem_process_seqs_merge2] CPE FASTQ formatting done
slave pre done
now n is 25870
processed 25870
[M::mem_process_seqs_merge2] Processed 25870 reads in 0.090 CPU sec, 1.439 real sec
[M::mem_process_seqs_merge2] CPE FASTQ formatting done
[M::mem_process_seqs_merge2] CPE FASTQ formatting done
[M::process] read chunk (19660800 bytes/CG x 1 CGs, 4915300 bytes)...
slave pre done
now n is 103478
processed 103478
[M::mem_process_seqs_merge2] Processed 103478 reads in 0.090 CPU sec, 4.931 real sec
[M::mem_process_seqs_merge2] CPE FASTQ formatting done
slave pre done
now n is 103478
processed 103478
[M::mem_process_seqs_merge2] Processed 103478 reads in 0.130 CPU sec, 4.971 real sec
[M::mem_process_seqs_merge2] CPE FASTQ formatting done
[M::mem_process_seqs_merge2] CPE FASTQ formatting done
slave pre done
now n is 25870
slave pre done
now n is 25868
processed 25870
[M::mem_process_seqs_merge2] Processed 25870 reads in 0.050 CPU sec, 1.485 real sec
[M::process] read chunk (19660800 bytes/CG x 1 CGs, 4915300 bytes)...
processed 25868
[M::mem_process_seqs_merge2] Processed 25868 reads in 0.030 CPU sec, 1.653 real sec
[M::process] read chunk (19660800 bytes/CG x 1 CGs, 4914920 bytes)...
[M::process] read chunk (19660800 bytes/CG x 1 CGs, 4915300 bytes)...
[M::process] read chunk (19660800 bytes/CG x 1 CGs, 4915300 bytes)...
slave pre done
now n is 25870
processed 25870
[M::mem_process_seqs_merge2] Processed 25870 reads in 0.080 CPU sec, 1.560 real sec
slave pre done
now n is 25870
processed 25870
[M::mem_process_seqs_merge2] Processed 25870 reads in 0.040 CPU sec, 1.338 real sec
slave pre done
now n is 103478
[M::mem_process_seqs_merge2] CPE FASTQ formatting done
processed 103478
[M::mem_process_seqs_merge2] Processed 103478 reads in 0.130 CPU sec, 5.241 real sec
[M::mem_process_seqs_merge2] CPE FASTQ formatting done
slave pre done
now n is 25870
slave pre done
now n is 25870
[M::process] read chunk (19660800 bytes/CG x 1 CGs, 4914920 bytes)...
processed 25870
[M::mem_process_seqs_merge2] Processed 25870 reads in 0.040 CPU sec, 1.470 real sec
processed 25870
[M::mem_process_seqs_merge2] Processed 25870 reads in 0.050 CPU sec, 1.438 real sec
[M::process] read chunk (19660800 bytes/CG x 1 CGs, 4914920 bytes)...
slave pre done
now n is 25870
processed 25870
[M::mem_process_seqs_merge2] CPE FASTQ formatting done
[M::mem_process_seqs_merge2] Processed 25870 reads in 0.030 CPU sec, 1.529 real sec
[M::process] read chunk (19660800 bytes/CG x 1 CGs, 4914920 bytes)...
[M::process] read chunk (19660800 bytes/CG x 1 CGs, 4915300 bytes)...
[M::mem_process_seqs_merge2] CPE FASTQ formatting done
[M::mem_process_seqs_merge2] CPE FASTQ formatting done
[M::process] read chunk (19660800 bytes/CG x 1 CGs, 4914920 bytes)...
slave pre done
now n is 25868
[M::process] read chunk (19660800 bytes/CG x 1 CGs, 4915300 bytes)...
slave pre done
now n is 25870
processed 25868
[M::mem_process_seqs_merge2] Processed 25868 reads in 0.050 CPU sec, 1.612 real sec
processed 25870
[M::mem_process_seqs_merge2] Processed 25870 reads in 0.030 CPU sec, 1.410 real sec
[M::mem_process_seqs_merge2] CPE FASTQ formatting done
slave pre done
now n is 103478
slave pre done
now n is 25870
processed 103478
[M::mem_process_seqs_merge2] Processed 103478 reads in 0.150 CPU sec, 4.938 real sec
[M::mem_process_seqs_merge2] CPE FASTQ formatting done
processed 25870
[M::mem_process_seqs_merge2] Processed 25870 reads in 0.050 CPU sec, 1.467 real sec
[M::process] read chunk (19660800 bytes/CG x 1 CGs, 4915300 bytes)...
[M::mem_process_seqs_merge2] CPE FASTQ formatting done
[M::process] read chunk (19660800 bytes/CG x 1 CGs, 4915300 bytes)...
[M::mem_process_seqs_merge2] CPE FASTQ formatting done
[M::process] read chunk (19660800 bytes/CG x 1 CGs, 4915300 bytes)...
slave pre done
now n is 25870
[M::mem_process_seqs_merge2] CPE FASTQ formatting done
processed 25870
[M::mem_process_seqs_merge2] Processed 25870 reads in 0.010 CPU sec, 1.394 real sec
[M::mem_process_seqs_merge2] CPE FASTQ formatting done
[M::process] read chunk (19660800 bytes/CG x 1 CGs, 4915300 bytes)...
[M::mem_process_seqs_merge2] CPE FASTQ formatting done
slave pre done
now n is 25868
slave pre done
now n is 25870
processed 25868
[M::mem_process_seqs_merge2] Processed 25868 reads in 0.040 CPU sec, 1.508 real sec
processed 25870
[M::mem_process_seqs_merge2] Processed 25870 reads in 0.070 CPU sec, 1.498 real sec
[M::mem_process_seqs_merge2] CPE FASTQ formatting done
[M::process] read chunk (19660800 bytes/CG x 1 CGs, 4914920 bytes)...
[M::process] read chunk (19660800 bytes/CG x 1 CGs, 4915300 bytes)...
[M::process] read chunk (19660800 bytes/CG x 1 CGs, 4915300 bytes)...
[M::mem_process_seqs_merge2] CPE FASTQ formatting done
slave pre done
now n is 25870
processed 25870
[M::mem_process_seqs_merge2] Processed 25870 reads in 0.040 CPU sec, 1.440 real sec
slave pre done
now n is 25870
processed 25870
[M::mem_process_seqs_merge2] Processed 25870 reads in 0.080 CPU sec, 1.376 real sec
[M::process] read chunk (19660800 bytes/CG x 1 CGs, 4915300 bytes)...
[M::mem_process_seqs_merge2] CPE FASTQ formatting done
[M::mem_process_seqs_merge2] CPE FASTQ formatting done
[M::process] read chunk (19660800 bytes/CG x 1 CGs, 4915300 bytes)...
[M::mem_process_seqs_merge2] CPE FASTQ formatting done
slave pre done
now n is 25870
slave pre done
now n is 25870
processed 25870
[M::mem_process_seqs_merge2] Processed 25870 reads in 0.050 CPU sec, 1.427 real sec
processed 25870
[M::mem_process_seqs_merge2] Processed 25870 reads in 0.030 CPU sec, 1.534 real sec
[M::mem_process_seqs_merge2] CPE FASTQ formatting done
[M::mem_process_seqs_merge2] CPE FASTQ formatting done
[M::process] read chunk (19660800 bytes/CG x 1 CGs, 4914920 bytes)...
[M::process] read chunk (19660800 bytes/CG x 1 CGs, 4914920 bytes)...
slave pre done
now n is 25870
slave pre done
now n is 25870
processed 25870
[M::mem_process_seqs_merge2] Processed 25870 reads in 0.040 CPU sec, 1.524 real sec
processed 25870
[M::mem_process_seqs_merge2] Processed 25870 reads in 0.030 CPU sec, 1.478 real sec
[M::mem_process_seqs_merge2] CPE FASTQ formatting done
[M::mem_process_seqs_merge2] CPE FASTQ formatting done
[M::process] read chunk (19660800 bytes/CG x 1 CGs, 4914920 bytes)...
[M::process] read chunk (19660800 bytes/CG x 1 CGs, 4915300 bytes)...
[M::mem_process_seqs_merge2] CPE FASTQ formatting done
[M::mem_process_seqs_merge2] CPE FASTQ formatting done
slave pre done
now n is 25868
processed 25868
[M::mem_process_seqs_merge2] Processed 25868 reads in 0.040 CPU sec, 1.433 real sec
slave pre done
now n is 25870
processed 25870
[M::mem_process_seqs_merge2] Processed 25870 reads in 0.020 CPU sec, 1.385 real sec
slave pre done
now n is 25870
[M::process] read chunk (19660800 bytes/CG x 1 CGs, 4915300 bytes)...
processed 25870
[M::mem_process_seqs_merge2] Processed 25870 reads in 0.050 CPU sec, 1.651 real sec
[M::process] read chunk (19660800 bytes/CG x 1 CGs, 4914920 bytes)...
slave pre done
now n is 25870
processed 25870
[M::mem_process_seqs_merge2] Processed 25870 reads in 0.020 CPU sec, 1.511 real sec
slave pre done
now n is 25868
processed 25868
[M::mem_process_seqs_merge2] Processed 25868 reads in 0.070 CPU sec, 1.654 real sec
slave pre done
now n is 25868
processed 25868
[M::mem_process_seqs_merge2] Processed 25868 reads in 0.030 CPU sec, 1.405 real sec
[M::process] read chunk (19660800 bytes/CG x 1 CGs, 4914920 bytes)...
[M::process] read chunk (19660800 bytes/CG x 1 CGs, 4915300 bytes)...
[M::mem_process_seqs_merge2] CPE FASTQ formatting done
slave pre done
now n is 25870
slave pre done
now n is 25868
[M::process] read chunk (19660800 bytes/CG x 1 CGs, 4915300 bytes)...
processed 25870
[M::mem_process_seqs_merge2] Processed 25870 reads in 0.020 CPU sec, 1.304 real sec
processed 25868
[M::mem_process_seqs_merge2] Processed 25868 reads in 0.050 CPU sec, 1.477 real sec
[M::process] read chunk (19660800 bytes/CG x 1 CGs, 4915300 bytes)...
[M::mem_process_seqs_merge2] CPE FASTQ formatting done
[M::mem_process_seqs_merge2] CPE FASTQ formatting done
slave pre done
now n is 25868
slave pre done
now n is 25870
slave pre done
now n is 25870
processed 25868
[M::mem_process_seqs_merge2] Processed 25868 reads in 0.010 CPU sec, 1.445 real sec
processed 25870
[M::mem_process_seqs_merge2] Processed 25870 reads in 0.070 CPU sec, 1.421 real sec
[M::process] read chunk (19660800 bytes/CG x 1 CGs, 4915300 bytes)...
processed 25870
[M::mem_process_seqs_merge2] Processed 25870 reads in 0.050 CPU sec, 1.523 real sec
[M::process] read chunk (19660800 bytes/CG x 1 CGs, 4915300 bytes)...
slave pre done
now n is 25870
processed 25870
[M::mem_process_seqs_merge2] Processed 25870 reads in 0.100 CPU sec, 1.332 real sec
[M::process] read chunk (19660800 bytes/CG x 1 CGs, 4914920 bytes)...
[M::process] read chunk (19660800 bytes/CG x 1 CGs, 4915300 bytes)...
[M::process] read chunk (19660800 bytes/CG x 1 CGs, 4915300 bytes)...
slave pre done
now n is 25870
processed 25870
[M::mem_process_seqs_merge2] Processed 25870 reads in 0.050 CPU sec, 1.445 real sec
[M::process] read chunk (19660800 bytes/CG x 1 CGs, 4915300 bytes)...
[M::mem_process_seqs_merge2] CPE FASTQ formatting done
[M::process] read chunk (19660800 bytes/CG x 1 CGs, 4915300 bytes)...
[M::mem_process_seqs_merge2] CPE FASTQ formatting done
[M::mem_process_seqs_merge2] CPE FASTQ formatting done
slave pre done
now n is 25870
[M::mem_process_seqs_merge2] CPE FASTQ formatting done
processed 25870
[M::mem_process_seqs_merge2] Processed 25870 reads in 0.030 CPU sec, 1.461 real sec
[M::mem_process_seqs_merge2] CPE FASTQ formatting done
[M::mem_process_seqs_merge2] CPE FASTQ formatting done
[M::mem_process_seqs_merge2] CPE FASTQ formatting done
[M::process] read chunk (19660800 bytes/CG x 1 CGs, 4915300 bytes)...
slave pre done
now n is 25870
processed 25870
[M::mem_process_seqs_merge2] Processed 25870 reads in 0.020 CPU sec, 1.417 real sec
[M::mem_process_seqs_merge2] CPE FASTQ formatting done
[M::mem_process_seqs_merge2] CPE FASTQ formatting done
[M::mem_process_seqs_merge2] CPE FASTQ formatting done
[M::mem_process_seqs_merge2] CPE FASTQ formatting done
[M::process] read chunk (19660800 bytes/CG x 1 CGs, 4915300 bytes)...
slave pre done
now n is 25868
slave pre done
now n is 25870
processed 25868
[M::mem_process_seqs_merge2] Processed 25868 reads in 0.040 CPU sec, 1.535 real sec
processed 25870
[M::mem_process_seqs_merge2] Processed 25870 reads in 0.030 CPU sec, 1.575 real sec
slave pre done
now n is 25870
slave pre done
now n is 25870
processed 25870
[M::mem_process_seqs_merge2] Processed 25870 reads in 0.050 CPU sec, 1.423 real sec
processed 25870
[M::mem_process_seqs_merge2] Processed 25870 reads in 0.080 CPU sec, 1.464 real sec
[M::process] read chunk (19660800 bytes/CG x 1 CGs, 4915300 bytes)...
[M::process] read chunk (19660800 bytes/CG x 1 CGs, 4915300 bytes)...
[M::mem_process_seqs_merge2] CPE FASTQ formatting done
[M::process] read chunk (19660800 bytes/CG x 1 CGs, 4915300 bytes)...
[M::process] read chunk (19660800 bytes/CG x 1 CGs, 4914920 bytes)...
[M::mem_process_seqs_merge2] CPE FASTQ formatting done
slave pre done
now n is 25870
processed 25870
[M::mem_process_seqs_merge2] Processed 25870 reads in 0.030 CPU sec, 1.286 real sec
[M::mem_process_seqs_merge2] CPE FASTQ formatting done
[M::mem_process_seqs_merge2] CPE FASTQ formatting done
slave pre done
now n is 25868
processed 25868
[M::mem_process_seqs_merge2] Processed 25868 reads in 0.060 CPU sec, 1.580 real sec
[M::mem_process_seqs_merge2] CPE FASTQ formatting done
slave pre done
now n is 25868
processed 25868
[M::mem_process_seqs_merge2] Processed 25868 reads in 0.020 CPU sec, 1.643 real sec
[M::process] read chunk (19660800 bytes/CG x 1 CGs, 4915300 bytes)...
[M::process] read chunk (19660800 bytes/CG x 1 CGs, 4915300 bytes)...
[M::mem_process_seqs_merge2] CPE FASTQ formatting done
[M::process] read chunk (19660800 bytes/CG x 1 CGs, 4915300 bytes)...
slave pre done
now n is 25868
[M::mem_process_seqs_merge2] CPE FASTQ formatting done
processed 25868
[M::mem_process_seqs_merge2] Processed 25868 reads in 0.060 CPU sec, 1.576 real sec
[M::process] read chunk (19660800 bytes/CG x 1 CGs, 4915300 bytes)...
[M::mem_process_seqs_merge2] CPE FASTQ formatting done
slave pre done
now n is 25868
slave pre done
now n is 25868
processed 25868
[M::mem_process_seqs_merge2] Processed 25868 reads in 0.020 CPU sec, 1.385 real sec
processed 25868
[M::mem_process_seqs_merge2] Processed 25868 reads in 0.030 CPU sec, 1.391 real sec
slave pre done
now n is 25870
processed 25870
[M::mem_process_seqs_merge2] Processed 25870 reads in 0.090 CPU sec, 1.476 real sec
[M::mem_process_seqs_merge2] CPE FASTQ formatting done
[M::process] read chunk (19660800 bytes/CG x 1 CGs, 4915300 bytes)...
[M::process] read chunk (19660800 bytes/CG x 1 CGs, 4915300 bytes)...
[M::process] read chunk (19660800 bytes/CG x 1 CGs, 4914920 bytes)...
slave pre done
now n is 25870
[M::mem_process_seqs_merge2] CPE FASTQ formatting done
processed 25870
[M::mem_process_seqs_merge2] Processed 25870 reads in 0.020 CPU sec, 1.306 real sec
[M::mem_process_seqs_merge2] CPE FASTQ formatting done
[M::mem_process_seqs_merge2] CPE FASTQ formatting done
[M::process] read chunk (19660800 bytes/CG x 1 CGs, 4915300 bytes)...
slave pre done
now n is 25870
slave pre done
now n is 25870
processed 25870
[M::mem_process_seqs_merge2] Processed 25870 reads in 0.040 CPU sec, 1.535 real sec
processed 25870
[M::mem_process_seqs_merge2] Processed 25870 reads in 0.060 CPU sec, 1.441 real sec
slave pre done
now n is 25868
processed 25868
[M::mem_process_seqs_merge2] Processed 25868 reads in 0.040 CPU sec, 1.428 real sec
slave pre done
now n is 25870
processed 25870
[M::mem_process_seqs_merge2] Processed 25870 reads in 0.040 CPU sec, 1.506 real sec
slave pre done
now n is 25870
[M::process] read chunk (19660800 bytes/CG x 1 CGs, 4915300 bytes)...
processed 25870
[M::mem_process_seqs_merge2] Processed 25870 reads in 0.040 CPU sec, 1.538 real sec
[M::process] read chunk (19660800 bytes/CG x 1 CGs, 4914920 bytes)...
slave pre done
now n is 25870
slave pre done
now n is 25870
slave pre done
now n is 25870
processed 25870
[M::mem_process_seqs_merge2] CPE FASTQ formatting done
[M::mem_process_seqs_merge2] Processed 25870 reads in 0.040 CPU sec, 1.487 real sec
processed 25870
[M::mem_process_seqs_merge2] Processed 25870 reads in 0.040 CPU sec, 1.344 real sec
[M::process] read chunk (19660800 bytes/CG x 1 CGs, 4915300 bytes)...
processed 25870
[M::mem_process_seqs_merge2] Processed 25870 reads in 0.050 CPU sec, 1.419 real sec
slave pre done
now n is 25870
[M::process] read chunk (19660800 bytes/CG x 1 CGs, 4915300 bytes)...
processed 25870
[M::mem_process_seqs_merge2] Processed 25870 reads in 0.070 CPU sec, 1.462 real sec
[M::process] read chunk (19660800 bytes/CG x 1 CGs, 4915300 bytes)...
[M::mem_process_seqs_merge2] CPE FASTQ formatting done
[M::process] read chunk (19660800 bytes/CG x 1 CGs, 4915300 bytes)...
slave pre done
now n is 25870
processed 25870
[M::mem_process_seqs_merge2] Processed 25870 reads in 0.030 CPU sec, 1.424 real sec
[M::process] read chunk (19660800 bytes/CG x 1 CGs, 4915300 bytes)...
[M::process] read chunk (19660800 bytes/CG x 1 CGs, 4915300 bytes)...
[M::process] read chunk (19660800 bytes/CG x 1 CGs, 4914920 bytes)...
[M::mem_process_seqs_merge2] CPE FASTQ formatting done
[M::process] read chunk (19660800 bytes/CG x 1 CGs, 4914920 bytes)...
[M::mem_process_seqs_merge2] CPE FASTQ formatting done
[M::mem_process_seqs_merge2] CPE FASTQ formatting done
slave pre done
now n is 25870
processed 25870
[M::mem_process_seqs_merge2] Processed 25870 reads in 0.090 CPU sec, 1.478 real sec
[M::mem_process_seqs_merge2] CPE FASTQ formatting done
slave pre done
now n is 25870
processed 25870
[M::mem_process_seqs_merge2] Processed 25870 reads in 0.020 CPU sec, 1.344 real sec
[M::mem_process_seqs_merge2] CPE FASTQ formatting done
slave pre done
now n is 25868
[M::process] read chunk (19660800 bytes/CG x 1 CGs, 4914920 bytes)...
processed 25868
[M::mem_process_seqs_merge2] Processed 25868 reads in 0.030 CPU sec, 1.298 real sec
[M::mem_process_seqs_merge2] CPE FASTQ formatting done
[M::process] read chunk (19660800 bytes/CG x 1 CGs, 4915300 bytes)...
[M::mem_process_seqs_merge2] CPE FASTQ formatting done
[M::mem_process_seqs_merge2] CPE FASTQ formatting done
[M::process] read chunk (19660800 bytes/CG x 1 CGs, 4915300 bytes)...
[M::mem_process_seqs_merge2] CPE FASTQ formatting done
slave pre done
now n is 103478
slave pre done
now n is 25870
slave pre done
now n is 25870
processed 103478
[M::mem_process_seqs_merge2] Processed 103478 reads in 0.100 CPU sec, 4.907 real sec
processed 25870
[M::mem_process_seqs_merge2] Processed 25870 reads in 0.020 CPU sec, 1.476 real sec
processed 25870
[M::mem_process_seqs_merge2] Processed 25870 reads in 0.040 CPU sec, 1.486 real sec
[M::mem_process_seqs_merge2] CPE FASTQ formatting done
[M::process] read chunk (19660800 bytes/CG x 1 CGs, 4915300 bytes)...
[M::process] read chunk (19660800 bytes/CG x 1 CGs, 4914920 bytes)...
[M::mem_process_seqs_merge2] CPE FASTQ formatting done
[M::mem_process_seqs_merge2] CPE FASTQ formatting done
slave pre done
now n is 25870
processed 25870
[M::mem_process_seqs_merge2] Processed 25870 reads in 0.040 CPU sec, 1.581 real sec
slave pre done
now n is 25870
processed 25870
[M::mem_process_seqs_merge2] CPE FASTQ formatting done
[M::process] read chunk (19660800 bytes/CG x 1 CGs, 4914920 bytes)...
[M::mem_process_seqs_merge2] Processed 25870 reads in 0.050 CPU sec, 1.499 real sec
[M::mem_process_seqs_merge2] CPE FASTQ formatting done
[M::process] read chunk (19660800 bytes/CG x 1 CGs, 4914920 bytes)...
slave pre done
now n is 25870
processed 25870
[M::mem_process_seqs_merge2] Processed 25870 reads in 0.040 CPU sec, 1.465 real sec
[M::process] read chunk (19660800 bytes/CG x 1 CGs, 4915300 bytes)...
[M::mem_process_seqs_merge2] CPE FASTQ formatting done
slave pre done
now n is 25870
[M::process] read chunk (19660800 bytes/CG x 1 CGs, 4915300 bytes)...
processed 25870
[M::mem_process_seqs_merge2] Processed 25870 reads in 0.020 CPU sec, 1.387 real sec
[M::mem_process_seqs_merge2] CPE FASTQ formatting done
[M::mem_process_seqs_merge2] CPE FASTQ formatting done
[M::process] read chunk (19660800 bytes/CG x 1 CGs, 4914920 bytes)...
slave pre done
now n is 25868
processed 25868
[M::mem_process_seqs_merge2] Processed 25868 reads in 0.060 CPU sec, 1.428 real sec
slave pre done
now n is 25870
processed 25870
[M::mem_process_seqs_merge2] Processed 25870 reads in 0.050 CPU sec, 1.439 real sec
[M::mem_process_seqs_merge2] CPE FASTQ formatting done
[M::process] read chunk (19660800 bytes/CG x 1 CGs, 4915300 bytes)...
[M::mem_process_seqs_merge2] CPE FASTQ formatting done
[M::mem_process_seqs_merge2] CPE FASTQ formatting done
[M::process] read chunk (19660800 bytes/CG x 1 CGs, 4915300 bytes)...
slave pre done
now n is 25870
processed 25870
[M::mem_process_seqs_merge2] Processed 25870 reads in 0.050 CPU sec, 1.577 real sec
[M::mem_process_seqs_merge2] CPE FASTQ formatting done
[M::process] read chunk (19660800 bytes/CG x 1 CGs, 4915300 bytes)...
slave pre done
now n is 25870
processed 25870
[M::mem_process_seqs_merge2] Processed 25870 reads in 0.050 CPU sec, 1.446 real sec
slave pre done
now n is 25870
processed 25870
[M::mem_process_seqs_merge2] Processed 25870 reads in 0.040 CPU sec, 1.446 real sec
[M::process] read chunk (19660800 bytes/CG x 1 CGs, 4915300 bytes)...
slave pre done
[M::mem_process_seqs_merge2] CPE FASTQ formatting done
now n is 25870
processed 25870
[M::mem_process_seqs_merge2] Processed 25870 reads in 0.050 CPU sec, 1.463 real sec
[M::process] read chunk (19660800 bytes/CG x 1 CGs, 4915300 bytes)...
slave pre done
now n is 25870
processed 25870
[M::mem_process_seqs_merge2] Processed 25870 reads in 0.040 CPU sec, 1.390 real sec
[M::process] read chunk (19660800 bytes/CG x 1 CGs, 4915300 bytes)...
[M::mem_process_seqs_merge2] CPE FASTQ formatting done
slave pre done
now n is 25870
[M::mem_process_seqs_merge2] CPE FASTQ formatting done
processed 25870
[M::mem_process_seqs_merge2] Processed 25870 reads in 0.050 CPU sec, 1.412 real sec
slave pre done
now n is 25870
[M::process] read chunk (19660800 bytes/CG x 1 CGs, 4914920 bytes)...
slave pre done
now n is 25868
slave pre done
now n is 25868
processed 25870
[M::mem_process_seqs_merge2] Processed 25870 reads in 0.040 CPU sec, 1.557 real sec
processed 25868
[M::mem_process_seqs_merge2] Processed 25868 reads in 0.040 CPU sec, 1.403 real sec
processed 25868
[M::mem_process_seqs_merge2] Processed 25868 reads in 0.060 CPU sec, 1.613 real sec
[M::mem_process_seqs_merge2] CPE FASTQ formatting done
[M::process] read chunk (19660800 bytes/CG x 1 CGs, 4915300 bytes)...
[M::process] read chunk (19660800 bytes/CG x 1 CGs, 4914920 bytes)...
[M::process] read chunk (19660800 bytes/CG x 1 CGs, 4915300 bytes)...
[M::process] read chunk (19660800 bytes/CG x 1 CGs, 4915300 bytes)...
slave pre done
now n is 25870
processed 25870
[M::mem_process_seqs_merge2] Processed 25870 reads in 0.030 CPU sec, 1.529 real sec
[M::mem_process_seqs_merge2] CPE FASTQ formatting done
slave pre done
now n is 25868
processed 25868
[M::mem_process_seqs_merge2] Processed 25868 reads in 0.130 CPU sec, 1.383 real sec
slave pre done
now n is 25870
processed 25870
[M::mem_process_seqs_merge2] Processed 25870 reads in 0.010 CPU sec, 1.559 real sec
[M::process] read chunk (19660800 bytes/CG x 1 CGs, 4914920 bytes)...
[M::mem_process_seqs_merge2] CPE FASTQ formatting done
[M::process] read chunk (19660800 bytes/CG x 1 CGs, 4915300 bytes)...
slave pre done
now n is 25870
processed 25870
[M::mem_process_seqs_merge2] Processed 25870 reads in 0.030 CPU sec, 1.406 real sec
[M::mem_process_seqs_merge2] CPE FASTQ formatting done
[M::mem_process_seqs_merge2] CPE FASTQ formatting done
[M::process] read chunk (19660800 bytes/CG x 1 CGs, 4915300 bytes)...
[M::mem_process_seqs_merge2] CPE FASTQ formatting done
slave pre done
now n is 25870
processed 25870
[M::mem_process_seqs_merge2] Processed 25870 reads in 0.040 CPU sec, 1.529 real sec
[M::process] read chunk (19660800 bytes/CG x 1 CGs, 4915300 bytes)...
slave pre done
now n is 25870
slave pre done
now n is 25868
processed 25870
[M::mem_process_seqs_merge2] Processed 25870 reads in 0.050 CPU sec, 1.398 real sec
processed 25868
[M::mem_process_seqs_merge2] Processed 25868 reads in 0.040 CPU sec, 1.435 real sec
[M::process] read chunk (19660800 bytes/CG x 1 CGs, 4915300 bytes)...
[M::mem_process_seqs_merge2] CPE FASTQ formatting done
[M::process] read chunk (19660800 bytes/CG x 1 CGs, 4915300 bytes)...
[M::process] read chunk (19660800 bytes/CG x 1 CGs, 4915300 bytes)...
slave pre done
now n is 25870
processed 25870
[M::mem_process_seqs_merge2] Processed 25870 reads in 0.060 CPU sec, 1.398 real sec
slave pre done
now n is 25868
[M::mem_process_seqs_merge2] CPE FASTQ formatting done
processed 25868
[M::mem_process_seqs_merge2] Processed 25868 reads in 0.080 CPU sec, 1.855 real sec
[M::mem_process_seqs_merge2] CPE FASTQ formatting done
[M::process] read chunk (19660800 bytes/CG x 1 CGs, 4915300 bytes)...
[M::mem_process_seqs_merge2] CPE FASTQ formatting done
[M::mem_process_seqs_merge2] CPE FASTQ formatting done
[M::process] read chunk (19660800 bytes/CG x 1 CGs, 4915300 bytes)...
[M::mem_process_seqs_merge2] CPE FASTQ formatting done
slave pre done
slave pre done
now n is 25868
now n is 25868
[M::mem_process_seqs_merge2] CPE FASTQ formatting done
processed 25868
processed 25868
[M::mem_process_seqs_merge2] Processed 25868 reads in 0.040 CPU sec, 1.560 real sec
[M::mem_process_seqs_merge2] Processed 25868 reads in 0.030 CPU sec, 1.347 real sec
slave pre done
now n is 25868
processed 25868
[M::mem_process_seqs_merge2] Processed 25868 reads in 0.030 CPU sec, 1.527 real sec
[M::process] read chunk (19660800 bytes/CG x 1 CGs, 4915300 bytes)...
[M::process] read chunk (19660800 bytes/CG x 1 CGs, 4915300 bytes)...
[M::mem_process_seqs_merge2] CPE FASTQ formatting done
[M::process] read chunk (19660800 bytes/CG x 1 CGs, 4915300 bytes)...
slave pre done
now n is 25870
processed 25870
[M::mem_process_seqs_merge2] Processed 25870 reads in 0.070 CPU sec, 1.474 real sec
slave pre done
now n is 25870
processed 25870
[M::mem_process_seqs_merge2] Processed 25870 reads in 0.060 CPU sec, 1.539 real sec
[M::process] read chunk (19660800 bytes/CG x 1 CGs, 4915300 bytes)...
[M::mem_process_seqs_merge2] CPE FASTQ formatting done
[M::mem_process_seqs_merge2] CPE FASTQ formatting done
[M::mem_process_seqs_merge2] CPE FASTQ formatting done
[M::process] read chunk (19660800 bytes/CG x 1 CGs, 4914920 bytes)...
[M::mem_process_seqs_merge2] CPE FASTQ formatting done
slave pre done
now n is 25870
processed 25870
[M::mem_process_seqs_merge2] Processed 25870 reads in 0.060 CPU sec, 1.568 real sec
[M::mem_process_seqs_merge2] CPE FASTQ formatting done
slave pre done
now n is 25870
[M::mem_process_seqs_merge2] CPE FASTQ formatting done
processed 25870
[M::mem_process_seqs_merge2] Processed 25870 reads in 0.050 CPU sec, 1.406 real sec
[M::process] read chunk (19660800 bytes/CG x 1 CGs, 4915300 bytes)...
[M::process] read chunk (19660800 bytes/CG x 1 CGs, 4915300 bytes)...
[M::mem_process_seqs_merge2] CPE FASTQ formatting done
slave pre done
now n is 25870
processed 25870
[M::mem_process_seqs_merge2] Processed 25870 reads in 0.020 CPU sec, 1.445 real sec
[M::process] read chunk (19660800 bytes/CG x 1 CGs, 4915300 bytes)...
[M::mem_process_seqs_merge2] CPE FASTQ formatting done
slave pre done
now n is 25870
processed 25870
[M::mem_process_seqs_merge2] Processed 25870 reads in 0.020 CPU sec, 1.545 real sec
slave pre done
now n is 25870
[M::mem_process_seqs_merge2] CPE FASTQ formatting done
[M::process] read chunk (19660800 bytes/CG x 1 CGs, 4914920 bytes)...
processed 25870
[M::mem_process_seqs_merge2] Processed 25870 reads in 0.070 CPU sec, 1.434 real sec
slave pre done
now n is 25868
processed 25868
[M::mem_process_seqs_merge2] Processed 25868 reads in 0.030 CPU sec, 1.386 real sec
[M::process] read chunk (19660800 bytes/CG x 1 CGs, 4915300 bytes)...
[M::process] read chunk (19660800 bytes/CG x 1 CGs, 4915300 bytes)...
[M::mem_process_seqs_merge2] CPE FASTQ formatting done
slave pre done
now n is 25870
processed 25870
[M::mem_process_seqs_merge2] Processed 25870 reads in 0.050 CPU sec, 1.462 real sec
slave pre done
now n is 25870
slave pre done
now n is 25870
processed 25870
[M::mem_process_seqs_merge2] Processed 25870 reads in 0.040 CPU sec, 1.749 real sec
processed 25870
[M::mem_process_seqs_merge2] Processed 25870 reads in 0.050 CPU sec, 1.491 real sec
[M::process] read chunk (19660800 bytes/CG x 1 CGs, 4915300 bytes)...
[M::process] read chunk (19660800 bytes/CG x 1 CGs, 4914920 bytes)...
slave pre done
now n is 25868
processed 25868
[M::mem_process_seqs_merge2] Processed 25868 reads in 0.050 CPU sec, 1.534 real sec
[M::process] read chunk (19660800 bytes/CG x 1 CGs, 4915300 bytes)...
slave pre done
now n is 25870
processed 25870
[M::mem_process_seqs_merge2] Processed 25870 reads in 0.030 CPU sec, 1.410 real sec
[M::mem_process_seqs_merge2] CPE FASTQ formatting done
[M::mem_process_seqs_merge2] CPE FASTQ formatting done
[M::process] read chunk (19660800 bytes/CG x 1 CGs, 4915300 bytes)...
[M::mem_process_seqs_merge2] CPE FASTQ formatting done
slave pre done
now n is 25870
[M::process] read chunk (19660800 bytes/CG x 1 CGs, 4914920 bytes)...
processed 25870
[M::mem_process_seqs_merge2] Processed 25870 reads in 0.030 CPU sec, 1.398 real sec
[M::mem_process_seqs_merge2] CPE FASTQ formatting done
slave pre done
now n is 25870
processed 25870
[M::mem_process_seqs_merge2] Processed 25870 reads in 0.040 CPU sec, 1.385 real sec
slave pre done
now n is 25870
processed 25870
[M::mem_process_seqs_merge2] Processed 25870 reads in 0.040 CPU sec, 1.389 real sec
[M::process] read chunk (19660800 bytes/CG x 1 CGs, 4914920 bytes)...
[M::mem_process_seqs_merge2] CPE FASTQ formatting done
[M::mem_process_seqs_merge2] CPE FASTQ formatting done
[M::mem_process_seqs_merge2] CPE FASTQ formatting done
[M::process] read chunk (19660800 bytes/CG x 1 CGs, 4914920 bytes)...
slave pre done
now n is 25868
[M::process] read chunk (19660800 bytes/CG x 1 CGs, 4914920 bytes)...
processed 25868
[M::mem_process_seqs_merge2] Processed 25868 reads in 0.050 CPU sec, 1.575 real sec
slave pre done
now n is 25870
processed 25870
[M::mem_process_seqs_merge2] Processed 25870 reads in 0.020 CPU sec, 1.377 real sec
slave pre done
now n is 25870
[M::mem_process_seqs_merge2] CPE FASTQ formatting done
processed 25870
[M::mem_process_seqs_merge2] Processed 25870 reads in 0.030 CPU sec, 1.493 real sec
[M::process] read chunk (19660800 bytes/CG x 1 CGs, 4915300 bytes)...
slave pre done
now n is 25870
processed 25870
[M::mem_process_seqs_merge2] Processed 25870 reads in 0.090 CPU sec, 1.536 real sec
[M::process] read chunk (19660800 bytes/CG x 1 CGs, 4915300 bytes)...
[M::process] read chunk (19660800 bytes/CG x 1 CGs, 4914920 bytes)...
[M::mem_process_seqs_merge2] CPE FASTQ formatting done
[M::process] read chunk (19660800 bytes/CG x 1 CGs, 4915300 bytes)...
[M::mem_process_seqs_merge2] CPE FASTQ formatting done
[M::mem_process_seqs_merge2] CPE FASTQ formatting done
slave pre done
now n is 25870
processed 25870
[M::mem_process_seqs_merge2] Processed 25870 reads in 0.050 CPU sec, 1.392 real sec
slave pre done
now n is 25870
[M::mem_process_seqs_merge2] CPE FASTQ formatting done
processed 25870
[M::mem_process_seqs_merge2] Processed 25870 reads in 0.070 CPU sec, 1.433 real sec
[M::process] read chunk (19660800 bytes/CG x 1 CGs, 4915300 bytes)...
slave pre done
now n is 25870
processed 25870
[M::mem_process_seqs_merge2] Processed 25870 reads in 0.070 CPU sec, 1.464 real sec
[M::mem_process_seqs_merge2] CPE FASTQ formatting done
[M::process] read chunk (19660800 bytes/CG x 1 CGs, 4915300 bytes)...
slave pre done
now n is 25870
processed 25870
[M::mem_process_seqs_merge2] Processed 25870 reads in 0.080 CPU sec, 1.429 real sec
[M::process] read chunk (19660800 bytes/CG x 1 CGs, 4915300 bytes)...
[M::mem_process_seqs_merge2] CPE FASTQ formatting done
slave pre done
now n is 25868
processed 25868
[M::mem_process_seqs_merge2] Processed 25868 reads in 0.080 CPU sec, 1.429 real sec
[M::mem_process_seqs_merge2] CPE FASTQ formatting done
[M::mem_process_seqs_merge2] CPE FASTQ formatting done
[M::mem_process_seqs_merge2] CPE FASTQ formatting done
[M::process] read chunk (19660800 bytes/CG x 1 CGs, 4915300 bytes)...
slave pre done
now n is 25870
processed 25870
[M::mem_process_seqs_merge2] Processed 25870 reads in 0.030 CPU sec, 1.687 real sec
[M::process] read chunk (19660800 bytes/CG x 1 CGs, 4915300 bytes)...
[M::process] read chunk (19660800 bytes/CG x 1 CGs, 4915300 bytes)...
slave pre done
now n is 25870
processed 25870
[M::mem_process_seqs_merge2] Processed 25870 reads in 0.050 CPU sec, 1.510 real sec
[M::mem_process_seqs_merge2] CPE FASTQ formatting done
[M::mem_process_seqs_merge2] CPE FASTQ formatting done
[M::process] read chunk (19660800 bytes/CG x 1 CGs, 4915300 bytes)...
slave pre done
now n is 25870
processed 25870
[M::mem_process_seqs_merge2] Processed 25870 reads in 0.020 CPU sec, 1.502 real sec
[M::mem_process_seqs_merge2] CPE FASTQ formatting done
[M::mem_process_seqs_merge2] CPE FASTQ formatting done
[M::process] read chunk (19660800 bytes/CG x 1 CGs, 4915300 bytes)...
slave pre done
now n is 25868
processed 25868
[M::mem_process_seqs_merge2] Processed 25868 reads in 0.030 CPU sec, 1.341 real sec
slave pre done
now n is 25870
processed 25870
[M::mem_process_seqs_merge2] Processed 25870 reads in 0.040 CPU sec, 1.504 real sec
[M::process] read chunk (19660800 bytes/CG x 1 CGs, 4915300 bytes)...
[M::process] read chunk (19660800 bytes/CG x 1 CGs, 4914920 bytes)...
[M::mem_process_seqs_merge2] CPE FASTQ formatting done
slave pre done
now n is 25870
processed 25870
[M::mem_process_seqs_merge2] Processed 25870 reads in 0.010 CPU sec, 1.383 real sec
[M::mem_process_seqs_merge2] CPE FASTQ formatting done
[M::mem_process_seqs_merge2] CPE FASTQ formatting done
[M::process] read chunk (19660800 bytes/CG x 1 CGs, 4914920 bytes)...
slave pre done
now n is 25870
processed 25870
[M::mem_process_seqs_merge2] Processed 25870 reads in 0.030 CPU sec, 1.435 real sec
slave pre done
now n is 25868
processed 25868
[M::mem_process_seqs_merge2] Processed 25868 reads in 0.050 CPU sec, 1.495 real sec
slave pre done
now n is 25870
processed 25870
[M::mem_process_seqs_merge2] Processed 25870 reads in 0.120 CPU sec, 1.531 real sec
[M::process] read chunk (19660800 bytes/CG x 1 CGs, 4915300 bytes)...
[M::process] read chunk (19660800 bytes/CG x 1 CGs, 4915300 bytes)...
[M::process] read chunk (19660800 bytes/CG x 1 CGs, 4915300 bytes)...
slave pre done
now n is 25870
processed 25870
[M::mem_process_seqs_merge2] Processed 25870 reads in 0.010 CPU sec, 1.462 real sec
slave pre done
now n is 25868
[M::mem_process_seqs_merge2] CPE FASTQ formatting done
processed 25868
[M::mem_process_seqs_merge2] Processed 25868 reads in 0.040 CPU sec, 1.567 real sec
slave pre done
now n is 25868
slave pre done
now n is 25868
processed 25868
[M::mem_process_seqs_merge2] Processed 25868 reads in 0.060 CPU sec, 1.357 real sec
processed 25868
[M::mem_process_seqs_merge2] Processed 25868 reads in 0.060 CPU sec, 1.622 real sec
[M::process] read chunk (19660800 bytes/CG x 1 CGs, 4914920 bytes)...
[M::process] read chunk (19660800 bytes/CG x 1 CGs, 4915300 bytes)...
slave pre done
now n is 25870
slave pre done
now n is 25870
processed 25870
[M::mem_process_seqs_merge2] Processed 25870 reads in 0.070 CPU sec, 1.673 real sec
[M::process] read chunk (19660800 bytes/CG x 1 CGs, 4915300 bytes)...
processed 25870
[M::mem_process_seqs_merge2] Processed 25870 reads in 0.020 CPU sec, 1.402 real sec
[M::process] read chunk (19660800 bytes/CG x 1 CGs, 4915300 bytes)...
[M::mem_process_seqs_merge2] CPE FASTQ formatting done
slave pre done
now n is 25868
processed 25868
[M::mem_process_seqs_merge2] Processed 25868 reads in 0.050 CPU sec, 1.536 real sec
[M::process] read chunk (19660800 bytes/CG x 1 CGs, 4914920 bytes)...
[M::process] read chunk (19660800 bytes/CG x 1 CGs, 4915300 bytes)...
slave pre done
now n is 25870
processed 25870
[M::mem_process_seqs_merge2] Processed 25870 reads in 0.040 CPU sec, 1.343 real sec
[M::process] read chunk (19660800 bytes/CG x 1 CGs, 4915300 bytes)...
[M::mem_process_seqs_merge2] CPE FASTQ formatting done
[M::mem_process_seqs_merge2] CPE FASTQ formatting done
[M::process] read chunk (19660800 bytes/CG x 1 CGs, 4914920 bytes)...
slave pre done
now n is 25870
processed 25870
[M::mem_process_seqs_merge2] Processed 25870 reads in 0.120 CPU sec, 1.377 real sec
slave pre done
now n is 25870
processed 25870
[M::mem_process_seqs_merge2] Processed 25870 reads in 0.080 CPU sec, 1.347 real sec
[M::mem_process_seqs_merge2] CPE FASTQ formatting done
slave pre done
now n is 25870
processed 25870
[M::mem_process_seqs_merge2] Processed 25870 reads in 0.070 CPU sec, 1.425 real sec
[M::process] read chunk (19660800 bytes/CG x 1 CGs, 4915300 bytes)...
[M::mem_process_seqs_merge2] CPE FASTQ formatting done
[M::mem_process_seqs_merge2] CPE FASTQ formatting done
slave pre done
now n is 25870
[M::mem_process_seqs_merge2] CPE FASTQ formatting done
[M::process] read chunk (19660800 bytes/CG x 1 CGs, 4915300 bytes)...
processed 25870
[M::mem_process_seqs_merge2] Processed 25870 reads in 0.120 CPU sec, 1.467 real sec
[M::mem_process_seqs_merge2] CPE FASTQ formatting done
slave pre done
now n is 25868
[M::mem_process_seqs_merge2] CPE FASTQ formatting done
processed 25868
[M::mem_process_seqs_merge2] Processed 25868 reads in 0.020 CPU sec, 1.687 real sec
[M::process] read chunk (19660800 bytes/CG x 1 CGs, 4915300 bytes)...
[M::mem_process_seqs_merge2] CPE FASTQ formatting done
[M::process] read chunk (19660800 bytes/CG x 1 CGs, 4915300 bytes)...
[M::process] read chunk (19660800 bytes/CG x 1 CGs, 4915300 bytes)...
slave pre done
now n is 25870
processed 25870
[M::mem_process_seqs_merge2] Processed 25870 reads in 0.040 CPU sec, 1.387 real sec
[M::mem_process_seqs_merge2] CPE FASTQ formatting done
[M::mem_process_seqs_merge2] CPE FASTQ formatting done
slave pre done
now n is 25870
processed 25870
[M::mem_process_seqs_merge2] Processed 25870 reads in 0.040 CPU sec, 1.407 real sec
[M::mem_process_seqs_merge2] CPE FASTQ formatting done
[M::mem_process_seqs_merge2] CPE FASTQ formatting done
[M::process] read chunk (19660800 bytes/CG x 1 CGs, 4914920 bytes)...
slave pre done
now n is 25870
[M::mem_process_seqs_merge2] CPE FASTQ formatting done
processed 25870
[M::mem_process_seqs_merge2] Processed 25870 reads in 0.080 CPU sec, 1.404 real sec
[M::process] read chunk (19660800 bytes/CG x 1 CGs, 4915300 bytes)...
slave pre done
now n is 25870
processed 25870
[M::mem_process_seqs_merge2] Processed 25870 reads in 0.080 CPU sec, 1.392 real sec
[M::process] read chunk (19660800 bytes/CG x 1 CGs, 4915300 bytes)...
[M::mem_process_seqs_merge2] CPE FASTQ formatting done
[M::process] read chunk (19660800 bytes/CG x 1 CGs, 4914920 bytes)...
[M::mem_process_seqs_merge2] CPE FASTQ formatting done
slave pre done
now n is 25870
processed 25870
[M::mem_process_seqs_merge2] Processed 25870 reads in 0.040 CPU sec, 1.412 real sec
slave pre done
now n is 25868
processed 25868
[M::mem_process_seqs_merge2] Processed 25868 reads in 0.040 CPU sec, 1.351 real sec
[M::mem_process_seqs_merge2] CPE FASTQ formatting done
[M::mem_process_seqs_merge2] CPE FASTQ formatting done
[M::mem_process_seqs_merge2] CPE FASTQ formatting done
[M::process] read chunk (19660800 bytes/CG x 1 CGs, 4914920 bytes)...
[M::process] read chunk (19660800 bytes/CG x 1 CGs, 4915300 bytes)...
[M::mem_process_seqs_merge2] CPE FASTQ formatting done
[M::mem_process_seqs_merge2] CPE FASTQ formatting done
slave pre done
now n is 25870
processed 25870
[M::mem_process_seqs_merge2] Processed 25870 reads in 0.060 CPU sec, 1.674 real sec
slave pre done
now n is 25870
processed 25870
[M::mem_process_seqs_merge2] Processed 25870 reads in 0.060 CPU sec, 1.390 real sec
[M::process] read chunk (19660800 bytes/CG x 1 CGs, 4914920 bytes)...
[M::process] read chunk (19660800 bytes/CG x 1 CGs, 4915300 bytes)...
slave pre done
now n is 25868
processed 25868
[M::mem_process_seqs_merge2] Processed 25868 reads in 0.060 CPU sec, 1.361 real sec
[M::process] read chunk (19660800 bytes/CG x 1 CGs, 4915300 bytes)...
slave pre done
now n is 25870
processed 25870
[M::mem_process_seqs_merge2] Processed 25870 reads in 0.040 CPU sec, 1.353 real sec
[M::mem_process_seqs_merge2] CPE FASTQ formatting done
slave pre done
now n is 25868
processed 25868
[M::mem_process_seqs_merge2] Processed 25868 reads in 0.050 CPU sec, 1.373 real sec
[M::process] read chunk (19660800 bytes/CG x 1 CGs, 4915300 bytes)...
[M::mem_process_seqs_merge2] CPE FASTQ formatting done
[M::process] read chunk (19660800 bytes/CG x 1 CGs, 4915300 bytes)...
[M::mem_process_seqs_merge2] CPE FASTQ formatting done
[M::mem_process_seqs_merge2] CPE FASTQ formatting done
slave pre done
now n is 25870
processed 25870
[M::mem_process_seqs_merge2] Processed 25870 reads in 0.050 CPU sec, 1.451 real sec
[M::mem_process_seqs_merge2] CPE FASTQ formatting done
slave pre done
now n is 25868
slave pre done
now n is 25870
processed 25868
processed 25870
[M::mem_process_seqs_merge2] Processed 25868 reads in 0.040 CPU sec, 1.437 real sec
[M::mem_process_seqs_merge2] Processed 25870 reads in 0.100 CPU sec, 1.481 real sec
slave pre done
now n is 25870
slave pre done
now n is 25870
processed 25870
[M::mem_process_seqs_merge2] Processed 25870 reads in 0.060 CPU sec, 1.545 real sec
processed 25870
[M::mem_process_seqs_merge2] Processed 25870 reads in 0.030 CPU sec, 1.499 real sec
[M::process] read chunk (19660800 bytes/CG x 1 CGs, 4915300 bytes)...
slave pre done
now n is 25868
processed 25868
[M::mem_process_seqs_merge2] Processed 25868 reads in 0.040 CPU sec, 1.367 real sec
slave pre done
now n is 25870
processed 25870
[M::mem_process_seqs_merge2] Processed 25870 reads in 0.070 CPU sec, 1.448 real sec
[M::process] read chunk (19660800 bytes/CG x 1 CGs, 4915300 bytes)...
[M::process] read chunk (19660800 bytes/CG x 1 CGs, 4915300 bytes)...
[M::mem_process_seqs_merge2] CPE FASTQ formatting done
[M::process] read chunk (19660800 bytes/CG x 1 CGs, 4915300 bytes)...
[M::process] read chunk (19660800 bytes/CG x 1 CGs, 4915300 bytes)...
slave pre done
now n is 25870
processed 25870
[M::mem_process_seqs_merge2] Processed 25870 reads in 0.020 CPU sec, 1.391 real sec
[M::process] read chunk (19660800 bytes/CG x 1 CGs, 4915300 bytes)...
[M::mem_process_seqs_merge2] CPE FASTQ formatting done
[M::process] read chunk (19660800 bytes/CG x 1 CGs, 4915300 bytes)...
slave pre done
now n is 25870
processed 25870
[M::mem_process_seqs_merge2] Processed 25870 reads in 0.040 CPU sec, 1.517 real sec
slave pre done
now n is 25870
slave pre done
now n is 25870
processed 25870
[M::mem_process_seqs_merge2] Processed 25870 reads in 0.070 CPU sec, 1.450 real sec
processed 25870
[M::mem_process_seqs_merge2] Processed 25870 reads in 0.080 CPU sec, 1.500 real sec
[M::process] read chunk (19660800 bytes/CG x 1 CGs, 4915300 bytes)...
slave pre done
now n is 25870
processed 25870
[M::mem_process_seqs_merge2] Processed 25870 reads in 0.040 CPU sec, 1.385 real sec
[M::process] read chunk (19660800 bytes/CG x 1 CGs, 4915300 bytes)...
[M::mem_process_seqs_merge2] CPE FASTQ formatting done
[M::process] read chunk (19660800 bytes/CG x 1 CGs, 4914920 bytes)...
[M::process] read chunk (19660800 bytes/CG x 1 CGs, 4914920 bytes)...
slave pre done
now n is 25870
processed 25870
[M::mem_process_seqs_merge2] Processed 25870 reads in 0.070 CPU sec, 1.322 real sec
[M::process] read chunk (19660800 bytes/CG x 1 CGs, 4915300 bytes)...
[M::mem_process_seqs_merge2] CPE FASTQ formatting done
slave pre done
now n is 25870
processed 25870
[M::mem_process_seqs_merge2] Processed 25870 reads in 0.040 CPU sec, 1.852 real sec
[M::process] read chunk (19660800 bytes/CG x 1 CGs, 4915300 bytes)...
[M::mem_process_seqs_merge2] CPE FASTQ formatting done
[M::process] read chunk (19660800 bytes/CG x 1 CGs, 4914920 bytes)...
[M::mem_process_seqs_merge2] CPE FASTQ formatting done
slave pre done
now n is 25868
[M::mem_process_seqs_merge2] CPE FASTQ formatting done
[M::mem_process_seqs_merge2] CPE FASTQ formatting done
processed 25868
[M::mem_process_seqs_merge2] Processed 25868 reads in 0.020 CPU sec, 1.411 real sec
[M::mem_process_seqs_merge2] CPE FASTQ formatting done
[M::mem_process_seqs_merge2] CPE FASTQ formatting done
[M::mem_process_seqs_merge2] CPE FASTQ formatting done
[M::mem_process_seqs_merge2] CPE FASTQ formatting done
[M::mem_process_seqs_merge2] CPE FASTQ formatting done
[M::process] read chunk (19660800 bytes/CG x 1 CGs, 4915300 bytes)...
[M::mem_process_seqs_merge2] CPE FASTQ formatting done
slave pre done
now n is 25868
slave pre done
now n is 25868
processed 25868
[M::mem_process_seqs_merge2] Processed 25868 reads in 0.030 CPU sec, 1.587 real sec
[M::mem_process_seqs_merge2] CPE FASTQ formatting done
processed 25868
[M::mem_process_seqs_merge2] Processed 25868 reads in 0.080 CPU sec, 1.351 real sec
slave pre done
now n is 25870
processed 25870
[M::mem_process_seqs_merge2] Processed 25870 reads in 0.040 CPU sec, 1.621 real sec
[M::process] read chunk (19660800 bytes/CG x 1 CGs, 4915300 bytes)...
[M::process] read chunk (19660800 bytes/CG x 1 CGs, 4915300 bytes)...
[M::process] read chunk (19660800 bytes/CG x 1 CGs, 4915300 bytes)...
[M::mem_process_seqs_merge2] CPE FASTQ formatting done
[M::mem_process_seqs_merge2] CPE FASTQ formatting done
slave pre done
now n is 25870
processed 25870
[M::mem_process_seqs_merge2] Processed 25870 reads in 0.060 CPU sec, 1.717 real sec
[M::mem_process_seqs_merge2] CPE FASTQ formatting done
slave pre done
now n is 25868
processed 25868
[M::mem_process_seqs_merge2] Processed 25868 reads in 0.060 CPU sec, 1.376 real sec
[M::process] read chunk (19660800 bytes/CG x 1 CGs, 4914920 bytes)...
[M::process] read chunk (19660800 bytes/CG x 1 CGs, 4915300 bytes)...
[M::mem_process_seqs_merge2] CPE FASTQ formatting done
slave pre done
now n is 25870
processed 25870
[M::mem_process_seqs_merge2] Processed 25870 reads in 0.060 CPU sec, 1.387 real sec
[M::process] read chunk (19660800 bytes/CG x 1 CGs, 4915300 bytes)...
[M::mem_process_seqs_merge2] CPE FASTQ formatting done
slave pre done
now n is 25870
processed 25870
[M::mem_process_seqs_merge2] Processed 25870 reads in 0.030 CPU sec, 1.503 real sec
slave pre done
now n is 25870
processed 25870
[M::mem_process_seqs_merge2] Processed 25870 reads in 0.040 CPU sec, 1.472 real sec
slave pre done
now n is 25870
processed 25870
[M::mem_process_seqs_merge2] Processed 25870 reads in 0.050 CPU sec, 1.469 real sec
[M::process] read chunk (19660800 bytes/CG x 1 CGs, 4914920 bytes)...
[M::mem_process_seqs_merge2] CPE FASTQ formatting done
[M::process] read chunk (19660800 bytes/CG x 1 CGs, 4914920 bytes)...
[M::process] read chunk (19660800 bytes/CG x 1 CGs, 1228540 bytes)...
[M::mem_process_seqs_merge2] CPE FASTQ formatting done
slave pre done
now n is 25870
processed 25870
[M::mem_process_seqs_merge2] Processed 25870 reads in 0.090 CPU sec, 1.337 real sec
slave pre done
now n is 25870
slave pre done
now n is 25870
processed 25870
[M::mem_process_seqs_merge2] Processed 25870 reads in 0.040 CPU sec, 1.529 real sec
processed 25870
[M::mem_process_seqs_merge2] Processed 25870 reads in 0.040 CPU sec, 1.510 real sec
[M::process] read chunk (19660800 bytes/CG x 1 CGs, 4915300 bytes)...
[M::process] read chunk (19660800 bytes/CG x 1 CGs, 4915300 bytes)...
[M::process] read chunk (19660800 bytes/CG x 1 CGs, 1228920 bytes)...
[M::mem_process_seqs_merge2] CPE FASTQ formatting done
slave pre done
now n is 25870
processed 25870
[M::mem_process_seqs_merge2] Processed 25870 reads in 0.070 CPU sec, 1.452 real sec
[M::mem_process_seqs_merge2] CPE FASTQ formatting done
slave pre done
now n is 25870
processed 25870
[M::mem_process_seqs_merge2] Processed 25870 reads in 0.060 CPU sec, 1.359 real sec
[M::mem_process_seqs_merge2] CPE FASTQ formatting done
slave pre done
now n is 25870
slave pre done
now n is 25870
[M::process] read chunk (19660800 bytes/CG x 1 CGs, 4915300 bytes)...
processed 25870
[M::mem_process_seqs_merge2] Processed 25870 reads in 0.030 CPU sec, 1.398 real sec
processed 25870
[M::mem_process_seqs_merge2] Processed 25870 reads in 0.020 CPU sec, 1.405 real sec
slave pre done
now n is 25868
slave pre done
now n is 25868
processed 25868
[M::mem_process_seqs_merge2] Processed 25868 reads in 0.040 CPU sec, 1.397 real sec
slave pre done
now n is 25868
[M::mem_process_seqs_merge2] CPE FASTQ formatting done
processed 25868
[M::mem_process_seqs_merge2] Processed 25868 reads in 0.020 CPU sec, 1.361 real sec
[M::process] read chunk (19660800 bytes/CG x 1 CGs, 4915300 bytes)...
processed 25868
[M::mem_process_seqs_merge2] Processed 25868 reads in 0.060 CPU sec, 1.519 real sec
[M::mem_process_seqs_merge2] CPE FASTQ formatting done
[M::process] read chunk (19660800 bytes/CG x 1 CGs, 4914920 bytes)...
[M::process] read chunk (19660800 bytes/CG x 1 CGs, 1228920 bytes)...
[M::process] read chunk (19660800 bytes/CG x 1 CGs, 4915300 bytes)...
slave pre done
now n is 25870
processed 25870
[M::mem_process_seqs_merge2] Processed 25870 reads in 0.030 CPU sec, 1.505 real sec
[M::process] read chunk (19660800 bytes/CG x 1 CGs, 4915300 bytes)...
[M::mem_process_seqs_merge2] CPE FASTQ formatting done
[M::process] read chunk (19660800 bytes/CG x 1 CGs, 1228920 bytes)...
[M::mem_process_seqs_merge2] CPE FASTQ formatting done
slave pre done
now n is 25870
processed 25870
[M::mem_process_seqs_merge2] Processed 25870 reads in 0.030 CPU sec, 1.449 real sec
[M::mem_process_seqs_merge2] CPE FASTQ formatting done
[M::mem_process_seqs_merge2] CPE FASTQ formatting done
slave pre done
now n is 25870
processed 25870
[M::process] read chunk (19660800 bytes/CG x 1 CGs, 1228920 bytes)...
[M::mem_process_seqs_merge2] Processed 25870 reads in 0.010 CPU sec, 1.435 real sec
slave pre done
now n is 25870
processed 25870
[M::mem_process_seqs_merge2] Processed 25870 reads in 0.050 CPU sec, 1.607 real sec
[M::mem_process_seqs_merge2] CPE FASTQ formatting done
[M::process] read chunk (19660800 bytes/CG x 1 CGs, 4914920 bytes)...
[M::process] read chunk (19660800 bytes/CG x 1 CGs, 4915300 bytes)...
[M::process] read chunk (19660800 bytes/CG x 1 CGs, 4915300 bytes)...
slave pre done
now n is 25870
processed 25870
[M::mem_process_seqs_merge2] Processed 25870 reads in 0.020 CPU sec, 1.751 real sec
[M::mem_process_seqs_merge2] CPE FASTQ formatting done
slave pre done
now n is 6466
processed 6466
[M::mem_process_seqs_merge2] Processed 6466 reads in 0.020 CPU sec, 0.671 real sec
[M::process] read chunk (19660800 bytes/CG x 1 CGs, 1228540 bytes)...
[M::mem_process_seqs_merge2] CPE FASTQ formatting done
slave pre done
now n is 25870
slave pre done
now n is 6468
[M::mem_process_seqs_merge2] CPE FASTQ formatting done
processed 25870
[M::mem_process_seqs_merge2] Processed 25870 reads in 0.040 CPU sec, 1.384 real sec
[M::mem_process_seqs_merge2] CPE FASTQ formatting done
processed 6468
[M::mem_process_seqs_merge2] Processed 6468 reads in 0.010 CPU sec, 0.564 real sec
[M::process] read chunk (19660800 bytes/CG x 1 CGs, 4914920 bytes)...
[M::process] read chunk (19660800 bytes/CG x 1 CGs, 1228920 bytes)...
[M::mem_process_seqs_merge2] CPE FASTQ formatting done
[M::mem_process_seqs_merge2] CPE FASTQ formatting done
[M::mem_process_seqs_merge2] CPE FASTQ formatting done
slave pre done
[M::process] read chunk (19660800 bytes/CG x 1 CGs, 4914920 bytes)...
now n is 25870
processed 25870
[M::mem_process_seqs_merge2] Processed 25870 reads in 0.020 CPU sec, 1.413 real sec
[M::mem_process_seqs_merge2] CPE FASTQ formatting done
[M::mem_process_seqs_merge2] CPE FASTQ formatting done
[M::process] read chunk (19660800 bytes/CG x 1 CGs, 1228540 bytes)...
slave pre done
now n is 25868
[M::mem_process_seqs_merge2] CPE FASTQ formatting done
processed 25868
[M::mem_process_seqs_merge2] Processed 25868 reads in 0.060 CPU sec, 1.373 real sec
[M::mem_process_seqs_merge2] CPE FASTQ formatting done
slave pre done
now n is 6468
[M::process] read chunk (19660800 bytes/CG x 1 CGs, 4915300 bytes)...
processed 6468
[M::mem_process_seqs_merge2] Processed 6468 reads in 0.040 CPU sec, 0.569 real sec
[M::process] read chunk (19660800 bytes/CG x 1 CGs, 1228920 bytes)...
slave pre done
now n is 25870
processed 25870
[M::mem_process_seqs_merge2] Processed 25870 reads in 0.020 CPU sec, 1.330 real sec
[M::mem_process_seqs_merge2] CPE FASTQ formatting done
slave pre done
now n is 6468
slave pre done
now n is 25870
processed 6468
[M::mem_process_seqs_merge2] Processed 6468 reads in 0.040 CPU sec, 0.681 real sec
processed 25870
[M::mem_process_seqs_merge2] CPE FASTQ formatting done
[M::mem_process_seqs_merge2] Processed 25870 reads in 0.030 CPU sec, 1.502 real sec
[M::process] read chunk (19660800 bytes/CG x 1 CGs, 1228920 bytes)...
slave pre done
now n is 25870
[M::process] read chunk (19660800 bytes/CG x 1 CGs, 1228920 bytes)...
processed 25870
[M::mem_process_seqs_merge2] Processed 25870 reads in 0.020 CPU sec, 1.947 real sec
[M::mem_process_seqs_merge2] CPE FASTQ formatting done
[M::mem_process_seqs_merge2] CPE FASTQ formatting done
[M::process] read chunk (19660800 bytes/CG x 1 CGs, 4915300 bytes)...
slave pre done
now n is 6468
processed 6468
[M::mem_process_seqs_merge2] Processed 6468 reads in 0.040 CPU sec, 0.607 real sec
[M::process] read chunk (19660800 bytes/CG x 1 CGs, 4915300 bytes)...
[M::process] read chunk (19660800 bytes/CG x 1 CGs, 1228920 bytes)...
slave pre done
now n is 6466
slave pre done
now n is 6468
processed 6466
[M::mem_process_seqs_merge2] Processed 6466 reads in 0.010 CPU sec, 0.621 real sec
[M::mem_process_seqs_merge2] CPE FASTQ formatting done
processed 6468
[M::mem_process_seqs_merge2] Processed 6468 reads in 0.010 CPU sec, 0.624 real sec
[M::process] read chunk (19660800 bytes/CG x 1 CGs, 1228920 bytes)...
[M::process] read chunk (19660800 bytes/CG x 1 CGs, 1228920 bytes)...
[M::mem_process_seqs_merge2] CPE FASTQ formatting done
slave pre done
now n is 6466
processed 6466
[M::mem_process_seqs_merge2] Processed 6466 reads in 0.010 CPU sec, 0.509 real sec
[M::process] read chunk (19660800 bytes/CG x 1 CGs, 1228920 bytes)...
[M::mem_process_seqs_merge2] CPE FASTQ formatting done
slave pre done
now n is 6468
[M::mem_process_seqs_merge2] CPE FASTQ formatting done
processed 6468
[M::mem_process_seqs_merge2] Processed 6468 reads in 0.040 CPU sec, 0.450 real sec
slave pre done
now n is 25870
processed 25870
[M::mem_process_seqs_merge2] Processed 25870 reads in 0.050 CPU sec, 1.420 real sec
[M::mem_process_seqs_merge2] CPE FASTQ formatting done
[M::process] read chunk (19660800 bytes/CG x 1 CGs, 1228540 bytes)...
[M::mem_process_seqs_merge2] CPE FASTQ formatting done
slave pre done
now n is 25870
[M::mem_process_seqs_merge2] CPE FASTQ formatting done
processed 25870
[M::mem_process_seqs_merge2] Processed 25870 reads in 0.080 CPU sec, 1.362 real sec
[M::process] read chunk (19660800 bytes/CG x 1 CGs, 4915300 bytes)...
slave pre done
now n is 6468
slave pre done
now n is 25868
processed 6468
[M::mem_process_seqs_merge2] Processed 6468 reads in 0.030 CPU sec, 0.468 real sec
processed 25868
[M::mem_process_seqs_merge2] Processed 25868 reads in 0.080 CPU sec, 1.411 real sec
slave pre done
now n is 25868
processed 25868
[M::mem_process_seqs_merge2] Processed 25868 reads in 0.020 CPU sec, 1.505 real sec
[M::process] read chunk (19660800 bytes/CG x 1 CGs, 1228920 bytes)...
[M::process] read chunk (19660800 bytes/CG x 1 CGs, 1228920 bytes)...
slave pre done
now n is 25870
[M::mem_process_seqs_merge2] CPE FASTQ formatting done
processed 25870
[M::mem_process_seqs_merge2] Processed 25870 reads in 0.010 CPU sec, 1.355 real sec
[M::mem_process_seqs_merge2] CPE FASTQ formatting done
[M::process] read chunk (19660800 bytes/CG x 1 CGs, 1228540 bytes)...
[M::process] read chunk (19660800 bytes/CG x 1 CGs, 1228540 bytes)...
[M::mem_process_seqs_merge2] CPE FASTQ formatting done
slave pre done
now n is 6468
processed 6468
[M::mem_process_seqs_merge2] Processed 6468 reads in 0.040 CPU sec, 0.587 real sec
[M::mem_process_seqs_merge2] CPE FASTQ formatting done
[M::process] read chunk (19660800 bytes/CG x 1 CGs, 1228920 bytes)...
[M::mem_process_seqs_merge2] CPE FASTQ formatting done
slave pre done
now n is 25868
[M::process] read chunk (19660800 bytes/CG x 1 CGs, 1228920 bytes)...
processed 25868
[M::mem_process_seqs_merge2] Processed 25868 reads in 0.060 CPU sec, 1.455 real sec
[M::mem_process_seqs_merge2] CPE FASTQ formatting done
slave pre done
now n is 25870
processed 25870
[M::mem_process_seqs_merge2] Processed 25870 reads in 0.100 CPU sec, 1.497 real sec
[M::process] read chunk (19660800 bytes/CG x 1 CGs, 4915300 bytes)...
slave pre done
now n is 6468
[M::mem_process_seqs_merge2] CPE FASTQ formatting done
processed 6468
[M::mem_process_seqs_merge2] Processed 6468 reads in 0.010 CPU sec, 0.442 real sec
slave pre done
now n is 25870
processed 25870
[M::mem_process_seqs_merge2] Processed 25870 reads in 0.020 CPU sec, 1.414 real sec
[M::process] read chunk (19660800 bytes/CG x 1 CGs, 4915300 bytes)...
[M::process] read chunk (19660800 bytes/CG x 1 CGs, 1228920 bytes)...
[M::mem_process_seqs_merge2] CPE FASTQ formatting done
[M::process] read chunk (19660800 bytes/CG x 1 CGs, 4915300 bytes)...
slave pre done
now n is 6468
slave pre done
now n is 6468
processed 6468
[M::mem_process_seqs_merge2] Processed 6468 reads in 0.010 CPU sec, 0.489 real sec
processed 6468
[M::mem_process_seqs_merge2] Processed 6468 reads in 0.020 CPU sec, 0.517 real sec
slave pre done
now n is 25868
processed 25868
[M::mem_process_seqs_merge2] Processed 25868 reads in 0.030 CPU sec, 1.364 real sec
slave pre done
now n is 6466
[M::process] read chunk (19660800 bytes/CG x 1 CGs, 1228920 bytes)...
slave pre done
now n is 25870
slave pre done
now n is 25870
processed 25870
[M::process] read chunk (19660800 bytes/CG x 1 CGs, 1228540 bytes)...
[M::mem_process_seqs_merge2] Processed 25870 reads in 0.030 CPU sec, 1.429 real sec
processed 25870
processed 6466
[M::mem_process_seqs_merge2] Processed 6466 reads in 0.040 CPU sec, 0.517 real sec
[M::mem_process_seqs_merge2] Processed 25870 reads in 0.050 CPU sec, 1.508 real sec
slave pre done
now n is 6468
processed 6468
[M::mem_process_seqs_merge2] Processed 6468 reads in 0.020 CPU sec, 0.759 real sec
[M::process] read chunk (19660800 bytes/CG x 1 CGs, 1228540 bytes)...
[M::process] read chunk (19660800 bytes/CG x 1 CGs, 1228540 bytes)...
[M::process] read chunk (19660800 bytes/CG x 1 CGs, 1228920 bytes)...
[M::mem_process_seqs_merge2] CPE FASTQ formatting done
[M::mem_process_seqs_merge2] CPE FASTQ formatting done
[M::mem_process_seqs_merge2] CPE FASTQ formatting done
[M::process] read chunk (19660800 bytes/CG x 1 CGs, 1228920 bytes)...
[M::process] read chunk (19660800 bytes/CG x 1 CGs, 4915300 bytes)...
slave pre done
now n is 6468
processed 6468
[M::mem_process_seqs_merge2] Processed 6468 reads in 0.020 CPU sec, 0.425 real sec
slave pre done
now n is 25870
[M::mem_process_seqs_merge2] CPE FASTQ formatting done
processed 25870
[M::mem_process_seqs_merge2] Processed 25870 reads in 0.030 CPU sec, 1.612 real sec
slave pre done
now n is 6466
processed 6466
[M::mem_process_seqs_merge2] Processed 6466 reads in 0.020 CPU sec, 0.502 real sec
slave pre done
now n is 6466
[M::process] read chunk (19660800 bytes/CG x 1 CGs, 1228920 bytes)...
slave pre done
now n is 25868
[M::mem_process_seqs_merge2] CPE FASTQ formatting done
processed 6466
[M::mem_process_seqs_merge2] Processed 6466 reads in 0.010 CPU sec, 0.494 real sec
[M::mem_process_seqs_merge2] CPE FASTQ formatting done
processed 25868
[M::mem_process_seqs_merge2] Processed 25868 reads in 0.040 CPU sec, 1.442 real sec
slave pre done
now n is 25868
processed 25868
[M::mem_process_seqs_merge2] Processed 25868 reads in 0.050 CPU sec, 1.520 real sec
[M::process] read chunk (19660800 bytes/CG x 1 CGs, 1228540 bytes)...
slave pre done
now n is 6468
[M::process] read chunk (19660800 bytes/CG x 1 CGs, 1228540 bytes)...
[M::process] read chunk (19660800 bytes/CG x 1 CGs, 4914920 bytes)...
processed 6468
[M::mem_process_seqs_merge2] Processed 6468 reads in 0.040 CPU sec, 0.609 real sec
[M::mem_process_seqs_merge2] CPE FASTQ formatting done
[M::process] read chunk (19660800 bytes/CG x 1 CGs, 1228920 bytes)...
slave pre done
now n is 6468
[M::mem_process_seqs_merge2] CPE FASTQ formatting done
processed 6468
[M::mem_process_seqs_merge2] Processed 6468 reads in 0.020 CPU sec, 0.462 real sec
[M::process] read chunk (19660800 bytes/CG x 1 CGs, 4915300 bytes)...
slave pre done
now n is 6468
[M::process] read chunk (19660800 bytes/CG x 1 CGs, 4915300 bytes)...
processed 6468
[M::mem_process_seqs_merge2] Processed 6468 reads in 0.020 CPU sec, 0.581 real sec
[M::process] read chunk (19660800 bytes/CG x 1 CGs, 1228540 bytes)...
[M::process] read chunk (19660800 bytes/CG x 1 CGs, 1228920 bytes)...
[M::mem_process_seqs_merge2] CPE FASTQ formatting done
[M::mem_process_seqs_merge2] CPE FASTQ formatting done
[M::mem_process_seqs_merge2] CPE FASTQ formatting done
[M::mem_process_seqs_merge2] CPE FASTQ formatting done
[M::mem_process_seqs_merge2] CPE FASTQ formatting done
[M::mem_process_seqs_merge2] CPE FASTQ formatting done
[M::mem_process_seqs_merge2] CPE FASTQ formatting done
[M::mem_process_seqs_merge2] CPE FASTQ formatting done
[M::mem_process_seqs_merge2] CPE FASTQ formatting done
slave pre done
now n is 6466
processed 6466
[M::mem_process_seqs_merge2] Processed 6466 reads in 0.030 CPU sec, 0.485 real sec
[M::mem_process_seqs_merge2] CPE FASTQ formatting done
slave pre done
now n is 6468
processed 6468
[M::mem_process_seqs_merge2] Processed 6468 reads in 0.030 CPU sec, 0.463 real sec
slave pre done
now n is 25870
[M::process] read chunk (19660800 bytes/CG x 1 CGs, 1228540 bytes)...
[M::mem_process_seqs_merge2] CPE FASTQ formatting done
processed 25870
[M::mem_process_seqs_merge2] Processed 25870 reads in 0.090 CPU sec, 1.568 real sec
[M::process] read chunk (19660800 bytes/CG x 1 CGs, 1228920 bytes)...
slave pre done
now n is 6468
processed 6468
[M::mem_process_seqs_merge2] Processed 6468 reads in 0.020 CPU sec, 0.563 real sec
[M::mem_process_seqs_merge2] CPE FASTQ formatting done
[M::process] read chunk (19660800 bytes/CG x 1 CGs, 4915300 bytes)...
[M::process] read chunk (19660800 bytes/CG x 1 CGs, 1228920 bytes)...
slave pre done
now n is 6466
slave pre done
now n is 6468
slave pre done
now n is 25870
processed 6466
[M::mem_process_seqs_merge2] Processed 6466 reads in 0.010 CPU sec, 0.484 real sec
processed 25870
[M::mem_process_seqs_merge2] Processed 25870 reads in 0.020 CPU sec, 1.512 real sec
processed 6468
[M::mem_process_seqs_merge2] Processed 6468 reads in 0.010 CPU sec, 0.648 real sec
[M::process] read chunk (19660800 bytes/CG x 1 CGs, 1228540 bytes)...
slave pre done
now n is 25870
[M::process] read chunk (19660800 bytes/CG x 1 CGs, 1228920 bytes)...
[M::mem_process_seqs_merge2] CPE FASTQ formatting done
processed 25870
[M::mem_process_seqs_merge2] Processed 25870 reads in 0.010 CPU sec, 1.359 real sec
slave pre done
now n is 6466
processed 6466
[M::mem_process_seqs_merge2] Processed 6466 reads in 0.020 CPU sec, 0.535 real sec
[M::mem_process_seqs_merge2] CPE FASTQ formatting done
slave pre done
now n is 6466
processed 6466
[M::mem_process_seqs_merge2] Processed 6466 reads in 0.020 CPU sec, 0.476 real sec
[M::process] read chunk (19660800 bytes/CG x 1 CGs, 4915300 bytes)...
[M::mem_process_seqs_merge2] CPE FASTQ formatting done
[M::mem_process_seqs_merge2] CPE FASTQ formatting done
[M::process] read chunk (19660800 bytes/CG x 1 CGs, 1228920 bytes)...
[M::mem_process_seqs_merge2] CPE FASTQ formatting done
slave pre done
now n is 6466
slave pre done
now n is 6468
slave pre done
now n is 6468
[M::mem_process_seqs_merge2] CPE FASTQ formatting done
processed 6468
[M::mem_process_seqs_merge2] Processed 6468 reads in 0.010 CPU sec, 0.508 real sec
processed 6466
[M::mem_process_seqs_merge2] Processed 6466 reads in 0.010 CPU sec, 0.500 real sec
processed 6468
[M::mem_process_seqs_merge2] Processed 6468 reads in 0.020 CPU sec, 0.523 real sec
[M::process] read chunk (19660800 bytes/CG x 1 CGs, 1228920 bytes)...
[M::process] read chunk (19660800 bytes/CG x 1 CGs, 1228540 bytes)...
[M::process] read chunk (19660800 bytes/CG x 1 CGs, 1228920 bytes)...
[M::mem_process_seqs_merge2] CPE FASTQ formatting done
slave pre done
now n is 6466
[M::process] read chunk (19660800 bytes/CG x 1 CGs, 1228920 bytes)...
processed 6466
[M::mem_process_seqs_merge2] Processed 6466 reads in 0.010 CPU sec, 0.544 real sec
[M::mem_process_seqs_merge2] CPE FASTQ formatting done
[M::mem_process_seqs_merge2] CPE FASTQ formatting done
[M::process] read chunk (19660800 bytes/CG x 1 CGs, 1228920 bytes)...
[M::mem_process_seqs_merge2] CPE FASTQ formatting done
[M::process] read chunk (19660800 bytes/CG x 1 CGs, 1228540 bytes)...
[M::mem_process_seqs_merge2] CPE FASTQ formatting done
slave pre done
now n is 25870
processed 25870
[M::mem_process_seqs_merge2] Processed 25870 reads in 0.040 CPU sec, 1.353 real sec
[M::mem_process_seqs_merge2] CPE FASTQ formatting done
[M::mem_process_seqs_merge2] CPE FASTQ formatting done
slave pre done
now n is 6468
slave pre done
now n is 6468
processed 6468
[M::mem_process_seqs_merge2] Processed 6468 reads in 0.010 CPU sec, 0.505 real sec
processed 6468
[M::mem_process_seqs_merge2] Processed 6468 reads in 0.030 CPU sec, 0.426 real sec
[M::process] read chunk (19660800 bytes/CG x 1 CGs, 4914920 bytes)...
[M::process] read chunk (19660800 bytes/CG x 1 CGs, 1228920 bytes)...
[M::process] read chunk (19660800 bytes/CG x 1 CGs, 1228920 bytes)...
[M::mem_process_seqs_merge2] CPE FASTQ formatting done
[M::mem_process_seqs_merge2] CPE FASTQ formatting done
slave pre done
[M::mem_process_seqs_merge2] CPE FASTQ formatting done
now n is 6468
processed 6468
[M::mem_process_seqs_merge2] Processed 6468 reads in 0.010 CPU sec, 0.867 real sec
slave pre done
now n is 6466
processed 6466
[M::mem_process_seqs_merge2] Processed 6466 reads in 0.040 CPU sec, 0.452 real sec
[M::process] read chunk (19660800 bytes/CG x 1 CGs, 1228920 bytes)...
slave pre done
now n is 6468
processed 6468
[M::mem_process_seqs_merge2] Processed 6468 reads in 0.020 CPU sec, 0.472 real sec
[M::process] read chunk (19660800 bytes/CG x 1 CGs, 1228540 bytes)...
slave pre done
now n is 6466
slave pre done
now n is 6468
processed 6466
[M::mem_process_seqs_merge2] Processed 6466 reads in 0.010 CPU sec, 0.519 real sec
[M::mem_process_seqs_merge2] CPE FASTQ formatting done
processed 6468
[M::mem_process_seqs_merge2] Processed 6468 reads in 0.040 CPU sec, 0.582 real sec
slave pre done
now n is 6468
slave pre done
now n is 6468
[M::process] read chunk (19660800 bytes/CG x 1 CGs, 1228920 bytes)...
processed 6468
[M::mem_process_seqs_merge2] Processed 6468 reads in 0.010 CPU sec, 0.455 real sec
processed 6468
[M::mem_process_seqs_merge2] Processed 6468 reads in 0.020 CPU sec, 0.468 real sec
[M::mem_process_seqs_merge2] CPE FASTQ formatting done
[M::process] read chunk (19660800 bytes/CG x 1 CGs, 1228920 bytes)...
[M::process] read chunk (19660800 bytes/CG x 1 CGs, 1228920 bytes)...
[M::process] read chunk (19660800 bytes/CG x 1 CGs, 1228920 bytes)...
slave pre done
now n is 25870
[M::mem_process_seqs_merge2] CPE FASTQ formatting done
[M::process] read chunk (19660800 bytes/CG x 1 CGs, 1228920 bytes)...
processed 25870
[M::mem_process_seqs_merge2] Processed 25870 reads in 0.040 CPU sec, 1.479 real sec
[M::mem_process_seqs_merge2] CPE FASTQ formatting done
[M::mem_process_seqs_merge2] CPE FASTQ formatting done
slave pre done
now n is 6466
slave pre done
now n is 6468
slave pre done
now n is 6468
processed 6466
[M::mem_process_seqs_merge2] Processed 6466 reads in 0.010 CPU sec, 0.494 real sec
processed 6468
[M::mem_process_seqs_merge2] Processed 6468 reads in 0.030 CPU sec, 0.533 real sec
[M::process] read chunk (19660800 bytes/CG x 1 CGs, 4915300 bytes)...
processed 6468
[M::mem_process_seqs_merge2] Processed 6468 reads in 0.020 CPU sec, 0.677 real sec
[M::process] read chunk (19660800 bytes/CG x 1 CGs, 1228540 bytes)...
[M::process] read chunk (19660800 bytes/CG x 1 CGs, 1228920 bytes)...
[M::mem_process_seqs_merge2] CPE FASTQ formatting done
[M::mem_process_seqs_merge2] CPE FASTQ formatting done
[M::process] read chunk (19660800 bytes/CG x 1 CGs, 1228540 bytes)...
[M::mem_process_seqs_merge2] CPE FASTQ formatting done
slave pre done
now n is 6468
[M::mem_process_seqs_merge2] CPE FASTQ formatting done
processed 6468
[M::mem_process_seqs_merge2] Processed 6468 reads in 0.010 CPU sec, 0.537 real sec
[M::mem_process_seqs_merge2] CPE FASTQ formatting done
slave pre done
now n is 25870
processed 25870
slave pre done
now n is 6466
[M::mem_process_seqs_merge2] Processed 25870 reads in 0.110 CPU sec, 1.388 real sec
[M::mem_process_seqs_merge2] CPE FASTQ formatting done
processed 6466
[M::mem_process_seqs_merge2] Processed 6466 reads in 0.020 CPU sec, 0.580 real sec
[M::process] read chunk (19660800 bytes/CG x 1 CGs, 1228540 bytes)...
[M::process] read chunk (19660800 bytes/CG x 1 CGs, 1228920 bytes)...
slave pre done
now n is 25870
processed 25870
[M::mem_process_seqs_merge2] Processed 25870 reads in 0.040 CPU sec, 1.458 real sec
[M::process] read chunk (19660800 bytes/CG x 1 CGs, 4915300 bytes)...
[M::mem_process_seqs_merge2] CPE FASTQ formatting done
[M::mem_process_seqs_merge2] CPE FASTQ formatting done
slave pre done
now n is 6468
slave pre done
now n is 6468
processed 6468
[M::process] read chunk (19660800 bytes/CG x 1 CGs, 4914920 bytes)...
[M::mem_process_seqs_merge2] Processed 6468 reads in 0.010 CPU sec, 0.532 real sec
processed 6468
[M::mem_process_seqs_merge2] Processed 6468 reads in 0.020 CPU sec, 0.493 real sec
[M::process] read chunk (19660800 bytes/CG x 1 CGs, 1228920 bytes)...
[M::mem_process_seqs_merge2] CPE FASTQ formatting done
[M::process] read chunk (19660800 bytes/CG x 1 CGs, 1228920 bytes)...
[M::mem_process_seqs_merge2] CPE FASTQ formatting done
slave pre done
now n is 25870
processed 25870
[M::mem_process_seqs_merge2] Processed 25870 reads in 0.050 CPU sec, 1.421 real sec
slave pre done
now n is 6468
[M::mem_process_seqs_merge2] CPE FASTQ formatting done
processed 6468
[M::mem_process_seqs_merge2] Processed 6468 reads in 0.010 CPU sec, 0.486 real sec
[M::mem_process_seqs_merge2] CPE FASTQ formatting done
slave pre done
now n is 6468
[M::process] read chunk (19660800 bytes/CG x 1 CGs, 1228920 bytes)...
slave pre done
now n is 6468
slave pre done
now n is 25870
slave pre done
now n is 6468
processed 6468
[M::mem_process_seqs_merge2] Processed 6468 reads in 0.010 CPU sec, 0.467 real sec
processed 25870
[M::mem_process_seqs_merge2] Processed 25870 reads in 0.020 CPU sec, 1.414 real sec
processed 6468
slave pre done
[M::mem_process_seqs_merge2] Processed 6468 reads in 0.020 CPU sec, 0.480 real sec
now n is 6466
processed 6468
[M::mem_process_seqs_merge2] Processed 6468 reads in 0.030 CPU sec, 0.518 real sec
processed 6466
[M::mem_process_seqs_merge2] Processed 6466 reads in 0.010 CPU sec, 0.510 real sec
[M::process] read chunk (19660800 bytes/CG x 1 CGs, 1228540 bytes)...
[M::mem_process_seqs_merge2] CPE FASTQ formatting done
[M::process] read chunk (19660800 bytes/CG x 1 CGs, 1228920 bytes)...
[M::process] read chunk (19660800 bytes/CG x 1 CGs, 1228920 bytes)...
[M::mem_process_seqs_merge2] CPE FASTQ formatting done
[M::process] read chunk (19660800 bytes/CG x 1 CGs, 1228920 bytes)...
[M::process] read chunk (19660800 bytes/CG x 1 CGs, 1228920 bytes)...
slave pre done
slave pre done
now n is 6468
now n is 25868
slave pre done
now n is 25870
processed 6468
processed 25868
[M::mem_process_seqs_merge2] Processed 6468 reads in 0.010 CPU sec, 0.451 real sec
[M::mem_process_seqs_merge2] Processed 25868 reads in 0.030 CPU sec, 1.369 real sec
processed 25870
[M::mem_process_seqs_merge2] Processed 25870 reads in 0.060 CPU sec, 1.430 real sec
[M::process] read chunk (19660800 bytes/CG x 1 CGs, 1228920 bytes)...
[M::process] read chunk (19660800 bytes/CG x 1 CGs, 1228920 bytes)...
[M::mem_process_seqs_merge2] CPE FASTQ formatting done
[M::process] read chunk (19660800 bytes/CG x 1 CGs, 1228920 bytes)...
[M::process] read chunk (19660800 bytes/CG x 1 CGs, 1228540 bytes)...
[M::mem_process_seqs_merge2] CPE FASTQ formatting done
[M::mem_process_seqs_merge2] CPE FASTQ formatting done
[M::mem_process_seqs_merge2] CPE FASTQ formatting done
[M::mem_process_seqs_merge2] CPE FASTQ formatting done
[M::mem_process_seqs_merge2] CPE FASTQ formatting done
slave pre done
now n is 6466
processed 6466
[M::mem_process_seqs_merge2] Processed 6466 reads in 0.020 CPU sec, 0.470 real sec
slave pre done
now n is 6468
slave pre done
now n is 6468
processed 6468
[M::mem_process_seqs_merge2] Processed 6468 reads in 0.030 CPU sec, 0.510 real sec
[M::process] read chunk (19660800 bytes/CG x 1 CGs, 1228540 bytes)...
processed 6468
[M::mem_process_seqs_merge2] Processed 6468 reads in 0.020 CPU sec, 0.679 real sec
slave pre done
now n is 6468
processed 6468
[M::mem_process_seqs_merge2] Processed 6468 reads in 0.020 CPU sec, 0.705 real sec
[M::mem_process_seqs_merge2] CPE FASTQ formatting done
slave pre done
now n is 25870
[M::process] read chunk (19660800 bytes/CG x 1 CGs, 1228920 bytes)...
[M::mem_process_seqs_merge2] CPE FASTQ formatting done
[M::mem_process_seqs_merge2] CPE FASTQ formatting done
processed 25870
[M::mem_process_seqs_merge2] Processed 25870 reads in 0.020 CPU sec, 1.401 real sec
[M::process] read chunk (19660800 bytes/CG x 1 CGs, 1228920 bytes)...
[M::process] read chunk (19660800 bytes/CG x 1 CGs, 1228920 bytes)...
slave pre done
now n is 25870
slave pre done
now n is 6466
processed 25870
[M::mem_process_seqs_merge2] Processed 25870 reads in 0.030 CPU sec, 1.364 real sec
slave pre done
now n is 6468
processed 6466
[M::mem_process_seqs_merge2] Processed 6466 reads in 0.030 CPU sec, 0.783 real sec
[M::mem_process_seqs_merge2] CPE FASTQ formatting done
slave pre done
now n is 6466
[M::process] read chunk (19660800 bytes/CG x 1 CGs, 1228920 bytes)...
[M::process] read chunk (19660800 bytes/CG x 1 CGs, 1228540 bytes)...
processed 6468
[M::mem_process_seqs_merge2] Processed 6468 reads in 0.010 CPU sec, 0.498 real sec
processed 6466
[M::mem_process_seqs_merge2] Processed 6466 reads in 0.020 CPU sec, 0.759 real sec
[M::mem_process_seqs_merge2] CPE FASTQ formatting done
[M::process] read chunk (19660800 bytes/CG x 1 CGs, 1228920 bytes)...
[M::mem_process_seqs_merge2] CPE FASTQ formatting done
[M::process] read chunk (19660800 bytes/CG x 1 CGs, 1228540 bytes)...
[M::process] read chunk (19660800 bytes/CG x 1 CGs, 4914920 bytes)...
slave pre done
now n is 6468
processed 6468
[M::mem_process_seqs_merge2] Processed 6468 reads in 0.010 CPU sec, 0.600 real sec
[M::mem_process_seqs_merge2] CPE FASTQ formatting done
slave pre done
now n is 6468
processed 6468
[M::mem_process_seqs_merge2] Processed 6468 reads in 0.050 CPU sec, 0.511 real sec
[M::process] read chunk (19660800 bytes/CG x 1 CGs, 1228920 bytes)...
[M::mem_process_seqs_merge2] CPE FASTQ formatting done
[M::process] read chunk (19660800 bytes/CG x 1 CGs, 1228920 bytes)...
[M::mem_process_seqs_merge2] CPE FASTQ formatting done
[M::mem_process_seqs_merge2] CPE FASTQ formatting done
[M::mem_process_seqs_merge2] CPE FASTQ formatting done
slave pre done
now n is 6466
[M::mem_process_seqs_merge2] CPE FASTQ formatting done
processed 6466
[M::mem_process_seqs_merge2] Processed 6466 reads in 0.010 CPU sec, 0.588 real sec
slave pre done
now n is 25868
slave pre done
now n is 6468
processed 25868
[M::mem_process_seqs_merge2] Processed 25868 reads in 0.020 CPU sec, 1.324 real sec
processed 6468
[M::mem_process_seqs_merge2] Processed 6468 reads in 0.020 CPU sec, 0.474 real sec
[M::mem_process_seqs_merge2] CPE FASTQ formatting done
[M::process] read chunk (19660800 bytes/CG x 1 CGs, 1228540 bytes)...
slave pre done
now n is 6468
processed 6468
[M::process] read chunk (19660800 bytes/CG x 1 CGs, 1228920 bytes)...
[M::mem_process_seqs_merge2] Processed 6468 reads in 0.010 CPU sec, 0.502 real sec
[M::mem_process_seqs_merge2] CPE FASTQ formatting done
[M::process] read chunk (19660800 bytes/CG x 1 CGs, 4915300 bytes)...
[M::mem_process_seqs_merge2] CPE FASTQ formatting done
[M::process] read chunk (19660800 bytes/CG x 1 CGs, 1228920 bytes)...
slave pre done
now n is 6468
processed 6468
[M::mem_process_seqs_merge2] Processed 6468 reads in 0.020 CPU sec, 0.588 real sec
slave pre done
now n is 6468
processed 6468
[M::mem_process_seqs_merge2] Processed 6468 reads in 0.010 CPU sec, 0.600 real sec
slave pre done
now n is 6466
[M::process] read chunk (19660800 bytes/CG x 1 CGs, 1228920 bytes)...
slave pre done
now n is 6468
processed 6466
[M::mem_process_seqs_merge2] Processed 6466 reads in 0.010 CPU sec, 0.486 real sec
[M::process] read chunk (19660800 bytes/CG x 1 CGs, 1228920 bytes)...
processed 6468
[M::mem_process_seqs_merge2] Processed 6468 reads in 0.020 CPU sec, 0.657 real sec
[M::mem_process_seqs_merge2] CPE FASTQ formatting done
[M::mem_process_seqs_merge2] CPE FASTQ formatting done
[M::process] read chunk (19660800 bytes/CG x 1 CGs, 1228540 bytes)...
[M::process] read chunk (19660800 bytes/CG x 1 CGs, 1228540 bytes)...
[M::mem_process_seqs_merge2] CPE FASTQ formatting done
[M::mem_process_seqs_merge2] CPE FASTQ formatting done
slave pre done
now n is 6466
slave pre done
now n is 6468
processed 6466
[M::mem_process_seqs_merge2] Processed 6466 reads in 0.010 CPU sec, 0.440 real sec
processed 6468
[M::mem_process_seqs_merge2] Processed 6468 reads in 0.020 CPU sec, 0.659 real sec
[M::mem_process_seqs_merge2] CPE FASTQ formatting done
[M::process] read chunk (19660800 bytes/CG x 1 CGs, 1228920 bytes)...
[M::process] read chunk (19660800 bytes/CG x 1 CGs, 1228920 bytes)...
slave pre done
now n is 6468
[M::mem_process_seqs_merge2] CPE FASTQ formatting done
slave pre done
now n is 6468
processed 6468
[M::mem_process_seqs_merge2] Processed 6468 reads in 0.020 CPU sec, 0.561 real sec
slave pre done
now n is 6468
processed 6468
[M::mem_process_seqs_merge2] Processed 6468 reads in 0.010 CPU sec, 0.479 real sec
slave pre done
now n is 6468
processed 6468
[M::mem_process_seqs_merge2] Processed 6468 reads in 0.030 CPU sec, 0.548 real sec
processed 6468
[M::mem_process_seqs_merge2] Processed 6468 reads in 0.010 CPU sec, 0.642 real sec
[M::process] read chunk (19660800 bytes/CG x 1 CGs, 1228920 bytes)...
slave pre done
now n is 6466
processed 6466
[M::mem_process_seqs_merge2] Processed 6466 reads in 0.030 CPU sec, 0.668 real sec
[M::process] read chunk (19660800 bytes/CG x 1 CGs, 1228920 bytes)...
[M::process] read chunk (19660800 bytes/CG x 1 CGs, 1228920 bytes)...
[M::process] read chunk (19660800 bytes/CG x 1 CGs, 1228920 bytes)...
[M::mem_process_seqs_merge2] CPE FASTQ formatting done
[M::process] read chunk (19660800 bytes/CG x 1 CGs, 1228540 bytes)...
slave pre done
now n is 6468
slave pre done
now n is 6468
[M::mem_process_seqs_merge2] CPE FASTQ formatting done
[M::mem_process_seqs_merge2] CPE FASTQ formatting done
slave pre done
now n is 6468
processed 6468
[M::mem_process_seqs_merge2] Processed 6468 reads in 0.030 CPU sec, 0.529 real sec
processed 6468
[M::mem_process_seqs_merge2] Processed 6468 reads in 0.010 CPU sec, 0.500 real sec
processed 6468
[M::mem_process_seqs_merge2] Processed 6468 reads in 0.030 CPU sec, 0.483 real sec
[M::mem_process_seqs_merge2] CPE FASTQ formatting done
[M::process] read chunk (19660800 bytes/CG x 1 CGs, 1228920 bytes)...
slave pre done
now n is 6468
processed 6468
[M::mem_process_seqs_merge2] Processed 6468 reads in 0.010 CPU sec, 0.425 real sec
[M::process] read chunk (19660800 bytes/CG x 1 CGs, 1228540 bytes)...
[M::process] read chunk (19660800 bytes/CG x 1 CGs, 1228920 bytes)...
[M::mem_process_seqs_merge2] CPE FASTQ formatting done
[M::mem_process_seqs_merge2] CPE FASTQ formatting done
[M::mem_process_seqs_merge2] CPE FASTQ formatting done
[M::mem_process_seqs_merge2] CPE FASTQ formatting done
[M::mem_process_seqs_merge2] CPE FASTQ formatting done
slave pre done
now n is 6466
[M::mem_process_seqs_merge2] CPE FASTQ formatting done
processed 6466
[M::mem_process_seqs_merge2] Processed 6466 reads in 0.020 CPU sec, 0.500 real sec
[M::process] read chunk (19660800 bytes/CG x 1 CGs, 1228920 bytes)...
slave pre done
now n is 25870
slave pre done
now n is 25870
processed 25870
[M::mem_process_seqs_merge2] Processed 25870 reads in 0.070 CPU sec, 1.525 real sec
slave pre done
now n is 6468
[M::mem_process_seqs_merge2] CPE FASTQ formatting done
processed 25870
[M::mem_process_seqs_merge2] Processed 25870 reads in 0.060 CPU sec, 1.343 real sec
[M::process] read chunk (19660800 bytes/CG x 1 CGs, 1228920 bytes)...
processed 6468
[M::mem_process_seqs_merge2] Processed 6468 reads in 0.020 CPU sec, 0.633 real sec
slave pre done
now n is 6466
processed 6466
[M::mem_process_seqs_merge2] Processed 6466 reads in 0.020 CPU sec, 0.611 real sec
[M::mem_process_seqs_merge2] CPE FASTQ formatting done
[M::process] read chunk (19660800 bytes/CG x 1 CGs, 1228920 bytes)...
[M::process] read chunk (19660800 bytes/CG x 1 CGs, 1228540 bytes)...
[M::process] read chunk (19660800 bytes/CG x 1 CGs, 4915300 bytes)...
[M::process] read chunk (19660800 bytes/CG x 1 CGs, 1228540 bytes)...
slave pre done
now n is 6468
[M::mem_process_seqs_merge2] CPE FASTQ formatting done
processed 6468
[M::mem_process_seqs_merge2] Processed 6468 reads in 0.020 CPU sec, 0.473 real sec
[M::mem_process_seqs_merge2] CPE FASTQ formatting done
slave pre done
now n is 6466
processed 6466
[M::mem_process_seqs_merge2] Processed 6466 reads in 0.020 CPU sec, 0.497 real sec
[M::mem_process_seqs_merge2] CPE FASTQ formatting done
[M::process] read chunk (19660800 bytes/CG x 1 CGs, 1228920 bytes)...
[M::process] read chunk (19660800 bytes/CG x 1 CGs, 1228920 bytes)...
[M::mem_process_seqs_merge2] CPE FASTQ formatting done
slave pre done
now n is 6468
processed 6468
[M::mem_process_seqs_merge2] Processed 6468 reads in 0.010 CPU sec, 0.537 real sec
[M::mem_process_seqs_merge2] CPE FASTQ formatting done
[M::process] read chunk (19660800 bytes/CG x 1 CGs, 1228920 bytes)...
slave pre done
now n is 6468
processed 6468
[M::mem_process_seqs_merge2] Processed 6468 reads in 0.010 CPU sec, 0.582 real sec
slave pre done
now n is 6468
[M::mem_process_seqs_merge2] CPE FASTQ formatting done
processed 6468
[M::mem_process_seqs_merge2] Processed 6468 reads in 0.040 CPU sec, 0.507 real sec
slave pre done
now n is 25868
processed 25868
[M::mem_process_seqs_merge2] Processed 25868 reads in 0.040 CPU sec, 1.604 real sec
[M::process] read chunk (19660800 bytes/CG x 1 CGs, 1228920 bytes)...
slave pre done
now n is 6466
slave pre done
now n is 6468
[M::mem_process_seqs_merge2] CPE FASTQ formatting done
processed 6466
[M::mem_process_seqs_merge2] Processed 6466 reads in 0.010 CPU sec, 0.501 real sec
[M::mem_process_seqs_merge2] CPE FASTQ formatting done
processed 6468
[M::mem_process_seqs_merge2] Processed 6468 reads in 0.020 CPU sec, 0.414 real sec
slave pre done
now n is 6468
[M::process] read chunk (19660800 bytes/CG x 1 CGs, 1228540 bytes)...
slave pre done
now n is 6468
processed 6468
[M::mem_process_seqs_merge2] Processed 6468 reads in 0.030 CPU sec, 0.443 real sec
[M::mem_process_seqs_merge2] CPE FASTQ formatting done
slave pre done
now n is 6468
processed 6468
[M::mem_process_seqs_merge2] Processed 6468 reads in 0.010 CPU sec, 0.788 real sec
processed 6468
[M::process] read chunk (19660800 bytes/CG x 1 CGs, 1228540 bytes)...
[M::process] read chunk (19660800 bytes/CG x 1 CGs, 4915300 bytes)...
[M::mem_process_seqs_merge2] Processed 6468 reads in 0.010 CPU sec, 0.541 real sec
slave pre done
now n is 6466
[M::process] read chunk (19660800 bytes/CG x 1 CGs, 1228540 bytes)...
[M::process] read chunk (19660800 bytes/CG x 1 CGs, 1228920 bytes)...
[M::mem_process_seqs_merge2] CPE FASTQ formatting done
[M::process] read chunk (19660800 bytes/CG x 1 CGs, 1228920 bytes)...
processed 6466
[M::mem_process_seqs_merge2] Processed 6466 reads in 0.030 CPU sec, 0.480 real sec
slave pre done
now n is 6468
slave pre done
now n is 6468
processed 6468
[M::mem_process_seqs_merge2] Processed 6468 reads in 0.030 CPU sec, 0.490 real sec
[M::mem_process_seqs_merge2] CPE FASTQ formatting done
processed 6468
[M::mem_process_seqs_merge2] Processed 6468 reads in 0.040 CPU sec, 0.551 real sec
[M::process] read chunk (19660800 bytes/CG x 1 CGs, 1228920 bytes)...
[M::process] read chunk (19660800 bytes/CG x 1 CGs, 1228920 bytes)...
[M::process] read chunk (19660800 bytes/CG x 1 CGs, 1228540 bytes)...
[M::process] read chunk (19660800 bytes/CG x 1 CGs, 1228540 bytes)...
slave pre done
now n is 6466
processed 6466
[M::mem_process_seqs_merge2] Processed 6466 reads in 0.020 CPU sec, 0.540 real sec
[M::mem_process_seqs_merge2] CPE FASTQ formatting done
[M::mem_process_seqs_merge2] CPE FASTQ formatting done
[M::mem_process_seqs_merge2] CPE FASTQ formatting done
[M::mem_process_seqs_merge2] CPE FASTQ formatting done
[M::mem_process_seqs_merge2] CPE FASTQ formatting done
[M::mem_process_seqs_merge2] CPE FASTQ formatting done
[M::mem_process_seqs_merge2] CPE FASTQ formatting done
slave pre done
now n is 6468
[M::process] read chunk (19660800 bytes/CG x 1 CGs, 1228920 bytes)...
processed 6468
[M::mem_process_seqs_merge2] Processed 6468 reads in 0.020 CPU sec, 0.602 real sec
slave pre done
now n is 6468
[M::process] read chunk (19660800 bytes/CG x 1 CGs, 1228540 bytes)...
processed 6468
[M::mem_process_seqs_merge2] Processed 6468 reads in 0.020 CPU sec, 0.572 real sec
slave pre done
now n is 6468
slave pre done
now n is 6466
processed 6468
[M::mem_process_seqs_merge2] Processed 6468 reads in 0.020 CPU sec, 0.606 real sec
[M::mem_process_seqs_merge2] CPE FASTQ formatting done
processed 6466
[M::mem_process_seqs_merge2] Processed 6466 reads in 0.020 CPU sec, 0.492 real sec
slave pre done
now n is 6468
[M::mem_process_seqs_merge2] CPE FASTQ formatting done
processed 6468
[M::mem_process_seqs_merge2] Processed 6468 reads in 0.030 CPU sec, 0.501 real sec
[M::process] read chunk (19660800 bytes/CG x 1 CGs, 1228920 bytes)...
[M::process] read chunk (19660800 bytes/CG x 1 CGs, 1228920 bytes)...
[M::process] read chunk (19660800 bytes/CG x 1 CGs, 1228920 bytes)...
[M::mem_process_seqs_merge2] CPE FASTQ formatting done
[M::mem_process_seqs_merge2] CPE FASTQ formatting done
[M::mem_process_seqs_merge2] CPE FASTQ formatting done
[M::process] read chunk (19660800 bytes/CG x 1 CGs, 1228920 bytes)...
slave pre done
now n is 6466
slave pre done
now n is 6468
processed 6466
[M::mem_process_seqs_merge2] Processed 6466 reads in 0.020 CPU sec, 0.680 real sec
processed 6468
[M::mem_process_seqs_merge2] Processed 6468 reads in 0.020 CPU sec, 0.594 real sec
[M::process] read chunk (19660800 bytes/CG x 1 CGs, 1228920 bytes)...
slave pre done
now n is 6468
slave pre done
now n is 25868
processed 6468
[M::mem_process_seqs_merge2] Processed 6468 reads in 0.010 CPU sec, 0.521 real sec
processed 25868
[M::mem_process_seqs_merge2] Processed 25868 reads in 0.050 CPU sec, 1.493 real sec
slave pre done
now n is 6468
slave pre done
now n is 6468
processed 6468
[M::mem_process_seqs_merge2] Processed 6468 reads in 0.030 CPU sec, 0.510 real sec
processed 6468
[M::mem_process_seqs_merge2] Processed 6468 reads in 0.010 CPU sec, 0.518 real sec
[M::mem_process_seqs_merge2] CPE FASTQ formatting done
[M::process] read chunk (19660800 bytes/CG x 1 CGs, 1228540 bytes)...
[M::mem_process_seqs_merge2] CPE FASTQ formatting done
[M::process] read chunk (19660800 bytes/CG x 1 CGs, 1228920 bytes)...
[M::process] read chunk (19660800 bytes/CG x 1 CGs, 1228540 bytes)...
slave pre done
now n is 25870
slave pre done
now n is 6466
processed 6466
[M::mem_process_seqs_merge2] Processed 6466 reads in 0.010 CPU sec, 0.565 real sec
[M::process] read chunk (19660800 bytes/CG x 1 CGs, 1228920 bytes)...
processed 25870
[M::mem_process_seqs_merge2] Processed 25870 reads in 0.040 CPU sec, 1.341 real sec
[M::mem_process_seqs_merge2] CPE FASTQ formatting done
[M::process] read chunk (19660800 bytes/CG x 1 CGs, 1228540 bytes)...
slave pre done
now n is 6468
processed 6468
[M::mem_process_seqs_merge2] Processed 6468 reads in 0.000 CPU sec, 0.488 real sec
slave pre done
now n is 6466
slave pre done
now n is 6466
[M::mem_process_seqs_merge2] CPE FASTQ formatting done
processed 6466
[M::mem_process_seqs_merge2] Processed 6466 reads in 0.020 CPU sec, 0.522 real sec
[M::mem_process_seqs_merge2] CPE FASTQ formatting done
processed 6466
[M::mem_process_seqs_merge2] Processed 6466 reads in 0.030 CPU sec, 0.531 real sec
slave pre done
now n is 6466
slave pre done
now n is 6468
[M::mem_process_seqs_merge2] CPE FASTQ formatting done
processed 6466
[M::mem_process_seqs_merge2] Processed 6466 reads in 0.010 CPU sec, 0.439 real sec
[M::process] read chunk (19660800 bytes/CG x 1 CGs, 1228920 bytes)...
[M::process] read chunk (19660800 bytes/CG x 1 CGs, 1228920 bytes)...
processed 6468
[M::mem_process_seqs_merge2] Processed 6468 reads in 0.020 CPU sec, 0.560 real sec
slave pre done
now n is 6466
[M::mem_process_seqs_merge2] CPE FASTQ formatting done
[M::process] read chunk (19660800 bytes/CG x 1 CGs, 1228540 bytes)...
slave pre done
now n is 6466
processed 6466
[M::mem_process_seqs_merge2] Processed 6466 reads in 0.010 CPU sec, 0.682 real sec
processed 6466
[M::mem_process_seqs_merge2] Processed 6466 reads in 0.020 CPU sec, 0.610 real sec
[M::process] read chunk (19660800 bytes/CG x 1 CGs, 1228540 bytes)...
slave pre done
now n is 6468
[M::process] read chunk (19660800 bytes/CG x 1 CGs, 1228540 bytes)...
[M::mem_process_seqs_merge2] CPE FASTQ formatting done
[M::mem_process_seqs_merge2] CPE FASTQ formatting done
[M::process] read chunk (19660800 bytes/CG x 1 CGs, 1228540 bytes)...
processed 6468
[M::mem_process_seqs_merge2] Processed 6468 reads in 0.030 CPU sec, 0.609 real sec
slave pre done
now n is 6468
processed 6468
[M::mem_process_seqs_merge2] Processed 6468 reads in 0.010 CPU sec, 0.688 real sec
slave pre done
now n is 6468
[M::process] read chunk (19660800 bytes/CG x 1 CGs, 1228920 bytes)...
processed 6468
[M::mem_process_seqs_merge2] Processed 6468 reads in 0.020 CPU sec, 0.469 real sec
[M::process] read chunk (19660800 bytes/CG x 1 CGs, 1228920 bytes)...
[M::process] read chunk (19660800 bytes/CG x 1 CGs, 1228920 bytes)...
[M::mem_process_seqs_merge2] CPE FASTQ formatting done
[M::process] read chunk (19660800 bytes/CG x 1 CGs, 1228920 bytes)...
slave pre done
now n is 6468
processed 6468
[M::mem_process_seqs_merge2] Processed 6468 reads in 0.010 CPU sec, 0.674 real sec
[M::mem_process_seqs_merge2] CPE FASTQ formatting done
[M::mem_process_seqs_merge2] CPE FASTQ formatting done
[M::mem_process_seqs_merge2] CPE FASTQ formatting done
slave pre done
now n is 6468
[M::mem_process_seqs_merge2] CPE FASTQ formatting done
processed 6468
[M::mem_process_seqs_merge2] Processed 6468 reads in 0.020 CPU sec, 0.646 real sec
[M::mem_process_seqs_merge2] CPE FASTQ formatting done
[M::mem_process_seqs_merge2] CPE FASTQ formatting done
[M::mem_process_seqs_merge2] CPE FASTQ formatting done
slave pre done
now n is 6468
[M::process] read chunk (19660800 bytes/CG x 1 CGs, 1228920 bytes)...
processed 6468
[M::mem_process_seqs_merge2] Processed 6468 reads in 0.020 CPU sec, 0.706 real sec
slave pre done
now n is 6468
slave pre done
now n is 6466
processed 6468
[M::mem_process_seqs_merge2] Processed 6468 reads in 0.020 CPU sec, 0.514 real sec
slave pre done
now n is 6468
slave pre done
now n is 6466
processed 6466
[M::mem_process_seqs_merge2] Processed 6466 reads in 0.010 CPU sec, 0.551 real sec
[M::mem_process_seqs_merge2] CPE FASTQ formatting done
processed 6466
[M::mem_process_seqs_merge2] Processed 6466 reads in 0.010 CPU sec, 0.430 real sec
processed 6468
[M::mem_process_seqs_merge2] Processed 6468 reads in 0.030 CPU sec, 0.610 real sec
[M::process] read chunk (19660800 bytes/CG x 1 CGs, 1228920 bytes)...
[M::process] read chunk (19660800 bytes/CG x 1 CGs, 1228920 bytes)...
[M::process] read chunk (19660800 bytes/CG x 1 CGs, 1228920 bytes)...
[M::process] read chunk (19660800 bytes/CG x 1 CGs, 1228920 bytes)...
[M::mem_process_seqs_merge2] CPE FASTQ formatting done
slave pre done
now n is 6468
processed 6468
[M::mem_process_seqs_merge2] Processed 6468 reads in 0.010 CPU sec, 0.498 real sec
[M::process] read chunk (19660800 bytes/CG x 1 CGs, 1228920 bytes)...
slave pre done
[M::process] read chunk (19660800 bytes/CG x 1 CGs, 1228540 bytes)...
now n is 6468
processed 6468
[M::mem_process_seqs_merge2] Processed 6468 reads in 0.010 CPU sec, 0.545 real sec
[M::process] read chunk (19660800 bytes/CG x 1 CGs, 1228540 bytes)...
[M::process] read chunk (19660800 bytes/CG x 1 CGs, 1228920 bytes)...
[M::mem_process_seqs_merge2] CPE FASTQ formatting done
[M::mem_process_seqs_merge2] CPE FASTQ formatting done
[M::mem_process_seqs_merge2] CPE FASTQ formatting done
slave pre done
now n is 6466
[M::mem_process_seqs_merge2] CPE FASTQ formatting done
processed 6466
[M::mem_process_seqs_merge2] Processed 6466 reads in 0.020 CPU sec, 0.503 real sec
[M::process] read chunk (19660800 bytes/CG x 1 CGs, 1228920 bytes)...
slave pre done
now n is 6466
slave pre done
now n is 6468
slave pre done
now n is 25870
processed 6466
[M::mem_process_seqs_merge2] Processed 6466 reads in 0.010 CPU sec, 0.553 real sec
processed 6468
[M::mem_process_seqs_merge2] Processed 6468 reads in 0.030 CPU sec, 0.591 real sec
processed 25870
[M::mem_process_seqs_merge2] Processed 25870 reads in 0.060 CPU sec, 1.409 real sec
[M::mem_process_seqs_merge2] CPE FASTQ formatting done
[M::mem_process_seqs_merge2] CPE FASTQ formatting done
[M::process] read chunk (19660800 bytes/CG x 1 CGs, 1228540 bytes)...
[M::mem_process_seqs_merge2] CPE FASTQ formatting done
[M::mem_process_seqs_merge2] CPE FASTQ formatting done
[M::process] read chunk (19660800 bytes/CG x 1 CGs, 1228920 bytes)...
[M::process] read chunk (19660800 bytes/CG x 1 CGs, 1228920 bytes)...
[M::mem_process_seqs_merge2] CPE FASTQ formatting done
slave pre done
now n is 6468
processed 6468
[M::mem_process_seqs_merge2] Processed 6468 reads in 0.010 CPU sec, 0.444 real sec
slave pre done
now n is 6468
slave pre done
now n is 6466
processed 6468
[M::mem_process_seqs_merge2] Processed 6468 reads in 0.010 CPU sec, 0.451 real sec
slave pre done
now n is 6468
processed 6466
[M::mem_process_seqs_merge2] Processed 6466 reads in 0.010 CPU sec, 0.579 real sec
processed 6468
[M::mem_process_seqs_merge2] Processed 6468 reads in 0.040 CPU sec, 0.543 real sec
slave pre done
now n is 25870
slave pre done
now n is 6466
processed 25870
[M::mem_process_seqs_merge2] CPE FASTQ formatting done
[M::mem_process_seqs_merge2] Processed 25870 reads in 0.040 CPU sec, 1.343 real sec
[M::process] read chunk (19660800 bytes/CG x 1 CGs, 1228920 bytes)...
processed 6466
[M::mem_process_seqs_merge2] Processed 6466 reads in 0.020 CPU sec, 0.568 real sec
[M::process] read chunk (19660800 bytes/CG x 1 CGs, 1228540 bytes)...
[M::mem_process_seqs_merge2] CPE FASTQ formatting done
[M::process] read chunk (19660800 bytes/CG x 1 CGs, 1228540 bytes)...
[M::mem_process_seqs_merge2] CPE FASTQ formatting done
[M::process] read chunk (19660800 bytes/CG x 1 CGs, 1228540 bytes)...
slave pre done
now n is 6468
processed 6468
[M::mem_process_seqs_merge2] Processed 6468 reads in 0.010 CPU sec, 0.616 real sec
slave pre done
now n is 6468
processed 6468
[M::mem_process_seqs_merge2] Processed 6468 reads in 0.010 CPU sec, 0.459 real sec
slave pre done
now n is 6468
processed 6468
[M::process] read chunk (19660800 bytes/CG x 1 CGs, 398244 bytes)...
[M::mem_process_seqs_merge2] Processed 6468 reads in 0.010 CPU sec, 0.681 real sec
slave pre done
now n is 6468
processed 6468
[M::mem_process_seqs_merge2] Processed 6468 reads in 0.020 CPU sec, 0.524 real sec
[M::process] read chunk (19660800 bytes/CG x 1 CGs, 1228540 bytes)...
[M::process] read chunk (19660800 bytes/CG x 1 CGs, 1228920 bytes)...
[M::process] read chunk (19660800 bytes/CG x 1 CGs, 1228920 bytes)...
[M::mem_process_seqs_merge2] CPE FASTQ formatting done
[M::mem_process_seqs_merge2] CPE FASTQ formatting done
[M::mem_process_seqs_merge2] CPE FASTQ formatting done
[M::mem_process_seqs_merge2] CPE FASTQ formatting done
[M::mem_process_seqs_merge2] CPE FASTQ formatting done
slave pre done
now n is 6468
processed 6468
[M::mem_process_seqs_merge2] Processed 6468 reads in 0.020 CPU sec, 0.492 real sec
[M::process] read chunk (19660800 bytes/CG x 1 CGs, 1228920 bytes)...
slave pre done
slave pre done
now n is 6466
now n is 6468
slave pre done
now n is 6468
processed 6466
processed 6468
[M::mem_process_seqs_merge2] Processed 6466 reads in 0.020 CPU sec, 0.537 real sec
[M::mem_process_seqs_merge2] Processed 6468 reads in 0.020 CPU sec, 0.533 real sec
slave pre done
now n is 6466
[M::process] read chunk (19660800 bytes/CG x 1 CGs, 1228920 bytes)...
processed 6468
[M::mem_process_seqs_merge2] Processed 6468 reads in 0.020 CPU sec, 0.443 real sec
[M::mem_process_seqs_merge2] CPE FASTQ formatting done
slave pre done
now n is 6468
processed 6466
[M::mem_process_seqs_merge2] Processed 6466 reads in 0.030 CPU sec, 0.794 real sec
processed 6468
[M::mem_process_seqs_merge2] Processed 6468 reads in 0.020 CPU sec, 0.538 real sec
[M::process] read chunk (19660800 bytes/CG x 1 CGs, 1228920 bytes)...
[M::mem_process_seqs_merge2] CPE FASTQ formatting done
[M::mem_process_seqs_merge2] CPE FASTQ formatting done
slave pre done
now n is 6466
processed 6466
[M::mem_process_seqs_merge2] Processed 6466 reads in 0.020 CPU sec, 0.460 real sec
slave pre done
now n is 6468
slave pre done
now n is 6466
processed 6468
[M::mem_process_seqs_merge2] Processed 6468 reads in 0.020 CPU sec, 0.507 real sec
processed 6466
[M::mem_process_seqs_merge2] Processed 6466 reads in 0.030 CPU sec, 0.491 real sec
slave pre done
now n is 6468
[M::mem_process_seqs_merge2] CPE FASTQ formatting done
processed 6468
[M::mem_process_seqs_merge2] Processed 6468 reads in 0.010 CPU sec, 0.549 real sec
[M::process] read chunk (19660800 bytes/CG x 1 CGs, 1228920 bytes)...
slave pre done
now n is 6468
processed 6468
[M::mem_process_seqs_merge2] Processed 6468 reads in 0.030 CPU sec, 0.475 real sec
slave pre done
now n is 6468
[M::process] read chunk (19660800 bytes/CG x 1 CGs, 1228920 bytes)...
processed 6468
[M::mem_process_seqs_merge2] Processed 6468 reads in 0.010 CPU sec, 0.518 real sec
[M::mem_process_seqs_merge2] CPE FASTQ formatting done
[M::process] read chunk (19660800 bytes/CG x 1 CGs, 1228920 bytes)...
slave pre done
now n is 6468
[M::mem_process_seqs_merge2] CPE FASTQ formatting done
processed 6468
[M::mem_process_seqs_merge2] Processed 6468 reads in 0.010 CPU sec, 0.477 real sec
[M::process] read chunk (19660800 bytes/CG x 1 CGs, 1228540 bytes)...
[M::process] read chunk (19660800 bytes/CG x 1 CGs, 1228920 bytes)...
slave pre done
now n is 6466
processed 6466
[M::mem_process_seqs_merge2] Processed 6466 reads in 0.050 CPU sec, 0.475 real sec
[M::process] read chunk (19660800 bytes/CG x 1 CGs, 1228540 bytes)...
[M::process] read chunk (19660800 bytes/CG x 1 CGs, 1228920 bytes)...
[M::mem_process_seqs_merge2] CPE FASTQ formatting done
slave pre done
now n is 6468
slave pre done
now n is 6466
processed 6468
[M::mem_process_seqs_merge2] Processed 6468 reads in 0.020 CPU sec, 0.509 real sec
[M::mem_process_seqs_merge2] CPE FASTQ formatting done
[M::mem_process_seqs_merge2] CPE FASTQ formatting done
[M::process] read chunk (19660800 bytes/CG x 1 CGs, 1228540 bytes)...
processed 6466
[M::mem_process_seqs_merge2] Processed 6466 reads in 0.010 CPU sec, 0.532 real sec
slave pre done
now n is 6466
processed 6466
[M::mem_process_seqs_merge2] Processed 6466 reads in 0.020 CPU sec, 0.540 real sec
slave pre done
now n is 6466
processed 6466
[M::mem_process_seqs_merge2] Processed 6466 reads in 0.020 CPU sec, 0.478 real sec
slave pre done
now n is 2096
[M::process] read chunk (19660800 bytes/CG x 1 CGs, 1228920 bytes)...
[M::process] read chunk (19660800 bytes/CG x 1 CGs, 1228920 bytes)...
[M::process] read chunk (19660800 bytes/CG x 1 CGs, 1228920 bytes)...
processed 2096
[M::mem_process_seqs_merge2] Processed 2096 reads in 0.030 CPU sec, 0.611 real sec
[M::mem_process_seqs_merge2] CPE FASTQ formatting done
[M::process] read chunk (19660800 bytes/CG x 1 CGs, 1228920 bytes)...
[M::mem_process_seqs_merge2] CPE FASTQ formatting done
slave pre done
now n is 6468
processed 6468
[M::mem_process_seqs_merge2] Processed 6468 reads in 0.050 CPU sec, 0.602 real sec
slave pre done
slave pre done
now n is 6468
now n is 6468
processed 6468
processed 6468
[M::mem_process_seqs_merge2] Processed 6468 reads in 0.020 CPU sec, 0.617 real sec
[M::mem_process_seqs_merge2] Processed 6468 reads in 0.010 CPU sec, 0.532 real sec
[M::mem_process_seqs_merge2] CPE FASTQ formatting done
slave pre done
now n is 6468
processed 6468
[M::mem_process_seqs_merge2] Processed 6468 reads in 0.020 CPU sec, 0.433 real sec
[M::process] read chunk (19660800 bytes/CG x 1 CGs, 1228920 bytes)...
slave pre done
now n is 6468
processed 6468
[M::process] read chunk (19660800 bytes/CG x 1 CGs, 1228920 bytes)...
[M::mem_process_seqs_merge2] Processed 6468 reads in 0.020 CPU sec, 0.460 real sec
[M::process] read chunk (19660800 bytes/CG x 1 CGs, 1228540 bytes)...
[M::process] read chunk (19660800 bytes/CG x 1 CGs, 1228920 bytes)...
[M::process] read chunk (19660800 bytes/CG x 1 CGs, 1228540 bytes)...
[M::process] read chunk (19660800 bytes/CG x 1 CGs, 1228540 bytes)...
[M::mem_process_seqs_merge2] CPE FASTQ formatting done
[M::mem_process_seqs_merge2] CPE FASTQ formatting done
[M::process] read chunk (19660800 bytes/CG x 1 CGs, 1228920 bytes)...
[M::mem_process_seqs_merge2] CPE FASTQ formatting done
[M::mem_process_seqs_merge2] CPE FASTQ formatting done
[M::mem_process_seqs_merge2] CPE FASTQ formatting done
[M::process] read chunk (19660800 bytes/CG x 1 CGs, 1228920 bytes)...
[M::process] read chunk (19660800 bytes/CG x 1 CGs, 1228540 bytes)...
[M::mem_process_seqs_merge2] CPE FASTQ formatting done
slave pre done
[M::mem_process_seqs_merge2] CPE FASTQ formatting done
now n is 6468
processed 6468
[M::mem_process_seqs_merge2] Processed 6468 reads in 0.020 CPU sec, 0.457 real sec
slave pre done
now n is 6466
[M::mem_process_seqs_merge2] CPE FASTQ formatting done
processed 6466
[M::mem_process_seqs_merge2] Processed 6466 reads in 0.040 CPU sec, 0.509 real sec
[M::process] read chunk (19660800 bytes/CG x 1 CGs, 1228920 bytes)...
[M::mem_process_seqs_merge2] CPE FASTQ formatting done
[M::mem_process_seqs_merge2] CPE FASTQ formatting done
slave pre done
now n is 6466
[M::mem_process_seqs_merge2] CPE FASTQ formatting done
processed 6466
[M::process] read chunk (19660800 bytes/CG x 1 CGs, 1228540 bytes)...
[M::mem_process_seqs_merge2] Processed 6466 reads in 0.020 CPU sec, 0.553 real sec
[M::mem_process_seqs_merge2] CPE FASTQ formatting done
[M::mem_process_seqs_merge2] CPE FASTQ formatting done
[M::mem_process_seqs_merge2] CPE FASTQ formatting done
[M::process] read chunk (19660800 bytes/CG x 1 CGs, 1228920 bytes)...
[M::mem_process_seqs_merge2] CPE FASTQ formatting done
[M::mem_process_seqs_merge2] CPE FASTQ formatting done
[M::process] read chunk (19660800 bytes/CG x 1 CGs, 1228920 bytes)...
[M::mem_process_seqs_merge2] CPE FASTQ formatting done
slave pre done
now n is 6468
processed 6468
[M::mem_process_seqs_merge2] Processed 6468 reads in 0.030 CPU sec, 0.571 real sec
[M::mem_process_seqs_merge2] CPE FASTQ formatting done
slave pre done
now n is 6468
processed 6468
[M::mem_process_seqs_merge2] Processed 6468 reads in 0.020 CPU sec, 0.499 real sec
[M::process] read chunk (19660800 bytes/CG x 1 CGs, 1228920 bytes)...
slave pre done
now n is 6468
processed 6468
[M::mem_process_seqs_merge2] Processed 6468 reads in 0.010 CPU sec, 0.471 real sec
slave pre done
now n is 6466
processed 6466
[M::mem_process_seqs_merge2] Processed 6466 reads in 0.010 CPU sec, 0.670 real sec
[M::mem_process_seqs_merge2] CPE FASTQ formatting done
[M::process] read chunk (19660800 bytes/CG x 1 CGs, 1228540 bytes)...
slave pre done
now n is 6468
[M::process] read chunk (19660800 bytes/CG x 1 CGs, 1228920 bytes)...
slave pre done
now n is 6468
slave pre done
now n is 6466
processed 6468
[M::mem_process_seqs_merge2] Processed 6468 reads in 0.010 CPU sec, 0.454 real sec
processed 6468
[M::mem_process_seqs_merge2] Processed 6468 reads in 0.020 CPU sec, 0.561 real sec
processed 6466
[M::mem_process_seqs_merge2] Processed 6466 reads in 0.030 CPU sec, 0.476 real sec
[M::process] read chunk (19660800 bytes/CG x 1 CGs, 1228540 bytes)...
slave pre done
now n is 6466
[M::mem_process_seqs_merge2] CPE FASTQ formatting done
processed 6466
[M::mem_process_seqs_merge2] Processed 6466 reads in 0.020 CPU sec, 0.461 real sec
[M::mem_process_seqs_merge2] CPE FASTQ formatting done
[M::mem_process_seqs_merge2] CPE FASTQ formatting done
slave pre done
now n is 6468
processed 6468
[M::mem_process_seqs_merge2] Processed 6468 reads in 0.020 CPU sec, 0.550 real sec
[M::process] read chunk (19660800 bytes/CG x 1 CGs, 1228920 bytes)...
slave pre done
now n is 6468
slave pre done
now n is 6468
slave pre done
now n is 6466
slave pre done
now n is 6468
processed 6468
[M::mem_process_seqs_merge2] Processed 6468 reads in 0.020 CPU sec, 0.433 real sec
processed 6466
[M::mem_process_seqs_merge2] Processed 6466 reads in 0.030 CPU sec, 0.450 real sec
processed 6468
[M::mem_process_seqs_merge2] Processed 6468 reads in 0.050 CPU sec, 0.550 real sec
slave pre done
now n is 6468
processed 6468
[M::mem_process_seqs_merge2] Processed 6468 reads in 0.010 CPU sec, 0.483 real sec
[M::process] read chunk (19660800 bytes/CG x 1 CGs, 1228920 bytes)...
processed 6468
[M::mem_process_seqs_merge2] Processed 6468 reads in 0.010 CPU sec, 0.585 real sec
slave pre done
now n is 6466
slave pre done
processed 6466
now n is 6468
[M::mem_process_seqs_merge2] Processed 6466 reads in 0.020 CPU sec, 0.446 real sec
processed 6468
[M::mem_process_seqs_merge2] Processed 6468 reads in 0.010 CPU sec, 0.554 real sec
slave pre done
now n is 6466
processed 6466
[M::mem_process_seqs_merge2] Processed 6466 reads in 0.010 CPU sec, 0.528 real sec
slave pre done
now n is 6468
slave pre done
now n is 6468
processed 6468
[M::mem_process_seqs_merge2] Processed 6468 reads in 0.030 CPU sec, 0.480 real sec
[M::process] read chunk (19660800 bytes/CG x 1 CGs, 1228920 bytes)...
processed 6468
[M::mem_process_seqs_merge2] Processed 6468 reads in 0.020 CPU sec, 0.613 real sec
slave pre done
now n is 6468
[M::mem_process_seqs_merge2] CPE FASTQ formatting done
processed 6468
[M::mem_process_seqs_merge2] Processed 6468 reads in 0.010 CPU sec, 0.539 real sec
slave pre done
now n is 6468
processed 6468
[M::mem_process_seqs_merge2] Processed 6468 reads in 0.020 CPU sec, 0.427 real sec
slave pre done
now n is 6468
[M::mem_process_seqs_merge2] CPE FASTQ formatting done
processed 6468
[M::mem_process_seqs_merge2] Processed 6468 reads in 0.010 CPU sec, 0.576 real sec
[MPI rank 000004/000024] input work: chunks=46 records=1664876 bytes=631602596
[M::mem_process_seqs_merge2] CPE FASTQ formatting done
[MPI rank 000012/000024] input work: chunks=49 records=1673551 bytes=635289768
slave pre done
now n is 6468
processed 6468
[M::mem_process_seqs_merge2] Processed 6468 reads in 0.020 CPU sec, 0.472 real sec
[MPI rank 000002/000024] input work: chunks=46 records=1663764 bytes=631602844
[MPI rank 000006/000024] input work: chunks=42 records=1650829 bytes=626687548
slave pre done
now n is 6466
processed 6466
[M::mem_process_seqs_merge2] Processed 6466 reads in 0.020 CPU sec, 0.534 real sec
slave pre done
now n is 6466
[MPI rank 000015/000024] input work: chunks=50 records=1676700 bytes=636518528
processed 6466
[M::mem_process_seqs_merge2] Processed 6466 reads in 0.010 CPU sec, 0.534 real sec
[MPI rank 000001/000024] input work: chunks=48 records=1661033 bytes=630374960
[MPI rank 000014/000024] input work: chunks=50 records=1676698 bytes=636517772
slave pre done
[MPI rank 000011/000024] input work: chunks=43 records=1616369 bytes=613171284
now n is 6468
processed 6468
[M::mem_process_seqs_merge2] Processed 6468 reads in 0.010 CPU sec, 0.481 real sec
[MPI rank 000009/000024] input work: chunks=44 records=1666999 bytes=632832148
slave pre done
now n is 6468
processed 6468
[M::mem_process_seqs_merge2] Processed 6468 reads in 0.020 CPU sec, 0.651 real sec
[MPI rank 000020/000024] input work: chunks=51 records=1670232 bytes=634060688
[MPI rank 000023/000024] input work: chunks=51 records=1679387 bytes=637748744
[MPI rank 000010/000024] input work: chunks=44 records=1668113 bytes=632831200
[MPI rank 000017/000024] input work: chunks=51 records=1642306 bytes=623002576
[MPI rank 000021/000024] input work: chunks=50 records=1666998 bytes=632831768
[MPI rank 000003/000024] input work: chunks=47 records=1685273 bytes=639373964
[MPI rank 000005/000024] input work: chunks=45 records=1641271 bytes=623002756
[MPI rank 000018/000024] input work: chunks=51 records=1642208 bytes=623001204
[MPI rank 000022/000024] input work: chunks=50 records=1705391 bytes=647576400
[MPI rank 000019/000024] input work: chunks=53 records=1667057 bytes=632832908
[MPI rank 000000/000024] input work: chunks=50 records=1657980 bytes=629145888
slave pre done
now n is 6468
processed 6468
[MPI rank 000013/000024] input work: chunks=50 records=1676699 bytes=636518144
[M::mem_process_seqs_merge2] Processed 6468 reads in 0.010 CPU sec, 0.667 real sec
[MPI rank 000007/000024] input work: chunks=46 records=1654060 bytes=627915332
[MPI rank 000016/000024] input work: chunks=51 records=1718739 bytes=652493348
[MPI rank 000008/000024] input work: chunks=46 records=1673467 bytes=635289984

================ MPI Dynamic Scheduler Debug =================
  MPI rank: 000000 / 000024

  Work summary
    claimed chunks                                         50
    claimed from this rank's queue                          2
    claimed from another rank's queue                      48
    completed FASTQ records                           1657980
    claimed input bytes                             629145888

  Scheduler counters
    scheduler_next calls                                   51
    RMA ticket attempts                                    81
    attempts against another rank's queue                  77
    tickets beyond the final chunk                         31
    empty aligned chunks                                    0

  Scheduler timing
    MPI_Win_create (setup)                       0.004341 s  (1 calls,  4340.589 us/call)
    MPI_Barrier after setup                      0.000019 s
================ MPI Dynamic Scheduler Debug =================
  MPI rank: 000006 / 000024

  Work summary
    claimed chunks                                         42
    claimed from this rank's queue                          3
    claimed from another rank's queue                      39
    completed FASTQ records                           1650829
    claimed input bytes                             626687548

  Scheduler counters
    scheduler_next calls                                   43
    RMA ticket attempts                                    73
    attempts against another rank's queue                  69
    tickets beyond the final chunk                         31
    empty aligned chunks                                    0

  Scheduler timing
    MPI_Win_create (setup)                       0.003898 s  (1 calls,  3897.835 us/call)
    MPI_Barrier after setup                      0.000017 s  (1 calls,    16.800 us/call)
    scheduler_next total                         2.252529 s  (43 calls, 52384.386 us/call)
      RMA ticket path total                        2.252350 s  (73 calls, 30854.109 us/call)
        MPI_Win_lock                                 0.000204 s  (73 calls,     2.792 us/call)
        MPI_Fetch_and_op                             0.004435 s  (73 calls,    60.760 us/call)
        MPI_Win_unlock                               2.246898 s  (73 calls, 30779.429 us/call)
        RMA call overhead (derived)                  0.000812 s  (73 calls,    11.127 us/call)
      align nominal offsets to FASTQ records       0.000043 s  (42 calls,     1.023 us/call)
      scheduler loop/bookkeeping (derived)         0.000136 s  (43 calls,     3.156 us/call)

  Scheduler teardown timing
    MPI_Barrier (wait for other ranks)           0.580123 s  (1 calls, 580122.645 us/call)
    MPI_Win_free                                 0.000068 s  (1 calls,    67.501 us/call)

  Stage 2 by chunk
    completed chunks                                       42
    accumulated stage 2                            165.744870 s
    average stage 2 per chunk                        3.946306 s
    slowest chunk                                         582
    slowest chunk stage 2                            6.233248 s

    order   chunk  queue        byte range                       bytes      records   stage2(s)
        0       6      6  [   117965124,    137625788)     19660664        52289    5.024159
        1      31      7  [   609485104,    629145924)     19660820        51739    5.212231
        2      56      8  [  1101004844,   1120665664)     19660820        51739    5.237090
        3      81      9  [  1592524964,   1612185784)     19660820        51739    4.943707
        4     106     10  [  2084045084,   2103705904)     19660820        51739    4.959389
        5     131     11  [  2575564824,   2595225644)     19660820        51739    5.626225
        6     156     12  [  3067084944,   3086745764)     19660820        51739    5.040315
        7     181     13  [  3558605064,   3578265884)     19660820        51739    5.092422
        8     206     14  [  4050124896,   4069785936)     19661040        52290    5.306991
        9     231     15  [  4541644992,   4561305812)     19660820        51739    5.018479
       10     256     16  [  5033165112,   5052825932)     19660820        51739    5.075547
       11     281     17  [  5524684852,   5544345672)     19660820        51739    4.918072
       12     306     18  [  6016204972,   6035865792)     19660820        51739    5.043159
       13     331     19  [  6507725092,   6527385912)     19660820        51739    5.136987
       14     356     20  [  6999244832,   7018905652)     19660820        51739    5.343066
       15     381     21  [  7490764952,   7510425772)     19660820        51739    5.026428
       16     406     22  [  7982285140,   8001945960)     19660820        51739    5.169155
       17     431     23  [  8473804880,   8493465700)     19660820        51739    5.013419
       18     432      0  [  8493465700,   8513126520)     19660820        51739    5.042905
       19     457      1  [  8984985820,   9004646640)     19660820        51739    5.038803
       20     482      2  [  9476505940,   9496166760)     19660820        51739    5.025857
       21     507      3  [  9968025680,   9987686500)     19660820        51739    4.985842
       22     532      4  [ 10459545800,  10479206620)     19660820        51739    5.175374
       23     557      5  [ 10951065920,  10970726740)     19660820        51739    4.955441
       24     582      6  [ 11442585872,  11462246536)     19660664        52289    6.233248
       25     607      7  [ 11934105848,  11953766668)     19660820        51739    4.999576
       26     632      8  [ 12425625968,  12445286408)     19660440        51738    5.192319
       27     657      9  [ 12917145708,  12936806528)     19660820        51739    5.105596
       28     682     10  [ 13408665828,  13428326648)     19660820        51739    4.938655
       29     731     11  [ 13826457968,  13831372888)      4914920        12934    1.536111
       30     756     12  [ 13949337808,  13954253108)      4915300        12935    1.476734
       31     805     13  [ 14190182568,  14195097868)      4915300        12935    1.398075
       32     830     14  [ 14313062408,  14317977708)      4915300        12935    1.377846
       33     831     15  [ 14317977708,  14322893008)      4915300        12935    1.401936
       34     856     16  [ 14440857928,  14445772848)      4914920        12934    1.437645
       35     857     17  [ 14445772848,  14450688148)      4915300        12935    1.528864
       36     882     18  [ 14568653068,  14573568368)      4915300        12935    1.420774
       37     907     19  [ 14691532908,  14696448208)      4915300        12935    1.352648
       38     932     20  [ 14814413128,  14819328048)      4914920        12934    1.323871
       39     957     21  [ 14937292968,  14942208268)      4915300        12935    1.340594
       40    1079     23  [ 15090893148,  15092121688)      1228540         3233    0.793542
       41    1038      6  [ 15040512368,  15041740908)      1228540         3233    0.475772
==============================================================


================ MPI Dynamic Scheduler Debug =================
  MPI rank: 000007 / 000024

  Work summary
    claimed chunks                                         46
    claimed from this rank's queue                          2
    claimed from another rank's queue                      44
    completed FASTQ records                           1654060
    claimed input bytes                             627915332

  Scheduler counters
    scheduler_next calls                                   47
    RMA ticket attempts                                    75
    attempts against another rank's queue                  71
    tickets beyond the final chunk                         29
    empty aligned chunks                                    0

  Scheduler timing
    MPI_Win_create (setup)                       0.003534 s  (1 calls,  3533.982 us/call)
    MPI_Barrier after setup                      0.000014 s  (1 calls,    14.450 us/call)
    scheduler_next total                         1.722934 s  (47 calls, 36658.179 us/call)
      RMA ticket path total                        1.722754 s  (75 calls, 22970.053 us/call)
        MPI_Win_lock                                 0.000204 s  (75 calls,     2.720 us/call)
        MPI_Fetch_and_op                             0.001864 s  (75 calls,    24.851 us/call)
        MPI_Win_unlock                               1.720566 s  (75 calls, 22940.877 us/call)
        RMA call overhead (derived)                  0.000120 s  (75 calls,     1.605 us/call)
      align nominal offsets to FASTQ records       0.000044 s  (46 calls,     0.965 us/call)
      scheduler loop/bookkeeping (derived)         0.000136 s  (47 calls,     2.895 us/call)

  Scheduler teardown timing
    MPI_Barrier (wait for other ranks)           0.001632 s  (1 calls,  1632.415 us/call)
    MPI_Win_free                                 0.000074 s  (1 calls,    73.501 us/call)

  Stage 2 by chunk
    completed chunks                                       46
    accumulated stage 2                            167.026299 s
    average stage 2 per chunk                        3.631006 s
    slowest chunk                                         583
    slowest chunk stage 2                            5.922639 s

    order   chunk  queue        byte range                       bytes      records   stage2(s)
        0       7      7  [   137625788,    157286452)     19660664        52289    5.298708
        1      32      8  [   629145924,    648806744)     19660820        51739    4.907378
        2      57      9  [  1120665664,   1140326484)     19660820        51739    5.061749
        3      82     10  [  1612185784,   1631846604)     19660820        51739    5.108608
        4     107     11  [  2103705904,   2123366724)     19660820        51739    5.048997
        5     132     12  [  2595225644,   2614886464)     19660820        51739    5.167337
        6     157     13  [  3086745764,   3106406584)     19660820        51739    5.028312
        7     182     14  [  3578265884,   3597926704)     19660820        51739    5.123039
        8     207     15  [  4069785936,   4089446600)     19660664        52289    5.196664
        9     232     16  [  4561305812,   4580966632)     19660820        51739    5.582570
       10     257     17  [  5052825932,   5072486752)     19660820        51739    5.134488
       11     282     18  [  5544345672,   5564006492)     19660820        51739    4.997985
       12     307     19  [  6035865792,   6055526612)     19660820        51739    5.196281
       13     332     20  [  6527385912,   6547046732)     19660820        51739    4.992286
       14     357     21  [  7018905652,   7038566472)     19660820        51739    5.011079
       15     382     22  [  7510425772,   7530086592)     19660820        51739    5.027489
       16     407     23  [  8001945960,   8021606400)     19660440        51738    5.010209
       17     408      0  [  8021606400,   8041267220)     19660820        51739    5.358124
       18     433      1  [  8513126520,   8532787340)     19660820        51739    4.932811
       19     458      2  [  9004646640,   9024307460)     19660820        51739    5.052371
       20     483      3  [  9496166760,   9515827200)     19660440        51738    4.923249
       21     508      4  [  9987686500,  10007347320)     19660820        51739    5.062202
       22     533      5  [ 10479206620,  10498867440)     19660820        51739    4.975085
       23     558      6  [ 10970726740,  10990387560)     19660820        51739    5.170262
       24     583      7  [ 11462246536,  11481907200)     19660664        52289    5.922639
       25     608      8  [ 11953766668,  11973427488)     19660820        51739    4.895157
       26     633      9  [ 12445286408,  12464947228)     19660820        51739    5.059231
       27     658     10  [ 12936806528,  12956467348)     19660820        51739    5.047050
       28     683     11  [ 13428326648,  13447987468)     19660820        51739    4.972032
       29     708     12  [ 13713408348,  13718323268)      4914920        12934    1.654378
       30     733     13  [ 13836288188,  13841203488)      4915300        12935    1.535129
       31     758     14  [ 13959168028,  13964083328)      4915300        12935    1.446660
       32     783     15  [ 14082048248,  14086963548)      4915300        12935    1.445574
       33     808     16  [ 14204928088,  14209843388)      4915300        12935    1.504978
       34     833     17  [ 14327808308,  14332723228)      4914920        12934    1.351651
       35     858     18  [ 14450688148,  14455603448)      4915300        12935    1.717948
       36     883     19  [ 14573568368,  14578483288)      4914920        12934    1.373100
       37     908     20  [ 14696448208,  14701363508)      4915300        12935    1.567748
       38     933     21  [ 14819328048,  14824243348)      4915300        12935    1.401536
       39     958     22  [ 14942208268,  14943436808)      1228540         3233    0.439781
       40     983     23  [ 14972928228,  14974157148)      1228920         3234    0.551319
       41     984      0  [ 14974157148,  14975385688)      1228540         3233    0.610118
       42    1009      1  [ 15004877108,  15006105648)      1228540         3233    0.579445
       43    1034      2  [ 15035597068,  15036825608)      1228540         3233    0.539700
       44    1061      5  [ 15068774488,  15070003408)      1228920         3234    0.561943
       45    1137      9  [ 15162163288,  15163392208)      1228920         3234    0.481899
==============================================================


================ MPI Dynamic Scheduler Debug =================
  MPI rank: 000008 / 000024

  Work summary
    claimed chunks                                         46
    claimed from this rank's queue                          2
    claimed from another rank's queue                      44
    completed FASTQ records                           1673467
    claimed input bytes                             635289984

  Scheduler counters
    scheduler_next calls                                   47
    RMA ticket attempts                                    74
    attempts against another rank's queue                  70
    tickets beyond the final chunk                         28
    empty aligned chunks                                    0
  (1 calls,    18.800 us/call)
    scheduler_next total                         2.513474 s  (51 calls, 49283.800 us/call)
      RMA ticket path total                        2.513273 s  (81 calls, 31028.059 us/call)
        MPI_Win_lock                                 0.000222 s  (81 calls,     2.736 us/call)
        MPI_Fetch_and_op                             0.001443 s  (81 calls,    17.809 us/call)
        MPI_Win_unlock                               2.511485 s  (81 calls, 31005.993 us/call)
        RMA call overhead (derived)                  0.000123 s  (81 calls,     1.520 us/call)
      align nominal offsets to FASTQ records       0.000050 s  (50 calls,     1.005 us/call)
      scheduler loop/bookkeeping (derived)         0.000151 s  (51 calls,     2.957 us/call)

  Scheduler teardown timing
    MPI_Barrier (wait for other ranks)           0.056742 s  (1 calls, 56742.408 us/call)
    MPI_Win_free                                 0.000086 s  (1 calls,    86.101 us/call)

  Stage 2 by chunk
    completed chunks                                       50
    accumulated stage 2                            169.327210 s
    average stage 2 per chunk                        3.386544 s
    slowest chunk                                           0
    slowest chunk stage 2                            7.400309 s

    order   chunk  queue        byte range                       bytes      records   stage2(s)
        0       0      0  [           0,     19661160)     19661160        52972    7.400309
        1      25      1  [   491520184,    511181004)     19660820        51739    5.005025
        2      50      2  [   983040304,   1002701124)     19660820        51739    5.274220
        3      75      3  [  1474560044,   1494220864)     19660820        51739    5.035944
        4     100      4  [  1966080164,   1985740984)     19660820        51739    5.029663
        5     125      5  [  2457600284,   2477261104)     19660820        51739    5.187495
        6     150      6  [  2949120024,   2968780844)     19660820        51739    5.007532
        7     175      7  [  3440640144,   3460300964)     19660820        51739    5.053096
        8     200      8  [  3932160160,   3951820824)     19660664        52289    5.243521
        9     225      9  [  4423680072,   4443340892)     19660820        51739    4.937707
       10     250     10  [  4915200192,   4934861012)     19660820        51739    5.122435
       11     275     11  [  5406720312,   5426381132)     19660820        51739    5.083632
       12     300     12  [  5898240052,   5917900872)     19660820        51739    4.955371
       13     325     13  [  6389760172,   6409420992)     19660820        51739    5.248372
       14     350     14  [  6881280292,   6900941112)     19660820        51739    5.062902
       15     375     15  [  7372800032,   7392460852)     19660820        51739    5.195209
       16     400     16  [  7864320308,   7883980972)     19660664        52289    5.054525
       17     425     17  [  8355840340,   8375501160)     19660820        51739    5.098678
       18     450     18  [  8847360080,   8867020900)     19660820        51739    5.216456
       19     475     19  [  9338880200,   9358541020)     19660820        51739    5.033170
       20     500     20  [  9830400320,   9850061140)     19660820        51739    5.458853
       21     525     21  [ 10321920060,  10341580880)     19660820        51739    5.056929
       22     550     22  [ 10813440180,  10833101000)     19660820        51739    5.145103
       23     575     23  [ 11304960300,  11324621120)     19660820        51739    5.094342
       24     576      0  [ 11324621120,  11344281940)     19660820        51739    5.209265
       25     601      1  [ 11816140928,  11835801748)     19660820        51739    5.044540
       26     626      2  [ 12307661048,  12327321868)     19660820        51739    4.939346
       27     651      3  [ 12799181168,  12818841608)     19660440        51738    5.122223
       28     676 
================ MPI Dynamic Scheduler Debug =================
  MPI rank: 000001 / 000024

  Work summary
    claimed chunks                                         48
    claimed from this rank's queue                          2
    claimed from another rank's queue                      46
    completed FASTQ records                           1661033
    claimed input bytes                             630374960

  Scheduler counters
    scheduler_next calls                                   49
    RMA ticket attempts                                    78
    attempts against another rank's queue                  74
    tickets beyond the final chunk                         30
    empty aligned chunks                                    0

  Scheduler timing
    MPI_Win_create (setup)                       0.000858 s  (1 calls,   858.408 us/call)
    MPI_Barrier after setup                      0.000023 s  (1 calls,    22.700 us/call)
    scheduler_next total                         2.225231 s  (49 calls, 45412.876 us/call)
      RMA ticket path total                        2.225045 s  (78 calls, 28526.219 us/call)
        MPI_Win_lock                                 0.000210 s  (78 calls,     2.687 us/call)
        MPI_Fetch_and_op                             0.001564 s  (78 calls,    20.056 us/call)
        MPI_Win_unlock                               2.223151 s  (78 calls, 28501.938 us/call)
        RMA call overhead (derived)                  0.000120 s  (78 calls,     1.538 us/call)
      align nominal offsets to FASTQ records       0.000046 s  (48 calls,     0.948 us/call)
      scheduler loop/bookkeeping (derived)         0.000140 s  (49 calls,     2.865 us/call)

  Scheduler teardown timing
    MPI_Barrier (wait for other ranks)           0.289723 s  (1 calls, 289722.996 us/call)
    MPI_Win_free                                 0.000071 s  (1 calls,    71.351 us/call)

  Stage 2 by chunk
    completed chunks                                       48
    accumulated stage 2                            167.391764 s
    average stage 2 per chunk                        3.487328 s
    slowest chunk                                           1
    slowest chunk stage 2                            6.122860 s

    order   chunk  queue        byte range                       bytes      records   stage2(s)
        0       1      1  [    19661160,     39321716)     19660556        52789    6.122860
        1      26      2  [   511181004,    530841824)     19660820        51739    4.970876
        2      51      3  [  1002701124,   1022361944)     19660820        51739    4.965622
        3      76      4  [  1494220864,   1513881684)     19660820        51739    5.080582
        4     101      5  [  1985740984,   2005401804)     19660820        51739    4.907576
        5     126      6  [  2477261104,   2496921924)     19660820        51739    5.095618
        6     151      7  [  2968780844,   2988441664)     19660820        51739    5.049957
        7     176      8  [  3460300964,   3479961784)     19660820        51739    4.979366
        8     201      9  [  3951820824,   3971481864)     19661040        52290    5.063382
        9     226     10  [  4443340892,   4463001712)     19660820        51739    5.175069
       10     251     11  [  4934861012,   4954521832)     19660820        51739    5.156322
       11     276     12  [  5426381132,   5446041952)     19660820        51739    5.011636
       12     301     13  [  5917900872,   5937561692)     19660820        51739    5.091147
       13     326     14  [  6409420992,   6429081812)     19660820        51739    4.812268
       14     351     15  [  6900941112,   6920601932)     19660820        51739    5.331207
       15     376     16  [  7392460852,   7412121672)     19660820        51739    5.054679
       16     401     17  [  7883980972,   7903641636)     19660664        52289    5.167606
       17     426     18  [  8375501160,   8395161600)     19660440        51738    5.044267
       18     451 
================ MPI Dynamic Scheduler Debug =================
  MPI rank: 000002 / 000024

  Work summary
    claimed chunks                                         46
    claimed from this rank's queue                          3
    claimed from another rank's queue                      43
    completed FASTQ records                           1663764
    claimed input bytes                             631602844

  Scheduler counters
    scheduler_next calls                                   47
    RMA ticket attempts                                    76
    attempts against another rank's queue                  72
    tickets beyond the final chunk                         30
    empty aligned chunks                                    0

  Scheduler timing
    MPI_Win_create (setup)                       0.001216 s  (1 calls,  1216.211 us/call)
    MPI_Barrier after setup                      0.000017 s  (1 calls,    16.800 us/call)
    scheduler_next total                         2.172176 s  (47 calls, 46216.521 us/call)
      RMA ticket path total                        2.171987 s  (76 calls, 28578.776 us/call)
        MPI_Win_lock                                 0.000201 s  (76 calls,     2.647 us/call)
        MPI_Fetch_and_op                             0.001084 s  (76 calls,    14.266 us/call)
        MPI_Win_unlock                               2.170587 s  (76 calls, 28560.355 us/call)
        RMA call overhead (derived)                  0.000115 s  (76 calls,     1.507 us/call)
      align nominal offsets to FASTQ records       0.000052 s  (46 calls,     1.124 us/call)
      scheduler loop/bookkeeping (derived)         0.000138 s  (47 calls,     2.932 us/call)

  Scheduler teardown timing
    MPI_Barrier (wait for other ranks)           0.580847 s  (1 calls, 580846.556 us/call)
    MPI_Win_free                                 0.000077 s  (1 calls,    77.151 us/call)

  Stage 2 by chunk
    completed chunks                                       46
    accumulated stage 2                            168.776011 s
    average stage 2 per chunk                        3.669044 s
    slowest chunk                                           2
    slowest chunk stage 2                            6.399045 s

    order   chunk  queue        byte range                       bytes      records   stage2(s)
        0       2      2  [    39321716,     58982756)     19661040        52290    6.399045
        1      27      3  [   530841824,    550502644)     19660820        51739    5.172589
        2      52      4  [  1022361944,   1042022764)     19660820        51739    5.197764
        3      77      5  [  1513881684,   1533542504)     19660820        51739    5.126821
        4     102      6  [  2005401804,   2025062624)     19660820        51739    5.027952
        5     127      7  [  2496921924,   2516582744)     19660820        51739    5.023471
        6     152      8  [  2988441664,   3008102484)     19660820        51739    5.367450
        7     177      9  [  3479961784,   3499622604)     19660820        51739    4.996134
        8     202     10  [  3971481864,   3991142528)     19660664        52289    5.282367
        9     227     11  [  4463001712,   4482662532)     19660820        51739    5.243045
       10     252     12  [  4954521832,   4974182652)     19660820        51739    5.012893
       11     277     13  [  5446041952,   5465702772)     19660820        51739    5.013660
       12     302     14  [  5937561692,   5957222512)     19660820        51739    5.154007
       13     327     15  [  6429081812,   6448742632)     19660820        51739    5.048551
       14     352     16  [  6920601932,   6940262752)     19660820        51739    5.313882
       15     377     17  [  7412121672,   7431782492)     19660820        51739    5.068495
       16     402     18  [  7903641636,   7923302676)     19661040        52290    5.354701
       17     427     19  [  8395161600,   8414822420)     19660820        51739    5.049277
       18     452 
  Scheduler timing
     4  [ 13290700908,  13310361728)     19660820        51739    4.912718
       29     749      5  [ 13914931468,  13919846768)      4915300        12935    1.485967
       30     774      6  [ 14037811308,  14042726608)      4915300        12935    1.384627
       31     799      7  [ 14160691528,  14165606448)      4914920        12934    1.385191
       32     824      8  [ 14283571368,  14288486668)      4915300        12935    1.577505
       33     849      9  [ 14406451208,  14411366508)      4915300        12935    1.406225
       34     874     10  [ 14529331428,  14534246728)      4915300        12935    1.501857
       35     899     11  [ 14652211268,  14657126568)      4915300        12935    1.412253
       36     924     12  [ 14775091488,  14780006408)      4914920        12934    1.351217
       37     949     13  [ 14897971328,  14902886628)      4915300        12935    1.413227
       38     974     14  [ 14961869088,  14963097628)      1228540         3233    0.509740
       39     999     15  [ 14992589048,  14993817968)      1228920         3234    0.517747
       40    1000     16  [ 14993817968,  14995046508)      1228540         3233    0.535344
       41    1001     17  [ 14995046508,  14996275428)      1228920         3234    0.471948
       42    1002     18  [ 14996275428,  14997504348)      1228920         3234    0.517547
       43    1027     19  [ 15026995388,  15028224308)      1228920         3234    0.600971
       44    1052     20  [ 15057715348,  15058944268)      1228920         3234    0.537577
       45    1077     21  [ 15088435308,  15089664228)      1228920         3234    0.518511
       46    1150     22  [ 15178137728,  15179366648)      1228920         3234    0.498477
       47    1057      1  [ 15063859568,  15065088108)      1228540         3233    0.491258
       48    1107      3  [ 15125299488,  15126528028)      1228540         3233    0.508724
       49    1112      8  [ 15131443328,  15132672248)      1228920         3234    0.472717
==============================================================

    19  [  8867020900,   8886681720)     19660820        51739    5.532836
       19     476     20  [  9358541020,   9378201840)     19660820        51739    5.012317
       20     501     21  [  9850061140,   9869721960)     19660820        51739    5.104823
       21     526     22  [ 10341580880,  10361241700)     19660820        51739    4.910744
       22     551     23  [ 10833101000,  10852761820)     19660820        51739    5.127538
       23     552      0  [ 10852761820,  10872422640)     19660820        51739    4.898267
       24     577      1  [ 11344281940,  11363942760)     19660820        51739    4.991357
       25     602      2  [ 11835801748,  11855462568)     19660820        51739    5.094266
       26     627      3  [ 12327321868,  12346982688)     19660820        51739    5.198409
       27     652      4  [ 12818841608,  12838502428)     19660820        51739    4.989171
       28     677      5  [ 13310361728,  13330022548)     19660820        51739    5.046758
       29     726      6  [ 13801881848,  13806797148)      4915300        12935    1.521338
       30     751      7  [ 13924761688,  13929676988)      4915300        12935    1.478076
       31     776      8  [ 14047641908,  14052556828)      4914920        12934    1.576484
       32     801      9  [ 14170521748,  14175437048)      4915300        12935    1.387617
       33     826     10  [ 14293401968,  14298316888)      4914920        12934    1.347932
       34     851     11  [ 14416281808,  14421197108)      4915300        12935    1.687098
       35     876     12  [ 14539161648,  14544076948)      4915300        12935    1.404544
       36     901     13  [ 14662041868,  14666957168)      4915300        12935    1.322343
       37     926     14  [ 14784921708,  14789837008)      4915300        12935    1.448747
       38     951     15  [ 14907801928,  14912716848)      4914920        12934    1.364106
       39    1024     16  [ 15023309008,  15024537928)      1228920         3234    0.505642
       40    1073     17  [ 15083520008,  15084748928)      1228920         3234    0.532179
       41    1074     18  [ 15084748928,  15085977848)      1228920         3234    0.600472
       42    1099     19  [ 15115468888,  15116697808)      1228920         3234    0.482906
       43    1100     20  [ 15116697808,  15117926728)      1228920         3234    0.414531
       44    1101     21  [ 15117926728,  15119155268)      1228540         3233    0.682660
       45    1151     23  [ 15179366648,  15180595568)      1228920         3234    0.681865
       46    1130      2  [ 15153561608,  15154790528)      1228920         3234    0.533002
       47    1086      6  [ 15099494448,  15100723368)      1228920         3234    0.433697
==============================================================

    20  [  8886681720,   8906342540)     19660820        51739    4.949024
       19     477     21  [  9378201840,   9397862660)     19660820        51739    5.058840
       20     502     22  [  9869721960,   9889382400)     19660440        51738    4.954647
       21     527     23  [ 10361241700,  10380902520)     19660820        51739    5.044371
       22     528      0  [ 10380902520,  10400563340)     19660820        51739    5.298460
       23     553      1  [ 10872422640,  10892083460)     19660820        51739    5.171221
       24     578      2  [ 11363942760,  11383603200)     19660440        51738    5.121289
       25     603      3  [ 11855462568,  11875123388)     19660820        51739    4.936457
       26     628      4  [ 12346982688,  12366643508)     19660820        51739    4.991304
       27     653      5  [ 12838502428,  12858163248)     19660820        51739    4.985172
       28     678      6  [ 13330022548,  13349683368)     19660820        51739    5.118632
       29     703      7  [ 13688832228,  13693747528)      4915300        12935    1.479129
       30     728      8  [ 13811712068,  13816627368)      4915300        12935    1.524915
       31     777      9  [ 14052556828,  14057472128)      4915300        12935    1.286090
       32     778     10  [ 14057472128,  14062387428)      4915300        12935    1.581725
       33     803     11  [ 14180352348,  14185267268)      4914920        12934    1.527401
       34     828     12  [ 14303232188,  14308147488)      4915300        12935    1.392802
       35     853     13  [ 14426112028,  14431027328)      4915300        12935    1.425123
       36     878     14  [ 14548992248,  14553907548)      4915300        12935    1.391558
       37     903     15  [ 14671872088,  14676787388)      4915300        12935    1.751344
       38     928     16  [ 14794752308,  14799667228)      4914920        12934    1.520406
       39     953     17  [ 14917632148,  14922547448)      4915300        12935    1.430041
       40    1098     18  [ 15114240348,  15115468888)      1228540         3233    0.486286
       41    1123     19  [ 15144960308,  15146188848)      1228540         3233    0.501306
       42    1148     20  [ 15175680268,  15176908808)      1228540         3233    0.522250
       43    1008      0  [ 15003648188,  15004877108)      1228920         3234    0.524123
       44    1082      2  [ 15094579528,  15095808068)      1228540         3233    0.478929
       45    1037      5  [ 15039283448,  15040512368)      1228920         3234    0.471062
==============================================================


================ MPI Dynamic Scheduler Debug =================
  MPI rank: 000003 / 000024

  Work summary
    claimed chunks                                         47
    claimed from this rank's queue                          2
    claimed from another rank's queue                      45
    completed FASTQ records                           1685273
    claimed input bytes                             639373964

  Scheduler counters
    scheduler_next calls                                   48
    RMA ticket attempts                                    76
    attempts against another rank's queue                  72
    tickets beyond the final chunk                         29
    empty aligned chunks                                    0

  Scheduler timing
    MPI_Win_create (setup)                       0.004484 s  (1 calls,  4483.840 us/call)
    MPI_Barrier after setup                      0.000019 s  (1 calls,    19.150 us/call)
    scheduler_next total                         2.345839 s  (48 calls, 48871.653 us/call)
      RMA ticket path total                        2.345657 s  (76 calls, 30863.910 us/call)
        MPI_Win_lock                                 0.000206 s  (76 calls,     2.705 us/call)
        MPI_Fetch_and_op                             0.002461 s  (76 calls,    32.375 us/call)
        MPI_Win_unlock                               2.342862 s  (76 calls, 30827.138 us/call)
        RMA call overhead (derived)                  0.000129 s  (76 calls,     1.691 us/call)
      align nominal offsets to FASTQ records       0.000045 s  (47 calls,     0.953 us/call)
      scheduler loop/bookkeeping (derived)         0.000137 s  (48 calls,     2.863 us/call)

  Scheduler teardown timing
    MPI_Barrier (wait for other ranks)           0.122579 s  (1 calls, 122579.298 us/call)
    MPI_Win_free                                 0.000071 s  (1 calls,    70.551 us/call)

  Stage 2 by chunk
    completed chunks                                       47
    accumulated stage 2                            172.527440 s
    average stage 2 per chunk                        3.670797 s
    slowest chunk                                         579
    slowest chunk stage 2                            7.167598 s

    order   chunk  queue        byte range                       bytes      records   stage2(s)
        0       3      3  [    58982756,     78643420)     19660664        52289    5.974930
        1      28      4  [   550502644,    570163464)     19660820        51739    4.945261
        2      53      5  [  1042022764,   1061683204)     19660440        51738    5.549633
        3      78      6  [  1533542504,   1553203324)     19660820        51739    5.063580
        4     103      7  [  2025062624,   2044723444)     19660820        51739    5.133270
        5     128      8  [  2516582744,   2536243564)     19660820        51739    5.164272
        6     153      9  [  3008102484,   3027763304)     19660820        51739    5.164260
        7     178     10  [  3499622604,   3519283424)     19660820        51739    4.910505
        8     203     11  [  3991142528,   4010803568)     19661040        52290    5.140705
        9     228     12  [  4482662532,   4502323352)     19660820        51739    4.961305
       10     253     13  [  4974182652,   4993843472)     19660820        51739    5.176264
       11     278     14  [  5465702772,   5485363212)     19660440        51738    5.025458
       12     303     15  [  5957222512,   5976883332)     19660820        51739    4.978012
       13     328     16  [  6448742632,   6468403452)     19660820        51739    5.743245
       14     353     17  [  6940262752,   6959923572)     19660820        51739    5.090790
       15     378     18  [  7431782492,   7451443312)     19660820        51739    5.009812
       16     403     19  [  7923302676,   7942963340)     19660664        52289    5.091849
       17     428     20  [  8414822420,   8434483240)     19660820        51739    5.003475
       18     453     MPI_Win_create (setup)                       0.003657 s    21  [  8906342540,   8926003360)     19660820        51739    5.014287
       19     478     22  [  9397862660,   9417523480)     19660820        51739    5.107756
       20     503     23  [  9889382400,   9909043220)     19660820        51739    5.077532
       21     504      0  [  9909043220,   9928704040)     19660820        51739    5.354356
       22     529      1  [ 10400563340,  10420224160)     19660820        51739    5.090118
       23     554      2  [ 10892083460,  10911744280)     19660820        51739    5.024205
       24     579      3  [ 11383603200,  11403264132)     19660932        52798    7.167598
       25     604      4  [ 11875123388,  11894784208)     19660820        51739    5.092226
       26     629      5  [ 12366643508,  12386304328)     19660820        51739    5.102737
       27     654      6  [ 12858163248,  12877824068)     19660820        51739    5.090457
       28     679      7  [ 13349683368,  13369344188)     19660820        51739    5.142031
       29     704      8  [ 13693747528,  13698662448)      4914920        12934    1.371766
       30     705      9  [ 13698662448,  13703577748)      4915300        12935    1.312104
       31     706     10  [ 13703577748,  13708493048)      4915300        12935    1.467273
       32     707     11  [ 13708493048,  13713408348)      4915300        12935    1.332136
       33     732     12  [ 13831372888,  13836288188)      4915300        12935    1.461697
       34     757     13  [ 13954253108,  13959168028)      4914920        12934    1.383565
       35     782     14  [ 14077132948,  14082048248)      4915300        12935    1.410309
       36     807     15  [ 14200013168,  14204928088)      4914920        12934    1.622278
       37     832     16  [ 14322893008,  14327808308)      4915300        12935    1.544917
       38     881     17  [ 14563737768,  14568653068)      4915300        12935    1.452710
       39     906     18  [ 14686617608,  14691532908)      4915300        12935    1.497522
       40     931     19  [ 14809497828,  14814413128)      4915300        12935    1.388482
       41     956     20  [ 14932377668,  14937292968)      4915300        12935    1.342559
       42    1053     21  [ 15058944268,  15060172808)      1228540         3233    0.491645
       43    1078     22  [ 15089664228,  15090893148)      1228920         3234    0.468899
       44    1127     23  [ 15149875228,  15151104148)      1228920         3234    0.450799
       45    1153      1  [ 15181824108,  15182222352)       398244         1048    0.610594
       46    1110      6  [ 15128985868,  15130214408)      1228540         3233    0.528256
==============================================================


================ MPI Dynamic Scheduler Debug =================
  MPI rank: 000004 / 000024

  Work summary
    claimed chunks                                         46
    claimed from this rank's queue                          2
    claimed from another rank's queue                      44
    completed FASTQ records                           1664876
    claimed input bytes                             631602596

  Scheduler counters
    scheduler_next calls                                   47
    RMA ticket attempts                                    74
    attempts against another rank's queue                  70
    tickets beyond the final chunk                         28
    empty aligned chunks                                    0

  Scheduler timing
    MPI_Win_create (setup)                       0.001057 s  (1 calls,  1056.510 us/call)
    MPI_Barrier after setup                      0.000012 s  (1 calls,    12.350 us/call)
    scheduler_next total                         1.903856 s  (47 calls, 40507.583 us/call)
      RMA ticket path total                        1.903676 s  (74 calls, 25725.355 us/call)
        MPI_Win_lock                                 0.000203 s  (74 calls,     2.741 us/call)
        MPI_Fetch_and_op                             0.001153 s  (74 calls,    15.579 us/call)
        MPI_Win_unlock                               1.902201 s  (74 calls, 25705.423 us/call)
        RMA call overhead (derived)                  0.000119 s  (74 calls,     1.612 us/call)
      align nominal offsets to FASTQ records       0.000044 s  (46 calls,     0.963 us/call)
      scheduler loop/bookkeeping (derived)         0.000136 s  (47 calls,     2.890 us/call)

  Scheduler teardown timing
    MPI_Barrier (wait for other ranks)           0.674223 s  (1 calls, 674222.743 us/call)
    MPI_Win_free                                 0.000090 s  (1 calls,    89.701 us/call)

  Stage 2 by chunk
    completed chunks                                       46
    accumulated stage 2                            167.886628 s
    average stage 2 per chunk                        3.649709 s
    slowest chunk                                         580
    slowest chunk stage 2                            6.258597 s

    order   chunk  queue        byte range                       bytes      records   stage2(s)
        0       4      4  [    78643420,     98304084)     19660664        52289    5.930909
        1      29      5  [   570163464,    589824284)     19660820        51739    4.977926
        2      54      6  [  1061683204,   1081344024)     19660820        51739    5.253130
        3      79      7  [  1553203324,   1572864144)     19660820        51739    4.994156
        4     104      8  [  2044723444,   2064384264)     19660820        51739    5.016848
        5     129      9  [  2536243564,   2555904004)     19660440        51738    5.096123
        6     154     10  [  3027763304,   3047424124)     19660820        51739    5.162868
        7     179     11  [  3519283424,   3538944244)     19660820        51739    4.930931
        8     204     12  [  4010803568,   4030464232)     19660664        52289    5.284913
        9     229     13  [  4502323352,   4521984172)     19660820        51739    5.115559
       10     254     14  [  4993843472,   5013504292)     19660820        51739    5.120024
       11     279     15  [  5485363212,   5505024032)     19660820        51739    4.911661
       12     304     16  [  5976883332,   5996544152)     19660820        51739    4.969667
       13     329     17  [  6468403452,   6488064272)     19660820        51739    5.002174
       14     354     18  [  6959923572,   6979584012)     19660440        51738    5.111250
       15     379     19  [  7451443312,   7471104132)     19660820        51739    5.020362
       16     404     20  [  7942963340,   7962624004)     19660664        52289    4.970837
       17     429     21  [  8434483240,   8454144060)     19660820        51739    5.359595
       18     454 
================ MPI Dynamic Scheduler Debug =================
  MPI rank: 000005 / 000024

  Work summary
    claimed chunks                                         45
    claimed from this rank's queue                          2
    claimed from another rank's queue                      43
    completed FASTQ records                           1641271
    claimed input bytes                             623002756

  Scheduler counters
    scheduler_next calls                                   46
    RMA ticket attempts                                    75
    attempts against another rank's queue                  71
    tickets beyond the final chunk                         30
    empty aligned chunks                                    0

  Scheduler timing
    MPI_Win_create (setup)                       0.001521 s  (1 calls,  1520.614 us/call)
    MPI_Barrier after setup                      0.000018 s  (1 calls,    18.450 us/call)
    scheduler_next total                         2.243382 s  (46 calls, 48769.183 us/call)
      RMA ticket path total                        2.243204 s  (75 calls, 29909.390 us/call)
        MPI_Win_lock                                 0.000202 s  (75 calls,     2.692 us/call)
        MPI_Fetch_and_op                             0.002054 s  (75 calls,    27.383 us/call)
        MPI_Win_unlock                               2.240831 s  (75 calls, 29877.744 us/call)
        RMA call overhead (derived)                  0.000118 s  (75 calls,     1.571 us/call)
      align nominal offsets to FASTQ records       0.000045 s  (45 calls,     1.002 us/call)
      scheduler loop/bookkeeping (derived)         0.000133 s  (46 calls,     2.893 us/call)

  Scheduler teardown timing
    MPI_Barrier (wait for other ranks)           0.123094 s  (1 calls, 123094.203 us/call)
    MPI_Win_free                                 0.000072 s  (1 calls,    71.501 us/call)

  Stage 2 by chunk
    completed chunks                                       45
    accumulated stage 2                            167.183296 s
    average stage 2 per chunk                        3.715184 s
    slowest chunk                                         581
    slowest chunk stage 2                            6.636770 s

    order   chunk  queue        byte range                       bytes      records   stage2(s)
        0       5      5  [    98304084,    117965124)     19661040        52290    5.863748
        1      30      6  [   589824284,    609485104)     19660820        51739    4.877340
        2      55      7  [  1081344024,   1101004844)     19660820        51739    5.236892
        3      80      8  [  1572864144,   1592524964)     19660820        51739    5.021765
        4     105      9  [  2064384264,   2084045084)     19660820        51739    5.185400
        5     130     10  [  2555904004,   2575564824)     19660820        51739    5.061338
        6     155     11  [  3047424124,   3067084944)     19660820        51739    5.247450
        7     180     12  [  3538944244,   3558605064)     19660820        51739    4.952387
        8     205     13  [  4030464232,   4050124896)     19660664        52289    5.003318
        9     230     14  [  4521984172,   4541644992)     19660820        51739    5.326255
       10     255     15  [  5013504292,   5033165112)     19660820        51739    5.071237
       11     280     16  [  5505024032,   5524684852)     19660820        51739    4.973778
       12     305     17  [  5996544152,   6016204972)     19660820        51739    4.974945
       13     330     18  [  6488064272,   6507725092)     19660820        51739    5.117791
       14     355     19  [  6979584012,   6999244832)     19660820        51739    4.944398
       15     380     20  [  7471104132,   7490764952)     19660820        51739    5.307531
       16     405     21  [  7962624004,   7982285140)     19661136        51853    4.966937
       17     430     22  [  8454144060,   8473804880)     19660820        51739    4.977606
       18     455   (1 calls,  3656.733 us/call)    22  [  8926003360,   8945664180)     19660820        51739    5.154713
       19     479     23  [  9417523480,   9437184300)     19660820        51739    5.122698
       20     480      0  [  9437184300,   9456845120)     19660820        51739    5.089659
       21     505      1  [  9928704040,   9948364860)     19660820        51739    5.149543
       22     530      2  [ 10420224160,  10439884980)     19660820        51739    4.900799
       23     555      3  [ 10911744280,  10931405100)     19660820        51739    5.111976
       24     580      4  [ 11403264132,  11422925076)     19660944        52852    6.258597
       25     605      5  [ 11894784208,  11914445028)     19660820        51739    4.996114
       26     630      6  [ 12386304328,  12405965148)     19660820        51739    4.948443
       27     655      7  [ 12877824068,  12897484888)     19660820        51739    5.038046
       28     680      8  [ 13369344188,  13389005008)     19660820        51739    4.834428
       29     729      9  [ 13816627368,  13821542668)      4915300        12935    1.429194
       30     730     10  [ 13821542668,  13826457968)      4915300        12935    1.376336
       31     755     11  [ 13944422508,  13949337808)      4915300        12935    1.464024
       32     780     12  [ 14067302728,  14072217648)      4914920        12934    1.297761
       33     781     13  [ 14072217648,  14077132948)      4915300        12935    1.529943
       34     806     14  [ 14195097868,  14200013168)      4915300        12935    1.535685
       35     855     15  [ 14435942628,  14440857928)      4915300        12935    1.377303
       36     880     16  [ 14558822468,  14563737768)      4915300        12935    1.500103
       37     905     17  [ 14681702688,  14686617608)      4914920        12934    1.360958
       38     930     18  [ 14804582528,  14809497828)      4915300        12935    1.612144
       39     955     19  [ 14927462748,  14932377668)      4914920        12934    1.369418
       40    1004     20  [ 14998732888,  14999961808)      1228920         3234    0.641881
       41    1005     21  [ 14999961808,  15001190728)      1228920         3234    0.507271
       42    1006     22  [ 15001190728,  15002419268)      1228540         3233    0.565639
       43    1031     23  [ 15031910688,  15033139228)      1228540         3233    0.552935
       44    1081      1  [ 15093350608,  15094579528)      1228920         3234    0.477377
       45    1013      5  [ 15009792028,  15011020948)      1228920         3234    0.454706
==============================================================

    23  [  8945664180,   8965325000)     19660820        51739    5.061970
       19     456      0  [  8965325000,   8984985820)     19660820        51739    5.077853
       20     481      1  [  9456845120,   9476505940)     19660820        51739    5.158506
       21     506      2  [  9948364860,   9968025680)     19660820        51739    5.276714
       22     531      3  [ 10439884980,  10459545800)     19660820        51739    5.003881
       23     556      4  [ 10931405100,  10951065920)     19660820        51739    5.224546
       24     581      5  [ 11422925076,  11442585872)     19660796        52315    6.636770
       25     606      6  [ 11914445028,  11934105848)     19660820        51739    5.196069
       26     631      7  [ 12405965148,  12425625968)     19660820        51739    5.440638
       27     656      8  [ 12897484888,  12917145708)     19660820        51739    5.076118
       28     681      9  [ 13389005008,  13408665828)     19660820        51739    5.241731
       29     754     10  [ 13939507208,  13944422508)      4915300        12935    1.445775
       30     779     11  [ 14062387428,  14067302728)      4915300        12935    1.344829
       31     804     12  [ 14185267268,  14190182568)      4915300        12935    1.529180
       32     829     13  [ 14308147488,  14313062408)      4914920        12934    1.575498
       33     854     14  [ 14431027328,  14435942628)      4915300        12935    1.343526
       34     879     15  [ 14553907548,  14558822468)      4914920        12934    1.367178
       35     904     16  [ 14676787388,  14681702688)      4915300        12935    1.359553
       36     929     17  [ 14799667228,  14804582528)      4915300        12935    1.414196
       37     954     18  [ 14922547448,  14927462748)      4915300        12935    1.420749
       38    1003     19  [ 14997504348,  14998732888)      1228540         3233    0.588785
       39    1028     20  [ 15028224308,  15029452848)      1228540         3233    0.500080
       40    1029     21  [ 15029452848,  15030681768)      1228920         3234    0.571963
       41    1054     22  [ 15060172808,  15061401728)      1228920         3234    0.646417
       42    1056      0  [ 15062630648,  15063859568)      1228920         3234    0.533678
       43    1035      3  [ 15036825608,  15038054528)      1228920         3234    0.460676
       44    1111      7  [ 15130214408,  15131443328)      1228920         3234    0.576301
==============================================================


    MPI_Barrier after setup                      0.000018 s  (1 calls,    17.900 us/call)
    scheduler_next total                         1.170965 s  (47 calls, 24914.150 us/call)

================ MPI Dynamic Scheduler Debug =================
  MPI rank: 000012 / 000024

  Work summary
    claimed chunks                                         49
    claimed from this rank's queue                          2
    claimed from another rank's queue                      47
    completed FASTQ records                           1673551
    claimed input bytes                             635289768

  Scheduler counters
    scheduler_next calls                                   50
    RMA ticket attempts                                    90
    attempts against another rank's queue                  86
    tickets beyond the final chunk                         41
    empty aligned chunks                                    0

  Scheduler timing
    MPI_Win_create (setup)                       0.003404 s  (1 calls,  3403.666 us/call)
    MPI_Barrier after setup                      0.000014 s  (1 calls,    14.000 us/call)
    scheduler_next total                         2.622511 s  (50 calls, 52450.219 us/call)
      RMA ticket path total                        2.622302 s  (90 calls, 29136.684 us/call)      RMA ticket path total                        1.170783 s  (74 calls, 15821.395 us/call)
        MPI_Win_lock                                 0.000198 s  (74 calls,     2.672 us/call)
        MPI_Fetch_and_op                             0.001683 s  (74 calls,    22.743 us/call)
        MPI_Win_unlock                               1.168784 s  (74 calls, 15794.373 us/call)
        RMA call overhead (derived)                  0.000119 s  (74 calls,     1.607 us/call)
      align nominal offsets to FASTQ records       0.000049 s  (46 calls,     1.066 us/call)
      scheduler loop/bookkeeping (derived)         0.000133 s  (47 calls,     2.824 us/call)

  Scheduler teardown timing
    MPI_Barrier (wait for other ranks)           0.000029 s  (1 calls,    28.700 us/call)
    MPI_Win_free                                 0.000078 s  (1 calls,    78.151 us/call)

  Stage 2 by chunk
    completed chunks                                       46
    accumulated stage 2                            168.772364 s
    average stage 2 per chunk                        3.668964 s
    slowest chunk                                         584
    slowest chunk stage 2                            5.936461 s

    order   chunk  queue        byte range                       bytes      records   stage2(s)
        0       8      8  [   157286452,    176947492)     19661040        52290    4.994596
        1      33      9  [   648806744,    668467564)     19660820        51739    5.071167
        2      58     10  [  1140326484,   1159987304)     19660820        51739    5.290702
        3      83     11  [  1631846604,   1651507424)     19660820        51739    4.878600
        4     108     12  [  2123366724,   2143027544)     19660820        51739    5.000431
        5     133     13  [  2614886464,   2634547284)     19660820        51739    4.875803
        6     158     14  [  3106406584,   3126067404)     19660820        51739    5.180298
        7     183     15  [  3597926704,   3617587524)     19660820        51739    5.050125
        8     208     16  [  4089446600,   4109107264)     19660664        52289    5.005249
        9     233     17  [  4580966632,   4600627452)     19660820        51739    5.046055
       10     258     18  [  5072486752,   5092147572)     19660820        51739    5.546381
       11     283     19  [  5564006492,   5583667312)     19660820        51739    5.045375
       12     308     20  [  6055526612,   6075187432)     19660820        51739    5.116602
       13     333     21  [  6547046732,   6566707552)     19660820        51739    4.984396
       14     358     22  [  7038566472,   7058227292)     19660820        51739    5.110585
       15     383     23  [  7530086592,   7549747412)     19660820        51739    5.152469
       16     384      0  [  7549747412,   7569408232)     19660820        51739    5.021545
       17     409      1  [  8041267220,   8060928040)     19660820        51739    4.954070
       18     434      2  [  8532787340,   8552448160)     19660820        51739    5.312077
       19     459      3  [  9024307460,   9043968280)     19660820        51739    5.006887
       20     484      4  [  9515827200,   9535488020)     19660820        51739    5.048149
       21     509      5  [ 10007347320,  10027008140)     19660820        51739    5.156121
       22     534      6  [ 10498867440,  10518528260)     19660820        51739    4.967782
       23     559      7  [ 10990387560,  11010048000)     19660440        51738    5.060966
       24     584      8  [ 11481907200,  11501568240)     19661040        52290    5.936461
       25     609      9  [ 11973427488,  11993088308)     19660820        51739    4.872071
       26     634     10  [ 12464947228,  12484608048)     19660820        51739    5.256397
       27     659     11  [ 12956467348,  12976128168)     19660820        51739    5.139475
       28     684     12  [ 13447987468,  13467648288)     19660820        51739    5.040559
       29     709     13  [ 13718323268,  137232
================ MPI Dynamic Scheduler Debug =================
  MPI rank: 000009 / 000024

  Work summary
    claimed chunks                                         44
    claimed from this rank's queue                          2
    claimed from another rank's queue                      42
    completed FASTQ records                           1666999
    claimed input bytes                             632832148

  Scheduler counters
    scheduler_next calls                                   45
    RMA ticket attempts                                    72
    attempts against another rank's queue                  69
    tickets beyond the final chunk                         28
    empty aligned chunks                                    0

  Scheduler timing
    MPI_Win_create (setup)                       0.003496 s  (1 calls,  3496.332 us/call)
    MPI_Barrier after setup                      0.000018 s  (1 calls,    17.800 us/call)
    scheduler_next total                         1.736822 s  (45 calls, 38596.042 us/call)
      RMA ticket path total                        1.736652 s  (72 calls, 24120.172 us/call)
        MPI_Win_lock                                 0.000195 s  (72 calls,     2.713 us/call)
        MPI_Fetch_and_op                             0.001834 s  (72 calls,    25.473 us/call)
        MPI_Win_unlock                               1.734507 s  (72 calls, 24090.377 us/call)
        RMA call overhead (derived)                  0.000116 s  (72 calls,     1.608 us/call)
      align nominal offsets to FASTQ records       0.000042 s  (44 calls,     0.945 us/call)
      scheduler loop/bookkeeping (derived)         0.000128 s  (45 calls,     2.843 us/call)

  Scheduler teardown timing
    MPI_Barrier (wait for other ranks)           0.187258 s  (1 calls, 187258.293 us/call)
    MPI_Win_free                                 0.000072 s  (1 calls,    72.001 us/call)

  Stage 2 by chunk
    completed chunks                                       44
    accumulated stage 2                            167.395078 s
    average stage 2 per chunk                        3.804434 s
    slowest chunk                                         385
    slowest chunk stage 2                            5.331545 s

    order   chunk  queue        byte range                       bytes      records   stage2(s)
        0       9      9  [   176947492,    196608156)     19660664        52289    5.124661
        1      34     10  [   668467564,    688128004)     19660440        51738    5.138019
        2      59     11  [  1159987304,   1179648124)     19660820        51739    5.064066
        3      84     12  [  1651507424,   1671168244)     19660820        51739    4.998009
        4     109     13  [  2143027544,   2162688364)     19660820        51739    5.067680
        5     134     14  [  2634547284,   2654208104)     19660820        51739    5.127134
        6     159     15  [  3126067404,   3145728224)     19660820        51739    5.059970
        7     184     16  [  3617587524,   3637248344)     19660820        51739    5.217623
        8     209     17  [  4109107264,   4128768304)     19661040        52290    5.321065
        9     234     18  [  4600627452,   4620288272)     19660820        51739    5.088680
       10     259     19  [  5092147572,   5111808012)     19660440        51738    4.899176
       11     284     20  [  5583667312,   5603328132)     19660820        51739    5.096493
       12     309     21  [  6075187432,   6094848252)     19660820        51739    5.188868
       13     334     22  [  6566707552,   6586368372)     19660820        51739    5.127971
       14     359     23  [  7058227292,   7077888112)     19660820        51739    4.898746
       15     360      0  [  7077888112,   7097548932)     19660820        51739    5.013777
       16     385      1  [  7569408232,   7589069052)     19660820        51739    5.331545
       17     410      2  [  8060928040,   8080588860)     19660820        51739    5.175638
       18     435 
================ MPI Dynamic Scheduler Debug =================
  MPI rank: 000010 / 000024

  Work summary
    claimed chunks                                         44
    claimed from this rank's queue                          2
    claimed from another rank's queue                      42
    completed FASTQ records                           1668113
    claimed input bytes                             632831200

  Scheduler counters
    scheduler_next calls                                   45
    RMA ticket attempts                                    70
    attempts against another rank's queue                  67
    tickets beyond the final chunk                         26
    empty aligned chunks                                    0

  Scheduler timing
    MPI_Win_create (setup)                       0.003584 s  (1 calls,  3583.533 us/call)
    MPI_Barrier after setup                      0.000017 s  (1 calls,    17.450 us/call)
    scheduler_next total                         1.768155 s  (45 calls, 39292.325 us/call)
      RMA ticket path total                        1.767984 s  (70 calls, 25256.916 us/call)
        MPI_Win_lock                                 0.000188 s  (70 calls,     2.687 us/call)
        MPI_Fetch_and_op                             0.001738 s  (70 calls,    24.833 us/call)
        MPI_Win_unlock                               1.765941 s  (70 calls, 25227.728 us/call)
        RMA call overhead (derived)                  0.000117 s  (70 calls,     1.668 us/call)
      align nominal offsets to FASTQ records       0.000042 s  (44 calls,     0.952 us/call)
      scheduler loop/bookkeeping (derived)         0.000129 s  (45 calls,     2.858 us/call)

  Scheduler teardown timing
    MPI_Barrier (wait for other ranks)           0.124079 s  (1 calls, 124078.872 us/call)
    MPI_Win_free                                 0.000080 s  (1 calls,    80.001 us/call)

  Stage 2 by chunk
    completed chunks                                       44
    accumulated stage 2                            168.844630 s
    average stage 2 per chunk                        3.837378 s
    slowest chunk                                         386
    slowest chunk stage 2                            7.066192 s

    order   chunk  queue        byte range                       bytes      records   stage2(s)
        0      10     10  [   196608156,    216268820)     19660664        52289    5.328647
        1      35     11  [   688128004,    707788824)     19660820        51739    4.872323
        2      60     12  [  1179648124,   1199308944)     19660820        51739    5.238571
        3      85     13  [  1671168244,   1690829064)     19660820        51739    5.006201
        4     110     14  [  2162688364,   2182348804)     19660440        51738    5.214219
        5     135     15  [  2654208104,   2673868924)     19660820        51739    5.482220
        6     160     16  [  3145728224,   3165389044)     19660820        51739    4.995810
        7     185     17  [  3637248344,   3656909164)     19660820        51739    5.013178
        8     210     18  [  4128768304,   4148428968)     19660664        52289    5.425131
        9     235     19  [  4620288272,   4639949092)     19660820        51739    4.931044
       10     260     20  [  5111808012,   5131468832)     19660820        51739    5.071957
       11     285     21  [  5603328132,   5622988952)     19660820        51739    5.002843
       12     310     22  [  6094848252,   6114509072)     19660820        51739    5.024236
       13     335     23  [  6586368372,   6606028812)     19660440        51738    5.054298
       14     336      0  [  6606028812,   6625689632)     19660820        51739    5.082477
       15     361      1  [  7097548932,   7117209752)     19660820        51739    5.044868
       16     386      2  [  7589069052,   7608729684)     19660632        52855    7.066192
       17     411      3  [  8080588860,   8100249680)     19660820        51739    5.010686
       18     436 38568)      4915300        12935    1.530007
       30     734     14  [ 13841203488,  13846118408)      4914920        12934    1.446256
       31     759     15  [ 13964083328,  13968998628)      4915300        12935    1.506229
       32     760     16  [ 13968998628,  13973913928)      4915300        12935    1.463140
       33     785     17  [ 14091878468,  14096793768)      4915300        12935    1.749560
       34     810     18  [ 14214758688,  14219673608)      4914920        12934    1.494653
       35     835     19  [ 14337638528,  14342553828)      4915300        12935    1.389890
       36     860     20  [ 14460518748,  14465433668)      4914920        12934    1.376502
       37     885     21  [ 14583398588,  14588313888)      4915300        12935    1.503278
       38     910     22  [ 14706278428,  14711193728)      4915300        12935    1.512458
       39     935     23  [ 14829158648,  14834073948)      4915300        12935    1.364947
       40     936      0  [ 14834073948,  14838988868)      4914920        12934    1.493338
       41     985      1  [ 14975385688,  14976614608)      1228920         3234    0.514438
       42     986      2  [ 14976614608,  14977843528)      1228920         3234    0.459569
       43    1011      3  [ 15007334568,  15008563488)      1228920         3234    0.509273
       44    1060      4  [ 15067545948,  15068774488)      1228540         3233    0.669937
       45    1113      9  [ 15132672248,  15133901168)      1228920         3234    0.667495
==============================================================

     3  [  8552448160,   8572108980)     19660820        51739    4.976079
       19     460      4  [  9043968280,   9063629100)     19660820        51739    5.130088
       20     485      5  [  9535488020,   9555148840)     19660820        51739    5.063257
       21     510      6  [ 10027008140,  10046668960)     19660820        51739    5.084224
       22     535      7  [ 10518528260,  10538189080)     19660820        51739    5.112241
       23     560      8  [ 11010048000,  11029708820)     19660820        51739    5.043399
       24     585      9  [ 11501568240,  11521228904)     19660664        52289    5.145518
       25     610     10  [ 11993088308,  12012749128)     19660820        51739    5.274073
       26     635     11  [ 12484608048,  12504268868)     19660820        51739    5.157674
       27     660     12  [ 12976128168,  12995788988)     19660820        51739    4.992297
       28     685     13  [ 13467648288,  13487309108)     19660820        51739    5.130306
       29     710     14  [ 13723238568,  13728153868)      4915300        12935    1.497886
       30     735     15  [ 13846118408,  13851033708)      4915300        12935    1.575402
       31     736     16  [ 13851033708,  13855949008)      4915300        12935    1.343795
       32     761     17  [ 13973913928,  13978828848)      4914920        12934    1.855322
       33     786     18  [ 14096793768,  14101709068)      4915300        12935    1.433306
       34     811     19  [ 14219673608,  14224588908)      4915300        12935    1.346731
       35     836     20  [ 14342553828,  14347469128)      4915300        12935    1.517804
       36     861     21  [ 14465433668,  14470348968)      4915300        12935    1.397953
       37     886     22  [ 14588313888,  14593228808)      4914920        12934    1.455180
       38     911     23  [ 14711193728,  14716109028)      4915300        12935    1.479212
       39     912      0  [ 14716109028,  14721024328)      4915300        12935    1.525502
       40     937      1  [ 14838988868,  14843904168)      4915300        12935    1.409486
       41    1010      2  [ 15006105648,  15007334568)      1228920         3234    0.517776
       42    1131      3  [ 15154790528,  15156019448)      1228920         3234    0.457561
       43    1088      8  [ 15101952288,  15103180828)      1228540         3233    0.533885
==============================================================

     4  [  8572108980,   8591769800)     19660820        51739    5.110007
       19     461      5  [  9063629100,   9083289920)     19660820        51739    5.145887
       20     486      6  [  9555148840,   9574809660)     19660820        51739    5.028374
       21     511      7  [ 10046668960,  10066329780)     19660820        51739    5.090373
       22     536      8  [ 10538189080,  10557849900)     19660820        51739    5.088276
       23     561      9  [ 11029708820,  11049369640)     19660820        51739    4.994821
       24     586     10  [ 11521228904,  11540889944)     19661040        52290    5.139958
       25     611     11  [ 12012749128,  12032409948)     19660820        51739    4.964211
       26     636     12  [ 12504268868,  12523929688)     19660820        51739    5.101593
       27     661     13  [ 12995788988,  13015449808)     19660820        51739    5.218142
       28     686     14  [ 13487309108,  13506969928)     19660820        51739    4.931077
       29     711     15  [ 13728153868,  13733069168)      4915300        12935    1.651187
       30     712     16  [ 13733069168,  13737984088)      4914920        12934    1.390550
       31     737     17  [ 13855949008,  13860864308)      4915300        12935    1.438558
       32     762     18  [ 13978828848,  13983744148)      4915300        12935    1.567599
       33     787     19  [ 14101709068,  14106624368)      4915300        12935    1.509968
       34     812     20  [ 14224588908,  14229504208)      4915300        12935    1.391719
       35     837     21  [ 14347469128,  14352384048)      4914920        12934    1.411172
       36     862     22  [ 14470348968,  14475264268)      4915300        12935    1.435397
       37     887     23  [ 14593228808,  14598144108)      4915300        12935    1.508195
       38     888      0  [ 14598144108,  14603059408)      4915300        12935    1.458318
       39     913      1  [ 14721024328,  14725939248)      4914920        12934    1.604761
       40     938      2  [ 14843904168,  14848819468)      4915300        12935    1.343987
       41     987      3  [ 14977843528,  14979072068)      1228540         3233    0.475539
       42    1012      4  [ 15008563488,  15009792028)      1228540         3233    0.553125
       43    1135      7  [ 15159705828,  15160934748)      1228920         3234    0.426936
==============================================================


================ MPI Dynamic Scheduler Debug =================
  MPI rank: 000011 / 000024

  Work summary
    claimed chunks                                         43
    claimed from this rank's queue                          2
    claimed from another rank's queue                      41
    completed FASTQ records                           1616369
    claimed input bytes                             613171284

  Scheduler counters
    scheduler_next calls                                   44
    RMA ticket attempts                                    69
    attempts against another rank's queue                  66
    tickets beyond the final chunk                         26
    empty aligned chunks                                    0

  Scheduler timing
    MPI_Win_create (setup)                       0.003043 s  (1 calls,  3043.428 us/call)
    MPI_Barrier after setup                      0.000016 s  (1 calls,    16.250 us/call)
    scheduler_next total                         1.943217 s  (44 calls, 44164.012 us/call)
      RMA ticket path total                        1.943047 s  (69 calls, 28160.104 us/call)
        MPI_Win_lock                                 0.000189 s  (69 calls,     2.738 us/call)
        MPI_Fetch_and_op                             0.001570 s  (69 calls,    22.754 us/call)
        MPI_Win_unlock                               1.941179 s  (69 calls, 28133.022 us/call)
        RMA call overhead (derived)                  0.000110 s  (69 calls,     1.591 us/call)
      align nominal offsets to FASTQ records       0.000042 s  (43 calls,     0.987 us/call)
      scheduler loop/bookkeeping (derived)         0.000127 s  (44 calls,     2.884 us/call)

  Scheduler teardown timing
    MPI_Barrier (wait for other ranks)           0.236557 s  (1 calls, 236557.039 us/call)
    MPI_Win_free                                 0.000069 s  (1 calls,    69.251 us/call)

  Stage 2 by chunk
    completed chunks                                       43
    accumulated stage 2                            163.370070 s
    average stage 2 per chunk                        3.799304 s
    slowest chunk                                         387
    slowest chunk stage 2                            6.257786 s

    order   chunk  queue        byte range                       bytes      records   stage2(s)
        0      11     11  [   216268820,    235929860)     19661040        52290    5.195947
        1      36     12  [   707788824,    727449644)     19660820        51739    5.074013
        2      61     13  [  1199308944,   1218969764)     19660820        51739    5.181585
        3      86     14  [  1690829064,   1710489884)     19660820        51739    4.843365
        4     111     15  [  2182348804,   2202009624)     19660820        51739    4.933076
        5     136     16  [  2673868924,   2693529744)     19660820        51739    4.976857
        6     161     17  [  3165389044,   3185049864)     19660820        51739    5.300984
        7     186     18  [  3656909164,   3676569604)     19660440        51738    4.974906
        8     211     19  [  4148428968,   4168089632)     19660664        52289    4.915291
        9     236     20  [  4639949092,   4659609912)     19660820        51739    5.404616
       10     261     21  [  5131468832,   5151129652)     19660820        51739    5.226277
       11     286     22  [  5622988952,   5642649772)     19660820        51739    4.996505
       12     311     23  [  6114509072,   6134169892)     19660820        51739    5.097417
       13     312      0  [  6134169892,   6153830712)     19660820        51739    5.283642
       14     337      1  [  6625689632,   6645350452)     19660820        51739    4.998343
       15     362      2  [  7117209752,   7136870572)     19660820        51739    5.253381
       16     387      3  [  7608729684,   7628390460)     19660776        52848    6.257786
       17     412      4  [  8100249680,   8119910500)     19660820        51739    5.094709
       18     437      5  [  8591769800,   8611430620)     19660820        51739    4.998810
       19     462      6  [  9083289920,   9102950740)     19660820        51739    5.019434
       20     487      7  [  9574809660,   9594470480)     19660820        51739    4.883279
       21     512      8  [ 10066329780,  10085990600)     19660820        51739    5.031579
       22     537      9  [ 10557849900,  10577510720)     19660820        51739    5.316875
       23     562     10  [ 11049369640,  11069030460)     19660820        51739    5.295778
       24     587     11  [ 11540889944,  11560550608)     19660664        52289    5.263430
       25     612     12  [ 12032409948,  12052070768)     19660820        51739    5.140057
       26     637     13  [ 12523929688,  12543590508)     19660820        51739    5.254382
       27     662     14  [ 13015449808,  13035110628)     19660820        51739    5.130147
       28     687     15  [ 13506969928,  13526630748)     19660820        51739    4.906689
       29     784     16  [ 14086963548,  14091878468)      4914920        12934    1.560714
       30     809     17  [ 14209843388,  14214758688)      4915300        12935    1.430056
       31     834     18  [ 14332723228,  14337638528)      4915300        12935    1.407445
       32     859     19  [ 14455603448,  14460518748)      4915300        12935    1.621598
       33     884     20  [ 14578483288,  14583398588)      4915300        12935    1.383979
       34     909     21  [ 14701363508,  14706278428)      4914920        12934    1.442447
       35     934     22  [ 14824243348,  14829158648)      4915300        12935    1.415048
       36     959     23  [ 14943436808,  14944665728)      1228920         3234    0.659005
       37     960      0  [ 14944665728,  14945894648)      1228920         3234    0.582152
       38     961      1  [ 14945894648,  14947123568)      1228920         3234    0.510333
       39     962      2  [ 14947123568,  14948352108)      1228540         3233    0.551485
       40     963      3  [ 14948352108,  14949581028)      1228920         3234    0.492570
       41     988      4  [ 14979072068,  14980300988)      1228920         3234    0.618012
       42    1063      7  [ 15071232328,  15072460868)      1228540         3233    0.446066
==============================================================


================ MPI Dynamic Scheduler Debug =================
  MPI rank: 000018 / 000024

  Work summary
    claimed chunks                                         51
    claimed from this rank's queue                          2
    claimed from another rank's queue                      49
    completed FASTQ records                           1642208
    claimed input bytes                             623001204

  Scheduler counters
    scheduler_next calls                                   52
    RMA ticket attempts                                    83
    attempts against another rank's queue                  79
    tickets beyond the final chunk                         32
    empty aligned chunks                                    0

  Scheduler timing
    MPI_Win_create (setup)                       0.003141 s  (1 calls,  3140.873 us/call)
        MPI_Win_lock                                 0.000235 s  (90 calls,     2.607 us/call)
        MPI_Fetch_and_op                             0.002119 s  (90 calls,    23.547 us/call)
        MPI_Win_unlock                               2.619673 s  (90 calls, 29107.481 us/call)
        RMA call overhead (derived)                  0.000275 s  (90 calls,     3.050 us/call)
      align nominal offsets to FASTQ records       0.000049 s  (49 calls,     0.999 us/call)
      scheduler loop/bookkeeping (derived)         0.000160 s  (50 calls,     3.209 us/call)

  Scheduler teardown timing
    MPI_Barrier (wait for other ranks)           0.656650 s  (1 calls, 656649.797 us/call)
    MPI_Win_free                                 0.000086 s  (1 calls,    86.351 us/call)

  Stage 2 by chunk
    completed chunks                                       49
    accumulated stage 2                            170.462816 s
    average stage 2 per chunk                        3.478833 s
    slowest chunk                                         388
    slowest chunk stage 2                            6.625338 s

    order   chunk  queue        byte range                       bytes      records   stage2(s)
        0      12     12  [   235929860,    255590524)     19660664        52289    5.089955
        1      37     13  [   727449644,    747110464)     19660820        51739    5.105938
        2      62     14  [  1218969764,   1238630584)     19660820        51739    4.963401
        3      87     15  [  1710489884,   1730150704)     19660820        51739    5.055376
        4     112     16  [  2202009624,   2221670444)     19660820        51739    5.014178
        5     137     17  [  2693529744,   2713190564)     19660820        51739    5.097148
        6     162     18  [  3185049864,   3204710684)     19660820        51739    4.929714
        7     187     19  [  3676569604,   3696230424)     19660820        51739    5.237031
        8     212     20  [  4168089632,   4187750612)     19660980        51824    5.009314
        9     237     21  [  4659609912,   4679270732)     19660820        51739    4.984752
       10     262     22  [  5151129652,   5170790472)     19660820        51739    5.206832
       11     287     23  [  5642649772,   5662310592)     19660820        51739    5.060634
       12     288      0  [  5662310592,   5681971412)     19660820        51739    5.170379
       13     313      1  [  6153830712,   6173491532)     19660820        51739    5.181527
       14     338      2  [  6645350452,   6665011272)     19660820        51739    4.979698
       15     363      3  [  7136870572,   7156531392)     19660820        51739    5.002379
       16     388      4  [  7628390460,   7648051500)     19661040        52290    6.625338
       17     413      5  [  8119910500,   8139571320)     19660820        51739    5.114490
       18     438      6  [  8611430620,   8631091440)     19660820        51739    5.191708
       19     463      7  [  9102950740,   9122611560)     19660820        51739    5.033179
       20     488      8  [  9594470480,   9614131300)     19660820        51739    5.082882
       21     513      9  [ 10085990600,  10105651420)     19660820        51739    5.073385
       22     538     10  [ 10577510720,  10597171540)     19660820        51739    5.296735
       23     563     11  [ 11069030460,  11088691280)     19660820        51739    5.044853
       24     588     12  [ 11560550608,  11580211272)     19660664        52289    5.341331
       25     613     13  [ 12052070768,  12071731208)     19660440        51738    5.267357
       26     638     14  [ 12543590508,  12563251328)     19660820        51739    5.092221
       27     663     15  [ 13035110628,  13054771448)     19660820        51739    4.964058
       28     688     16  [ 13526630748,  13546291568)     19660820        51739    5.448367
       29     713     17  [ 13737984088,  13742899388)      4915300        12935    1.387055
       30     738     18  [ 13860864308,  138
================ MPI Dynamic Scheduler Debug =================
  MPI rank: 000013 / 000024

  Work summary
    claimed chunks                                         50
    claimed from this rank's queue                          2
    claimed from another rank's queue                      48
    completed FASTQ records                           1676699
    claimed input bytes                             636518144

  Scheduler counters
    scheduler_next calls                                   51
    RMA ticket attempts                                    92
    attempts against another rank's queue                  88
    tickets beyond the final chunk                         42
    empty aligned chunks                                    0

  Scheduler timing
    MPI_Win_create (setup)                       0.003808 s  (1 calls,  3808.068 us/call)
    MPI_Barrier after setup                      0.000019 s  (1 calls,    19.400 us/call)
    scheduler_next total                         2.577458 s  (51 calls, 50538.389 us/call)
      RMA ticket path total                        2.577246 s  (92 calls, 28013.543 us/call)
        MPI_Win_lock                                 0.000242 s  (92 calls,     2.630 us/call)
        MPI_Fetch_and_op                             0.002388 s  (92 calls,    25.953 us/call)
        MPI_Win_unlock                               2.574472 s  (92 calls, 27983.391 us/call)
        RMA call overhead (derived)                  0.000144 s  (92 calls,     1.569 us/call)
      align nominal offsets to FASTQ records       0.000051 s  (50 calls,     1.028 us/call)
      scheduler loop/bookkeeping (derived)         0.000161 s  (51 calls,     3.147 us/call)

  Scheduler teardown timing
    MPI_Barrier (wait for other ranks)           0.016734 s  (1 calls, 16734.177 us/call)
    MPI_Win_free                                 0.000076 s  (1 calls,    75.501 us/call)

  Stage 2 by chunk
    completed chunks                                       50
    accumulated stage 2                            168.735090 s
    average stage 2 per chunk                        3.374702 s
    slowest chunk                                         389
    slowest chunk stage 2                            6.091392 s

    order   chunk  queue        byte range                       bytes      records   stage2(s)
        0      13     13  [   255590524,    275251564)     19661040        52290    5.198718
        1      38     14  [   747110464,    766771284)     19660820        51739    5.141873
        2      63     15  [  1238630584,   1258291404)     19660820        51739    5.062651
        3      88     16  [  1730150704,   1749811524)     19660820        51739    4.855937
        4     113     17  [  2221670444,   2241331264)     19660820        51739    5.082162
        5     138     18  [  2713190564,   2732851384)     19660820        51739    5.255180
        6     163     19  [  3204710684,   3224371504)     19660820        51739    5.097470
        7     188     20  [  3696230424,   3715891244)     19660820        51739    4.976943
        8     213     21  [  4187750612,   4207411432)     19660820        51739    4.926730
        9     238     22  [  4679270732,   4698931552)     19660820        51739    4.900002
       10     263     23  [  5170790472,   5190451292)     19660820        51739    4.950042
       11     264      0  [  5190451292,   5210112112)     19660820        51739    5.004012
       12     289      1  [  5681971412,   5701632232)     19660820        51739    5.069252
       13     314      2  [  6173491532,   6193152352)     19660820        51739    5.001068
       14     339      3  [  6665011272,   6684672092)     19660820        51739    5.262289
       15     364      4  [  7156531392,   7176192212)     19660820        51739    4.979321
       16     389      5  [  7648051500,   7667712164)     19660664        52289    6.091392
       17     414      6  [  8139571320,   8159232140)     19660820        51739    4.939490
       18     439  
================ MPI Dynamic Scheduler Debug =================
  MPI rank: 000014 / 000024

  Work summary
    claimed chunks                                         50
    claimed from this rank's queue                          2
    claimed from another rank's queue                      48
    completed FASTQ records                           1676698
    claimed input bytes                             636517772

  Scheduler counters
    scheduler_next calls                                   51
    RMA ticket attempts                                    89
    attempts against another rank's queue                  85
    tickets beyond the final chunk                         39
    empty aligned chunks                                    0

  Scheduler timing
    MPI_Win_create (setup)                       0.003620 s  (1 calls,  3619.667 us/call)
    MPI_Barrier after setup                      0.000016 s  (1 calls,    16.000 us/call)
    scheduler_next total                         2.435289 s  (51 calls, 47750.756 us/call)
      RMA ticket path total                        2.435075 s  (89 calls, 27360.392 us/call)
        MPI_Win_lock                                 0.000228 s  (89 calls,     2.558 us/call)
        MPI_Fetch_and_op                             0.001874 s  (89 calls,    21.061 us/call)
        MPI_Win_unlock                               2.432828 s  (89 calls, 27335.150 us/call)
        RMA call overhead (derived)                  0.000144 s  (89 calls,     1.622 us/call)
      align nominal offsets to FASTQ records       0.000055 s  (50 calls,     1.097 us/call)
      scheduler loop/bookkeeping (derived)         0.000159 s  (51 calls,     3.114 us/call)

  Scheduler teardown timing
    MPI_Barrier (wait for other ranks)           0.269709 s  (1 calls, 269709.151 us/call)
    MPI_Win_free                                 0.000087 s  (1 calls,    87.351 us/call)

  Stage 2 by chunk
    completed chunks                                       50
    accumulated stage 2                            169.349721 s
    average stage 2 per chunk                        3.386994 s
    slowest chunk                                         390
    slowest chunk stage 2                            5.850487 s

    order   chunk  queue        byte range                       bytes      records   stage2(s)
        0      14     14  [   275251564,    294912228)     19660664        52289    5.147976
        1      39     15  [   766771284,    786432104)     19660820        51739    5.358363
        2      64     16  [  1258291404,   1277952224)     19660820        51739    5.073599
        3      89     17  [  1749811524,   1769472344)     19660820        51739    5.118199
        4     114     18  [  2241331264,   2260992084)     19660820        51739    5.232410
        5     139     19  [  2732851384,   2752512204)     19660820        51739    5.058665
        6     164     20  [  3224371504,   3244032324)     19660820        51739    5.160492
        7     189     21  [  3715891244,   3735552064)     19660820        51739    5.019939
        8     214     22  [  4207411432,   4227072252)     19660820        51739    4.950939
        9     239     23  [  4698931552,   4718592372)     19660820        51739    5.031175
       10     240      0  [  4718592372,   4738252812)     19660440        51738    5.032781
       11     265      1  [  5210112112,   5229772932)     19660820        51739    5.051266
       12     290      2  [  5701632232,   5721293052)     19660820        51739    4.968672
       13     315      3  [  6193152352,   6212813172)     19660820        51739    4.980755
       14     340      4  [  6684672092,   6704332912)     19660820        51739    4.994357
       15     365      5  [  7176192212,   7195853032)     19660820        51739    5.057523
       16     390      6  [  7667712164,   7687372828)     19660664        52289    5.850487
       17     415      7  [  8159232140,   8178892960)     19660820        51739    4.934899
       18     440 
    MPI_Barrier after setup                      0.000020 s65779228)      4914920        12934    1.434124
       31     763     19  [ 13983744148,  13988659448)      4915300        12935    1.470342
       32     788     20  [ 14106624368,  14111539288)      4914920        12934    1.476803
       33     813     21  [ 14229504208,  14234419508)      4915300        12935    1.538230
       34     838     22  [ 14352384048,  14357299348)      4915300        12935    1.559268
       35     863     23  [ 14475264268,  14480179568)      4915300        12935    1.398965
       36     864      0  [ 14480179568,  14485094488)      4914920        12934    1.567216
       37     889      1  [ 14603059408,  14607974708)      4915300        12935    1.499994
       38     914      2  [ 14725939248,  14730854548)      4915300        12935    1.607077
       39     939      3  [ 14848819468,  14853734768)      4915300        12935    1.429275
       40     964      4  [ 14949581028,  14950809948)      1228920         3234    0.463440
       41     989      5  [ 14980300988,  14981529908)      1228920         3234    0.426188
       42    1014      6  [ 15011020948,  15012249868)      1228920         3234    0.492922
       43    1039      7  [ 15041740908,  15042969828)      1228920         3234    0.498253
       44    1064      8  [ 15072460868,  15073689788)      1228920         3234    0.478919
       45    1089      9  [ 15103180828,  15104409748)      1228920         3234    0.602385
       46    1114     10  [ 15133901168,  15135129708)      1228540         3233    0.439353
       47    1139     11  [ 15164621128,  15165849668)      1228540         3233    0.567598
       48    1133      5  [ 15157248368,  15158476908)      1228540         3233    0.461249
==============================================================

    7  [  8631091440,   8650752260)     19660820        51739    5.135572
       19     464      8  [  9122611560,   9142272000)     19660440        51738    5.027348
       20     489      9  [  9614131300,   9633792120)     19660820        51739    4.994690
       21     514     10  [ 10105651420,  10125312240)     19660820        51739    5.239121
       22     539     11  [ 10597171540,  10616832360)     19660820        51739    5.098440
       23     564     12  [ 11088691280,  11108352100)     19660820        51739    4.858431
       24     589     13  [ 11580211272,  11599872312)     19661040        52290    5.314995
       25     614     14  [ 12071731208,  12091392028)     19660820        51739    4.904339
       26     639     15  [ 12563251328,  12582912148)     19660820        51739    5.144902
       27     664     16  [ 13054771448,  13074432268)     19660820        51739    5.004292
       28     689     17  [ 13546291568,  13565952008)     19660440        51738    4.902139
       29     714     18  [ 13742899388,  13747814688)      4915300        12935    1.409406
       30     739     19  [ 13865779228,  13870694528)      4915300        12935    1.537722
       31     764     20  [ 13988659448,  13993574748)      4915300        12935    1.438413
       32     789     21  [ 14111539288,  14116454588)      4915300        12935    1.522981
       33     814     22  [ 14234419508,  14239334428)      4914920        12934    1.427777
       34     839     23  [ 14357299348,  14362214648)      4915300        12935    1.412908
       35     840      0  [ 14362214648,  14367129948)      4915300        12935    1.434706
       36     865      1  [ 14485094488,  14490009788)      4915300        12935    1.383379
       37     890      2  [ 14607974708,  14612889628)      4914920        12934    1.361725
       38     915      3  [ 14730854548,  14735769848)      4915300        12935    1.503664
       39     940      4  [ 14853734768,  14858649688)      4914920        12934    1.505290
       40     965      5  [ 14950809948,  14952038488)      1228540         3233    0.494671
       41     990      6  [ 14981529908,  14982758448)      1228540         3233    0.544258
       42    1015      7  [ 15012249868,  15013478408)      1228540         3233    0.580086
       43    1040      8  [ 15042969828,  15044198748)      1228920         3234    0.510047
       44    1065      9  [ 15073689788,  15074918708)      1228920         3234    0.548007
       45    1090     10  [ 15104409748,  15105638668)      1228920         3234    0.442860
       46    1115     11  [ 15135129708,  15136358628)      1228920         3234    0.609516
       47    1140     12  [ 15165849668,  15167078588)      1228920         3234    0.543406
       48    1108      4  [ 15126528028,  15127756948)      1228920         3234    0.571305
       49    1136      8  [ 15160934748,  15162163288)      1228540         3233    0.534163
==============================================================

     8  [  8650752260,   8670413080)     19660820        51739    5.080473
       19     465      9  [  9142272000,   9161932820)     19660820        51739    5.177366
       20     490     10  [  9633792120,   9653452940)     19660820        51739    5.146861
       21     515     11  [ 10125312240,  10144973060)     19660820        51739    5.277442
       22     540     12  [ 10616832360,  10636492800)     19660440        51738    5.155357
       23     565     13  [ 11108352100,  11128012920)     19660820        51739    4.965417
       24     590     14  [ 11599872312,  11619532976)     19660664        52289    5.101658
       25     615     15  [ 12091392028,  12111052848)     19660820        51739    5.037208
       26     640     16  [ 12582912148,  12602572968)     19660820        51739    5.367676
       27     665     17  [ 13074432268,  13094093088)     19660820        51739    4.899130
       28     690     18  [ 13565952008,  13585612828)     19660820        51739    5.076986
       29     715     19  [ 13747814688,  13752729608)      4914920        12934    1.376984
       30     740     20  [ 13870694528,  13875609828)      4915300        12935    1.456634
       31     765     21  [ 13993574748,  13998489668)      4914920        12934    1.611587
       32     790     22  [ 14116454588,  14121369888)      4915300        12935    1.420743
       33     815     23  [ 14239334428,  14244249728)      4915300        12935    1.418579
       34     816      0  [ 14244249728,  14249165028)      4915300        12935    1.390379
       35     841      1  [ 14367129948,  14372044868)      4914920        12934    1.385714
       36     866      2  [ 14490009788,  14494925088)      4915300        12935    1.530569
       37     891      3  [ 14612889628,  14617804928)      4915300        12935    1.481994
       38     916      4  [ 14735769848,  14740685148)      4915300        12935    1.336646
       39     941      5  [ 14858649688,  14863564988)      4915300        12935    1.362424
       40     966      6  [ 14952038488,  14953267408)      1228920         3234    0.425305
       41     991      7  [ 14982758448,  14983987368)      1228920         3234    0.522762
       42    1016      8  [ 15013478408,  15014707328)      1228920         3234    0.536816
       43    1041      9  [ 15044198748,  15045427288)      1228540         3233    0.470038
       44    1066     10  [ 15074918708,  15076147248)      1228540         3233    0.669016
       45    1091     11  [ 15105638668,  15106867208)      1228540         3233    0.480496
       46    1116     12  [ 15136358628,  15137587548)      1228920         3234    0.488389
       47    1141     13  [ 15167078588,  15168307508)      1228920         3234    0.590796
       48    1058      2  [ 15065088108,  15066317028)      1228920         3234    0.602959
       49    1134      6  [ 15158476908,  15159705828)      1228920         3234    0.482819
==============================================================


================ MPI Dynamic Scheduler Debug =================
  MPI rank: 000015 / 000024

  Work summary
    claimed chunks                                         50
    claimed from this rank's queue                          2
    claimed from another rank's queue                      48
    completed FASTQ records                           1676700
    claimed input bytes                             636518528

  Scheduler counters
    scheduler_next calls                                   51
    RMA ticket attempts                                    88
    attempts against another rank's queue                  84
    tickets beyond the final chunk                         38
    empty aligned chunks                                    0

  Scheduler timing
    MPI_Win_create (setup)                       0.003722 s  (1 calls,  3722.217 us/call)
    MPI_Barrier after setup                      0.000016 s  (1 calls,    16.400 us/call)
    scheduler_next total                         2.328092 s  (51 calls, 45648.865 us/call)
      RMA ticket path total                        2.327893 s  (88 calls, 26453.327 us/call)
        MPI_Win_lock                                 0.000226 s  (88 calls,     2.572 us/call)
        MPI_Fetch_and_op                             0.001841 s  (88 calls,    20.920 us/call)
        MPI_Win_unlock                               2.325690 s  (88 calls, 26428.292 us/call)
        RMA call overhead (derived)                  0.000136 s  (88 calls,     1.543 us/call)
      align nominal offsets to FASTQ records       0.000048 s  (50 calls,     0.969 us/call)
      scheduler loop/bookkeeping (derived)         0.000151 s  (51 calls,     2.959 us/call)

  Scheduler teardown timing
    MPI_Barrier (wait for other ranks)           0.500189 s  (1 calls, 500189.271 us/call)
    MPI_Win_free                                 0.000071 s  (1 calls,    70.851 us/call)

  Stage 2 by chunk
    completed chunks                                       50
    accumulated stage 2                            170.658606 s
    average stage 2 per chunk                        3.413172 s
    slowest chunk                                         391
    slowest chunk stage 2                            5.845880 s

    order   chunk  queue        byte range                       bytes      records   stage2(s)
        0      15     15  [   294912228,    314572892)     19660664        52289    4.979063
        1      40     16  [   786432104,    806092924)     19660820        51739    5.069770
        2      65     17  [  1277952224,   1297613044)     19660820        51739    5.708663
        3      90     18  [  1769472344,   1789133164)     19660820        51739    5.120003
        4     115     19  [  2260992084,   2280652904)     19660820        51739    5.024182
        5     140     20  [  2752512204,   2772173024)     19660820        51739    4.992293
        6     165     21  [  3244032324,   3263693144)     19660820        51739    5.153208
        7     190     22  [  3735552064,   3755212884)     19660820        51739    5.270982
        8     215     23  [  4227072252,   4246733072)     19660820        51739    5.141718
        9     216      0  [  4246733072,   4266393892)     19660820        51739    4.981034
       10     241      1  [  4738252812,   4757913632)     19660820        51739    5.188567
       11     266      2  [  5229772932,   5249433752)     19660820        51739    5.005851
       12     291      3  [  5721293052,   5740953872)     19660820        51739    5.069645
       13     316      4  [  6212813172,   6232473612)     19660440        51738    5.038548
       14     341      5  [  6704332912,   6723993732)     19660820        51739    5.089714
       15     366      6  [  7195853032,   7215513852)     19660820        51739    5.137427
       16     391      7  [  7687372828,   7707033868)     19661040        52290    5.845880
       17     416      8  [  8178892960,   8198553780)     19660820        51739    4.984987
       18     441   (1 calls,    19.550 us/call)     9  [  8670413080,   8690073900)     19660820        51739    5.259688
       19     466     10  [  9161932820,   9181593640)     19660820        51739    5.075175
       20     491     11  [  9653452940,   9673113760)     19660820        51739    5.161035
       21     516     12  [ 10144973060,  10164633880)     19660820        51739    5.353025
       22     541     13  [ 10636492800,  10656153620)     19660820        51739    5.007652
       23     566     14  [ 11128012920,  11147673740)     19660820        51739    4.809678
       24     591     15  [ 11619532976,  11639193640)     19660664        52289    5.083990
       25     616     16  [ 12111052848,  12130713668)     19660820        51739    5.033987
       26     641     17  [ 12602572968,  12622233788)     19660820        51739    5.180425
       27     666     18  [ 13094093088,  13113753908)     19660820        51739    4.973588
       28     691     19  [ 13585612828,  13605273648)     19660820        51739    5.042814
       29     716     20  [ 13752729608,  13757644908)      4915300        12935    1.451064
       30     741     21  [ 13875609828,  13880525128)      4915300        12935    1.439463
       31     766     22  [ 13998489668,  14003404968)      4915300        12935    1.427980
       32     791     23  [ 14121369888,  14126284808)      4914920        12934    1.580718
       33     792      0  [ 14126284808,  14131200108)      4915300        12935    1.498843
       34     817      1  [ 14249165028,  14254080328)      4915300        12935    1.397609
       35     842      2  [ 14372044868,  14376960168)      4915300        12935    1.389867
       36     867      3  [ 14494925088,  14499840008)      4914920        12934    1.535646
       37     892      4  [ 14617804928,  14622720228)      4915300        12935    1.852590
       38     917      5  [ 14740685148,  14745600068)      4914920        12934    1.396785
       39     942      6  [ 14863564988,  14868480288)      4915300        12935    1.354733
       40     967      7  [ 14953267408,  14954496328)      1228920         3234    0.580902
       41     992      8  [ 14983987368,  14985216288)      1228920         3234    0.866931
       42    1017      9  [ 15014707328,  15015936248)      1228920         3234    0.486036
       43    1042     10  [ 15045427288,  15046656208)      1228920         3234    0.511377
       44    1067     11  [ 15076147248,  15077376168)      1228920         3234    0.499802
       45    1092     12  [ 15106867208,  15108096128)      1228920         3234    0.489691
       46    1117     13  [ 15137587548,  15138816088)      1228540         3233    0.530689
       47    1142     14  [ 15168307508,  15169536048)      1228540         3233    0.502868
       48    1129      1  [ 15152333068,  15153561608)      1228540         3233    0.531995
       49    1062      6  [ 15070003408,  15071232328)      1228920         3234    0.550426
==============================================================


================ MPI Dynamic Scheduler Debug =================
  MPI rank: 000016 / 000024

  Work summary
    claimed chunks                                         51
    claimed from this rank's queue                          2
    claimed from another rank's queue                      49
    completed FASTQ records                           1718739
    claimed input bytes                             652493348

  Scheduler counters
    scheduler_next calls                                   52
    RMA ticket attempts                                    91
    attempts against another rank's queue                  87
    tickets beyond the final chunk                         40
    empty aligned chunks                                    0

  Scheduler timing
    MPI_Win_create (setup)                       0.004095 s  (1 calls,  4094.669 us/call)
    MPI_Barrier after setup                      0.000019 s  (1 calls,    19.000 us/call)
    scheduler_next total                         2.332140 s  (52 calls, 44848.848 us/call)
      RMA ticket path total                        2.331937 s  (91 calls, 25625.685 us/call)
        MPI_Win_lock                                 0.000232 s  (91 calls,     2.547 us/call)
        MPI_Fetch_and_op                             0.001786 s  (91 calls,    19.626 us/call)
        MPI_Win_unlock                               2.329778 s  (91 calls, 25601.960 us/call)
        RMA call overhead (derived)                  0.000141 s  (91 calls,     1.552 us/call)
      align nominal offsets to FASTQ records       0.000048 s  (51 calls,     0.944 us/call)
      scheduler loop/bookkeeping (derived)         0.000155 s  (52 calls,     2.973 us/call)

  Scheduler teardown timing
    MPI_Barrier (wait for other ranks)           0.001127 s  (1 calls,  1126.605 us/call)
    MPI_Win_free                                 0.000087 s  (1 calls,    87.051 us/call)

  Stage 2 by chunk
    completed chunks                                       51
    accumulated stage 2                            172.811013 s
    average stage 2 per chunk                        3.388451 s
    slowest chunk                                         693
    slowest chunk stage 2                            5.344103 s

    order   chunk  queue        byte range                       bytes      records   stage2(s)
        0      16     16  [   314572892,    334233932)     19661040        52290    5.066436
        1      41     17  [   806092924,    825753744)     19660820        51739    5.083499
        2      66     18  [  1297613044,   1317273864)     19660820        51739    4.924532
        3      91     19  [  1789133164,   1808793604)     19660440        51738    5.107703
        4     116     20  [  2280652904,   2300313724)     19660820        51739    5.075731
        5     141     21  [  2772173024,   2791833844)     19660820        51739    5.125582
        6     166     22  [  3263693144,   3283353964)     19660820        51739    5.085938
        7     191     23  [  3755212884,   3774873704)     19660820        51739    5.092522
        8     192      0  [  3774873704,   3794534524)     19660820        51739    5.196970
        9     217      1  [  4266393892,   4286054712)     19660820        51739    5.003849
       10     242      2  [  4757913632,   4777574452)     19660820        51739    5.027058
       11     267      3  [  5249433752,   5269094572)     19660820        51739    4.938353
       12     292      4  [  5740953872,   5760614692)     19660820        51739    5.324648
       13     317      5  [  6232473612,   6252134432)     19660820        51739    5.086101
       14     342      6  [  6723993732,   6743654552)     19660820        51739    5.084231
       15     367      7  [  7215513852,   7235174672)     19660820        51739    5.018311
       16     392      8  [  7707033868,   7726694532)     19660664        52289    5.037241
       17     417      9  [  8198553780,   8218214600)     19660820        51739    5.022529
       18     442  
================ MPI Dynamic Scheduler Debug =================
  MPI rank: 000017 / 000024

  Work summary
    claimed chunks                                         51
    claimed from this rank's queue                          2
    claimed from another rank's queue                      49
    completed FASTQ records                           1642306
    claimed input bytes                             623002576

  Scheduler counters
    scheduler_next calls                                   52
    RMA ticket attempts                                    87
    attempts against another rank's queue                  83
    tickets beyond the final chunk                         36
    empty aligned chunks                                    0

  Scheduler timing
    MPI_Win_create (setup)                       0.003690 s  (1 calls,  3690.417 us/call)
    MPI_Barrier after setup                      0.000020 s  (1 calls,    19.700 us/call)
    scheduler_next total                         2.577298 s  (52 calls, 49563.430 us/call)
      RMA ticket path total                        2.577099 s  (87 calls, 29621.824 us/call)
        MPI_Win_lock                                 0.000230 s  (87 calls,     2.645 us/call)
        MPI_Fetch_and_op                             0.001561 s  (87 calls,    17.943 us/call)
        MPI_Win_unlock                               2.575176 s  (87 calls, 29599.720 us/call)
        RMA call overhead (derived)                  0.000132 s  (87 calls,     1.517 us/call)
      align nominal offsets to FASTQ records       0.000048 s  (51 calls,     0.945 us/call)
      scheduler loop/bookkeeping (derived)         0.000151 s  (52 calls,     2.912 us/call)

  Scheduler teardown timing
    MPI_Barrier (wait for other ranks)           0.124022 s  (1 calls, 124021.975 us/call)
    MPI_Win_free                                 0.000096 s  (1 calls,    96.151 us/call)

  Stage 2 by chunk
    completed chunks                                       51
    accumulated stage 2                            168.309934 s
    average stage 2 per chunk                        3.300195 s
    slowest chunk                                         193
    slowest chunk stage 2                            7.168569 s

    order   chunk  queue        byte range                       bytes      records   stage2(s)
        0      17     17  [   334233932,    353894596)     19660664        52289    5.174111
        1      42     18  [   825753744,    845414564)     19660820        51739    4.900064
        2      67     19  [  1317273864,   1336934684)     19660820        51739    4.939409
        3      92     20  [  1808793604,   1828454424)     19660820        51739    5.103242
        4     117     21  [  2300313724,   2319974544)     19660820        51739    4.916961
        5     142     22  [  2791833844,   2811494664)     19660820        51739    4.997609
        6     167     23  [  3283353964,   3303014404)     19660440        51738    5.006441
        7     168      0  [  3303014404,   3322675224)     19660820        51739    5.135740
        8     193      1  [  3794534524,   3814195236)     19660712        52913    7.168569
        9     218      2  [  4286054712,   4305715532)     19660820        51739    5.045496
       10     243      3  [  4777574452,   4797235272)     19660820        51739    5.179572
       11     268      4  [  5269094572,   5288755392)     19660820        51739    5.091741
       12     293      5  [  5760614692,   5780275512)     19660820        51739    5.109011
       13     318      6  [  6252134432,   6271795252)     19660820        51739    5.051562
       14     343      7  [  6743654552,   6763315372)     19660820        51739    4.968436
       15     368      8  [  7235174672,   7254835492)     19660820        51739    5.295419
       16     393      9  [  7726694532,   7746355572)     19661040        52290    5.203607
       17     418     10  [  8218214600,   8237875420)     19660820        51739    5.021550
       18     443 
   10  [  8690073900,   8709734720)     19660820        51739    5.020710
       19     467     11  [  9181593640,   9201254460)     19660820        51739    4.895150
       20     468     12  [  9201254460,   9220915280)     19660820        51739    5.094331
       21     493     13  [  9692774580,   9712435400)     19660820        51739    5.062318
       22     518     14  [ 10184294700,  10203955520)     19660820        51739    5.287410
       23     543     15  [ 10675814440,  10695475260)     19660820        51739    5.170395
       24     568     16  [ 11167334560,  11186995380)     19660820        51739    5.102052
       25     593     17  [ 11658854680,  11678515344)     19660664        52289    5.155639
       26     618     18  [ 12150374488,  12170035308)     19660820        51739    5.109928
       27     643     19  [ 12641894608,  12661555428)     19660820        51739    5.008267
       28     668     20  [ 13133414728,  13153075548)     19660820        51739    5.159026
       29     693     21  [ 13624934468,  13644595288)     19660820        51739    5.344103
       30     742     22  [ 13880525128,  13885440048)      4914920        12934    1.441366
       31     767     23  [ 14003404968,  14008320268)      4915300        12935    1.394153
       32     768      0  [ 14008320268,  14013235568)      4915300        12935    1.461536
       33     793      1  [ 14131200108,  14136115408)      4915300        12935    1.424583
       34     818      2  [ 14254080328,  14258995248)      4914920        12934    1.404006
       35     843      3  [ 14376960168,  14381875468)      4915300        12935    1.462524
       36     868      4  [ 14499840008,  14504755308)      4915300        12935    1.434751
       37     893      5  [ 14622720228,  14627635528)      4915300        12935    1.353984
       38     918      6  [ 14745600068,  14750515368)      4915300        12935    1.472516
       39     943      7  [ 14868480288,  14873395208)      4914920        12934    1.411341
       40     968      8  [ 14954496328,  14955724868)      1228540         3233    0.502418
       41     993      9  [ 14985216288,  14986444828)      1228540         3233    0.476887
       42    1018     10  [ 15015936248,  15017165168)      1228920         3234    0.468173
       43    1043     11  [ 15046656208,  15047885128)      1228920         3234    0.479844
       44    1068     12  [ 15077376168,  15078605088)      1228920         3234    0.474796
       45    1093     13  [ 15108096128,  15109325048)      1228920         3234    0.425067
       46    1118     14  [ 15138816088,  15140045008)      1228920         3234    0.606650
       47    1143     15  [ 15169536048,  15170764968)      1228920         3234    0.706071
       48    1033      1  [ 15034368148,  15035597068)      1228920         3234    0.548986
       49    1084      4  [ 15097036988,  15098265908)      1228920         3234    0.499240
       50    1138     10  [ 15163392208,  15164621128)      1228920         3234    0.651558
==============================================================

    11  [  8709734720,   8729395540)     19660820        51739    5.100793
       19     492     12  [  9673113760,   9692774580)     19660820        51739    5.115008
       20     517     13  [ 10164633880,  10184294700)     19660820        51739    5.716925
       21     542     14  [ 10656153620,  10675814440)     19660820        51739    5.093028
       22     567     15  [ 11147673740,  11167334560)     19660820        51739    5.151388
       23     592     16  [ 11639193640,  11658854680)     19661040        52290    5.117191
       24     617     17  [ 12130713668,  12150374488)     19660820        51739    5.014364
       25     642     18  [ 12622233788,  12641894608)     19660820        51739    5.119935
       26     667     19  [ 13113753908,  13133414728)     19660820        51739    5.120569
       27     692     20  [ 13605273648,  13624934468)     19660820        51739    5.070509
       28     717     21  [ 13757644908,  13762560208)      4915300        12935    1.621813
       29     718     22  [ 13762560208,  13767475508)      4915300        12935    1.466449
       30     743     23  [ 13885440048,  13890355348)      4915300        12935    1.371120
       31     744      0  [ 13890355348,  13895270648)      4915300        12935    1.434851
       32     769      1  [ 14013235568,  14018150488)      4914920        12934    1.507542
       33     794      2  [ 14136115408,  14141030708)      4915300        12935    1.417507
       34     819      3  [ 14258995248,  14263910548)      4915300        12935    1.478063
       35     844      4  [ 14381875468,  14386790768)      4915300        12935    1.406278
       36     869      5  [ 14504755308,  14509670608)      4915300        12935    1.384641
       37     894      6  [ 14627635528,  14632550448)      4914920        12934    1.356620
       38     919      7  [ 14750515368,  14755430668)      4915300        12935    1.448644
       39     944      8  [ 14873395208,  14878310508)      4915300        12935    1.505397
       40     969      9  [ 14955724868,  14956953788)      1228920         3234    0.607158
       41     994     10  [ 14986444828,  14987673748)      1228920         3234    0.759644
       42    1019     11  [ 15017165168,  15018393708)      1228540         3233    0.483665
       43    1044     12  [ 15047885128,  15049113668)      1228540         3233    0.451619
       44    1069     13  [ 15078605088,  15079833628)      1228540         3233    0.510943
       45    1094     14  [ 15109325048,  15110553968)      1228920         3234    0.587786
       46    1119     15  [ 15140045008,  15141273928)      1228920         3234    0.473295
       47    1144     16  [ 15170764968,  15171993888)      1228920         3234    0.521135
       48    1055     23  [ 15061401728,  15062630648)      1228920         3234    0.615551
       49    1106      2  [ 15124070568,  15125299488)      1228920         3234    0.433365
       50    1087      7  [ 15100723368,  15101952288)      1228920         3234    0.538598
==============================================================

    scheduler_next total                         2.590063 s  (52 calls, 49808.903 us/call)
      RMA ticket path total                        2.589844 s  (83 calls, 31202.946 us/call)
[SWBWA output hash rank 000000/000024] calls=3315960 bytes=1398573486 sum=0xf66c5be6a9650ff3 xor=0xe34ade6c87549b6d enabled=1
[SWBWA output hash rank 000001/000024] calls=3322066 bytes=1400883937 sum=0xeae4ff9cc787c6dc xor=0xb185147bbbf1b368 enabled=1
[SWBWA output hash rank 000002/000024] calls=3327528 bytes=1403373379 sum=0xae9c16abf6117c08 xor=0x6163a90aa39fd4c8 enabled=1
[SWBWA output hash rank 000003/000024] calls=3370546 bytes=1421659979 sum=0x75e00497dc5dd5fc xor=0xb44a4827c0977ec8 enabled=1
[SWBWA output hash rank 000004/000024] calls=3329752 bytes=1404246720 sum=0x0d3921c8037af7db xor=0x949d219bdabb5a3b enabled=1
[SWBWA output hash rank 000005/000024] calls=3282542 bytes=1384622194 sum=0xfcad11702cc5da6b xor=0x218d7dbeac54921f enabled=1
[SWBWA output hash rank 000006/000024] calls=3301658 bytes=1392414134 sum=0x77de6912791aa6b4 xor=0x7253ad9cf147b7f8 enabled=1
[SWBWA output hash rank 000007/000024] calls=3308120 bytes=1395006852 sum=0xc7bcde0d77c27690 xor=0x31f065e368b8b946 enabled=1
[SWBWA output hash rank 000008/000024] calls=3346934 bytes=1411366088 sum=0x084f44a92cd5642e xor=0x6d626943b6128ed0 enabled=1
[SWBWA output hash rank 000009/000024] calls=3333998 bytes=1405759947 sum=0x94199cd7f372c74d xor=0x6a95402d403bb829 enabled=1
[SWBWA output hash rank 000010/000024] calls=3336226 bytes=1407011972 sum=0x2b93006963e1e65c xor=0x4ca7f3e50458b1cc enabled=1
[SWBWA output hash rank 000011/000024] calls=3232738 bytes=1363097239 sum=0x0cb0256998849678 xor=0x81cf362acb864b52 enabled=1
[SWBWA output hash rank 000012/000024] calls=3347102 bytes=1411796175 sum=0x0312719554a88f79 xor=0x32710b1f01ad29cd enabled=1
[SWBWA output hash rank 000013/000024] calls=3353398 bytes=1414146949 sum=0xac33f36acd9b8816 xor=0xc27114605707540a enabled=1
[SWBWA output hash rank 000014/000024] calls=3353396 bytes=1414056982 sum=0x11fde7b8b3375168 xor=0xd055b7ba7f2b2f66 enabled=1
[SWBWA output hash rank 000015/000024] calls=3353400 bytes=1414153725 sum=0xa909078c2e411d7b xor=0xc619737edbb20e0f enabled=1
[SWBWA output hash rank 000016/000024] calls=3437478 bytes=1449364007 sum=0x98a7db260467f148 xor=0x2ea0b4e152f6ea46 enabled=1
[SWBWA output hash rank 000017/000024] calls=3284612 bytes=1385327095 sum=0x288d677d78b59f84 xor=0x02d9a56f7da47390 enabled=1
        MPI_Win_lock                                 0.000236 s  (83 calls,     2.845 us/call)
        MPI_Fetch_and_op                             0.001391 s  (83 calls,    16.758 us/call)
        MPI_Win_unlock                               2.588061 s  (83 calls, 31181.457 us/call)
        RMA call overhead (derived)                  0.000157 s  (83 calls,     1.886 us/call)
      align nominal offsets to FASTQ records       0.000054 s  (51 calls,     1.051 us/call)
      scheduler loop/bookkeeping (derived)         0.000165 s  (52 calls,     3.170 us/call)

  Scheduler teardown timing
    MPI_Barrier (wait for other ranks)           0.123094 s  (1 calls, 123093.928 us/call)
    MPI_Win_free                                 0.000083 s  (1 calls,    82.901 us/call)

  Stage 2 by chunk
    completed chunks                                       51
    accumulated stage 2                            168.866411 s
    average stage 2 per chunk                        3.311106 s
    slowest chunk                                         194
    slowest chunk stage 2                            6.301747 s

    order   chunk  queue        byte range                       bytes      records   stage2(s)
        0      18     18  [   353894596,    373555260)     19660664        52289    4.984388
        1      43     19  [   845414564,    865075384)     19660820        51739    5.186174
        2      68     20  [  1336934684,   1356595504)     19660820        51739    5.409985
        3      93     21  [  1828454424,   1848115244)     19660820        51739    5.108773
        4     118     22  [  2319974544,   2339635364)     19660820        51739    5.278923
        5     143     23  [  2811494664,   2831155484)     19660820        51739    5.235748
        6     144      0  [  2831155484,   2850816304)     19660820        51739    4.913101
        7     169      1  [  3322675224,   3342336044)     19660820        51739    5.148975
        8     194      2  [  3814195236,   3833856088)     19660852        52819    6.301747
        9     219      3  [  4305715532,   4325376352)     19660820        51739    4.950902
       10     244      4  [  4797235272,   4816896092)     19660820        51739    5.005086
       11     269      5  [  5288755392,   5308416212)     19660820        51739    5.257417
       12     294      6  [  5780275512,   5799936332)     19660820        51739    4.885772
       13     319      7  [  6271795252,   6291456072)     19660820        51739    5.204422
       14     344      8  [  6763315372,   6782976192)     19660820        51739    5.283759
       15     369      9  [  7254835492,   7274496312)     19660820        51739    5.040548
       16     394     10  [  7746355572,   7766016236)     19660664        52289    5.100151
       17     419     11  [  8237875420,   8257536240)     19660820        51739    5.020759
       18     444     12  [  8729395540,   8749056360)     19660820        51739    5.245754
       19     469     13  [  9220915280,   9240576100)     19660820        51739    4.956671
       20     494     14  [  9712435400,   9732096220)     19660820        51739    4.967045
       21     519     15  [ 10203955520,  10223616340)     19660820        51739    4.873562
       22     544     16  [ 10695475260,  10715136080)     19660820        51739    5.266157
       23     569     17  [ 11186995380,  11206656200)     19660820        51739    5.146042
       24     594     18  [ 11678515344,  11698176008)     19660664        52289    5.066410
       25     619     19  [ 12170035308,  12189696128)     19660820        51739    5.137082
       26     644     20  [ 12661555428,  12681216248)     19660820        51739    5.763307
       27     669     21  [ 13153075548,  13172736368)     19660820        51739    5.020443
       28     694     22  [ 13644595288,  13649510588)      4915300        12935    1.432866
       29     719     23  [ 13767475508,  13772390428)      4914920        12934    1.427999
       30     720      0  [ 13772390428,  13777
================ MPI Dynamic Scheduler Debug =================
  MPI rank: 000019 / 000024

  Work summary
    claimed chunks                                         53
    claimed from this rank's queue                          3
    claimed from another rank's queue                      50
    completed FASTQ records                           1667057
    claimed input bytes                             632832908

  Scheduler counters
    scheduler_next calls                                   54
    RMA ticket attempts                                    83
    attempts against another rank's queue                  79
    tickets beyond the final chunk                         30
    empty aligned chunks                                    0

  Scheduler timing
    MPI_Win_create (setup)                       0.003383 s  (1 calls,  3383.075 us/call)
    MPI_Barrier after setup                      0.000019 s  (1 calls,    18.801 us/call)
    scheduler_next total                         2.654889 s  (54 calls, 49164.605 us/call)
      RMA ticket path total                        2.654689 s  (83 calls, 31984.202 us/call)
        MPI_Win_lock                                 0.000230 s  (83 calls,     2.777 us/call)
        MPI_Fetch_and_op                             0.002512 s  (83 calls,    30.259 us/call)
        MPI_Win_unlock                               2.651809 s  (83 calls, 31949.503 us/call)
        RMA call overhead (derived)                  0.000138 s  (83 calls,     1.663 us/call)
      align nominal offsets to FASTQ records       0.000049 s  (53 calls,     0.931 us/call)
      scheduler loop/bookkeeping (derived)         0.000151 s  (54 calls,     2.787 us/call)

  Scheduler teardown timing
    MPI_Barrier (wait for other ranks)           0.123012 s  (1 calls, 123011.777 us/call)
    MPI_Win_free                                 0.000073 s  (1 calls,    73.250 us/call)

  Stage 2 by chunk
    completed chunks                                       53
    accumulated stage 2                            170.848833 s
    average stage 2 per chunk                        3.223563 s
    slowest chunk                                         195
    slowest chunk stage 2                            6.497257 s

    order   chunk  queue        byte range                       bytes      records   stage2(s)
        0      19     19  [   373555260,    393216084)     19660824        51795    4.946139
        1      44     20  [   865075384,    884736204)     19660820        51739    4.864632
        2      69     21  [  1356595504,   1376256324)     19660820        51739    5.045192
        3      94     22  [  1848115244,   1867776064)     19660820        51739    5.019704
        4     119     23  [  2339635364,   2359296184)     19660820        51739    5.248561
        5     120      0  [  2359296184,   2378957004)     19660820        51739    5.131863
        6     145      1  [  2850816304,   2870477124)     19660820        51739    4.995569
        7     170      2  [  3342336044,   3361996864)     19660820        51739    5.020201
        8     195      3  [  3833856088,   3853517128)     19661040        52290    6.497257
        9     220      4  [  4325376352,   4345037172)     19660820        51739    5.190953
       10     245      5  [  4816896092,   4836556912)     19660820        51739    5.213005
       11     270      6  [  5308416212,   5328077032)     19660820        51739    5.215163
       12     295      7  [  5799936332,   5819597152)     19660820        51739    5.052724
       13     320      8  [  6291456072,   6311116892)     19660820        51739    5.226766
       14     345      9  [  6782976192,   6802637012)     19660820        51739    5.374158
       15     370     10  [  7274496312,   7294157132)     19660820        51739    4.964838
       16     395     11  [  7766016236,   7785676900)     19660664        52289    5.221184
       17     420     12  [  8257536240,   8277197060)     19660820        51739    5.086685
       18     445 
================ MPI Dynamic Scheduler Debug =================
  MPI rank: 000020 / 000024

  Work summary
    claimed chunks                                         51
    claimed from this rank's queue                          2
    claimed from another rank's queue                      49
    completed FASTQ records                           1670232
    claimed input bytes                             634060688

  Scheduler counters
    scheduler_next calls                                   52
    RMA ticket attempts                                    82
    attempts against another rank's queue                  78
    tickets beyond the final chunk                         31
    empty aligned chunks                                    0

  Scheduler timing
    MPI_Win_create (setup)                       0.003686 s  (1 calls,  3685.728 us/call)
    MPI_Barrier after setup                      0.000015 s  (1 calls,    14.650 us/call)
    scheduler_next total                         2.623543 s  (52 calls, 50452.747 us/call)
      RMA ticket path total                        2.623346 s  (82 calls, 31992.029 us/call)
        MPI_Win_lock                                 0.000214 s  (82 calls,     2.610 us/call)
        MPI_Fetch_and_op                             0.001822 s  (82 calls,    22.225 us/call)
        MPI_Win_unlock                               2.621183 s  (82 calls, 31965.651 us/call)
        RMA call overhead (derived)                  0.000127 s  (82 calls,     1.544 us/call)
      align nominal offsets to FASTQ records       0.000053 s  (51 calls,     1.034 us/call)
      scheduler loop/bookkeeping (derived)         0.000144 s  (52 calls,     2.764 us/call)

  Scheduler teardown timing
    MPI_Barrier (wait for other ranks)           0.129572 s  (1 calls, 129571.977 us/call)
    MPI_Win_free                                 0.000085 s  (1 calls,    84.751 us/call)

  Stage 2 by chunk
    completed chunks                                       51
    accumulated stage 2                            170.622981 s
    average stage 2 per chunk                        3.345549 s
    slowest chunk                                         196
    slowest chunk stage 2                            6.027841 s

    order   chunk  queue        byte range                       bytes      records   stage2(s)
        0      20     20  [   393216084,    412876904)     19660820        51739    5.017420
        1      45     21  [   884736204,    904397024)     19660820        51739    4.924245
        2      70     22  [  1376256324,   1395917144)     19660820        51739    5.098345
        3      95     23  [  1867776064,   1887436884)     19660820        51739    5.122731
        4      96      0  [  1887436884,   1907097704)     19660820        51739    5.204514
        5     121      1  [  2378957004,   2398617824)     19660820        51739    5.023415
        6     146      2  [  2870477124,   2890137944)     19660820        51739    5.198190
        7     171      3  [  3361996864,   3381657684)     19660820        51739    5.098115
        8     196      4  [  3853517128,   3873177792)     19660664        52289    6.027841
        9     221      5  [  4345037172,   4364697612)     19660440        51738    4.995248
       10     246      6  [  4836556912,   4856217732)     19660820        51739    5.814205
       11     271      7  [  5328077032,   5347737852)     19660820        51739    5.067039
       12     296      8  [  5819597152,   5839257972)     19660820        51739    4.971580
       13     321      9  [  6311116892,   6330777712)     19660820        51739    5.184376
       14     346     10  [  6802637012,   6822297832)     19660820        51739    5.036483
       15     371     11  [  7294157132,   7313817952)     19660820        51739    4.935096
       16     396     12  [  7785676900,   7805337940)     19661040        52290    5.198981
       17     421     13  [  8277197060,   8296857880)     19660820        51739    4.970231
       18     446 
================ MPI Progress Thread Debug =================
  MPI rank: 000000 / 000024
  lifetime                                      204.687892 s
  MPI_Iprobe calls                                   20463
  MPI_Iprobe total                                0.196249 s
  MPI_Iprobe average                                 9.590 us
  MPI_Iprobe maximum                              0.004988 s
  calls >= 1 ms                                          1
  calls >= 10 ms                                         0
  calls >= 100 ms                                        0
  calls >= 1 s                                           0
============================================================


================ MPI Progress Thread Debug =================
  MPI rank: 000001 / 000024
  lifetime                                      204.690836 s
  MPI_Iprobe calls                                   20463
  MPI_Iprobe total                                0.154004 s
  MPI_Iprobe average                                 7.526 us
  MPI_Iprobe maximum                              0.000107 s
  calls >= 1 ms                                          0
  calls >= 10 ms                                         0
  calls >= 100 ms                                        0
  calls >= 1 s                                           0
============================================================


================ MPI Progress Thread Debug =================
  MPI rank: 000002 / 000024
  lifetime                                      204.689899 s
  MPI_Iprobe calls                                   20463
  MPI_Iprobe total                                0.187156 s
  MPI_Iprobe average                                 9.146 us
  MPI_Iprobe maximum                              0.000216 s
  calls >= 1 ms                                          0
  calls >= 10 ms                                         0
  calls >= 100 ms                                        0
  calls >= 1 s                                           0
============================================================


================ MPI Progress Thread Debug =================
  MPI rank: 000003 / 000024
  lifetime                                      204.696681 s
  MPI_Iprobe calls                                   20456
  MPI_Iprobe total                                0.189956 s
  MPI_Iprobe average                                 9.286 us
  MPI_Iprobe maximum                              0.002143 s
  calls >= 1 ms                                         18
  calls >= 10 ms                                         0
  calls >= 100 ms                                        0
  calls >= 1 s                                           0
============================================================


================ MPI Progress Thread Debug =================
  MPI rank: 000004 / 000024
  lifetime                                      204.696937 s
  MPI_Iprobe calls                                   20463
  MPI_Iprobe total                                0.168881 s
  MPI_Iprobe average                                 8.253 us
  MPI_Iprobe maximum                              0.000998 s
  calls >= 1 ms                                          0
  calls >= 10 ms                                         0
  calls >= 100 ms                                        0
  calls >= 1 s                                           0
============================================================


================ MPI Progress Thread Debug =================
  MPI rank: 000006 / 000024
  lifetime                                      204.694090 s
  MPI_Iprobe calls                                   20465
  MPI_Iprobe total                                0.213381 s
  MPI_Iprobe average                                10.427 us
  MPI_Iprobe maximum                              0.003909 s
  calls >= 1 ms                                         11
  calls >= 10 ms                                         0
  calls >= 100 ms                                        0
  calls >= 1 s                                           0
============================================================


================ MPI Progress Thread Debug =================
  MPI rank: 000007 / 000024
  lifetime                                      204.689453 s
  MPI_Iprobe calls                                   20459
  MPI_Iprobe total                                0.157827 s
  MPI_Iprobe average                                 7.714 us
  MPI_Iprobe maximum                              0.001072 s
  calls >= 1 ms                                          2
  calls >= 10 ms                                         0
  calls >= 100 ms                                        0
  calls >= 1 s                                           0
============================================================


================ MPI Progress Thread Debug =================
  MPI rank: 000008 / 000024
  lifetime                                      204.689131 s
  MPI_Iprobe calls                                   20469
  MPI_Iprobe total                                0.195063 s
  MPI_Iprobe average                                 9.530 us
  MPI_Iprobe maximum                              0.003152 s
  calls >= 1 ms                                          2
  calls >= 10 ms                                         0
  calls >= 100 ms                                        0
  calls >= 1 s                                           0
============================================================

305728)      4915300        12935    1.434579
       31     745      1  [ 13895270648,  13900185948)      4915300        12935    1.437272
       32     770      2  [ 14018150488,  14023065788)      4915300        12935    1.338474
       33     795      3  [ 14141030708,  14145945628)      4914920        12934    1.405326
       34     820      4  [ 14263910548,  14268825848)      4915300        12935    1.440952
       35     845      5  [ 14386790768,  14391705688)      4914920        12934    1.612875
       36     870      6  [ 14509670608,  14514585908)      4915300        12935    1.491313
       37     895      7  [ 14632550448,  14637465748)      4915300        12935    1.673222
       38     920      8  [ 14755430668,  14760345968)      4915300        12935    1.450591
       39     945      9  [ 14878310508,  14883225808)      4915300        12935    1.509824
       40     970     10  [ 14956953788,  14958182708)      1228920         3234    0.564045
       41     995     11  [ 14987673748,  14988902668)      1228920         3234    0.623693
       42    1020     12  [ 15018393708,  15019622628)      1228920         3234    0.442346
       43    1045     13  [ 15049113668,  15050342588)      1228920         3234    0.647567
       44    1070     14  [ 15079833628,  15081062548)      1228920         3234    0.677378
       45    1095     15  [ 15110553968,  15111782508)      1228540         3233    0.758954
       46    1120     16  [ 15141273928,  15142502468)      1228540         3233    0.611727
       47    1145     17  [ 15171993888,  15173222428)      1228540         3233    0.680862
       48    1126     22  [ 15148646688,  15149875228)      1228540         3233    0.429749
       49    1152      0  [ 15180595568,  15181824108)      1228540         3233    0.460922
       50    1132      4  [ 15156019448,  15157248368)      1228920         3234    0.554772
==============================================================

[SWBWA output hash rank 000018/000024] calls=3284416 bytes=1384888263 sum=0x6fd127a55be45b7a xor=0x344b888e6e3c6ee4 enabled=1
    13  [  8749056360,   8768716800)     19660440        51738    5.082978
       19     470     14  [  9240576100,   9260236920)     19660820        51739    4.846124
       20     495     15  [  9732096220,   9751757040)     19660820        51739    5.171151
       21     520     16  [ 10223616340,  10243277160)     19660820        51739    4.985698
       22     545     17  [ 10715136080,  10734796900)     19660820        51739    5.118877
       23     570     18  [ 11206656200,  11226317020)     19660820        51739    5.109022
       24     595     19  [ 11698176008,  11717837048)     19661040        52290    5.168972
       25     620     20  [ 12189696128,  12209356948)     19660820        51739    5.194712
       26     645     21  [ 12681216248,  12700877068)     19660820        51739    4.966978
       27     670     22  [ 13172736368,  13192396808)     19660440        51738    5.113921
       28     695     23  [ 13649510588,  13654425888)      4915300        12935    1.449051
       29     696      0  [ 13654425888,  13659340808)      4914920        12934    1.450611
       30     697      1  [ 13659340808,  13664256108)      4915300        12935    1.463649
       31     698      2  [ 13664256108,  13669171408)      4915300        12935    1.371813
       32     723      3  [ 13787136328,  13792051248)      4914920        12934    1.427662
       33     748      4  [ 13910016168,  13914931468)      4915300        12935    1.545734
       34     773      5  [ 14032896008,  14037811308)      4915300        12935    1.439653
       35     798      6  [ 14155776228,  14160691528)      4915300        12935    1.423334
       36     823      7  [ 14278656068,  14283571368)      4915300        12935    1.486057
       37     848      8  [ 14401536288,  14406451208)      4914920        12934    1.435344
       38     873      9  [ 14524416128,  14529331428)      4915300        12935    1.493301
       39     898     10  [ 14647296348,  14652211268)      4914920        12934    1.687344
       40     923     11  [ 14770176188,  14775091488)      4915300        12935    1.384748
       41     948     12  [ 14893056028,  14897971328)      4915300        12935    1.404780
       42     973     13  [ 14960640168,  14961869088)      1228920         3234    0.680695
       43     998     14  [ 14991360128,  14992589048)      1228920         3234    0.467841
       44    1023     15  [ 15022080088,  15023309008)      1228920         3234    0.608719
       45    1048     16  [ 15052800048,  15054028968)      1228920         3234    0.508202
       46    1049     17  [ 15054028968,  15055257888)      1228920         3234    0.533164
       47    1050     18  [ 15055257888,  15056486428)      1228540         3233    0.782748
       48    1075     19  [ 15085977848,  15087206768)      1228920         3234    0.632967
       49    1124     20  [ 15146188848,  15147417768)      1228920         3234    0.500692
       50    1102     22  [ 15119155268,  15120384188)      1228920         3234    0.609903
       51    1080      0  [ 15092121688,  15093350608)      1228920         3234    0.507503
       52    1109      5  [ 15127756948,  15128985868)      1228920         3234    0.480291
==============================================================

[SWBWA output hash rank 000019/000024] calls=3334114 bytes=1406161099 sum=0xe5f24b817d8f5c7f xor=0xbb142e80921dbcb9 enabled=1
    14  [  8768716800,   8788377620)     19660820        51739    5.350162
       19     471     15  [  9260236920,   9279897740)     19660820        51739    5.139201
       20     496     16  [  9751757040,   9771417860)     19660820        51739    5.037825
       21     521     17  [ 10243277160,  10262937600)     19660440        51738    5.511994
       22     546     18  [ 10734796900,  10754457720)     19660820        51739    5.252454
       23     571     19  [ 11226317020,  11245977840)     19660820        51739    4.977792
       24     596     20  [ 11717837048,  11737497712)     19660664        52289    5.185843
       25     621     21  [ 12209356948,  12229017768)     19660820        51739    4.904837
       26     646     22  [ 12700877068,  12720537888)     19660820        51739    5.081742
       27     671     23  [ 13192396808,  13212057628)     19660820        51739    5.021935
       28     672      0  [ 13212057628,  13231718448)     19660820        51739    5.057210
       29     721      1  [ 13777305728,  13782221028)      4915300        12935    1.482888
       30     746      2  [ 13900185948,  13905100868)      4914920        12934    1.532155
       31     771      3  [ 14023065788,  14027981088)      4915300        12935    1.410914
       32     796      4  [ 14145945628,  14150860928)      4915300        12935    1.304762
       33     821      5  [ 14268825848,  14273741148)      4915300        12935    1.487499
       34     846      6  [ 14391705688,  14396620988)      4915300        12935    1.557268
       35     871      7  [ 14514585908,  14519500828)      4914920        12934    1.534152
       36     896      8  [ 14637465748,  14642381048)      4915300        12935    1.462609
       37     921      9  [ 14760345968,  14765260888)      4914920        12934    1.373089
       38     946     10  [ 14883225808,  14888141108)      4915300        12935    1.469712
       39     971     11  [ 14958182708,  14959411248)      1228540         3233    0.671893
       40     996     12  [ 14988902668,  14990131208)      1228540         3233    0.621901
       41    1021     13  [ 15019622628,  15020851548)      1228920         3234    0.489164
       42    1046     14  [ 15050342588,  15051571508)      1228920         3234    0.563002
       43    1071     15  [ 15081062548,  15082291468)      1228920         3234    0.582418
       44    1096     16  [ 15111782508,  15113011428)      1228920         3234    0.451083
       45    1121     17  [ 15142502468,  15143731388)      1228920         3234    0.501609
       46    1146     18  [ 15173222428,  15174451348)      1228920         3234    0.787956
       47    1149     21  [ 15176908808,  15178137728)      1228920         3234    0.559667
       48    1103     23  [ 15120384188,  15121613108)      1228920         3234    0.444544
       49    1105      1  [ 15122841648,  15124070568)      1228920         3234    0.475387
       50    1085      5  [ 15098265908,  15099494448)      1228540         3233    0.450258
==============================================================

[SWBWA output hash rank 000020/000024] calls=3340464 bytes=1408658045 sum=0xc568f635f0989d10 xor=0xae190d6576b7d1a0 enabled=1

================ MPI Progress Thread Debug =================
  MPI rank: 000009 / 000024
  lifetime                                      204.687929 s
  MPI_Iprobe calls                                   20468
  MPI_Iprobe total                                0.172598 s
  MPI_Iprobe average                                 8.433 us
  MPI_Iprobe maximum                              0.001687 s
  calls >= 1 ms                                          1
  calls >= 10 ms                                         0
  calls >= 100 ms                                        0
  calls >= 1 s                                           0
============================================================


================ MPI Dynamic Scheduler Debug =================
  MPI rank: 000021 / 000024

  Work summary
    claimed chunks                                         50
    claimed from this rank's queue                          3
    claimed from another rank's queue                      47
    completed FASTQ records                           1666998
    claimed input bytes                             632831768

  Scheduler counters
    scheduler_next calls                                   51
    RMA ticket attempts                                    79
    attempts against another rank's queue                  75
    tickets beyond the final chunk                         29
    empty aligned chunks                                    0

  Scheduler timing
    MPI_Win_create (setup)                       0.003879 s  (1 calls,  3878.629 us/call)
    MPI_Barrier after setup                      0.000020 s  (1 calls,    19.700 us/call)
    scheduler_next total                         2.513753 s  (51 calls, 49289.281 us/call)
      RMA ticket path total                        2.513563 s  (79 calls, 31817.251 us/call)
        MPI_Win_lock                                 0.000214 s  (79 calls,     2.715 us/call)
        MPI_Fetch_and_op                             0.001627 s  (79 calls,    20.589 us/call)
        MPI_Win_unlock                               2.511586 s  (79 calls, 31792.231 us/call)
        RMA call overhead (derived)                  0.000136 s  (79 calls,     1.716 us/call)
      align nominal offsets to FASTQ records       0.000048 s  (50 calls,     0.964 us/call)
      scheduler loop/bookkeeping (derived)         0.000142 s  (51 calls,     2.790 us/call)

  Scheduler teardown timing
    MPI_Barrier (wait for other ranks)           0.124157 s  (1 calls, 124157.037 us/call)
    MPI_Win_free                                 0.000075 s  (1 calls,    75.151 us/call)

  Stage 2 by chunk
    completed chunks                                       50
    accumulated stage 2                            168.987869 s
    average stage 2 per chunk                        3.379757 s
    slowest chunk                                         197
    slowest chunk stage 2                            5.861727 s

    order   chunk  queue        byte range                       bytes      records   stage2(s)
        0      21     21  [   412876904,    432537724)     19660820        51739    4.879509
        1      46     22  [   904397024,    924057844)     19660820        51739    5.096629
        2      71     23  [  1395917144,   1415577964)     19660820        51739    5.224165
        3      72      0  [  1415577964,   1435238404)     19660440        51738    5.073550
        4      97      1  [  1907097704,   1926758524)     19660820        51739    4.916560
        5     122      2  [  2398617824,   2418278644)     19660820        51739    5.052542
        6     147      3  [  2890137944,   2909798764)     19660820        51739    4.915238
        7     172      4  [  3381657684,   3401318504)     19660820        51739    5.055516
        8     197      5  [  3873177792,   3892838456)     19660664        52289    5.861727
        9     222      6  [  4364697612,   4384358432)     19660820        51739    5.150299
       10     247      7  [  4856217732,   4875878552)     19660820        51739    5.022369
       11     272      8  [  5347737852,   5367398672)     19660820        51739    5.105437
       12     297      9  [  5839257972,   5858918412)     19660440        51738    4.966831
       13     322     10  [  6330777712,   6350438532)     19660820        51739    5.106748
       14     347     11  [  6822297832,   6841958652)     19660820        51739    5.225262
       15     372     12  [  7313817952,   7333478772)     19660820        51739    4.938917
       16     397     13  [  7805337940,   7824998604)     19660664        52289    5.146444
       17     422     14  [  8296857880,   8316518700)     19660820        51739    5.260065
       18     447 
================ MPI Dynamic Scheduler Debug =================
  MPI rank: 000022 / 000024

  Work summary
    claimed chunks                                         50
    claimed from this rank's queue                          3
    claimed from another rank's queue                      47
    completed FASTQ records                           1705391
    claimed input bytes                             647576400

  Scheduler counters
    scheduler_next calls                                   51
    RMA ticket attempts                                    79
    attempts against another rank's queue                  75
    tickets beyond the final chunk                         29
    empty aligned chunks                                    0

  Scheduler timing
    MPI_Win_create (setup)                       0.003464 s  (1 calls,  3464.376 us/call)
    MPI_Barrier after setup                      0.000017 s  (1 calls,    16.551 us/call)
    scheduler_next total                         2.547926 s  (51 calls, 49959.337 us/call)
      RMA ticket path total                        2.547736 s  (79 calls, 32249.829 us/call)
        MPI_Win_lock                                 0.000220 s  (79 calls,     2.785 us/call)
        MPI_Fetch_and_op                             0.002109 s  (79 calls,    26.697 us/call)
        MPI_Win_unlock                               2.545282 s  (79 calls, 32218.762 us/call)
        RMA call overhead (derived)                  0.000125 s  (79 calls,     1.585 us/call)
      align nominal offsets to FASTQ records       0.000045 s  (50 calls,     0.901 us/call)
      scheduler loop/bookkeeping (derived)         0.000145 s  (51 calls,     2.836 us/call)

  Scheduler teardown timing
    MPI_Barrier (wait for other ranks)           0.122280 s  (1 calls, 122280.272 us/call)
    MPI_Win_free                                 0.000082 s  (1 calls,    82.251 us/call)

  Stage 2 by chunk
    completed chunks                                       50
    accumulated stage 2                            172.126086 s
    average stage 2 per chunk                        3.442522 s
    slowest chunk                                         198
    slowest chunk stage 2                            5.894208 s

    order   chunk  queue        byte range                       bytes      records   stage2(s)
        0      22     22  [   432537724,    452198544)     19660820        51739    4.964295
        1      47     23  [   924057844,    943718664)     19660820        51739    4.979767
        2      48      0  [   943718664,    963379484)     19660820        51739    5.125645
        3      73      1  [  1435238404,   1454899224)     19660820        51739    4.960870
        4      98      2  [  1926758524,   1946419344)     19660820        51739    5.053463
        5     123      3  [  2418278644,   2437939464)     19660820        51739    5.152171
        6     148      4  [  2909798764,   2929459204)     19660440        51738    5.068945
        7     173      5  [  3401318504,   3420979324)     19660820        51739    4.990725
        8     198      6  [  3892838456,   3912499496)     19661040        52290    5.894208
        9     223      7  [  4384358432,   4404019252)     19660820        51739    4.889832
       10     248      8  [  4875878552,   4895539372)     19660820        51739    5.081120
       11     273      9  [  5367398672,   5387059492)     19660820        51739    5.033219
       12     298     10  [  5858918412,   5878579232)     19660820        51739    5.112031
       13     323     11  [  6350438532,   6370099352)     19660820        51739    5.084004
       14     348     12  [  6841958652,   6861619472)     19660820        51739    5.072887
       15     373     13  [  7333478772,   7353139212)     19660440        51738    4.767735
       16     398     14  [  7824998604,   7844659268)     19660664        52289    5.115195
       17     423     15  [  8316518700,   8336179520)     19660820        51739    5.080944
       18     448 
================ MPI Dynamic Scheduler Debug =================
  MPI rank: 000023 / 000024

  Work summary
    claimed chunks                                         51
    claimed from this rank's queue                          3
    claimed from another rank's queue                      48
    completed FASTQ records                           1679387
    claimed input bytes                             637748744

  Scheduler counters
    scheduler_next calls                                   52
    RMA ticket attempts                                    77
    attempts against another rank's queue                  73
    tickets beyond the final chunk                         26
    empty aligned chunks                                    0

  Scheduler timing
    MPI_Win_create (setup)                       0.003693 s  (1 calls,  3692.828 us/call)
    MPI_Barrier after setup                      0.000017 s  (1 calls,    16.600 us/call)
    scheduler_next total                         2.228080 s  (52 calls, 42847.693 us/call)
      RMA ticket path total                        2.227880 s  (77 calls, 28933.511 us/call)
        MPI_Win_lock                                 0.000217 s  (77 calls,     2.823 us/call)
        MPI_Fetch_and_op                             0.002236 s  (77 calls,    29.039 us/call)
        MPI_Win_unlock                               2.225301 s  (77 calls, 28900.007 us/call)
        RMA call overhead (derived)                  0.000126 s  (77 calls,     1.641 us/call)
      align nominal offsets to FASTQ records       0.000050 s  (51 calls,     0.990 us/call)
      scheduler loop/bookkeeping (derived)         0.000149 s  (52 calls,     2.869 us/call)

  Scheduler teardown timing
    MPI_Barrier (wait for other ranks)           0.123396 s  (1 calls, 123396.380 us/call)
    MPI_Win_free                                 0.000072 s  (1 calls,    72.001 us/call)

  Stage 2 by chunk
    completed chunks                                       51
    accumulated stage 2                            169.817987 s
    average stage 2 per chunk                        3.329764 s
    slowest chunk                                         324
    slowest chunk stage 2                            5.474934 s

    order   chunk  queue        byte range                       bytes      records   stage2(s)
        0      23     23  [   452198544,    471859364)     19660820        51739    5.038406
        1      24      0  [   471859364,    491520184)     19660820        51739    4.973667
        2      49      1  [   963379484,    983040304)     19660820        51739    4.990485
        3      74      2  [  1454899224,   1474560044)     19660820        51739    4.992602
        4      99      3  [  1946419344,   1966080164)     19660820        51739    5.103211
        5     124      4  [  2437939464,   2457600284)     19660820        51739    5.129926
        6     149      5  [  2929459204,   2949120024)     19660820        51739    5.096190
        7     174      6  [  3420979324,   3440640144)     19660820        51739    5.124154
        8     199      7  [  3912499496,   3932160160)     19660664        52289    5.035279
        9     224      8  [  4404019252,   4423680072)     19660820        51739    4.983755
       10     249      9  [  4895539372,   4915200192)     19660820        51739    5.177886
       11     274     10  [  5387059492,   5406720312)     19660820        51739    5.050643
       12     299     11  [  5878579232,   5898240052)     19660820        51739    5.064035
       13     324     12  [  6370099352,   6389760172)     19660820        51739    5.474934
       14     349     13  [  6861619472,   6881280292)     19660820        51739    5.096647
       15     374     14  [  7353139212,   7372800032)     19660820        51739    5.210678
       16     399     15  [  7844659268,   7864320308)     19661040        52290    5.277488
       17     424     16  [  8336179520,   8355840340)     19660820        51739    5.132392
       18     449     15  [  8788377620,   8808038440)     19660820        51739    5.156900
       19     472     16  [  9279897740,   9299558560)     19660820        51739    4.917882
       20     497     17  [  9771417860,   9791078680)     19660820        51739    5.149083
       21     522     18  [ 10262937600,  10282598420)     19660820        51739    4.966401
       22     547     19  [ 10754457720,  10774118540)     19660820        51739    5.301434
       23     572     20  [ 11245977840,  11265638660)     19660820        51739    5.194701
       24     597     21  [ 11737497712,  11757158752)     19661040        52290    5.002845
       25     622     22  [ 12229017768,  12248678588)     19660820        51739    5.103142
       26     647     23  [ 12720537888,  12740198708)     19660820        51739    5.060878
       27     648      0  [ 12740198708,  12759859528)     19660820        51739    5.233982
       28     673      1  [ 13231718448,  13251379268)     19660820        51739    5.042628
       29     722      2  [ 13782221028,  13787136328)      4915300        12935    1.549812
       30     747      3  [ 13905100868,  13910016168)      4915300        12935    1.560707
       31     772      4  [ 14027981088,  14032896008)      4914920        12934    1.432936
       32     797      5  [ 14150860928,  14155776228)      4915300        12935    1.476547
       33     822      6  [ 14273741148,  14278656068)      4914920        12934    1.428541
       34     847      7  [ 14396620988,  14401536288)      4915300        12935    1.473860
       35     872      8  [ 14519500828,  14524416128)      4915300        12935    1.464032
       36     897      9  [ 14642381048,  14647296348)      4915300        12935    1.466563
       37     922     10  [ 14765260888,  14770176188)      4915300        12935    1.449678
       38     947     11  [ 14888141108,  14893056028)      4914920        12934    1.519338
       39     972     12  [ 14959411248,  14960640168)      1228920         3234    0.568645
       40     997     13  [ 14990131208,  14991360128)      1228920         3234    0.450398
       41    1022     14  [ 15020851548,  15022080088)      1228540         3233    0.516594
       42    1047     15  [ 15051571508,  15052800048)      1228540         3233    0.484574
       43    1072     16  [ 15082291468,  15083520008)      1228540         3233    0.519317
       44    1097     17  [ 15113011428,  15114240348)      1228920         3234    0.679374
       45    1122     18  [ 15143731388,  15144960308)      1228920         3234    0.561319
       46    1147     19  [ 15174451348,  15175680268)      1228920         3234    0.541578
       47    1125     21  [ 15147417768,  15148646688)      1228920         3234    0.688067
       48    1032      0  [ 15033139228,  15034368148)      1228920         3234    0.443311
       49    1059      3  [ 15066317028,  15067545948)      1228920         3234    0.584994
==============================================================

[SWBWA output hash rank 000021/000024] calls=3333996 bytes=1405974993 sum=0xdaacee2f26de5ebb xor=0x301ef5be203aff3b enabled=1
    16  [  8808038440,   8827699260)     19660820        51739    5.027414
       19     473     17  [  9299558560,   9319219380)     19660820        51739    5.039217
       20     498     18  [  9791078680,   9810739500)     19660820        51739    5.031772
       21     523     19  [ 10282598420,  10302259240)     19660820        51739    5.220781
       22     548     20  [ 10774118540,  10793779360)     19660820        51739    5.147200
       23     573     21  [ 11265638660,  11285299480)     19660820        51739    5.204916
       24     598     22  [ 11757158752,  11776819288)     19660536        51880    5.047149
       25     623     23  [ 12248678588,  12268339408)     19660820        51739    4.917994
       26     624      0  [ 12268339408,  12288000228)     19660820        51739    5.146634
       27     649      1  [ 12759859528,  12779520348)     19660820        51739    4.983301
       28     674      2  [ 13251379268,  13271040088)     19660820        51739    5.072756
       29     699      3  [ 13669171408,  13674086708)      4915300        12935    1.379617
       30     700      4  [ 13674086708,  13679001628)      4914920        12934    1.370644
       31     701      5  [ 13679001628,  13683916928)      4915300        12935    1.353143
       32     702      6  [ 13683916928,  13688832228)      4915300        12935    1.383163
       33     727      7  [ 13806797148,  13811712068)      4914920        12934    1.385256
       34     752      8  [ 13929676988,  13934592288)      4915300        12935    1.534096
       35     753      9  [ 13934592288,  13939507208)      4914920        12934    1.643544
       36     802     10  [ 14175437048,  14180352348)      4915300        12935    1.464943
       37     827     11  [ 14298316888,  14303232188)      4915300        12935    1.539468
       38     852     12  [ 14421197108,  14426112028)      4914920        12934    1.429119
       39     877     13  [ 14544076948,  14548992248)      4915300        12935    1.387355
       40     902     14  [ 14666957168,  14671872088)      4914920        12934    1.587741
       41     927     15  [ 14789837008,  14794752308)      4915300        12935    1.947177
       42     952     16  [ 14912716848,  14917632148)      4915300        12935    1.359701
       43    1025     17  [ 15024537928,  15025766468)      1228540         3233    0.494464
       44    1026     18  [ 15025766468,  15026995388)      1228920         3234    0.705883
       45    1051     19  [ 15056486428,  15057715348)      1228920         3234    0.529454
       46    1076     20  [ 15087206768,  15088435308)      1228540         3233    0.540631
       47    1030     22  [ 15030681768,  15031910688)      1228920         3234    0.674234
       48    1104      0  [ 15121613108,  15122841648)      1228540         3233    0.537492
       49    1036      4  [ 15038054528,  15039283448)      1228920         3234    0.612771
==============================================================

[SWBWA output hash rank 000022/000024] calls=3410782 bytes=1438413046 sum=0x273d95d04a72f0f4 xor=0x9ec0e30356a7c310 enabled=1
    17  [  8827699260,   8847360080)     19660820        51739    4.965882
       19     474     18  [  9319219380,   9338880200)     19660820        51739    5.014007
       20     499     19  [  9810739500,   9830400320)     19660820        51739    5.048048
       21     524     20  [ 10302259240,  10321920060)     19660820        51739    5.180682
       22     549     21  [ 10793779360,  10813440180)     19660820        51739    5.162595
       23     574     22  [ 11285299480,  11304960300)     19660820        51739    4.967419
       24     599     23  [ 11776819288,  11796480108)     19660820        51739    5.089431
       25     600      0  [ 11796480108,  11816140928)     19660820        51739    5.232490
       26     625      1  [ 12288000228,  12307661048)     19660820        51739    5.220664
       27     650      2  [ 12779520348,  12799181168)     19660820        51739    4.985987
       28     675      3  [ 13271040088,  13290700908)     19660820        51739    5.248856
       29     724      4  [ 13792051248,  13796966548)      4915300        12935    1.390910
       30     725      5  [ 13796966548,  13801881848)      4915300        12935    1.304928
       31     750      6  [ 13919846768,  13924761688)      4914920        12934    1.653164
       32     775      7  [ 14042726608,  14047641908)      4915300        12935    1.511298
       33     800      8  [ 14165606448,  14170521748)      4915300        12935    1.306442
       34     825      9  [ 14288486668,  14293401968)      4915300        12935    1.446761
       35     850     10  [ 14411366508,  14416281808)      4915300        12935    1.545305
       36     875     11  [ 14534246728,  14539161648)      4914920        12934    1.341666
       37     900     12  [ 14657126568,  14662041868)      4915300        12935    1.674551
       38     925     13  [ 14780006408,  14784921708)      4915300        12935    1.387891
       39     950     14  [ 14902886628,  14907801928)      4915300        12935    1.330840
       40     975     15  [ 14963097628,  14964326548)      1228920         3234    0.586692
       41     976     16  [ 14964326548,  14965555468)      1228920         3234    0.462935
       42     977     17  [ 14965555468,  14966784008)      1228540         3233    0.499674
       43     978     18  [ 14966784008,  14968012928)      1228920         3234    0.455805
       44     979     19  [ 14968012928,  14969241848)      1228920         3234    0.467061
       45     980     20  [ 14969241848,  14970470768)      1228920         3234    0.657516
       46     981     21  [ 14970470768,  14971699308)      1228540         3233    0.497726
       47     982     22  [ 14971699308,  14972928228)      1228920         3234    0.594143
       48    1007     23  [ 15002419268,  15003648188)      1228920         3234    0.545132
       49    1128      0  [ 15151104148,  15152333068)      1228920         3234    0.538925
       50    1083      3  [ 15095808068,  15097036988)      1228920         3234    0.550183
==============================================================

[SWBWA output hash rank 000023/000024] calls=3358774 bytes=1416348389 sum=0xd3ef8a34600549ea xor=0xbaa1d84d0ce8a0f8 enabled=1

================ MPI Progress Thread Debug =================
  MPI rank: 000010 / 000024
  lifetime                                      204.688909 s
  MPI_Iprobe calls                                   20467
  MPI_Iprobe total                                0.156753 s
  MPI_Iprobe average                                 7.659 us
  MPI_Iprobe maximum                              0.000913 s
  calls >= 1 ms                                          0
  calls >= 10 ms                                         0
  calls >= 100 ms                                        0
  calls >= 1 s                                           0
============================================================


================ MPI Progress Thread Debug =================
  MPI rank: 000011 / 000024
  lifetime                                      204.690801 s
  MPI_Iprobe calls                                   20467
  MPI_Iprobe total                                0.151005 s
  MPI_Iprobe average                                 7.378 us
  MPI_Iprobe maximum                              0.001727 s
  calls >= 1 ms                                          1
  calls >= 10 ms                                         0
  calls >= 100 ms                                        0
  calls >= 1 s                                           0
============================================================


================ MPI Progress Thread Debug =================
  MPI rank: 000018 / 000024
  lifetime                                      204.690435 s
  MPI_Iprobe calls                                   20453
  MPI_Iprobe total                                0.204791 s
  MPI_Iprobe average                                10.013 us
  MPI_Iprobe maximum                              0.001499 s
  calls >= 1 ms                                          2
  calls >= 10 ms                                         0
  calls >= 100 ms                                        0
  calls >= 1 s                                           0
============================================================


================ SWBWA CPE/MPI Progress Debug ================
  MPI rank: 000006 / 000024

    phase                      waits     probes   total(s)    avg(us)    max(s)   >=1ms   >=10ms   >=100ms    >=1s  completed
    FASTQ formatting              42          0      0.000      0.000     0.000       0        0         0       0          0
    alignment and SAM length      42          0      0.000      0.000     0.000       0        0         0       0          0
    SAM record generation         42          0      0.000      0.000     0.000       0        0         0       0          0
    all CPE phases               126          0      0.000      0.000     0.000       0        0         0       0          0

  Probes marked 'completed' returned with the CPE completion
  flag set. Their full call duration bounds the possible delay.
    completion-observing probe total               0.000000 s
    slowest completion-observing probe             0.000000 s
==============================================================


================ SWBWA CPE/MPI Progress Debug ================
  MPI rank: 000007 / 000024

    phase                      waits     probes   total(s)    avg(us)    max(s)   >=1ms   >=10ms   >=100ms    >=1s  completed
    FASTQ formatting              46          0      0.000      0.000     0.000       0        0         0       0          0
    alignment and SAM length      46          0      0.000      0.000     0.000       0        0         0       0          0
    SAM record generation         46          0      0.000      0.000     0.000       0        0         0       0          0
    all CPE phases               138          0      0.000      0.000     0.000       0        0         0       0          0

  Probes marked 'completed' returned with the CPE completion
  flag set. Their full call duration bounds the possible delay.
    completion-observing probe total               0.000000 s
    slowest completion-observing probe             0.000000 s
==============================================================


================ SWBWA CPE/MPI Progress Debug ================
  MPI rank: 000008 / 000024

    phase                      waits     probes   total(s)    avg(us)    max(s)   >=1ms   >=10ms   >=100ms    >=1s  completed
    FASTQ formatting              46          0      0.000      0.000     0.000       0        0         0       0          0
    alignment and SAM length      46          0      0.000      0.000     0.000       0        0         0       0          0
    SAM record generation         46          0      0.000      0.000     0.000       0        0         0       0          0
    all CPE phases               138          0      0.000      0.000     0.000       0        0         0       0          0

  Probes marked 'completed' returned with the CPE completion
  flag set. Their full call duration bounds the possible delay.
    completion-observing probe total               0.000000 s
    slowest completion-observing probe             0.000000 s

================ MPI Progress Thread Debug =================
  MPI rank: 000019 / 000024
  lifetime                                      204.688956 s
  MPI_Iprobe calls                                   20461
  MPI_Iprobe total                                0.197731 s
  MPI_Iprobe average                                 9.664 us
  MPI_Iprobe maximum                              0.002931 s
  calls >= 1 ms                                         15
  calls >= 10 ms                                         0
  calls >= 100 ms                                        0
  calls >= 1 s                                           0
============================================================


================ MPI Progress Thread Debug =================
  MPI rank: 000020 / 000024
  lifetime                                      204.696436 s
  MPI_Iprobe calls                                   20460
  MPI_Iprobe total                                0.195057 s
  MPI_Iprobe average                                 9.534 us
  MPI_Iprobe maximum                              0.000276 s
  calls >= 1 ms                                          0
  calls >= 10 ms                                         0
  calls >= 100 ms                                        0
  calls >= 1 s                                           0
============================================================


================ MPI Progress Thread Debug =================
  MPI rank: 000021 / 000024
  lifetime                                      204.689312 s
  MPI_Iprobe calls                                   20464
  MPI_Iprobe total                                0.162720 s
  MPI_Iprobe average                                 7.952 us
  MPI_Iprobe maximum                              0.001446 s
  calls >= 1 ms                                          3
  calls >= 10 ms                                         0
  calls >= 100 ms                                        0
  calls >= 1 s                                           0
============================================================


================ MPI Progress Thread Debug =================
  MPI rank: 000022 / 000024
  lifetime                                      204.691718 s
  MPI_Iprobe calls                                   20466
  MPI_Iprobe total                                0.144878 s
  MPI_Iprobe average                                 7.079 us
  MPI_Iprobe maximum                              0.000106 s
  calls >= 1 ms                                          0
  calls >= 10 ms                                         0
  calls >= 100 ms                                        0
  calls >= 1 s                                           0
============================================================


================ MPI Progress Thread Debug =================
  MPI rank: 000023 / 000024
  lifetime                                      204.696955 s
  MPI_Iprobe calls                                   20467
  MPI_Iprobe total                                0.150115 s
  MPI_Iprobe average                                 7.334 us
  MPI_Iprobe maximum                              0.000665 s
  calls >= 1 ms                                          0
  calls >= 10 ms                                         0
  calls >= 100 ms                                        0
  calls >= 1 s                                           0
============================================================

==============================================================


================ SWBWA CPE/MPI Progress Debug ================
  MPI rank: 000009 / 000024

    phase                      waits     probes   total(s)    avg(us)    max(s)   >=1ms   >=10ms   >=100ms    >=1s  completed
    FASTQ formatting              44          0      0.000      0.000     0.000       0        0         0       0          0
    alignment and SAM length      44          0      0.000      0.000     0.000       0        0         0       0          0
    SAM record generation         44          0      0.000      0.000     0.000       0        0         0       0          0
    all CPE phases               132          0      0.000      0.000     0.000       0        0         0       0          0

  Probes marked 'completed' returned with the CPE completion
  flag set. Their full call duration bounds the possible delay.
    completion-observing probe total               0.000000 s
    slowest completion-observing probe             0.000000 s
==============================================================


================ SWBWA CPE/MPI Progress Debug ================
  MPI rank: 000010 / 000024

    phase                      waits     probes   total(s)    avg(us)    max(s)   >=1ms   >=10ms   >=100ms    >=1s  completed
    FASTQ formatting              44          0      0.000      0.000     0.000       0        0         0       0          0
    alignment and SAM length      44          0      0.000      0.000     0.000       0        0         0       0          0
    SAM record generation         44          0      0.000      0.000     0.000       0        0         0       0          0
    all CPE phases               132          0      0.000      0.000     0.000       0        0         0       0          0

  Probes marked 'completed' returned with the CPE completion
  flag set. Their full call duration bounds the possible delay.
    completion-observing probe total               0.000000 s
    slowest completion-observing probe             0.000000 s
==============================================================


================ SWBWA CPE/MPI Progress Debug ================
  MPI rank: 000011 / 000024

    phase                      waits     probes   total(s)    avg(us)    max(s)   >=1ms   >=10ms   >=100ms    >=1s  completed
    FASTQ formatting              43          0      0.000      0.000     0.000       0        0         0       0          0
    alignment and SAM length      43          0      0.000      0.000     0.000       0        0         0       0          0
    SAM record generation         43          0      0.000      0.000     0.000       0        0         0       0          0
    all CPE phases               129          0      0.000      0.000     0.000       0        0         0       0          0

  Probes marked 'completed' returned with the CPE completion
  flag set. Their full call duration bounds the possible delay.
    completion-observing probe total               0.000000 s
    slowest completion-observing probe             0.000000 s
==============================================================


================ SWBWA CPE/MPI Progress Debug ================
  MPI rank: 000018 / 000024

    phase                      waits     probes   total(s)    avg(us)    max(s)   >=1ms   >=10ms   >=100ms    >=1s  completed
    FASTQ formatting              51          0      0.000      0.000     0.000       0        0         0       0          0

================ MPI Progress Thread Debug =================
  MPI rank: 000012 / 000024
  lifetime                                      204.693190 s
  MPI_Iprobe calls                                   20464
  MPI_Iprobe total                                0.225081 s
  MPI_Iprobe average                                10.999 us
  MPI_Iprobe maximum                              0.010073 s
  calls >= 1 ms                                          4
  calls >= 10 ms                                         1
  calls >= 100 ms                                        0
  calls >= 1 s                                           0
============================================================


================ SWBWA CPE/MPI Progress Debug ================
  MPI rank: 000012 / 000024

    phase                      waits     probes   total(s)    avg(us)    max(s)   >=1ms   >=10ms   >=100ms    >=1s  completed
    FASTQ formatting              49          0      0.000      0.000     0.000       0        0         0       0          0
    alignment and SAM length      49          0      0.000      0.000     0.000       0        0         0       0          0
    SAM record generation         49          0      0.000      0.000     0.000       0        0         0       0          0
    all CPE phases               147          0      0.000      0.000     0.000       0        0         0       0          0

  Probes marked 'completed' returned with the CPE completion
  flag set. Their full call duration bounds the possible delay.
    completion-observing probe total               0.000000 s
    slowest completion-observing probe             0.000000 s
==============================================================

    alignment and SAM length      51          0      0.000      0.000     0.000       0        0         0       0          0

================ MPI Progress Thread Debug =================
  MPI rank: 000013 / 000024
  lifetime                                      204.696848 s
  MPI_Iprobe calls                                   20462
  MPI_Iprobe total                                0.163900 s
  MPI_Iprobe average                                 8.010 us
  MPI_Iprobe maximum                              0.001330 s
  calls >= 1 ms                                          1
  calls >= 10 ms                                         0
  calls >= 100 ms                                        0
  calls >= 1 s                                           0
============================================================


================ SWBWA CPE/MPI Progress Debug ================
  MPI rank: 000013 / 000024

    phase                      waits     probes   total(s)    avg(us)    max(s)   >=1ms   >=10ms   >=100ms    >=1s  completed
    FASTQ formatting              50          0      0.000      0.000     0.000       0        0         0       0          0
    alignment and SAM length      50          0      0.000      0.000     0.000       0        0         0       0          0
    SAM record generation         50          0      0.000      0.000     0.000       0        0         0       0          0
    all CPE phases               150          0      0.000      0.000     0.000       0        0         0       0          0

  Probes marked 'completed' returned with the CPE completion
  flag set. Their full call duration bounds the possible delay.
    completion-observing probe total               0.000000 s
    slowest completion-observing probe             0.000000 s
==============================================================


================ MPI Progress Thread Debug =================
  MPI rank: 000014 / 000024
  lifetime                                      204.694519 s
  MPI_Iprobe calls                                   20461
  MPI_Iprobe total                                0.209768 s
  MPI_Iprobe average                                10.252 us
  MPI_Iprobe maximum                              0.001495 s
  calls >= 1 ms                                          2
  calls >= 10 ms                                         0
  calls >= 100 ms                                        0
  calls >= 1 s                                           0
============================================================


================ SWBWA CPE/MPI Progress Debug ================
  MPI rank: 000014 / 000024

    phase                      waits     probes   total(s)    avg(us)    max(s)   >=1ms   >=10ms   >=100ms    >=1s  completed
    FASTQ formatting              50          0      0.000      0.000     0.000       0        0         0       0          0
    alignment and SAM length      50          0      0.000      0.000     0.000       0        0         0       0          0
    SAM record generation         50          0      0.000      0.000     0.000       0        0         0       0          0
    all CPE phases               150          0      0.000      0.000     0.000       0        0         0       0          0

  Probes marked 'completed' returned with the CPE completion
  flag set. Their full call duration bounds the possible delay.
    completion-observing probe total               0.000000 s
    slowest completion-observing probe             0.000000 s
==============================================================


================ MPI Progress Thread Debug =================
  MPI rank: 000015 / 000024
  lifetime                                      204.694794 s
  MPI_Iprobe calls                                   20455
  MPI_Iprobe total                                0.163964 s
  MPI_Iprobe average                                 8.016 us
  MPI_Iprobe maximum                              0.019996 s
  calls >= 1 ms                                          1
  calls >= 10 ms                                         1
  calls >= 100 ms                                        0
  calls >= 1 s                                           0
============================================================


================ SWBWA CPE/MPI Progress Debug ================
  MPI rank: 000015 / 000024

    phase                      waits     probes   total(s)    avg(us)    max(s)   >=1ms   >=10ms   >=100ms    >=1s  completed
    FASTQ formatting              50          0      0.000      0.000     0.000       0        0         0       0          0
    alignment and SAM length      50          0      0.000      0.000     0.000       0        0         0       0          0
    SAM record generation         50          0      0.000      0.000     0.000       0        0         0       0          0
    all CPE phases               150          0      0.000      0.000     0.000       0        0         0       0          0

  Probes marked 'completed' returned with the CPE completion
  flag set. Their full call duration bounds the possible delay.
    completion-observing probe total               0.000000 s
    slowest completion-observing probe             0.000000 s
==============================================================


================ MPI Progress Thread Debug =================
  MPI rank: 000016 / 000024
  lifetime                                      204.695631 s
  MPI_Iprobe calls                                   20468
  MPI_Iprobe total                                0.145239 s
  MPI_Iprobe average                                 7.096 us
  MPI_Iprobe maximum                              0.000726 s
  calls >= 1 ms                                          0
  calls >= 10 ms                                         0
  calls >= 100 ms                                        0
  calls >= 1 s                                           0
============================================================


================ SWBWA CPE/MPI Progress Debug ================
  MPI rank: 000016 / 000024

    phase                      waits     probes   total(s)    avg(us)    max(s)   >=1ms   >=10ms   >=100ms    >=1s  completed
    FASTQ formatting              51          0      0.000      0.000     0.000       0        0         0       0          0
    alignment and SAM length      51          0      0.000      0.000     0.000       0        0         0       0          0
    SAM record generation         51          0      0.000      0.000     0.000       0        0         0       0          0
    all CPE phases               153          0      0.000      0.000     0.000       0        0         0       0          0

  Probes marked 'completed' returned with the CPE completion
  flag set. Their full call duration bounds the possible delay.
    completion-observing probe total               0.000000 s
    slowest completion-observing probe             0.000000 s
==============================================================


================ MPI Progress Thread Debug =================
  MPI rank: 000017 / 000024
  lifetime                                      204.696243 s
  MPI_Iprobe calls                                   20461
  MPI_Iprobe total                                0.156265 s
  MPI_Iprobe average                                 7.637 us
  MPI_Iprobe maximum                              0.000079 s
  calls >= 1 ms                                          0
  calls >= 10 ms                                         0
  calls >= 100 ms                                        0
  calls >= 1 s                                           0
============================================================


================ SWBWA CPE/MPI Progress Debug ================
  MPI rank: 000017 / 000024

    phase                      waits     probes   total(s)    avg(us)    max(s)   >=1ms   >=10ms   >=100ms    >=1s  completed
    FASTQ formatting              51          0      0.000      0.000     0.000       0        0         0       0          0
    alignment and SAM length      51          0      0.000      0.000     0.000       0        0         0       0          0
    SAM record generation         51          0      0.000      0.000     0.000       0        0         0       0          0
    all CPE phases               153          0      0.000      0.000     0.000       0        0         0       0          0

  Probes marked 'completed' returned with the CPE completion
  flag set. Their full call duration bounds the possible delay.
    completion-observing probe total               0.000000 s
    slowest completion-observing probe             0.000000 s
==============================================================

    SAM record generation         51          0      0.000      0.000     0.000       0        0         0       0          0
    all CPE phases               153          0      0.000      0.000     0.000       0        0         0       0          0

================ SWBWA CPE/MPI Progress Debug ================
  MPI rank: 000000 / 000024

    phase                      waits     probes   total(s)    avg(us)    max(s)   >=1ms   >=10ms   >=100ms    >=1s  completed
    FASTQ formatting              50          0      0.000      0.000     0.000       0        0         0       0          0
    alignment and SAM length      50          0      0.000      0.000     0.000       0        0         0       0          0
    SAM record generation         50          0      0.000      0.000     0.000       0        0         0       0          0
    all CPE phases               150          0      0.000      0.000     0.000       0        0         0       0          0

  Probes marked 'completed' returned with the CPE completion
  flag set. Their full call duration bounds the possible delay.
    completion-observing probe total               0.000000 s
    slowest completion-observing probe             0.000000 s
==============================================================


================ SWBWA CPE/MPI Progress Debug ================
  MPI rank: 000001 / 000024

    phase                      waits     probes   total(s)    avg(us)    max(s)   >=1ms   >=10ms   >=100ms    >=1s  completed
    FASTQ formatting              48          0      0.000      0.000     0.000       0        0         0       0          0
    alignment and SAM length      48          0      0.000      0.000     0.000       0        0         0       0          0
    SAM record generation         48          0      0.000      0.000     0.000       0        0         0       0          0
    all CPE phases               144          0      0.000      0.000     0.000       0        0         0       0          0

  Probes marked 'completed' returned with the CPE completion
  flag set. Their full call duration bounds the possible delay.
    completion-observing probe total               0.000000 s
    slowest completion-observing probe             0.000000 s
==============================================================


================ SWBWA CPE/MPI Progress Debug ================
  MPI rank: 000002 / 000024

    phase                      waits     probes   total(s)    avg(us)    max(s)   >=1ms   >=10ms   >=100ms    >=1s  completed
    FASTQ formatting              46          0      0.000      0.000     0.000       0        0         0       0          0
    alignment and SAM length      46          0      0.000      0.000     0.000       0        0         0       0          0
    SAM record generation         46          0      0.000      0.000     0.000       0        0         0       0          0
    all CPE phases               138          0      0.000      0.000     0.000       0        0         0       0          0

  Probes marked 'completed' returned with the CPE completion
  flag set. Their full call duration bounds the possible delay.
    completion-observing probe total               0.000000 s
    slowest completion-observing probe             0.000000 s
==============================================================


================ SWBWA CPE/MPI Progress Debug ================
  MPI rank: 000003 / 000024

    phase                      waits     probes   total(s)    avg(us)    max(s)   >=1ms   >=10ms   >=100ms    >=1s  completed
    FASTQ formatting              47          0      0.000      0.000     0.000       0        0         0       0          0
    alignment and SAM length      47          0      0.000      0.000     0.000       0        0         0       0          0
    SAM record generation         47          0      0.000      0.000     0.000       0        0         0       0          0
    all CPE phases               141          0      0.000      0.000     0.000       0        0         0       0          0

  Probes marked 'completed' returned with the CPE completion
  flag set. Their full call duration bounds the possible delay.
    completion-observing probe total               0.000000 s
    slowest completion-observing probe             0.000000 s
==============================================================


================ SWBWA CPE/MPI Progress Debug ================
  MPI rank: 000004 / 000024

    phase                      waits     probes   total(s)    avg(us)    max(s)   >=1ms   >=10ms   >=100ms    >=1s  completed
    FASTQ formatting              46          0      0.000      0.000     0.000       0        0         0       0          0
    alignment and SAM length      46          0      0.000      0.000     0.000       0        0         0       0          0
    SAM record generation         46          0      0.000      0.000     0.000       0        0         0       0          0
    all CPE phases               138          0      0.000      0.000     0.000       0        0         0       0          0

  Probes marked 'completed' returned with the CPE completion
  flag set. Their full call duration bounds the possible delay.
    completion-observing probe total               0.000000 s
    slowest completion-observing probe             0.000000 s
==============================================================


================ MPI Progress Thread Debug =================
  MPI rank: 000005 / 000024
  lifetime                                      204.691713 s
  MPI_Iprobe calls                                   20467
  MPI_Iprobe total                                0.165956 s
  MPI_Iprobe average                                 8.108 us
  MPI_Iprobe maximum                              0.001514 s
  calls >= 1 ms                                          4
  calls >= 10 ms                                         0
  calls >= 100 ms                                        0
  calls >= 1 s                                           0
============================================================


================ SWBWA CPE/MPI Progress Debug ================
  MPI rank: 000005 / 000024

    phase                      waits     probes   total(s)    avg(us)    max(s)   >=1ms   >=10ms   >=100ms    >=1s  completed
    FASTQ formatting              45          0      0.000      0.000     0.000       0        0         0       0          0
    alignment and SAM length      45          0      0.000      0.000     0.000       0        0         0       0          0
    SAM record generation         45          0      0.000      0.000     0.000       0        0         0       0          0
    all CPE phases               135          0      0.000      0.000     0.000       0        0         0       0          0

  Probes marked 'completed' returned with the CPE completion
  flag set. Their full call duration bounds the possible delay.
    completion-observing probe total               0.000000 s
    slowest completion-observing probe             0.000000 s
==============================================================


  Probes marked 'completed' returned with the CPE completion
  flag set. Their full call duration bounds the possible delay.
    completion-observing probe total               0.000000 s
    slowest completion-observing probe             0.000000 s
==============================================================


================ SWBWA CPE/MPI Progress Debug ================
  MPI rank: 000019 / 000024

    phase                      waits     probes   total(s)    avg(us)    max(s)   >=1ms   >=10ms   >=100ms    >=1s  completed
    FASTQ formatting              53          0      0.000      0.000     0.000       0        0         0       0          0
    alignment and SAM length      53          0      0.000      0.000     0.000       0        0         0       0          0
    SAM record generation         53          0      0.000      0.000     0.000       0        0         0       0          0
    all CPE phases               159          0      0.000      0.000     0.000       0        0         0       0          0

  Probes marked 'completed' returned with the CPE completion
  flag set. Their full call duration bounds the possible delay.
    completion-observing probe total               0.000000 s
    slowest completion-observing probe             0.000000 s
==============================================================


================ SWBWA CPE/MPI Progress Debug ================
  MPI rank: 000020 / 000024

    phase                      waits     probes   total(s)    avg(us)    max(s)   >=1ms   >=10ms   >=100ms    >=1s  completed
    FASTQ formatting              51          0      0.000      0.000     0.000       0        0         0       0          0
    alignment and SAM length      51          0      0.000      0.000     0.000       0        0         0       0          0
    SAM record generation         51          0      0.000      0.000     0.000       0        0         0       0          0
    all CPE phases               153          0      0.000      0.000     0.000       0        0         0       0          0

  Probes marked 'completed' returned with the CPE completion
  flag set. Their full call duration bounds the possible delay.
    completion-observing probe total               0.000000 s
    slowest completion-observing probe             0.000000 s
==============================================================


================ SWBWA CPE/MPI Progress Debug ================
  MPI rank: 000021 / 000024

    phase                      waits     probes   total(s)    avg(us)    max(s)   >=1ms   >=10ms   >=100ms    >=1s  completed
    FASTQ formatting              50          0      0.000      0.000     0.000       0        0         0       0          0
    alignment and SAM length      50          0      0.000      0.000     0.000       0        0         0       0          0
    SAM record generation         50          0      0.000      0.000     0.000       0        0         0       0          0
    all CPE phases               150          0      0.000      0.000     0.000       0        0         0       0          0

  Probes marked 'completed' returned with the CPE completion
  flag set. Their full call duration bounds the possible delay.
    completion-observing probe total               0.000000 s
    slowest completion-observing probe             0.000000 s
==============================================================


================ SWBWA CPE/MPI Progress Debug ================
  MPI rank: 000022 / 000024

    phase                      waits     probes   total(s)    avg(us)    max(s)   >=1ms   >=10ms   >=100ms    >=1s  completed
    FASTQ formatting              50          0      0.000      0.000     0.000       0        0         0       0          0
    alignment and SAM length      50          0      0.000      0.000     0.000       0        0         0       0          0
    SAM record generation         50          0      0.000      0.000     0.000       0        0         0       0          0
    all CPE phases               150          0      0.000      0.000     0.000       0        0         0       0          0

  Probes marked 'completed' returned with the CPE completion
  flag set. Their full call duration bounds the possible delay.
    completion-observing probe total               0.000000 s
    slowest completion-observing probe             0.000000 s
==============================================================


================ SWBWA CPE/MPI Progress Debug ================
  MPI rank: 000023 / 000024

    phase                      waits     probes   total(s)    avg(us)    max(s)   >=1ms   >=10ms   >=100ms    >=1s  completed
    FASTQ formatting              51          0      0.000      0.000     0.000       0        0         0       0          0
    alignment and SAM length      51          0      0.000      0.000     0.000       0        0         0       0          0
    SAM record generation         51          0      0.000      0.000     0.000       0        0         0       0          0
    all CPE phases               153          0      0.000      0.000     0.000       0        0         0       0          0

  Probes marked 'completed' returned with the CPE completion
  flag set. Their full call duration bounds the possible delay.
    completion-observing probe total               0.000000 s
    slowest completion-observing probe             0.000000 s
==============================================================


======================= SWBWA Timing Report =======================
  MPI rank: 000000 / 000024
  Accumulated wall-clock time; indented rows are included in
  their parent row and must not be added to it.

  Pipeline
    total - complete three-stage pipeline                   204.690 s
    stage 1 - allocate and read raw FASTQ blocks             27.186 s
    stage 2 - align reads and generate SAM records          169.327 s
    stage 3 - write SAM and release batch data                8.066 s
      SAM output writes                                         6.793 s
      batch cleanup and loop overhead (derived)                 1.273 s

  Stage 1 input details
    batches completed / stage calls                      50 / 51
    input-buffer and batch allocations                        0.000 s  (151 calls, max 0.000 s)
    aggregate requested allocation bytes           1258397440
    FASTQ fseeko calls                                        5.693 s  (100 calls, max 0.355 s)
    FASTQ fread calls                                        18.967 s  (100 calls, max 1.099 s)
    align chunk ends to FASTQ record boundaries               0.000 s  (0 calls, max 0.000 s)
    scheduler, checks and bookkeeping (derived)               2.525 s
    raw FASTQ bytes read                           1258291776  (1200.001 MiB)
    effective fread bandwidth                         63.269 MiB/s
    slowest allocation                                 0.000 s  (19661844 bytes)
    slowest fread                                      1.099 s  (R2 offset=5898240052, bytes=19660820)

  Stage 2 worker details
    total - active merge worker                             169.314 s
      part 1 - prepare CPE task and reusable buffers            0.615 s
      part 2 - CPE FASTQ formatting and input release           0.535 s
      part 3 - CPE alignment and SAM length pass              167.300 s
      part 4 - assign slices in the shared SAM buffer           0.240 s
      part 5 - CPE SAM record generation                        0.611 s
      part 6 - release temporary worker data                    0.001 s

  Reserved allocator timers (no active timing sites)
    malloc timer                                              0.000 s
    free timer                                                0.000 s
===================================================================


======================= SWBWA Timing Report =======================
  MPI rank: 000001 / 000024
  Accumulated wall-clock time; indented rows are included in
  their parent row and must not be added to it.

  Pipeline
    total - complete three-stage pipeline                   204.692 s
    stage 1 - allocate and read raw FASTQ blocks             29.449 s
    stage 2 - align reads and generate SAM records          167.392 s
    stage 3 - write SAM and release batch data                7.505 s
      SAM output writes                                         6.346 s
      batch cleanup and loop overhead (derived)                 1.158 s

  Stage 1 input details
    batches completed / stage calls                      48 / 49
    input-buffer and batch allocations                        0.000 s  (145 calls, max 0.000 s)
    aggregate requested allocation bytes           1260851360
    FASTQ fseeko calls                                        6.142 s  (96 calls, max 0.303 s)
    FASTQ fread calls                                        21.066 s  (96 calls, max 1.143 s)
    align chunk ends to FASTQ record boundaries               0.000 s  (0 calls, max 0.000 s)
    scheduler, checks and bookkeeping (derived)               2.241 s
    raw FASTQ bytes read                           1260749920  (1202.345 MiB)
    effective fread bandwidth                         57.076 MiB/s
    slowest allocation                                 0.000 s  (4916324 bytes)
    slowest fread                                      1.143 s  (R2 offset=5917900872, bytes=19660820)

  Stage 2 worker details
    total - active merge worker                             167.371 s
      part 1 - prepare CPE task and reusable buffers            0.581 s
      part 2 - CPE FASTQ formatting and input release           0.538 s
      part 3 - CPE alignment and SAM length pass              165.366 s
      part 4 - assign slices in the shared SAM buffer           0.246 s
      part 5 - CPE SAM record generation                        0.616 s
      part 6 - release temporary worker data                    0.001 s

  Reserved allocator timers (no active timing sites)
    malloc timer                                              0.000 s
    free timer                                                0.000 s
===================================================================


======================= SWBWA Timing Report =======================
  MPI rank: 000002 / 000024
  Accumulated wall-clock time; indented rows are included in
  their parent row and must not be added to it.

  Pipeline
    total - complete three-stage pipeline                   204.690 s
    stage 1 - allocate and read raw FASTQ blocks             26.999 s
    stage 2 - align reads and generate SAM records          168.776 s
    stage 3 - write SAM and release batch data                8.280 s
      SAM output writes                                         7.001 s
      batch cleanup and loop overhead (derived)                 1.279 s

  Stage 1 input details
    batches completed / stage calls                      46 / 47
    input-buffer and batch allocations                        0.000 s  (139 calls, max 0.000 s)
    aggregate requested allocation bytes           1263302904
    FASTQ fseeko calls                                        4.196 s  (92 calls, max 0.151 s)
    FASTQ fread calls                                        20.613 s  (92 calls, max 1.076 s)
    align chunk ends to FASTQ record boundaries               0.000 s  (0 calls, max 0.000 s)
    scheduler, checks and bookkeeping (derived)               2.190 s
    raw FASTQ bytes read                           1263205688  (1204.687 MiB)
    effective fread bandwidth                         58.443 MiB/s
    slowest allocation                                 0.000 s  (4916324 bytes)
    slowest fread                                      1.076 s  (R2 offset=5937561692, bytes=19660820)

  Stage 2 worker details
    total - active merge worker                             168.747 s
      part 1 - prepare CPE task and reusable buffers            0.577 s
      part 2 - CPE FASTQ formatting and input release           0.531 s
      part 3 - CPE alignment and SAM length pass              166.701 s
      part 4 - assign slices in the shared SAM buffer           0.266 s
      part 5 - CPE SAM record generation                        0.642 s
      part 6 - release temporary worker data                    0.001 s

  Reserved allocator timers (no active timing sites)
    malloc timer                                              0.000 s
    free timer                                                0.000 s
===================================================================


======================= SWBWA Timing Report =======================
  MPI rank: 000003 / 000024
  Accumulated wall-clock time; indented rows are included in
  their parent row and must not be added to it.

  Pipeline
    total - complete three-stage pipeline                   204.697 s
    stage 1 - allocate and read raw FASTQ blocks             24.398 s
    stage 2 - align reads and generate SAM records          172.527 s
    stage 3 - write SAM and release batch data                7.587 s
      SAM output writes                                         6.431 s
      batch cleanup and loop overhead (derived)                 1.156 s

  Stage 1 input details
    batches completed / stage calls                      47 / 48
    input-buffer and batch allocations                        0.000 s  (142 calls, max 0.000 s)
    aggregate requested allocation bytes           1278847256
    FASTQ fseeko calls                                        3.736 s  (94 calls, max 0.169 s)
    FASTQ fread calls                                        18.295 s  (94 calls, max 0.869 s)
    align chunk ends to FASTQ record boundaries               0.000 s  (0 calls, max 0.000 s)
    scheduler, checks and bookkeeping (derived)               2.368 s
    raw FASTQ bytes read                           1278747928  (1219.509 MiB)
    effective fread bandwidth                         66.659 MiB/s
    slowest allocation                                 0.000 s  (4916324 bytes)
    slowest fread                                      0.869 s  (R1 offset=58982756, bytes=19660664)

  Stage 2 worker details
    total - active merge worker                             172.507 s
      part 1 - prepare CPE task and reusable buffers            0.558 s
      part 2 - CPE FASTQ formatting and input release           0.520 s
      part 3 - CPE alignment and SAM length pass              170.555 s
      part 4 - assign slices in the shared SAM buffer           0.246 s
      part 5 - CPE SAM record generation                        0.610 s
      part 6 - release temporary worker data                    0.001 s

  Reserved allocator timers (no active timing sites)
    malloc timer                                              0.000 s
    free timer                                                0.000 s
===================================================================


======================= SWBWA Timing Report =======================
  MPI rank: 000004 / 000024
  Accumulated wall-clock time; indented rows are included in
  their parent row and must not be added to it.

  Pipeline
    total - complete three-stage pipeline                   204.697 s
    stage 1 - allocate and read raw FASTQ blocks             28.314 s
    stage 2 - align reads and generate SAM records          167.887 s
    stage 3 - write SAM and release batch data                7.762 s
      SAM output writes                                         6.546 s
      batch cleanup and loop overhead (derived)                 1.216 s

  Stage 1 input details
    batches completed / stage calls                      46 / 47
    input-buffer and batch allocations                        0.000 s  (139 calls, max 0.000 s)

======================= SWBWA Timing Report =======================
  MPI rank: 000006 / 000024
  Accumulated wall-clock time; indented rows are included in
  their parent row and must not be added to it.

  Pipeline
    total - complete three-stage pipeline                   204.695 s
    stage 1 - allocate and read raw FASTQ blocks             30.480 s
    stage 2 - align reads and generate SAM records          165.745 s
    stage 3 - write SAM and release batch data                7.831 s
      SAM output writes                                         6.603 s
      batch cleanup and loop overhead (derived)                 1.228 s

  Stage 1 input details
    batches completed / stage calls                      42 / 43
    input-buffer and batch allocations                        0.000 s  (127 calls, max 0.000 s)
    aggregate requested allocation bytes           1253463864
    FASTQ fseeko calls                                        5.829 s  (84 calls, max 0.578 s)
    FASTQ fread calls                                        22.382 s  (84 calls, max 1.149 s)
    align chunk ends to FASTQ record boundaries               0.000 s  (0 calls, max 0.000 s)
    scheduler, checks and bookkeeping (derived)               2.268 s
    raw FASTQ bytes read                           1253375096  (1195.312 MiB)
    effective fread bandwidth                         53.405 MiB/s
    slowest allocation                                 0.000 s  (19661844 bytes)
    slowest fread                                      1.149 s  (R2 offset=117965124, bytes=19660664)

  Stage 2 worker details
    total - active merge worker                             165.728 s
      part 1 - prepare CPE task and reusable buffers            0.527 s
      part 2 - CPE FASTQ formatting and input release           0.472 s
      part 3 - CPE alignment and SAM length pass              163.894 s
      part 4 - assign slices in the shared SAM buffer           0.244 s
      part 5 - CPE SAM record generation                        0.573 s
      part 6 - release temporary worker data                    0.002 s

  Reserved allocator timers (no active timing sites)
    malloc timer                                              0.000 s
    free timer                                                0.000 s
===================================================================


======================= SWBWA Timing Report =======================
  MPI rank: 000007 / 000024
  Accumulated wall-clock time; indented rows are included in
  their parent row and must not be added to it.

  Pipeline
    total - complete three-stage pipeline                   204.690 s
    stage 1 - allocate and read raw FASTQ blocks             30.069 s
    stage 2 - align reads and generate SAM records          167.026 s
    stage 3 - write SAM and release batch data                7.539 s
      SAM output writes                                         6.380 s
      batch cleanup and loop overhead (derived)                 1.159 s

  Stage 1 input details
    batches completed / stage calls                      46 / 47
    input-buffer and batch allocations                        0.000 s  (139 calls, max 0.000 s)
    aggregate requested allocation bytes           1255927880
    FASTQ fseeko calls                                        5.325 s  (92 calls, max 0.235 s)
    FASTQ fread calls                                        23.004 s  (92 calls, max 1.128 s)
    align chunk ends to FASTQ record boundaries               0.000 s  (0 calls, max 0.000 s)
    scheduler, checks and bookkeeping (derived)               1.739 s
    raw FASTQ bytes read                           1255830664  (1197.653 MiB)
    effective fread bandwidth                         52.063 MiB/s
    slowest allocation                                 0.000 s  (4916324 bytes)
    slowest fread                                      1.128 s  (R2 offset=137625788, bytes=19660664)

  Stage 2 worker details
    total - active merge worker                             167.009 s
      part 1 - prepare CPE task and reusable buffers            0.549 s
      part 2 - CPE FASTQ formatting and input release           0.509 s
      part 3 - CPE alignment and SAM length pass              165.079 s
      part 4 - assign slices in the shared SAM buffer           0.245 s
      part 5 - CPE SAM record generation                        0.609 s
      part 6 - release temporary worker data                    0.002 s

  Reserved allocator timers (no active timing sites)
    malloc timer                                              0.000 s
    free timer                                                0.000 s
===================================================================


======================= SWBWA Timing Report =======================
  MPI rank: 000008 / 000024
  Accumulated wall-clock time; indented rows are included in
  their parent row and must not be added to it.

  Pipeline
    total - complete three-stage pipeline                   204.690 s
    stage 1 - allocate and read raw FASTQ blocks             28.051 s
    stage 2 - align reads and generate SAM records          168.772 s

======================= SWBWA Timing Report =======================
  MPI rank: 000012 / 000024
  Accumulated wall-clock time; indented rows are included in
  their parent row and must not be added to it.

  Pipeline
    total - complete three-stage pipeline                   204.696 s
    stage 1 - allocate and read raw FASTQ blocks             25.525 s
    stage 2 - align reads and generate SAM records          170.463 s
    stage 3 - write SAM and release batch data                7.992 s
      SAM output writes                                         6.735 s
      batch cleanup and loop overhead (derived)                 1.256 s

  Stage 1 input details
    batches completed / stage calls                      49 / 50
    input-buffer and batch allocations                        0.000 s  (148 calls, max 0.000 s)
    aggregate requested allocation bytes           1270683088
    FASTQ fseeko calls                                        5.726 s  (98 calls, max 0.395 s)
    FASTQ fread calls                                        17.160 s  (98 calls, max 0.942 s)
    align chunk ends to FASTQ record boundaries               0.000 s  (0 calls, max 0.000 s)
    scheduler, checks and bookkeeping (derived)               2.638 s
    raw FASTQ bytes read                           1270579536  (1211.719 MiB)

======================= SWBWA Timing Report =======================
  MPI rank: 000009 / 000024
  Accumulated wall-clock time; indented rows are included in
  their parent row and must not be added to it.

  Pipeline
    total - complete three-stage pipeline                   204.689 s
    stage 1 - allocate and read raw FASTQ blocks             29.340 s
    stage 2 - align reads and generate SAM records          167.395 s
    stage 3 - write SAM and release batch data                7.713 s
      SAM output writes                                         6.531 s
      batch cleanup and loop overhead (derived)                 1.182 s

  Stage 1 input details
    batches completed / stage calls                      44 / 45
    input-buffer and batch allocations                        0.000 s  (133 calls, max 0.000 s)
    aggregate requested allocation bytes           1265757288
    FASTQ fseeko calls                                        3.359 s  (88 calls, max 0.290 s)
    FASTQ fread calls                                        24.231 s  (88 calls, max 1.124 s)
    align chunk ends to FASTQ record boundaries               0.000 s  (0 calls, max 0.000 s)
    scheduler, checks and bookkeeping (derived)               1.751 s
    raw FASTQ bytes read                           1265664296  (1207.032 MiB)
    effective fread bandwidth                         49.814 MiB/s
    slowest allocation                                 0.000 s  (19661844 bytes)
    slowest fread                                      1.124 s  (R2 offset=176947492, bytes=19660664)

  Stage 2 worker details
    total - active merge worker                             167.380 s
      part 1 - prepare CPE task and reusable buffers            0.517 s
      part 2 - CPE FASTQ formatting and input release           0.493 s
      part 3 - CPE alignment and SAM length pass              165.541 s
      part 4 - assign slices in the shared SAM buffer           0.242 s
      part 5 - CPE SAM record generation                        0.566 s
      part 6 - release temporary worker data                    0.001 s

  Reserved allocator timers (no active timing sites)
    malloc timer                                              0.000 s
    free timer                                                0.000 s
===================================================================


======================= SWBWA Timing Report =======================
  MPI rank: 000010 / 000024
  Accumulated wall-clock time; indented rows are included in
  their parent row and must not be added to it.

  Pipeline
    total - complete three-stage pipeline                   204.689 s
    stage 1 - allocate and read raw FASTQ blocks             27.648 s
    stage 2 - align reads and generate SAM records          168.845 s
    stage 3 - write SAM and release batch data                8.019 s
      SAM output writes                                         6.782 s
      batch cleanup and loop overhead (derived)                 1.237 s

  Stage 1 input details
    batches completed / stage calls                      44 / 45
    input-buffer and batch allocations                        0.000 s  (133 calls, max 0.000 s)
    aggregate requested allocation bytes           1265755392
    FASTQ fseeko calls                                        2.431 s  (88 calls, max 0.212 s)
    FASTQ fread calls                                        23.438 s  (88 calls, max 1.097 s)
    align chunk ends to FASTQ record boundaries               0.000 s  (0 calls, max 0.000 s)
    scheduler, checks and bookkeeping (derived)               1.779 s
    raw FASTQ bytes read                           1265662400  (1207.030 MiB)
    effective fread bandwidth                         51.500 MiB/s
    slowest allocation                                 0.000 s  (19661844 bytes)
    slowest fread                                      1.097 s  (R2 offset=196608156, bytes=19660664)

  Stage 2 worker details
    total - active merge worker                             168.826 s
      part 1 - prepare CPE task and reusable buffers            0.543 s
      part 2 - CPE FASTQ formatting and input release           0.498 s
      part 3 - CPE alignment and SAM length pass              167.004 s
      part 4 - assign slices in the shared SAM buffer           0.240 s
      part 5 - CPE SAM record generation                        0.520 s
      part 6 - release temporary worker data                    0.001 s

  Reserved allocator timers (no active timing sites)
    malloc timer                                              0.000 s
    free timer                                                0.000 s
===================================================================


======================= SWBWA Timing Report =======================
  MPI rank: 000011 / 000024
  Accumulated wall-clock time; indented rows are included in
  their parent row and must not be added to it.

  Pipeline
    total - complete three-stage pipeline                   204.692 s
    stage 1 - allocate and read raw FASTQ blocks             33.605 s
    stage 2 - align reads and generate SAM records          163.370 s
    stage 3 - write SAM and release batch data                7.424 s
      SAM output writes                                         6.259 s
      batch cleanup and loop overhead (derived)                 1.165 s

  Stage 1 input details
    batches completed / stage calls                      43 / 44
    input-buffer and batch allocations                        0.000 s  (130 calls, max 0.000 s)
    aggregate requested allocation bytes           1226433448
    FASTQ fseeko calls                                        4.348 s  (86 calls, max 0.465 s)
    FASTQ fread calls                                        27.301 s  (86 calls, max 1.123 s)
    align chunk ends to FASTQ record boundaries               0.000 s  (0 calls, max 0.000 s)
    scheduler, checks and bookkeeping (derived)               1.956 s
    raw FASTQ bytes read                           1226342568  (1169.531 MiB)
    effective fread bandwidth                         42.838 MiB/s
    slowest allocation                                 0.000 s  (19662064 bytes)
    slowest fread                                      1.123 s  (R1 offset=216268820, bytes=19661040)

  Stage 2 worker details
    total - active merge worker                             163.350 s
      part 1 - prepare CPE task and reusable buffers            0.499 s
      part 2 - CPE FASTQ formatting and input release           0.479 s
      part 3 - CPE alignment and SAM length pass              161.546 s
      part 4 - assign slices in the shared SAM buffer           0.238 s
      part 5 - CPE SAM record generation                        0.567 s
      part 6 - release temporary worker data                    0.001 s

  Reserved allocator timers (no active timing sites)
    malloc timer                                              0.000 s
    free timer                                                0.000 s
===================================================================

    stage 3 - write SAM and release batch data                7.812 s
      SAM output writes                                         6.614 s
      batch cleanup and loop overhead (derived)                 1.198 s

  Stage 1 input details
    batches completed / stage calls                      46 / 47
    input-buffer and batch allocations                        0.000 s  (139 calls, max 0.000 s)
    aggregate requested allocation bytes           1270677184
    FASTQ fseeko calls                                        5.306 s  (92 calls, max 0.312 s)
    FASTQ fread calls                                        21.557 s  (92 calls, max 1.236 s)
    align chunk ends to FASTQ record boundaries               0.000 s  (0 calls, max 0.000 s)
    scheduler, checks and bookkeeping (derived)               1.187 s
    raw FASTQ bytes read                           1270579968  (1211.719 MiB)
    effective fread bandwidth                         56.209 MiB/s
    slowest allocation                                 0.000 s  (19661844 bytes)
    slowest fread                                      1.236 s  (R2 offset=157286452, bytes=19661040)

  Stage 2 worker details
    total - active merge worker                             168.753 s
      part 1 - prepare CPE task and reusable buffers            0.575 s
      part 2 - CPE FASTQ formatting and input release           0.504 s
      part 3 - CPE alignment and SAM length pass              166.809 s
      part 4 - assign slices in the shared SAM buffer           0.256 s
      part 5 - CPE SAM record generation                        0.589 s
      part 6 - release temporary worker data                    0.001 s

  Reserved allocator timers (no active timing sites)
    malloc timer                                              0.000 s
    free timer                                                0.000 s
===================================================================

    aggregate requested allocation bytes           1263302408
    FASTQ fseeko calls                                        2.749 s  (92 calls, max 0.204 s)
    FASTQ fread calls                                        23.646 s  (92 calls, max 1.040 s)
    align chunk ends to FASTQ record boundaries               0.000 s  (0 calls, max 0.000 s)
    scheduler, checks and bookkeeping (derived)               1.918 s
    raw FASTQ bytes read                           1263205192  (1204.686 MiB)
    effective fread bandwidth                         50.947 MiB/s
    slowest allocation                                 0.000 s  (1229564 bytes)
    slowest fread                                      1.040 s  (R2 offset=5976883332, bytes=19660820)

  Stage 2 worker details
    total - active merge worker                             167.873 s
      part 1 - prepare CPE task and reusable buffers            0.534 s
      part 2 - CPE FASTQ formatting and input release           0.516 s
      part 3 - CPE alignment and SAM length pass              166.029 s
      part 4 - assign slices in the shared SAM buffer           0.243 s
      part 5 - CPE SAM record generation                        0.536 s
      part 6 - release temporary worker data                    0.001 s

  Reserved allocator timers (no active timing sites)
    malloc timer                                              0.000 s
    free timer                                                0.000 s
===================================================================


======================= SWBWA Timing Report =======================
  MPI rank: 000005 / 000024
  Accumulated wall-clock time; indented rows are included in
  their parent row and must not be added to it.

  Pipeline
    total - complete three-stage pipeline                   204.692 s
    stage 1 - allocate and read raw FASTQ blocks             29.429 s
    stage 2 - align reads and generate SAM records          167.183 s
    stage 3 - write SAM and release batch data                7.900 s
      SAM output writes                                         6.672 s
      batch cleanup and loop overhead (derived)                 1.228 s

  Stage 1 input details
    batches completed / stage calls                      45 / 46
    input-buffer and batch allocations                        0.000 s  (136 calls, max 0.000 s)
    aggregate requested allocation bytes           1246100616
    FASTQ fseeko calls                                        3.459 s  (90 calls, max 0.160 s)
    FASTQ fread calls                                        23.711 s  (90 calls, max 1.285 s)
    align chunk ends to FASTQ record boundaries               0.000 s  (0 calls, max 0.000 s)
    scheduler, checks and bookkeeping (derived)               2.258 s
    raw FASTQ bytes read                           1246005512  (1188.283 MiB)
    effective fread bandwidth                         50.114 MiB/s
    slowest allocation                                 0.000 s  (19661844 bytes)
    slowest fread                                      1.285 s  (R2 offset=5996544152, bytes=19660820)

  Stage 2 worker details
    total - active merge worker                             167.165 s
      part 1 - prepare CPE task and reusable buffers            0.538 s
      part 2 - CPE FASTQ formatting and input release           0.504 s
      part 3 - CPE alignment and SAM length pass              165.309 s
      part 4 - assign slices in the shared SAM buffer           0.241 s
      part 5 - CPE SAM record generation                        0.554 s
      part 6 - release temporary worker data                    0.001 s

  Reserved allocator timers (no active timing sites)
    malloc timer                                              0.000 s
    free timer                                                0.000 s
===================================================================


======================= SWBWA Timing Report =======================
  MPI rank: 000018 / 000024
  Accumulated wall-clock time; indented rows are included in
  their parent row and must not be added to it.

  Pipeline
    total - complete three-stage pipeline                   204.691 s
    stage 1 - allocate and read raw FASTQ blocks             26.901 s
    stage 2 - align reads and generate SAM records          168.866 s
    effective fread bandwidth                         70.613 MiB/s
    stage 3 - write SAM and release batch data                8.745 s
      SAM output writes                                         7.364 s
      batch cleanup and loop overhead (derived)                 1.381 s

  Stage 1 input details
    batches completed / stage calls                      51 / 52
    input-buffer and batch allocations                        0.001 s  (154 calls, max 0.000 s)
    aggregate requested allocation bytes           1246110184
    FASTQ fseeko calls                                        6.749 s  (102 calls, max 0.459 s)
    FASTQ fread calls                                        17.546 s  (102 calls, max 0.782 s)
    align chunk ends to FASTQ record boundaries               0.000 s  (0 calls, max 0.000 s)
    scheduler, checks and bookkeeping (derived)               2.606 s
    raw FASTQ bytes read                           1246002408  (1188.280 MiB)
    effective fread bandwidth                         67.722 MiB/s
    slowest allocation                                 0.000 s  (1229944 bytes)
    slowest fread                                      0.782 s  (R2 offset=353894596, bytes=19660664)

  Stage 2 worker details
    total - active merge worker                             168.855 s
      part 1 - prepare CPE task and reusable buffers            0.631 s
      part 2 - CPE FASTQ formatting and input release           0.518 s
      part 3 - CPE alignment and SAM length pass              166.832 s
      part 4 - assign slices in the shared SAM buffer           0.237 s
      part 5 - CPE SAM record generation                        0.625 s
      part 6 - release temporary worker data                    0.001 s

  Reserved allocator timers (no active timing sites)
    malloc timer                                              0.000 s
    free timer                                                0.000 s
===================================================================


======================= SWBWA Timing Report =======================
  MPI rank: 000019 / 000024
  Accumulated wall-clock time; indented rows are included in
  their parent row and must not be added to it.

  Pipeline
    total - complete three-stage pipeline                   204.690 s
    stage 1 - allocate and read raw FASTQ blocks             26.144 s
    stage 2 - align reads and generate SAM records          170.849 s
    stage 3 - write SAM and release batch data                7.520 s
      SAM output writes                                         6.356 s
      batch cleanup and loop overhead (derived)                 1.164 s

  Stage 1 input details
    batches completed / stage calls                      53 / 54
    input-buffer and batch allocations                        0.001 s  (160 calls, max 0.000 s)
    aggregate requested allocation bytes           1265777816
    FASTQ fseeko calls                                        4.598 s  (106 calls, max 0.170 s)
    FASTQ fread calls                                        18.876 s  (106 calls, max 0.863 s)
    align chunk ends to FASTQ record boundaries               0.000 s  (0 calls, max 0.000 s)
    scheduler, checks and bookkeeping (derived)               2.669 s
    raw FASTQ bytes read                           1265665816  (1207.033 MiB)
    effective fread bandwidth                         63.944 MiB/s
    slowest allocation                                 0.000 s  (19661844 bytes)
    slowest fread                                      0.863 s  (R2 offset=4816896092, bytes=19660820)

  Stage 2 worker details
    total - active merge worker                             170.844 s
      part 1 - prepare CPE task and reusable buffers            0.618 s
      part 2 - CPE FASTQ formatting and input release           0.575 s
      part 3 - CPE alignment and SAM length pass              168.823 s
      part 4 - assign slices in the shared SAM buffer           0.245 s
      part 5 - CPE SAM record generation                        0.577 s
      part 6 - release temporary worker data                    0.001 s

  Reserved allocator timers (no active timing sites)
    malloc timer                                              0.000 s
    free timer                                                0.000 s
===================================================================


======================= SWBWA Timing Report =======================
  MPI rank: 000020 / 000024
  Accumulated wall-clock time; indented rows are included in
  their parent row and must not be added to it.

  Pipeline
    total - complete three-stage pipeline                   204.697 s
    stage 1 - allocate and read raw FASTQ blocks             25.998 s
    stage 2 - align reads and generate SAM records          170.623 s
    stage 3 - write SAM and release batch data                7.885 s
      SAM output writes                                         6.679 s
      batch cleanup and loop overhead (derived)                 1.206 s

  Stage 1 input details
    batches completed / stage calls                      51 / 52
    input-buffer and batch allocations                        0.000 s  (154 calls, max 0.000 s)
    aggregate requested allocation bytes           1268229152
    FASTQ fseeko calls                                        1.862 s  (102 calls, max 0.145 s)
    FASTQ fread calls                                        21.502 s  (102 calls, max 0.890 s)
    align chunk ends to FASTQ record boundaries               0.000 s  (0 calls, max 0.000 s)
    scheduler, checks and bookkeeping (derived)               2.633 s
    raw FASTQ bytes read                           1268121376  (1209.375 MiB)
    effective fread bandwidth                         56.244 MiB/s
    slowest allocation                                 0.000 s  (4916324 bytes)
    slowest fread                                      0.890 s  (R2 offset=4345037172, bytes=19660440)

  Stage 2 worker details
    total - active merge worker                             170.606 s
      part 1 - prepare CPE task and reusable buffers            0.647 s
      part 2 - CPE FASTQ formatting and input release           0.531 s
      part 3 - CPE alignment and SAM length pass              168.493 s
      part 4 - assign slices in the shared SAM buffer           0.267 s
      part 5 - CPE SAM record generation                        0.651 s
      part 6 - release temporary worker data                    0.002 s

  Reserved allocator timers (no active timing sites)
    malloc timer                                              0.000 s
    free timer                                                0.000 s
===================================================================


======================= SWBWA Timing Report =======================
  MPI rank: 000021 / 000024
  Accumulated wall-clock time; indented rows are included in
  their parent row and must not be added to it.

  Pipeline
    total - complete three-stage pipeline                   204.690 s
    stage 1 - allocate and read raw FASTQ blocks             27.883 s
    stage 2 - align reads and generate SAM records          168.988 s
    stage 3 - write SAM and release batch data                7.641 s
      SAM output writes                                         6.479 s
      batch cleanup and loop overhead (derived)                 1.162 s

  Stage 1 input details
    batches completed / stage calls                      50 / 51
    input-buffer and batch allocations                        0.000 s  (151 calls, max 0.000 s)
    aggregate requested allocation bytes           1265769200
    FASTQ fseeko calls                                        5.062 s  (100 calls, max 0.454 s)
    FASTQ fread calls                                        20.291 s  (100 calls, max 0.822 s)
    align chunk ends to FASTQ record boundaries               0.000 s  (0 calls, max 0.000 s)
    scheduler, checks and bookkeeping (derived)               2.530 s
    raw FASTQ bytes read                           1265663536  (1207.031 MiB)
    effective fread bandwidth                         59.487 MiB/s
    slowest allocation                                 0.000 s  (4915944 bytes)
    slowest fread                                      0.822 s  (R2 offset=4364697612, bytes=19660820)

  Stage 2 worker details
    total - active merge worker                             168.976 s
      part 1 - prepare CPE task and reusable buffers            0.611 s
      part 2 - CPE FASTQ formatting and input release           0.522 s
      part 3 - CPE alignment and SAM length pass              167.026 s
      part 4 - assign slices in the shared SAM buffer           0.239 s
      part 5 - CPE SAM record generation                        0.564 s
      part 6 - release temporary worker data                    0.001 s

  Reserved allocator timers (no active timing sites)
    malloc timer                                              0.000 s
    free timer                                                0.000 s
===================================================================


======================= SWBWA Timing Report =======================
  MPI rank: 000022 / 000024
  Accumulated wall-clock time; indented rows are included in
  their parent row and must not be added to it.

  Pipeline
    total - complete three-stage pipeline                   204.692 s
    stage 1 - allocate and read raw FASTQ blocks             24.298 s
    stage 2 - align reads and generate SAM records          172.126 s
    stage 3 - write SAM and release batch data                8.089 s
      SAM output writes                                         6.817 s
      batch cleanup and loop overhead (derived)                 1.272 s

  Stage 1 input details
    batches completed / stage calls                      50 / 51
    input-buffer and batch allocations                        0.000 s  (151 calls, max 0.000 s)
    aggregate requested allocation bytes           1295258464
    FASTQ fseeko calls                                        4.624 s  (100 calls, max 0.376 s)
    FASTQ fread calls                                        17.107 s  (100 calls, max 0.971 s)
    align chunk ends to FASTQ record boundaries               0.000 s  (0 calls, max 0.000 s)
    scheduler, checks and bookkeeping (derived)               2.566 s
    raw FASTQ bytes read                           1295152800  (1235.154 MiB)
    effective fread bandwidth                         72.204 MiB/s
    slowest allocation                                 0.000 s  (1229944 bytes)
    slowest fread                                      0.971 s  (R1 offset=5367398672, bytes=19660820)

  Stage 2 worker details
    total - active merge worker                             172.105 s
      part 1 - prepare CPE task and reusable buffers            0.580 s
      part 2 - CPE FASTQ formatting and input release           0.513 s
      part 3 - CPE alignment and SAM length pass              170.131 s
      part 4 - assign slices in the shared SAM buffer           0.249 s
      part 5 - CPE SAM record generation                        0.608 s
      part 6 - release temporary worker data                    0.001 s

  Reserved allocator timers (no active timing sites)
    malloc timer                                              0.000 s
    free timer                                                0.000 s
===================================================================


======================= SWBWA Timing Report =======================
  MPI rank: 000023 / 000024
  Accumulated wall-clock time; indented rows are included in
  their parent row and must not be added to it.

  Pipeline
    total - complete three-stage pipeline                   204.697 s
    stage 1 - allocate and read raw FASTQ blocks             26.826 s
    stage 2 - align reads and generate SAM records          169.818 s
    stage 3 - write SAM and release batch data                7.868 s
      SAM output writes                                         6.639 s
      batch cleanup and loop overhead (derived)                 1.230 s

  Stage 1 input details
    batches completed / stage calls                      51 / 52
    input-buffer and batch allocations                        0.000 s  (154 calls, max 0.000 s)
    aggregate requested allocation bytes           1275605264
    FASTQ fseeko calls                                        2.377 s  (102 calls, max 0.476 s)
    FASTQ fread calls                                        22.205 s  (102 calls, max 0.852 s)
    align chunk ends to FASTQ record boundaries               0.000 s  (0 calls, max 0.000 s)
    scheduler, checks and bookkeeping (derived)               2.244 s
    raw FASTQ bytes read                           1275497488  (1216.409 MiB)
    effective fread bandwidth                         54.781 MiB/s
    slowest allocation                                 0.000 s  (19661844 bytes)
    slowest fread                                      0.852 s  (R1 offset=471859364, bytes=19660820)

  Stage 2 worker details
    total - active merge worker                             169.798 s
      part 1 - prepare CPE task and reusable buffers            0.595 s
      part 2 - CPE FASTQ formatting and input release           0.544 s
      part 3 - CPE alignment and SAM length pass              167.784 s
      part 4 - assign slices in the shared SAM buffer           0.249 s
      part 5 - CPE SAM record generation                        0.605 s
      part 6 - release temporary worker data                    0.001 s

  Reserved allocator timers (no active timing sites)
    malloc timer                                              0.000 s
    free timer                                                0.000 s
===================================================================

    slowest allocation                                 0.000 s  (4916324 bytes)
    slowest fread                                      0.942 s  (R2 offset=4659609912, bytes=19660820)

  Stage 2 worker details
    total - active merge worker                             170.446 s
      part 1 - prepare CPE task and reusable buffers            0.660 s
      part 2 - CPE FASTQ formatting and input release           0.527 s
      part 3 - CPE alignment and SAM length pass              168.394 s
      part 4 - assign slices in the shared SAM buffer           0.247 s
      part 5 - CPE SAM record generation                        0.601 s
      part 6 - release temporary worker data                    0.002 s

  Reserved allocator timers (no active timing sites)
    malloc timer                                              0.000 s
    free timer                                                0.000 s
===================================================================


======================= SWBWA Timing Report =======================
  MPI rank: 000013 / 000024
  Accumulated wall-clock time; indented rows are included in
  their parent row and must not be added to it.

  Pipeline
    total - complete three-stage pipeline                   204.697 s
    stage 1 - allocate and read raw FASTQ blocks             27.965 s
    stage 2 - align reads and generate SAM records          168.735 s
    stage 3 - write SAM and release batch data                7.919 s
      SAM output writes                                         6.697 s
      batch cleanup and loop overhead (derived)                 1.222 s

  Stage 1 input details
    batches completed / stage calls                      50 / 51
    input-buffer and batch allocations                        0.000 s  (151 calls, max 0.000 s)
    aggregate requested allocation bytes           1273141952
    FASTQ fseeko calls                                        4.310 s  (100 calls, max 0.187 s)
    FASTQ fread calls                                        21.063 s  (100 calls, max 0.891 s)
    align chunk ends to FASTQ record boundaries               0.000 s  (0 calls, max 0.000 s)
    scheduler, checks and bookkeeping (derived)               2.592 s
    raw FASTQ bytes read                           1273036288  (1214.062 MiB)
    effective fread bandwidth                         57.639 MiB/s
    slowest allocation                                 0.000 s  (1229564 bytes)
    slowest fread                                      0.891 s  (R1 offset=4679270732, bytes=19660820)

  Stage 2 worker details
    total - active merge worker                             168.718 s
      part 1 - prepare CPE task and reusable buffers            0.600 s
      part 2 - CPE FASTQ formatting and input release           0.570 s
      part 3 - CPE alignment and SAM length pass              166.681 s
      part 4 - assign slices in the shared SAM buffer           0.248 s
      part 5 - CPE SAM record generation                        0.603 s
      part 6 - release temporary worker data                    0.001 s

  Reserved allocator timers (no active timing sites)
    malloc timer                                              0.000 s
    free timer                                                0.000 s
===================================================================


======================= SWBWA Timing Report =======================
  MPI rank: 000014 / 000024
  Accumulated wall-clock time; indented rows are included in
  their parent row and must not be added to it.

  Pipeline
    total - complete three-stage pipeline                   204.695 s
    stage 1 - allocate and read raw FASTQ blocks             26.864 s
    stage 2 - align reads and generate SAM records          169.350 s
    stage 3 - write SAM and release batch data                8.152 s
      SAM output writes                                         6.892 s
      batch cleanup and loop overhead (derived)                 1.260 s

  Stage 1 input details
    batches completed / stage calls                      50 / 51
    input-buffer and batch allocations                        0.000 s  (151 calls, max 0.000 s)
    aggregate requested allocation bytes           1273141208
    FASTQ fseeko calls                                        3.740 s  (100 calls, max 0.539 s)
    FASTQ fread calls                                        20.676 s  (100 calls, max 0.748 s)
    align chunk ends to FASTQ record boundaries               0.000 s  (0 calls, max 0.000 s)
    scheduler, checks and bookkeeping (derived)               2.447 s
    raw FASTQ bytes read                           1273035544  (1214.061 MiB)
    effective fread bandwidth                         58.719 MiB/s
    slowest allocation                                 0.000 s  (19661844 bytes)
    slowest fread                                      0.748 s  (R2 offset=5701632232, bytes=19660820)

  Stage 2 worker details
    total - active merge worker                             169.344 s
      part 1 - prepare CPE task and reusable buffers            0.622 s
      part 2 - CPE FASTQ formatting and input release           0.556 s
      part 3 - CPE alignment and SAM length pass              167.202 s
      part 4 - assign slices in the shared SAM buffer           0.263 s
      part 5 - CPE SAM record generation                        0.692 s
      part 6 - release temporary worker data                    0.001 s

  Reserved allocator timers (no active timing sites)
    malloc timer                                              0.000 s
    free timer                                                0.000 s
===================================================================


======================= SWBWA Timing Report =======================
  MPI rank: 000015 / 000024
  Accumulated wall-clock time; indented rows are included in
  their parent row and must not be added to it.

  Pipeline
    total - complete three-stage pipeline                   204.695 s
    stage 1 - allocate and read raw FASTQ blocks             25.767 s
    stage 2 - align reads and generate SAM records          170.659 s
    stage 3 - write SAM and release batch data                7.710 s
      SAM output writes                                         6.529 s
      batch cleanup and loop overhead (derived)                 1.181 s

  Stage 1 input details
    batches completed / stage calls                      50 / 51
    input-buffer and batch allocations                        0.000 s  (151 calls, max 0.000 s)
    aggregate requested allocation bytes           1273142720
    FASTQ fseeko calls                                        3.302 s  (100 calls, max 0.238 s)
    FASTQ fread calls                                        20.124 s  (100 calls, max 0.768 s)
    align chunk ends to FASTQ record boundaries               0.000 s  (0 calls, max 0.000 s)
    scheduler, checks and bookkeeping (derived)               2.341 s
    raw FASTQ bytes read                           1273037056  (1214.063 MiB)
    effective fread bandwidth                         60.328 MiB/s
    slowest allocation                                 0.000 s  (19661844 bytes)
    slowest fread                                      0.768 s  (R1 offset=294912228, bytes=19660664)

  Stage 2 worker details
    total - active merge worker                             170.644 s
      part 1 - prepare CPE task and reusable buffers            0.586 s
      part 2 - CPE FASTQ formatting and input release           0.564 s
      part 3 - CPE alignment and SAM length pass              168.626 s
      part 4 - assign slices in the shared SAM buffer           0.241 s
      part 5 - CPE SAM record generation                        0.614 s
      part 6 - release temporary worker data                    0.001 s

  Reserved allocator timers (no active timing sites)
    malloc timer                                              0.000 s
    free timer                                                0.000 s
===================================================================

[main] Version: 0.0.1
[main] CMD: ./SWBWA mem -v 4 -t 1 -1 -o /home/export/online1/mdt00/shisuan/swls-CFD/guoshi/ylf/SWBWA_dep_20260914/results/discard_B_01.sam -I 170,80,500,1 /home/export/online1/mdt00/shisuan/swls-CFD/guoshi/ylf/data/GRCh38.d1.vd1.fa /home/export/online1/mdt00/shisuan/swls-CFD/guoshi/ylf/data/bwa_test_big_data/big4_SRR7963242_1.fastq /home/export/online1/mdt00/shisuan/swls-CFD/guoshi/ylf/data/bwa_test_big_data/big4_SRR7963242_2.fastq

======================= SWBWA Timing Report =======================
  MPI rank: 000016 / 000024
  Accumulated wall-clock time; indented rows are included in
  their parent row and must not be added to it.

  Pipeline
    total - complete three-stage pipeline                   204.696 s
    stage 1 - allocate and read raw FASTQ blocks             24.066 s
    stage 2 - align reads and generate SAM records          172.811 s
    stage 3 - write SAM and release batch data                7.758 s
      SAM output writes                                         6.551 s
      batch cleanup and loop overhead (derived)                 1.207 s

  Stage 1 input details
    batches completed / stage calls                      51 / 52
    input-buffer and batch allocations                        0.000 s  (154 calls, max 0.000 s)
    aggregate requested allocation bytes           1305094472
    FASTQ fseeko calls                                        4.309 s  (102 calls, max 0.301 s)
    FASTQ fread calls                                        17.405 s  (102 calls, max 0.661 s)
    align chunk ends to FASTQ record boundaries               0.000 s  (0 calls, max 0.000 s)
    scheduler, checks and bookkeeping (derived)               2.351 s
    raw FASTQ bytes read                           1304986696  (1244.532 MiB)
    effective fread bandwidth                         71.503 MiB/s
    slowest allocation                                 0.000 s  (19662064 bytes)
    slowest fread                                      0.661 s  (R1 offset=314572892, bytes=19661040)

  Stage 2 worker details
    total - active merge worker                             172.788 s
      part 1 - prepare CPE task and reusable buffers            0.590 s
      part 2 - CPE FASTQ formatting and input release           0.570 s
      part 3 - CPE alignment and SAM length pass              170.712 s
      part 4 - assign slices in the shared SAM buffer           0.255 s
      part 5 - CPE SAM record generation                        0.638 s
      part 6 - release temporary worker data                    0.001 s

  Reserved allocator timers (no active timing sites)
    malloc timer                                              0.000 s
    free timer                                                0.000 s
===================================================================


======================= SWBWA Timing Report =======================
  MPI rank: 000017 / 000024
  Accumulated wall-clock time; indented rows are included in
  their parent row and must not be added to it.

  Pipeline
    total - complete three-stage pipeline                   204.697 s
    stage 1 - allocate and read raw FASTQ blocks             28.282 s
    stage 2 - align reads and generate SAM records          168.310 s
    stage 3 - write SAM and release batch data                7.920 s
      SAM output writes                                         6.675 s
      batch cleanup and loop overhead (derived)                 1.245 s

  Stage 1 input details
    batches completed / stage calls                      51 / 52
    input-buffer and batch allocations                        0.000 s  (154 calls, max 0.000 s)
    aggregate requested allocation bytes           1246112928
    FASTQ fseeko calls                                        3.799 s  (102 calls, max 0.159 s)
    FASTQ fread calls                                        21.889 s  (102 calls, max 1.075 s)
    align chunk ends to FASTQ record boundaries               0.000 s  (0 calls, max 0.000 s)
    scheduler, checks and bookkeeping (derived)               2.593 s
    raw FASTQ bytes read                           1246005152  (1188.283 MiB)
    effective fread bandwidth                         54.286 MiB/s
    slowest allocation                                 0.000 s  (19661844 bytes)
    slowest fread                                      1.075 s  (R1 offset=4286054712, bytes=19660820)

  Stage 2 worker details
    total - active merge worker                             168.293 s
      part 1 - prepare CPE task and reusable buffers            0.597 s
      part 2 - CPE FASTQ formatting and input release           0.519 s
      part 3 - CPE alignment and SAM length pass              166.321 s
      part 4 - assign slices in the shared SAM buffer           0.236 s
      part 5 - CPE SAM record generation                        0.603 s
      part 6 - release temporary worker data                    0.001 s

  Reserved allocator timers (no active timing sites)
    malloc timer                                              0.000 s
    free timer                                                0.000 s
===================================================================

