[M::main_mem] mean insert size: 170.000, stddev: 80.000, max: 500, min: 1
[MPI input] mode=dynamic chunks=1154 bytes_per_cg=19660800 cg_count=1 chunk_bytes=19660800 micro_chunk_bytes=4915200 fine_chunk_bytes=1228800 tail_percent=10 fine_tail_waves=2 file_bytes=15182222352 scheduler=distributed read_index=exact
malloc bwt->bwt 3107576584, 0x500008804020
malloc bwt->bwt 3107576584, 0x500008804020
malloc bwt->bwt 3107576584, 0x500008804020
malloc bwt->bwt 3107576584, 0x500008804020
malloc bwt->bwt 3107576584, 0x500008804020
malloc bwt->bwt 3107576584, 0x500008804020
malloc bwt->bwt 3107576584, 0x500008804020
malloc bwt->bwt 3107576584, 0x500008804020
malloc bwt->bwt 3107576584, 0x500008804020
malloc bwt->bwt 3107576584, 0x500008804020
malloc bwt->bwt 3107576584, 0x500008804020
malloc bwt->bwt 3107576584, 0x500008804020
malloc bwt->bwt 3107576584, 0x500008804020
malloc bwt->bwt 3107576584, 0x500008804020
malloc bwt->bwt 3107576584, 0x500008804020
malloc bwt->bwt 3107576584, 0x500008804020
malloc bwt->bwt 3107576584, 0x500008804020
malloc bwt->bwt 3107576584, 0x500008804020
malloc bwt->bwt 3107576584, 0x500008804020
malloc bwt->bwt 3107576584, 0x500008804020
malloc bwt->bwt 3107576584, 0x500008804020
malloc bwt->bwt 3107576584, 0x500008804020
malloc bwt->bwt 3107576584, 0x500008804020
malloc bwt->bwt 3107576584, 0x500008804020
malloc bwt->sa 1553788264, 0x5000c1ba1b40
malloc bwt->sa 1553788264, 0x5000c1ba1b40
malloc bwt->sa 1553788264, 0x5000c1ba1b40
malloc bwt->sa 1553788264, 0x5000c1ba1b40
malloc bwt->sa 1553788264, 0x5000c1ba1b40
malloc bwt->sa 1553788264, 0x5000c1ba1b40
malloc bwt->sa 1553788264, 0x5000c1ba1b40
malloc bwt->sa 1553788264, 0x5000c1ba1b40
malloc bwt->sa 1553788264, 0x5000c1ba1b40
malloc bwt->sa 1553788264, 0x5000c1ba1b40
malloc bwt->sa 1553788264, 0x5000c1ba1b40
malloc bwt->sa 1553788264, 0x5000c1ba1b40
malloc bwt->sa 1553788264, 0x5000c1ba1b40
malloc bwt->sa 1553788264, 0x5000c1ba1b40
malloc bwt->sa 1553788264, 0x5000c1ba1b40
malloc bwt->sa 1553788264, 0x5000c1ba1b40
malloc bwt->sa 1553788264, 0x5000c1ba1b40
malloc bwt->sa 1553788264, 0x5000c1ba1b40
malloc bwt->sa 1553788264, 0x5000c1ba1b40
malloc bwt->sa 1553788264, 0x5000c1ba1b40
malloc bwt->sa 1553788264, 0x5000c1ba1b40
malloc bwt->sa 1553788264, 0x5000c1ba1b40
malloc bwt->sa 1553788264, 0x5000c1ba1b40
malloc bwt->sa 1553788264, 0x5000c1ba1b40
[M::bwa_idx_load_from_disk] read 0 ALT contigs
[M::bwa_idx_load_from_disk] read 0 ALT contigs
[M::bwa_idx_load_from_disk] read 0 ALT contigs
[M::bwa_idx_load_from_disk] read 0 ALT contigs
[M::bwa_idx_load_from_disk] read 0 ALT contigs
[M::bwa_idx_load_from_disk] read 0 ALT contigs
[M::bwa_idx_load_from_disk] read 0 ALT contigs
[M::bwa_idx_load_from_disk] read 0 ALT contigs
[M::bwa_idx_load_from_disk] read 0 ALT contigs
[M::bwa_idx_load_from_disk] read 0 ALT contigs
[M::bwa_idx_load_from_disk] read 0 ALT contigs
[M::bwa_idx_load_from_disk] read 0 ALT contigs
[M::bwa_idx_load_from_disk] read 0 ALT contigs
[M::bwa_idx_load_from_disk] read 0 ALT contigs
[M::bwa_idx_load_from_disk] read 0 ALT contigs
[M::bwa_idx_load_from_disk] read 0 ALT contigs
[M::bwa_idx_load_from_disk] read 0 ALT contigs
[M::bwa_idx_load_from_disk] read 0 ALT contigs
malloc pac 776894131, 0x50011e5708c0
malloc pac 776894131, 0x50011e5708c0
malloc pac 776894131, 0x50011e5708c0
malloc pac 776894131, 0x50011e5708c0
malloc pac 776894131, 0x50011e5708c0
malloc pac 776894131, 0x50011e5708c0
malloc pac 776894131, 0x50011e5708c0
malloc pac 776894131, 0x50011e5708c0
malloc pac 776894131, 0x50011e5708c0
malloc pac 776894131, 0x50011e5708c0
malloc pac 776894131, 0x50011e5708c0
malloc pac 776894131, 0x50011e5708c0
malloc pac 776894131, 0x50011e5708c0
malloc pac 776894131, 0x50011e5708c0
malloc pac 776894131, 0x50011e5708c0
malloc pac 776894131, 0x50011e5708c0
malloc pac 776894131, 0x50011e5708c0
malloc pac 776894131, 0x50011e5708c0
[M::bwa_idx_load_from_disk] read 0 ALT contigs
[M::bwa_idx_load_from_disk] read 0 ALT contigs
[M::bwa_idx_load_from_disk] read 0 ALT contigs
[M::bwa_idx_load_from_disk] read 0 ALT contigs
[M::bwa_idx_load_from_disk] read 0 ALT contigs
[M::bwa_idx_load_from_disk] read 0 ALT contigs
malloc pac 776894131, 0x50011e5708c0
malloc pac 776894131, 0x50011e5708c0
malloc pac 776894131, 0x50011e5708c0
malloc pac 776894131, 0x50011e5708c0
malloc pac 776894131, 0x50011e5708c0
malloc pac 776894131, 0x50011e5708c0
[MPI rank 000020/000024] output: (discard)
[MPI rank 000018/000024] output: (discard)
[MPI rank 000021/000024] output: (discard)
[MPI rank 000022/000024] output: (discard)
[MPI rank 000023/000024] output: (discard)
[MPI rank 000019/000024] output: (discard)
[MPI rank 000016/000024] output: (discard)
[MPI rank 000012/000024] output: (discard)
[MPI rank 000013/000024] output: (discard)
[MPI rank 000015/000024] output: (discard)
[MPI rank 000017/000024] output: (discard)
[MPI rank 000014/000024] output: (discard)
[MPI rank 000006/000024] output: (discard)
[MPI rank 000009/000024] output: (discard)
[MPI rank 000010/000024] output: (discard)
[MPI rank 000008/000024] output: (discard)
[MPI rank 000011/000024] output: (discard)
[MPI rank 000007/000024] output: (discard)
the input file is /home/export/online1/mdt00/shisuan/swls-CFD/guoshi/ylf/data/bwa_test_big_data/big4_SRR7963242_1.fastq
the input file is /home/export/online1/mdt00/shisuan/swls-CFD/guoshi/ylf/data/bwa_test_big_data/big4_SRR7963242_2.fastq
[MPI rank 000002/000024] output: (discard)
[MPI rank 000000/000024] output: (discard)
[MPI rank 000003/000024] output: (discard)
[MPI rank 000005/000024] output: (discard)
[MPI rank 000004/000024] output: (discard)
[MPI rank 000001/000024] output: (discard)
[M::process] read chunk (19660800 bytes/CG x 1 CGs, 19661160 bytes)...
[M::process] read chunk (19660800 bytes/CG x 1 CGs, 19660556 bytes)...
[M::process] read chunk (19660800 bytes/CG x 1 CGs, 19661040 bytes)...
[M::process] read chunk (19660800 bytes/CG x 1 CGs, 19660664 bytes)...
[M::process] read chunk (19660800 bytes/CG x 1 CGs, 19660664 bytes)...
[M::process] read chunk (19660800 bytes/CG x 1 CGs, 19661040 bytes)...
[M::process] read chunk (19660800 bytes/CG x 1 CGs, 19660664 bytes)...
[M::process] read chunk (19660800 bytes/CG x 1 CGs, 19660664 bytes)...
[M::process] read chunk (19660800 bytes/CG x 1 CGs, 19661040 bytes)...
[M::process] read chunk (19660800 bytes/CG x 1 CGs, 19660664 bytes)...
[M::process] read chunk (19660800 bytes/CG x 1 CGs, 19660664 bytes)...
[M::process] read chunk (19660800 bytes/CG x 1 CGs, 19661040 bytes)...
[M::process] read chunk (19660800 bytes/CG x 1 CGs, 19660664 bytes)...
[M::process] read chunk (19660800 bytes/CG x 1 CGs, 19661040 bytes)...
[M::process] read chunk (19660800 bytes/CG x 1 CGs, 19660664 bytes)...
[M::process] read chunk (19660800 bytes/CG x 1 CGs, 19660664 bytes)...
[M::process] read chunk (19660800 bytes/CG x 1 CGs, 19661040 bytes)...
[M::process] read chunk (19660800 bytes/CG x 1 CGs, 19660664 bytes)...
[M::process] read chunk (19660800 bytes/CG x 1 CGs, 19660664 bytes)...
[M::process] read chunk (19660800 bytes/CG x 1 CGs, 19660824 bytes)...
[M::process] read chunk (19660800 bytes/CG x 1 CGs, 19660820 bytes)...
[M::process] read chunk (19660800 bytes/CG x 1 CGs, 19660820 bytes)...
[M::process] read chunk (19660800 bytes/CG x 1 CGs, 19660820 bytes)...
[M::process] read chunk (19660800 bytes/CG x 1 CGs, 19660820 bytes)...
[DBG stage1] slow fread: R1 offset=216268820 requested=19661040 read=19661040 elapsed=1.023 s
[M::mem_process_seqs_merge2] CPE FASTQ formatting done
[M::mem_process_seqs_merge2] CPE FASTQ formatting done
[M::mem_process_seqs_merge2] CPE FASTQ formatting done
[M::mem_process_seqs_merge2] CPE FASTQ formatting done
[M::mem_process_seqs_merge2] CPE FASTQ formatting done
[M::mem_process_seqs_merge2] CPE FASTQ formatting done
[M::mem_process_seqs_merge2] CPE FASTQ formatting done
[M::mem_process_seqs_merge2] CPE FASTQ formatting done
[M::mem_process_seqs_merge2] CPE FASTQ formatting done
[M::mem_process_seqs_merge2] CPE FASTQ formatting done
[M::mem_process_seqs_merge2] CPE FASTQ formatting done
[M::mem_process_seqs_merge2] CPE FASTQ formatting done
[M::mem_process_seqs_merge2] CPE FASTQ formatting done
[M::mem_process_seqs_merge2] CPE FASTQ formatting done
[M::mem_process_seqs_merge2] CPE FASTQ formatting done
[M::mem_process_seqs_merge2] CPE FASTQ formatting done
[M::mem_process_seqs_merge2] CPE FASTQ formatting done
[M::mem_process_seqs_merge2] CPE FASTQ formatting done
[M::mem_process_seqs_merge2] CPE FASTQ formatting done
[M::mem_process_seqs_merge2] CPE FASTQ formatting done
[M::mem_process_seqs_merge2] CPE FASTQ formatting done
[M::mem_process_seqs_merge2] CPE FASTQ formatting done
[M::mem_process_seqs_merge2] CPE FASTQ formatting done
[M::mem_process_seqs_merge2] CPE FASTQ formatting done
slave pre done
now n is 104580
processed 104580
[M::mem_process_seqs_merge2] Processed 104580 reads in 0.080 CPU sec, 5.052 real sec
slave pre done
now n is 104578
processed 104578
[M::mem_process_seqs_merge2] Processed 104578 reads in 0.090 CPU sec, 5.076 real sec
slave pre done
now n is 103478
slave pre done
now n is 103590
processed 103478
[M::mem_process_seqs_merge2] Processed 103478 reads in 0.070 CPU sec, 4.962 real sec
processed 103590
[M::mem_process_seqs_merge2] Processed 103590 reads in 0.080 CPU sec, 4.950 real sec
slave pre done
now n is 104578
processed 104578
[M::mem_process_seqs_merge2] Processed 104578 reads in 0.130 CPU sec, 4.974 real sec
slave pre done
now n is 104578
slave pre done
now n is 103478
[M::process] read chunk (19660800 bytes/CG x 1 CGs, 19660820 bytes)...
processed 104578
[M::mem_process_seqs_merge2] Processed 104578 reads in 0.040 CPU sec, 5.008 real sec
slave pre done
now n is 104578
processed 103478
[M::mem_process_seqs_merge2] Processed 103478 reads in 0.110 CPU sec, 4.885 real sec
processed 104578
[M::mem_process_seqs_merge2] Processed 104578 reads in 0.100 CPU sec, 5.136 real sec
[M::process] read chunk (19660800 bytes/CG x 1 CGs, 19660820 bytes)...
[M::process] read chunk (19660800 bytes/CG x 1 CGs, 19660820 bytes)...
slave pre done
now n is 104578
[M::process] read chunk (19660800 bytes/CG x 1 CGs, 19660820 bytes)...
processed 104578
[M::mem_process_seqs_merge2] Processed 104578 reads in 0.080 CPU sec, 4.975 real sec
slave pre done
now n is 104580
slave pre done
now n is 104578
slave pre done
now n is 104578
processed 104580
[M::mem_process_seqs_merge2] Processed 104580 reads in 0.110 CPU sec, 5.195 real sec
[M::process] read chunk (19660800 bytes/CG x 1 CGs, 19660820 bytes)...
processed 104578
[M::mem_process_seqs_merge2] Processed 104578 reads in 0.080 CPU sec, 5.181 real sec
processed 104578
[M::mem_process_seqs_merge2] Processed 104578 reads in 0.130 CPU sec, 5.138 real sec
slave pre done
now n is 103478
processed 103478
[M::mem_process_seqs_merge2] Processed 103478 reads in 0.070 CPU sec, 5.022 real sec
slave pre done
now n is 103478
processed 103478
[M::mem_process_seqs_merge2] Processed 103478 reads in 0.110 CPU sec, 5.026 real sec
[M::process] read chunk (19660800 bytes/CG x 1 CGs, 19660820 bytes)...
slave pre done
now n is 104580
[M::process] read chunk (19660800 bytes/CG x 1 CGs, 19660820 bytes)...
processed 104580
[M::mem_process_seqs_merge2] Processed 104580 reads in 0.100 CPU sec, 4.991 real sec
[M::process] read chunk (19660800 bytes/CG x 1 CGs, 19660820 bytes)...
[M::process] read chunk (19660800 bytes/CG x 1 CGs, 19660820 bytes)...
[M::process] read chunk (19660800 bytes/CG x 1 CGs, 19660440 bytes)...
[M::process] read chunk (19660800 bytes/CG x 1 CGs, 19660820 bytes)...
[M::process] read chunk (19660800 bytes/CG x 1 CGs, 19660820 bytes)...
[M::process] read chunk (19660800 bytes/CG x 1 CGs, 19660820 bytes)...
slave pre done
now n is 104580
[M::process] read chunk (19660800 bytes/CG x 1 CGs, 19660820 bytes)...
processed 104580
[M::mem_process_seqs_merge2] Processed 104580 reads in 0.100 CPU sec, 5.192 real sec
slave pre done
now n is 104578
processed 104578
[M::mem_process_seqs_merge2] Processed 104578 reads in 0.150 CPU sec, 5.962 real sec
slave pre done
now n is 104578
processed 104578
[M::mem_process_seqs_merge2] Processed 104578 reads in 0.110 CPU sec, 5.297 real sec
[M::process] read chunk (19660800 bytes/CG x 1 CGs, 19660820 bytes)...
slave pre done
now n is 104578
processed 104578
[M::mem_process_seqs_merge2] Processed 104578 reads in 0.120 CPU sec, 5.334 real sec
slave pre done
now n is 104580
processed 104580
[M::mem_process_seqs_merge2] Processed 104580 reads in 0.150 CPU sec, 5.857 real sec
[M::process] read chunk (19660800 bytes/CG x 1 CGs, 19660820 bytes)...
slave pre done
now n is 104578
[M::process] read chunk (19660800 bytes/CG x 1 CGs, 19660820 bytes)...
processed 104578
[M::mem_process_seqs_merge2] Processed 104578 reads in 0.130 CPU sec, 5.930 real sec
[M::process] read chunk (19660800 bytes/CG x 1 CGs, 19660820 bytes)...
[M::process] read chunk (19660800 bytes/CG x 1 CGs, 19660820 bytes)...
slave pre done
now n is 105578
processed 105578
[M::mem_process_seqs_merge2] Processed 105578 reads in 0.140 CPU sec, 6.114 real sec
[M::process] read chunk (19660800 bytes/CG x 1 CGs, 19660820 bytes)...
[M::process] read chunk (19660800 bytes/CG x 1 CGs, 19660820 bytes)...
slave pre done
now n is 104580
processed 104580
[M::mem_process_seqs_merge2] Processed 104580 reads in 0.160 CPU sec, 6.396 real sec
[M::process] read chunk (19660800 bytes/CG x 1 CGs, 19660820 bytes)...
[M::mem_process_seqs_merge2] CPE FASTQ formatting done
[M::mem_process_seqs_merge2] CPE FASTQ formatting done
[M::process] read chunk (19660800 bytes/CG x 1 CGs, 19660820 bytes)...
[M::mem_process_seqs_merge2] CPE FASTQ formatting done
[M::mem_process_seqs_merge2] CPE FASTQ formatting done
[M::mem_process_seqs_merge2] CPE FASTQ formatting done
[M::mem_process_seqs_merge2] CPE FASTQ formatting done
[M::mem_process_seqs_merge2] CPE FASTQ formatting done
[M::mem_process_seqs_merge2] CPE FASTQ formatting done
[M::mem_process_seqs_merge2] CPE FASTQ formatting done
[M::mem_process_seqs_merge2] CPE FASTQ formatting done
[M::mem_process_seqs_merge2] CPE FASTQ formatting done
slave pre done
now n is 105944
[M::mem_process_seqs_merge2] CPE FASTQ formatting done
[M::mem_process_seqs_merge2] CPE FASTQ formatting done
processed 105944
[M::mem_process_seqs_merge2] Processed 105944 reads in 0.170 CPU sec, 7.406 real sec
[M::mem_process_seqs_merge2] CPE FASTQ formatting done
[M::mem_process_seqs_merge2] CPE FASTQ formatting done
[M::mem_process_seqs_merge2] CPE FASTQ formatting done
[M::mem_process_seqs_merge2] CPE FASTQ formatting done
[M::mem_process_seqs_merge2] CPE FASTQ formatting done
[M::mem_process_seqs_merge2] CPE FASTQ formatting done
[M::process] read chunk (19660800 bytes/CG x 1 CGs, 19660820 bytes)...
[M::mem_process_seqs_merge2] CPE FASTQ formatting done
[M::mem_process_seqs_merge2] CPE FASTQ formatting done
[M::mem_process_seqs_merge2] CPE FASTQ formatting done
[M::mem_process_seqs_merge2] CPE FASTQ formatting done
[M::mem_process_seqs_merge2] CPE FASTQ formatting done
slave pre done
now n is 103478
processed 103478
[M::mem_process_seqs_merge2] Processed 103478 reads in 0.160 CPU sec, 4.869 real sec
slave pre done
now n is 103478
[M::process] read chunk (19660800 bytes/CG x 1 CGs, 19660820 bytes)...
processed 103478
[M::mem_process_seqs_merge2] Processed 103478 reads in 0.140 CPU sec, 5.089 real sec
slave pre done
now n is 103478
processed 103478
[M::mem_process_seqs_merge2] Processed 103478 reads in 0.150 CPU sec, 4.949 real sec
slave pre done
now n is 103478
processed 103478
[M::mem_process_seqs_merge2] Processed 103478 reads in 0.130 CPU sec, 4.978 real sec
slave pre done
now n is 103478
slave pre done
now n is 103478
processed 103478
[M::mem_process_seqs_merge2] Processed 103478 reads in 0.100 CPU sec, 5.091 real sec
processed 103478
[M::mem_process_seqs_merge2] Processed 103478 reads in 0.060 CPU sec, 5.205 real sec
[M::process] read chunk (19660800 bytes/CG x 1 CGs, 19660820 bytes)...
slave pre done
now n is 103478
slave pre done
processed 103478
now n is 103478
[M::mem_process_seqs_merge2] Processed 103478 reads in 0.080 CPU sec, 5.131 real sec
slave pre done
now n is 103478
processed 103478
[M::mem_process_seqs_merge2] Processed 103478 reads in 0.130 CPU sec, 4.892 real sec
processed 103478
[M::mem_process_seqs_merge2] Processed 103478 reads in 0.090 CPU sec, 4.924 real sec
slave pre done
now n is 103478
[M::process] read chunk (19660800 bytes/CG x 1 CGs, 19660440 bytes)...
processed 103478
[M::mem_process_seqs_merge2] Processed 103478 reads in 0.090 CPU sec, 5.061 real sec
slave pre done
now n is 103478
slave pre done
now n is 103478
slave pre done
now n is 103478
processed 103478
[M::mem_process_seqs_merge2] Processed 103478 reads in 0.080 CPU sec, 5.095 real sec
processed 103478
[M::mem_process_seqs_merge2] Processed 103478 reads in 0.110 CPU sec, 4.905 real sec
processed 103478
[M::mem_process_seqs_merge2] Processed 103478 reads in 0.090 CPU sec, 4.979 real sec
[M::process] read chunk (19660800 bytes/CG x 1 CGs, 19660820 bytes)...
slave pre done
now n is 103478
processed 103478
[M::mem_process_seqs_merge2] Processed 103478 reads in 0.090 CPU sec, 4.852 real sec
[M::process] read chunk (19660800 bytes/CG x 1 CGs, 19660820 bytes)...
[M::process] read chunk (19660800 bytes/CG x 1 CGs, 19660820 bytes)...
[M::process] read chunk (19660800 bytes/CG x 1 CGs, 19660820 bytes)...
slave pre done
now n is 103478
processed 103478
[M::mem_process_seqs_merge2] Processed 103478 reads in 0.080 CPU sec, 5.161 real sec
[M::process] read chunk (19660800 bytes/CG x 1 CGs, 19660820 bytes)...
slave pre done
now n is 103476
[M::mem_process_seqs_merge2] CPE FASTQ formatting done
processed 103476
[M::mem_process_seqs_merge2] Processed 103476 reads in 0.100 CPU sec, 5.147 real sec
[M::process] read chunk (19660800 bytes/CG x 1 CGs, 19660820 bytes)...
slave pre done
now n is 103478
[M::process] read chunk (19660800 bytes/CG x 1 CGs, 19660820 bytes)...
processed 103478
[M::mem_process_seqs_merge2] Processed 103478 reads in 0.100 CPU sec, 4.975 real sec
[M::process] read chunk (19660800 bytes/CG x 1 CGs, 19660820 bytes)...
[M::process] read chunk (19660800 bytes/CG x 1 CGs, 19660820 bytes)...
[M::process] read chunk (19660800 bytes/CG x 1 CGs, 19660820 bytes)...
slave pre done
now n is 103478
[M::process] read chunk (19660800 bytes/CG x 1 CGs, 19660820 bytes)...
processed 103478
[M::mem_process_seqs_merge2] Processed 103478 reads in 0.150 CPU sec, 5.388 real sec
slave pre done
now n is 103478
[M::mem_process_seqs_merge2] CPE FASTQ formatting done
processed 103478
[M::mem_process_seqs_merge2] Processed 103478 reads in 0.130 CPU sec, 5.098 real sec
slave pre done
now n is 103478
processed 103478
[M::mem_process_seqs_merge2] Processed 103478 reads in 0.130 CPU sec, 5.076 real sec
[M::process] read chunk (19660800 bytes/CG x 1 CGs, 19660820 bytes)...
[M::process] read chunk (19660800 bytes/CG x 1 CGs, 19660820 bytes)...
slave pre done
now n is 103478
slave pre done
now n is 103478
processed 103478
[M::mem_process_seqs_merge2] Processed 103478 reads in 0.130 CPU sec, 4.978 real sec
processed 103478
[M::mem_process_seqs_merge2] Processed 103478 reads in 0.170 CPU sec, 4.875 real sec
[M::process] read chunk (19660800 bytes/CG x 1 CGs, 19660820 bytes)...
[M::process] read chunk (19660800 bytes/CG x 1 CGs, 19660820 bytes)...
[M::process] read chunk (19660800 bytes/CG x 1 CGs, 19660820 bytes)...
[M::process] read chunk (19660800 bytes/CG x 1 CGs, 19660820 bytes)...
[M::mem_process_seqs_merge2] CPE FASTQ formatting done
[M::process] read chunk (19660800 bytes/CG x 1 CGs, 19660820 bytes)...
slave pre done
now n is 103478
[M::process] read chunk (19660800 bytes/CG x 1 CGs, 19660820 bytes)...
processed 103478
[M::mem_process_seqs_merge2] Processed 103478 reads in 0.070 CPU sec, 5.008 real sec
slave pre done
now n is 103478
processed 103478
[M::mem_process_seqs_merge2] Processed 103478 reads in 0.140 CPU sec, 5.164 real sec
[M::mem_process_seqs_merge2] CPE FASTQ formatting done
[M::mem_process_seqs_merge2] CPE FASTQ formatting done
[M::process] read chunk (19660800 bytes/CG x 1 CGs, 19660820 bytes)...
[M::process] read chunk (19660800 bytes/CG x 1 CGs, 19660820 bytes)...
[M::mem_process_seqs_merge2] CPE FASTQ formatting done
[M::mem_process_seqs_merge2] CPE FASTQ formatting done
[M::mem_process_seqs_merge2] CPE FASTQ formatting done
[M::mem_process_seqs_merge2] CPE FASTQ formatting done
[M::mem_process_seqs_merge2] CPE FASTQ formatting done
[M::mem_process_seqs_merge2] CPE FASTQ formatting done
[M::mem_process_seqs_merge2] CPE FASTQ formatting done
[M::mem_process_seqs_merge2] CPE FASTQ formatting done
[M::mem_process_seqs_merge2] CPE FASTQ formatting done
[M::mem_process_seqs_merge2] CPE FASTQ formatting done
[M::mem_process_seqs_merge2] CPE FASTQ formatting done
[M::mem_process_seqs_merge2] CPE FASTQ formatting done
[M::mem_process_seqs_merge2] CPE FASTQ formatting done
[M::mem_process_seqs_merge2] CPE FASTQ formatting done
[M::mem_process_seqs_merge2] CPE FASTQ formatting done
[M::mem_process_seqs_merge2] CPE FASTQ formatting done
[M::mem_process_seqs_merge2] CPE FASTQ formatting done
[M::mem_process_seqs_merge2] CPE FASTQ formatting done
[M::mem_process_seqs_merge2] CPE FASTQ formatting done
slave pre done
now n is 103478
processed 103478
[M::mem_process_seqs_merge2] Processed 103478 reads in 0.190 CPU sec, 5.043 real sec
[M::process] read chunk (19660800 bytes/CG x 1 CGs, 19660820 bytes)...
slave pre done
now n is 103478
processed 103478
[M::mem_process_seqs_merge2] Processed 103478 reads in 0.190 CPU sec, 5.125 real sec
slave pre done
now n is 103476
processed 103476
[M::mem_process_seqs_merge2] Processed 103476 reads in 0.170 CPU sec, 5.554 real sec
slave pre done
now n is 103478
processed 103478
[M::mem_process_seqs_merge2] Processed 103478 reads in 0.090 CPU sec, 4.911 real sec
[M::mem_process_seqs_merge2] CPE FASTQ formatting done
slave pre done
now n is 103478
processed 103478
[M::mem_process_seqs_merge2] Processed 103478 reads in 0.120 CPU sec, 5.075 real sec
[M::process] read chunk (19660800 bytes/CG x 1 CGs, 19660820 bytes)...
[M::process] read chunk (19660800 bytes/CG x 1 CGs, 19660820 bytes)...
[M::process] read chunk (19660800 bytes/CG x 1 CGs, 19660440 bytes)...
slave pre done
now n is 103478
processed 103478
[M::mem_process_seqs_merge2] Processed 103478 reads in 0.140 CPU sec, 4.987 real sec
[M::process] read chunk (19660800 bytes/CG x 1 CGs, 19660820 bytes)...
slave pre done
now n is 103478
processed 103478
[M::mem_process_seqs_merge2] Processed 103478 reads in 0.170 CPU sec, 5.256 real sec
slave pre done
now n is 103478
processed 103478
[M::mem_process_seqs_merge2] Processed 103478 reads in 0.070 CPU sec, 4.939 real sec
[M::mem_process_seqs_merge2] CPE FASTQ formatting done
slave pre done
now n is 103478
processed 103478
[M::mem_process_seqs_merge2] Processed 103478 reads in 0.100 CPU sec, 4.980 real sec
[M::process] read chunk (19660800 bytes/CG x 1 CGs, 19660820 bytes)...
slave pre done
now n is 103478
slave pre done
now n is 103478
processed 103478
[M::mem_process_seqs_merge2] Processed 103478 reads in 0.130 CPU sec, 5.221 real sec
processed 103478
[M::mem_process_seqs_merge2] Processed 103478 reads in 0.080 CPU sec, 5.226 real sec
slave pre done
now n is 103478
[M::process] read chunk (19660800 bytes/CG x 1 CGs, 19660820 bytes)...
processed 103478
[M::mem_process_seqs_merge2] Processed 103478 reads in 0.170 CPU sec, 5.069 real sec
slave pre done
now n is 103478
processed 103478
[M::mem_process_seqs_merge2] Processed 103478 reads in 0.130 CPU sec, 5.056 real sec
[M::mem_process_seqs_merge2] CPE FASTQ formatting done
slave pre done
now n is 103478
[M::process] read chunk (19660800 bytes/CG x 1 CGs, 19660820 bytes)...
slave pre done
now n is 103478
processed 103478
[M::mem_process_seqs_merge2] Processed 103478 reads in 0.120 CPU sec, 5.072 real sec
processed 103478
[M::mem_process_seqs_merge2] Processed 103478 reads in 0.160 CPU sec, 4.968 real sec
slave pre done
now n is 103478
processed 103478
[M::mem_process_seqs_merge2] Processed 103478 reads in 0.060 CPU sec, 5.408 real sec
[M::process] read chunk (19660800 bytes/CG x 1 CGs, 19660440 bytes)...
[M::process] read chunk (19660800 bytes/CG x 1 CGs, 19660820 bytes)...
[M::process] read chunk (19660800 bytes/CG x 1 CGs, 19660820 bytes)...
slave pre done
now n is 103478
processed 103478
[M::mem_process_seqs_merge2] Processed 103478 reads in 0.110 CPU sec, 5.235 real sec
[M::process] read chunk (19660800 bytes/CG x 1 CGs, 19660820 bytes)...
slave pre done
now n is 103478
[M::mem_process_seqs_merge2] CPE FASTQ formatting done
[M::process] read chunk (19660800 bytes/CG x 1 CGs, 19660820 bytes)...
processed 103478
[M::mem_process_seqs_merge2] Processed 103478 reads in 0.210 CPU sec, 5.062 real sec
[M::process] read chunk (19660800 bytes/CG x 1 CGs, 19660820 bytes)...
[M::process] read chunk (19660800 bytes/CG x 1 CGs, 19660820 bytes)...
[M::mem_process_seqs_merge2] CPE FASTQ formatting done
slave pre done
now n is 103478
processed 103478
[M::process] read chunk (19660800 bytes/CG x 1 CGs, 19660820 bytes)...
[M::mem_process_seqs_merge2] Processed 103478 reads in 0.080 CPU sec, 5.224 real sec
[M::process] read chunk (19660800 bytes/CG x 1 CGs, 19660820 bytes)...
[M::mem_process_seqs_merge2] CPE FASTQ formatting done
slave pre done
now n is 103478
processed 103478
[M::mem_process_seqs_merge2] Processed 103478 reads in 0.110 CPU sec, 5.185 real sec
slave pre done
now n is 103478
slave pre done
now n is 103478
processed 103478
[M::mem_process_seqs_merge2] Processed 103478 reads in 0.090 CPU sec, 5.193 real sec
processed 103478
[M::mem_process_seqs_merge2] Processed 103478 reads in 0.200 CPU sec, 5.289 real sec
slave pre done
now n is 103478
processed 103478
[M::mem_process_seqs_merge2] Processed 103478 reads in 0.130 CPU sec, 5.289 real sec
slave pre done
now n is 103478
[M::process] read chunk (19660800 bytes/CG x 1 CGs, 19660820 bytes)...
[M::process] read chunk (19660800 bytes/CG x 1 CGs, 19660820 bytes)...
processed 103478
[M::mem_process_seqs_merge2] Processed 103478 reads in 0.120 CPU sec, 5.698 real sec
[M::mem_process_seqs_merge2] CPE FASTQ formatting done
[M::process] read chunk (19660800 bytes/CG x 1 CGs, 19660820 bytes)...
[M::mem_process_seqs_merge2] CPE FASTQ formatting done
[M::mem_process_seqs_merge2] CPE FASTQ formatting done
[M::process] read chunk (19660800 bytes/CG x 1 CGs, 19660820 bytes)...
[M::process] read chunk (19660800 bytes/CG x 1 CGs, 19660820 bytes)...
[M::process] read chunk (19660800 bytes/CG x 1 CGs, 19660820 bytes)...
[M::process] read chunk (19660800 bytes/CG x 1 CGs, 19660820 bytes)...
[M::mem_process_seqs_merge2] CPE FASTQ formatting done
[M::mem_process_seqs_merge2] CPE FASTQ formatting done
[M::mem_process_seqs_merge2] CPE FASTQ formatting done
[M::mem_process_seqs_merge2] CPE FASTQ formatting done
[M::mem_process_seqs_merge2] CPE FASTQ formatting done
[M::mem_process_seqs_merge2] CPE FASTQ formatting done
[M::mem_process_seqs_merge2] CPE FASTQ formatting done
[M::mem_process_seqs_merge2] CPE FASTQ formatting done
[M::mem_process_seqs_merge2] CPE FASTQ formatting done
[M::mem_process_seqs_merge2] CPE FASTQ formatting done
[M::mem_process_seqs_merge2] CPE FASTQ formatting done
[M::mem_process_seqs_merge2] CPE FASTQ formatting done
[M::mem_process_seqs_merge2] CPE FASTQ formatting done
[M::mem_process_seqs_merge2] CPE FASTQ formatting done
[M::mem_process_seqs_merge2] CPE FASTQ formatting done
slave pre done
now n is 103478
processed 103478
[M::mem_process_seqs_merge2] Processed 103478 reads in 0.080 CPU sec, 5.012 real sec
[M::process] read chunk (19660800 bytes/CG x 1 CGs, 19660820 bytes)...
slave pre done
now n is 103478
processed 103478
[M::mem_process_seqs_merge2] Processed 103478 reads in 0.150 CPU sec, 5.064 real sec
slave pre done
now n is 103478
processed 103478
[M::mem_process_seqs_merge2] Processed 103478 reads in 0.230 CPU sec, 4.964 real sec
[M::process] read chunk (19660800 bytes/CG x 1 CGs, 19660820 bytes)...
[M::mem_process_seqs_merge2] CPE FASTQ formatting done
[M::process] read chunk (19660800 bytes/CG x 1 CGs, 19660820 bytes)...
slave pre done
now n is 103478
processed 103478
[M::mem_process_seqs_merge2] Processed 103478 reads in 0.060 CPU sec, 5.003 real sec
slave pre done
now n is 103476
processed 103476
[M::mem_process_seqs_merge2] Processed 103476 reads in 0.210 CPU sec, 5.119 real sec
slave pre done
now n is 103478
processed 103478
[M::mem_process_seqs_merge2] Processed 103478 reads in 0.150 CPU sec, 5.117 real sec
[M::mem_process_seqs_merge2] CPE FASTQ formatting done
[M::process] read chunk (19660800 bytes/CG x 1 CGs, 19660820 bytes)...
[M::process] read chunk (19660800 bytes/CG x 1 CGs, 19660820 bytes)...
[M::mem_process_seqs_merge2] CPE FASTQ formatting done
slave pre done
now n is 103478
processed 103478
[M::mem_process_seqs_merge2] Processed 103478 reads in 0.110 CPU sec, 4.994 real sec
[M::process] read chunk (19660800 bytes/CG x 1 CGs, 19660820 bytes)...
slave pre done
now n is 103478
processed 103478
[M::mem_process_seqs_merge2] Processed 103478 reads in 0.130 CPU sec, 5.067 real sec
slave pre done
now n is 103478
processed 103478
[M::mem_process_seqs_merge2] Processed 103478 reads in 0.140 CPU sec, 5.105 real sec
slave pre done
now n is 103476
processed 103476
[M::mem_process_seqs_merge2] Processed 103476 reads in 0.150 CPU sec, 5.074 real sec
[M::process] read chunk (19660800 bytes/CG x 1 CGs, 19660820 bytes)...
[M::mem_process_seqs_merge2] CPE FASTQ formatting done
[M::process] read chunk (19660800 bytes/CG x 1 CGs, 19660820 bytes)...
slave pre done
now n is 103478
slave pre done
now n is 103478
[M::process] read chunk (19660800 bytes/CG x 1 CGs, 19660820 bytes)...
processed 103478
[M::mem_process_seqs_merge2] Processed 103478 reads in 0.060 CPU sec, 5.104 real sec
processed 103478
[M::mem_process_seqs_merge2] Processed 103478 reads in 0.080 CPU sec, 4.851 real sec
[M::mem_process_seqs_merge2] CPE FASTQ formatting done
[M::process] read chunk (19660800 bytes/CG x 1 CGs, 19660820 bytes)...
slave pre done
now n is 103478
processed 103478
[M::mem_process_seqs_merge2] Processed 103478 reads in 0.110 CPU sec, 5.014 real sec
slave pre done
now n is 103478
[M::process] read chunk (19660800 bytes/CG x 1 CGs, 19660820 bytes)...
processed 103478
[M::mem_process_seqs_merge2] Processed 103478 reads in 0.080 CPU sec, 4.927 real sec
slave pre done
now n is 103478
processed 103478
[M::mem_process_seqs_merge2] Processed 103478 reads in 0.100 CPU sec, 5.054 real sec
slave pre done
now n is 103478
processed 103478
[M::mem_process_seqs_merge2] Processed 103478 reads in 0.100 CPU sec, 5.109 real sec
[M::process] read chunk (19660800 bytes/CG x 1 CGs, 19660820 bytes)...
slave pre done
now n is 103478
processed 103478
[M::mem_process_seqs_merge2] Processed 103478 reads in 0.110 CPU sec, 5.024 real sec
slave pre done
now n is 103478
[M::mem_process_seqs_merge2] CPE FASTQ formatting done
processed 103478
[M::mem_process_seqs_merge2] Processed 103478 reads in 0.220 CPU sec, 5.117 real sec
[M::mem_process_seqs_merge2] CPE FASTQ formatting done
[M::process] read chunk (19660800 bytes/CG x 1 CGs, 19660820 bytes)...
[M::process] read chunk (19660800 bytes/CG x 1 CGs, 19660820 bytes)...
slave pre done
now n is 103478
processed 103478
[M::mem_process_seqs_merge2] Processed 103478 reads in 0.100 CPU sec, 5.112 real sec
[M::mem_process_seqs_merge2] CPE FASTQ formatting done
[M::process] read chunk (19660800 bytes/CG x 1 CGs, 19660820 bytes)...
slave pre done
[M::process] read chunk (19660800 bytes/CG x 1 CGs, 19660820 bytes)...
now n is 103478
processed 103478
[M::mem_process_seqs_merge2] Processed 103478 reads in 0.250 CPU sec, 5.098 real sec
slave pre done
now n is 103478
[M::process] read chunk (19660800 bytes/CG x 1 CGs, 19660820 bytes)...
processed 103478
[M::mem_process_seqs_merge2] Processed 103478 reads in 0.140 CPU sec, 4.885 real sec
[M::mem_process_seqs_merge2] CPE FASTQ formatting done
slave pre done
now n is 103478
[M::mem_process_seqs_merge2] CPE FASTQ formatting done
[M::process] read chunk (19660800 bytes/CG x 1 CGs, 19660820 bytes)...
processed 103478
[M::mem_process_seqs_merge2] Processed 103478 reads in 0.070 CPU sec, 4.834 real sec
slave pre done
now n is 103478
processed 103478
[M::mem_process_seqs_merge2] Processed 103478 reads in 0.130 CPU sec, 5.006 real sec
[M::mem_process_seqs_merge2] CPE FASTQ formatting done
[M::process] read chunk (19660800 bytes/CG x 1 CGs, 19660820 bytes)...
slave pre done
now n is 103478
processed 103478
[M::mem_process_seqs_merge2] Processed 103478 reads in 0.090 CPU sec, 4.991 real sec
[M::process] read chunk (19660800 bytes/CG x 1 CGs, 19660820 bytes)...
[M::process] read chunk (19660800 bytes/CG x 1 CGs, 19660820 bytes)...
[M::process] read chunk (19660800 bytes/CG x 1 CGs, 19660820 bytes)...
[M::mem_process_seqs_merge2] CPE FASTQ formatting done
[M::process] read chunk (19660800 bytes/CG x 1 CGs, 19660440 bytes)...
[M::mem_process_seqs_merge2] CPE FASTQ formatting done
[M::process] read chunk (19660800 bytes/CG x 1 CGs, 19660820 bytes)...
[M::mem_process_seqs_merge2] CPE FASTQ formatting done
[M::mem_process_seqs_merge2] CPE FASTQ formatting done
[M::mem_process_seqs_merge2] CPE FASTQ formatting done
[M::mem_process_seqs_merge2] CPE FASTQ formatting done
[M::mem_process_seqs_merge2] CPE FASTQ formatting done
[M::mem_process_seqs_merge2] CPE FASTQ formatting done
[M::mem_process_seqs_merge2] CPE FASTQ formatting done
[M::mem_process_seqs_merge2] CPE FASTQ formatting done
[M::mem_process_seqs_merge2] CPE FASTQ formatting done
[M::mem_process_seqs_merge2] CPE FASTQ formatting done
[M::mem_process_seqs_merge2] CPE FASTQ formatting done
slave pre done
now n is 103478
processed 103478
[M::mem_process_seqs_merge2] Processed 103478 reads in 0.150 CPU sec, 5.237 real sec
[M::process] read chunk (19660800 bytes/CG x 1 CGs, 19660820 bytes)...
slave pre done
now n is 103478
processed 103478
[M::mem_process_seqs_merge2] Processed 103478 reads in 0.140 CPU sec, 5.134 real sec
slave pre done
now n is 103478
processed 103478
[M::mem_process_seqs_merge2] Processed 103478 reads in 0.160 CPU sec, 5.057 real sec
[M::process] read chunk (19660800 bytes/CG x 1 CGs, 19660820 bytes)...
[M::mem_process_seqs_merge2] CPE FASTQ formatting done
[M::process] read chunk (19660800 bytes/CG x 1 CGs, 19660820 bytes)...
slave pre done
now n is 103478
processed 103478
[M::mem_process_seqs_merge2] Processed 103478 reads in 0.100 CPU sec, 5.015 real sec
slave pre done
now n is 103478
processed 103478
[M::mem_process_seqs_merge2] Processed 103478 reads in 0.160 CPU sec, 5.075 real sec
[M::mem_process_seqs_merge2] CPE FASTQ formatting done
[M::process] read chunk (19660800 bytes/CG x 1 CGs, 19660440 bytes)...
slave pre done
now n is 103478
[M::process] read chunk (19660800 bytes/CG x 1 CGs, 19660820 bytes)...
processed 103478
[M::mem_process_seqs_merge2] Processed 103478 reads in 0.050 CPU sec, 4.887 real sec
[M::mem_process_seqs_merge2] CPE FASTQ formatting done
slave pre done
now n is 103478
processed 103478
[M::mem_process_seqs_merge2] Processed 103478 reads in 0.130 CPU sec, 4.920 real sec
[M::mem_process_seqs_merge2] CPE FASTQ formatting done
slave pre done
now n is 103478
processed 103478
[M::mem_process_seqs_merge2] Processed 103478 reads in 0.190 CPU sec, 5.204 real sec
[M::process] read chunk (19660800 bytes/CG x 1 CGs, 19660820 bytes)...
slave pre done
now n is 103478
processed 103478
[M::mem_process_seqs_merge2] Processed 103478 reads in 0.100 CPU sec, 4.903 real sec
[M::process] read chunk (19660800 bytes/CG x 1 CGs, 19660820 bytes)...
slave pre done
now n is 103478
[M::process] read chunk (19660800 bytes/CG x 1 CGs, 19660820 bytes)...
processed 103478
[M::mem_process_seqs_merge2] Processed 103478 reads in 0.100 CPU sec, 5.110 real sec
slave pre done
now n is 103478
processed 103478
[M::mem_process_seqs_merge2] Processed 103478 reads in 0.160 CPU sec, 5.167 real sec
[M::mem_process_seqs_merge2] CPE FASTQ formatting done
[M::mem_process_seqs_merge2] CPE FASTQ formatting done
[M::process] read chunk (19660800 bytes/CG x 1 CGs, 19660820 bytes)...
slave pre done
now n is 103478
[M::process] read chunk (19660800 bytes/CG x 1 CGs, 19660820 bytes)...
processed 103478
[M::mem_process_seqs_merge2] Processed 103478 reads in 0.130 CPU sec, 5.015 real sec
[M::process] read chunk (19660800 bytes/CG x 1 CGs, 19660820 bytes)...
slave pre done
now n is 103478
processed 103478
[M::mem_process_seqs_merge2] Processed 103478 reads in 0.150 CPU sec, 5.043 real sec
[M::mem_process_seqs_merge2] CPE FASTQ formatting done
slave pre done
now n is 103478
processed 103478
[M::mem_process_seqs_merge2] Processed 103478 reads in 0.160 CPU sec, 5.275 real sec
[M::mem_process_seqs_merge2] CPE FASTQ formatting done
slave pre done
now n is 103478
processed 103478
[M::mem_process_seqs_merge2] Processed 103478 reads in 0.080 CPU sec, 5.071 real sec
[M::process] read chunk (19660800 bytes/CG x 1 CGs, 19660820 bytes)...
slave pre done
now n is 103478
processed 103478
[M::mem_process_seqs_merge2] Processed 103478 reads in 0.090 CPU sec, 4.970 real sec
[M::process] read chunk (19660800 bytes/CG x 1 CGs, 19660820 bytes)...
[M::mem_process_seqs_merge2] CPE FASTQ formatting done
[M::process] read chunk (19660800 bytes/CG x 1 CGs, 19660820 bytes)...
[M::mem_process_seqs_merge2] CPE FASTQ formatting done
slave pre done
now n is 103478
processed 103478
[M::mem_process_seqs_merge2] Processed 103478 reads in 0.100 CPU sec, 5.011 real sec
[M::process] read chunk (19660800 bytes/CG x 1 CGs, 19660820 bytes)...
slave pre done
now n is 103478
processed 103478
[M::mem_process_seqs_merge2] Processed 103478 reads in 0.080 CPU sec, 5.023 real sec
[M::mem_process_seqs_merge2] CPE FASTQ formatting done
[M::process] read chunk (19660800 bytes/CG x 1 CGs, 19660820 bytes)...
slave pre done
now n is 103478
processed 103478
[M::mem_process_seqs_merge2] Processed 103478 reads in 0.100 CPU sec, 5.241 real sec
[M::process] read chunk (19660800 bytes/CG x 1 CGs, 19660820 bytes)...
[M::mem_process_seqs_merge2] CPE FASTQ formatting done
[M::process] read chunk (19660800 bytes/CG x 1 CGs, 19660820 bytes)...
[M::mem_process_seqs_merge2] CPE FASTQ formatting done
[M::mem_process_seqs_merge2] CPE FASTQ formatting done
slave pre done
now n is 103478
[M::process] read chunk (19660800 bytes/CG x 1 CGs, 19660820 bytes)...
processed 103478
[M::mem_process_seqs_merge2] Processed 103478 reads in 0.160 CPU sec, 5.035 real sec
slave pre done
now n is 103478
processed 103478
[M::mem_process_seqs_merge2] Processed 103478 reads in 0.200 CPU sec, 4.996 real sec
[M::mem_process_seqs_merge2] CPE FASTQ formatting done
[M::process] read chunk (19660800 bytes/CG x 1 CGs, 19660820 bytes)...
[M::process] read chunk (19660800 bytes/CG x 1 CGs, 19660820 bytes)...
slave pre done
now n is 103478
processed 103478
[M::mem_process_seqs_merge2] Processed 103478 reads in 0.120 CPU sec, 4.945 real sec
slave pre done
now n is 103478
[M::mem_process_seqs_merge2] CPE FASTQ formatting done
processed 103478
[M::mem_process_seqs_merge2] Processed 103478 reads in 0.140 CPU sec, 5.063 real sec
slave pre done
now n is 103476
processed 103476
[M::mem_process_seqs_merge2] Processed 103476 reads in 0.170 CPU sec, 5.207 real sec
[M::mem_process_seqs_merge2] CPE FASTQ formatting done
[M::process] read chunk (19660800 bytes/CG x 1 CGs, 19660820 bytes)...
[M::mem_process_seqs_merge2] CPE FASTQ formatting done
[M::process] read chunk (19660800 bytes/CG x 1 CGs, 19660820 bytes)...
[M::mem_process_seqs_merge2] CPE FASTQ formatting done
[M::process] read chunk (19660800 bytes/CG x 1 CGs, 19660820 bytes)...
[M::mem_process_seqs_merge2] CPE FASTQ formatting done
[M::mem_process_seqs_merge2] CPE FASTQ formatting done
[M::mem_process_seqs_merge2] CPE FASTQ formatting done
[M::mem_process_seqs_merge2] CPE FASTQ formatting done
[M::mem_process_seqs_merge2] CPE FASTQ formatting done
slave pre done
now n is 103478
processed 103478
[M::mem_process_seqs_merge2] Processed 103478 reads in 0.170 CPU sec, 5.135 real sec
[M::process] read chunk (19660800 bytes/CG x 1 CGs, 19660820 bytes)...
slave pre done
now n is 103478
processed 103478
[M::mem_process_seqs_merge2] Processed 103478 reads in 0.160 CPU sec, 5.159 real sec
slave pre done
now n is 103478
processed 103478
[M::mem_process_seqs_merge2] Processed 103478 reads in 0.210 CPU sec, 5.140 real sec
[M::process] read chunk (19660800 bytes/CG x 1 CGs, 19660820 bytes)...
slave pre done
now n is 103476
processed 103476
[M::mem_process_seqs_merge2] Processed 103476 reads in 0.140 CPU sec, 5.103 real sec
[M::process] read chunk (19660800 bytes/CG x 1 CGs, 19660440 bytes)...
[M::mem_process_seqs_merge2] CPE FASTQ formatting done
[M::process] read chunk (19660800 bytes/CG x 1 CGs, 19660820 bytes)...
[M::mem_process_seqs_merge2] CPE FASTQ formatting done
slave pre done
now n is 103478
slave pre done
now n is 103478
processed 103478
[M::mem_process_seqs_merge2] Processed 103478 reads in 0.130 CPU sec, 5.128 real sec
processed 103478
[M::mem_process_seqs_merge2] Processed 103478 reads in 0.100 CPU sec, 5.089 real sec
slave pre done
now n is 103478
processed 103478
[M::mem_process_seqs_merge2] Processed 103478 reads in 0.190 CPU sec, 4.993 real sec
slave pre done
now n is 103478
[M::mem_process_seqs_merge2] CPE FASTQ formatting done
processed 103478
[M::mem_process_seqs_merge2] Processed 103478 reads in 0.180 CPU sec, 5.007 real sec
[M::process] read chunk (19660800 bytes/CG x 1 CGs, 19660820 bytes)...
[M::process] read chunk (19660800 bytes/CG x 1 CGs, 19660820 bytes)...
[M::mem_process_seqs_merge2] CPE FASTQ formatting done
slave pre done
now n is 103478
[M::process] read chunk (19660800 bytes/CG x 1 CGs, 19660820 bytes)...
processed 103478
[M::mem_process_seqs_merge2] Processed 103478 reads in 0.160 CPU sec, 5.054 real sec
[M::process] read chunk (19660800 bytes/CG x 1 CGs, 19660440 bytes)...
slave pre done
now n is 103478
processed 103478
[M::mem_process_seqs_merge2] Processed 103478 reads in 0.090 CPU sec, 5.052 real sec
slave pre done
now n is 103478
processed 103478
[M::mem_process_seqs_merge2] Processed 103478 reads in 0.120 CPU sec, 5.125 real sec
[M::process] read chunk (19660800 bytes/CG x 1 CGs, 19660820 bytes)...
[M::process] read chunk (19660800 bytes/CG x 1 CGs, 19660820 bytes)...
slave pre done
now n is 103478
[M::mem_process_seqs_merge2] CPE FASTQ formatting done
processed 103478
[M::mem_process_seqs_merge2] Processed 103478 reads in 0.170 CPU sec, 5.013 real sec
[M::mem_process_seqs_merge2] CPE FASTQ formatting done
[M::mem_process_seqs_merge2] CPE FASTQ formatting done
[M::process] read chunk (19660800 bytes/CG x 1 CGs, 19660820 bytes)...
slave pre done
now n is 103478
[M::mem_process_seqs_merge2] CPE FASTQ formatting done
processed 103478
[M::mem_process_seqs_merge2] Processed 103478 reads in 0.120 CPU sec, 5.190 real sec
[M::process] read chunk (19660800 bytes/CG x 1 CGs, 19660820 bytes)...
[M::mem_process_seqs_merge2] CPE FASTQ formatting done
[M::mem_process_seqs_merge2] CPE FASTQ formatting done
slave pre done
now n is 103478
processed 103478
[M::mem_process_seqs_merge2] Processed 103478 reads in 0.090 CPU sec, 5.244 real sec
[M::process] read chunk (19660800 bytes/CG x 1 CGs, 19660820 bytes)...
[M::mem_process_seqs_merge2] CPE FASTQ formatting done
[M::mem_process_seqs_merge2] CPE FASTQ formatting done
[M::process] read chunk (19660800 bytes/CG x 1 CGs, 19660820 bytes)...
slave pre done
now n is 103478
processed 103478
[M::mem_process_seqs_merge2] Processed 103478 reads in 0.130 CPU sec, 4.998 real sec
slave pre done
now n is 103478
slave pre done
now n is 103478
[M::mem_process_seqs_merge2] CPE FASTQ formatting done
slave pre done
now n is 103478
processed 103478
[M::mem_process_seqs_merge2] Processed 103478 reads in 0.160 CPU sec, 5.248 real sec
processed 103478
[M::mem_process_seqs_merge2] Processed 103478 reads in 0.120 CPU sec, 5.099 real sec
processed 103478
[M::mem_process_seqs_merge2] Processed 103478 reads in 0.190 CPU sec, 5.633 real sec
slave pre done
now n is 103478
processed 103478
[M::mem_process_seqs_merge2] Processed 103478 reads in 0.110 CPU sec, 5.044 real sec
[M::mem_process_seqs_merge2] CPE FASTQ formatting done
[M::process] read chunk (19660800 bytes/CG x 1 CGs, 19660820 bytes)...
[M::process] read chunk (19660800 bytes/CG x 1 CGs, 19660820 bytes)...
[M::process] read chunk (19660800 bytes/CG x 1 CGs, 19660820 bytes)...
[M::process] read chunk (19660800 bytes/CG x 1 CGs, 19660820 bytes)...
[M::process] read chunk (19660800 bytes/CG x 1 CGs, 19660820 bytes)...
slave pre done
now n is 103478
processed 103478
[M::mem_process_seqs_merge2] Processed 103478 reads in 0.130 CPU sec, 5.167 real sec
slave pre done
now n is 103478
processed 103478
[M::mem_process_seqs_merge2] Processed 103478 reads in 0.060 CPU sec, 4.881 real sec
[M::process] read chunk (19660800 bytes/CG x 1 CGs, 19660820 bytes)...
[M::mem_process_seqs_merge2] CPE FASTQ formatting done
[M::process] read chunk (19660800 bytes/CG x 1 CGs, 19660820 bytes)...
slave pre done
now n is 103478
processed 103478
[M::mem_process_seqs_merge2] Processed 103478 reads in 0.190 CPU sec, 5.123 real sec
slave pre done
now n is 103478
processed 103478
[M::mem_process_seqs_merge2] Processed 103478 reads in 0.110 CPU sec, 4.979 real sec
[M::mem_process_seqs_merge2] CPE FASTQ formatting done
[M::process] read chunk (19660800 bytes/CG x 1 CGs, 19660820 bytes)...
[M::mem_process_seqs_merge2] CPE FASTQ formatting done
[M::mem_process_seqs_merge2] CPE FASTQ formatting done
[M::mem_process_seqs_merge2] CPE FASTQ formatting done
[M::process] read chunk (19660800 bytes/CG x 1 CGs, 19660820 bytes)...
[M::mem_process_seqs_merge2] CPE FASTQ formatting done
slave pre done
now n is 103478
processed 103478
[M::mem_process_seqs_merge2] Processed 103478 reads in 0.090 CPU sec, 5.480 real sec
[M::mem_process_seqs_merge2] CPE FASTQ formatting done
[M::process] read chunk (19660800 bytes/CG x 1 CGs, 19660820 bytes)...
[M::mem_process_seqs_merge2] CPE FASTQ formatting done
[M::mem_process_seqs_merge2] CPE FASTQ formatting done
[M::mem_process_seqs_merge2] CPE FASTQ formatting done
slave pre done
now n is 103478
processed 103478
[M::mem_process_seqs_merge2] Processed 103478 reads in 0.160 CPU sec, 5.000 real sec
slave pre done
now n is 103478
processed 103478
[M::mem_process_seqs_merge2] Processed 103478 reads in 0.090 CPU sec, 5.146 real sec
[M::process] read chunk (19660800 bytes/CG x 1 CGs, 19660820 bytes)...
[M::process] read chunk (19660800 bytes/CG x 1 CGs, 19660820 bytes)...
slave pre done
now n is 103478
processed 103478
[M::mem_process_seqs_merge2] Processed 103478 reads in 0.210 CPU sec, 5.165 real sec
slave pre done
now n is 103476
processed 103476
[M::mem_process_seqs_merge2] Processed 103476 reads in 0.140 CPU sec, 5.049 real sec
[M::mem_process_seqs_merge2] CPE FASTQ formatting done
[M::process] read chunk (19660800 bytes/CG x 1 CGs, 19660820 bytes)...
[M::process] read chunk (19660800 bytes/CG x 1 CGs, 19660820 bytes)...
[M::mem_process_seqs_merge2] CPE FASTQ formatting done
slave pre done
now n is 103478
processed 103478
[M::mem_process_seqs_merge2] Processed 103478 reads in 0.110 CPU sec, 5.039 real sec
slave pre done
now n is 103478
processed 103478
[M::mem_process_seqs_merge2] Processed 103478 reads in 0.180 CPU sec, 5.090 real sec
slave pre done
now n is 103478
processed 103478
[M::mem_process_seqs_merge2] Processed 103478 reads in 0.140 CPU sec, 4.907 real sec
slave pre done
now n is 103476
[M::mem_process_seqs_merge2] CPE FASTQ formatting done
processed 103476
[M::mem_process_seqs_merge2] Processed 103476 reads in 0.080 CPU sec, 4.999 real sec
slave pre done
now n is 103478
processed 103478
[M::mem_process_seqs_merge2] Processed 103478 reads in 0.190 CPU sec, 5.194 real sec
[M::process] read chunk (19660800 bytes/CG x 1 CGs, 19660820 bytes)...
[M::process] read chunk (19660800 bytes/CG x 1 CGs, 19660820 bytes)...
[M::mem_process_seqs_merge2] CPE FASTQ formatting done
[M::process] read chunk (19660800 bytes/CG x 1 CGs, 19660820 bytes)...
[M::process] read chunk (19660800 bytes/CG x 1 CGs, 19660820 bytes)...
slave pre done
now n is 103478
processed 103478
[M::mem_process_seqs_merge2] Processed 103478 reads in 0.140 CPU sec, 5.252 real sec
[M::process] read chunk (19660800 bytes/CG x 1 CGs, 19660820 bytes)...
slave pre done
now n is 103478
[M::mem_process_seqs_merge2] CPE FASTQ formatting done
processed 103478
[M::mem_process_seqs_merge2] Processed 103478 reads in 0.120 CPU sec, 5.101 real sec
[M::process] read chunk (19660800 bytes/CG x 1 CGs, 19660820 bytes)...
slave pre done
now n is 103478
processed 103478
[M::mem_process_seqs_merge2] Processed 103478 reads in 0.050 CPU sec, 5.003 real sec
slave pre done
now n is 103478
processed 103478
[M::mem_process_seqs_merge2] Processed 103478 reads in 0.060 CPU sec, 4.904 real sec
slave pre done
now n is 103478
[M::process] read chunk (19660800 bytes/CG x 1 CGs, 19660820 bytes)...
processed 103478
[M::mem_process_seqs_merge2] Processed 103478 reads in 0.180 CPU sec, 5.379 real sec
[M::mem_process_seqs_merge2] CPE FASTQ formatting done
[M::mem_process_seqs_merge2] CPE FASTQ formatting done
[M::process] read chunk (19660800 bytes/CG x 1 CGs, 19660820 bytes)...
[M::mem_process_seqs_merge2] CPE FASTQ formatting done
[M::mem_process_seqs_merge2] CPE FASTQ formatting done
[M::mem_process_seqs_merge2] CPE FASTQ formatting done
[M::process] read chunk (19660800 bytes/CG x 1 CGs, 19660820 bytes)...
[M::process] read chunk (19660800 bytes/CG x 1 CGs, 19660820 bytes)...
slave pre done
now n is 103478
processed 103478
[M::mem_process_seqs_merge2] Processed 103478 reads in 0.180 CPU sec, 5.062 real sec
[M::mem_process_seqs_merge2] CPE FASTQ formatting done
[M::mem_process_seqs_merge2] CPE FASTQ formatting done
[M::mem_process_seqs_merge2] CPE FASTQ formatting done
[M::mem_process_seqs_merge2] CPE FASTQ formatting done
[M::process] read chunk (19660800 bytes/CG x 1 CGs, 19660820 bytes)...
slave pre done
now n is 103478
processed 103478
[M::mem_process_seqs_merge2] Processed 103478 reads in 0.110 CPU sec, 5.072 real sec
slave pre done
now n is 103478
slave pre done
now n is 103478
processed 103478
[M::mem_process_seqs_merge2] Processed 103478 reads in 0.250 CPU sec, 5.034 real sec
processed 103478
[M::mem_process_seqs_merge2] Processed 103478 reads in 0.060 CPU sec, 4.925 real sec
slave pre done
now n is 103478
processed 103478
[M::mem_process_seqs_merge2] Processed 103478 reads in 0.220 CPU sec, 5.157 real sec
[M::process] read chunk (19660800 bytes/CG x 1 CGs, 19660820 bytes)...
[M::process] read chunk (19660800 bytes/CG x 1 CGs, 19660820 bytes)...
[M::process] read chunk (19660800 bytes/CG x 1 CGs, 19660820 bytes)...
[M::mem_process_seqs_merge2] CPE FASTQ formatting done
slave pre done
now n is 103478
processed 103478
[M::mem_process_seqs_merge2] Processed 103478 reads in 0.130 CPU sec, 5.182 real sec
[M::process] read chunk (19660800 bytes/CG x 1 CGs, 19660820 bytes)...
slave pre done
now n is 103478
processed 103478
[M::mem_process_seqs_merge2] Processed 103478 reads in 0.130 CPU sec, 5.196 real sec
[M::process] read chunk (19660800 bytes/CG x 1 CGs, 19660820 bytes)...
[M::mem_process_seqs_merge2] CPE FASTQ formatting done
[M::process] read chunk (19660800 bytes/CG x 1 CGs, 19660820 bytes)...
slave pre done
now n is 103478
processed 103478
[M::mem_process_seqs_merge2] Processed 103478 reads in 0.080 CPU sec, 5.063 real sec
slave pre done
now n is 103478
processed 103478
[M::mem_process_seqs_merge2] Processed 103478 reads in 0.140 CPU sec, 4.997 real sec
[M::mem_process_seqs_merge2] CPE FASTQ formatting done
[M::process] read chunk (19660800 bytes/CG x 1 CGs, 19660820 bytes)...
[M::mem_process_seqs_merge2] CPE FASTQ formatting done
slave pre done
now n is 103478
processed 103478
[M::mem_process_seqs_merge2] Processed 103478 reads in 0.130 CPU sec, 5.294 real sec
[M::process] read chunk (19660800 bytes/CG x 1 CGs, 19660820 bytes)...
[M::mem_process_seqs_merge2] CPE FASTQ formatting done
[M::mem_process_seqs_merge2] CPE FASTQ formatting done
[M::mem_process_seqs_merge2] CPE FASTQ formatting done
[M::process] read chunk (19660800 bytes/CG x 1 CGs, 19660440 bytes)...
[M::mem_process_seqs_merge2] CPE FASTQ formatting done
[M::mem_process_seqs_merge2] CPE FASTQ formatting done
[M::mem_process_seqs_merge2] CPE FASTQ formatting done
slave pre done
now n is 103478
processed 103478
[M::mem_process_seqs_merge2] Processed 103478 reads in 0.140 CPU sec, 5.018 real sec
slave pre done
now n is 103478
processed 103478
[M::mem_process_seqs_merge2] Processed 103478 reads in 0.120 CPU sec, 4.915 real sec
[M::process] read chunk (19660800 bytes/CG x 1 CGs, 19661040 bytes)...
[M::process] read chunk (19660800 bytes/CG x 1 CGs, 19661040 bytes)...
slave pre done
now n is 103478
processed 103478
[M::mem_process_seqs_merge2] Processed 103478 reads in 0.140 CPU sec, 4.944 real sec
slave pre done
now n is 103478
processed 103478
[M::mem_process_seqs_merge2] Processed 103478 reads in 0.140 CPU sec, 4.995 real sec
[M::process] read chunk (19660800 bytes/CG x 1 CGs, 19660664 bytes)...
[M::mem_process_seqs_merge2] CPE FASTQ formatting done
[M::mem_process_seqs_merge2] CPE FASTQ formatting done
[M::process] read chunk (19660800 bytes/CG x 1 CGs, 19661040 bytes)...
slave pre done
now n is 103478
processed 103478
[M::mem_process_seqs_merge2] Processed 103478 reads in 0.110 CPU sec, 4.963 real sec
[M::mem_process_seqs_merge2] CPE FASTQ formatting done
[M::process] read chunk (19660800 bytes/CG x 1 CGs, 19661040 bytes)...
slave pre done
now n is 103478
processed 103478
[M::mem_process_seqs_merge2] Processed 103478 reads in 0.080 CPU sec, 5.044 real sec
[M::mem_process_seqs_merge2] CPE FASTQ formatting done
slave pre done
now n is 103478
processed 103478
[M::mem_process_seqs_merge2] Processed 103478 reads in 0.200 CPU sec, 4.945 real sec
slave pre done
now n is 103478
processed 103478
[M::mem_process_seqs_merge2] Processed 103478 reads in 0.090 CPU sec, 5.085 real sec
slave pre done
now n is 103478
processed 103478
[M::mem_process_seqs_merge2] Processed 103478 reads in 0.110 CPU sec, 5.100 real sec
slave pre done
now n is 103478
[M::process] read chunk (19660800 bytes/CG x 1 CGs, 19660664 bytes)...
processed 103478
[M::mem_process_seqs_merge2] Processed 103478 reads in 0.200 CPU sec, 5.121 real sec
[M::mem_process_seqs_merge2] CPE FASTQ formatting done
[M::process] read chunk (19660800 bytes/CG x 1 CGs, 19660664 bytes)...
[M::process] read chunk (19660800 bytes/CG x 1 CGs, 19660820 bytes)...
[M::process] read chunk (19660800 bytes/CG x 1 CGs, 19660664 bytes)...
[M::process] read chunk (19660800 bytes/CG x 1 CGs, 19660712 bytes)...
slave pre done
now n is 103478
slave pre done
now n is 103478
processed 103478
[M::mem_process_seqs_merge2] Processed 103478 reads in 0.130 CPU sec, 5.054 real sec
processed 103478
[M::mem_process_seqs_merge2] Processed 103478 reads in 0.180 CPU sec, 4.993 real sec
slave pre done
now n is 103478
processed 103478
[M::mem_process_seqs_merge2] CPE FASTQ formatting done
[M::mem_process_seqs_merge2] Processed 103478 reads in 0.110 CPU sec, 5.117 real sec
[M::mem_process_seqs_merge2] CPE FASTQ formatting done
slave pre done
now n is 103478
processed 103478
[M::mem_process_seqs_merge2] Processed 103478 reads in 0.160 CPU sec, 5.149 real sec
[M::mem_process_seqs_merge2] CPE FASTQ formatting done
[M::process] read chunk (19660800 bytes/CG x 1 CGs, 19660664 bytes)...
[M::process] read chunk (19660800 bytes/CG x 1 CGs, 19660664 bytes)...
[M::mem_process_seqs_merge2] CPE FASTQ formatting done
[M::process] read chunk (19660800 bytes/CG x 1 CGs, 19660664 bytes)...
[M::process] read chunk (19660800 bytes/CG x 1 CGs, 19660852 bytes)...
[M::mem_process_seqs_merge2] CPE FASTQ formatting done
slave pre done
now n is 103478
processed 103478
[M::mem_process_seqs_merge2] Processed 103478 reads in 0.130 CPU sec, 5.121 real sec
[M::mem_process_seqs_merge2] CPE FASTQ formatting done
[M::mem_process_seqs_merge2] CPE FASTQ formatting done
[M::mem_process_seqs_merge2] CPE FASTQ formatting done
[M::mem_process_seqs_merge2] CPE FASTQ formatting done
[M::process] read chunk (19660800 bytes/CG x 1 CGs, 19661040 bytes)...
slave pre done
now n is 103478
processed 103478
[M::mem_process_seqs_merge2] Processed 103478 reads in 0.190 CPU sec, 5.122 real sec
[M::process] read chunk (19660800 bytes/CG x 1 CGs, 19660664 bytes)...
slave pre done
now n is 103478
processed 103478
[M::mem_process_seqs_merge2] Processed 103478 reads in 0.110 CPU sec, 4.967 real sec
[M::mem_process_seqs_merge2] CPE FASTQ formatting done
[M::process] read chunk (19660800 bytes/CG x 1 CGs, 19660820 bytes)...
slave pre done
now n is 103478
slave pre done
now n is 103478
processed 103478
[M::mem_process_seqs_merge2] Processed 103478 reads in 0.150 CPU sec, 5.011 real sec
processed 103478
[M::mem_process_seqs_merge2] Processed 103478 reads in 0.120 CPU sec, 5.238 real sec
[M::mem_process_seqs_merge2] CPE FASTQ formatting done
slave pre done
now n is 103478
slave pre done
now n is 103478
processed 103478
[M::mem_process_seqs_merge2] Processed 103478 reads in 0.200 CPU sec, 5.257 real sec
processed 103478
[M::mem_process_seqs_merge2] Processed 103478 reads in 0.100 CPU sec, 5.043 real sec
[M::process] read chunk (19660800 bytes/CG x 1 CGs, 19660820 bytes)...
[M::process] read chunk (19660800 bytes/CG x 1 CGs, 19660980 bytes)...
[M::process] read chunk (19660800 bytes/CG x 1 CGs, 19660820 bytes)...
[M::process] read chunk (19660800 bytes/CG x 1 CGs, 19660664 bytes)...
[M::mem_process_seqs_merge2] CPE FASTQ formatting done
slave pre done
now n is 103478
slave pre done
now n is 103478
processed 103478
[M::mem_process_seqs_merge2] Processed 103478 reads in 0.080 CPU sec, 5.016 real sec
processed 103478
[M::mem_process_seqs_merge2] Processed 103478 reads in 0.130 CPU sec, 5.219 real sec
[M::mem_process_seqs_merge2] CPE FASTQ formatting done
slave pre done
now n is 103476
processed 103476
[M::mem_process_seqs_merge2] Processed 103476 reads in 0.170 CPU sec, 4.976 real sec
[M::process] read chunk (19660800 bytes/CG x 1 CGs, 19660664 bytes)...
[M::process] read chunk (19660800 bytes/CG x 1 CGs, 19661040 bytes)...
[M::mem_process_seqs_merge2] CPE FASTQ formatting done
[M::process] read chunk (19660800 bytes/CG x 1 CGs, 19660664 bytes)...
[M::mem_process_seqs_merge2] CPE FASTQ formatting done
[M::mem_process_seqs_merge2] CPE FASTQ formatting done
[M::mem_process_seqs_merge2] CPE FASTQ formatting done
[M::mem_process_seqs_merge2] CPE FASTQ formatting done
slave pre done
now n is 104580
processed 104580
[M::mem_process_seqs_merge2] Processed 104580 reads in 0.180 CPU sec, 5.131 real sec
[M::mem_process_seqs_merge2] CPE FASTQ formatting done
[M::process] read chunk (19660800 bytes/CG x 1 CGs, 19660820 bytes)...
slave pre done
now n is 104578
processed 104578
[M::mem_process_seqs_merge2] Processed 104578 reads in 0.160 CPU sec, 5.296 real sec
[M::process] read chunk (19660800 bytes/CG x 1 CGs, 19660820 bytes)...
slave pre done
now n is 104580
[M::mem_process_seqs_merge2] CPE FASTQ formatting done
processed 104580
[M::mem_process_seqs_merge2] Processed 104580 reads in 0.110 CPU sec, 5.065 real sec
[M::process] read chunk (19660800 bytes/CG x 1 CGs, 19660820 bytes)...
slave pre done
now n is 104578
[M::mem_process_seqs_merge2] CPE FASTQ formatting done
processed 104578
[M::mem_process_seqs_merge2] Processed 104578 reads in 0.180 CPU sec, 5.002 real sec
slave pre done
now n is 104580
slave pre done
now n is 104580
processed 104580
[M::mem_process_seqs_merge2] Processed 104580 reads in 0.220 CPU sec, 5.907 real sec
processed 104580
[M::mem_process_seqs_merge2] Processed 104580 reads in 0.210 CPU sec, 6.520 real sec
[M::process] read chunk (19660800 bytes/CG x 1 CGs, 19660820 bytes)...
slave pre done
now n is 103478
processed 103478
[M::mem_process_seqs_merge2] Processed 103478 reads in 0.150 CPU sec, 5.189 real sec
[M::process] read chunk (19660800 bytes/CG x 1 CGs, 19660820 bytes)...
[M::process] read chunk (19660800 bytes/CG x 1 CGs, 19660820 bytes)...
[M::mem_process_seqs_merge2] CPE FASTQ formatting done
[M::process] read chunk (19660800 bytes/CG x 1 CGs, 19660820 bytes)...
[M::mem_process_seqs_merge2] CPE FASTQ formatting done
slave pre done
now n is 104578
processed 104578
[M::mem_process_seqs_merge2] Processed 104578 reads in 0.120 CPU sec, 5.865 real sec
slave pre done
now n is 104578
processed 104578
[M::mem_process_seqs_merge2] Processed 104578 reads in 0.120 CPU sec, 5.034 real sec
slave pre done
now n is 104578
processed 104578
[M::mem_process_seqs_merge2] Processed 104578 reads in 0.180 CPU sec, 5.257 real sec
slave pre done
now n is 104578
processed 104578
[M::mem_process_seqs_merge2] Processed 104578 reads in 0.120 CPU sec, 5.251 real sec
[M::mem_process_seqs_merge2] CPE FASTQ formatting done
[M::process] read chunk (19660800 bytes/CG x 1 CGs, 19660820 bytes)...
[M::process] read chunk (19660800 bytes/CG x 1 CGs, 19660820 bytes)...
slave pre done
now n is 104578
processed 104578
[M::mem_process_seqs_merge2] Processed 104578 reads in 0.140 CPU sec, 6.029 real sec
[M::process] read chunk (19660800 bytes/CG x 1 CGs, 19660820 bytes)...
[M::mem_process_seqs_merge2] CPE FASTQ formatting done
[M::process] read chunk (19660800 bytes/CG x 1 CGs, 19660820 bytes)...
[M::mem_process_seqs_merge2] CPE FASTQ formatting done
[M::process] read chunk (19660800 bytes/CG x 1 CGs, 19660440 bytes)...
[M::mem_process_seqs_merge2] CPE FASTQ formatting done
[M::mem_process_seqs_merge2] CPE FASTQ formatting done
[M::mem_process_seqs_merge2] CPE FASTQ formatting done
slave pre done
now n is 104580
processed 104580
[M::mem_process_seqs_merge2] Processed 104580 reads in 0.040 CPU sec, 5.311 real sec
[M::mem_process_seqs_merge2] CPE FASTQ formatting done
slave pre done
[M::mem_process_seqs_merge2] CPE FASTQ formatting done
now n is 104578
processed 104578
[M::mem_process_seqs_merge2] Processed 104578 reads in 0.210 CPU sec, 5.200 real sec
[M::process] read chunk (19660800 bytes/CG x 1 CGs, 19660820 bytes)...
slave pre done
now n is 105638
processed 105638
[M::mem_process_seqs_merge2] Processed 105638 reads in 0.200 CPU sec, 6.301 real sec
[M::process] read chunk (19660800 bytes/CG x 1 CGs, 19660820 bytes)...
slave pre done
now n is 103478
processed 103478
[M::mem_process_seqs_merge2] Processed 103478 reads in 0.150 CPU sec, 4.930 real sec
[M::process] read chunk (19660800 bytes/CG x 1 CGs, 19660820 bytes)...
slave pre done
now n is 105826
processed 105826
[M::mem_process_seqs_merge2] Processed 105826 reads in 0.270 CPU sec, 7.176 real sec
slave pre done
now n is 104578
[M::process] read chunk (19660800 bytes/CG x 1 CGs, 19660820 bytes)...
processed 104578
[M::mem_process_seqs_merge2] Processed 104578 reads in 0.180 CPU sec, 5.005 real sec
slave pre done
now n is 103478
processed 103478
[M::mem_process_seqs_merge2] Processed 103478 reads in 0.130 CPU sec, 4.947 real sec
[M::mem_process_seqs_merge2] CPE FASTQ formatting done
[M::process] read chunk (19660800 bytes/CG x 1 CGs, 19660820 bytes)...
[M::process] read chunk (19660800 bytes/CG x 1 CGs, 19660820 bytes)...
slave pre done
now n is 103648
[M::mem_process_seqs_merge2] CPE FASTQ formatting done
processed 103648
[M::mem_process_seqs_merge2] Processed 103648 reads in 0.070 CPU sec, 5.014 real sec
[M::process] read chunk (19660800 bytes/CG x 1 CGs, 19660820 bytes)...
[M::mem_process_seqs_merge2] CPE FASTQ formatting done
slave pre done
now n is 103478
processed 103478
[M::mem_process_seqs_merge2] Processed 103478 reads in 0.120 CPU sec, 5.157 real sec
[M::process] read chunk (19660800 bytes/CG x 1 CGs, 19660820 bytes)...
[M::mem_process_seqs_merge2] CPE FASTQ formatting done
[M::process] read chunk (19660800 bytes/CG x 1 CGs, 19660820 bytes)...
slave pre done
now n is 104578
processed 104578
[M::mem_process_seqs_merge2] Processed 104578 reads in 0.130 CPU sec, 4.902 real sec
slave pre done
now n is 104580
[M::mem_process_seqs_merge2] CPE FASTQ formatting done
processed 104580
[M::mem_process_seqs_merge2] Processed 104580 reads in 0.070 CPU sec, 5.315 real sec
[M::process] read chunk (19660800 bytes/CG x 1 CGs, 19660820 bytes)...
slave pre done
now n is 104578
processed 104578
[M::mem_process_seqs_merge2] Processed 104578 reads in 0.200 CPU sec, 5.420 real sec
[M::process] read chunk (19660800 bytes/CG x 1 CGs, 19660820 bytes)...
[M::mem_process_seqs_merge2] CPE FASTQ formatting done
[M::process] read chunk (19660800 bytes/CG x 1 CGs, 19660820 bytes)...
slave pre done
now n is 103478
processed 103478
[M::mem_process_seqs_merge2] Processed 103478 reads in 0.140 CPU sec, 4.946 real sec
[M::mem_process_seqs_merge2] CPE FASTQ formatting done
[M::mem_process_seqs_merge2] CPE FASTQ formatting done
[M::mem_process_seqs_merge2] CPE FASTQ formatting done
[M::process] read chunk (19660800 bytes/CG x 1 CGs, 19660820 bytes)...
[M::mem_process_seqs_merge2] CPE FASTQ formatting done
slave pre done
now n is 103478
processed 103478
[M::mem_process_seqs_merge2] Processed 103478 reads in 0.120 CPU sec, 5.105 real sec
[M::mem_process_seqs_merge2] CPE FASTQ formatting done
[M::mem_process_seqs_merge2] CPE FASTQ formatting done
[M::mem_process_seqs_merge2] CPE FASTQ formatting done
[M::process] read chunk (19660800 bytes/CG x 1 CGs, 19660820 bytes)...
slave pre done
now n is 103478
processed 103478
[M::mem_process_seqs_merge2] Processed 103478 reads in 0.180 CPU sec, 5.160 real sec
[M::mem_process_seqs_merge2] CPE FASTQ formatting done
[M::process] read chunk (19660800 bytes/CG x 1 CGs, 19660820 bytes)...
slave pre done
now n is 103478
processed 103478
[M::mem_process_seqs_merge2] Processed 103478 reads in 0.140 CPU sec, 5.332 real sec
slave pre done
now n is 103478
processed 103478
[M::mem_process_seqs_merge2] Processed 103478 reads in 0.240 CPU sec, 5.001 real sec
[M::process] read chunk (19660800 bytes/CG x 1 CGs, 19660820 bytes)...
slave pre done
now n is 103478
processed 103478
[M::mem_process_seqs_merge2] Processed 103478 reads in 0.170 CPU sec, 4.887 real sec
[M::process] read chunk (19660800 bytes/CG x 1 CGs, 19660820 bytes)...
[M::mem_process_seqs_merge2] CPE FASTQ formatting done
slave pre done
now n is 103478
processed 103478
[M::mem_process_seqs_merge2] Processed 103478 reads in 0.140 CPU sec, 5.209 real sec
[M::process] read chunk (19660800 bytes/CG x 1 CGs, 19660820 bytes)...
[M::mem_process_seqs_merge2] CPE FASTQ formatting done
slave pre done
now n is 103478
processed 103478
[M::mem_process_seqs_merge2] Processed 103478 reads in 0.110 CPU sec, 4.946 real sec
[M::process] read chunk (19660800 bytes/CG x 1 CGs, 19660820 bytes)...
slave pre done
now n is 103478
processed 103478
[M::mem_process_seqs_merge2] Processed 103478 reads in 0.090 CPU sec, 4.982 real sec
[M::mem_process_seqs_merge2] CPE FASTQ formatting done
slave pre done
now n is 103478
processed 103478
[M::mem_process_seqs_merge2] Processed 103478 reads in 0.140 CPU sec, 5.243 real sec
[M::process] read chunk (19660800 bytes/CG x 1 CGs, 19660820 bytes)...
slave pre done
now n is 103478
slave pre done
now n is 103476
processed 103478
[M::mem_process_seqs_merge2] Processed 103478 reads in 0.160 CPU sec, 5.131 real sec
processed 103476
[M::mem_process_seqs_merge2] Processed 103476 reads in 0.100 CPU sec, 4.995 real sec
[M::process] read chunk (19660800 bytes/CG x 1 CGs, 19660820 bytes)...
[M::process] read chunk (19660800 bytes/CG x 1 CGs, 19660820 bytes)...
[M::mem_process_seqs_merge2] CPE FASTQ formatting done
[M::process] read chunk (19660800 bytes/CG x 1 CGs, 19660820 bytes)...
[M::process] read chunk (19660800 bytes/CG x 1 CGs, 19660820 bytes)...
[M::mem_process_seqs_merge2] CPE FASTQ formatting done
[M::mem_process_seqs_merge2] CPE FASTQ formatting done
[M::mem_process_seqs_merge2] CPE FASTQ formatting done
slave pre done
now n is 103478
processed 103478
[M::mem_process_seqs_merge2] Processed 103478 reads in 0.070 CPU sec, 5.024 real sec
[M::mem_process_seqs_merge2] CPE FASTQ formatting done
slave pre done
now n is 103478
processed 103478
[M::mem_process_seqs_merge2] Processed 103478 reads in 0.140 CPU sec, 4.937 real sec
[M::mem_process_seqs_merge2] CPE FASTQ formatting done
[M::process] read chunk (19660800 bytes/CG x 1 CGs, 19660820 bytes)...
[M::mem_process_seqs_merge2] CPE FASTQ formatting done
[M::process] read chunk (19660800 bytes/CG x 1 CGs, 19660820 bytes)...
slave pre done
now n is 103478
processed 103478
[M::mem_process_seqs_merge2] Processed 103478 reads in 0.190 CPU sec, 5.066 real sec
[M::mem_process_seqs_merge2] CPE FASTQ formatting done
[M::mem_process_seqs_merge2] CPE FASTQ formatting done
slave pre done
now n is 103478
[M::process] read chunk (19660800 bytes/CG x 1 CGs, 19660820 bytes)...
slave pre done
now n is 103478
processed 103478
[M::mem_process_seqs_merge2] Processed 103478 reads in 0.140 CPU sec, 5.578 real sec
processed 103478
[M::mem_process_seqs_merge2] Processed 103478 reads in 0.120 CPU sec, 4.899 real sec
[M::process] read chunk (19660800 bytes/CG x 1 CGs, 19660820 bytes)...
[M::process] read chunk (19660800 bytes/CG x 1 CGs, 19660820 bytes)...
slave pre done
now n is 103478
processed 103478
[M::mem_process_seqs_merge2] Processed 103478 reads in 0.160 CPU sec, 5.058 real sec
[M::mem_process_seqs_merge2] CPE FASTQ formatting done
slave pre done
now n is 103478
processed 103478
[M::mem_process_seqs_merge2] Processed 103478 reads in 0.100 CPU sec, 5.035 real sec
slave pre done
now n is 103478
[M::mem_process_seqs_merge2] CPE FASTQ formatting done
slave pre done
now n is 103478
processed 103478
[M::mem_process_seqs_merge2] Processed 103478 reads in 0.080 CPU sec, 4.991 real sec
processed 103478
[M::mem_process_seqs_merge2] Processed 103478 reads in 0.100 CPU sec, 4.972 real sec
[M::mem_process_seqs_merge2] CPE FASTQ formatting done
[M::process] read chunk (19660800 bytes/CG x 1 CGs, 19660820 bytes)...
[M::process] read chunk (19660800 bytes/CG x 1 CGs, 19660820 bytes)...
[M::process] read chunk (19660800 bytes/CG x 1 CGs, 19660440 bytes)...
[M::process] read chunk (19660800 bytes/CG x 1 CGs, 19660820 bytes)...
slave pre done
now n is 103478
processed 103478
[M::mem_process_seqs_merge2] Processed 103478 reads in 0.130 CPU sec, 5.076 real sec
slave pre done
now n is 103478
processed 103478
[M::mem_process_seqs_merge2] Processed 103478 reads in 0.090 CPU sec, 4.950 real sec
slave pre done
now n is 103478
processed 103478
[M::mem_process_seqs_merge2] Processed 103478 reads in 0.230 CPU sec, 5.416 real sec
slave pre done
now n is 103478
processed 103478
[M::mem_process_seqs_merge2] Processed 103478 reads in 0.190 CPU sec, 5.172 real sec
[M::process] read chunk (19660800 bytes/CG x 1 CGs, 19660440 bytes)...
[M::process] read chunk (19660800 bytes/CG x 1 CGs, 19660820 bytes)...
[M::process] read chunk (19660800 bytes/CG x 1 CGs, 19660440 bytes)...
[M::mem_process_seqs_merge2] CPE FASTQ formatting done
[M::process] read chunk (19660800 bytes/CG x 1 CGs, 19660820 bytes)...
[M::mem_process_seqs_merge2] CPE FASTQ formatting done
slave pre done
now n is 103478
processed 103478
[M::mem_process_seqs_merge2] Processed 103478 reads in 0.120 CPU sec, 5.106 real sec
[M::mem_process_seqs_merge2] CPE FASTQ formatting done
[M::mem_process_seqs_merge2] CPE FASTQ formatting done
[M::mem_process_seqs_merge2] CPE FASTQ formatting done
[M::process] read chunk (19660800 bytes/CG x 1 CGs, 19660820 bytes)...
[M::mem_process_seqs_merge2] CPE FASTQ formatting done
[M::mem_process_seqs_merge2] CPE FASTQ formatting done
slave pre done
now n is 103478
[M::mem_process_seqs_merge2] CPE FASTQ formatting done
processed 103478
[M::mem_process_seqs_merge2] Processed 103478 reads in 0.130 CPU sec, 5.143 real sec
slave pre done
now n is 103478
[M::mem_process_seqs_merge2] CPE FASTQ formatting done
processed 103478
[M::mem_process_seqs_merge2] Processed 103478 reads in 0.080 CPU sec, 5.063 real sec
[M::process] read chunk (19660800 bytes/CG x 1 CGs, 19660820 bytes)...
slave pre done
now n is 103478
processed 103478
[M::mem_process_seqs_merge2] Processed 103478 reads in 0.130 CPU sec, 5.025 real sec
[M::process] read chunk (19660800 bytes/CG x 1 CGs, 19660820 bytes)...
[M::process] read chunk (19660800 bytes/CG x 1 CGs, 19660820 bytes)...
[M::mem_process_seqs_merge2] CPE FASTQ formatting done
slave pre done
now n is 103478
processed 103478
[M::mem_process_seqs_merge2] Processed 103478 reads in 0.190 CPU sec, 5.088 real sec
[M::mem_process_seqs_merge2] CPE FASTQ formatting done
slave pre done
now n is 103478
processed 103478
[M::mem_process_seqs_merge2] Processed 103478 reads in 0.150 CPU sec, 5.005 real sec
[M::process] read chunk (19660800 bytes/CG x 1 CGs, 19660820 bytes)...
[M::mem_process_seqs_merge2] CPE FASTQ formatting done
slave pre done
now n is 103478
processed 103478
[M::mem_process_seqs_merge2] Processed 103478 reads in 0.150 CPU sec, 5.138 real sec
[M::process] read chunk (19660800 bytes/CG x 1 CGs, 19660820 bytes)...
[M::process] read chunk (19660800 bytes/CG x 1 CGs, 19660820 bytes)...
slave pre done
now n is 103478
processed 103478
[M::mem_process_seqs_merge2] Processed 103478 reads in 0.130 CPU sec, 5.220 real sec
slave pre done
now n is 103478
processed 103478
[M::mem_process_seqs_merge2] Processed 103478 reads in 0.160 CPU sec, 5.161 real sec
slave pre done
now n is 103478
processed 103478
[M::mem_process_seqs_merge2] Processed 103478 reads in 0.100 CPU sec, 5.036 real sec
[M::process] read chunk (19660800 bytes/CG x 1 CGs, 19660820 bytes)...
[M::mem_process_seqs_merge2] CPE FASTQ formatting done
[M::process] read chunk (19660800 bytes/CG x 1 CGs, 19660820 bytes)...
[M::mem_process_seqs_merge2] CPE FASTQ formatting done
[M::mem_process_seqs_merge2] CPE FASTQ formatting done
[M::process] read chunk (19660800 bytes/CG x 1 CGs, 19660820 bytes)...
slave pre done
now n is 103478
processed 103478
[M::mem_process_seqs_merge2] Processed 103478 reads in 0.080 CPU sec, 5.096 real sec
slave pre done
now n is 103478
processed 103478
[M::mem_process_seqs_merge2] Processed 103478 reads in 0.160 CPU sec, 5.000 real sec
slave pre done
now n is 103478
processed 103478
[M::mem_process_seqs_merge2] Processed 103478 reads in 0.140 CPU sec, 5.797 real sec
[M::process] read chunk (19660800 bytes/CG x 1 CGs, 19660820 bytes)...
[M::process] read chunk (19660800 bytes/CG x 1 CGs, 19660820 bytes)...
[M::process] read chunk (19660800 bytes/CG x 1 CGs, 19660820 bytes)...
[M::mem_process_seqs_merge2] CPE FASTQ formatting done
[M::mem_process_seqs_merge2] CPE FASTQ formatting done
[M::mem_process_seqs_merge2] CPE FASTQ formatting done
slave pre done
now n is 103478
processed 103478
[M::mem_process_seqs_merge2] Processed 103478 reads in 0.220 CPU sec, 4.952 real sec
[M::mem_process_seqs_merge2] CPE FASTQ formatting done
slave pre done
now n is 103478
processed 103478
[M::mem_process_seqs_merge2] Processed 103478 reads in 0.210 CPU sec, 5.120 real sec
[M::process] read chunk (19660800 bytes/CG x 1 CGs, 19660820 bytes)...
[M::mem_process_seqs_merge2] CPE FASTQ formatting done
[M::mem_process_seqs_merge2] CPE FASTQ formatting done
[M::process] read chunk (19660800 bytes/CG x 1 CGs, 19660820 bytes)...
slave pre done
now n is 103478
processed 103478
[M::mem_process_seqs_merge2] Processed 103478 reads in 0.240 CPU sec, 5.557 real sec
[M::mem_process_seqs_merge2] CPE FASTQ formatting done
[M::process] read chunk (19660800 bytes/CG x 1 CGs, 19660820 bytes)...
slave pre done
now n is 103476
processed 103476
[M::mem_process_seqs_merge2] Processed 103476 reads in 0.130 CPU sec, 5.025 real sec
[M::mem_process_seqs_merge2] CPE FASTQ formatting done
slave pre done
now n is 103478
processed 103478
[M::mem_process_seqs_merge2] Processed 103478 reads in 0.060 CPU sec, 5.174 real sec
slave pre done
now n is 103476
slave pre done
now n is 103476
processed 103476
[M::mem_process_seqs_merge2] Processed 103476 reads in 0.120 CPU sec, 5.016 real sec
processed 103476
[M::mem_process_seqs_merge2] Processed 103476 reads in 0.150 CPU sec, 4.894 real sec
[M::process] read chunk (19660800 bytes/CG x 1 CGs, 19660820 bytes)...
[M::mem_process_seqs_merge2] CPE FASTQ formatting done
slave pre done
now n is 103478
processed 103478
[M::mem_process_seqs_merge2] Processed 103478 reads in 0.120 CPU sec, 5.204 real sec
slave pre done
now n is 103478
[M::process] read chunk (19660800 bytes/CG x 1 CGs, 19660820 bytes)...
processed 103478
[M::mem_process_seqs_merge2] Processed 103478 reads in 0.100 CPU sec, 5.173 real sec
[M::process] read chunk (19660800 bytes/CG x 1 CGs, 19660820 bytes)...
[M::process] read chunk (19660800 bytes/CG x 1 CGs, 19660820 bytes)...
slave pre done
now n is 103478
processed 103478
[M::mem_process_seqs_merge2] Processed 103478 reads in 0.150 CPU sec, 4.910 real sec
[M::process] read chunk (19660800 bytes/CG x 1 CGs, 19660820 bytes)...
[M::process] read chunk (19660800 bytes/CG x 1 CGs, 19660820 bytes)...
slave pre done
now n is 103478
processed 103478
[M::mem_process_seqs_merge2] Processed 103478 reads in 0.140 CPU sec, 5.080 real sec
[M::process] read chunk (19660800 bytes/CG x 1 CGs, 19660820 bytes)...
[M::mem_process_seqs_merge2] CPE FASTQ formatting done
[M::mem_process_seqs_merge2] CPE FASTQ formatting done
[M::process] read chunk (19660800 bytes/CG x 1 CGs, 19660820 bytes)...
[M::mem_process_seqs_merge2] CPE FASTQ formatting done
slave pre done
now n is 103478
processed 103478
[M::mem_process_seqs_merge2] Processed 103478 reads in 0.150 CPU sec, 5.219 real sec
[M::mem_process_seqs_merge2] CPE FASTQ formatting done
[M::mem_process_seqs_merge2] CPE FASTQ formatting done
[M::mem_process_seqs_merge2] CPE FASTQ formatting done
[M::process] read chunk (19660800 bytes/CG x 1 CGs, 19660820 bytes)...
slave pre done
now n is 103478
processed 103478
[M::mem_process_seqs_merge2] Processed 103478 reads in 0.090 CPU sec, 4.998 real sec
[M::mem_process_seqs_merge2] CPE FASTQ formatting done
slave pre done
now n is 103478
[M::mem_process_seqs_merge2] CPE FASTQ formatting done
processed 103478
[M::mem_process_seqs_merge2] Processed 103478 reads in 0.140 CPU sec, 4.972 real sec
[M::process] read chunk (19660800 bytes/CG x 1 CGs, 19660820 bytes)...
slave pre done
now n is 103478
processed 103478
[M::mem_process_seqs_merge2] Processed 103478 reads in 0.110 CPU sec, 4.934 real sec
[M::process] read chunk (19660800 bytes/CG x 1 CGs, 19660820 bytes)...
[M::mem_process_seqs_merge2] CPE FASTQ formatting done
[M::process] read chunk (19660800 bytes/CG x 1 CGs, 19660820 bytes)...
[M::mem_process_seqs_merge2] CPE FASTQ formatting done
slave pre done
now n is 103478
processed 103478
[M::mem_process_seqs_merge2] Processed 103478 reads in 0.130 CPU sec, 4.998 real sec
[M::mem_process_seqs_merge2] CPE FASTQ formatting done
slave pre done
now n is 103478
processed 103478
[M::mem_process_seqs_merge2] CPE FASTQ formatting done
[M::mem_process_seqs_merge2] Processed 103478 reads in 0.200 CPU sec, 5.026 real sec
slave pre done
now n is 103478
processed 103478
[M::mem_process_seqs_merge2] Processed 103478 reads in 0.080 CPU sec, 5.082 real sec
[M::process] read chunk (19660800 bytes/CG x 1 CGs, 19660820 bytes)...
[M::process] read chunk (19660800 bytes/CG x 1 CGs, 19660820 bytes)...
[M::process] read chunk (19660800 bytes/CG x 1 CGs, 19660820 bytes)...
[M::mem_process_seqs_merge2] CPE FASTQ formatting done
[M::mem_process_seqs_merge2] CPE FASTQ formatting done
slave pre done
now n is 103478
[M::mem_process_seqs_merge2] CPE FASTQ formatting done
processed 103478
[M::mem_process_seqs_merge2] Processed 103478 reads in 0.140 CPU sec, 4.931 real sec
slave pre done
now n is 103478
processed 103478
[M::mem_process_seqs_merge2] Processed 103478 reads in 0.150 CPU sec, 5.102 real sec
slave pre done
now n is 103478
processed 103478
[M::mem_process_seqs_merge2] Processed 103478 reads in 0.100 CPU sec, 5.048 real sec
[M::process] read chunk (19660800 bytes/CG x 1 CGs, 19660820 bytes)...
[M::process] read chunk (19660800 bytes/CG x 1 CGs, 19660440 bytes)...
[M::process] read chunk (19660800 bytes/CG x 1 CGs, 19660820 bytes)...
slave pre done
now n is 103478
processed 103478
[M::mem_process_seqs_merge2] Processed 103478 reads in 0.130 CPU sec, 5.207 real sec
slave pre done
now n is 103478
processed 103478
[M::mem_process_seqs_merge2] Processed 103478 reads in 0.120 CPU sec, 5.079 real sec
[M::process] read chunk (19660800 bytes/CG x 1 CGs, 19660820 bytes)...
slave pre done
now n is 103478
[M::mem_process_seqs_merge2] CPE FASTQ formatting done
processed 103478
[M::mem_process_seqs_merge2] Processed 103478 reads in 0.080 CPU sec, 5.246 real sec
[M::mem_process_seqs_merge2] CPE FASTQ formatting done
[M::process] read chunk (19660800 bytes/CG x 1 CGs, 19660820 bytes)...
slave pre done
now n is 103478
processed 103478
[M::mem_process_seqs_merge2] Processed 103478 reads in 0.240 CPU sec, 5.007 real sec
[M::process] read chunk (19660800 bytes/CG x 1 CGs, 19660820 bytes)...
[M::mem_process_seqs_merge2] CPE FASTQ formatting done
[M::process] read chunk (19660800 bytes/CG x 1 CGs, 19660820 bytes)...
slave pre done
now n is 103478
processed 103478
[M::mem_process_seqs_merge2] Processed 103478 reads in 0.210 CPU sec, 4.986 real sec
[M::mem_process_seqs_merge2] CPE FASTQ formatting done
[M::process] read chunk (19660800 bytes/CG x 1 CGs, 19660820 bytes)...
slave pre done
now n is 103478
processed 103478
[M::mem_process_seqs_merge2] Processed 103478 reads in 0.140 CPU sec, 5.035 real sec
[M::mem_process_seqs_merge2] CPE FASTQ formatting done
[M::mem_process_seqs_merge2] CPE FASTQ formatting done
[M::mem_process_seqs_merge2] CPE FASTQ formatting done
[M::process] read chunk (19660800 bytes/CG x 1 CGs, 19660820 bytes)...
[M::mem_process_seqs_merge2] CPE FASTQ formatting done
slave pre done
now n is 103478
slave pre done
now n is 103478
processed 103478
[M::mem_process_seqs_merge2] Processed 103478 reads in 0.100 CPU sec, 5.086 real sec
slave pre done
now n is 103478
processed 103478
[M::mem_process_seqs_merge2] Processed 103478 reads in 0.100 CPU sec, 5.048 real sec
processed 103478
[M::mem_process_seqs_merge2] Processed 103478 reads in 0.180 CPU sec, 4.967 real sec
slave pre done
now n is 103478
processed 103478
[M::mem_process_seqs_merge2] Processed 103478 reads in 0.170 CPU sec, 5.111 real sec
[M::mem_process_seqs_merge2] CPE FASTQ formatting done
slave pre done
now n is 103478
processed 103478
[M::mem_process_seqs_merge2] Processed 103478 reads in 0.150 CPU sec, 4.961 real sec
[M::process] read chunk (19660800 bytes/CG x 1 CGs, 19660820 bytes)...
slave pre done
now n is 103478
[M::process] read chunk (19660800 bytes/CG x 1 CGs, 19660820 bytes)...
[M::process] read chunk (19660800 bytes/CG x 1 CGs, 19660820 bytes)...
processed 103478
[M::mem_process_seqs_merge2] Processed 103478 reads in 0.090 CPU sec, 5.012 real sec
[M::process] read chunk (19660800 bytes/CG x 1 CGs, 19660820 bytes)...
[M::process] read chunk (19660800 bytes/CG x 1 CGs, 19660820 bytes)...
slave pre done
now n is 103478
processed 103478
[M::mem_process_seqs_merge2] Processed 103478 reads in 0.110 CPU sec, 5.042 real sec
slave pre done
now n is 103478
[M::process] read chunk (19660800 bytes/CG x 1 CGs, 19660820 bytes)...
processed 103478
[M::mem_process_seqs_merge2] Processed 103478 reads in 0.120 CPU sec, 4.999 real sec
[M::process] read chunk (19660800 bytes/CG x 1 CGs, 19660820 bytes)...
slave pre done
now n is 103478
processed 103478
[M::mem_process_seqs_merge2] Processed 103478 reads in 0.130 CPU sec, 4.986 real sec
[M::process] read chunk (19660800 bytes/CG x 1 CGs, 19660820 bytes)...
[M::mem_process_seqs_merge2] CPE FASTQ formatting done
[M::mem_process_seqs_merge2] CPE FASTQ formatting done
[M::mem_process_seqs_merge2] CPE FASTQ formatting done
[M::mem_process_seqs_merge2] CPE FASTQ formatting done
[M::process] read chunk (19660800 bytes/CG x 1 CGs, 19660820 bytes)...
[M::mem_process_seqs_merge2] CPE FASTQ formatting done
[M::mem_process_seqs_merge2] CPE FASTQ formatting done
[M::mem_process_seqs_merge2] CPE FASTQ formatting done
slave pre done
now n is 103478
slave pre done
now n is 103478
[M::mem_process_seqs_merge2] CPE FASTQ formatting done
processed 103478
[M::mem_process_seqs_merge2] Processed 103478 reads in 0.150 CPU sec, 5.077 real sec
processed 103478
[M::mem_process_seqs_merge2] Processed 103478 reads in 0.220 CPU sec, 4.979 real sec
[M::process] read chunk (19660800 bytes/CG x 1 CGs, 19660820 bytes)...
[M::mem_process_seqs_merge2] CPE FASTQ formatting done
[M::process] read chunk (19660800 bytes/CG x 1 CGs, 19660820 bytes)...
slave pre done
now n is 103478
processed 103478
[M::mem_process_seqs_merge2] Processed 103478 reads in 0.110 CPU sec, 5.329 real sec
[M::process] read chunk (19660800 bytes/CG x 1 CGs, 19660820 bytes)...
slave pre done
now n is 103478
processed 103478
[M::mem_process_seqs_merge2] Processed 103478 reads in 0.110 CPU sec, 4.947 real sec
slave pre done
now n is 103478
processed 103478
[M::mem_process_seqs_merge2] Processed 103478 reads in 0.280 CPU sec, 5.157 real sec
[M::process] read chunk (19660800 bytes/CG x 1 CGs, 19660820 bytes)...
slave pre done
now n is 103478
processed 103478
[M::mem_process_seqs_merge2] Processed 103478 reads in 0.280 CPU sec, 5.127 real sec
[M::process] read chunk (19660800 bytes/CG x 1 CGs, 19660820 bytes)...
[M::mem_process_seqs_merge2] CPE FASTQ formatting done
[M::process] read chunk (19660800 bytes/CG x 1 CGs, 19660820 bytes)...
[M::mem_process_seqs_merge2] CPE FASTQ formatting done
[M::mem_process_seqs_merge2] CPE FASTQ formatting done
slave pre done
now n is 103476
processed 103476
[M::mem_process_seqs_merge2] Processed 103476 reads in 0.130 CPU sec, 4.976 real sec
slave pre done
now n is 103478
[M::mem_process_seqs_merge2] CPE FASTQ formatting done
processed 103478
[M::mem_process_seqs_merge2] Processed 103478 reads in 0.190 CPU sec, 5.079 real sec
[M::mem_process_seqs_merge2] CPE FASTQ formatting done
[M::mem_process_seqs_merge2] CPE FASTQ formatting done
[M::process] read chunk (19660800 bytes/CG x 1 CGs, 19660820 bytes)...
[M::process] read chunk (19660800 bytes/CG x 1 CGs, 19660820 bytes)...
slave pre done
now n is 103478
processed 103478
[M::mem_process_seqs_merge2] Processed 103478 reads in 0.180 CPU sec, 5.070 real sec
[M::process] read chunk (19660800 bytes/CG x 1 CGs, 19660820 bytes)...
slave pre done
now n is 103478
processed 103478
[M::mem_process_seqs_merge2] CPE FASTQ formatting done
[M::mem_process_seqs_merge2] Processed 103478 reads in 0.100 CPU sec, 4.887 real sec
slave pre done
now n is 103478
processed 103478
[M::mem_process_seqs_merge2] Processed 103478 reads in 0.100 CPU sec, 5.047 real sec
slave pre done
now n is 103478
processed 103478
[M::mem_process_seqs_merge2] Processed 103478 reads in 0.160 CPU sec, 4.964 real sec
[M::mem_process_seqs_merge2] CPE FASTQ formatting done
[M::process] read chunk (19660800 bytes/CG x 1 CGs, 19660820 bytes)...
slave pre done
now n is 103478
processed 103478
[M::mem_process_seqs_merge2] Processed 103478 reads in 0.210 CPU sec, 5.067 real sec
[M::process] read chunk (19660800 bytes/CG x 1 CGs, 19660820 bytes)...
[M::process] read chunk (19660800 bytes/CG x 1 CGs, 19660820 bytes)...
[M::process] read chunk (19660800 bytes/CG x 1 CGs, 19660820 bytes)...
slave pre done
now n is 103478
processed 103478
[M::mem_process_seqs_merge2] Processed 103478 reads in 0.150 CPU sec, 5.188 real sec
[M::process] read chunk (19660800 bytes/CG x 1 CGs, 19660820 bytes)...
[M::mem_process_seqs_merge2] CPE FASTQ formatting done
slave pre done
now n is 103478
processed 103478
[M::mem_process_seqs_merge2] Processed 103478 reads in 0.150 CPU sec, 5.111 real sec
[M::mem_process_seqs_merge2] CPE FASTQ formatting done
[M::mem_process_seqs_merge2] CPE FASTQ formatting done
[M::process] read chunk (19660800 bytes/CG x 1 CGs, 19660820 bytes)...
[M::mem_process_seqs_merge2] CPE FASTQ formatting done
[M::mem_process_seqs_merge2] CPE FASTQ formatting done
[M::mem_process_seqs_merge2] CPE FASTQ formatting done
slave pre done
now n is 103478
processed 103478
[M::mem_process_seqs_merge2] Processed 103478 reads in 0.100 CPU sec, 4.967 real sec
slave pre done
now n is 103478
processed 103478
[M::mem_process_seqs_merge2] Processed 103478 reads in 0.120 CPU sec, 4.994 real sec
[M::mem_process_seqs_merge2] CPE FASTQ formatting done
slave pre done
now n is 103478
[M::process] read chunk (19660800 bytes/CG x 1 CGs, 19660820 bytes)...
processed 103478
[M::mem_process_seqs_merge2] Processed 103478 reads in 0.100 CPU sec, 5.166 real sec
[M::process] read chunk (19660800 bytes/CG x 1 CGs, 19660440 bytes)...
slave pre done
now n is 103478
processed 103478
[M::mem_process_seqs_merge2] Processed 103478 reads in 0.160 CPU sec, 5.067 real sec
slave pre done
now n is 103478
processed 103478
[M::mem_process_seqs_merge2] Processed 103478 reads in 0.150 CPU sec, 5.102 real sec
slave pre done
now n is 103478
processed 103478
[M::mem_process_seqs_merge2] Processed 103478 reads in 0.120 CPU sec, 5.026 real sec
[M::process] read chunk (19660800 bytes/CG x 1 CGs, 19660820 bytes)...
slave pre done
now n is 103478
processed 103478
[M::mem_process_seqs_merge2] Processed 103478 reads in 0.070 CPU sec, 5.164 real sec
slave pre done
now n is 103478
[M::process] read chunk (19660800 bytes/CG x 1 CGs, 19660440 bytes)...
processed 103478
[M::mem_process_seqs_merge2] Processed 103478 reads in 0.170 CPU sec, 5.721 real sec
[M::mem_process_seqs_merge2] CPE FASTQ formatting done
[M::process] read chunk (19660800 bytes/CG x 1 CGs, 19660820 bytes)...
[M::process] read chunk (19660800 bytes/CG x 1 CGs, 19660440 bytes)...
slave pre done
now n is 103478
processed 103478
[M::mem_process_seqs_merge2] Processed 103478 reads in 0.180 CPU sec, 5.106 real sec
[M::process] read chunk (19660800 bytes/CG x 1 CGs, 19660820 bytes)...
[M::process] read chunk (19660800 bytes/CG x 1 CGs, 19660820 bytes)...
[M::process] read chunk (19660800 bytes/CG x 1 CGs, 19660820 bytes)...
[M::mem_process_seqs_merge2] CPE FASTQ formatting done
[M::mem_process_seqs_merge2] CPE FASTQ formatting done
[M::mem_process_seqs_merge2] CPE FASTQ formatting done
[M::mem_process_seqs_merge2] CPE FASTQ formatting done
[M::mem_process_seqs_merge2] CPE FASTQ formatting done
slave pre done
now n is 103478
processed 103478
[M::mem_process_seqs_merge2] Processed 103478 reads in 0.110 CPU sec, 4.803 real sec
[M::mem_process_seqs_merge2] CPE FASTQ formatting done
[M::mem_process_seqs_merge2] CPE FASTQ formatting done
slave pre done
now n is 103478
processed 103478
[M::mem_process_seqs_merge2] Processed 103478 reads in 0.110 CPU sec, 5.083 real sec
[M::mem_process_seqs_merge2] CPE FASTQ formatting done
[M::process] read chunk (19660800 bytes/CG x 1 CGs, 19660820 bytes)...
slave pre done
now n is 103478
processed 103478
[M::mem_process_seqs_merge2] Processed 103478 reads in 0.120 CPU sec, 5.119 real sec
[M::process] read chunk (19660800 bytes/CG x 1 CGs, 19660820 bytes)...
[M::process] read chunk (19660800 bytes/CG x 1 CGs, 19660820 bytes)...
slave pre done
now n is 103478
processed 103478
[M::mem_process_seqs_merge2] Processed 103478 reads in 0.120 CPU sec, 5.075 real sec
slave pre done
now n is 103478
processed 103478
[M::mem_process_seqs_merge2] Processed 103478 reads in 0.150 CPU sec, 5.046 real sec
[M::mem_process_seqs_merge2] CPE FASTQ formatting done
[M::mem_process_seqs_merge2] CPE FASTQ formatting done
[M::process] read chunk (19660800 bytes/CG x 1 CGs, 19660820 bytes)...
slave pre done
now n is 103478
processed 103478
[M::mem_process_seqs_merge2] Processed 103478 reads in 0.130 CPU sec, 5.252 real sec
[M::process] read chunk (19660800 bytes/CG x 1 CGs, 19660820 bytes)...
[M::mem_process_seqs_merge2] CPE FASTQ formatting done
[M::mem_process_seqs_merge2] CPE FASTQ formatting done
[M::process] read chunk (19660800 bytes/CG x 1 CGs, 19660820 bytes)...
[M::mem_process_seqs_merge2] CPE FASTQ formatting done
slave pre done
now n is 103478
processed 103478
[M::mem_process_seqs_merge2] Processed 103478 reads in 0.160 CPU sec, 5.133 real sec
slave pre done
now n is 103478
processed 103478
[M::mem_process_seqs_merge2] Processed 103478 reads in 0.160 CPU sec, 5.104 real sec
[M::mem_process_seqs_merge2] CPE FASTQ formatting done
[M::process] read chunk (19660800 bytes/CG x 1 CGs, 19660820 bytes)...
[M::process] read chunk (19660800 bytes/CG x 1 CGs, 19660820 bytes)...
[M::mem_process_seqs_merge2] CPE FASTQ formatting done
[M::mem_process_seqs_merge2] CPE FASTQ formatting done
slave pre done
now n is 103478
processed 103478
[M::mem_process_seqs_merge2] Processed 103478 reads in 0.210 CPU sec, 4.989 real sec
slave pre done
now n is 103478
processed 103478
[M::process] read chunk (19660800 bytes/CG x 1 CGs, 19660820 bytes)...
[M::mem_process_seqs_merge2] Processed 103478 reads in 0.170 CPU sec, 4.982 real sec
slave pre done
now n is 103478
slave pre done
now n is 103478
processed 103478
[M::mem_process_seqs_merge2] Processed 103478 reads in 0.160 CPU sec, 5.478 real sec
processed 103478
[M::mem_process_seqs_merge2] Processed 103478 reads in 0.070 CPU sec, 5.221 real sec
slave pre done
now n is 103478
[M::process] read chunk (19660800 bytes/CG x 1 CGs, 19660820 bytes)...
processed 103478
[M::mem_process_seqs_merge2] Processed 103478 reads in 0.150 CPU sec, 5.189 real sec
slave pre done
now n is 103478
processed 103478
[M::mem_process_seqs_merge2] Processed 103478 reads in 0.080 CPU sec, 5.204 real sec
[M::process] read chunk (19660800 bytes/CG x 1 CGs, 19660820 bytes)...
[M::process] read chunk (19660800 bytes/CG x 1 CGs, 19660820 bytes)...
slave pre done
now n is 103478
processed 103478
[M::mem_process_seqs_merge2] Processed 103478 reads in 0.220 CPU sec, 5.010 real sec
[M::mem_process_seqs_merge2] CPE FASTQ formatting done
[M::process] read chunk (19660800 bytes/CG x 1 CGs, 19660820 bytes)...
[M::process] read chunk (19660800 bytes/CG x 1 CGs, 19660820 bytes)...
[M::mem_process_seqs_merge2] CPE FASTQ formatting done
[M::process] read chunk (19660800 bytes/CG x 1 CGs, 19660820 bytes)...
slave pre done
now n is 103478
processed 103478
[M::mem_process_seqs_merge2] Processed 103478 reads in 0.130 CPU sec, 4.988 real sec
[M::mem_process_seqs_merge2] CPE FASTQ formatting done
[M::mem_process_seqs_merge2] CPE FASTQ formatting done
[M::process] read chunk (19660800 bytes/CG x 1 CGs, 19660820 bytes)...
[M::mem_process_seqs_merge2] CPE FASTQ formatting done
[M::mem_process_seqs_merge2] CPE FASTQ formatting done
[M::mem_process_seqs_merge2] CPE FASTQ formatting done
slave pre done
now n is 103476
processed 103476
[M::mem_process_seqs_merge2] Processed 103476 reads in 0.160 CPU sec, 5.034 real sec
slave pre done
now n is 103476
[M::mem_process_seqs_merge2] CPE FASTQ formatting done
processed 103476
[M::mem_process_seqs_merge2] Processed 103476 reads in 0.150 CPU sec, 5.106 real sec
slave pre done
now n is 103478
processed 103478
[M::mem_process_seqs_merge2] Processed 103478 reads in 0.050 CPU sec, 5.128 real sec
slave pre done
now n is 103478
[M::process] read chunk (19660800 bytes/CG x 1 CGs, 19660820 bytes)...
processed 103478
[M::mem_process_seqs_merge2] Processed 103478 reads in 0.110 CPU sec, 5.052 real sec
[M::process] read chunk (19660800 bytes/CG x 1 CGs, 19660820 bytes)...
slave pre done
now n is 103478
[M::process] read chunk (19660800 bytes/CG x 1 CGs, 19660820 bytes)...
processed 103478
[M::mem_process_seqs_merge2] Processed 103478 reads in 0.090 CPU sec, 5.181 real sec
slave pre done
now n is 103478
processed 103478
[M::process] read chunk (19660800 bytes/CG x 1 CGs, 19660820 bytes)...
[M::mem_process_seqs_merge2] Processed 103478 reads in 0.140 CPU sec, 5.065 real sec
slave pre done
now n is 103476
processed 103476
[M::mem_process_seqs_merge2] Processed 103476 reads in 0.090 CPU sec, 5.060 real sec
[M::mem_process_seqs_merge2] CPE FASTQ formatting done
[M::process] read chunk (19660800 bytes/CG x 1 CGs, 19660820 bytes)...
[M::process] read chunk (19660800 bytes/CG x 1 CGs, 19660820 bytes)...
[M::mem_process_seqs_merge2] CPE FASTQ formatting done
[M::process] read chunk (19660800 bytes/CG x 1 CGs, 19660820 bytes)...
slave pre done
now n is 103478
processed 103478
[M::mem_process_seqs_merge2] Processed 103478 reads in 0.180 CPU sec, 5.289 real sec
[M::mem_process_seqs_merge2] CPE FASTQ formatting done
[M::mem_process_seqs_merge2] CPE FASTQ formatting done
[M::process] read chunk (19660800 bytes/CG x 1 CGs, 19660820 bytes)...
[M::mem_process_seqs_merge2] CPE FASTQ formatting done
[M::mem_process_seqs_merge2] CPE FASTQ formatting done
[M::mem_process_seqs_merge2] CPE FASTQ formatting done
slave pre done
now n is 103478
processed 103478
[M::mem_process_seqs_merge2] Processed 103478 reads in 0.330 CPU sec, 5.094 real sec
slave pre done
now n is 103478
[M::mem_process_seqs_merge2] CPE FASTQ formatting done
processed 103478
[M::mem_process_seqs_merge2] Processed 103478 reads in 0.160 CPU sec, 5.300 real sec
slave pre done
now n is 103478
processed 103478
[M::mem_process_seqs_merge2] Processed 103478 reads in 0.190 CPU sec, 4.960 real sec
[M::process] read chunk (19660800 bytes/CG x 1 CGs, 19660820 bytes)...
slave pre done
now n is 103478
[M::process] read chunk (19660800 bytes/CG x 1 CGs, 19660820 bytes)...
processed 103478
[M::mem_process_seqs_merge2] Processed 103478 reads in 0.160 CPU sec, 5.072 real sec
[M::process] read chunk (19660800 bytes/CG x 1 CGs, 19660820 bytes)...
[M::process] read chunk (19660800 bytes/CG x 1 CGs, 19660440 bytes)...
slave pre done
now n is 103478
processed 103478
[M::mem_process_seqs_merge2] Processed 103478 reads in 0.120 CPU sec, 5.310 real sec
slave pre done
now n is 103478
processed 103478
[M::mem_process_seqs_merge2] Processed 103478 reads in 0.060 CPU sec, 5.070 real sec
[M::mem_process_seqs_merge2] CPE FASTQ formatting done
[M::process] read chunk (19660800 bytes/CG x 1 CGs, 19660820 bytes)...
[M::process] read chunk (19660800 bytes/CG x 1 CGs, 19660820 bytes)...
[M::mem_process_seqs_merge2] CPE FASTQ formatting done
[M::mem_process_seqs_merge2] CPE FASTQ formatting done
[M::mem_process_seqs_merge2] CPE FASTQ formatting done
[M::mem_process_seqs_merge2] CPE FASTQ formatting done
slave pre done
now n is 103478
processed 103478
[M::mem_process_seqs_merge2] Processed 103478 reads in 0.220 CPU sec, 5.249 real sec
[M::mem_process_seqs_merge2] CPE FASTQ formatting done
slave pre done
now n is 103478
processed 103478
[M::mem_process_seqs_merge2] Processed 103478 reads in 0.190 CPU sec, 5.342 real sec
[M::process] read chunk (19660800 bytes/CG x 1 CGs, 19660820 bytes)...
[M::process] read chunk (19660800 bytes/CG x 1 CGs, 19660820 bytes)...
[M::mem_process_seqs_merge2] CPE FASTQ formatting done
slave pre done
now n is 103478
slave pre done
now n is 103478
[M::mem_process_seqs_merge2] CPE FASTQ formatting done
processed 103478
[M::mem_process_seqs_merge2] Processed 103478 reads in 0.140 CPU sec, 5.016 real sec
processed 103478
[M::mem_process_seqs_merge2] Processed 103478 reads in 0.210 CPU sec, 5.267 real sec
[M::process] read chunk (19660800 bytes/CG x 1 CGs, 19660820 bytes)...
[M::process] read chunk (19660800 bytes/CG x 1 CGs, 19660820 bytes)...
slave pre done
now n is 103478
processed 103478
[M::mem_process_seqs_merge2] Processed 103478 reads in 0.100 CPU sec, 5.109 real sec
slave pre done
now n is 103478
processed 103478
[M::mem_process_seqs_merge2] Processed 103478 reads in 0.130 CPU sec, 5.101 real sec
[M::mem_process_seqs_merge2] CPE FASTQ formatting done
[M::mem_process_seqs_merge2] CPE FASTQ formatting done
slave pre done
now n is 103478
processed 103478
[M::mem_process_seqs_merge2] Processed 103478 reads in 0.180 CPU sec, 5.028 real sec
[M::process] read chunk (19660800 bytes/CG x 1 CGs, 19660820 bytes)...
slave pre done
now n is 103478
processed 103478
[M::mem_process_seqs_merge2] Processed 103478 reads in 0.180 CPU sec, 5.378 real sec
[M::process] read chunk (19660800 bytes/CG x 1 CGs, 19660820 bytes)...
slave pre done
now n is 103478
processed 103478
[M::mem_process_seqs_merge2] Processed 103478 reads in 0.150 CPU sec, 4.987 real sec
slave pre done
now n is 103478
[M::process] read chunk (19660800 bytes/CG x 1 CGs, 19660820 bytes)...
processed 103478
[M::mem_process_seqs_merge2] Processed 103478 reads in 0.140 CPU sec, 5.274 real sec
[M::process] read chunk (19660800 bytes/CG x 1 CGs, 19660820 bytes)...
[M::process] read chunk (19660800 bytes/CG x 1 CGs, 19660820 bytes)...
[M::mem_process_seqs_merge2] CPE FASTQ formatting done
[M::process] read chunk (19660800 bytes/CG x 1 CGs, 19660820 bytes)...
[M::mem_process_seqs_merge2] CPE FASTQ formatting done
slave pre done
now n is 103478
processed 103478
[M::mem_process_seqs_merge2] Processed 103478 reads in 0.040 CPU sec, 5.094 real sec
slave pre done
now n is 103478
[M::mem_process_seqs_merge2] CPE FASTQ formatting done
processed 103478
[M::mem_process_seqs_merge2] Processed 103478 reads in 0.210 CPU sec, 5.030 real sec
slave pre done
now n is 103478
processed 103478
[M::mem_process_seqs_merge2] Processed 103478 reads in 0.150 CPU sec, 4.916 real sec
[M::process] read chunk (19660800 bytes/CG x 1 CGs, 19660820 bytes)...
[M::mem_process_seqs_merge2] CPE FASTQ formatting done
[M::process] read chunk (19660800 bytes/CG x 1 CGs, 19660664 bytes)...
[M::process] read chunk (19660800 bytes/CG x 1 CGs, 19660820 bytes)...
slave pre done
now n is 103478
slave pre done
now n is 103478
processed 103478
[M::mem_process_seqs_merge2] Processed 103478 reads in 0.070 CPU sec, 4.980 real sec
processed 103478
[M::mem_process_seqs_merge2] Processed 103478 reads in 0.180 CPU sec, 5.002 real sec
[M::mem_process_seqs_merge2] CPE FASTQ formatting done
slave pre done
now n is 103478
slave pre done
now n is 103478
processed 103478
[M::mem_process_seqs_merge2] Processed 103478 reads in 0.110 CPU sec, 4.972 real sec
processed 103478
[M::mem_process_seqs_merge2] Processed 103478 reads in 0.060 CPU sec, 5.086 real sec
[M::mem_process_seqs_merge2] CPE FASTQ formatting done
[M::process] read chunk (19660800 bytes/CG x 1 CGs, 19660820 bytes)...
[M::mem_process_seqs_merge2] CPE FASTQ formatting done
[M::process] read chunk (19660800 bytes/CG x 1 CGs, 19660664 bytes)...
[M::process] read chunk (19660800 bytes/CG x 1 CGs, 19660820 bytes)...
[M::mem_process_seqs_merge2] CPE FASTQ formatting done
[M::process] read chunk (19660800 bytes/CG x 1 CGs, 19660820 bytes)...
slave pre done
now n is 103478
processed 103478
[M::mem_process_seqs_merge2] Processed 103478 reads in 0.160 CPU sec, 4.991 real sec
[M::mem_process_seqs_merge2] CPE FASTQ formatting done
[M::process] read chunk (19660800 bytes/CG x 1 CGs, 19660820 bytes)...
[M::mem_process_seqs_merge2] CPE FASTQ formatting done
[M::mem_process_seqs_merge2] CPE FASTQ formatting done
[M::mem_process_seqs_merge2] CPE FASTQ formatting done
[M::mem_process_seqs_merge2] CPE FASTQ formatting done
slave pre done
now n is 103478
processed 103478
[M::mem_process_seqs_merge2] Processed 103478 reads in 0.120 CPU sec, 5.030 real sec
[M::mem_process_seqs_merge2] CPE FASTQ formatting done
slave pre done
now n is 103476
processed 103476
[M::mem_process_seqs_merge2] Processed 103476 reads in 0.120 CPU sec, 4.754 real sec
[M::process] read chunk (19660800 bytes/CG x 1 CGs, 19660664 bytes)...
[M::process] read chunk (19660800 bytes/CG x 1 CGs, 19660664 bytes)...
slave pre done
now n is 103478
processed 103478
[M::mem_process_seqs_merge2] Processed 103478 reads in 0.190 CPU sec, 5.056 real sec
slave pre done
now n is 103478
processed 103478
[M::mem_process_seqs_merge2] Processed 103478 reads in 0.170 CPU sec, 5.298 real sec
slave pre done
now n is 103478
[M::process] read chunk (19660800 bytes/CG x 1 CGs, 19660664 bytes)...
processed 103478
[M::mem_process_seqs_merge2] Processed 103478 reads in 0.110 CPU sec, 5.073 real sec
[M::mem_process_seqs_merge2] CPE FASTQ formatting done
[M::process] read chunk (19660800 bytes/CG x 1 CGs, 19661136 bytes)...
[M::mem_process_seqs_merge2] CPE FASTQ formatting done
slave pre done
now n is 103478
processed 103478
[M::mem_process_seqs_merge2] Processed 103478 reads in 0.090 CPU sec, 5.187 real sec
[M::process] read chunk (19660800 bytes/CG x 1 CGs, 19661040 bytes)...
[M::process] read chunk (19660800 bytes/CG x 1 CGs, 19660664 bytes)...
slave pre done
now n is 103478
processed 103478
[M::mem_process_seqs_merge2] Processed 103478 reads in 0.180 CPU sec, 4.941 real sec
slave pre done
now n is 103478
processed 103478
[M::mem_process_seqs_merge2] Processed 103478 reads in 0.060 CPU sec, 5.015 real sec
[M::process] read chunk (19660800 bytes/CG x 1 CGs, 19660664 bytes)...
[M::mem_process_seqs_merge2] CPE FASTQ formatting done
[M::mem_process_seqs_merge2] CPE FASTQ formatting done
[M::process] read chunk (19660800 bytes/CG x 1 CGs, 19660820 bytes)...
[M::mem_process_seqs_merge2] CPE FASTQ formatting done
[M::mem_process_seqs_merge2] CPE FASTQ formatting done
[M::mem_process_seqs_merge2] CPE FASTQ formatting done
slave pre done
now n is 103478
processed 103478
[M::mem_process_seqs_merge2] Processed 103478 reads in 0.290 CPU sec, 4.972 real sec
slave pre done
now n is 103478
[M::mem_process_seqs_merge2] CPE FASTQ formatting done
processed 103478
[M::mem_process_seqs_merge2] Processed 103478 reads in 0.180 CPU sec, 5.040 real sec
[M::process] read chunk (19660800 bytes/CG x 1 CGs, 19660664 bytes)...
[M::process] read chunk (19660800 bytes/CG x 1 CGs, 19660440 bytes)...
slave pre done
now n is 103478
processed 103478
[M::mem_process_seqs_merge2] Processed 103478 reads in 0.130 CPU sec, 5.137 real sec
[M::mem_process_seqs_merge2] CPE FASTQ formatting done
[M::mem_process_seqs_merge2] CPE FASTQ formatting done
[M::process] read chunk (19660800 bytes/CG x 1 CGs, 19660820 bytes)...
slave pre done
now n is 103478
processed 103478
[M::mem_process_seqs_merge2] Processed 103478 reads in 0.190 CPU sec, 5.048 real sec
slave pre done
now n is 103478
processed 103478
[M::mem_process_seqs_merge2] Processed 103478 reads in 0.090 CPU sec, 5.201 real sec
slave pre done
now n is 103478
processed 103478
[M::mem_process_seqs_merge2] Processed 103478 reads in 0.130 CPU sec, 4.955 real sec
[M::process] read chunk (19660800 bytes/CG x 1 CGs, 19660664 bytes)...
[M::mem_process_seqs_merge2] CPE FASTQ formatting done
slave pre done
now n is 103478
[M::process] read chunk (19660800 bytes/CG x 1 CGs, 19661040 bytes)...
processed 103478
[M::mem_process_seqs_merge2] Processed 103478 reads in 0.190 CPU sec, 4.973 real sec
[M::process] read chunk (19660800 bytes/CG x 1 CGs, 19661040 bytes)...
slave pre done
now n is 103478
processed 103478
[M::mem_process_seqs_merge2] Processed 103478 reads in 0.090 CPU sec, 5.057 real sec
[M::process] read chunk (19660800 bytes/CG x 1 CGs, 19660664 bytes)...
[M::mem_process_seqs_merge2] CPE FASTQ formatting done
slave pre done
now n is 103478
processed 103478
[M::mem_process_seqs_merge2] Processed 103478 reads in 0.120 CPU sec, 5.118 real sec
slave pre done
now n is 103478
processed 103478
[M::mem_process_seqs_merge2] Processed 103478 reads in 0.170 CPU sec, 5.025 real sec
[M::process] read chunk (19660800 bytes/CG x 1 CGs, 19661040 bytes)...
[M::process] read chunk (19660800 bytes/CG x 1 CGs, 19660820 bytes)...
slave pre done
now n is 104578
[M::process] read chunk (19660800 bytes/CG x 1 CGs, 19660664 bytes)...
processed 104578
[M::mem_process_seqs_merge2] Processed 104578 reads in 0.080 CPU sec, 4.961 real sec
slave pre done
now n is 103478
slave pre done
now n is 104578
processed 103478
[M::mem_process_seqs_merge2] Processed 103478 reads in 0.090 CPU sec, 5.000 real sec
slave pre done
now n is 103478
processed 104578
[M::mem_process_seqs_merge2] Processed 104578 reads in 0.090 CPU sec, 5.085 real sec
processed 103478
[M::mem_process_seqs_merge2] Processed 103478 reads in 0.150 CPU sec, 5.290 real sec
[M::mem_process_seqs_merge2] CPE FASTQ formatting done
[M::mem_process_seqs_merge2] CPE FASTQ formatting done
[M::process] read chunk (19660800 bytes/CG x 1 CGs, 19660820 bytes)...
slave pre done
now n is 103478
processed 103478
[M::mem_process_seqs_merge2] Processed 103478 reads in 0.120 CPU sec, 5.046 real sec
[M::mem_process_seqs_merge2] CPE FASTQ formatting done
[M::mem_process_seqs_merge2] CPE FASTQ formatting done
[M::process] read chunk (19660800 bytes/CG x 1 CGs, 19661040 bytes)...
[M::process] read chunk (19660800 bytes/CG x 1 CGs, 19661040 bytes)...
[M::process] read chunk (19660800 bytes/CG x 1 CGs, 19660820 bytes)...
[M::mem_process_seqs_merge2] CPE FASTQ formatting done
[M::process] read chunk (19660800 bytes/CG x 1 CGs, 19660632 bytes)...
[M::mem_process_seqs_merge2] CPE FASTQ formatting done
slave pre done
now n is 103478
processed 103478
[M::mem_process_seqs_merge2] Processed 103478 reads in 0.140 CPU sec, 5.252 real sec
[M::mem_process_seqs_merge2] CPE FASTQ formatting done
[M::mem_process_seqs_merge2] CPE FASTQ formatting done
[M::mem_process_seqs_merge2] CPE FASTQ formatting done
[M::process] read chunk (19660800 bytes/CG x 1 CGs, 19660776 bytes)...
[M::mem_process_seqs_merge2] CPE FASTQ formatting done
[M::mem_process_seqs_merge2] CPE FASTQ formatting done
slave pre done
now n is 104578
processed 104578
[M::mem_process_seqs_merge2] Processed 104578 reads in 0.050 CPU sec, 5.047 real sec
[M::mem_process_seqs_merge2] CPE FASTQ formatting done
slave pre done
now n is 104578
processed 104578
[M::mem_process_seqs_merge2] Processed 104578 reads in 0.050 CPU sec, 5.094 real sec
[M::process] read chunk (19660800 bytes/CG x 1 CGs, 19660820 bytes)...
[M::process] read chunk (19660800 bytes/CG x 1 CGs, 19660820 bytes)...
[M::mem_process_seqs_merge2] CPE FASTQ formatting done
slave pre done
now n is 103706
processed 103706
[M::mem_process_seqs_merge2] Processed 103706 reads in 0.250 CPU sec, 4.964 real sec
[M::mem_process_seqs_merge2] CPE FASTQ formatting done
slave pre done
now n is 104578
processed 104578
[M::mem_process_seqs_merge2] Processed 104578 reads in 0.110 CPU sec, 5.172 real sec
[M::process] read chunk (19660800 bytes/CG x 1 CGs, 19660820 bytes)...
slave pre done
now n is 104578
processed 104578
[M::mem_process_seqs_merge2] Processed 104578 reads in 0.040 CPU sec, 5.048 real sec
[M::process] read chunk (19660800 bytes/CG x 1 CGs, 19660440 bytes)...
slave pre done
now n is 104578
processed 104578
[M::mem_process_seqs_merge2] Processed 104578 reads in 0.210 CPU sec, 5.154 real sec
slave pre done
now n is 104580
processed 104580
[M::mem_process_seqs_merge2] Processed 104580 reads in 0.150 CPU sec, 5.331 real sec
[M::process] read chunk (19660800 bytes/CG x 1 CGs, 19660820 bytes)...
slave pre done
now n is 103478
processed 103478
[M::mem_process_seqs_merge2] Processed 103478 reads in 0.130 CPU sec, 5.167 real sec
[M::process] read chunk (19660800 bytes/CG x 1 CGs, 19660820 bytes)...
[M::process] read chunk (19660800 bytes/CG x 1 CGs, 19660820 bytes)...
[M::process] read chunk (19660800 bytes/CG x 1 CGs, 19660820 bytes)...
[M::mem_process_seqs_merge2] CPE FASTQ formatting done
[M::mem_process_seqs_merge2] CPE FASTQ formatting done
slave pre done
now n is 103476
processed 103476
[M::mem_process_seqs_merge2] Processed 103476 reads in 0.130 CPU sec, 5.009 real sec
[M::mem_process_seqs_merge2] CPE FASTQ formatting done
[M::mem_process_seqs_merge2] CPE FASTQ formatting done
[M::mem_process_seqs_merge2] CPE FASTQ formatting done
[M::mem_process_seqs_merge2] CPE FASTQ formatting done
[M::process] read chunk (19660800 bytes/CG x 1 CGs, 19660820 bytes)...
slave pre done
now n is 103478
processed 103478
[M::mem_process_seqs_merge2] Processed 103478 reads in 0.130 CPU sec, 5.036 real sec
[M::mem_process_seqs_merge2] CPE FASTQ formatting done
[M::process] read chunk (19660800 bytes/CG x 1 CGs, 19660820 bytes)...
slave pre done
now n is 104578
processed 104578
[M::mem_process_seqs_merge2] Processed 104578 reads in 0.140 CPU sec, 6.088 real sec
[M::mem_process_seqs_merge2] CPE FASTQ formatting done
[M::process] read chunk (19660800 bytes/CG x 1 CGs, 19660820 bytes)...
slave pre done
now n is 104578
slave pre done
now n is 104580
processed 104578
[M::mem_process_seqs_merge2] Processed 104578 reads in 0.170 CPU sec, 5.860 real sec
processed 104580
[M::mem_process_seqs_merge2] Processed 104580 reads in 0.160 CPU sec, 5.200 real sec
slave pre done
now n is 104580
processed 104580
[M::mem_process_seqs_merge2] Processed 104580 reads in 0.160 CPU sec, 5.295 real sec
[M::mem_process_seqs_merge2] CPE FASTQ formatting done
[M::process] read chunk (19660800 bytes/CG x 1 CGs, 19660820 bytes)...
[M::process] read chunk (19660800 bytes/CG x 1 CGs, 19660820 bytes)...
slave pre done
now n is 104578
slave pre done
now n is 103478
processed 104578
[M::mem_process_seqs_merge2] Processed 104578 reads in 0.140 CPU sec, 5.223 real sec
slave pre done
now n is 104578
[M::process] read chunk (19660800 bytes/CG x 1 CGs, 19660820 bytes)...
processed 103478
[M::mem_process_seqs_merge2] Processed 103478 reads in 0.170 CPU sec, 5.342 real sec
processed 104578
[M::mem_process_seqs_merge2] Processed 104578 reads in 0.070 CPU sec, 5.118 real sec
[M::process] read chunk (19660800 bytes/CG x 1 CGs, 19660820 bytes)...
[M::process] read chunk (19660800 bytes/CG x 1 CGs, 19660820 bytes)...
slave pre done
now n is 103478
[M::process] read chunk (19660800 bytes/CG x 1 CGs, 19660820 bytes)...
processed 103478
[M::mem_process_seqs_merge2] Processed 103478 reads in 0.120 CPU sec, 5.016 real sec
slave pre done
now n is 104580
processed 104580
[M::mem_process_seqs_merge2] Processed 104580 reads in 0.370 CPU sec, 5.842 real sec
slave pre done
now n is 104580
[M::mem_process_seqs_merge2] CPE FASTQ formatting done
processed 104580
[M::mem_process_seqs_merge2] Processed 104580 reads in 1.010 CPU sec, 5.210 real sec
slave pre done
now n is 103478
[M::process] read chunk (19660800 bytes/CG x 1 CGs, 19660820 bytes)...
processed 103478
[M::mem_process_seqs_merge2] Processed 103478 reads in 0.210 CPU sec, 5.356 real sec
[M::process] read chunk (19660800 bytes/CG x 1 CGs, 19660820 bytes)...
[M::process] read chunk (19660800 bytes/CG x 1 CGs, 19660820 bytes)...
[M::mem_process_seqs_merge2] CPE FASTQ formatting done
[M::mem_process_seqs_merge2] CPE FASTQ formatting done
[M::process] read chunk (19660800 bytes/CG x 1 CGs, 19660820 bytes)...
[M::mem_process_seqs_merge2] CPE FASTQ formatting done
[M::mem_process_seqs_merge2] CPE FASTQ formatting done
[M::mem_process_seqs_merge2] CPE FASTQ formatting done
[M::mem_process_seqs_merge2] CPE FASTQ formatting done
[M::mem_process_seqs_merge2] CPE FASTQ formatting done
[M::mem_process_seqs_merge2] CPE FASTQ formatting done
[M::mem_process_seqs_merge2] CPE FASTQ formatting done
slave pre done
now n is 103478
processed 103478
[M::mem_process_seqs_merge2] Processed 103478 reads in 0.190 CPU sec, 5.018 real sec
slave pre done
now n is 103478
processed 103478
[M::mem_process_seqs_merge2] Processed 103478 reads in 0.070 CPU sec, 5.082 real sec
[M::process] read chunk (19660800 bytes/CG x 1 CGs, 19660820 bytes)...
[M::process] read chunk (19660800 bytes/CG x 1 CGs, 19660820 bytes)...
slave pre done
now n is 105696
slave pre done
now n is 104580
processed 105696
[M::mem_process_seqs_merge2] Processed 105696 reads in 0.130 CPU sec, 6.262 real sec
processed 104580
[M::mem_process_seqs_merge2] Processed 104580 reads in 0.150 CPU sec, 6.602 real sec
[M::process] read chunk (19660800 bytes/CG x 1 CGs, 19660820 bytes)...
[M::process] read chunk (19660800 bytes/CG x 1 CGs, 19660820 bytes)...
[M::mem_process_seqs_merge2] CPE FASTQ formatting done
[M::mem_process_seqs_merge2] CPE FASTQ formatting done
slave pre done
now n is 105710
processed 105710
[M::mem_process_seqs_merge2] Processed 105710 reads in 0.140 CPU sec, 7.058 real sec
slave pre done
now n is 103478
processed 103478
[M::mem_process_seqs_merge2] Processed 103478 reads in 0.190 CPU sec, 4.980 real sec
[M::process] read chunk (19660800 bytes/CG x 1 CGs, 19660820 bytes)...
[M::mem_process_seqs_merge2] CPE FASTQ formatting done
[M::mem_process_seqs_merge2] CPE FASTQ formatting done
[M::process] read chunk (19660800 bytes/CG x 1 CGs, 19660820 bytes)...
slave pre done
now n is 103476
slave pre done
now n is 103478
slave pre done
now n is 103478
processed 103476
[M::mem_process_seqs_merge2] Processed 103476 reads in 0.140 CPU sec, 5.045 real sec
processed 103478
[M::mem_process_seqs_merge2] Processed 103478 reads in 0.190 CPU sec, 5.101 real sec
processed 103478
[M::mem_process_seqs_merge2] Processed 103478 reads in 0.170 CPU sec, 5.261 real sec
[M::mem_process_seqs_merge2] CPE FASTQ formatting done
slave pre done
now n is 103478
slave pre done
now n is 103478
processed 103478
[M::mem_process_seqs_merge2] Processed 103478 reads in 0.150 CPU sec, 5.055 real sec
processed 103478
[M::mem_process_seqs_merge2] Processed 103478 reads in 0.120 CPU sec, 5.017 real sec
[M::process] read chunk (19660800 bytes/CG x 1 CGs, 19660820 bytes)...
[M::process] read chunk (19660800 bytes/CG x 1 CGs, 19660820 bytes)...
[M::process] read chunk (19660800 bytes/CG x 1 CGs, 19660820 bytes)...
[M::process] read chunk (19660800 bytes/CG x 1 CGs, 19660820 bytes)...
[M::mem_process_seqs_merge2] CPE FASTQ formatting done
[M::process] read chunk (19660800 bytes/CG x 1 CGs, 19660820 bytes)...
[M::mem_process_seqs_merge2] CPE FASTQ formatting done
[M::mem_process_seqs_merge2] CPE FASTQ formatting done
slave pre done
now n is 103478
processed 103478
[M::mem_process_seqs_merge2] Processed 103478 reads in 0.110 CPU sec, 5.367 real sec
slave pre done
now n is 103478
[M::mem_process_seqs_merge2] CPE FASTQ formatting done
processed 103478
[M::mem_process_seqs_merge2] Processed 103478 reads in 0.170 CPU sec, 4.948 real sec
[M::mem_process_seqs_merge2] CPE FASTQ formatting done
[M::process] read chunk (19660800 bytes/CG x 1 CGs, 19660820 bytes)...
[M::mem_process_seqs_merge2] CPE FASTQ formatting done
[M::process] read chunk (19660800 bytes/CG x 1 CGs, 19660820 bytes)...
slave pre done
now n is 103478
processed 103478
[M::mem_process_seqs_merge2] Processed 103478 reads in 0.150 CPU sec, 4.924 real sec
[M::mem_process_seqs_merge2] CPE FASTQ formatting done
[M::process] read chunk (19660800 bytes/CG x 1 CGs, 19660820 bytes)...
[M::mem_process_seqs_merge2] CPE FASTQ formatting done
slave pre done
now n is 103478
processed 103478
[M::mem_process_seqs_merge2] Processed 103478 reads in 0.160 CPU sec, 4.945 real sec
[M::process] read chunk (19660800 bytes/CG x 1 CGs, 19660820 bytes)...
[M::mem_process_seqs_merge2] CPE FASTQ formatting done
slave pre done
now n is 103478
processed 103478
[M::mem_process_seqs_merge2] Processed 103478 reads in 0.130 CPU sec, 4.967 real sec
slave pre done
now n is 103478
processed 103478
[M::mem_process_seqs_merge2] Processed 103478 reads in 0.100 CPU sec, 5.171 real sec
slave pre done
now n is 103478
[M::process] read chunk (19660800 bytes/CG x 1 CGs, 19660820 bytes)...
processed 103478
[M::mem_process_seqs_merge2] Processed 103478 reads in 0.210 CPU sec, 4.987 real sec
slave pre done
now n is 103478
[M::process] read chunk (19660800 bytes/CG x 1 CGs, 19660820 bytes)...
processed 103478
[M::mem_process_seqs_merge2] Processed 103478 reads in 0.210 CPU sec, 5.144 real sec
slave pre done
now n is 103478
slave pre done
now n is 103478
[M::mem_process_seqs_merge2] CPE FASTQ formatting done
processed 103478
[M::mem_process_seqs_merge2] Processed 103478 reads in 0.070 CPU sec, 5.024 real sec
processed 103478
[M::mem_process_seqs_merge2] Processed 103478 reads in 0.210 CPU sec, 5.018 real sec
slave pre done
now n is 103478
slave pre done
now n is 103478
processed 103478
[M::mem_process_seqs_merge2] Processed 103478 reads in 0.490 CPU sec, 5.035 real sec
processed 103478
[M::mem_process_seqs_merge2] Processed 103478 reads in 0.110 CPU sec, 5.077 real sec
[M::process] read chunk (19660800 bytes/CG x 1 CGs, 19660820 bytes)...
slave pre done
now n is 103478
[M::process] read chunk (19660800 bytes/CG x 1 CGs, 19660820 bytes)...
[M::process] read chunk (19660800 bytes/CG x 1 CGs, 19660820 bytes)...
processed 103478
[M::mem_process_seqs_merge2] Processed 103478 reads in 0.150 CPU sec, 5.160 real sec
[M::process] read chunk (19660800 bytes/CG x 1 CGs, 19660820 bytes)...
[M::process] read chunk (19660800 bytes/CG x 1 CGs, 19660440 bytes)...
[M::process] read chunk (19660800 bytes/CG x 1 CGs, 19660820 bytes)...
[M::mem_process_seqs_merge2] CPE FASTQ formatting done
[M::mem_process_seqs_merge2] CPE FASTQ formatting done
[M::process] read chunk (19660800 bytes/CG x 1 CGs, 19660820 bytes)...
[M::mem_process_seqs_merge2] CPE FASTQ formatting done
[M::mem_process_seqs_merge2] CPE FASTQ formatting done
[M::mem_process_seqs_merge2] CPE FASTQ formatting done
slave pre done
now n is 103478
processed 103478
[M::mem_process_seqs_merge2] Processed 103478 reads in 0.140 CPU sec, 5.010 real sec
slave pre done
now n is 103478
[M::mem_process_seqs_merge2] CPE FASTQ formatting done
processed 103478
[M::mem_process_seqs_merge2] Processed 103478 reads in 0.140 CPU sec, 5.014 real sec
[M::mem_process_seqs_merge2] CPE FASTQ formatting done
[M::process] read chunk (19660800 bytes/CG x 1 CGs, 19660820 bytes)...
[M::mem_process_seqs_merge2] CPE FASTQ formatting done
[M::process] read chunk (19660800 bytes/CG x 1 CGs, 19660820 bytes)...
[M::mem_process_seqs_merge2] CPE FASTQ formatting done
slave pre done
now n is 103478
processed 103478
[M::mem_process_seqs_merge2] Processed 103478 reads in 0.070 CPU sec, 5.106 real sec
slave pre done
now n is 103478
processed 103478
[M::mem_process_seqs_merge2] Processed 103478 reads in 0.160 CPU sec, 5.093 real sec
[M::mem_process_seqs_merge2] CPE FASTQ formatting done
[M::mem_process_seqs_merge2] CPE FASTQ formatting done
slave pre done
now n is 103478
processed 103478
[M::mem_process_seqs_merge2] Processed 103478 reads in 0.120 CPU sec, 5.010 real sec
[M::process] read chunk (19660800 bytes/CG x 1 CGs, 19660820 bytes)...
[M::process] read chunk (19660800 bytes/CG x 1 CGs, 19660820 bytes)...
[M::process] read chunk (19660800 bytes/CG x 1 CGs, 19660820 bytes)...
slave pre done
now n is 103478
processed 103478
[M::mem_process_seqs_merge2] Processed 103478 reads in 0.170 CPU sec, 5.064 real sec
[M::mem_process_seqs_merge2] CPE FASTQ formatting done
[M::process] read chunk (19660800 bytes/CG x 1 CGs, 19660820 bytes)...
slave pre done
now n is 103478
processed 103478
[M::mem_process_seqs_merge2] Processed 103478 reads in 0.070 CPU sec, 5.049 real sec
[M::mem_process_seqs_merge2] CPE FASTQ formatting done
slave pre done
now n is 103478
processed 103478
[M::mem_process_seqs_merge2] Processed 103478 reads in 0.120 CPU sec, 5.155 real sec
[M::mem_process_seqs_merge2] CPE FASTQ formatting done
[M::process] read chunk (19660800 bytes/CG x 1 CGs, 19660820 bytes)...
[M::process] read chunk (19660800 bytes/CG x 1 CGs, 19660820 bytes)...
slave pre done
now n is 103478
processed 103478
[M::mem_process_seqs_merge2] Processed 103478 reads in 0.150 CPU sec, 4.948 real sec
[M::mem_process_seqs_merge2] CPE FASTQ formatting done
slave pre done
now n is 103478
processed 103478
[M::mem_process_seqs_merge2] Processed 103478 reads in 0.100 CPU sec, 5.215 real sec
[M::process] read chunk (19660800 bytes/CG x 1 CGs, 19660820 bytes)...
[M::mem_process_seqs_merge2] CPE FASTQ formatting done
slave pre done
now n is 103478
processed 103478
[M::mem_process_seqs_merge2] Processed 103478 reads in 0.140 CPU sec, 5.548 real sec
[M::mem_process_seqs_merge2] CPE FASTQ formatting done
[M::process] read chunk (19660800 bytes/CG x 1 CGs, 19660820 bytes)...
slave pre done
now n is 103478
processed 103478
[M::mem_process_seqs_merge2] Processed 103478 reads in 0.100 CPU sec, 4.922 real sec
[M::process] read chunk (19660800 bytes/CG x 1 CGs, 19660820 bytes)...
[M::process] read chunk (19660800 bytes/CG x 1 CGs, 19660820 bytes)...
[M::mem_process_seqs_merge2] CPE FASTQ formatting done
slave pre done
now n is 103478
[M::mem_process_seqs_merge2] CPE FASTQ formatting done
processed 103478
[M::mem_process_seqs_merge2] Processed 103478 reads in 0.190 CPU sec, 5.321 real sec
[M::mem_process_seqs_merge2] CPE FASTQ formatting done
[M::mem_process_seqs_merge2] CPE FASTQ formatting done
[M::process] read chunk (19660800 bytes/CG x 1 CGs, 19660820 bytes)...
slave pre done
now n is 103478
processed 103478
[M::mem_process_seqs_merge2] Processed 103478 reads in 0.210 CPU sec, 5.129 real sec
[M::process] read chunk (19660800 bytes/CG x 1 CGs, 19660440 bytes)...
[M::mem_process_seqs_merge2] CPE FASTQ formatting done
slave pre done
now n is 103478
processed 103478
[M::mem_process_seqs_merge2] Processed 103478 reads in 0.220 CPU sec, 5.083 real sec
[M::mem_process_seqs_merge2] CPE FASTQ formatting done
slave pre done
now n is 103478
[M::process] read chunk (19660800 bytes/CG x 1 CGs, 19660820 bytes)...
processed 103478
[M::mem_process_seqs_merge2] Processed 103478 reads in 0.170 CPU sec, 4.984 real sec
[M::process] read chunk (19660800 bytes/CG x 1 CGs, 19660820 bytes)...
slave pre done
now n is 103478
processed 103478
[M::mem_process_seqs_merge2] Processed 103478 reads in 0.120 CPU sec, 5.259 real sec
[M::mem_process_seqs_merge2] CPE FASTQ formatting done
slave pre done
now n is 103478
processed 103478
[M::mem_process_seqs_merge2] Processed 103478 reads in 0.180 CPU sec, 5.106 real sec
slave pre done
now n is 103478
processed 103478
[M::mem_process_seqs_merge2] Processed 103478 reads in 0.610 CPU sec, 5.083 real sec
[M::process] read chunk (19660800 bytes/CG x 1 CGs, 19660820 bytes)...
[M::mem_process_seqs_merge2] CPE FASTQ formatting done
slave pre done
now n is 103478
processed 103478
[M::mem_process_seqs_merge2] Processed 103478 reads in 0.080 CPU sec, 5.338 real sec
slave pre done
now n is 103478
[M::process] read chunk (19660800 bytes/CG x 1 CGs, 19660820 bytes)...
processed 103478
[M::mem_process_seqs_merge2] Processed 103478 reads in 0.190 CPU sec, 5.134 real sec
[M::process] read chunk (19660800 bytes/CG x 1 CGs, 19660820 bytes)...
slave pre done
now n is 103478
processed 103478
[M::mem_process_seqs_merge2] Processed 103478 reads in 0.130 CPU sec, 4.974 real sec
slave pre done
now n is 103478
processed 103478
[M::mem_process_seqs_merge2] Processed 103478 reads in 0.060 CPU sec, 5.244 real sec
slave pre done
now n is 103476
processed 103476
[M::mem_process_seqs_merge2] Processed 103476 reads in 0.120 CPU sec, 5.067 real sec
[M::process] read chunk (19660800 bytes/CG x 1 CGs, 19660820 bytes)...
[M::mem_process_seqs_merge2] CPE FASTQ formatting done
[M::process] read chunk (19660800 bytes/CG x 1 CGs, 19660820 bytes)...
[M::process] read chunk (19660800 bytes/CG x 1 CGs, 19660820 bytes)...
[M::process] read chunk (19660800 bytes/CG x 1 CGs, 19660820 bytes)...
slave pre done
now n is 103478
processed 103478
[M::mem_process_seqs_merge2] Processed 103478 reads in 0.130 CPU sec, 4.894 real sec
[M::process] read chunk (19660800 bytes/CG x 1 CGs, 19660820 bytes)...
[M::mem_process_seqs_merge2] CPE FASTQ formatting done
slave pre done
now n is 103478
processed 103478
[M::mem_process_seqs_merge2] Processed 103478 reads in 0.120 CPU sec, 5.013 real sec
[M::mem_process_seqs_merge2] CPE FASTQ formatting done
[M::mem_process_seqs_merge2] CPE FASTQ formatting done
[M::process] read chunk (19660800 bytes/CG x 1 CGs, 19660820 bytes)...
[M::process] read chunk (19660800 bytes/CG x 1 CGs, 19660820 bytes)...
[M::mem_process_seqs_merge2] CPE FASTQ formatting done
slave pre done
now n is 103478
processed 103478
[M::mem_process_seqs_merge2] Processed 103478 reads in 0.120 CPU sec, 5.190 real sec
[M::mem_process_seqs_merge2] CPE FASTQ formatting done
slave pre done
now n is 103478
processed 103478
[M::mem_process_seqs_merge2] Processed 103478 reads in 0.210 CPU sec, 4.988 real sec
[M::process] read chunk (19660800 bytes/CG x 1 CGs, 19660820 bytes)...
[M::mem_process_seqs_merge2] CPE FASTQ formatting done
slave pre done
now n is 103478
[M::mem_process_seqs_merge2] CPE FASTQ formatting done
processed 103478
[M::mem_process_seqs_merge2] Processed 103478 reads in 0.090 CPU sec, 5.109 real sec
[M::process] read chunk (19660800 bytes/CG x 1 CGs, 19660820 bytes)...
[M::mem_process_seqs_merge2] CPE FASTQ formatting done
slave pre done
now n is 103478
processed 103478
[M::mem_process_seqs_merge2] Processed 103478 reads in 0.260 CPU sec, 5.077 real sec
[M::process] read chunk (19660800 bytes/CG x 1 CGs, 19660820 bytes)...
[M::mem_process_seqs_merge2] CPE FASTQ formatting done
[M::mem_process_seqs_merge2] CPE FASTQ formatting done
slave pre done
now n is 103478
[M::process] read chunk (19660800 bytes/CG x 1 CGs, 19660820 bytes)...
processed 103478
[M::mem_process_seqs_merge2] Processed 103478 reads in 0.190 CPU sec, 4.925 real sec
slave pre done
now n is 103478
processed 103478
[M::mem_process_seqs_merge2] Processed 103478 reads in 0.070 CPU sec, 5.020 real sec
[M::process] read chunk (19660800 bytes/CG x 1 CGs, 19660820 bytes)...
[M::process] read chunk (19660800 bytes/CG x 1 CGs, 19660820 bytes)...
[M::mem_process_seqs_merge2] CPE FASTQ formatting done
[M::mem_process_seqs_merge2] CPE FASTQ formatting done
[M::mem_process_seqs_merge2] CPE FASTQ formatting done
slave pre done
now n is 103478
processed 103478
[M::mem_process_seqs_merge2] Processed 103478 reads in 0.130 CPU sec, 5.060 real sec
[M::mem_process_seqs_merge2] CPE FASTQ formatting done
slave pre done
now n is 103478
processed 103478
[M::mem_process_seqs_merge2] Processed 103478 reads in 0.150 CPU sec, 5.031 real sec
[M::mem_process_seqs_merge2] CPE FASTQ formatting done
slave pre done
now n is 103478
processed 103478
[M::mem_process_seqs_merge2] Processed 103478 reads in 0.120 CPU sec, 5.020 real sec
[M::process] read chunk (19660800 bytes/CG x 1 CGs, 19660440 bytes)...
slave pre done
now n is 103478
processed 103478
[M::mem_process_seqs_merge2] Processed 103478 reads in 0.070 CPU sec, 5.043 real sec
[M::process] read chunk (19660800 bytes/CG x 1 CGs, 19660820 bytes)...
[M::process] read chunk (19660800 bytes/CG x 1 CGs, 19660440 bytes)...
[M::process] read chunk (19660800 bytes/CG x 1 CGs, 19660820 bytes)...
slave pre done
now n is 103478
processed 103478
[M::mem_process_seqs_merge2] Processed 103478 reads in 0.180 CPU sec, 5.008 real sec
[M::mem_process_seqs_merge2] CPE FASTQ formatting done
[M::mem_process_seqs_merge2] CPE FASTQ formatting done
[M::process] read chunk (19660800 bytes/CG x 1 CGs, 19660820 bytes)...
slave pre done
now n is 103476
[M::mem_process_seqs_merge2] CPE FASTQ formatting done
processed 103476
[M::mem_process_seqs_merge2] Processed 103476 reads in 0.190 CPU sec, 5.015 real sec
[M::mem_process_seqs_merge2] CPE FASTQ formatting done
[M::process] read chunk (19660800 bytes/CG x 1 CGs, 19660820 bytes)...
[M::mem_process_seqs_merge2] CPE FASTQ formatting done
slave pre done
now n is 103478
processed 103478
[M::mem_process_seqs_merge2] Processed 103478 reads in 0.200 CPU sec, 5.191 real sec
[M::mem_process_seqs_merge2] CPE FASTQ formatting done
slave pre done
now n is 103478
processed 103478
[M::mem_process_seqs_merge2] Processed 103478 reads in 0.110 CPU sec, 5.130 real sec
[M::process] read chunk (19660800 bytes/CG x 1 CGs, 19660820 bytes)...
[M::process] read chunk (19660800 bytes/CG x 1 CGs, 19660820 bytes)...
slave pre done
now n is 103478
processed 103478
[M::mem_process_seqs_merge2] Processed 103478 reads in 0.120 CPU sec, 5.071 real sec
[M::mem_process_seqs_merge2] CPE FASTQ formatting done
slave pre done
now n is 103478
[M::process] read chunk (19660800 bytes/CG x 1 CGs, 19660820 bytes)...
processed 103478
[M::mem_process_seqs_merge2] Processed 103478 reads in 0.070 CPU sec, 5.071 real sec
[M::mem_process_seqs_merge2] CPE FASTQ formatting done
slave pre done
now n is 103478
processed 103478
[M::mem_process_seqs_merge2] Processed 103478 reads in 0.230 CPU sec, 5.100 real sec
slave pre done
now n is 103478
processed 103478
[M::mem_process_seqs_merge2] Processed 103478 reads in 0.120 CPU sec, 5.065 real sec
[M::process] read chunk (19660800 bytes/CG x 1 CGs, 19660820 bytes)...
[M::process] read chunk (19660800 bytes/CG x 1 CGs, 19660820 bytes)...
[M::process] read chunk (19660800 bytes/CG x 1 CGs, 19660820 bytes)...
[M::mem_process_seqs_merge2] CPE FASTQ formatting done
slave pre done
now n is 103478
processed 103478
[M::mem_process_seqs_merge2] Processed 103478 reads in 0.180 CPU sec, 5.115 real sec
slave pre done
now n is 103478
slave pre done
now n is 103478
processed 103478
[M::mem_process_seqs_merge2] Processed 103478 reads in 0.250 CPU sec, 5.108 real sec
processed 103478
[M::mem_process_seqs_merge2] Processed 103478 reads in 0.070 CPU sec, 4.840 real sec
[M::mem_process_seqs_merge2] CPE FASTQ formatting done
[M::mem_process_seqs_merge2] CPE FASTQ formatting done
[M::mem_process_seqs_merge2] CPE FASTQ formatting done
[M::process] read chunk (19660800 bytes/CG x 1 CGs, 19660820 bytes)...
slave pre done
now n is 103478
slave pre done
now n is 103478
processed 103478
[M::mem_process_seqs_merge2] Processed 103478 reads in 0.120 CPU sec, 4.992 real sec
processed 103478
[M::mem_process_seqs_merge2] Processed 103478 reads in 0.090 CPU sec, 4.936 real sec
[M::process] read chunk (19660800 bytes/CG x 1 CGs, 19660820 bytes)...
[M::process] read chunk (19660800 bytes/CG x 1 CGs, 19660820 bytes)...
[M::process] read chunk (19660800 bytes/CG x 1 CGs, 19660820 bytes)...
[M::process] read chunk (19660800 bytes/CG x 1 CGs, 19660820 bytes)...
slave pre done
now n is 103478
processed 103478
[M::mem_process_seqs_merge2] Processed 103478 reads in 0.170 CPU sec, 5.050 real sec
slave pre done
now n is 103478
processed 103478
[M::mem_process_seqs_merge2] Processed 103478 reads in 0.090 CPU sec, 5.029 real sec
[M::mem_process_seqs_merge2] CPE FASTQ formatting done
[M::process] read chunk (19660800 bytes/CG x 1 CGs, 19660820 bytes)...
[M::process] read chunk (19660800 bytes/CG x 1 CGs, 19660820 bytes)...
[M::mem_process_seqs_merge2] CPE FASTQ formatting done
slave pre done
now n is 103478
processed 103478
[M::mem_process_seqs_merge2] Processed 103478 reads in 0.250 CPU sec, 5.018 real sec
slave pre done
now n is 103478
processed 103478
[M::mem_process_seqs_merge2] Processed 103478 reads in 0.170 CPU sec, 5.152 real sec
slave pre done
now n is 103478
processed 103478
[M::mem_process_seqs_merge2] Processed 103478 reads in 0.150 CPU sec, 5.152 real sec
[M::mem_process_seqs_merge2] CPE FASTQ formatting done
[M::process] read chunk (19660800 bytes/CG x 1 CGs, 19660820 bytes)...
[M::mem_process_seqs_merge2] CPE FASTQ formatting done
[M::process] read chunk (19660800 bytes/CG x 1 CGs, 19660820 bytes)...
[M::process] read chunk (19660800 bytes/CG x 1 CGs, 19660820 bytes)...
[M::mem_process_seqs_merge2] CPE FASTQ formatting done
slave pre done
now n is 103478
slave pre done
now n is 103478
processed 103478
[M::mem_process_seqs_merge2] Processed 103478 reads in 0.080 CPU sec, 5.027 real sec
processed 103478
[M::mem_process_seqs_merge2] Processed 103478 reads in 0.280 CPU sec, 5.159 real sec
[M::mem_process_seqs_merge2] CPE FASTQ formatting done
[M::mem_process_seqs_merge2] CPE FASTQ formatting done
[M::mem_process_seqs_merge2] CPE FASTQ formatting done
[M::process] read chunk (19660800 bytes/CG x 1 CGs, 19660820 bytes)...
[M::process] read chunk (19660800 bytes/CG x 1 CGs, 19660820 bytes)...
[M::mem_process_seqs_merge2] CPE FASTQ formatting done
[M::mem_process_seqs_merge2] CPE FASTQ formatting done
slave pre done
now n is 103476
processed 103476
[M::mem_process_seqs_merge2] Processed 103476 reads in 0.140 CPU sec, 4.948 real sec
slave pre done
now n is 103476
processed 103476
[M::mem_process_seqs_merge2] Processed 103476 reads in 0.110 CPU sec, 4.915 real sec
[M::mem_process_seqs_merge2] CPE FASTQ formatting done
[M::process] read chunk (19660800 bytes/CG x 1 CGs, 19660820 bytes)...
[M::process] read chunk (19660800 bytes/CG x 1 CGs, 19660820 bytes)...
[M::mem_process_seqs_merge2] CPE FASTQ formatting done
slave pre done
now n is 103478
processed 103478
[M::mem_process_seqs_merge2] Processed 103478 reads in 0.130 CPU sec, 5.091 real sec
[M::mem_process_seqs_merge2] CPE FASTQ formatting done
[M::mem_process_seqs_merge2] CPE FASTQ formatting done
slave pre done
now n is 103478
processed 103478
[M::mem_process_seqs_merge2] Processed 103478 reads in 0.200 CPU sec, 5.034 real sec
slave pre done
now n is 103478
processed 103478
[M::mem_process_seqs_merge2] Processed 103478 reads in 0.110 CPU sec, 5.442 real sec
[M::process] read chunk (19660800 bytes/CG x 1 CGs, 19660820 bytes)...
[M::process] read chunk (19660800 bytes/CG x 1 CGs, 19660820 bytes)...
slave pre done
now n is 103478
[M::process] read chunk (19660800 bytes/CG x 1 CGs, 19660820 bytes)...
processed 103478
[M::mem_process_seqs_merge2] Processed 103478 reads in 0.180 CPU sec, 4.997 real sec
[M::mem_process_seqs_merge2] CPE FASTQ formatting done
[M::process] read chunk (19660800 bytes/CG x 1 CGs, 19660820 bytes)...
[M::mem_process_seqs_merge2] CPE FASTQ formatting done
[M::mem_process_seqs_merge2] CPE FASTQ formatting done
slave pre done
now n is 103478
processed 103478
[M::mem_process_seqs_merge2] Processed 103478 reads in 0.180 CPU sec, 5.156 real sec
[M::mem_process_seqs_merge2] CPE FASTQ formatting done
slave pre done
now n is 103478
processed 103478
[M::mem_process_seqs_merge2] Processed 103478 reads in 0.130 CPU sec, 5.053 real sec
[M::process] read chunk (19660800 bytes/CG x 1 CGs, 19660820 bytes)...
[M::process] read chunk (19660800 bytes/CG x 1 CGs, 19660820 bytes)...
slave pre done
now n is 103478
processed 103478
[M::mem_process_seqs_merge2] Processed 103478 reads in 0.200 CPU sec, 5.134 real sec
[M::mem_process_seqs_merge2] CPE FASTQ formatting done
[M::process] read chunk (19660800 bytes/CG x 1 CGs, 19660820 bytes)...
slave pre done
now n is 103478
[M::mem_process_seqs_merge2] CPE FASTQ formatting done
processed 103478
[M::mem_process_seqs_merge2] Processed 103478 reads in 0.150 CPU sec, 5.066 real sec
slave pre done
now n is 103478
processed 103478
[M::mem_process_seqs_merge2] Processed 103478 reads in 0.150 CPU sec, 5.155 real sec
slave pre done
now n is 103478
processed 103478
[M::mem_process_seqs_merge2] Processed 103478 reads in 0.180 CPU sec, 5.360 real sec
[M::process] read chunk (19660800 bytes/CG x 1 CGs, 19660820 bytes)...
[M::mem_process_seqs_merge2] CPE FASTQ formatting done
[M::process] read chunk (19660800 bytes/CG x 1 CGs, 19660820 bytes)...
[M::process] read chunk (19660800 bytes/CG x 1 CGs, 19660820 bytes)...
[M::mem_process_seqs_merge2] CPE FASTQ formatting done
slave pre done
now n is 103478
processed 103478
[M::mem_process_seqs_merge2] Processed 103478 reads in 0.220 CPU sec, 5.030 real sec
[M::process] read chunk (19660800 bytes/CG x 1 CGs, 19660440 bytes)...
[M::mem_process_seqs_merge2] CPE FASTQ formatting done
[M::mem_process_seqs_merge2] CPE FASTQ formatting done
slave pre done
now n is 103478
processed 103478
[M::mem_process_seqs_merge2] Processed 103478 reads in 0.100 CPU sec, 5.077 real sec
slave pre done
now n is 103478
processed 103478
[M::mem_process_seqs_merge2] Processed 103478 reads in 0.230 CPU sec, 5.700 real sec
[M::mem_process_seqs_merge2] CPE FASTQ formatting done
slave pre done
now n is 103478
processed 103478
[M::mem_process_seqs_merge2] Processed 103478 reads in 0.170 CPU sec, 5.049 real sec
slave pre done
now n is 103478
slave pre done
now n is 103478
processed 103478
[M::mem_process_seqs_merge2] Processed 103478 reads in 0.540 CPU sec, 5.169 real sec
processed 103478
[M::mem_process_seqs_merge2] Processed 103478 reads in 0.050 CPU sec, 4.967 real sec
[M::process] read chunk (19660800 bytes/CG x 1 CGs, 19660820 bytes)...
[M::process] read chunk (19660800 bytes/CG x 1 CGs, 19660820 bytes)...
[M::process] read chunk (19660800 bytes/CG x 1 CGs, 19660820 bytes)...
[M::process] read chunk (19660800 bytes/CG x 1 CGs, 19660820 bytes)...
[M::process] read chunk (19660800 bytes/CG x 1 CGs, 19660820 bytes)...
slave pre done
now n is 103478
processed 103478
slave pre done
now n is 103478
slave pre done
now n is 103478
[M::mem_process_seqs_merge2] Processed 103478 reads in 0.090 CPU sec, 4.900 real sec
slave pre done
now n is 103478
processed 103478
[M::mem_process_seqs_merge2] Processed 103478 reads in 0.080 CPU sec, 5.212 real sec
processed 103478
[M::mem_process_seqs_merge2] Processed 103478 reads in 0.190 CPU sec, 5.017 real sec
processed 103478
[M::mem_process_seqs_merge2] Processed 103478 reads in 0.140 CPU sec, 5.272 real sec
slave pre done
now n is 103478
[M::process] read chunk (19660800 bytes/CG x 1 CGs, 19660820 bytes)...
processed 103478
[M::mem_process_seqs_merge2] Processed 103478 reads in 0.140 CPU sec, 4.970 real sec
[M::process] read chunk (19660800 bytes/CG x 1 CGs, 19660820 bytes)...
[M::process] read chunk (19660800 bytes/CG x 1 CGs, 19660820 bytes)...
[M::process] read chunk (19660800 bytes/CG x 1 CGs, 19660820 bytes)...
[M::mem_process_seqs_merge2] CPE FASTQ formatting done
[M::mem_process_seqs_merge2] CPE FASTQ formatting done
[M::process] read chunk (19660800 bytes/CG x 1 CGs, 19660820 bytes)...
[M::mem_process_seqs_merge2] CPE FASTQ formatting done
[M::mem_process_seqs_merge2] CPE FASTQ formatting done
slave pre done
now n is 103478
processed 103478
[M::mem_process_seqs_merge2] Processed 103478 reads in 0.100 CPU sec, 4.983 real sec
[M::mem_process_seqs_merge2] CPE FASTQ formatting done
[M::mem_process_seqs_merge2] CPE FASTQ formatting done
[M::mem_process_seqs_merge2] CPE FASTQ formatting done
[M::process] read chunk (19660800 bytes/CG x 1 CGs, 19660820 bytes)...
slave pre done
now n is 103478
processed 103478
[M::mem_process_seqs_merge2] Processed 103478 reads in 0.140 CPU sec, 5.059 real sec
slave pre done
now n is 103478
[M::mem_process_seqs_merge2] CPE FASTQ formatting done
processed 103478
[M::mem_process_seqs_merge2] Processed 103478 reads in 0.080 CPU sec, 5.064 real sec
[M::process] read chunk (19660800 bytes/CG x 1 CGs, 19660820 bytes)...
[M::process] read chunk (19660800 bytes/CG x 1 CGs, 19660820 bytes)...
[M::mem_process_seqs_merge2] CPE FASTQ formatting done
[M::mem_process_seqs_merge2] CPE FASTQ formatting done
slave pre done
now n is 103478
processed 103478
[M::mem_process_seqs_merge2] Processed 103478 reads in 0.150 CPU sec, 4.907 real sec
[M::mem_process_seqs_merge2] CPE FASTQ formatting done
[M::mem_process_seqs_merge2] CPE FASTQ formatting done
[M::process] read chunk (19660800 bytes/CG x 1 CGs, 19660820 bytes)...
slave pre done
now n is 103478
processed 103478
[M::mem_process_seqs_merge2] Processed 103478 reads in 0.130 CPU sec, 5.051 real sec
[M::mem_process_seqs_merge2] CPE FASTQ formatting done
slave pre done
now n is 103478
processed 103478
[M::mem_process_seqs_merge2] Processed 103478 reads in 0.230 CPU sec, 5.157 real sec
[M::process] read chunk (19660800 bytes/CG x 1 CGs, 19660820 bytes)...
[M::process] read chunk (19660800 bytes/CG x 1 CGs, 19660820 bytes)...
[M::mem_process_seqs_merge2] CPE FASTQ formatting done
slave pre done
now n is 103478
processed 103478
[M::mem_process_seqs_merge2] Processed 103478 reads in 0.150 CPU sec, 5.230 real sec
[M::mem_process_seqs_merge2] CPE FASTQ formatting done
[M::mem_process_seqs_merge2] CPE FASTQ formatting done
[M::process] read chunk (19660800 bytes/CG x 1 CGs, 19660820 bytes)...
slave pre done
now n is 103478
slave pre done
now n is 103478
processed 103478
[M::mem_process_seqs_merge2] Processed 103478 reads in 0.090 CPU sec, 5.074 real sec
processed 103478
[M::mem_process_seqs_merge2] Processed 103478 reads in 0.160 CPU sec, 5.282 real sec
[M::mem_process_seqs_merge2] CPE FASTQ formatting done
[M::process] read chunk (19660800 bytes/CG x 1 CGs, 19660820 bytes)...
[M::process] read chunk (19660800 bytes/CG x 1 CGs, 19660440 bytes)...
slave pre done
now n is 103478
processed 103478
[M::mem_process_seqs_merge2] Processed 103478 reads in 0.180 CPU sec, 5.346 real sec
[M::mem_process_seqs_merge2] CPE FASTQ formatting done
[M::mem_process_seqs_merge2] CPE FASTQ formatting done
slave pre done
now n is 103478
[M::process] read chunk (19660800 bytes/CG x 1 CGs, 19660820 bytes)...
processed 103478
[M::mem_process_seqs_merge2] Processed 103478 reads in 0.080 CPU sec, 5.290 real sec
slave pre done
now n is 103478
processed 103478
[M::mem_process_seqs_merge2] Processed 103478 reads in 0.230 CPU sec, 4.884 real sec
slave pre done
now n is 103478
[M::process] read chunk (19660800 bytes/CG x 1 CGs, 19660820 bytes)...
processed 103478
[M::mem_process_seqs_merge2] Processed 103478 reads in 0.100 CPU sec, 5.074 real sec
[M::process] read chunk (19660800 bytes/CG x 1 CGs, 19660820 bytes)...
[M::mem_process_seqs_merge2] CPE FASTQ formatting done
[M::process] read chunk (19660800 bytes/CG x 1 CGs, 19660820 bytes)...
[M::mem_process_seqs_merge2] CPE FASTQ formatting done
slave pre done
now n is 103476
processed 103476
[M::mem_process_seqs_merge2] Processed 103476 reads in 0.180 CPU sec, 5.498 real sec
[M::process] read chunk (19660800 bytes/CG x 1 CGs, 19660820 bytes)...
[M::mem_process_seqs_merge2] CPE FASTQ formatting done
[M::mem_process_seqs_merge2] CPE FASTQ formatting done
slave pre done
now n is 103478
processed 103478
[M::mem_process_seqs_merge2] Processed 103478 reads in 0.130 CPU sec, 5.074 real sec
slave pre done
now n is 103478
slave pre done
now n is 103478
processed 103478
[M::mem_process_seqs_merge2] Processed 103478 reads in 0.120 CPU sec, 5.011 real sec
processed 103478
[M::mem_process_seqs_merge2] Processed 103478 reads in 0.220 CPU sec, 5.099 real sec
[M::mem_process_seqs_merge2] CPE FASTQ formatting done
slave pre done
now n is 103478
processed 103478
[M::mem_process_seqs_merge2] Processed 103478 reads in 0.110 CPU sec, 5.175 real sec
[M::process] read chunk (19660800 bytes/CG x 1 CGs, 19660820 bytes)...
[M::process] read chunk (19660800 bytes/CG x 1 CGs, 19660820 bytes)...
[M::process] read chunk (19660800 bytes/CG x 1 CGs, 19660820 bytes)...
slave pre done
now n is 103478
slave pre done
now n is 103478
processed 103478
[M::mem_process_seqs_merge2] Processed 103478 reads in 0.080 CPU sec, 4.902 real sec
processed 103478
slave pre done
now n is 103478
[M::mem_process_seqs_merge2] Processed 103478 reads in 0.150 CPU sec, 4.981 real sec
slave pre done
now n is 103478
processed 103478
[M::mem_process_seqs_merge2] Processed 103478 reads in 0.260 CPU sec, 5.027 real sec
[M::process] read chunk (19660800 bytes/CG x 1 CGs, 19660820 bytes)...
processed 103478
[M::mem_process_seqs_merge2] Processed 103478 reads in 0.140 CPU sec, 5.098 real sec
[M::process] read chunk (19660800 bytes/CG x 1 CGs, 19660820 bytes)...
[M::process] read chunk (19660800 bytes/CG x 1 CGs, 19660820 bytes)...
[M::process] read chunk (19660800 bytes/CG x 1 CGs, 19660820 bytes)...
[M::mem_process_seqs_merge2] CPE FASTQ formatting done
[M::process] read chunk (19660800 bytes/CG x 1 CGs, 19660820 bytes)...
[M::mem_process_seqs_merge2] CPE FASTQ formatting done
slave pre done
now n is 103478
processed 103478
[M::mem_process_seqs_merge2] Processed 103478 reads in 0.160 CPU sec, 5.126 real sec
slave pre done
now n is 103478
[M::mem_process_seqs_merge2] CPE FASTQ formatting done
processed 103478
[M::mem_process_seqs_merge2] Processed 103478 reads in 0.110 CPU sec, 5.318 real sec
[M::mem_process_seqs_merge2] CPE FASTQ formatting done
slave pre done
now n is 103478
slave pre done
now n is 103478
processed 103478
[M::mem_process_seqs_merge2] Processed 103478 reads in 0.090 CPU sec, 5.171 real sec
processed 103478
[M::mem_process_seqs_merge2] Processed 103478 reads in 0.190 CPU sec, 5.304 real sec
[M::process] read chunk (19660800 bytes/CG x 1 CGs, 19660820 bytes)...
slave pre done
now n is 103478
[M::mem_process_seqs_merge2] CPE FASTQ formatting done
processed 103478
[M::mem_process_seqs_merge2] Processed 103478 reads in 0.120 CPU sec, 4.964 real sec
[M::process] read chunk (19660800 bytes/CG x 1 CGs, 19660820 bytes)...
[M::mem_process_seqs_merge2] CPE FASTQ formatting done
[M::mem_process_seqs_merge2] CPE FASTQ formatting done
[M::mem_process_seqs_merge2] CPE FASTQ formatting done
[M::process] read chunk (19660800 bytes/CG x 1 CGs, 19660820 bytes)...
[M::process] read chunk (19660800 bytes/CG x 1 CGs, 19660820 bytes)...
[M::process] read chunk (19660800 bytes/CG x 1 CGs, 19660820 bytes)...
slave pre done
now n is 103478
processed 103478
[M::mem_process_seqs_merge2] Processed 103478 reads in 0.120 CPU sec, 5.138 real sec
[M::mem_process_seqs_merge2] CPE FASTQ formatting done
[M::mem_process_seqs_merge2] CPE FASTQ formatting done
slave pre done
now n is 103478
processed 103478
[M::mem_process_seqs_merge2] Processed 103478 reads in 0.190 CPU sec, 4.972 real sec
slave pre done
now n is 103478
[M::mem_process_seqs_merge2] CPE FASTQ formatting done
processed 103478
[M::mem_process_seqs_merge2] Processed 103478 reads in 0.080 CPU sec, 5.137 real sec
[M::process] read chunk (19660800 bytes/CG x 1 CGs, 19660820 bytes)...
[M::mem_process_seqs_merge2] CPE FASTQ formatting done
[M::mem_process_seqs_merge2] CPE FASTQ formatting done
[M::process] read chunk (19660800 bytes/CG x 1 CGs, 19660440 bytes)...
[M::process] read chunk (19660800 bytes/CG x 1 CGs, 19660820 bytes)...
[M::mem_process_seqs_merge2] CPE FASTQ formatting done
[M::mem_process_seqs_merge2] CPE FASTQ formatting done
slave pre done
now n is 103478
[M::mem_process_seqs_merge2] CPE FASTQ formatting done
processed 103478
[M::mem_process_seqs_merge2] Processed 103478 reads in 0.130 CPU sec, 5.088 real sec
[M::process] read chunk (19660800 bytes/CG x 1 CGs, 19660820 bytes)...
slave pre done
now n is 103476
slave pre done
now n is 103478
processed 103476
[M::mem_process_seqs_merge2] Processed 103476 reads in 0.120 CPU sec, 5.164 real sec
processed 103478
[M::mem_process_seqs_merge2] Processed 103478 reads in 0.190 CPU sec, 5.112 real sec
[M::mem_process_seqs_merge2] CPE FASTQ formatting done
[M::process] read chunk (19660800 bytes/CG x 1 CGs, 19660820 bytes)...
[M::process] read chunk (19660800 bytes/CG x 1 CGs, 19660820 bytes)...
slave pre done
now n is 103478
processed 103478
[M::mem_process_seqs_merge2] Processed 103478 reads in 0.200 CPU sec, 4.996 real sec
[M::mem_process_seqs_merge2] CPE FASTQ formatting done
[M::process] read chunk (19660800 bytes/CG x 1 CGs, 19660820 bytes)...
[M::mem_process_seqs_merge2] CPE FASTQ formatting done
slave pre done
now n is 103478
processed 103478
[M::mem_process_seqs_merge2] Processed 103478 reads in 0.140 CPU sec, 5.177 real sec
[M::mem_process_seqs_merge2] CPE FASTQ formatting done
slave pre done
now n is 103478
[M::process] read chunk (19660800 bytes/CG x 1 CGs, 19660820 bytes)...
processed 103478
[M::mem_process_seqs_merge2] Processed 103478 reads in 0.120 CPU sec, 5.011 real sec
slave pre done
now n is 103478
processed 103478
[M::mem_process_seqs_merge2] Processed 103478 reads in 0.130 CPU sec, 5.092 real sec
[M::process] read chunk (19660800 bytes/CG x 1 CGs, 19660932 bytes)...
[M::process] read chunk (19660800 bytes/CG x 1 CGs, 19660944 bytes)...
[M::mem_process_seqs_merge2] CPE FASTQ formatting done
slave pre done
now n is 103478
processed 103478
[M::mem_process_seqs_merge2] Processed 103478 reads in 0.090 CPU sec, 5.270 real sec
[M::mem_process_seqs_merge2] CPE FASTQ formatting done
[M::process] read chunk (19660800 bytes/CG x 1 CGs, 19660820 bytes)...
[M::mem_process_seqs_merge2] CPE FASTQ formatting done
slave pre done
now n is 103478
processed 103478
[M::mem_process_seqs_merge2] Processed 103478 reads in 0.170 CPU sec, 5.205 real sec
[M::process] read chunk (19660800 bytes/CG x 1 CGs, 19660796 bytes)...
slave pre done
now n is 103478
[M::mem_process_seqs_merge2] CPE FASTQ formatting done
processed 103478
[M::mem_process_seqs_merge2] Processed 103478 reads in 0.180 CPU sec, 5.298 real sec
slave pre done
now n is 103478
processed 103478
[M::mem_process_seqs_merge2] Processed 103478 reads in 0.080 CPU sec, 5.156 real sec
slave pre done
now n is 103478
processed 103478
[M::mem_process_seqs_merge2] Processed 103478 reads in 0.130 CPU sec, 5.167 real sec
[M::process] read chunk (19660800 bytes/CG x 1 CGs, 19660820 bytes)...
[M::process] read chunk (19660800 bytes/CG x 1 CGs, 19661040 bytes)...
slave pre done
now n is 103478
[M::mem_process_seqs_merge2] CPE FASTQ formatting done
[M::process] read chunk (19660800 bytes/CG x 1 CGs, 19660820 bytes)...
processed 103478
[M::mem_process_seqs_merge2] Processed 103478 reads in 0.180 CPU sec, 5.099 real sec
slave pre done
now n is 103478
slave pre done
now n is 103478
processed 103478
[M::mem_process_seqs_merge2] Processed 103478 reads in 0.080 CPU sec, 5.291 real sec
processed 103478
[M::mem_process_seqs_merge2] Processed 103478 reads in 0.240 CPU sec, 5.127 real sec
slave pre done
now n is 103478
[M::process] read chunk (19660800 bytes/CG x 1 CGs, 19660820 bytes)...
processed 103478
[M::mem_process_seqs_merge2] Processed 103478 reads in 0.160 CPU sec, 5.315 real sec
[M::process] read chunk (19660800 bytes/CG x 1 CGs, 19660820 bytes)...
[M::process] read chunk (19660800 bytes/CG x 1 CGs, 19660820 bytes)...
[M::mem_process_seqs_merge2] CPE FASTQ formatting done
slave pre done
now n is 103478
processed 103478
[M::mem_process_seqs_merge2] Processed 103478 reads in 0.130 CPU sec, 5.151 real sec
[M::mem_process_seqs_merge2] CPE FASTQ formatting done
[M::process] read chunk (19660800 bytes/CG x 1 CGs, 19660820 bytes)...
[M::mem_process_seqs_merge2] CPE FASTQ formatting done
slave pre done
now n is 103478
processed 103478
[M::mem_process_seqs_merge2] Processed 103478 reads in 0.100 CPU sec, 4.957 real sec
slave pre done
now n is 103478
processed 103478
[M::mem_process_seqs_merge2] Processed 103478 reads in 0.150 CPU sec, 5.208 real sec
slave pre done
now n is 103478
processed 103478
[M::mem_process_seqs_merge2] Processed 103478 reads in 0.100 CPU sec, 5.202 real sec
slave pre done
now n is 103478
[M::process] read chunk (19660800 bytes/CG x 1 CGs, 19660440 bytes)...
processed 103478
[M::mem_process_seqs_merge2] Processed 103478 reads in 0.110 CPU sec, 4.902 real sec
[M::process] read chunk (19660800 bytes/CG x 1 CGs, 19660664 bytes)...
slave pre done
now n is 103478
[M::process] read chunk (19660800 bytes/CG x 1 CGs, 19661040 bytes)...
processed 103478
[M::mem_process_seqs_merge2] Processed 103478 reads in 0.120 CPU sec, 5.164 real sec
[M::process] read chunk (19660800 bytes/CG x 1 CGs, 19660536 bytes)...
[M::process] read chunk (19660800 bytes/CG x 1 CGs, 19660820 bytes)...
[M::mem_process_seqs_merge2] CPE FASTQ formatting done
[M::process] read chunk (19660800 bytes/CG x 1 CGs, 19660664 bytes)...
slave pre done
now n is 103476
[M::mem_process_seqs_merge2] CPE FASTQ formatting done
processed 103476
[M::mem_process_seqs_merge2] Processed 103476 reads in 0.130 CPU sec, 5.065 real sec
slave pre done
now n is 103478
processed 103478
[M::mem_process_seqs_merge2] Processed 103478 reads in 0.050 CPU sec, 5.072 real sec
[M::mem_process_seqs_merge2] CPE FASTQ formatting done
[M::mem_process_seqs_merge2] CPE FASTQ formatting done
[M::process] read chunk (19660800 bytes/CG x 1 CGs, 19661040 bytes)...
[M::mem_process_seqs_merge2] CPE FASTQ formatting done
[M::process] read chunk (19660800 bytes/CG x 1 CGs, 19660820 bytes)...
[M::mem_process_seqs_merge2] CPE FASTQ formatting done
[M::mem_process_seqs_merge2] CPE FASTQ formatting done
slave pre done
now n is 103478
[M::mem_process_seqs_merge2] CPE FASTQ formatting done
processed 103478
[M::mem_process_seqs_merge2] Processed 103478 reads in 0.210 CPU sec, 4.850 real sec
[M::mem_process_seqs_merge2] CPE FASTQ formatting done
[M::mem_process_seqs_merge2] CPE FASTQ formatting done
[M::mem_process_seqs_merge2] CPE FASTQ formatting done
[M::process] read chunk (19660800 bytes/CG x 1 CGs, 19661040 bytes)...
[M::mem_process_seqs_merge2] CPE FASTQ formatting done
slave pre done
now n is 103478
processed 103478
[M::mem_process_seqs_merge2] Processed 103478 reads in 0.150 CPU sec, 5.056 real sec
[M::mem_process_seqs_merge2] CPE FASTQ formatting done
slave pre done
now n is 103478
processed 103478
[M::mem_process_seqs_merge2] Processed 103478 reads in 0.150 CPU sec, 4.955 real sec
slave pre done
now n is 103478
[M::process] read chunk (19660800 bytes/CG x 1 CGs, 19660664 bytes)...
processed 103478
[M::mem_process_seqs_merge2] Processed 103478 reads in 0.100 CPU sec, 4.812 real sec
[M::process] read chunk (19660800 bytes/CG x 1 CGs, 19660664 bytes)...
[M::process] read chunk (19660800 bytes/CG x 1 CGs, 19660664 bytes)...
[M::mem_process_seqs_merge2] CPE FASTQ formatting done
[M::mem_process_seqs_merge2] CPE FASTQ formatting done
slave pre done
now n is 103478
processed 103478
[M::mem_process_seqs_merge2] Processed 103478 reads in 0.150 CPU sec, 5.111 real sec
[M::mem_process_seqs_merge2] CPE FASTQ formatting done
[M::process] read chunk (19660800 bytes/CG x 1 CGs, 19660664 bytes)...
[M::mem_process_seqs_merge2] CPE FASTQ formatting done
slave pre done
now n is 103478
processed 103478
[M::mem_process_seqs_merge2] Processed 103478 reads in 0.220 CPU sec, 4.993 real sec
[M::process] read chunk (19660800 bytes/CG x 1 CGs, 19660664 bytes)...
[M::mem_process_seqs_merge2] CPE FASTQ formatting done
slave pre done
now n is 103478
slave pre done
now n is 105704
processed 103478
[M::mem_process_seqs_merge2] Processed 103478 reads in 0.090 CPU sec, 5.042 real sec
processed 105704
[M::mem_process_seqs_merge2] Processed 105704 reads in 0.200 CPU sec, 6.248 real sec
slave pre done
now n is 103478
processed 103478
[M::mem_process_seqs_merge2] Processed 103478 reads in 0.140 CPU sec, 4.977 real sec
slave pre done
now n is 104580
processed 104580
[M::mem_process_seqs_merge2] Processed 104580 reads in 0.150 CPU sec, 5.113 real sec
[M::process] read chunk (19660800 bytes/CG x 1 CGs, 19660664 bytes)...
[M::process] read chunk (19660800 bytes/CG x 1 CGs, 19660820 bytes)...
[M::process] read chunk (19660800 bytes/CG x 1 CGs, 19660820 bytes)...
[M::process] read chunk (19660800 bytes/CG x 1 CGs, 19660820 bytes)...
slave pre done
now n is 103478
processed 103478
[M::mem_process_seqs_merge2] Processed 103478 reads in 0.180 CPU sec, 4.993 real sec
slave pre done
now n is 105596
[M::mem_process_seqs_merge2] CPE FASTQ formatting done
processed 105596
[M::mem_process_seqs_merge2] Processed 105596 reads in 0.190 CPU sec, 7.147 real sec
[M::mem_process_seqs_merge2] CPE FASTQ formatting done
[M::process] read chunk (19660800 bytes/CG x 1 CGs, 19661040 bytes)...
[M::mem_process_seqs_merge2] CPE FASTQ formatting done
slave pre done
now n is 103478
processed 103478
[M::mem_process_seqs_merge2] Processed 103478 reads in 0.150 CPU sec, 5.145 real sec
[M::process] read chunk (19660800 bytes/CG x 1 CGs, 19660820 bytes)...
slave pre done
now n is 103478
processed 103478
[M::mem_process_seqs_merge2] Processed 103478 reads in 0.200 CPU sec, 5.105 real sec
[M::mem_process_seqs_merge2] CPE FASTQ formatting done
slave pre done
now n is 103476
slave pre done
now n is 104630
processed 103476
processed 104630
[M::mem_process_seqs_merge2] Processed 104630 reads in 0.180 CPU sec, 6.625 real sec
[M::mem_process_seqs_merge2] Processed 103476 reads in 0.180 CPU sec, 5.123 real sec
[M::process] read chunk (19660800 bytes/CG x 1 CGs, 19660664 bytes)...
slave pre done
now n is 103478
processed 103478
[M::mem_process_seqs_merge2] Processed 103478 reads in 0.130 CPU sec, 4.995 real sec
[M::process] read chunk (19660800 bytes/CG x 1 CGs, 19661040 bytes)...
slave pre done
now n is 103478
processed 103478
[M::mem_process_seqs_merge2] Processed 103478 reads in 0.220 CPU sec, 5.297 real sec
[M::mem_process_seqs_merge2] CPE FASTQ formatting done
[M::mem_process_seqs_merge2] CPE FASTQ formatting done
[M::process] read chunk (19660800 bytes/CG x 1 CGs, 19660820 bytes)...
[M::process] read chunk (19660800 bytes/CG x 1 CGs, 19660820 bytes)...
slave pre done
now n is 104580
processed 104580
[M::mem_process_seqs_merge2] Processed 104580 reads in 0.180 CPU sec, 5.012 real sec
slave pre done
now n is 103760
processed 103760
[M::mem_process_seqs_merge2] Processed 103760 reads in 0.150 CPU sec, 5.044 real sec
[M::process] read chunk (19660800 bytes/CG x 1 CGs, 19660664 bytes)...
[M::process] read chunk (19660800 bytes/CG x 1 CGs, 19660820 bytes)...
slave pre done
now n is 103478
processed 103478
[M::mem_process_seqs_merge2] Processed 103478 reads in 0.140 CPU sec, 5.203 real sec
[M::mem_process_seqs_merge2] CPE FASTQ formatting done
[M::process] read chunk (19660800 bytes/CG x 1 CGs, 19660820 bytes)...
[M::process] read chunk (19660800 bytes/CG x 1 CGs, 19660820 bytes)...
[M::mem_process_seqs_merge2] CPE FASTQ formatting done
[M::process] read chunk (19660800 bytes/CG x 1 CGs, 19660820 bytes)...
[M::mem_process_seqs_merge2] CPE FASTQ formatting done
[M::mem_process_seqs_merge2] CPE FASTQ formatting done
[M::mem_process_seqs_merge2] CPE FASTQ formatting done
slave pre done
now n is 104578
[M::mem_process_seqs_merge2] CPE FASTQ formatting done
processed 104578
[M::mem_process_seqs_merge2] Processed 104578 reads in 0.120 CPU sec, 5.912 real sec
slave pre done
now n is 104578
processed 104578
[M::mem_process_seqs_merge2] Processed 104578 reads in 0.120 CPU sec, 6.225 real sec
[M::mem_process_seqs_merge2] CPE FASTQ formatting done
[M::mem_process_seqs_merge2] CPE FASTQ formatting done
slave pre done
now n is 104580
processed 104580
[M::mem_process_seqs_merge2] Processed 104580 reads in 0.120 CPU sec, 5.306 real sec
[M::mem_process_seqs_merge2] CPE FASTQ formatting done
slave pre done
now n is 104580
processed 104580
[M::mem_process_seqs_merge2] Processed 104580 reads in 0.160 CPU sec, 5.935 real sec
[M::process] read chunk (19660800 bytes/CG x 1 CGs, 19660820 bytes)...
[M::process] read chunk (19660800 bytes/CG x 1 CGs, 19660820 bytes)...
[M::process] read chunk (19660800 bytes/CG x 1 CGs, 19660820 bytes)...
[M::process] read chunk (19660800 bytes/CG x 1 CGs, 19660820 bytes)...
slave pre done
now n is 104578
processed 104578
[M::mem_process_seqs_merge2] Processed 104578 reads in 0.080 CPU sec, 5.135 real sec
slave pre done
now n is 104578
processed 104578
[M::mem_process_seqs_merge2] Processed 104578 reads in 0.110 CPU sec, 5.111 real sec
[M::process] read chunk (19660800 bytes/CG x 1 CGs, 19660820 bytes)...
[M::mem_process_seqs_merge2] CPE FASTQ formatting done
slave pre done
now n is 104578
processed 104578
[M::mem_process_seqs_merge2] Processed 104578 reads in 0.200 CPU sec, 5.076 real sec
[M::process] read chunk (19660800 bytes/CG x 1 CGs, 19660820 bytes)...
[M::mem_process_seqs_merge2] CPE FASTQ formatting done
[M::mem_process_seqs_merge2] CPE FASTQ formatting done
[M::process] read chunk (19660800 bytes/CG x 1 CGs, 19660820 bytes)...
[M::mem_process_seqs_merge2] CPE FASTQ formatting done
[M::mem_process_seqs_merge2] CPE FASTQ formatting done
[M::mem_process_seqs_merge2] CPE FASTQ formatting done
slave pre done
now n is 104578
processed 104578
[M::mem_process_seqs_merge2] Processed 104578 reads in 0.150 CPU sec, 5.174 real sec
[M::mem_process_seqs_merge2] CPE FASTQ formatting done
[M::process] read chunk (19660800 bytes/CG x 1 CGs, 19660820 bytes)...
[M::mem_process_seqs_merge2] CPE FASTQ formatting done
slave pre done
now n is 104578
processed 104578
[M::mem_process_seqs_merge2] Processed 104578 reads in 0.180 CPU sec, 5.183 real sec
[M::process] read chunk (19660800 bytes/CG x 1 CGs, 19660820 bytes)...
slave pre done
now n is 103478
processed 103478
[M::mem_process_seqs_merge2] Processed 103478 reads in 0.180 CPU sec, 4.991 real sec
slave pre done
now n is 103478
processed 103478
[M::mem_process_seqs_merge2] Processed 103478 reads in 0.200 CPU sec, 5.076 real sec
[M::mem_process_seqs_merge2] CPE FASTQ formatting done
[M::process] read chunk (19660800 bytes/CG x 1 CGs, 19660820 bytes)...
slave pre done
now n is 103478
[M::process] read chunk (19660800 bytes/CG x 1 CGs, 19660820 bytes)...
processed 103478
[M::mem_process_seqs_merge2] Processed 103478 reads in 0.230 CPU sec, 5.006 real sec
slave pre done
now n is 104578
processed 104578
[M::mem_process_seqs_merge2] Processed 104578 reads in 0.110 CPU sec, 5.323 real sec
[M::mem_process_seqs_merge2] CPE FASTQ formatting done
[M::process] read chunk (19660800 bytes/CG x 1 CGs, 19660820 bytes)...
slave pre done
now n is 103478
processed 103478
[M::mem_process_seqs_merge2] Processed 103478 reads in 0.170 CPU sec, 5.079 real sec
slave pre done
now n is 104580
[M::process] read chunk (19660800 bytes/CG x 1 CGs, 19660440 bytes)...
processed 104580
[M::mem_process_seqs_merge2] Processed 104580 reads in 0.130 CPU sec, 5.150 real sec
[M::mem_process_seqs_merge2] CPE FASTQ formatting done
[M::process] read chunk (19660800 bytes/CG x 1 CGs, 19660820 bytes)...
[M::process] read chunk (19660800 bytes/CG x 1 CGs, 19660820 bytes)...
slave pre done
now n is 104578
processed 104578
[M::mem_process_seqs_merge2] Processed 104578 reads in 0.060 CPU sec, 5.069 real sec
slave pre done
now n is 104580
processed 104580
[M::mem_process_seqs_merge2] Processed 104580 reads in 0.330 CPU sec, 5.170 real sec
[M::mem_process_seqs_merge2] CPE FASTQ formatting done
[M::mem_process_seqs_merge2] CPE FASTQ formatting done
[M::process] read chunk (19660800 bytes/CG x 1 CGs, 19660820 bytes)...
[M::mem_process_seqs_merge2] CPE FASTQ formatting done
[M::mem_process_seqs_merge2] CPE FASTQ formatting done
slave pre done
now n is 104578
[M::process] read chunk (19660800 bytes/CG x 1 CGs, 19660820 bytes)...
processed 104578
[M::mem_process_seqs_merge2] Processed 104578 reads in 0.120 CPU sec, 5.277 real sec
slave pre done
now n is 103478
processed 103478
[M::mem_process_seqs_merge2] Processed 103478 reads in 0.130 CPU sec, 4.941 real sec
slave pre done
now n is 103478
processed 103478
[M::mem_process_seqs_merge2] Processed 103478 reads in 0.110 CPU sec, 4.906 real sec
slave pre done
now n is 103478
processed 103478
[M::mem_process_seqs_merge2] Processed 103478 reads in 0.160 CPU sec, 5.190 real sec
slave pre done
now n is 103478
processed 103478
[M::mem_process_seqs_merge2] Processed 103478 reads in 0.260 CPU sec, 5.107 real sec
[M::process] read chunk (19660800 bytes/CG x 1 CGs, 19660820 bytes)...
slave pre done
now n is 103478
[M::process] read chunk (19660800 bytes/CG x 1 CGs, 19660820 bytes)...
processed 103478
[M::mem_process_seqs_merge2] Processed 103478 reads in 0.110 CPU sec, 5.077 real sec
slave pre done
now n is 103478
processed 103478
[M::mem_process_seqs_merge2] Processed 103478 reads in 0.080 CPU sec, 5.049 real sec
[M::process] read chunk (19660800 bytes/CG x 1 CGs, 19660820 bytes)...
[M::mem_process_seqs_merge2] CPE FASTQ formatting done
[M::process] read chunk (19660800 bytes/CG x 1 CGs, 19660820 bytes)...
[M::process] read chunk (19660800 bytes/CG x 1 CGs, 19660820 bytes)...
[M::mem_process_seqs_merge2] CPE FASTQ formatting done
[M::process] read chunk (19660800 bytes/CG x 1 CGs, 19660820 bytes)...
[M::process] read chunk (19660800 bytes/CG x 1 CGs, 19660820 bytes)...
[M::mem_process_seqs_merge2] CPE FASTQ formatting done
slave pre done
now n is 103478
processed 103478
[M::mem_process_seqs_merge2] Processed 103478 reads in 0.210 CPU sec, 4.893 real sec
[M::mem_process_seqs_merge2] CPE FASTQ formatting done
slave pre done
now n is 103478
processed 103478
[M::mem_process_seqs_merge2] Processed 103478 reads in 0.230 CPU sec, 4.893 real sec
[M::mem_process_seqs_merge2] CPE FASTQ formatting done
[M::process] read chunk (19660800 bytes/CG x 1 CGs, 19660820 bytes)...
slave pre done
now n is 103478
processed 103478
[M::mem_process_seqs_merge2] Processed 103478 reads in 0.070 CPU sec, 4.987 real sec
[M::process] read chunk (19660800 bytes/CG x 1 CGs, 19660820 bytes)...
slave pre done
now n is 103478
processed 103478
[M::mem_process_seqs_merge2] Processed 103478 reads in 0.120 CPU sec, 4.889 real sec
[M::mem_process_seqs_merge2] CPE FASTQ formatting done
[M::mem_process_seqs_merge2] CPE FASTQ formatting done
[M::process] read chunk (19660800 bytes/CG x 1 CGs, 19660440 bytes)...
[M::mem_process_seqs_merge2] CPE FASTQ formatting done
[M::mem_process_seqs_merge2] CPE FASTQ formatting done
[M::mem_process_seqs_merge2] CPE FASTQ formatting done
[M::process] read chunk (19660800 bytes/CG x 1 CGs, 19660820 bytes)...
slave pre done
now n is 103478
processed 103478
[M::mem_process_seqs_merge2] Processed 103478 reads in 0.170 CPU sec, 5.035 real sec
slave pre done
now n is 103478
processed 103478
[M::mem_process_seqs_merge2] Processed 103478 reads in 0.160 CPU sec, 5.032 real sec
slave pre done
now n is 103478
[M::mem_process_seqs_merge2] CPE FASTQ formatting done
processed 103478
[M::mem_process_seqs_merge2] Processed 103478 reads in 0.080 CPU sec, 5.283 real sec
[M::process] read chunk (19660800 bytes/CG x 1 CGs, 19660820 bytes)...
[M::process] read chunk (19660800 bytes/CG x 1 CGs, 19660820 bytes)...
[M::process] read chunk (19660800 bytes/CG x 1 CGs, 19660820 bytes)...
[M::mem_process_seqs_merge2] CPE FASTQ formatting done
[M::mem_process_seqs_merge2] CPE FASTQ formatting done
[M::mem_process_seqs_merge2] CPE FASTQ formatting done
slave pre done
now n is 103478
processed 103478
[M::mem_process_seqs_merge2] Processed 103478 reads in 0.170 CPU sec, 5.126 real sec
[M::mem_process_seqs_merge2] CPE FASTQ formatting done
[M::mem_process_seqs_merge2] CPE FASTQ formatting done
[M::process] read chunk (19660800 bytes/CG x 1 CGs, 19660820 bytes)...
slave pre done
now n is 103478
[M::mem_process_seqs_merge2] CPE FASTQ formatting done
processed 103478
[M::mem_process_seqs_merge2] Processed 103478 reads in 0.130 CPU sec, 4.919 real sec
[M::process] read chunk (19660800 bytes/CG x 1 CGs, 19660820 bytes)...
slave pre done
now n is 103478
processed 103478
[M::mem_process_seqs_merge2] Processed 103478 reads in 0.100 CPU sec, 4.941 real sec
[M::mem_process_seqs_merge2] CPE FASTQ formatting done
[M::process] read chunk (19660800 bytes/CG x 1 CGs, 19660820 bytes)...
slave pre done
now n is 103478
processed 103478
[M::mem_process_seqs_merge2] Processed 103478 reads in 0.200 CPU sec, 5.222 real sec
[M::mem_process_seqs_merge2] CPE FASTQ formatting done
slave pre done
now n is 103478
processed 103478
[M::mem_process_seqs_merge2] Processed 103478 reads in 0.150 CPU sec, 4.956 real sec
[M::process] read chunk (19660800 bytes/CG x 1 CGs, 19660820 bytes)...
slave pre done
now n is 103478
processed 103478
[M::mem_process_seqs_merge2] Processed 103478 reads in 0.090 CPU sec, 5.102 real sec
slave pre done
now n is 103478
processed 103478
[M::mem_process_seqs_merge2] Processed 103478 reads in 0.190 CPU sec, 5.092 real sec
[M::process] read chunk (19660800 bytes/CG x 1 CGs, 19660820 bytes)...
slave pre done
now n is 103476
[M::process] read chunk (19660800 bytes/CG x 1 CGs, 19660820 bytes)...
processed 103476
[M::mem_process_seqs_merge2] Processed 103476 reads in 0.170 CPU sec, 5.261 real sec
[M::process] read chunk (19660800 bytes/CG x 1 CGs, 19660820 bytes)...
[M::mem_process_seqs_merge2] CPE FASTQ formatting done
[M::mem_process_seqs_merge2] CPE FASTQ formatting done
[M::mem_process_seqs_merge2] CPE FASTQ formatting done
[M::process] read chunk (19660800 bytes/CG x 1 CGs, 19660820 bytes)...
slave pre done
now n is 103478
processed 103478
[M::mem_process_seqs_merge2] Processed 103478 reads in 0.120 CPU sec, 5.135 real sec
slave pre done
now n is 103478
processed 103478
[M::mem_process_seqs_merge2] Processed 103478 reads in 0.180 CPU sec, 5.191 real sec
[M::process] read chunk (19660800 bytes/CG x 1 CGs, 19660820 bytes)...
slave pre done
now n is 103478
processed 103478
[M::mem_process_seqs_merge2] Processed 103478 reads in 0.350 CPU sec, 5.137 real sec
[M::process] read chunk (19660800 bytes/CG x 1 CGs, 19660820 bytes)...
slave pre done
[M::process] read chunk (19660800 bytes/CG x 1 CGs, 19660820 bytes)...
now n is 103478
processed 103478
[M::mem_process_seqs_merge2] Processed 103478 reads in 0.050 CPU sec, 5.148 real sec
[M::mem_process_seqs_merge2] CPE FASTQ formatting done
slave pre done
now n is 103478
processed 103478
[M::mem_process_seqs_merge2] Processed 103478 reads in 0.130 CPU sec, 5.073 real sec
[M::mem_process_seqs_merge2] CPE FASTQ formatting done
slave pre done
[M::process] read chunk (19660800 bytes/CG x 1 CGs, 19660820 bytes)...
now n is 103478
processed 103478
[M::mem_process_seqs_merge2] Processed 103478 reads in 0.110 CPU sec, 4.990 real sec
[M::process] read chunk (19660800 bytes/CG x 1 CGs, 19660820 bytes)...
[M::mem_process_seqs_merge2] CPE FASTQ formatting done
slave pre done
now n is 103478
processed 103478
[M::mem_process_seqs_merge2] Processed 103478 reads in 0.100 CPU sec, 4.933 real sec
[M::mem_process_seqs_merge2] CPE FASTQ formatting done
[M::process] read chunk (19660800 bytes/CG x 1 CGs, 19660820 bytes)...
slave pre done
now n is 103478
processed 103478
[M::mem_process_seqs_merge2] Processed 103478 reads in 0.160 CPU sec, 5.203 real sec
slave pre done
now n is 103478
processed 103478
[M::mem_process_seqs_merge2] Processed 103478 reads in 0.130 CPU sec, 5.156 real sec
[M::process] read chunk (19660800 bytes/CG x 1 CGs, 19660440 bytes)...
[M::mem_process_seqs_merge2] CPE FASTQ formatting done
slave pre done
now n is 103478
slave pre done
now n is 103478
processed 103478
[M::mem_process_seqs_merge2] Processed 103478 reads in 0.170 CPU sec, 5.435 real sec
[M::process] read chunk (19660800 bytes/CG x 1 CGs, 19660820 bytes)...
processed 103478
[M::mem_process_seqs_merge2] Processed 103478 reads in 0.180 CPU sec, 5.060 real sec
[M::process] read chunk (19660800 bytes/CG x 1 CGs, 19660820 bytes)...
[M::mem_process_seqs_merge2] CPE FASTQ formatting done
[M::mem_process_seqs_merge2] CPE FASTQ formatting done
[M::process] read chunk (19660800 bytes/CG x 1 CGs, 19660820 bytes)...
[M::process] read chunk (19660800 bytes/CG x 1 CGs, 19660820 bytes)...
[M::mem_process_seqs_merge2] CPE FASTQ formatting done
[M::mem_process_seqs_merge2] CPE FASTQ formatting done
slave pre done
now n is 103476
processed 103476
[M::mem_process_seqs_merge2] Processed 103476 reads in 0.090 CPU sec, 5.196 real sec
[M::mem_process_seqs_merge2] CPE FASTQ formatting done
slave pre done
now n is 103478
slave pre done
now n is 103478
processed 103478
[M::mem_process_seqs_merge2] Processed 103478 reads in 0.200 CPU sec, 5.169 real sec
slave pre done
now n is 103478
processed 103478
[M::mem_process_seqs_merge2] Processed 103478 reads in 0.160 CPU sec, 5.243 real sec
processed 103478
[M::mem_process_seqs_merge2] Processed 103478 reads in 0.130 CPU sec, 5.379 real sec
[M::mem_process_seqs_merge2] CPE FASTQ formatting done
[M::mem_process_seqs_merge2] CPE FASTQ formatting done
[M::process] read chunk (19660800 bytes/CG x 1 CGs, 19660820 bytes)...
[M::mem_process_seqs_merge2] CPE FASTQ formatting done
slave pre done
now n is 103478
processed 103478
[M::mem_process_seqs_merge2] Processed 103478 reads in 0.160 CPU sec, 5.158 real sec
[M::process] read chunk (19660800 bytes/CG x 1 CGs, 19660820 bytes)...
[M::process] read chunk (19660800 bytes/CG x 1 CGs, 19660820 bytes)...
[M::process] read chunk (19660800 bytes/CG x 1 CGs, 19660820 bytes)...
slave pre done
now n is 103478
[M::process] read chunk (19660800 bytes/CG x 1 CGs, 19660820 bytes)...
processed 103478
[M::mem_process_seqs_merge2] Processed 103478 reads in 0.170 CPU sec, 5.013 real sec
[M::mem_process_seqs_merge2] CPE FASTQ formatting done
[M::process] read chunk (19660800 bytes/CG x 1 CGs, 19660820 bytes)...
[M::mem_process_seqs_merge2] CPE FASTQ formatting done
[M::mem_process_seqs_merge2] CPE FASTQ formatting done
[M::mem_process_seqs_merge2] CPE FASTQ formatting done
[M::mem_process_seqs_merge2] CPE FASTQ formatting done
[M::mem_process_seqs_merge2] CPE FASTQ formatting done
slave pre done
now n is 103478
processed 103478
[M::mem_process_seqs_merge2] Processed 103478 reads in 0.150 CPU sec, 5.094 real sec
[M::process] read chunk (19660800 bytes/CG x 1 CGs, 19660820 bytes)...
slave pre done
now n is 103478
processed 103478
[M::mem_process_seqs_merge2] Processed 103478 reads in 0.110 CPU sec, 5.056 real sec
[M::mem_process_seqs_merge2] CPE FASTQ formatting done
[M::process] read chunk (19660800 bytes/CG x 1 CGs, 19660820 bytes)...
slave pre done
now n is 103478
slave pre done
now n is 103478
processed 103478
[M::mem_process_seqs_merge2] Processed 103478 reads in 0.160 CPU sec, 5.108 real sec
processed 103478
[M::mem_process_seqs_merge2] Processed 103478 reads in 0.280 CPU sec, 5.240 real sec
[M::mem_process_seqs_merge2] CPE FASTQ formatting done
slave pre done
now n is 103478
processed 103478
[M::mem_process_seqs_merge2] Processed 103478 reads in 0.250 CPU sec, 5.098 real sec
[M::process] read chunk (19660800 bytes/CG x 1 CGs, 19660820 bytes)...
[M::process] read chunk (19660800 bytes/CG x 1 CGs, 19660820 bytes)...
[M::process] read chunk (19660800 bytes/CG x 1 CGs, 19660820 bytes)...
[M::mem_process_seqs_merge2] CPE FASTQ formatting done
slave pre done
now n is 103478
processed 103478
[M::mem_process_seqs_merge2] Processed 103478 reads in 0.190 CPU sec, 5.115 real sec
[M::mem_process_seqs_merge2] CPE FASTQ formatting done
[M::mem_process_seqs_merge2] CPE FASTQ formatting done
slave pre done
now n is 103478
processed 103478
[M::mem_process_seqs_merge2] Processed 103478 reads in 0.060 CPU sec, 5.087 real sec
[M::process] read chunk (19660800 bytes/CG x 1 CGs, 19660820 bytes)...
[M::process] read chunk (19660800 bytes/CG x 1 CGs, 19660820 bytes)...
slave pre done
now n is 103478
processed 103478
slave pre done
now n is 103478
[M::mem_process_seqs_merge2] Processed 103478 reads in 0.110 CPU sec, 4.968 real sec
processed 103478
[M::mem_process_seqs_merge2] Processed 103478 reads in 0.200 CPU sec, 5.247 real sec
[M::process] read chunk (19660800 bytes/CG x 1 CGs, 19660440 bytes)...
[M::process] read chunk (19660800 bytes/CG x 1 CGs, 19660820 bytes)...
slave pre done
now n is 103478
processed 103478
[M::mem_process_seqs_merge2] Processed 103478 reads in 0.100 CPU sec, 4.980 real sec
[M::mem_process_seqs_merge2] CPE FASTQ formatting done
slave pre done
now n is 103478
[M::mem_process_seqs_merge2] CPE FASTQ formatting done
processed 103478
[M::mem_process_seqs_merge2] Processed 103478 reads in 0.160 CPU sec, 5.775 real sec
slave pre done
now n is 103478
processed 103478
[M::mem_process_seqs_merge2] Processed 103478 reads in 0.170 CPU sec, 4.979 real sec
slave pre done
now n is 103478
[M::mem_process_seqs_merge2] CPE FASTQ formatting done
[M::process] read chunk (19660800 bytes/CG x 1 CGs, 19660820 bytes)...
processed 103478
[M::mem_process_seqs_merge2] Processed 103478 reads in 0.150 CPU sec, 5.234 real sec
slave pre done
now n is 103478
[M::process] read chunk (19660800 bytes/CG x 1 CGs, 19660820 bytes)...
processed 103478
[M::mem_process_seqs_merge2] Processed 103478 reads in 0.150 CPU sec, 4.999 real sec
[M::process] read chunk (19660800 bytes/CG x 1 CGs, 19660820 bytes)...
[M::mem_process_seqs_merge2] CPE FASTQ formatting done
[M::process] read chunk (19660800 bytes/CG x 1 CGs, 19660820 bytes)...
slave pre done
now n is 103478
slave pre done
now n is 103478
processed 103478
[M::mem_process_seqs_merge2] Processed 103478 reads in 0.130 CPU sec, 4.977 real sec
[M::process] read chunk (19660800 bytes/CG x 1 CGs, 19660440 bytes)...
processed 103478
[M::mem_process_seqs_merge2] Processed 103478 reads in 0.240 CPU sec, 5.040 real sec
[M::mem_process_seqs_merge2] CPE FASTQ formatting done
slave pre done
now n is 103476
slave pre done
now n is 103478
processed 103476
[M::mem_process_seqs_merge2] Processed 103476 reads in 0.080 CPU sec, 5.113 real sec
processed 103478
[M::mem_process_seqs_merge2] Processed 103478 reads in 0.090 CPU sec, 5.042 real sec
[M::process] read chunk (19660800 bytes/CG x 1 CGs, 19660820 bytes)...
[M::process] read chunk (19660800 bytes/CG x 1 CGs, 19660820 bytes)...
[M::process] read chunk (19660800 bytes/CG x 1 CGs, 19660820 bytes)...
[M::process] read chunk (19660800 bytes/CG x 1 CGs, 19660820 bytes)...
[M::mem_process_seqs_merge2] CPE FASTQ formatting done
slave pre done
now n is 103478
processed 103478
[M::mem_process_seqs_merge2] Processed 103478 reads in 0.130 CPU sec, 4.895 real sec
[M::mem_process_seqs_merge2] CPE FASTQ formatting done
[M::mem_process_seqs_merge2] CPE FASTQ formatting done
slave pre done
now n is 103478
processed 103478
[M::mem_process_seqs_merge2] Processed 103478 reads in 0.130 CPU sec, 4.989 real sec
[M::mem_process_seqs_merge2] CPE FASTQ formatting done
[M::process] read chunk (19660800 bytes/CG x 1 CGs, 19660820 bytes)...
[M::mem_process_seqs_merge2] CPE FASTQ formatting done
[M::mem_process_seqs_merge2] CPE FASTQ formatting done
slave pre done
now n is 103478
processed 103478
[M::mem_process_seqs_merge2] Processed 103478 reads in 0.170 CPU sec, 5.100 real sec
slave pre done
now n is 103478
processed 103478
[M::mem_process_seqs_merge2] Processed 103478 reads in 0.130 CPU sec, 5.151 real sec
[M::process] read chunk (19660800 bytes/CG x 1 CGs, 19660820 bytes)...
slave pre done
now n is 103478
[M::mem_process_seqs_merge2] CPE FASTQ formatting done
processed 103478
[M::mem_process_seqs_merge2] Processed 103478 reads in 0.130 CPU sec, 5.003 real sec
[M::mem_process_seqs_merge2] CPE FASTQ formatting done
[M::process] read chunk (19660800 bytes/CG x 1 CGs, 19660820 bytes)...
slave pre done
now n is 103478
processed 103478
[M::mem_process_seqs_merge2] Processed 103478 reads in 0.230 CPU sec, 5.186 real sec
[M::mem_process_seqs_merge2] CPE FASTQ formatting done
[M::process] read chunk (19660800 bytes/CG x 1 CGs, 19660820 bytes)...
[M::process] read chunk (19660800 bytes/CG x 1 CGs, 19660820 bytes)...
[M::mem_process_seqs_merge2] CPE FASTQ formatting done
[M::process] read chunk (19660800 bytes/CG x 1 CGs, 19660820 bytes)...
[M::mem_process_seqs_merge2] CPE FASTQ formatting done
[M::mem_process_seqs_merge2] CPE FASTQ formatting done
slave pre done
now n is 103478
processed 103478
[M::mem_process_seqs_merge2] Processed 103478 reads in 0.120 CPU sec, 5.022 real sec
[M::mem_process_seqs_merge2] CPE FASTQ formatting done
[M::mem_process_seqs_merge2] CPE FASTQ formatting done
[M::process] read chunk (19660800 bytes/CG x 1 CGs, 19660820 bytes)...
slave pre done
now n is 103478
processed 103478
[M::mem_process_seqs_merge2] Processed 103478 reads in 0.190 CPU sec, 4.833 real sec
[M::process] read chunk (19660800 bytes/CG x 1 CGs, 4915300 bytes)...
[M::mem_process_seqs_merge2] CPE FASTQ formatting done
[M::mem_process_seqs_merge2] CPE FASTQ formatting done
slave pre done
now n is 103478
processed 103478
[M::mem_process_seqs_merge2] Processed 103478 reads in 0.170 CPU sec, 4.985 real sec
slave pre done
now n is 103478
processed 103478
[M::mem_process_seqs_merge2] Processed 103478 reads in 0.150 CPU sec, 5.202 real sec
slave pre done
now n is 103478
processed 103478
[M::mem_process_seqs_merge2] Processed 103478 reads in 0.160 CPU sec, 5.148 real sec
[M::process] read chunk (19660800 bytes/CG x 1 CGs, 19660820 bytes)...
[M::process] read chunk (19660800 bytes/CG x 1 CGs, 19660820 bytes)...
[M::process] read chunk (19660800 bytes/CG x 1 CGs, 4914920 bytes)...
[M::mem_process_seqs_merge2] CPE FASTQ formatting done
[M::mem_process_seqs_merge2] CPE FASTQ formatting done
slave pre done
now n is 25870
processed 25870
[M::mem_process_seqs_merge2] Processed 25870 reads in 0.030 CPU sec, 1.298 real sec
[M::mem_process_seqs_merge2] CPE FASTQ formatting done
[M::process] read chunk (19660800 bytes/CG x 1 CGs, 4915300 bytes)...
[M::mem_process_seqs_merge2] CPE FASTQ formatting done
slave pre done
now n is 103478
slave pre done
now n is 103478
processed 103478
[M::mem_process_seqs_merge2] Processed 103478 reads in 0.080 CPU sec, 4.962 real sec
processed 103478
[M::mem_process_seqs_merge2] Processed 103478 reads in 0.140 CPU sec, 5.059 real sec
[M::process] read chunk (19660800 bytes/CG x 1 CGs, 19660820 bytes)...
[M::process] read chunk (19660800 bytes/CG x 1 CGs, 4915300 bytes)...
slave pre done
now n is 103478
processed 103478
[M::mem_process_seqs_merge2] Processed 103478 reads in 0.190 CPU sec, 5.137 real sec
slave pre done
now n is 103476
processed 103476
[M::mem_process_seqs_merge2] Processed 103476 reads in 0.210 CPU sec, 5.116 real sec
[M::process] read chunk (19660800 bytes/CG x 1 CGs, 19660820 bytes)...
[M::mem_process_seqs_merge2] CPE FASTQ formatting done
[M::process] read chunk (19660800 bytes/CG x 1 CGs, 4915300 bytes)...
slave pre done
now n is 103478
processed 103478
[M::mem_process_seqs_merge2] Processed 103478 reads in 0.170 CPU sec, 5.117 real sec
[M::mem_process_seqs_merge2] CPE FASTQ formatting done
[M::mem_process_seqs_merge2] CPE FASTQ formatting done
slave pre done
now n is 25868
processed 25868
[M::mem_process_seqs_merge2] Processed 25868 reads in 0.050 CPU sec, 1.373 real sec
[M::process] read chunk (19660800 bytes/CG x 1 CGs, 4915300 bytes)...
slave pre done
now n is 103476
[M::process] read chunk (19660800 bytes/CG x 1 CGs, 4915300 bytes)...
processed 103476
[M::mem_process_seqs_merge2] Processed 103476 reads in 0.160 CPU sec, 4.913 real sec
[M::mem_process_seqs_merge2] CPE FASTQ formatting done
[M::mem_process_seqs_merge2] CPE FASTQ formatting done
[M::mem_process_seqs_merge2] CPE FASTQ formatting done
[M::process] read chunk (19660800 bytes/CG x 1 CGs, 4915300 bytes)...
slave pre done
now n is 25870
slave pre done
now n is 103478
processed 25870
[M::mem_process_seqs_merge2] Processed 25870 reads in 0.020 CPU sec, 1.469 real sec
slave pre done
now n is 103478
processed 103478
[M::mem_process_seqs_merge2] Processed 103478 reads in 0.080 CPU sec, 5.030 real sec
processed 103478
[M::mem_process_seqs_merge2] Processed 103478 reads in 0.160 CPU sec, 5.080 real sec
[M::process] read chunk (19660800 bytes/CG x 1 CGs, 4915300 bytes)...
slave pre done
now n is 103478
slave pre done
now n is 103478
processed 103478
[M::mem_process_seqs_merge2] Processed 103478 reads in 0.120 CPU sec, 5.031 real sec
processed 103478
[M::mem_process_seqs_merge2] Processed 103478 reads in 0.130 CPU sec, 4.973 real sec
[M::mem_process_seqs_merge2] CPE FASTQ formatting done
[M::mem_process_seqs_merge2] CPE FASTQ formatting done
slave pre done
now n is 103478
processed 103478
[M::mem_process_seqs_merge2] Processed 103478 reads in 0.140 CPU sec, 5.036 real sec
[M::process] read chunk (19660800 bytes/CG x 1 CGs, 4915300 bytes)...
[M::process] read chunk (19660800 bytes/CG x 1 CGs, 4915300 bytes)...
slave pre done
now n is 103478
[M::process] read chunk (19660800 bytes/CG x 1 CGs, 4914920 bytes)...
processed 103478
[M::mem_process_seqs_merge2] Processed 103478 reads in 0.130 CPU sec, 4.926 real sec
[M::process] read chunk (19660800 bytes/CG x 1 CGs, 4915300 bytes)...
[M::process] read chunk (19660800 bytes/CG x 1 CGs, 4915300 bytes)...
[M::mem_process_seqs_merge2] CPE FASTQ formatting done
[M::mem_process_seqs_merge2] CPE FASTQ formatting done
[M::mem_process_seqs_merge2] CPE FASTQ formatting done
slave pre done
now n is 103478
processed 103478
[M::mem_process_seqs_merge2] CPE FASTQ formatting done
[M::mem_process_seqs_merge2] Processed 103478 reads in 0.170 CPU sec, 5.249 real sec
[M::process] read chunk (19660800 bytes/CG x 1 CGs, 4915300 bytes)...
slave pre done
now n is 103478
processed 103478
[M::mem_process_seqs_merge2] Processed 103478 reads in 0.120 CPU sec, 5.073 real sec
[M::mem_process_seqs_merge2] CPE FASTQ formatting done
slave pre done
now n is 103478
[M::mem_process_seqs_merge2] CPE FASTQ formatting done
processed 103478
[M::mem_process_seqs_merge2] Processed 103478 reads in 0.120 CPU sec, 5.040 real sec
slave pre done
now n is 25870
processed 25870
[M::mem_process_seqs_merge2] Processed 25870 reads in 0.040 CPU sec, 1.608 real sec
[M::process] read chunk (19660800 bytes/CG x 1 CGs, 4915300 bytes)...
[M::process] read chunk (19660800 bytes/CG x 1 CGs, 4914920 bytes)...
[M::process] read chunk (19660800 bytes/CG x 1 CGs, 4915300 bytes)...
slave pre done
now n is 25870
processed 25870
[M::mem_process_seqs_merge2] Processed 25870 reads in 0.060 CPU sec, 1.446 real sec
[M::mem_process_seqs_merge2] CPE FASTQ formatting done
[M::process] read chunk (19660800 bytes/CG x 1 CGs, 4915300 bytes)...
[M::process] read chunk (19660800 bytes/CG x 1 CGs, 4914920 bytes)...
[M::mem_process_seqs_merge2] CPE FASTQ formatting done
slave pre done
now n is 103478
processed 103478
[M::mem_process_seqs_merge2] Processed 103478 reads in 0.160 CPU sec, 4.951 real sec
[M::mem_process_seqs_merge2] CPE FASTQ formatting done
[M::mem_process_seqs_merge2] CPE FASTQ formatting done
[M::mem_process_seqs_merge2] CPE FASTQ formatting done
slave pre done
now n is 103478
processed 103478
[M::mem_process_seqs_merge2] Processed 103478 reads in 0.080 CPU sec, 5.051 real sec
slave pre done
now n is 25870
processed 25870
[M::mem_process_seqs_merge2] Processed 25870 reads in 0.050 CPU sec, 1.444 real sec
slave pre done
now n is 25870
processed 25870
[M::mem_process_seqs_merge2] Processed 25870 reads in 0.070 CPU sec, 1.484 real sec
[M::process] read chunk (19660800 bytes/CG x 1 CGs, 4915300 bytes)...
[M::process] read chunk (19660800 bytes/CG x 1 CGs, 4914920 bytes)...
[M::process] read chunk (19660800 bytes/CG x 1 CGs, 4915300 bytes)...
slave pre done
now n is 25870
processed 25870
[M::mem_process_seqs_merge2] Processed 25870 reads in 0.040 CPU sec, 1.322 real sec
slave pre done
now n is 25870
[M::mem_process_seqs_merge2] CPE FASTQ formatting done
processed 25870
[M::mem_process_seqs_merge2] Processed 25870 reads in 0.040 CPU sec, 1.414 real sec
[M::process] read chunk (19660800 bytes/CG x 1 CGs, 4915300 bytes)...
[M::process] read chunk (19660800 bytes/CG x 1 CGs, 4915300 bytes)...
slave pre done
now n is 103478
[M::mem_process_seqs_merge2] CPE FASTQ formatting done
processed 103478
[M::mem_process_seqs_merge2] Processed 103478 reads in 0.160 CPU sec, 5.123 real sec
slave pre done
[M::process] read chunk (19660800 bytes/CG x 1 CGs, 4915300 bytes)...
now n is 103478
processed 103478
[M::mem_process_seqs_merge2] Processed 103478 reads in 0.160 CPU sec, 5.359 real sec
[M::mem_process_seqs_merge2] CPE FASTQ formatting done
[M::mem_process_seqs_merge2] CPE FASTQ formatting done
[M::mem_process_seqs_merge2] CPE FASTQ formatting done
[M::process] read chunk (19660800 bytes/CG x 1 CGs, 4915300 bytes)...
[M::mem_process_seqs_merge2] CPE FASTQ formatting done
slave pre done
now n is 103478
processed 103478
[M::mem_process_seqs_merge2] Processed 103478 reads in 0.150 CPU sec, 5.043 real sec
[M::process] read chunk (19660800 bytes/CG x 1 CGs, 4914920 bytes)...
slave pre done
now n is 25870
slave pre done
now n is 25870
processed 25870
[M::mem_process_seqs_merge2] Processed 25870 reads in 0.030 CPU sec, 1.433 real sec
processed 25870
[M::mem_process_seqs_merge2] Processed 25870 reads in 0.130 CPU sec, 1.389 real sec
slave pre done
now n is 25870
processed 25870
[M::mem_process_seqs_merge2] Processed 25870 reads in 0.020 CPU sec, 1.381 real sec
[M::process] read chunk (19660800 bytes/CG x 1 CGs, 4914920 bytes)...
[M::process] read chunk (19660800 bytes/CG x 1 CGs, 4914920 bytes)...
[M::mem_process_seqs_merge2] CPE FASTQ formatting done
slave pre done
now n is 25870
processed 25870
[M::mem_process_seqs_merge2] Processed 25870 reads in 0.040 CPU sec, 1.380 real sec
[M::process] read chunk (19660800 bytes/CG x 1 CGs, 4914920 bytes)...
slave pre done
now n is 25870
[M::mem_process_seqs_merge2] CPE FASTQ formatting done
processed 25870
[M::mem_process_seqs_merge2] Processed 25870 reads in 0.050 CPU sec, 1.361 real sec
[M::mem_process_seqs_merge2] CPE FASTQ formatting done
slave pre done
now n is 25868
processed 25868
[M::mem_process_seqs_merge2] Processed 25868 reads in 0.040 CPU sec, 1.639 real sec
[M::process] read chunk (19660800 bytes/CG x 1 CGs, 4914920 bytes)...
[M::process] read chunk (19660800 bytes/CG x 1 CGs, 4915300 bytes)...
[M::process] read chunk (19660800 bytes/CG x 1 CGs, 4915300 bytes)...
[M::process] read chunk (19660800 bytes/CG x 1 CGs, 4915300 bytes)...
[M::mem_process_seqs_merge2] CPE FASTQ formatting done
[M::mem_process_seqs_merge2] CPE FASTQ formatting done
[M::mem_process_seqs_merge2] CPE FASTQ formatting done
slave pre done
now n is 25870
[M::mem_process_seqs_merge2] CPE FASTQ formatting done
processed 25870
[M::mem_process_seqs_merge2] Processed 25870 reads in 0.030 CPU sec, 1.387 real sec
[M::mem_process_seqs_merge2] CPE FASTQ formatting done
[M::process] read chunk (19660800 bytes/CG x 1 CGs, 4915300 bytes)...
slave pre done
now n is 25868
processed 25868
[M::mem_process_seqs_merge2] Processed 25868 reads in 0.030 CPU sec, 1.383 real sec
[M::mem_process_seqs_merge2] CPE FASTQ formatting done
slave pre done
now n is 25870
processed 25870
[M::mem_process_seqs_merge2] Processed 25870 reads in 0.080 CPU sec, 1.461 real sec
[M::mem_process_seqs_merge2] CPE FASTQ formatting done
[M::process] read chunk (19660800 bytes/CG x 1 CGs, 4915300 bytes)...
slave pre done
now n is 25868
processed 25868
[M::mem_process_seqs_merge2] Processed 25868 reads in 0.040 CPU sec, 1.447 real sec
[M::process] read chunk (19660800 bytes/CG x 1 CGs, 4915300 bytes)...
slave pre done
now n is 25870
processed 25870
[M::mem_process_seqs_merge2] Processed 25870 reads in 0.040 CPU sec, 1.453 real sec
[M::process] read chunk (19660800 bytes/CG x 1 CGs, 4915300 bytes)...
[M::process] read chunk (19660800 bytes/CG x 1 CGs, 4915300 bytes)...
[M::mem_process_seqs_merge2] CPE FASTQ formatting done
[M::mem_process_seqs_merge2] CPE FASTQ formatting done
[M::mem_process_seqs_merge2] CPE FASTQ formatting done
[M::mem_process_seqs_merge2] CPE FASTQ formatting done
slave pre done
now n is 25870
processed 25870
[M::mem_process_seqs_merge2] Processed 25870 reads in 0.020 CPU sec, 1.450 real sec
slave pre done
now n is 25868
processed 25868
[M::mem_process_seqs_merge2] Processed 25868 reads in 0.040 CPU sec, 1.536 real sec
[M::process] read chunk (19660800 bytes/CG x 1 CGs, 4915300 bytes)...
[M::process] read chunk (19660800 bytes/CG x 1 CGs, 4915300 bytes)...
slave pre done
now n is 25870
slave pre done
now n is 25870
processed 25870
[M::mem_process_seqs_merge2] Processed 25870 reads in 0.040 CPU sec, 1.461 real sec
processed 25870
[M::mem_process_seqs_merge2] Processed 25870 reads in 0.020 CPU sec, 1.543 real sec
slave pre done
now n is 25870
processed 25870
[M::mem_process_seqs_merge2] Processed 25870 reads in 0.020 CPU sec, 1.524 real sec
[M::mem_process_seqs_merge2] CPE FASTQ formatting done
[M::process] read chunk (19660800 bytes/CG x 1 CGs, 4914920 bytes)...
slave pre done
now n is 103478
[M::process] read chunk (19660800 bytes/CG x 1 CGs, 4914920 bytes)...
[M::process] read chunk (19660800 bytes/CG x 1 CGs, 4914920 bytes)...
processed 103478
[M::mem_process_seqs_merge2] Processed 103478 reads in 0.160 CPU sec, 4.939 real sec
slave pre done
now n is 25870
processed 25870
[M::mem_process_seqs_merge2] Processed 25870 reads in 0.040 CPU sec, 1.528 real sec
slave pre done
now n is 103478
processed 103478
[M::mem_process_seqs_merge2] Processed 103478 reads in 0.240 CPU sec, 5.262 real sec
[M::process] read chunk (19660800 bytes/CG x 1 CGs, 4915300 bytes)...
[M::mem_process_seqs_merge2] CPE FASTQ formatting done
slave pre done
now n is 25868
slave pre done
now n is 25870
processed 25868
[M::mem_process_seqs_merge2] Processed 25868 reads in 0.050 CPU sec, 1.387 real sec
slave pre done
[M::mem_process_seqs_merge2] CPE FASTQ formatting done
now n is 25868
[M::mem_process_seqs_merge2] CPE FASTQ formatting done
processed 25870
[M::mem_process_seqs_merge2] Processed 25870 reads in 0.050 CPU sec, 1.496 real sec
processed 25868
[M::mem_process_seqs_merge2] Processed 25868 reads in 0.030 CPU sec, 1.437 real sec
[M::process] read chunk (19660800 bytes/CG x 1 CGs, 4915300 bytes)...
[M::process] read chunk (19660800 bytes/CG x 1 CGs, 4915300 bytes)...
[M::process] read chunk (19660800 bytes/CG x 1 CGs, 4915300 bytes)...
[M::process] read chunk (19660800 bytes/CG x 1 CGs, 4915300 bytes)...
[M::mem_process_seqs_merge2] CPE FASTQ formatting done
[M::mem_process_seqs_merge2] CPE FASTQ formatting done
slave pre done
now n is 25870
slave pre done
now n is 25868
processed 25870
[M::mem_process_seqs_merge2] Processed 25870 reads in 0.070 CPU sec, 1.465 real sec
processed 25868
[M::process] read chunk (19660800 bytes/CG x 1 CGs, 4915300 bytes)...
[M::mem_process_seqs_merge2] Processed 25868 reads in 0.060 CPU sec, 1.369 real sec
slave pre done
now n is 25868
[M::mem_process_seqs_merge2] CPE FASTQ formatting done
processed 25868
[M::mem_process_seqs_merge2] Processed 25868 reads in 0.020 CPU sec, 1.430 real sec
[M::mem_process_seqs_merge2] CPE FASTQ formatting done
slave pre done
now n is 25868
[M::mem_process_seqs_merge2] CPE FASTQ formatting done
[M::mem_process_seqs_merge2] CPE FASTQ formatting done
[M::process] read chunk (19660800 bytes/CG x 1 CGs, 4915300 bytes)...
processed 25868
[M::mem_process_seqs_merge2] Processed 25868 reads in 0.060 CPU sec, 1.427 real sec
slave pre done
now n is 25870
[M::process] read chunk (19660800 bytes/CG x 1 CGs, 4915300 bytes)...
[M::process] read chunk (19660800 bytes/CG x 1 CGs, 4915300 bytes)...
processed 25870
[M::mem_process_seqs_merge2] Processed 25870 reads in 0.030 CPU sec, 1.528 real sec
[M::mem_process_seqs_merge2] CPE FASTQ formatting done
[M::mem_process_seqs_merge2] CPE FASTQ formatting done
[M::process] read chunk (19660800 bytes/CG x 1 CGs, 4915300 bytes)...
[M::process] read chunk (19660800 bytes/CG x 1 CGs, 4915300 bytes)...
[M::mem_process_seqs_merge2] CPE FASTQ formatting done
slave pre done
now n is 25870
slave pre done
now n is 25870
processed 25870
[M::mem_process_seqs_merge2] Processed 25870 reads in 0.030 CPU sec, 1.480 real sec
processed 25870
[M::mem_process_seqs_merge2] Processed 25870 reads in 0.050 CPU sec, 1.526 real sec
[M::mem_process_seqs_merge2] CPE FASTQ formatting done
slave pre done
now n is 25870
[M::mem_process_seqs_merge2] CPE FASTQ formatting done
[M::process] read chunk (19660800 bytes/CG x 1 CGs, 4914920 bytes)...
[M::process] read chunk (19660800 bytes/CG x 1 CGs, 4915300 bytes)...
processed 25870
[M::mem_process_seqs_merge2] Processed 25870 reads in 0.020 CPU sec, 1.354 real sec
[M::mem_process_seqs_merge2] CPE FASTQ formatting done
slave pre done
now n is 25870
processed 25870
[M::mem_process_seqs_merge2] Processed 25870 reads in 0.080 CPU sec, 1.459 real sec
[M::process] read chunk (19660800 bytes/CG x 1 CGs, 4915300 bytes)...
slave pre done
now n is 25870
processed 25870
[M::mem_process_seqs_merge2] Processed 25870 reads in 0.030 CPU sec, 1.440 real sec
[M::process] read chunk (19660800 bytes/CG x 1 CGs, 4914920 bytes)...
slave pre done
now n is 25870
processed 25870
[M::mem_process_seqs_merge2] Processed 25870 reads in 0.020 CPU sec, 1.465 real sec
[M::mem_process_seqs_merge2] CPE FASTQ formatting done
[M::mem_process_seqs_merge2] CPE FASTQ formatting done
[M::process] read chunk (19660800 bytes/CG x 1 CGs, 4915300 bytes)...
[M::mem_process_seqs_merge2] CPE FASTQ formatting done
[M::process] read chunk (19660800 bytes/CG x 1 CGs, 4914920 bytes)...
[M::mem_process_seqs_merge2] CPE FASTQ formatting done
[M::mem_process_seqs_merge2] CPE FASTQ formatting done
[M::mem_process_seqs_merge2] CPE FASTQ formatting done
slave pre done
now n is 25870
slave pre done
now n is 103478
processed 25870
[M::mem_process_seqs_merge2] Processed 25870 reads in 0.040 CPU sec, 1.340 real sec
processed 103478
[M::mem_process_seqs_merge2] Processed 103478 reads in 0.190 CPU sec, 4.907 real sec
[M::process] read chunk (19660800 bytes/CG x 1 CGs, 4915300 bytes)...
[M::process] read chunk (19660800 bytes/CG x 1 CGs, 4914920 bytes)...
slave pre done
now n is 103478
[M::mem_process_seqs_merge2] CPE FASTQ formatting done
slave pre done
now n is 25868
processed 103478
[M::mem_process_seqs_merge2] Processed 103478 reads in 0.170 CPU sec, 5.451 real sec
processed 25868
[M::mem_process_seqs_merge2] Processed 25868 reads in 0.100 CPU sec, 1.456 real sec
slave pre done
now n is 25870
slave pre done
now n is 25868
processed 25868
[M::mem_process_seqs_merge2] Processed 25868 reads in 0.020 CPU sec, 1.371 real sec
processed 25870
[M::mem_process_seqs_merge2] Processed 25870 reads in 0.020 CPU sec, 1.493 real sec
[M::process] read chunk (19660800 bytes/CG x 1 CGs, 4915300 bytes)...
[M::mem_process_seqs_merge2] CPE FASTQ formatting done
slave pre done
now n is 25870
processed 25870
[M::mem_process_seqs_merge2] Processed 25870 reads in 0.020 CPU sec, 1.441 real sec
[M::process] read chunk (19660800 bytes/CG x 1 CGs, 4915300 bytes)...
[M::process] read chunk (19660800 bytes/CG x 1 CGs, 4915300 bytes)...
slave pre done
now n is 25868
processed 25868
[M::mem_process_seqs_merge2] Processed 25868 reads in 0.050 CPU sec, 1.647 real sec
slave pre done
now n is 25870
[M::mem_process_seqs_merge2] CPE FASTQ formatting done
[M::process] read chunk (19660800 bytes/CG x 1 CGs, 4915300 bytes)...
processed 25870
[M::mem_process_seqs_merge2] Processed 25870 reads in 0.030 CPU sec, 1.394 real sec
[M::process] read chunk (19660800 bytes/CG x 1 CGs, 4915300 bytes)...
slave pre done
now n is 25870
slave pre done
now n is 25870
[M::process] read chunk (19660800 bytes/CG x 1 CGs, 4915300 bytes)...
processed 25870
[M::mem_process_seqs_merge2] Processed 25870 reads in 0.030 CPU sec, 1.533 real sec
processed 25870
[M::mem_process_seqs_merge2] Processed 25870 reads in 0.070 CPU sec, 1.402 real sec
slave pre done
now n is 25870
[M::process] read chunk (19660800 bytes/CG x 1 CGs, 4915300 bytes)...
processed 25870
[M::mem_process_seqs_merge2] Processed 25870 reads in 0.040 CPU sec, 1.432 real sec
slave pre done
now n is 25870
processed 25870
[M::mem_process_seqs_merge2] Processed 25870 reads in 0.050 CPU sec, 1.303 real sec
[M::mem_process_seqs_merge2] CPE FASTQ formatting done
[M::process] read chunk (19660800 bytes/CG x 1 CGs, 4915300 bytes)...
[M::mem_process_seqs_merge2] CPE FASTQ formatting done
[M::process] read chunk (19660800 bytes/CG x 1 CGs, 4915300 bytes)...
[M::process] read chunk (19660800 bytes/CG x 1 CGs, 4915300 bytes)...
slave pre done
now n is 25870
slave pre done
now n is 25870
[M::process] read chunk (19660800 bytes/CG x 1 CGs, 4914920 bytes)...
processed 25870
[M::mem_process_seqs_merge2] Processed 25870 reads in 0.070 CPU sec, 1.593 real sec
processed 25870
[M::mem_process_seqs_merge2] Processed 25870 reads in 0.040 CPU sec, 1.653 real sec
[M::mem_process_seqs_merge2] CPE FASTQ formatting done
[M::mem_process_seqs_merge2] CPE FASTQ formatting done
[M::mem_process_seqs_merge2] CPE FASTQ formatting done
[M::process] read chunk (19660800 bytes/CG x 1 CGs, 4915300 bytes)...
[M::mem_process_seqs_merge2] CPE FASTQ formatting done
[M::process] read chunk (19660800 bytes/CG x 1 CGs, 4915300 bytes)...
[M::mem_process_seqs_merge2] CPE FASTQ formatting done
[M::mem_process_seqs_merge2] CPE FASTQ formatting done
slave pre done
now n is 25870
slave pre done
now n is 25870
processed 25870
[M::mem_process_seqs_merge2] Processed 25870 reads in 0.040 CPU sec, 1.486 real sec
slave pre done
now n is 25868
processed 25870
[M::mem_process_seqs_merge2] Processed 25870 reads in 0.050 CPU sec, 1.553 real sec
processed 25868
[M::mem_process_seqs_merge2] Processed 25868 reads in 0.010 CPU sec, 1.295 real sec
[M::mem_process_seqs_merge2] CPE FASTQ formatting done
[M::mem_process_seqs_merge2] CPE FASTQ formatting done
[M::process] read chunk (19660800 bytes/CG x 1 CGs, 4914920 bytes)...
[M::mem_process_seqs_merge2] CPE FASTQ formatting done
slave pre done
now n is 25870
[M::process] read chunk (19660800 bytes/CG x 1 CGs, 4915300 bytes)...
[M::mem_process_seqs_merge2] CPE FASTQ formatting done
processed 25870
[M::mem_process_seqs_merge2] Processed 25870 reads in 0.050 CPU sec, 1.546 real sec
[M::process] read chunk (19660800 bytes/CG x 1 CGs, 4915300 bytes)...
slave pre done
now n is 25870
[M::mem_process_seqs_merge2] CPE FASTQ formatting done
processed 25870
[M::mem_process_seqs_merge2] Processed 25870 reads in 0.040 CPU sec, 1.446 real sec
[M::process] read chunk (19660800 bytes/CG x 1 CGs, 4915300 bytes)...
slave pre done
now n is 25870
processed 25870
[M::mem_process_seqs_merge2] Processed 25870 reads in 0.020 CPU sec, 1.421 real sec
[M::mem_process_seqs_merge2] CPE FASTQ formatting done
[M::mem_process_seqs_merge2] CPE FASTQ formatting done
[M::process] read chunk (19660800 bytes/CG x 1 CGs, 4915300 bytes)...
slave pre done
now n is 25870
processed 25870
[M::mem_process_seqs_merge2] Processed 25870 reads in 0.060 CPU sec, 1.433 real sec
[M::process] read chunk (19660800 bytes/CG x 1 CGs, 4914920 bytes)...
[M::process] read chunk (19660800 bytes/CG x 1 CGs, 4914920 bytes)...
[M::mem_process_seqs_merge2] CPE FASTQ formatting done
slave pre done
now n is 25868
processed 25868
[M::mem_process_seqs_merge2] Processed 25868 reads in 0.020 CPU sec, 1.601 real sec
[M::mem_process_seqs_merge2] CPE FASTQ formatting done
[M::mem_process_seqs_merge2] CPE FASTQ formatting done
[M::process] read chunk (19660800 bytes/CG x 1 CGs, 4915300 bytes)...
slave pre done
now n is 25868
processed 25868
[M::mem_process_seqs_merge2] Processed 25868 reads in 0.040 CPU sec, 1.529 real sec
[M::mem_process_seqs_merge2] CPE FASTQ formatting done
[M::mem_process_seqs_merge2] CPE FASTQ formatting done
[M::process] read chunk (19660800 bytes/CG x 1 CGs, 4915300 bytes)...
[M::mem_process_seqs_merge2] CPE FASTQ formatting done
slave pre done
now n is 25870
processed 25870
[M::mem_process_seqs_merge2] Processed 25870 reads in 0.130 CPU sec, 1.521 real sec
slave pre done
now n is 25868
processed 25868
[M::mem_process_seqs_merge2] Processed 25868 reads in 0.030 CPU sec, 1.385 real sec
[M::process] read chunk (19660800 bytes/CG x 1 CGs, 4914920 bytes)...
[M::process] read chunk (19660800 bytes/CG x 1 CGs, 4915300 bytes)...
[M::mem_process_seqs_merge2] CPE FASTQ formatting done
slave pre done
now n is 25870
[M::mem_process_seqs_merge2] CPE FASTQ formatting done
processed 25870
[M::mem_process_seqs_merge2] Processed 25870 reads in 0.050 CPU sec, 1.511 real sec
slave pre done
now n is 25870
processed 25870
[M::mem_process_seqs_merge2] Processed 25870 reads in 0.030 CPU sec, 1.404 real sec
slave pre done
now n is 25870
processed 25870
[M::mem_process_seqs_merge2] Processed 25870 reads in 0.030 CPU sec, 1.287 real sec
[M::process] read chunk (19660800 bytes/CG x 1 CGs, 4914920 bytes)...
slave pre done
now n is 25870
processed 25870
[M::mem_process_seqs_merge2] Processed 25870 reads in 0.040 CPU sec, 1.390 real sec
[M::process] read chunk (19660800 bytes/CG x 1 CGs, 4914920 bytes)...
[M::process] read chunk (19660800 bytes/CG x 1 CGs, 4915300 bytes)...
slave pre done
now n is 25870
processed 25870
[M::mem_process_seqs_merge2] Processed 25870 reads in 0.030 CPU sec, 1.542 real sec
[M::process] read chunk (19660800 bytes/CG x 1 CGs, 4914920 bytes)...
[M::mem_process_seqs_merge2] CPE FASTQ formatting done
slave pre done
now n is 25870
processed 25870
[M::mem_process_seqs_merge2] Processed 25870 reads in 0.080 CPU sec, 1.333 real sec
[M::process] read chunk (19660800 bytes/CG x 1 CGs, 4915300 bytes)...
[M::mem_process_seqs_merge2] CPE FASTQ formatting done
slave pre done
now n is 25870
slave pre done
now n is 25870
processed 25870
[M::mem_process_seqs_merge2] Processed 25870 reads in 0.050 CPU sec, 1.581 real sec
slave pre done
now n is 25870
processed 25870
[M::mem_process_seqs_merge2] Processed 25870 reads in 0.040 CPU sec, 1.456 real sec
slave pre done
now n is 25870
processed 25870
[M::mem_process_seqs_merge2] Processed 25870 reads in 0.020 CPU sec, 1.486 real sec
processed 25870
[M::mem_process_seqs_merge2] Processed 25870 reads in 0.020 CPU sec, 1.519 real sec
[M::process] read chunk (19660800 bytes/CG x 1 CGs, 4914920 bytes)...
[M::mem_process_seqs_merge2] CPE FASTQ formatting done
slave pre done
now n is 25870
[M::process] read chunk (19660800 bytes/CG x 1 CGs, 4914920 bytes)...
[M::mem_process_seqs_merge2] CPE FASTQ formatting done
[M::process] read chunk (19660800 bytes/CG x 1 CGs, 4915300 bytes)...
processed 25870
[M::mem_process_seqs_merge2] Processed 25870 reads in 0.060 CPU sec, 1.434 real sec
[M::process] read chunk (19660800 bytes/CG x 1 CGs, 4915300 bytes)...
[M::process] read chunk (19660800 bytes/CG x 1 CGs, 4914920 bytes)...
slave pre done
now n is 25870
processed 25870
[M::mem_process_seqs_merge2] Processed 25870 reads in 0.010 CPU sec, 1.459 real sec
[M::process] read chunk (19660800 bytes/CG x 1 CGs, 4915300 bytes)...
slave pre done
now n is 25870
[M::mem_process_seqs_merge2] CPE FASTQ formatting done
processed 25870
[M::mem_process_seqs_merge2] Processed 25870 reads in 0.040 CPU sec, 1.399 real sec
[M::process] read chunk (19660800 bytes/CG x 1 CGs, 4915300 bytes)...
[M::mem_process_seqs_merge2] CPE FASTQ formatting done
slave pre done
now n is 25868
processed 25868
[M::mem_process_seqs_merge2] Processed 25868 reads in 0.040 CPU sec, 1.647 real sec
[M::mem_process_seqs_merge2] CPE FASTQ formatting done
[M::process] read chunk (19660800 bytes/CG x 1 CGs, 4915300 bytes)...
slave pre done
now n is 25870
processed 25870
[M::mem_process_seqs_merge2] Processed 25870 reads in 0.080 CPU sec, 1.574 real sec
[M::process] read chunk (19660800 bytes/CG x 1 CGs, 4915300 bytes)...
slave pre done
now n is 25868
[M::mem_process_seqs_merge2] CPE FASTQ formatting done
slave pre done
now n is 25870
processed 25870
[M::mem_process_seqs_merge2] Processed 25870 reads in 0.040 CPU sec, 1.454 real sec
processed 25868
[M::mem_process_seqs_merge2] Processed 25868 reads in 0.040 CPU sec, 1.588 real sec
[M::mem_process_seqs_merge2] CPE FASTQ formatting done
[M::mem_process_seqs_merge2] CPE FASTQ formatting done
[M::mem_process_seqs_merge2] CPE FASTQ formatting done
[M::mem_process_seqs_merge2] CPE FASTQ formatting done
[M::mem_process_seqs_merge2] CPE FASTQ formatting done
[M::process] read chunk (19660800 bytes/CG x 1 CGs, 4914920 bytes)...
slave pre done
now n is 25870
processed 25870
[M::mem_process_seqs_merge2] Processed 25870 reads in 0.020 CPU sec, 1.448 real sec
[M::process] read chunk (19660800 bytes/CG x 1 CGs, 4915300 bytes)...
[M::process] read chunk (19660800 bytes/CG x 1 CGs, 4915300 bytes)...
slave pre done
now n is 25868
processed 25868
[M::mem_process_seqs_merge2] Processed 25868 reads in 0.020 CPU sec, 1.512 real sec
[M::mem_process_seqs_merge2] CPE FASTQ formatting done
slave pre done
now n is 25870
[M::process] read chunk (19660800 bytes/CG x 1 CGs, 4915300 bytes)...
processed 25870
[M::mem_process_seqs_merge2] Processed 25870 reads in 0.040 CPU sec, 1.417 real sec
[M::mem_process_seqs_merge2] CPE FASTQ formatting done
[M::process] read chunk (19660800 bytes/CG x 1 CGs, 4915300 bytes)...
[M::mem_process_seqs_merge2] CPE FASTQ formatting done
[M::process] read chunk (19660800 bytes/CG x 1 CGs, 4915300 bytes)...
[M::mem_process_seqs_merge2] CPE FASTQ formatting done
slave pre done
now n is 25868
[M::mem_process_seqs_merge2] CPE FASTQ formatting done
[M::mem_process_seqs_merge2] CPE FASTQ formatting done
processed 25868
[M::mem_process_seqs_merge2] Processed 25868 reads in 0.070 CPU sec, 1.589 real sec
slave pre done
now n is 25870
processed 25870
[M::mem_process_seqs_merge2] Processed 25870 reads in 0.050 CPU sec, 1.398 real sec
[M::process] read chunk (19660800 bytes/CG x 1 CGs, 4915300 bytes)...
[M::process] read chunk (19660800 bytes/CG x 1 CGs, 4915300 bytes)...
[M::mem_process_seqs_merge2] CPE FASTQ formatting done
[M::mem_process_seqs_merge2] CPE FASTQ formatting done
slave pre done
now n is 25870
[M::mem_process_seqs_merge2] CPE FASTQ formatting done
processed 25870
[M::mem_process_seqs_merge2] Processed 25870 reads in 0.050 CPU sec, 1.453 real sec
[M::process] read chunk (19660800 bytes/CG x 1 CGs, 4915300 bytes)...
slave pre done
now n is 25868
processed 25868
[M::mem_process_seqs_merge2] Processed 25868 reads in 0.130 CPU sec, 1.579 real sec
[M::mem_process_seqs_merge2] CPE FASTQ formatting done
[M::process] read chunk (19660800 bytes/CG x 1 CGs, 4915300 bytes)...
slave pre done
now n is 25868
processed 25868
[M::mem_process_seqs_merge2] Processed 25868 reads in 0.030 CPU sec, 1.434 real sec
slave pre done
now n is 25868
processed 25868
[M::mem_process_seqs_merge2] Processed 25868 reads in 0.060 CPU sec, 1.557 real sec
[M::process] read chunk (19660800 bytes/CG x 1 CGs, 4915300 bytes)...
[M::mem_process_seqs_merge2] CPE FASTQ formatting done
[M::process] read chunk (19660800 bytes/CG x 1 CGs, 4915300 bytes)...
slave pre done
now n is 25870
processed 25870
[M::mem_process_seqs_merge2] Processed 25870 reads in 0.040 CPU sec, 1.476 real sec
[M::process] read chunk (19660800 bytes/CG x 1 CGs, 4915300 bytes)...
slave pre done
now n is 25868
processed 25868
[M::mem_process_seqs_merge2] Processed 25868 reads in 0.050 CPU sec, 1.623 real sec
[M::mem_process_seqs_merge2] CPE FASTQ formatting done
[M::mem_process_seqs_merge2] CPE FASTQ formatting done
slave pre done
now n is 25868
slave pre done
now n is 25870
processed 25868
[M::mem_process_seqs_merge2] Processed 25868 reads in 0.020 CPU sec, 1.532 real sec
processed 25870
[M::mem_process_seqs_merge2] Processed 25870 reads in 0.040 CPU sec, 1.344 real sec
[M::process] read chunk (19660800 bytes/CG x 1 CGs, 4915300 bytes)...
slave pre done
now n is 25870
processed 25870
[M::mem_process_seqs_merge2] Processed 25870 reads in 0.050 CPU sec, 1.379 real sec
slave pre done
now n is 25870
processed 25870
[M::mem_process_seqs_merge2] Processed 25870 reads in 0.060 CPU sec, 1.383 real sec
slave pre done
now n is 25870
processed 25870
[M::mem_process_seqs_merge2] Processed 25870 reads in 0.030 CPU sec, 1.417 real sec
slave pre done
now n is 25870
[M::process] read chunk (19660800 bytes/CG x 1 CGs, 4915300 bytes)...
[M::process] read chunk (19660800 bytes/CG x 1 CGs, 4914920 bytes)...
processed 25870
[M::mem_process_seqs_merge2] Processed 25870 reads in 0.010 CPU sec, 1.538 real sec
slave pre done
now n is 25868
processed 25868
[M::mem_process_seqs_merge2] Processed 25868 reads in 0.030 CPU sec, 1.428 real sec
[M::process] read chunk (19660800 bytes/CG x 1 CGs, 4915300 bytes)...
[M::process] read chunk (19660800 bytes/CG x 1 CGs, 4914920 bytes)...
[M::process] read chunk (19660800 bytes/CG x 1 CGs, 4915300 bytes)...
[M::process] read chunk (19660800 bytes/CG x 1 CGs, 4914920 bytes)...
[M::process] read chunk (19660800 bytes/CG x 1 CGs, 4915300 bytes)...
[M::mem_process_seqs_merge2] CPE FASTQ formatting done
[M::mem_process_seqs_merge2] CPE FASTQ formatting done
slave pre done
now n is 25870
slave pre done
now n is 25868
[M::mem_process_seqs_merge2] CPE FASTQ formatting done
[M::mem_process_seqs_merge2] CPE FASTQ formatting done
processed 25870
[M::mem_process_seqs_merge2] Processed 25870 reads in 0.010 CPU sec, 1.403 real sec
processed 25868
[M::mem_process_seqs_merge2] Processed 25868 reads in 0.100 CPU sec, 1.458 real sec
[M::mem_process_seqs_merge2] CPE FASTQ formatting done
[M::process] read chunk (19660800 bytes/CG x 1 CGs, 4914920 bytes)...
[M::process] read chunk (19660800 bytes/CG x 1 CGs, 4915300 bytes)...
[M::mem_process_seqs_merge2] CPE FASTQ formatting done
slave pre done
now n is 25870
slave pre done
now n is 25870
slave pre done
now n is 25868
processed 25870
[M::mem_process_seqs_merge2] Processed 25870 reads in 0.040 CPU sec, 1.503 real sec
processed 25870
[M::mem_process_seqs_merge2] Processed 25870 reads in 0.020 CPU sec, 1.413 real sec
[M::mem_process_seqs_merge2] CPE FASTQ formatting done
processed 25868
[M::mem_process_seqs_merge2] Processed 25868 reads in 0.090 CPU sec, 1.864 real sec
slave pre done
now n is 25870
processed 25870
[M::mem_process_seqs_merge2] Processed 25870 reads in 0.020 CPU sec, 1.738 real sec
slave pre done
now n is 25870
processed 25870
[M::mem_process_seqs_merge2] Processed 25870 reads in 0.060 CPU sec, 1.432 real sec
[M::mem_process_seqs_merge2] CPE FASTQ formatting done
[M::process] read chunk (19660800 bytes/CG x 1 CGs, 4915300 bytes)...
[M::process] read chunk (19660800 bytes/CG x 1 CGs, 4915300 bytes)...
[M::process] read chunk (19660800 bytes/CG x 1 CGs, 4915300 bytes)...
slave pre done
now n is 25870
[M::mem_process_seqs_merge2] CPE FASTQ formatting done
processed 25870
[M::mem_process_seqs_merge2] Processed 25870 reads in 0.060 CPU sec, 1.500 real sec
[M::mem_process_seqs_merge2] CPE FASTQ formatting done
[M::process] read chunk (19660800 bytes/CG x 1 CGs, 4915300 bytes)...
[M::mem_process_seqs_merge2] CPE FASTQ formatting done
[M::process] read chunk (19660800 bytes/CG x 1 CGs, 4914920 bytes)...
[M::process] read chunk (19660800 bytes/CG x 1 CGs, 4914920 bytes)...
[M::mem_process_seqs_merge2] CPE FASTQ formatting done
[M::mem_process_seqs_merge2] CPE FASTQ formatting done
slave pre done
now n is 25870
processed 25870
[M::mem_process_seqs_merge2] Processed 25870 reads in 0.030 CPU sec, 1.293 real sec
slave pre done
now n is 25870
processed 25870
[M::mem_process_seqs_merge2] Processed 25870 reads in 0.050 CPU sec, 1.407 real sec
[M::process] read chunk (19660800 bytes/CG x 1 CGs, 4915300 bytes)...
[M::mem_process_seqs_merge2] CPE FASTQ formatting done
[M::mem_process_seqs_merge2] CPE FASTQ formatting done
[M::process] read chunk (19660800 bytes/CG x 1 CGs, 4915300 bytes)...
slave pre done
now n is 25870
[M::mem_process_seqs_merge2] CPE FASTQ formatting done
processed 25870
[M::mem_process_seqs_merge2] Processed 25870 reads in 0.080 CPU sec, 1.501 real sec
[M::mem_process_seqs_merge2] CPE FASTQ formatting done
[M::process] read chunk (19660800 bytes/CG x 1 CGs, 4915300 bytes)...
[M::mem_process_seqs_merge2] CPE FASTQ formatting done
[M::mem_process_seqs_merge2] CPE FASTQ formatting done
[M::mem_process_seqs_merge2] CPE FASTQ formatting done
slave pre done
now n is 25870
processed 25870
[M::mem_process_seqs_merge2] Processed 25870 reads in 0.120 CPU sec, 1.336 real sec
slave pre done
now n is 25870
processed 25870
[M::mem_process_seqs_merge2] Processed 25870 reads in 0.030 CPU sec, 1.573 real sec
[M::process] read chunk (19660800 bytes/CG x 1 CGs, 4914920 bytes)...
[M::process] read chunk (19660800 bytes/CG x 1 CGs, 4915300 bytes)...
[M::mem_process_seqs_merge2] CPE FASTQ formatting done
slave pre done
now n is 25870
slave pre done
now n is 25870
processed 25870
[M::mem_process_seqs_merge2] Processed 25870 reads in 0.060 CPU sec, 1.435 real sec
processed 25870
[M::mem_process_seqs_merge2] Processed 25870 reads in 0.040 CPU sec, 1.456 real sec
[M::mem_process_seqs_merge2] CPE FASTQ formatting done
[M::process] read chunk (19660800 bytes/CG x 1 CGs, 4915300 bytes)...
[M::process] read chunk (19660800 bytes/CG x 1 CGs, 4914920 bytes)...
[M::mem_process_seqs_merge2] CPE FASTQ formatting done
slave pre done
now n is 25870
processed 25870
slave pre done
now n is 25870
[M::mem_process_seqs_merge2] Processed 25870 reads in 0.070 CPU sec, 1.396 real sec
processed 25870
[M::mem_process_seqs_merge2] Processed 25870 reads in 0.050 CPU sec, 1.395 real sec
[M::mem_process_seqs_merge2] CPE FASTQ formatting done
slave pre done
now n is 25868
processed 25868
[M::mem_process_seqs_merge2] Processed 25868 reads in 0.050 CPU sec, 1.423 real sec
slave pre done
now n is 25868
processed 25868
[M::mem_process_seqs_merge2] Processed 25868 reads in 0.010 CPU sec, 1.391 real sec
[M::process] read chunk (19660800 bytes/CG x 1 CGs, 4915300 bytes)...
[M::process] read chunk (19660800 bytes/CG x 1 CGs, 4914920 bytes)...
slave pre done
now n is 25870
[M::process] read chunk (19660800 bytes/CG x 1 CGs, 4915300 bytes)...
slave pre done
now n is 25870
processed 25870
[M::mem_process_seqs_merge2] Processed 25870 reads in 0.020 CPU sec, 1.537 real sec
processed 25870
[M::mem_process_seqs_merge2] Processed 25870 reads in 0.030 CPU sec, 1.376 real sec
[M::process] read chunk (19660800 bytes/CG x 1 CGs, 4915300 bytes)...
slave pre done
now n is 25868
processed 25868
[M::mem_process_seqs_merge2] Processed 25868 reads in 0.020 CPU sec, 1.362 real sec
[M::process] read chunk (19660800 bytes/CG x 1 CGs, 4914920 bytes)...
[M::process] read chunk (19660800 bytes/CG x 1 CGs, 4915300 bytes)...
[M::mem_process_seqs_merge2] CPE FASTQ formatting done
slave pre done
now n is 25870
slave pre done
now n is 25868
processed 25870
slave pre done
[M::mem_process_seqs_merge2] Processed 25870 reads in 0.040 CPU sec, 1.540 real sec
now n is 25870
processed 25870
[M::process] read chunk (19660800 bytes/CG x 1 CGs, 4915300 bytes)...
[M::mem_process_seqs_merge2] Processed 25870 reads in 0.040 CPU sec, 1.305 real sec
[M::mem_process_seqs_merge2] CPE FASTQ formatting done
[M::mem_process_seqs_merge2] CPE FASTQ formatting done
slave pre done
now n is 25870
processed 25868
[M::mem_process_seqs_merge2] Processed 25868 reads in 0.040 CPU sec, 1.398 real sec
processed 25870
[M::mem_process_seqs_merge2] Processed 25870 reads in 0.030 CPU sec, 1.409 real sec
slave pre done
now n is 25870
[M::process] read chunk (19660800 bytes/CG x 1 CGs, 4915300 bytes)...
processed 25870
[M::mem_process_seqs_merge2] Processed 25870 reads in 0.090 CPU sec, 1.497 real sec
[M::process] read chunk (19660800 bytes/CG x 1 CGs, 4915300 bytes)...
[M::process] read chunk (19660800 bytes/CG x 1 CGs, 4915300 bytes)...
[M::process] read chunk (19660800 bytes/CG x 1 CGs, 4915300 bytes)...
[M::mem_process_seqs_merge2] CPE FASTQ formatting done
slave pre done
now n is 25870
processed 25870
[M::mem_process_seqs_merge2] Processed 25870 reads in 0.060 CPU sec, 1.479 real sec
[M::mem_process_seqs_merge2] CPE FASTQ formatting done
[M::process] read chunk (19660800 bytes/CG x 1 CGs, 4914920 bytes)...
[M::mem_process_seqs_merge2] CPE FASTQ formatting done
[M::mem_process_seqs_merge2] CPE FASTQ formatting done
[M::mem_process_seqs_merge2] CPE FASTQ formatting done
[M::process] read chunk (19660800 bytes/CG x 1 CGs, 4915300 bytes)...
[M::mem_process_seqs_merge2] CPE FASTQ formatting done
[M::mem_process_seqs_merge2] CPE FASTQ formatting done
slave pre done
now n is 25870
processed 25870
[M::mem_process_seqs_merge2] Processed 25870 reads in 0.060 CPU sec, 1.485 real sec
slave pre done
now n is 25868
[M::mem_process_seqs_merge2] CPE FASTQ formatting done
processed 25868
[M::mem_process_seqs_merge2] Processed 25868 reads in 0.040 CPU sec, 1.353 real sec
slave pre done
now n is 25870
slave pre done
now n is 25868
[M::mem_process_seqs_merge2] CPE FASTQ formatting done
processed 25870
[M::mem_process_seqs_merge2] Processed 25870 reads in 0.060 CPU sec, 1.438 real sec
processed 25868
[M::mem_process_seqs_merge2] Processed 25868 reads in 0.060 CPU sec, 1.503 real sec
[M::process] read chunk (19660800 bytes/CG x 1 CGs, 4914920 bytes)...
slave pre done
now n is 25870
[M::process] read chunk (19660800 bytes/CG x 1 CGs, 4915300 bytes)...
[M::process] read chunk (19660800 bytes/CG x 1 CGs, 4915300 bytes)...
processed 25870
[M::mem_process_seqs_merge2] Processed 25870 reads in 0.030 CPU sec, 1.393 real sec
slave pre done
now n is 25870
processed 25870
[M::mem_process_seqs_merge2] Processed 25870 reads in 0.040 CPU sec, 1.398 real sec
[M::process] read chunk (19660800 bytes/CG x 1 CGs, 4915300 bytes)...
[M::mem_process_seqs_merge2] CPE FASTQ formatting done
[M::process] read chunk (19660800 bytes/CG x 1 CGs, 4914920 bytes)...
[M::process] read chunk (19660800 bytes/CG x 1 CGs, 4915300 bytes)...
[M::mem_process_seqs_merge2] CPE FASTQ formatting done
slave pre done
now n is 25870
processed 25870
[M::mem_process_seqs_merge2] Processed 25870 reads in 0.060 CPU sec, 1.479 real sec
[M::mem_process_seqs_merge2] CPE FASTQ formatting done
[M::mem_process_seqs_merge2] CPE FASTQ formatting done
[M::mem_process_seqs_merge2] CPE FASTQ formatting done
[M::mem_process_seqs_merge2] CPE FASTQ formatting done
[M::process] read chunk (19660800 bytes/CG x 1 CGs, 4915300 bytes)...
[M::mem_process_seqs_merge2] CPE FASTQ formatting done
[M::mem_process_seqs_merge2] CPE FASTQ formatting done
slave pre done
now n is 25868
processed 25868
[M::mem_process_seqs_merge2] Processed 25868 reads in 0.100 CPU sec, 1.375 real sec
slave pre done
now n is 25870
processed 25870
[M::mem_process_seqs_merge2] Processed 25870 reads in 0.030 CPU sec, 1.515 real sec
[M::process] read chunk (19660800 bytes/CG x 1 CGs, 4915300 bytes)...
[M::process] read chunk (19660800 bytes/CG x 1 CGs, 4915300 bytes)...
slave pre done
now n is 25870
processed 25870
[M::mem_process_seqs_merge2] Processed 25870 reads in 0.040 CPU sec, 1.414 real sec
slave pre done
now n is 25868
[M::mem_process_seqs_merge2] CPE FASTQ formatting done
processed 25868
[M::mem_process_seqs_merge2] Processed 25868 reads in 0.030 CPU sec, 1.449 real sec
[M::process] read chunk (19660800 bytes/CG x 1 CGs, 4915300 bytes)...
[M::mem_process_seqs_merge2] CPE FASTQ formatting done
[M::process] read chunk (19660800 bytes/CG x 1 CGs, 4915300 bytes)...
[M::mem_process_seqs_merge2] CPE FASTQ formatting done
slave pre done
now n is 25870
processed 25870
[M::mem_process_seqs_merge2] Processed 25870 reads in 0.060 CPU sec, 1.432 real sec
[M::mem_process_seqs_merge2] CPE FASTQ formatting done
slave pre done
now n is 25870
processed 25870
[M::mem_process_seqs_merge2] Processed 25870 reads in 0.050 CPU sec, 1.433 real sec
[M::process] read chunk (19660800 bytes/CG x 1 CGs, 4914920 bytes)...
[M::process] read chunk (19660800 bytes/CG x 1 CGs, 4915300 bytes)...
slave pre done
now n is 25870
processed 25870
[M::mem_process_seqs_merge2] Processed 25870 reads in 0.080 CPU sec, 1.575 real sec
slave pre done
now n is 25868
[M::mem_process_seqs_merge2] CPE FASTQ formatting done
processed 25868
[M::mem_process_seqs_merge2] Processed 25868 reads in 0.020 CPU sec, 1.433 real sec
[M::mem_process_seqs_merge2] CPE FASTQ formatting done
slave pre done
now n is 25870
processed 25870
[M::mem_process_seqs_merge2] Processed 25870 reads in 0.020 CPU sec, 1.499 real sec
slave pre done
now n is 25868
processed 25868
[M::mem_process_seqs_merge2] Processed 25868 reads in 0.020 CPU sec, 1.429 real sec
slave pre done
now n is 25870
[M::process] read chunk (19660800 bytes/CG x 1 CGs, 4915300 bytes)...
processed 25870
[M::mem_process_seqs_merge2] Processed 25870 reads in 0.020 CPU sec, 1.453 real sec
slave pre done
now n is 25870
[M::process] read chunk (19660800 bytes/CG x 1 CGs, 4915300 bytes)...
processed 25870
[M::mem_process_seqs_merge2] Processed 25870 reads in 0.040 CPU sec, 1.431 real sec
slave pre done
now n is 25868
processed 25868
[M::mem_process_seqs_merge2] Processed 25868 reads in 0.020 CPU sec, 1.441 real sec
[M::process] read chunk (19660800 bytes/CG x 1 CGs, 4915300 bytes)...
[M::process] read chunk (19660800 bytes/CG x 1 CGs, 4915300 bytes)...
[M::process] read chunk (19660800 bytes/CG x 1 CGs, 4915300 bytes)...
[M::process] read chunk (19660800 bytes/CG x 1 CGs, 4915300 bytes)...
slave pre done
now n is 25870
[M::mem_process_seqs_merge2] CPE FASTQ formatting done
[M::process] read chunk (19660800 bytes/CG x 1 CGs, 4914920 bytes)...
processed 25870
[M::mem_process_seqs_merge2] Processed 25870 reads in 0.010 CPU sec, 1.459 real sec
[M::mem_process_seqs_merge2] CPE FASTQ formatting done
slave pre done
now n is 25870
[M::mem_process_seqs_merge2] CPE FASTQ formatting done
processed 25870
[M::mem_process_seqs_merge2] Processed 25870 reads in 0.020 CPU sec, 1.516 real sec
[M::mem_process_seqs_merge2] CPE FASTQ formatting done
slave pre done
now n is 25870
[M::process] read chunk (19660800 bytes/CG x 1 CGs, 4915300 bytes)...
processed 25870
[M::mem_process_seqs_merge2] Processed 25870 reads in 0.050 CPU sec, 1.404 real sec
[M::mem_process_seqs_merge2] CPE FASTQ formatting done
[M::process] read chunk (19660800 bytes/CG x 1 CGs, 4915300 bytes)...
slave pre done
now n is 25870
processed 25870
[M::mem_process_seqs_merge2] Processed 25870 reads in 0.080 CPU sec, 1.694 real sec
[M::mem_process_seqs_merge2] CPE FASTQ formatting done
[M::mem_process_seqs_merge2] CPE FASTQ formatting done
[M::process] read chunk (19660800 bytes/CG x 1 CGs, 4915300 bytes)...
slave pre done
now n is 25870
processed 25870
[M::mem_process_seqs_merge2] Processed 25870 reads in 0.050 CPU sec, 1.346 real sec
[M::process] read chunk (19660800 bytes/CG x 1 CGs, 4915300 bytes)...
slave pre done
now n is 25868
slave pre done
now n is 25868
processed 25868
[M::mem_process_seqs_merge2] Processed 25868 reads in 0.040 CPU sec, 1.381 real sec
slave pre done
now n is 25870
processed 25868
[M::mem_process_seqs_merge2] Processed 25868 reads in 0.030 CPU sec, 1.452 real sec
processed 25870
[M::mem_process_seqs_merge2] Processed 25870 reads in 0.040 CPU sec, 1.384 real sec
slave pre done
now n is 25870
[M::process] read chunk (19660800 bytes/CG x 1 CGs, 4915300 bytes)...
processed 25870
[M::mem_process_seqs_merge2] Processed 25870 reads in 0.080 CPU sec, 1.396 real sec
[M::mem_process_seqs_merge2] CPE FASTQ formatting done
[M::process] read chunk (19660800 bytes/CG x 1 CGs, 4915300 bytes)...
[M::process] read chunk (19660800 bytes/CG x 1 CGs, 4915300 bytes)...
[M::process] read chunk (19660800 bytes/CG x 1 CGs, 4914920 bytes)...
[M::mem_process_seqs_merge2] CPE FASTQ formatting done
[M::process] read chunk (19660800 bytes/CG x 1 CGs, 4914920 bytes)...
[M::mem_process_seqs_merge2] CPE FASTQ formatting done
[M::mem_process_seqs_merge2] CPE FASTQ formatting done
[M::mem_process_seqs_merge2] CPE FASTQ formatting done
[M::mem_process_seqs_merge2] CPE FASTQ formatting done
[M::mem_process_seqs_merge2] CPE FASTQ formatting done
[M::mem_process_seqs_merge2] CPE FASTQ formatting done
slave pre done
now n is 25870
[M::mem_process_seqs_merge2] CPE FASTQ formatting done
slave pre done
now n is 25870
processed 25870
[M::mem_process_seqs_merge2] Processed 25870 reads in 0.030 CPU sec, 1.535 real sec
processed 25870
[M::mem_process_seqs_merge2] Processed 25870 reads in 0.060 CPU sec, 1.715 real sec
[M::process] read chunk (19660800 bytes/CG x 1 CGs, 4914920 bytes)...
[M::process] read chunk (19660800 bytes/CG x 1 CGs, 4914920 bytes)...
slave pre done
now n is 25870
processed 25870
[M::mem_process_seqs_merge2] Processed 25870 reads in 0.020 CPU sec, 1.391 real sec
slave pre done
now n is 25870
processed 25870
[M::mem_process_seqs_merge2] Processed 25870 reads in 0.050 CPU sec, 1.364 real sec
[M::process] read chunk (19660800 bytes/CG x 1 CGs, 4914920 bytes)...
[M::process] read chunk (19660800 bytes/CG x 1 CGs, 4915300 bytes)...
[M::mem_process_seqs_merge2] CPE FASTQ formatting done
[M::mem_process_seqs_merge2] CPE FASTQ formatting done
[M::mem_process_seqs_merge2] CPE FASTQ formatting done
[M::mem_process_seqs_merge2] CPE FASTQ formatting done
slave pre done
now n is 25870
slave pre done
now n is 25870
processed 25870
[M::mem_process_seqs_merge2] Processed 25870 reads in 0.040 CPU sec, 1.622 real sec
processed 25870
[M::mem_process_seqs_merge2] Processed 25870 reads in 0.030 CPU sec, 1.541 real sec
slave pre done
now n is 25870
processed 25870
[M::mem_process_seqs_merge2] Processed 25870 reads in 0.030 CPU sec, 1.387 real sec
[M::process] read chunk (19660800 bytes/CG x 1 CGs, 4915300 bytes)...
[M::process] read chunk (19660800 bytes/CG x 1 CGs, 4915300 bytes)...
[M::process] read chunk (19660800 bytes/CG x 1 CGs, 4915300 bytes)...
[M::mem_process_seqs_merge2] CPE FASTQ formatting done
slave pre done
now n is 25870
slave pre done
now n is 25868
processed 25870
[M::mem_process_seqs_merge2] Processed 25870 reads in 0.030 CPU sec, 1.393 real sec
processed 25868
[M::mem_process_seqs_merge2] Processed 25868 reads in 0.060 CPU sec, 1.593 real sec
[M::mem_process_seqs_merge2] CPE FASTQ formatting done
slave pre done
now n is 25870
[M::mem_process_seqs_merge2] CPE FASTQ formatting done
processed 25870
[M::mem_process_seqs_merge2] Processed 25870 reads in 0.070 CPU sec, 1.409 real sec
slave pre done
now n is 25868
[M::process] read chunk (19660800 bytes/CG x 1 CGs, 4914920 bytes)...
[M::process] read chunk (19660800 bytes/CG x 1 CGs, 4915300 bytes)...
processed 25868
[M::mem_process_seqs_merge2] Processed 25868 reads in 0.040 CPU sec, 1.362 real sec
slave pre done
now n is 25870
slave pre done
now n is 25870
processed 25870
[M::mem_process_seqs_merge2] Processed 25870 reads in 0.050 CPU sec, 1.453 real sec
processed 25870
[M::mem_process_seqs_merge2] Processed 25870 reads in 0.070 CPU sec, 1.477 real sec
[M::process] read chunk (19660800 bytes/CG x 1 CGs, 4915300 bytes)...
slave pre done
now n is 25870
processed 25870
[M::mem_process_seqs_merge2] Processed 25870 reads in 0.040 CPU sec, 1.381 real sec
[M::process] read chunk (19660800 bytes/CG x 1 CGs, 4915300 bytes)...
[M::process] read chunk (19660800 bytes/CG x 1 CGs, 4914920 bytes)...
[M::process] read chunk (19660800 bytes/CG x 1 CGs, 4915300 bytes)...
[M::mem_process_seqs_merge2] CPE FASTQ formatting done
[M::process] read chunk (19660800 bytes/CG x 1 CGs, 4915300 bytes)...
[M::mem_process_seqs_merge2] CPE FASTQ formatting done
[M::mem_process_seqs_merge2] CPE FASTQ formatting done
slave pre done
now n is 25870
processed 25870
[M::mem_process_seqs_merge2] Processed 25870 reads in 0.020 CPU sec, 1.553 real sec
slave pre done
now n is 25870
[M::mem_process_seqs_merge2] CPE FASTQ formatting done
[M::mem_process_seqs_merge2] CPE FASTQ formatting done
processed 25870
[M::mem_process_seqs_merge2] Processed 25870 reads in 0.030 CPU sec, 1.376 real sec
slave pre done
now n is 25870
processed 25870
[M::mem_process_seqs_merge2] Processed 25870 reads in 0.020 CPU sec, 1.444 real sec
[M::mem_process_seqs_merge2] CPE FASTQ formatting done
slave pre done
now n is 25870
slave pre done
now n is 25870
processed 25870
[M::mem_process_seqs_merge2] Processed 25870 reads in 0.040 CPU sec, 1.397 real sec
processed 25870
[M::mem_process_seqs_merge2] Processed 25870 reads in 0.050 CPU sec, 1.417 real sec
[M::process] read chunk (19660800 bytes/CG x 1 CGs, 4914920 bytes)...
[M::process] read chunk (19660800 bytes/CG x 1 CGs, 4914920 bytes)...
[M::mem_process_seqs_merge2] CPE FASTQ formatting done
slave pre done
now n is 25868
[M::process] read chunk (19660800 bytes/CG x 1 CGs, 4915300 bytes)...
processed 25868
[M::mem_process_seqs_merge2] Processed 25868 reads in 0.020 CPU sec, 1.379 real sec
[M::process] read chunk (19660800 bytes/CG x 1 CGs, 4915300 bytes)...
[M::process] read chunk (19660800 bytes/CG x 1 CGs, 4915300 bytes)...
slave pre done
now n is 25870
processed 25870
[M::mem_process_seqs_merge2] Processed 25870 reads in 0.060 CPU sec, 1.528 real sec
[M::process] read chunk (19660800 bytes/CG x 1 CGs, 4915300 bytes)...
[M::mem_process_seqs_merge2] CPE FASTQ formatting done
slave pre done
now n is 25870
processed 25870
[M::mem_process_seqs_merge2] Processed 25870 reads in 0.030 CPU sec, 1.532 real sec
[M::process] read chunk (19660800 bytes/CG x 1 CGs, 4915300 bytes)...
[M::mem_process_seqs_merge2] CPE FASTQ formatting done
[M::mem_process_seqs_merge2] CPE FASTQ formatting done
[M::mem_process_seqs_merge2] CPE FASTQ formatting done
[M::mem_process_seqs_merge2] CPE FASTQ formatting done
slave pre done
now n is 25868
processed 25868
[M::mem_process_seqs_merge2] Processed 25868 reads in 0.040 CPU sec, 1.552 real sec
[M::process] read chunk (19660800 bytes/CG x 1 CGs, 4915300 bytes)...
slave pre done
now n is 25870
processed 25870
[M::mem_process_seqs_merge2] Processed 25870 reads in 0.020 CPU sec, 1.496 real sec
[M::process] read chunk (19660800 bytes/CG x 1 CGs, 4915300 bytes)...
[M::process] read chunk (19660800 bytes/CG x 1 CGs, 4914920 bytes)...
[M::mem_process_seqs_merge2] CPE FASTQ formatting done
slave pre done
now n is 25868
processed 25868
[M::mem_process_seqs_merge2] Processed 25868 reads in 0.040 CPU sec, 1.365 real sec
[M::mem_process_seqs_merge2] CPE FASTQ formatting done
[M::mem_process_seqs_merge2] CPE FASTQ formatting done
[M::mem_process_seqs_merge2] CPE FASTQ formatting done
[M::process] read chunk (19660800 bytes/CG x 1 CGs, 4915300 bytes)...
slave pre done
now n is 25868
processed 25868
[M::mem_process_seqs_merge2] Processed 25868 reads in 0.050 CPU sec, 1.412 real sec
[M::mem_process_seqs_merge2] CPE FASTQ formatting done
slave pre done
slave pre done
now n is 25870
now n is 25868
processed 25868
[M::mem_process_seqs_merge2] Processed 25868 reads in 0.040 CPU sec, 1.527 real sec
[M::process] read chunk (19660800 bytes/CG x 1 CGs, 4915300 bytes)...
processed 25870
[M::mem_process_seqs_merge2] Processed 25870 reads in 0.120 CPU sec, 1.411 real sec
[M::process] read chunk (19660800 bytes/CG x 1 CGs, 4915300 bytes)...
[M::process] read chunk (19660800 bytes/CG x 1 CGs, 4915300 bytes)...
[M::mem_process_seqs_merge2] CPE FASTQ formatting done
[M::mem_process_seqs_merge2] CPE FASTQ formatting done
[M::mem_process_seqs_merge2] CPE FASTQ formatting done
slave pre done
now n is 25870
processed 25870
[M::mem_process_seqs_merge2] Processed 25870 reads in 0.030 CPU sec, 1.388 real sec
[M::mem_process_seqs_merge2] CPE FASTQ formatting done
[M::process] read chunk (19660800 bytes/CG x 1 CGs, 4914920 bytes)...
slave pre done
now n is 25870
[M::mem_process_seqs_merge2] CPE FASTQ formatting done
processed 25870
[M::mem_process_seqs_merge2] Processed 25870 reads in 0.010 CPU sec, 1.537 real sec
[M::process] read chunk (19660800 bytes/CG x 1 CGs, 4915300 bytes)...
slave pre done
now n is 25868
processed 25868
[M::mem_process_seqs_merge2] Processed 25868 reads in 0.030 CPU sec, 1.357 real sec
slave pre done
now n is 25870
slave pre done
now n is 25870
processed 25870
[M::mem_process_seqs_merge2] Processed 25870 reads in 0.020 CPU sec, 1.750 real sec
processed 25870
[M::mem_process_seqs_merge2] Processed 25870 reads in 0.020 CPU sec, 1.477 real sec
slave pre done
now n is 25870
slave pre done
now n is 25870
processed 25870
[M::mem_process_seqs_merge2] Processed 25870 reads in 0.080 CPU sec, 1.456 real sec
processed 25870
[M::mem_process_seqs_merge2] Processed 25870 reads in 0.040 CPU sec, 1.503 real sec
[M::process] read chunk (19660800 bytes/CG x 1 CGs, 4915300 bytes)...
slave pre done
now n is 25870
[M::process] read chunk (19660800 bytes/CG x 1 CGs, 4914920 bytes)...
processed 25870
[M::mem_process_seqs_merge2] Processed 25870 reads in 0.040 CPU sec, 1.501 real sec
[M::process] read chunk (19660800 bytes/CG x 1 CGs, 4915300 bytes)...
[M::mem_process_seqs_merge2] CPE FASTQ formatting done
[M::process] read chunk (19660800 bytes/CG x 1 CGs, 4915300 bytes)...
slave pre done
now n is 25868
slave pre done
now n is 25868
[M::process] read chunk (19660800 bytes/CG x 1 CGs, 4915300 bytes)...
processed 25868
[M::mem_process_seqs_merge2] Processed 25868 reads in 0.090 CPU sec, 1.334 real sec
processed 25868
[M::mem_process_seqs_merge2] Processed 25868 reads in 0.040 CPU sec, 1.611 real sec
[M::process] read chunk (19660800 bytes/CG x 1 CGs, 4915300 bytes)...
[M::mem_process_seqs_merge2] CPE FASTQ formatting done
[M::mem_process_seqs_merge2] CPE FASTQ formatting done
slave pre done
now n is 25870
slave pre done
now n is 25870
processed 25870
[M::mem_process_seqs_merge2] Processed 25870 reads in 0.040 CPU sec, 1.353 real sec
[M::mem_process_seqs_merge2] CPE FASTQ formatting done
processed 25870
[M::mem_process_seqs_merge2] Processed 25870 reads in 0.050 CPU sec, 1.328 real sec
slave pre done
now n is 25870
slave pre done
now n is 25868
[M::process] read chunk (19660800 bytes/CG x 1 CGs, 4915300 bytes)...
[M::process] read chunk (19660800 bytes/CG x 1 CGs, 4915300 bytes)...
processed 25870
[M::mem_process_seqs_merge2] Processed 25870 reads in 0.050 CPU sec, 1.337 real sec
processed 25868
[M::mem_process_seqs_merge2] Processed 25868 reads in 0.020 CPU sec, 1.356 real sec
[M::mem_process_seqs_merge2] CPE FASTQ formatting done
slave pre done
now n is 25870
[M::process] read chunk (19660800 bytes/CG x 1 CGs, 4915300 bytes)...
processed 25870
[M::mem_process_seqs_merge2] Processed 25870 reads in 0.010 CPU sec, 1.610 real sec
[M::process] read chunk (19660800 bytes/CG x 1 CGs, 4915300 bytes)...
[M::process] read chunk (19660800 bytes/CG x 1 CGs, 4914920 bytes)...
[M::mem_process_seqs_merge2] CPE FASTQ formatting done
[M::process] read chunk (19660800 bytes/CG x 1 CGs, 4915300 bytes)...
[M::mem_process_seqs_merge2] CPE FASTQ formatting done
[M::process] read chunk (19660800 bytes/CG x 1 CGs, 4914920 bytes)...
[M::mem_process_seqs_merge2] CPE FASTQ formatting done
slave pre done
now n is 25870
[M::mem_process_seqs_merge2] CPE FASTQ formatting done
processed 25870
[M::mem_process_seqs_merge2] Processed 25870 reads in 0.060 CPU sec, 1.385 real sec
[M::mem_process_seqs_merge2] CPE FASTQ formatting done
[M::mem_process_seqs_merge2] CPE FASTQ formatting done
[M::mem_process_seqs_merge2] CPE FASTQ formatting done
[M::process] read chunk (19660800 bytes/CG x 1 CGs, 4914920 bytes)...
[M::mem_process_seqs_merge2] CPE FASTQ formatting done
slave pre done
now n is 25870
processed 25870
[M::mem_process_seqs_merge2] Processed 25870 reads in 0.080 CPU sec, 1.472 real sec
slave pre done
now n is 25870
processed 25870
[M::mem_process_seqs_merge2] Processed 25870 reads in 0.120 CPU sec, 1.505 real sec
[M::process] read chunk (19660800 bytes/CG x 1 CGs, 4915300 bytes)...
[M::mem_process_seqs_merge2] CPE FASTQ formatting done
[M::process] read chunk (19660800 bytes/CG x 1 CGs, 4915300 bytes)...
[M::mem_process_seqs_merge2] CPE FASTQ formatting done
[M::mem_process_seqs_merge2] CPE FASTQ formatting done
slave pre done
now n is 25870
processed 25870
[M::mem_process_seqs_merge2] Processed 25870 reads in 0.020 CPU sec, 1.450 real sec
slave pre done
now n is 25868
[M::mem_process_seqs_merge2] CPE FASTQ formatting done
processed 25868
[M::mem_process_seqs_merge2] Processed 25868 reads in 0.030 CPU sec, 1.713 real sec
slave pre done
now n is 25870
slave pre done
now n is 25870
[M::process] read chunk (19660800 bytes/CG x 1 CGs, 4915300 bytes)...
processed 25870
[M::mem_process_seqs_merge2] Processed 25870 reads in 0.080 CPU sec, 1.847 real sec
processed 25870
[M::mem_process_seqs_merge2] Processed 25870 reads in 0.100 CPU sec, 1.428 real sec
slave pre done
now n is 25870
[M::process] read chunk (19660800 bytes/CG x 1 CGs, 4915300 bytes)...
processed 25870
[M::mem_process_seqs_merge2] Processed 25870 reads in 0.030 CPU sec, 1.451 real sec
slave pre done
now n is 25870
[M::process] read chunk (19660800 bytes/CG x 1 CGs, 4914920 bytes)...
processed 25870
[M::mem_process_seqs_merge2] Processed 25870 reads in 0.040 CPU sec, 1.556 real sec
[M::process] read chunk (19660800 bytes/CG x 1 CGs, 1228920 bytes)...
[M::mem_process_seqs_merge2] CPE FASTQ formatting done
[M::mem_process_seqs_merge2] CPE FASTQ formatting done
[M::process] read chunk (19660800 bytes/CG x 1 CGs, 4914920 bytes)...
[M::process] read chunk (19660800 bytes/CG x 1 CGs, 4915300 bytes)...
[M::mem_process_seqs_merge2] CPE FASTQ formatting done
slave pre done
now n is 25868
[M::mem_process_seqs_merge2] CPE FASTQ formatting done
processed 25868
[M::mem_process_seqs_merge2] Processed 25868 reads in 0.020 CPU sec, 1.444 real sec
[M::process] read chunk (19660800 bytes/CG x 1 CGs, 4915300 bytes)...
[M::mem_process_seqs_merge2] CPE FASTQ formatting done
[M::mem_process_seqs_merge2] CPE FASTQ formatting done
slave pre done
now n is 25870
[M::mem_process_seqs_merge2] CPE FASTQ formatting done
processed 25870
[M::mem_process_seqs_merge2] Processed 25870 reads in 0.070 CPU sec, 1.399 real sec
[M::process] read chunk (19660800 bytes/CG x 1 CGs, 4914920 bytes)...
[M::mem_process_seqs_merge2] CPE FASTQ formatting done
slave pre done
now n is 6468
slave pre done
now n is 25870
processed 6468
[M::mem_process_seqs_merge2] Processed 6468 reads in 0.020 CPU sec, 0.468 real sec
processed 25870
[M::mem_process_seqs_merge2] Processed 25870 reads in 0.040 CPU sec, 1.465 real sec
slave pre done
now n is 25868
processed 25868
[M::mem_process_seqs_merge2] Processed 25868 reads in 0.070 CPU sec, 1.510 real sec
[M::process] read chunk (19660800 bytes/CG x 1 CGs, 4915300 bytes)...
slave pre done
now n is 25870
processed 25870
[M::mem_process_seqs_merge2] Processed 25870 reads in 0.090 CPU sec, 1.400 real sec
[M::process] read chunk (19660800 bytes/CG x 1 CGs, 4915300 bytes)...
slave pre done
now n is 25870
processed 25870
[M::mem_process_seqs_merge2] Processed 25870 reads in 0.050 CPU sec, 1.498 real sec
[M::mem_process_seqs_merge2] CPE FASTQ formatting done
[M::process] read chunk (19660800 bytes/CG x 1 CGs, 4915300 bytes)...
[M::process] read chunk (19660800 bytes/CG x 1 CGs, 4914920 bytes)...
[M::process] read chunk (19660800 bytes/CG x 1 CGs, 4914920 bytes)...
slave pre done
now n is 25870
processed 25870
[M::mem_process_seqs_merge2] Processed 25870 reads in 0.040 CPU sec, 1.676 real sec
slave pre done
now n is 25870
slave pre done
now n is 25868
processed 25868
[M::mem_process_seqs_merge2] Processed 25868 reads in 0.050 CPU sec, 1.332 real sec
processed 25870
[M::mem_process_seqs_merge2] Processed 25870 reads in 0.030 CPU sec, 1.383 real sec
slave pre done
now n is 25870
[M::mem_process_seqs_merge2] CPE FASTQ formatting done
slave pre done
now n is 25870
processed 25870
[M::mem_process_seqs_merge2] Processed 25870 reads in 0.020 CPU sec, 1.442 real sec
processed 25870
[M::mem_process_seqs_merge2] Processed 25870 reads in 0.030 CPU sec, 1.479 real sec
[M::process] read chunk (19660800 bytes/CG x 1 CGs, 4915300 bytes)...
slave pre done
now n is 25870
processed 25870
[M::mem_process_seqs_merge2] Processed 25870 reads in 0.070 CPU sec, 1.462 real sec
[M::process] read chunk (19660800 bytes/CG x 1 CGs, 1228920 bytes)...
slave pre done
now n is 25870
[M::process] read chunk (19660800 bytes/CG x 1 CGs, 4915300 bytes)...
processed 25870
[M::mem_process_seqs_merge2] Processed 25870 reads in 0.040 CPU sec, 1.657 real sec
[M::process] read chunk (19660800 bytes/CG x 1 CGs, 4915300 bytes)...
[M::process] read chunk (19660800 bytes/CG x 1 CGs, 4914920 bytes)...
[M::mem_process_seqs_merge2] CPE FASTQ formatting done
[M::process] read chunk (19660800 bytes/CG x 1 CGs, 4914920 bytes)...
[M::process] read chunk (19660800 bytes/CG x 1 CGs, 4915300 bytes)...
[M::mem_process_seqs_merge2] CPE FASTQ formatting done
slave pre done
now n is 25870
processed 25870
[M::mem_process_seqs_merge2] Processed 25870 reads in 0.030 CPU sec, 1.321 real sec
[M::mem_process_seqs_merge2] CPE FASTQ formatting done
slave pre done
now n is 25868
[M::process] read chunk (19660800 bytes/CG x 1 CGs, 4915300 bytes)...
processed 25868
[M::mem_process_seqs_merge2] Processed 25868 reads in 0.010 CPU sec, 1.384 real sec
slave pre done
now n is 25868
processed 25868
[M::mem_process_seqs_merge2] Processed 25868 reads in 0.070 CPU sec, 1.462 real sec
[M::mem_process_seqs_merge2] CPE FASTQ formatting done
[M::mem_process_seqs_merge2] CPE FASTQ formatting done
[M::mem_process_seqs_merge2] CPE FASTQ formatting done
[M::process] read chunk (19660800 bytes/CG x 1 CGs, 1228920 bytes)...
[M::process] read chunk (19660800 bytes/CG x 1 CGs, 4915300 bytes)...
[M::mem_process_seqs_merge2] CPE FASTQ formatting done
slave pre done
now n is 25870
processed 25870
[M::mem_process_seqs_merge2] Processed 25870 reads in 0.030 CPU sec, 1.949 real sec
slave pre done
now n is 25870
processed 25870
[M::mem_process_seqs_merge2] Processed 25870 reads in 0.040 CPU sec, 1.512 real sec
[M::process] read chunk (19660800 bytes/CG x 1 CGs, 4915300 bytes)...
slave pre done
now n is 25868
[M::mem_process_seqs_merge2] CPE FASTQ formatting done
processed 25868
[M::mem_process_seqs_merge2] Processed 25868 reads in 0.040 CPU sec, 1.400 real sec
[M::process] read chunk (19660800 bytes/CG x 1 CGs, 4915300 bytes)...
[M::mem_process_seqs_merge2] CPE FASTQ formatting done
[M::mem_process_seqs_merge2] CPE FASTQ formatting done
[M::mem_process_seqs_merge2] CPE FASTQ formatting done
slave pre done
now n is 25870
[M::mem_process_seqs_merge2] CPE FASTQ formatting done
slave pre done
now n is 25870
processed 25870
[M::mem_process_seqs_merge2] Processed 25870 reads in 0.030 CPU sec, 1.391 real sec
[M::process] read chunk (19660800 bytes/CG x 1 CGs, 4915300 bytes)...
processed 25870
[M::mem_process_seqs_merge2] Processed 25870 reads in 0.010 CPU sec, 1.517 real sec
[M::mem_process_seqs_merge2] CPE FASTQ formatting done
[M::mem_process_seqs_merge2] CPE FASTQ formatting done
[M::process] read chunk (19660800 bytes/CG x 1 CGs, 4915300 bytes)...
[M::process] read chunk (19660800 bytes/CG x 1 CGs, 4915300 bytes)...
slave pre done
now n is 25868
[M::mem_process_seqs_merge2] CPE FASTQ formatting done
processed 25868
[M::mem_process_seqs_merge2] Processed 25868 reads in 0.030 CPU sec, 1.366 real sec
slave pre done
now n is 25870
processed 25870
[M::mem_process_seqs_merge2] Processed 25870 reads in 0.030 CPU sec, 1.403 real sec
[M::mem_process_seqs_merge2] CPE FASTQ formatting done
[M::mem_process_seqs_merge2] CPE FASTQ formatting done
[M::process] read chunk (19660800 bytes/CG x 1 CGs, 4915300 bytes)...
slave pre done
now n is 25870
processed 25870
[M::mem_process_seqs_merge2] Processed 25870 reads in 0.060 CPU sec, 1.416 real sec
slave pre done
now n is 6468
processed 6468
[M::mem_process_seqs_merge2] Processed 6468 reads in 0.010 CPU sec, 0.656 real sec
[M::process] read chunk (19660800 bytes/CG x 1 CGs, 1228540 bytes)...
[M::mem_process_seqs_merge2] CPE FASTQ formatting done
[M::process] read chunk (19660800 bytes/CG x 1 CGs, 1228540 bytes)...
[M::mem_process_seqs_merge2] CPE FASTQ formatting done
[M::process] read chunk (19660800 bytes/CG x 1 CGs, 1228920 bytes)...
[M::mem_process_seqs_merge2] CPE FASTQ formatting done
slave pre done
now n is 25868
processed 25868
[M::mem_process_seqs_merge2] Processed 25868 reads in 0.050 CPU sec, 1.570 real sec
slave pre done
now n is 25870
processed 25870
[M::mem_process_seqs_merge2] Processed 25870 reads in 0.150 CPU sec, 1.454 real sec
[M::mem_process_seqs_merge2] CPE FASTQ formatting done
[M::process] read chunk (19660800 bytes/CG x 1 CGs, 4915300 bytes)...
[M::mem_process_seqs_merge2] CPE FASTQ formatting done
slave pre done
now n is 25868
processed 25868
[M::mem_process_seqs_merge2] Processed 25868 reads in 0.030 CPU sec, 1.351 real sec
[M::process] read chunk (19660800 bytes/CG x 1 CGs, 4914920 bytes)...
[M::mem_process_seqs_merge2] CPE FASTQ formatting done
[M::mem_process_seqs_merge2] CPE FASTQ formatting done
[M::process] read chunk (19660800 bytes/CG x 1 CGs, 4915300 bytes)...
slave pre done
now n is 6466
processed 6466
[M::mem_process_seqs_merge2] Processed 6466 reads in 0.020 CPU sec, 0.499 real sec
slave pre done
now n is 6468
slave pre done
now n is 25870
slave pre done
now n is 6466
processed 25870
[M::mem_process_seqs_merge2] Processed 25870 reads in 0.030 CPU sec, 1.338 real sec
processed 6468
[M::mem_process_seqs_merge2] Processed 6468 reads in 0.010 CPU sec, 0.642 real sec
processed 6466
[M::mem_process_seqs_merge2] Processed 6466 reads in 0.020 CPU sec, 0.442 real sec
[M::process] read chunk (19660800 bytes/CG x 1 CGs, 1228920 bytes)...
[M::process] read chunk (19660800 bytes/CG x 1 CGs, 1228920 bytes)...
slave pre done
[M::mem_process_seqs_merge2] CPE FASTQ formatting done
now n is 25870
[M::process] read chunk (19660800 bytes/CG x 1 CGs, 1228920 bytes)...
processed 25870
[M::mem_process_seqs_merge2] Processed 25870 reads in 0.040 CPU sec, 1.434 real sec
[M::mem_process_seqs_merge2] CPE FASTQ formatting done
slave pre done
now n is 25868
processed 25868
[M::mem_process_seqs_merge2] Processed 25868 reads in 0.030 CPU sec, 1.507 real sec
[M::process] read chunk (19660800 bytes/CG x 1 CGs, 1228920 bytes)...
slave pre done
now n is 25870
processed 25870
[M::mem_process_seqs_merge2] Processed 25870 reads in 0.020 CPU sec, 1.328 real sec
[M::mem_process_seqs_merge2] CPE FASTQ formatting done
[M::process] read chunk (19660800 bytes/CG x 1 CGs, 1228920 bytes)...
[M::process] read chunk (19660800 bytes/CG x 1 CGs, 1228540 bytes)...
[M::mem_process_seqs_merge2] CPE FASTQ formatting done
[M::mem_process_seqs_merge2] CPE FASTQ formatting done
[M::process] read chunk (19660800 bytes/CG x 1 CGs, 1228540 bytes)...
[M::mem_process_seqs_merge2] CPE FASTQ formatting done
slave pre done
now n is 25868
processed 25868
[M::mem_process_seqs_merge2] Processed 25868 reads in 0.030 CPU sec, 1.362 real sec
slave pre done
now n is 25870
processed 25870
[M::mem_process_seqs_merge2] Processed 25870 reads in 0.050 CPU sec, 1.447 real sec
[M::process] read chunk (19660800 bytes/CG x 1 CGs, 1228920 bytes)...
[M::process] read chunk (19660800 bytes/CG x 1 CGs, 4915300 bytes)...
slave pre done
now n is 25870
processed 25870
[M::mem_process_seqs_merge2] Processed 25870 reads in 0.040 CPU sec, 1.355 real sec
slave pre done
now n is 6468
processed 6468
[M::mem_process_seqs_merge2] Processed 6468 reads in 0.050 CPU sec, 0.656 real sec
[M::mem_process_seqs_merge2] CPE FASTQ formatting done
slave pre done
now n is 25870
processed 25870
[M::mem_process_seqs_merge2] Processed 25870 reads in 0.030 CPU sec, 1.362 real sec
slave pre done
now n is 25870
[M::process] read chunk (19660800 bytes/CG x 1 CGs, 4915300 bytes)...
processed 25870
[M::mem_process_seqs_merge2] Processed 25870 reads in 0.050 CPU sec, 1.375 real sec
[M::mem_process_seqs_merge2] CPE FASTQ formatting done
[M::process] read chunk (19660800 bytes/CG x 1 CGs, 1228540 bytes)...
[M::mem_process_seqs_merge2] CPE FASTQ formatting done
[M::process] read chunk (19660800 bytes/CG x 1 CGs, 4915300 bytes)...
slave pre done
[M::process] read chunk (19660800 bytes/CG x 1 CGs, 1228920 bytes)...
now n is 25868
slave pre done
now n is 6468
processed 25868
[M::mem_process_seqs_merge2] Processed 25868 reads in 0.020 CPU sec, 1.406 real sec
[M::mem_process_seqs_merge2] CPE FASTQ formatting done
slave pre done
now n is 25870
processed 6468
[M::mem_process_seqs_merge2] Processed 6468 reads in 0.010 CPU sec, 0.512 real sec
processed 25870
[M::mem_process_seqs_merge2] Processed 25870 reads in 0.030 CPU sec, 1.357 real sec
[M::mem_process_seqs_merge2] CPE FASTQ formatting done
[M::process] read chunk (19660800 bytes/CG x 1 CGs, 1228920 bytes)...
[M::mem_process_seqs_merge2] CPE FASTQ formatting done
slave pre done
now n is 6468
slave pre done
now n is 25870
processed 6468
[M::mem_process_seqs_merge2] Processed 6468 reads in 0.010 CPU sec, 0.459 real sec
[M::process] read chunk (19660800 bytes/CG x 1 CGs, 1228540 bytes)...
processed 25870
[M::mem_process_seqs_merge2] Processed 25870 reads in 0.050 CPU sec, 1.500 real sec
slave pre done
now n is 6468
processed 6468
[M::mem_process_seqs_merge2] Processed 6468 reads in 0.010 CPU sec, 0.612 real sec
[M::mem_process_seqs_merge2] CPE FASTQ formatting done
[M::process] read chunk (19660800 bytes/CG x 1 CGs, 1228540 bytes)...
[M::process] read chunk (19660800 bytes/CG x 1 CGs, 1228920 bytes)...
slave pre done
now n is 25870
[M::process] read chunk (19660800 bytes/CG x 1 CGs, 1228920 bytes)...
processed 25870
[M::mem_process_seqs_merge2] Processed 25870 reads in 0.040 CPU sec, 1.367 real sec
slave pre done
now n is 25870
[M::mem_process_seqs_merge2] CPE FASTQ formatting done
processed 25870
[M::mem_process_seqs_merge2] Processed 25870 reads in 0.070 CPU sec, 1.474 real sec
[M::mem_process_seqs_merge2] CPE FASTQ formatting done
slave pre done
now n is 6468
slave pre done
now n is 6468
[M::mem_process_seqs_merge2] CPE FASTQ formatting done
[M::process] read chunk (19660800 bytes/CG x 1 CGs, 1228920 bytes)...
[M::mem_process_seqs_merge2] CPE FASTQ formatting done
processed 6468
[M::mem_process_seqs_merge2] Processed 6468 reads in 0.040 CPU sec, 0.547 real sec
processed 6468
[M::mem_process_seqs_merge2] Processed 6468 reads in 0.050 CPU sec, 0.565 real sec
[M::process] read chunk (19660800 bytes/CG x 1 CGs, 1228920 bytes)...
[M::process] read chunk (19660800 bytes/CG x 1 CGs, 4914920 bytes)...
[M::process] read chunk (19660800 bytes/CG x 1 CGs, 1228920 bytes)...
[M::mem_process_seqs_merge2] CPE FASTQ formatting done
slave pre done
now n is 25870
[M::mem_process_seqs_merge2] CPE FASTQ formatting done
[M::process] read chunk (19660800 bytes/CG x 1 CGs, 1228540 bytes)...
processed 25870
[M::mem_process_seqs_merge2] Processed 25870 reads in 0.040 CPU sec, 1.466 real sec
[M::mem_process_seqs_merge2] CPE FASTQ formatting done
slave pre done
now n is 25870
processed 25870
[M::mem_process_seqs_merge2] Processed 25870 reads in 0.030 CPU sec, 1.422 real sec
[M::mem_process_seqs_merge2] CPE FASTQ formatting done
slave pre done
now n is 6466
[M::mem_process_seqs_merge2] CPE FASTQ formatting done
processed 6466
[M::mem_process_seqs_merge2] Processed 6466 reads in 0.010 CPU sec, 0.495 real sec
[M::process] read chunk (19660800 bytes/CG x 1 CGs, 1228920 bytes)...
[M::process] read chunk (19660800 bytes/CG x 1 CGs, 4914920 bytes)...
[M::process] read chunk (19660800 bytes/CG x 1 CGs, 1228540 bytes)...
slave pre done
now n is 6466
processed 6466
[M::mem_process_seqs_merge2] Processed 6466 reads in 0.010 CPU sec, 0.494 real sec
[M::mem_process_seqs_merge2] CPE FASTQ formatting done
slave pre done
now n is 6468
processed 6468
[M::mem_process_seqs_merge2] Processed 6468 reads in 0.010 CPU sec, 0.455 real sec
[M::process] read chunk (19660800 bytes/CG x 1 CGs, 1228920 bytes)...
[M::mem_process_seqs_merge2] CPE FASTQ formatting done
[M::process] read chunk (19660800 bytes/CG x 1 CGs, 1228920 bytes)...
[M::mem_process_seqs_merge2] CPE FASTQ formatting done
slave pre done
now n is 6466
processed 6466
[M::mem_process_seqs_merge2] Processed 6466 reads in 0.020 CPU sec, 0.558 real sec
[M::mem_process_seqs_merge2] CPE FASTQ formatting done
slave pre done
now n is 6468
processed 6468
[M::mem_process_seqs_merge2] Processed 6468 reads in 0.010 CPU sec, 0.430 real sec
[M::mem_process_seqs_merge2] CPE FASTQ formatting done
[M::process] read chunk (19660800 bytes/CG x 1 CGs, 1228540 bytes)...
[M::process] read chunk (19660800 bytes/CG x 1 CGs, 1228920 bytes)...
[M::mem_process_seqs_merge2] CPE FASTQ formatting done
slave pre done
now n is 6466
processed 6466
slave pre done
now n is 25870
[M::mem_process_seqs_merge2] Processed 6466 reads in 0.020 CPU sec, 0.498 real sec
processed 25870
[M::mem_process_seqs_merge2] Processed 25870 reads in 0.030 CPU sec, 1.462 real sec
[M::mem_process_seqs_merge2] CPE FASTQ formatting done
[M::mem_process_seqs_merge2] CPE FASTQ formatting done
[M::process] read chunk (19660800 bytes/CG x 1 CGs, 1228540 bytes)...
[M::mem_process_seqs_merge2] CPE FASTQ formatting done
slave pre done
now n is 6468
processed 6468
[M::mem_process_seqs_merge2] Processed 6468 reads in 0.040 CPU sec, 0.582 real sec
[M::process] read chunk (19660800 bytes/CG x 1 CGs, 1228540 bytes)...
[M::process] read chunk (19660800 bytes/CG x 1 CGs, 1228920 bytes)...
[M::mem_process_seqs_merge2] CPE FASTQ formatting done
slave pre done
now n is 6468
slave pre done
now n is 25870
processed 6468
[M::mem_process_seqs_merge2] Processed 6468 reads in 0.010 CPU sec, 0.676 real sec
processed 25870
[M::mem_process_seqs_merge2] Processed 25870 reads in 0.030 CPU sec, 1.497 real sec
[M::mem_process_seqs_merge2] CPE FASTQ formatting done
slave pre done
now n is 25868
[M::process] read chunk (19660800 bytes/CG x 1 CGs, 1228920 bytes)...
slave pre done
now n is 6468
processed 6468
[M::mem_process_seqs_merge2] Processed 6468 reads in 0.040 CPU sec, 0.570 real sec
processed 25868
[M::mem_process_seqs_merge2] Processed 25868 reads in 0.040 CPU sec, 1.526 real sec
slave pre done
now n is 6468
slave pre done
now n is 6468
processed 6468
[M::mem_process_seqs_merge2] Processed 6468 reads in 0.010 CPU sec, 0.609 real sec
slave pre done
processed 6468
[M::mem_process_seqs_merge2] Processed 6468 reads in 0.010 CPU sec, 0.550 real sec
now n is 6466
[M::process] read chunk (19660800 bytes/CG x 1 CGs, 4915300 bytes)...
processed 6466
[M::mem_process_seqs_merge2] Processed 6466 reads in 0.010 CPU sec, 0.594 real sec
[M::process] read chunk (19660800 bytes/CG x 1 CGs, 4915300 bytes)...
[M::process] read chunk (19660800 bytes/CG x 1 CGs, 1228540 bytes)...
[M::process] read chunk (19660800 bytes/CG x 1 CGs, 1228920 bytes)...
[M::process] read chunk (19660800 bytes/CG x 1 CGs, 1228920 bytes)...
[M::mem_process_seqs_merge2] CPE FASTQ formatting done
[M::process] read chunk (19660800 bytes/CG x 1 CGs, 1228920 bytes)...
slave pre done
now n is 6466
[M::mem_process_seqs_merge2] CPE FASTQ formatting done
[M::mem_process_seqs_merge2] CPE FASTQ formatting done
processed 6466
[M::mem_process_seqs_merge2] Processed 6466 reads in 0.020 CPU sec, 0.610 real sec
[M::mem_process_seqs_merge2] CPE FASTQ formatting done
slave pre done
now n is 25870
processed 25870
[M::mem_process_seqs_merge2] Processed 25870 reads in 0.040 CPU sec, 1.414 real sec
[M::process] read chunk (19660800 bytes/CG x 1 CGs, 1228920 bytes)...
slave pre done
now n is 6468
processed 6468
[M::mem_process_seqs_merge2] Processed 6468 reads in 0.010 CPU sec, 0.466 real sec
slave pre done
now n is 6468
[M::mem_process_seqs_merge2] CPE FASTQ formatting done
processed 6468
[M::mem_process_seqs_merge2] Processed 6468 reads in 0.010 CPU sec, 0.519 real sec
[M::process] read chunk (19660800 bytes/CG x 1 CGs, 1228920 bytes)...
[M::process] read chunk (19660800 bytes/CG x 1 CGs, 1228540 bytes)...
slave pre done
now n is 6468
[M::process] read chunk (19660800 bytes/CG x 1 CGs, 1228920 bytes)...
processed 6468
[M::mem_process_seqs_merge2] Processed 6468 reads in 0.010 CPU sec, 0.652 real sec
[M::mem_process_seqs_merge2] CPE FASTQ formatting done
[M::process] read chunk (19660800 bytes/CG x 1 CGs, 1228540 bytes)...
[M::mem_process_seqs_merge2] CPE FASTQ formatting done
slave pre done
now n is 6468
processed 6468
[M::mem_process_seqs_merge2] Processed 6468 reads in 0.010 CPU sec, 0.517 real sec
slave pre done
now n is 6466
processed 6466
[M::mem_process_seqs_merge2] Processed 6466 reads in 0.010 CPU sec, 0.552 real sec
[M::process] read chunk (19660800 bytes/CG x 1 CGs, 1228920 bytes)...
slave pre done
now n is 6466
processed 6466
[M::mem_process_seqs_merge2] Processed 6466 reads in 0.010 CPU sec, 0.563 real sec
[M::process] read chunk (19660800 bytes/CG x 1 CGs, 1228540 bytes)...
[M::process] read chunk (19660800 bytes/CG x 1 CGs, 1228920 bytes)...
[M::mem_process_seqs_merge2] CPE FASTQ formatting done
[M::mem_process_seqs_merge2] CPE FASTQ formatting done
[M::mem_process_seqs_merge2] CPE FASTQ formatting done
slave pre done
now n is 6468
processed 6468
[M::mem_process_seqs_merge2] Processed 6468 reads in 0.010 CPU sec, 0.690 real sec
[M::process] read chunk (19660800 bytes/CG x 1 CGs, 1228920 bytes)...
[M::mem_process_seqs_merge2] CPE FASTQ formatting done
slave pre done
now n is 25870
slave pre done
now n is 25870
slave pre done
now n is 6466
[M::mem_process_seqs_merge2] CPE FASTQ formatting done
[M::mem_process_seqs_merge2] CPE FASTQ formatting done
processed 25870
[M::mem_process_seqs_merge2] Processed 25870 reads in 0.040 CPU sec, 1.503 real sec
processed 25870
[M::mem_process_seqs_merge2] Processed 25870 reads in 0.010 CPU sec, 1.330 real sec
processed 6466
[M::mem_process_seqs_merge2] Processed 6466 reads in 0.010 CPU sec, 0.500 real sec
slave pre done
now n is 6466
slave pre done
now n is 6468
processed 6466
[M::mem_process_seqs_merge2] Processed 6466 reads in 0.010 CPU sec, 0.667 real sec
processed 6468
[M::mem_process_seqs_merge2] Processed 6468 reads in 0.010 CPU sec, 0.525 real sec
[M::process] read chunk (19660800 bytes/CG x 1 CGs, 1228540 bytes)...
[M::mem_process_seqs_merge2] CPE FASTQ formatting done
[M::process] read chunk (19660800 bytes/CG x 1 CGs, 1228540 bytes)...
[M::mem_process_seqs_merge2] CPE FASTQ formatting done
slave pre done
now n is 6468
[M::process] read chunk (19660800 bytes/CG x 1 CGs, 1228920 bytes)...
processed 6468
[M::mem_process_seqs_merge2] Processed 6468 reads in 0.010 CPU sec, 0.570 real sec
[M::mem_process_seqs_merge2] CPE FASTQ formatting done
[M::process] read chunk (19660800 bytes/CG x 1 CGs, 1228920 bytes)...
[M::process] read chunk (19660800 bytes/CG x 1 CGs, 1228920 bytes)...
slave pre done
now n is 6468
slave pre done
now n is 6468
[M::process] read chunk (19660800 bytes/CG x 1 CGs, 1228920 bytes)...
processed 6468
[M::mem_process_seqs_merge2] Processed 6468 reads in 0.010 CPU sec, 0.511 real sec
processed 6468
[M::mem_process_seqs_merge2] Processed 6468 reads in 0.020 CPU sec, 0.580 real sec
[M::mem_process_seqs_merge2] CPE FASTQ formatting done
[M::mem_process_seqs_merge2] CPE FASTQ formatting done
[M::mem_process_seqs_merge2] CPE FASTQ formatting done
slave pre done
now n is 25870
processed 25870
[M::mem_process_seqs_merge2] CPE FASTQ formatting done
[M::mem_process_seqs_merge2] Processed 25870 reads in 0.020 CPU sec, 1.532 real sec
[M::process] read chunk (19660800 bytes/CG x 1 CGs, 4915300 bytes)...
[M::process] read chunk (19660800 bytes/CG x 1 CGs, 1228920 bytes)...
[M::mem_process_seqs_merge2] CPE FASTQ formatting done
[M::mem_process_seqs_merge2] CPE FASTQ formatting done
[M::mem_process_seqs_merge2] CPE FASTQ formatting done
slave pre done
now n is 6466
processed 6466
[M::mem_process_seqs_merge2] Processed 6466 reads in 0.020 CPU sec, 0.511 real sec
[M::mem_process_seqs_merge2] CPE FASTQ formatting done
slave pre done
now n is 6466
processed 6466
[M::mem_process_seqs_merge2] Processed 6466 reads in 0.040 CPU sec, 0.486 real sec
[M::process] read chunk (19660800 bytes/CG x 1 CGs, 1228920 bytes)...
slave pre done
now n is 6468
[M::process] read chunk (19660800 bytes/CG x 1 CGs, 1228540 bytes)...
processed 6468
[M::mem_process_seqs_merge2] Processed 6468 reads in 0.030 CPU sec, 0.843 real sec
[M::process] read chunk (19660800 bytes/CG x 1 CGs, 1228920 bytes)...
[M::mem_process_seqs_merge2] CPE FASTQ formatting done
[M::process] read chunk (19660800 bytes/CG x 1 CGs, 1228920 bytes)...
[M::mem_process_seqs_merge2] CPE FASTQ formatting done
slave pre done
now n is 6468
processed 6468
[M::mem_process_seqs_merge2] Processed 6468 reads in 0.010 CPU sec, 0.452 real sec
[M::mem_process_seqs_merge2] CPE FASTQ formatting done
[M::process] read chunk (19660800 bytes/CG x 1 CGs, 1228920 bytes)...
[M::mem_process_seqs_merge2] CPE FASTQ formatting done
[M::mem_process_seqs_merge2] CPE FASTQ formatting done
[M::mem_process_seqs_merge2] CPE FASTQ formatting done
slave pre done
now n is 6468
processed 6468
[M::mem_process_seqs_merge2] Processed 6468 reads in 0.030 CPU sec, 0.576 real sec
[M::process] read chunk (19660800 bytes/CG x 1 CGs, 1228920 bytes)...
slave pre done
now n is 6468
processed 6468
[M::mem_process_seqs_merge2] Processed 6468 reads in 0.010 CPU sec, 0.471 real sec
[M::mem_process_seqs_merge2] CPE FASTQ formatting done
[M::process] read chunk (19660800 bytes/CG x 1 CGs, 1228920 bytes)...
slave pre done
now n is 6466
processed 6466
[M::mem_process_seqs_merge2] Processed 6466 reads in 0.010 CPU sec, 0.492 real sec
slave pre done
now n is 6468
processed 6468
[M::mem_process_seqs_merge2] Processed 6468 reads in 0.020 CPU sec, 0.708 real sec
slave pre done
now n is 25868
slave pre done
now n is 6468
processed 25868
[M::mem_process_seqs_merge2] Processed 25868 reads in 0.080 CPU sec, 1.499 real sec
[M::process] read chunk (19660800 bytes/CG x 1 CGs, 1228920 bytes)...
processed 6468
[M::mem_process_seqs_merge2] Processed 6468 reads in 0.010 CPU sec, 0.616 real sec
[M::process] read chunk (19660800 bytes/CG x 1 CGs, 1228920 bytes)...
slave pre done
now n is 6468
[M::mem_process_seqs_merge2] CPE FASTQ formatting done
slave pre done
now n is 6468
processed 6468
[M::mem_process_seqs_merge2] Processed 6468 reads in 0.020 CPU sec, 0.528 real sec
[M::process] read chunk (19660800 bytes/CG x 1 CGs, 1228920 bytes)...
processed 6468
[M::mem_process_seqs_merge2] Processed 6468 reads in 0.020 CPU sec, 0.446 real sec
slave pre done
now n is 6468
[M::process] read chunk (19660800 bytes/CG x 1 CGs, 1228540 bytes)...
[M::process] read chunk (19660800 bytes/CG x 1 CGs, 1228540 bytes)...
processed 6468
[M::mem_process_seqs_merge2] Processed 6468 reads in 0.010 CPU sec, 0.513 real sec
[M::mem_process_seqs_merge2] CPE FASTQ formatting done
[M::process] read chunk (19660800 bytes/CG x 1 CGs, 1228540 bytes)...
slave pre done
slave pre done
now n is 6468
now n is 6466
[M::mem_process_seqs_merge2] CPE FASTQ formatting done
[M::mem_process_seqs_merge2] CPE FASTQ formatting done
processed 6468
processed 6466
[M::mem_process_seqs_merge2] Processed 6468 reads in 0.020 CPU sec, 0.584 real sec
[M::mem_process_seqs_merge2] Processed 6466 reads in 0.010 CPU sec, 0.582 real sec
[M::process] read chunk (19660800 bytes/CG x 1 CGs, 1228540 bytes)...
[M::mem_process_seqs_merge2] CPE FASTQ formatting done
[M::process] read chunk (19660800 bytes/CG x 1 CGs, 1228920 bytes)...
[M::process] read chunk (19660800 bytes/CG x 1 CGs, 1228540 bytes)...
slave pre done
now n is 6468
slave pre done
now n is 6468
slave pre done
now n is 6466
slave pre done
now n is 6466
slave pre done
now n is 25868
processed 6468
[M::mem_process_seqs_merge2] Processed 6468 reads in 0.020 CPU sec, 0.627 real sec
processed 6468
[M::mem_process_seqs_merge2] Processed 6468 reads in 0.030 CPU sec, 0.517 real sec
processed 6466
[M::mem_process_seqs_merge2] Processed 6466 reads in 0.030 CPU sec, 0.614 real sec
processed 25868
[M::mem_process_seqs_merge2] Processed 25868 reads in 0.020 CPU sec, 1.607 real sec
processed 6466
[M::mem_process_seqs_merge2] Processed 6466 reads in 0.010 CPU sec, 0.800 real sec
[M::process] read chunk (19660800 bytes/CG x 1 CGs, 1228920 bytes)...
[M::mem_process_seqs_merge2] CPE FASTQ formatting done
[M::process] read chunk (19660800 bytes/CG x 1 CGs, 1228920 bytes)...
[M::process] read chunk (19660800 bytes/CG x 1 CGs, 1228920 bytes)...
[M::process] read chunk (19660800 bytes/CG x 1 CGs, 1228920 bytes)...
[M::mem_process_seqs_merge2] CPE FASTQ formatting done
[M::mem_process_seqs_merge2] CPE FASTQ formatting done
[M::mem_process_seqs_merge2] CPE FASTQ formatting done
slave pre done
now n is 6468
[M::process] read chunk (19660800 bytes/CG x 1 CGs, 1228920 bytes)...
processed 6468
[M::mem_process_seqs_merge2] Processed 6468 reads in 0.030 CPU sec, 0.465 real sec
slave pre done
now n is 6468
processed 6468
[M::mem_process_seqs_merge2] Processed 6468 reads in 0.010 CPU sec, 0.491 real sec
[M::mem_process_seqs_merge2] CPE FASTQ formatting done
slave pre done
now n is 6466
[M::process] read chunk (19660800 bytes/CG x 1 CGs, 1228540 bytes)...
processed 6466
[M::mem_process_seqs_merge2] Processed 6466 reads in 0.020 CPU sec, 0.581 real sec
[M::mem_process_seqs_merge2] CPE FASTQ formatting done
slave pre done
now n is 6468
slave pre done
now n is 6468
[M::process] read chunk (19660800 bytes/CG x 1 CGs, 1228920 bytes)...
processed 6468
[M::mem_process_seqs_merge2] Processed 6468 reads in 0.010 CPU sec, 0.764 real sec
processed 6468
[M::mem_process_seqs_merge2] Processed 6468 reads in 0.010 CPU sec, 0.547 real sec
[M::process] read chunk (19660800 bytes/CG x 1 CGs, 1228920 bytes)...
[M::mem_process_seqs_merge2] CPE FASTQ formatting done
[M::mem_process_seqs_merge2] CPE FASTQ formatting done
[M::process] read chunk (19660800 bytes/CG x 1 CGs, 1228920 bytes)...
[M::mem_process_seqs_merge2] CPE FASTQ formatting done
[M::mem_process_seqs_merge2] CPE FASTQ formatting done
[M::process] read chunk (19660800 bytes/CG x 1 CGs, 1228540 bytes)...
slave pre done
now n is 6468
processed 6468
[M::mem_process_seqs_merge2] Processed 6468 reads in 0.030 CPU sec, 0.529 real sec
slave pre done
[M::process] read chunk (19660800 bytes/CG x 1 CGs, 1228920 bytes)...
now n is 6468
processed 6468
[M::mem_process_seqs_merge2] Processed 6468 reads in 0.040 CPU sec, 0.468 real sec
[M::mem_process_seqs_merge2] CPE FASTQ formatting done
[M::mem_process_seqs_merge2] CPE FASTQ formatting done
[M::mem_process_seqs_merge2] CPE FASTQ formatting done
[M::mem_process_seqs_merge2] CPE FASTQ formatting done
[M::process] read chunk (19660800 bytes/CG x 1 CGs, 1228920 bytes)...
[M::mem_process_seqs_merge2] CPE FASTQ formatting done
[M::mem_process_seqs_merge2] CPE FASTQ formatting done
slave pre done
now n is 6466
slave pre done
now n is 6468
slave pre done
now n is 6466
processed 6468
[M::mem_process_seqs_merge2] Processed 6468 reads in 0.010 CPU sec, 0.537 real sec
processed 6466
[M::mem_process_seqs_merge2] Processed 6466 reads in 0.030 CPU sec, 0.484 real sec
processed 6466
[M::mem_process_seqs_merge2] Processed 6466 reads in 0.010 CPU sec, 0.520 real sec
[M::process] read chunk (19660800 bytes/CG x 1 CGs, 1228920 bytes)...
[M::process] read chunk (19660800 bytes/CG x 1 CGs, 1228920 bytes)...
[M::process] read chunk (19660800 bytes/CG x 1 CGs, 1228540 bytes)...
slave pre done
now n is 6468
processed 6468
[M::mem_process_seqs_merge2] Processed 6468 reads in 0.010 CPU sec, 0.443 real sec
slave pre done
now n is 6468
slave pre done
now n is 6468
slave pre done
now n is 6466
processed 6468
[M::mem_process_seqs_merge2] Processed 6468 reads in 0.010 CPU sec, 0.509 real sec
processed 6468
[M::mem_process_seqs_merge2] Processed 6468 reads in 0.010 CPU sec, 0.611 real sec
processed 6466
[M::mem_process_seqs_merge2] Processed 6466 reads in 0.010 CPU sec, 0.469 real sec
[M::process] read chunk (19660800 bytes/CG x 1 CGs, 1228920 bytes)...
[M::process] read chunk (19660800 bytes/CG x 1 CGs, 1228920 bytes)...
slave pre done
now n is 6468
slave pre done
now n is 6468
processed 6468
[M::mem_process_seqs_merge2] Processed 6468 reads in 0.010 CPU sec, 0.507 real sec
[M::mem_process_seqs_merge2] CPE FASTQ formatting done
processed 6468
[M::mem_process_seqs_merge2] Processed 6468 reads in 0.030 CPU sec, 0.460 real sec
[M::process] read chunk (19660800 bytes/CG x 1 CGs, 1228920 bytes)...
[M::process] read chunk (19660800 bytes/CG x 1 CGs, 1228540 bytes)...
[M::mem_process_seqs_merge2] CPE FASTQ formatting done
[M::process] read chunk (19660800 bytes/CG x 1 CGs, 4915300 bytes)...
slave pre done
now n is 6466
processed 6466
[M::mem_process_seqs_merge2] Processed 6466 reads in 0.030 CPU sec, 0.473 real sec
[M::process] read chunk (19660800 bytes/CG x 1 CGs, 1228920 bytes)...
[M::mem_process_seqs_merge2] CPE FASTQ formatting done
slave pre done
now n is 25870
processed 25870
[M::mem_process_seqs_merge2] Processed 25870 reads in 0.030 CPU sec, 1.411 real sec
[M::process] read chunk (19660800 bytes/CG x 1 CGs, 1228540 bytes)...
[M::mem_process_seqs_merge2] CPE FASTQ formatting done
[M::mem_process_seqs_merge2] CPE FASTQ formatting done
[M::mem_process_seqs_merge2] CPE FASTQ formatting done
slave pre done
now n is 6468
processed 6468
[M::mem_process_seqs_merge2] Processed 6468 reads in 0.010 CPU sec, 0.510 real sec
[M::mem_process_seqs_merge2] CPE FASTQ formatting done
slave pre done
now n is 6466
processed 6466
[M::mem_process_seqs_merge2] Processed 6466 reads in 0.010 CPU sec, 0.528 real sec
slave pre done
now n is 6468
[M::mem_process_seqs_merge2] CPE FASTQ formatting done
[M::process] read chunk (19660800 bytes/CG x 1 CGs, 1228540 bytes)...
processed 6468
[M::mem_process_seqs_merge2] Processed 6468 reads in 0.010 CPU sec, 0.528 real sec
[M::process] read chunk (19660800 bytes/CG x 1 CGs, 1228920 bytes)...
slave pre done
now n is 6466
processed 6466
[M::mem_process_seqs_merge2] Processed 6466 reads in 0.010 CPU sec, 0.554 real sec
[M::process] read chunk (19660800 bytes/CG x 1 CGs, 1228540 bytes)...
[M::process] read chunk (19660800 bytes/CG x 1 CGs, 1228540 bytes)...
[M::mem_process_seqs_merge2] CPE FASTQ formatting done
[M::mem_process_seqs_merge2] CPE FASTQ formatting done
[M::process] read chunk (19660800 bytes/CG x 1 CGs, 1228920 bytes)...
[M::mem_process_seqs_merge2] CPE FASTQ formatting done
slave pre done
now n is 6468
[M::mem_process_seqs_merge2] CPE FASTQ formatting done
processed 6468
[M::mem_process_seqs_merge2] CPE FASTQ formatting done
[M::mem_process_seqs_merge2] Processed 6468 reads in 0.040 CPU sec, 0.487 real sec
[M::mem_process_seqs_merge2] CPE FASTQ formatting done
slave pre done
now n is 25870
slave pre done
now n is 6468
[M::mem_process_seqs_merge2] CPE FASTQ formatting done
processed 25870
[M::mem_process_seqs_merge2] Processed 25870 reads in 0.060 CPU sec, 1.343 real sec
processed 6468
[M::mem_process_seqs_merge2] Processed 6468 reads in 0.010 CPU sec, 0.512 real sec
slave pre done
now n is 6468
slave pre done
now n is 6468
processed 6468
[M::mem_process_seqs_merge2] Processed 6468 reads in 0.040 CPU sec, 0.516 real sec
slave pre done
now n is 6468
processed 6468
[M::mem_process_seqs_merge2] Processed 6468 reads in 0.030 CPU sec, 0.514 real sec
[M::process] read chunk (19660800 bytes/CG x 1 CGs, 1228920 bytes)...
processed 6468
[M::mem_process_seqs_merge2] Processed 6468 reads in 0.020 CPU sec, 0.474 real sec
[M::process] read chunk (19660800 bytes/CG x 1 CGs, 1228920 bytes)...
slave pre done
now n is 25870
slave pre done
now n is 6466
[M::process] read chunk (19660800 bytes/CG x 1 CGs, 1228920 bytes)...
[M::mem_process_seqs_merge2] CPE FASTQ formatting done
processed 25870
[M::mem_process_seqs_merge2] Processed 25870 reads in 0.050 CPU sec, 1.605 real sec
[M::process] read chunk (19660800 bytes/CG x 1 CGs, 1228920 bytes)...
processed 6466
[M::mem_process_seqs_merge2] Processed 6466 reads in 0.010 CPU sec, 0.543 real sec
[M::mem_process_seqs_merge2] CPE FASTQ formatting done
[M::process] read chunk (19660800 bytes/CG x 1 CGs, 1228540 bytes)...
[M::mem_process_seqs_merge2] CPE FASTQ formatting done
[M::process] read chunk (19660800 bytes/CG x 1 CGs, 1228920 bytes)...
[M::mem_process_seqs_merge2] CPE FASTQ formatting done
[M::mem_process_seqs_merge2] CPE FASTQ formatting done
slave pre done
now n is 6468
processed 6468
[M::mem_process_seqs_merge2] Processed 6468 reads in 0.010 CPU sec, 0.450 real sec
slave pre done
now n is 6466
[M::process] read chunk (19660800 bytes/CG x 1 CGs, 1228920 bytes)...
processed 6466
[M::mem_process_seqs_merge2] Processed 6466 reads in 0.010 CPU sec, 0.492 real sec
[M::mem_process_seqs_merge2] CPE FASTQ formatting done
[M::mem_process_seqs_merge2] CPE FASTQ formatting done
[M::process] read chunk (19660800 bytes/CG x 1 CGs, 1228920 bytes)...
slave pre done
now n is 6468
[M::process] read chunk (19660800 bytes/CG x 1 CGs, 1228540 bytes)...
[M::process] read chunk (19660800 bytes/CG x 1 CGs, 1228540 bytes)...
[M::mem_process_seqs_merge2] CPE FASTQ formatting done
processed 6468
[M::mem_process_seqs_merge2] Processed 6468 reads in 0.040 CPU sec, 0.478 real sec
slave pre done
now n is 6466
slave pre done
now n is 6468
[M::mem_process_seqs_merge2] CPE FASTQ formatting done
processed 6466
processed 6468
[M::mem_process_seqs_merge2] Processed 6468 reads in 0.010 CPU sec, 0.475 real sec
[M::process] read chunk (19660800 bytes/CG x 1 CGs, 1228920 bytes)...
[M::mem_process_seqs_merge2] Processed 6466 reads in 0.020 CPU sec, 0.445 real sec
[M::process] read chunk (19660800 bytes/CG x 1 CGs, 1228540 bytes)...
[M::mem_process_seqs_merge2] CPE FASTQ formatting done
[M::process] read chunk (19660800 bytes/CG x 1 CGs, 1228920 bytes)...
slave pre done
now n is 6468
processed 6468
[M::mem_process_seqs_merge2] Processed 6468 reads in 0.010 CPU sec, 0.509 real sec
[M::mem_process_seqs_merge2] CPE FASTQ formatting done
slave pre done
now n is 6468
[M::process] read chunk (19660800 bytes/CG x 1 CGs, 1228920 bytes)...
processed 6468
[M::mem_process_seqs_merge2] Processed 6468 reads in 0.050 CPU sec, 0.613 real sec
slave pre done
now n is 6466
[M::process] read chunk (19660800 bytes/CG x 1 CGs, 1228920 bytes)...
slave pre done
now n is 6466
[M::mem_process_seqs_merge2] CPE FASTQ formatting done
processed 6466
[M::mem_process_seqs_merge2] Processed 6466 reads in 0.010 CPU sec, 0.491 real sec
processed 6466
[M::mem_process_seqs_merge2] Processed 6466 reads in 0.020 CPU sec, 0.479 real sec
slave pre done
now n is 6468
[M::mem_process_seqs_merge2] CPE FASTQ formatting done
[M::process] read chunk (19660800 bytes/CG x 1 CGs, 1228540 bytes)...
[M::mem_process_seqs_merge2] CPE FASTQ formatting done
slave pre done
now n is 6466
processed 6468
[M::mem_process_seqs_merge2] Processed 6468 reads in 0.030 CPU sec, 0.496 real sec
[M::process] read chunk (19660800 bytes/CG x 1 CGs, 1228540 bytes)...
processed 6466
[M::mem_process_seqs_merge2] Processed 6466 reads in 0.020 CPU sec, 0.540 real sec
[M::mem_process_seqs_merge2] CPE FASTQ formatting done
[M::process] read chunk (19660800 bytes/CG x 1 CGs, 1228920 bytes)...
[M::mem_process_seqs_merge2] CPE FASTQ formatting done
[M::mem_process_seqs_merge2] CPE FASTQ formatting done
slave pre done
now n is 6468
[M::process] read chunk (19660800 bytes/CG x 1 CGs, 1228540 bytes)...
processed 6468
[M::mem_process_seqs_merge2] Processed 6468 reads in 0.020 CPU sec, 0.548 real sec
[M::mem_process_seqs_merge2] CPE FASTQ formatting done
slave pre done
now n is 6468
slave pre done
now n is 6468
processed 6468
[M::mem_process_seqs_merge2] Processed 6468 reads in 0.010 CPU sec, 0.641 real sec
processed 6468
[M::mem_process_seqs_merge2] Processed 6468 reads in 0.050 CPU sec, 0.476 real sec
[M::mem_process_seqs_merge2] CPE FASTQ formatting done
[M::process] read chunk (19660800 bytes/CG x 1 CGs, 1228920 bytes)...
slave pre done
now n is 6468
processed 6468
[M::mem_process_seqs_merge2] Processed 6468 reads in 0.040 CPU sec, 0.556 real sec
[M::process] read chunk (19660800 bytes/CG x 1 CGs, 1228920 bytes)...
slave pre done
now n is 6468
[M::process] read chunk (19660800 bytes/CG x 1 CGs, 1228920 bytes)...
slave pre done
now n is 6468
processed 6468
[M::mem_process_seqs_merge2] Processed 6468 reads in 0.020 CPU sec, 0.511 real sec
[M::mem_process_seqs_merge2] CPE FASTQ formatting done
processed 6468
[M::mem_process_seqs_merge2] Processed 6468 reads in 0.010 CPU sec, 0.542 real sec
slave pre done
now n is 6466
processed 6466
[M::mem_process_seqs_merge2] Processed 6466 reads in 0.030 CPU sec, 0.664 real sec
[M::process] read chunk (19660800 bytes/CG x 1 CGs, 1228920 bytes)...
slave pre done
now n is 6468
[M::mem_process_seqs_merge2] CPE FASTQ formatting done
processed 6468
[M::mem_process_seqs_merge2] Processed 6468 reads in 0.010 CPU sec, 0.455 real sec
slave pre done
now n is 6468
[M::process] read chunk (19660800 bytes/CG x 1 CGs, 1228920 bytes)...
slave pre done
now n is 6466
processed 6468
[M::mem_process_seqs_merge2] Processed 6468 reads in 0.020 CPU sec, 0.608 real sec
[M::process] read chunk (19660800 bytes/CG x 1 CGs, 1228920 bytes)...
[M::process] read chunk (19660800 bytes/CG x 1 CGs, 1228540 bytes)...
[M::mem_process_seqs_merge2] CPE FASTQ formatting done
[M::mem_process_seqs_merge2] CPE FASTQ formatting done
processed 6466
[M::mem_process_seqs_merge2] Processed 6466 reads in 0.020 CPU sec, 0.478 real sec
[M::process] read chunk (19660800 bytes/CG x 1 CGs, 1228540 bytes)...
[M::mem_process_seqs_merge2] CPE FASTQ formatting done
[M::mem_process_seqs_merge2] CPE FASTQ formatting done
slave pre done
now n is 6468
[M::process] read chunk (19660800 bytes/CG x 1 CGs, 1228920 bytes)...
[M::process] read chunk (19660800 bytes/CG x 1 CGs, 1228920 bytes)...
[M::mem_process_seqs_merge2] CPE FASTQ formatting done
[M::mem_process_seqs_merge2] CPE FASTQ formatting done
processed 6468
[M::mem_process_seqs_merge2] Processed 6468 reads in 0.010 CPU sec, 0.478 real sec
[M::mem_process_seqs_merge2] CPE FASTQ formatting done
[M::mem_process_seqs_merge2] CPE FASTQ formatting done
slave pre done
now n is 6466
[M::process] read chunk (19660800 bytes/CG x 1 CGs, 1228920 bytes)...
processed 6466
[M::mem_process_seqs_merge2] Processed 6466 reads in 0.030 CPU sec, 0.534 real sec
[M::process] read chunk (19660800 bytes/CG x 1 CGs, 1228540 bytes)...
[M::mem_process_seqs_merge2] CPE FASTQ formatting done
[M::mem_process_seqs_merge2] CPE FASTQ formatting done
[M::mem_process_seqs_merge2] CPE FASTQ formatting done
slave pre done
now n is 6466
slave pre done
now n is 6468
processed 6466
[M::mem_process_seqs_merge2] Processed 6466 reads in 0.030 CPU sec, 0.518 real sec
processed 6468
[M::mem_process_seqs_merge2] Processed 6468 reads in 0.010 CPU sec, 0.587 real sec
[M::process] read chunk (19660800 bytes/CG x 1 CGs, 1228920 bytes)...
[M::process] read chunk (19660800 bytes/CG x 1 CGs, 1228540 bytes)...
slave pre done
now n is 6468
[M::mem_process_seqs_merge2] CPE FASTQ formatting done
processed 6468
[M::mem_process_seqs_merge2] Processed 6468 reads in 0.010 CPU sec, 0.446 real sec
slave pre done
now n is 6468
slave pre done
now n is 6466
processed 6468
[M::mem_process_seqs_merge2] Processed 6468 reads in 0.020 CPU sec, 0.541 real sec
processed 6466
[M::mem_process_seqs_merge2] Processed 6466 reads in 0.030 CPU sec, 0.511 real sec
[M::process] read chunk (19660800 bytes/CG x 1 CGs, 1228920 bytes)...
slave pre done
now n is 6468
[M::process] read chunk (19660800 bytes/CG x 1 CGs, 1228920 bytes)...
slave pre done
now n is 6466
processed 6468
[M::mem_process_seqs_merge2] Processed 6468 reads in 0.020 CPU sec, 0.545 real sec
processed 6466
[M::mem_process_seqs_merge2] Processed 6466 reads in 0.020 CPU sec, 0.504 real sec
[M::process] read chunk (19660800 bytes/CG x 1 CGs, 1228540 bytes)...
[M::mem_process_seqs_merge2] CPE FASTQ formatting done
slave pre done
now n is 6468
[M::process] read chunk (19660800 bytes/CG x 1 CGs, 1228920 bytes)...
slave pre done
now n is 6468
processed 6468
[M::mem_process_seqs_merge2] Processed 6468 reads in 0.010 CPU sec, 0.531 real sec
[M::process] read chunk (19660800 bytes/CG x 1 CGs, 1228920 bytes)...
processed 6468
[M::mem_process_seqs_merge2] Processed 6468 reads in 0.020 CPU sec, 0.463 real sec
[M::mem_process_seqs_merge2] CPE FASTQ formatting done
[M::mem_process_seqs_merge2] CPE FASTQ formatting done
[M::mem_process_seqs_merge2] CPE FASTQ formatting done
[M::process] read chunk (19660800 bytes/CG x 1 CGs, 1228920 bytes)...
[M::mem_process_seqs_merge2] CPE FASTQ formatting done
slave pre done
now n is 6468
processed 6468
[M::mem_process_seqs_merge2] Processed 6468 reads in 0.010 CPU sec, 0.436 real sec
[M::mem_process_seqs_merge2] CPE FASTQ formatting done
[M::process] read chunk (19660800 bytes/CG x 1 CGs, 1228920 bytes)...
[M::process] read chunk (19660800 bytes/CG x 1 CGs, 1228920 bytes)...
[M::mem_process_seqs_merge2] CPE FASTQ formatting done
[M::mem_process_seqs_merge2] CPE FASTQ formatting done
slave pre done
now n is 6466
slave pre done
now n is 6468
processed 6466
[M::mem_process_seqs_merge2] Processed 6466 reads in 0.010 CPU sec, 0.478 real sec
slave pre done
now n is 6468
processed 6468
[M::mem_process_seqs_merge2] Processed 6468 reads in 0.010 CPU sec, 0.451 real sec
processed 6468
[M::mem_process_seqs_merge2] Processed 6468 reads in 0.010 CPU sec, 0.488 real sec
slave pre done
now n is 6466
slave pre done
now n is 6468
processed 6466
[M::mem_process_seqs_merge2] Processed 6466 reads in 0.020 CPU sec, 0.545 real sec
processed 6468
[M::mem_process_seqs_merge2] Processed 6468 reads in 0.030 CPU sec, 0.564 real sec
slave pre done
now n is 6466
[M::process] read chunk (19660800 bytes/CG x 1 CGs, 1228920 bytes)...
[M::process] read chunk (19660800 bytes/CG x 1 CGs, 1228540 bytes)...
processed 6466
[M::mem_process_seqs_merge2] Processed 6466 reads in 0.010 CPU sec, 0.680 real sec
[M::process] read chunk (19660800 bytes/CG x 1 CGs, 1228920 bytes)...
slave pre done
now n is 6466
[M::process] read chunk (19660800 bytes/CG x 1 CGs, 1228920 bytes)...
[M::process] read chunk (19660800 bytes/CG x 1 CGs, 1228920 bytes)...
slave pre done
now n is 6468
[M::process] read chunk (19660800 bytes/CG x 1 CGs, 1228540 bytes)...
[M::mem_process_seqs_merge2] CPE FASTQ formatting done
[M::mem_process_seqs_merge2] CPE FASTQ formatting done
processed 6468
[M::mem_process_seqs_merge2] Processed 6468 reads in 0.020 CPU sec, 0.432 real sec
processed 6466
[M::mem_process_seqs_merge2] Processed 6466 reads in 0.010 CPU sec, 0.775 real sec
slave pre done
now n is 6468
processed 6468
[M::mem_process_seqs_merge2] Processed 6468 reads in 0.030 CPU sec, 0.600 real sec
slave pre done
[M::mem_process_seqs_merge2] CPE FASTQ formatting done
now n is 25870
slave pre done
now n is 6468
processed 25870
[M::mem_process_seqs_merge2] Processed 25870 reads in 0.010 CPU sec, 1.432 real sec
processed 6468
[M::mem_process_seqs_merge2] Processed 6468 reads in 0.020 CPU sec, 0.668 real sec
[M::mem_process_seqs_merge2] CPE FASTQ formatting done
[M::process] read chunk (19660800 bytes/CG x 1 CGs, 1228920 bytes)...
[M::process] read chunk (19660800 bytes/CG x 1 CGs, 1228920 bytes)...
slave pre done
now n is 6468
slave pre done
now n is 6466
[M::process] read chunk (19660800 bytes/CG x 1 CGs, 1228540 bytes)...
processed 6468
[M::mem_process_seqs_merge2] Processed 6468 reads in 0.020 CPU sec, 0.608 real sec
processed 6466
[M::mem_process_seqs_merge2] Processed 6466 reads in 0.030 CPU sec, 0.526 real sec
[M::mem_process_seqs_merge2] CPE FASTQ formatting done
[M::mem_process_seqs_merge2] CPE FASTQ formatting done
[M::process] read chunk (19660800 bytes/CG x 1 CGs, 1228920 bytes)...
[M::mem_process_seqs_merge2] CPE FASTQ formatting done
[M::process] read chunk (19660800 bytes/CG x 1 CGs, 1228920 bytes)...
slave pre done
now n is 6468
processed 6468
[M::mem_process_seqs_merge2] Processed 6468 reads in 0.010 CPU sec, 0.605 real sec
[M::mem_process_seqs_merge2] CPE FASTQ formatting done
[M::process] read chunk (19660800 bytes/CG x 1 CGs, 1228920 bytes)...
[M::mem_process_seqs_merge2] CPE FASTQ formatting done
[M::mem_process_seqs_merge2] CPE FASTQ formatting done
[M::process] read chunk (19660800 bytes/CG x 1 CGs, 1228540 bytes)...
[M::mem_process_seqs_merge2] CPE FASTQ formatting done
[M::mem_process_seqs_merge2] CPE FASTQ formatting done
slave pre done
now n is 6468
processed 6468
[M::mem_process_seqs_merge2] Processed 6468 reads in 0.030 CPU sec, 0.430 real sec
[M::process] read chunk (19660800 bytes/CG x 1 CGs, 1228920 bytes)...
slave pre done
now n is 6466
processed 6466
[M::mem_process_seqs_merge2] Processed 6466 reads in 0.010 CPU sec, 0.483 real sec
slave pre done
now n is 6468
[M::mem_process_seqs_merge2] CPE FASTQ formatting done
[M::process] read chunk (19660800 bytes/CG x 1 CGs, 1228920 bytes)...
slave pre done
now n is 6466
processed 6468
[M::mem_process_seqs_merge2] Processed 6468 reads in 0.030 CPU sec, 0.517 real sec
processed 6466
[M::mem_process_seqs_merge2] Processed 6466 reads in 0.030 CPU sec, 0.664 real sec
[M::process] read chunk (19660800 bytes/CG x 1 CGs, 1228540 bytes)...
slave pre done
now n is 6468
slave pre done
now n is 6468
[M::process] read chunk (19660800 bytes/CG x 1 CGs, 1228540 bytes)...
processed 6468
slave pre done
now n is 6468
processed 6468
[M::mem_process_seqs_merge2] Processed 6468 reads in 0.010 CPU sec, 0.458 real sec
processed 6468
[M::mem_process_seqs_merge2] Processed 6468 reads in 0.020 CPU sec, 0.553 real sec
[M::mem_process_seqs_merge2] Processed 6468 reads in 0.020 CPU sec, 0.592 real sec
[M::process] read chunk (19660800 bytes/CG x 1 CGs, 1228920 bytes)...
slave pre done
now n is 6468
[M::process] read chunk (19660800 bytes/CG x 1 CGs, 1228540 bytes)...
[M::mem_process_seqs_merge2] CPE FASTQ formatting done
processed 6468
[M::mem_process_seqs_merge2] Processed 6468 reads in 0.010 CPU sec, 0.555 real sec
[M::process] read chunk (19660800 bytes/CG x 1 CGs, 1228920 bytes)...
slave pre done
[M::mem_process_seqs_merge2] CPE FASTQ formatting done
now n is 6468
processed 6468
[M::mem_process_seqs_merge2] Processed 6468 reads in 0.010 CPU sec, 0.458 real sec
slave pre done
now n is 6468
[M::process] read chunk (19660800 bytes/CG x 1 CGs, 1228920 bytes)...
processed 6468
[M::mem_process_seqs_merge2] Processed 6468 reads in 0.040 CPU sec, 0.444 real sec
slave pre done
now n is 6468
processed 6468
[M::mem_process_seqs_merge2] Processed 6468 reads in 0.030 CPU sec, 0.679 real sec
[M::mem_process_seqs_merge2] CPE FASTQ formatting done
[M::process] read chunk (19660800 bytes/CG x 1 CGs, 1228920 bytes)...
slave pre done
now n is 6468
[M::process] read chunk (19660800 bytes/CG x 1 CGs, 1228540 bytes)...
[M::process] read chunk (19660800 bytes/CG x 1 CGs, 1228920 bytes)...
processed 6468
[M::mem_process_seqs_merge2] Processed 6468 reads in 0.020 CPU sec, 0.539 real sec
[M::mem_process_seqs_merge2] CPE FASTQ formatting done
[M::process] read chunk (19660800 bytes/CG x 1 CGs, 398244 bytes)...
[M::process] read chunk (19660800 bytes/CG x 1 CGs, 1228920 bytes)...
[M::mem_process_seqs_merge2] CPE FASTQ formatting done
slave pre done
now n is 6468
[M::mem_process_seqs_merge2] CPE FASTQ formatting done
processed 6468
[M::mem_process_seqs_merge2] Processed 6468 reads in 0.040 CPU sec, 0.493 real sec
[M::mem_process_seqs_merge2] CPE FASTQ formatting done
[M::mem_process_seqs_merge2] CPE FASTQ formatting done
slave pre done
now n is 6466
slave pre done
now n is 6468
[M::mem_process_seqs_merge2] CPE FASTQ formatting done
slave pre done
now n is 6468
processed 6468
[M::mem_process_seqs_merge2] Processed 6468 reads in 0.020 CPU sec, 0.596 real sec
processed 6466
[M::mem_process_seqs_merge2] Processed 6466 reads in 0.020 CPU sec, 0.525 real sec
[M::process] read chunk (19660800 bytes/CG x 1 CGs, 1228920 bytes)...
processed 6468
[M::mem_process_seqs_merge2] Processed 6468 reads in 0.030 CPU sec, 0.464 real sec
[M::mem_process_seqs_merge2] CPE FASTQ formatting done
slave pre done
now n is 6466
[M::process] read chunk (19660800 bytes/CG x 1 CGs, 1228540 bytes)...
[M::process] read chunk (19660800 bytes/CG x 1 CGs, 1228920 bytes)...
processed 6466
[M::mem_process_seqs_merge2] Processed 6466 reads in 0.040 CPU sec, 0.437 real sec
[M::mem_process_seqs_merge2] CPE FASTQ formatting done
[M::process] read chunk (19660800 bytes/CG x 1 CGs, 1228920 bytes)...
[M::mem_process_seqs_merge2] CPE FASTQ formatting done
[M::process] read chunk (19660800 bytes/CG x 1 CGs, 1228920 bytes)...
[M::mem_process_seqs_merge2] CPE FASTQ formatting done
slave pre done
now n is 6468
processed 6468
[M::mem_process_seqs_merge2] Processed 6468 reads in 0.010 CPU sec, 0.563 real sec
[M::mem_process_seqs_merge2] CPE FASTQ formatting done
[M::mem_process_seqs_merge2] CPE FASTQ formatting done
[M::mem_process_seqs_merge2] CPE FASTQ formatting done
slave pre done
now n is 6468
[M::mem_process_seqs_merge2] CPE FASTQ formatting done
processed 6468
[M::mem_process_seqs_merge2] Processed 6468 reads in 0.010 CPU sec, 0.493 real sec
[M::process] read chunk (19660800 bytes/CG x 1 CGs, 1228920 bytes)...
[M::process] read chunk (19660800 bytes/CG x 1 CGs, 1228540 bytes)...
[M::mem_process_seqs_merge2] CPE FASTQ formatting done
slave pre done
now n is 6468
[M::mem_process_seqs_merge2] CPE FASTQ formatting done
processed 6468
[M::mem_process_seqs_merge2] Processed 6468 reads in 0.020 CPU sec, 0.632 real sec
slave pre done
now n is 6468
[M::mem_process_seqs_merge2] CPE FASTQ formatting done
slave pre done
now n is 6466
processed 6468
[M::mem_process_seqs_merge2] Processed 6468 reads in 0.010 CPU sec, 0.640 real sec
slave pre done
processed 6466
now n is 6466
[M::mem_process_seqs_merge2] Processed 6466 reads in 0.010 CPU sec, 0.766 real sec
processed 6466
[M::mem_process_seqs_merge2] Processed 6466 reads in 0.010 CPU sec, 0.445 real sec
slave pre done
now n is 6468
[M::process] read chunk (19660800 bytes/CG x 1 CGs, 1228540 bytes)...
[M::process] read chunk (19660800 bytes/CG x 1 CGs, 1228920 bytes)...
processed 6468
[M::mem_process_seqs_merge2] CPE FASTQ formatting done
[M::process] read chunk (19660800 bytes/CG x 1 CGs, 1228920 bytes)...
slave pre done
now n is 6468
[M::mem_process_seqs_merge2] Processed 6468 reads in 0.020 CPU sec, 0.480 real sec
processed 6468
[M::mem_process_seqs_merge2] Processed 6468 reads in 0.020 CPU sec, 0.426 real sec
[M::process] read chunk (19660800 bytes/CG x 1 CGs, 1228920 bytes)...
[M::mem_process_seqs_merge2] CPE FASTQ formatting done
[M::process] read chunk (19660800 bytes/CG x 1 CGs, 1228920 bytes)...
[M::mem_process_seqs_merge2] CPE FASTQ formatting done
[M::process] read chunk (19660800 bytes/CG x 1 CGs, 1228920 bytes)...
slave pre done
now n is 6468
slave pre done
now n is 6468
processed 6468
[M::mem_process_seqs_merge2] Processed 6468 reads in 0.020 CPU sec, 0.488 real sec
[M::mem_process_seqs_merge2] CPE FASTQ formatting done
processed 6468
[M::mem_process_seqs_merge2] Processed 6468 reads in 0.030 CPU sec, 0.484 real sec
slave pre done
now n is 6466
slave pre done
now n is 6466
processed 6466
[M::mem_process_seqs_merge2] Processed 6466 reads in 0.020 CPU sec, 0.457 real sec
[M::mem_process_seqs_merge2] CPE FASTQ formatting done
[M::process] read chunk (19660800 bytes/CG x 1 CGs, 1228920 bytes)...
slave pre done
now n is 6466
processed 6466
[M::mem_process_seqs_merge2] Processed 6466 reads in 0.010 CPU sec, 0.474 real sec
processed 6466
[M::mem_process_seqs_merge2] Processed 6466 reads in 0.010 CPU sec, 0.500 real sec
slave pre done
now n is 6468
[M::process] read chunk (19660800 bytes/CG x 1 CGs, 1228920 bytes)...
processed 6468
[M::mem_process_seqs_merge2] Processed 6468 reads in 0.000 CPU sec, 0.559 real sec
slave pre done
now n is 6468
processed 6468
[M::mem_process_seqs_merge2] Processed 6468 reads in 0.020 CPU sec, 0.501 real sec
[M::process] read chunk (19660800 bytes/CG x 1 CGs, 1228540 bytes)...
[M::process] read chunk (19660800 bytes/CG x 1 CGs, 1228920 bytes)...
[M::process] read chunk (19660800 bytes/CG x 1 CGs, 1228920 bytes)...
slave pre done
now n is 6468
processed 6468
[M::mem_process_seqs_merge2] Processed 6468 reads in 0.020 CPU sec, 0.544 real sec
slave pre done
now n is 6466
processed 6466
[M::mem_process_seqs_merge2] Processed 6466 reads in 0.010 CPU sec, 0.533 real sec
slave pre done
now n is 6468
slave pre done
now n is 6468
processed 6468
[M::mem_process_seqs_merge2] Processed 6468 reads in 0.030 CPU sec, 0.474 real sec
slave pre done
now n is 6466
processed 6468
[M::mem_process_seqs_merge2] Processed 6468 reads in 0.020 CPU sec, 0.423 real sec
processed 6466
[M::mem_process_seqs_merge2] Processed 6466 reads in 0.020 CPU sec, 0.507 real sec
[M::process] read chunk (19660800 bytes/CG x 1 CGs, 1228540 bytes)...
[M::mem_process_seqs_merge2] CPE FASTQ formatting done
[M::process] read chunk (19660800 bytes/CG x 1 CGs, 1228920 bytes)...
[M::mem_process_seqs_merge2] CPE FASTQ formatting done
slave pre done
now n is 6466
processed 6466
[M::mem_process_seqs_merge2] Processed 6466 reads in 0.010 CPU sec, 0.459 real sec
[M::mem_process_seqs_merge2] CPE FASTQ formatting done
slave pre done
now n is 2096
[M::mem_process_seqs_merge2] CPE FASTQ formatting done
[M::mem_process_seqs_merge2] CPE FASTQ formatting done
slave pre done
now n is 6468
[M::mem_process_seqs_merge2] CPE FASTQ formatting done
[M::process] read chunk (19660800 bytes/CG x 1 CGs, 1228920 bytes)...
processed 2096
[M::mem_process_seqs_merge2] Processed 2096 reads in 0.020 CPU sec, 0.615 real sec
[M::process] read chunk (19660800 bytes/CG x 1 CGs, 1228540 bytes)...
processed 6468
[M::mem_process_seqs_merge2] Processed 6468 reads in 0.030 CPU sec, 0.584 real sec
slave pre done
now n is 6468
processed 6468
[M::mem_process_seqs_merge2] Processed 6468 reads in 0.010 CPU sec, 0.542 real sec
[M::mem_process_seqs_merge2] CPE FASTQ formatting done
[M::process] read chunk (19660800 bytes/CG x 1 CGs, 1228540 bytes)...
slave pre done
now n is 6468
processed 6468
[M::mem_process_seqs_merge2] Processed 6468 reads in 0.020 CPU sec, 0.503 real sec
[M::mem_process_seqs_merge2] CPE FASTQ formatting done
[M::mem_process_seqs_merge2] CPE FASTQ formatting done
[M::mem_process_seqs_merge2] CPE FASTQ formatting done
[M::mem_process_seqs_merge2] CPE FASTQ formatting done
slave pre done
now n is 6468
slave pre done
now n is 6468
processed 6468
[M::mem_process_seqs_merge2] Processed 6468 reads in 0.010 CPU sec, 0.496 real sec
processed 6468
[M::mem_process_seqs_merge2] Processed 6468 reads in 0.030 CPU sec, 0.691 real sec
[M::process] read chunk (19660800 bytes/CG x 1 CGs, 1228920 bytes)...
[M::process] read chunk (19660800 bytes/CG x 1 CGs, 1228540 bytes)...
[M::mem_process_seqs_merge2] CPE FASTQ formatting done
[M::process] read chunk (19660800 bytes/CG x 1 CGs, 1228920 bytes)...
[M::process] read chunk (19660800 bytes/CG x 1 CGs, 1228920 bytes)...
[M::mem_process_seqs_merge2] CPE FASTQ formatting done
[M::mem_process_seqs_merge2] CPE FASTQ formatting done
slave pre done
now n is 6468
processed 6468
[M::mem_process_seqs_merge2] Processed 6468 reads in 0.040 CPU sec, 0.536 real sec
[M::process] read chunk (19660800 bytes/CG x 1 CGs, 1228920 bytes)...
[M::process] read chunk (19660800 bytes/CG x 1 CGs, 1228920 bytes)...
slave pre done
now n is 6468
processed 6468
[M::mem_process_seqs_merge2] Processed 6468 reads in 0.010 CPU sec, 0.580 real sec
[M::process] read chunk (19660800 bytes/CG x 1 CGs, 1228540 bytes)...
[M::process] read chunk (19660800 bytes/CG x 1 CGs, 1228920 bytes)...
[M::mem_process_seqs_merge2] CPE FASTQ formatting done
[M::process] read chunk (19660800 bytes/CG x 1 CGs, 1228540 bytes)...
[M::mem_process_seqs_merge2] CPE FASTQ formatting done
slave pre done
now n is 6468
[M::mem_process_seqs_merge2] CPE FASTQ formatting done
[M::mem_process_seqs_merge2] CPE FASTQ formatting done
processed 6468
[M::mem_process_seqs_merge2] Processed 6468 reads in 0.010 CPU sec, 0.482 real sec
slave pre done
now n is 6468
[M::mem_process_seqs_merge2] CPE FASTQ formatting done
processed 6468
[M::mem_process_seqs_merge2] Processed 6468 reads in 0.030 CPU sec, 0.720 real sec
[M::mem_process_seqs_merge2] CPE FASTQ formatting done
[M::mem_process_seqs_merge2] CPE FASTQ formatting done
slave pre done
now n is 6466
slave pre done
now n is 6468
processed 6466
[M::mem_process_seqs_merge2] Processed 6466 reads in 0.030 CPU sec, 0.539 real sec
slave pre done
now n is 6466
processed 6468
[M::mem_process_seqs_merge2] Processed 6468 reads in 0.010 CPU sec, 0.472 real sec
processed 6466
[M::mem_process_seqs_merge2] Processed 6466 reads in 0.010 CPU sec, 0.533 real sec
slave pre done
now n is 6468
processed 6468
[M::mem_process_seqs_merge2] Processed 6468 reads in 0.020 CPU sec, 0.553 real sec
slave pre done
now n is 6466
slave pre done
now n is 6468
slave pre done
now n is 6468
processed 6466
[M::mem_process_seqs_merge2] Processed 6466 reads in 0.030 CPU sec, 0.454 real sec
processed 6468
[M::mem_process_seqs_merge2] Processed 6468 reads in 0.020 CPU sec, 0.429 real sec
processed 6468
[M::mem_process_seqs_merge2] Processed 6468 reads in 0.040 CPU sec, 0.520 real sec
slave pre done
now n is 6466
processed 6466
[M::mem_process_seqs_merge2] Processed 6466 reads in 0.040 CPU sec, 0.534 real sec
[MPI rank 000013/000024] input work: chunks=48 records=1670232 bytes=634060684
slave pre done
now n is 6466
slave pre done
now n is 6468
processed 6466
[M::mem_process_seqs_merge2] Processed 6466 reads in 0.010 CPU sec, 0.606 real sec
processed 6468
[M::mem_process_seqs_merge2] Processed 6468 reads in 0.010 CPU sec, 0.685 real sec
slave pre done
now n is 6468
slave pre done
now n is 6466
processed 6468
[M::mem_process_seqs_merge2] Processed 6468 reads in 0.010 CPU sec, 0.560 real sec
slave pre done
now n is 6468
processed 6466
[M::mem_process_seqs_merge2] Processed 6466 reads in 0.030 CPU sec, 0.665 real sec
processed 6468
[M::mem_process_seqs_merge2] Processed 6468 reads in 0.010 CPU sec, 0.777 real sec
slave pre done
now n is 6466
slave pre done
now n is 6468
processed 6466
[M::mem_process_seqs_merge2] Processed 6466 reads in 0.020 CPU sec, 0.437 real sec
processed 6468
[M::mem_process_seqs_merge2] Processed 6468 reads in 0.020 CPU sec, 0.486 real sec
[MPI rank 000000/000024] input work: chunks=49 records=1674147 bytes=635289348
slave pre done
now n is 6468
processed 6468
[M::mem_process_seqs_merge2] Processed 6468 reads in 0.040 CPU sec, 0.494 real sec
[MPI rank 000018/000024] input work: chunks=46 records=1626043 bytes=616858504
[MPI rank 000021/000024] input work: chunks=48 records=1670231 bytes=634060308
[MPI rank 000020/000024] input work: chunks=48 records=1670231 bytes=634060308
slave pre done
now n is 6468
slave pre done
now n is 6468
processed 6468
[M::mem_process_seqs_merge2] Processed 6468 reads in 0.010 CPU sec, 0.670 real sec
processed 6468
[M::mem_process_seqs_merge2] Processed 6468 reads in 0.020 CPU sec, 0.586 real sec
[MPI rank 000010/000024] input work: chunks=46 records=1655179 bytes=627916280
slave pre done
now n is 6466
[MPI rank 000023/000024] input work: chunks=47 records=1656751 bytes=629147064
processed 6466
[M::mem_process_seqs_merge2] Processed 6466 reads in 0.010 CPU sec, 0.590 real sec
[MPI rank 000002/000024] input work: chunks=50 records=1676698 bytes=636517764
[MPI rank 000017/000024] input work: chunks=48 records=1661703 bytes=630373440
[MPI rank 000019/000024] input work: chunks=48 records=1631484 bytes=619315168
slave pre done
now n is 6468
processed 6468
[M::mem_process_seqs_merge2] Processed 6468 reads in 0.040 CPU sec, 0.652 real sec
[MPI rank 000007/000024] input work: chunks=48 records=1670229 bytes=634059552
[MPI rank 000022/000024] input work: chunks=48 records=1679523 bytes=637746560
[MPI rank 000012/000024] input work: chunks=43 records=1644447 bytes=624230248
[MPI rank 000003/000024] input work: chunks=51 records=1690695 bytes=641434320
[MPI rank 000004/000024] input work: chunks=52 records=1703680 bytes=646348116
[MPI rank 000005/000024] input work: chunks=51 records=1670375 bytes=634062276
[MPI rank 000006/000024] input work: chunks=48 records=1650832 bytes=626688688
[MPI rank 000008/000024] input work: chunks=48 records=1670232 bytes=634060684
[MPI rank 000009/000024] input work: chunks=46 records=1663765 bytes=631603228
[MPI rank 000001/000024] input work: chunks=50 records=1675016 bytes=635688504
[MPI rank 000011/000024] input work: chunks=44 records=1658407 bytes=629145724
[MPI rank 000015/000024] input work: chunks=49 records=1673466 bytes=635289608
[MPI rank 000016/000024] input work: chunks=49 records=1683170 bytes=638977124
[MPI rank 000014/000024] input work: chunks=49 records=1673464 bytes=635288852

================ MPI Dynamic Scheduler Debug =================
  MPI rank: 000000 / 000024

  Work summary
    claimed chunks                                         49
    claimed from this rank's queue                          3
    claimed from another rank's queue                      46
    completed FASTQ records                           1674147
    claimed input bytes                             635289348

  Scheduler counters
    scheduler_next calls                                   50
    RMA ticket attempts                                    73
    attempts against another rank's queue                  69
    tickets beyond the final chunk                         24
    empty aligned chunks                                    0

  Scheduler timing
    MPI_Win_create (setup)                       0.001378 s  (1 calls,  1378.262 us/call)
    MPI_Barrier after setup                      0.000020 s  (1 calls,    20.301 us/call)
    scheduler_next total                         1.530095 s  (50 calls, 30601.894 us/call)
      RMA ticket path total                        1.529897 s  (73 calls, 20957.500 us/call)
        MPI_Win_lock                                 0.000209 s  (73 calls,     2.859 us/call)
        MPI_Fetch_and_op                             0.000977 s  (73 calls,    13.380 us/call)
        MPI_Win_unlock                               1.528603 s  (73 calls, 20939.772 us/call)
        RMA call overhead (derived)                  0.000109 s  (73 calls,     1.489 us/call)
      align nominal offsets to FASTQ records       0.000052 s  (49 calls,     1.059 us/call)
      scheduler loop/bookkeeping (derived)         0.000145 s  (50 calls,     2.907 us/call)

  Scheduler teardown timing
    MPI_Barrier (wait for other ranks)           0.243234 s  (1 calls, 243233.981 us/call)
    MPI_Win_free                                 0.000088 s  (1 calls,    87.550 us/call)

  Stage 2 by chunk
    completed chunks                                       49
    accumulated stage 2                            171.150475 s
    average stage 2 per chunk                        3.492867 s
    slowest chunk                                           0
    slowest chunk stage 2                            7.406640 s

    order   chunk  queue        byte range                       bytes      records   stage2(s)
        0       0      0  [           0,     19661160)     19661160        52972    7.406640
        1      25      1  [   491520184,    511181004)     19660820        51739    5.007810
        2      50      2  [   983040304,   1002701124)     19660820        51739    5.288739
        3      75      3  [  1474560044,   1494220864)     19660820        51739    5.023891
        4     100      4  [  1966080164,   1985740984)     19660820        51739    5.042970
        5     125      5  [  2457600284,   2477261104)     19660820        51739    5.190307
        6     150      6  [  2949120024,   2968780844)     19660820        51739    5.003123
        7     175      7  [  3440640144,   3460300964)     19660820        51739    5.054089
        8     200      8  [  3932160160,   3951820824)     19660664        52289    5.250605
        9     225      9  [  4423680072,   4443340892)     19660820        51739    4.946463
       10     250     10  [  4915200192,   4934861012)     19660820        51739    5.138048
       11     275     11  [  5406720312,   5426381132)     19660820        51739    5.081953
       12     300     12  [  5898240052,   5917900872)     19660820        51739    4.947145
       13     325     13  [  6389760172,   6409420992)     19660820        51739    5.251734
       14     350     14  [  6881280292,   6900941112)     19660820        51739    5.070155
       15     375     15  [  7372800032,   7392460852)     19660820        51739    5.187476
       16     400     16  [  7864320308,   7883980972)     19660664        52289    5.048100
       17     425     17  [  8355840340,   8375501160)     19660820        51739    5.102031
       18     450     18  [  8847360080,   8867020900)     19660820        51739    5.215228
       19     475     19  [  9338880200,   9358541020)     19660820        51739    5.032013
       20     500     20  [  9830400320,   9850061140)     19660820        51739    5.441955
       21     525     21  [ 10321920060,  10341580880)     19660820        51739    5.050863
       22     550     22  [ 10813440180,  10833101000)     19660820        51739    5.137314
       23     575     23  [ 11304960300,  11324621120)     19660820        51739    5.071883
       24     576      0  [ 11324621120,  11344281940)     19660820        51739    5.203275
       25     601      1  [ 11816140928,  11835801748)     19660820        51739    5.048827
       26     626      2  [ 12307661048,  12327321868)     19660820        51739    4.933063
       27     651      3  [ 12799181168,  12818841608)     19660440        51738    5.113725
       28     676      4  [ 13290700908,  13310361728)     19660820        51739    4.926669
       29     701      5  [ 13679001628,  13683916928)      4915300        12935    1.361281
       30     726      6  [ 13801881848,  13806797148)      4915300        12935    1.528510
       31     751      7  [ 13924761688,  13929676988)      4915300        12935    1.486025
       32     776      8  [ 14047641908,  14052556828)      4914920        12934    1.588223
       33     801      9  [ 14170521748,  14175437048)      4915300        12935    1.403094
       34     826     10  [ 14293401968,  14298316888)      4914920        12934    1.362122
       35     851     11  [ 14416281808,  14421197108)      4915300        12935    1.694221
       36     876     12  [ 14539161648,  14544076948)      4915300        12935    1.397457
       37     901     13  [ 14662041868,  14666957168)      4915300        12935    1.328256
       38     926     14  [ 14784921708,  14789837008)      4915300        12935    1.462111
       39     951     15  [ 14907801928,  14912716848)      4914920        12934    1.362699
       40     976     16  [ 14964326548,  14965555468)      1228920         3234    0.455107
       41    1001     17  [ 14995046508,  14996275428)      1228920         3234    0.466830
       42    1026     18  [ 15025766468,  15026995388)      1228920         3234    0.708780
       43    1051     19  [ 15056486428,  15057715348)      1228920         3234    0.527829
       44    1076     20  [ 15087206768,  15088435308)      1228540         3233    0.540226
       45    1101     21  [ 15117926728,  15119155268)      1228540         3233    0.679598
       46    1126     22  [ 15148646688,  15149875228)      1228540         3233    0.436974
       47    1151     23  [ 15179366648,  15180595568)      1228920         3234    0.691448
       48    1152      0  [ 15180595568,  15181824108)      1228540         3233    0.453590
==============================================================


================ MPI Dynamic Scheduler Debug =================
  MPI rank: 000001 / 000024

  Work summary
    claimed chunks                                         50
    claimed from this rank's queue                          3
    claimed from another rank's queue                      47
    completed FASTQ records                           1675016
    claimed input bytes                             635688504

  Scheduler counters
    scheduler_next calls                                   51
    RMA ticket attempts                                    82
    attempts against another rank's queue                  78
    tickets beyond the final chunk                         32
    empty aligned chunks                                    0

  Scheduler timing
    MPI_Win_create (setup)                       0.002294 s  (1 calls,  2294.220 us/call)
    MPI_Barrier after setup                      0.000015 s  (1 calls,    14.951 us/call)
    scheduler_next total                         1.570414 s  (51 calls, 30792.424 us/call)
================ MPI Dynamic Scheduler Debug =================
  MPI rank: 000006 / 000024

  Work summary
    claimed chunks                                         48
    claimed from this rank's queue                          3
    claimed from another rank's queue                      45
    completed FASTQ records                           1650832
    claimed input bytes                             626688688

  Scheduler counters
    scheduler_next calls                                   49
    RMA ticket attempts                                    75
    attempts against another rank's queue                  71
    tickets beyond the final chunk                         27
    empty aligned chunks                                    0

  Scheduler timing
    MPI_Win_create (setup)                       0.001692 s
================ MPI Dynamic Scheduler Debug =================
  MPI rank: 000012 / 000024

  Work summary
    claimed chunks                                         43
    claimed from this rank's queue                          2
    claimed from another rank's queue                      41
    completed FASTQ records                           1644447
    claimed input bytes                             624230248

  Scheduler counters
    scheduler_next calls                                   44
    RMA ticket attempts                                    68
    attempts against another rank's queue                  65
    tickets beyond the final chunk                         25
    empty aligned chunks                                    0

      RMA ticket path total                        1.570224 s  (82 calls, 19149.069 us/call)
        MPI_Win_lock                                 0.000217 s  (82 calls,     2.643 us/call)
        MPI_Fetch_and_op                             0.001596 s  (82 calls,    19.462 us/call)
        MPI_Win_unlock                               1.568285 s  (82 calls, 19125.424 us/call)
        RMA call overhead (derived)                  0.000126 s  (82 calls,     1.540 us/call)
      align nominal offsets to FASTQ records       0.000049 s  (50 calls,     0.977 us/call)
      scheduler loop/bookkeeping (derived)         0.000141 s  (51 calls,     2.768 us/call)

  Scheduler teardown timing
    MPI_Barrier (wait for other ranks)           0.001079 s  (1 calls,  1079.410 us/call)
    MPI_Win_free                                 0.000077 s  (1 calls,    76.650 us/call)

  Stage 2 by chunk
    completed chunks                                       50
    accumulated stage 2                            169.684825 s
    average stage 2 per chunk                        3.393697 s
    slowest chunk                                           1
    slowest chunk stage 2                            6.115404 s

    order   chunk  queue        byte range                       bytes      records   stage2(s)
        0       1      1  [    19661160,     39321716)     19660556        52789    6.115404
        1      26      2  [   511181004,    530841824)     19660820        51739    4.977974
        2      51      3  [  1002701124,   1022361944)     19660820        51739    4.968310
        3      76      4  [  1494220864,   1513881684)     19660820        51739    5.067186
        4     101      5  [  1985740984,   2005401804)     19660820        51739    4.888017
        5     126      6  [  2477261104,   2496921924)     19660820        51739    5.089410
        6     151      7  [  2968780844,   2988441664)     19660820        51739    5.041255
        7     176      8  [  3460300964,   3479961784)     19660820        51739    4.963171
        8     201      9  [  3951820824,   3971481864)     19661040        52290    5.065357
        9     226     10  [  4443340892,   4463001712)     19660820        51739    5.160851
       10     251     11  [  4934861012,   4954521832)     19660820        51739    5.143079
       11     276     12  [  5426381132,   5446041952)     19660820        51739    4.998234
       12     301     13  [  5917900872,   5937561692)     19660820        51739    5.077313
       13     326     14  [  6409420992,   6429081812)     19660820        51739    4.803417
       14     351     15  [  6900941112,   6920601932)     19660820        51739    5.300534
       15     376     16  [  7392460852,   7412121672)     19660820        51739    5.056158
       16     401     17  [  7883980972,   7903641636)     19660664        52289    5.172229
       17     426     18  [  8375501160,   8395161600)     19660440        51738    5.044702
       18     451     19  [  8867020900,   8886681720)     19660820        51739    5.547827
       19     476     20  [  9358541020,   9378201840)     19660820        51739    5.020804
       20     501     21  [  9850061140,   9869721960)     19660820        51739    5.090548
       21     526     22  [ 10341580880,  10361241700)     19660820        51739    4.907631
       22     551     23  [ 10833101000,  10852761820)     19660820        51739    5.137785
       23     552      0  [ 10852761820,  10872422640)     19660820        51739    4.902759
       24     577      1  [ 11344281940,  11363942760)     19660820        51739    4.994697
       25     602      2  [ 11835801748,  11855462568)     19660820        51739    5.077420
       26     627      3  [ 12327321868,  12346982688)     19660820        51739    5.203984
       27     652      4  [ 12818841608,  12838502428)     19660820        51739    4.976982
       28     677      5  [ 13310361728,  13330022548)     19660820        51739    5.036055
       29     702      6  [ 13683916928,  1368
================ MPI Dynamic Scheduler Debug =================
  MPI rank: 000002 / 000024

  Work summary
    claimed chunks                                         50
    claimed from this rank's queue                          2
    claimed from another rank's queue                      48
    completed FASTQ records                           1676698
    claimed input bytes                             636517764

  Scheduler counters
    scheduler_next calls                                   51
    RMA ticket attempts                                    79
    attempts against another rank's queue                  75
    tickets beyond the final chunk                         29
    empty aligned chunks                                    0

  Scheduler timing
    MPI_Win_create (setup)                       0.002706 s  (1 calls,  2706.124 us/call)
    MPI_Barrier after setup                      0.000020 s  (1 calls,    20.351 us/call)
    scheduler_next total                         2.103083 s  (51 calls, 41236.931 us/call)
      RMA ticket path total                        2.102881 s  (79 calls, 26618.747 us/call)
        MPI_Win_lock                                 0.000218 s  (79 calls,     2.761 us/call)
        MPI_Fetch_and_op                             0.001409 s  (79 calls,    17.836 us/call)
        MPI_Win_unlock                               2.101132 s  (79 calls, 26596.610 us/call)
        RMA call overhead (derived)                  0.000122 s  (79 calls,     1.539 us/call)
      align nominal offsets to FASTQ records       0.000054 s  (50 calls,     1.085 us/call)
      scheduler loop/bookkeeping (derived)         0.000148 s  (51 calls,     2.907 us/call)

  Scheduler teardown timing
    MPI_Barrier (wait for other ranks)           0.065012 s  (1 calls, 65012.333 us/call)
    MPI_Win_free                                 0.000079 s  (1 calls,    79.100 us/call)

  Stage 2 by chunk
    completed chunks                                       50
    accumulated stage 2                            171.042880 s
    average stage 2 per chunk                        3.420858 s
    slowest chunk                                           2
    slowest chunk stage 2                            6.396439 s

    order   chunk  queue        byte range                       bytes      records   stage2(s)
        0       2      2  [    39321716,     58982756)     19661040        52290    6.396439
        1      27      3  [   530841824,    550502644)     19660820        51739    5.164233
        2      52      4  [  1022361944,   1042022764)     19660820        51739    5.185605
        3      77      5  [  1513881684,   1533542504)     19660820        51739    5.117026
        4     102      6  [  2005401804,   2025062624)     19660820        51739    5.014767
        5     127      7  [  2496921924,   2516582744)     19660820        51739    5.013449
        6     152      8  [  2988441664,   3008102484)     19660820        51739    5.379567
        7     177      9  [  3479961784,   3499622604)     19660820        51739    4.992942
        8     202     10  [  3971481864,   3991142528)     19660664        52289    5.257539
        9     227     11  [  4463001712,   4482662532)     19660820        51739    5.243500
       10     252     12  [  4954521832,   4974182652)     19660820        51739    5.005345
       11     277     13  [  5446041952,   5465702772)     19660820        51739    4.998445
       12     302     14  [  5937561692,   5957222512)     19660820        51739    5.157530
       13     327     15  [  6429081812,   6448742632)     19660820        51739    5.045933
       14     352     16  [  6920601932,   6940262752)     19660820        51739    5.309566
       15     377     17  [  7412121672,   7431782492)     19660820        51739    5.073913
       16     402     18  [  7903641636,   7923302676)     19661040        52290    5.330927
       17     427     19  [  8395161600,   8414822420)     19660820        51739    5.055071
       18     452  
================ MPI Dynamic Scheduler Debug =================
  MPI rank: 000003 / 000024

  Work summary
    claimed chunks                                         51
    claimed from this rank's queue                          2
    claimed from another rank's queue                      49
    completed FASTQ records                           1690695
    claimed input bytes                             641434320

  Scheduler counters
    scheduler_next calls                                   52
    RMA ticket attempts                                    79
    attempts against another rank's queue                  75
    tickets beyond the final chunk                         28
    empty aligned chunks                                    0

  Scheduler timing
    MPI_Win_create (setup)                       0.002372 s  (1 calls,  2372.121 us/call)
    MPI_Barrier after setup                      0.000016 s  (1 calls,    15.951 us/call)
    scheduler_next total                         1.835608 s  (52 calls, 35300.158 us/call)
      RMA ticket path total                        1.835420 s  (79 calls, 23233.163 us/call)
        MPI_Win_lock                                 0.000214 s  (79 calls,     2.713 us/call)
        MPI_Fetch_and_op                             0.002748 s  (79 calls,    34.783 us/call)
        MPI_Win_unlock                               1.832327 s  (79 calls, 23194.012 us/call)
        RMA call overhead (derived)                  0.000131 s  (79 calls,     1.655 us/call)
      align nominal offsets to FASTQ records       0.000046 s  (51 calls,     0.911 us/call)
      scheduler loop/bookkeeping (derived)         0.000142 s  (52 calls,     2.728 us/call)

  Scheduler teardown timing
    MPI_Barrier (wait for other ranks)           0.001957 s  (1 calls,  1957.218 us/call)
    MPI_Win_free                                 0.000065 s  (1 calls,    65.400 us/call)

  Stage 2 by chunk
    completed chunks                                       51
    accumulated stage 2                            173.894898 s
    average stage 2 per chunk                        3.409704 s
    slowest chunk                                         579
    slowest chunk stage 2                            7.147441 s

    order   chunk  queue        byte range                       bytes      records   stage2(s)
        0       3      3  [    58982756,     78643420)     19660664        52289    5.961882
        1      28      4  [   550502644,    570163464)     19660820        51739    4.949157
        2      53      5  [  1042022764,   1061683204)     19660440        51738    5.553621
        3      78      6  [  1533542504,   1553203324)     19660820        51739    5.064448
        4     103      7  [  2025062624,   2044723444)     19660820        51739    5.134599
        5     128      8  [  2516582744,   2536243564)     19660820        51739    5.159453
        6     153      9  [  3008102484,   3027763304)     19660820        51739    5.146342
        7     178     10  [  3499622604,   3519283424)     19660820        51739    4.915987
        8     203     11  [  3991142528,   4010803568)     19661040        52290    5.130935
        9     228     12  [  4482662532,   4502323352)     19660820        51739    4.946884
       10     253     13  [  4974182652,   4993843472)     19660820        51739    5.171861
       11     278     14  [  5465702772,   5485363212)     19660440        51738    5.016954
       12     303     15  [  5957222512,   5976883332)     19660820        51739    4.966699
       13     328     16  [  6448742632,   6468403452)     19660820        51739    5.721484
       14     353     17  [  6940262752,   6959923572)     19660820        51739    5.064803
       15     378     18  [  7431782492,   7451443312)     19660820        51739    5.002390
       16     403     19  [  7923302676,   7942963340)     19660664        52289    5.085850
       17     428     20  [  8414822420,   8434483240)     19660820        51739    5.016762
       18     453  
  Scheduler timing
8832228)      4915300        12935    1.389216
       30     727      7  [ 13806797148,  13811712068)      4914920        12934    1.387037
       31     752      8  [ 13929676988,  13934592288)      4915300        12935    1.533387
       32     777      9  [ 14052556828,  14057472128)      4915300        12935    1.287528
       33     802     10  [ 14175437048,  14180352348)      4915300        12935    1.476071
       34     827     11  [ 14298316888,  14303232188)      4915300        12935    1.537929
       35     852     12  [ 14421197108,  14426112028)      4914920        12934    1.433548
       36     877     13  [ 14544076948,  14548992248)      4915300        12935    1.393679
       37     902     14  [ 14666957168,  14671872088)      4914920        12934    1.611918
       38     927     15  [ 14789837008,  14794752308)      4915300        12935    1.949672
       39     952     16  [ 14912716848,  14917632148)      4915300        12935    1.355866
       40     977     17  [ 14965555468,  14966784008)      1228540         3233    0.494098
       41    1002     18  [ 14996275428,  14997504348)      1228920         3234    0.519688
       42    1027     19  [ 15026995388,  15028224308)      1228920         3234    0.576384
       43    1052     20  [ 15057715348,  15058944268)      1228920         3234    0.529218
       44    1077     21  [ 15088435308,  15089664228)      1228920         3234    0.512600
       45    1102     22  [ 15119155268,  15120384188)      1228920         3234    0.608189
       46    1127     23  [ 15149875228,  15151104148)      1228920         3234    0.452020
       47    1128      0  [ 15151104148,  15152333068)      1228920         3234    0.539754
       48    1153      1  [ 15181824108,  15182222352)       398244         1048    0.615173
       49    1138     10  [ 15163392208,  15164621128)      1228920         3234    0.652758
==============================================================

   20  [  8886681720,   8906342540)     19660820        51739    4.948232
       19     477     21  [  9378201840,   9397862660)     19660820        51739    5.060109
       20     502     22  [  9869721960,   9889382400)     19660440        51738    4.948100
       21     527     23  [ 10361241700,  10380902520)     19660820        51739    5.060016
       22     528      0  [ 10380902520,  10400563340)     19660820        51739    5.304158
       23     553      1  [ 10872422640,  10892083460)     19660820        51739    5.151198
       24     578      2  [ 11363942760,  11383603200)     19660440        51738    5.123413
       25     603      3  [ 11855462568,  11875123388)     19660820        51739    4.941545
       26     628      4  [ 12346982688,  12366643508)     19660820        51739    4.990780
       27     653      5  [ 12838502428,  12858163248)     19660820        51739    4.979867
       28     678      6  [ 13330022548,  13349683368)     19660820        51739    5.117053
       29     703      7  [ 13688832228,  13693747528)      4915300        12935    1.484675
       30     728      8  [ 13811712068,  13816627368)      4915300        12935    1.524116
       31     753      9  [ 13934592288,  13939507208)      4914920        12934    1.646645
       32     778     10  [ 14057472128,  14062387428)      4915300        12935    1.580779
       33     803     11  [ 14180352348,  14185267268)      4914920        12934    1.532735
       34     828     12  [ 14303232188,  14308147488)      4915300        12935    1.396297
       35     853     13  [ 14426112028,  14431027328)      4915300        12935    1.433801
       36     878     14  [ 14548992248,  14553907548)      4915300        12935    1.387214
       37     903     15  [ 14671872088,  14676787388)      4915300        12935    1.750672
       38     928     16  [ 14794752308,  14799667228)      4914920        12934    1.510901
       39     953     17  [ 14917632148,  14922547448)      4915300        12935    1.434294
       40     978     18  [ 14966784008,  14968012928)      1228920         3234    0.459299
       41    1003     19  [ 14997504348,  14998732888)      1228540         3233    0.594949
       42    1028     20  [ 15028224308,  15029452848)      1228540         3233    0.500344
       43    1053     21  [ 15058944268,  15060172808)      1228540         3233    0.492830
       44    1078     22  [ 15089664228,  15090893148)      1228920         3234    0.469186
       45    1103     23  [ 15120384188,  15121613108)      1228920         3234    0.450634
       46    1104      0  [ 15121613108,  15122841648)      1228540         3233    0.533758
       47    1129      1  [ 15152333068,  15153561608)      1228540         3233    0.526395
       48    1109      5  [ 15127756948,  15128985868)      1228920         3234    0.484531
       49    1064      8  [ 15072460868,  15073689788)      1228920         3234    0.482558
==============================================================

   21  [  8906342540,   8926003360)     19660820        51739    5.018623
       19     478     22  [  9397862660,   9417523480)     19660820        51739    5.107023
       20     503     23  [  9889382400,   9909043220)     19660820        51739    5.071844
       21     504      0  [  9909043220,   9928704040)     19660820        51739    5.360992
       22     529      1  [ 10400563340,  10420224160)     19660820        51739    5.074531
       23     554      2  [ 10892083460,  10911744280)     19660820        51739    5.011213
       24     579      3  [ 11383603200,  11403264132)     19660932        52798    7.147441
       25     604      4  [ 11875123388,  11894784208)     19660820        51739    5.079434
       26     629      5  [ 12366643508,  12386304328)     19660820        51739    5.102909
       27     654      6  [ 12858163248,  12877824068)     19660820        51739    5.097986
       28     679      7  [ 13349683368,  13369344188)     19660820        51739    5.148370
       29     704      8  [ 13693747528,  13698662448)      4914920        12934    1.373187
       30     729      9  [ 13816627368,  13821542668)      4915300        12935    1.444326
       31     754     10  [ 13939507208,  13944422508)      4915300        12935    1.450806
       32     779     11  [ 14062387428,  14067302728)      4915300        12935    1.339702
       33     804     12  [ 14185267268,  14190182568)      4915300        12935    1.521792
       34     829     13  [ 14308147488,  14313062408)      4914920        12934    1.578975
       35     854     14  [ 14431027328,  14435942628)      4915300        12935    1.335703
       36     879     15  [ 14553907548,  14558822468)      4914920        12934    1.374717
       37     904     16  [ 14676787388,  14681702688)      4915300        12935    1.364853
       38     929     17  [ 14799667228,  14804582528)      4915300        12935    1.411390
       39     954     18  [ 14922547448,  14927462748)      4915300        12935    1.427835
       40     979     19  [ 14968012928,  14969241848)      1228920         3234    0.468678
       41     956     20  [ 14932377668,  14937292968)      4915300        12935    1.338503
       42    1029     21  [ 15029452848,  15030681768)      1228920         3234    0.565322
       43    1054     22  [ 15060172808,  15061401728)      1228920         3234    0.652425
       44    1079     23  [ 15090893148,  15092121688)      1228540         3233    0.800255
       45    1080      0  [ 15092121688,  15093350608)      1228920         3234    0.507235
       46    1105      1  [ 15122841648,  15124070568)      1228920         3234    0.475934
       47    1130      2  [ 15153561608,  15154790528)      1228920         3234    0.531355
       48    1132      4  [ 15156019448,  15157248368)      1228920         3234    0.555473
       49    1134      6  [ 15158476908,  15159705828)      1228920         3234    0.474963
       50    1113      9  [ 15132672248,  15133901168)      1228920         3234    0.670992
==============================================================


================ MPI Dynamic Scheduler Debug =================
  MPI rank: 000004 / 000024

  Work summary
    claimed chunks                                         52
    claimed from this rank's queue                          3
    claimed from another rank's queue                      49
    completed FASTQ records                           1703680
    claimed input bytes                             646348116

  Scheduler counters
    scheduler_next calls                                   53
    RMA ticket attempts                                    80
    attempts against another rank's queue                  76
    tickets beyond the final chunk                         28
    empty aligned chunks                                    0

  Scheduler timing
    MPI_Win_create (setup)                       0.002313 s  (1 calls,  2313.270 us/call)
    MPI_Barrier after setup                      0.000016 s  (1 calls,    16.001 us/call)
    scheduler_next total                         1.737516 s  (53 calls, 32783.323 us/call)
      RMA ticket path total                        1.737310 s  (80 calls, 21716.375 us/call)
        MPI_Win_lock                                 0.000225 s  (80 calls,     2.816 us/call)
        MPI_Fetch_and_op                             0.002837 s  (80 calls,    35.464 us/call)
        MPI_Win_unlock                               1.734117 s  (80 calls, 21676.468 us/call)
        RMA call overhead (derived)                  0.000130 s  (80 calls,     1.627 us/call)
      align nominal offsets to FASTQ records       0.000050 s  (52 calls,     0.953 us/call)
      scheduler loop/bookkeeping (derived)         0.000157 s  (53 calls,     2.954 us/call)

  Scheduler teardown timing
    MPI_Barrier (wait for other ranks)           0.001893 s  (1 calls,  1893.317 us/call)
    MPI_Win_free                                 0.000089 s  (1 calls,    89.100 us/call)

  Stage 2 by chunk
    completed chunks                                       52
    accumulated stage 2                            172.493852 s
    average stage 2 per chunk                        3.317189 s
    slowest chunk                                         580
    slowest chunk stage 2                            6.247878 s

    order   chunk  queue        byte range                       bytes      records   stage2(s)
        0       4      4  [    78643420,     98304084)     19660664        52289    5.929586
        1      29      5  [   570163464,    589824284)     19660820        51739    4.974832
        2      54      6  [  1061683204,   1081344024)     19660820        51739    5.256436
        3      79      7  [  1553203324,   1572864144)     19660820        51739    5.003476
        4     104      8  [  2044723444,   2064384264)     19660820        51739    5.015985
        5     129      9  [  2536243564,   2555904004)     19660440        51738    5.103412
        6     154     10  [  3027763304,   3047424124)     19660820        51739    5.164895
        7     179     11  [  3519283424,   3538944244)     19660820        51739    4.944246
        8     204     12  [  4010803568,   4030464232)     19660664        52289    5.296092
        9     229     13  [  4502323352,   4521984172)     19660820        51739    5.105338
       10     254     14  [  4993843472,   5013504292)     19660820        51739    5.106627
       11     279     15  [  5485363212,   5505024032)     19660820        51739    4.910759
       12     304     16  [  5976883332,   5996544152)     19660820        51739    4.960694
       13     329     17  [  6468403452,   6488064272)     19660820        51739    4.995024
       14     354     18  [  6959923572,   6979584012)     19660440        51738    5.106002
       15     379     19  [  7451443312,   7471104132)     19660820        51739    5.030224
       16     404     20  [  7942963340,   7962624004)     19660664        52289    4.961468
       17     429     21  [  8434483240,   8454144060)     19660820        51739    5.356092
       18     454  
================ MPI Dynamic Scheduler Debug =================
  MPI rank: 000005 / 000024

  Work summary
    claimed chunks                                         51
    claimed from this rank's queue                          3
    claimed from another rank's queue                      48
    completed FASTQ records                           1670375
    claimed input bytes                             634062276

  Scheduler counters
    scheduler_next calls                                   52
    RMA ticket attempts                                    77
    attempts against another rank's queue                  73
    tickets beyond the final chunk                         26
    empty aligned chunks                                    0

  Scheduler timing
    MPI_Win_create (setup)                       0.002340 s  (1 calls,  2340.221 us/call)
    MPI_Barrier after setup                      0.000020 s  (1 calls,    19.651 us/call)
    scheduler_next total                         1.636551 s  (52 calls, 31472.139 us/call)
      RMA ticket path total                        1.636292 s  (77 calls, 21250.552 us/call)
        MPI_Win_lock                                 0.000221 s  (77 calls,     2.864 us/call)
        MPI_Fetch_and_op                             0.001561 s  (77 calls,    20.279 us/call)
        MPI_Win_unlock                               1.634387 s  (77 calls, 21225.799 us/call)
        RMA call overhead (derived)                  0.000124 s  (77 calls,     1.610 us/call)
      align nominal offsets to FASTQ records       0.000051 s  (51 calls,     0.995 us/call)
      scheduler loop/bookkeeping (derived)         0.000208 s  (52 calls,     4.000 us/call)

  Scheduler teardown timing
    MPI_Barrier (wait for other ranks)           0.001969 s  (1 calls,  1969.018 us/call)
    MPI_Win_free                                 0.000070 s  (1 calls,    70.350 us/call)

  Stage 2 by chunk
    completed chunks                                       51
    accumulated stage 2                            170.786665 s
    average stage 2 per chunk                        3.348758 s
    slowest chunk                                         581
    slowest chunk stage 2                            6.624902 s

    order   chunk  queue        byte range                       bytes      records   stage2(s)
        0       5      5  [    98304084,    117965124)     19661040        52290    5.857289
        1      30      6  [   589824284,    609485104)     19660820        51739    4.874861
        2      55      7  [  1081344024,   1101004844)     19660820        51739    5.224751
        3      80      8  [  1572864144,   1592524964)     19660820        51739    5.013743
        4     105      9  [  2064384264,   2084045084)     19660820        51739    5.167205
        5     130     10  [  2555904004,   2575564824)     19660820        51739    5.053839
        6     155     11  [  3047424124,   3067084944)     19660820        51739    5.252163
        7     180     12  [  3538944244,   3558605064)     19660820        51739    4.944970
        8     205     13  [  4030464232,   4050124896)     19660664        52289    5.002364
        9     230     14  [  4521984172,   4541644992)     19660820        51739    5.332708
       10     255     15  [  5013504292,   5033165112)     19660820        51739    5.063279
       11     280     16  [  5505024032,   5524684852)     19660820        51739    4.972464
       12     305     17  [  5996544152,   6016204972)     19660820        51739    4.979814
       13     330     18  [  6488064272,   6507725092)     19660820        51739    5.120016
       14     355     19  [  6979584012,   6999244832)     19660820        51739    4.960589
       15     380     20  [  7471104132,   7490764952)     19660820        51739    5.298817
       16     405     21  [  7962624004,   7982285140)     19661136        51853    4.964944
       17     430     22  [  8454144060,   8473804880)     19660820        51739    4.979560
       18     455      MPI_Win_create (setup)                       0.001710 s   22  [  8926003360,   8945664180)     19660820        51739    5.160703
       19     479     23  [  9417523480,   9437184300)     19660820        51739    5.134378
       20     480      0  [  9437184300,   9456845120)     19660820        51739    5.065219
       21     505      1  [  9928704040,   9948364860)     19660820        51739    5.155591
       22     530      2  [ 10420224160,  10439884980)     19660820        51739    4.884958
       23     555      3  [ 10911744280,  10931405100)     19660820        51739    5.092314
       24     580      4  [ 11403264132,  11422925076)     19660944        52852    6.247878
       25     605      5  [ 11894784208,  11914445028)     19660820        51739    4.991955
       26     630      6  [ 12386304328,  12405965148)     19660820        51739    4.940554
       27     655      7  [ 12877824068,  12897484888)     19660820        51739    5.056942
       28     680      8  [ 13369344188,  13389005008)     19660820        51739    4.833633
       29     705      9  [ 13698662448,  13703577748)      4915300        12935    1.298722
       30     706     10  [ 13703577748,  13708493048)      4915300        12935    1.470005
       31     707     11  [ 13708493048,  13713408348)      4915300        12935    1.322925
       32     732     12  [ 13831372888,  13836288188)      4915300        12935    1.461502
       33     757     13  [ 13954253108,  13959168028)      4914920        12934    1.371392
       34     782     14  [ 14077132948,  14082048248)      4915300        12935    1.404546
       35     807     15  [ 14200013168,  14204928088)      4914920        12934    1.622630
       36     832     16  [ 14322893008,  14327808308)      4915300        12935    1.540860
       37     857     17  [ 14445772848,  14450688148)      4915300        12935    1.516336
       38     882     18  [ 14568653068,  14573568368)      4915300        12935    1.416554
       39     907     19  [ 14691532908,  14696448208)      4915300        12935    1.337219
       40     932     20  [ 14814413128,  14819328048)      4914920        12934    1.332029
       41     957     21  [ 14937292968,  14942208268)      4915300        12935    1.328108
       42    1006     22  [ 15001190728,  15002419268)      1228540         3233    0.558286
       43    1031     23  [ 15031910688,  15033139228)      1228540         3233    0.563341
       44    1032      0  [ 15033139228,  15034368148)      1228920         3234    0.452286
       45    1033      1  [ 15034368148,  15035597068)      1228920         3234    0.546819
       46    1034      2  [ 15035597068,  15036825608)      1228540         3233    0.542760
       47    1035      3  [ 15036825608,  15038054528)      1228920         3234    0.455604
       48     988      4  [ 14979072068,  14980300988)      1228920         3234    0.608562
       49    1037      5  [ 15039283448,  15040512368)      1228920         3234    0.463910
       50    1039      7  [ 15041740908,  15042969828)      1228920         3234    0.503584
       51    1139     11  [ 15164621128,  15165849668)      1228540         3233    0.590558
==============================================================

   23  [  8945664180,   8965325000)     19660820        51739    5.063843
       19     456      0  [  8965325000,   8984985820)     19660820        51739    5.077956
       20     481      1  [  9456845120,   9476505940)     19660820        51739    5.151623
       21     506      2  [  9948364860,   9968025680)     19660820        51739    5.273058
       22     531      3  [ 10439884980,  10459545800)     19660820        51739    5.011804
       23     556      4  [ 10931405100,  10951065920)     19660820        51739    5.205432
       24     581      5  [ 11422925076,  11442585872)     19660796        52315    6.624902
       25     606      6  [ 11914445028,  11934105848)     19660820        51739    5.190792
       26     631      7  [ 12405965148,  12425625968)     19660820        51739    5.434850
       27     656      8  [ 12897484888,  12917145708)     19660820        51739    5.042935
       28     681      9  [ 13389005008,  13408665828)     19660820        51739    5.249640
       29     730     10  [ 13821542668,  13826457968)      4915300        12935    1.388007
       30     755     11  [ 13944422508,  13949337808)      4915300        12935    1.480169
       31     780     12  [ 14067302728,  14072217648)      4914920        12934    1.295881
       32     805     13  [ 14190182568,  14195097868)      4915300        12935    1.399356
       33     830     14  [ 14313062408,  14317977708)      4915300        12935    1.379460
       34     831     15  [ 14317977708,  14322893008)      4915300        12935    1.395819
       35     856     16  [ 14440857928,  14445772848)      4914920        12934    1.441508
       36     905     17  [ 14681702688,  14686617608)      4914920        12934    1.362347
       37     906     18  [ 14686617608,  14691532908)      4915300        12935    1.503844
       38     931     19  [ 14809497828,  14814413128)      4915300        12935    1.382882
       39     980     20  [ 14969241848,  14970470768)      1228920         3234    0.656093
       40     981     21  [ 14970470768,  14971699308)      1228540         3233    0.499545
       41     982     22  [ 14971699308,  14972928228)      1228920         3234    0.612052
       42    1007     23  [ 15002419268,  15003648188)      1228920         3234    0.549870
       43    1008      0  [ 15003648188,  15004877108)      1228920         3234    0.524638
       44     985      1  [ 14975385688,  14976614608)      1228920         3234    0.513837
       45     962      2  [ 14947123568,  14948352108)      1228540         3233    0.554493
       46     963      3  [ 14948352108,  14949581028)      1228920         3234    0.475588
       47     964      4  [ 14949581028,  14950809948)      1228920         3234    0.463184
       48     989      5  [ 14980300988,  14981529908)      1228920         3234    0.429592
       49    1014      6  [ 15011020948,  15012249868)      1228920         3234    0.501456
       50    1089      9  [ 15103180828,  15104409748)      1228920         3234    0.586833
==============================================================

  (1 calls,  1692.316 us/call)  (1 calls,  1709.758 us/call)

    MPI_Barrier after setup                      0.000016 s  (1 calls,    15.800 us/call)
    scheduler_next total                         1.925716 s  (49 calls, 39300.334 us/call)
      RMA ticket path total                        1.925527 s  (75 calls, 25673.699 us/call)
        MPI_Win_lock                                 0.000210 s  (75 calls,     2.802 us/call)
        MPI_Fetch_and_op                             0.001523 s  (75 calls,    20.313 us/call)
        MPI_Win_unlock                               1.923681 s  (75 calls, 25649.076 us/call)
        RMA call overhead (derived)                  0.000113 s  (75 calls,     1.508 us/call)
      align nominal offsets to FASTQ records       0.000048 s  (48 calls,     0.993 us/call)
      scheduler loop/bookkeeping (derived)         0.000141 s  (49 calls,     2.884 us/call)

  Scheduler teardown timing
    MPI_Barrier (wait for other ranks)           0.001014 s  (1 calls,  1013.609 us/call)
    MPI_Win_free                                 0.000090 s  (1 calls,    89.651 us/call)

  Stage 2 by chunk
    completed chunks                                       48
    accumulated stage 2                            167.810243 s
    average stage 2 per chunk                        3.496047 s
    slowest chunk                                         582
    slowest chunk stage 2                            6.225339 s

    order   chunk  queue        byte range                       bytes      records   stage2(s)
        0       6      6  [   117965124,    137625788)     19660664        52289    5.008726
        1      31      7  [   609485104,    629145924)     19660820        51739    5.205811
        2      56      8  [  1101004844,   1120665664)     19660820        51739    5.226770
        3      81      9  [  1592524964,   1612185784)     19660820        51739    4.927504
        4     106     10  [  2084045084,   2103705904)     19660820        51739    4.970271
        5     131     11  [  2575564824,   2595225644)     19660820        51739    5.633496
        6     156     12  [  3067084944,   3086745764)     19660820        51739    5.062057
        7     181     13  [  3558605064,   3578265884)     19660820        51739    5.121693
        8     206     14  [  4050124896,   4069785936)     19661040        52290    5.311386
        9     231     15  [  4541644992,   4561305812)     19660820        51739    5.024085
       10     256     16  [  5033165112,   5052825932)     19660820        51739    5.096275
       11     281     17  [  5524684852,   5544345672)     19660820        51739    4.931067
       12     306     18  [  6016204972,   6035865792)     19660820        51739    5.079781
       13     331     19  [  6507725092,   6527385912)     19660820        51739    5.133401
       14     356     20  [  6999244832,   7018905652)     19660820        51739    5.342346
       15     381     21  [  7490764952,   7510425772)     19660820        51739    5.015057
       16     406     22  [  7982285140,   8001945960)     19660820        51739    5.167925
       17     431     23  [  8473804880,   8493465700)     19660820        51739    5.017447
       18     432      0  [  8493465700,   8513126520)     19660820        51739    5.049717
       19     457      1  [  8984985820,   9004646640)     19660820        51739    5.020468
       20     482      2  [  9476505940,   9496166760)     19660820        51739    5.027339
       21     507      3  [  9968025680,   9987686500)     19660820        51739    4.982638
       22     532      4  [ 10459545800,  10479206620)     19660820        51739    5.170690
       23     557      5  [ 10951065920,  10970726740)     19660820        51739    4.956873
       24     582      6  [ 11442585872,  11462246536)     19660664        52289    6.225339
       25     607      7  [ 11934105848,  11953766668)     19660820        51739    4.987424
       26     632      8  [ 12425625968,  12445286408)     19660440        51738    5.196276
       27     657      9  [ 12917145708,  129368065
================ MPI Dynamic Scheduler Debug =================
  MPI rank: 000007 / 000024

  Work summary
    claimed chunks                                         48
    claimed from this rank's queue                          2
    claimed from another rank's queue                      46
    completed FASTQ records                           1670229
    claimed input bytes                             634059552

  Scheduler counters
    scheduler_next calls                                   49
    RMA ticket attempts                                    74
    attempts against another rank's queue                  70
    tickets beyond the final chunk                         26
    empty aligned chunks                                    0

  Scheduler timing
    MPI_Win_create (setup)                       0.002136 s  (1 calls,  2136.320 us/call)
    MPI_Barrier after setup                      0.000015 s  (1 calls,    14.600 us/call)
    scheduler_next total                         1.900575 s  (49 calls, 38787.250 us/call)
      RMA ticket path total                        1.900393 s  (74 calls, 25680.992 us/call)
        MPI_Win_lock                                 0.000204 s  (74 calls,     2.760 us/call)
        MPI_Fetch_and_op                             0.001825 s  (74 calls,    24.658 us/call)
        MPI_Win_unlock                               1.898246 s  (74 calls, 25651.970 us/call)
        RMA call overhead (derived)                  0.000119 s  (74 calls,     1.603 us/call)
      align nominal offsets to FASTQ records       0.000047 s  (48 calls,     0.981 us/call)
      scheduler loop/bookkeeping (derived)         0.000135 s  (49 calls,     2.750 us/call)

  Scheduler teardown timing
    MPI_Barrier (wait for other ranks)           0.002199 s  (1 calls,  2198.670 us/call)
    MPI_Win_free                                 0.000065 s  (1 calls,    65.051 us/call)

  Stage 2 by chunk
    completed chunks                                       48
    accumulated stage 2                            168.712606 s
    average stage 2 per chunk                        3.514846 s
    slowest chunk                                         583
    slowest chunk stage 2                            5.912838 s

    order   chunk  queue        byte range                       bytes      records   stage2(s)
        0       7      7  [   137625788,    157286452)     19660664        52289    5.296807
        1      32      8  [   629145924,    648806744)     19660820        51739    4.905471
        2      57      9  [  1120665664,   1140326484)     19660820        51739    5.069677
        3      82     10  [  1612185784,   1631846604)     19660820        51739    5.098331
        4     107     11  [  2103705904,   2123366724)     19660820        51739    5.035114
        5     132     12  [  2595225644,   2614886464)     19660820        51739    5.166583
        6     157     13  [  3086745764,   3106406584)     19660820        51739    5.033595
        7     182     14  [  3578265884,   3597926704)     19660820        51739    5.122485
        8     207     15  [  4069785936,   4089446600)     19660664        52289    5.200015
        9     232     16  [  4561305812,   4580966632)     19660820        51739    5.578111
       10     257     17  [  5052825932,   5072486752)     19660820        51739    5.120057
       11     282     18  [  5544345672,   5564006492)     19660820        51739    4.985578
       12     307     19  [  6035865792,   6055526612)     19660820        51739    5.188042
       13     332     20  [  6527385912,   6547046732)     19660820        51739    4.982264
       14     357     21  [  7018905652,   7038566472)     19660820        51739    5.015714
       15     382     22  [  7510425772,   7530086592)     19660820        51739    5.039986
       16     407     23  [  8001945960,   8021606400)     19660440        51738    5.008709
       17     408      0  [  8021606400,   8041267220)     19660820        51739    5.366575
       18     433  
================ MPI Dynamic Scheduler Debug =================
  MPI rank: 000008 / 000024

  Work summary
    claimed chunks                                         48
    claimed from this rank's queue                          2
    claimed from another rank's queue                      46
    completed FASTQ records                           1670232
    claimed input bytes                             634060684

  Scheduler counters
    scheduler_next calls                                   49
    RMA ticket attempts                                    75
    attempts against another rank's queue                  71
    tickets beyond the final chunk                         27
    empty aligned chunks                                    0

  Scheduler timing
    MPI_Win_create (setup)                       0.002116 s  (1 calls,  2115.669 us/call)
    MPI_Barrier after setup                      0.000016 s  (1 calls,    15.800 us/call)
    scheduler_next total                         1.567482 s  (49 calls, 31989.427 us/call)
      RMA ticket path total                        1.567286 s  (75 calls, 20897.147 us/call)
        MPI_Win_lock                                 0.000205 s  (75 calls,     2.727 us/call)
        MPI_Fetch_and_op                             0.001623 s  (75 calls,    21.638 us/call)
        MPI_Win_unlock                               1.565338 s  (75 calls, 20871.177 us/call)
        RMA call overhead (derived)                  0.000120 s  (75 calls,     1.606 us/call)
      align nominal offsets to FASTQ records       0.000051 s  (48 calls,     1.063 us/call)
      scheduler loop/bookkeeping (derived)         0.000145 s  (49 calls,     2.957 us/call)

  Scheduler teardown timing
    MPI_Barrier (wait for other ranks)           0.001912 s  (1 calls,  1911.717 us/call)
    MPI_Win_free                                 0.000082 s  (1 calls,    82.351 us/call)

  Stage 2 by chunk
    completed chunks                                       48
    accumulated stage 2                            168.808520 s
    average stage 2 per chunk                        3.516844 s
    slowest chunk                                         584
    slowest chunk stage 2                            5.935399 s

    order   chunk  queue        byte range                       bytes      records   stage2(s)
        0       8      8  [   157286452,    176947492)     19661040        52290    4.992024
        1      33      9  [   648806744,    668467564)     19660820        51739    5.098342
        2      58     10  [  1140326484,   1159987304)     19660820        51739    5.289226
        3      83     11  [  1631846604,   1651507424)     19660820        51739    4.885430
        4     108     12  [  2123366724,   2143027544)     19660820        51739    4.996692
        5     133     13  [  2614886464,   2634547284)     19660820        51739    4.881707
        6     158     14  [  3106406584,   3126067404)     19660820        51739    5.195975
        7     183     15  [  3597926704,   3617587524)     19660820        51739    5.043522
        8     208     16  [  4089446600,   4109107264)     19660664        52289    5.005345
        9     233     17  [  4580966632,   4600627452)     19660820        51739    5.066523
       10     258     18  [  5072486752,   5092147572)     19660820        51739    5.556730
       11     283     19  [  5564006492,   5583667312)     19660820        51739    5.035276
       12     308     20  [  6055526612,   6075187432)     19660820        51739    5.111478
       13     333     21  [  6547046732,   6566707552)     19660820        51739    5.010388
       14     358     22  [  7038566472,   7058227292)     19660820        51739    5.108953
       15     383     23  [  7530086592,   7549747412)     19660820        51739    5.137202
       16     384      0  [  7549747412,   7569408232)     19660820        51739    5.037201
       17     409      1  [  8041267220,   8060928040)     19660820        51739    4.948972
       18     434  28)     19660820        51739    5.100043
       28     682     10  [ 13408665828,  13428326648)     19660820        51739    4.951711
       29     731     11  [ 13826457968,  13831372888)      4914920        12934    1.536367
       30     756     12  [ 13949337808,  13954253108)      4915300        12935    1.493390
       31     781     13  [ 14072217648,  14077132948)      4915300        12935    1.542505
       32     806     14  [ 14195097868,  14200013168)      4915300        12935    1.537829
       33     855     15  [ 14435942628,  14440857928)      4915300        12935    1.376512
       34     880     16  [ 14558822468,  14563737768)      4915300        12935    1.498697
       35     881     17  [ 14563737768,  14568653068)      4915300        12935    1.453146
       36     930     18  [ 14804582528,  14809497828)      4915300        12935    1.609642
       37     955     19  [ 14927462748,  14932377668)      4914920        12934    1.384339
       38    1004     20  [ 14998732888,  14999961808)      1228920         3234    0.642389
       39    1005     21  [ 14999961808,  15001190728)      1228920         3234    0.511812
       40    1030     22  [ 15030681768,  15031910688)      1228920         3234    0.676060
       41    1055     23  [ 15061401728,  15062630648)      1228920         3234    0.616459
       42    1056      0  [ 15062630648,  15063859568)      1228920         3234    0.536894
       43    1081      1  [ 15093350608,  15094579528)      1228920         3234    0.477899
       44    1106      2  [ 15124070568,  15125299488)      1228920         3234    0.446388
       45    1131      3  [ 15154790528,  15156019448)      1228920         3234    0.458098
       46    1110      6  [ 15128985868,  15130214408)      1228540         3233    0.533888
       47    1136      8  [ 15160934748,  15162163288)      1228540         3233    0.534312
==============================================================

    1  [  8513126520,   8532787340)     19660820        51739    4.922491
       19     458      2  [  9004646640,   9024307460)     19660820        51739    5.042885
       20     483      3  [  9496166760,   9515827200)     19660440        51738    4.914943
       21     508      4  [  9987686500,  10007347320)     19660820        51739    5.064966
       22     533      5  [ 10479206620,  10498867440)     19660820        51739    4.963790
       23     558      6  [ 10970726740,  10990387560)     19660820        51739    5.163979
       24     583      7  [ 11462246536,  11481907200)     19660664        52289    5.912838
       25     608      8  [ 11953766668,  11973427488)     19660820        51739    4.893414
       26     633      9  [ 12445286408,  12464947228)     19660820        51739    5.060099
       27     658     10  [ 12936806528,  12956467348)     19660820        51739    5.040533
       28     683     11  [ 13428326648,  13447987468)     19660820        51739    4.972921
       29     708     12  [ 13713408348,  13718323268)      4914920        12934    1.639090
       30     733     13  [ 13836288188,  13841203488)      4915300        12935    1.526149
       31     758     14  [ 13959168028,  13964083328)      4915300        12935    1.446322
       32     783     15  [ 14082048248,  14086963548)      4915300        12935    1.448588
       33     808     16  [ 14204928088,  14209843388)      4915300        12935    1.500088
       34     833     17  [ 14327808308,  14332723228)      4914920        12934    1.353508
       35     858     18  [ 14450688148,  14455603448)      4915300        12935    1.714892
       36     883     19  [ 14573568368,  14578483288)      4914920        12934    1.365945
       37     908     20  [ 14696448208,  14701363508)      4915300        12935    1.556593
       38     933     21  [ 14819328048,  14824243348)      4915300        12935    1.403109
       39     958     22  [ 14942208268,  14943436808)      1228540         3233    0.442498
       40     983     23  [ 14972928228,  14974157148)      1228920         3234    0.547065
       41     960      0  [ 14944665728,  14945894648)      1228920         3234    0.570726
       42     937      1  [ 14838988868,  14843904168)      4915300        12935    1.412024
       43    1082      2  [ 15094579528,  15095808068)      1228540         3233    0.479470
       44    1107      3  [ 15125299488,  15126528028)      1228540         3233    0.503987
       45    1108      4  [ 15126528028,  15127756948)      1228920         3234    0.553248
       46    1062      6  [ 15070003408,  15071232328)      1228920         3234    0.544386
       47    1088      8  [ 15101952288,  15103180828)      1228540         3233    0.538944
==============================================================

    2  [  8532787340,   8552448160)     19660820        51739    5.321124
       19     459      3  [  9024307460,   9043968280)     19660820        51739    5.008650
       20     484      4  [  9515827200,   9535488020)     19660820        51739    5.033838
       21     509      5  [ 10007347320,  10027008140)     19660820        51739    5.157431
       22     534      6  [ 10498867440,  10518528260)     19660820        51739    4.971622
       23     559      7  [ 10990387560,  11010048000)     19660440        51738    5.065243
       24     584      8  [ 11481907200,  11501568240)     19661040        52290    5.935399
       25     609      9  [ 11973427488,  11993088308)     19660820        51739    4.889608
       26     634     10  [ 12464947228,  12484608048)     19660820        51739    5.243518
       27     659     11  [ 12956467348,  12976128168)     19660820        51739    5.151354
       28     684     12  [ 13447987468,  13467648288)     19660820        51739    5.051754
       29     709     13  [ 13718323268,  13723238568)      4915300        12935    1.542827
       30     734     14  [ 13841203488,  13846118408)      4914920        12934    1.456569
       31     759     15  [ 13964083328,  13968998628)      4915300        12935    1.511146
       32     784     16  [ 14086963548,  14091878468)      4914920        12934    1.557449
       33     809     17  [ 14209843388,  14214758688)      4915300        12935    1.435938
       34     834     18  [ 14332723228,  14337638528)      4915300        12935    1.414938
       35     859     19  [ 14455603448,  14460518748)      4915300        12935    1.621866
       36     884     20  [ 14578483288,  14583398588)      4915300        12935    1.387790
       37     909     21  [ 14701363508,  14706278428)      4914920        12934    1.444017
       38     934     22  [ 14824243348,  14829158648)      4915300        12935    1.416810
       39     959     23  [ 14943436808,  14944665728)      1228920         3234    0.656130
       40     912      0  [ 14716109028,  14721024328)      4915300        12935    1.532253
       41    1009      1  [ 15004877108,  15006105648)      1228540         3233    0.581936
       42    1010      2  [ 15006105648,  15007334568)      1228920         3234    0.514049
       43     987      3  [ 14977843528,  14979072068)      1228540         3233    0.478329
       44    1036      4  [ 15038054528,  15039283448)      1228920         3234    0.605639
       45    1085      5  [ 15098265908,  15099494448)      1228540         3233    0.445795
       46    1087      7  [ 15100723368,  15101952288)      1228920         3234    0.536501
       47    1114     10  [ 15133901168,  15135129708)      1228540         3233    0.438012
==============================================================


================ MPI Dynamic Scheduler Debug =================
  MPI rank: 000009 / 000024

  Work summary
    claimed chunks                                         46
    claimed from this rank's queue                          2
    claimed from another rank's queue                      44
    completed FASTQ records                           1663765
    claimed input bytes                             631603228

  Scheduler counters
    scheduler_next calls                                   47
    RMA ticket attempts                                    72
    attempts against another rank's queue                  69
    tickets beyond the final chunk                         26
    empty aligned chunks                                    0

  Scheduler timing
    MPI_Win_create (setup)                       0.001881 s  (1 calls,  1881.067 us/call)
    MPI_Barrier after setup                      0.000017 s  (1 calls,    17.300 us/call)
    scheduler_next total                         2.100535 s  (47 calls, 44692.238 us/call)
      RMA ticket path total                        2.100361 s  (72 calls, 29171.683 us/call)
        MPI_Win_lock                                 0.000199 s  (72 calls,     2.764 us/call)
        MPI_Fetch_and_op                             0.001466 s  (72 calls,    20.365 us/call)
        MPI_Win_unlock                               2.098583 s  (72 calls, 29146.993 us/call)
        RMA call overhead (derived)                  0.000112 s  (72 calls,     1.561 us/call)
      align nominal offsets to FASTQ records       0.000048 s  (46 calls,     1.038 us/call)
      scheduler loop/bookkeeping (derived)         0.000126 s  (47 calls,     2.686 us/call)

  Scheduler teardown timing
    MPI_Barrier (wait for other ranks)           0.001922 s  (1 calls,  1922.417 us/call)
    MPI_Win_free                                 0.000071 s  (1 calls,    71.151 us/call)

  Stage 2 by chunk
    completed chunks                                       46
    accumulated stage 2                            167.616835 s
    average stage 2 per chunk                        3.643844 s
    slowest chunk                                         385
    slowest chunk stage 2                            5.342567 s

    order   chunk  queue        byte range                       bytes      records   stage2(s)
        0       9      9  [   176947492,    196608156)     19660664        52289    5.138892
        1      34     10  [   668467564,    688128004)     19660440        51738    5.147990
        2      59     11  [  1159987304,   1179648124)     19660820        51739    5.062485
        3      84     12  [  1651507424,   1671168244)     19660820        51739    4.991963
        4     109     13  [  2143027544,   2162688364)     19660820        51739    5.062732
        5     134     14  [  2634547284,   2654208104)     19660820        51739    5.123145
        6     159     15  [  3126067404,   3145728224)     19660820        51739    5.063250
        7     184     16  [  3617587524,   3637248344)     19660820        51739    5.219424
        8     209     17  [  4109107264,   4128768304)     19661040        52290    5.315440
        9     234     18  [  4600627452,   4620288272)     19660820        51739    5.076292
       10     259     19  [  5092147572,   5111808012)     19660440        51738    4.893888
       11     284     20  [  5583667312,   5603328132)     19660820        51739    5.086112
       12     309     21  [  6075187432,   6094848252)     19660820        51739    5.165799
       13     334     22  [  6566707552,   6586368372)     19660820        51739    5.128441
       14     359     23  [  7058227292,   7077888112)     19660820        51739    4.916898
       15     360      0  [  7077888112,   7097548932)     19660820        51739    5.024740
       16     385      1  [  7569408232,   7589069052)     19660820        51739    5.342567
       17     410      2  [  8060928040,   8080588860)     19660820        51739    5.171653
       18     435      3  [  8552448160,   8572108980)     19660820        51739    4.984876
       19     460      4  [  9043968280,   9063629100)     19660820        51739    5.130043
       20     485      5  [  9535488020,   9555148840)     19660820        51739    5.053204
       21     510      6  [ 10027008140,  10046668960)     19660820        51739    5.074409
       22     535      7  [ 10518528260,  10538189080)     19660820        51739    5.112861
       23     560      8  [ 11010048000,  11029708820)     19660820        51739    5.056219
       24     585      9  [ 11501568240,  11521228904)     19660664        52289    5.135110
       25     610     10  [ 11993088308,  12012749128)     19660820        51739    5.284030
       26     635     11  [ 12484608048,  12504268868)     19660820        51739    5.157970
       27     660     12  [ 12976128168,  12995788988)     19660820        51739    5.003478
       28     685     13  [ 13467648288,  13487309108)     19660820        51739    5.122723
       29     710     14  [ 13723238568,  13728153868)      4915300        12935    1.495944
       30     735     15  [ 13846118408,  13851033708)      4915300        12935    1.592767
       31     736     16  [ 13851033708,  13855949008)      4915300        12935    1.332905
       32     761     17  [ 13973913928,  13978828848)      4914920        12934    1.863824
       33     786     18  [ 14096793768,  14101709068)      4915300        12935    1.438338
       34     811     19  [ 14219673608,  14224588908)      4915300        12935    1.346253
       35     836     20  [ 14342553828,  14347469128)      4915300        12935    1.527922
       36     885     21  [ 14583398588,  14588313888)      4915300        12935    1.505373
       37     910     22  [ 14706278428,  14711193728)      4915300        12935    1.511731
       38     935     23  [ 14829158648,  14834073948)      4915300        12935    1.367827
       39     936      0  [ 14834073948,  14838988868)      4914920        12934    1.499252
       40    1057      1  [ 15063859568,  15065088108)      1228540         3233    0.484472
       41    1058      2  [ 15065088108,  15066317028)      1228920         3234    0.612971
       42    1083      3  [ 15095808068,  15097036988)      1228920         3234    0.544705
       43    1084      4  [ 15097036988,  15098265908)      1228920         3234    0.516862
       44    1133      5  [ 15157248368,  15158476908)      1228540         3233    0.457073
       45    1112      8  [ 15131443328,  15132672248)      1228920         3234    0.471982
==============================================================


================ MPI Dynamic Scheduler Debug =================
  MPI rank: 000010 / 000024

  Work summary
    claimed chunks                                         46
    claimed from this rank's queue                          2
    claimed from another rank's queue                      44
    completed FASTQ records                           1655179
    claimed input bytes                             627916280

  Scheduler counters
    scheduler_next calls                                   47
    RMA ticket attempts                                    70
    attempts against another rank's queue                  67
    tickets beyond the final chunk                         24
    empty aligned chunks                                    0

  Scheduler timing
    MPI_Win_create (setup)                       0.001999 s  (1 calls,  1998.518 us/call)
    MPI_Barrier after setup                      0.000018 s  (1 calls,    17.650 us/call)
    scheduler_next total                         2.083559 s  (47 calls, 44331.034 us/call)
      RMA ticket path total                        2.083379 s  (70 calls, 29762.563 us/call)
        MPI_Win_lock                                 0.000200 s  (70 calls,     2.856 us/call)
        MPI_Fetch_and_op                             0.001174 s  (70 calls,    16.768 us/call)
        MPI_Win_unlock                               2.081890 s  (70 calls, 29741.279 us/call)
        RMA call overhead (derived)                  0.000116 s  (70 calls,     1.659 us/call)
      align nominal offsets to FASTQ records       0.000044 s  (46 calls,     0.949 us/call)
      scheduler loop/bookkeeping (derived)         0.000136 s  (47 calls,     2.884 us/call)

  Scheduler teardown timing
    MPI_Barrier (wait for other ranks)           0.127348 s  (1 calls, 127347.951 us/call)
    MPI_Win_free                                 0.000082 s  (1 calls,    82.101 us/call)

  Stage 2 by chunk
    completed chunks                                       46
    accumulated stage 2                            168.138359 s
    average stage 2 per chunk                        3.655182 s
    slowest chunk                                         386
    slowest chunk stage 2                            7.058018 s

    order   chunk  queue        byte range                       bytes      records   stage2(s)
        0      10     10  [   196608156,    216268820)     19660664        52289    5.333816
        1      35     11  [   688128004,    707788824)     19660820        51739    4.852417
        2      60     12  [  1179648124,   1199308944)     19660820        51739    5.235864
        3      85     13  [  1671168244,   1690829064)     19660820        51739    5.007014
        4     110     14  [  2162688364,   2182348804)     19660440        51738    5.207605
        5     135     15  [  2654208104,   2673868924)     19660820        51739    5.480502
        6     160     16  [  3145728224,   3165389044)     19660820        51739    4.999612
        7     185     17  [  3637248344,   3656909164)     19660820        51739    5.016257
        8     210     18  [  4128768304,   4148428968)     19660664        52289    5.420511
        9     235     19  [  4620288272,   4639949092)     19660820        51739    4.950646
       10     260     20  [  5111808012,   5131468832)     19660820        51739    5.080831
       11     285     21  [  5603328132,   5622988952)     19660820        51739    4.999421
       12     310     22  [  6094848252,   6114509072)     19660820        51739    5.026110
       13     335     23  [  6586368372,   6606028812)     19660440        51738    5.060696
       14     336      0  [  6606028812,   6625689632)     19660820        51739    5.086403
       15     361      1  [  7097548932,   7117209752)     19660820        51739    5.045730
       16     386      2  [  7589069052,   7608729684)     19660632        52855    7.058018
       17     411      3  [  8080588860,   8100249680)     19660820        51739    5.010609
       18     436 
================ MPI Dynamic Scheduler Debug =================
  MPI rank: 000011 / 000024

  Work summary
    claimed chunks                                         44
    claimed from this rank's queue                          2
    claimed from another rank's queue                      42
    completed FASTQ records                           1658407
    claimed input bytes                             629145724

  Scheduler counters
    scheduler_next calls                                   45
    RMA ticket attempts                                    71
    attempts against another rank's queue                  68
    tickets beyond the final chunk                         27
    empty aligned chunks                                    0

  Scheduler timing
    MPI_Win_create (setup)                       0.001850 s  (1 calls,  1849.667 us/call)
    MPI_Barrier after setup                      0.000018 s  (1 calls,    17.800 us/call)
    scheduler_next total                         1.606666 s  (45 calls, 35703.686 us/call)
      RMA ticket path total                        1.606492 s  (71 calls, 22626.650 us/call)
        MPI_Win_lock                                 0.000195 s  (71 calls,     2.746 us/call)
        MPI_Fetch_and_op                             0.001035 s  (71 calls,    14.576 us/call)
        MPI_Win_unlock                               1.605152 s  (71 calls, 22607.780 us/call)
        RMA call overhead (derived)                  0.000110 s  (71 calls,     1.549 us/call)
      align nominal offsets to FASTQ records       0.000044 s  (44 calls,     1.009 us/call)
      scheduler loop/bookkeeping (derived)         0.000129 s  (45 calls,     2.873 us/call)

  Scheduler teardown timing
    MPI_Barrier (wait for other ranks)           0.001821 s  (1 calls,  1820.767 us/call)
    MPI_Win_free                                 0.000066 s  (1 calls,    66.451 us/call)

  Stage 2 by chunk
    completed chunks                                       44
    accumulated stage 2                            167.439286 s
    average stage 2 per chunk                        3.805438 s
    slowest chunk                                         387
    slowest chunk stage 2                            6.262499 s

    order   chunk  queue        byte range                       bytes      records   stage2(s)
        0      11     11  [   216268820,    235929860)     19661040        52290    5.192563
        1      36     12  [   707788824,    727449644)     19660820        51739    5.076772
        2      61     13  [  1199308944,   1218969764)     19660820        51739    5.192872
        3      86     14  [  1690829064,   1710489884)     19660820        51739    4.834139
        4     111     15  [  2182348804,   2202009624)     19660820        51739    4.945820
        5     136     16  [  2673868924,   2693529744)     19660820        51739    4.979277
        6     161     17  [  3165389044,   3185049864)     19660820        51739    5.293630
        7     186     18  [  3656909164,   3676569604)     19660440        51738    4.975829
        8     211     19  [  4148428968,   4168089632)     19660664        52289    4.901690
        9     236     20  [  4639949092,   4659609912)     19660820        51739    5.416831
       10     261     21  [  5131468832,   5151129652)     19660820        51739    5.219606
       11     286     22  [  5622988952,   5642649772)     19660820        51739    4.986473
       12     311     23  [  6114509072,   6134169892)     19660820        51739    5.105621
       13     312      0  [  6134169892,   6153830712)     19660820        51739    5.288911
       14     337      1  [  6625689632,   6645350452)     19660820        51739    4.991315
       15     362      2  [  7117209752,   7136870572)     19660820        51739    5.252138
       16     387      3  [  7608729684,   7628390460)     19660776        52848    6.262499
       17     412      4  [  8100249680,   8119910500)     19660820        51739    5.093365
       18     437       4  [  8572108980,   8591769800)     19660820        51739    5.109816
       19     461      5  [  9063629100,   9083289920)     19660820        51739    5.152597
       20     486      6  [  9555148840,   9574809660)     19660820        51739    5.017580
       21     511      7  [ 10046668960,  10066329780)     19660820        51739    5.098864
       22     536      8  [ 10538189080,  10557849900)     19660820        51739    5.098976
       23     561      9  [ 11029708820,  11049369640)     19660820        51739    4.993189
       24     586     10  [ 11521228904,  11540889944)     19661040        52290    5.150417
       25     611     11  [ 12012749128,  12032409948)     19660820        51739    4.955651
       26     636     12  [ 12504268868,  12523929688)     19660820        51739    5.108152
       27     661     13  [ 12995788988,  13015449808)     19660820        51739    5.202103
       28     686     14  [ 13487309108,  13506969928)     19660820        51739    4.940079
       29     711     15  [ 13728153868,  13733069168)      4915300        12935    1.653141
       30     760     16  [ 13968998628,  13973913928)      4915300        12935    1.459284
       31     785     17  [ 14091878468,  14096793768)      4915300        12935    1.738071
       32     810     18  [ 14214758688,  14219673608)      4914920        12934    1.503533
       33     835     19  [ 14337638528,  14342553828)      4915300        12935    1.396317
       34     860     20  [ 14460518748,  14465433668)      4914920        12934    1.379508
       35     861     21  [ 14465433668,  14470348968)      4915300        12935    1.385026
       36     886     22  [ 14588313888,  14593228808)      4914920        12934    1.462404
       37     911     23  [ 14711193728,  14716109028)      4915300        12935    1.474121
       38     984      0  [ 14974157148,  14975385688)      1228540         3233    0.610268
       39     961      1  [ 14945894648,  14947123568)      1228920         3234    0.511029
       40     938      2  [ 14843904168,  14848819468)      4915300        12935    1.343376
       41    1011      3  [ 15007334568,  15008563488)      1228920         3234    0.511849
       42    1012      4  [ 15008563488,  15009792028)      1228540         3233    0.544858
       43    1013      5  [ 15009792028,  15011020948)      1228920         3234    0.458753
       44    1086      6  [ 15099494448,  15100723368)      1228920         3234    0.426600
       45    1111      7  [ 15130214408,  15131443328)      1228920         3234    0.580735
==============================================================

    5  [  8591769800,   8611430620)     19660820        51739    4.988928
       19     462      6  [  9083289920,   9102950740)     19660820        51739    5.018165
       20     487      7  [  9574809660,   9594470480)     19660820        51739    4.900763
       21     512      8  [ 10066329780,  10085990600)     19660820        51739    5.026936
       22     537      9  [ 10557849900,  10577510720)     19660820        51739    5.316035
       23     562     10  [ 11049369640,  11069030460)     19660820        51739    5.296733
       24     587     11  [ 11540889944,  11560550608)     19660664        52289    5.277993
       25     612     12  [ 12032409948,  12052070768)     19660820        51739    5.137224
       26     637     13  [ 12523929688,  12543590508)     19660820        51739    5.246677
       27     662     14  [ 13015449808,  13035110628)     19660820        51739    5.137839
       28     687     15  [ 13506969928,  13526630748)     19660820        51739    4.907195
       29     712     16  [ 13733069168,  13737984088)      4914920        12934    1.385330
       30     737     17  [ 13855949008,  13860864308)      4915300        12935    1.454035
       31     762     18  [ 13978828848,  13983744148)      4915300        12935    1.573987
       32     787     19  [ 14101709068,  14106624368)      4915300        12935    1.515712
       33     812     20  [ 14224588908,  14229504208)      4915300        12935    1.391117
       34     837     21  [ 14347469128,  14352384048)      4914920        12934    1.412424
       35     862     22  [ 14470348968,  14475264268)      4915300        12935    1.449544
       36     887     23  [ 14593228808,  14598144108)      4915300        12935    1.516982
       37     888      0  [ 14598144108,  14603059408)      4915300        12935    1.466405
       38     913      1  [ 14721024328,  14725939248)      4914920        12934    1.607681
       39     986      2  [ 14976614608,  14977843528)      1228920         3234    0.460010
       40     939      3  [ 14848819468,  14853734768)      4915300        12935    1.432856
       41    1061      5  [ 15068774488,  15070003408)      1228920         3234    0.563716
       42    1063      7  [ 15071232328,  15072460868)      1228540         3233    0.459306
       43    1137      9  [ 15162163288,  15163392208)      1228920         3234    0.486344
==============================================================

    MPI_Barrier after setup                      0.000016 s  (1 calls,    15.800 us/call)
    scheduler_next total                         1.747809 s  (44 calls, 39722.922 us/call)
      RMA ticket path total                        1.747633 s  (68 calls, 25700.491 us/call)
        MPI_Win_lock                                 0.000189 s  (68 calls,     2.781 us/call)
        MPI_Fetch_and_op                             0.001488 s  (68 calls,    21.875 us/call)
        MPI_Win_unlock                               1.745851 s  (68 calls, 25674.278 us/call)
        RMA call overhead (derived)                  0.000106 s  (68 calls,     1.557 us/call)
      align nominal offsets to FASTQ records       0.000044 s  (43 calls,     1.022 us/call)
      scheduler loop/bookkeeping (derived)         0.000131 s  (44 calls,     2.983 us/call)

  Scheduler teardown timing
    MPI_Barrier (wait for other ranks)           0.001553 s  (1 calls,  1552.608 us/call)
    MPI_Win_free                                 0.000090 s  (1 calls,    90.450 us/call)

  Stage 2 by chunk
    completed chunks                                       43
    accumulated stage 2                            166.567714 s
    average stage 2 per chunk                        3.873668 s
    slowest chunk                                         388
    slowest chunk stage 2                            6.601637 s

    order   chunk  queue        byte range                       bytes      records   stage2(s)
        0      12     12  [   235929860,    255590524)     19660664        52289    5.076718
        1      37     13  [   727449644,    747110464)     19660820        51739    5.091675
        2      62     14  [  1218969764,   1238630584)     19660820        51739    4.980506
        3      87     15  [  1710489884,   1730150704)     19660820        51739    5.054034
        4     112     16  [  2202009624,   2221670444)     19660820        51739    5.012006
        5     137     17  [  2693529744,   2713190564)     19660820        51739    5.099340
        6     162     18  [  3185049864,   3204710684)     19660820        51739    4.925607
        7     187     19  [  3676569604,   3696230424)     19660820        51739    5.238394
        8     212     20  [  4168089632,   4187750612)     19660980        51824    5.014083
        9     237     21  [  4659609912,   4679270732)     19660820        51739    4.972262
       10     262     22  [  5151129652,   5170790472)     19660820        51739    5.204270
       11     287     23  [  5642649772,   5662310592)     19660820        51739    5.042283
       12     288      0  [  5662310592,   5681971412)     19660820        51739    5.164235
       13     313      1  [  6153830712,   6173491532)     19660820        51739    5.181187
       14     338      2  [  6645350452,   6665011272)     19660820        51739    4.971839
       15     363      3  [  7136870572,   7156531392)     19660820        51739    4.999646
       16     388      4  [  7628390460,   7648051500)     19661040        52290    6.601637
       17     413      5  [  8119910500,   8139571320)     19660820        51739    5.105928
       18     438      6  [  8611430620,   8631091440)     19660820        51739    5.190031
       19     463      7  [  9102950740,   9122611560)     19660820        51739    5.029397
       20     488      8  [  9594470480,   9614131300)     19660820        51739    5.077355
       21     513      9  [ 10085990600,  10105651420)     19660820        51739    5.073637
       22     538     10  [ 10577510720,  10597171540)     19660820        51739    5.298990
       23     563     11  [ 11069030460,  11088691280)     19660820        51739    5.042317
       24     588     12  [ 11560550608,  11580211272)     19660664        52289    5.323655
       25     613     13  [ 12052070768,  12071731208)     19660440        51738    5.261982
       26     638     14  [ 12543590508,  12563251328)     19660820        51739    5.087905
       27     663     15  [ 13035110628,  13054771448
================ MPI Dynamic Scheduler Debug =================
  MPI rank: 000013 / 000024

  Work summary
    claimed chunks                                         48
    claimed from this rank's queue                          2
    claimed from another rank's queue                      46
    completed FASTQ records                           1670232
    claimed input bytes                             634060684

  Scheduler counters
    scheduler_next calls                                   49
    RMA ticket attempts                                    72
    attempts against another rank's queue                  69
    tickets beyond the final chunk                         24
    empty aligned chunks                                    0

  Scheduler timing
    MPI_Win_create (setup)                       0.002110 s  (1 calls,  2109.860 us/call)
    MPI_Barrier after setup                      0.000021 s  (1 calls,    20.950 us/call)
    scheduler_next total                         1.799389 s  (49 calls, 36722.224 us/call)
      RMA ticket path total                        1.799208 s  (72 calls, 24989.000 us/call)
        MPI_Win_lock                                 0.000204 s  (72 calls,     2.838 us/call)
        MPI_Fetch_and_op                             0.001745 s  (72 calls,    24.231 us/call)
        MPI_Win_unlock                               1.797144 s  (72 calls, 24960.332 us/call)
        RMA call overhead (derived)                  0.000115 s  (72 calls,     1.599 us/call)
      align nominal offsets to FASTQ records       0.000046 s  (48 calls,     0.963 us/call)
      scheduler loop/bookkeeping (derived)         0.000135 s  (49 calls,     2.750 us/call)

  Scheduler teardown timing
    MPI_Barrier (wait for other ranks)           0.490218 s  (1 calls, 490218.415 us/call)
    MPI_Win_free                                 0.000071 s  (1 calls,    71.300 us/call)

  Stage 2 by chunk
    completed chunks                                       48
    accumulated stage 2                            167.455805 s
    average stage 2 per chunk                        3.488663 s
    slowest chunk                                         389
    slowest chunk stage 2                            6.088832 s

    order   chunk  queue        byte range                       bytes      records   stage2(s)
        0      13     13  [   255590524,    275251564)     19661040        52290    5.195181
        1      38     14  [   747110464,    766771284)     19660820        51739    5.131038
        2      63     15  [  1238630584,   1258291404)     19660820        51739    5.056245
        3      88     16  [  1730150704,   1749811524)     19660820        51739    4.850686
        4     113     17  [  2221670444,   2241331264)     19660820        51739    5.070914
        5     138     18  [  2713190564,   2732851384)     19660820        51739    5.248399
        6     163     19  [  3204710684,   3224371504)     19660820        51739    5.071742
        7     188     20  [  3696230424,   3715891244)     19660820        51739    4.968019
        8     213     21  [  4187750612,   4207411432)     19660820        51739    4.929904
        9     238     22  [  4679270732,   4698931552)     19660820        51739    4.899992
       10     263     23  [  5170790472,   5190451292)     19660820        51739    4.952924
       11     264      0  [  5190451292,   5210112112)     19660820        51739    5.007965
       12     289      1  [  5681971412,   5701632232)     19660820        51739    5.068032
       13     314      2  [  6173491532,   6193152352)     19660820        51739    4.990022
       14     339      3  [  6665011272,   6684672092)     19660820        51739    5.267495
       15     364      4  [  7156531392,   7176192212)     19660820        51739    4.972263
       16     389      5  [  7648051500,   7667712164)     19660664        52289    6.088832
       17     414      6  [  8139571320,   8159232140)     19660820        51739    4.924091
       18     439 
================ MPI Dynamic Scheduler Debug =================
  MPI rank: 000014 / 000024

  Work summary
    claimed chunks                                         49
    claimed from this rank's queue                          2
    claimed from another rank's queue                      47
    completed FASTQ records                           1673464
    claimed input bytes                             635288852

  Scheduler counters
    scheduler_next calls                                   50
    RMA ticket attempts                                    81
    attempts against another rank's queue                  77
    tickets beyond the final chunk                         32
    empty aligned chunks                                    0

  Scheduler timing
    MPI_Win_create (setup)                       0.001813 s  (1 calls,  1812.608 us/call)
    MPI_Barrier after setup                      0.000015 s  (1 calls,    15.100 us/call)
    scheduler_next total                         1.570835 s  (50 calls, 31416.691 us/call)
      RMA ticket path total                        1.570640 s  (81 calls, 19390.614 us/call)
        MPI_Win_lock                                 0.000215 s  (81 calls,     2.653 us/call)
        MPI_Fetch_and_op                             0.001517 s  (81 calls,    18.726 us/call)
        MPI_Win_unlock                               1.568785 s  (81 calls, 19367.720 us/call)
        RMA call overhead (derived)                  0.000123 s  (81 calls,     1.514 us/call)
      align nominal offsets to FASTQ records       0.000052 s  (49 calls,     1.068 us/call)
      scheduler loop/bookkeeping (derived)         0.000143 s  (50 calls,     2.850 us/call)

  Scheduler teardown timing
    MPI_Barrier (wait for other ranks)           0.000035 s  (1 calls,    34.901 us/call)
    MPI_Win_free                                 0.000073 s  (1 calls,    72.850 us/call)

  Stage 2 by chunk
    completed chunks                                       49
    accumulated stage 2                            168.765114 s
    average stage 2 per chunk                        3.444186 s
    slowest chunk                                         390
    slowest chunk stage 2                            5.859614 s

    order   chunk  queue        byte range                       bytes      records   stage2(s)
        0      14     14  [   275251564,    294912228)     19660664        52289    5.136241
        1      39     15  [   766771284,    786432104)     19660820        51739    5.388223
        2      64     16  [  1258291404,   1277952224)     19660820        51739    5.072492
        3      89     17  [  1749811524,   1769472344)     19660820        51739    5.108764
        4     114     18  [  2241331264,   2260992084)     19660820        51739    5.241288
        5     139     19  [  2732851384,   2752512204)     19660820        51739    5.044954
        6     164     20  [  3224371504,   3244032324)     19660820        51739    5.183128
        7     189     21  [  3715891244,   3735552064)     19660820        51739    5.011895
        8     214     22  [  4207411432,   4227072252)     19660820        51739    4.947964
        9     239     23  [  4698931552,   4718592372)     19660820        51739    5.034838
       10     240      0  [  4718592372,   4738252812)     19660440        51738    5.025997
       11     265      1  [  5210112112,   5229772932)     19660820        51739    5.048723
       12     290      2  [  5701632232,   5721293052)     19660820        51739    4.967721
       13     315      3  [  6193152352,   6212813172)     19660820        51739    4.988154
       14     340      4  [  6684672092,   6704332912)     19660820        51739    4.987156
       15     365      5  [  7176192212,   7195853032)     19660820        51739    5.048838
       16     390      6  [  7667712164,   7687372828)     19660664        52289    5.859614
       17     415      7  [  8159232140,   8178892960)     19660820        51739    4.945148
       18     440  )     19660820        51739    4.962424
       28     688     16  [ 13526630748,  13546291568)     19660820        51739    5.451562
       29     713     17  [ 13737984088,  13742899388)      4915300        12935    1.389996
       30     738     18  [ 13860864308,  13865779228)      4914920        12934    1.434179
       31     763     19  [ 13983744148,  13988659448)      4915300        12935    1.456938
       32     788     20  [ 14106624368,  14111539288)      4914920        12934    1.448722
       33     813     21  [ 14229504208,  14234419508)      4915300        12935    1.540543
       34     838     22  [ 14352384048,  14357299348)      4915300        12935    1.536539
       35     863     23  [ 14475264268,  14480179568)      4915300        12935    1.398726
       36     864      0  [ 14480179568,  14485094488)      4914920        12934    1.570015
       37     889      1  [ 14603059408,  14607974708)      4915300        12935    1.496803
       38     914      2  [ 14725939248,  14730854548)      4915300        12935    1.605072
       39    1059      3  [ 15066317028,  15067545948)      1228920         3234    0.587958
       40    1060      4  [ 15067545948,  15068774488)      1228540         3233    0.664570
       41    1038      6  [ 15040512368,  15041740908)      1228540         3233    0.474074
       42    1135      7  [ 15159705828,  15160934748)      1228920         3234    0.428675
==============================================================

     7  [  8631091440,   8650752260)     19660820        51739    5.129195
       19     464      8  [  9122611560,   9142272000)     19660440        51738    5.015791
       20     489      9  [  9614131300,   9633792120)     19660820        51739    4.997676
       21     514     10  [ 10105651420,  10125312240)     19660820        51739    5.230589
       22     539     11  [ 10597171540,  10616832360)     19660820        51739    5.088843
       23     564     12  [ 11088691280,  11108352100)     19660820        51739    4.850386
       24     589     13  [ 11580211272,  11599872312)     19661040        52290    5.306405
       25     614     14  [ 12071731208,  12091392028)     19660820        51739    4.893718
       26     639     15  [ 12563251328,  12582912148)     19660820        51739    5.156776
       27     664     16  [ 13054771448,  13074432268)     19660820        51739    4.999747
       28     689     17  [ 13546291568,  13565952008)     19660440        51738    4.913321
       29     714     18  [ 13742899388,  13747814688)      4915300        12935    1.413609
       30     739     19  [ 13865779228,  13870694528)      4915300        12935    1.528408
       31     764     20  [ 13988659448,  13993574748)      4915300        12935    1.441615
       32     789     21  [ 14111539288,  14116454588)      4915300        12935    1.519845
       33     814     22  [ 14234419508,  14239334428)      4914920        12934    1.428640
       34     839     23  [ 14357299348,  14362214648)      4915300        12935    1.409291
       35     840      0  [ 14362214648,  14367129948)      4915300        12935    1.430972
       36     865      1  [ 14485094488,  14490009788)      4915300        12935    1.381445
       37     890      2  [ 14607974708,  14612889628)      4914920        12934    1.357142
       38     915      3  [ 14730854548,  14735769848)      4915300        12935    1.498376
       39     940      4  [ 14853734768,  14858649688)      4914920        12934    1.507658
       40     965      5  [ 14950809948,  14952038488)      1228540         3233    0.495310
       41     990      6  [ 14981529908,  14982758448)      1228540         3233    0.552458
       42    1015      7  [ 15012249868,  15013478408)      1228540         3233    0.583007
       43    1040      8  [ 15042969828,  15044198748)      1228920         3234    0.510013
       44    1065      9  [ 15073689788,  15074918708)      1228920         3234    0.547640
       45    1090     10  [ 15104409748,  15105638668)      1228920         3234    0.435856
       46    1115     11  [ 15135129708,  15136358628)      1228920         3234    0.595823
       47    1140     12  [ 15165849668,  15167078588)      1228920         3234    0.542506
==============================================================

    8  [  8650752260,   8670413080)     19660820        51739    5.083270
       19     465      9  [  9142272000,   9161932820)     19660820        51739    5.191970
       20     490     10  [  9633792120,   9653452940)     19660820        51739    5.156992
       21     515     11  [ 10125312240,  10144973060)     19660820        51739    5.283058
       22     540     12  [ 10616832360,  10636492800)     19660440        51738    5.164707
       23     565     13  [ 11108352100,  11128012920)     19660820        51739    4.955630
       24     590     14  [ 11599872312,  11619532976)     19660664        52289    5.111407
       25     615     15  [ 12091392028,  12111052848)     19660820        51739    5.035461
       26     640     16  [ 12582912148,  12602572968)     19660820        51739    5.379858
       27     665     17  [ 13074432268,  13094093088)     19660820        51739    4.895532
       28     690     18  [ 13565952008,  13585612828)     19660820        51739    5.072627
       29     715     19  [ 13747814688,  13752729608)      4914920        12934    1.383315
       30     740     20  [ 13870694528,  13875609828)      4915300        12935    1.460120
       31     765     21  [ 13993574748,  13998489668)      4914920        12934    1.601148
       32     790     22  [ 14116454588,  14121369888)      4915300        12935    1.417134
       33     815     23  [ 14239334428,  14244249728)      4915300        12935    1.406976
       34     816      0  [ 14244249728,  14249165028)      4915300        12935    1.393362
       35     841      1  [ 14367129948,  14372044868)      4914920        12934    1.380838
       36     866      2  [ 14490009788,  14494925088)      4915300        12935    1.532972
       37     891      3  [ 14612889628,  14617804928)      4915300        12935    1.471830
       38     916      4  [ 14735769848,  14740685148)      4915300        12935    1.321216
       39     941      5  [ 14858649688,  14863564988)      4915300        12935    1.362652
       40     966      6  [ 14952038488,  14953267408)      1228920         3234    0.430944
       41     991      7  [ 14982758448,  14983987368)      1228920         3234    0.518049
       42    1016      8  [ 15013478408,  15014707328)      1228920         3234    0.528774
       43    1041      9  [ 15044198748,  15045427288)      1228540         3233    0.469194
       44    1066     10  [ 15074918708,  15076147248)      1228540         3233    0.664610
       45    1091     11  [ 15105638668,  15106867208)      1228540         3233    0.478926
       46    1116     12  [ 15136358628,  15137587548)      1228920         3234    0.492963
       47    1141     13  [ 15167078588,  15168307508)      1228920         3234    0.584279
       48    1150     22  [ 15178137728,  15179366648)      1228920         3234    0.494162
==============================================================


================ MPI Dynamic Scheduler Debug =================
  MPI rank: 000015 / 000024

  Work summary
    claimed chunks                                         49
    claimed from this rank's queue                          2
    claimed from another rank's queue                      47
    completed FASTQ records                           1673466
    claimed input bytes                             635289608

  Scheduler counters
    scheduler_next calls                                   50
    RMA ticket attempts                                    75
    attempts against another rank's queue                  71
    tickets beyond the final chunk                         26
    empty aligned chunks                                    0

  Scheduler timing
    MPI_Win_create (setup)                       0.001860 s  (1 calls,  1860.008 us/call)
    MPI_Barrier after setup                      0.000017 s  (1 calls,    17.200 us/call)
    scheduler_next total                         1.628549 s  (50 calls, 32570.979 us/call)
      RMA ticket path total                        1.628362 s  (75 calls, 21711.494 us/call)
        MPI_Win_lock                                 0.000207 s  (75 calls,     2.762 us/call)
        MPI_Fetch_and_op                             0.001632 s  (75 calls,    21.754 us/call)
        MPI_Win_unlock                               1.626399 s  (75 calls, 21685.316 us/call)
        RMA call overhead (derived)                  0.000125 s  (75 calls,     1.662 us/call)
      align nominal offsets to FASTQ records       0.000049 s  (49 calls,     0.998 us/call)
      scheduler loop/bookkeeping (derived)         0.000138 s  (50 calls,     2.759 us/call)

  Scheduler teardown timing
    MPI_Barrier (wait for other ranks)           0.001266 s  (1 calls,  1266.106 us/call)
    MPI_Win_free                                 0.000067 s  (1 calls,    66.750 us/call)

  Stage 2 by chunk
    completed chunks                                       49
    accumulated stage 2                            170.152244 s
    average stage 2 per chunk                        3.472495 s
    slowest chunk                                         391
    slowest chunk stage 2                            5.841876 s

    order   chunk  queue        byte range                       bytes      records   stage2(s)
        0      15     15  [   294912228,    314572892)     19660664        52289    4.974989
        1      40     16  [   786432104,    806092924)     19660820        51739    5.061717
        2      65     17  [  1277952224,   1297613044)     19660820        51739    5.698805
        3      90     18  [  1769472344,   1789133164)     19660820        51739    5.111669
        4     115     19  [  2260992084,   2280652904)     19660820        51739    5.023386
        5     140     20  [  2752512204,   2772173024)     19660820        51739    4.998193
        6     165     21  [  3244032324,   3263693144)     19660820        51739    5.157858
        7     190     22  [  3735552064,   3755212884)     19660820        51739    5.258086
        8     215     23  [  4227072252,   4246733072)     19660820        51739    5.157394
        9     216      0  [  4246733072,   4266393892)     19660820        51739    4.991228
       10     241      1  [  4738252812,   4757913632)     19660820        51739    5.173431
       11     266      2  [  5229772932,   5249433752)     19660820        51739    5.012579
       12     291      3  [  5721293052,   5740953872)     19660820        51739    5.067265
       13     316      4  [  6212813172,   6232473612)     19660440        51738    5.034512
       14     341      5  [  6704332912,   6723993732)     19660820        51739    5.095111
       15     366      6  [  7195853032,   7215513852)     19660820        51739    5.117886
       16     391      7  [  7687372828,   7707033868)     19661040        52290    5.841876
       17     416      8  [  8178892960,   8198553780)     19660820        51739    4.987011
       18     441      9  [  8670413080,   8690073900)     19660820        51739    5.259729
       19     466     10  [  9161932820,   9181593640)     19660820        51739    5.071053
       20     491     11  [  9653452940,   9673113760)     19660820        51739    5.134637
       21     516     12  [ 10144973060,  10164633880)     19660820        51739    5.346488
       22     541     13  [ 10636492800,  10656153620)     19660820        51739    4.995968
       23     566     14  [ 11128012920,  11147673740)     19660820        51739    4.812240
       24     591     15  [ 11619532976,  11639193640)     19660664        52289    5.076285
       25     616     16  [ 12111052848,  12130713668)     19660820        51739    5.032971
       26     641     17  [ 12602572968,  12622233788)     19660820        51739    5.169474
       27     666     18  [ 13094093088,  13113753908)     19660820        51739    4.989399
       28     691     19  [ 13585612828,  13605273648)     19660820        51739    5.039823
       29     716     20  [ 13752729608,  13757644908)      4915300        12935    1.453760
       30     741     21  [ 13875609828,  13880525128)      4915300        12935    1.439738
       31     766     22  [ 13998489668,  14003404968)      4915300        12935    1.434043
       32     791     23  [ 14121369888,  14126284808)      4914920        12934    1.588912
       33     792      0  [ 14126284808,  14131200108)      4915300        12935    1.500716
       34     817      1  [ 14249165028,  14254080328)      4915300        12935    1.398476
       35     842      2  [ 14372044868,  14376960168)      4915300        12935    1.383945
       36     867      3  [ 14494925088,  14499840008)      4914920        12934    1.552079
       37     892      4  [ 14617804928,  14622720228)      4915300        12935    1.846612
       38     917      5  [ 14740685148,  14745600068)      4914920        12934    1.399952
       39     942      6  [ 14863564988,  14868480288)      4915300        12935    1.356727
       40     967      7  [ 14953267408,  14954496328)      1228920         3234    0.581922
       41     992      8  [ 14983987368,  14985216288)      1228920         3234    0.843472
       42    1017      9  [ 15014707328,  15015936248)      1228920         3234    0.490557
       43    1042     10  [ 15045427288,  15046656208)      1228920         3234    0.510181
       44    1067     11  [ 15076147248,  15077376168)      1228920         3234    0.495639
       45    1092     12  [ 15106867208,  15108096128)      1228920         3234    0.487778
       46    1117     13  [ 15137587548,  15138816088)      1228540         3233    0.524826
       47    1142     14  [ 15168307508,  15169536048)      1228540         3233    0.506637
       48    1145     17  [ 15171993888,  15173222428)      1228540         3233    0.665209
==============================================================


================ MPI Dynamic Scheduler Debug =================
  MPI rank: 000016 / 000024

  Work summary
    claimed chunks                                         49
    claimed from this rank's queue                          3
    claimed from another rank's queue                      46
    completed FASTQ records                           1683170
    claimed input bytes                             638977124

  Scheduler counters
    scheduler_next calls                                   50
    RMA ticket attempts                                    73
    attempts against another rank's queue                  69
    tickets beyond the final chunk                         24
    empty aligned chunks                                    0

  Scheduler timing
    MPI_Win_create (setup)                       0.002078 s  (1 calls,  2077.709 us/call)
    MPI_Barrier after setup                      0.000019 s  (1 calls,    19.250 us/call)
    scheduler_next total                         1.704656 s  (50 calls, 34093.111 us/call)
      RMA ticket path total                        1.704472 s  (73 calls, 23348.928 us/call)
        MPI_Win_lock                                 0.000206 s  (73 calls,     2.828 us/call)
        MPI_Fetch_and_op                             0.002483 s  (73 calls,    34.012 us/call)
        MPI_Win_unlock                               1.701658 s  (73 calls, 23310.382 us/call)
        RMA call overhead (derived)                  0.000125 s  (73 calls,     1.706 us/call)
      align nominal offsets to FASTQ records       0.000044 s  (49 calls,     0.903 us/call)
      scheduler loop/bookkeeping (derived)         0.000140 s  (50 calls,     2.790 us/call)

  Scheduler teardown timing
    MPI_Barrier (wait for other ranks)           0.000779 s  (1 calls,   779.454 us/call)
    MPI_Win_free                                 0.000086 s  (1 calls,    86.400 us/call)

  Stage 2 by chunk
    completed chunks                                       49
    accumulated stage 2                            169.926540 s
    average stage 2 per chunk                        3.467889 s
    slowest chunk                                         517
    slowest chunk stage 2                            5.700855 s

    order   chunk  queue        byte range                       bytes      records   stage2(s)
        0      16     16  [   314572892,    334233932)     19661040        52290    5.052197
        1      41     17  [   806092924,    825753744)     19660820        51739    5.088643
        2      66     18  [  1297613044,   1317273864)     19660820        51739    4.911798

================ MPI Dynamic Scheduler Debug =================
  MPI rank: 000017 / 000024

  Work summary
    claimed chunks                                         48
    claimed from this rank's queue                          2
    claimed from another rank's queue                      46
    completed FASTQ records                           1661703
    claimed input bytes                             630373440

  Scheduler counters
    scheduler_next calls                                   49
    RMA ticket attempts                                    72
    attempts against another rank's queue                  69
    tickets beyond the final chunk                         24
    empty aligned chunks                                    0

  Scheduler timing
    MPI_Win_create (setup)                       0.001739 s  (1 calls,  1739.358 us/call)
    MPI_Barrier after setup                      0.000016 s  (1 calls,    15.550 us/call)
    scheduler_next total                         1.673324 s  (49 calls, 34149.463 us/call)
      RMA ticket path total                        1.673133 s  (72 calls, 23237.961 us/call)
        MPI_Win_lock                                 0.000204 s  (72 calls,     2.840 us/call)
        MPI_Fetch_and_op                             0.001557 s  (72 calls,    21.622 us/call)
        MPI_Win_unlock                               1.671253 s  (72 calls, 23211.851 us/call)
        RMA call overhead (derived)                  0.000119 s  (72 calls,     1.648 us/call)
      align nominal offsets to FASTQ records       0.000048 s  (48 calls,     1.008 us/call)
      scheduler loop/bookkeeping (derived)         0.000142 s  (49 calls,     2.900 us/call)

  Scheduler teardown timing
    MPI_Barrier (wait for other ranks)           0.064334 s  (1 calls, 64333.798 us/call)
    MPI_Win_free                                 0.000076 s  (1 calls,    76.250 us/call)

  Stage 2 by chunk
    completed chunks                                       48
    accumulated stage 2                            168.745702 s
    average stage 2 per chunk                        3.515535 s
    slowest chunk                                         193
    slowest chunk stage 2                            7.177044 s

    order   chunk  queue        byte range                       bytes      records   stage2(s)
        0      17     17  [   334233932,    353894596)     19660664        52289    5.180993
        1      42     18  [   825753744,    845414564)     19660820        51739    4.892380
        2      67     19  [  1317273864,   1336934684)     19660820        51739    4.939061
        3      92     20  [  1808793604,   1828454424)     19660820        51739    5.105947
        4     117     21  [  2300313724,   2319974544)     19660820        51739    4.919930
        5     142     22  [  2791833844,   2811494664)     19660820        51739    4.993083
        6     167     23  [  3283353964,   3303014404)     19660440        51738    4.999344
        7     168      0  [  3303014404,   3322675224)     19660820        51739    5.121911
        8     193      1  [  3794534524,   3814195236)     19660712        52913    7.177044
        9     218      2  [  4286054712,   4305715532)     19660820        51739    5.058295
       10     243      3  [  4777574452,   4797235272)     19660820        51739    5.174799
       11     268      4  [  5269094572,   5288755392)     19660820        51739    5.111615
       12     293      5  [  5760614692,   5780275512)     19660820        51739    5.102934
       13     318      6  [  6252134432,   6271795252)     19660820        51739    5.052676
       14     343      7  [  6743654552,   6763315372)     19660820        51739    4.980655
       15     368      8  [  7235174672,   7254835492)     19660820        51739    5.290416
       16     393      9  [  7726694532,   7746355572)     19661040        52290    5.209728
       17     418     10  [  8218214600,   8237875420)     19660820        51739    5.035176
       18     443  
================ MPI Dynamic Scheduler Debug =================
  MPI rank: 000018 / 000024

  Work summary
    claimed chunks                                         46
    claimed from this rank's queue                          2
    claimed from another rank's queue                      44
    completed FASTQ records                           1626043
    claimed input bytes                             616858504

  Scheduler counters
    scheduler_next calls                                   47
    RMA ticket attempts                                    70
    attempts against another rank's queue                  67
    tickets beyond the final chunk                         24
    empty aligned chunks                                    0

  Scheduler timing
    MPI_Win_create (setup)                       0.002168 s  (1 calls,  2168.316 us/call)
    MPI_Barrier after setup                      0.000020 s  (1 calls,    20.400 us/call)
    scheduler_next total                         1.644254 s  (47 calls, 34984.130 us/call)
      RMA ticket path total                        1.644066 s  (70 calls, 23486.664 us/call)
        MPI_Win_lock                                 0.000203 s  (70 calls,     2.897 us/call)        3      91     19  [  1789133164,   1808793604)     19660440        51738    5.119932
        4     116     20  [  2280652904,   2300313724)     19660820        51739    5.075412
        5     141     21  [  2772173024,   2791833844)     19660820        51739    5.128235
        6     166     22  [  3263693144,   3283353964)     19660820        51739    5.090209
        7     191     23  [  3755212884,   3774873704)     19660820        51739    5.085297
        8     192      0  [  3774873704,   3794534524)     19660820        51739    5.189777
        9     217      1  [  4266393892,   4286054712)     19660820        51739    5.001626
       10     242      2  [  4757913632,   4777574452)     19660820        51739    5.025648
       11     267      3  [  5249433752,   5269094572)     19660820        51739    4.934896
       12     292      4  [  5740953872,   5760614692)     19660820        51739    5.329299
       13     317      5  [  6232473612,   6252134432)     19660820        51739    5.082647
       14     342      6  [  6723993732,   6743654552)     19660820        51739    5.094345
       15     367      7  [  7215513852,   7235174672)     19660820        51739    5.031037
       16     392      8  [  7707033868,   7726694532)     19660664        52289    5.047101
       17     417      9  [  8198553780,   8218214600)     19660820        51739    5.018125
       18     442     10  [  8690073900,   8709734720)     19660820        51739    5.010060
       19     467     11  [  9181593640,   9201254460)     19660820        51739    4.894312
       20     492     12  [  9673113760,   9692774580)     19660820        51739    5.107980
       21     517     13  [ 10164633880,  10184294700)     19660820        51739    5.700855
       22     542     14  [ 10656153620,  10675814440)     19660820        51739    5.099277
       23     567     15  [ 11147673740,  11167334560)     19660820        51739    5.156349
       24     592     16  [ 11639193640,  11658854680)     19661040        52290    5.113432
       25     617     17  [ 12130713668,  12150374488)     19660820        51739    5.006484
       26     642     18  [ 12622233788,  12641894608)     19660820        51739    5.092735
       27     667     19  [ 13113753908,  13133414728)     19660820        51739    5.115162
       28     692     20  [ 13605273648,  13624934468)     19660820        51739    5.059057
       29     717     21  [ 13757644908,  13762560208)      4915300        12935    1.608395
       30     718     22  [ 13762560208,  13767475508)      4915300        12935    1.461348
       31     743     23  [ 13885440048,  13890355348)      4915300        12935    1.354140
       32     744      0  [ 13890355348,  13895270648)      4915300        12935    1.420746
       33     769      1  [ 14013235568,  14018150488)      4914920        12934    1.512704
       34     794      2  [ 14136115408,  14141030708)      4915300        12935    1.413469
       35     819      3  [ 14258995248,  14263910548)      4915300        12935    1.479631
       36     844      4  [ 14381875468,  14386790768)      4915300        12935    1.404617
       37     869      5  [ 14504755308,  14509670608)      4915300        12935    1.376408
       38     894      6  [ 14627635528,  14632550448)      4914920        12934    1.356809
       39     919      7  [ 14750515368,  14755430668)      4915300        12935    1.441632
       40     944      8  [ 14873395208,  14878310508)      4915300        12935    1.500833
       41     969      9  [ 14955724868,  14956953788)      1228920         3234    0.609878
       42     970     10  [ 14956953788,  14958182708)      1228920         3234    0.570599
       43     995     11  [ 14987673748,  14988902668)      1228920         3234    0.627205
       44    1020     12  [ 15018393708,  15019622628)      1228920         3234    0.443271
       45    1045     13  [ 15049113668,  15050342588)      1228920         3234    0.641785
       46    1070     14  [ 15079833628,  15081062548   11  [  8709734720,   8729395540)     19660820        51739    5.083104
       19     468     12  [  9201254460,   9220915280)     19660820        51739    5.100059
       20     493     13  [  9692774580,   9712435400)     19660820        51739    5.066955
       21     518     14  [ 10184294700,  10203955520)     19660820        51739    5.289834
       22     543     15  [ 10675814440,  10695475260)     19660820        51739    5.177125
       23     568     16  [ 11167334560,  11186995380)     19660820        51739    5.111377
       24     593     17  [ 11658854680,  11678515344)     19660664        52289    5.173558
       25     618     18  [ 12150374488,  12170035308)     19660820        51739    5.125594
       26     643     19  [ 12641894608,  12661555428)     19660820        51739    5.013372
       27     668     20  [ 13133414728,  13153075548)     19660820        51739    5.185936
       28     693     21  [ 13624934468,  13644595288)     19660820        51739    5.358632
       29     742     22  [ 13880525128,  13885440048)      4914920        12934    1.437452
       30     767     23  [ 14003404968,  14008320268)      4915300        12935    1.394314
       31     768      0  [ 14008320268,  14013235568)      4915300        12935    1.456160
       32     793      1  [ 14131200108,  14136115408)      4915300        12935    1.417254
       33     818      2  [ 14254080328,  14258995248)      4914920        12934    1.397827
       34     843      3  [ 14376960168,  14381875468)      4915300        12935    1.458951
       35     868      4  [ 14499840008,  14504755308)      4915300        12935    1.443744
       36     893      5  [ 14622720228,  14627635528)      4915300        12935    1.353389
       37     918      6  [ 14745600068,  14750515368)      4915300        12935    1.479030
       38     943      7  [ 14868480288,  14873395208)      4914920        12934    1.405617
       39     968      8  [ 14954496328,  14955724868)      1228540         3233    0.497731
       40     993      9  [ 14985216288,  14986444828)      1228540         3233    0.485647
       41    1018     10  [ 15015936248,  15017165168)      1228920         3234    0.465526
       42    1019     11  [ 15017165168,  15018393708)      1228540         3233    0.473143
       43    1044     12  [ 15047885128,  15049113668)      1228540         3233    0.445161
       44    1069     13  [ 15078605088,  15079833628)      1228540         3233    0.510844
       45    1094     14  [ 15109325048,  15110553968)      1228920         3234    0.591957
       46    1119     15  [ 15140045008,  15141273928)      1228920         3234    0.480050
       47    1144     16  [ 15170764968,  15171993888)      1228920         3234    0.520372
==============================================================

)      1228920         3234    0.668397
       47    1095     15  [ 15110553968,  15111782508)      1228540         3233    0.766353
       48    1120     16  [ 15141273928,  15142502468)      1228540         3233    0.606392
==============================================================


[SWBWA output hash rank 000000/000024] calls=3348294 bytes=1412233519 sum=0xc459603c9191421d xor=0xb94a60d714674395 enabled=1
[SWBWA output hash rank 000001/000024] calls=3350032 bytes=1412710782 sum=0x24bf0adc263f1b81 xor=0xd3dec957d5069613 enabled=1
[SWBWA output hash rank 000002/000024] calls=3353396 bytes=1414289884 sum=0x6b8b1abccbca149a xor=0x9c0488a1b33f8f14 enabled=1
[SWBWA output hash rank 000003/000024] calls=3381390 bytes=1426213339 sum=0xe70d8e10ffb58067 xor=0x6015b2616a91154b enabled=1
[SWBWA output hash rank 000004/000024] calls=3407360 bytes=1436969242 sum=0x13c36c66b5f6652d xor=0x5eeef979c22ea76b enabled=1
[SWBWA output hash rank 000005/000024] calls=3340750 bytes=1409171750 sum=0xdebc865ed88ee529 xor=0x4c1ac39e448b1843 enabled=1
[SWBWA output hash rank 000006/000024] calls=3301664 bytes=1392431613 sum=0x3a2576d16dd1339d xor=0x830a113eebbfcb8d enabled=1
[SWBWA output hash rank 000007/000024] calls=3340458 bytes=1408662101 sum=0x46a3afe7bc458fbc xor=0x71d46b8b597439b4 enabled=1
[SWBWA output hash rank 000008/000024] calls=3340464 bytes=1408698585 sum=0x3a19a81c614447f8 xor=0xc10f6ee30938e804 enabled=1
[SWBWA output hash rank 000009/000024] calls=3327530 bytes=1403019702 sum=0x8e1e60edef66ff77 xor=0xe4eea2c9f74f0d4d enabled=1
[SWBWA output hash rank 000010/000024] calls=3310358 bytes=1396052314 sum=0x844e2fcc2f29d3ae xor=0xc495740f249a723a enabled=1
[SWBWA output hash rank 000011/000024] calls=3316814 bytes=1398530724 sum=0xa03c106149450bd3 xor=0xd01d3dffab7d8819 enabled=1
[SWBWA output hash rank 000013/000024] calls=3340464 bytes=1408689929 sum=0xb6cf9b3001cd7651 xor=0xbcfae2618795d8bd enabled=1
[SWBWA output hash rank 000014/000024] calls=3346928 bytes=1411331541 sum=0xb00c9a637d781993 xor=0xbf4b36fa60a5838d enabled=1
[SWBWA output hash rank 000015/000024] calls=3346932 bytes=1411424690 sum=0xe2376c33f9fdbf07 xor=0x01857cb7ad5259bf enabled=1
[SWBWA output hash rank 000016/000024] calls=3366340 bytes=1419516722 sum=0xdf72fde73ae1711b xor=0xfbe0ee095ed57981 enabled=1
[SWBWA output hash rank 000017/000024] calls=3323406 bytes=1401536781 sum=0x0a6f4fc1e23895df xor=0x0d2b2df8cc152777 enabled=1
        MPI_Fetch_and_op                             0.001332 s  (70 calls,    19.022 us/call)
        MPI_Win_unlock                               1.641886 s  (70 calls, 23455.514 us/call)
        RMA call overhead (derived)                  0.000646 s  (70 calls,     9.231 us/call)
      align nominal offsets to FASTQ records       0.000049 s  (46 calls,     1.064 us/call)
      scheduler loop/bookkeeping (derived)         0.000139 s  (47 calls,     2.951 us/call)

  Scheduler teardown timing
    MPI_Barrier (wait for other ranks)           0.208290 s  (1 calls, 208289.771 us/call)
    MPI_Win_free                                 0.000081 s  (1 calls,    81.251 us/call)

  Stage 2 by chunk
    completed chunks                                       46
    accumulated stage 2                            165.898932 s
    average stage 2 per chunk                        3.606499 s
    slowest chunk                                         194
    slowest chunk stage 2                            6.301457 s

    order   chunk  queue        byte range                       bytes      records   stage2(s)
        0      18     18  [   353894596,    373555260)     19660664        52289    4.975155
        1      43     19  [   845414564,    865075384)     19660820        51739    5.160690
        2      68     20  [  1336934684,   1356595504)     19660820        51739    5.407985
        3      93     21  [  1828454424,   1848115244)     19660820        51739    5.103610
        4     118     22  [  2319974544,   2339635364)     19660820        51739    5.275108
        5     143     23  [  2811494664,   2831155484)     19660820        51739    5.244344
        6     144      0  [  2831155484,   2850816304)     19660820        51739    4.903752
        7     169      1  [  3322675224,   3342336044)     19660820        51739    5.148973
        8     194      2  [  3814195236,   3833856088)     19660852        52819    6.301457
        9     219      3  [  4305715532,   4325376352)     19660820        51739    4.936643
       10     244      4  [  4797235272,   4816896092)     19660820        51739    4.999754
       11     269      5  [  5288755392,   5308416212)     19660820        51739    5.246489
       12     294      6  [  5780275512,   5799936332)     19660820        51739    4.889464
       13     319      7  [  6271795252,   6291456072)     19660820        51739    5.204174
       14     344      8  [  6763315372,   6782976192)     19660820        51739    5.274513
       15     369      9  [  7254835492,   7274496312)     19660820        51739    5.056604
       16     394     10  [  7746355572,   7766016236)     19660664        52289    5.118597
       17     419     11  [  8237875420,   8257536240)     19660820        51739    5.024328
       18     444     12  [  8729395540,   8749056360)     19660820        51739    5.244888
       19     469     13  [  9220915280,   9240576100)     19660820        51739    4.936628
       20     494     14  [  9712435400,   9732096220)     19660820        51739    4.967343
       21     519     15  [ 10203955520,  10223616340)     19660820        51739    4.902034
       22     544     16  [ 10695475260,  10715136080)     19660820        51739    5.291314
       23     569     17  [ 11186995380,  11206656200)     19660820        51739    5.145190
       24     594     18  [ 11678515344,  11698176008)     19660664        52289    5.068545
       25     619     19  [ 12170035308,  12189696128)     19660820        51739    5.135523
       26     644     20  [ 12661555428,  12681216248)     19660820        51739    5.775449
       27     669     21  [ 13153075548,  13172736368)     19660820        51739    5.030594
       28     694     22  [ 13644595288,  13649510588)      4915300        12935    1.433358
       29     719     23  [ 13767475508,  13772390428)      4914920        12934    1.430772
       30     720      0  [ 13772390428,  13777305728)      4915300        12935    1.432429
       31     745      1  [ 13895270648,  1390018
================ MPI Dynamic Scheduler Debug =================
  MPI rank: 000019 / 000024

  Work summary
    claimed chunks                                         48
    claimed from this rank's queue                          2
    claimed from another rank's queue                      46
    completed FASTQ records                           1631484
    claimed input bytes                             619315168

  Scheduler counters
    scheduler_next calls                                   49
    RMA ticket attempts                                    72
    attempts against another rank's queue                  69
    tickets beyond the final chunk                         24
    empty aligned chunks                                    0

  Scheduler timing
    MPI_Win_create (setup)                       0.002066 s  (1 calls,  2066.365 us/call)
    MPI_Barrier after setup                      0.000015 s  (1 calls,    14.700 us/call)
    scheduler_next total                         1.496155 s  (49 calls, 30533.770 us/call)
      RMA ticket path total                        1.495971 s  (72 calls, 20777.369 us/call)
        MPI_Win_lock                                 0.000203 s  (72 calls,     2.824 us/call)
        MPI_Fetch_and_op                             0.001965 s  (72 calls,    27.292 us/call)
        MPI_Win_unlock                               1.493685 s  (72 calls, 20745.624 us/call)
        RMA call overhead (derived)                  0.000117 s  (72 calls,     1.629 us/call)
      align nominal offsets to FASTQ records       0.000047 s  (48 calls,     0.970 us/call)
      scheduler loop/bookkeeping (derived)         0.000138 s  (49 calls,     2.809 us/call)

  Scheduler teardown timing
    MPI_Barrier (wait for other ranks)           0.063680 s  (1 calls, 63680.430 us/call)
    MPI_Win_free                                 0.000064 s  (1 calls,    64.352 us/call)

  Stage 2 by chunk
    completed chunks                                       48
    accumulated stage 2                            166.081718 s
    average stage 2 per chunk                        3.460036 s
    slowest chunk                                         195
    slowest chunk stage 2                            6.520449 s

    order   chunk  queue        byte range                       bytes      records   stage2(s)
        0      19     19  [   373555260,    393216084)     19660824        51795    4.950647
        1      44     20  [   865075384,    884736204)     19660820        51739    4.868839
        2      69     21  [  1356595504,   1376256324)     19660820        51739    5.043982
        3      94     22  [  1848115244,   1867776064)     19660820        51739    5.012357
        4     119     23  [  2339635364,   2359296184)     19660820        51739    5.237555
        5     120      0  [  2359296184,   2378957004)     19660820        51739    5.135563
        6     145      1  [  2850816304,   2870477124)     19660820        51739    5.000400
        7     170      2  [  3342336044,   3361996864)     19660820        51739    5.018252
        8     195      3  [  3833856088,   3853517128)     19661040        52290    6.520449
        9     220      4  [  4325376352,   4345037172)     19660820        51739    5.209773
       10     245      5  [  4816896092,   4836556912)     19660820        51739    5.219649
       11     270      6  [  5308416212,   5328077032)     19660820        51739    5.207178
       12     295      7  [  5799936332,   5819597152)     19660820        51739    5.046911
       13     320      8  [  6291456072,   6311116892)     19660820        51739    5.221142
       14     345      9  [  6782976192,   6802637012)     19660820        51739    5.378763
       15     370     10  [  7274496312,   7294157132)     19660820        51739    4.973529
       16     395     11  [  7766016236,   7785676900)     19660664        52289    5.223280
       17     420     12  [  8257536240,   8277197060)     19660820        51739    5.077125
       18     445  
================ MPI Dynamic Scheduler Debug =================
  MPI rank: 000020 / 000024

  Work summary
    claimed chunks                                         48
    claimed from this rank's queue                          2
    claimed from another rank's queue                      46
    completed FASTQ records                           1670231
    claimed input bytes                             634060308

  Scheduler counters
    scheduler_next calls                                   49
    RMA ticket attempts                                    72
    attempts against another rank's queue                  69
    tickets beyond the final chunk                         24
    empty aligned chunks                                    0

  Scheduler timing
    MPI_Win_create (setup)                       0.002222 s  (1 calls,  2221.815 us/call)
    MPI_Barrier after setup                      0.000014 s  (1 calls,    14.351 us/call)
    scheduler_next total                         1.580605 s  (49 calls, 32257.244 us/call)
      RMA ticket path total                        1.580414 s  (72 calls, 21950.198 us/call)
        MPI_Win_lock                                 0.000317 s  (72 calls,     4.407 us/call)
        MPI_Fetch_and_op                             0.001674 s  (72 calls,    23.252 us/call)
        MPI_Win_unlock                               1.578311 s  (72 calls, 21920.985 us/call)
        RMA call overhead (derived)                  0.000112 s  (72 calls,     1.553 us/call)
      align nominal offsets to FASTQ records       0.000053 s  (48 calls,     1.104 us/call)
      scheduler loop/bookkeeping (derived)         0.000138 s  (49 calls,     2.811 us/call)

  Scheduler teardown timing
    MPI_Barrier (wait for other ranks)           0.187112 s  (1 calls, 187112.211 us/call)
    MPI_Win_free                                 0.000088 s  (1 calls,    87.551 us/call)

  Stage 2 by chunk
    completed chunks                                       48
    accumulated stage 2                            170.069603 s
    average stage 2 per chunk                        3.543117 s
    slowest chunk                                         196
    slowest chunk stage 2                            6.029830 s

    order   chunk  queue        byte range                       bytes      records   stage2(s)
        0      20     20  [   393216084,    412876904)     19660820        51739    5.022419
        1      45     21  [   884736204,    904397024)     19660820        51739    4.924389
        2      70     22  [  1376256324,   1395917144)     19660820        51739    5.075133
        3      95     23  [  1867776064,   1887436884)     19660820        51739    5.118093
        4      96      0  [  1887436884,   1907097704)     19660820        51739    5.203937
        5     121      1  [  2378957004,   2398617824)     19660820        51739    5.007102
        6     146      2  [  2870477124,   2890137944)     19660820        51739    5.193745
        7     171      3  [  3361996864,   3381657684)     19660820        51739    5.100414
        8     196      4  [  3853517128,   3873177792)     19660664        52289    6.029830
        9     221      5  [  4345037172,   4364697612)     19660440        51738    4.995831
       10     246      6  [  4836556912,   4856217732)     19660820        51739    5.797468
       11     271      7  [  5328077032,   5347737852)     19660820        51739    5.080127
       12     296      8  [  5819597152,   5839257972)     19660820        51739    4.963951
       13     321      9  [  6311116892,   6330777712)     19660820        51739    5.189383
       14     346     10  [  6802637012,   6822297832)     19660820        51739    5.028888
       15     371     11  [  7294157132,   7313817952)     19660820        51739    4.955781
       16     396     12  [  7785676900,   7805337940)     19661040        52290    5.200607
       17     421     13  [  8277197060,   8296857880)     19660820        51739    4.966644
       18     446 5948)      4915300        12935    1.434914
       32     770      2  [ 14018150488,  14023065788)      4915300        12935    1.344407
       33     795      3  [ 14141030708,  14145945628)      4914920        12934    1.423954
       34     820      4  [ 14263910548,  14268825848)      4915300        12935    1.432648
       35     845      5  [ 14386790768,  14391705688)      4914920        12934    1.593415
       36     870      6  [ 14509670608,  14514585908)      4915300        12935    1.476685
       37     895      7  [ 14632550448,  14637465748)      4915300        12935    1.676124
       38     920      8  [ 14755430668,  14760345968)      4915300        12935    1.447048
       39     945      9  [ 14878310508,  14883225808)      4915300        12935    1.503247
       40     994     10  [ 14986444828,  14987673748)      1228920         3234    0.764015
       41    1043     11  [ 15046656208,  15047885128)      1228920         3234    0.473862
       42    1068     12  [ 15077376168,  15078605088)      1228920         3234    0.478324
       43    1093     13  [ 15108096128,  15109325048)      1228920         3234    0.432497
       44    1118     14  [ 15138816088,  15140045008)      1228920         3234    0.631621
       45    1143     15  [ 15169536048,  15170764968)      1228920         3234    0.720465
==============================================================

[SWBWA output hash rank 000018/000024] calls=3252086 bytes=1371243169 sum=0xcd7935eda3452665 xor=0x013893ec90cb60a5 enabled=1
   13  [  8749056360,   8768716800)     19660440        51738    5.067992
       19     470     14  [  9240576100,   9260236920)     19660820        51739    4.840216
       20     495     15  [  9732096220,   9751757040)     19660820        51739    5.169508
       21     520     16  [ 10223616340,  10243277160)     19660820        51739    4.981225
       22     545     17  [ 10715136080,  10734796900)     19660820        51739    5.127335
       23     570     18  [ 11206656200,  11226317020)     19660820        51739    5.105510
       24     595     19  [ 11698176008,  11717837048)     19661040        52290    5.170153
       25     620     20  [ 12189696128,  12209356948)     19660820        51739    5.191977
       26     645     21  [ 12681216248,  12700877068)     19660820        51739    4.967612
       27     670     22  [ 13172736368,  13192396808)     19660440        51738    5.117001
       28     695     23  [ 13649510588,  13654425888)      4915300        12935    1.445696
       29     696      0  [ 13654425888,  13659340808)      4914920        12934    1.446826
       30     721      1  [ 13777305728,  13782221028)      4915300        12935    1.465210
       31     746      2  [ 13900185948,  13905100868)      4914920        12934    1.529134
       32     771      3  [ 14023065788,  14027981088)      4915300        12935    1.398187
       33     796      4  [ 14145945628,  14150860928)      4915300        12935    1.292818
       34     821      5  [ 14268825848,  14273741148)      4915300        12935    1.478976
       35     846      6  [ 14391705688,  14396620988)      4915300        12935    1.535498
       36     871      7  [ 14514585908,  14519500828)      4914920        12934    1.527901
       37     896      8  [ 14637465748,  14642381048)      4915300        12935    1.450891
       38     921      9  [ 14760345968,  14765260888)      4914920        12934    1.366415
       39     946     10  [ 14883225808,  14888141108)      4915300        12935    1.461855
       40     971     11  [ 14958182708,  14959411248)      1228540         3233    0.667240
       41     996     12  [ 14988902668,  14990131208)      1228540         3233    0.614038
       42    1021     13  [ 15019622628,  15020851548)      1228920         3234    0.487220
       43    1046     14  [ 15050342588,  15051571508)      1228920         3234    0.556181
       44    1071     15  [ 15081062548,  15082291468)      1228920         3234    0.564216
       45    1096     16  [ 15111782508,  15113011428)      1228920         3234    0.444243
       46    1121     17  [ 15142502468,  15143731388)      1228920         3234    0.487968
       47    1146     18  [ 15173222428,  15174451348)      1228920         3234    0.777282
==============================================================

[SWBWA output hash rank 000019/000024] calls=3262968 bytes=1376167930 sum=0xbd897820e701bf73 xor=0xc9cd94b8b5cea411 enabled=1
    14  [  8768716800,   8788377620)     19660820        51739    5.338732
       19     471     15  [  9260236920,   9279897740)     19660820        51739    5.115643
       20     496     16  [  9751757040,   9771417860)     19660820        51739    5.030564
       21     521     17  [ 10243277160,  10262937600)     19660440        51738    5.498335
       22     546     18  [ 10734796900,  10754457720)     19660820        51739    5.270947
       23     571     19  [ 11226317020,  11245977840)     19660820        51739    4.993291
       24     596     20  [ 11717837048,  11737497712)     19660664        52289    5.183790
       25     621     21  [ 12209356948,  12229017768)     19660820        51739    4.919937
       26     646     22  [ 12700877068,  12720537888)     19660820        51739    5.094270
       27     671     23  [ 13192396808,  13212057628)     19660820        51739    5.022110
       28     672      0  [ 13212057628,  13231718448)     19660820        51739    5.043639
       29     697      1  [ 13659340808,  13664256108)      4915300        12935    1.466380
       30     722      2  [ 13782221028,  13787136328)      4915300        12935    1.553220
       31     747      3  [ 13905100868,  13910016168)      4915300        12935    1.573742
       32     772      4  [ 14027981088,  14032896008)      4914920        12934    1.457762
       33     797      5  [ 14150860928,  14155776228)      4915300        12935    1.496971
       34     822      6  [ 14273741148,  14278656068)      4914920        12934    1.429459
       35     847      7  [ 14396620988,  14401536288)      4915300        12935    1.476709
       36     872      8  [ 14519500828,  14524416128)      4915300        12935    1.456697
       37     897      9  [ 14642381048,  14647296348)      4915300        12935    1.464905
       38     922     10  [ 14765260888,  14770176188)      4915300        12935    1.454526
       39     947     11  [ 14888141108,  14893056028)      4914920        12934    1.525720
       40     972     12  [ 14959411248,  14960640168)      1228920         3234    0.579789
       41     997     13  [ 14990131208,  14991360128)      1228920         3234    0.445593
       42    1022     14  [ 15020851548,  15022080088)      1228540         3233    0.519653
       43    1047     15  [ 15051571508,  15052800048)      1228540         3233    0.493196
       44    1072     16  [ 15082291468,  15083520008)      1228540         3233    0.518037
       45    1097     17  [ 15113011428,  15114240348)      1228920         3234    0.679435
       46    1122     18  [ 15143731388,  15144960308)      1228920         3234    0.559300
       47    1147     19  [ 15174451348,  15175680268)      1228920         3234    0.553510
==============================================================

[SWBWA output hash rank 000020/000024] calls=3340462 bytes=1408674800 sum=0xacc8d4862454ec06 xor=0xd562b22e5ea34170 enabled=1

================ MPI Dynamic Scheduler Debug =================
  MPI rank: 000021 / 000024

  Work summary
    claimed chunks                                         48
    claimed from this rank's queue                          2
    claimed from another rank's queue                      46
    completed FASTQ records                           1670231
    claimed input bytes                             634060308

  Scheduler counters
    scheduler_next calls                                   49
    RMA ticket attempts                                    72
    attempts against another rank's queue                  69
    tickets beyond the final chunk                         24
    empty aligned chunks                                    0

  Scheduler timing
    MPI_Win_create (setup)                       0.001756 s  (1 calls,  1755.963 us/call)
    MPI_Barrier after setup                      0.000021 s  (1 calls,    20.799 us/call)
    scheduler_next total                         1.660611 s  (49 calls, 33890.021 us/call)
      RMA ticket path total                        1.660435 s  (72 calls, 23061.601 us/call)
        MPI_Win_lock                                 0.000203 s  (72 calls,     2.820 us/call)
        MPI_Fetch_and_op                             0.002066 s  (72 calls,    28.689 us/call)
        MPI_Win_unlock                               1.657968 s  (72 calls, 23027.336 us/call)
        RMA call overhead (derived)                  0.000198 s  (72 calls,     2.756 us/call)
      align nominal offsets to FASTQ records       0.000045 s  (48 calls,     0.927 us/call)
      scheduler loop/bookkeeping (derived)         0.000131 s  (49 calls,     2.678 us/call)

  Scheduler teardown timing
    MPI_Barrier (wait for other ranks)           0.207154 s  (1 calls, 207153.913 us/call)
    MPI_Win_free                                 0.000074 s  (1 calls,    73.900 us/call)

  Stage 2 by chunk
    completed chunks                                       48
    accumulated stage 2                            168.749476 s
    average stage 2 per chunk                        3.515614 s
    slowest chunk                                         197
    slowest chunk stage 2                            5.864790 s

    order   chunk  queue        byte range                       bytes      records   stage2(s)
        0      21     21  [   412876904,    432537724)     19660820        51739    4.885968
        1      46     22  [   904397024,    924057844)     19660820        51739    5.095837
        2      71     23  [  1395917144,   1415577964)     19660820        51739    5.220729
        3      72      0  [  1415577964,   1435238404)     19660440        51738    5.075013
        4      97      1  [  1907097704,   1926758524)     19660820        51739    4.903122
        5     122      2  [  2398617824,   2418278644)     19660820        51739    5.052261
        6     147      3  [  2890137944,   2909798764)     19660820        51739    4.907241
        7     172      4  [  3381657684,   3401318504)     19660820        51739    5.044232
        8     197      5  [  3873177792,   3892838456)     19660664        52289    5.864790
        9     222      6  [  4364697612,   4384358432)     19660820        51739    5.131626
       10     247      7  [  4856217732,   4875878552)     19660820        51739    5.036645
       11     272      8  [  5347737852,   5367398672)     19660820        51739    5.101659
       12     297      9  [  5839257972,   5858918412)     19660440        51738    4.976857
       13     322     10  [  6330777712,   6350438532)     19660820        51739    5.104410
       14     347     11  [  6822297832,   6841958652)     19660820        51739    5.250040
       15     372     12  [  7313817952,   7333478772)     19660820        51739    4.941110
       16     397     13  [  7805337940,   7824998604)     19660664        52289    5.154847
       17     422     14  [  8296857880,   8316518700)     19660820        51739    5.261659
       18     447 
================ MPI Progress Thread Debug =================
  MPI rank: 000000 / 000024
  lifetime                                      202.495641 s
  MPI_Iprobe calls                                   20237
  MPI_Iprobe total                                0.199087 s
  MPI_Iprobe average                                 9.838 us
  MPI_Iprobe maximum                              0.007398 s
  calls >= 1 ms                                          2
  calls >= 10 ms                                         0
  calls >= 100 ms                                        0
  calls >= 1 s                                           0
============================================================


================ MPI Progress Thread Debug =================
  MPI rank: 000001 / 000024
  lifetime                                      202.499820 s
  MPI_Iprobe calls                                   20247
  MPI_Iprobe total                                0.170879 s
  MPI_Iprobe average                                 8.440 us
  MPI_Iprobe maximum                              0.004217 s
  calls >= 1 ms                                          3
  calls >= 10 ms                                         0
  calls >= 100 ms                                        0
  calls >= 1 s                                           0
============================================================


================ MPI Progress Thread Debug =================
  MPI rank: 000002 / 000024
  lifetime                                      202.498441 s
  MPI_Iprobe calls                                   20246
  MPI_Iprobe total                                0.190015 s
  MPI_Iprobe average                                 9.385 us
  MPI_Iprobe maximum                              0.000260 s
  calls >= 1 ms                                          0
  calls >= 10 ms                                         0
  calls >= 100 ms                                        0
  calls >= 1 s                                           0
============================================================

[SWBWA output hash rank 000012/000024] calls=3288894 bytes=1387267147 sum=0xdd093a93bfcbc786 xor=0x136aa04042a200f2 enabled=1

================ MPI Progress Thread Debug =================
  MPI rank: 000003 / 000024
  lifetime                                      202.489380 s
  MPI_Iprobe calls                                   20239
  MPI_Iprobe total                                0.172556 s
  MPI_Iprobe average                                 8.526 us
  MPI_Iprobe maximum                              0.002540 s
  calls >= 1 ms                                          4
  calls >= 10 ms                                         0
  calls >= 100 ms                                        0
  calls >= 1 s                                           0
============================================================


================ MPI Progress Thread Debug =================
  MPI rank: 000004 / 000024
  lifetime                                      202.497896 s
  MPI_Iprobe calls                                   20247
  MPI_Iprobe total                                0.144971 s
  MPI_Iprobe average                                 7.160 us
  MPI_Iprobe maximum                              0.001865 s
  calls >= 1 ms                                          1
  calls >= 10 ms                                         0
  calls >= 100 ms                                        0
  calls >= 1 s                                           0
============================================================


================ MPI Progress Thread Debug =================
  MPI rank: 000005 / 000024
  lifetime                                      202.503566 s
  MPI_Iprobe calls                                   20246
  MPI_Iprobe total                                0.164837 s
  MPI_Iprobe average                                 8.142 us
  MPI_Iprobe maximum                              0.001285 s
  calls >= 1 ms                                          2
  calls >= 10 ms                                         0
  calls >= 100 ms                                        0
  calls >= 1 s                                           0
============================================================


================ MPI Progress Thread Debug =================
  MPI rank: 000006 / 000024
  lifetime                                      202.497603 s
  MPI_Iprobe calls                                   20243
  MPI_Iprobe total                                0.223002 s
  MPI_Iprobe average                                11.016 us
  MPI_Iprobe maximum                              0.008687 s
  calls >= 1 ms                                          5
  calls >= 10 ms                                         0
  calls >= 100 ms                                        0
  calls >= 1 s                                           0
============================================================


================ MPI Progress Thread Debug =================
  MPI rank: 000007 / 000024
  lifetime                                      202.494918 s
  MPI_Iprobe calls                                   20243
  MPI_Iprobe total                                0.149450 s
  MPI_Iprobe average                                 7.383 us
  MPI_Iprobe maximum                              0.000193 s
  calls >= 1 ms                                          0
  calls >= 10 ms                                         0
  calls >= 100 ms                                        0
  calls >= 1 s                                           0
============================================================

    15  [  8788377620,   8808038440)     19660820        51739    5.155188
       19     472     16  [  9279897740,   9299558560)     19660820        51739    4.925276
       20     497     17  [  9771417860,   9791078680)     19660820        51739    5.159366
       21     522     18  [ 10262937600,  10282598420)     19660820        51739    4.969897
       22     547     19  [ 10754457720,  10774118540)     19660820        51739    5.318582
       23     572     20  [ 11245977840,  11265638660)     19660820        51739    5.207646
       24     597     21  [ 11737497712,  11757158752)     19661040        52290    5.011799
       25     622     22  [ 12229017768,  12248678588)     19660820        51739    5.107071
       26     647     23  [ 12720537888,  12740198708)     19660820        51739    5.073269
       27     648      0  [ 12740198708,  12759859528)     19660820        51739    5.234887
       28     673      1  [ 13231718448,  13251379268)     19660820        51739    5.031755
       29     698      2  [ 13664256108,  13669171408)      4915300        12935    1.382003
       30     723      3  [ 13787136328,  13792051248)      4914920        12934    1.427787
       31     748      4  [ 13910016168,  13914931468)      4915300        12935    1.546139
       32     773      5  [ 14032896008,  14037811308)      4915300        12935    1.454601
       33     798      6  [ 14155776228,  14160691528)      4915300        12935    1.432298
       34     823      7  [ 14278656068,  14283571368)      4915300        12935    1.485534
       35     848      8  [ 14401536288,  14406451208)      4914920        12934    1.452186
       36     873      9  [ 14524416128,  14529331428)      4915300        12935    1.496495
       37     898     10  [ 14647296348,  14652211268)      4914920        12934    1.713832
       38     923     11  [ 14770176188,  14775091488)      4915300        12935    1.390894
       39     948     12  [ 14893056028,  14897971328)      4915300        12935    1.421868
       40     973     13  [ 14960640168,  14961869088)      1228920         3234    0.690407
       41     998     14  [ 14991360128,  14992589048)      1228920         3234    0.471499
       42    1023     15  [ 15022080088,  15023309008)      1228920         3234    0.611200
       43    1048     16  [ 15052800048,  15054028968)      1228920         3234    0.510011
       44    1073     17  [ 15083520008,  15084748928)      1228920         3234    0.541805
       45    1098     18  [ 15114240348,  15115468888)      1228540         3233    0.484022
       46    1123     19  [ 15144960308,  15146188848)      1228540         3233    0.500160
       47    1148     20  [ 15175680268,  15176908808)      1228540         3233    0.533954
==============================================================

[SWBWA output hash rank 000021/000024] calls=3340462 bytes=1408677283 sum=0x3c6ff7b623915ea2 xor=0x6da21b1eae4c11a0 enabled=1

================ MPI Dynamic Scheduler Debug =================
  MPI rank: 000022 / 000024

  Work summary
    claimed chunks                                         48
    claimed from this rank's queue                          2
    claimed from another rank's queue                      46
    completed FASTQ records                           1679523
    claimed input bytes                             637746560

  Scheduler counters
    scheduler_next calls                                   49
    RMA ticket attempts                                    72
    attempts against another rank's queue                  69
    tickets beyond the final chunk                         24
    empty aligned chunks                                    0

  Scheduler timing
    MPI_Win_create (setup)                       0.001617 s  (1 calls,  1616.863 us/call)
    MPI_Barrier after setup                      0.000016 s  (1 calls,    15.700 us/call)
    scheduler_next total                         1.604829 s  (49 calls, 32751.603 us/call)
      RMA ticket path total                        1.604651 s  (72 calls, 22286.824 us/call)
        MPI_Win_lock                                 0.000201 s  (72 calls,     2.786 us/call)
        MPI_Fetch_and_op                             0.002146 s  (72 calls,    29.807 us/call)
        MPI_Win_unlock                               1.602184 s  (72 calls, 22252.562 us/call)
        RMA call overhead (derived)                  0.000120 s  (72 calls,     1.669 us/call)
      align nominal offsets to FASTQ records       0.000042 s  (48 calls,     0.883 us/call)
      scheduler loop/bookkeeping (derived)         0.000135 s  (49 calls,     2.751 us/call)

  Scheduler teardown timing
    MPI_Barrier (wait for other ranks)           0.002372 s  (1 calls,  2371.768 us/call)
    MPI_Win_free                                 0.000082 s  (1 calls,    81.851 us/call)

  Stage 2 by chunk
    completed chunks                                       48
    accumulated stage 2                            168.460956 s
    average stage 2 per chunk                        3.509603 s
    slowest chunk                                         198
    slowest chunk stage 2                            5.906561 s

    order   chunk  queue        byte range                       bytes      records   stage2(s)
        0      22     22  [   432537724,    452198544)     19660820        51739    4.962085
        1      47     23  [   924057844,    943718664)     19660820        51739    4.978729
        2      48      0  [   943718664,    963379484)     19660820        51739    5.124751
        3      73      1  [  1435238404,   1454899224)     19660820        51739    4.963590
        4      98      2  [  1926758524,   1946419344)     19660820        51739    5.057732
        5     123      3  [  2418278644,   2437939464)     19660820        51739    5.140539
        6     148      4  [  2909798764,   2929459204)     19660440        51738    5.048825
        7     173      5  [  3401318504,   3420979324)     19660820        51739    4.995240
        8     198      6  [  3892838456,   3912499496)     19661040        52290    5.906561
        9     223      7  [  4384358432,   4404019252)     19660820        51739    4.887281
       10     248      8  [  4875878552,   4895539372)     19660820        51739    5.088251
       11     273      9  [  5367398672,   5387059492)     19660820        51739    5.026883
       12     298     10  [  5858918412,   5878579232)     19660820        51739    5.127991
       13     323     11  [  6350438532,   6370099352)     19660820        51739    5.075309
       14     348     12  [  6841958652,   6861619472)     19660820        51739    5.072389
       15     373     13  [  7333478772,   7353139212)     19660440        51738    4.754266
       16     398     14  [  7824998604,   7844659268)     19660664        52289    5.094381
       17     423     15  [  8316518700,   8336179520)     19660820        51739    5.082842
       18     448  
================ MPI Dynamic Scheduler Debug =================
  MPI rank: 000023 / 000024

  Work summary
    claimed chunks                                         47
    claimed from this rank's queue                          2
    claimed from another rank's queue                      45
    completed FASTQ records                           1656751
    claimed input bytes                             629147064

  Scheduler counters
    scheduler_next calls                                   48
    RMA ticket attempts                                    71
    attempts against another rank's queue                  68
    tickets beyond the final chunk                         24
    empty aligned chunks                                    0

  Scheduler timing
    MPI_Win_create (setup)                       0.001918 s  (1 calls,  1918.164 us/call)
    MPI_Barrier after setup                      0.000020 s  (1 calls,    19.901 us/call)
    scheduler_next total                         1.541184 s  (48 calls, 32107.990 us/call)
      RMA ticket path total                        1.541001 s  (71 calls, 21704.235 us/call)
        MPI_Win_lock                                 0.000197 s  (71 calls,     2.778 us/call)
        MPI_Fetch_and_op                             0.001742 s  (71 calls,    24.529 us/call)
        MPI_Win_unlock                               1.538948 s  (71 calls, 21675.328 us/call)
        RMA call overhead (derived)                  0.000114 s  (71 calls,     1.600 us/call)
      align nominal offsets to FASTQ records       0.000047 s  (47 calls,     1.008 us/call)
      scheduler loop/bookkeeping (derived)         0.000135 s  (48 calls,     2.823 us/call)

  Scheduler teardown timing
    MPI_Barrier (wait for other ranks)           0.089818 s  (1 calls, 89817.828 us/call)
    MPI_Win_free                                 0.000070 s  (1 calls,    70.151 us/call)

  Stage 2 by chunk
    completed chunks                                       47
    accumulated stage 2                            166.683643 s
    average stage 2 per chunk                        3.546460 s
    slowest chunk                                         324
    slowest chunk stage 2                            5.477911 s

    order   chunk  queue        byte range                       bytes      records   stage2(s)
        0      23     23  [   452198544,    471859364)     19660820        51739    5.026460
        1      24      0  [   471859364,    491520184)     19660820        51739    4.979459
        2      49      1  [   963379484,    983040304)     19660820        51739    4.987971
        3      74      2  [  1454899224,   1474560044)     19660820        51739    4.993595
        4      99      3  [  1946419344,   1966080164)     19660820        51739    5.110745
        5     124      4  [  2437939464,   2457600284)     19660820        51739    5.125115
        6     149      5  [  2929459204,   2949120024)     19660820        51739    5.101523
        7     174      6  [  3420979324,   3440640144)     19660820        51739    5.117499
        8     199      7  [  3912499496,   3932160160)     19660664        52289    5.034136
        9     224      8  [  4404019252,   4423680072)     19660820        51739    4.982784
       10     249      9  [  4895539372,   4915200192)     19660820        51739    5.161137
       11     274     10  [  5387059492,   5406720312)     19660820        51739    5.048186
       12     299     11  [  5878579232,   5898240052)     19660820        51739    5.070674
       13     324     12  [  6370099352,   6389760172)     19660820        51739    5.477911
       14     349     13  [  6861619472,   6881280292)     19660820        51739    5.101849
       15     374     14  [  7353139212,   7372800032)     19660820        51739    5.201717
       16     399     15  [  7844659268,   7864320308)     19661040        52290    5.295110
       17     424     16  [  8336179520,   8355840340)     19660820        51739    5.144225
       18     449     16  [  8808038440,   8827699260)     19660820        51739    5.013918
       19     473     17  [  9299558560,   9319219380)     19660820        51739    5.013725
       20     498     18  [  9791078680,   9810739500)     19660820        51739    5.050138
       21     523     19  [ 10282598420,  10302259240)     19660820        51739    5.211886
       22     548     20  [ 10774118540,  10793779360)     19660820        51739    5.126610
       23     573     21  [ 11265638660,  11285299480)     19660820        51739    5.202645
       24     598     22  [ 11757158752,  11776819288)     19660536        51880    5.044884
       25     623     23  [ 12248678588,  12268339408)     19660820        51739    4.906872
       26     624      0  [ 12268339408,  12288000228)     19660820        51739    5.148034
       27     649      1  [ 12759859528,  12779520348)     19660820        51739    4.980556
       28     674      2  [ 13251379268,  13271040088)     19660820        51739    5.080691
       29     699      3  [ 13669171408,  13674086708)      4915300        12935    1.380714
       30     700      4  [ 13674086708,  13679001628)      4914920        12934    1.368975
       31     725      5  [ 13796966548,  13801881848)      4915300        12935    1.303259
       32     750      6  [ 13919846768,  13924761688)      4914920        12934    1.647378
       33     775      7  [ 14042726608,  14047641908)      4915300        12935    1.504051
       34     800      8  [ 14165606448,  14170521748)      4915300        12935    1.305491
       35     825      9  [ 14288486668,  14293401968)      4915300        12935    1.454013
       36     850     10  [ 14411366508,  14416281808)      4915300        12935    1.554064
       37     875     11  [ 14534246728,  14539161648)      4914920        12934    1.335005
       38     900     12  [ 14657126568,  14662041868)      4915300        12935    1.657525
       39     925     13  [ 14780006408,  14784921708)      4915300        12935    1.375343
       40     950     14  [ 14902886628,  14907801928)      4915300        12935    1.330862
       41     975     15  [ 14963097628,  14964326548)      1228920         3234    0.584618
       42    1000     16  [ 14993817968,  14995046508)      1228540         3233    0.528659
       43    1025     17  [ 15024537928,  15025766468)      1228540         3233    0.490933
       44    1050     18  [ 15055257888,  15056486428)      1228540         3233    0.775164
       45    1075     19  [ 15085977848,  15087206768)      1228920         3234    0.640140
       46    1124     20  [ 15146188848,  15147417768)      1228920         3234    0.496616
       47    1149     21  [ 15176908808,  15178137728)      1228920         3234    0.560542
==============================================================

[SWBWA output hash rank 000022/000024] calls=3359046 bytes=1416520583 sum=0xf3cadc5d83a4ec84 xor=0x8d3686bfd2067d76 enabled=1
   17  [  8827699260,   8847360080)     19660820        51739    4.974126
       19     474     18  [  9319219380,   9338880200)     19660820        51739    4.992435
       20     499     19  [  9810739500,   9830400320)     19660820        51739    5.048700
       21     524     20  [ 10302259240,  10321920060)     19660820        51739    5.174974
       22     549     21  [ 10793779360,  10813440180)     19660820        51739    5.166635
       23     574     22  [ 11285299480,  11304960300)     19660820        51739    4.977040
       24     599     23  [ 11776819288,  11796480108)     19660820        51739    5.076787
       25     600      0  [ 11796480108,  11816140928)     19660820        51739    5.221706
       26     625      1  [ 12288000228,  12307661048)     19660820        51739    5.240164
       27     650      2  [ 12779520348,  12799181168)     19660820        51739    4.985230
       28     675      3  [ 13271040088,  13290700908)     19660820        51739    5.262201
       29     724      4  [ 13792051248,  13796966548)      4915300        12935    1.401551
       30     749      5  [ 13914931468,  13919846768)      4915300        12935    1.486597
       31     774      6  [ 14037811308,  14042726608)      4915300        12935    1.383486
       32     799      7  [ 14160691528,  14165606448)      4914920        12934    1.391904
       33     824      8  [ 14283571368,  14288486668)      4915300        12935    1.575693
       34     849      9  [ 14406451208,  14411366508)      4915300        12935    1.408627
       35     874     10  [ 14529331428,  14534246728)      4915300        12935    1.501988
       36     899     11  [ 14652211268,  14657126568)      4915300        12935    1.400194
       37     924     12  [ 14775091488,  14780006408)      4914920        12934    1.350781
       38     949     13  [ 14897971328,  14902886628)      4915300        12935    1.414168
       39     974     14  [ 14961869088,  14963097628)      1228540         3233    0.511750
       40     999     15  [ 14992589048,  14993817968)      1228920         3234    0.517163
       41    1024     16  [ 15023309008,  15024537928)      1228920         3234    0.516134
       42    1049     17  [ 15054028968,  15055257888)      1228920         3234    0.541605
       43    1074     18  [ 15084748928,  15085977848)      1228920         3234    0.599676
       44    1099     19  [ 15115468888,  15116697808)      1228920         3234    0.492846
       45    1100     20  [ 15116697808,  15117926728)      1228920         3234    0.423671
       46    1125     21  [ 15147417768,  15148646688)      1228920         3234    0.685715
==============================================================

[SWBWA output hash rank 000023/000024] calls=3313502 bytes=1397270565 sum=0x2cc20fa2ec6464df xor=0x199649e164157a95 enabled=1

================ MPI Progress Thread Debug =================
  MPI rank: 000008 / 000024
  lifetime                                      202.503244 s
  MPI_Iprobe calls                                   20247
  MPI_Iprobe total                                0.198404 s
  MPI_Iprobe average                                 9.799 us
  MPI_Iprobe maximum                              0.001827 s
  calls >= 1 ms                                          3
  calls >= 10 ms                                         0
  calls >= 100 ms                                        0
  calls >= 1 s                                           0
============================================================


================ MPI Progress Thread Debug =================
  MPI rank: 000009 / 000024
  lifetime                                      202.499800 s
  MPI_Iprobe calls                                   20239
  MPI_Iprobe total                                0.167857 s
  MPI_Iprobe average                                 8.294 us
  MPI_Iprobe maximum                              0.002604 s
  calls >= 1 ms                                          6
  calls >= 10 ms                                         0
  calls >= 100 ms                                        0
  calls >= 1 s                                           0
============================================================


================ MPI Progress Thread Debug =================
  MPI rank: 000010 / 000024
  lifetime                                      202.502478 s
  MPI_Iprobe calls                                   20245
  MPI_Iprobe total                                0.156984 s
  MPI_Iprobe average                                 7.754 us
  MPI_Iprobe maximum                              0.001569 s
  calls >= 1 ms                                          3
  calls >= 10 ms                                         0
  calls >= 100 ms                                        0
  calls >= 1 s                                           0
============================================================


================ MPI Progress Thread Debug =================
  MPI rank: 000011 / 000024
  lifetime                                      202.502407 s
  MPI_Iprobe calls                                   20248
  MPI_Iprobe total                                0.168460 s
  MPI_Iprobe average                                 8.320 us
  MPI_Iprobe maximum                              0.000631 s
  calls >= 1 ms                                          0
  calls >= 10 ms                                         0
  calls >= 100 ms                                        0
  calls >= 1 s                                           0
============================================================


================ MPI Progress Thread Debug =================
  MPI rank: 000012 / 000024
  lifetime                                      202.486590 s
  MPI_Iprobe calls                                   20241
  MPI_Iprobe total                                0.202736 s
  MPI_Iprobe average                                10.016 us
  MPI_Iprobe maximum                              0.004027 s
  calls >= 1 ms                                          1
  calls >= 10 ms                                         0
  calls >= 100 ms                                        0
  calls >= 1 s                                           0
============================================================


================ MPI Progress Thread Debug =================
  MPI rank: 000013 / 000024
  lifetime                                      202.502018 s
  MPI_Iprobe calls                                   20247
  MPI_Iprobe total                                0.160214 s
  MPI_Iprobe average                                 7.913 us
  MPI_Iprobe maximum                              0.000087 s
  calls >= 1 ms                                          0
  calls >= 10 ms                                         0
  calls >= 100 ms                                        0
  calls >= 1 s                                           0
============================================================


================ MPI Progress Thread Debug =================
  MPI rank: 000014 / 000024
  lifetime                                      202.498839 s
  MPI_Iprobe calls                                   20248
  MPI_Iprobe total                                0.194699 s
  MPI_Iprobe average                                 9.616 us
  MPI_Iprobe maximum                              0.004802 s
  calls >= 1 ms                                          1
  calls >= 10 ms                                         0
  calls >= 100 ms                                        0
  calls >= 1 s                                           0
============================================================


================ MPI Progress Thread Debug =================
  MPI rank: 000015 / 000024
  lifetime                                      202.500954 s
  MPI_Iprobe calls                                   20238
  MPI_Iprobe total                                0.176156 s
  MPI_Iprobe average                                 8.704 us
  MPI_Iprobe maximum                              0.003036 s
  calls >= 1 ms                                          8
  calls >= 10 ms                                         0
  calls >= 100 ms                                        0
  calls >= 1 s                                           0
============================================================


================ MPI Progress Thread Debug =================
  MPI rank: 000016 / 000024
  lifetime                                      202.503723 s
  MPI_Iprobe calls                                   20246
  MPI_Iprobe total                                0.169998 s
  MPI_Iprobe average                                 8.397 us
  MPI_Iprobe maximum                              0.001598 s
  calls >= 1 ms                                          1
  calls >= 10 ms                                         0
  calls >= 100 ms                                        0
  calls >= 1 s                                           0
============================================================


================ MPI Progress Thread Debug =================
  MPI rank: 000017 / 000024
  lifetime                                      202.496102 s
  MPI_Iprobe calls                                   20220
  MPI_Iprobe total                                0.161480 s
  MPI_Iprobe average                                 7.986 us
  MPI_Iprobe maximum                              0.019972 s
  calls >= 1 ms                                          2
  calls >= 10 ms                                         1
  calls >= 100 ms                                        0
  calls >= 1 s                                           0
============================================================


================ MPI Progress Thread Debug =================
  MPI rank: 000018 / 000024
  lifetime                                      202.497620 s
  MPI_Iprobe calls                                   20241
  MPI_Iprobe total                                0.183734 s
  MPI_Iprobe average                                 9.077 us
  MPI_Iprobe maximum                              0.001378 s
  calls >= 1 ms                                          1
  calls >= 10 ms                                         0
  calls >= 100 ms                                        0
  calls >= 1 s                                           0
============================================================


================ SWBWA CPE/MPI Progress Debug ================
  MPI rank: 000000 / 000024

    phase                      waits     probes   total(s)    avg(us)    max(s)   >=1ms   >=10ms   >=100ms    >=1s  completed
    FASTQ formatting              49          0      0.000      0.000     0.000       0        0         0       0          0
    alignment and SAM length      49          0      0.000      0.000     0.000       0        0         0       0          0
    SAM record generation         49          0      0.000      0.000     0.000       0        0         0       0          0
    all CPE phases               147          0      0.000      0.000     0.000       0        0         0       0          0

  Probes marked 'completed' returned with the CPE completion
  flag set. Their full call duration bounds the possible delay.
    completion-observing probe total               0.000000 s
    slowest completion-observing probe             0.000000 s
==============================================================


================ SWBWA CPE/MPI Progress Debug ================
  MPI rank: 000001 / 000024

    phase                      waits     probes   total(s)    avg(us)    max(s)   >=1ms   >=10ms   >=100ms    >=1s  completed
    FASTQ formatting              50          0      0.000      0.000     0.000       0        0         0       0          0
    alignment and SAM length      50          0      0.000      0.000     0.000       0        0         0       0          0
    SAM record generation         50          0      0.000      0.000     0.000       0        0         0       0          0

================ MPI Progress Thread Debug =================
  MPI rank: 000019 / 000024
  lifetime                                      202.498658 s
  MPI_Iprobe calls                                   20197
  MPI_Iprobe total                                0.159925 s
  MPI_Iprobe average                                 7.918 us
  MPI_Iprobe maximum                              0.014794 s
  calls >= 1 ms                                          1
  calls >= 10 ms                                         1
  calls >= 100 ms                                        0
  calls >= 1 s                                           0
============================================================


================ MPI Progress Thread Debug =================
  MPI rank: 000020 / 000024
  lifetime                                      202.501470 s
  MPI_Iprobe calls                                   20244
  MPI_Iprobe total                                0.209084 s
  MPI_Iprobe average                                10.328 us
  MPI_Iprobe maximum                              0.002414 s
  calls >= 1 ms                                          2
  calls >= 10 ms                                         0
  calls >= 100 ms                                        0
  calls >= 1 s                                           0
============================================================


================ MPI Progress Thread Debug =================
  MPI rank: 000021 / 000024
  lifetime                                      202.505079 s
  MPI_Iprobe calls                                   20246
  MPI_Iprobe total                                0.146659 s
  MPI_Iprobe average                                 7.244 us
  MPI_Iprobe maximum                              0.000166 s
  calls >= 1 ms                                          0
  calls >= 10 ms                                         0
  calls >= 100 ms                                        0
  calls >= 1 s                                           0
============================================================


================ MPI Progress Thread Debug =================
  MPI rank: 000022 / 000024
  lifetime                                      202.502100 s
  MPI_Iprobe calls                                   20250
  MPI_Iprobe total                                0.150776 s
  MPI_Iprobe average                                 7.446 us
  MPI_Iprobe maximum                              0.000079 s
  calls >= 1 ms                                          0
  calls >= 10 ms                                         0
  calls >= 100 ms                                        0
  calls >= 1 s                                           0
============================================================


================ MPI Progress Thread Debug =================
  MPI rank: 000023 / 000024
  lifetime                                      202.504640 s
  MPI_Iprobe calls                                   20243
  MPI_Iprobe total                                0.172099 s
  MPI_Iprobe average                                 8.502 us
  MPI_Iprobe maximum                              0.005347 s
  calls >= 1 ms                                          2
  calls >= 10 ms                                         0
  calls >= 100 ms                                        0
  calls >= 1 s                                           0
============================================================


================ SWBWA CPE/MPI Progress Debug ================
  MPI rank: 000006 / 000024

    phase                      waits     probes   total(s)    avg(us)    max(s)   >=1ms   >=10ms   >=100ms    >=1s  completed
    FASTQ formatting              48          0      0.000      0.000     0.000       0        0         0       0          0
    alignment and SAM length      48          0      0.000      0.000     0.000       0        0         0       0          0
    SAM record generation         48          0      0.000      0.000     0.000       0        0         0       0          0
    all CPE phases               144          0      0.000      0.000     0.000       0        0         0       0          0

  Probes marked 'completed' returned with the CPE completion
  flag set. Their full call duration bounds the possible delay.
    completion-observing probe total               0.000000 s
    slowest completion-observing probe             0.000000 s
==============================================================


================ SWBWA CPE/MPI Progress Debug ================
  MPI rank: 000007 / 000024

    phase                      waits     probes   total(s)    avg(us)    max(s)   >=1ms   >=10ms   >=100ms    >=1s  completed
    FASTQ formatting              48          0      0.000      0.000     0.000       0        0         0       0          0
    alignment and SAM length      48          0      0.000      0.000     0.000       0        0         0       0          0
    SAM record generation         48          0      0.000      0.000     0.000       0        0         0       0          0
    all CPE phases               144          0      0.000      0.000     0.000       0        0         0       0          0

  Probes marked 'completed' returned with the CPE completion
  flag set. Their full call duration bounds the possible delay.
    completion-observing probe total               0.000000 s
    slowest completion-observing probe             0.000000 s
==============================================================


================ SWBWA CPE/MPI Progress Debug ================
  MPI rank: 000008 / 000024

    phase                      waits     probes   total(s)    avg(us)    max(s)   >=1ms   >=10ms   >=100ms    >=1s  completed
    FASTQ formatting              48          0      0.000      0.000     0.000       0        0         0       0          0
    alignment and SAM length      48          0      0.000      0.000     0.000       0        0         0       0          0
    SAM record generation         48          0      0.000      0.000     0.000       0        0         0       0          0
    all CPE phases               144          0      0.000      0.000     0.000       0        0         0       0          0

  Probes marked 'completed' returned with the CPE completion
  flag set. Their full call duration bounds the possible delay.
    completion-observing probe total               0.000000 s
    slowest completion-observing probe             0.000000 s
==============================================================


================ SWBWA CPE/MPI Progress Debug ================
  MPI rank: 000009 / 000024

    phase                      waits     probes   total(s)    avg(us)    max(s)   >=1ms   >=10ms   >=100ms    >=1s  completed
    FASTQ formatting              46          0      0.000      0.000     0.000       0        0         0       0          0
    alignment and SAM length      46          0      0.000      0.000     0.000       0        0         0       0          0
    SAM record generation         46          0      0.000      0.000     0.000       0        0         0       0          0
    all CPE phases               138          0      0.000      0.000     0.000       0        0         0       0          0

  Probes marked 'completed' returned with the CPE completion
  flag set. Their full call duration bounds the possible delay.
    completion-observing probe total               0.000000 s
    slowest completion-observing probe             0.000000 s
==============================================================


================ SWBWA CPE/MPI Progress Debug ================
  MPI rank: 000010 / 000024

    phase                      waits     probes   total(s)    avg(us)    max(s)   >=1ms   >=10ms   >=100ms    >=1s  completed
    FASTQ formatting              46          0      0.000      0.000     0.000       0        0         0       0          0
    alignment and SAM length      46          0      0.000      0.000     0.000       0        0         0       0          0
    SAM record generation         46          0      0.000      0.000     0.000       0        0         0       0          0
    all CPE phases               138          0      0.000      0.000     0.000       0        0         0       0          0

  Probes marked 'completed' returned with the CPE completion
  flag set. Their full call duration bounds the possible delay.
    completion-observing probe total               0.000000 s
    slowest completion-observing probe             0.000000 s
==============================================================


================ SWBWA CPE/MPI Progress Debug ================
  MPI rank: 000011 / 000024

    phase                      waits     probes   total(s)    avg(us)    max(s)   >=1ms   >=10ms   >=100ms    >=1s  completed
    FASTQ formatting              44          0      0.000      0.000     0.000       0        0         0       0          0

================ SWBWA CPE/MPI Progress Debug ================
  MPI rank: 000012 / 000024

    phase                      waits     probes   total(s)    avg(us)    max(s)   >=1ms   >=10ms   >=100ms    >=1s  completed
    alignment and SAM length      44          0      0.000      0.000     0.000       0        0         0       0          0
    SAM record generation         44          0      0.000      0.000     0.000       0        0         0       0          0
    all CPE phases               132          0      0.000      0.000     0.000       0        0         0       0          0

  Probes marked 'completed' returned with the CPE completion
  flag set. Their full call duration bounds the possible delay.
    completion-observing probe total               0.000000 s
    slowest completion-observing probe             0.000000 s
==============================================================

    FASTQ formatting              43          0      0.000      0.000     0.000       0        0         0       0          0
    alignment and SAM length      43          0      0.000      0.000     0.000       0        0         0       0          0
    SAM record generation         43          0      0.000      0.000     0.000       0        0         0       0          0
    all CPE phases               129          0      0.000      0.000     0.000       0        0         0       0          0

  Probes marked 'completed' returned with the CPE completion
  flag set. Their full call duration bounds the possible delay.
    completion-observing probe total               0.000000 s
    slowest completion-observing probe             0.000000 s
==============================================================


================ SWBWA CPE/MPI Progress Debug ================
  MPI rank: 000013 / 000024

    phase                      waits     probes   total(s)    avg(us)    max(s)   >=1ms   >=10ms   >=100ms    >=1s  completed
    FASTQ formatting              48          0      0.000      0.000     0.000       0        0         0       0          0
    alignment and SAM length      48          0      0.000      0.000     0.000       0        0         0       0          0
    SAM record generation         48          0      0.000      0.000     0.000       0        0         0       0          0
    all CPE phases               144          0      0.000      0.000     0.000       0        0         0       0          0

  Probes marked 'completed' returned with the CPE completion
  flag set. Their full call duration bounds the possible delay.
    completion-observing probe total               0.000000 s
    slowest completion-observing probe             0.000000 s
==============================================================


================ SWBWA CPE/MPI Progress Debug ================
  MPI rank: 000014 / 000024

    phase                      waits     probes   total(s)    avg(us)    max(s)   >=1ms   >=10ms   >=100ms    >=1s  completed
    FASTQ formatting              49          0      0.000      0.000     0.000       0        0         0       0          0
    alignment and SAM length      49          0      0.000      0.000     0.000       0        0         0       0          0
    SAM record generation         49          0      0.000      0.000     0.000       0        0         0       0          0
    all CPE phases               147          0      0.000      0.000     0.000       0        0         0       0          0

  Probes marked 'completed' returned with the CPE completion
  flag set. Their full call duration bounds the possible delay.
    completion-observing probe total               0.000000 s
    slowest completion-observing probe             0.000000 s
==============================================================


================ SWBWA CPE/MPI Progress Debug ================
  MPI rank: 000015 / 000024

    phase                      waits     probes   total(s)    avg(us)    max(s)   >=1ms   >=10ms   >=100ms    >=1s  completed
    FASTQ formatting              49          0      0.000      0.000     0.000       0        0         0       0          0
    alignment and SAM length      49          0      0.000      0.000     0.000       0        0         0       0          0
    SAM record generation         49          0      0.000      0.000     0.000       0        0         0       0          0
    all CPE phases               147          0      0.000      0.000     0.000       0        0         0       0          0

  Probes marked 'completed' returned with the CPE completion
  flag set. Their full call duration bounds the possible delay.
    completion-observing probe total               0.000000 s
    slowest completion-observing probe             0.000000 s
==============================================================


================ SWBWA CPE/MPI Progress Debug ================
  MPI rank: 000016 / 000024

    phase                      waits     probes   total(s)    avg(us)    max(s)   >=1ms   >=10ms   >=100ms    >=1s  completed
    FASTQ formatting              49          0      0.000      0.000     0.000       0        0         0       0          0
    alignment and SAM length      49          0      0.000      0.000     0.000       0        0         0       0          0
    SAM record generation         49          0      0.000      0.000     0.000       0        0         0       0          0
    all CPE phases               147          0      0.000      0.000     0.000       0        0         0       0          0

  Probes marked 'completed' returned with the CPE completion
  flag set. Their full call duration bounds the possible delay.
    completion-observing probe total               0.000000 s
    slowest completion-observing probe             0.000000 s
==============================================================


================ SWBWA CPE/MPI Progress Debug ================
  MPI rank: 000017 / 000024

    phase                      waits     probes   total(s)    avg(us)    max(s)   >=1ms   >=10ms   >=100ms    >=1s  completed
    FASTQ formatting              48          0      0.000      0.000     0.000       0        0         0       0          0
    alignment and SAM length      48          0      0.000      0.000     0.000       0        0         0       0          0
    SAM record generation         48          0      0.000      0.000     0.000       0        0         0       0          0
    all CPE phases               144          0      0.000      0.000     0.000       0        0         0       0          0

  Probes marked 'completed' returned with the CPE completion
  flag set. Their full call duration bounds the possible delay.
    completion-observing probe total               0.000000 s
    slowest completion-observing probe             0.000000 s
==============================================================


================ SWBWA CPE/MPI Progress Debug ================
  MPI rank: 000018 / 000024

    phase                      waits     probes   total(s)    avg(us)    max(s)   >=1ms   >=10ms   >=100ms    >=1s  completed
    FASTQ formatting              46          0      0.000      0.000     0.000       0        0         0       0          0
    all CPE phases               150          0      0.000      0.000     0.000       0        0         0       0          0

  Probes marked 'completed' returned with the CPE completion
  flag set. Their full call duration bounds the possible delay.
    completion-observing probe total               0.000000 s
    slowest completion-observing probe             0.000000 s
==============================================================


================ SWBWA CPE/MPI Progress Debug ================
  MPI rank: 000002 / 000024

    phase                      waits     probes   total(s)    avg(us)    max(s)   >=1ms   >=10ms   >=100ms    >=1s  completed
    FASTQ formatting              50          0      0.000      0.000     0.000       0        0         0       0          0
    alignment and SAM length      50          0      0.000      0.000     0.000       0        0         0       0          0
    SAM record generation         50          0      0.000      0.000     0.000       0        0         0       0          0
    all CPE phases               150          0      0.000      0.000     0.000       0        0         0       0          0

  Probes marked 'completed' returned with the CPE completion
  flag set. Their full call duration bounds the possible delay.
    completion-observing probe total               0.000000 s
    slowest completion-observing probe             0.000000 s
==============================================================


================ SWBWA CPE/MPI Progress Debug ================
  MPI rank: 000003 / 000024

    phase                      waits     probes   total(s)    avg(us)    max(s)   >=1ms   >=10ms   >=100ms    >=1s  completed
    FASTQ formatting              51          0      0.000      0.000     0.000       0        0         0       0          0
    alignment and SAM length      51          0      0.000      0.000     0.000       0        0         0       0          0
    SAM record generation         51          0      0.000      0.000     0.000       0        0         0       0          0
    all CPE phases               153          0      0.000      0.000     0.000       0        0         0       0          0

  Probes marked 'completed' returned with the CPE completion
  flag set. Their full call duration bounds the possible delay.
    completion-observing probe total               0.000000 s
    slowest completion-observing probe             0.000000 s
==============================================================


================ SWBWA CPE/MPI Progress Debug ================
  MPI rank: 000004 / 000024

    phase                      waits     probes   total(s)    avg(us)    max(s)   >=1ms   >=10ms   >=100ms    >=1s  completed
    FASTQ formatting              52          0      0.000      0.000     0.000       0        0         0       0          0
    alignment and SAM length      52          0      0.000      0.000     0.000       0        0         0       0          0
    SAM record generation         52          0      0.000      0.000     0.000       0        0         0       0          0
    all CPE phases               156          0      0.000      0.000     0.000       0        0         0       0          0

  Probes marked 'completed' returned with the CPE completion
  flag set. Their full call duration bounds the possible delay.
    completion-observing probe total               0.000000 s
    slowest completion-observing probe             0.000000 s
==============================================================


================ SWBWA CPE/MPI Progress Debug ================
  MPI rank: 000005 / 000024

    phase                      waits     probes   total(s)    avg(us)    max(s)   >=1ms   >=10ms   >=100ms    >=1s  completed
    FASTQ formatting              51          0      0.000      0.000     0.000       0        0         0       0          0
    alignment and SAM length      51          0      0.000      0.000     0.000       0        0         0       0          0
    SAM record generation         51          0      0.000      0.000     0.000       0        0         0       0          0
    all CPE phases               153          0      0.000      0.000     0.000       0        0         0       0          0

  Probes marked 'completed' returned with the CPE completion
  flag set. Their full call duration bounds the possible delay.
    completion-observing probe total               0.000000 s
    slowest completion-observing probe             0.000000 s
==============================================================

    alignment and SAM length      46          0      0.000      0.000     0.000       0        0         0       0          0
    SAM record generation         46          0      0.000      0.000     0.000       0        0         0       0          0
    all CPE phases               138          0      0.000      0.000     0.000       0        0         0       0          0

  Probes marked 'completed' returned with the CPE completion
  flag set. Their full call duration bounds the possible delay.
    completion-observing probe total               0.000000 s
    slowest completion-observing probe             0.000000 s
==============================================================


================ SWBWA CPE/MPI Progress Debug ================
  MPI rank: 000019 / 000024

    phase                      waits     probes   total(s)    avg(us)    max(s)   >=1ms   >=10ms   >=100ms    >=1s  completed
    FASTQ formatting              48          0      0.000      0.000     0.000       0        0         0       0          0
    alignment and SAM length      48          0      0.000      0.000     0.000       0        0         0       0          0
    SAM record generation         48          0      0.000      0.000     0.000       0        0         0       0          0
    all CPE phases               144          0      0.000      0.000     0.000       0        0         0       0          0

  Probes marked 'completed' returned with the CPE completion
  flag set. Their full call duration bounds the possible delay.
    completion-observing probe total               0.000000 s
    slowest completion-observing probe             0.000000 s
==============================================================


================ SWBWA CPE/MPI Progress Debug ================
  MPI rank: 000020 / 000024

    phase                      waits     probes   total(s)    avg(us)    max(s)   >=1ms   >=10ms   >=100ms    >=1s  completed
    FASTQ formatting              48          0      0.000      0.000     0.000       0        0         0       0          0
    alignment and SAM length      48          0      0.000      0.000     0.000       0        0         0       0          0
    SAM record generation         48          0      0.000      0.000     0.000       0        0         0       0          0
    all CPE phases               144          0      0.000      0.000     0.000       0        0         0       0          0

  Probes marked 'completed' returned with the CPE completion
  flag set. Their full call duration bounds the possible delay.
    completion-observing probe total               0.000000 s
    slowest completion-observing probe             0.000000 s
==============================================================


================ SWBWA CPE/MPI Progress Debug ================
  MPI rank: 000021 / 000024

    phase                      waits     probes   total(s)    avg(us)    max(s)   >=1ms   >=10ms   >=100ms    >=1s  completed
    FASTQ formatting              48          0      0.000      0.000     0.000       0        0         0       0          0

======================= SWBWA Timing Report =======================
  MPI rank: 000000 / 000024
  Accumulated wall-clock time; indented rows are included in
  their parent row and must not be added to it.

  Pipeline
    total - complete three-stage pipeline                   202.500 s
    stage 1 - allocate and read raw FASTQ blocks             22.735 s
    stage 2 - align reads and generate SAM records          171.150 s
    stage 3 - write SAM and release batch data                8.313 s
      SAM output writes                                         7.030 s
      batch cleanup and loop overhead (derived)                 1.284 s

  Stage 1 input details
    batches completed / stage calls                      49 / 50
    input-buffer and batch allocations                        0.002 s  (148 calls, max 0.002 s)
    aggregate requested allocation bytes           1270682248
    FASTQ fseeko calls                                        6.288 s  (98 calls, max 0.252 s)
    FASTQ fread calls                                        14.900 s  (98 calls, max 0.655 s)
    align chunk ends to FASTQ record boundaries               0.000 s  (0 calls, max 0.000 s)
    scheduler, checks and bookkeeping (derived)               1.544 s
    raw FASTQ bytes read                           1270578696  (1211.718 MiB)
    effective fread bandwidth                         81.324 MiB/s
    slowest allocation                                 0.002 s  (1229944 bytes)
    slowest fread                                      0.655 s  (R1 offset=0, bytes=19661160)

  Stage 2 worker details
    total - active merge worker                             171.140 s
      part 1 - prepare CPE task and reusable buffers            0.592 s
      part 2 - CPE FASTQ formatting and input release           0.525 s
      part 3 - CPE alignment and SAM length pass              169.161 s
      part 4 - assign slices in the shared SAM buffer           0.239 s
      part 5 - CPE SAM record generation                        0.611 s
      part 6 - release temporary worker data                    0.001 s

  Reserved allocator timers (no active timing sites)
    malloc timer                                              0.000 s
    free timer                                                0.000 s
===================================================================


======================= SWBWA Timing Report =======================
  MPI rank: 000006 / 000024
  Accumulated wall-clock time; indented rows are included in
  their parent row and must not be added to it.

  Pipeline
    total - complete three-stage pipeline                   202.498 s
    stage 1 - allocate and read raw FASTQ blocks             26.906 s
    stage 2 - align reads and generate SAM records          167.810 s
    stage 3 - write SAM and release batch data                7.724 s
      SAM output writes                                         6.509 s
      batch cleanup and loop overhead (derived)                 1.215 s

  Stage 1 input details
    alignment and SAM length      48          0      0.000      0.000     0.000       0        0         0       0          0
    SAM record generation         48          0      0.000      0.000     0.000       0        0         0       0          0
    all CPE phases               144          0      0.000      0.000     0.000       0        0         0       0          0

  Probes marked 'completed' returned with the CPE completion
  flag set. Their full call duration bounds the possible delay.
    completion-observing probe total               0.000000 s
    slowest completion-observing probe             0.000000 s
==============================================================


================ SWBWA CPE/MPI Progress Debug ================
  MPI rank: 000022 / 000024

    phase                      waits     probes   total(s)    avg(us)    max(s)   >=1ms   >=10ms   >=100ms    >=1s  completed
    FASTQ formatting              48          0      0.000      0.000     0.000       0        0         0       0          0
    alignment and SAM length      48          0      0.000      0.000     0.000       0        0         0       0          0
    SAM record generation         48          0      0.000      0.000     0.000       0        0         0       0          0
    all CPE phases               144          0      0.000      0.000     0.000       0        0         0       0          0

  Probes marked 'completed' returned with the CPE completion
  flag set. Their full call duration bounds the possible delay.
    completion-observing probe total               0.000000 s
    slowest completion-observing probe             0.000000 s
==============================================================


================ SWBWA CPE/MPI Progress Debug ================
  MPI rank: 000023 / 000024

    phase                      waits     probes   total(s)    avg(us)    max(s)   >=1ms   >=10ms   >=100ms    >=1s  completed
    FASTQ formatting              47          0      0.000      0.000     0.000       0        0         0       0          0
    alignment and SAM length      47          0      0.000      0.000     0.000       0        0         0       0          0
    SAM record generation         47          0      0.000      0.000     0.000       0        0         0       0          0
    all CPE phases               141          0      0.000      0.000     0.000       0        0         0       0          0

  Probes marked 'completed' returned with the CPE completion
  flag set. Their full call duration bounds the possible delay.
    completion-observing probe total               0.000000 s
    slowest completion-observing probe             0.000000 s
==============================================================


======================= SWBWA Timing Report =======================
  MPI rank: 000012 / 000024
  Accumulated wall-clock time; indented rows are included in
  their parent row and must not be added to it.

  Pipeline
    total - complete three-stage pipeline                   202.497 s
    stage 1 - allocate and read raw FASTQ blocks             27.379 s
    stage 2 - align reads and generate SAM records          166.568 s
    stage 3 - write SAM and release batch data                8.494 s
      SAM output writes                                         7.153 s
      batch cleanup and loop overhead (derived)                 1.341 s

======================= SWBWA Timing Report =======================
  MPI rank: 000001 / 000024
  Accumulated wall-clock time; indented rows are included in
  their parent row and must not be added to it.

  Pipeline
    total - complete three-stage pipeline                   202.505 s
    stage 1 - allocate and read raw FASTQ blocks             24.567 s
    stage 2 - align reads and generate SAM records          169.685 s
    stage 3 - write SAM and release batch data                8.188 s
      SAM output writes                                         6.907 s
      batch cleanup and loop overhead (derived)                 1.280 s

  Stage 1 input details
    batches completed / stage calls                      50 / 51
    input-buffer and batch allocations                        0.000 s  (151 calls, max 0.000 s)
    aggregate requested allocation bytes           1271482672
    FASTQ fseeko calls                                        5.504 s  (100 calls, max 0.193 s)
    FASTQ fread calls                                        17.474 s  (100 calls, max 0.710 s)
    align chunk ends to FASTQ record boundaries               0.000 s  (0 calls, max 0.000 s)
    scheduler, checks and bookkeeping (derived)               1.589 s
    raw FASTQ bytes read                           1271377008  (1212.480 MiB)
    effective fread bandwidth                         69.388 MiB/s
    slowest allocation                                 0.000 s  (19661844 bytes)
    slowest fread                                      0.710 s  (R1 offset=19661160, bytes=19660556)

  Stage 2 worker details
    total - active merge worker                             169.664 s
      part 1 - prepare CPE task and reusable buffers            0.601 s
      part 2 - CPE FASTQ formatting and input release           0.548 s
      part 3 - CPE alignment and SAM length pass              167.662 s
      part 4 - assign slices in the shared SAM buffer           0.244 s
      part 5 - CPE SAM record generation                        0.586 s
      part 6 - release temporary worker data                    0.001 s

  Reserved allocator timers (no active timing sites)
    malloc timer                                              0.000 s
    free timer                                                0.000 s
===================================================================


======================= SWBWA Timing Report =======================
  MPI rank: 000002 / 000024
  Accumulated wall-clock time; indented rows are included in
  their parent row and must not be added to it.

  Pipeline
    total - complete three-stage pipeline                   202.505 s
    stage 1 - allocate and read raw FASTQ blocks             22.976 s
    stage 2 - align reads and generate SAM records          171.043 s
    stage 3 - write SAM and release batch data                8.358 s
      SAM output writes                                         7.079 s
      batch cleanup and loop overhead (derived)                 1.279 s

  Stage 1 input details
    batches completed / stage calls                      50 / 51
    input-buffer and batch allocations                        0.000 s  (151 calls, max 0.000 s)
    aggregate requested allocation bytes           1273141192
    FASTQ fseeko calls                                        4.064 s  (100 calls, max 0.152 s)
    FASTQ fread calls                                        16.794 s  (100 calls, max 0.760 s)
    align chunk ends to FASTQ record boundaries               0.000 s  (0 calls, max 0.000 s)
    scheduler, checks and bookkeeping (derived)               2.117 s
    raw FASTQ bytes read                           1273035528  (1214.061 MiB)
    effective fread bandwidth                         72.290 MiB/s
    slowest allocation                                 0.000 s  (4916324 bytes)
    slowest fread                                      0.760 s  (R1 offset=39321716, bytes=19661040)

  Stage 2 worker details
    total - active merge worker                             171.023 s
      part 1 - prepare CPE task and reusable buffers            0.655 s
      part 2 - CPE FASTQ formatting and input release           0.543 s
      part 3 - CPE alignment and SAM length pass              168.955 s
      part 4 - assign slices in the shared SAM buffer           0.254 s
      part 5 - CPE SAM record generation                        0.594 s
      part 6 - release temporary worker data                    0.002 s

  Reserved allocator timers (no active timing sites)
    malloc timer                                              0.000 s
    free timer                                                0.000 s
===================================================================


======================= SWBWA Timing Report =======================
  MPI rank: 000003 / 000024
  Accumulated wall-clock time; indented rows are included in
  their parent row and must not be added to it.

  Pipeline
    total - complete three-stage pipeline                   202.497 s
    stage 1 - allocate and read raw FASTQ blocks             20.838 s
    stage 2 - align reads and generate SAM records          173.895 s
    stage 3 - write SAM and release batch data                7.707 s
      SAM output writes                                         6.526 s
      batch cleanup and loop overhead (derived)                 1.181 s

  Stage 1 input details
    batches completed / stage calls                      51 / 52
    input-buffer and batch allocations                        0.000 s  (154 calls, max 0.000 s)
    aggregate requested allocation bytes           1282976416
    FASTQ fseeko calls                                        4.661 s  (102 calls, max 0.335 s)
    FASTQ fread calls                                        14.325 s  (102 calls, max 0.638 s)
    align chunk ends to FASTQ record boundaries               0.000 s  (0 calls, max 0.000 s)
    scheduler, checks and bookkeeping (derived)               1.852 s
    raw FASTQ bytes read                           1282868640  (1223.439 MiB)
    effective fread bandwidth                         85.409 MiB/s
    slowest allocation                                 0.000 s  (19661844 bytes)
    slowest fread                                      0.638 s  (R1 offset=58982756, bytes=19660664)

  Stage 2 worker details
    total - active merge worker                             173.877 s
      part 1 - prepare CPE task and reusable buffers            0.599 s
      part 2 - CPE FASTQ formatting and input release           0.544 s
      part 3 - CPE alignment and SAM length pass              171.828 s
      part 4 - assign slices in the shared SAM buffer           0.246 s
      part 5 - CPE SAM record generation                        0.641 s
      part 6 - release temporary worker data                    0.001 s

  Reserved allocator timers (no active timing sites)
    malloc timer                                              0.000 s
    free timer                                                0.000 s
===================================================================


======================= SWBWA Timing Report =======================
  MPI rank: 000004 / 000024
  Accumulated wall-clock time; indented rows are included in
  their parent row and must not be added to it.

  Pipeline
    total - complete three-stage pipeline                   202.502 s
    stage 1 - allocate and read raw FASTQ blocks             21.991 s
    stage 2 - align reads and generate SAM records          172.494 s
    stage 3 - write SAM and release batch data                7.955 s
      SAM output writes                                         6.715 s
      batch cleanup and loop overhead (derived)                 1.240 s

  Stage 1 input details
    batches completed / stage calls                      52 / 53
    input-buffer and batch allocations                        0.000 s  (157 calls, max 0.000 s)
    aggregate requested allocation bytes           1292806120
    FASTQ fseeko calls                                        3.273 s  (104 calls, max 0.279 s)
    FASTQ fread calls                                        16.962 s  (104 calls, max 0.716 s)
    align chunk ends to FASTQ record boundaries               0.000 s  (0 calls, max 0.000 s)
    scheduler, checks and bookkeeping (derived)               1.756 s
    raw FASTQ bytes read                           1292696232  (1232.811 MiB)
    effective fread bandwidth                         72.681 MiB/s
    slowest allocation                                 0.000 s  (4915944 bytes)
    slowest fread                                      0.716 s  (R2 offset=6959923572, bytes=19660440)

  Stage 2 worker details
    total - active merge worker                             172.472 s
      part 1 - prepare CPE task and reusable buffers            0.606 s
      part 2 - CPE FASTQ formatting and input release           0.557 s
      part 3 - CPE alignment and SAM length pass              170.411 s
      part 4 - assign slices in the shared SAM buffer           0.253 s
      part 5 - CPE SAM record generation                        0.620 s
      part 6 - release temporary worker data                    0.001 s

  Reserved allocator timers (no active timing sites)
    malloc timer                                              0.000 s
    free timer                                                0.000 s
===================================================================


======================= SWBWA Timing Report =======================
  MPI rank: 000005 / 000024
  Accumulated wall-clock time; indented rows are included in
  their parent row and must not be added to it.

  Pipeline
    total - complete three-stage pipeline                   202.505 s
    stage 1 - allocate and read raw FASTQ blocks             23.737 s
    stage 2 - align reads and generate SAM records          170.787 s
    stage 3 - write SAM and release batch data                7.917 s
      SAM output writes                                         6.685 s
      batch cleanup and loop overhead (derived)                 1.232 s

  Stage 1 input details
    batches completed / stage calls                      51 / 52
    input-buffer and batch allocations                        0.000 s  (154 calls, max 0.000 s)
    aggregate requested allocation bytes           1268232328
    FASTQ fseeko calls                                        1.961 s  (102 calls, max 0.209 s)
    FASTQ fread calls                                        20.121 s  (102 calls, max 0.815 s)
    align chunk ends to FASTQ record boundaries               0.000 s  (0 calls, max 0.000 s)
    scheduler, checks and bookkeeping (derived)               1.654 s
    raw FASTQ bytes read                           1268124552  (1209.378 MiB)
    effective fread bandwidth                         60.105 MiB/s
    slowest allocation                                 0.000 s  (19661844 bytes)
    slowest fread                                      0.815 s  (R1 offset=98304084, bytes=19661040)

  Stage 2 worker details
    total - active merge worker                             170.767 s
      part 1 - prepare CPE task and reusable buffers            0.599 s
      part 2 - CPE FASTQ formatting and input release           0.533 s
      part 3 - CPE alignment and SAM length pass              168.767 s
      part 4 - assign slices in the shared SAM buffer           0.245 s
      part 5 - CPE SAM record generation                        0.602 s
      part 6 - release temporary worker data                    0.001 s

  Reserved allocator timers (no active timing sites)
    malloc timer                                              0.000 s
    free timer                                                0.000 s
===================================================================


  Stage 1 input details
    batches completed / stage calls                      43 / 44
    input-buffer and batch allocations                        0.000 s  (130 calls, max 0.000 s)
    aggregate requested allocation bytes           1248551376
    batches completed / stage calls                      48 / 49
    input-buffer and batch allocations                        0.000 s  (145 calls, max 0.000 s)
    aggregate requested allocation bytes           1253478816
    FASTQ fseeko calls                                        5.852 s  (96 calls, max 0.313 s)
    FASTQ fread calls                                        19.112 s  (96 calls, max 0.848 s)
    align chunk ends to FASTQ record boundaries               0.000 s  (0 calls, max 0.000 s)
    scheduler, checks and bookkeeping (derived)               1.943 s
    raw FASTQ bytes read                           1253377376  (1195.314 MiB)
    effective fread bandwidth                         62.544 MiB/s
    slowest allocation                                 0.000 s  (1229564 bytes)
    slowest fread                                      0.848 s  (R1 offset=117965124, bytes=19660664)

  Stage 2 worker details
    total - active merge worker                             167.795 s
      part 1 - prepare CPE task and reusable buffers            0.591 s
      part 2 - CPE FASTQ formatting and input release           0.578 s
      part 3 - CPE alignment and SAM length pass              165.733 s
      part 4 - assign slices in the shared SAM buffer           0.241 s
      part 5 - CPE SAM record generation                        0.636 s
      part 6 - release temporary worker data                    0.002 s

  Reserved allocator timers (no active timing sites)
    malloc timer                                              0.000 s
    free timer                                                0.000 s
===================================================================


======================= SWBWA Timing Report =======================
  MPI rank: 000007 / 000024
  Accumulated wall-clock time; indented rows are included in
  their parent row and must not be added to it.

  Pipeline
    total - complete three-stage pipeline                   202.497 s
    stage 1 - allocate and read raw FASTQ blocks             26.180 s
    stage 2 - align reads and generate SAM records          168.713 s
    stage 3 - write SAM and release batch data                7.548 s
      SAM output writes                                         6.378 s
      batch cleanup and loop overhead (derived)                 1.170 s

  Stage 1 input details
    batches completed / stage calls                      48 / 49
    input-buffer and batch allocations                        0.000 s  (145 calls, max 0.000 s)
    aggregate requested allocation bytes           1268220544
    FASTQ fseeko calls                                        3.554 s  (96 calls, max 0.185 s)
    FASTQ fread calls                                        20.713 s  (96 calls, max 0.883 s)
    align chunk ends to FASTQ record boundaries               0.000 s  (0 calls, max 0.000 s)
    scheduler, checks and bookkeeping (derived)               1.913 s
    raw FASTQ bytes read                           1268119104  (1209.373 MiB)
    effective fread bandwidth                         58.387 MiB/s
    slowest allocation                                 0.000 s  (19661844 bytes)
    slowest fread                                      0.883 s  (R1 offset=137625788, bytes=19660664)

  Stage 2 worker details
    total - active merge worker                             168.702 s
      part 1 - prepare CPE task and reusable buffers            0.563 s
      part 2 - CPE FASTQ formatting and input release           0.513 s
      part 3 - CPE alignment and SAM length pass              166.792 s
      part 4 - assign slices in the shared SAM buffer           0.246 s
      part 5 - CPE SAM record generation                        0.577 s
      part 6 - release temporary worker data                    0.001 s

  Reserved allocator timers (no active timing sites)
    malloc timer                                              0.000 s
    free timer                                                0.000 s
===================================================================


======================= SWBWA Timing Report =======================
  MPI rank: 000008 / 000024
  Accumulated wall-clock time; indented rows are included in
  their parent row and must not be added to it.

  Pipeline
    total - complete three-stage pipeline                   202.504 s
    stage 1 - allocate and read raw FASTQ blocks             25.426 s
    stage 2 - align reads and generate SAM records          168.809 s
    stage 3 - write SAM and release batch data                8.205 s
      SAM output writes                                         6.950 s
      batch cleanup and loop overhead (derived)                 1.255 s

  Stage 1 input details
    batches completed / stage calls                      48 / 49
    input-buffer and batch allocations                        0.000 s  (145 calls, max 0.000 s)
    aggregate requested allocation bytes           1268222808
    FASTQ fseeko calls                                        3.264 s  (96 calls, max 0.389 s)
    FASTQ fread calls                                        20.582 s  (96 calls, max 0.942 s)
    align chunk ends to FASTQ record boundaries               0.000 s  (0 calls, max 0.000 s)
    scheduler, checks and bookkeeping (derived)               1.580 s
    raw FASTQ bytes read                           1268121368  (1209.375 MiB)
    effective fread bandwidth                         58.759 MiB/s
    slowest allocation                                 0.000 s  (19661844 bytes)
    slowest fread                                      0.942 s  (R1 offset=157286452, bytes=19661040)

  Stage 2 worker details
    total - active merge worker                             168.790 s
      part 1 - prepare CPE task and reusable buffers            0.581 s
      part 2 - CPE FASTQ formatting and input release           0.537 s
      part 3 - CPE alignment and SAM length pass              166.725 s
      part 4 - assign slices in the shared SAM buffer           0.269 s
      part 5 - CPE SAM record generation                        0.656 s
      part 6 - release temporary worker data                    0.002 s

  Reserved allocator timers (no active timing sites)
    malloc timer                                              0.000 s
    free timer                                                0.000 s
===================================================================


======================= SWBWA Timing Report =======================
  MPI rank: 000009 / 000024
  Accumulated wall-clock time; indented rows are included in
  their parent row and must not be added to it.

  Pipeline
    total - complete three-stage pipeline                   202.500 s
    stage 1 - allocate and read raw FASTQ blocks             26.958 s
    stage 2 - align reads and generate SAM records          167.617 s
    stage 3 - write SAM and release batch data                7.866 s
      SAM output writes                                         6.655 s
      batch cleanup and loop overhead (derived)                 1.211 s

  Stage 1 input details
    batches completed / stage calls                      46 / 47
    input-buffer and batch allocations                        0.000 s  (139 calls, max 0.000 s)
    aggregate requested allocation bytes           1263303672
    FASTQ fseeko calls                                        2.362 s  (92 calls, max 0.230 s)
    FASTQ fread calls                                        22.476 s  (92 calls, max 0.855 s)
    align chunk ends to FASTQ record boundaries               0.000 s  (0 calls, max 0.000 s)
    scheduler, checks and bookkeeping (derived)               2.119 s
    raw FASTQ bytes read                           1263206456  (1204.688 MiB)
    effective fread bandwidth                         53.598 MiB/s
    slowest allocation                                 0.000 s  (4916324 bytes)
    slowest fread                                      0.855 s  (R1 offset=176947492, bytes=19660664)

  Stage 2 worker details
    total - active merge worker                             167.603 s
      part 1 - prepare CPE task and reusable buffers            0.572 s
      part 2 - CPE FASTQ formatting and input release           0.471 s
      part 3 - CPE alignment and SAM length pass              165.696 s
      part 4 - assign slices in the shared SAM buffer           0.242 s
      part 5 - CPE SAM record generation                        0.607 s
      part 6 - release temporary worker data                    0.001 s

  Reserved allocator timers (no active timing sites)
    malloc timer                                              0.000 s
    free timer                                                0.000 s
===================================================================


======================= SWBWA Timing Report =======================
  MPI rank: 000010 / 000024
  Accumulated wall-clock time; indented rows are included in
  their parent row and must not be added to it.

  Pipeline
    total - complete three-stage pipeline                   202.503 s
    stage 1 - allocate and read raw FASTQ blocks             26.442 s
    stage 2 - align reads and generate SAM records          168.138 s
    stage 3 - write SAM and release batch data                7.734 s
      SAM output writes                                         6.528 s
      batch cleanup and loop overhead (derived)                 1.206 s

  Stage 1 input details
    batches completed / stage calls                      46 / 47
    input-buffer and batch allocations                        0.001 s  (139 calls, max 0.001 s)
    aggregate requested allocation bytes           1255929776
    FASTQ fseeko calls                                        3.309 s  (92 calls, max 0.209 s)
    FASTQ fread calls                                        21.034 s  (92 calls, max 0.876 s)
    align chunk ends to FASTQ record boundaries               0.000 s  (0 calls, max 0.000 s)
    scheduler, checks and bookkeeping (derived)               2.098 s
    raw FASTQ bytes read                           1255832560  (1197.655 MiB)
    effective fread bandwidth                         56.939 MiB/s
    slowest allocation                                 0.001 s  (1229564 bytes)
    slowest fread                                      0.876 s  (R1 offset=196608156, bytes=19660664)

  Stage 2 worker details
    total - active merge worker                             168.118 s
      part 1 - prepare CPE task and reusable buffers            0.549 s
      part 2 - CPE FASTQ formatting and input release           0.567 s
      part 3 - CPE alignment and SAM length pass              166.153 s
      part 4 - assign slices in the shared SAM buffer           0.241 s
      part 5 - CPE SAM record generation                        0.586 s
      part 6 - release temporary worker data                    0.001 s

  Reserved allocator timers (no active timing sites)
    malloc timer                                              0.000 s
    free timer                                                0.000 s
===================================================================


======================= SWBWA Timing Report =======================
  MPI rank: 000011 / 000024
  Accumulated wall-clock time; indented rows are included in
  their parent row and must not be added to it.

  Pipeline
    total - complete three-stage pipeline                   202.503 s
    stage 1 - allocate and read raw FASTQ blocks             27.028 s
    stage 2 - align reads and generate SAM records          167.439 s
    stage 3 - write SAM and release batch data                7.974 s
      SAM output writes                                         6.718 s
      batch cleanup and loop overhead (derived)                 1.256 s

  Stage 1 input details
    batches completed / stage calls                      44 / 45
    input-buffer and batch allocations                        0.000 s  (133 calls, max 0.000 s)
    aggregate requested allocation bytes           1258384440
    FASTQ fseeko calls                                        3.879 s  (88 calls, max 0.253 s)
    FASTQ fread calls                                        21.528 s  (88 calls, max 1.023 s)
    align chunk ends to FASTQ record boundaries               0.000 s  (0 calls, max 0.000 s)
    scheduler, checks and bookkeeping (derived)               1.620 s
    raw FASTQ bytes read                           1258291448  (1200.000 MiB)
    effective fread bandwidth                         55.740 MiB/s
    slowest allocation                                 0.000 s  (1229944 bytes)
    slowest fread                                      1.023 s  (R1 offset=216268820, bytes=19661040)

  Stage 2 worker details
    total - active merge worker                             167.423 s
      part 1 - prepare CPE task and reusable buffers            0.520 s
      part 2 - CPE FASTQ formatting and input release           0.514 s
      part 3 - CPE alignment and SAM length pass              165.594 s
      part 4 - assign slices in the shared SAM buffer           0.241 s
      part 5 - CPE SAM record generation                        0.535 s
      part 6 - release temporary worker data                    0.001 s

  Reserved allocator timers (no active timing sites)
    malloc timer                                              0.000 s
    free timer                                                0.000 s
===================================================================


======================= SWBWA Timing Report =======================
  MPI rank: 000018 / 000024
  Accumulated wall-clock time; indented rows are included in
  their parent row and must not be added to it.

  Pipeline
    total - complete three-stage pipeline                   202.499 s
    stage 1 - allocate and read raw FASTQ blocks             27.545 s
    stage 2 - align reads and generate SAM records          165.899 s
    stage 3 - write SAM and release batch data                8.790 s
      SAM output writes                                         7.443 s
      batch cleanup and loop overhead (derived)                 1.347 s

  Stage 1 input details
    batches completed / stage calls                      46 / 47
    input-buffer and batch allocations                        0.001 s  (139 calls, max 0.001 s)
    aggregate requested allocation bytes           1233814224
    FASTQ fseeko calls                                        6.780 s  (92 calls, max 0.211 s)
    FASTQ fseeko calls                                        6.508 s  (86 calls, max 0.303 s)
    FASTQ fread calls                                        19.110 s  (86 calls, max 0.787 s)
    align chunk ends to FASTQ record boundaries               0.000 s  (0 calls, max 0.000 s)
    scheduler, checks and bookkeeping (derived)               1.761 s
    raw FASTQ bytes read                           1248460496  (1190.625 MiB)
    effective fread bandwidth                         62.304 MiB/s
    slowest allocation                                 0.000 s  (19661844 bytes)
    slowest fread                                      0.787 s  (R1 offset=727449644, bytes=19660820)

  Stage 2 worker details
    total - active merge worker                             166.554 s
      part 1 - prepare CPE task and reusable buffers            0.519 s
      part 2 - CPE FASTQ formatting and input release           0.461 s
      part 3 - CPE alignment and SAM length pass              164.768 s
      part 4 - assign slices in the shared SAM buffer           0.238 s
      part 5 - CPE SAM record generation                        0.554 s
      part 6 - release temporary worker data                    0.002 s

  Reserved allocator timers (no active timing sites)
    malloc timer                                              0.000 s
    free timer                                                0.000 s
===================================================================


======================= SWBWA Timing Report =======================
  MPI rank: 000013 / 000024
  Accumulated wall-clock time; indented rows are included in
  their parent row and must not be added to it.

  Pipeline
    total - complete three-stage pipeline                   202.503 s
    stage 1 - allocate and read raw FASTQ blocks             26.953 s
    stage 2 - align reads and generate SAM records          167.456 s
    stage 3 - write SAM and release batch data                7.543 s
      SAM output writes                                         6.372 s
      batch cleanup and loop overhead (derived)                 1.172 s

  Stage 1 input details
    batches completed / stage calls                      48 / 49
    input-buffer and batch allocations                        0.000 s  (145 calls, max 0.000 s)
    aggregate requested allocation bytes           1268222808
    FASTQ fseeko calls                                        5.999 s  (96 calls, max 0.204 s)
    FASTQ fread calls                                        19.133 s  (96 calls, max 0.772 s)
    align chunk ends to FASTQ record boundaries               0.000 s  (0 calls, max 0.000 s)
    scheduler, checks and bookkeeping (derived)               1.821 s
    raw FASTQ bytes read                           1268121368  (1209.375 MiB)
    effective fread bandwidth                         63.208 MiB/s
    slowest allocation                                 0.000 s  (4915944 bytes)
    slowest fread                                      0.772 s  (R2 offset=4679270732, bytes=19660820)

  Stage 2 worker details
    total - active merge worker                             167.435 s
      part 1 - prepare CPE task and reusable buffers            0.560 s
      part 2 - CPE FASTQ formatting and input release           0.549 s
      part 3 - CPE alignment and SAM length pass              165.453 s
      part 4 - assign slices in the shared SAM buffer           0.246 s
      part 5 - CPE SAM record generation                        0.607 s
      part 6 - release temporary worker data                    0.001 s

  Reserved allocator timers (no active timing sites)
    malloc timer                                              0.000 s
    free timer                                                0.000 s
===================================================================


======================= SWBWA Timing Report =======================
  MPI rank: 000014 / 000024
  Accumulated wall-clock time; indented rows are included in
  their parent row and must not be added to it.

  Pipeline
    total - complete three-stage pipeline                   202.499 s
    stage 1 - allocate and read raw FASTQ blocks             25.601 s
    stage 2 - align reads and generate SAM records          168.765 s
    stage 3 - write SAM and release batch data                8.076 s
      SAM output writes                                         6.838 s
      batch cleanup and loop overhead (derived)                 1.237 s

  Stage 1 input details
    batches completed / stage calls                      49 / 50
    input-buffer and batch allocations                        0.000 s  (148 calls, max 0.000 s)
    aggregate requested allocation bytes           1270681256
    FASTQ fseeko calls                                        3.117 s  (98 calls, max 0.238 s)
    FASTQ fread calls                                        20.898 s  (98 calls, max 0.779 s)
    align chunk ends to FASTQ record boundaries               0.000 s  (0 calls, max 0.000 s)
    scheduler, checks and bookkeeping (derived)               1.586 s
    raw FASTQ bytes read                           1270577704  (1211.717 MiB)
    effective fread bandwidth                         57.982 MiB/s
    slowest allocation                                 0.000 s  (4916324 bytes)
    slowest fread                                      0.779 s  (R1 offset=275251564, bytes=19660664)

  Stage 2 worker details
    total - active merge worker                             168.742 s
      part 1 - prepare CPE task and reusable buffers            0.616 s
      part 2 - CPE FASTQ formatting and input release           0.519 s
      part 3 - CPE alignment and SAM length pass              166.650 s
      part 4 - assign slices in the shared SAM buffer           0.280 s
      part 5 - CPE SAM record generation                        0.654 s
      part 6 - release temporary worker data                    0.002 s

  Reserved allocator timers (no active timing sites)
    malloc timer                                              0.000 s
    free timer                                                0.000 s
===================================================================


======================= SWBWA Timing Report =======================
  MPI rank: 000015 / 000024
  Accumulated wall-clock time; indented rows are included in
  their parent row and must not be added to it.

  Pipeline
    total - complete three-stage pipeline                   202.501 s
    stage 1 - allocate and read raw FASTQ blocks             24.373 s
    stage 2 - align reads and generate SAM records          170.152 s
    stage 3 - write SAM and release batch data                7.916 s
      SAM output writes                                         6.703 s
      batch cleanup and loop overhead (derived)                 1.212 s

  Stage 1 input details
    batches completed / stage calls                      49 / 50
    input-buffer and batch allocations                        0.001 s  (148 calls, max 0.001 s)
    aggregate requested allocation bytes           1270682768
    FASTQ fseeko calls                                        3.937 s  (98 calls, max 0.310 s)
    FASTQ fread calls                                        18.792 s  (98 calls, max 0.834 s)
    align chunk ends to FASTQ record boundaries               0.000 s  (0 calls, max 0.000 s)
    scheduler, checks and bookkeeping (derived)               1.642 s
    raw FASTQ bytes read                           1270579216  (1211.719 MiB)
    effective fread bandwidth                         64.479 MiB/s
    slowest allocation                                 0.001 s  (1229944 bytes)
    slowest fread                                      0.834 s  (R1 offset=294912228, bytes=19660664)

  Stage 2 worker details
    total - active merge worker                             170.138 s
      part 1 - prepare CPE task and reusable buffers            0.584 s
      part 2 - CPE FASTQ formatting and input release           0.529 s
      part 3 - CPE alignment and SAM length pass              168.170 s
      part 4 - assign slices in the shared SAM buffer           0.242 s
      part 5 - CPE SAM record generation                        0.599 s
      part 6 - release temporary worker data                    0.001 s

  Reserved allocator timers (no active timing sites)
    malloc timer                                              0.000 s
    free timer                                                0.000 s
===================================================================

    FASTQ fread calls                                        19.110 s  (92 calls, max 0.844 s)

======================= SWBWA Timing Report =======================
  MPI rank: 000016 / 000024
  Accumulated wall-clock time; indented rows are included in
  their parent row and must not be added to it.

  Pipeline
    total - complete three-stage pipeline                   202.504 s
    stage 1 - allocate and read raw FASTQ blocks             24.912 s
    stage 2 - align reads and generate SAM records          169.927 s
    stage 3 - write SAM and release batch data                7.602 s
      SAM output writes                                         6.422 s
      batch cleanup and loop overhead (derived)                 1.180 s

  Stage 1 input details
    batches completed / stage calls                      49 / 50
    input-buffer and batch allocations                        0.000 s  (148 calls, max 0.000 s)
    aggregate requested allocation bytes           1278057800
    FASTQ fseeko calls                                        4.126 s  (98 calls, max 0.245 s)
    FASTQ fread calls                                        19.065 s  (98 calls, max 0.725 s)
    align chunk ends to FASTQ record boundaries               0.000 s  (0 calls, max 0.000 s)
    scheduler, checks and bookkeeping (derived)               1.722 s
    raw FASTQ bytes read                           1277954248  (1218.752 MiB)
    effective fread bandwidth                         63.927 MiB/s
    slowest allocation                                 0.000 s  (1229944 bytes)
    slowest fread                                      0.725 s  (R1 offset=314572892, bytes=19661040)

  Stage 2 worker details
    total - active merge worker                             169.906 s
      part 1 - prepare CPE task and reusable buffers            0.570 s
      part 2 - CPE FASTQ formatting and input release           0.556 s
      part 3 - CPE alignment and SAM length pass              167.935 s
      part 4 - assign slices in the shared SAM buffer           0.248 s
      part 5 - CPE SAM record generation                        0.576 s
      part 6 - release temporary worker data                    0.001 s

  Reserved allocator timers (no active timing sites)
    malloc timer                                              0.000 s
    free timer                                                0.000 s
===================================================================


======================= SWBWA Timing Report =======================
  MPI rank: 000017 / 000024
  Accumulated wall-clock time; indented rows are included in
  their parent row and must not be added to it.

  Pipeline
    total - complete three-stage pipeline                   202.497 s
    stage 1 - allocate and read raw FASTQ blocks             25.783 s
    stage 2 - align reads and generate SAM records          168.746 s
    stage 3 - write SAM and release batch data                7.850 s
      SAM output writes                                         6.626 s
      batch cleanup and loop overhead (derived)                 1.224 s

  Stage 1 input details
    batches completed / stage calls                      48 / 49
    input-buffer and batch allocations                        0.000 s  (145 calls, max 0.000 s)
    aggregate requested allocation bytes           1260848320
    FASTQ fseeko calls                                        2.730 s  (96 calls, max 0.190 s)
    FASTQ fread calls                                        21.366 s  (96 calls, max 0.856 s)
    align chunk ends to FASTQ record boundaries               0.000 s  (0 calls, max 0.000 s)
    scheduler, checks and bookkeeping (derived)               1.686 s
    raw FASTQ bytes read                           1260746880  (1202.342 MiB)
    effective fread bandwidth                         56.273 MiB/s
    slowest allocation                                 0.000 s  (1229564 bytes)
    slowest fread                                      0.856 s  (R1 offset=334233932, bytes=19660664)

  Stage 2 worker details
    total - active merge worker                             168.735 s
      part 1 - prepare CPE task and reusable buffers            0.561 s
      part 2 - CPE FASTQ formatting and input release           0.507 s
      part 3 - CPE alignment and SAM length pass              166.849 s
      part 4 - assign slices in the shared SAM buffer           0.237 s
      part 5 - CPE SAM record generation                        0.568 s
      part 6 - release temporary worker data                    0.001 s

  Reserved allocator timers (no active timing sites)
    malloc timer                                              0.000 s
    free timer                                                0.000 s
===================================================================

    align chunk ends to FASTQ record boundaries               0.000 s  (0 calls, max 0.000 s)
    scheduler, checks and bookkeeping (derived)               1.653 s
    raw FASTQ bytes read                           1233717008  (1176.564 MiB)
    effective fread bandwidth                         61.567 MiB/s
    slowest allocation                                 0.001 s  (1229944 bytes)
    slowest fread                                      0.844 s  (R2 offset=353894596, bytes=19660664)

  Stage 2 worker details
    total - active merge worker                             165.886 s
      part 1 - prepare CPE task and reusable buffers            0.627 s
      part 2 - CPE FASTQ formatting and input release           0.525 s
      part 3 - CPE alignment and SAM length pass              163.933 s
      part 4 - assign slices in the shared SAM buffer           0.236 s
      part 5 - CPE SAM record generation                        0.553 s
      part 6 - release temporary worker data                    0.001 s

  Reserved allocator timers (no active timing sites)
    malloc timer                                              0.000 s
    free timer                                                0.000 s
===================================================================

[main] Version: 0.0.1
[main] CMD: ./SWBWA mem -v 4 -t 1 -1 -o /home/export/online1/mdt00/shisuan/swls-CFD/guoshi/ylf/SWBWA_dep_20260914/results/discard_B_02.sam -I 170,80,500,1 /home/export/online1/mdt00/shisuan/swls-CFD/guoshi/ylf/data/GRCh38.d1.vd1.fa /home/export/online1/mdt00/shisuan/swls-CFD/guoshi/ylf/data/bwa_test_big_data/big4_SRR7963242_1.fastq /home/export/online1/mdt00/shisuan/swls-CFD/guoshi/ylf/data/bwa_test_big_data/big4_SRR7963242_2.fastq

======================= SWBWA Timing Report =======================
  MPI rank: 000019 / 000024
  Accumulated wall-clock time; indented rows are included in
  their parent row and must not be added to it.

  Pipeline
    total - complete three-stage pipeline                   202.499 s
    stage 1 - allocate and read raw FASTQ blocks             28.870 s
    stage 2 - align reads and generate SAM records          166.082 s
    stage 3 - write SAM and release batch data                7.426 s
      SAM output writes                                         6.277 s
      batch cleanup and loop overhead (derived)                 1.150 s

  Stage 1 input details
    batches completed / stage calls                      48 / 49
    input-buffer and batch allocations                        0.000 s  (145 calls, max 0.000 s)
    aggregate requested allocation bytes           1238731776
    FASTQ fseeko calls                                        6.233 s  (96 calls, max 0.198 s)
    FASTQ fread calls                                        21.125 s  (96 calls, max 0.815 s)
    align chunk ends to FASTQ record boundaries               0.000 s  (0 calls, max 0.000 s)
    scheduler, checks and bookkeeping (derived)               1.511 s
    raw FASTQ bytes read                           1238630336  (1181.250 MiB)
    effective fread bandwidth                         55.917 MiB/s
    slowest allocation                                 0.000 s  (19661848 bytes)
    slowest fread                                      0.815 s  (R2 offset=373555260, bytes=19660824)

  Stage 2 worker details
    total - active merge worker                             166.067 s
      part 1 - prepare CPE task and reusable buffers            0.560 s
      part 2 - CPE FASTQ formatting and input release           0.529 s
      part 3 - CPE alignment and SAM length pass              164.181 s
      part 4 - assign slices in the shared SAM buffer           0.233 s
      part 5 - CPE SAM record generation                        0.551 s
      part 6 - release temporary worker data                    0.001 s

  Reserved allocator timers (no active timing sites)
    malloc timer                                              0.000 s
    free timer                                                0.000 s
===================================================================


======================= SWBWA Timing Report =======================
  MPI rank: 000020 / 000024
  Accumulated wall-clock time; indented rows are included in
  their parent row and must not be added to it.

  Pipeline
    total - complete three-stage pipeline                   202.502 s
    stage 1 - allocate and read raw FASTQ blocks             24.010 s
    stage 2 - align reads and generate SAM records          170.070 s
    stage 3 - write SAM and release batch data                8.175 s
      SAM output writes                                         6.927 s
      batch cleanup and loop overhead (derived)                 1.248 s

  Stage 1 input details
    batches completed / stage calls                      48 / 49
    input-buffer and batch allocations                        0.000 s  (145 calls, max 0.000 s)
    aggregate requested allocation bytes           1268222056
    FASTQ fseeko calls                                        3.562 s  (96 calls, max 0.166 s)
    FASTQ fread calls                                        18.849 s  (96 calls, max 0.782 s)
    align chunk ends to FASTQ record boundaries               0.000 s  (0 calls, max 0.000 s)
    scheduler, checks and bookkeeping (derived)               1.599 s
    raw FASTQ bytes read                           1268120616  (1209.374 MiB)
    effective fread bandwidth                         64.160 MiB/s
    slowest allocation                                 0.000 s  (19661464 bytes)
    slowest fread                                      0.782 s  (R1 offset=393216084, bytes=19660820)

  Stage 2 worker details
    total - active merge worker                             170.049 s
      part 1 - prepare CPE task and reusable buffers            0.620 s
      part 2 - CPE FASTQ formatting and input release           0.550 s
      part 3 - CPE alignment and SAM length pass              167.945 s
      part 4 - assign slices in the shared SAM buffer           0.253 s
      part 5 - CPE SAM record generation                        0.662 s
      part 6 - release temporary worker data                    0.002 s

  Reserved allocator timers (no active timing sites)
    malloc timer                                              0.000 s
    free timer                                                0.000 s
===================================================================


======================= SWBWA Timing Report =======================
  MPI rank: 000021 / 000024
  Accumulated wall-clock time; indented rows are included in
  their parent row and must not be added to it.

  Pipeline
    total - complete three-stage pipeline                   202.505 s
    stage 1 - allocate and read raw FASTQ blocks             25.737 s
    stage 2 - align reads and generate SAM records          168.749 s
    stage 3 - write SAM and release batch data                7.748 s
      SAM output writes                                         6.562 s
      batch cleanup and loop overhead (derived)                 1.186 s

  Stage 1 input details
    batches completed / stage calls                      48 / 49
    input-buffer and batch allocations                        0.000 s  (145 calls, max 0.000 s)
    aggregate requested allocation bytes           1268222056
    FASTQ fseeko calls                                        5.476 s  (96 calls, max 0.188 s)
    FASTQ fread calls                                        18.587 s  (96 calls, max 0.840 s)
    align chunk ends to FASTQ record boundaries               0.000 s  (0 calls, max 0.000 s)
    scheduler, checks and bookkeeping (derived)               1.673 s
    raw FASTQ bytes read                           1268120616  (1209.374 MiB)
    effective fread bandwidth                         65.066 MiB/s
    slowest allocation                                 0.000 s  (19661844 bytes)
    slowest fread                                      0.840 s  (R1 offset=412876904, bytes=19660820)

  Stage 2 worker details
    total - active merge worker                             168.727 s
      part 1 - prepare CPE task and reusable buffers            0.560 s
      part 2 - CPE FASTQ formatting and input release           0.524 s
      part 3 - CPE alignment and SAM length pass              166.768 s
      part 4 - assign slices in the shared SAM buffer           0.249 s
      part 5 - CPE SAM record generation                        0.604 s
      part 6 - release temporary worker data                    0.001 s

  Reserved allocator timers (no active timing sites)
    malloc timer                                              0.000 s
    free timer                                                0.000 s
===================================================================


======================= SWBWA Timing Report =======================
  MPI rank: 000022 / 000024
  Accumulated wall-clock time; indented rows are included in
  their parent row and must not be added to it.

  Pipeline
    total - complete three-stage pipeline                   202.502 s
    stage 1 - allocate and read raw FASTQ blocks             26.233 s
    stage 2 - align reads and generate SAM records          168.461 s
    stage 3 - write SAM and release batch data                7.747 s
      SAM output writes                                         6.546 s
      batch cleanup and loop overhead (derived)                 1.201 s

  Stage 1 input details
    batches completed / stage calls                      48 / 49
    input-buffer and batch allocations                        0.000 s  (145 calls, max 0.000 s)
    aggregate requested allocation bytes           1275594560
    FASTQ fseeko calls                                        3.878 s  (96 calls, max 0.207 s)
    FASTQ fread calls                                        20.733 s  (96 calls, max 0.841 s)
    align chunk ends to FASTQ record boundaries               0.000 s  (0 calls, max 0.000 s)
    scheduler, checks and bookkeeping (derived)               1.621 s
    raw FASTQ bytes read                           1275493120  (1216.405 MiB)
    effective fread bandwidth                         58.671 MiB/s
    slowest allocation                                 0.000 s  (19661464 bytes)
    slowest fread                                      0.841 s  (R2 offset=924057844, bytes=19660820)

  Stage 2 worker details
    total - active merge worker                             168.441 s
      part 1 - prepare CPE task and reusable buffers            0.559 s
      part 2 - CPE FASTQ formatting and input release           0.538 s
      part 3 - CPE alignment and SAM length pass              166.508 s
      part 4 - assign slices in the shared SAM buffer           0.248 s
      part 5 - CPE SAM record generation                        0.567 s
      part 6 - release temporary worker data                    0.002 s

  Reserved allocator timers (no active timing sites)
    malloc timer                                              0.000 s
    free timer                                                0.000 s
===================================================================


======================= SWBWA Timing Report =======================
  MPI rank: 000023 / 000024
  Accumulated wall-clock time; indented rows are included in
  their parent row and must not be added to it.

  Pipeline
    total - complete three-stage pipeline                   202.506 s
    stage 1 - allocate and read raw FASTQ blocks             27.815 s
    stage 2 - align reads and generate SAM records          166.684 s
    stage 3 - write SAM and release batch data                7.854 s
      SAM output writes                                         6.620 s
      batch cleanup and loop overhead (derived)                 1.233 s

  Stage 1 input details
    batches completed / stage calls                      47 / 48
    input-buffer and batch allocations                        0.000 s  (142 calls, max 0.000 s)
    aggregate requested allocation bytes           1258393456
    FASTQ fseeko calls                                        1.052 s  (94 calls, max 0.192 s)
    FASTQ fread calls                                        25.211 s  (94 calls, max 0.929 s)
    align chunk ends to FASTQ record boundaries               0.000 s  (0 calls, max 0.000 s)
    scheduler, checks and bookkeeping (derived)               1.552 s
    raw FASTQ bytes read                           1258294128  (1200.003 MiB)
    effective fread bandwidth                         47.599 MiB/s
    slowest allocation                                 0.000 s  (19661844 bytes)
    slowest fread                                      0.929 s  (R1 offset=452198544, bytes=19660820)

  Stage 2 worker details
    total - active merge worker                             166.667 s
      part 1 - prepare CPE task and reusable buffers            0.576 s
      part 2 - CPE FASTQ formatting and input release           0.522 s
      part 3 - CPE alignment and SAM length pass              164.714 s
      part 4 - assign slices in the shared SAM buffer           0.241 s
      part 5 - CPE SAM record generation                        0.598 s
      part 6 - release temporary worker data                    0.002 s

  Reserved allocator timers (no active timing sites)
    malloc timer                                              0.000 s
    free timer                                                0.000 s
===================================================================

