dataset	read_mode	repeat	rank	order	chunk_id	queue	start	end	bytes	records	stage2_seconds
ERR1203383	PE	1	0	0	0	0	0	19660976	19660976	89570	2.23483
ERR1203383	PE	1	0	1	7	1	137625820	157286524	19660704	87771	1.940338
ERR1203383	PE	1	0	2	14	2	275251392	294912060	19660668	86231	1.853892
ERR1203383	PE	1	0	3	21	3	412876980	432537648	19660668	86231	2.158584
ERR1203383	PE	1	0	4	28	4	550502568	570163236	19660668	86231	1.807899
ERR1203383	PE	1	0	5	35	5	688128156	707788824	19660668	86231	1.846013
ERR1203383	PE	1	0	6	36	0	707788824	727449720	19660896	86232	1.898098
ERR1203383	PE	1	0	7	43	1	845414412	865075308	19660896	86232	2.1374
ERR1203383	PE	1	0	8	50	2	983040000	1002700896	19660896	86232	2.259188
ERR1203383	PE	1	0	9	57	3	1120665816	1140326484	19660668	86231	1.621878
ERR1203383	PE	1	0	10	64	4	1258291404	1277952072	19660668	86231	1.944434
ERR1203383	PE	1	0	11	71	5	1395916992	1415577660	19660668	86231	1.940069
ERR1203383	PE	1	0	12	72	0	1415577660	1435238556	19660896	86232	1.775413
ERR1203383	PE	1	0	13	79	1	1553203248	1572864144	19660896	86232	2.140676
ERR1203383	PE	1	0	14	86	2	1690828836	1710489732	19660896	86232	2.043627
ERR1203383	PE	1	0	15	93	3	1828454424	1848115320	19660896	86232	1.638934
ERR1203383	PE	1	0	16	100	4	1966080012	1985740908	19660896	86232	2.000496
ERR1203383	PE	1	0	17	107	5	2103705600	2123366496	19660896	86232	1.651744
ERR1203383	PE	1	0	18	108	0	2123366496	2143027392	19660896	86232	1.762229
ERR1203383	PE	1	0	19	115	1	2260992084	2280652860	19660776	85846	2.216979
ERR1203383	PE	1	0	20	122	2	2398617668	2418278508	19660840	84745	2.158646
ERR1203383	PE	1	0	21	129	3	2536243316	2555904156	19660840	84745	1.495094
ERR1203383	PE	1	0	22	136	4	2673868964	2693529804	19660840	84745	1.855844
ERR1203383	PE	1	0	23	143	5	2811494612	2831155220	19660608	84744	1.825853
ERR1203383	PE	1	0	24	144	0	2831155220	2850816060	19660840	84745	1.718992
ERR1203383	PE	1	0	25	151	1	2968780868	2988441708	19660840	84745	1.876898
ERR1203383	PE	1	0	26	158	2	3106406516	3126067356	19660840	84745	2.03128
ERR1203383	PE	1	0	27	171	3	3199795332	3204710484	4915152	21186	0.607389
ERR1203383	PE	1	0	28	178	4	3234201628	3239117012	4915384	21187	0.571939
ERR1203383	PE	1	1	0	1	1	19660976	39321628	19660652	87957	2.489143
ERR1203383	PE	1	1	1	8	2	157286524	176947228	19660704	87771	2.237309
ERR1203383	PE	1	1	2	15	3	294912060	314572956	19660896	86232	1.756286
ERR1203383	PE	1	1	3	22	4	432537648	452198544	19660896	86232	1.901414
ERR1203383	PE	1	1	4	29	5	570163236	589824132	19660896	86232	1.834246
ERR1203383	PE	1	1	5	30	0	589824132	609484800	19660668	86231	2.069715
ERR1203383	PE	1	1	6	37	1	727449720	747110616	19660896	86232	1.952191
ERR1203383	PE	1	1	7	44	2	865075308	884736204	19660896	86232	2.144962
ERR1203383	PE	1	1	8	51	3	1002700896	1022361792	19660896	86232	2.040798
ERR1203383	PE	1	1	9	58	4	1140326484	1159987380	19660896	86232	1.705496
ERR1203383	PE	1	1	10	65	5	1277952072	1297612968	19660896	86232	2.130826
ERR1203383	PE	1	1	11	66	0	1297612968	1317273636	19660668	86231	2.445479
ERR1203383	PE	1	1	12	73	1	1435238556	1454899224	19660668	86231	2.111242
ERR1203383	PE	1	1	13	80	2	1572864144	1592524812	19660668	86231	2.010081
ERR1203383	PE	1	1	14	87	3	1710489732	1730150400	19660668	86231	2.174203
ERR1203383	PE	1	1	15	94	4	1848115320	1867776216	19660896	86232	1.631476
ERR1203383	PE	1	1	16	101	5	1985740908	2005401804	19660896	86232	1.893158
ERR1203383	PE	1	1	17	102	0	2005401804	2025062472	19660668	86231	1.637056
ERR1203383	PE	1	2	30	186	0	3273523308	3278438460	4915152	21186	0.53981
ERR1203383	PE	1	2	31	199	1	3337420980	3342336132	4915152	21186	0.706133
ERR1203383	PE	1	2	32	206	2	3371827276	3376742428	4915152	21186	0.539563
ERR1203383	PE	1	2	33	213	3	3406233804	3411148956	4915152	21186	0.879185
ERR1203383	PE	1	2	34	220	4	3440640100	3445555252	4915152	21186	0.494465
ERR1203383	PE	1	2	35	227	5	3467673668	3468902572	1228904	5297	2.003143
ERR1203383	PE	1	2	36	234	0	3476275300	3477504204	1228904	5297	0.2979
ERR1203383	PE	1	2	37	241	1	3484876932	3486105604	1228672	5296	2.018134
ERR1203383	PE	1	2	38	248	2	3493478564	3494707236	1228672	5296	3.090088
ERR1203383	PE	1	2	39	252	0	3498393716	3499281348	887632	3826	1.081343
ERR1203383	PE	1	2	19	116	2	2280652860	2300313700	19660840	84745	1.717684
ERR1203383	PE	1	2	20	123	3	2418278508	2437939348	19660840	84745	1.850574
ERR1203383	PE	1	2	21	130	4	2555904156	2575564996	19660840	84745	2.063489
ERR1203383	PE	1	2	22	137	5	2693529804	2713190412	19660608	84744	1.606341
ERR1203383	PE	1	2	23	138	0	2713190412	2732851252	19660840	84745	1.75657
ERR1203383	PE	1	2	24	145	1	2850816060	2870476900	19660840	84745	1.598173
ERR1203383	PE	1	2	25	152	2	2988441708	3008102548	19660840	84745	1.744082
ERR1203383	PE	1	2	26	159	3	3126067356	3145728196	19660840	84745	1.882877
ERR1203383	PE	1	2	27	166	4	3175219340	3180134492	4915152	21186	0.499231
ERR1203383	PE	1	2	28	173	5	3209625636	3214541020	4915384	21187	0.423257
ERR1203383	PE	1	2	29	174	0	3214541020	3219456172	4915152	21186	0.368104
ERR1203383	PE	1	2	30	181	1	3248947316	3253862468	4915152	21186	0.498856
ERR1203383	PE	1	2	31	188	2	3283353612	3288268996	4915384	21187	0.455774
ERR1203383	PE	1	2	32	195	3	3317760140	3322675292	4915152	21186	0.488075
ERR1203383	PE	1	2	33	202	4	3352166436	3357081820	4915384	21187	0.632063
ERR1203383	PE	1	2	34	209	5	3386572964	3391488116	4915152	21186	3.260623
ERR1203383	PE	1	2	35	228	0	3468902572	3470131244	1228672	5296	0.389644
ERR1203383	PE	1	2	36	229	1	3470131244	3471360148	1228904	5297	0.259298
ERR1203383	PE	1	2	37	236	2	3478732876	3479961780	1228904	5297	0.991393
ERR1203383	PE	1	2	38	243	3	3487334508	3488563412	1228904	5297	2.614101
ERR1203383	PE	1	2	39	244	4	3488563412	3489792084	1228672	5296	3.824031
ERR1203383	PE	1	2	0	2	2	39321628	58982556	19660928	87772	2.665246
ERR1203383	PE	1	2	1	9	3	176947228	196608156	19660928	87772	2.149678
ERR1203383	PE	1	2	2	16	4	314572956	334233624	19660668	86231	1.879109
ERR1203383	PE	1	2	3	23	5	452198544	471859212	19660668	86231	2.235916
ERR1203383	PE	1	2	4	24	0	471859212	491520108	19660896	86232	1.850827
ERR1203383	PE	1	2	5	31	1	609484800	629145696	19660896	86232	1.668103
ERR1203383	PE	1	2	6	38	2	747110616	766771284	19660668	86231	2.004848
ERR1203383	PE	1	2	7	45	3	884736204	904396872	19660668	86231	2.166036
ERR1203383	PE	1	2	8	52	4	1022361792	1042022460	19660668	86231	1.697506
ERR1203383	PE	1	2	9	59	5	1159987380	1179648048	19660668	86231	2.313559
ERR1203383	PE	1	2	10	60	0	1179648048	1199308944	19660896	86232	2.181073
ERR1203383	PE	1	2	11	67	1	1317273636	1336934532	19660896	86232	2.3314
ERR1203383	PE	1	2	12	74	2	1454899224	1474560120	19660896	86232	1.874275
ERR1203383	PE	1	2	13	81	3	1592524812	1612185708	19660896	86232	2.300328
ERR1203383	PE	1	2	14	88	4	1730150400	1749811296	19660896	86232	2.123416
ERR1203383	PE	1	2	15	95	5	1867776216	1887436884	19660668	86231	1.967395
ERR1203383	PE	1	2	16	96	0	1887436884	1907097780	19660896	86232	1.877578
ERR1203383	PE	1	2	17	103	1	2025062472	2044723368	19660896	86232	1.771375
ERR1203383	PE	1	2	18	110	2	2162688060	2182348956	19660896	86232	1.752309
ERR1203383	PE	1	2	19	117	3	2300313700	2319974540	19660840	84745	1.856112
ERR1203383	PE	1	2	20	124	4	2437939348	2457600188	19660840	84745	1.547558
ERR1203383	PE	1	2	21	131	5	2575564996	2595225604	19660608	84744	1.824741
ERR1203383	PE	1	2	22	132	0	2595225604	2614886444	19660840	84745	1.957304
ERR1203383	PE	1	2	23	139	1	2732851252	2752512092	19660840	84745	1.947684
ERR1203383	PE	1	2	24	146	2	2870476900	2890137740	19660840	84745	2.047562
ERR1203383	PE	1	2	25	153	3	3008102548	3027763388	19660840	84745	2.240974
ERR1203383	PE	1	2	26	160	4	3145728196	3150643348	4915152	21186	0.609624
ERR1203383	PE	1	2	27	167	5	3180134492	3185049644	4915152	21186	0.562071
ERR1203383	PE	1	2	28	168	0	3185049644	3189965028	4915384	21187	0.535139
ERR1203383	PE	1	2	29	175	1	3219456172	3224371324	4915152	21186	0.703526
ERR1203383	PE	1	2	30	182	2	3253862468	3258777620	4915152	21186	0.495983
ERR1203383	PE	1	2	31	189	3	3288268996	3293184148	4915152	21186	0.511625
ERR1203383	PE	1	2	32	196	4	3322675292	3327590444	4915152	21186	0.627682
ERR1203383	PE	1	2	33	203	5	3357081820	3361996972	4915152	21186	0.727143
ERR1203383	PE	1	2	34	204	0	3361996972	3366912124	4915152	21186	0.65855
ERR1203383	PE	1	2	35	211	1	3396403268	3401318420	4915152	21186	0.517573
ERR1203383	PE	1	2	36	218	2	3430809796	3435724948	4915152	21186	0.653262
ERR1203383	PE	1	2	37	225	3	3465216092	3466444996	1228904	5297	0.167468
ERR1203383	PE	1	2	38	232	4	3473817724	3475046628	1228904	5297	0.251799
ERR1203383	PE	1	2	39	239	5	3482419356	3483648028	1228672	5296	0.527896
ERR1203383	PE	1	2	40	240	0	3483648028	3484876932	1228904	5297	1.270479
ERR1203383	PE	1	2	41	247	1	3492249660	3493478564	1228904	5297	3.334694
ERR1203383	PE	1	2	42	249	3	3494707236	3495936140	1228904	5297	3.889939
ERR1203383	PE	1	3	0	3	3	58982556	78643260	19660704	87771	2.24558
ERR1203383	PE	1	3	1	10	4	196608156	216268860	19660704	87771	1.725379
ERR1203383	PE	1	3	2	17	5	334233624	353894520	19660896	86232	1.761059
ERR1203383	PE	1	3	3	18	0	353894520	373555416	19660896	86232	1.921171
ERR1203383	PE	1	3	4	25	1	491520108	511181004	19660896	86232	1.696949
ERR1203383	PE	1	3	5	32	2	629145696	648806592	19660896	86232	1.540625
ERR1203383	PE	1	3	6	39	3	766771284	786432180	19660896	86232	1.812542
ERR1203383	PE	1	3	7	46	4	904396872	924057768	19660896	86232	2.279658
ERR1203383	PE	1	3	8	53	5	1042022460	1061683356	19660896	86232	1.996828
ERR1203383	PE	1	3	9	54	0	1061683356	1081344024	19660668	86231	1.776849
ERR1203383	PE	1	3	10	61	1	1199308944	1218969612	19660668	86231	2.088816
ERR1203383	PE	1	3	11	68	2	1336934532	1356595200	19660668	86231	1.874107
ERR1203383	PE	1	3	12	75	3	1474560120	1494221016	19660896	86232	3.42773
ERR1203383	PE	1	3	13	82	4	1612185708	1631846604	19660896	86232	1.938671
ERR1203383	PE	1	3	14	89	5	1749811296	1769472192	19660896	86232	1.784184
ERR1203383	PE	1	3	15	90	0	1769472192	1789132860	19660668	86231	1.856376
ERR1203383	PE	1	3	16	97	1	1907097780	1926758448	19660668	86231	1.725733
ERR1203383	PE	1	3	17	104	2	2044723368	2064384036	19660668	86231	1.781963
ERR1203383	PE	1	3	18	111	3	2182348956	2202009624	19660668	86231	1.82767
ERR1203383	PE	1	3	19	118	4	2319974540	2339635380	19660840	84745	2.139204
ERR1203383	PE	1	3	20	125	5	2457600188	2477261028	19660840	84745	1.916042
ERR1203383	PE	1	3	21	126	0	2477261028	2496921636	19660608	84744	1.752537
ERR1203383	PE	1	3	22	133	1	2614886444	2634547284	19660840	84745	1.790831
ERR1203383	PE	1	3	23	140	2	2752512092	2772172932	19660840	84745	1.759948
ERR1203383	PE	1	3	24	147	3	2890137740	2909798580	19660840	84745	2.058109
ERR1203383	PE	1	3	25	154	4	3027763388	3047424228	19660840	84745	1.747042
ERR1203383	PE	1	3	26	161	5	3150643348	3155558500	4915152	21186	0.556425
ERR1203383	PE	1	3	27	162	0	3155558500	3160473652	4915152	21186	0.538798
ERR1203383	PE	1	3	28	169	1	3189965028	3194880180	4915152	21186	0.426723
ERR1203383	PE	1	3	29	176	2	3224371324	3229286476	4915152	21186	0.751915
ERR1203383	PE	1	3	30	183	3	3258777620	3263693004	4915384	21187	0.541703
ERR1203383	PE	1	3	31	190	4	3293184148	3298099300	4915152	21186	0.528161
ERR1203383	PE	1	3	32	197	5	3327590444	3332505828	4915384	21187	0.406563
ERR1203383	PE	1	3	33	198	0	3332505828	3337420980	4915152	21186	0.679782
ERR1203383	PE	1	3	34	205	1	3366912124	3371827276	4915152	21186	0.533433
ERR1203383	PE	1	3	35	212	2	3401318420	3406233804	4915384	21187	0.794462
ERR1203383	PE	1	3	36	219	3	3435724948	3440640100	4915152	21186	0.709563
ERR1203383	PE	1	3	37	226	4	3466444996	3467673668	1228672	5296	0.132356
ERR1203383	PE	1	3	38	233	5	3475046628	3476275300	1228672	5296	0.880978
ERR1203383	PE	1	3	39	222	0	3450470404	3455385788	4915384	21187	0.626468
ERR1203383	PE	1	3	40	235	1	3477504204	3478732876	1228672	5296	0.292246
ERR1203383	PE	1	3	41	242	2	3486105604	3487334508	1228904	5297	4.780488
ERR1203383	PE	1	3	42	251	5	3497164812	3498393716	1228904	5297	2.031655
ERR1203383	PE	1	4	0	4	4	78643260	98304188	19660928	87772	2.388448
ERR1203383	PE	1	4	1	11	5	216268860	235929600	19660740	86802	1.785905
ERR1203383	PE	1	4	2	12	0	235929600	255590496	19660896	86232	1.885862
ERR1203383	PE	1	4	3	19	1	373555416	393216084	19660668	86231	2.017718
ERR1203383	PE	1	4	4	26	2	511181004	530841672	19660668	86231	2.022927
ERR1203383	PE	1	4	5	33	3	648806592	668467260	19660668	86231	1.762518
ERR1203383	PE	1	4	6	40	4	786432180	806092848	19660668	86231	1.993183
ERR1203383	PE	1	4	7	47	5	924057768	943718436	19660668	86231	2.184849
ERR1203383	PE	1	4	8	48	0	943718436	963379332	19660896	86232	2.155154
ERR1203383	PE	1	4	9	55	1	1081344024	1101004920	19660896	86232	1.927375
ERR1203383	PE	1	4	10	62	2	1218969612	1238630508	19660896	86232	1.854275
ERR1203383	PE	1	4	11	69	3	1356595200	1376256096	19660896	86232	1.91544
ERR1203383	PE	1	4	12	76	4	1494221016	1513881684	19660668	86231	2.281887
ERR1203383	PE	1	4	13	83	5	1631846604	1651507272	19660668	86231	1.743369
ERR1203383	PE	1	4	14	84	0	1651507272	1671168168	19660896	86232	1.661607
ERR1203383	PE	1	4	15	91	1	1789132860	1808793756	19660896	86232	1.713307
ERR1203383	PE	1	4	16	98	2	1926758448	1946419344	19660896	86232	1.518602
ERR1203383	PE	1	4	17	105	3	2064384036	2084044932	19660896	86232	2.059869
ERR1203383	PE	1	4	18	112	4	2202009624	2221670520	19660896	86232	1.781035
ERR1203383	PE	1	4	19	119	5	2339635380	2359296220	19660840	84745	1.838073
ERR1203383	PE	1	4	20	120	0	2359296220	2378956828	19660608	84744	1.854348
ERR1203383	PE	1	4	21	127	1	2496921636	2516582476	19660840	84745	1.855128
ERR1203383	PE	1	4	22	134	2	2634547284	2654208124	19660840	84745	1.671449
ERR1203383	PE	1	4	23	141	3	2772172932	2791833772	19660840	84745	1.624798
ERR1203383	PE	1	4	24	148	4	2909798580	2929459420	19660840	84745	2.074611
ERR1203383	PE	1	4	25	155	5	3047424228	3067084836	19660608	84744	1.768717
ERR1203383	PE	1	4	26	156	0	3067084836	3086745676	19660840	84745	1.694652
ERR1203383	PE	1	4	27	163	1	3160473652	3165388804	4915152	21186	0.558089
ERR1203383	PE	1	4	28	170	2	3194880180	3199795332	4915152	21186	0.573585
ERR1203383	PE	1	4	29	177	3	3229286476	3234201628	4915152	21186	0.497814
ERR1203383	PE	1	4	30	184	4	3263693004	3268608156	4915152	21186	0.530276
ERR1203383	PE	1	4	31	191	5	3298099300	3303014452	4915152	21186	0.434878
ERR1203383	PE	1	4	32	192	0	3303014452	3307929604	4915152	21186	0.503219
ERR1203383	PE	1	4	33	193	1	3307929604	3312844988	4915384	21187	0.470929
ERR1203383	PE	1	4	34	194	2	3312844988	3317760140	4915152	21186	0.513649
ERR1203383	PE	1	4	35	201	3	3347251284	3352166436	4915152	21186	0.564333
ERR1203383	PE	1	4	36	208	4	3381657812	3386572964	4915152	21186	0.529334
ERR1203383	PE	1	4	37	215	5	3416064108	3420979260	4915152	21186	0.67189
ERR1203383	PE	1	4	38	210	0	3391488116	3396403268	4915152	21186	0.515609
ERR1203383	PE	1	4	39	217	1	3425894412	3430809796	4915384	21187	0.656495
ERR1203383	PE	1	4	40	224	2	3460300940	3465216092	4915152	21186	0.543692
ERR1203383	PE	1	4	41	231	3	3472588820	3473817724	1228904	5297	0.342625
ERR1203383	PE	1	4	42	238	4	3481190452	3482419356	1228904	5297	1.371562
ERR1203383	PE	1	4	43	245	5	3489792084	3491020988	1228904	5297	3.220147
ERR1203383	PE	1	4	44	246	0	3491020988	3492249660	1228672	5296	3.079143
ERR1203383	PE	1	5	0	5	5	98304188	117964892	19660704	87771	2.373303
ERR1203383	PE	1	5	1	6	0	117964892	137625820	19660928	87772	2.158558
ERR1203383	PE	1	5	2	13	1	255590496	275251392	19660896	86232	1.812275
ERR1203383	PE	1	5	3	20	2	393216084	412876980	19660896	86232	1.806534
ERR1203383	PE	1	5	4	27	3	530841672	550502568	19660896	86232	1.837585
ERR1203383	PE	1	5	5	34	4	668467260	688128156	19660896	86232	2.454825
ERR1203383	PE	1	5	6	41	5	806092848	825753744	19660896	86232	2.153379
ERR1203383	PE	1	5	7	42	0	825753744	845414412	19660668	86231	2.096326
ERR1203383	PE	1	5	8	49	1	963379332	983040000	19660668	86231	2.012363
ERR1203383	PE	1	5	9	56	2	1101004920	1120665816	19660896	86232	1.783203
ERR1203383	PE	1	5	10	63	3	1238630508	1258291404	19660896	86232	1.946765
ERR1203383	PE	1	5	11	70	4	1376256096	1395916992	19660896	86232	1.940084
ERR1203383	PE	1	5	12	77	5	1513881684	1533542580	19660896	86232	2.109963
ERR1203383	PE	1	5	13	78	0	1533542580	1553203248	19660668	86231	1.6727
ERR1203383	PE	1	5	14	85	1	1671168168	1690828836	19660668	86231	1.685358
ERR1203383	PE	1	5	15	92	2	1808793756	1828454424	19660668	86231	1.851507
ERR1203383	PE	1	5	16	99	3	1946419344	1966080012	19660668	86231	1.673301
ERR1203383	PE	1	5	17	106	4	2084044932	2103705600	19660668	86231	1.720152
ERR1203383	PE	1	5	18	113	5	2221670520	2241331416	19660896	86232	1.980795
ERR1203383	PE	1	5	19	114	0	2241331416	2260992084	19660668	86231	2.120043
ERR1203383	PE	1	5	20	121	1	2378956828	2398617668	19660840	84745	1.671976
ERR1203383	PE	1	5	21	128	2	2516582476	2536243316	19660840	84745	1.877425
ERR1203383	PE	1	5	22	135	3	2654208124	2673868964	19660840	84745	1.85762
ERR1203383	PE	1	5	23	142	4	2791833772	2811494612	19660840	84745	1.768133
ERR1203383	PE	1	5	24	149	5	2929459420	2949120028	19660608	84744	1.715007
ERR1203383	PE	1	5	25	150	0	2949120028	2968780868	19660840	84745	1.726711
ERR1203383	PE	1	5	26	157	1	3086745676	3106406516	19660840	84745	1.696585
ERR1203383	PE	1	5	27	164	2	3165388804	3170304188	4915384	21187	0.527668
ERR1203383	PE	1	5	28	165	3	3170304188	3175219340	4915152	21186	0.427929
ERR1203383	PE	1	5	29	172	4	3204710484	3209625636	4915152	21186	0.458357
ERR1203383	PE	1	5	30	179	5	3239117012	3244032164	4915152	21186	0.607537
ERR1203383	PE	1	5	31	180	0	3244032164	3248947316	4915152	21186	0.459976
ERR1203383	PE	1	5	32	187	1	3278438460	3283353612	4915152	21186	0.553033
ERR1203383	PE	1	5	33	200	2	3342336132	3347251284	4915152	21186	0.591015
ERR1203383	PE	1	5	34	207	3	3376742428	3381657812	4915384	21187	0.623514
ERR1203383	PE	1	5	35	214	4	3411148956	3416064108	4915152	21186	0.568639
ERR1203383	PE	1	5	36	221	5	3445555252	3450470404	4915152	21186	0.781261
ERR1203383	PE	1	5	37	216	0	3420979260	3425894412	4915152	21186	0.553275
ERR1203383	PE	1	5	38	223	1	3455385788	3460300940	4915152	21186	0.396821
ERR1203383	PE	1	5	39	230	2	3471360148	3472588820	1228672	5296	0.349471
ERR1203383	PE	1	5	40	237	3	3479961780	3481190452	1228672	5296	5.045165
ERR1203383	PE	1	5	41	250	4	3495936140	3497164812	1228672	5296	3.576507
ERR1203383	PE	2	0	0	0	0	0	19660976	19660976	89570	2.186652
ERR1203383	PE	2	0	1	7	1	137625820	157286524	19660704	87771	1.950192
ERR1203383	PE	2	0	2	14	2	275251392	294912060	19660668	86231	1.86498
ERR1203383	PE	2	0	3	21	3	412876980	432537648	19660668	86231	2.162314
ERR1203383	PE	2	0	4	28	4	550502568	570163236	19660668	86231	1.797365
ERR1203383	PE	2	0	5	35	5	688128156	707788824	19660668	86231	1.839593
ERR1203383	PE	2	0	6	36	0	707788824	727449720	19660896	86232	1.909739
ERR1203383	PE	2	0	7	43	1	845414412	865075308	19660896	86232	2.171522
ERR1203383	PE	2	0	8	50	2	983040000	1002700896	19660896	86232	2.273863
ERR1203383	PE	2	0	9	57	3	1120665816	1140326484	19660668	86231	1.594049
ERR1203383	PE	2	0	10	64	4	1258291404	1277952072	19660668	86231	1.934962
ERR1203383	PE	2	0	11	71	5	1395916992	1415577660	19660668	86231	1.947041
ERR1203383	PE	2	0	12	72	0	1415577660	1435238556	19660896	86232	1.788303
ERR1203383	PE	2	0	13	79	1	1553203248	1572864144	19660896	86232	2.114714
ERR1203383	PE	2	0	14	86	2	1690828836	1710489732	19660896	86232	2.023112
ERR1203383	PE	2	0	15	93	3	1828454424	1848115320	19660896	86232	1.615739
ERR1203383	PE	2	0	16	100	4	1966080012	1985740908	19660896	86232	2.012415
ERR1203383	PE	2	0	17	107	5	2103705600	2123366496	19660896	86232	1.639327
ERR1203383	PE	2	0	18	108	0	2123366496	2143027392	19660896	86232	1.765318
ERR1203383	PE	2	0	19	115	1	2260992084	2280652860	19660776	85846	2.205456
ERR1203383	PE	2	0	20	122	2	2398617668	2418278508	19660840	84745	2.153114
ERR1203383	PE	2	0	21	129	3	2536243316	2555904156	19660840	84745	1.487988
ERR1203383	PE	2	0	22	136	4	2673868964	2693529804	19660840	84745	1.849431
ERR1203383	PE	2	0	23	143	5	2811494612	2831155220	19660608	84744	1.806561
ERR1203383	PE	2	0	24	144	0	2831155220	2850816060	19660840	84745	1.714383
ERR1203383	PE	2	0	25	151	1	2968780868	2988441708	19660840	84745	1.871843
ERR1203383	PE	2	0	26	158	2	3106406516	3126067356	19660840	84745	2.043755
ERR1203383	PE	2	0	27	171	3	3199795332	3204710484	4915152	21186	0.616398
ERR1203383	PE	2	0	28	178	4	3234201628	3239117012	4915384	21187	0.57352
ERR1203383	PE	2	1	0	1	1	19660976	39321628	19660652	87957	2.382412
ERR1203383	PE	2	1	1	8	2	157286524	176947228	19660704	87771	2.222226
ERR1203383	PE	2	1	2	15	3	294912060	314572956	19660896	86232	1.772597
ERR1203383	PE	2	1	3	22	4	432537648	452198544	19660896	86232	1.903393
ERR1203383	PE	2	1	4	29	5	570163236	589824132	19660896	86232	1.834489
ERR1203383	PE	2	1	5	30	0	589824132	609484800	19660668	86231	2.082162
ERR1203383	PE	2	1	6	37	1	727449720	747110616	19660896	86232	1.941655
ERR1203383	PE	2	1	7	44	2	865075308	884736204	19660896	86232	2.125475
ERR1203383	PE	2	1	8	51	3	1002700896	1022361792	19660896	86232	2.018681
ERR1203383	PE	2	1	9	58	4	1140326484	1159987380	19660896	86232	1.692437
ERR1203383	PE	2	1	10	65	5	1277952072	1297612968	19660896	86232	2.119817
ERR1203383	PE	2	1	11	66	0	1297612968	1317273636	19660668	86231	2.445207
ERR1203383	PE	2	1	12	73	1	1435238556	1454899224	19660668	86231	2.100453
ERR1203383	PE	2	1	13	80	2	1572864144	1592524812	19660668	86231	2.013546
ERR1203383	PE	2	1	14	87	3	1710489732	1730150400	19660668	86231	2.161158
ERR1203383	PE	2	1	15	94	4	1848115320	1867776216	19660896	86232	1.650619
ERR1203383	PE	2	1	16	101	5	1985740908	2005401804	19660896	86232	1.911055
ERR1203383	PE	2	1	17	102	0	2005401804	2025062472	19660668	86231	1.644311
ERR1203383	PE	2	2	0	2	2	39321628	58982556	19660928	87772	2.60121
ERR1203383	PE	2	2	1	9	3	176947228	196608156	19660928	87772	2.146799
ERR1203383	PE	2	2	2	16	4	314572956	334233624	19660668	86231	1.884262
ERR1203383	PE	2	2	3	23	5	452198544	471859212	19660668	86231	2.25244
ERR1203383	PE	2	2	4	24	0	471859212	491520108	19660896	86232	1.857498
ERR1203383	PE	2	2	5	31	1	609484800	629145696	19660896	86232	1.644806
ERR1203383	PE	2	2	6	38	2	747110616	766771284	19660668	86231	2.015
ERR1203383	PE	2	2	7	45	3	884736204	904396872	19660668	86231	2.174178
ERR1203383	PE	2	2	8	52	4	1022361792	1042022460	19660668	86231	1.675838
ERR1203383	PE	2	2	9	59	5	1159987380	1179648048	19660668	86231	2.33207
ERR1203383	PE	2	2	10	60	0	1179648048	1199308944	19660896	86232	2.194691
ERR1203383	PE	2	2	11	67	1	1317273636	1336934532	19660896	86232	2.353592
ERR1203383	PE	2	2	12	74	2	1454899224	1474560120	19660896	86232	1.869706
ERR1203383	PE	2	2	13	81	3	1592524812	1612185708	19660896	86232	2.319488
ERR1203383	PE	2	2	14	88	4	1730150400	1749811296	19660896	86232	2.134248
ERR1203383	PE	2	2	15	95	5	1867776216	1887436884	19660668	86231	1.989932
ERR1203383	PE	2	2	16	96	0	1887436884	1907097780	19660896	86232	1.89977
ERR1203383	PE	2	2	17	109	1	2143027392	2162688060	19660668	86231	2.149052
ERR1203383	PE	2	2	30	186	0	3273523308	3278438460	4915152	21186	0.548134
ERR1203383	PE	2	2	31	193	1	3307929604	3312844988	4915384	21187	0.480857
ERR1203383	PE	2	2	32	200	2	3342336132	3347251284	4915152	21186	0.597521
ERR1203383	PE	2	2	33	207	3	3376742428	3381657812	4915384	21187	0.626601
ERR1203383	PE	2	2	34	214	4	3411148956	3416064108	4915152	21186	0.574844
ERR1203383	PE	2	2	35	221	5	3445555252	3450470404	4915152	21186	0.792351
ERR1203383	PE	2	2	36	216	0	3420979260	3425894412	4915152	21186	0.573892
ERR1203383	PE	2	2	37	223	1	3455385788	3460300940	4915152	21186	0.402576
ERR1203383	PE	2	2	38	230	2	3471360148	3472588820	1228672	5296	0.345171
ERR1203383	PE	2	2	39	237	3	3479961780	3481190452	1228672	5296	5.041897
ERR1203383	PE	2	2	40	251	5	3497164812	3498393716	1228904	5297	2.004576
ERR1203383	PE	2	2	19	110	2	2162688060	2182348956	19660896	86232	1.792031
ERR1203383	PE	2	2	20	117	3	2300313700	2319974540	19660840	84745	1.86013
ERR1203383	PE	2	2	21	124	4	2437939348	2457600188	19660840	84745	1.546341
ERR1203383	PE	2	2	22	131	5	2575564996	2595225604	19660608	84744	1.828471
ERR1203383	PE	2	2	23	132	0	2595225604	2614886444	19660840	84745	1.964332
ERR1203383	PE	2	2	24	139	1	2732851252	2752512092	19660840	84745	1.94761
ERR1203383	PE	2	2	25	146	2	2870476900	2890137740	19660840	84745	2.013521
ERR1203383	PE	2	2	26	153	3	3008102548	3027763388	19660840	84745	2.228481
ERR1203383	PE	2	2	27	160	4	3145728196	3150643348	4915152	21186	0.596605
ERR1203383	PE	2	2	28	167	5	3180134492	3185049644	4915152	21186	0.563007
ERR1203383	PE	2	2	29	168	0	3185049644	3189965028	4915384	21187	0.544314
ERR1203383	PE	2	2	30	175	1	3219456172	3224371324	4915152	21186	0.699403
ERR1203383	PE	2	2	31	182	2	3253862468	3258777620	4915152	21186	0.496696
ERR1203383	PE	2	2	32	189	3	3288268996	3293184148	4915152	21186	0.495069
ERR1203383	PE	2	2	33	196	4	3322675292	3327590444	4915152	21186	0.632861
ERR1203383	PE	2	2	34	203	5	3357081820	3361996972	4915152	21186	0.733258
ERR1203383	PE	2	2	35	204	0	3361996972	3366912124	4915152	21186	0.64675
ERR1203383	PE	2	2	36	211	1	3396403268	3401318420	4915152	21186	0.534494
ERR1203383	PE	2	2	37	218	2	3430809796	3435724948	4915152	21186	0.647146
ERR1203383	PE	2	2	38	225	3	3465216092	3466444996	1228904	5297	0.166957
ERR1203383	PE	2	2	39	232	4	3473817724	3475046628	1228904	5297	0.230699
ERR1203383	PE	2	2	40	239	5	3482419356	3483648028	1228672	5296	0.521099
ERR1203383	PE	2	2	41	234	0	3476275300	3477504204	1228904	5297	0.29077
ERR1203383	PE	2	2	42	235	1	3477504204	3478732876	1228672	5296	0.288035
ERR1203383	PE	2	2	43	242	2	3486105604	3487334508	1228904	5297	4.663059
ERR1203383	PE	2	2	44	249	3	3494707236	3495936140	1228904	5297	3.885837
ERR1203383	PE	2	2	19	123	3	2418278508	2437939348	19660840	84745	1.860603
ERR1203383	PE	2	2	20	130	4	2555904156	2575564996	19660840	84745	2.099666
ERR1203383	PE	2	2	21	137	5	2693529804	2713190412	19660608	84744	1.61938
ERR1203383	PE	2	2	22	138	0	2713190412	2732851252	19660840	84745	1.74861
ERR1203383	PE	2	2	23	145	1	2850816060	2870476900	19660840	84745	1.593687
ERR1203383	PE	2	2	24	152	2	2988441708	3008102548	19660840	84745	1.742146
ERR1203383	PE	2	2	25	159	3	3126067356	3145728196	19660840	84745	1.875376
ERR1203383	PE	2	2	26	166	4	3175219340	3180134492	4915152	21186	0.492281
ERR1203383	PE	2	2	27	173	5	3209625636	3214541020	4915384	21187	0.420299
ERR1203383	PE	2	2	28	174	0	3214541020	3219456172	4915152	21186	0.364294
ERR1203383	PE	2	2	29	181	1	3248947316	3253862468	4915152	21186	0.503709
ERR1203383	PE	2	2	30	188	2	3283353612	3288268996	4915384	21187	0.453582
ERR1203383	PE	2	2	31	195	3	3317760140	3322675292	4915152	21186	0.50951
ERR1203383	PE	2	2	32	202	4	3352166436	3357081820	4915384	21187	0.659023
ERR1203383	PE	2	2	33	209	5	3386572964	3391488116	4915152	21186	3.304848
ERR1203383	PE	2	2	34	228	0	3468902572	3470131244	1228672	5296	0.404782
ERR1203383	PE	2	2	35	229	1	3470131244	3471360148	1228904	5297	0.259559
ERR1203383	PE	2	2	36	236	2	3478732876	3479961780	1228904	5297	0.985835
ERR1203383	PE	2	2	37	243	3	3487334508	3488563412	1228904	5297	2.624929
ERR1203383	PE	2	2	38	244	4	3488563412	3489792084	1228672	5296	3.818273
ERR1203383	PE	2	3	0	3	3	58982556	78643260	19660704	87771	2.3347
ERR1203383	PE	2	3	1	10	4	196608156	216268860	19660704	87771	1.723731
ERR1203383	PE	2	3	2	17	5	334233624	353894520	19660896	86232	1.768792
ERR1203383	PE	2	3	3	18	0	353894520	373555416	19660896	86232	1.898163
ERR1203383	PE	2	3	4	25	1	491520108	511181004	19660896	86232	1.690634
ERR1203383	PE	2	3	5	32	2	629145696	648806592	19660896	86232	1.529392
ERR1203383	PE	2	3	6	39	3	766771284	786432180	19660896	86232	1.793949
ERR1203383	PE	2	3	7	46	4	904396872	924057768	19660896	86232	2.321514
ERR1203383	PE	2	3	8	53	5	1042022460	1061683356	19660896	86232	2.013863
ERR1203383	PE	2	3	9	54	0	1061683356	1081344024	19660668	86231	1.781353
ERR1203383	PE	2	3	10	61	1	1199308944	1218969612	19660668	86231	2.081419
ERR1203383	PE	2	3	11	68	2	1336934532	1356595200	19660668	86231	1.867734
ERR1203383	PE	2	3	12	75	3	1474560120	1494221016	19660896	86232	3.443211
ERR1203383	PE	2	3	13	82	4	1612185708	1631846604	19660896	86232	1.935389
ERR1203383	PE	2	3	14	89	5	1749811296	1769472192	19660896	86232	1.795073
ERR1203383	PE	2	3	15	90	0	1769472192	1789132860	19660668	86231	1.867037
ERR1203383	PE	2	3	16	97	1	1907097780	1926758448	19660668	86231	1.746408
ERR1203383	PE	2	3	17	104	2	2044723368	2064384036	19660668	86231	1.732201
ERR1203383	PE	2	3	18	111	3	2182348956	2202009624	19660668	86231	1.786543
ERR1203383	PE	2	3	19	118	4	2319974540	2339635380	19660840	84745	2.126718
ERR1203383	PE	2	3	20	125	5	2457600188	2477261028	19660840	84745	1.88833
ERR1203383	PE	2	3	21	126	0	2477261028	2496921636	19660608	84744	1.734578
ERR1203383	PE	2	3	22	133	1	2614886444	2634547284	19660840	84745	1.759996
ERR1203383	PE	2	3	23	140	2	2752512092	2772172932	19660840	84745	1.756591
ERR1203383	PE	2	3	24	147	3	2890137740	2909798580	19660840	84745	2.067227
ERR1203383	PE	2	3	25	154	4	3027763388	3047424228	19660840	84745	1.761126
ERR1203383	PE	2	3	26	161	5	3150643348	3155558500	4915152	21186	0.562152
ERR1203383	PE	2	3	27	162	0	3155558500	3160473652	4915152	21186	0.544864
ERR1203383	PE	2	3	28	163	1	3160473652	3165388804	4915152	21186	0.534229
ERR1203383	PE	2	3	29	170	2	3194880180	3199795332	4915152	21186	0.557152
ERR1203383	PE	2	3	30	177	3	3229286476	3234201628	4915152	21186	0.515964
ERR1203383	PE	2	3	31	184	4	3263693004	3268608156	4915152	21186	0.534868
ERR1203383	PE	2	3	32	191	5	3298099300	3303014452	4915152	21186	0.445181
ERR1203383	PE	2	3	33	192	0	3303014452	3307929604	4915152	21186	0.498536
ERR1203383	PE	2	3	34	199	1	3337420980	3342336132	4915152	21186	0.695627
ERR1203383	PE	2	3	35	206	2	3371827276	3376742428	4915152	21186	0.541268
ERR1203383	PE	2	3	36	213	3	3406233804	3411148956	4915152	21186	0.885703
ERR1203383	PE	2	3	37	220	4	3440640100	3445555252	4915152	21186	0.501608
ERR1203383	PE	2	3	38	227	5	3467673668	3468902572	1228904	5297	2.001224
ERR1203383	PE	2	3	39	240	0	3483648028	3484876932	1228904	5297	1.254455
ERR1203383	PE	2	3	40	247	1	3492249660	3493478564	1228904	5297	3.371371
ERR1203383	PE	2	3	41	250	4	3495936140	3497164812	1228672	5296	3.605343
ERR1203383	PE	2	4	0	4	4	78643260	98304188	19660928	87772	2.211628
ERR1203383	PE	2	4	1	11	5	216268860	235929600	19660740	86802	1.779892
ERR1203383	PE	2	4	2	12	0	235929600	255590496	19660896	86232	1.869475
ERR1203383	PE	2	4	3	19	1	373555416	393216084	19660668	86231	2.010879
ERR1203383	PE	2	4	4	26	2	511181004	530841672	19660668	86231	2.024148
ERR1203383	PE	2	4	5	33	3	648806592	668467260	19660668	86231	1.80955
ERR1203383	PE	2	4	6	40	4	786432180	806092848	19660668	86231	2.010719
ERR1203383	PE	2	4	7	47	5	924057768	943718436	19660668	86231	2.185923
ERR1203383	PE	2	4	8	48	0	943718436	963379332	19660896	86232	2.151425
ERR1203383	PE	2	4	9	55	1	1081344024	1101004920	19660896	86232	1.923435
ERR1203383	PE	2	4	10	62	2	1218969612	1238630508	19660896	86232	1.869781
ERR1203383	PE	2	4	11	69	3	1356595200	1376256096	19660896	86232	1.929609
ERR1203383	PE	2	4	12	76	4	1494221016	1513881684	19660668	86231	2.276586
ERR1203383	PE	2	4	13	83	5	1631846604	1651507272	19660668	86231	1.752788
ERR1203383	PE	2	4	14	84	0	1651507272	1671168168	19660896	86232	1.679012
ERR1203383	PE	2	4	15	91	1	1789132860	1808793756	19660896	86232	1.714518
ERR1203383	PE	2	4	16	98	2	1926758448	1946419344	19660896	86232	1.504513
ERR1203383	PE	2	4	17	105	3	2064384036	2084044932	19660896	86232	2.046446
ERR1203383	PE	2	4	18	112	4	2202009624	2221670520	19660896	86232	1.759325
ERR1203383	PE	2	4	19	119	5	2339635380	2359296220	19660840	84745	1.848607
ERR1203383	PE	2	4	20	120	0	2359296220	2378956828	19660608	84744	1.859333
ERR1203383	PE	2	4	21	127	1	2496921636	2516582476	19660840	84745	1.854895
ERR1203383	PE	2	4	22	134	2	2634547284	2654208124	19660840	84745	1.662607
ERR1203383	PE	2	4	23	141	3	2772172932	2791833772	19660840	84745	1.621307
ERR1203383	PE	2	4	24	148	4	2909798580	2929459420	19660840	84745	2.067602
ERR1203383	PE	2	4	25	155	5	3047424228	3067084836	19660608	84744	1.735004
ERR1203383	PE	2	4	26	156	0	3067084836	3086745676	19660840	84745	1.679463
ERR1203383	PE	2	4	27	169	1	3189965028	3194880180	4915152	21186	0.432889
ERR1203383	PE	2	4	28	176	2	3224371324	3229286476	4915152	21186	0.750072
ERR1203383	PE	2	4	29	183	3	3258777620	3263693004	4915384	21187	0.501457
ERR1203383	PE	2	4	30	190	4	3293184148	3298099300	4915152	21186	0.528197
ERR1203383	PE	2	4	31	197	5	3327590444	3332505828	4915384	21187	0.405525
ERR1203383	PE	2	4	32	198	0	3332505828	3337420980	4915152	21186	0.679171
ERR1203383	PE	2	4	33	205	1	3366912124	3371827276	4915152	21186	0.515512
ERR1203383	PE	2	4	34	212	2	3401318420	3406233804	4915384	21187	0.793598
ERR1203383	PE	2	4	35	219	3	3435724948	3440640100	4915152	21186	0.71209
ERR1203383	PE	2	4	36	226	4	3466444996	3467673668	1228672	5296	0.138464
ERR1203383	PE	2	4	37	233	5	3475046628	3476275300	1228672	5296	0.873332
ERR1203383	PE	2	4	38	222	0	3450470404	3455385788	4915384	21187	0.627437
ERR1203383	PE	2	4	39	241	1	3484876932	3486105604	1228672	5296	1.995262
ERR1203383	PE	2	4	40	248	2	3493478564	3494707236	1228672	5296	3.072247
ERR1203383	PE	2	4	41	252	0	3498393716	3499281348	887632	3826	1.076895
ERR1203383	PE	2	5	0	5	5	98304188	117964892	19660704	87771	2.646355
ERR1203383	PE	2	5	1	6	0	117964892	137625820	19660928	87772	2.17307
ERR1203383	PE	2	5	2	13	1	255590496	275251392	19660896	86232	1.802786
ERR1203383	PE	2	5	3	20	2	393216084	412876980	19660896	86232	1.805794
ERR1203383	PE	2	5	4	27	3	530841672	550502568	19660896	86232	1.842089
ERR1203383	PE	2	5	5	34	4	668467260	688128156	19660896	86232	2.458562
ERR1203383	PE	2	5	6	41	5	806092848	825753744	19660896	86232	2.135239
ERR1203383	PE	2	5	7	42	0	825753744	845414412	19660668	86231	2.103163
ERR1203383	PE	2	5	8	49	1	963379332	983040000	19660668	86231	2.01759
ERR1203383	PE	2	5	9	56	2	1101004920	1120665816	19660896	86232	1.794138
ERR1203383	PE	2	5	10	63	3	1238630508	1258291404	19660896	86232	1.930201
ERR1203383	PE	2	5	11	70	4	1376256096	1395916992	19660896	86232	1.948272
ERR1203383	PE	2	5	12	77	5	1513881684	1533542580	19660896	86232	2.075006
ERR1203383	PE	2	5	13	78	0	1533542580	1553203248	19660668	86231	1.668109
ERR1203383	PE	2	5	14	85	1	1671168168	1690828836	19660668	86231	1.681261
ERR1203383	PE	2	5	15	92	2	1808793756	1828454424	19660668	86231	1.857231
ERR1203383	PE	2	5	16	99	3	1946419344	1966080012	19660668	86231	1.673024
ERR1203383	PE	2	5	17	106	4	2084044932	2103705600	19660668	86231	1.733987
ERR1203383	PE	2	5	18	113	5	2221670520	2241331416	19660896	86232	1.977717
ERR1203383	PE	2	5	19	114	0	2241331416	2260992084	19660668	86231	2.124153
ERR1203383	PE	2	5	20	121	1	2378956828	2398617668	19660840	84745	1.675349
ERR1203383	PE	2	5	21	128	2	2516582476	2536243316	19660840	84745	1.869253
ERR1203383	PE	2	5	22	135	3	2654208124	2673868964	19660840	84745	1.846688
ERR1203383	PE	2	5	23	142	4	2791833772	2811494612	19660840	84745	1.769315
ERR1203383	PE	2	5	24	149	5	2929459420	2949120028	19660608	84744	1.714625
ERR1203383	PE	2	5	25	150	0	2949120028	2968780868	19660840	84745	1.731033
ERR1203383	PE	2	5	26	157	1	3086745676	3106406516	19660840	84745	1.714245
ERR1203383	PE	2	5	27	164	2	3165388804	3170304188	4915384	21187	0.537044
ERR1203383	PE	2	5	28	165	3	3170304188	3175219340	4915152	21186	0.425538
ERR1203383	PE	2	5	29	172	4	3204710484	3209625636	4915152	21186	0.456387
ERR1203383	PE	2	5	30	179	5	3239117012	3244032164	4915152	21186	0.603912
ERR1203383	PE	2	5	31	180	0	3244032164	3248947316	4915152	21186	0.448283
ERR1203383	PE	2	5	32	187	1	3278438460	3283353612	4915152	21186	0.564488
ERR1203383	PE	2	5	33	194	2	3312844988	3317760140	4915152	21186	0.487078
ERR1203383	PE	2	5	34	201	3	3347251284	3352166436	4915152	21186	0.572326
ERR1203383	PE	2	5	35	208	4	3381657812	3386572964	4915152	21186	0.537426
ERR1203383	PE	2	5	36	215	5	3416064108	3420979260	4915152	21186	0.673275
ERR1203383	PE	2	5	37	210	0	3391488116	3396403268	4915152	21186	0.486261
ERR1203383	PE	2	5	38	217	1	3425894412	3430809796	4915384	21187	0.652743
ERR1203383	PE	2	5	39	224	2	3460300940	3465216092	4915152	21186	0.543644
ERR1203383	PE	2	5	40	231	3	3472588820	3473817724	1228904	5297	0.333567
ERR1203383	PE	2	5	41	238	4	3481190452	3482419356	1228904	5297	1.343406
ERR1203383	PE	2	5	42	245	5	3489792084	3491020988	1228904	5297	3.342881
ERR1203383	PE	2	5	43	246	0	3491020988	3492249660	1228672	5296	3.119389
ERR1203383	PE	3	0	0	0	0	0	19660976	19660976	89570	2.175561
ERR1203383	PE	3	0	1	7	1	137625820	157286524	19660704	87771	1.872063
ERR1203383	PE	3	0	2	14	2	275251392	294912060	19660668	86231	1.78339
ERR1203383	PE	3	0	3	21	3	412876980	432537648	19660668	86231	2.086894
ERR1203383	PE	3	0	4	28	4	550502568	570163236	19660668	86231	1.729614
ERR1203383	PE	3	0	5	35	5	688128156	707788824	19660668	86231	1.76882
ERR1203383	PE	3	0	6	36	0	707788824	727449720	19660896	86232	1.84294
ERR1203383	PE	3	0	7	43	1	845414412	865075308	19660896	86232	2.089649
ERR1203383	PE	3	0	8	50	2	983040000	1002700896	19660896	86232	2.212801
ERR1203383	PE	3	0	9	57	3	1120665816	1140326484	19660668	86231	1.533406
ERR1203383	PE	3	0	10	64	4	1258291404	1277952072	19660668	86231	1.856229
ERR1203383	PE	3	0	11	71	5	1395916992	1415577660	19660668	86231	1.863349
ERR1203383	PE	3	0	12	72	0	1415577660	1435238556	19660896	86232	1.710077
ERR1203383	PE	3	0	13	79	1	1553203248	1572864144	19660896	86232	2.073553
ERR1203383	PE	3	0	14	86	2	1690828836	1710489732	19660896	86232	1.960302
ERR1203383	PE	3	0	15	93	3	1828454424	1848115320	19660896	86232	1.529188
ERR1203383	PE	3	0	16	100	4	1966080012	1985740908	19660896	86232	1.932805
ERR1203383	PE	3	0	17	107	5	2103705600	2123366496	19660896	86232	1.546697
ERR1203383	PE	3	0	18	108	0	2123366496	2143027392	19660896	86232	1.707132
ERR1203383	PE	3	0	19	115	1	2260992084	2280652860	19660776	85846	2.154708
ERR1203383	PE	3	0	20	122	2	2398617668	2418278508	19660840	84745	2.089836
ERR1203383	PE	3	0	21	129	3	2536243316	2555904156	19660840	84745	1.383573
ERR1203383	PE	3	0	22	136	4	2673868964	2693529804	19660840	84745	1.779957
ERR1203383	PE	3	0	23	143	5	2811494612	2831155220	19660608	84744	1.734778
ERR1203383	PE	3	0	24	144	0	2831155220	2850816060	19660840	84745	1.640142
ERR1203383	PE	3	0	25	151	1	2968780868	2988441708	19660840	84745	1.784597
ERR1203383	PE	3	0	26	158	2	3106406516	3126067356	19660840	84745	1.959815
ERR1203383	PE	3	0	27	165	3	3170304188	3175219340	4915152	21186	0.425549
ERR1203383	PE	3	0	28	172	4	3204710484	3209625636	4915152	21186	0.451204
ERR1203383	PE	3	0	29	179	5	3239117012	3244032164	4915152	21186	0.591721
ERR1203383	PE	3	0	30	180	0	3244032164	3248947316	4915152	21186	0.44294
ERR1203383	PE	3	0	31	187	1	3278438460	3283353612	4915152	21186	0.554356
ERR1203383	PE	3	0	32	194	2	3312844988	3317760140	4915152	21186	0.47391
ERR1203383	PE	3	0	33	201	3	3347251284	3352166436	4915152	21186	0.562479
ERR1203383	PE	3	0	34	208	4	3381657812	3386572964	4915152	21186	0.517501
ERR1203383	PE	3	0	35	215	5	3416064108	3420979260	4915152	21186	0.644291
ERR1203383	PE	3	0	36	210	0	3391488116	3396403268	4915152	21186	0.467009
ERR1203383	PE	3	0	37	217	1	3425894412	3430809796	4915384	21187	0.636091
ERR1203383	PE	3	0	38	224	2	3460300940	3465216092	4915152	21186	0.536976
ERR1203383	PE	3	0	39	231	3	3472588820	3473817724	1228904	5297	0.330692
ERR1203383	PE	3	0	40	238	4	3481190452	3482419356	1228904	5297	1.347929
ERR1203383	PE	3	0	41	245	5	3489792084	3491020988	1228904	5297	3.22292
ERR1203383	PE	3	0	42	246	0	3491020988	3492249660	1228672	5296	2.968776
ERR1203383	PE	3	1	0	1	1	19660976	39321628	19660652	87957	2.338594
ERR1203383	PE	3	1	1	8	2	157286524	176947228	19660704	87771	2.171416
ERR1203383	PE	3	1	2	15	3	294912060	314572956	19660896	86232	1.69119
ERR1203383	PE	3	1	3	22	4	432537648	452198544	19660896	86232	1.852651
ERR1203383	PE	3	1	4	29	5	570163236	589824132	19660896	86232	1.758124
ERR1203383	PE	3	1	5	30	0	589824132	609484800	19660668	86231	2.007482
ERR1203383	PE	3	1	6	37	1	727449720	747110616	19660896	86232	1.895344
ERR1203383	PE	3	1	7	44	2	865075308	884736204	19660896	86232	2.089194
ERR1203383	PE	3	1	8	51	3	1002700896	1022361792	19660896	86232	1.981213
ERR1203383	PE	3	1	9	58	4	1140326484	1159987380	19660896	86232	1.624312
ERR1203383	PE	3	1	10	65	5	1277952072	1297612968	19660896	86232	2.057906
ERR1203383	PE	3	1	11	66	0	1297612968	1317273636	19660668	86231	2.379788
ERR1203383	PE	3	1	12	73	1	1435238556	1454899224	19660668	86231	2.034674
ERR1203383	PE	3	1	13	80	2	1572864144	1592524812	19660668	86231	1.94421
ERR1203383	PE	3	1	14	87	3	1710489732	1730150400	19660668	86231	2.11038
ERR1203383	PE	3	1	15	94	4	1848115320	1867776216	19660896	86232	1.580487
ERR1203383	PE	3	1	16	101	5	1985740908	2005401804	19660896	86232	1.850063
ERR1203383	PE	3	1	17	102	0	2005401804	2025062472	19660668	86231	1.593366
ERR1203383	PE	3	1	18	109	1	2143027392	2162688060	19660668	86231	2.053125
ERR1203383	PE	3	1	19	116	2	2280652860	2300313700	19660840	84745	1.653257
ERR1203383	PE	3	1	20	123	3	2418278508	2437939348	19660840	84745	1.791021
ERR1203383	PE	3	1	21	130	4	2555904156	2575564996	19660840	84745	2.02306
ERR1203383	PE	3	1	22	137	5	2693529804	2713190412	19660608	84744	1.541565
ERR1203383	PE	3	1	23	138	0	2713190412	2732851252	19660840	84745	1.687536
ERR1203383	PE	3	1	24	145	1	2850816060	2870476900	19660840	84745	1.522218
ERR1203383	PE	3	1	25	152	2	2988441708	3008102548	19660840	84745	1.666296
ERR1203383	PE	3	2	0	2	2	39321628	58982556	19660928	87772	2.328502
ERR1203383	PE	3	2	1	9	3	176947228	196608156	19660928	87772	2.083753
ERR1203383	PE	3	2	2	16	4	314572956	334233624	19660668	86231	1.827249
ERR1203383	PE	3	2	3	23	5	452198544	471859212	19660668	86231	2.179905
ERR1203383	PE	3	2	4	24	0	471859212	491520108	19660896	86232	1.80124
ERR1203383	PE	3	2	5	31	1	609484800	629145696	19660896	86232	1.581739
ERR1203383	PE	3	2	6	38	2	747110616	766771284	19660668	86231	1.955998
ERR1203383	PE	3	2	7	45	3	884736204	904396872	19660668	86231	2.108815
ERR1203383	PE	3	2	8	52	4	1022361792	1042022460	19660668	86231	1.61688
ERR1203383	PE	3	2	9	59	5	1159987380	1179648048	19660668	86231	2.227083
ERR1203383	PE	3	2	10	60	0	1179648048	1199308944	19660896	86232	2.131655
ERR1203383	PE	3	2	11	67	1	1317273636	1336934532	19660896	86232	2.27892
ERR1203383	PE	3	2	12	74	2	1454899224	1474560120	19660896	86232	1.805748
ERR1203383	PE	3	2	13	81	3	1592524812	1612185708	19660896	86232	2.250462
ERR1203383	PE	3	2	14	88	4	1730150400	1749811296	19660896	86232	2.074254
ERR1203383	PE	3	2	15	95	5	1867776216	1887436884	19660668	86231	1.903804
ERR1203383	PE	3	2	16	96	0	1887436884	1907097780	19660896	86232	1.805294
ERR1203383	PE	3	2	17	103	1	2025062472	2044723368	19660896	86232	1.695997
ERR1203383	PE	3	3	0	3	3	58982556	78643260	19660704	87771	2.240386
ERR1203383	PE	3	3	1	10	4	196608156	216268860	19660704	87771	1.641275
ERR1203383	PE	3	3	2	17	5	334233624	353894520	19660896	86232	1.675113
ERR1203383	PE	3	3	3	18	0	353894520	373555416	19660896	86232	1.830528
ERR1203383	PE	3	3	4	25	1	491520108	511181004	19660896	86232	1.613795
ERR1203383	PE	3	3	5	32	2	629145696	648806592	19660896	86232	1.447418
ERR1203383	PE	3	3	6	39	3	766771284	786432180	19660896	86232	1.725647
ERR1203383	PE	3	3	7	46	4	904396872	924057768	19660896	86232	2.21478
ERR1203383	PE	3	3	8	53	5	1042022460	1061683356	19660896	86232	1.925331
ERR1203383	PE	3	3	9	54	0	1061683356	1081344024	19660668	86231	1.698468
ERR1203383	PE	3	3	10	61	1	1199308944	1218969612	19660668	86231	2.037457
ERR1203383	PE	3	3	11	68	2	1336934532	1356595200	19660668	86231	1.787291
ERR1203383	PE	3	3	12	75	3	1474560120	1494221016	19660896	86232	3.351368
ERR1203383	PE	3	3	13	82	4	1612185708	1631846604	19660896	86232	1.874656
ERR1203383	PE	3	3	14	89	5	1749811296	1769472192	19660896	86232	1.709859
ERR1203383	PE	3	3	15	90	0	1769472192	1789132860	19660668	86231	1.787751
ERR1203383	PE	3	3	16	97	1	1907097780	1926758448	19660668	86231	1.659825
ERR1203383	PE	3	3	17	104	2	2044723368	2064384036	19660668	86231	1.661636
ERR1203383	PE	3	3	27	166	4	3175219340	3180134492	4915152	21186	0.473117
ERR1203383	PE	3	3	28	173	5	3209625636	3214541020	4915384	21187	0.404821
ERR1203383	PE	3	3	29	174	0	3214541020	3219456172	4915152	21186	0.348626
ERR1203383	PE	3	3	30	175	1	3219456172	3224371324	4915152	21186	0.693296
ERR1203383	PE	3	3	31	182	2	3253862468	3258777620	4915152	21186	0.495362
ERR1203383	PE	3	3	32	189	3	3288268996	3293184148	4915152	21186	0.481843
ERR1203383	PE	3	3	33	196	4	3322675292	3327590444	4915152	21186	0.605579
ERR1203383	PE	3	3	34	203	5	3357081820	3361996972	4915152	21186	0.724244
ERR1203383	PE	3	3	35	204	0	3361996972	3366912124	4915152	21186	0.630967
ERR1203383	PE	3	3	36	211	1	3396403268	3401318420	4915152	21186	0.503822
ERR1203383	PE	3	3	37	218	2	3430809796	3435724948	4915152	21186	0.629584
ERR1203383	PE	3	3	38	225	3	3465216092	3466444996	1228904	5297	0.154425
ERR1203383	PE	3	3	39	232	4	3473817724	3475046628	1228904	5297	0.225048
ERR1203383	PE	3	3	40	239	5	3482419356	3483648028	1228672	5296	0.522431
ERR1203383	PE	3	3	41	234	0	3476275300	3477504204	1228904	5297	0.293793
ERR1203383	PE	3	3	42	241	1	3484876932	3486105604	1228672	5296	1.99273
ERR1203383	PE	3	3	43	248	2	3493478564	3494707236	1228672	5296	3.054223
ERR1203383	PE	3	3	44	252	0	3498393716	3499281348	887632	3826	1.077109
ERR1203383	PE	3	3	19	117	3	2300313700	2319974540	19660840	84745	1.785991
ERR1203383	PE	3	3	20	124	4	2437939348	2457600188	19660840	84745	1.473014
ERR1203383	PE	3	3	21	131	5	2575564996	2595225604	19660608	84744	1.773242
ERR1203383	PE	3	3	22	132	0	2595225604	2614886444	19660840	84745	1.893292
ERR1203383	PE	3	3	23	139	1	2732851252	2752512092	19660840	84745	1.879822
ERR1203383	PE	3	3	24	146	2	2870476900	2890137740	19660840	84745	1.979534
ERR1203383	PE	3	3	25	153	3	3008102548	3027763388	19660840	84745	2.161176
ERR1203383	PE	3	3	26	160	4	3145728196	3150643348	4915152	21186	0.588838
ERR1203383	PE	3	3	27	167	5	3180134492	3185049644	4915152	21186	0.558091
ERR1203383	PE	3	3	28	168	0	3185049644	3189965028	4915384	21187	0.519255
ERR1203383	PE	3	3	29	181	1	3248947316	3253862468	4915152	21186	0.484469
ERR1203383	PE	3	3	30	188	2	3283353612	3288268996	4915384	21187	0.426723
ERR1203383	PE	3	3	31	195	3	3317760140	3322675292	4915152	21186	0.476997
ERR1203383	PE	3	3	32	202	4	3352166436	3357081820	4915384	21187	0.610577
ERR1203383	PE	3	3	33	209	5	3386572964	3391488116	4915152	21186	3.241868
ERR1203383	PE	3	3	34	222	0	3450470404	3455385788	4915384	21187	0.624253
ERR1203383	PE	3	3	35	229	1	3470131244	3471360148	1228904	5297	0.260907
ERR1203383	PE	3	3	36	236	2	3478732876	3479961780	1228904	5297	0.985303
ERR1203383	PE	3	3	37	243	3	3487334508	3488563412	1228904	5297	2.616478
ERR1203383	PE	3	3	38	244	4	3488563412	3489792084	1228672	5296	3.793845
ERR1203383	PE	3	3	19	118	4	2319974540	2339635380	19660840	84745	2.071185
ERR1203383	PE	3	3	20	125	5	2457600188	2477261028	19660840	84745	1.835025
ERR1203383	PE	3	3	21	126	0	2477261028	2496921636	19660608	84744	1.680298
ERR1203383	PE	3	3	22	133	1	2614886444	2634547284	19660840	84745	1.681787
ERR1203383	PE	3	3	23	140	2	2752512092	2772172932	19660840	84745	1.678553
ERR1203383	PE	3	3	24	147	3	2890137740	2909798580	19660840	84745	1.997886
ERR1203383	PE	3	3	25	154	4	3027763388	3047424228	19660840	84745	1.671917
ERR1203383	PE	3	3	26	161	5	3150643348	3155558500	4915152	21186	0.537486
ERR1203383	PE	3	3	27	162	0	3155558500	3160473652	4915152	21186	0.536991
ERR1203383	PE	3	3	28	169	1	3189965028	3194880180	4915152	21186	0.409754
ERR1203383	PE	3	3	29	176	2	3224371324	3229286476	4915152	21186	0.730637
ERR1203383	PE	3	3	30	183	3	3258777620	3263693004	4915384	21187	0.483355
ERR1203383	PE	3	3	31	190	4	3293184148	3298099300	4915152	21186	0.514619
ERR1203383	PE	3	3	32	197	5	3327590444	3332505828	4915384	21187	0.391776
ERR1203383	PE	3	3	33	198	0	3332505828	3337420980	4915152	21186	0.672789
ERR1203383	PE	3	3	34	205	1	3366912124	3371827276	4915152	21186	0.501344
ERR1203383	PE	3	3	35	212	2	3401318420	3406233804	4915384	21187	0.780389
ERR1203383	PE	3	3	36	219	3	3435724948	3440640100	4915152	21186	0.705354
ERR1203383	PE	3	3	37	226	4	3466444996	3467673668	1228672	5296	0.122515
ERR1203383	PE	3	3	38	233	5	3475046628	3476275300	1228672	5296	0.860789
ERR1203383	PE	3	3	39	228	0	3468902572	3470131244	1228672	5296	0.392899
ERR1203383	PE	3	3	40	235	1	3477504204	3478732876	1228672	5296	0.288315
ERR1203383	PE	3	3	41	242	2	3486105604	3487334508	1228904	5297	4.592884
ERR1203383	PE	3	3	42	249	3	3494707236	3495936140	1228904	5297	3.863762
ERR1203383	PE	3	4	0	4	4	78643260	98304188	19660928	87772	2.173467
ERR1203383	PE	3	4	1	11	5	216268860	235929600	19660740	86802	1.709614
ERR1203383	PE	3	4	2	12	0	235929600	255590496	19660896	86232	1.803631
ERR1203383	PE	3	4	3	19	1	373555416	393216084	19660668	86231	1.935135
ERR1203383	PE	3	4	4	26	2	511181004	530841672	19660668	86231	1.948623
ERR1203383	PE	3	4	5	33	3	648806592	668467260	19660668	86231	1.70119
ERR1203383	PE	3	4	6	40	4	786432180	806092848	19660668	86231	1.918559
ERR1203383	PE	3	4	7	47	5	924057768	943718436	19660668	86231	2.120091
ERR1203383	PE	3	4	8	48	0	943718436	963379332	19660896	86232	2.083428
ERR1203383	PE	3	4	9	55	1	1081344024	1101004920	19660896	86232	1.861475
ERR1203383	PE	3	4	10	62	2	1218969612	1238630508	19660896	86232	1.790926
ERR1203383	PE	3	4	11	69	3	1356595200	1376256096	19660896	86232	1.836579
ERR1203383	PE	3	4	12	76	4	1494221016	1513881684	19660668	86231	2.205312
ERR1203383	PE	3	4	13	83	5	1631846604	1651507272	19660668	86231	1.670311
ERR1203383	PE	3	4	14	84	0	1651507272	1671168168	19660896	86232	1.567708
ERR1203383	PE	3	4	15	91	1	1789132860	1808793756	19660896	86232	1.618913
ERR1203383	PE	3	4	16	98	2	1926758448	1946419344	19660896	86232	1.432091
ERR1203383	PE	3	4	17	105	3	2064384036	2084044932	19660896	86232	1.978452
ERR1203383	PE	3	-1	19	119	5	2339635380	2359296220	19660840	84745	1.76905
ERR1203383	PE	3	-1	20	120	0	2359296220	2378956828	19660608	84744	1.760684
ERR1203383	PE	3	-1	21	127	1	2496921636	2516582476	19660840	84745	1.791866
ERR1203383	PE	3	-1	22	134	2	2634547284	2654208124	19660840	84745	1.57639
ERR1203383	PE	3	-1	23	141	3	2772172932	2791833772	19660840	84745	1.526884
ERR1203383	PE	3	-1	24	148	4	2909798580	2929459420	19660840	84745	2.001011
ERR1203383	PE	3	-1	25	155	5	3047424228	3067084836	19660608	84744	1.64744
ERR1203383	PE	3	-1	26	156	0	3067084836	3086745676	19660840	84745	1.584572
ERR1203383	PE	3	-1	27	163	1	3160473652	3165388804	4915152	21186	0.50767
ERR1203383	PE	3	-1	28	170	2	3194880180	3199795332	4915152	21186	0.539625
ERR1203383	PE	3	-1	29	177	3	3229286476	3234201628	4915152	21186	0.477429
ERR1203383	PE	3	-1	30	184	4	3263693004	3268608156	4915152	21186	0.507585
ERR1203383	PE	3	-1	31	191	5	3298099300	3303014452	4915152	21186	0.4105
ERR1203383	PE	3	-1	32	192	0	3303014452	3307929604	4915152	21186	0.483274
ERR1203383	PE	3	-1	33	199	1	3337420980	3342336132	4915152	21186	0.685738
ERR1203383	PE	3	-1	34	206	2	3371827276	3376742428	4915152	21186	0.519958
ERR1203383	PE	3	-1	35	213	3	3406233804	3411148956	4915152	21186	0.859607
ERR1203383	PE	3	-1	36	220	4	3440640100	3445555252	4915152	21186	0.475301
ERR1203383	PE	3	-1	37	227	5	3467673668	3468902572	1228904	5297	1.982353
ERR1203383	PE	3	-1	38	240	0	3483648028	3484876932	1228904	5297	1.26253
ERR1203383	PE	3	-1	39	247	1	3492249660	3493478564	1228904	5297	3.319907
ERR1203383	PE	3	-1	40	250	4	3495936140	3497164812	1228672	5296	3.554762
ERR1203383	PE	3	5	0	5	5	98304188	117964892	19660704	87771	2.378136
ERR1203383	PE	3	5	1	6	0	117964892	137625820	19660928	87772	2.112679
ERR1203383	PE	3	5	2	13	1	255590496	275251392	19660896	86232	1.737054
ERR1203383	PE	3	5	3	20	2	393216084	412876980	19660896	86232	1.74157
ERR1203383	PE	3	5	4	27	3	530841672	550502568	19660896	86232	1.761538
ERR1203383	PE	3	5	5	34	4	668467260	688128156	19660896	86232	2.399606
ERR1203383	PE	3	5	6	41	5	806092848	825753744	19660896	86232	2.087249
ERR1203383	PE	3	5	7	42	0	825753744	845414412	19660668	86231	2.043977
ERR1203383	PE	3	5	8	49	1	963379332	983040000	19660668	86231	1.956413
ERR1203383	PE	3	5	9	56	2	1101004920	1120665816	19660896	86232	1.712627
ERR1203383	PE	3	5	10	63	3	1238630508	1258291404	19660896	86232	1.86465
ERR1203383	PE	3	5	11	70	4	1376256096	1395916992	19660896	86232	1.885054
ERR1203383	PE	3	5	12	77	5	1513881684	1533542580	19660896	86232	2.018946
ERR1203383	PE	3	5	13	78	0	1533542580	1553203248	19660668	86231	1.586068
ERR1203383	PE	3	5	14	85	1	1671168168	1690828836	19660668	86231	1.614548
ERR1203383	PE	3	5	15	92	2	1808793756	1828454424	19660668	86231	1.78529
ERR1203383	PE	3	5	16	99	3	1946419344	1966080012	19660668	86231	1.602227
ERR1203383	PE	3	5	17	106	4	2084044932	2103705600	19660668	86231	1.641484
ERR1203383	PE	3	5	19	114	0	2241331416	2260992084	19660668	86231	2.06053
ERR1203383	PE	3	5	20	121	1	2378956828	2398617668	19660840	84745	1.607931
ERR1203383	PE	3	5	21	128	2	2516582476	2536243316	19660840	84745	1.818104
ERR1203383	PE	3	5	22	135	3	2654208124	2673868964	19660840	84745	1.79023
ERR1203383	PE	3	5	23	142	4	2791833772	2811494612	19660840	84745	1.704994
ERR1203383	PE	3	5	24	149	5	2929459420	2949120028	19660608	84744	1.646208
ERR1203383	PE	3	5	25	150	0	2949120028	2968780868	19660840	84745	1.645361
ERR1203383	PE	3	5	26	157	1	3086745676	3106406516	19660840	84745	1.621026
ERR1203383	PE	3	5	27	164	2	3165388804	3170304188	4915384	21187	0.525107
ERR1203383	PE	3	5	28	171	3	3199795332	3204710484	4915152	21186	0.595781
ERR1203383	PE	3	5	29	178	4	3234201628	3239117012	4915384	21187	0.548684
ERR1203383	PE	3	5	30	185	5	3268608156	3273523308	4915152	21186	0.461903
ERR1203383	PE	3	5	31	186	0	3273523308	3278438460	4915152	21186	0.522462
ERR1203383	PE	3	5	32	193	1	3307929604	3312844988	4915384	21187	0.441862
ERR1203383	PE	3	5	33	200	2	3342336132	3347251284	4915152	21186	0.562414
ERR1203383	PE	3	5	34	207	3	3376742428	3381657812	4915384	21187	0.598289
ERR1203383	PE	3	5	35	214	4	3411148956	3416064108	4915152	21186	0.559509
ERR1203383	PE	3	5	36	221	5	3445555252	3450470404	4915152	21186	0.768917
ERR1203383	PE	3	5	37	216	0	3420979260	3425894412	4915152	21186	0.539506
ERR1203383	PE	3	5	38	223	1	3455385788	3460300940	4915152	21186	0.385179
ERR1203383	PE	3	5	39	230	2	3471360148	3472588820	1228672	5296	0.34809
ERR1203383	PE	3	5	40	237	3	3479961780	3481190452	1228672	5296	4.988705
ERR1203383	PE	3	5	41	251	5	3497164812	3498393716	1228904	5297	1.9961
SRR2496709	PE	1	0	0	0	0	0	19660888	19660888	72446	2.428051
SRR2496709	PE	1	0	1	7	1	137625684	157286544	19660860	71235	1.954484
SRR2496709	PE	1	0	2	14	2	275251428	294912264	19660836	70233	1.313933
SRR2496709	PE	1	0	3	21	3	412876824	432537864	19661040	70218	2.328239
SRR2496709	PE	1	0	4	22	4	432537864	452198624	19660760	70217	1.762408
SRR2496709	PE	1	0	5	29	5	570163464	589824224	19660760	70217	2.097647
SRR2496709	PE	1	0	6	30	0	589824224	609484984	19660760	70217	1.744689
SRR2496709	PE	1	0	7	37	1	727449824	747110584	19660760	70217	1.960532
SRR2496709	PE	1	0	8	44	2	865075424	884736184	19660760	70217	1.56932
SRR2496709	PE	1	0	9	51	3	1002701024	1022361784	19660760	70217	2.665337
SRR2496709	PE	1	0	10	58	4	1140326624	1159987384	19660760	70217	2.065345
SRR2496709	PE	1	0	11	65	5	1277952224	1297612984	19660760	70217	1.390595
SRR2496709	PE	1	0	12	66	0	1297612984	1317273744	19660760	70217	1.583627
SRR2496709	PE	1	0	13	73	1	1435238584	1454899344	19660760	70217	1.550695
SRR2496709	PE	1	0	14	80	2	1572864184	1592524944	19660760	70217	1.545223
SRR2496709	PE	1	0	15	87	3	1710489784	1730150544	19660760	70217	1.832652
SRR2496709	PE	1	0	16	88	4	1730150544	1749811304	19660760	70217	2.269649
SRR2496709	PE	1	0	17	95	5	1867776144	1887436904	19660760	70217	1.678722
SRR2496709	PE	1	0	18	96	0	1887436904	1907097664	19660760	70217	2.401693
SRR2496709	PE	1	0	19	103	1	2025062504	2044723264	19660760	70217	1.825869
SRR2496709	PE	1	0	20	110	2	2162688104	2182348864	19660760	70217	1.870193
SRR2496709	PE	1	0	21	117	3	2300313704	2319974464	19660760	70217	1.624066
SRR2496709	PE	1	0	22	124	4	2437939304	2457600064	19660760	70217	1.566079
SRR2496709	PE	1	0	23	131	5	2575564904	2595225664	19660760	70217	1.619469
SRR2496709	PE	1	0	24	132	0	2595225664	2614886424	19660760	70217	1.380068
SRR2496709	PE	1	0	25	133	1	2614886424	2634547464	19661040	70218	1.603249
SRR2496709	PE	1	0	26	140	2	2752512024	2772173064	19661040	70218	2.462962
SRR2496709	PE	1	0	27	147	3	2890137812	2909798564	19660752	69228	1.334453
SRR2496709	PE	1	0	28	154	4	3027763360	3047424112	19660752	69228	1.773641
SRR2496709	PE	1	0	29	161	5	3165388908	3170304096	4915188	17307	0.381032
SRR2496709	PE	1	1	0	1	1	19660888	39321660	19660772	71634	2.042099
SRR2496709	PE	1	1	1	8	2	157286544	176947404	19660860	71235	1.519323
SRR2496709	PE	1	1	2	15	3	294912264	314573024	19660760	70217	8.280847
SRR2496709	PE	1	1	3	28	4	550502424	570163464	19661040	70218	1.707337
SRR2496709	PE	1	1	4	35	5	688128024	707789064	19661040	70218	2.244509
SRR2496709	PE	1	1	5	36	0	707789064	727449824	19660760	70217	1.570552
SRR2496709	PE	1	1	6	43	1	845414664	865075424	19660760	70217	1.825719
SRR2496709	PE	1	1	7	50	2	983040264	1002701024	19660760	70217	1.701021
SRR2496709	PE	1	1	8	57	3	1120665864	1140326624	19660760	70217	2.088381
SRR2496709	PE	1	1	9	64	4	1258291464	1277952224	19660760	70217	2.023156
SRR2496709	PE	1	1	10	71	5	1395917064	1415577824	19660760	70217	1.608957
SRR2496709	PE	1	1	11	72	0	1415577824	1435238584	19660760	70217	1.672497
SRR2496709	PE	1	1	12	79	1	1553203424	1572864184	19660760	70217	2.682871
SRR2496709	PE	1	1	13	86	2	1690829024	1710489784	19660760	70217	1.521725
SRR2496709	PE	1	1	14	93	3	1828454624	1848115384	19660760	70217	4.784833
SRR2496709	PE	1	1	15	100	4	1966080224	1985740984	19660760	70217	9.396935
SRR2496709	PE	1	1	16	119	5	2339635224	2359296264	19661040	70218	1.946645
SRR2496709	PE	1	1	17	120	0	2359296264	2378957024	19660760	70217	2.264896
SRR2496709	PE	1	2	0	2	2	39321660	58982520	19660860	71235	2.06114
SRR2496709	PE	1	2	1	9	3	176947404	196608264	19660860	71235	1.585947
SRR2496709	PE	1	2	2	16	4	314573024	334233784	19660760	70217	2.346974
SRR2496709	PE	1	2	3	23	5	452198624	471859384	19660760	70217	1.495692
SRR2496709	PE	1	2	4	24	0	471859384	491520144	19660760	70217	1.484516
SRR2496709	PE	1	2	5	31	1	609484984	629145744	19660760	70217	2.342271
SRR2496709	PE	1	2	6	38	2	747110584	766771344	19660760	70217	1.917609
SRR2496709	PE	1	2	7	45	3	884736184	904396944	19660760	70217	2.422697
SRR2496709	PE	1	2	8	52	4	1022361784	1042022544	19660760	70217	2.669455
SRR2496709	PE	1	2	9	59	5	1159987384	1179648144	19660760	70217	2.309509
SRR2496709	PE	1	2	10	60	0	1179648144	1199308904	19660760	70217	1.395425
SRR2496709	PE	1	2	11	67	1	1317273744	1336934504	19660760	70217	1.849212
SRR2496709	PE	1	2	12	74	2	1454899344	1474560104	19660760	70217	1.565191
SRR2496709	PE	1	2	13	81	3	1592524944	1612185704	19660760	70217	8.153179
SRR2496709	PE	1	2	14	94	4	1848115384	1867776144	19660760	70217	1.832842
SRR2496709	PE	1	2	15	101	5	1985740984	2005401744	19660760	70217	1.289327
SRR2496709	PE	1	2	16	102	0	2005401744	2025062504	19660760	70217	2.006761
SRR2496709	PE	1	2	17	109	1	2143027344	2162688104	19660760	70217	1.527462
SRR2496709	PE	1	2	31	169	1	3204710412	3209625600	4915188	17307	0.687707
SRR2496709	PE	1	2	32	176	2	3239117012	3244032200	4915188	17307	0.351502
SRR2496709	PE	1	2	33	171	3	3214541072	3219456260	4915188	17307	0.537243
SRR2496709	PE	1	2	34	184	4	3278438516	3283353704	4915188	17307	0.373307
SRR2496709	PE	1	2	35	191	5	3312844832	3317760020	4915188	17307	0.361979
SRR2496709	PE	1	2	36	192	0	3317760020	3322675208	4915188	17307	0.353221
SRR2496709	PE	1	2	37	187	1	3293184080	3298099268	4915188	17307	0.409291
SRR2496709	PE	1	2	38	194	2	3327590680	3332505868	4915188	17307	0.337481
SRR2496709	PE	1	2	39	201	3	3361996996	3366912184	4915188	17307	0.370635
SRR2496709	PE	1	2	40	208	4	3396403312	3401318500	4915188	17307	0.372317
SRR2496709	PE	1	2	41	215	5	3430809628	3435724816	4915188	17307	0.34636
SRR2496709	PE	1	2	42	216	0	3435724816	3440640004	4915188	17307	0.33927
SRR2496709	PE	1	2	43	217	1	3440640004	3445555476	4915472	17308	0.501639
SRR2496709	PE	1	2	44	224	2	3475046604	3479961792	4915188	17307	0.532295
SRR2496709	PE	1	2	45	237	3	3513139240	3514368108	1228868	4327	0.138603
SRR2496709	PE	1	2	46	238	4	3514368108	3515596976	1228868	4327	0.117666
SRR2496709	PE	1	2	47	245	5	3522969616	3524198484	1228868	4327	0.189844
SRR2496709	PE	1	2	48	246	0	3524198484	3525427352	1228868	4327	0.121685
SRR2496709	PE	1	2	49	253	1	3532800276	3534028860	1228584	4326	0.444789
SRR2496709	PE	1	2	19	134	2	2634547464	2654208224	19660760	70217	2.653381
SRR2496709	PE	1	2	20	141	3	2772173064	2791833824	19660760	70217	1.4836
SRR2496709	PE	1	2	21	148	4	2909798564	2929459316	19660752	69228	1.396551
SRR2496709	PE	1	2	22	155	5	3047424112	3067084864	19660752	69228	1.311222
SRR2496709	PE	1	2	23	162	0	3170304096	3175219284	4915188	17307	0.425935
SRR2496709	PE	1	2	24	163	1	3175219284	3180134472	4915188	17307	0.339456
SRR2496709	PE	1	2	25	158	2	3106406652	3126067404	19660752	69228	1.636712
SRR2496709	PE	1	2	26	183	3	3273523328	3278438516	4915188	17307	0.588851
SRR2496709	PE	1	2	27	190	4	3307929644	3312844832	4915188	17307	0.348251
SRR2496709	PE	1	2	28	197	5	3342336244	3347251432	4915188	17307	0.42332
SRR2496709	PE	1	2	29	198	0	3347251432	3352166620	4915188	17307	0.379169
SRR2496709	PE	1	2	30	199	1	3352166620	3357081808	4915188	17307	0.402912
SRR2496709	PE	1	2	31	206	2	3386572936	3391488124	4915188	17307	0.338031
SRR2496709	PE	1	2	32	213	3	3420979252	3425894440	4915188	17307	0.352
SRR2496709	PE	1	2	33	220	4	3455385852	3460301040	4915188	17307	0.633493
SRR2496709	PE	1	2	34	227	5	3489792168	3494707356	4915188	17307	0.466718
SRR2496709	PE	1	2	35	228	0	3494707356	3499622544	4915188	17307	0.453564
SRR2496709	PE	1	2	36	235	1	3510681788	3511910656	1228868	4327	0.21719
SRR2496709	PE	1	2	37	242	2	3519283296	3520512164	1228868	4327	0.103886
SRR2496709	PE	1	2	38	249	3	3527884804	3529113672	1228868	4327	0.320067
SRR2496709	PE	1	2	19	123	3	2418278544	2437939304	19660760	70217	1.627916
SRR2496709	PE	1	2	20	130	4	2555904144	2575564904	19660760	70217	1.58428
SRR2496709	PE	1	2	21	137	5	2693529744	2713190504	19660760	70217	2.945019
SRR2496709	PE	1	2	22	138	0	2713190504	2732851264	19660760	70217	2.128129
SRR2496709	PE	1	2	23	145	1	2850816024	2870477060	19661036	69229	1.476661
SRR2496709	PE	1	2	24	152	2	2988441856	3008102608	19660752	69228	3.420921
SRR2496709	PE	1	2	25	159	3	3126067404	3145728156	19660752	69228	1.606133
SRR2496709	PE	1	2	26	166	4	3189964848	3194880036	4915188	17307	0.429765
SRR2496709	PE	1	2	27	173	5	3224371448	3229286636	4915188	17307	0.411129
SRR2496709	PE	1	2	28	174	0	3229286636	3234201824	4915188	17307	0.572043
SRR2496709	PE	1	2	29	181	1	3263692952	3268608140	4915188	17307	0.561001
SRR2496709	PE	1	2	30	188	2	3298099268	3303014456	4915188	17307	0.56838
SRR2496709	PE	1	2	31	195	3	3332505868	3337421056	4915188	17307	0.449722
SRR2496709	PE	1	2	32	202	4	3366912184	3371827372	4915188	17307	0.368804
SRR2496709	PE	1	2	33	209	5	3401318500	3406233688	4915188	17307	0.501735
SRR2496709	PE	1	2	34	210	0	3406233688	3411148876	4915188	17307	0.433939
SRR2496709	PE	1	2	35	211	1	3411148876	3416064064	4915188	17307	0.339754
SRR2496709	PE	1	2	36	218	2	3445555476	3450470664	4915188	17307	0.349824
SRR2496709	PE	1	2	37	225	3	3479961792	3484876980	4915188	17307	0.378742
SRR2496709	PE	1	2	38	232	4	3506995468	3508224052	1228584	4326	0.114906
SRR2496709	PE	1	2	39	239	5	3515596976	3516825844	1228868	4327	0.121052
SRR2496709	PE	1	2	40	240	0	3516825844	3518054428	1228584	4326	0.112124
SRR2496709	PE	1	2	41	241	1	3518054428	3519283296	1228868	4327	0.120705
SRR2496709	PE	1	2	42	248	2	3526656220	3527884804	1228584	4326	0.219825
SRR2496709	PE	1	2	43	255	3	3535257728	3536060312	802584	2826	0.508468
SRR2496709	PE	1	3	0	3	3	58982520	78643380	19660860	71235	2.336069
SRR2496709	PE	1	3	1	10	4	196608264	216268848	19660584	71234	1.480028
SRR2496709	PE	1	3	2	17	5	334233784	353894544	19660760	70217	1.662254
SRR2496709	PE	1	3	3	18	0	353894544	373555304	19660760	70217	1.936369
SRR2496709	PE	1	3	4	25	1	491520144	511180904	19660760	70217	2.052685
SRR2496709	PE	1	3	5	32	2	629145744	648806504	19660760	70217	2.102172
SRR2496709	PE	1	3	6	39	3	766771344	786432104	19660760	70217	1.241862
SRR2496709	PE	1	3	7	40	4	786432104	806092864	19660760	70217	1.606254
SRR2496709	PE	1	3	8	47	5	924057704	943718464	19660760	70217	2.282188
SRR2496709	PE	1	3	9	48	0	943718464	963379224	19660760	70217	2.895882
SRR2496709	PE	1	3	10	55	1	1081344064	1101004824	19660760	70217	2.281832
SRR2496709	PE	1	3	11	62	2	1218969664	1238630424	19660760	70217	1.479348
SRR2496709	PE	1	3	12	63	3	1238630424	1258291464	19661040	70218	1.526093
SRR2496709	PE	1	3	13	70	4	1376256024	1395917064	19661040	70218	3.511323
SRR2496709	PE	1	3	14	83	5	1631846464	1651507224	19660760	70217	1.926598
SRR2496709	PE	1	3	15	84	0	1651507224	1671168264	19661040	70218	2.118649
SRR2496709	PE	1	3	16	91	1	1789132824	1808793864	19661040	70218	1.694782
SRR2496709	PE	1	3	17	98	2	1926758424	1946419464	19661040	70218	1.372535
SRR2496709	PE	1	3	18	105	3	2064384024	2084045064	19661040	70218	1.617771
SRR2496709	PE	1	3	19	112	4	2202009624	2221670664	19661040	70218	1.670638
SRR2496709	PE	1	3	20	113	5	2221670664	2241331424	19660760	70217	1.758542
SRR2496709	PE	1	3	21	114	0	2241331424	2260992184	19660760	70217	1.367185
SRR2496709	PE	1	3	22	115	1	2260992184	2280652944	19660760	70217	1.85988
SRR2496709	PE	1	3	23	122	2	2398617784	2418278544	19660760	70217	1.327713
SRR2496709	PE	1	3	24	129	3	2536243384	2555904144	19660760	70217	1.598011
SRR2496709	PE	1	3	25	136	4	2673868984	2693529744	19660760	70217	2.660965
SRR2496709	PE	1	3	26	143	5	2811494520	2831155272	19660752	69228	2.094463
SRR2496709	PE	1	3	27	144	0	2831155272	2850816024	19660752	69228	2.066313
SRR2496709	PE	1	3	28	151	1	2968780820	2988441856	19661036	69229	2.175492
SRR2496709	PE	1	3	29	164	2	3180134472	3185049660	4915188	17307	0.323945
SRR2496709	PE	1	3	30	165	3	3185049660	3189964848	4915188	17307	0.379431
SRR2496709	PE	1	3	31	172	4	3219456260	3224371448	4915188	17307	0.398766
SRR2496709	PE	1	3	32	179	5	3253862576	3258777764	4915188	17307	0.405213
SRR2496709	PE	1	3	33	180	0	3258777764	3263692952	4915188	17307	5.095283
SRR2496709	PE	1	3	34	223	1	3470131416	3475046604	4915188	17307	0.433473
SRR2496709	PE	1	3	35	230	2	3504537732	3505766600	1228868	4327	0.149304
SRR2496709	PE	1	3	36	231	3	3505766600	3506995468	1228868	4327	0.436216
SRR2496709	PE	1	3	37	244	4	3521741032	3522969616	1228584	4326	0.13352
SRR2496709	PE	1	3	38	251	5	3530342540	3531571408	1228868	4327	0.133695
SRR2496709	PE	1	3	39	252	0	3531571408	3532800276	1228868	4327	0.348134
SRR2496709	PE	1	4	0	4	4	78643380	98304240	19660860	71235	2.567967
SRR2496709	PE	1	4	1	11	5	216268848	235929708	19660860	71235	1.6872
SRR2496709	PE	1	4	2	12	0	235929708	255590568	19660860	71235	1.853959
SRR2496709	PE	1	4	3	19	1	373555304	393216064	19660760	70217	1.979785
SRR2496709	PE	1	4	4	26	2	511180904	530841664	19660760	70217	2.214461
SRR2496709	PE	1	4	5	33	3	648806504	668467264	19660760	70217	1.554948
SRR2496709	PE	1	4	6	34	4	668467264	688128024	19660760	70217	1.952677
SRR2496709	PE	1	4	7	41	5	806092864	825753624	19660760	70217	1.818225
SRR2496709	PE	1	4	8	42	0	825753624	845414664	19661040	70218	2.226662
SRR2496709	PE	1	4	9	49	1	963379224	983040264	19661040	70218	3.220865
SRR2496709	PE	1	4	10	56	2	1101004824	1120665864	19661040	70218	2.012509
SRR2496709	PE	1	4	11	69	3	1356595264	1376256024	19660760	70217	1.654435
SRR2496709	PE	1	4	12	76	4	1494220864	1513881624	19660760	70217	1.546053
SRR2496709	PE	1	4	13	77	5	1513881624	1533542664	19661040	70218	1.748294
SRR2496709	PE	1	4	14	78	0	1533542664	1553203424	19660760	70217	2.096886
SRR2496709	PE	1	4	15	85	1	1671168264	1690829024	19660760	70217	1.94767
SRR2496709	PE	1	4	16	92	2	1808793864	1828454624	19660760	70217	1.417535
SRR2496709	PE	1	4	17	99	3	1946419464	1966080224	19660760	70217	1.423679
SRR2496709	PE	1	5	0	5	5	98304240	117964824	19660584	71234	2.584741
SRR2496709	PE	1	5	1	6	0	117964824	137625684	19660860	71235	2.047061
SRR2496709	PE	1	5	2	13	1	255590568	275251428	19660860	71235	2.328923
SRR2496709	PE	1	5	3	20	2	393216064	412876824	19660760	70217	2.13007
SRR2496709	PE	1	5	4	27	3	530841664	550502424	19660760	70217	8.076051
SRR2496709	PE	1	5	5	46	4	904396944	924057704	19660760	70217	1.447634
SRR2496709	PE	1	5	6	53	5	1042022544	1061683304	19660760	70217	1.95528
SRR2496709	PE	1	5	7	54	0	1061683304	1081344064	19660760	70217	1.687985
SRR2496709	PE	1	5	8	61	1	1199308904	1218969664	19660760	70217	2.140534
SRR2496709	PE	1	5	9	68	2	1336934504	1356595264	19660760	70217	1.586174
SRR2496709	PE	1	5	10	75	3	1474560104	1494220864	19660760	70217	2.038067
SRR2496709	PE	1	5	11	82	4	1612185704	1631846464	19660760	70217	2.384937
SRR2496709	PE	1	5	12	89	5	1749811304	1769472064	19660760	70217	5.08761
SRR2496709	PE	1	5	13	90	0	1769472064	1789132824	19660760	70217	2.742185
SRR2496709	PE	1	5	14	97	1	1907097664	1926758424	19660760	70217	1.478822
SRR2496709	PE	1	5	15	104	2	2044723264	2064384024	19660760	70217	2.825251
SRR2496709	PE	1	5	16	111	3	2182348864	2202009624	19660760	70217	1.712107
SRR2496709	PE	1	5	17	118	4	2319974464	2339635224	19660760	70217	1.548317
SRR2496709	PE	1	-1	19	107	5	2103705824	2123366584	19660760	70217	2.01193
SRR2496709	PE	1	-1	20	108	0	2123366584	2143027344	19660760	70217	5.015362
SRR2496709	PE	1	-1	21	121	1	2378957024	2398617784	19660760	70217	1.533473
SRR2496709	PE	1	-1	22	128	2	2516582624	2536243384	19660760	70217	1.897166
SRR2496709	PE	1	-1	23	135	3	2654208224	2673868984	19660760	70217	1.893494
SRR2496709	PE	1	-1	24	142	4	2791833824	2811494520	19660696	69415	1.323773
SRR2496709	PE	1	-1	25	149	5	2929459316	2949120068	19660752	69228	1.464894
SRR2496709	PE	1	-1	26	150	0	2949120068	2968780820	19660752	69228	1.566346
SRR2496709	PE	1	-1	27	157	1	3086745616	3106406652	19661036	69229	1.257459
SRR2496709	PE	1	-1	28	170	2	3209625600	3214541072	4915472	17308	0.662888
SRR2496709	PE	1	-1	29	177	3	3244032200	3248947388	4915188	17307	0.345815
SRR2496709	PE	1	-1	30	178	4	3248947388	3253862576	4915188	17307	0.490008
SRR2496709	PE	1	-1	31	185	5	3283353704	3288268892	4915188	17307	0.437175
SRR2496709	PE	1	-1	32	186	0	3288268892	3293184080	4915188	17307	0.544327
SRR2496709	PE	1	-1	33	193	1	3322675208	3327590680	4915472	17308	0.441093
SRR2496709	PE	1	-1	34	200	2	3357081808	3361996996	4915188	17307	0.39434
SRR2496709	PE	1	-1	35	207	3	3391488124	3396403312	4915188	17307	0.467552
SRR2496709	PE	1	-1	36	214	4	3425894440	3430809628	4915188	17307	0.360393
SRR2496709	PE	1	-1	37	221	5	3460301040	3465216228	4915188	17307	0.378984
SRR2496709	PE	1	-1	38	222	0	3465216228	3470131416	4915188	17307	0.426644
SRR2496709	PE	1	-1	39	229	1	3499622544	3504537732	4915188	17307	0.550416
SRR2496709	PE	1	-1	40	236	2	3511910656	3513139240	1228584	4326	0.332504
SRR2496709	PE	1	-1	41	243	3	3520512164	3521741032	1228868	4327	0.114615
SRR2496709	PE	1	-1	42	250	4	3529113672	3530342540	1228868	4327	0.150523
SRR2496709	PE	1	-1	19	126	0	2477260824	2496921864	19661040	70218	2.856907
SRR2496709	PE	1	-1	20	139	1	2732851264	2752512024	19660760	70217	2.652869
SRR2496709	PE	1	-1	21	146	2	2870477060	2890137812	19660752	69228	1.6254
SRR2496709	PE	1	-1	22	153	3	3008102608	3027763360	19660752	69228	1.729802
SRR2496709	PE	1	-1	23	160	4	3145728156	3165388908	19660752	69228	1.313808
SRR2496709	PE	1	-1	24	167	5	3194880036	3199795224	4915188	17307	0.40271
SRR2496709	PE	1	-1	25	168	0	3199795224	3204710412	4915188	17307	0.421553
SRR2496709	PE	1	-1	26	175	1	3234201824	3239117012	4915188	17307	0.46435
SRR2496709	PE	1	-1	27	182	2	3268608140	3273523328	4915188	17307	0.540313
SRR2496709	PE	1	-1	28	189	3	3303014456	3307929644	4915188	17307	0.481987
SRR2496709	PE	1	-1	29	196	4	3337421056	3342336244	4915188	17307	0.417528
SRR2496709	PE	1	-1	30	203	5	3371827372	3376742560	4915188	17307	0.392766
SRR2496709	PE	1	-1	31	204	0	3376742560	3381657748	4915188	17307	0.363363
SRR2496709	PE	1	-1	32	205	1	3381657748	3386572936	4915188	17307	0.396245
SRR2496709	PE	1	-1	33	212	2	3416064064	3420979252	4915188	17307	0.600108
SRR2496709	PE	1	-1	34	219	3	3450470664	3455385852	4915188	17307	0.536078
SRR2496709	PE	1	-1	35	226	4	3484876980	3489792168	4915188	17307	0.438665
SRR2496709	PE	1	-1	36	233	5	3508224052	3509452920	1228868	4327	0.392024
SRR2496709	PE	1	-1	37	234	0	3509452920	3510681788	1228868	4327	0.109475
SRR2496709	PE	1	-1	38	247	1	3525427352	3526656220	1228868	4327	0.113089
SRR2496709	PE	1	-1	39	254	2	3534028860	3535257728	1228868	4327	0.393526
SRR2496709	PE	2	0	0	0	0	0	19660888	19660888	72446	2.618586
SRR2496709	PE	2	0	1	7	1	137625684	157286544	19660860	71235	1.935922
SRR2496709	PE	2	0	2	14	2	275251428	294912264	19660836	70233	1.315932
SRR2496709	PE	2	0	3	21	3	412876824	432537864	19661040	70218	2.31651
SRR2496709	PE	2	0	4	22	4	432537864	452198624	19660760	70217	1.764627
SRR2496709	PE	2	0	5	29	5	570163464	589824224	19660760	70217	2.086925
SRR2496709	PE	2	0	6	30	0	589824224	609484984	19660760	70217	1.743732
SRR2496709	PE	2	0	7	37	1	727449824	747110584	19660760	70217	1.945793
SRR2496709	PE	2	0	8	44	2	865075424	884736184	19660760	70217	1.563101
SRR2496709	PE	2	0	9	51	3	1002701024	1022361784	19660760	70217	2.664689
SRR2496709	PE	2	0	10	58	4	1140326624	1159987384	19660760	70217	2.064699
SRR2496709	PE	2	0	11	65	5	1277952224	1297612984	19660760	70217	1.389729
SRR2496709	PE	2	0	12	66	0	1297612984	1317273744	19660760	70217	1.578615
SRR2496709	PE	2	0	13	73	1	1435238584	1454899344	19660760	70217	1.550828
SRR2496709	PE	2	0	14	80	2	1572864184	1592524944	19660760	70217	1.546676
SRR2496709	PE	2	0	15	87	3	1710489784	1730150544	19660760	70217	1.815818
SRR2496709	PE	2	0	16	88	4	1730150544	1749811304	19660760	70217	2.273684
SRR2496709	PE	2	0	17	95	5	1867776144	1887436904	19660760	70217	1.675207
SRR2496709	PE	2	0	18	96	0	1887436904	1907097664	19660760	70217	2.396592
SRR2496709	PE	2	0	19	103	1	2025062504	2044723264	19660760	70217	1.814768
SRR2496709	PE	2	0	20	110	2	2162688104	2182348864	19660760	70217	1.85858
SRR2496709	PE	2	0	21	117	3	2300313704	2319974464	19660760	70217	1.61955
SRR2496709	PE	2	0	22	124	4	2437939304	2457600064	19660760	70217	1.53815
SRR2496709	PE	2	0	23	131	5	2575564904	2595225664	19660760	70217	1.607194
SRR2496709	PE	2	0	24	132	0	2595225664	2614886424	19660760	70217	1.362927
SRR2496709	PE	2	0	25	133	1	2614886424	2634547464	19661040	70218	1.606911
SRR2496709	PE	2	0	26	140	2	2752512024	2772173064	19661040	70218	2.459794
SRR2496709	PE	2	0	27	147	3	2890137812	2909798564	19660752	69228	1.330469
SRR2496709	PE	2	0	28	154	4	3027763360	3047424112	19660752	69228	1.791687
SRR2496709	PE	2	0	29	161	5	3165388908	3170304096	4915188	17307	0.379542
SRR2496709	PE	2	0	30	162	0	3170304096	3175219284	4915188	17307	0.442542
SRR2496709	PE	2	0	31	163	1	3175219284	3180134472	4915188	17307	0.351306
SRR2496709	PE	2	0	32	170	2	3209625600	3214541072	4915472	17308	0.671426
SRR2496709	PE	2	0	33	171	3	3214541072	3219456260	4915188	17307	0.540061
SRR2496709	PE	2	0	34	178	4	3248947388	3253862576	4915188	17307	0.49089
SRR2496709	PE	2	0	35	185	5	3283353704	3288268892	4915188	17307	0.447957
SRR2496709	PE	2	0	36	186	0	3288268892	3293184080	4915188	17307	0.544716
SRR2496709	PE	2	0	37	187	1	3293184080	3298099268	4915188	17307	0.416143
SRR2496709	PE	2	0	38	194	2	3327590680	3332505868	4915188	17307	0.348175
SRR2496709	PE	2	0	39	201	3	3361996996	3366912184	4915188	17307	0.369476
SRR2496709	PE	2	0	40	208	4	3396403312	3401318500	4915188	17307	0.371936
SRR2496709	PE	2	0	41	215	5	3430809628	3435724816	4915188	17307	0.353712
SRR2496709	PE	2	0	42	216	0	3435724816	3440640004	4915188	17307	0.337829
SRR2496709	PE	2	0	43	223	1	3470131416	3475046604	4915188	17307	0.438464
SRR2496709	PE	2	0	44	230	2	3504537732	3505766600	1228868	4327	0.153512
SRR2496709	PE	2	0	45	231	3	3505766600	3506995468	1228868	4327	0.441302
SRR2496709	PE	2	0	46	244	4	3521741032	3522969616	1228584	4326	0.160364
SRR2496709	PE	2	0	47	251	5	3530342540	3531571408	1228868	4327	0.139669
SRR2496709	PE	2	0	48	252	0	3531571408	3532800276	1228868	4327	0.354015
SRR2496709	PE	2	1	0	1	1	19660888	39321660	19660772	71634	2.040088
SRR2496709	PE	2	1	1	8	2	157286544	176947404	19660860	71235	1.537712
SRR2496709	PE	2	1	2	15	3	294912264	314573024	19660760	70217	8.308893
SRR2496709	PE	2	1	3	28	4	550502424	570163464	19661040	70218	1.716894
SRR2496709	PE	2	1	4	35	5	688128024	707789064	19661040	70218	2.252947
SRR2496709	PE	2	1	5	36	0	707789064	727449824	19660760	70217	1.567037
SRR2496709	PE	2	1	6	43	1	845414664	865075424	19660760	70217	1.839481
SRR2496709	PE	2	1	7	50	2	983040264	1002701024	19660760	70217	1.680778
SRR2496709	PE	2	1	8	57	3	1120665864	1140326624	19660760	70217	2.07363
SRR2496709	PE	2	1	9	64	4	1258291464	1277952224	19660760	70217	2.032529
SRR2496709	PE	2	1	10	71	5	1395917064	1415577824	19660760	70217	1.62169
SRR2496709	PE	2	1	11	72	0	1415577824	1435238584	19660760	70217	1.654592
SRR2496709	PE	2	1	12	79	1	1553203424	1572864184	19660760	70217	2.696004
SRR2496709	PE	2	1	13	86	2	1690829024	1710489784	19660760	70217	1.558557
SRR2496709	PE	2	1	14	93	3	1828454624	1848115384	19660760	70217	4.781596
SRR2496709	PE	2	1	15	106	4	2084045064	2103705824	19660760	70217	1.928939
SRR2496709	PE	2	1	16	107	5	2103705824	2123366584	19660760	70217	2.002171
SRR2496709	PE	2	1	17	114	0	2241331424	2260992184	19660760	70217	1.372096
SRR2496709	PE	2	1	18	115	1	2260992184	2280652944	19660760	70217	1.810479
SRR2496709	PE	2	1	19	122	2	2398617784	2418278544	19660760	70217	1.320477
SRR2496709	PE	2	1	20	129	3	2536243384	2555904144	19660760	70217	1.580529
SRR2496709	PE	2	1	21	136	4	2673868984	2693529744	19660760	70217	2.661033
SRR2496709	PE	2	1	22	143	5	2811494520	2831155272	19660752	69228	2.093542
SRR2496709	PE	2	1	23	144	0	2831155272	2850816024	19660752	69228	2.065053
SRR2496709	PE	2	1	24	151	1	2968780820	2988441856	19661036	69229	2.143135
SRR2496709	PE	2	1	25	158	2	3106406652	3126067404	19660752	69228	1.64456
SRR2496709	PE	2	1	26	177	3	3244032200	3248947388	4915188	17307	0.358977
SRR2496709	PE	2	1	27	184	4	3278438516	3283353704	4915188	17307	0.367533
SRR2496709	PE	2	1	28	191	5	3312844832	3317760020	4915188	17307	0.356006
SRR2496709	PE	2	1	29	192	0	3317760020	3322675208	4915188	17307	0.361288
SRR2496709	PE	2	1	30	193	1	3322675208	3327590680	4915472	17308	0.450349
SRR2496709	PE	2	1	31	200	2	3357081808	3361996996	4915188	17307	0.4083
SRR2496709	PE	2	1	32	207	3	3391488124	3396403312	4915188	17307	0.456729
SRR2496709	PE	2	1	33	214	4	3425894440	3430809628	4915188	17307	0.359414
SRR2496709	PE	2	1	34	221	5	3460301040	3465216228	4915188	17307	0.378124
SRR2496709	PE	2	1	35	222	0	3465216228	3470131416	4915188	17307	0.434298
SRR2496709	PE	2	1	36	229	1	3499622544	3504537732	4915188	17307	0.549968
SRR2496709	PE	2	1	37	236	2	3511910656	3513139240	1228584	4326	0.323327
SRR2496709	PE	2	1	38	243	3	3520512164	3521741032	1228868	4327	0.114711
SRR2496709	PE	2	1	39	250	4	3529113672	3530342540	1228868	4327	0.151133
SRR2496709	PE	2	2	0	2	2	39321660	58982520	19660860	71235	2.078954
SRR2496709	PE	2	2	1	9	3	176947404	196608264	19660860	71235	1.602417
SRR2496709	PE	2	2	2	16	4	314573024	334233784	19660760	70217	2.338271
SRR2496709	PE	2	2	3	23	5	452198624	471859384	19660760	70217	1.501996
SRR2496709	PE	2	2	4	24	0	471859384	491520144	19660760	70217	1.481502
SRR2496709	PE	2	2	5	31	1	609484984	629145744	19660760	70217	2.328037
SRR2496709	PE	2	2	6	38	2	747110584	766771344	19660760	70217	1.880499
SRR2496709	PE	2	2	7	45	3	884736184	904396944	19660760	70217	2.432262
SRR2496709	PE	2	2	8	52	4	1022361784	1042022544	19660760	70217	2.665567
SRR2496709	PE	2	2	9	59	5	1159987384	1179648144	19660760	70217	2.306265
SRR2496709	PE	2	2	10	60	0	1179648144	1199308904	19660760	70217	1.408506
SRR2496709	PE	2	2	11	67	1	1317273744	1336934504	19660760	70217	1.848583
SRR2496709	PE	2	2	12	74	2	1454899344	1474560104	19660760	70217	1.57111
SRR2496709	PE	2	2	13	81	3	1592524944	1612185704	19660760	70217	8.232186
SRR2496709	PE	2	2	14	94	4	1848115384	1867776144	19660760	70217	1.836666
SRR2496709	PE	2	2	15	101	5	1985740984	2005401744	19660760	70217	1.272103
SRR2496709	PE	2	2	16	102	0	2005401744	2025062504	19660760	70217	2.009539
SRR2496709	PE	2	2	17	109	1	2143027344	2162688104	19660760	70217	1.521593
SRR2496709	PE	2	3	0	3	3	58982520	78643380	19660860	71235	2.321823
SRR2496709	PE	2	3	1	10	4	196608264	216268848	19660584	71234	1.484034
SRR2496709	PE	2	3	2	17	5	334233784	353894544	19660760	70217	1.647688
SRR2496709	PE	2	3	3	18	0	353894544	373555304	19660760	70217	1.938268
SRR2496709	PE	2	3	4	25	1	491520144	511180904	19660760	70217	2.035975
SRR2496709	PE	2	3	5	32	2	629145744	648806504	19660760	70217	2.027288
SRR2496709	PE	2	3	6	39	3	766771344	786432104	19660760	70217	1.235088
SRR2496709	PE	2	3	7	40	4	786432104	806092864	19660760	70217	1.593944
SRR2496709	PE	2	3	8	47	5	924057704	943718464	19660760	70217	2.26731
SRR2496709	PE	2	3	9	48	0	943718464	963379224	19660760	70217	2.900141
SRR2496709	PE	2	3	10	55	1	1081344064	1101004824	19660760	70217	2.322383
SRR2496709	PE	2	3	11	62	2	1218969664	1238630424	19660760	70217	1.465087
SRR2496709	PE	2	3	12	69	3	1356595264	1376256024	19660760	70217	1.666978
SRR2496709	PE	2	3	13	76	4	1494220864	1513881624	19660760	70217	1.543488
SRR2496709	PE	2	3	14	77	5	1513881624	1533542664	19661040	70218	1.744228
SRR2496709	PE	2	3	15	78	0	1533542664	1553203424	19660760	70217	2.106503
SRR2496709	PE	2	3	16	85	1	1671168264	1690829024	19660760	70217	1.93188
SRR2496709	PE	2	3	17	92	2	1808793864	1828454624	19660760	70217	1.420343
SRR2496709	PE	2	3	18	99	2	2280652944	2300313704	19660760	70217	1.844194
SRR2496709	PE	2	3	19	123	3	2418278544	2437939304	19660760	70217	1.622314
SRR2496709	PE	2	3	20	130	4	2555904144	2575564904	19660760	70217	1.578346
SRR2496709	PE	2	3	21	137	5	2693529744	2713190504	19660760	70217	2.963669
SRR2496709	PE	2	3	22	138	0	2713190504	2732851264	19660760	70217	2.135248
SRR2496709	PE	2	3	23	145	1	2850816024	2870477060	19661036	69229	1.494838
SRR2496709	PE	2	3	24	152	2	2988441856	3008102608	19660752	69228	3.438393
SRR2496709	PE	2	3	25	159	3	3126067404	3145728156	19660752	69228	1.597622
SRR2496709	PE	2	3	26	166	4	3189964848	3194880036	4915188	17307	0.430752
SRR2496709	PE	2	3	27	173	5	3224371448	3229286636	4915188	17307	0.433141
SRR2496709	PE	2	3	28	174	0	3229286636	3234201824	4915188	17307	0.536034
SRR2496709	PE	2	3	29	181	1	3263692952	3268608140	4915188	17307	0.528712
SRR2496709	PE	2	3	30	188	2	3298099268	3303014456	4915188	17307	0.542333
SRR2496709	PE	2	3	31	195	3	3332505868	3337421056	4915188	17307	0.456134
SRR2496709	PE	2	3	32	202	4	3366912184	3371827372	4915188	17307	0.374714
SRR2496709	PE	2	3	33	209	5	3401318500	3406233688	4915188	17307	0.49731
SRR2496709	PE	2	3	34	210	0	3406233688	3411148876	4915188	17307	0.428242
SRR2496709	PE	2	3	35	211	1	3411148876	3416064064	4915188	17307	0.335546
SRR2496709	PE	2	3	36	218	2	3445555476	3450470664	4915188	17307	0.350755
SRR2496709	PE	2	3	37	225	3	3479961792	3484876980	4915188	17307	0.379237
SRR2496709	PE	2	3	38	232	4	3506995468	3508224052	1228584	4326	0.120757
SRR2496709	PE	2	3	39	239	5	3515596976	3516825844	1228868	4327	0.120829
SRR2496709	PE	2	3	40	234	0	3509452920	3510681788	1228868	4327	0.114742
SRR2496709	PE	2	3	41	235	1	3510681788	3511910656	1228868	4327	0.220592
SRR2496709	PE	2	3	42	242	2	3519283296	3520512164	1228868	4327	0.104959
SRR2496709	PE	2	3	43	249	3	3527884804	3529113672	1228868	4327	0.318136
SRR2496709	PE	2	3	19	100	4	1966080224	1985740984	19660760	70217	9.392007
SRR2496709	PE	2	3	20	119	5	2339635224	2359296264	19661040	70218	1.955737
SRR2496709	PE	2	3	21	120	0	2359296264	2378957024	19660760	70217	2.26907
SRR2496709	PE	2	3	22	127	1	2496921864	2516582624	19660760	70217	1.592843
SRR2496709	PE	2	3	23	134	2	2634547464	2654208224	19660760	70217	2.648113
SRR2496709	PE	2	3	24	141	3	2772173064	2791833824	19660760	70217	1.481551
SRR2496709	PE	2	3	25	148	4	2909798564	2929459316	19660752	69228	1.4139
SRR2496709	PE	2	3	26	155	5	3047424112	3067084864	19660752	69228	1.303333
SRR2496709	PE	2	3	27	156	0	3067084864	3086745616	19660752	69228	1.319754
SRR2496709	PE	2	3	28	175	1	3234201824	3239117012	4915188	17307	0.461942
SRR2496709	PE	2	3	29	182	2	3268608140	3273523328	4915188	17307	0.53948
SRR2496709	PE	2	3	30	189	3	3303014456	3307929644	4915188	17307	0.497268
SRR2496709	PE	2	3	31	196	4	3337421056	3342336244	4915188	17307	0.428116
SRR2496709	PE	2	3	32	203	5	3371827372	3376742560	4915188	17307	0.39162
SRR2496709	PE	2	3	33	204	0	3376742560	3381657748	4915188	17307	0.36665
SRR2496709	PE	2	3	34	205	1	3381657748	3386572936	4915188	17307	0.391239
SRR2496709	PE	2	3	35	212	2	3416064064	3420979252	4915188	17307	0.5959
SRR2496709	PE	2	3	36	219	3	3450470664	3455385852	4915188	17307	0.531847
SRR2496709	PE	2	3	37	226	4	3484876980	3489792168	4915188	17307	0.439996
SRR2496709	PE	2	3	38	233	5	3508224052	3509452920	1228868	4327	0.380265
SRR2496709	PE	2	3	39	240	0	3516825844	3518054428	1228584	4326	0.109487
SRR2496709	PE	2	3	40	241	1	3518054428	3519283296	1228868	4327	0.110542
SRR2496709	PE	2	3	41	248	2	3526656220	3527884804	1228584	4326	0.215485
SRR2496709	PE	2	3	42	255	3	3535257728	3536060312	802584	2826	0.53198
SRR2496709	PE	2	4	0	4	4	78643380	98304240	19660860	71235	2.556576
SRR2496709	PE	2	4	1	11	5	216268848	235929708	19660860	71235	1.697155
SRR2496709	PE	2	4	2	12	0	235929708	255590568	19660860	71235	1.857638
SRR2496709	PE	2	4	3	19	1	373555304	393216064	19660760	70217	1.971618
SRR2496709	PE	2	4	4	26	2	511180904	530841664	19660760	70217	2.23986
SRR2496709	PE	2	4	5	33	3	648806504	668467264	19660760	70217	1.569705
SRR2496709	PE	2	4	6	34	4	668467264	688128024	19660760	70217	1.958408
SRR2496709	PE	2	4	7	41	5	806092864	825753624	19660760	70217	1.833839
SRR2496709	PE	2	4	8	42	0	825753624	845414664	19661040	70218	2.203321
SRR2496709	PE	2	4	9	49	1	963379224	983040264	19661040	70218	3.216369
SRR2496709	PE	2	4	10	56	2	1101004824	1120665864	19661040	70218	2.018454
SRR2496709	PE	2	4	11	63	3	1238630424	1258291464	19661040	70218	1.500176
SRR2496709	PE	2	4	12	70	4	1376256024	1395917064	19661040	70218	3.477277
SRR2496709	PE	2	4	13	83	5	1631846464	1651507224	19660760	70217	1.905961
SRR2496709	PE	2	4	14	84	0	1651507224	1671168264	19661040	70218	2.121014
SRR2496709	PE	2	4	15	91	1	1789132824	1808793864	19661040	70218	1.679382
SRR2496709	PE	2	4	16	98	2	1926758424	1946419464	19661040	70218	1.375467
SRR2496709	PE	2	4	17	105	3	2064384024	2084045064	19661040	70218	1.632495
SRR2496709	PE	2	4	18	112	4	2202009624	2221670664	19661040	70218	1.661394
SRR2496709	PE	2	4	19	113	5	2221670664	2241331424	19660760	70217	1.75937
SRR2496709	PE	2	4	20	108	0	2123366584	2143027344	19660760	70217	5.091076
SRR2496709	PE	2	4	21	121	1	2378957024	2398617784	19660760	70217	1.537869
SRR2496709	PE	2	4	22	128	2	2516582624	2536243384	19660760	70217	1.891643
SRR2496709	PE	2	4	23	135	3	2654208224	2673868984	19660760	70217	1.889624
SRR2496709	PE	2	4	24	142	4	2791833824	2811494520	19660696	69415	1.325069
SRR2496709	PE	2	4	25	149	5	2929459316	2949120068	19660752	69228	1.456707
SRR2496709	PE	2	4	26	150	0	2949120068	2968780820	19660752	69228	1.578441
SRR2496709	PE	2	4	27	157	1	3086745616	3106406652	19661036	69229	1.271411
SRR2496709	PE	2	4	28	164	2	3180134472	3185049660	4915188	17307	0.316406
SRR2496709	PE	2	4	29	165	3	3185049660	3189964848	4915188	17307	0.377433
SRR2496709	PE	2	4	30	172	4	3219456260	3224371448	4915188	17307	0.403421
SRR2496709	PE	2	4	31	179	5	3253862576	3258777764	4915188	17307	0.401782
SRR2496709	PE	2	4	32	180	0	3258777764	3263692952	4915188	17307	5.055561
SRR2496709	PE	2	4	33	217	1	3440640004	3445555476	4915472	17308	0.469903
SRR2496709	PE	2	4	34	224	2	3475046604	3479961792	4915188	17307	0.525527
SRR2496709	PE	2	4	35	237	3	3513139240	3514368108	1228868	4327	0.140684
SRR2496709	PE	2	4	36	238	4	3514368108	3515596976	1228868	4327	0.120125
SRR2496709	PE	2	4	37	245	5	3522969616	3524198484	1228868	4327	0.193607
SRR2496709	PE	2	4	38	246	0	3524198484	3525427352	1228868	4327	0.118197
SRR2496709	PE	2	4	39	253	1	3532800276	3534028860	1228584	4326	0.436027
SRR2496709	PE	2	5	0	5	5	98304240	117964824	19660584	71234	2.595342
SRR2496709	PE	2	5	1	6	0	117964824	137625684	19660860	71235	2.037638
SRR2496709	PE	2	5	2	13	1	255590568	275251428	19660860	71235	2.313703
SRR2496709	PE	2	5	3	20	2	393216064	412876824	19660760	70217	2.12763
SRR2496709	PE	2	5	4	27	3	530841664	550502424	19660760	70217	8.07755
SRR2496709	PE	2	5	5	46	4	904396944	924057704	19660760	70217	1.43792
SRR2496709	PE	2	5	6	53	5	1042022544	1061683304	19660760	70217	1.932035
SRR2496709	PE	2	5	7	54	0	1061683304	1081344064	19660760	70217	1.690067
SRR2496709	PE	2	5	8	61	1	1199308904	1218969664	19660760	70217	2.140316
SRR2496709	PE	2	5	9	68	2	1336934504	1356595264	19660760	70217	1.57693
SRR2496709	PE	2	5	10	75	3	1474560104	1494220864	19660760	70217	2.018577
SRR2496709	PE	2	5	11	82	4	1612185704	1631846464	19660760	70217	2.393835
SRR2496709	PE	2	5	12	89	5	1749811304	1769472064	19660760	70217	5.10099
SRR2496709	PE	2	5	13	90	0	1769472064	1789132824	19660760	70217	2.723155
SRR2496709	PE	2	5	14	97	1	1907097664	1926758424	19660760	70217	1.463668
SRR2496709	PE	2	5	15	104	2	2044723264	2064384024	19660760	70217	2.832046
SRR2496709	PE	2	5	16	111	3	2182348864	2202009624	19660760	70217	1.713263
SRR2496709	PE	2	5	17	118	4	2319974464	2339635224	19660760	70217	1.537773
SRR2496709	PE	2	5	18	125	5	2457600064	2477260824	19660760	70217	1.381221
SRR2496709	PE	2	5	19	126	0	2477260824	2496921864	19661040	70218	2.873681
SRR2496709	PE	2	5	20	139	1	2732851264	2752512024	19660760	70217	2.644576
SRR2496709	PE	2	5	21	146	2	2870477060	2890137812	19660752	69228	1.608402
SRR2496709	PE	2	5	22	153	3	3008102608	3027763360	19660752	69228	1.666591
SRR2496709	PE	2	5	23	160	4	3145728156	3165388908	19660752	69228	1.307752
SRR2496709	PE	2	5	24	167	5	3194880036	3199795224	4915188	17307	0.392972
SRR2496709	PE	2	5	25	168	0	3199795224	3204710412	4915188	17307	0.419222
SRR2496709	PE	2	5	26	169	1	3204710412	3209625600	4915188	17307	0.684697
SRR2496709	PE	2	5	27	176	2	3239117012	3244032200	4915188	17307	0.339597
SRR2496709	PE	2	5	28	183	3	3273523328	3278438516	4915188	17307	0.588231
SRR2496709	PE	2	5	29	190	4	3307929644	3312844832	4915188	17307	0.352806
SRR2496709	PE	2	5	30	197	5	3342336244	3347251432	4915188	17307	0.423424
SRR2496709	PE	2	5	31	198	0	3347251432	3352166620	4915188	17307	0.382222
SRR2496709	PE	2	5	32	199	1	3352166620	3357081808	4915188	17307	0.403338
SRR2496709	PE	2	5	33	206	2	3386572936	3391488124	4915188	17307	0.34577
SRR2496709	PE	2	5	34	213	3	3420979252	3425894440	4915188	17307	0.357439
SRR2496709	PE	2	5	35	220	4	3455385852	3460301040	4915188	17307	0.639777
SRR2496709	PE	2	5	36	227	5	3489792168	3494707356	4915188	17307	0.468998
SRR2496709	PE	2	5	37	228	0	3494707356	3499622544	4915188	17307	0.451063
SRR2496709	PE	2	5	38	247	1	3525427352	3526656220	1228868	4327	0.105597
SRR2496709	PE	2	5	39	254	2	3534028860	3535257728	1228868	4327	0.388555
SRR2496709	PE	3	0	0	0	0	0	19660888	19660888	72446	2.415602
SRR2496709	PE	3	0	1	7	1	137625684	157286544	19660860	71235	1.945516
SRR2496709	PE	3	0	2	14	2	275251428	294912264	19660836	70233	1.313737
SRR2496709	PE	3	0	3	21	3	412876824	432537864	19661040	70218	2.323589
SRR2496709	PE	3	0	4	22	4	432537864	452198624	19660760	70217	1.765381
SRR2496709	PE	3	0	5	29	5	570163464	589824224	19660760	70217	2.097378
SRR2496709	PE	3	0	6	30	0	589824224	609484984	19660760	70217	1.754653
SRR2496709	PE	3	0	7	37	1	727449824	747110584	19660760	70217	1.957668
SRR2496709	PE	3	0	8	44	2	865075424	884736184	19660760	70217	1.567302
SRR2496709	PE	3	0	9	51	3	1002701024	1022361784	19660760	70217	2.673762
SRR2496709	PE	3	0	10	58	4	1140326624	1159987384	19660760	70217	2.081454
SRR2496709	PE	3	0	11	65	5	1277952224	1297612984	19660760	70217	1.394104
SRR2496709	PE	3	0	12	66	0	1297612984	1317273744	19660760	70217	1.580973
SRR2496709	PE	3	0	13	73	1	1435238584	1454899344	19660760	70217	1.578394
SRR2496709	PE	3	0	14	80	2	1572864184	1592524944	19660760	70217	1.574657
SRR2496709	PE	3	0	15	87	3	1710489784	1730150544	19660760	70217	1.827656
SRR2496709	PE	3	0	16	88	4	1730150544	1749811304	19660760	70217	2.273458
SRR2496709	PE	3	0	17	101	5	1985740984	2005401744	19660760	70217	1.288206
SRR2496709	PE	3	0	18	96	0	1887436904	1907097664	19660760	70217	2.396148
SRR2496709	PE	3	0	19	109	1	2143027344	2162688104	19660760	70217	1.529017
SRR2496709	PE	3	0	20	116	2	2280652944	2300313704	19660760	70217	1.847643
SRR2496709	PE	3	0	21	123	3	2418278544	2437939304	19660760	70217	1.620135
SRR2496709	PE	3	0	22	130	4	2555904144	2575564904	19660760	70217	1.577967
SRR2496709	PE	3	0	23	137	5	2693529744	2713190504	19660760	70217	2.962974
SRR2496709	PE	3	0	24	138	0	2713190504	2732851264	19660760	70217	2.16522
SRR2496709	PE	3	0	25	145	1	2850816024	2870477060	19661036	69229	1.501326
SRR2496709	PE	3	0	26	152	2	2988441856	3008102608	19660752	69228	3.432275
SRR2496709	PE	3	0	27	159	3	3126067404	3145728156	19660752	69228	1.624468
SRR2496709	PE	3	0	28	166	4	3189964848	3194880036	4915188	17307	0.44474
SRR2496709	PE	3	0	29	173	5	3224371448	3229286636	4915188	17307	0.417489
SRR2496709	PE	3	0	30	174	0	3229286636	3234201824	4915188	17307	0.539189
SRR2496709	PE	3	0	31	181	1	3263692952	3268608140	4915188	17307	0.525674
SRR2496709	PE	3	0	32	188	2	3298099268	3303014456	4915188	17307	0.553765
SRR2496709	PE	3	0	33	195	3	3332505868	3337421056	4915188	17307	0.457786
SRR2496709	PE	3	0	34	202	4	3366912184	3371827372	4915188	17307	0.377106
SRR2496709	PE	3	0	35	209	5	3401318500	3406233688	4915188	17307	0.498566
SRR2496709	PE	3	0	36	210	0	3406233688	3411148876	4915188	17307	0.4
SRR2496709	PE	3	1	0	1	1	19660888	39321660	19660772	71634	2.077333
SRR2496709	PE	3	1	1	8	2	157286544	176947404	19660860	71235	1.513144
SRR2496709	PE	3	1	2	15	3	294912264	314573024	19660760	70217	8.383858
SRR2496709	PE	3	1	3	28	4	550502424	570163464	19661040	70218	1.69837
SRR2496709	PE	3	1	4	35	5	688128024	707789064	19661040	70218	2.230973
SRR2496709	PE	3	1	5	36	0	707789064	727449824	19660760	70217	1.56514
SRR2496709	PE	3	1	6	43	1	845414664	865075424	19660760	70217	1.824412
SRR2496709	PE	3	1	7	50	2	983040264	1002701024	19660760	70217	1.684567
SRR2496709	PE	3	1	8	57	3	1120665864	1140326624	19660760	70217	2.086976
SRR2496709	PE	3	1	9	64	4	1258291464	1277952224	19660760	70217	2.050313
SRR2496709	PE	3	1	10	71	5	1395917064	1415577824	19660760	70217	1.608227
SRR2496709	PE	3	1	11	72	0	1415577824	1435238584	19660760	70217	1.655156
SRR2496709	PE	3	1	12	79	1	1553203424	1572864184	19660760	70217	2.69375
SRR2496709	PE	3	1	13	86	2	1690829024	1710489784	19660760	70217	1.533466
SRR2496709	PE	3	1	14	93	3	1828454624	1848115384	19660760	70217	4.814338
SRR2496709	PE	3	1	15	106	4	2084045064	2103705824	19660760	70217	1.934712
SRR2496709	PE	3	1	16	107	5	2103705824	2123366584	19660760	70217	2.009126
SRR2496709	PE	3	1	17	108	0	2123366584	2143027344	19660760	70217	5.025264
SRR2496709	PE	3	2	0	2	2	39321660	58982520	19660860	71235	2.062229
SRR2496709	PE	3	2	1	9	3	176947404	196608264	19660860	71235	1.582801
SRR2496709	PE	3	2	2	16	4	314573024	334233784	19660760	70217	2.335667
SRR2496709	PE	3	2	3	23	5	452198624	471859384	19660760	70217	1.500409
SRR2496709	PE	3	2	4	24	0	471859384	491520144	19660760	70217	1.495808
SRR2496709	PE	3	2	5	31	1	609484984	629145744	19660760	70217	2.33677
SRR2496709	PE	3	2	6	38	2	747110584	766771344	19660760	70217	1.887877
SRR2496709	PE	3	2	7	45	3	884736184	904396944	19660760	70217	2.429882
SRR2496709	PE	3	2	8	52	4	1022361784	1042022544	19660760	70217	2.666941
SRR2496709	PE	3	2	9	59	5	1159987384	1179648144	19660760	70217	2.348637
SRR2496709	PE	3	2	10	60	0	1179648144	1199308904	19660760	70217	1.395315
SRR2496709	PE	3	2	11	67	1	1317273744	1336934504	19660760	70217	1.845537
SRR2496709	PE	3	2	12	74	2	1454899344	1474560104	19660760	70217	1.56803
SRR2496709	PE	3	2	13	81	3	1592524944	1612185704	19660760	70217	8.183922
SRR2496709	PE	3	2	14	94	4	1848115384	1867776144	19660760	70217	1.84298
SRR2496709	PE	3	2	15	95	5	1867776144	1887436904	19660760	70217	1.675937
SRR2496709	PE	3	2	16	102	0	2005401744	2025062504	19660760	70217	2.011932
SRR2496709	PE	3	2	17	103	1	2025062504	2044723264	19660760	70217	1.80301
SRR2496709	PE	3	2	37	211	1	3411148876	3416064064	4915188	17307	0.339514
SRR2496709	PE	3	2	38	218	2	3445555476	3450470664	4915188	17307	0.352946
SRR2496709	PE	3	2	39	225	3	3479961792	3484876980	4915188	17307	0.378142
SRR2496709	PE	3	2	40	232	4	3506995468	3508224052	1228584	4326	0.116919
SRR2496709	PE	3	2	41	239	5	3515596976	3516825844	1228868	4327	0.115348
SRR2496709	PE	3	2	42	234	0	3509452920	3510681788	1228868	4327	0.113855
SRR2496709	PE	3	2	43	235	1	3510681788	3511910656	1228868	4327	0.225961
SRR2496709	PE	3	2	44	248	2	3526656220	3527884804	1228584	4326	0.220645
SRR2496709	PE	3	2	45	255	3	3535257728	3536060312	802584	2826	0.514489
SRR2496709	PE	3	2	19	128	2	2516582624	2536243384	19660760	70217	1.910975
SRR2496709	PE	3	2	20	135	3	2654208224	2673868984	19660760	70217	1.899348
SRR2496709	PE	3	2	21	142	4	2791833824	2811494520	19660696	69415	1.322323
SRR2496709	PE	3	2	22	149	5	2929459316	2949120068	19660752	69228	1.466161
SRR2496709	PE	3	2	23	150	0	2949120068	2968780820	19660752	69228	1.579294
SRR2496709	PE	3	2	24	157	1	3086745616	3106406652	19661036	69229	1.269864
SRR2496709	PE	3	2	25	164	2	3180134472	3185049660	4915188	17307	0.322892
SRR2496709	PE	3	2	26	165	3	3185049660	3189964848	4915188	17307	0.38172
SRR2496709	PE	3	2	27	172	4	3219456260	3224371448	4915188	17307	0.39868
SRR2496709	PE	3	2	28	179	5	3253862576	3258777764	4915188	17307	0.399285
SRR2496709	PE	3	2	29	180	0	3258777764	3263692952	4915188	17307	5.046931
SRR2496709	PE	3	2	30	217	1	3440640004	3445555476	4915472	17308	0.472022
SRR2496709	PE	3	2	31	224	2	3475046604	3479961792	4915188	17307	0.523678
SRR2496709	PE	3	2	32	231	3	3505766600	3506995468	1228868	4327	0.438579
SRR2496709	PE	3	2	33	244	4	3521741032	3522969616	1228584	4326	0.129604
SRR2496709	PE	3	2	34	251	5	3530342540	3531571408	1228868	4327	0.133997
SRR2496709	PE	3	2	35	252	0	3531571408	3532800276	1228868	4327	0.36456
SRR2496709	PE	3	2	19	117	3	2300313704	2319974464	19660760	70217	1.615163
SRR2496709	PE	3	2	20	124	4	2437939304	2457600064	19660760	70217	1.542668
SRR2496709	PE	3	2	21	131	5	2575564904	2595225664	19660760	70217	1.610895
SRR2496709	PE	3	2	22	132	0	2595225664	2614886424	19660760	70217	1.366942
SRR2496709	PE	3	2	23	133	1	2614886424	2634547464	19661040	70218	1.589037
SRR2496709	PE	3	2	24	140	2	2752512024	2772173064	19661040	70218	2.443373
SRR2496709	PE	3	2	25	147	3	2890137812	2909798564	19660752	69228	1.321542
SRR2496709	PE	3	2	26	154	4	3027763360	3047424112	19660752	69228	1.777946
SRR2496709	PE	3	2	27	161	5	3165388908	3170304096	4915188	17307	0.380785
SRR2496709	PE	3	2	28	162	0	3170304096	3175219284	4915188	17307	0.432727
SRR2496709	PE	3	2	29	163	1	3175219284	3180134472	4915188	17307	0.345607
SRR2496709	PE	3	2	30	170	2	3209625600	3214541072	4915472	17308	0.664458
SRR2496709	PE	3	2	31	177	3	3244032200	3248947388	4915188	17307	0.354301
SRR2496709	PE	3	2	32	184	4	3278438516	3283353704	4915188	17307	0.366707
SRR2496709	PE	3	2	33	191	5	3312844832	3317760020	4915188	17307	0.359315
SRR2496709	PE	3	2	34	192	0	3317760020	3322675208	4915188	17307	0.346881
SRR2496709	PE	3	2	35	193	1	3322675208	3327590680	4915472	17308	0.446747
SRR2496709	PE	3	2	36	200	2	3357081808	3361996996	4915188	17307	0.389017
SRR2496709	PE	3	2	37	207	3	3391488124	3396403312	4915188	17307	0.463407
SRR2496709	PE	3	2	38	214	4	3425894440	3430809628	4915188	17307	0.362954
SRR2496709	PE	3	2	39	221	5	3460301040	3465216228	4915188	17307	0.382809
SRR2496709	PE	3	2	40	222	0	3465216228	3470131416	4915188	17307	0.437602
SRR2496709	PE	3	2	41	229	1	3499622544	3504537732	4915188	17307	0.556909
SRR2496709	PE	3	2	42	236	2	3511910656	3513139240	1228584	4326	0.316389
SRR2496709	PE	3	2	43	243	3	3520512164	3521741032	1228868	4327	0.104788
SRR2496709	PE	3	2	44	250	4	3529113672	3530342540	1228868	4327	0.14609
SRR2496709	PE	3	3	0	3	3	58982520	78643380	19660860	71235	2.330476
SRR2496709	PE	3	3	1	10	4	196608264	216268848	19660584	71234	1.469687
SRR2496709	PE	3	3	2	17	5	334233784	353894544	19660760	70217	1.661329
SRR2496709	PE	3	3	3	18	0	353894544	373555304	19660760	70217	1.952191
SRR2496709	PE	3	3	4	25	1	491520144	511180904	19660760	70217	2.042026
SRR2496709	PE	3	3	5	32	2	629145744	648806504	19660760	70217	2.03981
SRR2496709	PE	3	3	6	39	3	766771344	786432104	19660760	70217	1.236035
SRR2496709	PE	3	3	7	40	4	786432104	806092864	19660760	70217	1.604471
SRR2496709	PE	3	3	8	47	5	924057704	943718464	19660760	70217	2.293912
SRR2496709	PE	3	3	9	48	0	943718464	963379224	19660760	70217	2.890832
SRR2496709	PE	3	3	10	55	1	1081344064	1101004824	19660760	70217	2.306307
SRR2496709	PE	3	3	11	62	2	1218969664	1238630424	19660760	70217	1.465968
SRR2496709	PE	3	3	12	63	3	1238630424	1258291464	19661040	70218	1.517889
SRR2496709	PE	3	3	13	70	4	1376256024	1395917064	19661040	70218	3.503579
SRR2496709	PE	3	3	14	83	5	1631846464	1651507224	19660760	70217	1.901869
SRR2496709	PE	3	3	15	84	0	1651507224	1671168264	19661040	70218	2.133727
SRR2496709	PE	3	3	16	91	1	1789132824	1808793864	19661040	70218	1.690526
SRR2496709	PE	3	3	17	98	2	1926758424	1946419464	19661040	70218	1.368885
SRR2496709	PE	3	3	18	105	3	2064384024	2084045064	19661040	70218	1.615886
SRR2496709	PE	3	3	19	112	4	2202009624	2221670664	19661040	70218	1.677835
SRR2496709	PE	3	3	20	113	5	2221670664	2241331424	19660760	70217	1.776653
SRR2496709	PE	3	3	21	114	0	2241331424	2260992184	19660760	70217	1.366718
SRR2496709	PE	3	3	22	115	1	2260992184	2280652944	19660760	70217	1.822782
SRR2496709	PE	3	3	23	122	2	2398617784	2418278544	19660760	70217	1.328959
SRR2496709	PE	3	3	24	129	3	2536243384	2555904144	19660760	70217	1.598008
SRR2496709	PE	3	3	25	136	4	2673868984	2693529744	19660760	70217	2.65945
SRR2496709	PE	3	3	26	143	5	2811494520	2831155272	19660752	69228	2.104393
SRR2496709	PE	3	3	27	144	0	2831155272	2850816024	19660752	69228	2.082735
SRR2496709	PE	3	3	28	151	1	2968780820	2988441856	19661036	69229	2.150597
SRR2496709	PE	3	3	29	158	2	3106406652	3126067404	19660752	69228	1.644069
SRR2496709	PE	3	3	30	171	3	3214541072	3219456260	4915188	17307	0.538998
SRR2496709	PE	3	3	31	178	4	3248947388	3253862576	4915188	17307	0.490456
SRR2496709	PE	3	3	32	185	5	3283353704	3288268892	4915188	17307	0.436419
SRR2496709	PE	3	3	33	186	0	3288268892	3293184080	4915188	17307	0.539105
SRR2496709	PE	3	3	34	187	1	3293184080	3298099268	4915188	17307	0.408164
SRR2496709	PE	3	3	35	194	2	3327590680	3332505868	4915188	17307	0.345227
SRR2496709	PE	3	3	36	201	3	3361996996	3366912184	4915188	17307	0.37037
SRR2496709	PE	3	3	37	208	4	3396403312	3401318500	4915188	17307	0.377091
SRR2496709	PE	3	3	38	215	5	3430809628	3435724816	4915188	17307	0.348798
SRR2496709	PE	3	3	39	216	0	3435724816	3440640004	4915188	17307	0.340632
SRR2496709	PE	3	3	40	223	1	3470131416	3475046604	4915188	17307	0.430294
SRR2496709	PE	3	3	41	230	2	3504537732	3505766600	1228868	4327	0.145052
SRR2496709	PE	3	3	42	237	3	3513139240	3514368108	1228868	4327	0.137418
SRR2496709	PE	3	3	43	238	4	3514368108	3515596976	1228868	4327	0.118092
SRR2496709	PE	3	3	44	245	5	3522969616	3524198484	1228868	4327	0.190641
SRR2496709	PE	3	3	45	246	0	3524198484	3525427352	1228868	4327	0.112337
SRR2496709	PE	3	3	46	253	1	3532800276	3534028860	1228584	4326	0.442666
SRR2496709	PE	3	4	0	4	4	78643380	98304240	19660860	71235	2.563286
SRR2496709	PE	3	4	1	11	5	216268848	235929708	19660860	71235	1.68926
SRR2496709	PE	3	4	2	12	0	235929708	255590568	19660860	71235	1.85432
SRR2496709	PE	3	4	3	19	1	373555304	393216064	19660760	70217	1.976873
SRR2496709	PE	3	4	4	26	2	511180904	530841664	19660760	70217	2.218819
SRR2496709	PE	3	4	5	33	3	648806504	668467264	19660760	70217	1.552567
SRR2496709	PE	3	4	6	34	4	668467264	688128024	19660760	70217	1.958057
SRR2496709	PE	3	4	7	41	5	806092864	825753624	19660760	70217	1.830048
SRR2496709	PE	3	4	8	42	0	825753624	845414664	19661040	70218	2.203472
SRR2496709	PE	3	4	9	49	1	963379224	983040264	19661040	70218	3.212247
SRR2496709	PE	3	4	10	56	2	1101004824	1120665864	19661040	70218	2.007869
SRR2496709	PE	3	4	11	69	3	1356595264	1376256024	19660760	70217	1.666411
SRR2496709	PE	3	4	12	76	4	1494220864	1513881624	19660760	70217	1.549108
SRR2496709	PE	3	4	13	77	5	1513881624	1533542664	19661040	70218	1.763508
SRR2496709	PE	3	4	14	78	0	1533542664	1553203424	19660760	70217	2.117045
SRR2496709	PE	3	4	15	85	1	1671168264	1690829024	19660760	70217	1.916318
SRR2496709	PE	3	4	16	92	2	1808793864	1828454624	19660760	70217	1.40639
SRR2496709	PE	3	4	17	99	3	1946419464	1966080224	19660760	70217	1.430697
SRR2496709	PE	3	5	0	5	5	98304240	117964824	19660584	71234	2.574432
SRR2496709	PE	3	5	1	6	0	117964824	137625684	19660860	71235	2.050175
SRR2496709	PE	3	5	2	13	1	255590568	275251428	19660860	71235	2.324428
SRR2496709	PE	3	5	3	20	2	393216064	412876824	19660760	70217	2.136474
SRR2496709	PE	3	5	4	27	3	530841664	550502424	19660760	70217	8.225562
SRR2496709	PE	3	5	5	46	4	904396944	924057704	19660760	70217	1.433118
SRR2496709	PE	3	5	6	53	5	1042022544	1061683304	19660760	70217	1.932479
SRR2496709	PE	3	5	7	54	0	1061683304	1081344064	19660760	70217	1.684379
SRR2496709	PE	3	5	8	61	1	1199308904	1218969664	19660760	70217	2.142331
SRR2496709	PE	3	5	9	68	2	1336934504	1356595264	19660760	70217	1.582211
SRR2496709	PE	3	5	10	75	3	1474560104	1494220864	19660760	70217	2.013473
SRR2496709	PE	3	5	11	82	4	1612185704	1631846464	19660760	70217	2.398021
SRR2496709	PE	3	5	12	89	5	1749811304	1769472064	19660760	70217	5.124298
SRR2496709	PE	3	5	13	90	0	1769472064	1789132824	19660760	70217	2.716806
SRR2496709	PE	3	5	14	97	1	1907097664	1926758424	19660760	70217	1.4703
SRR2496709	PE	3	5	15	104	2	2044723264	2064384024	19660760	70217	2.83643
SRR2496709	PE	3	5	16	111	3	2182348864	2202009624	19660760	70217	1.707841
SRR2496709	PE	3	5	17	118	4	2319974464	2339635224	19660760	70217	1.539858
SRR2496709	PE	3	-1	19	119	5	2339635224	2359296264	19661040	70218	1.954813
SRR2496709	PE	3	-1	20	120	0	2359296264	2378957024	19660760	70217	2.265858
SRR2496709	PE	3	-1	21	127	1	2496921864	2516582624	19660760	70217	1.602063
SRR2496709	PE	3	-1	22	134	2	2634547464	2654208224	19660760	70217	2.662261
SRR2496709	PE	3	-1	23	141	3	2772173064	2791833824	19660760	70217	1.475238
SRR2496709	PE	3	-1	24	148	4	2909798564	2929459316	19660752	69228	1.397519
SRR2496709	PE	3	-1	25	155	5	3047424112	3067084864	19660752	69228	1.323618
SRR2496709	PE	3	-1	26	156	0	3067084864	3086745616	19660752	69228	1.315194
SRR2496709	PE	3	-1	27	175	1	3234201824	3239117012	4915188	17307	0.455775
SRR2496709	PE	3	-1	28	182	2	3268608140	3273523328	4915188	17307	0.540778
SRR2496709	PE	3	-1	29	189	3	3303014456	3307929644	4915188	17307	0.487028
SRR2496709	PE	3	-1	30	196	4	3337421056	3342336244	4915188	17307	0.425714
SRR2496709	PE	3	-1	31	203	5	3371827372	3376742560	4915188	17307	0.388371
SRR2496709	PE	3	-1	32	204	0	3376742560	3381657748	4915188	17307	0.355105
SRR2496709	PE	3	-1	33	205	1	3381657748	3386572936	4915188	17307	0.392829
SRR2496709	PE	3	-1	34	212	2	3416064064	3420979252	4915188	17307	0.587411
SRR2496709	PE	3	-1	35	219	3	3450470664	3455385852	4915188	17307	0.526782
SRR2496709	PE	3	-1	36	226	4	3484876980	3489792168	4915188	17307	0.443223
SRR2496709	PE	3	-1	37	233	5	3508224052	3509452920	1228868	4327	0.38245
SRR2496709	PE	3	-1	38	240	0	3516825844	3518054428	1228584	4326	0.113308
SRR2496709	PE	3	-1	39	241	1	3518054428	3519283296	1228868	4327	0.122102
SRR2496709	PE	3	-1	40	254	2	3534028860	3535257728	1228868	4327	0.399476
SRR2496709	PE	3	-1	19	126	0	2477260824	2496921864	19661040	70218	2.856466
SRR2496709	PE	3	-1	20	139	1	2732851264	2752512024	19660760	70217	2.65998
SRR2496709	PE	3	-1	21	146	2	2870477060	2890137812	19660752	69228	1.641196
SRR2496709	PE	3	-1	22	153	3	3008102608	3027763360	19660752	69228	1.689378
SRR2496709	PE	3	-1	23	160	4	3145728156	3165388908	19660752	69228	1.304806
SRR2496709	PE	3	-1	24	167	5	3194880036	3199795224	4915188	17307	0.404732
SRR2496709	PE	3	-1	25	168	0	3199795224	3204710412	4915188	17307	0.423404
SRR2496709	PE	3	-1	26	169	1	3204710412	3209625600	4915188	17307	0.703622
SRR2496709	PE	3	-1	27	176	2	3239117012	3244032200	4915188	17307	0.351539
SRR2496709	PE	3	-1	28	183	3	3273523328	3278438516	4915188	17307	0.604807
SRR2496709	PE	3	-1	29	190	4	3307929644	3312844832	4915188	17307	0.350771
SRR2496709	PE	3	-1	30	197	5	3342336244	3347251432	4915188	17307	0.418073
SRR2496709	PE	3	-1	31	198	0	3347251432	3352166620	4915188	17307	0.379199
SRR2496709	PE	3	-1	32	199	1	3352166620	3357081808	4915188	17307	0.403613
SRR2496709	PE	3	-1	33	206	2	3386572936	3391488124	4915188	17307	0.344559
SRR2496709	PE	3	-1	34	213	3	3420979252	3425894440	4915188	17307	0.3639
SRR2496709	PE	3	-1	35	220	4	3455385852	3460301040	4915188	17307	0.655719
SRR2496709	PE	3	-1	36	227	5	3489792168	3494707356	4915188	17307	0.4669
SRR2496709	PE	3	-1	37	228	0	3494707356	3499622544	4915188	17307	0.456079
SRR2496709	PE	3	-1	38	247	1	3525427352	3526656220	1228868	4327	0.108066
SRR2496709	PE	3	-1	39	242	2	3519283296	3520512164	1228868	4327	0.114164
SRR2496709	PE	3	-1	40	249	3	3527884804	3529113672	1228868	4327	0.319518
