[M::main_mem] mean insert size: 170.000, stddev: 80.000, max: 500, min: 1
[MPI input] mode=dynamic chunks=17 bytes_per_cg=19660800 cg_count=1 chunk_bytes=3675576 micro_chunk_bytes=918894 fine_chunk_bytes=229723 tail_percent=10 fine_tail_waves=2 file_bytes=3675576 scheduler=distributed read_index=exact
malloc bwt->bwt 3107576584, 0x500008804020
malloc bwt->bwt 3107576584, 0x500008804020
malloc bwt->bwt 3107576584, 0x500008804020
malloc bwt->bwt 3107576584, 0x500008804020
malloc bwt->bwt 3107576584, 0x500008804020
malloc bwt->bwt 3107576584, 0x500008804020
malloc bwt->bwt 3107576584, 0x500008804020
malloc bwt->bwt 3107576584, 0x500008804020
malloc bwt->bwt 3107576584, 0x500008804020
malloc bwt->bwt 3107576584, 0x500008804020
malloc bwt->bwt 3107576584, 0x500008804020
malloc bwt->bwt 3107576584, 0x500008804020
malloc bwt->bwt 3107576584, 0x500008804020
malloc bwt->bwt 3107576584, 0x500008804020
malloc bwt->bwt 3107576584, 0x500008804020
malloc bwt->bwt 3107576584, 0x500008804020
malloc bwt->bwt 3107576584, 0x500008804020
malloc bwt->bwt 3107576584, 0x500008804020
malloc bwt->bwt 3107576584, 0x500008804020
malloc bwt->bwt 3107576584, 0x500008804020
malloc bwt->bwt 3107576584, 0x500008804020
malloc bwt->bwt 3107576584, 0x500008804020
malloc bwt->bwt 3107576584, 0x500008804020
malloc bwt->bwt 3107576584, 0x500008804020
malloc bwt->sa 1553788264, 0x5000c1ba1b40
malloc bwt->sa 1553788264, 0x5000c1ba1b40
malloc bwt->sa 1553788264, 0x5000c1ba1b40
malloc bwt->sa 1553788264, 0x5000c1ba1b40
malloc bwt->sa 1553788264, 0x5000c1ba1b40
malloc bwt->sa 1553788264, 0x5000c1ba1b40
malloc bwt->sa 1553788264, 0x5000c1ba1b40
malloc bwt->sa 1553788264, 0x5000c1ba1b40
malloc bwt->sa 1553788264, 0x5000c1ba1b40
malloc bwt->sa 1553788264, 0x5000c1ba1b40
malloc bwt->sa 1553788264, 0x5000c1ba1b40
malloc bwt->sa 1553788264, 0x5000c1ba1b40
malloc bwt->sa 1553788264, 0x5000c1ba1b40
malloc bwt->sa 1553788264, 0x5000c1ba1b40
malloc bwt->sa 1553788264, 0x5000c1ba1b40
malloc bwt->sa 1553788264, 0x5000c1ba1b40
malloc bwt->sa 1553788264, 0x5000c1ba1b40
malloc bwt->sa 1553788264, 0x5000c1ba1b40
malloc bwt->sa 1553788264, 0x5000c1ba1b40
malloc bwt->sa 1553788264, 0x5000c1ba1b40
malloc bwt->sa 1553788264, 0x5000c1ba1b40
malloc bwt->sa 1553788264, 0x5000c1ba1b40
malloc bwt->sa 1553788264, 0x5000c1ba1b40
malloc bwt->sa 1553788264, 0x5000c1ba1b40
[M::bwa_idx_load_from_disk] read 0 ALT contigs
[M::bwa_idx_load_from_disk] read 0 ALT contigs
[M::bwa_idx_load_from_disk] read 0 ALT contigs
[M::bwa_idx_load_from_disk] read 0 ALT contigs
[M::bwa_idx_load_from_disk] read 0 ALT contigs
[M::bwa_idx_load_from_disk] read 0 ALT contigs
[M::bwa_idx_load_from_disk] read 0 ALT contigs
[M::bwa_idx_load_from_disk] read 0 ALT contigs
[M::bwa_idx_load_from_disk] read 0 ALT contigs
[M::bwa_idx_load_from_disk] read 0 ALT contigs
[M::bwa_idx_load_from_disk] read 0 ALT contigs
[M::bwa_idx_load_from_disk] read 0 ALT contigs
malloc pac 776894131, 0x50011e5708c0
malloc pac 776894131, 0x50011e5708c0
malloc pac 776894131, 0x50011e5708c0
malloc pac 776894131, 0x50011e5708c0
malloc pac 776894131, 0x50011e5708c0
malloc pac 776894131, 0x50011e5708c0
malloc pac 776894131, 0x50011e5708c0
malloc pac 776894131, 0x50011e5708c0
malloc pac 776894131, 0x50011e5708c0
malloc pac 776894131, 0x50011e5708c0
malloc pac 776894131, 0x50011e5708c0
malloc pac 776894131, 0x50011e5708c0
[M::bwa_idx_load_from_disk] read 0 ALT contigs
[M::bwa_idx_load_from_disk] read 0 ALT contigs
[M::bwa_idx_load_from_disk] read 0 ALT contigs
[M::bwa_idx_load_from_disk] read 0 ALT contigs
[M::bwa_idx_load_from_disk] read 0 ALT contigs
[M::bwa_idx_load_from_disk] read 0 ALT contigs
malloc pac 776894131, 0x50011e5708c0
malloc pac 776894131, 0x50011e5708c0
malloc pac 776894131, 0x50011e5708c0
malloc pac 776894131, 0x50011e5708c0
malloc pac 776894131, 0x50011e5708c0
malloc pac 776894131, 0x50011e5708c0
[M::bwa_idx_load_from_disk] read 0 ALT contigs
[M::bwa_idx_load_from_disk] read 0 ALT contigs
[M::bwa_idx_load_from_disk] read 0 ALT contigs
[M::bwa_idx_load_from_disk] read 0 ALT contigs
[M::bwa_idx_load_from_disk] read 0 ALT contigs
[M::bwa_idx_load_from_disk] read 0 ALT contigs
malloc pac 776894131, 0x50011e5708c0
malloc pac 776894131, 0x50011e5708c0
malloc pac 776894131, 0x50011e5708c0
malloc pac 776894131, 0x50011e5708c0
malloc pac 776894131, 0x50011e5708c0
malloc pac 776894131, 0x50011e5708c0
the input file is /home/export/online1/mdt00/shisuan/swls-CFD/guoshi/ylf/data/bwa_test_big_data/tiny_1.fastq
the input file is /home/export/online1/mdt00/shisuan/swls-CFD/guoshi/ylf/data/bwa_test_big_data/tiny_2.fastq
[MPI rank 000006/000024] output: /home/export/online1/mdt00/shisuan/swls-CFD/guoshi/ylf/SWBWA_dep_20260914/results/startup_B_2.sam
[MPI rank 000007/000024] output: /home/export/online1/mdt00/shisuan/swls-CFD/guoshi/ylf/SWBWA_dep_20260914/results/startup_B_2.sam
[MPI rank 000008/000024] output: /home/export/online1/mdt00/shisuan/swls-CFD/guoshi/ylf/SWBWA_dep_20260914/results/startup_B_2.sam
[MPI rank 000009/000024] output: /home/export/online1/mdt00/shisuan/swls-CFD/guoshi/ylf/SWBWA_dep_20260914/results/startup_B_2.sam
[MPI rank 000010/000024] output: /home/export/online1/mdt00/shisuan/swls-CFD/guoshi/ylf/SWBWA_dep_20260914/results/startup_B_2.sam
[MPI rank 000011/000024] output: /home/export/online1/mdt00/shisuan/swls-CFD/guoshi/ylf/SWBWA_dep_20260914/results/startup_B_2.sam
[MPI rank 000012/000024] output: /home/export/online1/mdt00/shisuan/swls-CFD/guoshi/ylf/SWBWA_dep_20260914/results/startup_B_2.sam
[MPI rank 000013/000024] output: /home/export/online1/mdt00/shisuan/swls-CFD/guoshi/ylf/SWBWA_dep_20260914/results/startup_B_2.sam
[MPI rank 000014/000024] output: /home/export/online1/mdt00/shisuan/swls-CFD/guoshi/ylf/SWBWA_dep_20260914/results/startup_B_2.sam
[MPI rank 000015/000024] output: /home/export/online1/mdt00/shisuan/swls-CFD/guoshi/ylf/SWBWA_dep_20260914/results/startup_B_2.sam
[MPI rank 000016/000024] output: /home/export/online1/mdt00/shisuan/swls-CFD/guoshi/ylf/SWBWA_dep_20260914/results/startup_B_2.sam
[MPI rank 000017/000024] output: /home/export/online1/mdt00/shisuan/swls-CFD/guoshi/ylf/SWBWA_dep_20260914/results/startup_B_2.sam
[M::process] read chunk (19660800 bytes/CG x 1 CGs, 229632 bytes)...
[M::process] read chunk (19660800 bytes/CG x 1 CGs, 230000 bytes)...
[M::process] read chunk (19660800 bytes/CG x 1 CGs, 229632 bytes)...
[M::process] read chunk (19660800 bytes/CG x 1 CGs, 229632 bytes)...
[M::process] read chunk (19660800 bytes/CG x 1 CGs, 229632 bytes)...
[M::process] read chunk (19660800 bytes/CG x 1 CGs, 229632 bytes)...
[M::process] read chunk (19660800 bytes/CG x 1 CGs, 230000 bytes)...
[M::process] read chunk (19660800 bytes/CG x 1 CGs, 229632 bytes)...
[M::process] read chunk (19660800 bytes/CG x 1 CGs, 229632 bytes)...
[M::process] read chunk (19660800 bytes/CG x 1 CGs, 229636 bytes)...
[MPI rank 000000/000024] output: /home/export/online1/mdt00/shisuan/swls-CFD/guoshi/ylf/SWBWA_dep_20260914/results/startup_B_2.sam
[MPI rank 000001/000024] output: /home/export/online1/mdt00/shisuan/swls-CFD/guoshi/ylf/SWBWA_dep_20260914/results/startup_B_2.sam
[MPI rank 000002/000024] output: /home/export/online1/mdt00/shisuan/swls-CFD/guoshi/ylf/SWBWA_dep_20260914/results/startup_B_2.sam
[MPI rank 000003/000024] output: /home/export/online1/mdt00/shisuan/swls-CFD/guoshi/ylf/SWBWA_dep_20260914/results/startup_B_2.sam
[MPI rank 000004/000024] output: /home/export/online1/mdt00/shisuan/swls-CFD/guoshi/ylf/SWBWA_dep_20260914/results/startup_B_2.sam
[MPI rank 000005/000024] output: /home/export/online1/mdt00/shisuan/swls-CFD/guoshi/ylf/SWBWA_dep_20260914/results/startup_B_2.sam
[M::process] read chunk (19660800 bytes/CG x 1 CGs, 229980 bytes)...
[M::process] read chunk (19660800 bytes/CG x 1 CGs, 229640 bytes)...
[M::process] read chunk (19660800 bytes/CG x 1 CGs, 229632 bytes)...
[M::process] read chunk (19660800 bytes/CG x 1 CGs, 230000 bytes)...
[M::process] read chunk (19660800 bytes/CG x 1 CGs, 229632 bytes)...
[M::process] read chunk (19660800 bytes/CG x 1 CGs, 229632 bytes)...
[MPI rank 000018/000024] output: /home/export/online1/mdt00/shisuan/swls-CFD/guoshi/ylf/SWBWA_dep_20260914/results/startup_B_2.sam
[MPI rank 000019/000024] output: /home/export/online1/mdt00/shisuan/swls-CFD/guoshi/ylf/SWBWA_dep_20260914/results/startup_B_2.sam
[MPI rank 000020/000024] output: /home/export/online1/mdt00/shisuan/swls-CFD/guoshi/ylf/SWBWA_dep_20260914/results/startup_B_2.sam
[MPI rank 000021/000024] output: /home/export/online1/mdt00/shisuan/swls-CFD/guoshi/ylf/SWBWA_dep_20260914/results/startup_B_2.sam
[MPI rank 000022/000024] output: /home/export/online1/mdt00/shisuan/swls-CFD/guoshi/ylf/SWBWA_dep_20260914/results/startup_B_2.sam
[MPI rank 000023/000024] output: /home/export/online1/mdt00/shisuan/swls-CFD/guoshi/ylf/SWBWA_dep_20260914/results/startup_B_2.sam
[M::mem_process_seqs_merge2] CPE FASTQ formatting done
[M::mem_process_seqs_merge2] CPE FASTQ formatting done
[M::mem_process_seqs_merge2] CPE FASTQ formatting done
[M::mem_process_seqs_merge2] CPE FASTQ formatting done
[M::mem_process_seqs_merge2] CPE FASTQ formatting done
[M::mem_process_seqs_merge2] CPE FASTQ formatting done
[M::mem_process_seqs_merge2] CPE FASTQ formatting done
[M::mem_process_seqs_merge2] CPE FASTQ formatting done
[M::mem_process_seqs_merge2] CPE FASTQ formatting done
[M::mem_process_seqs_merge2] CPE FASTQ formatting done
[M::mem_process_seqs_merge2] CPE FASTQ formatting done
[M::mem_process_seqs_merge2] CPE FASTQ formatting done
[M::mem_process_seqs_merge2] CPE FASTQ formatting done
[M::mem_process_seqs_merge2] CPE FASTQ formatting done
[M::mem_process_seqs_merge2] CPE FASTQ formatting done
[M::mem_process_seqs_merge2] CPE FASTQ formatting done
slave pre done
now n is 1256
processed 1256
[M::mem_process_seqs_merge2] Processed 1256 reads in 0.010 CPU sec, 0.286 real sec
slave pre done
now n is 1248
slave pre done
now n is 1248
processed 1248
[M::mem_process_seqs_merge2] Processed 1248 reads in 0.010 CPU sec, 0.294 real sec
processed 1248
[M::mem_process_seqs_merge2] Processed 1248 reads in 0.010 CPU sec, 0.299 real sec
slave pre done
now n is 1248
slave pre done
now n is 1248
slave pre done
now n is 1248
processed 1248
[M::mem_process_seqs_merge2] Processed 1248 reads in 0.010 CPU sec, 0.317 real sec
processed 1248
[M::mem_process_seqs_merge2] Processed 1248 reads in 0.010 CPU sec, 0.316 real sec
processed 1248
[M::mem_process_seqs_merge2] Processed 1248 reads in 0.010 CPU sec, 0.322 real sec
slave pre done
now n is 1248
processed 1248
[M::mem_process_seqs_merge2] Processed 1248 reads in 0.010 CPU sec, 0.333 real sec
slave pre done
now n is 1248
slave pre done
now n is 1248
slave pre done
now n is 1250
slave pre done
now n is 1250
processed 1248
[M::mem_process_seqs_merge2] Processed 1248 reads in 0.020 CPU sec, 0.356 real sec
processed 1248
[M::mem_process_seqs_merge2] Processed 1248 reads in 0.010 CPU sec, 0.355 real sec
slave pre done
now n is 1248
slave pre done
now n is 1250
processed 1250
[M::mem_process_seqs_merge2] Processed 1250 reads in 0.020 CPU sec, 0.371 real sec
processed 1250
[M::mem_process_seqs_merge2] Processed 1250 reads in 0.010 CPU sec, 0.369 real sec
processed 1250
processed 1248
[M::mem_process_seqs_merge2] Processed 1248 reads in 0.030 CPU sec, 0.381 real sec
[M::mem_process_seqs_merge2] Processed 1250 reads in 0.010 CPU sec, 0.371 real sec
[MPI rank 000021/000024] input work: chunks=0 records=0 bytes=0
[MPI rank 000023/000024] input work: chunks=0 records=0 bytes=0
slave pre done
now n is 1248
processed 1248
[M::mem_process_seqs_merge2] Processed 1248 reads in 0.010 CPU sec, 0.398 real sec
slave pre done
now n is 1248
processed 1248
[M::mem_process_seqs_merge2] Processed 1248 reads in 0.010 CPU sec, 0.472 real sec
[MPI rank 000016/000024] input work: chunks=0 records=0 bytes=0
[MPI rank 000017/000024] input work: chunks=0 records=0 bytes=0
[MPI rank 000018/000024] input work: chunks=0 records=0 bytes=0
[MPI rank 000022/000024] input work: chunks=0 records=0 bytes=0
[MPI rank 000019/000024] input work: chunks=0 records=0 bytes=0
[MPI rank 000020/000024] input work: chunks=0 records=0 bytes=0
slave pre done
now n is 1266
processed 1266
[M::mem_process_seqs_merge2] Processed 1266 reads in 0.010 CPU sec, 0.502 real sec
[MPI rank 000001/000024] input work: chunks=1 records=628 bytes=229640
[MPI rank 000009/000024] input work: chunks=1 records=624 bytes=229632
[MPI rank 000011/000024] input work: chunks=1 records=624 bytes=229632
[MPI rank 000002/000024] input work: chunks=1 records=624 bytes=229632
[MPI rank 000010/000024] input work: chunks=1 records=624 bytes=229632
[MPI rank 000015/000024] input work: chunks=1 records=624 bytes=229636
[MPI rank 000013/000024] input work: chunks=1 records=624 bytes=229632
[MPI rank 000008/000024] input work: chunks=1 records=624 bytes=229632
[MPI rank 000004/000024] input work: chunks=1 records=624 bytes=229632
[MPI rank 000007/000024] input work: chunks=1 records=625 bytes=230000
[MPI rank 000012/000024] input work: chunks=1 records=625 bytes=230000
[MPI rank 000014/000024] input work: chunks=1 records=624 bytes=229632
[MPI rank 000005/000024] input work: chunks=1 records=624 bytes=229632
[MPI rank 000006/000024] input work: chunks=1 records=624 bytes=229632
[MPI rank 000003/000024] input work: chunks=1 records=625 bytes=230000

================ MPI Dynamic Scheduler Debug =================
  MPI rank: 000006 / 000024

  Work summary
    claimed chunks                                          1
    claimed from this rank's queue                          1
    claimed from another rank's queue                       0
    completed FASTQ records                               624
    claimed input bytes                                229632

  Scheduler counters
    scheduler_next calls                                    2
    RMA ticket attempts                                    25
    attempts against another rank's queue                  23
    tickets beyond the final chunk                         24
    empty aligned chunks                                    0

  Scheduler timing
    MPI_Win_create (setup)                       0.001768 s  (1 calls,  1768.217 us/call)
[MPI rank 000000/000024] input work: chunks=1 records=633 bytes=229980

================ MPI Dynamic Scheduler Debug =================
  MPI rank: 000000 / 000024

  Work summary
    claimed chunks                                          1
    claimed from this rank's queue                          1
    claimed from another rank's queue                       0
    completed FASTQ records                               633
    claimed input bytes                                229980

  Scheduler counters
    scheduler_next calls                                    2
    RMA ticket attempts                                    25
    attempts against another rank's queue                  23
    tickets beyond the final chunk                         24
    empty aligned chunks                                    0

  Scheduler timing
    MPI_Win_create (setup)                       0.001690 s  (1 calls,  1689.916 us/call)
    MPI_Barrier after setup                      0.000020 s  (1 calls,    19.950 us/call)
    scheduler_next total                         0.083939 s  (2 calls, 41969.661 us/call)
      RMA ticket path total                        0.083911 s  (25 calls,  3356.437 us/call)
        MPI_Win_lock                                 0.000041 s  (25 calls,     1.650 us/call)
        MPI_Fetch_and_op                             0.000147 s  (25 calls,     5.898 us/call)
        MPI_Win_unlock                               0.083684 s  (25 calls,  3347.373 us/call)
        RMA call overhead (derived)                  0.000038 s  (25 calls,     1.516 us/call)
      align nominal offsets to FASTQ records       0.000001 s  (1 calls,     0.750 us/call)
      scheduler loop/bookkeeping (derived)         0.000028 s  (2 calls,    13.825 us/call)

  Scheduler teardown timing
    MPI_Barrier (wait for other ranks)           0.000030 s  (1 calls,    30.400 us/call)
    MPI_Win_free                                 0.000072 s  (1 calls,    71.701 us/call)

  Stage 2 by chunk
    completed chunks                                        1
    accumulated stage 2                              0.502928 s
    average stage 2 per chunk                        0.502928 s
    slowest chunk                                           0
    slowest chunk stage 2                            0.502928 s

    order   chunk  queue        byte range                       bytes      records   stage2(s)
        0       0      0  [           0,       229980)       229980          633    0.502928
==============================================================


================ MPI Dynamic Scheduler Debug =================
  MPI rank: 000001 / 000024

  Work summary
    claimed chunks                                          1
    claimed from this rank's queue                          1
    claimed from another rank's queue                       0
    completed FASTQ records                               628
    claimed input bytes                                229640

  Scheduler counters
    scheduler_next calls                                    2
    RMA ticket attempts                                    25
    attempts against another rank's queue                  23
    tickets beyond the final chunk                         24
    empty aligned chunks                                    0

  Scheduler timing
    MPI_Win_create (setup)                       0.001875 s  (1 calls,  1875.418 us/call)
    MPI_Barrier after setup                      0.000023 s  (1 calls,    22.500 us/call)
    scheduler_next total                         0.218712 s  (2 calls, 109355.770 us/call)
      RMA ticket path total                        0.218692 s  (25 calls,  8747.684 us/call)
        MPI_Win_lock                                 0.000029 s  (25 calls,     1.158 us/call)
        MPI_Fetch_and_op                             0.000096 s  (25 calls,     3.846 us/call)
        MPI_Win_unlock                               0.218537 s  (25 calls,  8741.492 us/call)
        RMA call overhead (derived)                  0.000030 s  (25 calls,     1.188 us/call)
      align nominal offsets to FASTQ records       0.000001 s  (1 calls,     1.300 us/call)
      scheduler loop/bookkeeping (derived)         0.000018 s  (2 calls,     9.075 us/call)

  Scheduler teardown timing
    MPI_Barrier (wait for other ranks)           0.107026 s  (1 calls, 107026.047 us/call)
    MPI_Win_free                                 0.000088 s  (1 calls,    88.301 us/call)

  Stage 2 by chunk
    completed chunks                                        1
    accumulated stage 2                              0.285783 s
    average stage 2 per chunk                        0.285783 s
    slowest chunk                                           1
    slowest chunk stage 2                            0.285783 s

    order   chunk  queue        byte range                       bytes      records   stage2(s)
        0       1      1  [      229980,       459620)       229640          628    0.285783
==============================================================


================ MPI Dynamic Scheduler Debug =================
  MPI rank: 000002 / 000024

  Work summary
    claimed chunks                                          1
    claimed from this rank's queue                          1
    claimed from another rank's queue                       0
    completed FASTQ records                               624
    claimed input bytes                                229632

  Scheduler counters
    scheduler_next calls                                    2
    RMA ticket attempts                                    25
    attempts against another rank's queue                  23
    tickets beyond the final chunk                         24
    empty aligned chunks                                    0

  Scheduler timing
    MPI_Win_create (setup)                       0.001944 s  (1 calls,  1943.919 us/call)
    MPI_Barrier after setup                      0.000019 s  (1 calls,    18.500 us/call)
    scheduler_next total                         0.106071 s  (2 calls, 53035.619 us/call)
      RMA ticket path total                        0.106052 s  (25 calls,  4242.074 us/call)
        MPI_Win_lock                                 0.000031 s  (25 calls,     1.226 us/call)
        MPI_Fetch_and_op                             0.000098 s  (25 calls,     3.914 us/call)
        MPI_Win_unlock                               0.105894 s  (25 calls,  4235.748 us/call)
        RMA call overhead (derived)                  0.000030 s  (25 calls,     1.186 us/call)
      align nominal offsets to FASTQ records       0.000001 s  (1 calls,     0.900 us/call)
      scheduler loop/bookkeeping (derived)         0.000018 s  (2 calls,     9.250 us/call)

  Scheduler teardown timing
    MPI_Barrier (wait for other ranks)           0.083718 s  (1 calls, 83717.819 us/call)
    MPI_Win_free                                 0.000083 s  (1 calls,    82.601 us/call)

  Stage 2 by chunk
    completed chunks                                        1
    accumulated stage 2                              0.398868 s
    average stage 2 per chunk                        0.398868 s
    slowest chunk                                           2
    slowest chunk stage 2                            0.398868 s

    order   chunk  queue        byte range                       bytes      records   stage2(s)
        0       2      2  [      459620,       689252)       229632          624    0.398868
==============================================================


================ MPI Dynamic Scheduler Debug =================
  MPI rank: 000003 / 000024

  Work summary
    claimed chunks                                          1
    claimed from this rank's queue                          1
    claimed from another rank's queue                       0
    completed FASTQ records                               625
    claimed input bytes                                230000

  Scheduler counters
    scheduler_next calls                                    2
    RMA ticket attempts                                    25
    attempts against another rank's queue                  23
    tickets beyond the final chunk                         24
    empty aligned chunks                                    0

  Scheduler timing
    MPI_Win_create (setup)                       0.001528 s  (1 calls,  1528.165 us/call)
    MPI_Barrier after setup                      0.000024 s  (1 calls,    23.750 us/call)
    scheduler_next total                         0.135724 s  (2 calls, 67861.815 us/call)
      RMA ticket path total                        0.135705 s  (25 calls,  5428.189 us/call)
        MPI_Win_lock                                 0.000029 s  (25 calls,     1.150 us/call)
        MPI_Fetch_and_op                             0.000100 s  (25 calls,     4.002 us/call)
        MPI_Win_unlock                               0.135546 s  (25 calls,  5421.831 us/call)
        RMA call overhead (derived)                  0.000030 s  (25 calls,     1.206 us/call)
      align nominal offsets to FASTQ records       0.000001 s  (1 calls,     0.900 us/call)
      scheduler loop/bookkeeping (derived)         0.000018 s  (2 calls,     9.000 us/call)

  Scheduler teardown timing
    MPI_Barrier (wait for other ranks)           0.015450 s  (1 calls, 15449.851 us/call)
    MPI_Win_free                                 0.000078 s  (1 calls,    77.951 us/call)

  Stage 2 by chunk
    completed chunks                                        1
    accumulated stage 2                              0.369225 s
    average stage 2 per chunk                        0.369225 s
    slowest chunk                                           3
    slowest chunk stage 2                            0.369225 s

    order   chunk  queue        byte range                       bytes      records   stage2(s)
        0       3      3  [      689252,       919252)       230000          625    0.369225
==============================================================


================ MPI Dynamic Scheduler Debug =================
  MPI rank: 000004 / 000024

  Work summary
    claimed chunks                                          1
    claimed from this rank's queue                          1
    claimed from another rank's queue                       0
    completed FASTQ records                               624
    claimed input bytes                                229632

  Scheduler counters
    scheduler_next calls                                    2
    RMA ticket attempts                                    25
    attempts against another rank's queue                  23
    tickets beyond the final chunk                         24
    empty aligned chunks                                    0

  Scheduler timing
    MPI_Win_create (setup)                       0.001851 s  (1 calls,  1851.068 us/call)
    MPI_Barrier after setup                      0.000012 s  (1 calls,    12.400 us/call)
    scheduler_next total                         0.187955 s  (2 calls, 93977.695 us/call)
      RMA ticket path total                        0.187934 s  (25 calls,  7517.344 us/call)
        MPI_Win_lock                                 0.000033 s  (25 calls,     1.304 us/call)
        MPI_Fetch_and_op                             0.000109 s  (25 calls,     4.356 us/call)
        MPI_Win_unlock                               0.187760 s  (25 calls,  7510.407 us/call)
        RMA call overhead (derived)                  0.000032 s  (25 calls,     1.276 us/call)
      align nominal offsets to FASTQ records       0.000001 s  (1 calls,     0.900 us/call)
      scheduler loop/bookkeeping (derived)         0.000021 s  (2 calls,    10.450 us/call)

  Scheduler teardown timing
    MPI_Barrier (wait for other ranks)           0.058847 s  (1 calls, 58847.426 us/call)
    MPI_Win_free                                 0.000089 s  (1 calls,    88.851 us/call)

  Stage 2 by chunk
    completed chunks                                        1
    accumulated stage 2                              0.316907 s
    average stage 2 per chunk                        0.316907 s
    slowest chunk                                           4
    slowest chunk stage 2                            0.316907 s

    order   chunk  queue        byte range                       bytes      records   stage2(s)
        0       4      4  [      919252,      1148884)       229632          624    0.316907
==============================================================


================ MPI Dynamic Scheduler Debug =================
  MPI rank: 000005 / 000024

  Work summary
    claimed chunks                                          1
    claimed from this rank's queue                          1
    claimed from another rank's queue                       0
    completed FASTQ records                               624
    claimed input bytes                                229632

  Scheduler counters
    scheduler_next calls                                    2
    RMA ticket attempts                                    25
    attempts against another rank's queue                  23
    tickets beyond the final chunk                         24
    empty aligned chunks                                    0

  Scheduler timing
    MPI_Win_create (setup)                       0.001870 s  (1 calls,  1870.168 us/call)
    MPI_Barrier after setup                      0.000016 s  (1 calls,    15.500 us/call)
    scheduler_next total                         0.032204 s  (2 calls, 16102.008 us/call)
      RMA ticket path total                        0.032183 s  (25 calls,  1287.335 us/call)
        MPI_Win_lock                                 0.000029 s  (25 calls,     1.158 us/call)
        MPI_Fetch_and_op                             0.000101 s  (25 calls,     4.020 us/call)
        MPI_Win_unlock                               0.032022 s  (25 calls,  1280.885 us/call)
        RMA call overhead (derived)                  0.000032 s  (25 calls,     1.272 us/call)
      align nominal offsets to FASTQ records       0.000001 s  (1 calls,     0.800 us/call)
      scheduler loop/bookkeeping (derived)         0.000020 s  (2 calls,     9.925 us/call)

  Scheduler teardown timing
    MPI_Barrier (wait for other ranks)           0.033572 s  (1 calls, 33571.928 us/call)
    MPI_Win_free                                 0.000087 s  (1 calls,    87.101 us/call)

  Stage 2 by chunk
    completed chunks                                        1
    accumulated stage 2                              0.472525 s
    average stage 2 per chunk                        0.472525 s
    slowest chunk                                           5
    slowest chunk stage 2                            0.472525 s

    order   chunk  queue        byte range                       bytes      records   stage2(s)
        0       5      5  [     1148884,      1378516)       229632          624    0.472525
==============================================================


================ MPI Dynamic Scheduler Debug =================
  MPI rank: 000012 / 000024

  Work summary
    claimed chunks                                          1
    claimed from this rank's queue                          1
    claimed from another rank's queue                       0
    completed FASTQ records                               625
    claimed input bytes                                230000

  Scheduler counters
    scheduler_next calls                                    2
    RMA ticket attempts                                    25
    attempts against another rank's queue                  23
    tickets beyond the final chunk                         24
    empty aligned chunks                                    0

  Scheduler timing
    MPI_Win_create (setup)                       0.001523 s  (1 calls,  1522.917 us/call)
    MPI_Barrier after setup                      0.000015 s  (1 calls,    15.300 us/call)
    scheduler_next total                         0.175988 s  (2 calls, 87993.871 us/call)
      RMA ticket path total                        0.175965 s  (25 calls,  7038.606 us/call)
        MPI_Win_lock                                 0.000034 s  (25 calls,     1.342 us/call)
        MPI_Fetch_and_op                             0.000125 s  (25 calls,     4.980 us/call)
        MPI_Win_unlock                               0.175775 s  (25 calls,  7031.006 us/call)
        RMA call overhead (derived)                  0.000032 s  (25 calls,     1.278 us/call)
      align nominal offsets to FASTQ records       0.000001 s  (1 calls,     0.750 us/call)
      scheduler loop/bookkeeping (derived)         0.000022 s  (2 calls,    10.925 us/call)

  Scheduler teardown timing
    MPI_Barrier (wait for other ranks)           0.048836 s  (1 calls, 48835.702 us/call)
    MPI_Win_free                                 0.000087 s  (1 calls,    86.501 us/call)

  Stage 2 by chunk
    completed chunks                                        1
    accumulated stage 2                              0.371915 s
    average stage 2 per chunk                        0.371915 s
    slowest chunk                                          12
    slowest chunk stage 2                            0.371915 s

    order   chunk  queue        byte range                       bytes      records   stage2(s)
        0      12     12  [     2756676,      2986676)       230000          625    0.371915
==============================================================


================ MPI Dynamic Scheduler Debug =================
  MPI rank: 000013 / 000024

  Work summary
    claimed chunks                                          1
    claimed from this rank's queue                          1
    claimed from another rank's queue                       0
    completed FASTQ records                               624
    claimed input bytes                                229632

  Scheduler counters
    scheduler_next calls                                    2
    RMA ticket attempts                                    25
    attempts against another rank's queue                  23
    tickets beyond the final chunk                         24
    empty aligned chunks                                    0

  Scheduler timing
    MPI_Win_create (setup)                       0.001819 s  (1 calls,  1818.620 us/call)
    MPI_Barrier after setup                      0.000019 s  (1 calls,    18.750 us/call)
    scheduler_next total                         0.181917 s  (2 calls, 90958.655 us/call)
      RMA ticket path total                        0.181898 s  (25 calls,  7275.914 us/call)
        MPI_Win_lock                                 0.000031 s  (25 calls,     1.230 us/call)
        MPI_Fetch_and_op                             0.000099 s  (25 calls,     3.946 us/call)
        MPI_Win_unlock                               0.181738 s  (25 calls,  7269.512 us/call)
        RMA call overhead (derived)                  0.000031 s  (25 calls,     1.226 us/call)
      align nominal offsets to FASTQ records       0.000001 s  (1 calls,     0.900 us/call)
      scheduler loop/bookkeeping (derived)         0.000019 s  (2 calls,     9.275 us/call)

  Scheduler teardown timing
    MPI_Barrier (wait for other ranks)           0.073614 s  (1 calls, 73614.233 us/call)
    MPI_Win_free                                 0.000083 s  (1 calls,    82.851 us/call)

  Stage 2 by chunk
    completed chunks                                        1
    accumulated stage 2                              0.356093 s
    average stage 2 per chunk                        0.356093 s
    slowest chunk                                          13
    slowest chunk stage 2                            0.356093 s

    order   chunk  queue        byte range                       bytes      records   stage2(s)
        0      13     13  [     2986676,      3216308)       229632          624    0.356093
==============================================================


================ MPI Dynamic Scheduler Debug =================
  MPI rank: 000014 / 000024

  Work summary
    claimed chunks                                          1
    claimed from this rank's queue                          1
    claimed from another rank's queue                       0
    completed FASTQ records                               624
    claimed input bytes                                229632

  Scheduler counters
    scheduler_next calls                                    2
    RMA ticket attempts                                    25
    attempts against another rank's queue                  23
    tickets beyond the final chunk                         24
    empty aligned chunks                                    0

  Scheduler timing
    MPI_Win_create (setup)                       0.001960 s  (1 calls,  1960.072 us/call)
    MPI_Barrier after setup                      0.000014 s  (1 calls,    13.850 us/call)
    scheduler_next total                         0.177040 s    MPI_Barrier after setup                      0.000010 s  (2 calls, 88520.002 us/call)
  (1 calls,    10.100 us/call)
    scheduler_next total                         0.202258 s  (2 calls, 101128.755 us/call)
      RMA ticket path total                        0.202235 s  (25 calls,  8089.408 us/call)
        MPI_Win_lock                                 0.000033 s  (25 calls,     1.336 us/call)
        MPI_Fetch_and_op                             0.000122 s  (25 calls,     4.878 us/call)
        MPI_Win_unlock                               0.202047 s  (25 calls,  8081.860 us/call)
        RMA call overhead (derived)                  0.000033 s  (25 calls,     1.334 us/call)
      align nominal offsets to FASTQ records       0.000001 s  (1 calls,     0.900 us/call)
      scheduler loop/bookkeeping (derived)         0.000021 s  (2 calls,    10.700 us/call)

  Scheduler teardown timing
    MPI_Barrier (wait for other ranks)           0.037043 s  (1 calls, 37043.409 us/call)
    MPI_Win_free                                 0.000088 s  (1 calls,    87.901 us/call)

  Stage 2 by chunk
    completed chunks                                        1
    accumulated stage 2                              0.298730 s
    average stage 2 per chunk                        0.298730 s
    slowest chunk                                           6
    slowest chunk stage 2                            0.298730 s

    order   chunk  queue        byte range                       bytes      records   stage2(s)
        0       6      6  [     1378516,      1608148)       229632          624    0.298730
==============================================================


================ MPI Dynamic Scheduler Debug =================
  MPI rank: 000007 / 000024

  Work summary
    claimed chunks                                          1
    claimed from this rank's queue                          1
    claimed from another rank's queue                       0
    completed FASTQ records                               625
    claimed input bytes                                230000

  Scheduler counters
    scheduler_next calls                                    2
    RMA ticket attempts                                    25
    attempts against another rank's queue                  23
    tickets beyond the final chunk                         24
    empty aligned chunks                                    0

  Scheduler timing
    MPI_Win_create (setup)                       0.002045 s  (1 calls,  2045.419 us/call)
    MPI_Barrier after setup                      0.000013 s  (1 calls,    13.450 us/call)
    scheduler_next total                         0.129462 s  (2 calls, 64731.077 us/call)
      RMA ticket path total                        0.129443 s  (25 calls,  5177.712 us/call)
        MPI_Win_lock                                 0.000029 s  (25 calls,     1.164 us/call)
        MPI_Fetch_and_op                             0.000097 s  (25 calls,     3.900 us/call)
        MPI_Win_unlock                               0.129286 s  (25 calls,  5171.432 us/call)
        RMA call overhead (derived)                  0.000030 s  (25 calls,     1.216 us/call)
      align nominal offsets to FASTQ records       0.000001 s  (1 calls,     0.900 us/call)
      scheduler loop/bookkeeping (derived)         0.000018 s  (2 calls,     9.225 us/call)

  Scheduler teardown timing
    MPI_Barrier (wait for other ranks)           0.053308 s  (1 calls, 53308.017 us/call)
    MPI_Win_free                                 0.000085 s  (1 calls,    84.951 us/call)

  Stage 2 by chunk
    completed chunks                                        1
    accumulated stage 2                              0.371870 s
    average stage 2 per chunk                        0.371870 s
    slowest chunk                                           7
    slowest chunk stage 2                            0.371870 s

    order   chunk  queue        byte range                       bytes      records   stage2(s)
        0       7      7  [     1608148,      1838148)       230000          625    0.371870
==============================================================


================ MPI Dynamic Scheduler Debug =================
  MPI rank: 000008 / 000024

  Work summary
    claimed chunks                                          1
    claimed from this rank's queue                          1
    claimed from another rank's queue                       0
    completed FASTQ records                               624
    claimed input bytes                                229632

  Scheduler counters
    scheduler_next calls                                    2
    RMA ticket attempts                                    25
    attempts against another rank's queue                  23
    tickets beyond the final chunk                         24
    empty aligned chunks                                    0

  Scheduler timing
    MPI_Win_create (setup)                       0.002008 s  (1 calls,  2008.019 us/call)
    MPI_Barrier after setup                      0.000018 s  (1 calls,    17.950 us/call)
    scheduler_next total                         0.185342 s  (2 calls, 92670.799 us/call)
      RMA ticket path total                        0.185321 s  (25 calls,  7412.824 us/call)
        MPI_Win_lock                                 0.000033 s  (25 calls,     1.300 us/call)
        MPI_Fetch_and_op                             0.000111 s  (25 calls,     4.432 us/call)
        MPI_Win_unlock                               0.185146 s  (25 calls,  7405.848 us/call)
        RMA call overhead (derived)                  0.000031 s  (25 calls,     1.244 us/call)
      align nominal offsets to FASTQ records       0.000001 s  (1 calls,     0.900 us/call)
      scheduler loop/bookkeeping (derived)         0.000020 s  (2 calls,    10.050 us/call)

  Scheduler teardown timing
    MPI_Barrier (wait for other ranks)           0.073535 s  (1 calls, 73535.463 us/call)
    MPI_Win_free                                 0.000081 s  (1 calls,    80.801 us/call)

  Stage 2 by chunk
    completed chunks                                        1
    accumulated stage 2                              0.316150 s
    average stage 2 per chunk                        0.316150 s
    slowest chunk                                           8
    slowest chunk stage 2                            0.316150 s

    order   chunk  queue        byte range                       bytes      records   stage2(s)
        0       8      8  [     1838148,      2067780)       229632          624    0.316150
==============================================================


================ MPI Dynamic Scheduler Debug =================
  MPI rank: 000009 / 000024

  Work summary
    claimed chunks                                          1
    claimed from this rank's queue                          1
    claimed from another rank's queue                       0
    completed FASTQ records                               624
    claimed input bytes                                229632

  Scheduler counters
    scheduler_next calls                                    2
    RMA ticket attempts                                    25
    attempts against another rank's queue                  23
    tickets beyond the final chunk                         24
    empty aligned chunks                                    0

  Scheduler timing
    MPI_Win_create (setup)                       0.001650 s  (1 calls,  1650.316 us/call)
    MPI_Barrier after setup                      0.000021 s  (1 calls,    20.600 us/call)
    scheduler_next total                         0.206981 s  (2 calls, 103490.503 us/call)
      RMA ticket path total                        0.206962 s  (25 calls,  8278.484 us/call)
        MPI_Win_lock                                 0.000030 s  (25 calls,     1.180 us/call)
        MPI_Fetch_and_op                             0.000101 s  (25 calls,     4.040 us/call)
        MPI_Win_unlock                               0.206801 s  (25 calls,  8272.040 us/call)
        RMA call overhead (derived)                  0.000031 s  (25 calls,     1.224 us/call)
      align nominal offsets to FASTQ records       0.000001 s  (1 calls,     0.750 us/call)
      scheduler loop/bookkeeping (derived)         0.000018 s  (2 calls,     9.075 us/call)

  Scheduler teardown timing
    MPI_Barrier (wait for other ranks)           0.103095 s  (1 calls, 103095.400 us/call)
    MPI_Win_free                                 0.000086 s  (1 calls,    85.751 us/call)

  Stage 2 by chunk
    completed chunks                                        1
    accumulated stage 2                              0.294317 s
    average stage 2 per chunk                        0.294317 s
    slowest chunk                                           9
    slowest chunk stage 2                            0.294317 s

    order   chunk  queue        byte range                       bytes      records   stage2(s)
        0       9      9  [     2067780,      2297412)       229632          624    0.294317
==============================================================

      RMA ticket path total                        0.177018 s
================ MPI Dynamic Scheduler Debug =================
  MPI rank: 000010 / 000024

  Work summary
    claimed chunks                                          1
    claimed from this rank's queue                          1
    claimed from another rank's queue                       0
    completed FASTQ records                               624
    claimed input bytes                                229632

  Scheduler counters
    scheduler_next calls                                    2
    RMA ticket attempts                                    25
    attempts against another rank's queue                  23
    tickets beyond the final chunk                         24
    empty aligned chunks                                    0

  Scheduler timing
    MPI_Win_create (setup)                       0.001902 s  (1 calls,  1901.668 us/call)
    MPI_Barrier after setup                      0.000016 s  (1 calls,    15.950 us/call)
    scheduler_next total                         0.167772 s  (2 calls, 83886.089 us/call)
      RMA ticket path total                        0.167753 s  (25 calls,  6710.115 us/call)
        MPI_Win_lock                                 0.000030 s  (25 calls,     1.202 us/call)
        MPI_Fetch_and_op                             0.000116 s  (25 calls,     4.644 us/call)
        MPI_Win_unlock                               0.167576 s  (25 calls,  6703.049 us/call)
        RMA call overhead (derived)                  0.000030 s  (25 calls,     1.220 us/call)
      align nominal offsets to FASTQ records       0.000001 s  (1 calls,     1.300 us/call)
      scheduler loop/bookkeeping (derived)         0.000018 s  (2 calls,     9.001 us/call)

  Scheduler teardown timing
    MPI_Barrier (wait for other ranks)           0.083543 s  (1 calls, 83543.010 us/call)
    MPI_Win_free                                 0.000083 s  (1 calls,    82.951 us/call)

  Stage 2 by chunk
    completed chunks                                        1
    accumulated stage 2                              0.333429 s
    average stage 2 per chunk                        0.333429 s
    slowest chunk                                          10
    slowest chunk stage 2                            0.333429 s

    order   chunk  queue        byte range                       bytes      records   stage2(s)
        0      10     10  [     2297412,      2527044)       229632          624    0.333429
==============================================================


================ MPI Dynamic Scheduler Debug =================
  MPI rank: 000011 / 000024

  Work summary
    claimed chunks                                          1
    claimed from this rank's queue                          1
    claimed from another rank's queue                       0
    completed FASTQ records                               624
    claimed input bytes                                229632

  Scheduler counters
    scheduler_next calls                                    2
    RMA ticket attempts                                    25
    attempts against another rank's queue                  23
    tickets beyond the final chunk                         24
    empty aligned chunks                                    0

  Scheduler timing
    MPI_Win_create (setup)                       0.001771 s  (1 calls,  1770.817 us/call)
    MPI_Barrier after setup                      0.000018 s  (1 calls,    18.150 us/call)
    scheduler_next total                         0.179097 s  (2 calls, 89548.618 us/call)
      RMA ticket path total                        0.179078 s  (25 calls,  7163.123 us/call)
        MPI_Win_lock                                 0.000030 s  (25 calls,     1.196 us/call)
        MPI_Fetch_and_op                             0.000094 s  (25 calls,     3.760 us/call)
        MPI_Win_unlock                               0.178923 s  (25 calls,  7156.911 us/call)
        RMA call overhead (derived)                  0.000031 s  (25 calls,     1.256 us/call)
      align nominal offsets to FASTQ records       0.000001 s  (1 calls,     0.950 us/call)
      scheduler loop/bookkeeping (derived)         0.000018 s  (2 calls,     9.100 us/call)

  Scheduler teardown timing
    MPI_Barrier (wait for other ranks)           0.093628 s  (1 calls, 93628.208 us/call)
    MPI_Win_free                                 0.000080 s  (1 calls,    80.351 us/call)

  Stage 2 by chunk
    completed chunks                                        1
    accumulated stage 2                              0.321965 s
    average stage 2 per chunk                        0.321965 s
    slowest chunk                                          11
    slowest chunk stage 2                            0.321965 s

    order   chunk  queue        byte range                       bytes      records   stage2(s)
        0      11     11  [     2527044,      2756676)       229632          624    0.321965
==============================================================

  (25 calls,  7080.738 us/call)
        MPI_Win_lock                                 0.000035 s  (25 calls,     1.396 us/call)
        MPI_Fetch_and_op                             0.000123 s  (25 calls,     4.934 us/call)
        MPI_Win_unlock                               0.176828 s  (25 calls,  7073.110 us/call)
        RMA call overhead (derived)                  0.000032 s  (25 calls,     1.298 us/call)
      align nominal offsets to FASTQ records       0.000001 s  (1 calls,     1.000 us/call)
      scheduler loop/bookkeeping (derived)         0.000021 s  (2 calls,    10.275 us/call)

  Scheduler teardown timing
    MPI_Barrier (wait for other ranks)           0.039307 s  (1 calls, 39307.445 us/call)
    MPI_Win_free                                 0.000087 s
================ MPI Dynamic Scheduler Debug =================
  MPI rank: 000018 / 000024

  Work summary
    claimed chunks                                          0
    claimed from this rank's queue                          0
    claimed from another rank's queue                       0
    completed FASTQ records                                 0
    claimed input bytes                                     0

  Scheduler counters
    scheduler_next calls                                    1
    RMA ticket attempts                                    24
    attempts against another rank's queue                  23
    tickets beyond the final chunk                         24
    empty aligned chunks                                    0

  Scheduler timing
    MPI_Win_create (setup)                       0.000337 s  (1 calls,   336.904 us/call)
    MPI_Barrier after setup                      0.000023 s  (1 calls,    22.700 us/call)
    scheduler_next total                         0.542966 s  (1 calls, 542965.537 us/call)  (1 calls,    87.401 us/call)

  Stage 2 by chunk
    completed chunks                                        1
    accumulated stage 2                              0.380700 s
    average stage 2 per chunk                        0.380700 s
    slowest chunk                                          14
    slowest chunk stage 2                            0.380700 s

    order   chunk  queue        byte range                       bytes      records   stage2(s)
        0      14     14  [     3216308,      3445940)       229632          624    0.380700
==============================================================


================ MPI Dynamic Scheduler Debug =================
  MPI rank: 000015 / 000024

  Work summary
    claimed chunks                                          1
    claimed from this rank's queue                          1
    claimed from another rank's queue                       0
    completed FASTQ records                               624
    claimed input bytes                                229636

  Scheduler counters
    scheduler_next calls                                    2
    RMA ticket attempts                                    25
    attempts against another rank's queue                  23
    tickets beyond the final chunk                         24
    empty aligned chunks                                    0

  Scheduler timing
    MPI_Win_create (setup)                       0.001578 s  (1 calls,  1578.468 us/call)
    MPI_Barrier after setup                      0.000017 s  (1 calls,    17.150 us/call)
    scheduler_next total                         0.164357 s  (2 calls, 82178.505 us/call)
      RMA ticket path total                        0.164337 s  (25 calls,  6573.462 us/call)
        MPI_Win_lock                                 0.000029 s  (25 calls,     1.156 us/call)
        MPI_Fetch_and_op                             0.000102 s  (25 calls,     4.062 us/call)
        MPI_Win_unlock                               0.164174 s  (25 calls,  6566.960 us/call)
        RMA call overhead (derived)                  0.000032 s  (25 calls,     1.284 us/call)
      align nominal offsets to FASTQ records       0.000001 s  (1 calls,     1.300 us/call)
      scheduler loop/bookkeeping (derived)         0.000019 s  (2 calls,     9.575 us/call)

  Scheduler teardown timing
    MPI_Barrier (wait for other ranks)           0.083145 s  (1 calls, 83145.041 us/call)
    MPI_Win_free                                 0.000083 s  (1 calls,    83.451 us/call)

  Stage 2 by chunk
    completed chunks                                        1
    accumulated stage 2                              0.354607 s
    average stage 2 per chunk                        0.354607 s
    slowest chunk                                          15
    slowest chunk stage 2                            0.354607 s

    order   chunk  queue        byte range                       bytes      records   stage2(s)
        0      15     15  [     3445940,      3675576)       229636          624    0.354607
==============================================================


================ MPI Dynamic Scheduler Debug =================
  MPI rank: 000016 / 000024

  Work summary
    claimed chunks                                          0
    claimed from this rank's queue                          0
    claimed from another rank's queue                       0
    completed FASTQ records                                 0
    claimed input bytes                                     0

  Scheduler counters
    scheduler_next calls                                    1
    RMA ticket attempts                                    25
    attempts against another rank's queue                  23
    tickets beyond the final chunk                         24
    empty aligned chunks                                    1

  Scheduler timing
    MPI_Win_create (setup)                       0.002014 s  (1 calls,  2013.823 us/call)
    MPI_Barrier after setup                      0.000020 s  (1 calls,    19.800 us/call)
    scheduler_next total                         0.541145 s  (1 calls, 541144.824 us/call)
      RMA ticket path total                        0.541126 s  (25 calls, 21645.055 us/call)
        MPI_Win_lock                                 0.000027 s  (25 calls,     1.082 us/call)
        MPI_Fetch_and_op                             0.000097 s  (25 calls,     3.860 us/call)
        MPI_Win_unlock                               0.540970 s  (25 calls, 21638.815 us/call)
        RMA call overhead (derived)                  0.000032 s  (25 calls,     1.298 us/call)
      align nominal offsets to FASTQ records       0.000001 s  (1 calls,     0.750 us/call)
      scheduler loop/bookkeeping (derived)         0.000018 s  (1 calls,    17.700 us/call)

  Scheduler teardown timing
    MPI_Barrier (wait for other ranks)           0.151489 s  (1 calls, 151488.514 us/call)
    MPI_Win_free                                 0.000080 s  (1 calls,    79.801 us/call)

  Stage 2 by chunk
    completed chunks                                        0
    accumulated stage 2                              0.000000 s
    average stage 2 per chunk                        0.000000 s
    slowest chunk                                          -1
    slowest chunk stage 2                            0.000000 s

    order   chunk  queue        byte range                       bytes      records   stage2(s)
==============================================================


================ MPI Dynamic Scheduler Debug =================
  MPI rank: 000017 / 000024

  Work summary
    claimed chunks                                          0
    claimed from this rank's queue                          0
    claimed from another rank's queue                       0
    completed FASTQ records                                 0
    claimed input bytes                                     0

  Scheduler counters
    scheduler_next calls                                    1
    RMA ticket attempts                                    24
    attempts against another rank's queue                  23
    tickets beyond the final chunk                         24
    empty aligned chunks                                    0

  Scheduler timing
    MPI_Win_create (setup)                       0.001922 s  (1 calls,  1922.422 us/call)
    MPI_Barrier after setup                      0.000024 s  (1 calls,    23.500 us/call)
    scheduler_next total                         0.541105 s  (1 calls, 541104.823 us/call)
      RMA ticket path total                        0.541088 s  (24 calls, 22545.326 us/call)
        MPI_Win_lock                                 0.000028 s  (24 calls,     1.177 us/call)
        MPI_Fetch_and_op                             0.000098 s  (24 calls,     4.085 us/call)
        MPI_Win_unlock                               0.540931 s  (24 calls, 22538.776 us/call)
        RMA call overhead (derived)                  0.000031 s  (24 calls,     1.288 us/call)
      align nominal offsets to FASTQ records       0.000000 s
      scheduler loop/bookkeeping (derived)         0.000017 s  (1 calls,    16.999 us/call)

  Scheduler teardown timing
    MPI_Barrier (wait for other ranks)           0.151507 s  (1 calls, 151506.564 us/call)
    MPI_Win_free                                 0.000079 s  (1 calls,    78.651 us/call)

  Stage 2 by chunk
    completed chunks                                        0
    accumulated stage 2                              0.000000 s
    average stage 2 per chunk                        0.000000 s
    slowest chunk                                          -1
    slowest chunk stage 2                            0.000000 s

    order   chunk  queue        byte range                       bytes      records   stage2(s)
==============================================================


====================== SWBWA Output Debug =====================
  MPI rank: 000000 / 000024
  mode:     MPI single_unordered
  path:     /home/export/online1/mdt00/shisuan/swls-CFD/guoshi/ylf/SWBWA_dep_20260914/results/startup_B_2.sam

  Output volume
    output buffer capacity                           67108864
    swbwa_output_write calls                            1266
    submitted SAM bytes                               542931
    buffered flushes                                       1
    buffered flush bytes                              542931
    direct oversized writes                                0
    direct oversized bytes                                 0

  Buffering
    buffered flush total                         0.036646 s  (1 calls, 36646.209 us/call)

  Global offset reservation
    target rank                                             0
    target relationship                                 local
    reservations                                            1
    reservation total                            0.000006 s  (1 calls,     6.050 us/call)

      RMA ticket path total                        0.542947 s  (24 calls, 22622.783 us/call)
        MPI_Win_lock                                 0.000028 s  (24 calls,     1.154 us/call)
        MPI_Fetch_and_op                             0.000114 s  (24 calls,     4.765 us/call)
        MPI_Win_unlock                               0.542774 s  (24 calls, 22615.564 us/call)
        RMA call overhead (derived)                  0.000031 s  (24 calls,     1.300 us/call)
      align nominal offsets to FASTQ records       0.000000 s
      scheduler loop/bookkeeping (derived)         0.000019 s  (1 calls,    18.751 us/call)

  Scheduler teardown timing
    MPI_Barrier (wait for other ranks)           0.149200 s  (1 calls, 149199.663 us/call)
    MPI_Win_free                                 0.000084 s  (1 calls,    84.101 us/call)

  Stage 2 by chunk
    completed chunks                                        0
    accumulated stage 2                              0.000000 s
    average stage 2 per chunk                        0.000000 s
    slowest chunk                                          -1
    slowest chunk stage 2                            0.000000 s

    order   chunk  queue        byte range                       bytes      records   stage2(s)
==============================================================


================ MPI Dynamic Scheduler Debug =================
  MPI rank: 000019 / 000024

  Work summary
    claimed chunks                                          0
    claimed from this rank's queue                          0
    claimed from another rank's queue                       0
    completed FASTQ records                                 0
    claimed input bytes                                     0

  Scheduler counters
    scheduler_next calls                                    1
    RMA ticket attempts                                    24
    attempts against another rank's queue                  23
    tickets beyond the final chunk                         24
    empty aligned chunks                                    0

  Scheduler timing
    MPI_Win_create (setup)                       0.001943 s  (1 calls,  1942.823 us/call)
    MPI_Barrier after setup                      0.000022 s  (1 calls,    22.100 us/call)
    scheduler_next total                         0.543609 s  (1 calls, 543608.644 us/call)
      RMA ticket path total                        0.543593 s  (24 calls, 22649.694 us/call)
        MPI_Win_lock                                 0.000025 s  (24 calls,     1.044 us/call)
        MPI_Fetch_and_op                             0.000092 s  (24 calls,     3.817 us/call)
        MPI_Win_unlock                               0.543446 s  (24 calls, 22643.589 us/call)
        RMA call overhead (derived)                  0.000030 s  (24 calls,     1.244 us/call)
      align nominal offsets to FASTQ records       0.000000 s
      scheduler loop/bookkeeping (derived)         0.000016 s  (1 calls,    16.000 us/call)

  Scheduler teardown timing
    MPI_Barrier (wait for other ranks)           0.149030 s  (1 calls, 149030.011 us/call)
    MPI_Win_free                                 0.000077 s  (1 calls,    76.801 us/call)

  Stage 2 by chunk
    completed chunks                                        0
    accumulated stage 2                              0.000000 s
    average stage 2 per chunk                        0.000000 s
    slowest chunk                                          -1
    slowest chunk stage 2                            0.000000 s

    order   chunk  queue        byte range                       bytes      records   stage2(s)
==============================================================


================ MPI Dynamic Scheduler Debug =================
  MPI rank: 000020 / 000024

  Work summary
    claimed chunks                                          0
    claimed from this rank's queue                          0
    claimed from another rank's queue                       0
    completed FASTQ records                                 0
    claimed input bytes                                     0

  Scheduler counters
    scheduler_next calls                                    1
    RMA ticket attempts                                    24
    attempts against another rank's queue                  23
    tickets beyond the final chunk                         24
    empty aligned chunks                                    0

  Scheduler timing
    MPI_Win_create (setup)                       0.001588 s  (1 calls,  1588.418 us/call)
    MPI_Barrier after setup                      0.000017 s  (1 calls,    17.000 us/call)
    scheduler_next total                         0.543602 s  (1 calls, 543601.694 us/call)
      RMA ticket path total                        0.543585 s  (24 calls, 22649.393 us/call)
        MPI_Win_lock                                 0.000027 s  (24 calls,     1.123 us/call)
        MPI_Fetch_and_op                             0.000097 s  (24 calls,     4.023 us/call)
        MPI_Win_unlock                               0.543431 s  (24 calls, 22642.979 us/call)
        RMA call overhead (derived)                  0.000030 s  (24 calls,     1.269 us/call)
      align nominal offsets to FASTQ records       0.000000 s
      scheduler loop/bookkeeping (derived)         0.000016 s  (1 calls,    16.251 us/call)

  Scheduler teardown timing
    MPI_Barrier (wait for other ranks)           0.148516 s  (1 calls, 148516.305 us/call)
    MPI_Win_free                                 0.000084 s  (1 calls,    84.351 us/call)

  Stage 2 by chunk
    completed chunks                                        0
    accumulated stage 2                              0.000000 s
    average stage 2 per chunk                        0.000000 s
    slowest chunk                                          -1
    slowest chunk stage 2                            0.000000 s

    order   chunk  queue        byte range                       bytes      records   stage2(s)
==============================================================


================ MPI Dynamic Scheduler Debug =================
  MPI rank: 000021 / 000024

  Work summary
    claimed chunks                                          0
    claimed from this rank's queue                          0
    claimed from another rank's queue                       0
    completed FASTQ records                                 0
    claimed input bytes                                     0

  Scheduler counters
    scheduler_next calls                                    1
    RMA ticket attempts                                    24
    attempts against another rank's queue                  23
    tickets beyond the final chunk                         24
    empty aligned chunks                                    0

  Scheduler timing
    MPI_Win_create (setup)                       0.001542 s  (1 calls,  1542.418 us/call)
    MPI_Barrier after setup                      0.000022 s  (1 calls,    21.850 us/call)
    scheduler_next total                         0.442620 s  (1 calls, 442619.934 us/call)
      RMA ticket path total                        0.442603 s  (24 calls, 18441.776 us/call)
        MPI_Win_lock                                 0.000026 s  (24 calls,     1.090 us/call)
        MPI_Fetch_and_op                             0.000119 s  (24 calls,     4.973 us/call)
        MPI_Win_unlock                               0.442426 s  (24 calls, 18434.422 us/call)
        RMA call overhead (derived)                  0.000031 s  (24 calls,     1.292 us/call)
      align nominal offsets to FASTQ records       0.000000 s
      scheduler loop/bookkeeping (derived)         0.000017 s  (1 calls,    17.299 us/call)

  Scheduler teardown timing
    MPI_Barrier (wait for other ranks)           0.249467 s  (1 calls, 249466.515 us/call)
    MPI_Win_free                                 0.000082 s  (1 calls,    82.401 us/call)

  Stage 2 by chunk
    completed chunks                                        0
    accumulated stage 2                              0.000000 s
    average stage 2 per chunk                        0.000000 s
    slowest chunk                                          -1
    slowest chunk stage 2                            0.000000 s

    order   chunk  queue        byte range                       bytes      records   stage2(s)
==============================================================

      MPI_Fetch_and_op                             0.000002 s
================ MPI Dynamic Scheduler Debug =================
  MPI rank: 000022 / 000024

  Work summary
    claimed chunks                                          0
    claimed from this rank's queue                          0
    claimed from another rank's queue                       0
    completed FASTQ records                                 0
    claimed input bytes                                     0

  Scheduler counters
    scheduler_next calls                                    1
    RMA ticket attempts                                    24
    attempts against another rank's queue                  23
    tickets beyond the final chunk                         24
    empty aligned chunks                                    0

  Scheduler timing
    MPI_Win_create (setup)                       0.002091 s  (1 calls,  2090.824 us/call)
    MPI_Barrier after setup                      0.000018 s  (1 calls,    18.150 us/call)
    scheduler_next total                         0.542981 s  (1 calls, 542981.437 us/call)
      RMA ticket path total                        0.542965 s  (24 calls, 22623.535 us/call)
        MPI_Win_lock                                 0.000026 s  (24 calls,     1.079 us/call)
        MPI_Fetch_and_op                             0.000095 s  (24 calls,     3.975 us/call)
        MPI_Win_unlock                               0.542813 s  (24 calls, 22617.212 us/call)
        RMA call overhead (derived)                  0.000030 s  (24 calls,     1.269 us/call)
      align nominal offsets to FASTQ records       0.000000 s
      scheduler loop/bookkeeping (derived)         0.000017 s  (1 calls,    16.599 us/call)

  Scheduler teardown timing
    MPI_Barrier (wait for other ranks)           0.149646 s  (1 calls, 149646.118 us/call)
    MPI_Win_free                                 0.000084 s  (1 calls,    84.001 us/call)

  Stage 2 by chunk
    completed chunks                                        0
    accumulated stage 2                              0.000000 s
    average stage 2 per chunk                        0.000000 s
    slowest chunk                                          -1
    slowest chunk stage 2                            0.000000 s

    order   chunk  queue        byte range                       bytes      records   stage2(s)
==============================================================


================ MPI Dynamic Scheduler Debug =================
  MPI rank: 000023 / 000024

  Work summary
    claimed chunks                                          0
    claimed from this rank's queue                          0
    claimed from another rank's queue                       0
    completed FASTQ records                                 0
    claimed input bytes                                     0

  Scheduler counters
    scheduler_next calls                                    1
    RMA ticket attempts                                    24
    attempts against another rank's queue                  23
    tickets beyond the final chunk                         24
    empty aligned chunks                                    0

  Scheduler timing
    MPI_Win_create (setup)                       0.002051 s  (1 calls,  2051.224 us/call)
    MPI_Barrier after setup                      0.000019 s  (1 calls,    19.450 us/call)
    scheduler_next total                         0.442620 s  (1 calls, 442620.334 us/call)
      RMA ticket path total                        0.442603 s  (24 calls, 18441.778 us/call)
        MPI_Win_lock                                 0.000028 s  (24 calls,     1.154 us/call)
        MPI_Fetch_and_op                             0.000098 s  (24 calls,     4.067 us/call)
        MPI_Win_unlock                               0.442448 s  (24 calls, 18435.324 us/call)
        RMA call overhead (derived)                  0.000030 s  (24 calls,     1.233 us/call)
      align nominal offsets to FASTQ records       0.000000 s
      scheduler loop/bookkeeping (derived)         0.000018 s  (1 calls,    17.651 us/call)

  Scheduler teardown timing
    MPI_Barrier (wait for other ranks)           0.249985 s  (1 calls, 249985.421 us/call)
    MPI_Win_free                                 0.000081 s  (1 calls,    81.401 us/call)

  Stage 2 by chunk
    completed chunks                                        0
    accumulated stage 2                              0.000000 s
    average stage 2 per chunk                        0.000000 s
    slowest chunk                                          -1
    slowest chunk stage 2                            0.000000 s

    order   chunk  queue        byte range                       bytes      records   stage2(s)
==============================================================

  (1 calls,     1.650 us/call)
      MPI_Win_flush(target rank 0)                 0.000004 s  (1 calls,     3.600 us/call)
      reservation call overhead (derived)          0.000001 s  (1 calls,     0.800 us/call)

  POSIX positioned writes
    pwrite system calls                                     1
    pwrite system-call bytes                           542931
    POSIX pwrite system calls                    0.036637 s  (1 calls, 36637.359 us/call)
    POSIX pwrite effective bandwidth               14.133 MiB/s

  Output close timing
    MPI_Win_unlock_all                           0.000010 s  (1 calls,     9.550 us/call)
    MPI_Win_free                                 0.000073 s  (1 calls,    72.801 us/call)
    POSIX close                                  0.002130 s  (1 calls,  2129.871 us/call)
================================================================


====================== SWBWA Output Debug =====================
  MPI rank: 000001 / 000024
  mode:     MPI single_unordered
  path:     /home/export/online1/mdt00/shisuan/swls-CFD/guoshi/ylf/SWBWA_dep_20260914/results/startup_B_2.sam

  Output volume
    output buffer capacity                           67108864
    swbwa_output_write calls                            1256
    submitted SAM bytes                               531367
    buffered flushes                                       1
    buffered flush bytes                              531367
    direct oversized writes                                0
    direct oversized bytes                                 0

  Buffering
    buffered flush total                         0.013213 s  (1 calls, 13212.929 us/call)

  Global offset reservation
    target rank                                             0
    target relationship                                remote
    reservations                                            1
    reservation total                            0.000167 s  (1 calls,   167.302 us/call)
      MPI_Fetch_and_op                             0.000004 s  (1 calls,     4.300 us/call)
      MPI_Win_flush(target rank 0)                 0.000162 s  (1 calls,   162.202 us/call)
      reservation call overhead (derived)          0.000001 s  (1 calls,     0.800 us/call)

  POSIX positioned writes
    pwrite system calls                                     1
    pwrite system-call bytes                           531367
    POSIX pwrite system calls                    0.013043 s  (1 calls, 13043.477 us/call)
    POSIX pwrite effective bandwidth               38.851 MiB/s

  Output close timing
    MPI_Win_unlock_all                           0.000012 s  (1 calls,    11.850 us/call)
    MPI_Win_free                                 0.000068 s  (1 calls,    67.901 us/call)
    POSIX close                                  0.000599 s  (1 calls,   598.956 us/call)
================================================================


====================== SWBWA Output Debug =====================
  MPI rank: 000002 / 000024
  mode:     MPI single_unordered
  path:     /home/export/online1/mdt00/shisuan/swls-CFD/guoshi/ylf/SWBWA_dep_20260914/results/startup_B_2.sam

  Output volume
    output buffer capacity                           67108864
    swbwa_output_write calls                            1248
    submitted SAM bytes                               534831
    buffered flushes                                       1
    buffered flush bytes                              534831
    direct oversized writes                                0
    direct oversized bytes                                 0

  Buffering
    buffered flush total                         0.035811 s  (1 calls, 35810.800 us/call)

  Global offset reservation
    target rank                                             0
    target relationship                                remote
    reservations                                            1
    reservation total                            0.000152 s  (1 calls,   152.152 us/call)
      MPI_Fetch_and_op                             0.000004 s  (1 calls,     4.150 us/call)
      MPI_Win_flush(target rank 0)                 0.000147 s  (1 calls,   147.152 us/call)
      reservation call overhead (derived)          0.000001 s  (1 calls,     0.850 us/call)

  POSIX positioned writes
    pwrite system calls                                     1
    pwrite system-call bytes                           534831
    POSIX pwrite system calls                    0.035656 s  (1 calls, 35655.848 us/call)
    POSIX pwrite effective bandwidth               14.305 MiB/s

  Output close timing
    MPI_Win_unlock_all                           0.000013 s  (1 calls,    13.100 us/call)
    MPI_Win_free                                 0.000068 s  (1 calls,    67.951 us/call)
    POSIX close                                  0.000652 s  (1 calls,   651.606 us/call)
================================================================


====================== SWBWA Output Debug =====================
  MPI rank: 000003 / 000024
  mode:     MPI single_unordered
  path:     /home/export/online1/mdt00/shisuan/swls-CFD/guoshi/ylf/SWBWA_dep_20260914/results/startup_B_2.sam

  Output volume
    output buffer capacity                           67108864
    swbwa_output_write calls                            1250
    submitted SAM bytes                               532104
    buffered flushes                                       1
    buffered flush bytes                              532104
    direct oversized writes                                0
    direct oversized bytes                                 0

  Buffering
    buffered flush total                         0.104025 s  (1 calls, 104025.418 us/call)

  Global offset reservation
    target rank                                             0
    target relationship                                remote
    reservations                                            1
    reservation total                            0.000151 s  (1 calls,   151.002 us/call)
      MPI_Fetch_and_op                             0.000004 s  (1 calls,     4.200 us/call)
      MPI_Win_flush(target rank 0)                 0.000146 s  (1 calls,   146.052 us/call)

====================== SWBWA Output Debug =====================
  MPI rank: 000006 / 000024
  mode:     MPI single_unordered
  path:     /home/export/online1/mdt00/shisuan/swls-CFD/guoshi/ylf/SWBWA_dep_20260914/results/startup_B_2.sam

  Output volume
    output buffer capacity                           67108864
    swbwa_output_write calls                            1248
    submitted SAM bytes                               527767
    buffered flushes                                       1
    buffered flush bytes                              527767
    direct oversized writes                                0
    direct oversized bytes                                 0

  Buffering
    buffered flush total                         0.082875 s  (1 calls, 82874.753 us/call)

  Global offset reservation
    target rank                                             0
    target relationship                                remote
    reservations                                            1
    reservation total                            0.000179 s  (1 calls,   178.851 us/call)
      MPI_Fetch_and_op                             0.000004 s  (1 calls,     3.550 us/call)
      MPI_Win_flush(target rank 0)                 0.000174 s  (1 calls,   173.751 us/call)
      reservation call overhead (derived)          0.000002 s
====================== SWBWA Output Debug =====================
  MPI rank: 000012 / 000024
  mode:     MPI single_unordered
  path:     /home/export/online1/mdt00/shisuan/swls-CFD/guoshi/ylf/SWBWA_dep_20260914/results/startup_B_2.sam

  Output volume
    output buffer capacity                           67108864
    swbwa_output_write calls                            1250
    submitted SAM bytes                               523835
    buffered flushes                                       1
    buffered flush bytes                              523835
    direct oversized writes                                0
    direct oversized bytes                                 0

  Buffering
    buffered flush total                         0.034030 s  (1 calls, 34030.435 us/call)

  Global offset reservation
    target rank                                             0
    target relationship                                remote
    reservations                                            1
    reservation total                            0.000565 s  (1 calls,   564.857 us/call)
      MPI_Fetch_and_op                             0.000005 s  (1 calls,     5.000 us/call)
      MPI_Win_flush(target rank 0)                 0.000559 s  (1 calls,   558.607 us/call)
      reservation call overhead (derived)          0.000001 s  (1 calls,     1.250 us/call)

  POSIX positioned writes
    pwrite system calls                                     1
    pwrite system-call bytes                           523835
    POSIX pwrite system calls                    0.033463 s  (1 calls, 33463.178 us/call)
    POSIX pwrite effective bandwidth               14.929 MiB/s

  Output close timing
    MPI_Win_unlock_all                           0.000021 s  (1 calls,    20.700 us/call)
    MPI_Win_free                                 0.000059 s  (1 calls,    58.601 us/call)
    POSIX close                                  0.000862 s  (1 calls,   861.560 us/call)
================================================================


====================== SWBWA Output Debug =====================
  MPI rank: 000013 / 000024
  mode:     MPI single_unordered
  path:     /home/export/online1/mdt00/shisuan/swls-CFD/guoshi/ylf/SWBWA_dep_20260914/results/startup_B_2.sam

  Output volume
    output buffer capacity                           67108864
    swbwa_output_write calls                            1248
    submitted SAM bytes                               531200
    buffered flushes                                       1
    buffered flush bytes                              531200
    direct oversized writes                                0
    direct oversized bytes                                 0

  Buffering
    buffered flush total                         0.019788 s  (1 calls, 19788.274 us/call)

  Global offset reservation
    target rank                                             0
    target relationship                                remote
    reservations                                            1
    reservation total                            0.000032 s  (1 calls,    31.650 us/call)
      MPI_Fetch_and_op                             0.000004 s  (1 calls,     4.050 us/call)
      MPI_Win_flush(target rank 0)                 0.000027 s  (1 calls,    26.650 us/call)
      reservation call overhead (derived)          0.000001 s  (1 calls,     0.950 us/call)

  POSIX positioned writes
    pwrite system calls                                     1
    pwrite system-call bytes                           531200
    POSIX pwrite system calls                    0.019754 s  (1 calls, 19753.724 us/call)
    POSIX pwrite effective bandwidth               25.645 MiB/s

  Output close timing
    MPI_Win_unlock_all                           0.000011 s  (1 calls,    10.900 us/call)
    MPI_Win_free                                 0.000071 s  (1 calls,    70.701 us/call)
    POSIX close                                  0.001062 s  (1 calls,  1062.212 us/call)
================================================================


====================== SWBWA Output Debug =====================
  MPI rank: 000014 / 000024
  mode:     MPI single_unordered
  path:     /home/export/online1/mdt00/shisuan/swls-CFD/guoshi/ylf/SWBWA_dep_20260914/results/startup_B_2.sam

  Output volume
    output buffer capacity                           67108864
    swbwa_output_write calls                            1248
    submitted SAM bytes                               528609
    buffered flushes                                       1
    buffered flush bytes                              528609
    direct oversized writes                                0
    direct oversized bytes                                 0

  Buffering
    buffered flush total                         0.033711 s  (1 calls, 33711.431 us/call)      reservation call overhead (derived)          0.000001 s  (1 calls,     0.750 us/call)

  POSIX positioned writes
    pwrite system calls                                     1
    pwrite system-call bytes                           532104
    POSIX pwrite system calls                    0.103872 s  (1 calls, 103872.366 us/call)
    POSIX pwrite effective bandwidth                4.885 MiB/s

  Output close timing
    MPI_Win_unlock_all                           0.000014 s  (1 calls,    13.650 us/call)
    MPI_Win_free                                 0.000067 s  (1 calls,    67.051 us/call)
    POSIX close                                  0.000714 s  (1 calls,   713.907 us/call)
================================================================


====================== SWBWA Output Debug =====================
  MPI rank: 000004 / 000024
  mode:     MPI single_unordered
  path:     /home/export/online1/mdt00/shisuan/swls-CFD/guoshi/ylf/SWBWA_dep_20260914/results/startup_B_2.sam

  Output volume
    output buffer capacity                           67108864
    swbwa_output_write calls                            1248
    submitted SAM bytes                               533378
    buffered flushes                                       1
    buffered flush bytes                              533378
    direct oversized writes                                0
    direct oversized bytes                                 0

  Buffering
    buffered flush total                         0.060572 s  (1 calls, 60572.192 us/call)

  Global offset reservation
    target rank                                             0
    target relationship                                remote
    reservations                                            1
    reservation total                            0.000099 s  (1 calls,    99.351 us/call)
      MPI_Fetch_and_op                             0.000005 s  (1 calls,     4.650 us/call)
      MPI_Win_flush(target rank 0)                 0.000094 s  (1 calls,    93.851 us/call)
      reservation call overhead (derived)          0.000001 s  (1 calls,     0.850 us/call)

  POSIX positioned writes
    pwrite system calls                                     1
    pwrite system-call bytes                           533378
    POSIX pwrite system calls                    0.060470 s  (1 calls, 60469.791 us/call)
    POSIX pwrite effective bandwidth                8.412 MiB/s

  Output close timing
    MPI_Win_unlock_all                           0.000011 s  (1 calls,    11.100 us/call)
    MPI_Win_free                                 0.000071 s  (1 calls,    71.351 us/call)
    POSIX close                                  0.001145 s  (1 calls,  1145.011 us/call)
================================================================


====================== SWBWA Output Debug =====================
  MPI rank: 000005 / 000024
  mode:     MPI single_unordered
  path:     /home/export/online1/mdt00/shisuan/swls-CFD/guoshi/ylf/SWBWA_dep_20260914/results/startup_B_2.sam

  Output volume
    output buffer capacity                           67108864
    swbwa_output_write calls                            1248
    submitted SAM bytes                               534584
    buffered flushes                                       1
    buffered flush bytes                              534584
    direct oversized writes                                0
    direct oversized bytes                                 0

  Buffering
    buffered flush total                         0.085863 s  (1 calls, 85863.340 us/call)

  Global offset reservation
    target rank                                             0
    target relationship                                remote
    reservations                                            1
    reservation total                            0.000084 s  (1 calls,    83.801 us/call)
      MPI_Fetch_and_op                             0.000004 s  (1 calls,     3.900 us/call)
      MPI_Win_flush(target rank 0)                 0.000079 s  (1 calls,    79.051 us/call)
      reservation call overhead (derived)          0.000001 s  (1 calls,     0.850 us/call)

  POSIX positioned writes
    pwrite system calls                                     1
    pwrite system-call bytes                           534584
    POSIX pwrite system calls                    0.085778 s  (1 calls, 85777.589 us/call)
    POSIX pwrite effective bandwidth                5.943 MiB/s

  Output close timing
    MPI_Win_unlock_all                           0.000012 s  (1 calls,    12.050 us/call)
    MPI_Win_free                                 0.000074 s  (1 calls,    74.201 us/call)
    POSIX close                                  0.001114 s  (1 calls,  1114.111 us/call)
================================================================



  Global offset reservation
    target rank                                             0
    target relationship                                remote
    reservations                                            1
    reservation total                            0.000028 s  (1 calls,    28.050 us/call)
      MPI_Fetch_and_op                             0.000005 s  (1 calls,     5.100 us/call)
      MPI_Win_flush(target rank 0)                 0.000022 s  (1 calls,     1.550 us/call)

  POSIX positioned writes
    pwrite system calls                                     1
    pwrite system-call bytes                           527767
    POSIX pwrite system calls                    0.082694 s  (1 calls, 82693.502 us/call)
    POSIX pwrite effective bandwidth                6.087 MiB/s

  Output close timing
    MPI_Win_unlock_all                           0.000015 s  (1 calls,    14.501 us/call)
    MPI_Win_free                                 0.000071 s  (1 calls,    70.850 us/call)
    POSIX close                                  0.001108 s  (1 calls,  1108.361 us/call)
================================================================

  (1 calls,    22.200 us/call)

====================== SWBWA Output Debug =====================
  MPI rank: 000007 / 000024
  mode:     MPI single_unordered
  path:     /home/export/online1/mdt00/shisuan/swls-CFD/guoshi/ylf/SWBWA_dep_20260914/results/startup_B_2.sam

  Output volume
    output buffer capacity                           67108864
    swbwa_output_write calls                            1250
    submitted SAM bytes                               534552
    buffered flushes                                       1
    buffered flush bytes                              534552
    direct oversized writes                                0
    direct oversized bytes                                 0

  Buffering
    buffered flush total                         0.066055 s  (1 calls, 66054.741 us/call)

  Global offset reservation
    target rank                                             0
    target relationship                                remote
    reservations                                            1
    reservation total                            0.000043 s  (1 calls,    42.850 us/call)
      MPI_Fetch_and_op                             0.000004 s  (1 calls,     3.600 us/call)
      MPI_Win_flush(target rank 0)                 0.000039 s  (1 calls,    38.500 us/call)
      reservation call overhead (derived)          0.000001 s  (1 calls,     0.750 us/call)

  POSIX positioned writes
    pwrite system calls                                     1
    pwrite system-call bytes                           534552
    POSIX pwrite system calls                    0.066009 s  (1 calls, 66008.941 us/call)
    POSIX pwrite effective bandwidth                7.723 MiB/s

  Output close timing
    MPI_Win_unlock_all                           0.000013 s  (1 calls,    12.650 us/call)
    MPI_Win_free                                 0.000074 s  (1 calls,    74.401 us/call)
    POSIX close                                  0.000972 s  (1 calls,   971.510 us/call)
================================================================


====================== SWBWA Output Debug =====================
  MPI rank: 000008 / 000024
  mode:     MPI single_unordered
  path:     /home/export/online1/mdt00/shisuan/swls-CFD/guoshi/ylf/SWBWA_dep_20260914/results/startup_B_2.sam

  Output volume
    output buffer capacity                           67108864
    swbwa_output_write calls                            1248
    submitted SAM bytes                               526230
    buffered flushes                                       1
    buffered flush bytes                              526230
    direct oversized writes                                0
    direct oversized bytes                                 0

  Buffering
    buffered flush total                         0.046329 s  (1 calls, 46329.349 us/call)

  Global offset reservation
    target rank                                             0
    target relationship                                remote
    reservations                                            1
    reservation total                            0.000049 s  (1 calls,    49.450 us/call)
      MPI_Fetch_and_op                             0.000004 s  (1 calls,     3.550 us/call)
      MPI_Win_flush(target rank 0)                 0.000045 s  (1 calls,    45.000 us/call)
      reservation call overhead (derived)          0.000001 s  (1 calls,     0.900 us/call)

  POSIX positioned writes
    pwrite system calls                                     1
    pwrite system-call bytes                           526230
    POSIX pwrite system calls                    0.046277 s  (1 calls, 46277.199 us/call)
    POSIX pwrite effective bandwidth               10.844 MiB/s

  Output close timing
    MPI_Win_unlock_all                           0.000011 s  (1 calls,    11.450 us/call)
    MPI_Win_free                                 0.000073 s  (1 calls,    72.501 us/call)
    POSIX close                                  0.001011 s  (1 calls,  1011.410 us/call)
================================================================


====================== SWBWA Output Debug =====================
  MPI rank: 000009 / 000024
  mode:     MPI single_unordered
  path:     /home/export/online1/mdt00/shisuan/swls-CFD/guoshi/ylf/SWBWA_dep_20260914/results/startup_B_2.sam

  Output volume
    output buffer capacity                           67108864
    swbwa_output_write calls                            1248
    submitted SAM bytes                               535648
    buffered flushes                                       1
    buffered flush bytes                              535648
    direct oversized writes                                0
    direct oversized bytes                                 0

  Buffering
    buffered flush total                         0.016835 s  (1 calls, 16834.663 us/call)

  Global offset reservation
    target rank                                             0
    target relationship                                remote
    reservations                                            1
    reservation total                            0.000070 s  (1 calls,    69.551 us/call)
      MPI_Fetch_and_op                             0.000004 s  (1 calls,     3.750 us/call)
      MPI_Win_flush(target rank 0)                 0.000065 s  (1 calls,    65.001 us/call)
      reservation call overhead (derived)          0.000001 s  (1 calls,     0.800 us/call)

  POSIX positioned writes
    pwrite system calls                                     1
    pwrite system-call bytes                           535648
    POSIX pwrite system calls                    0.016763 s  (1 calls, 16763.062 us/call)
    POSIX pwrite effective bandwidth               30.474 MiB/s

  Output close timing
    MPI_Win_unlock_all                           0.000012 s  (1 calls,    12.000 us/call)
    MPI_Win_free                                 0.000069 s  (1 calls,    69.151 us/call)
    POSIX close                                  0.000891 s  (1 calls,   890.509 us/call)
================================================================


====================== SWBWA Output Debug =====================
  MPI rank: 000010 / 000024
  mode:     MPI single_unordered
  path:     /home/export/online1/mdt00/shisuan/swls-CFD/guoshi/ylf/SWBWA_dep_20260914/results/startup_B_2.sam

  Output volume
    output buffer capacity                           67108864
    swbwa_output_write calls                            1248
    submitted SAM bytes                               526531
    buffered flushes                                       1
    buffered flush bytes                              526531
    direct oversized writes                                0
    direct oversized bytes                                 0

  Buffering
    buffered flush total                         0.036310 s  (1 calls, 36310.202 us/call)

  Global offset reservation
    target rank                                             0
    target relationship                                remote
    reservations                                            1
    reservation total                            0.000042 s  (1 calls,    41.800 us/call)
      MPI_Fetch_and_op                             0.000004 s  (1 calls,     4.100 us/call)
      MPI_Win_flush(target rank 0)                 0.000037 s  (1 calls,    36.900 us/call)
      reservation call overhead (derived)          0.000001 s  (1 calls,     0.800 us/call)

  POSIX positioned writes
    pwrite system calls                                     1
    pwrite system-call bytes                           526531
    POSIX pwrite system calls                    0.036266 s  (1 calls, 36265.952 us/call)
    POSIX pwrite effective bandwidth               13.846 MiB/s

  Output close timing
    MPI_Win_unlock_all                           0.000012 s  (1 calls,    11.600 us/call)
    MPI_Win_free                                 0.000072 s  (1 calls,    72.451 us/call)
    POSIX close                                  0.001281 s  (1 calls,  1281.263 us/call)
================================================================

      reservation call overhead (derived)          0.000001 s
====================== SWBWA Output Debug =====================
  MPI rank: 000011 / 000024
  mode:     MPI single_unordered
  path:     /home/export/online1/mdt00/shisuan/swls-CFD/guoshi/ylf/SWBWA_dep_20260914/results/startup_B_2.sam

  Output volume
    output buffer capacity                           67108864
    swbwa_output_write calls                            1248
    submitted SAM bytes                               533942
    buffered flushes                                       1
    buffered flush bytes                              533942
    direct oversized writes                                0
    direct oversized bytes                                 0

  Buffering
    buffered flush total                         0.026284 s  (1 calls, 26283.755 us/call)

  Global offset reservation
    target rank                                             0
    target relationship                                remote
    reservations                                            1
    reservation total                            0.000068 s  (1 calls,    67.551 us/call)
      MPI_Fetch_and_op                             0.000004 s  (1 calls,     4.000 us/call)
      MPI_Win_flush(target rank 0)                 0.000063 s  (1 calls,    62.551 us/call)
      reservation call overhead (derived)          0.000001 s  (1 calls,     1.000 us/call)

  POSIX positioned writes
    pwrite system calls                                     1
    pwrite system-call bytes                           533942
    POSIX pwrite system calls                    0.026213 s  (1 calls, 26213.404 us/call)
    POSIX pwrite effective bandwidth               19.425 MiB/s

  Output close timing
    MPI_Win_unlock_all                           0.000011 s  (1 calls,    11.200 us/call)
    MPI_Win_free                                 0.000066 s  (1 calls,    65.651 us/call)
    POSIX close                                  0.001373 s  (1 calls,  1373.113 us/call)
================================================================

  (1 calls,     0.750 us/call)

  POSIX positioned writes
    pwrite system calls                                     1
    pwrite system-call bytes                           528609
    POSIX pwrite system calls                    0.033681 s  (1 calls, 33681.231 us/call)
    POSIX pwrite effective bandwidth               14.967 MiB/s

  Output close timing
    MPI_Win_unlock_all                           0.000018 s  (1 calls,    17.850 us/call)
    MPI_Win_free                                 0.000066 s  (1 calls,    65.751 us/call)
    POSIX close                                  0.000817 s  (1 calls,   816.709 us/call)
================================================================


====================== SWBWA Output Debug =====================
  MPI rank: 000015 / 000024
  mode:     MPI single_unordered
  path:     /home/export/online1/mdt00/shisuan/swls-CFD/guoshi/ylf/SWBWA_dep_20260914/results/startup_B_2.sam

  Output volume
    output buffer capacity                           67108864
    swbwa_output_write calls                            1248
    submitted SAM bytes                               530765
    buffered flushes                                       1
    buffered flush bytes                              530765
    direct oversized writes                                0
    direct oversized bytes                                 0

  Buffering
    buffered flush total                         0.026754 s  (1 calls, 26754.303 us/call)

  Global offset reservation
    target rank                                             0
    target relationship                                remote
    reservations                                            1
    reservation total                            0.000589 s  (1 calls,   588.707 us/call)
      MPI_Fetch_and_op                             0.000004 s  (1 calls,     3.750 us/call)
      MPI_Win_flush(target rank 0)                 0.000584 s  (1 calls,   583.757 us/call)
      reservation call overhead (derived)          0.000001 s  (1 calls,     1.200 us/call)

  POSIX positioned writes
    pwrite system calls                                     1
    pwrite system-call bytes                           530765
    POSIX pwrite system calls                    0.026163 s  (1 calls, 26163.246 us/call)
    POSIX pwrite effective bandwidth               19.347 MiB/s

  Output close timing
    MPI_Win_unlock_all                           0.000012 s  (1 calls,    11.950 us/call)
    MPI_Win_free                                 0.000074 s  (1 calls,    73.601 us/call)
    POSIX close                                  0.000800 s  (1 calls,   800.059 us/call)
================================================================


====================== SWBWA Output Debug =====================
  MPI rank: 000016 / 000024
  mode:     MPI single_unordered
  path:     /home/export/online1/mdt00/shisuan/swls-CFD/guoshi/ylf/SWBWA_dep_20260914/results/startup_B_2.sam

  Output volume
    output buffer capacity                           67108864
    swbwa_output_write calls                               0
    submitted SAM bytes                                    0
    buffered flushes                                       0
    buffered flush bytes                                   0
    direct oversized writes                                0
    direct oversized bytes                                 0

  Buffering
    buffered flush total                         0.000000 s

  Global offset reservation
    target rank                                             0
    target relationship                                remote
    reservations                                            0
    reservation total                            0.000000 s
      MPI_Fetch_and_op                             0.000000 s
      MPI_Win_flush(target rank 0)                 0.000000 s
      reservation call overhead (derived)          0.000000 s

  POSIX positioned writes
    pwrite system calls                                     0
    pwrite system-call bytes                                0
    POSIX pwrite system calls                    0.000000 s
    POSIX pwrite effective bandwidth                0.000 MiB/s

  Output close timing
    MPI_Win_unlock_all                           0.000006 s  (1 calls,     6.350 us/call)
    MPI_Win_free                                 0.000077 s  (1 calls,    76.951 us/call)
    POSIX close                                  0.000988 s  (1 calls,   987.561 us/call)
================================================================


====================== SWBWA Output Debug =====================
  MPI rank: 000017 / 000024
  mode:     MPI single_unordered
  path:     /home/export/online1/mdt00/shisuan/swls-CFD/guoshi/ylf/SWBWA_dep_20260914/results/startup_B_2.sam

  Output volume
    output buffer capacity                           67108864
    swbwa_output_write calls                               0
    submitted SAM bytes                                    0
    buffered flushes                                       0
    buffered flush bytes                                   0
    direct oversized writes                                0
    direct oversized bytes                                 0

  Buffering
    buffered flush total                         0.000000 s

  Global offset reservation
    target rank                                             0
    target relationship                                remote
    reservations                                            0
    reservation total                            0.000000 s
      MPI_Fetch_and_op                             0.000000 s
      MPI_Win_flush(target rank 0)                 0.000000 s
      reservation call overhead (derived)          0.000000 s

  POSIX positioned writes
    pwrite system calls                                     0
    pwrite system-call bytes                                0
    POSIX pwrite system calls                    0.000000 s
    POSIX pwrite effective bandwidth                0.000 MiB/s

  Output close timing
    MPI_Win_unlock_all                           0.000007 s  (1 calls,     6.600 us/call)
    MPI_Win_free                                 0.000073 s  (1 calls,    73.101 us/call)
    POSIX close                                  0.000735 s  (1 calls,   735.008 us/call)
================================================================


====================== SWBWA Output Debug =====================
  MPI rank: 000018 / 000024
  mode:     MPI single_unordered
  path:     /home/export/online1/mdt00/shisuan/swls-CFD/guoshi/ylf/SWBWA_dep_20260914/results/startup_B_2.sam

  Output volume
    output buffer capacity                           67108864
    swbwa_output_write calls                               0
    submitted SAM bytes                                    0
    buffered flushes                                       0
    buffered flush bytes                                   0
    direct oversized writes                                0
    direct oversized bytes                                 0

  Buffering
    buffered flush total                         0.000000 s

  Global offset reservation
    target rank                                             0
    target relationship                                remote
    reservations                                            0
    reservation total                            0.000000 s
      MPI_Fetch_and_op                             0.000000 s
      MPI_Win_flush(target rank 0)                 0.000000 s
      reservation call overhead (derived)          0.000000 s

  POSIX positioned writes
    pwrite system calls                                     0
    pwrite system-call bytes                                0
    POSIX pwrite system calls                    0.000000 s
    POSIX pwrite effective bandwidth                0.000 MiB/s

  Output close timing
    MPI_Win_unlock_all                           0.000007 s  (1 calls,     7.200 us/call)
    MPI_Win_free                                 0.000075 s  (1 calls,    74.551 us/call)
    POSIX close                                  0.000954 s  (1 calls,   954.061 us/call)
================================================================


====================== SWBWA Output Debug =====================
  MPI rank: 000019 / 000024
  mode:     MPI single_unordered
  path:     /home/export/online1/mdt00/shisuan/swls-CFD/guoshi/ylf/SWBWA_dep_20260914/results/startup_B_2.sam

  Output volume
    output buffer capacity                           67108864
    swbwa_output_write calls                               0
    submitted SAM bytes                                    0
    buffered flushes                                       0
    buffered flush bytes                                   0
    direct oversized writes                                0
    direct oversized bytes                                 0

  Buffering
    buffered flush total                         0.000000 s

  Global offset reservation
    target rank                                             0
    target relationship                                remote
    reservations                                            0
    reservation total                            0.000000 s
      MPI_Fetch_and_op                             0.000000 s
      MPI_Win_flush(target rank 0)                 0.000000 s
      reservation call overhead (derived)          0.000000 s

  POSIX positioned writes
    pwrite system calls                                     0
    pwrite system-call bytes                                0
    POSIX pwrite system calls                    0.000000 s
    POSIX pwrite effective bandwidth                0.000 MiB/s

  Output close timing
    MPI_Win_unlock_all                           0.000006 s  (1 calls,     6.250 us/call)
    MPI_Win_free                                 0.000071 s  (1 calls,    71.201 us/call)
    POSIX close                                  0.000793 s  (1 calls,   793.459 us/call)
================================================================


====================== SWBWA Output Debug =====================
  MPI rank: 000020 / 000024
  mode:     MPI single_unordered
  path:     /home/export/online1/mdt00/shisuan/swls-CFD/guoshi/ylf/SWBWA_dep_20260914/results/startup_B_2.sam

  Output volume
    output buffer capacity                           67108864
    swbwa_output_write calls                               0
    submitted SAM bytes                                    0
    buffered flushes                                       0
    buffered flush bytes                                   0
    direct oversized writes                                0
    direct oversized bytes                                 0

  Buffering
    buffered flush total                         0.000000 s

  Global offset reservation
    target rank                                             0
    target relationship                                remote
    reservations                                            0
    reservation total                            0.000000 s
      MPI_Fetch_and_op                             0.000000 s
      MPI_Win_flush(target rank 0)                 0.000000 s
      reservation call overhead (derived)          0.000000 s

  POSIX positioned writes
    pwrite system calls                                     0
    pwrite system-call bytes                                0
    POSIX pwrite system calls                    0.000000 s
    POSIX pwrite effective bandwidth                0.000 MiB/s

  Output close timing
    MPI_Win_unlock_all                           0.000007 s  (1 calls,     6.700 us/call)
    MPI_Win_free                                 0.000071 s  (1 calls,    71.301 us/call)
    POSIX close                                  0.000913 s  (1 calls,   913.360 us/call)
================================================================


====================== SWBWA Output Debug =====================
  MPI rank: 000021 / 000024
  mode:     MPI single_unordered
  path:     /home/export/online1/mdt00/shisuan/swls-CFD/guoshi/ylf/SWBWA_dep_20260914/results/startup_B_2.sam

  Output volume
    output buffer capacity                           67108864
    swbwa_output_write calls                               0
    submitted SAM bytes                                    0
    buffered flushes                                       0
    buffered flush bytes                                   0
    direct oversized writes                                0
    direct oversized bytes                                 0

  Buffering
    buffered flush total                         0.000000 s

  Global offset reservation
    target rank                                             0
    target relationship                                remote
    reservations                                            0
    reservation total                            0.000000 s
      MPI_Fetch_and_op                             0.000000 s
      MPI_Win_flush(target rank 0)                 0.000000 s
      reservation call overhead (derived)          0.000000 s

  POSIX positioned writes
    pwrite system calls                                     0
    pwrite system-call bytes                                0
    POSIX pwrite system calls                    0.000000 s
    POSIX pwrite effective bandwidth                0.000 MiB/s

  Output close timing
    MPI_Win_unlock_all                           0.000005 s  (1 calls,     5.150 us/call)
    MPI_Win_free                                 0.000076 s  (1 calls,    75.551 us/call)
    POSIX close                                  0.000864 s  (1 calls,   863.760 us/call)
================================================================


====================== SWBWA Output Debug =====================
  MPI rank: 000022 / 000024
  mode:     MPI single_unordered
  path:     /home/export/online1/mdt00/shisuan/swls-CFD/guoshi/ylf/SWBWA_dep_20260914/results/startup_B_2.sam

  Output volume
    output buffer capacity                           67108864
    swbwa_output_write calls                               0
    submitted SAM bytes                                    0
    buffered flushes                                       0
    buffered flush bytes                                   0
    direct oversized writes                                0
    direct oversized bytes                                 0

  Buffering
    buffered flush total                         0.000000 s

  Global offset reservation
    target rank                                             0
    target relationship                                remote
    reservations                                            0
    reservation total                            0.000000 s
      MPI_Fetch_and_op                             0.000000 s
      MPI_Win_flush(target rank 0)                 0.000000 s
      reservation call overhead (derived)          0.000000 s

  POSIX positioned writes
    pwrite system calls                                     0
    pwrite system-call bytes                                0
    POSIX pwrite system calls                    0.000000 s
    POSIX pwrite effective bandwidth                0.000 MiB/s

  Output close timing
    MPI_Win_unlock_all                           0.000007 s  (1 calls,     6.500 us/call)
    MPI_Win_free                                 0.000076 s  (1 calls,    75.901 us/call)
    POSIX close                                  0.000833 s  (1 calls,   833.009 us/call)
================================================================


====================== SWBWA Output Debug =====================
  MPI rank: 000023 / 000024
  mode:     MPI single_unordered
  path:     /home/export/online1/mdt00/shisuan/swls-CFD/guoshi/ylf/SWBWA_dep_20260914/results/startup_B_2.sam

  Output volume
    output buffer capacity                           67108864
    swbwa_output_write calls                               0
    submitted SAM bytes                                    0
    buffered flushes                                       0
    buffered flush bytes                                   0
    direct oversized writes                                0
    direct oversized bytes                                 0

  Buffering
    buffered flush total                         0.000000 s

  Global offset reservation
    target rank                                             0
    target relationship                                remote
    reservations                                            0
    reservation total                            0.000000 s
      MPI_Fetch_and_op                             0.000000 s
      MPI_Win_flush(target rank 0)                 0.000000 s
      reservation call overhead (derived)          0.000000 s

  POSIX positioned writes
    pwrite system calls                                     0
    pwrite system-call bytes                                0
    POSIX pwrite system calls                    0.000000 s
    POSIX pwrite effective bandwidth                0.000 MiB/s

  Output close timing
    MPI_Win_unlock_all                           0.000006 s  (1 calls,     5.850 us/call)
    MPI_Win_free                                 0.000075 s  (1 calls,    75.401 us/call)
    POSIX close                                  0.001126 s  (1 calls,  1126.313 us/call)
================================================================


================ MPI Progress Thread Debug =================
  MPI rank: 000000 / 000024
  lifetime                                        0.788182 s
  MPI_Iprobe calls                                      79
  MPI_Iprobe total                                0.002488 s
  MPI_Iprobe average                                31.495 us
  MPI_Iprobe maximum                              0.000642 s
  calls >= 1 ms                                          0
  calls >= 10 ms                                         0
  calls >= 100 ms                                        0
  calls >= 1 s                                           0
============================================================


================ MPI Progress Thread Debug =================
  MPI rank: 000001 / 000024
  lifetime                                        0.801942 s
  MPI_Iprobe calls                                      81
  MPI_Iprobe total                                0.000873 s
  MPI_Iprobe average                                10.782 us
  MPI_Iprobe maximum                              0.000032 s
  calls >= 1 ms                                          0
  calls >= 10 ms                                         0
  calls >= 100 ms                                        0
  calls >= 1 s                                           0
============================================================


================ MPI Progress Thread Debug =================
  MPI rank: 000002 / 000024
  lifetime                                        0.803862 s
  MPI_Iprobe calls                                      81
  MPI_Iprobe total                                0.000755 s
  MPI_Iprobe average                                 9.322 us
  MPI_Iprobe maximum                              0.000029 s
  calls >= 1 ms                                          0
  calls >= 10 ms                                         0
  calls >= 100 ms                                        0
  calls >= 1 s                                           0
============================================================


================ MPI Progress Thread Debug =================
  MPI rank: 000003 / 000024
  lifetime                                        0.804243 s
  MPI_Iprobe calls                                      81
  MPI_Iprobe total                                0.000658 s
  MPI_Iprobe average                                 8.127 us
  MPI_Iprobe maximum                              0.000028 s
  calls >= 1 ms                                          0
  calls >= 10 ms                                         0
  calls >= 100 ms                                        0
  calls >= 1 s                                           0
============================================================


================ MPI Progress Thread Debug =================
  MPI rank: 000004 / 000024
  lifetime                                        0.802961 s
  MPI_Iprobe calls                                      81
  MPI_Iprobe total                                0.000734 s
  MPI_Iprobe average                                 9.059 us
  MPI_Iprobe maximum                              0.000036 s
  calls >= 1 ms                                          0
  calls >= 10 ms                                         0
  calls >= 100 ms                                        0
  calls >= 1 s                                           0
============================================================


================ MPI Progress Thread Debug =================
  MPI rank: 000005 / 000024
  lifetime                                        0.807768 s
  MPI_Iprobe calls                                      81
  MPI_Iprobe total                                0.000678 s
  MPI_Iprobe average                                 8.369 us
  MPI_Iprobe maximum                              0.000022 s
  calls >= 1 ms                                          0
  calls >= 10 ms                                         0
  calls >= 100 ms                                        0
  calls >= 1 s                                           0
============================================================


================ MPI Progress Thread Debug =================
  MPI rank: 000006 / 000024
  lifetime                                        0.807993 s
  MPI_Iprobe calls                                      81
  MPI_Iprobe total                                0.005111 s
  MPI_Iprobe average                                63.104 us
  MPI_Iprobe maximum                              0.001891 s
  calls >= 1 ms                                          2
  calls >= 10 ms                                         0
  calls >= 100 ms                                        0
  calls >= 1 s                                           0
============================================================


================ MPI Progress Thread Debug =================
  MPI rank: 000007 / 000024
  lifetime                                        0.800240 s
  MPI_Iprobe calls                                      79
  MPI_Iprobe total                                0.000864 s
  MPI_Iprobe average                                10.932 us
  MPI_Iprobe maximum                              0.000035 s
  calls >= 1 ms                                          0
  calls >= 10 ms                                         0
  calls >= 100 ms                                        0
  calls >= 1 s                                           0
============================================================


================ MPI Progress Thread Debug =================
  MPI rank: 000008 / 000024
  lifetime                                        0.804802 s
  MPI_Iprobe calls                                      81
  MPI_Iprobe total                                0.000779 s
  MPI_Iprobe average                                 9.616 us
  MPI_Iprobe maximum                              0.000023 s
  calls >= 1 ms                                          0
  calls >= 10 ms                                         0
  calls >= 100 ms                                        0
  calls >= 1 s                                           0
============================================================


================ MPI Progress Thread Debug =================
  MPI rank: 000009 / 000024
  lifetime                                        0.804015 s
  MPI_Iprobe calls                                      81
  MPI_Iprobe total                                0.000760 s
  MPI_Iprobe average                                 9.381 us
  MPI_Iprobe maximum                              0.000024 s
  calls >= 1 ms                                          0
  calls >= 10 ms                                         0
  calls >= 100 ms                                        0
  calls >= 1 s                                           0
============================================================


================ MPI Progress Thread Debug =================
  MPI rank: 000010 / 000024
  lifetime                                        0.802327 s
  MPI_Iprobe calls                                      81
  MPI_Iprobe total                                0.000754 s
  MPI_Iprobe average                                 9.311 us
  MPI_Iprobe maximum                              0.000023 s
  calls >= 1 ms                                          0
  calls >= 10 ms                                         0
  calls >= 100 ms                                        0
  calls >= 1 s                                           0
============================================================


================ MPI Progress Thread Debug =================
  MPI rank: 000011 / 000024
  lifetime                                        0.801913 s
  MPI_Iprobe calls                                      81
  MPI_Iprobe total                                0.000721 s
  MPI_Iprobe average                                 8.899 us
  MPI_Iprobe maximum                              0.000029 s
  calls >= 1 ms                                          0
  calls >= 10 ms                                         0
  calls >= 100 ms                                        0
  calls >= 1 s                                           0
============================================================


================ MPI Progress Thread Debug =================
  MPI rank: 000012 / 000024
  lifetime                                        0.800994 s
  MPI_Iprobe calls                                      80
  MPI_Iprobe total                                0.002046 s
  MPI_Iprobe average                                25.577 us
  MPI_Iprobe maximum                              0.000580 s
  calls >= 1 ms                                          0
  calls >= 10 ms                                         0
  calls >= 100 ms                                        0
  calls >= 1 s                                           0
============================================================


================ MPI Progress Thread Debug =================
  MPI rank: 000013 / 000024
  lifetime                                        0.805123 s
  MPI_Iprobe calls                                      81
  MPI_Iprobe total                                0.002181 s
  MPI_Iprobe average                                26.920 us
  MPI_Iprobe maximum                              0.000856 s
  calls >= 1 ms                                          0
  calls >= 10 ms                                         0
  calls >= 100 ms                                        0
  calls >= 1 s                                           0
============================================================


================ MPI Progress Thread Debug =================
  MPI rank: 000014 / 000024
  lifetime                                        0.799585 s
  MPI_Iprobe calls                                      80
  MPI_Iprobe total                                0.000835 s
  MPI_Iprobe average                                10.443 us
  MPI_Iprobe maximum                              0.000058 s
  calls >= 1 ms                                          0
  calls >= 10 ms                                         0
  calls >= 100 ms                                        0
  calls >= 1 s                                           0
============================================================


================ MPI Progress Thread Debug =================
  MPI rank: 000015 / 000024
  lifetime                                        0.806214 s
  MPI_Iprobe calls                                      81
  MPI_Iprobe total                                0.000757 s
  MPI_Iprobe average                                 9.348 us
  MPI_Iprobe maximum                              0.000062 s
  calls >= 1 ms                                          0
  calls >= 10 ms                                         0
  calls >= 100 ms                                        0
  calls >= 1 s                                           0
============================================================


================ MPI Progress Thread Debug =================
  MPI rank: 000016 / 000024
  lifetime                                        0.799995 s
  MPI_Iprobe calls                                      79
  MPI_Iprobe total                                0.010693 s
  MPI_Iprobe average                               135.356 us
  MPI_Iprobe maximum                              0.009993 s
  calls >= 1 ms                                          1
  calls >= 10 ms                                         0
  calls >= 100 ms                                        0
  calls >= 1 s                                           0
============================================================


================ MPI Progress Thread Debug =================
  MPI rank: 000017 / 000024
  lifetime                                        0.799991 s
  MPI_Iprobe calls                                      79
  MPI_Iprobe total                                0.012376 s
  MPI_Iprobe average                               156.659 us
  MPI_Iprobe maximum                              0.009988 s
  calls >= 1 ms                                          2
  calls >= 10 ms                                         0
  calls >= 100 ms                                        0
  calls >= 1 s                                           0
============================================================


================ MPI Progress Thread Debug =================
  MPI rank: 000018 / 000024
  lifetime                                        0.800010 s
  MPI_Iprobe calls                                      79
  MPI_Iprobe total                                0.011805 s
  MPI_Iprobe average                               149.430 us
  MPI_Iprobe maximum                              0.009990 s
  calls >= 1 ms                                          2
  calls >= 10 ms                                         0
  calls >= 100 ms                                        0
  calls >= 1 s                                           0
============================================================


================ MPI Progress Thread Debug =================
  MPI rank: 000019 / 000024
  lifetime                                        0.790002 s
  MPI_Iprobe calls                                      78
  MPI_Iprobe total                                0.010717 s
  MPI_Iprobe average                               137.404 us
  MPI_Iprobe maximum                              0.009998 s
  calls >= 1 ms                                          1
  calls >= 10 ms                                         0
  calls >= 100 ms                                        0
  calls >= 1 s                                           0
============================================================


================ MPI Progress Thread Debug =================
  MPI rank: 000020 / 000024
  lifetime                                        0.780005 s
  MPI_Iprobe calls                                      78
  MPI_Iprobe total                                0.000717 s
  MPI_Iprobe average                                 9.186 us
  MPI_Iprobe maximum                              0.000044 s
  calls >= 1 ms                                          0
  calls >= 10 ms                                         0
  calls >= 100 ms                                        0
  calls >= 1 s                                           0
============================================================


================ MPI Progress Thread Debug =================
  MPI rank: 000021 / 000024
  lifetime                                        0.790000 s
  MPI_Iprobe calls                                      79
  MPI_Iprobe total                                0.009859 s
  MPI_Iprobe average                               124.801 us
  MPI_Iprobe maximum                              0.008677 s
  calls >= 1 ms                                          1
  calls >= 10 ms                                         0
  calls >= 100 ms                                        0
  calls >= 1 s                                           0
============================================================


================ MPI Progress Thread Debug =================
  MPI rank: 000022 / 000024
  lifetime                                        0.789997 s
  MPI_Iprobe calls                                      78
  MPI_Iprobe total                                0.010665 s
  MPI_Iprobe average                               136.726 us
  MPI_Iprobe maximum                              0.009991 s
  calls >= 1 ms                                          1
  calls >= 10 ms                                         0
  calls >= 100 ms                                        0
  calls >= 1 s                                           0
============================================================


================ MPI Progress Thread Debug =================
  MPI rank: 000023 / 000024
  lifetime                                        0.799978 s
  MPI_Iprobe calls                                      79
  MPI_Iprobe total                                0.010615 s
  MPI_Iprobe average                               134.372 us
  MPI_Iprobe maximum                              0.010005 s
  calls >= 1 ms                                          1
  calls >= 10 ms                                         1
  calls >= 100 ms                                        0
  calls >= 1 s                                           0
============================================================


================ SWBWA CPE/MPI Progress Debug ================
  MPI rank: 000000 / 000024

    phase                      waits     probes   total(s)    avg(us)    max(s)   >=1ms   >=10ms   >=100ms    >=1s  completed
    FASTQ formatting               1          0      0.000      0.000     0.000       0        0         0       0          0
    alignment and SAM length       1          0      0.000      0.000     0.000       0        0         0       0          0
    SAM record generation          1          0      0.000      0.000     0.000       0        0         0       0          0
    all CPE phases                 3          0      0.000      0.000     0.000       0        0         0       0          0

  Probes marked 'completed' returned with the CPE completion
  flag set. Their full call duration bounds the possible delay.
    completion-observing probe total               0.000000 s
    slowest completion-observing probe             0.000000 s
==============================================================


================ SWBWA CPE/MPI Progress Debug ================
  MPI rank: 000001 / 000024

    phase                      waits     probes   total(s)    avg(us)    max(s)   >=1ms   >=10ms   >=100ms    >=1s  completed
    FASTQ formatting               1          0      0.000      0.000     0.000       0        0         0       0          0
    alignment and SAM length       1          0      0.000      0.000     0.000       0        0         0       0          0
    SAM record generation          1          0      0.000      0.000     0.000       0        0         0       0          0
    all CPE phases                 3          0      0.000      0.000     0.000       0        0         0       0          0

  Probes marked 'completed' returned with the CPE completion
  flag set. Their full call duration bounds the possible delay.
    completion-observing probe total               0.000000 s
    slowest completion-observing probe             0.000000 s
==============================================================


================ SWBWA CPE/MPI Progress Debug ================
  MPI rank: 000002 / 000024

    phase                      waits     probes   total(s)    avg(us)    max(s)   >=1ms   >=10ms   >=100ms    >=1s  completed
    FASTQ formatting               1          0      0.000      0.000     0.000       0        0         0       0          0
    alignment and SAM length       1          0      0.000      0.000     0.000       0        0         0       0          0
    SAM record generation          1          0      0.000      0.000     0.000       0        0         0       0          0
    all CPE phases                 3          0      0.000      0.000     0.000       0        0         0       0          0

  Probes marked 'completed' returned with the CPE completion
  flag set. Their full call duration bounds the possible delay.
    completion-observing probe total               0.000000 s
    slowest completion-observing probe             0.000000 s
==============================================================


================ SWBWA CPE/MPI Progress Debug ================
  MPI rank: 000003 / 000024

    phase                      waits     probes   total(s)    avg(us)    max(s)   >=1ms   >=10ms   >=100ms    >=1s  completed
    FASTQ formatting               1          0      0.000      0.000     0.000       0        0         0       0          0
    alignment and SAM length       1          0      0.000      0.000     0.000       0        0         0       0          0
    SAM record generation          1          0      0.000      0.000     0.000       0        0         0       0          0
    all CPE phases                 3          0      0.000      0.000     0.000       0        0         0       0          0

  Probes marked 'completed' returned with the CPE completion
  flag set. Their full call duration bounds the possible delay.
    completion-observing probe total               0.000000 s
    slowest completion-observing probe             0.000000 s
==============================================================


================ SWBWA CPE/MPI Progress Debug ================
  MPI rank: 000004 / 000024

    phase                      waits     probes   total(s)    avg(us)    max(s)   >=1ms   >=10ms   >=100ms    >=1s  completed
    FASTQ formatting               1          0      0.000      0.000     0.000       0        0         0       0          0
    alignment and SAM length       1          0      0.000      0.000     0.000       0        0         0       0          0
    SAM record generation          1          0      0.000      0.000     0.000       0        0         0       0          0
    all CPE phases                 3          0      0.000      0.000     0.000       0        0         0       0          0

  Probes marked 'completed' returned with the CPE completion
  flag set. Their full call duration bounds the possible delay.
    completion-observing probe total               0.000000 s
    slowest completion-observing probe             0.000000 s
==============================================================


================ SWBWA CPE/MPI Progress Debug ================
  MPI rank: 000005 / 000024

    phase                      waits     probes   total(s)    avg(us)    max(s)   >=1ms   >=10ms   >=100ms    >=1s  completed
    FASTQ formatting               1          0      0.000      0.000     0.000       0        0         0       0          0
    alignment and SAM length       1          0      0.000      0.000     0.000       0        0         0       0          0
    SAM record generation          1          0      0.000      0.000     0.000       0        0         0       0          0
    all CPE phases                 3          0      0.000      0.000     0.000       0        0         0       0          0

  Probes marked 'completed' returned with the CPE completion
  flag set. Their full call duration bounds the possible delay.
    completion-observing probe total               0.000000 s
    slowest completion-observing probe             0.000000 s
==============================================================


================ SWBWA CPE/MPI Progress Debug ================
  MPI rank: 000006 / 000024

    phase                      waits     probes   total(s)    avg(us)    max(s)   >=1ms   >=10ms   >=100ms    >=1s  completed
    FASTQ formatting               1          0      0.000      0.000     0.000       0        0         0       0          0
    alignment and SAM length       1          0      0.000      0.000     0.000       0        0         0       0          0
    SAM record generation          1          0      0.000      0.000     0.000       0        0         0       0          0
    all CPE phases                 3          0      0.000      0.000     0.000       0        0         0       0          0

  Probes marked 'completed' returned with the CPE completion
  flag set. Their full call duration bounds the possible delay.
    completion-observing probe total               0.000000 s
    slowest completion-observing probe             0.000000 s
==============================================================


================ SWBWA CPE/MPI Progress Debug ================
  MPI rank: 000007 / 000024

    phase                      waits     probes   total(s)    avg(us)    max(s)   >=1ms   >=10ms   >=100ms    >=1s  completed
    FASTQ formatting               1          0      0.000      0.000     0.000       0        0         0       0          0
    alignment and SAM length       1          0      0.000      0.000     0.000       0        0         0       0          0
    SAM record generation          1          0      0.000      0.000     0.000       0        0         0       0          0
    all CPE phases                 3          0      0.000      0.000     0.000       0        0         0       0          0

  Probes marked 'completed' returned with the CPE completion
  flag set. Their full call duration bounds the possible delay.
    completion-observing probe total               0.000000 s
    slowest completion-observing probe             0.000000 s
==============================================================


================ SWBWA CPE/MPI Progress Debug ================
  MPI rank: 000008 / 000024

    phase                      waits     probes   total(s)    avg(us)    max(s)   >=1ms   >=10ms   >=100ms    >=1s  completed
    FASTQ formatting               1          0      0.000      0.000     0.000       0        0         0       0          0
    alignment and SAM length       1          0      0.000      0.000     0.000       0        0         0       0          0
    SAM record generation          1          0      0.000      0.000     0.000       0        0         0       0          0
    all CPE phases                 3          0      0.000      0.000     0.000       0        0         0       0          0

  Probes marked 'completed' returned with the CPE completion
  flag set. Their full call duration bounds the possible delay.
    completion-observing probe total               0.000000 s
    slowest completion-observing probe             0.000000 s
==============================================================


================ SWBWA CPE/MPI Progress Debug ================
  MPI rank: 000009 / 000024

    phase                      waits     probes   total(s)    avg(us)    max(s)   >=1ms   >=10ms   >=100ms    >=1s  completed
    FASTQ formatting               1          0      0.000      0.000     0.000       0        0         0       0          0
    alignment and SAM length       1          0      0.000      0.000     0.000       0        0         0       0          0
    SAM record generation          1          0      0.000      0.000     0.000       0        0         0       0          0
    all CPE phases                 3          0      0.000      0.000     0.000       0        0         0       0          0

  Probes marked 'completed' returned with the CPE completion
  flag set. Their full call duration bounds the possible delay.
    completion-observing probe total               0.000000 s
    slowest completion-observing probe             0.000000 s
==============================================================


================ SWBWA CPE/MPI Progress Debug ================
  MPI rank: 000010 / 000024

    phase                      waits     probes   total(s)    avg(us)    max(s)   >=1ms   >=10ms   >=100ms    >=1s  completed
    FASTQ formatting               1          0      0.000      0.000     0.000       0        0         0       0          0
    alignment and SAM length       1          0      0.000      0.000     0.000       0        0         0       0          0
    SAM record generation          1          0      0.000      0.000     0.000       0        0         0       0          0
    all CPE phases                 3          0      0.000      0.000     0.000       0        0         0       0          0

  Probes marked 'completed' returned with the CPE completion
  flag set. Their full call duration bounds the possible delay.
    completion-observing probe total               0.000000 s
    slowest completion-observing probe             0.000000 s
==============================================================


================ SWBWA CPE/MPI Progress Debug ================
  MPI rank: 000011 / 000024

    phase                      waits     probes   total(s)    avg(us)    max(s)   >=1ms   >=10ms   >=100ms    >=1s  completed
    FASTQ formatting               1          0      0.000      0.000     0.000       0        0         0       0          0
    alignment and SAM length       1          0      0.000      0.000     0.000       0        0         0       0          0
    SAM record generation          1          0      0.000      0.000     0.000       0        0         0       0          0
    all CPE phases                 3          0      0.000      0.000     0.000       0        0         0       0          0

  Probes marked 'completed' returned with the CPE completion
  flag set. Their full call duration bounds the possible delay.
    completion-observing probe total               0.000000 s
    slowest completion-observing probe             0.000000 s
==============================================================


================ SWBWA CPE/MPI Progress Debug ================
  MPI rank: 000012 / 000024

    phase                      waits     probes   total(s)    avg(us)    max(s)   >=1ms   >=10ms   >=100ms    >=1s  completed
    FASTQ formatting               1          0      0.000      0.000     0.000       0        0         0       0          0
    alignment and SAM length       1          0      0.000      0.000     0.000       0        0         0       0          0
    SAM record generation          1          0      0.000      0.000     0.000       0        0         0       0          0
    all CPE phases                 3          0      0.000      0.000     0.000       0        0         0       0          0

  Probes marked 'completed' returned with the CPE completion
  flag set. Their full call duration bounds the possible delay.
    completion-observing probe total               0.000000 s
    slowest completion-observing probe             0.000000 s
==============================================================


================ SWBWA CPE/MPI Progress Debug ================
  MPI rank: 000013 / 000024

    phase                      waits     probes   total(s)    avg(us)    max(s)   >=1ms   >=10ms   >=100ms    >=1s  completed
    FASTQ formatting               1          0      0.000      0.000     0.000       0        0         0       0          0
    alignment and SAM length       1          0      0.000      0.000     0.000       0        0         0       0          0
    SAM record generation          1          0      0.000      0.000     0.000       0        0         0       0          0
    all CPE phases                 3          0      0.000      0.000     0.000       0        0         0       0          0

  Probes marked 'completed' returned with the CPE completion
  flag set. Their full call duration bounds the possible delay.
    completion-observing probe total               0.000000 s
    slowest completion-observing probe             0.000000 s
==============================================================


================ SWBWA CPE/MPI Progress Debug ================
  MPI rank: 000014 / 000024

    phase                      waits     probes   total(s)    avg(us)    max(s)   >=1ms   >=10ms   >=100ms    >=1s  completed
    FASTQ formatting               1          0      0.000      0.000     0.000       0        0         0       0          0
    alignment and SAM length       1          0      0.000      0.000     0.000       0        0         0       0          0
    SAM record generation          1          0      0.000      0.000     0.000       0        0         0       0          0
    all CPE phases                 3          0      0.000      0.000     0.000       0        0         0       0          0

  Probes marked 'completed' returned with the CPE completion
  flag set. Their full call duration bounds the possible delay.
    completion-observing probe total               0.000000 s
    slowest completion-observing probe             0.000000 s
==============================================================


================ SWBWA CPE/MPI Progress Debug ================
  MPI rank: 000015 / 000024

    phase                      waits     probes   total(s)    avg(us)    max(s)   >=1ms   >=10ms   >=100ms    >=1s  completed

================ SWBWA CPE/MPI Progress Debug ================
  MPI rank: 000018 / 000024

    phase                      waits     probes   total(s)    avg(us)    max(s)   >=1ms   >=10ms   >=100ms    >=1s  completed
    FASTQ formatting               0          0      0.000      0.000     0.000       0        0         0       0          0
    alignment and SAM length       0          0      0.000      0.000     0.000       0        0         0       0          0
    SAM record generation          0          0      0.000      0.000     0.000       0        0         0       0          0
    all CPE phases                 0          0      0.000      0.000     0.000       0        0         0       0          0

  Probes marked 'completed' returned with the CPE completion
  flag set. Their full call duration bounds the possible delay.
    completion-observing probe total               0.000000 s
    slowest completion-observing probe             0.000000 s
==============================================================


================ SWBWA CPE/MPI Progress Debug ================
  MPI rank: 000019 / 000024

    phase                      waits     probes   total(s)    avg(us)    max(s)   >=1ms   >=10ms   >=100ms    >=1s  completed
    FASTQ formatting               0          0      0.000      0.000     0.000       0        0         0       0          0
    alignment and SAM length       0          0      0.000      0.000     0.000       0        0         0       0          0
    SAM record generation          0          0      0.000      0.000     0.000       0        0         0       0          0
    all CPE phases                 0          0      0.000      0.000     0.000       0        0         0       0          0

  Probes marked 'completed' returned with the CPE completion
  flag set. Their full call duration bounds the possible delay.
    completion-observing probe total               0.000000 s
    slowest completion-observing probe             0.000000 s
==============================================================


================ SWBWA CPE/MPI Progress Debug ================
  MPI rank: 000020 / 000024

    phase                      waits     probes   total(s)    avg(us)    max(s)   >=1ms   >=10ms   >=100ms    >=1s  completed
    FASTQ formatting               0          0      0.000      0.000     0.000       0        0         0       0          0
    alignment and SAM length       0          0      0.000      0.000     0.000       0        0         0       0          0
    SAM record generation          0          0      0.000      0.000     0.000       0        0         0       0          0
    all CPE phases                 0          0      0.000      0.000     0.000       0        0         0       0          0

  Probes marked 'completed' returned with the CPE completion
  flag set. Their full call duration bounds the possible delay.
    completion-observing probe total               0.000000 s
    slowest completion-observing probe             0.000000 s
==============================================================


================ SWBWA CPE/MPI Progress Debug ================
  MPI rank: 000021 / 000024

    phase                      waits     probes   total(s)    avg(us)    max(s)   >=1ms   >=10ms   >=100ms    >=1s  completed
    FASTQ formatting               0          0      0.000      0.000     0.000       0        0         0       0          0
    alignment and SAM length       0          0      0.000      0.000     0.000       0        0         0       0          0
    SAM record generation          0          0      0.000      0.000     0.000       0        0         0       0          0
    all CPE phases                 0          0      0.000      0.000     0.000       0        0         0       0          0

  Probes marked 'completed' returned with the CPE completion
  flag set. Their full call duration bounds the possible delay.
    completion-observing probe total               0.000000 s
    slowest completion-observing probe             0.000000 s
==============================================================


================ SWBWA CPE/MPI Progress Debug ================
  MPI rank: 000022 / 000024

    phase                      waits     probes   total(s)    avg(us)    max(s)   >=1ms   >=10ms   >=100ms    >=1s  completed
    FASTQ formatting               0          0      0.000      0.000     0.000       0        0         0       0          0
    alignment and SAM length       0          0      0.000      0.000     0.000       0        0         0       0          0
    SAM record generation          0          0      0.000      0.000     0.000       0        0         0       0          0
    all CPE phases                 0          0      0.000      0.000     0.000       0        0         0       0          0

  Probes marked 'completed' returned with the CPE completion
  flag set. Their full call duration bounds the possible delay.
    completion-observing probe total               0.000000 s
    slowest completion-observing probe             0.000000 s
==============================================================


================ SWBWA CPE/MPI Progress Debug ================
  MPI rank: 000023 / 000024

    phase                      waits     probes   total(s)    avg(us)    max(s)   >=1ms   >=10ms   >=100ms    >=1s  completed
    FASTQ formatting               0          0      0.000      0.000     0.000       0        0         0       0          0

======================= SWBWA Timing Report =======================
  MPI rank: 000000 / 000024

======================= SWBWA Timing Report =======================
  MPI rank: 000006 / 000024
  Accumulated wall-clock time; indented rows are included in
  their parent row and must not be added to it.

  Pipeline
    total - complete three-stage pipeline                     0.809 s
    stage 1 - allocate and read raw FASTQ blocks              0.273 s
    stage 2 - align reads and generate SAM records            0.299 s
    stage 3 - write SAM and release batch data                0.001 s
      SAM output writes                                         0.001 s
      batch cleanup and loop overhead (derived)                 0.000 s

  Stage 1 input details
    FASTQ formatting               1          0      0.000      0.000     0.000       0        0         0       0          0
    alignment and SAM length       1          0      0.000      0.000     0.000       0        0         0       0          0
    SAM record generation          1          0      0.000      0.000     0.000       0        0         0       0          0
    all CPE phases                 3          0      0.000      0.000     0.000       0        0         0       0          0

  Probes marked 'completed' returned with the CPE completion
  flag set. Their full call duration bounds the possible delay.
    completion-observing probe total               0.000000 s
    slowest completion-observing probe             0.000000 s
==============================================================


================ SWBWA CPE/MPI Progress Debug ================
  MPI rank: 000016 / 000024

    phase                      waits     probes   total(s)    avg(us)    max(s)   >=1ms   >=10ms   >=100ms    >=1s  completed
    FASTQ formatting               0          0      0.000      0.000     0.000       0        0         0       0          0
    alignment and SAM length       0          0      0.000      0.000     0.000       0        0         0       0          0
    SAM record generation          0          0      0.000      0.000     0.000       0        0         0       0          0
    all CPE phases                 0          0      0.000      0.000     0.000       0        0         0       0          0

  Probes marked 'completed' returned with the CPE completion
  flag set. Their full call duration bounds the possible delay.
    completion-observing probe total               0.000000 s
    slowest completion-observing probe             0.000000 s
==============================================================


================ SWBWA CPE/MPI Progress Debug ================
  MPI rank: 000017 / 000024

    phase                      waits     probes   total(s)    avg(us)    max(s)   >=1ms   >=10ms   >=100ms    >=1s  completed
    FASTQ formatting               0          0      0.000      0.000     0.000       0        0         0       0          0
    alignment and SAM length       0          0      0.000      0.000     0.000       0        0         0       0          0
    SAM record generation          0          0      0.000      0.000     0.000       0        0         0       0          0
    all CPE phases                 0          0      0.000      0.000     0.000       0        0         0       0          0

  Probes marked 'completed' returned with the CPE completion
  flag set. Their full call duration bounds the possible delay.
    completion-observing probe total               0.000000 s
    slowest completion-observing probe             0.000000 s
==============================================================

    batches completed / stage calls                       1 / 2
    input-buffer and batch allocations                        0.000 s  (4 calls, max 0.000 s)
    aggregate requested allocation bytes               461440
    alignment and SAM length       0          0      0.000      0.000     0.000       0        0         0       0          0
    SAM record generation          0          0      0.000      0.000     0.000       0        0         0       0          0
    all CPE phases                 0          0      0.000      0.000     0.000       0        0         0       0          0

  Probes marked 'completed' returned with the CPE completion
  flag set. Their full call duration bounds the possible delay.
    completion-observing probe total               0.000000 s
    slowest completion-observing probe             0.000000 s
==============================================================

    FASTQ fseeko calls                                        0.030 s  (2 calls, max 0.018 s)
  Accumulated wall-clock time; indented rows are included in
  their parent row and must not be added to it.

  Pipeline
    total - complete three-stage pipeline                     0.810 s
    stage 1 - allocate and read raw FASTQ blocks              0.152 s
    stage 2 - align reads and generate SAM records            0.503 s
    stage 3 - write SAM and release batch data                0.001 s
      SAM output writes                                         0.001 s
      batch cleanup and loop overhead (derived)                 0.000 s

  Stage 1 input details
    batches completed / stage calls                       1 / 2
    input-buffer and batch allocations                        0.000 s  (4 calls, max 0.000 s)
    aggregate requested allocation bytes               462136
    FASTQ fseeko calls                                        0.000 s  (2 calls, max 0.000 s)
    FASTQ fread calls                                         0.068 s  (2 calls, max 0.040 s)
    align chunk ends to FASTQ record boundaries               0.000 s  (0 calls, max 0.000 s)
    scheduler, checks and bookkeeping (derived)               0.084 s
    raw FASTQ bytes read                               459960  (0.439 MiB)
    effective fread bandwidth                          6.487 MiB/s
    slowest allocation                                 0.000 s  (231004 bytes)
    slowest fread                                      0.040 s  (R1 offset=0, bytes=229980)

  Stage 2 worker details
    total - active merge worker                               0.502 s
      part 1 - prepare CPE task and reusable buffers            0.012 s
      part 2 - CPE FASTQ formatting and input release           0.011 s
      part 3 - CPE alignment and SAM length pass                0.470 s
      part 4 - assign slices in the shared SAM buffer           0.001 s
      part 5 - CPE SAM record generation                        0.009 s
      part 6 - release temporary worker data                    0.000 s

  Reserved allocator timers (no active timing sites)
    malloc timer                                              0.000 s
    free timer                                                0.000 s
===================================================================


======================= SWBWA Timing Report =======================
  MPI rank: 000001 / 000024
  Accumulated wall-clock time; indented rows are included in
  their parent row and must not be added to it.

  Pipeline
    total - complete three-stage pipeline                     0.802 s
    stage 1 - allocate and read raw FASTQ blocks              0.285 s
    stage 2 - align reads and generate SAM records            0.286 s
    stage 3 - write SAM and release batch data                0.001 s
      SAM output writes                                         0.001 s
      batch cleanup and loop overhead (derived)                 0.000 s

  Stage 1 input details
    batches completed / stage calls                       1 / 2
    input-buffer and batch allocations                        0.000 s  (4 calls, max 0.000 s)
    aggregate requested allocation bytes               461456
    FASTQ fseeko calls                                        0.006 s  (2 calls, max 0.005 s)
    FASTQ fread calls                                         0.060 s  (2 calls, max 0.030 s)
    align chunk ends to FASTQ record boundaries               0.000 s  (0 calls, max 0.000 s)
    scheduler, checks and bookkeeping (derived)               0.219 s
    raw FASTQ bytes read                               459280  (0.438 MiB)
    effective fread bandwidth                          7.300 MiB/s
    slowest allocation                                 0.000 s  (230664 bytes)
    slowest fread                                      0.030 s  (R1 offset=229980, bytes=229640)

  Stage 2 worker details
    total - active merge worker                               0.286 s
      part 1 - prepare CPE task and reusable buffers            0.011 s
      part 2 - CPE FASTQ formatting and input release           0.004 s
      part 3 - CPE alignment and SAM length pass                0.260 s
      part 4 - assign slices in the shared SAM buffer           0.000 s
      part 5 - CPE SAM record generation                        0.010 s
      part 6 - release temporary worker data                    0.000 s

  Reserved allocator timers (no active timing sites)
    malloc timer                                              0.000 s
    free timer                                                0.000 s
===================================================================


======================= SWBWA Timing Report =======================
  MPI rank: 000002 / 000024
  Accumulated wall-clock time; indented rows are included in
  their parent row and must not be added to it.

  Pipeline
    total - complete three-stage pipeline                     0.804 s
    stage 1 - allocate and read raw FASTQ blocks              0.172 s
    stage 2 - align reads and generate SAM records            0.399 s
    stage 3 - write SAM and release batch data                0.001 s
      SAM output writes                                         0.001 s
      batch cleanup and loop overhead (derived)                 0.000 s

  Stage 1 input details
    batches completed / stage calls                       1 / 2
    input-buffer and batch allocations                        0.000 s  (4 calls, max 0.000 s)
    aggregate requested allocation bytes               461440
    FASTQ fseeko calls                                        0.010 s  (2 calls, max 0.006 s)
    FASTQ fread calls                                         0.056 s  (2 calls, max 0.028 s)
    align chunk ends to FASTQ record boundaries               0.000 s  (0 calls, max 0.000 s)
    scheduler, checks and bookkeeping (derived)               0.106 s
    raw FASTQ bytes read                               459264  (0.438 MiB)
    effective fread bandwidth                          7.839 MiB/s
    slowest allocation                                 0.000 s  (230656 bytes)
    slowest fread                                      0.028 s  (R1 offset=459620, bytes=229632)

  Stage 2 worker details
    total - active merge worker                               0.398 s
      part 1 - prepare CPE task and reusable buffers            0.012 s
      part 2 - CPE FASTQ formatting and input release           0.006 s
      part 3 - CPE alignment and SAM length pass                0.370 s
      part 4 - assign slices in the shared SAM buffer           0.001 s
      part 5 - CPE SAM record generation                        0.009 s
      part 6 - release temporary worker data                    0.000 s

  Reserved allocator timers (no active timing sites)
    malloc timer                                              0.000 s
    free timer                                                0.000 s
===================================================================


======================= SWBWA Timing Report =======================
  MPI rank: 000003 / 000024
  Accumulated wall-clock time; indented rows are included in
  their parent row and must not be added to it.

  Pipeline
    total - complete three-stage pipeline                     0.805 s
    stage 1 - allocate and read raw FASTQ blocks              0.202 s
    stage 2 - align reads and generate SAM records            0.369 s
    stage 3 - write SAM and release batch data                0.001 s
      SAM output writes                                         0.001 s
      batch cleanup and loop overhead (derived)                 0.000 s

  Stage 1 input details
    batches completed / stage calls                       1 / 2
    input-buffer and batch allocations                        0.000 s  (4 calls, max 0.000 s)
    aggregate requested allocation bytes               462176
    FASTQ fseeko calls                                        0.015 s  (2 calls, max 0.008 s)
    FASTQ fread calls                                         0.051 s  (2 calls, max 0.026 s)
    align chunk ends to FASTQ record boundaries               0.000 s  (0 calls, max 0.000 s)
    scheduler, checks and bookkeeping (derived)               0.136 s
    raw FASTQ bytes read                               460000  (0.439 MiB)
    effective fread bandwidth                          8.528 MiB/s
    slowest allocation                                 0.000 s  (231024 bytes)
    slowest fread                                      0.026 s  (R1 offset=689252, bytes=230000)

  Stage 2 worker details
    total - active merge worker                               0.369 s
      part 1 - prepare CPE task and reusable buffers            0.012 s
      part 2 - CPE FASTQ formatting and input release           0.007 s
      part 3 - CPE alignment and SAM length pass                0.340 s
      part 4 - assign slices in the shared SAM buffer           0.001 s
      part 5 - CPE SAM record generation                        0.009 s
      part 6 - release temporary worker data                    0.000 s

  Reserved allocator timers (no active timing sites)
    malloc timer                                              0.000 s
    free timer                                                0.000 s
===================================================================


======================= SWBWA Timing Report =======================
  MPI rank: 000004 / 000024
  Accumulated wall-clock time; indented rows are included in
  their parent row and must not be added to it.

  Pipeline
    total - complete three-stage pipeline                     0.803 s
    stage 1 - allocate and read raw FASTQ blocks              0.254 s
    stage 2 - align reads and generate SAM records            0.317 s
    stage 3 - write SAM and release batch data                0.001 s
      SAM output writes                                         0.001 s
      batch cleanup and loop overhead (derived)                 0.000 s

  Stage 1 input details
    batches completed / stage calls                       1 / 2
    input-buffer and batch allocations                        0.000 s  (4 calls, max 0.000 s)
    aggregate requested allocation bytes               461440
    FASTQ fseeko calls                                        0.022 s  (2 calls, max 0.012 s)
    FASTQ fread calls                                         0.044 s  (2 calls, max 0.022 s)
    align chunk ends to FASTQ record boundaries               0.000 s  (0 calls, max 0.000 s)
    scheduler, checks and bookkeeping (derived)               0.188 s
    raw FASTQ bytes read                               459264  (0.438 MiB)
    effective fread bandwidth                          9.928 MiB/s
    slowest allocation                                 0.000 s  (230656 bytes)
    slowest fread                                      0.022 s  (R1 offset=919252, bytes=229632)

  Stage 2 worker details
    total - active merge worker                               0.317 s
      part 1 - prepare CPE task and reusable buffers            0.011 s
      part 2 - CPE FASTQ formatting and input release           0.005 s
      part 3 - CPE alignment and SAM length pass                0.290 s
      part 4 - assign slices in the shared SAM buffer           0.000 s
      part 5 - CPE SAM record generation                        0.010 s
      part 6 - release temporary worker data                    0.000 s

  Reserved allocator timers (no active timing sites)
    malloc timer                                              0.000 s
    free timer                                                0.000 s
===================================================================


======================= SWBWA Timing Report =======================
  MPI rank: 000005 / 000024
  Accumulated wall-clock time; indented rows are included in
  their parent row and must not be added to it.

  Pipeline
    total - complete three-stage pipeline                     0.808 s
    stage 1 - allocate and read raw FASTQ blocks              0.099 s
    stage 2 - align reads and generate SAM records            0.473 s
    stage 3 - write SAM and release batch data                0.001 s
      SAM output writes                                         0.001 s
      batch cleanup and loop overhead (derived)                 0.000 s

  Stage 1 input details
    batches completed / stage calls                       1 / 2
    input-buffer and batch allocations                        0.000 s  (4 calls, max 0.000 s)
    aggregate requested allocation bytes               461440
    FASTQ fseeko calls                                        0.025 s  (2 calls, max 0.014 s)
    FASTQ fread calls                                         0.041 s  (2 calls, max 0.021 s)
    align chunk ends to FASTQ record boundaries               0.000 s  (0 calls, max 0.000 s)
    scheduler, checks and bookkeeping (derived)               0.032 s
    raw FASTQ bytes read                               459264  (0.438 MiB)
    effective fread bandwidth                         10.563 MiB/s
    slowest allocation                                 0.000 s  (230656 bytes)
    slowest fread                                      0.021 s  (R1 offset=1148884, bytes=229632)

  Stage 2 worker details
    total - active merge worker                               0.472 s
      part 1 - prepare CPE task and reusable buffers            0.012 s
      part 2 - CPE FASTQ formatting and input release           0.010 s
      part 3 - CPE alignment and SAM length pass                0.440 s
      part 4 - assign slices in the shared SAM buffer           0.001 s
      part 5 - CPE SAM record generation                        0.009 s
      part 6 - release temporary worker data                    0.000 s

  Reserved allocator timers (no active timing sites)
    malloc timer                                              0.000 s
    free timer                                                0.000 s
===================================================================


======================= SWBWA Timing Report =======================
  MPI rank: 000012 / 000024
  Accumulated wall-clock time; indented rows are included in
  their parent row and must not be added to it.

  Pipeline
    total - complete three-stage pipeline                     0.801 s
    stage 1 - allocate and read raw FASTQ blocks              0.236 s
    stage 2 - align reads and generate SAM records            0.372 s
    stage 3 - write SAM and release batch data                0.001 s
      SAM output writes                                         0.001 s
      batch cleanup and loop overhead (derived)                 0.001 s

  Stage 1 input details
    batches completed / stage calls                       1 / 2
    input-buffer and batch allocations                        0.000 s  (4 calls, max 0.000 s)
    aggregate requested allocation bytes               462176
    FASTQ fseeko calls                                        0.045 s  (2 calls, max 0.025 s)
    FASTQ fread calls                                         0.015 s  (2 calls, max 0.009 s)
    align chunk ends to FASTQ record boundaries               0.000 s  (0 calls, max 0.000 s)
    scheduler, checks and bookkeeping (derived)               0.176 s
    raw FASTQ bytes read                               460000  (0.439 MiB)
    effective fread bandwidth                         28.629 MiB/s
    slowest allocation                                 0.000 s  (231024 bytes)
    slowest fread                                      0.009 s  (R2 offset=2756676, bytes=230000)

  Stage 2 worker details
    total - active merge worker                               0.371 s
      part 1 - prepare CPE task and reusable buffers            0.012 s
      part 2 - CPE FASTQ formatting and input release           0.009 s
      part 3 - CPE alignment and SAM length pass                0.340 s
      part 4 - assign slices in the shared SAM buffer           0.000 s
      part 5 - CPE SAM record generation                        0.010 s
      part 6 - release temporary worker data                    0.000 s

  Reserved allocator timers (no active timing sites)
    malloc timer                                              0.000 s
    free timer                                                0.000 s
===================================================================


======================= SWBWA Timing Report =======================
  MPI rank: 000013 / 000024
  Accumulated wall-clock time; indented rows are included in
  their parent row and must not be added to it.

  Pipeline
    total - complete three-stage pipeline                     0.806 s
    stage 1 - allocate and read raw FASTQ blocks              0.242 s
    stage 2 - align reads and generate SAM records            0.356 s
    stage 3 - write SAM and release batch data                0.001 s
      SAM output writes                                         0.001 s
      batch cleanup and loop overhead (derived)                 0.000 s

  Stage 1 input details
    batches completed / stage calls                       1 / 2
    input-buffer and batch allocations                        0.000 s  (4 calls, max 0.000 s)
    aggregate requested allocation bytes               461440
    FASTQ fseeko calls                                        0.045 s  (2 calls, max 0.024 s)
    FASTQ fread calls                                         0.014 s  (2 calls, max 0.007 s)
    align chunk ends to FASTQ record boundaries               0.000 s  (0 calls, max 0.000 s)
    scheduler, checks and bookkeeping (derived)               0.183 s
    raw FASTQ bytes read                               459264  (0.438 MiB)
    effective fread bandwidth                         31.374 MiB/s
    slowest allocation                                 0.000 s  (230656 bytes)
    slowest fread                                      0.007 s  (R2 offset=2986676, bytes=229632)

  Stage 2 worker details
    total - active merge worker                               0.356 s
      part 1 - prepare CPE task and reusable buffers            0.011 s
      part 2 - CPE FASTQ formatting and input release           0.005 s
      part 3 - CPE alignment and SAM length pass                0.329 s
      part 4 - assign slices in the shared SAM buffer           0.000 s
      part 5 - CPE SAM record generation                        0.010 s
      part 6 - release temporary worker data                    0.000 s

  Reserved allocator timers (no active timing sites)
    malloc timer                                              0.000 s
    free timer                                                0.000 s
===================================================================


======================= SWBWA Timing Report =======================
  MPI rank: 000014 / 000024
  Accumulated wall-clock time; indented rows are included in
  their parent row and must not be added to it.

  Pipeline
    total - complete three-stage pipeline                     0.801 s
    stage 1 - allocate and read raw FASTQ blocks              0.237 s
    stage 2 - align reads and generate SAM records            0.381 s
    stage 3 - write SAM and release batch data                0.001 s
      SAM output writes                                         0.001 s
      batch cleanup and loop overhead (derived)                 0.000 s

  Stage 1 input details
    batches completed / stage calls                       1 / 2
    input-buffer and batch allocations                        0.000 s  (4 calls, max 0.000 s)
    aggregate requested allocation bytes               461440
    FASTQ fseeko calls                                        0.051 s  (2 calls, max 0.027 s)
    FASTQ fread calls                                         0.009 s  (2 calls, max 0.005 s)
    align chunk ends to FASTQ record boundaries               0.000 s  (0 calls, max 0.000 s)
    scheduler, checks and bookkeeping (derived)               0.177 s
    raw FASTQ bytes read                               459264  (0.438 MiB)
    effective fread bandwidth                         49.490 MiB/s
    slowest allocation                                 0.000 s  (230656 bytes)
    slowest fread                                      0.005 s  (R2 offset=3216308, bytes=229632)

  Stage 2 worker details
    total - active merge worker                               0.381 s
      part 1 - prepare CPE task and reusable buffers            0.012 s
      part 2 - CPE FASTQ formatting and input release           0.009 s
      part 3 - CPE alignment and SAM length pass                0.350 s
      part 4 - assign slices in the shared SAM buffer           0.001 s
      part 5 - CPE SAM record generation                        0.009 s
      part 6 - release temporary worker data                    0.000 s

  Reserved allocator timers (no active timing sites)
    malloc timer                                              0.000 s
    free timer                                                0.000 s
===================================================================


======================= SWBWA Timing Report =======================
  MPI rank: 000015 / 000024
  Accumulated wall-clock time; indented rows are included in
  their parent row and must not be added to it.

  Pipeline
    total - complete three-stage pipeline                     0.807 s
    stage 1 - allocate and read raw FASTQ blocks              0.226 s
    stage 2 - align reads and generate SAM records            0.355 s
    stage 3 - write SAM and release batch data                0.001 s
      SAM output writes                                         0.001 s
      batch cleanup and loop overhead (derived)                 0.000 s
    FASTQ fread calls                                         0.040 s  (2 calls, max 0.020 s)
    align chunk ends to FASTQ record boundaries               0.000 s  (0 calls, max 0.000 s)
    scheduler, checks and bookkeeping (derived)               0.202 s
    raw FASTQ bytes read                               459264  (0.438 MiB)
    effective fread bandwidth                         10.899 MiB/s
    slowest allocation                                 0.000 s  (230656 bytes)
    slowest fread                                      0.020 s  (R1 offset=1378516, bytes=229632)

  Stage 2 worker details
    total - active merge worker                               0.299 s
      part 1 - prepare CPE task and reusable buffers            0.012 s
      part 2 - CPE FASTQ formatting and input release           0.007 s
      part 3 - CPE alignment and SAM length pass                0.270 s
      part 4 - assign slices in the shared SAM buffer           0.000 s
      part 5 - CPE SAM record generation                        0.010 s
      part 6 - release temporary worker data                    0.000 s

  Reserved allocator timers (no active timing sites)
    malloc timer                                              0.000 s
    free timer                                                0.000 s
===================================================================


======================= SWBWA Timing Report =======================
  MPI rank: 000007 / 000024
  Accumulated wall-clock time; indented rows are included in
  their parent row and must not be added to it.

  Pipeline
    total - complete three-stage pipeline                     0.801 s
    stage 1 - allocate and read raw FASTQ blocks              0.200 s
    stage 2 - align reads and generate SAM records            0.372 s
    stage 3 - write SAM and release batch data                0.001 s
      SAM output writes                                         0.001 s
      batch cleanup and loop overhead (derived)                 0.000 s

  Stage 1 input details
    batches completed / stage calls                       1 / 2
    input-buffer and batch allocations                        0.000 s  (4 calls, max 0.000 s)
    aggregate requested allocation bytes               462176
    FASTQ fseeko calls                                        0.034 s  (2 calls, max 0.020 s)
    FASTQ fread calls                                         0.036 s  (2 calls, max 0.018 s)
    align chunk ends to FASTQ record boundaries               0.000 s  (0 calls, max 0.000 s)
    scheduler, checks and bookkeeping (derived)               0.130 s
    raw FASTQ bytes read                               460000  (0.439 MiB)
    effective fread bandwidth                         12.295 MiB/s
    slowest allocation                                 0.000 s  (231024 bytes)
    slowest fread                                      0.018 s  (R1 offset=1608148, bytes=230000)

  Stage 2 worker details
    total - active merge worker                               0.371 s
      part 1 - prepare CPE task and reusable buffers            0.012 s
      part 2 - CPE FASTQ formatting and input release           0.010 s
      part 3 - CPE alignment and SAM length pass                0.340 s
      part 4 - assign slices in the shared SAM buffer           0.001 s
      part 5 - CPE SAM record generation                        0.009 s
      part 6 - release temporary worker data                    0.000 s

  Reserved allocator timers (no active timing sites)
    malloc timer                                              0.000 s
    free timer                                                0.000 s
===================================================================


======================= SWBWA Timing Report =======================
  MPI rank: 000008 / 000024
  Accumulated wall-clock time; indented rows are included in
  their parent row and must not be added to it.

  Pipeline
    total - complete three-stage pipeline                     0.805 s
    stage 1 - allocate and read raw FASTQ blocks              0.255 s
    stage 2 - align reads and generate SAM records            0.316 s
    stage 3 - write SAM and release batch data                0.001 s
      SAM output writes                                         0.001 s
      batch cleanup and loop overhead (derived)                 0.000 s

  Stage 1 input details
    batches completed / stage calls                       1 / 2
    input-buffer and batch allocations                        0.000 s  (4 calls, max 0.000 s)
    aggregate requested allocation bytes               461440
    FASTQ fseeko calls                                        0.039 s  (2 calls, max 0.023 s)
    FASTQ fread calls                                         0.031 s  (2 calls, max 0.016 s)
    align chunk ends to FASTQ record boundaries               0.000 s  (0 calls, max 0.000 s)
    scheduler, checks and bookkeeping (derived)               0.185 s
    raw FASTQ bytes read                               459264  (0.438 MiB)
    effective fread bandwidth                         13.975 MiB/s
    slowest allocation                                 0.000 s  (230656 bytes)
    slowest fread                                      0.016 s  (R1 offset=1838148, bytes=229632)

  Stage 2 worker details
    total - active merge worker                               0.316 s
      part 1 - prepare CPE task and reusable buffers            0.012 s
      part 2 - CPE FASTQ formatting and input release           0.004 s
      part 3 - CPE alignment and SAM length pass                0.290 s
      part 4 - assign slices in the shared SAM buffer           0.000 s
      part 5 - CPE SAM record generation                        0.010 s
      part 6 - release temporary worker data                    0.000 s

  Reserved allocator timers (no active timing sites)
    malloc timer                                              0.000 s
    free timer                                                0.000 s
===================================================================


======================= SWBWA Timing Report =======================
  MPI rank: 000009 / 000024
  Accumulated wall-clock time; indented rows are included in
  their parent row and must not be added to it.

  Pipeline
    total - complete three-stage pipeline                     0.804 s
    stage 1 - allocate and read raw FASTQ blocks              0.277 s
    stage 2 - align reads and generate SAM records            0.294 s
    stage 3 - write SAM and release batch data                0.001 s
      SAM output writes                                         0.001 s
      batch cleanup and loop overhead (derived)                 0.000 s

  Stage 1 input details
    batches completed / stage calls                       1 / 2
    input-buffer and batch allocations                        0.000 s  (4 calls, max 0.000 s)
    aggregate requested allocation bytes               461440
    FASTQ fseeko calls                                        0.041 s  (2 calls, max 0.024 s)
    FASTQ fread calls                                         0.029 s  (2 calls, max 0.015 s)
    align chunk ends to FASTQ record boundaries               0.000 s  (0 calls, max 0.000 s)
    scheduler, checks and bookkeeping (derived)               0.207 s
    raw FASTQ bytes read                               459264  (0.438 MiB)
    effective fread bandwidth                         14.938 MiB/s
    slowest allocation                                 0.000 s  (230656 bytes)
    slowest fread                                      0.015 s  (R1 offset=2067780, bytes=229632)

  Stage 2 worker details
    total - active merge worker                               0.294 s
      part 1 - prepare CPE task and reusable buffers            0.012 s
      part 2 - CPE FASTQ formatting and input release           0.003 s
      part 3 - CPE alignment and SAM length pass                0.270 s
      part 4 - assign slices in the shared SAM buffer           0.000 s
      part 5 - CPE SAM record generation                        0.010 s
      part 6 - release temporary worker data                    0.000 s

  Reserved allocator timers (no active timing sites)
    malloc timer                                              0.000 s
    free timer                                                0.000 s
===================================================================


  Stage 1 input details
    batches completed / stage calls                       1 / 2

======================= SWBWA Timing Report =======================
  MPI rank: 000010 / 000024
  Accumulated wall-clock time; indented rows are included in
  their parent row and must not be added to it.

  Pipeline
    total - complete three-stage pipeline                     0.803 s
    stage 1 - allocate and read raw FASTQ blocks              0.238 s
    stage 2 - align reads and generate SAM records            0.333 s
    stage 3 - write SAM and release batch data                0.001 s
      SAM output writes                                         0.001 s
      batch cleanup and loop overhead (derived)                 0.000 s

  Stage 1 input details
    batches completed / stage calls                       1 / 2
    input-buffer and batch allocations                        0.000 s  (4 calls, max 0.000 s)
    aggregate requested allocation bytes               461440
    FASTQ fseeko calls                                        0.046 s  (2 calls, max 0.027 s)
    FASTQ fread calls                                         0.024 s  (2 calls, max 0.012 s)
    align chunk ends to FASTQ record boundaries               0.000 s  (0 calls, max 0.000 s)
    scheduler, checks and bookkeeping (derived)               0.168 s
    raw FASTQ bytes read                               459264  (0.438 MiB)
    effective fread bandwidth                         18.353 MiB/s
    slowest allocation                                 0.000 s  (230656 bytes)
    slowest fread                                      0.012 s  (R1 offset=2297412, bytes=229632)

  Stage 2 worker details
    total - active merge worker                               0.333 s
      part 1 - prepare CPE task and reusable buffers            0.012 s
      part 2 - CPE FASTQ formatting and input release           0.011 s
      part 3 - CPE alignment and SAM length pass                0.300 s
      part 4 - assign slices in the shared SAM buffer           0.000 s
      part 5 - CPE SAM record generation                        0.010 s
      part 6 - release temporary worker data                    0.000 s

  Reserved allocator timers (no active timing sites)
    malloc timer                                              0.000 s
    free timer                                                0.000 s
===================================================================


======================= SWBWA Timing Report =======================
  MPI rank: 000011 / 000024
  Accumulated wall-clock time; indented rows are included in
  their parent row and must not be added to it.

  Pipeline
    total - complete three-stage pipeline                     0.802 s
    stage 1 - allocate and read raw FASTQ blocks              0.249 s
    stage 2 - align reads and generate SAM records            0.322 s
    stage 3 - write SAM and release batch data                0.001 s
      SAM output writes                                         0.001 s
      batch cleanup and loop overhead (derived)                 0.000 s

  Stage 1 input details
    batches completed / stage calls                       1 / 2
    input-buffer and batch allocations                        0.000 s  (4 calls, max 0.000 s)
    aggregate requested allocation bytes               461440
    FASTQ fseeko calls                                        0.050 s  (2 calls, max 0.029 s)
    FASTQ fread calls                                         0.020 s  (2 calls, max 0.010 s)
    align chunk ends to FASTQ record boundaries               0.000 s  (0 calls, max 0.000 s)
    scheduler, checks and bookkeeping (derived)               0.179 s
    raw FASTQ bytes read                               459264  (0.438 MiB)
    effective fread bandwidth                         21.856 MiB/s
    slowest allocation                                 0.000 s  (230656 bytes)
    slowest fread                                      0.010 s  (R1 offset=2527044, bytes=229632)

  Stage 2 worker details
    total - active merge worker                               0.322 s
      part 1 - prepare CPE task and reusable buffers            0.012 s
      part 2 - CPE FASTQ formatting and input release           0.010 s
      part 3 - CPE alignment and SAM length pass                0.290 s
      part 4 - assign slices in the shared SAM buffer           0.000 s
      part 5 - CPE SAM record generation                        0.010 s
      part 6 - release temporary worker data                    0.000 s

  Reserved allocator timers (no active timing sites)
    malloc timer                                              0.000 s
    free timer                                                0.000 s
===================================================================

    input-buffer and batch allocations                        0.000 s  (4 calls, max 0.000 s)
    aggregate requested allocation bytes               461448
    FASTQ fseeko calls                                        0.058 s  (2 calls, max 0.030 s)

======================= SWBWA Timing Report =======================
  MPI rank: 000018 / 000024
  Accumulated wall-clock time; indented rows are included in
  their parent row and must not be added to it.

  Pipeline
    total - complete three-stage pipeline                     0.808 s
    stage 1 - allocate and read raw FASTQ blocks              0.543 s
    stage 2 - align reads and generate SAM records            0.000 s
    stage 3 - write SAM and release batch data                0.000 s
      SAM output writes                                         0.000 s
      batch cleanup and loop overhead (derived)                 0.000 s

  Stage 1 input details
    batches completed / stage calls                       0 / 1
    input-buffer and batch allocations                        0.000 s  (1 calls, max 0.000 s)
    FASTQ fread calls                                         0.004 s  (2 calls, max 0.003 s)
    align chunk ends to FASTQ record boundaries               0.000 s  (0 calls, max 0.000 s)
    scheduler, checks and bookkeeping (derived)               0.164 s
    raw FASTQ bytes read                               459272  (0.438 MiB)
    effective fread bandwidth                        101.648 MiB/s
    slowest allocation                                 0.000 s  (230660 bytes)
    slowest fread                                      0.003 s  (R2 offset=3445940, bytes=229636)

  Stage 2 worker details
    total - active merge worker                               0.355 s
      part 1 - prepare CPE task and reusable buffers            0.012 s
      part 2 - CPE FASTQ formatting and input release           0.003 s
      part 3 - CPE alignment and SAM length pass                0.330 s
      part 4 - assign slices in the shared SAM buffer           0.001 s
      part 5 - CPE SAM record generation                        0.009 s
      part 6 - release temporary worker data                    0.000 s

  Reserved allocator timers (no active timing sites)
    malloc timer                                              0.000 s
    free timer                                                0.000 s
===================================================================


======================= SWBWA Timing Report =======================
  MPI rank: 000016 / 000024
  Accumulated wall-clock time; indented rows are included in
  their parent row and must not be added to it.

  Pipeline
    total - complete three-stage pipeline                     0.810 s
    stage 1 - allocate and read raw FASTQ blocks              0.541 s
    stage 2 - align reads and generate SAM records            0.000 s
    stage 3 - write SAM and release batch data                0.000 s
      SAM output writes                                         0.000 s
      batch cleanup and loop overhead (derived)                 0.000 s

  Stage 1 input details
    batches completed / stage calls                       0 / 1
    input-buffer and batch allocations                        0.000 s  (1 calls, max 0.000 s)
    aggregate requested allocation bytes                   64
    FASTQ fseeko calls                                        0.000 s  (0 calls, max 0.000 s)
    FASTQ fread calls                                         0.000 s  (0 calls, max 0.000 s)
    align chunk ends to FASTQ record boundaries               0.000 s  (0 calls, max 0.000 s)
    scheduler, checks and bookkeeping (derived)               0.541 s
    raw FASTQ bytes read                                    0  (0.000 MiB)
    slowest allocation                                 0.000 s  (64 bytes)

  Stage 2 worker details
    total - active merge worker                               0.000 s
      part 1 - prepare CPE task and reusable buffers            0.000 s
      part 2 - CPE FASTQ formatting and input release           0.000 s
      part 3 - CPE alignment and SAM length pass                0.000 s
      part 4 - assign slices in the shared SAM buffer           0.000 s
      part 5 - CPE SAM record generation                        0.000 s
      part 6 - release temporary worker data                    0.000 s

  Reserved allocator timers (no active timing sites)
    malloc timer                                              0.000 s
    free timer                                                0.000 s
===================================================================


======================= SWBWA Timing Report =======================
  MPI rank: 000017 / 000024
  Accumulated wall-clock time; indented rows are included in
  their parent row and must not be added to it.

  Pipeline
    total - complete three-stage pipeline                     0.809 s
    stage 1 - allocate and read raw FASTQ blocks              0.541 s
    stage 2 - align reads and generate SAM records            0.000 s
    stage 3 - write SAM and release batch data                0.000 s
      SAM output writes                                         0.000 s
      batch cleanup and loop overhead (derived)                 0.000 s

  Stage 1 input details
    batches completed / stage calls                       0 / 1
    input-buffer and batch allocations                        0.000 s  (1 calls, max 0.000 s)
    aggregate requested allocation bytes                   64
    FASTQ fseeko calls                                        0.000 s  (0 calls, max 0.000 s)
    FASTQ fread calls                                         0.000 s  (0 calls, max 0.000 s)
    align chunk ends to FASTQ record boundaries               0.000 s  (0 calls, max 0.000 s)
    scheduler, checks and bookkeeping (derived)               0.541 s
    raw FASTQ bytes read                                    0  (0.000 MiB)
    slowest allocation                                 0.000 s  (64 bytes)

  Stage 2 worker details
    total - active merge worker                               0.000 s
      part 1 - prepare CPE task and reusable buffers            0.000 s
      part 2 - CPE FASTQ formatting and input release           0.000 s
      part 3 - CPE alignment and SAM length pass                0.000 s
      part 4 - assign slices in the shared SAM buffer           0.000 s
      part 5 - CPE SAM record generation                        0.000 s
      part 6 - release temporary worker data                    0.000 s

  Reserved allocator timers (no active timing sites)
    malloc timer                                              0.000 s
    free timer                                                0.000 s
===================================================================

    aggregate requested allocation bytes                   64
    FASTQ fseeko calls                                        0.000 s  (0 calls, max 0.000 s)
    FASTQ fread calls                                         0.000 s  (0 calls, max 0.000 s)
    align chunk ends to FASTQ record boundaries               0.000 s  (0 calls, max 0.000 s)
    scheduler, checks and bookkeeping (derived)               0.543 s
    raw FASTQ bytes read                                    0  (0.000 MiB)
    slowest allocation                                 0.000 s  (64 bytes)

  Stage 2 worker details
    total - active merge worker                               0.000 s
      part 1 - prepare CPE task and reusable buffers            0.000 s
      part 2 - CPE FASTQ formatting and input release           0.000 s
      part 3 - CPE alignment and SAM length pass                0.000 s
      part 4 - assign slices in the shared SAM buffer           0.000 s
      part 5 - CPE SAM record generation                        0.000 s
      part 6 - release temporary worker data                    0.000 s

  Reserved allocator timers (no active timing sites)
    malloc timer                                              0.000 s
    free timer                                                0.000 s
===================================================================


======================= SWBWA Timing Report =======================
  MPI rank: 000019 / 000024
  Accumulated wall-clock time; indented rows are included in
  their parent row and must not be added to it.

  Pipeline
    total - complete three-stage pipeline                     0.802 s
    stage 1 - allocate and read raw FASTQ blocks              0.544 s
    stage 2 - align reads and generate SAM records            0.000 s
    stage 3 - write SAM and release batch data                0.000 s
      SAM output writes                                         0.000 s
      batch cleanup and loop overhead (derived)                 0.000 s

  Stage 1 input details
    batches completed / stage calls                       0 / 1
    input-buffer and batch allocations                        0.000 s  (1 calls, max 0.000 s)
    aggregate requested allocation bytes                   64
    FASTQ fseeko calls                                        0.000 s  (0 calls, max 0.000 s)
    FASTQ fread calls                                         0.000 s  (0 calls, max 0.000 s)
    align chunk ends to FASTQ record boundaries               0.000 s  (0 calls, max 0.000 s)
    scheduler, checks and bookkeeping (derived)               0.544 s
    raw FASTQ bytes read                                    0  (0.000 MiB)
    slowest allocation                                 0.000 s  (64 bytes)

  Stage 2 worker details
    total - active merge worker                               0.000 s
      part 1 - prepare CPE task and reusable buffers            0.000 s
      part 2 - CPE FASTQ formatting and input release           0.000 s
      part 3 - CPE alignment and SAM length pass                0.000 s
      part 4 - assign slices in the shared SAM buffer           0.000 s
      part 5 - CPE SAM record generation                        0.000 s
      part 6 - release temporary worker data                    0.000 s

  Reserved allocator timers (no active timing sites)
    malloc timer                                              0.000 s
    free timer                                                0.000 s
===================================================================


======================= SWBWA Timing Report =======================
  MPI rank: 000020 / 000024
  Accumulated wall-clock time; indented rows are included in
  their parent row and must not be added to it.

  Pipeline
    total - complete three-stage pipeline                     0.807 s
    stage 1 - allocate and read raw FASTQ blocks              0.544 s
    stage 2 - align reads and generate SAM records            0.000 s
    stage 3 - write SAM and release batch data                0.000 s
      SAM output writes                                         0.000 s
      batch cleanup and loop overhead (derived)                 0.000 s

  Stage 1 input details
    batches completed / stage calls                       0 / 1
    input-buffer and batch allocations                        0.000 s  (1 calls, max 0.000 s)
    aggregate requested allocation bytes                   64
    FASTQ fseeko calls                                        0.000 s  (0 calls, max 0.000 s)
    FASTQ fread calls                                         0.000 s  (0 calls, max 0.000 s)
    align chunk ends to FASTQ record boundaries               0.000 s  (0 calls, max 0.000 s)
    scheduler, checks and bookkeeping (derived)               0.544 s
    raw FASTQ bytes read                                    0  (0.000 MiB)
    slowest allocation                                 0.000 s  (64 bytes)

  Stage 2 worker details
    total - active merge worker                               0.000 s
      part 1 - prepare CPE task and reusable buffers            0.000 s
      part 2 - CPE FASTQ formatting and input release           0.000 s
      part 3 - CPE alignment and SAM length pass                0.000 s
      part 4 - assign slices in the shared SAM buffer           0.000 s
      part 5 - CPE SAM record generation                        0.000 s
      part 6 - release temporary worker data                    0.000 s

  Reserved allocator timers (no active timing sites)
    malloc timer                                              0.000 s
    free timer                                                0.000 s
===================================================================


======================= SWBWA Timing Report =======================
  MPI rank: 000021 / 000024
  Accumulated wall-clock time; indented rows are included in
  their parent row and must not be added to it.

  Pipeline
    total - complete three-stage pipeline                     0.807 s
    stage 1 - allocate and read raw FASTQ blocks              0.443 s
    stage 2 - align reads and generate SAM records            0.000 s
    stage 3 - write SAM and release batch data                0.000 s
      SAM output writes                                         0.000 s
      batch cleanup and loop overhead (derived)                 0.000 s

  Stage 1 input details
    batches completed / stage calls                       0 / 1
    input-buffer and batch allocations                        0.000 s  (1 calls, max 0.000 s)
    aggregate requested allocation bytes                   64
    FASTQ fseeko calls                                        0.000 s  (0 calls, max 0.000 s)
    FASTQ fread calls                                         0.000 s  (0 calls, max 0.000 s)
    align chunk ends to FASTQ record boundaries               0.000 s  (0 calls, max 0.000 s)
    scheduler, checks and bookkeeping (derived)               0.443 s
    raw FASTQ bytes read                                    0  (0.000 MiB)
    slowest allocation                                 0.000 s  (64 bytes)

  Stage 2 worker details
    total - active merge worker                               0.000 s
      part 1 - prepare CPE task and reusable buffers            0.000 s
      part 2 - CPE FASTQ formatting and input release           0.000 s
      part 3 - CPE alignment and SAM length pass                0.000 s
      part 4 - assign slices in the shared SAM buffer           0.000 s
      part 5 - CPE SAM record generation                        0.000 s
      part 6 - release temporary worker data                    0.000 s

  Reserved allocator timers (no active timing sites)
    malloc timer                                              0.000 s
    free timer                                                0.000 s
===================================================================


======================= SWBWA Timing Report =======================
  MPI rank: 000022 / 000024
  Accumulated wall-clock time; indented rows are included in
  their parent row and must not be added to it.

  Pipeline
    total - complete three-stage pipeline                     0.804 s
    stage 1 - allocate and read raw FASTQ blocks              0.543 s
    stage 2 - align reads and generate SAM records            0.000 s
    stage 3 - write SAM and release batch data                0.000 s
      SAM output writes                                         0.000 s
      batch cleanup and loop overhead (derived)                 0.000 s

  Stage 1 input details
    batches completed / stage calls                       0 / 1
    input-buffer and batch allocations                        0.000 s  (1 calls, max 0.000 s)
    aggregate requested allocation bytes                   64
    FASTQ fseeko calls                                        0.000 s  (0 calls, max 0.000 s)
    FASTQ fread calls                                         0.000 s  (0 calls, max 0.000 s)
    align chunk ends to FASTQ record boundaries               0.000 s  (0 calls, max 0.000 s)
    scheduler, checks and bookkeeping (derived)               0.543 s
    raw FASTQ bytes read                                    0  (0.000 MiB)
    slowest allocation                                 0.000 s  (64 bytes)

  Stage 2 worker details
    total - active merge worker                               0.000 s
      part 1 - prepare CPE task and reusable buffers            0.000 s
      part 2 - CPE FASTQ formatting and input release           0.000 s
      part 3 - CPE alignment and SAM length pass                0.000 s
      part 4 - assign slices in the shared SAM buffer           0.000 s
      part 5 - CPE SAM record generation                        0.000 s
      part 6 - release temporary worker data                    0.000 s

  Reserved allocator timers (no active timing sites)
    malloc timer                                              0.000 s
    free timer                                                0.000 s
===================================================================

[main] Version: 0.0.1
[main] CMD: ./SWBWA mem
======================= SWBWA Timing Report =======================
  MPI rank: 000023 / 000024
  Accumulated wall-clock time; indented rows are included in
  their parent row and must not be added to it.

  Pipeline
    total - complete three-stage pipeline                     0.810 s
    stage 1 - allocate and read raw FASTQ blocks              0.443 s
    stage 2 - align reads and generate SAM records            0.000 s
    stage 3 - write SAM and release batch data                0.000 s
      SAM output writes                                         0.000 s
      batch cleanup and loop overhead (derived)                 0.000 s

  Stage 1 input details
    batches completed / stage calls                       0 / 1
    input-buffer and batch allocations                        0.000 s  (1 calls, max 0.000 s)
    aggregate requested allocation bytes                   64
    FASTQ fseeko calls                                        0.000 s  (0 calls, max 0.000 s)
    FASTQ fread calls                                         0.000 s  (0 calls, max 0.000 s)
    align chunk ends to FASTQ record boundaries               0.000 s  (0 calls, max 0.000 s)
    scheduler, checks and bookkeeping (derived)               0.443 s
    raw FASTQ bytes read                                    0  (0.000 MiB)
    slowest allocation                                 0.000 s  (64 bytes)

  Stage 2 worker details
    total - active merge worker                               0.000 s
      part 1 - prepare CPE task and reusable buffers            0.000 s
      part 2 - CPE FASTQ formatting and input release           0.000 s
      part 3 - CPE alignment and SAM length pass                0.000 s
      part 4 - assign slices in the shared SAM buffer           0.000 s
      part 5 - CPE SAM record generation                        0.000 s
      part 6 - release temporary worker data                    0.000 s

  Reserved allocator timers (no active timing sites)
    malloc timer                                              0.000 s
    free timer                                                0.000 s
===================================================================

 -v 4 -t 1 -1 -o /home/export/online1/mdt00/shisuan/swls-CFD/guoshi/ylf/SWBWA_dep_20260914/results/startup_B_2.sam -I 170,80,500,1 /home/export/online1/mdt00/shisuan/swls-CFD/guoshi/ylf/data/GRCh38.d1.vd1.fa /home/export/online1/mdt00/shisuan/swls-CFD/guoshi/ylf/data/bwa_test_big_data/tiny_1.fastq /home/export/online1/mdt00/shisuan/swls-CFD/guoshi/ylf/data/bwa_test_big_data/tiny_2.fastq
