dataset	read_mode	repeat	rank	order	chunk_id	queue	start	end	bytes	records	stage2_seconds
ERR1203383	PE	1	0	0	0	0	0	19660976	19660976	89570	2.174662
ERR1203383	PE	1	0	1	7	1	137625820	157286524	19660704	87771	1.922155
ERR1203383	PE	1	0	2	14	2	275251392	294912060	19660668	86231	1.839787
ERR1203383	PE	1	0	3	21	3	412876980	432537648	19660668	86231	2.140595
ERR1203383	PE	1	0	4	28	4	550502568	570163236	19660668	86231	1.785904
ERR1203383	PE	1	0	5	35	5	688128156	707788824	19660668	86231	1.824102
ERR1203383	PE	1	0	6	36	0	707788824	727449720	19660896	86232	1.895584
ERR1203383	PE	1	0	7	43	1	845414412	865075308	19660896	86232	2.138701
ERR1203383	PE	1	0	8	50	2	983040000	1002700896	19660896	86232	2.25805
ERR1203383	PE	1	0	9	57	3	1120665816	1140326484	19660668	86231	1.598829
ERR1203383	PE	1	0	10	64	4	1258291404	1277952072	19660668	86231	1.933649
ERR1203383	PE	1	0	11	71	5	1395916992	1415577660	19660668	86231	1.940323
ERR1203383	PE	1	0	12	72	0	1415577660	1435238556	19660896	86232	1.773574
ERR1203383	PE	1	0	13	79	1	1553203248	1572864144	19660896	86232	2.13695
ERR1203383	PE	1	0	14	86	2	1690828836	1710489732	19660896	86232	2.049279
ERR1203383	PE	1	0	15	93	3	1828454424	1848115320	19660896	86232	1.628382
ERR1203383	PE	1	0	16	100	4	1966080012	1985740908	19660896	86232	1.999685
ERR1203383	PE	1	0	17	107	5	2103705600	2123366496	19660896	86232	1.623593
ERR1203383	PE	1	0	18	108	0	2123366496	2143027392	19660896	86232	1.757241
ERR1203383	PE	1	0	19	115	1	2260992084	2280652860	19660776	85846	2.202537
ERR1203383	PE	1	0	20	122	2	2398617668	2418278508	19660840	84745	2.160918
ERR1203383	PE	1	0	21	129	3	2536243316	2555904156	19660840	84745	1.474579
ERR1203383	PE	1	0	22	136	4	2673868964	2693529804	19660840	84745	1.843683
ERR1203383	PE	1	0	23	143	5	2811494612	2831155220	19660608	84744	1.795711
ERR1203383	PE	1	0	24	144	0	2831155220	2850816060	19660840	84745	1.709304
ERR1203383	PE	1	0	25	151	1	2968780868	2988441708	19660840	84745	1.864681
ERR1203383	PE	1	0	26	158	2	3106406516	3126067356	19660840	84745	2.025075
ERR1203383	PE	1	0	27	171	3	3199795332	3204710484	4915152	21186	0.620706
ERR1203383	PE	1	0	28	178	4	3234201628	3239117012	4915384	21187	0.56816
ERR1203383	PE	1	0	29	185	5	3268608156	3273523308	4915152	21186	0.479761
ERR1203383	PE	1	0	30	186	0	3273523308	3278438460	4915152	21186	0.535716
ERR1203383	PE	1	0	31	193	1	3307929604	3312844988	4915384	21187	0.457599
ERR1203383	PE	1	0	32	200	2	3342336132	3347251284	4915152	21186	0.589329
ERR1203383	PE	1	0	33	207	3	3376742428	3381657812	4915384	21187	0.618533
ERR1203383	PE	1	0	34	214	4	3411148956	3416064108	4915152	21186	0.590925
ERR1203383	PE	1	0	35	221	5	3438182524	3439411428	1228904	5297	0.179544
ERR1203383	PE	1	0	36	216	0	3420979260	3425894412	4915152	21186	0.562635
ERR1203383	PE	1	0	37	229	1	3448012828	3449241732	1228904	5297	0.261495
ERR1203383	PE	1	0	38	236	2	3456614460	3457843364	1228904	5297	0.184197
ERR1203383	PE	1	0	39	243	3	3465216092	3466444996	1228904	5297	0.17373
ERR1203383	PE	1	0	40	250	4	3473817724	3475046628	1228904	5297	0.236508
ERR1203383	PE	1	0	41	257	5	3482419356	3483648028	1228672	5296	0.520347
ERR1203383	PE	1	0	42	246	0	3468902572	3470131244	1228672	5296	0.391516
ERR1203383	PE	1	0	43	259	1	3484876932	3486105604	1228672	5296	1.999619
ERR1203383	PE	1	0	44	266	2	3493478564	3494707236	1228672	5296	3.066392
ERR1203383	PE	1	0	45	269	5	3497164812	3498393716	1228904	5297	2.005939
ERR1203383	PE	1	1	0	1	1	19660976	39321628	19660652	87957	2.336046
ERR1203383	PE	1	1	1	8	2	157286524	176947228	19660704	87771	2.228096
ERR1203383	PE	1	1	2	15	3	294912060	314572956	19660896	86232	1.749182
ERR1203383	PE	1	1	3	22	4	432537648	452198544	19660896	86232	1.911149
ERR1203383	PE	1	1	4	29	5	570163236	589824132	19660896	86232	1.831349
ERR1203383	PE	1	1	5	30	0	589824132	609484800	19660668	86231	2.069325
ERR1203383	PE	1	1	6	37	1	727449720	747110616	19660896	86232	1.960889
ERR1203383	PE	1	1	7	44	2	865075308	884736204	19660896	86232	2.137958
ERR1203383	PE	1	1	8	51	3	1002700896	1022361792	19660896	86232	2.029596
ERR1203383	PE	1	1	9	58	4	1140326484	1159987380	19660896	86232	1.705524
ERR1203383	PE	1	1	10	65	5	1277952072	1297612968	19660896	86232	2.118113
ERR1203383	PE	1	1	11	66	0	1297612968	1317273636	19660668	86231	2.446127
ERR1203383	PE	1	1	12	73	1	1435238556	1454899224	19660668	86231	2.109463
ERR1203383	PE	1	1	13	80	2	1572864144	1592524812	19660668	86231	2.013609
ERR1203383	PE	1	1	14	87	3	1710489732	1730150400	19660668	86231	2.181964
ERR1203383	PE	1	1	15	94	4	1848115320	1867776216	19660896	86232	1.651912
ERR1203383	PE	1	1	16	101	5	1985740908	2005401804	19660896	86232	1.919365
ERR1203383	PE	1	1	17	102	0	2005401804	2025062472	19660668	86231	1.650993
ERR1203383	PE	1	1	18	109	1	2143027392	2162688060	19660668	86231	2.109022
ERR1203383	PE	1	1	19	116	2	2280652860	2300313700	19660840	84745	1.725214
ERR1203383	PE	1	1	20	123	3	2418278508	2437939348	19660840	84745	1.836123
ERR1203383	PE	1	1	21	130	4	2555904156	2575564996	19660840	84745	2.083666
ERR1203383	PE	1	1	22	137	5	2693529804	2713190412	19660608	84744	1.630815
ERR1203383	PE	1	1	23	138	0	2713190412	2732851252	19660840	84745	1.759834
ERR1203383	PE	1	1	24	145	1	2850816060	2870476900	19660840	84745	1.598305
ERR1203383	PE	1	1	25	152	2	2988441708	3008102548	19660840	84745	1.732724
ERR1203383	PE	1	1	26	159	3	3126067356	3145728196	19660840	84745	1.861958
ERR1203383	PE	1	1	27	166	4	3175219340	3180134492	4915152	21186	0.488784
ERR1203383	PE	1	1	28	173	5	3209625636	3214541020	4915384	21187	0.425281
ERR1203383	PE	1	1	29	174	0	3214541020	3219456172	4915152	21186	0.36617
ERR1203383	PE	1	1	30	181	1	3248947316	3253862468	4915152	21186	0.498099
ERR1203383	PE	1	1	31	188	2	3283353612	3288268996	4915384	21187	0.448091
ERR1203383	PE	1	1	32	195	3	3317760140	3322675292	4915152	21186	0.50492
ERR1203383	PE	1	1	33	202	4	3352166436	3357081820	4915384	21187	0.628478
ERR1203383	PE	1	1	34	209	5	3386572964	3391488116	4915152	21186	3.236178
ERR1203383	PE	1	1	35	234	0	3454156884	3455385788	1228904	5297	0.250107
ERR1203383	PE	1	1	36	241	1	3462758516	3463987420	1228904	5297	0.260661
ERR1203383	PE	1	1	37	248	2	3471360148	3472588820	1228672	5296	0.348143
ERR1203383	PE	1	1	38	255	3	3479961780	3481190452	1228672	5296	5.005719
ERR1203383	PE	1	1	39	268	4	3495936140	3497164812	1228672	5296	3.554488
ERR1203383	PE	1	2	0	2	2	39321628	58982556	19660928	87772	2.329353
ERR1203383	PE	1	2	1	9	3	176947228	196608156	19660928	87772	2.14124
ERR1203383	PE	1	2	2	16	4	314572956	334233624	19660668	86231	1.88134
ERR1203383	PE	1	2	3	23	5	452198544	471859212	19660668	86231	2.23131
ERR1203383	PE	1	2	4	24	0	471859212	491520108	19660896	86232	1.850212
ERR1203383	PE	1	2	5	31	1	609484800	629145696	19660896	86232	1.66064
ERR1203383	PE	1	2	6	38	2	747110616	766771284	19660668	86231	2.007275
ERR1203383	PE	1	2	7	45	3	884736204	904396872	19660668	86231	2.161736
ERR1203383	PE	1	2	8	52	4	1022361792	1042022460	19660668	86231	1.694224
ERR1203383	PE	1	2	9	59	5	1159987380	1179648048	19660668	86231	2.28811
ERR1203383	PE	1	2	10	60	0	1179648048	1199308944	19660896	86232	2.190883
ERR1203383	PE	1	2	11	67	1	1317273636	1336934532	19660896	86232	2.346711
ERR1203383	PE	1	2	12	74	2	1454899224	1474560120	19660896	86232	1.869352
ERR1203383	PE	1	2	13	81	3	1592524812	1612185708	19660896	86232	2.307419
ERR1203383	PE	1	2	14	88	4	1730150400	1749811296	19660896	86232	2.143262
ERR1203383	PE	1	2	15	95	5	1867776216	1887436884	19660668	86231	1.970755
ERR1203383	PE	1	2	16	96	0	1887436884	1907097780	19660896	86232	1.871644
ERR1203383	PE	1	2	17	103	1	2025062472	2044723368	19660896	86232	1.74939
ERR1203383	PE	1	2	18	110	2	2162688060	2182348956	19660896	86232	1.7747
ERR1203383	PE	1	2	19	117	3	2300313700	2319974540	19660840	84745	1.870501
ERR1203383	PE	1	2	20	124	4	2437939348	2457600188	19660840	84745	1.560271
ERR1203383	PE	1	2	21	131	5	2575564996	2595225604	19660608	84744	1.835259
ERR1203383	PE	1	2	22	132	0	2595225604	2614886444	19660840	84745	1.946352
ERR1203383	PE	1	2	23	139	1	2732851252	2752512092	19660840	84745	1.953756
ERR1203383	PE	1	2	24	146	2	2870476900	2890137740	19660840	84745	2.025158
ERR1203383	PE	1	2	25	153	3	3008102548	3027763388	19660840	84745	2.23029
ERR1203383	PE	1	2	26	160	4	3145728196	3150643348	4915152	21186	0.611652
ERR1203383	PE	1	2	27	167	5	3180134492	3185049644	4915152	21186	0.559516
ERR1203383	PE	1	2	28	168	0	3185049644	3189965028	4915384	21187	0.541659
ERR1203383	PE	1	2	29	175	1	3219456172	3224371324	4915152	21186	0.698332
ERR1203383	PE	1	2	30	182	2	3253862468	3258777620	4915152	21186	0.510781
ERR1203383	PE	1	2	31	189	3	3288268996	3293184148	4915152	21186	0.493066
ERR1203383	PE	1	2	32	196	4	3322675292	3327590444	4915152	21186	0.635811
ERR1203383	PE	1	2	33	203	5	3357081820	3361996972	4915152	21186	0.727578
ERR1203383	PE	1	2	34	204	0	3361996972	3366912124	4915152	21186	0.639157
ERR1203383	PE	1	2	35	211	1	3396403268	3401318420	4915152	21186	0.516191
ERR1203383	PE	1	2	36	218	2	3430809796	3435724948	4915152	21186	0.6472
ERR1203383	PE	1	2	37	225	3	3443097676	3444326580	1228904	5297	0.245556
ERR1203383	PE	1	2	38	232	4	3451699308	3452928212	1228904	5297	0.222419
ERR1203383	PE	1	2	39	239	5	3460300940	3461529612	1228672	5296	0.144721
ERR1203383	PE	1	2	40	240	0	3461529612	3462758516	1228904	5297	0.128696
ERR1203383	PE	1	2	41	247	1	3470131244	3471360148	1228904	5297	0.262226
ERR1203383	PE	1	2	42	254	2	3478732876	3479961780	1228904	5297	0.986391
ERR1203383	PE	1	2	43	261	3	3487334508	3488563412	1228904	5297	2.604068
ERR1203383	PE	1	2	44	262	4	3488563412	3489792084	1228672	5296	3.789203
ERR1203383	PE	1	3	0	3	3	58982556	78643260	19660704	87771	2.309383
ERR1203383	PE	1	3	1	10	4	196608156	216268860	19660704	87771	1.710573
ERR1203383	PE	1	3	2	17	5	334233624	353894520	19660896	86232	1.738485
ERR1203383	PE	1	3	3	18	0	353894520	373555416	19660896	86232	1.889304
ERR1203383	PE	1	3	4	25	1	491520108	511181004	19660896	86232	1.690787
ERR1203383	PE	1	3	5	32	2	629145696	648806592	19660896	86232	1.522303
ERR1203383	PE	1	3	6	39	3	766771284	786432180	19660896	86232	1.791439
ERR1203383	PE	1	3	7	46	4	904396872	924057768	19660896	86232	2.274704
ERR1203383	PE	1	3	8	53	5	1042022460	1061683356	19660896	86232	1.994264
ERR1203383	PE	1	3	9	54	0	1061683356	1081344024	19660668	86231	1.75473
ERR1203383	PE	1	3	10	61	1	1199308944	1218969612	19660668	86231	2.065452
ERR1203383	PE	1	3	11	68	2	1336934532	1356595200	19660668	86231	1.84505
ERR1203383	PE	1	3	12	75	3	1474560120	1494221016	19660896	86232	3.405792
ERR1203383	PE	1	3	13	82	4	1612185708	1631846604	19660896	86232	1.935935
ERR1203383	PE	1	3	14	89	5	1749811296	1769472192	19660896	86232	1.773245
ERR1203383	PE	1	3	15	90	0	1769472192	1789132860	19660668	86231	1.849722
ERR1203383	PE	1	3	16	97	1	1907097780	1926758448	19660668	86231	1.71643
ERR1203383	PE	1	3	17	104	2	2044723368	2064384036	19660668	86231	1.71678
ERR1203383	PE	1	3	18	111	3	2182348956	2202009624	19660668	86231	1.772915
ERR1203383	PE	1	3	19	118	4	2319974540	2339635380	19660840	84745	2.115011
ERR1203383	PE	1	3	20	125	5	2457600188	2477261028	19660840	84745	1.88981
ERR1203383	PE	1	3	21	126	0	2477261028	2496921636	19660608	84744	1.734272
ERR1203383	PE	1	3	22	133	1	2614886444	2634547284	19660840	84745	1.747553
ERR1203383	PE	1	3	23	140	2	2752512092	2772172932	19660840	84745	1.736589
ERR1203383	PE	1	3	24	147	3	2890137740	2909798580	19660840	84745	2.0629
ERR1203383	PE	1	3	25	154	4	3027763388	3047424228	19660840	84745	1.740016
ERR1203383	PE	1	3	26	161	5	3150643348	3155558500	4915152	21186	0.557536
ERR1203383	PE	1	3	27	162	0	3155558500	3160473652	4915152	21186	0.542202
ERR1203383	PE	1	3	28	169	1	3189965028	3194880180	4915152	21186	0.433459
ERR1203383	PE	1	3	29	176	2	3224371324	3229286476	4915152	21186	0.751567
ERR1203383	PE	1	3	30	183	3	3258777620	3263693004	4915384	21187	0.511318
ERR1203383	PE	1	3	31	190	4	3293184148	3298099300	4915152	21186	0.540382
ERR1203383	PE	1	3	32	197	5	3327590444	3332505828	4915384	21187	0.414147
ERR1203383	PE	1	3	33	198	0	3332505828	3337420980	4915152	21186	0.679944
ERR1203383	PE	1	3	34	205	1	3366912124	3371827276	4915152	21186	0.523204
ERR1203383	PE	1	3	35	212	2	3401318420	3406233804	4915384	21187	0.785111
ERR1203383	PE	1	3	36	219	3	3435724948	3436953620	1228672	5296	0.414545
ERR1203383	PE	1	3	37	226	4	3444326580	3445555252	1228672	5296	0.143586
ERR1203383	PE	1	3	38	233	5	3452928212	3454156884	1228672	5296	0.293098
ERR1203383	PE	1	3	39	228	0	3446784156	3448012828	1228672	5296	0.29483
ERR1203383	PE	1	3	40	235	1	3455385788	3456614460	1228672	5296	0.215343
ERR1203383	PE	1	3	41	242	2	3463987420	3465216092	1228672	5296	0.27719
ERR1203383	PE	1	3	42	249	3	3472588820	3473817724	1228904	5297	0.336443
ERR1203383	PE	1	4	0	4	4	78643260	98304188	19660928	87772	2.214689
ERR1203383	PE	1	4	1	11	5	216268860	235929600	19660740	86802	1.774884
ERR1203383	PE	1	4	2	12	0	235929600	255590496	19660896	86232	1.874473
ERR1203383	PE	1	4	3	19	1	373555416	393216084	19660668	86231	1.992539
ERR1203383	PE	1	4	4	26	2	511181004	530841672	19660668	86231	2.015004
ERR1203383	PE	1	4	5	33	3	648806592	668467260	19660668	86231	1.763125
ERR1203383	PE	1	4	6	40	4	786432180	806092848	19660668	86231	1.974351
ERR1203383	PE	1	4	7	47	5	924057768	943718436	19660668	86231	2.167408
ERR1203383	PE	1	4	8	48	0	943718436	963379332	19660896	86232	2.149973
ERR1203383	PE	1	4	9	55	1	1081344024	1101004920	19660896	86232	1.91627
ERR1203383	PE	1	4	10	62	2	1218969612	1238630508	19660896	86232	1.834246
ERR1203383	PE	1	4	11	69	3	1356595200	1376256096	19660896	86232	1.894117
ERR1203383	PE	1	4	12	76	4	1494221016	1513881684	19660668	86231	2.253638
ERR1203383	PE	1	4	13	83	5	1631846604	1651507272	19660668	86231	1.737158
ERR1203383	PE	1	4	14	84	0	1651507272	1671168168	19660896	86232	1.624932
ERR1203383	PE	1	4	15	91	1	1789132860	1808793756	19660896	86232	1.68251
ERR1203383	PE	1	4	16	98	2	1926758448	1946419344	19660896	86232	1.496736
ERR1203383	PE	1	4	17	105	3	2064384036	2084044932	19660896	86232	2.033977
ERR1203383	PE	1	5	0	5	5	98304188	117964892	19660704	87771	2.367674
ERR1203383	PE	1	5	1	6	0	117964892	137625820	19660928	87772	2.169273
ERR1203383	PE	1	5	2	13	1	255590496	275251392	19660896	86232	1.800984
ERR1203383	PE	1	5	3	20	2	393216084	412876980	19660896	86232	1.800217
ERR1203383	PE	1	5	4	27	3	530841672	550502568	19660896	86232	1.822614
ERR1203383	PE	1	5	5	34	4	668467260	688128156	19660896	86232	2.449568
ERR1203383	PE	1	5	6	41	5	806092848	825753744	19660896	86232	2.141873
ERR1203383	PE	1	5	7	42	0	825753744	845414412	19660668	86231	2.097567
ERR1203383	PE	1	5	8	49	1	963379332	983040000	19660668	86231	2.005699
ERR1203383	PE	1	5	9	56	2	1101004920	1120665816	19660896	86232	1.785173
ERR1203383	PE	1	5	10	63	3	1238630508	1258291404	19660896	86232	1.926069
ERR1203383	PE	1	5	11	70	4	1376256096	1395916992	19660896	86232	1.948379
ERR1203383	PE	1	5	12	77	5	1513881684	1533542580	19660896	86232	2.069191
ERR1203383	PE	1	5	13	78	0	1533542580	1553203248	19660668	86231	1.654975
ERR1203383	PE	1	5	14	85	1	1671168168	1690828836	19660668	86231	1.687952
ERR1203383	PE	1	5	15	92	2	1808793756	1828454424	19660668	86231	1.849077
ERR1203383	PE	1	5	16	99	3	1946419344	1966080012	19660668	86231	1.667866
ERR1203383	PE	1	5	17	106	4	2084044932	2103705600	19660668	86231	1.706825
ERR1203383	PE	1	2	44	263	5	3489792084	3491020988	1228904	5297	3.219516
ERR1203383	PE	1	2	45	264	0	3491020988	3492249660	1228672	5296	2.952057
ERR1203383	PE	1	2	19	119	5	2339635380	2359296220	19660840	84745	1.826309
ERR1203383	PE	1	2	20	120	0	2359296220	2378956828	19660608	84744	1.825047
ERR1203383	PE	1	2	21	127	1	2496921636	2516582476	19660840	84745	1.845737
ERR1203383	PE	1	2	22	134	2	2634547284	2654208124	19660840	84745	1.648539
ERR1203383	PE	1	2	23	141	3	2772172932	2791833772	19660840	84745	1.599534
ERR1203383	PE	1	2	24	148	4	2909798580	2929459420	19660840	84745	2.045676
ERR1203383	PE	1	2	25	155	5	3047424228	3067084836	19660608	84744	1.706857
ERR1203383	PE	1	2	26	156	0	3067084836	3086745676	19660840	84745	1.659735
ERR1203383	PE	1	2	27	163	1	3160473652	3165388804	4915152	21186	0.530325
ERR1203383	PE	1	2	28	170	2	3194880180	3199795332	4915152	21186	0.555206
ERR1203383	PE	1	2	29	177	3	3229286476	3234201628	4915152	21186	0.493099
ERR1203383	PE	1	2	30	184	4	3263693004	3268608156	4915152	21186	0.516251
ERR1203383	PE	1	2	31	191	5	3298099300	3303014452	4915152	21186	0.433308
ERR1203383	PE	1	2	32	192	0	3303014452	3307929604	4915152	21186	0.49303
ERR1203383	PE	1	2	33	199	1	3337420980	3342336132	4915152	21186	0.69916
ERR1203383	PE	1	2	34	206	2	3371827276	3376742428	4915152	21186	0.540456
ERR1203383	PE	1	2	35	213	3	3406233804	3411148956	4915152	21186	0.867734
ERR1203383	PE	1	2	36	220	4	3436953620	3438182524	1228904	5297	0.228972
ERR1203383	PE	1	2	37	227	5	3445555252	3446784156	1228904	5297	0.251112
ERR1203383	PE	1	2	38	222	0	3439411428	3440640100	1228672	5296	0.312714
ERR1203383	PE	1	2	39	223	1	3440640100	3441869004	1228904	5297	0.260386
ERR1203383	PE	1	2	40	230	2	3449241732	3450470404	1228672	5296	0.379489
ERR1203383	PE	1	2	41	237	3	3457843364	3459072036	1228672	5296	0.117609
ERR1203383	PE	1	2	42	238	4	3459072036	3460300940	1228904	5297	0.136962
ERR1203383	PE	1	2	43	245	5	3467673668	3468902572	1228904	5297	1.985209
ERR1203383	PE	1	2	44	258	0	3483648028	3484876932	1228904	5297	1.257173
ERR1203383	PE	1	2	45	265	1	3492249660	3493478564	1228904	5297	3.315028
ERR1203383	PE	1	2	46	270	0	3498393716	3499281348	887632	3826	1.078124
ERR1203383	PE	1	4	19	114	0	2241331416	2260992084	19660668	86231	2.111559
ERR1203383	PE	1	4	20	121	1	2378956828	2398617668	19660840	84745	1.672616
ERR1203383	PE	1	4	21	128	2	2516582476	2536243316	19660840	84745	1.858749
ERR1203383	PE	1	4	22	135	3	2654208124	2673868964	19660840	84745	1.836808
ERR1203383	PE	1	4	23	142	4	2791833772	2811494612	19660840	84745	1.766888
ERR1203383	PE	1	4	24	149	5	2929459420	2949120028	19660608	84744	1.715259
ERR1203383	PE	1	4	25	150	0	2949120028	2968780868	19660840	84745	1.716799
ERR1203383	PE	1	4	26	157	1	3086745676	3106406516	19660840	84745	1.68767
ERR1203383	PE	1	4	27	164	2	3165388804	3170304188	4915384	21187	0.533588
ERR1203383	PE	1	4	28	165	3	3170304188	3175219340	4915152	21186	0.424408
ERR1203383	PE	1	4	29	172	4	3204710484	3209625636	4915152	21186	0.47281
ERR1203383	PE	1	4	30	179	5	3239117012	3244032164	4915152	21186	0.596282
ERR1203383	PE	1	4	31	180	0	3244032164	3248947316	4915152	21186	0.453598
ERR1203383	PE	1	4	32	187	1	3278438460	3283353612	4915152	21186	0.550255
ERR1203383	PE	1	4	33	194	2	3312844988	3317760140	4915152	21186	0.48697
ERR1203383	PE	1	4	34	201	3	3347251284	3352166436	4915152	21186	0.569505
ERR1203383	PE	1	4	35	208	4	3381657812	3386572964	4915152	21186	0.542426
ERR1203383	PE	1	4	36	215	5	3416064108	3420979260	4915152	21186	0.630461
ERR1203383	PE	1	4	37	210	0	3391488116	3396403268	4915152	21186	0.479261
ERR1203383	PE	1	4	38	217	1	3425894412	3430809796	4915384	21187	0.642859
ERR1203383	PE	1	4	39	224	2	3441869004	3443097676	1228672	5296	0.226265
ERR1203383	PE	1	4	40	231	3	3450470404	3451699308	1228904	5297	0.306368
ERR1203383	PE	1	4	41	244	4	3466444996	3467673668	1228672	5296	0.127931
ERR1203383	PE	1	4	42	251	5	3475046628	3476275300	1228672	5296	0.856449
ERR1203383	PE	1	4	43	252	0	3476275300	3477504204	1228904	5297	0.286206
ERR1203383	PE	1	4	44	253	1	3477504204	3478732876	1228672	5296	0.290412
ERR1203383	PE	1	4	45	260	2	3486105604	3487334508	1228904	5297	4.568121
ERR1203383	PE	1	4	46	267	3	3494707236	3495936140	1228904	5297	3.84626
ERR1203383	SE	1	0	0	0	0	0	19660976	19660976	89570	1.292392
ERR1203383	SE	1	0	1	7	1	137625820	157286524	19660704	87771	0.820441
ERR1203383	SE	1	0	2	14	2	275251392	294912060	19660668	86231	0.82068
ERR1203383	SE	1	0	3	21	3	412876980	432537648	19660668	86231	0.842123
ERR1203383	SE	1	0	4	28	4	550502568	570163236	19660668	86231	0.795146
ERR1203383	SE	1	0	5	35	5	688128156	707788824	19660668	86231	0.789354
ERR1203383	SE	1	0	6	36	0	707788824	727449720	19660896	86232	0.769824
ERR1203383	SE	1	0	7	43	1	845414412	865075308	19660896	86232	0.865587
ERR1203383	SE	1	0	8	50	2	983040000	1002700896	19660896	86232	0.851539
ERR1203383	SE	1	0	9	57	3	1120665816	1140326484	19660668	86231	0.718088
ERR1203383	SE	1	0	10	64	4	1258291404	1277952072	19660668	86231	0.837332
ERR1203383	SE	1	0	11	71	5	1395916992	1415577660	19660668	86231	0.81206
ERR1203383	SE	1	0	12	72	0	1415577660	1435238556	19660896	86232	0.792595
ERR1203383	SE	1	0	13	79	1	1553203248	1572864144	19660896	86232	0.843736
ERR1203383	SE	1	0	14	86	2	1690828836	1710489732	19660896	86232	0.844302
ERR1203383	SE	1	0	15	93	3	1828454424	1848115320	19660896	86232	0.753318
ERR1203383	SE	1	0	16	100	4	1966080012	1985740908	19660896	86232	0.821996
ERR1203383	SE	1	0	17	107	5	2103705600	2123366496	19660896	86232	0.745574
ERR1203383	SE	1	0	18	108	0	2123366496	2143027392	19660896	86232	0.821279
ERR1203383	SE	1	0	19	115	1	2260992084	2280652860	19660776	85846	0.873981
ERR1203383	SE	1	0	20	122	2	2398617668	2418278508	19660840	84745	0.85773
ERR1203383	SE	1	0	21	129	3	2536243316	2555904156	19660840	84745	0.681957
ERR1203383	SE	1	0	22	136	4	2673868964	2693529804	19660840	84745	0.778978
ERR1203383	SE	1	0	23	143	5	2811494612	2831155220	19660608	84744	0.780475
ERR1203383	SE	1	0	24	144	0	2831155220	2850816060	19660840	84745	0.752939
ERR1203383	SE	1	0	25	151	1	2968780868	2988441708	19660840	84745	0.782649
ERR1203383	SE	1	0	26	158	2	3106406516	3126067356	19660840	84745	0.825274
ERR1203383	SE	1	0	27	183	3	3258777620	3263693004	4915384	21187	0.216462
ERR1203383	SE	1	0	28	190	4	3293184148	3298099300	4915152	21186	0.224516
ERR1203383	SE	1	0	29	197	5	3327590444	3332505828	4915384	21187	0.203866
ERR1203383	SE	1	0	30	198	0	3332505828	3337420980	4915152	21186	0.286536
ERR1203383	SE	1	0	31	205	1	3366912124	3371827276	4915152	21186	0.227543
ERR1203383	SE	1	0	32	212	2	3401318420	3406233804	4915384	21187	0.280282
ERR1203383	SE	1	0	33	219	3	3435724948	3436953620	1228672	5296	0.13011
ERR1203383	SE	1	0	34	226	4	3444326580	3445555252	1228672	5296	0.083866
ERR1203383	SE	1	0	35	233	5	3452928212	3454156884	1228672	5296	0.10168
ERR1203383	SE	1	0	36	234	0	3454156884	3455385788	1228904	5297	0.099818
ERR1203383	SE	1	0	37	241	1	3462758516	3463987420	1228904	5297	0.088848
ERR1203383	SE	1	0	38	248	2	3471360148	3472588820	1228672	5296	0.138267
ERR1203383	SE	1	0	39	255	3	3479961780	3481190452	1228672	5296	0.879391
ERR1203383	SE	1	0	40	268	4	3495936140	3497164812	1228672	5296	0.589555
ERR1203383	SE	1	1	0	1	1	19660976	39321628	19660652	87957	1.302448
ERR1203383	SE	1	1	1	8	2	157286524	176947228	19660704	87771	0.831767
ERR1203383	SE	1	1	2	15	3	294912060	314572956	19660896	86232	0.775272
ERR1203383	SE	1	1	3	22	4	432537648	452198544	19660896	86232	0.820531
ERR1203383	SE	1	1	4	29	5	570163236	589824132	19660896	86232	0.774047
ERR1203383	SE	1	1	5	30	0	589824132	609484800	19660668	86231	0.829389
ERR1203383	SE	1	1	6	37	1	727449720	747110616	19660896	86232	0.823858
ERR1203383	SE	1	1	7	44	2	865075308	884736204	19660896	86232	0.839212
ERR1203383	SE	1	1	8	51	3	1002700896	1022361792	19660896	86232	0.861387
ERR1203383	SE	1	1	9	58	4	1140326484	1159987380	19660896	86232	0.749497
ERR1203383	SE	1	1	10	65	5	1277952072	1297612968	19660896	86232	0.840027
ERR1203383	SE	1	1	11	66	0	1297612968	1317273636	19660668	86231	0.925485
ERR1203383	SE	1	1	12	73	1	1435238556	1454899224	19660668	86231	0.832446
ERR1203383	SE	1	1	13	80	2	1572864144	1592524812	19660668	86231	0.820319
ERR1203383	SE	1	1	14	87	3	1710489732	1730150400	19660668	86231	0.886169
ERR1203383	SE	1	1	15	94	4	1848115320	1867776216	19660896	86232	0.76358
ERR1203383	SE	1	1	16	101	5	1985740908	2005401804	19660896	86232	0.79911
ERR1203383	SE	1	1	17	102	0	2005401804	2025062472	19660668	86231	0.739763
ERR1203383	SE	1	1	18	109	1	2143027392	2162688060	19660668	86231	0.849739
ERR1203383	SE	1	1	19	116	2	2280652860	2300313700	19660840	84745	0.765716
ERR1203383	SE	1	1	20	123	3	2418278508	2437939348	19660840	84745	0.786796
ERR1203383	SE	1	1	21	130	4	2555904156	2575564996	19660840	84745	0.856538
ERR1203383	SE	1	1	22	137	5	2693529804	2713190412	19660608	84744	0.723175
ERR1203383	SE	1	1	23	138	0	2713190412	2732851252	19660840	84745	0.771797
ERR1203383	SE	1	1	24	145	1	2850816060	2870476900	19660840	84745	0.74036
ERR1203383	SE	1	1	25	152	2	2988441708	3008102548	19660840	84745	0.773556
ERR1203383	SE	1	1	26	159	3	3126067356	3145728196	19660840	84745	0.784477
ERR1203383	SE	1	1	27	166	4	3175219340	3180134492	4915152	21186	0.220748
ERR1203383	SE	1	1	28	173	5	3209625636	3214541020	4915384	21187	0.195028
ERR1203383	SE	1	1	29	174	0	3214541020	3219456172	4915152	21186	0.198509
ERR1203383	SE	1	1	30	181	1	3248947316	3253862468	4915152	21186	0.230601
ERR1203383	SE	1	1	31	188	2	3283353612	3288268996	4915384	21187	0.203511
ERR1203383	SE	1	1	32	195	3	3317760140	3322675292	4915152	21186	0.214672
ERR1203383	SE	1	1	33	202	4	3352166436	3357081820	4915384	21187	0.234607
ERR1203383	SE	1	1	34	209	5	3386572964	3391488116	4915152	21186	0.673448
ERR1203383	SE	1	1	35	210	0	3391488116	3396403268	4915152	21186	0.214731
ERR1203383	SE	1	1	36	217	1	3425894412	3430809796	4915384	21187	0.246123
ERR1203383	SE	1	1	37	224	2	3441869004	3443097676	1228672	5296	0.093058
ERR1203383	SE	1	1	38	231	3	3450470404	3451699308	1228904	5297	0.107268
ERR1203383	SE	1	1	39	244	4	3466444996	3467673668	1228672	5296	0.073784
ERR1203383	SE	1	1	40	251	5	3475046628	3476275300	1228672	5296	0.251111
ERR1203383	SE	1	1	41	246	0	3468902572	3470131244	1228672	5296	0.117601
ERR1203383	SE	1	1	42	253	1	3477504204	3478732876	1228672	5296	0.102028
ERR1203383	SE	1	1	43	260	2	3486105604	3487334508	1228904	5297	0.862521
ERR1203383	SE	1	1	44	270	0	3498393716	3499281348	887632	3826	0.184161
ERR1203383	SE	1	2	0	2	2	39321628	58982556	19660928	87772	1.299676
ERR1203383	SE	1	2	1	9	3	176947228	196608156	19660928	87772	0.800661
ERR1203383	SE	1	2	2	16	4	314572956	334233624	19660668	86231	0.811078
ERR1203383	SE	1	2	3	23	5	452198544	471859212	19660668	86231	0.870543
ERR1203383	SE	1	2	4	24	0	471859212	491520108	19660896	86232	0.795209
ERR1203383	SE	1	2	5	31	1	609484800	629145696	19660896	86232	0.739677
ERR1203383	SE	1	2	6	38	2	747110616	766771284	19660668	86231	0.814618
ERR1203383	SE	1	2	7	45	3	884736204	904396872	19660668	86231	0.868549
ERR1203383	SE	1	2	8	52	4	1022361792	1042022460	19660668	86231	0.737426
ERR1203383	SE	1	2	9	59	5	1159987380	1179648048	19660668	86231	0.872157
ERR1203383	SE	1	2	10	60	0	1179648048	1199308944	19660896	86232	0.843905
ERR1203383	SE	1	2	11	67	1	1317273636	1336934532	19660896	86232	1.000652
ERR1203383	SE	1	2	12	74	2	1454899224	1474560120	19660896	86232	0.815415
ERR1203383	SE	1	2	13	81	3	1592524812	1612185708	19660896	86232	0.880728
ERR1203383	SE	1	2	14	88	4	1730150400	1749811296	19660896	86232	0.849656
ERR1203383	SE	1	2	15	95	5	1867776216	1887436884	19660668	86231	0.825742
ERR1203383	SE	1	2	16	96	0	1887436884	1907097780	19660896	86232	0.781202
ERR1203383	SE	1	2	17	103	1	2025062472	2044723368	19660896	86232	0.770364
ERR1203383	SE	1	2	18	110	2	2162688060	2182348956	19660896	86232	0.782126
ERR1203383	SE	1	2	19	117	3	2300313700	2319974540	19660840	84745	0.77636
ERR1203383	SE	1	2	20	124	4	2437939348	2457600188	19660840	84745	0.727556
ERR1203383	SE	1	2	21	131	5	2575564996	2595225604	19660608	84744	0.7974
ERR1203383	SE	1	2	22	132	0	2595225604	2614886444	19660840	84745	0.829976
ERR1203383	SE	1	2	23	139	1	2732851252	2752512092	19660840	84745	0.797792
ERR1203383	SE	1	2	24	146	2	2870476900	2890137740	19660840	84745	0.832553
ERR1203383	SE	1	2	25	153	3	3008102548	3027763388	19660840	84745	0.901276
ERR1203383	SE	1	2	26	160	4	3145728196	3150643348	4915152	21186	0.257766
ERR1203383	SE	1	2	27	167	5	3180134492	3185049644	4915152	21186	0.238716
ERR1203383	SE	1	2	28	168	0	3185049644	3189965028	4915384	21187	0.222824
ERR1203383	SE	1	2	29	175	1	3219456172	3224371324	4915152	21186	0.269326
ERR1203383	SE	1	2	30	182	2	3253862468	3258777620	4915152	21186	0.228992
ERR1203383	SE	1	2	31	189	3	3288268996	3293184148	4915152	21186	0.215491
ERR1203383	SE	1	2	32	196	4	3322675292	3327590444	4915152	21186	0.220729
ERR1203383	SE	1	2	33	203	5	3357081820	3361996972	4915152	21186	0.259958
ERR1203383	SE	1	2	34	204	0	3361996972	3366912124	4915152	21186	0.254939
ERR1203383	SE	1	2	35	211	1	3396403268	3401318420	4915152	21186	0.227928
ERR1203383	SE	1	2	36	218	2	3430809796	3435724948	4915152	21186	0.244263
ERR1203383	SE	1	2	37	225	3	3443097676	3444326580	1228904	5297	0.091262
ERR1203383	SE	1	2	38	232	4	3451699308	3452928212	1228904	5297	0.077199
ERR1203383	SE	1	2	39	239	5	3460300940	3461529612	1228672	5296	0.084839
ERR1203383	SE	1	2	40	240	0	3461529612	3462758516	1228904	5297	0.076995
ERR1203383	SE	1	2	41	247	1	3470131244	3471360148	1228904	5297	0.10711
ERR1203383	SE	1	2	42	254	2	3478732876	3479961780	1228904	5297	0.174586
ERR1203383	SE	1	2	43	261	3	3487334508	3488563412	1228904	5297	0.525314
ERR1203383	SE	1	2	44	262	4	3488563412	3489792084	1228672	5296	0.621119
ERR1203383	SE	1	2	45	269	5	3497164812	3498393716	1228904	5297	0.345183
ERR1203383	SE	1	3	0	3	3	58982556	78643260	19660704	87771	1.289988
ERR1203383	SE	1	3	1	10	4	196608156	216268860	19660704	87771	0.751171
ERR1203383	SE	1	3	2	17	5	334233624	353894520	19660896	86232	0.766952
ERR1203383	SE	1	3	3	18	0	353894520	373555416	19660896	86232	0.807784
ERR1203383	SE	1	3	4	25	1	491520108	511181004	19660896	86232	0.739608
ERR1203383	SE	1	3	5	32	2	629145696	648806592	19660896	86232	0.718755
ERR1203383	SE	1	3	6	39	3	766771284	786432180	19660896	86232	0.797864
ERR1203383	SE	1	3	7	46	4	904396872	924057768	19660896	86232	0.902205
ERR1203383	SE	1	3	8	53	5	1042022460	1061683356	19660896	86232	0.808133
ERR1203383	SE	1	3	9	54	0	1061683356	1081344024	19660668	86231	0.77739
ERR1203383	SE	1	3	10	61	1	1199308944	1218969612	19660668	86231	0.813744
ERR1203383	SE	1	3	11	68	2	1336934532	1356595200	19660668	86231	0.777722
ERR1203383	SE	1	3	12	75	3	1474560120	1494221016	19660896	86232	1.120956
ERR1203383	SE	1	3	13	82	4	1612185708	1631846604	19660896	86232	0.796581
ERR1203383	SE	1	3	14	89	5	1749811296	1769472192	19660896	86232	0.769443
ERR1203383	SE	1	3	15	90	0	1769472192	1789132860	19660668	86231	0.808012
ERR1203383	SE	1	3	16	97	1	1907097780	1926758448	19660668	86231	0.763276
ERR1203383	SE	1	3	17	104	2	2044723368	2064384036	19660668	86231	0.761978
ERR1203383	SE	1	4	0	4	4	78643260	98304188	19660928	87772	1.241889
ERR1203383	SE	1	4	1	11	5	216268860	235929600	19660740	86802	0.771465
ERR1203383	SE	1	4	2	12	0	235929600	255590496	19660896	86232	0.796734
ERR1203383	SE	1	4	3	19	1	373555416	393216084	19660668	86231	0.835676
ERR1203383	SE	1	4	4	26	2	511181004	530841672	19660668	86231	0.812578
ERR1203383	SE	1	4	5	33	3	648806592	668467260	19660668	86231	0.804416
ERR1203383	SE	1	4	6	40	4	786432180	806092848	19660668	86231	0.85383
ERR1203383	SE	1	4	7	47	5	924057768	943718436	19660668	86231	0.860731
ERR1203383	SE	1	4	8	48	0	943718436	963379332	19660896	86232	0.831058
ERR1203383	SE	1	4	9	55	1	1081344024	1101004920	19660896	86232	0.840208
ERR1203383	SE	1	4	10	62	2	1218969612	1238630508	19660896	86232	0.77727
ERR1203383	SE	1	4	11	69	3	1356595200	1376256096	19660896	86232	0.800888
ERR1203383	SE	1	4	12	76	4	1494221016	1513881684	19660668	86231	0.879513
ERR1203383	SE	1	4	13	83	5	1631846604	1651507272	19660668	86231	0.771243
ERR1203383	SE	1	4	14	84	0	1651507272	1671168168	19660896	86232	0.762347
ERR1203383	SE	1	4	15	91	1	1789132860	1808793756	19660896	86232	0.758504
ERR1203383	SE	1	4	16	98	2	1926758448	1946419344	19660896	86232	0.697797
ERR1203383	SE	1	4	17	105	3	2064384036	2084044932	19660896	86232	0.837512
ERR1203383	SE	1	4	18	112	3	2182348956	2202009624	19660668	86231	0.792462
ERR1203383	SE	1	4	19	118	4	2319974540	2339635380	19660840	84745	0.853804
ERR1203383	SE	1	4	20	125	5	2457600188	2477261028	19660840	84745	0.778807
ERR1203383	SE	1	4	21	126	0	2477261028	2496921636	19660608	84744	0.75902
ERR1203383	SE	1	4	22	133	1	2614886444	2634547284	19660840	84745	0.760775
ERR1203383	SE	1	4	23	140	2	2752512092	2772172932	19660840	84745	0.752994
ERR1203383	SE	1	4	24	147	3	2890137740	2909798580	19660840	84745	0.837449
ERR1203383	SE	1	4	25	154	4	3027763388	3047424228	19660840	84745	0.784185
ERR1203383	SE	1	4	26	161	5	3150643348	3155558500	4915152	21186	0.233636
ERR1203383	SE	1	4	27	162	0	3155558500	3160473652	4915152	21186	0.230622
ERR1203383	SE	1	4	28	163	1	3160473652	3165388804	4915152	21186	0.255309
ERR1203383	SE	1	4	29	164	2	3165388804	3170304188	4915384	21187	0.242556
ERR1203383	SE	1	4	30	165	3	3170304188	3175219340	4915152	21186	0.214607
ERR1203383	SE	1	4	31	172	4	3204710484	3209625636	4915152	21186	0.215047
ERR1203383	SE	1	4	32	179	5	3239117012	3244032164	4915152	21186	0.237211
ERR1203383	SE	1	4	33	180	0	3244032164	3248947316	4915152	21186	0.215449
ERR1203383	SE	1	4	34	187	1	3278438460	3283353612	4915152	21186	0.243871
ERR1203383	SE	1	4	35	194	2	3312844988	3317760140	4915152	21186	0.236028
ERR1203383	SE	1	4	36	201	3	3347251284	3352166436	4915152	21186	0.237094
ERR1203383	SE	1	4	37	208	4	3381657812	3386572964	4915152	21186	0.245704
ERR1203383	SE	1	4	38	215	5	3416064108	3420979260	4915152	21186	0.235903
ERR1203383	SE	1	4	39	216	0	3420979260	3425894412	4915152	21186	0.232457
ERR1203383	SE	1	4	40	229	1	3448012828	3449241732	1228904	5297	0.115396
ERR1203383	SE	1	4	41	236	2	3456614460	3457843364	1228904	5297	0.078504
ERR1203383	SE	1	4	42	243	3	3465216092	3466444996	1228904	5297	0.091596
ERR1203383	SE	1	4	43	250	4	3473817724	3475046628	1228904	5297	0.118626
ERR1203383	SE	1	4	44	257	5	3482419356	3483648028	1228672	5296	0.151639
ERR1203383	SE	1	4	45	258	0	3483648028	3484876932	1228904	5297	0.324081
ERR1203383	SE	1	4	46	265	1	3492249660	3493478564	1228904	5297	0.547625
ERR1203383	SE	1	4	47	267	3	3494707236	3495936140	1228904	5297	0.760734
ERR1203383	SE	1	4	19	119	5	2339635380	2359296220	19660840	84745	0.764585
ERR1203383	SE	1	4	20	120	0	2359296220	2378956828	19660608	84744	0.792265
ERR1203383	SE	1	4	21	127	1	2496921636	2516582476	19660840	84745	0.793472
ERR1203383	SE	1	4	22	134	2	2634547284	2654208124	19660840	84745	0.76253
ERR1203383	SE	1	4	23	141	3	2772172932	2791833772	19660840	84745	0.733297
ERR1203383	SE	1	4	24	148	4	2909798580	2929459420	19660840	84745	0.828285
ERR1203383	SE	1	4	25	155	5	3047424228	3067084836	19660608	84744	0.777879
ERR1203383	SE	1	4	26	156	0	3067084836	3086745676	19660840	84745	0.74011
ERR1203383	SE	1	4	27	169	1	3189965028	3194880180	4915152	21186	0.212259
ERR1203383	SE	1	4	28	170	2	3194880180	3199795332	4915152	21186	0.228339
ERR1203383	SE	1	4	29	171	3	3199795332	3204710484	4915152	21186	0.258494
ERR1203383	SE	1	4	30	178	4	3234201628	3239117012	4915384	21187	0.216939
ERR1203383	SE	1	4	31	185	5	3268608156	3273523308	4915152	21186	0.222373
ERR1203383	SE	1	4	32	186	0	3273523308	3278438460	4915152	21186	0.223738
ERR1203383	SE	1	4	33	193	1	3307929604	3312844988	4915384	21187	0.214778
ERR1203383	SE	1	4	34	200	2	3342336132	3347251284	4915152	21186	0.218122
ERR1203383	SE	1	4	35	207	3	3376742428	3381657812	4915384	21187	0.23691
ERR1203383	SE	1	4	36	214	4	3411148956	3416064108	4915152	21186	0.230053
ERR1203383	SE	1	4	37	221	5	3438182524	3439411428	1228904	5297	0.092287
ERR1203383	SE	1	4	38	222	0	3439411428	3440640100	1228672	5296	0.103832
ERR1203383	SE	1	4	39	223	1	3440640100	3441869004	1228904	5297	0.097381
ERR1203383	SE	1	4	40	230	2	3449241732	3450470404	1228672	5296	0.105078
ERR1203383	SE	1	4	41	237	3	3457843364	3459072036	1228672	5296	0.072195
ERR1203383	SE	1	4	42	238	4	3459072036	3460300940	1228904	5297	0.084091
ERR1203383	SE	1	4	43	245	5	3467673668	3468902572	1228904	5297	0.301948
ERR1203383	SE	1	4	44	252	0	3476275300	3477504204	1228904	5297	0.124664
ERR1203383	SE	1	4	45	259	1	3484876932	3486105604	1228672	5296	0.459034
ERR1203383	SE	1	4	46	266	2	3493478564	3494707236	1228672	5296	0.582188
ERR1203383	SE	1	5	0	5	5	98304188	117964892	19660704	87771	1.319505
ERR1203383	SE	1	5	1	6	0	117964892	137625820	19660928	87772	0.866482
ERR1203383	SE	1	5	2	13	1	255590496	275251392	19660896	86232	0.786084
ERR1203383	SE	1	5	3	20	2	393216084	412876980	19660896	86232	0.769327
ERR1203383	SE	1	5	4	27	3	530841672	550502568	19660896	86232	0.758828
ERR1203383	SE	1	5	5	34	4	668467260	688128156	19660896	86232	0.888089
ERR1203383	SE	1	5	6	41	5	806092848	825753744	19660896	86232	0.85942
ERR1203383	SE	1	5	7	42	0	825753744	845414412	19660668	86231	0.854536
ERR1203383	SE	1	5	8	49	1	963379332	983040000	19660668	86231	0.846833
ERR1203383	SE	1	5	9	56	2	1101004920	1120665816	19660896	86232	0.803094
ERR1203383	SE	1	5	10	63	3	1238630508	1258291404	19660896	86232	0.795845
ERR1203383	SE	1	5	11	70	4	1376256096	1395916992	19660896	86232	0.811754
ERR1203383	SE	1	5	12	77	5	1513881684	1533542580	19660896	86232	0.848372
ERR1203383	SE	1	5	13	78	0	1533542580	1553203248	19660668	86231	0.755367
ERR1203383	SE	1	5	14	85	1	1671168168	1690828836	19660668	86231	0.71095
ERR1203383	SE	1	5	15	92	2	1808793756	1828454424	19660668	86231	0.82886
ERR1203383	SE	1	5	16	99	3	1946419344	1966080012	19660668	86231	0.757439
ERR1203383	SE	1	5	17	106	4	2084044932	2103705600	19660668	86231	0.785995
ERR1203383	SE	1	5	18	113	5	2221670520	2241331416	19660896	86232	0.807866
ERR1203383	SE	1	5	19	114	0	2241331416	2260992084	19660668	86231	0.832728
ERR1203383	SE	1	5	20	121	1	2378956828	2398617668	19660840	84745	0.751613
ERR1203383	SE	1	5	21	128	2	2516582476	2536243316	19660840	84745	0.76106
ERR1203383	SE	1	5	22	135	3	2654208124	2673868964	19660840	84745	0.80296
ERR1203383	SE	1	5	23	142	4	2791833772	2811494612	19660840	84745	0.777474
ERR1203383	SE	1	5	24	149	5	2929459420	2949120028	19660608	84744	0.761886
ERR1203383	SE	1	5	25	150	0	2949120028	2968780868	19660840	84745	0.75756
ERR1203383	SE	1	5	26	157	1	3086745676	3106406516	19660840	84745	0.758683
ERR1203383	SE	1	5	27	176	2	3224371324	3229286476	4915152	21186	0.254079
ERR1203383	SE	1	5	28	177	3	3229286476	3234201628	4915152	21186	0.263898
ERR1203383	SE	1	5	29	184	4	3263693004	3268608156	4915152	21186	0.21881
ERR1203383	SE	1	5	30	191	5	3298099300	3303014452	4915152	21186	0.211035
ERR1203383	SE	1	5	31	192	0	3303014452	3307929604	4915152	21186	0.232967
ERR1203383	SE	1	5	32	199	1	3337420980	3342336132	4915152	21186	0.25819
ERR1203383	SE	1	5	33	206	2	3371827276	3376742428	4915152	21186	0.219824
ERR1203383	SE	1	5	34	213	3	3406233804	3411148956	4915152	21186	0.287761
ERR1203383	SE	1	5	35	220	4	3436953620	3438182524	1228904	5297	0.103302
ERR1203383	SE	1	5	36	227	5	3445555252	3446784156	1228904	5297	0.091278
ERR1203383	SE	1	5	37	228	0	3446784156	3448012828	1228672	5296	0.100373
ERR1203383	SE	1	5	38	235	1	3455385788	3456614460	1228672	5296	0.112338
ERR1203383	SE	1	5	39	242	2	3463987420	3465216092	1228672	5296	0.095967
ERR1203383	SE	1	5	40	249	3	3472588820	3473817724	1228904	5297	0.13312
ERR1203383	SE	1	5	41	256	4	3481190452	3482419356	1228904	5297	0.255927
ERR1203383	SE	1	5	42	263	5	3489792084	3491020988	1228904	5297	0.551508
ERR1203383	SE	1	5	43	264	0	3491020988	3492249660	1228672	5296	0.52786
SRR2496709	PE	1	0	0	0	0	0	19660888	19660888	72446	2.423693
SRR2496709	PE	1	0	1	7	1	137625684	157286544	19660860	71235	2.009609
SRR2496709	PE	1	0	2	14	2	275251428	294912264	19660836	70233	1.402014
SRR2496709	PE	1	0	3	21	3	412876824	432537864	19661040	70218	2.389515
SRR2496709	PE	1	0	4	22	4	432537864	452198624	19660760	70217	1.850868
SRR2496709	PE	1	0	5	29	5	570163464	589824224	19660760	70217	2.190503
SRR2496709	PE	1	0	6	30	0	589824224	609484984	19660760	70217	1.831401
SRR2496709	PE	1	0	7	37	1	727449824	747110584	19660760	70217	2.04321
SRR2496709	PE	1	0	8	44	2	865075424	884736184	19660760	70217	1.659987
SRR2496709	PE	1	0	9	51	3	1002701024	1022361784	19660760	70217	2.754857
SRR2496709	PE	1	0	10	58	4	1140326624	1159987384	19660760	70217	2.166727
SRR2496709	PE	1	0	11	65	5	1277952224	1297612984	19660760	70217	1.488361
SRR2496709	PE	1	0	12	66	0	1297612984	1317273744	19660760	70217	1.693198
SRR2496709	PE	1	0	13	73	1	1435238584	1454899344	19660760	70217	1.659447
SRR2496709	PE	1	0	14	80	2	1572864184	1592524944	19660760	70217	1.625722
SRR2496709	PE	1	0	15	87	3	1710489784	1730150544	19660760	70217	1.908453
SRR2496709	PE	1	0	16	88	4	1730150544	1749811304	19660760	70217	2.351051
SRR2496709	PE	1	0	17	95	5	1867776144	1887436904	19660760	70217	1.768837
SRR2496709	PE	1	0	18	96	0	1887436904	1907097664	19660760	70217	2.456313
SRR2496709	PE	1	0	19	103	1	2025062504	2044723264	19660760	70217	1.908006
SRR2496709	PE	1	0	20	110	2	2162688104	2182348864	19660760	70217	1.980001
SRR2496709	PE	1	0	21	117	3	2300313704	2319974464	19660760	70217	1.729297
SRR2496709	PE	1	0	22	124	4	2437939304	2457600064	19660760	70217	1.648663
SRR2496709	PE	1	0	23	131	5	2575564904	2595225664	19660760	70217	1.695789
SRR2496709	PE	1	0	24	132	0	2595225664	2614886424	19660760	70217	1.465706
SRR2496709	PE	1	0	25	133	1	2614886424	2634547464	19661040	70218	1.696297
SRR2496709	PE	1	0	26	140	2	2752512024	2772173064	19661040	70218	2.550861
SRR2496709	PE	1	0	27	147	3	2890137812	2909798564	19660752	69228	1.409816
SRR2496709	PE	1	0	28	154	4	3027763360	3047424112	19660752	69228	1.873961
SRR2496709	PE	1	0	29	161	5	3165388908	3170304096	4915188	17307	0.419011
SRR2496709	PE	1	0	30	162	0	3170304096	3175219284	4915188	17307	0.452619
SRR2496709	PE	1	1	0	1	1	19660888	39321660	19660772	71634	2.063682
SRR2496709	PE	1	1	1	8	2	157286544	176947404	19660860	71235	1.59637
SRR2496709	PE	1	1	2	15	3	294912264	314573024	19660760	70217	8.333578
SRR2496709	PE	1	1	3	28	4	550502424	570163464	19661040	70218	1.803214
SRR2496709	PE	1	1	4	35	5	688128024	707789064	19661040	70218	2.303525
SRR2496709	PE	1	1	5	36	0	707789064	727449824	19660760	70217	1.656925
SRR2496709	PE	1	1	6	43	1	845414664	865075424	19660760	70217	1.919462
SRR2496709	PE	1	1	7	50	2	983040264	1002701024	19660760	70217	1.761976
SRR2496709	PE	1	1	8	57	3	1120665864	1140326624	19660760	70217	2.156241
SRR2496709	PE	1	1	9	64	4	1258291464	1277952224	19660760	70217	2.11008
SRR2496709	PE	1	1	10	71	5	1395917064	1415577824	19660760	70217	1.698275
SRR2496709	PE	1	1	11	72	0	1415577824	1435238584	19660760	70217	1.744229
SRR2496709	PE	1	1	12	79	1	1553203424	1572864184	19660760	70217	2.764104
SRR2496709	PE	1	1	13	86	2	1690829024	1710489784	19660760	70217	1.621221
SRR2496709	PE	1	1	14	93	3	1828454624	1848115384	19660760	70217	4.835482
SRR2496709	PE	1	1	15	100	4	1966080224	1985740984	19660760	70217	9.438087
SRR2496709	PE	1	1	16	119	5	2339635224	2359296264	19661040	70218	2.023556
SRR2496709	PE	1	1	17	120	0	2359296264	2378957024	19660760	70217	2.348621
SRR2496709	PE	1	2	0	2	2	39321660	58982520	19660860	71235	2.106194
SRR2496709	PE	1	2	1	9	3	176947404	196608264	19660860	71235	1.680602
SRR2496709	PE	1	2	2	16	4	314573024	334233784	19660760	70217	2.384644
SRR2496709	PE	1	2	3	23	5	452198624	471859384	19660760	70217	1.586281
SRR2496709	PE	1	2	4	24	0	471859384	491520144	19660760	70217	1.604539
SRR2496709	PE	1	2	5	31	1	609484984	629145744	19660760	70217	2.424759
SRR2496709	PE	1	2	6	38	2	747110584	766771344	19660760	70217	1.943915
SRR2496709	PE	1	2	7	45	3	884736184	904396944	19660760	70217	2.480092
SRR2496709	PE	1	2	8	52	4	1022361784	1042022544	19660760	70217	2.739459
SRR2496709	PE	1	2	9	59	5	1159987384	1179648144	19660760	70217	2.383014
SRR2496709	PE	1	2	10	60	0	1179648144	1199308904	19660760	70217	1.493319
SRR2496709	PE	1	2	11	67	1	1317273744	1336934504	19660760	70217	1.937481
SRR2496709	PE	1	2	12	74	2	1454899344	1474560104	19660760	70217	1.660368
SRR2496709	PE	1	2	13	81	3	1592524944	1612185704	19660760	70217	8.222247
SRR2496709	PE	1	2	14	94	4	1848115384	1867776144	19660760	70217	1.913773
SRR2496709	PE	1	2	15	101	5	1985740984	2005401744	19660760	70217	1.385432
SRR2496709	PE	1	2	16	102	0	2005401744	2025062504	19660760	70217	2.096762
SRR2496709	PE	1	2	17	109	1	2143027344	2162688104	19660760	70217	1.622343
SRR2496709	PE	1	2	18	116	1	3204710412	3209625600	4915188	17307	0.716197
SRR2496709	PE	1	2	32	176	2	3239117012	3244032200	4915188	17307	0.372678
SRR2496709	PE	1	2	33	183	3	3273523328	3278438516	4915188	17307	0.609046
SRR2496709	PE	1	2	34	190	4	3307929644	3312844832	4915188	17307	0.377241
SRR2496709	PE	1	2	35	197	5	3342336244	3347251432	4915188	17307	0.445784
SRR2496709	PE	1	2	36	198	0	3347251432	3352166620	4915188	17307	0.403925
SRR2496709	PE	1	2	37	199	1	3352166620	3357081808	4915188	17307	0.423423
SRR2496709	PE	1	2	38	206	2	3386572936	3391488124	4915188	17307	0.37153
SRR2496709	PE	1	2	39	213	3	3420979252	3425894440	4915188	17307	0.387915
SRR2496709	PE	1	2	40	220	4	3455385852	3460301040	4915188	17307	0.656382
SRR2496709	PE	1	2	41	227	5	3478732924	3479961792	1228868	4327	0.115675
SRR2496709	PE	1	2	42	228	0	3479961792	3481190660	1228868	4327	0.122659
SRR2496709	PE	1	2	43	229	1	3481190660	3482419244	1228584	4326	0.139521
SRR2496709	PE	1	2	44	236	2	3489792168	3491021036	1228868	4327	0.235981
SRR2496709	PE	1	2	45	243	3	3498393676	3499622544	1228868	4327	0.130779
SRR2496709	PE	1	2	46	250	4	3506995468	3508224052	1228584	4326	0.126294
SRR2496709	PE	1	2	47	257	5	3515596976	3516825844	1228868	4327	0.132686
SRR2496709	PE	1	2	48	258	0	3516825844	3518054428	1228584	4326	0.117051
SRR2496709	PE	1	2	49	259	1	3518054428	3519283296	1228868	4327	0.115303
SRR2496709	PE	1	2	50	266	2	3526656220	3527884804	1228584	4326	0.221574
SRR2496709	PE	1	2	51	273	3	3535257728	3536060312	802584	2826	0.52079
SRR2496709	PE	1	2	19	134	2	2634547464	2654208224	19660760	70217	2.726622
SRR2496709	PE	1	2	20	141	3	2772173064	2791833824	19660760	70217	1.578244
SRR2496709	PE	1	2	21	148	4	2909798564	2929459316	19660752	69228	1.493071
SRR2496709	PE	1	2	22	155	5	3047424112	3067084864	19660752	69228	1.404409
SRR2496709	PE	1	2	23	156	0	3067084864	3086745616	19660752	69228	1.419946
SRR2496709	PE	1	2	24	163	1	3175219284	3180134472	4915188	17307	0.358342
SRR2496709	PE	1	2	25	164	2	3180134472	3185049660	4915188	17307	0.340318
SRR2496709	PE	1	2	26	165	3	3185049660	3189964848	4915188	17307	0.406578
SRR2496709	PE	1	2	27	166	4	3189964848	3194880036	4915188	17307	0.459407
SRR2496709	PE	1	2	28	173	5	3224371448	3229286636	4915188	17307	0.440066
SRR2496709	PE	1	2	29	174	0	3229286636	3234201824	4915188	17307	0.554542
SRR2496709	PE	1	2	30	181	1	3263692952	3268608140	4915188	17307	0.543544
SRR2496709	PE	1	2	31	188	2	3298099268	3303014456	4915188	17307	0.55697
SRR2496709	PE	1	2	32	195	3	3332505868	3337421056	4915188	17307	0.469358
SRR2496709	PE	1	2	33	202	4	3366912184	3371827372	4915188	17307	0.393927
SRR2496709	PE	1	2	34	209	5	3401318500	3406233688	4915188	17307	0.533596
SRR2496709	PE	1	2	35	210	0	3406233688	3411148876	4915188	17307	0.462345
SRR2496709	PE	1	2	36	211	1	3411148876	3416064064	4915188	17307	0.356489
SRR2496709	PE	1	2	37	218	2	3445555476	3450470664	4915188	17307	0.371388
SRR2496709	PE	1	2	38	225	3	3476275472	3477504056	1228584	4326	0.186842
SRR2496709	PE	1	2	39	232	4	3484876980	3486105848	1228868	4327	0.123074
SRR2496709	PE	1	2	40	239	5	3493478488	3494707356	1228868	4327	0.193336
SRR2496709	PE	1	2	41	240	0	3494707356	3495936224	1228868	4327	0.148379
SRR2496709	PE	1	2	42	247	1	3503308864	3504537732	1228868	4327	0.122783
SRR2496709	PE	1	2	43	254	2	3511910656	3513139240	1228584	4326	0.320127
SRR2496709	PE	1	2	44	261	3	3520512164	3521741032	1228868	4327	0.122991
SRR2496709	PE	1	2	45	268	4	3529113672	3530342540	1228868	4327	0.16156
SRR2496709	PE	1	2	46	271	1	3532800276	3534028860	1228584	4326	0.437436
SRR2496709	PE	1	2	19	123	3	2418278544	2437939304	19660760	70217	1.70018
SRR2496709	PE	1	2	20	130	4	2555904144	2575564904	19660760	70217	1.654327
SRR2496709	PE	1	2	21	137	5	2693529744	2713190504	19660760	70217	3.038153
SRR2496709	PE	1	2	22	138	0	2713190504	2732851264	19660760	70217	2.232951
SRR2496709	PE	1	2	23	145	1	2850816024	2870477060	19661036	69229	1.570931
SRR2496709	PE	1	2	24	152	2	2988441856	3008102608	19660752	69228	3.484648
SRR2496709	PE	1	2	25	159	3	3126067404	3145728156	19660752	69228	1.677947
SRR2496709	PE	1	2	26	184	4	3278438516	3283353704	4915188	17307	0.3937
SRR2496709	PE	1	2	27	191	5	3312844832	3317760020	4915188	17307	0.381373
SRR2496709	PE	1	2	28	192	0	3317760020	3322675208	4915188	17307	0.370634
SRR2496709	PE	1	2	29	193	1	3322675208	3327590680	4915472	17308	0.470669
SRR2496709	PE	1	2	30	200	2	3357081808	3361996996	4915188	17307	0.411304
SRR2496709	PE	1	2	31	207	3	3391488124	3396403312	4915188	17307	0.485844
SRR2496709	PE	1	2	32	214	4	3425894440	3430809628	4915188	17307	0.393534
SRR2496709	PE	1	2	33	221	5	3460301040	3465216228	4915188	17307	0.39803
SRR2496709	PE	1	2	34	222	0	3465216228	3470131416	4915188	17307	0.456897
SRR2496709	PE	1	2	35	235	1	3488563300	3489792168	1228868	4327	0.129991
SRR2496709	PE	1	2	36	242	2	3497164808	3498393676	1228868	4327	0.309964
SRR2496709	PE	1	2	37	249	3	3505766600	3506995468	1228868	4327	0.434442
SRR2496709	PE	1	2	38	262	4	3521741032	3522969616	1228584	4326	0.131934
SRR2496709	PE	1	2	39	269	5	3530342540	3531571408	1228868	4327	0.127742
SRR2496709	PE	1	2	40	270	0	3531571408	3532800276	1228868	4327	0.356472
SRR2496709	PE	1	3	0	3	3	58982520	78643380	19660860	71235	2.286768
SRR2496709	PE	1	3	1	10	4	196608264	216268848	19660584	71234	1.562001
SRR2496709	PE	1	3	2	17	5	334233784	353894544	19660760	70217	1.745428
SRR2496709	PE	1	3	3	18	0	353894544	373555304	19660760	70217	2.006466
SRR2496709	PE	1	3	4	25	1	491520144	511180904	19660760	70217	2.142403
SRR2496709	PE	1	3	5	32	2	629145744	648806504	19660760	70217	2.095751
SRR2496709	PE	1	3	6	39	3	766771344	786432104	19660760	70217	1.340772
SRR2496709	PE	1	3	7	40	4	786432104	806092864	19660760	70217	1.675123
SRR2496709	PE	1	3	8	47	5	924057704	943718464	19660760	70217	2.328899
SRR2496709	PE	1	3	9	48	0	943718464	963379224	19660760	70217	2.978408
SRR2496709	PE	1	3	10	55	1	1081344064	1101004824	19660760	70217	2.387186
SRR2496709	PE	1	3	11	62	2	1218969664	1238630424	19660760	70217	1.558815
SRR2496709	PE	1	3	12	69	3	1356595264	1376256024	19660760	70217	1.765429
SRR2496709	PE	1	3	13	76	4	1494220864	1513881624	19660760	70217	1.626744
SRR2496709	PE	1	3	14	77	5	1513881624	1533542664	19661040	70218	1.828773
SRR2496709	PE	1	3	15	78	0	1533542664	1553203424	19660760	70217	2.21797
SRR2496709	PE	1	3	16	85	1	1671168264	1690829024	19660760	70217	2.03555
SRR2496709	PE	1	3	17	92	2	1808793864	1828454624	19660760	70217	1.489579
SRR2496709	PE	1	-1	19	106	4	2084045064	2103705824	19660760	70217	2.020472
SRR2496709	PE	1	-1	20	107	5	2103705824	2123366584	19660760	70217	2.078974
SRR2496709	PE	1	-1	21	108	0	2123366584	2143027344	19660760	70217	5.093424
SRR2496709	PE	1	-1	22	121	1	2378957024	2398617784	19660760	70217	1.622362
SRR2496709	PE	1	-1	23	128	2	2516582624	2536243384	19660760	70217	1.998231
SRR2496709	PE	1	-1	24	135	3	2654208224	2673868984	19660760	70217	1.961848
SRR2496709	PE	1	-1	25	142	4	2791833824	2811494520	19660696	69415	1.413594
SRR2496709	PE	1	-1	26	149	5	2929459316	2949120068	19660752	69228	1.548684
SRR2496709	PE	1	-1	27	150	0	2949120068	2968780820	19660752	69228	1.652114
SRR2496709	PE	1	-1	28	157	1	3086745616	3106406652	19661036	69229	1.354913
SRR2496709	PE	1	-1	29	170	2	3209625600	3214541072	4915472	17308	0.684033
SRR2496709	PE	1	-1	30	177	3	3244032200	3248947388	4915188	17307	0.374404
SRR2496709	PE	1	-1	31	172	4	3219456260	3224371448	4915188	17307	0.416019
SRR2496709	PE	1	-1	32	179	5	3253862576	3258777764	4915188	17307	0.421747
SRR2496709	PE	1	-1	33	180	0	3258777764	3263692952	4915188	17307	5.11016
SRR2496709	PE	1	-1	34	223	1	3470131416	3475046604	4915188	17307	0.448306
SRR2496709	PE	1	-1	35	230	2	3482419244	3483648112	1228868	4327	0.128454
SRR2496709	PE	1	-1	36	237	3	3491021036	3492249620	1228584	4326	0.12563
SRR2496709	PE	1	-1	37	244	4	3499622544	3500851412	1228868	4327	0.121861
SRR2496709	PE	1	-1	38	251	5	3508224052	3509452920	1228868	4327	0.375494
SRR2496709	PE	1	-1	39	252	0	3509452920	3510681788	1228868	4327	0.119014
SRR2496709	PE	1	-1	40	265	1	3525427352	3526656220	1228868	4327	0.11568
SRR2496709	PE	1	-1	41	272	2	3534028860	3535257728	1228868	4327	0.418006
SRR2496709	PE	1	4	0	4	4	78643380	98304240	19660860	71235	2.525938
SRR2496709	PE	1	4	1	11	5	216268848	235929708	19660860	71235	1.784337
SRR2496709	PE	1	4	2	12	0	235929708	255590568	19660860	71235	1.936733
SRR2496709	PE	1	4	3	19	1	373555304	393216064	19660760	70217	2.060882
SRR2496709	PE	1	4	4	26	2	511180904	530841664	19660760	70217	2.290042
SRR2496709	PE	1	4	5	33	3	648806504	668467264	19660760	70217	1.650312
SRR2496709	PE	1	4	6	34	4	668467264	688128024	19660760	70217	2.035202
SRR2496709	PE	1	4	7	41	5	806092864	825753624	19660760	70217	1.900732
SRR2496709	PE	1	4	8	42	0	825753624	845414664	19661040	70218	2.265943
SRR2496709	PE	1	4	9	49	1	963379224	983040264	19661040	70218	3.298369
SRR2496709	PE	1	4	10	56	2	1101004824	1120665864	19661040	70218	2.109518
SRR2496709	PE	1	4	11	63	3	1238630424	1258291464	19661040	70218	1.60039
SRR2496709	PE	1	4	12	70	4	1376256024	1395917064	19661040	70218	3.536013
SRR2496709	PE	1	4	13	83	5	1631846464	1651507224	19660760	70217	1.979129
SRR2496709	PE	1	4	14	84	0	1651507224	1671168264	19661040	70218	2.205166
SRR2496709	PE	1	4	15	91	1	1789132824	1808793864	19661040	70218	1.766368
SRR2496709	PE	1	4	16	98	2	1926758424	1946419464	19661040	70218	1.454301
SRR2496709	PE	1	4	17	105	3	2064384024	2084045064	19661040	70218	1.688086
SRR2496709	PE	1	-1	19	113	5	2221670664	2241331424	19660760	70217	1.827778
SRR2496709	PE	1	-1	20	114	0	2241331424	2260992184	19660760	70217	1.456473
SRR2496709	PE	1	-1	21	115	1	2260992184	2280652944	19660760	70217	1.906714
SRR2496709	PE	1	-1	22	122	2	2398617784	2418278544	19660760	70217	1.415471
SRR2496709	PE	1	-1	23	129	3	2536243384	2555904144	19660760	70217	1.662809
SRR2496709	PE	1	-1	24	136	4	2673868984	2693529744	19660760	70217	2.704616
SRR2496709	PE	1	-1	25	143	5	2811494520	2831155272	19660752	69228	2.163832
SRR2496709	PE	1	-1	26	144	0	2831155272	2850816024	19660752	69228	2.145525
SRR2496709	PE	1	-1	27	151	1	2968780820	2988441856	19661036	69229	2.22053
SRR2496709	PE	1	-1	28	158	2	3106406652	3126067404	19660752	69228	1.726445
SRR2496709	PE	1	-1	29	171	3	3214541072	3219456260	4915188	17307	0.557322
SRR2496709	PE	1	-1	30	178	4	3248947388	3253862576	4915188	17307	0.506248
SRR2496709	PE	1	-1	31	185	5	3283353704	3288268892	4915188	17307	0.456119
SRR2496709	PE	1	-1	32	186	0	3288268892	3293184080	4915188	17307	0.562084
SRR2496709	PE	1	-1	33	187	1	3293184080	3298099268	4915188	17307	0.433418
SRR2496709	PE	1	-1	34	194	2	3327590680	3332505868	4915188	17307	0.355284
SRR2496709	PE	1	-1	35	201	3	3361996996	3366912184	4915188	17307	0.390359
SRR2496709	PE	1	-1	36	208	4	3396403312	3401318500	4915188	17307	0.389054
SRR2496709	PE	1	-1	37	215	5	3430809628	3435724816	4915188	17307	0.368614
SRR2496709	PE	1	-1	38	216	0	3435724816	3440640004	4915188	17307	0.361502
SRR2496709	PE	1	-1	39	217	1	3440640004	3445555476	4915472	17308	0.486221
SRR2496709	PE	1	-1	40	224	2	3475046604	3476275472	1228868	4327	0.224162
SRR2496709	PE	1	-1	41	231	3	3483648112	3484876980	1228868	4327	0.114911
SRR2496709	PE	1	-1	42	238	4	3492249620	3493478488	1228868	4327	0.103304
SRR2496709	PE	1	-1	43	245	5	3500851412	3502080280	1228868	4327	0.465577
SRR2496709	PE	1	-1	44	246	0	3502080280	3503308864	1228584	4326	0.117924
SRR2496709	PE	1	-1	45	253	1	3510681788	3511910656	1228868	4327	0.223527
SRR2496709	PE	1	-1	46	260	2	3519283296	3520512164	1228868	4327	0.108888
SRR2496709	PE	1	-1	47	267	3	3527884804	3529113672	1228868	4327	0.324664
SRR2496709	PE	1	5	0	5	5	98304240	117964824	19660584	71234	2.549884
SRR2496709	PE	1	5	1	6	0	117964824	137625684	19660860	71235	2.114075
SRR2496709	PE	1	5	2	13	1	255590568	275251428	19660860	71235	2.388017
SRR2496709	PE	1	5	3	20	2	393216064	412876824	19660760	70217	2.197003
SRR2496709	PE	1	5	4	27	3	530841664	550502424	19660760	70217	8.220463
SRR2496709	PE	1	5	5	46	4	904396944	924057704	19660760	70217	1.517908
SRR2496709	PE	1	5	6	53	5	1042022544	1061683304	19660760	70217	1.994111
SRR2496709	PE	1	5	7	54	0	1061683304	1081344064	19660760	70217	1.755798
SRR2496709	PE	1	5	8	61	1	1199308904	1218969664	19660760	70217	2.214128
SRR2496709	PE	1	5	9	68	2	1336934504	1356595264	19660760	70217	1.668786
SRR2496709	PE	1	5	10	75	3	1474560104	1494220864	19660760	70217	2.099156
SRR2496709	PE	1	5	11	82	4	1612185704	1631846464	19660760	70217	2.447465
SRR2496709	PE	1	5	12	89	5	1749811304	1769472064	19660760	70217	5.10856
SRR2496709	PE	1	5	13	90	0	1769472064	1789132824	19660760	70217	2.785639
SRR2496709	PE	1	5	14	97	1	1907097664	1926758424	19660760	70217	1.560122
SRR2496709	PE	1	5	15	104	2	2044723264	2064384024	19660760	70217	2.887166
SRR2496709	PE	1	5	16	111	3	2182348864	2202009624	19660760	70217	1.791859
SRR2496709	PE	1	5	17	118	4	2319974464	2339635224	19660760	70217	1.648126
SRR2496709	PE	1	-1	19	126	0	2477260824	2496921864	19661040	70218	2.931451
SRR2496709	PE	1	-1	20	139	1	2732851264	2752512024	19660760	70217	2.687443
SRR2496709	PE	1	-1	21	146	2	2870477060	2890137812	19660752	69228	1.69618
SRR2496709	PE	1	-1	22	153	3	3008102608	3027763360	19660752	69228	1.767561
SRR2496709	PE	1	-1	23	160	4	3145728156	3165388908	19660752	69228	1.389697
SRR2496709	PE	1	-1	24	167	5	3194880036	3199795224	4915188	17307	0.40918
SRR2496709	PE	1	-1	25	168	0	3199795224	3204710412	4915188	17307	0.465061
SRR2496709	PE	1	-1	26	175	1	3234201824	3239117012	4915188	17307	0.483584
SRR2496709	PE	1	-1	27	182	2	3268608140	3273523328	4915188	17307	0.583882
SRR2496709	PE	1	-1	28	189	3	3303014456	3307929644	4915188	17307	0.51512
SRR2496709	PE	1	-1	29	196	4	3337421056	3342336244	4915188	17307	0.43929
SRR2496709	PE	1	-1	30	203	5	3371827372	3376742560	4915188	17307	0.401366
SRR2496709	PE	1	-1	31	204	0	3376742560	3381657748	4915188	17307	0.388119
SRR2496709	PE	1	-1	32	205	1	3381657748	3386572936	4915188	17307	0.420011
SRR2496709	PE	1	-1	33	212	2	3416064064	3420979252	4915188	17307	0.624805
SRR2496709	PE	1	-1	34	219	3	3450470664	3455385852	4915188	17307	0.562429
SRR2496709	PE	1	-1	35	226	4	3477504056	3478732924	1228868	4327	0.255683
SRR2496709	PE	1	-1	36	233	5	3486105848	3487334432	1228584	4326	0.278967
SRR2496709	PE	1	-1	37	234	0	3487334432	3488563300	1228868	4327	0.122984
SRR2496709	PE	1	-1	38	241	1	3495936224	3497164808	1228584	4326	0.127273
SRR2496709	PE	1	-1	39	248	2	3504537732	3505766600	1228868	4327	0.157038
SRR2496709	PE	1	-1	40	255	3	3513139240	3514368108	1228868	4327	0.143978
SRR2496709	PE	1	-1	41	256	4	3514368108	3515596976	1228868	4327	0.120056
SRR2496709	PE	1	-1	42	263	5	3522969616	3524198484	1228868	4327	0.211188
SRR2496709	PE	1	-1	43	264	0	3524198484	3525427352	1228868	4327	0.123583
SRR2496709	SE	1	0	0	0	0	0	19660888	19660888	72446	1.358053
SRR2496709	SE	1	0	1	7	1	137625684	157286544	19660860	71235	0.885793
SRR2496709	SE	1	0	2	14	2	275251428	294912264	19660836	70233	0.657478
SRR2496709	SE	1	0	3	21	3	412876824	432537864	19661040	70218	0.885605
SRR2496709	SE	1	0	4	28	4	550502424	570163464	19661040	70218	0.800008
SRR2496709	SE	1	0	5	35	5	688128024	707789064	19661040	70218	0.894924
SRR2496709	SE	1	0	6	36	0	707789064	727449824	19660760	70217	0.736598
SRR2496709	SE	1	0	7	43	1	845414664	865075424	19660760	70217	0.801103
SRR2496709	SE	1	0	8	50	2	983040264	1002701024	19660760	70217	0.784052
SRR2496709	SE	1	0	9	57	3	1120665864	1140326624	19660760	70217	0.872996
SRR2496709	SE	1	0	10	64	4	1258291464	1277952224	19660760	70217	0.877566
SRR2496709	SE	1	0	11	71	5	1395917064	1415577824	19660760	70217	0.73196
SRR2496709	SE	1	0	12	72	0	1415577824	1435238584	19660760	70217	0.745432
SRR2496709	SE	1	0	13	79	1	1553203424	1572864184	19660760	70217	0.975629
SRR2496709	SE	1	0	14	86	2	1690829024	1710489784	19660760	70217	0.708973
SRR2496709	SE	1	0	15	93	3	1828454624	1848115384	19660760	70217	1.373499
SRR2496709	SE	1	0	16	100	4	1966080224	1985740984	19660760	70217	2.257153
SRR2496709	SE	1	1	0	1	1	19660888	39321660	19660772	71634	1.194998
SRR2496709	SE	1	1	1	8	2	157286544	176947404	19660860	71235	0.709714
SRR2496709	SE	1	1	2	15	3	294912264	314573024	19660760	70217	1.745109
SRR2496709	SE	1	1	3	22	4	432537864	452198624	19660760	70217	0.764463
SRR2496709	SE	1	1	4	29	5	570163464	589824224	19660760	70217	0.891051
SRR2496709	SE	1	1	5	30	0	589824224	609484984	19660760	70217	0.765168
SRR2496709	SE	1	1	6	37	1	727449824	747110584	19660760	70217	0.962975
SRR2496709	SE	1	1	7	44	2	865075424	884736184	19660760	70217	0.749222
SRR2496709	SE	1	1	8	51	3	1002701024	1022361784	19660760	70217	0.985069
SRR2496709	SE	1	1	9	58	4	1140326624	1159987384	19660760	70217	0.856784
SRR2496709	SE	1	1	10	65	5	1277952224	1297612984	19660760	70217	0.679969
SRR2496709	SE	1	1	11	66	0	1297612984	1317273744	19660760	70217	0.7678
SRR2496709	SE	1	1	12	73	1	1435238584	1454899344	19660760	70217	0.733617
SRR2496709	SE	1	1	13	80	2	1572864184	1592524944	19660760	70217	0.738025
SRR2496709	SE	1	1	14	87	3	1710489784	1730150544	19660760	70217	0.795668
SRR2496709	SE	1	1	15	88	4	1730150544	1749811304	19660760	70217	0.947889
SRR2496709	SE	1	1	16	95	5	1867776144	1887436904	19660760	70217	0.757693
SRR2496709	SE	1	1	17	96	0	1887436904	1907097664	19660760	70217	0.898313
SRR2496709	SE	1	2	0	2	2	39321660	58982520	19660860	71235	1.249024
SRR2496709	SE	1	2	1	9	3	176947404	196608264	19660860	71235	0.748898
SRR2496709	SE	1	2	2	16	4	314573024	334233784	19660760	70217	0.947559
SRR2496709	SE	1	2	3	23	5	452198624	471859384	19660760	70217	0.754199
SRR2496709	SE	1	2	4	24	0	471859384	491520144	19660760	70217	0.73488
SRR2496709	SE	1	2	5	31	1	609484984	629145744	19660760	70217	0.923655
SRR2496709	SE	1	2	6	38	2	747110584	766771344	19660760	70217	0.808772
SRR2496709	SE	1	2	7	45	3	884736184	904396944	19660760	70217	0.971544
SRR2496709	SE	1	2	8	52	4	1022361784	1042022544	19660760	70217	0.973374
SRR2496709	SE	1	2	9	59	5	1159987384	1179648144	19660760	70217	0.934408
SRR2496709	SE	1	2	10	60	0	1179648144	1199308904	19660760	70217	0.693383
SRR2496709	SE	1	2	11	67	1	1317273744	1336934504	19660760	70217	0.930902
SRR2496709	SE	1	2	12	74	2	1454899344	1474560104	19660760	70217	0.767052
SRR2496709	SE	1	2	13	81	3	1592524944	1612185704	19660760	70217	1.939786
SRR2496709	SE	1	2	14	94	4	1848115384	1867776144	19660760	70217	0.795541
SRR2496709	SE	1	2	15	101	5	1985740984	2005401744	19660760	70217	0.652598
SRR2496709	SE	1	2	16	102	0	2005401744	2025062504	19660760	70217	0.854271
SRR2496709	SE	1	2	17	109	1	2143027344	2162688104	19660760	70217	0.726787
SRR2496709	SE	1	2	18	114	0	2241331424	2260992184	19660760	70217	0.683589
SRR2496709	SE	1	2	19	115	1	2260992184	2280652944	19660760	70217	0.81618
SRR2496709	SE	1	2	20	122	2	2398617784	2418278544	19660760	70217	0.688597
SRR2496709	SE	1	2	21	129	3	2536243384	2555904144	19660760	70217	0.731992
SRR2496709	SE	1	2	22	136	4	2673868984	2693529744	19660760	70217	1.002854
SRR2496709	SE	1	2	23	143	5	2811494520	2831155272	19660752	69228	0.862904
SRR2496709	SE	1	2	24	144	0	2831155272	2850816024	19660752	69228	0.880518
SRR2496709	SE	1	2	25	151	1	2968780820	2988441856	19661036	69229	0.963445
SRR2496709	SE	1	2	26	164	2	3180134472	3185049660	4915188	17307	0.183239
SRR2496709	SE	1	2	27	165	3	3185049660	3189964848	4915188	17307	0.195211
SRR2496709	SE	1	2	28	166	4	3189964848	3194880036	4915188	17307	0.228131
SRR2496709	SE	1	2	29	173	5	3224371448	3229286636	4915188	17307	0.197486
SRR2496709	SE	1	2	30	174	0	3229286636	3234201824	4915188	17307	0.243747
SRR2496709	SE	1	2	31	181	1	3263692952	3268608140	4915188	17307	0.27323
SRR2496709	SE	1	2	32	188	2	3298099268	3303014456	4915188	17307	0.243079
SRR2496709	SE	1	2	33	195	3	3332505868	3337421056	4915188	17307	0.209799
SRR2496709	SE	1	2	34	202	4	3366912184	3371827372	4915188	17307	0.196863
SRR2496709	SE	1	2	35	209	5	3401318500	3406233688	4915188	17307	0.2407
SRR2496709	SE	1	2	36	210	0	3406233688	3411148876	4915188	17307	0.241321
SRR2496709	SE	1	2	37	217	1	3440640004	3445555476	4915472	17308	0.213615
SRR2496709	SE	1	2	38	224	2	3475046604	3476275472	1228868	4327	0.149133
SRR2496709	SE	1	2	39	231	3	3483648112	3484876980	1228868	4327	0.080044
SRR2496709	SE	1	2	40	238	4	3492249620	3493478488	1228868	4327	0.065014
SRR2496709	SE	1	2	41	245	5	3500851412	3502080280	1228868	4327	0.127817
SRR2496709	SE	1	2	42	246	0	3502080280	3503308864	1228584	4326	0.071557
SRR2496709	SE	1	2	43	253	1	3510681788	3511910656	1228868	4327	0.120092
SRR2496709	SE	1	2	44	260	2	3519283296	3520512164	1228868	4327	0.070927
SRR2496709	SE	1	2	45	267	3	3527884804	3529113672	1228868	4327	0.122008
SRR2496709	SE	1	2	46	271	1	3532800276	3534028860	1228584	4326	0.152684
SRR2496709	SE	1	2	19	110	2	2162688104	2182348864	19660760	70217	0.825972
SRR2496709	SE	1	2	20	117	3	2300313704	2319974464	19660760	70217	0.780033
SRR2496709	SE	1	2	21	124	4	2437939304	2457600064	19660760	70217	0.732167
SRR2496709	SE	1	2	22	131	5	2575564904	2595225664	19660760	70217	0.754145
SRR2496709	SE	1	2	23	132	0	2595225664	2614886424	19660760	70217	0.666953
SRR2496709	SE	1	2	24	139	1	2732851264	2752512024	19660760	70217	0.99169
SRR2496709	SE	1	2	25	146	2	2870477060	2890137812	19660752	69228	0.731627
SRR2496709	SE	1	2	26	153	3	3008102608	3027763360	19660752	69228	0.736965
SRR2496709	SE	1	2	27	160	4	3145728156	3165388908	19660752	69228	0.644782
SRR2496709	SE	1	2	28	167	5	3194880036	3199795224	4915188	17307	0.213043
SRR2496709	SE	1	2	29	168	0	3199795224	3204710412	4915188	17307	0.217631
SRR2496709	SE	1	2	30	175	1	3234201824	3239117012	4915188	17307	0.221481
SRR2496709	SE	1	2	31	182	2	3268608140	3273523328	4915188	17307	0.244524
SRR2496709	SE	1	2	32	189	3	3303014456	3307929644	4915188	17307	0.226612
SRR2496709	SE	1	2	33	196	4	3337421056	3342336244	4915188	17307	0.206971
SRR2496709	SE	1	2	34	203	5	3371827372	3376742560	4915188	17307	0.213948
SRR2496709	SE	1	2	35	204	0	3376742560	3381657748	4915188	17307	0.194201
SRR2496709	SE	1	2	36	211	1	3411148876	3416064064	4915188	17307	0.177623
SRR2496709	SE	1	2	37	218	2	3445555476	3450470664	4915188	17307	0.192084
SRR2496709	SE	1	2	38	225	3	3476275472	3477504056	1228584	4326	0.09373
SRR2496709	SE	1	2	39	232	4	3484876980	3486105848	1228868	4327	0.082011
SRR2496709	SE	1	2	40	239	5	3493478488	3494707356	1228868	4327	0.103933
SRR2496709	SE	1	2	41	240	0	3494707356	3495936224	1228868	4327	0.106916
SRR2496709	SE	1	2	42	247	1	3503308864	3504537732	1228868	4327	0.064442
SRR2496709	SE	1	2	43	254	2	3511910656	3513139240	1228584	4326	0.195549
SRR2496709	SE	1	2	44	261	3	3520512164	3521741032	1228868	4327	0.080274
SRR2496709	SE	1	2	45	268	4	3529113672	3530342540	1228868	4327	0.110513
SRR2496709	SE	1	2	19	123	3	2418278544	2437939304	19660760	70217	0.750295
SRR2496709	SE	1	2	20	130	4	2555904144	2575564904	19660760	70217	0.723582
SRR2496709	SE	1	2	21	137	5	2693529744	2713190504	19660760	70217	1.105477
SRR2496709	SE	1	2	22	138	0	2713190504	2732851264	19660760	70217	0.952617
SRR2496709	SE	1	2	23	145	1	2850816024	2870477060	19661036	69229	0.714646
SRR2496709	SE	1	2	24	152	2	2988441856	3008102608	19660752	69228	1.153676
SRR2496709	SE	1	2	25	159	3	3126067404	3145728156	19660752	69228	0.732443
SRR2496709	SE	1	2	26	172	4	3219456260	3224371448	4915188	17307	0.210848
SRR2496709	SE	1	2	27	179	5	3253862576	3258777764	4915188	17307	0.199054
SRR2496709	SE	1	2	28	180	0	3258777764	3263692952	4915188	17307	1.193642
SRR2496709	SE	1	2	29	205	1	3381657748	3386572936	4915188	17307	0.21921
SRR2496709	SE	1	2	30	212	2	3416064064	3420979252	4915188	17307	0.220932
SRR2496709	SE	1	2	31	219	3	3450470664	3455385852	4915188	17307	0.234867
SRR2496709	SE	1	2	32	226	4	3477504056	3478732924	1228868	4327	0.101791
SRR2496709	SE	1	2	33	227	5	3478732924	3479961792	1228868	4327	0.072977
SRR2496709	SE	1	2	34	228	0	3479961792	3481190660	1228868	4327	0.064603
SRR2496709	SE	1	2	35	229	1	3481190660	3482419244	1228584	4326	0.08118
SRR2496709	SE	1	2	36	236	2	3489792168	3491021036	1228868	4327	0.088624
SRR2496709	SE	1	2	37	243	3	3498393676	3499622544	1228868	4327	0.074949
SRR2496709	SE	1	2	38	250	4	3506995468	3508224052	1228584	4326	0.078345
SRR2496709	SE	1	2	39	257	5	3515596976	3516825844	1228868	4327	0.087871
SRR2496709	SE	1	2	40	258	0	3516825844	3518054428	1228584	4326	0.074535
SRR2496709	SE	1	2	41	265	1	3525427352	3526656220	1228868	4327	0.064825
SRR2496709	SE	1	2	42	272	2	3534028860	3535257728	1228868	4327	0.137863
SRR2496709	SE	1	3	0	3	3	58982520	78643380	19660860	71235	1.348318
SRR2496709	SE	1	3	1	10	4	196608264	216268848	19660584	71234	0.703233
SRR2496709	SE	1	3	2	17	5	334233784	353894544	19660760	70217	0.775328
SRR2496709	SE	1	3	3	18	0	353894544	373555304	19660760	70217	0.828413
SRR2496709	SE	1	3	4	25	1	491520144	511180904	19660760	70217	0.896897
SRR2496709	SE	1	3	5	32	2	629145744	648806504	19660760	70217	0.890136
SRR2496709	SE	1	3	6	39	3	766771344	786432104	19660760	70217	0.630919
SRR2496709	SE	1	3	7	46	4	904396944	924057704	19660760	70217	0.687456
SRR2496709	SE	1	3	8	53	5	1042022544	1061683304	19660760	70217	0.801587
SRR2496709	SE	1	3	9	54	0	1061683304	1081344064	19660760	70217	0.777672
SRR2496709	SE	1	3	10	61	1	1199308904	1218969664	19660760	70217	0.899432
SRR2496709	SE	1	3	11	68	2	1336934504	1356595264	19660760	70217	0.76334
SRR2496709	SE	1	3	12	75	3	1474560104	1494220864	19660760	70217	0.853134
SRR2496709	SE	1	3	13	82	4	1612185704	1631846464	19660760	70217	0.903999
SRR2496709	SE	1	3	14	89	5	1749811304	1769472064	19660760	70217	1.519867
SRR2496709	SE	1	3	15	90	0	1769472064	1789132824	19660760	70217	1.007488
SRR2496709	SE	1	3	16	97	1	1907097664	1926758424	19660760	70217	0.702661
SRR2496709	SE	1	3	17	104	2	2044723264	2064384024	19660760	70217	1.025671
SRR2496709	SE	1	4	0	4	4	78643380	98304240	19660860	71235	1.390723
SRR2496709	SE	1	4	1	11	5	216268848	235929708	19660860	71235	0.747148
SRR2496709	SE	1	4	2	12	0	235929708	255590568	19660860	71235	0.782035
SRR2496709	SE	1	4	3	19	1	373555304	393216064	19660760	70217	0.859363
SRR2496709	SE	1	4	4	26	2	511180904	530841664	19660760	70217	0.906456
SRR2496709	SE	1	4	5	33	3	648806504	668467264	19660760	70217	0.744915
SRR2496709	SE	1	4	6	34	4	668467264	688128024	19660760	70217	0.819061
SRR2496709	SE	1	4	7	41	5	806092864	825753624	19660760	70217	0.821804
SRR2496709	SE	1	4	8	42	0	825753624	845414664	19661040	70218	0.901356
SRR2496709	SE	1	4	9	49	1	963379224	983040264	19661040	70218	1.065507
SRR2496709	SE	1	4	10	56	2	1101004824	1120665864	19661040	70218	0.825567
SRR2496709	SE	1	4	11	63	3	1238630424	1258291464	19661040	70218	0.694972
SRR2496709	SE	1	4	12	70	4	1376256024	1395917064	19661040	70218	1.125819
SRR2496709	SE	1	4	13	77	5	1513881624	1533542664	19661040	70218	0.774819
SRR2496709	SE	1	4	14	78	0	1533542664	1553203424	19660760	70217	0.891302
SRR2496709	SE	1	4	15	85	1	1671168264	1690829024	19660760	70217	0.856756
SRR2496709	SE	1	4	16	92	2	1808793864	1828454624	19660760	70217	0.68401
SRR2496709	SE	1	4	17	99	3	1946419464	1966080224	19660760	70217	0.68174
SRR2496709	SE	1	5	0	5	5	98304240	117964824	19660584	71234	1.383148
SRR2496709	SE	1	5	1	6	0	117964824	137625684	19660860	71235	0.883125
SRR2496709	SE	1	5	2	13	1	255590568	275251428	19660860	71235	0.915289
SRR2496709	SE	1	5	3	20	2	393216064	412876824	19660760	70217	0.857594
SRR2496709	SE	1	5	4	27	3	530841664	550502424	19660760	70217	2.112175
SRR2496709	SE	1	5	5	40	4	786432104	806092864	19660760	70217	0.756975
SRR2496709	SE	1	5	6	47	5	924057704	943718464	19660760	70217	0.873228
SRR2496709	SE	1	5	7	48	0	943718464	963379224	19660760	70217	1.021506
SRR2496709	SE	1	5	8	55	1	1081344064	1101004824	19660760	70217	0.911079
SRR2496709	SE	1	5	9	62	2	1218969664	1238630424	19660760	70217	0.702996
SRR2496709	SE	1	5	10	69	3	1356595264	1376256024	19660760	70217	0.785993
SRR2496709	SE	1	5	11	76	4	1494220864	1513881624	19660760	70217	0.718177
SRR2496709	SE	1	5	12	83	5	1631846464	1651507224	19660760	70217	0.801104
SRR2496709	SE	1	5	13	84	0	1651507224	1671168264	19661040	70218	0.90151
SRR2496709	SE	1	5	14	91	1	1789132824	1808793864	19661040	70218	0.768719
SRR2496709	SE	1	5	15	98	2	1926758424	1946419464	19661040	70218	0.658684
SRR2496709	SE	1	5	16	105	3	2064384024	2084045064	19661040	70218	0.71764
SRR2496709	SE	1	5	17	112	4	2202009624	2221670664	19661040	70218	0.770617
SRR2496709	SE	1	-1	19	118	4	2319974464	2339635224	19660760	70217	0.747563
SRR2496709	SE	1	-1	20	125	5	2457600064	2477260824	19660760	70217	0.660512
SRR2496709	SE	1	-1	21	126	0	2477260824	2496921864	19661040	70218	1.027873
SRR2496709	SE	1	-1	22	133	1	2614886424	2634547464	19661040	70218	0.729749
SRR2496709	SE	1	-1	23	140	2	2752512024	2772173064	19661040	70218	0.989813
SRR2496709	SE	1	-1	24	147	3	2890137812	2909798564	19660752	69228	0.640834
SRR2496709	SE	1	-1	25	154	4	3027763360	3047424112	19660752	69228	0.770881
SRR2496709	SE	1	-1	26	161	5	3165388908	3170304096	4915188	17307	0.19818
SRR2496709	SE	1	-1	27	162	0	3170304096	3175219284	4915188	17307	0.203624
SRR2496709	SE	1	-1	28	169	1	3204710412	3209625600	4915188	17307	0.280092
SRR2496709	SE	1	-1	29	176	2	3239117012	3244032200	4915188	17307	0.179804
SRR2496709	SE	1	-1	30	183	3	3273523328	3278438516	4915188	17307	0.262293
SRR2496709	SE	1	-1	31	190	4	3307929644	3312844832	4915188	17307	0.186531
SRR2496709	SE	1	-1	32	197	5	3342336244	3347251432	4915188	17307	0.230601
SRR2496709	SE	1	-1	33	198	0	3347251432	3352166620	4915188	17307	0.194656
SRR2496709	SE	1	-1	34	199	1	3352166620	3357081808	4915188	17307	0.196537
SRR2496709	SE	1	-1	35	206	2	3386572936	3391488124	4915188	17307	0.17844
SRR2496709	SE	1	-1	36	213	3	3420979252	3425894440	4915188	17307	0.181338
SRR2496709	SE	1	-1	37	220	4	3455385852	3460301040	4915188	17307	0.262567
SRR2496709	SE	1	-1	38	233	5	3486105848	3487334432	1228584	4326	0.128082
SRR2496709	SE	1	-1	39	234	0	3487334432	3488563300	1228868	4327	0.072162
SRR2496709	SE	1	-1	40	241	1	3495936224	3497164808	1228584	4326	0.066616
SRR2496709	SE	1	-1	41	248	2	3504537732	3505766600	1228868	4327	0.073026
SRR2496709	SE	1	-1	42	249	3	3505766600	3506995468	1228868	4327	0.147242
SRR2496709	SE	1	-1	43	262	4	3521741032	3522969616	1228584	4326	0.08198
SRR2496709	SE	1	-1	44	269	5	3530342540	3531571408	1228868	4327	0.073468
SRR2496709	SE	1	-1	45	270	0	3531571408	3532800276	1228868	4327	0.116767
SRR2496709	SE	1	-1	19	107	5	2103705824	2123366584	19660760	70217	0.821033
SRR2496709	SE	1	-1	20	108	0	2123366584	2143027344	19660760	70217	1.358187
SRR2496709	SE	1	-1	21	121	1	2378957024	2398617784	19660760	70217	0.737273
SRR2496709	SE	1	-1	22	128	2	2516582624	2536243384	19660760	70217	0.846961
SRR2496709	SE	1	-1	23	135	3	2654208224	2673868984	19660760	70217	0.84581
SRR2496709	SE	1	-1	24	142	4	2791833824	2811494520	19660696	69415	0.64551
SRR2496709	SE	1	-1	25	149	5	2929459316	2949120068	19660752	69228	0.730785
SRR2496709	SE	1	-1	26	150	0	2949120068	2968780820	19660752	69228	0.733174
SRR2496709	SE	1	-1	27	157	1	3086745616	3106406652	19661036	69229	0.638898
SRR2496709	SE	1	-1	28	170	2	3209625600	3214541072	4915472	17308	0.265597
SRR2496709	SE	1	-1	29	171	3	3214541072	3219456260	4915188	17307	0.243413
SRR2496709	SE	1	-1	30	178	4	3248947388	3253862576	4915188	17307	0.229333
SRR2496709	SE	1	-1	31	185	5	3283353704	3288268892	4915188	17307	0.222993
SRR2496709	SE	1	-1	32	186	0	3288268892	3293184080	4915188	17307	0.251339
SRR2496709	SE	1	-1	33	193	1	3322675208	3327590680	4915472	17308	0.205668
SRR2496709	SE	1	-1	34	200	2	3357081808	3361996996	4915188	17307	0.223454
SRR2496709	SE	1	-1	35	207	3	3391488124	3396403312	4915188	17307	0.205918
SRR2496709	SE	1	-1	36	214	4	3425894440	3430809628	4915188	17307	0.193654
SRR2496709	SE	1	-1	37	221	5	3460301040	3465216228	4915188	17307	0.183659
SRR2496709	SE	1	-1	38	222	0	3465216228	3470131416	4915188	17307	0.213964
SRR2496709	SE	1	-1	39	235	1	3488563300	3489792168	1228868	4327	0.07424
SRR2496709	SE	1	-1	40	242	2	3497164808	3498393676	1228868	4327	0.145323
SRR2496709	SE	1	-1	41	255	3	3513139240	3514368108	1228868	4327	0.073302
SRR2496709	SE	1	-1	42	256	4	3514368108	3515596976	1228868	4327	0.070353
SRR2496709	SE	1	-1	43	263	5	3522969616	3524198484	1228868	4327	0.102564
SRR2496709	SE	1	-1	44	264	0	3524198484	3525427352	1228868	4327	0.075258
SRR2496709	SE	1	-1	19	120	0	2359296264	2378957024	19660760	70217	0.904355
SRR2496709	SE	1	-1	20	127	1	2496921864	2516582624	19660760	70217	0.724255
SRR2496709	SE	1	-1	21	134	2	2634547464	2654208224	19660760	70217	1.010042
SRR2496709	SE	1	-1	22	141	3	2772173064	2791833824	19660760	70217	0.690838
SRR2496709	SE	1	-1	23	148	4	2909798564	2929459316	19660752	69228	0.652976
SRR2496709	SE	1	-1	24	155	5	3047424112	3067084864	19660752	69228	0.646152
SRR2496709	SE	1	-1	25	156	0	3067084864	3086745616	19660752	69228	0.633878
SRR2496709	SE	1	-1	26	163	1	3175219284	3180134472	4915188	17307	0.176461
SRR2496709	SE	1	-1	27	158	2	3106406652	3126067404	19660752	69228	0.744068
SRR2496709	SE	1	-1	28	177	3	3244032200	3248947388	4915188	17307	0.191329
SRR2496709	SE	1	-1	29	184	4	3278438516	3283353704	4915188	17307	0.183716
SRR2496709	SE	1	-1	30	191	5	3312844832	3317760020	4915188	17307	0.190507
SRR2496709	SE	1	-1	31	192	0	3317760020	3322675208	4915188	17307	0.177733
SRR2496709	SE	1	-1	32	187	1	3293184080	3298099268	4915188	17307	0.221183
SRR2496709	SE	1	-1	33	194	2	3327590680	3332505868	4915188	17307	0.175564
SRR2496709	SE	1	-1	34	201	3	3361996996	3366912184	4915188	17307	0.193661
SRR2496709	SE	1	-1	35	208	4	3396403312	3401318500	4915188	17307	0.181179
SRR2496709	SE	1	-1	36	215	5	3430809628	3435724816	4915188	17307	0.187413
SRR2496709	SE	1	-1	37	216	0	3435724816	3440640004	4915188	17307	0.178673
SRR2496709	SE	1	-1	38	223	1	3470131416	3475046604	4915188	17307	0.239964
SRR2496709	SE	1	-1	39	230	2	3482419244	3483648112	1228868	4327	0.083074
SRR2496709	SE	1	-1	40	237	3	3491021036	3492249620	1228584	4326	0.066306
SRR2496709	SE	1	-1	41	244	4	3499622544	3500851412	1228868	4327	0.080869
SRR2496709	SE	1	-1	42	251	5	3508224052	3509452920	1228868	4327	0.138624
SRR2496709	SE	1	-1	43	252	0	3509452920	3510681788	1228868	4327	0.074415
SRR2496709	SE	1	-1	44	259	1	3518054428	3519283296	1228868	4327	0.068734
SRR2496709	SE	1	-1	45	266	2	3526656220	3527884804	1228584	4326	0.088529
SRR2496709	SE	1	-1	46	273	3	3535257728	3536060312	802584	2826	0.125585
small_SRR7963242	PE	1	0	0	0	0	0	19661160	19661160	52972	10.317269
small_SRR7963242	PE	1	0	1	7	1	137625788	157286452	19660664	52289	7.023974
small_SRR7963242	PE	1	0	2	14	2	275251564	294912228	19660664	52289	6.91524
small_SRR7963242	PE	1	0	3	21	3	412876904	432537724	19660820	51739	6.51995
small_SRR7963242	PE	1	0	4	28	4	550502644	570163464	19660820	51739	6.596931
small_SRR7963242	PE	1	0	5	35	5	688128004	707788824	19660820	51739	6.568185
small_SRR7963242	PE	1	0	6	36	0	707788824	727449644	19660820	51739	6.877151
small_SRR7963242	PE	1	0	7	43	1	845414564	865075384	19660820	51739	7.07135
small_SRR7963242	PE	1	0	8	50	2	983040304	1002701124	19660820	51739	7.084859
small_SRR7963242	PE	1	0	9	57	3	1120665664	1140326484	19660820	51739	6.864551
small_SRR7963242	PE	1	0	10	64	4	1258291404	1277952224	19660820	51739	6.848723
small_SRR7963242	PE	1	0	11	71	5	1395917144	1415577964	19660820	51739	6.955355
small_SRR7963242	PE	1	0	12	72	0	1415577964	1435238404	19660440	51738	6.873125
small_SRR7963242	PE	1	0	13	79	1	1553203324	1572864144	19660820	51739	6.841543
small_SRR7963242	PE	1	0	14	86	2	1690829064	1710489884	19660820	51739	6.536412
small_SRR7963242	PE	1	0	15	93	3	1828454424	1848115244	19660820	51739	6.888589
small_SRR7963242	PE	1	0	16	100	4	1966080164	1985740984	19660820	51739	6.79185
small_SRR7963242	PE	1	0	17	107	5	2103705904	2123366724	19660820	51739	6.920481
small_SRR7963242	PE	1	0	18	108	0	2123366724	2143027544	19660820	51739	6.784845
small_SRR7963242	PE	1	0	19	115	1	2260992084	2280652904	19660820	51739	6.787845
small_SRR7963242	PE	1	0	20	122	2	2398617824	2418278644	19660820	51739	7.004431
small_SRR7963242	PE	1	0	21	129	3	2536243564	2555904004	19660440	51738	7.143646
small_SRR7963242	PE	1	0	22	136	4	2673868924	2693529744	19660820	51739	6.838709
small_SRR7963242	PE	1	0	23	143	5	2811494664	2831155484	19660820	51739	7.120737
small_SRR7963242	PE	1	0	24	144	0	2831155484	2850816304	19660820	51739	6.620318
small_SRR7963242	PE	1	0	25	151	1	2968780844	2988441664	19660820	51739	7.020382
small_SRR7963242	PE	1	0	26	158	2	3106406584	3126067404	19660820	51739	7.172561
small_SRR7963242	PE	1	0	27	165	3	3244032324	3263693144	19660820	51739	6.952472
small_SRR7963242	PE	1	0	28	172	4	3381657684	3401318504	19660820	51739	6.814269
small_SRR7963242	PE	1	0	29	179	5	3430809924	3435724844	4914920	12934	1.892468
small_SRR7963242	PE	1	0	30	180	0	3435724844	3440640144	4915300	12935	2.2229
small_SRR7963242	PE	1	0	31	187	1	3470131564	3475046484	4914920	12934	1.845002
small_SRR7963242	PE	1	0	32	194	2	3504537904	3509452824	4914920	12934	1.830713
small_SRR7963242	PE	1	0	33	201	3	3538944244	3543859544	4915300	12935	2.00341
small_SRR7963242	PE	1	0	34	208	4	3573350584	3578265884	4915300	12935	1.890096
small_SRR7963242	PE	1	0	35	215	5	3607756924	3612672224	4915300	12935	1.985806
small_SRR7963242	PE	1	0	36	216	0	3612672224	3617587524	4915300	12935	1.97424
small_SRR7963242	PE	1	0	37	223	1	3647078564	3651993864	4915300	12935	1.927628
small_SRR7963242	PE	1	0	38	230	2	3681484904	3686400204	4915300	12935	2.0563
small_SRR7963242	PE	1	0	39	237	3	3715891244	3720806544	4915300	12935	2.040793
small_SRR7963242	PE	1	0	40	244	4	3739238444	3740467364	1228920	3234	0.827758
small_SRR7963242	PE	1	0	41	251	5	3747840124	3749069044	1228920	3234	0.672442
small_SRR7963242	PE	1	0	42	252	0	3749069044	3750297964	1228920	3234	0.736386
small_SRR7963242	PE	1	0	43	259	1	3757670724	3758899264	1228540	3233	0.652614
small_SRR7963242	PE	1	0	44	266	2	3766272024	3767500944	1228920	3234	0.843298
small_SRR7963242	PE	1	0	45	273	3	3774873704	3776102624	1228920	3234	0.686841
small_SRR7963242	PE	1	0	46	280	4	3783475384	3784704304	1228920	3234	0.804577
small_SRR7963242	PE	1	0	47	287	5	3792077064	3793305604	1228540	3233	1.102729
small_SRR7963242	PE	1	1	0	1	1	19661160	39321716	19660556	52789	8.536711
small_SRR7963242	PE	1	1	1	8	2	157286452	176947492	19661040	52290	6.671925
small_SRR7963242	PE	1	1	2	15	3	294912228	314572892	19660664	52289	6.598682
small_SRR7963242	PE	1	1	3	22	4	432537724	452198544	19660820	51739	6.709442
small_SRR7963242	PE	1	1	4	29	5	570163464	589824284	19660820	51739	6.756265
small_SRR7963242	PE	1	1	5	30	0	589824284	609485104	19660820	51739	6.49207
small_SRR7963242	PE	1	1	6	37	1	727449644	747110464	19660820	51739	6.833533
small_SRR7963242	PE	1	1	7	44	2	865075384	884736204	19660820	51739	6.512487
small_SRR7963242	PE	1	1	8	51	3	1002701124	1022361944	19660820	51739	6.702675
small_SRR7963242	PE	1	1	9	58	4	1140326484	1159987304	19660820	51739	7.095284
small_SRR7963242	PE	1	1	10	65	5	1277952224	1297613044	19660820	51739	7.699466
small_SRR7963242	PE	1	1	11	66	0	1297613044	1317273864	19660820	51739	6.80493
small_SRR7963242	PE	1	1	12	73	1	1435238404	1454899224	19660820	51739	6.778929
small_SRR7963242	PE	1	1	13	80	2	1572864144	1592524964	19660820	51739	6.614214
small_SRR7963242	PE	1	1	14	87	3	1710489884	1730150704	19660820	51739	6.742188
small_SRR7963242	PE	1	1	15	94	4	1848115244	1867776064	19660820	51739	6.70369
small_SRR7963242	PE	1	1	16	101	5	1985740984	2005401804	19660820	51739	6.601712
small_SRR7963242	PE	1	1	17	102	0	2005401804	2025062624	19660820	51739	6.672381
small_SRR7963242	PE	1	1	18	109	1	2143027544	2162688364	19660820	51739	6.723139
small_SRR7963242	PE	1	1	19	116	2	2280652904	2300313724	19660820	51739	7.01974
small_SRR7963242	PE	1	1	20	123	3	2418278644	2437939464	19660820	51739	7.170798
small_SRR7963242	PE	1	1	21	130	4	2555904004	2575564824	19660820	51739	6.758076
small_SRR7963242	PE	1	1	22	137	5	2693529744	2713190564	19660820	51739	7.542188
small_SRR7963242	PE	1	1	23	138	0	2713190564	2732851384	19660820	51739	7.088653
small_SRR7963242	PE	1	1	24	145	1	2850816304	2870477124	19660820	51739	6.726926
small_SRR7963242	PE	1	1	25	152	2	2988441664	3008102484	19660820	51739	7.456801
small_SRR7963242	PE	1	1	26	159	3	3126067404	3145728224	19660820	51739	6.787579
small_SRR7963242	PE	1	1	27	166	4	3263693144	3283353964	19660820	51739	6.960678
small_SRR7963242	PE	1	1	28	173	5	3401318504	3406233804	4915300	12935	1.980861
small_SRR7963242	PE	1	1	29	174	0	3406233804	3411149104	4915300	12935	2.176616
small_SRR7963242	PE	1	1	30	175	1	3411149104	3416064024	4914920	12934	1.871514
small_SRR7963242	PE	1	1	31	176	2	3416064024	3420979324	4915300	12935	1.801483
small_SRR7963242	PE	1	1	32	177	3	3420979324	3425894624	4915300	12935	1.956579
small_SRR7963242	PE	1	1	33	178	4	3425894624	3430809924	4915300	12935	2.268699
small_SRR7963242	PE	1	1	34	185	5	3460300964	3465216264	4915300	12935	1.664236
small_SRR7963242	PE	1	1	35	186	0	3465216264	3470131564	4915300	12935	2.27442
small_SRR7963242	PE	1	1	36	193	1	3499622604	3504537904	4915300	12935	1.816476
small_SRR7963242	PE	1	1	37	200	2	3534028944	3538944244	4915300	12935	1.799084
small_SRR7963242	PE	1	1	38	207	3	3568435284	3573350584	4915300	12935	2.234849
small_SRR7963242	PE	1	1	39	214	4	3602841624	3607756924	4915300	12935	1.948233
small_SRR7963242	PE	1	1	40	221	5	3637248344	3642163264	4914920	12934	1.770426
small_SRR7963242	PE	1	1	41	222	0	3642163264	3647078564	4915300	12935	1.951872
small_SRR7963242	PE	1	1	42	229	1	3676569604	3681484904	4915300	12935	2.061769
small_SRR7963242	PE	1	1	43	236	2	3710976324	3715891244	4914920	12934	1.847466
small_SRR7963242	PE	1	1	44	243	3	3738009904	3739238444	1228540	3233	0.782143
small_SRR7963242	PE	1	1	45	250	4	3746611204	3747840124	1228920	3234	0.704253
small_SRR7963242	PE	1	1	46	257	5	3755212884	3756441804	1228920	3234	0.731585
small_SRR7963242	PE	1	1	47	258	0	3756441804	3757670724	1228920	3234	0.666567
small_SRR7963242	PE	1	1	48	265	1	3765043484	3766272024	1228540	3233	0.766322
small_SRR7963242	PE	1	1	49	272	2	3773645164	3774873704	1228540	3233	0.830346
small_SRR7963242	PE	1	1	50	279	3	3782246464	3783475384	1228920	3234	0.725086
small_SRR7963242	PE	1	1	51	286	4	3790848144	3792077064	1228920	3234	0.625683
small_SRR7963242	PE	1	2	0	2	2	39321716	58982756	19661040	52290	8.949212
small_SRR7963242	PE	1	2	1	9	3	176947492	196608156	19660664	52289	6.857362
small_SRR7963242	PE	1	2	2	16	4	314572892	334233932	19661040	52290	6.848051
small_SRR7963242	PE	1	2	3	23	5	452198544	471859364	19660820	51739	6.79704
small_SRR7963242	PE	1	2	4	24	0	471859364	491520184	19660820	51739	6.637696
small_SRR7963242	PE	1	2	5	31	1	609485104	629145924	19660820	51739	7.142391
small_SRR7963242	PE	1	2	6	38	2	747110464	766771284	19660820	51739	6.983845
small_SRR7963242	PE	1	2	7	45	3	884736204	904397024	19660820	51739	6.697004
small_SRR7963242	PE	1	2	8	52	4	1022361944	1042022764	19660820	51739	7.006325
small_SRR7963242	PE	1	2	9	59	5	1159987304	1179648124	19660820	51739	6.876073
small_SRR7963242	PE	1	2	10	60	0	1179648124	1199308944	19660820	51739	7.121633
small_SRR7963242	PE	1	2	11	67	1	1317273864	1336934684	19660820	51739	6.625217
small_SRR7963242	PE	1	2	12	74	2	1454899224	1474560044	19660820	51739	6.853157
small_SRR7963242	PE	1	2	13	81	3	1592524964	1612185784	19660820	51739	6.75732
small_SRR7963242	PE	1	2	14	88	4	1730150704	1749811524	19660820	51739	6.567144
small_SRR7963242	PE	1	2	15	95	5	1867776064	1887436884	19660820	51739	6.825111
small_SRR7963242	PE	1	2	16	96	0	1887436884	1907097704	19660820	51739	6.994989
small_SRR7963242	PE	1	2	17	103	1	2025062624	2044723444	19660820	51739	6.917604
small_SRR7963242	PE	1	2	18	110	2	2162688364	2182348804	19660440	51738	7.057715
small_SRR7963242	PE	1	2	19	117	3	2300313724	2319974544	19660820	51739	6.688282
small_SRR7963242	PE	1	2	20	124	4	2437939464	2457600284	19660820	51739	6.91735
small_SRR7963242	PE	1	2	21	131	5	2575564824	2595225644	19660820	51739	7.62817
small_SRR7963242	PE	1	2	22	132	0	2595225644	2614886464	19660820	51739	7.072565
small_SRR7963242	PE	1	2	23	139	1	2732851384	2752512204	19660820	51739	6.770835
small_SRR7963242	PE	1	2	24	146	2	2870477124	2890137944	19660820	51739	7.001174
small_SRR7963242	PE	1	2	25	153	3	3008102484	3027763304	19660820	51739	6.913523
small_SRR7963242	PE	1	2	26	160	4	3145728224	3165389044	19660820	51739	6.791822
small_SRR7963242	PE	1	2	27	167	5	3283353964	3303014404	19660440	51738	6.850973
small_SRR7963242	PE	1	2	28	168	0	3303014404	3322675224	19660820	51739	6.89731
small_SRR7963242	PE	1	2	29	181	1	3440640144	3445555444	4915300	12935	1.997268
small_SRR7963242	PE	1	2	30	182	2	3445555444	3450470744	4915300	12935	1.825479
small_SRR7963242	PE	1	2	31	183	3	3450470744	3455385664	4914920	12934	2.204364
small_SRR7963242	PE	1	2	32	190	4	3484877084	3489792004	4914920	12934	1.977355
small_SRR7963242	PE	1	2	33	197	5	3519283424	3524198724	4915300	12935	2.006467
small_SRR7963242	PE	1	2	34	198	0	3524198724	3529113644	4914920	12934	2.10901
small_SRR7963242	PE	1	2	35	205	1	3558605064	3563520364	4915300	12935	1.867767
small_SRR7963242	PE	1	2	36	212	2	3593011404	3597926704	4915300	12935	1.982903
small_SRR7963242	PE	1	2	37	219	3	3627417744	3632333044	4915300	12935	1.852542
small_SRR7963242	PE	1	2	38	226	4	3661824084	3666739384	4915300	12935	1.787376
small_SRR7963242	PE	1	2	39	233	5	3696230424	3701145724	4915300	12935	1.950856
small_SRR7963242	PE	1	2	40	228	0	3671654684	3676569604	4914920	12934	1.860059
small_SRR7963242	PE	1	2	41	235	1	3706061024	3710976324	4915300	12935	1.996064
small_SRR7963242	PE	1	2	42	248	2	3744153744	3745382664	1228920	3234	0.730787
small_SRR7963242	PE	1	2	43	255	3	3752755424	3753984344	1228920	3234	0.772644
small_SRR7963242	PE	1	2	44	262	4	3761357104	3762585644	1228540	3233	0.761428
small_SRR7963242	PE	1	2	45	269	5	3769958404	3771187324	1228920	3234	0.645354
small_SRR7963242	PE	1	2	46	270	0	3771187324	3772416244	1228920	3234	0.695158
small_SRR7963242	PE	1	2	47	277	1	3779789004	3781017924	1228920	3234	0.826484
small_SRR7963242	PE	1	2	48	284	2	3788390684	3789619224	1228540	3233	1.081698
small_SRR7963242	PE	1	3	0	3	3	58982756	78643420	19660664	52289	8.358407
small_SRR7963242	PE	1	3	1	10	4	196608156	216268820	19660664	52289	7.083699
small_SRR7963242	PE	1	3	2	17	5	334233932	353894596	19660664	52289	6.95021
small_SRR7963242	PE	1	3	3	18	0	353894596	373555260	19660664	52289	6.649589
small_SRR7963242	PE	1	3	4	25	1	491520184	511181004	19660820	51739	6.612592
small_SRR7963242	PE	1	3	5	32	2	629145924	648806744	19660820	51739	6.498939
small_SRR7963242	PE	1	3	6	39	3	766771284	786432104	19660820	51739	7.149177
small_SRR7963242	PE	1	3	7	46	4	904397024	924057844	19660820	51739	6.928655
small_SRR7963242	PE	1	3	8	53	5	1042022764	1061683204	19660440	51738	7.514683
small_SRR7963242	PE	1	3	9	54	0	1061683204	1081344024	19660820	51739	7.158566
small_SRR7963242	PE	1	3	10	61	1	1199308944	1218969764	19660820	51739	6.843453
small_SRR7963242	PE	1	3	11	68	2	1336934684	1356595504	19660820	51739	7.398702
small_SRR7963242	PE	1	3	12	75	3	1474560044	1494220864	19660820	51739	6.726911
small_SRR7963242	PE	1	3	13	82	4	1612185784	1631846604	19660820	51739	6.861612
small_SRR7963242	PE	1	3	14	89	5	1749811524	1769472344	19660820	51739	6.918535
small_SRR7963242	PE	1	3	15	90	0	1769472344	1789133164	19660820	51739	6.789474
small_SRR7963242	PE	1	3	16	97	1	1907097704	1926758524	19660820	51739	6.604542
small_SRR7963242	PE	1	3	17	104	2	2044723444	2064384264	19660820	51739	6.771159
small_SRR7963242	PE	1	3	18	111	3	2182348804	2202009624	19660820	51739	6.718616
small_SRR7963242	PE	1	3	19	118	4	2319974544	2339635364	19660820	51739	7.129152
small_SRR7963242	PE	1	3	20	125	5	2457600284	2477261104	19660820	51739	6.968835
small_SRR7963242	PE	1	3	21	126	0	2477261104	2496921924	19660820	51739	7.046472
small_SRR7963242	PE	1	3	22	133	1	2614886464	2634547284	19660820	51739	6.873477
small_SRR7963242	PE	1	3	23	140	2	2752512204	2772173024	19660820	51739	6.674052
small_SRR7963242	PE	1	3	24	147	3	2890137944	2909798764	19660820	51739	6.654121
small_SRR7963242	PE	1	3	25	154	4	3027763304	3047424124	19660820	51739	6.99861
small_SRR7963242	PE	1	3	26	161	5	3165389044	3185049864	19660820	51739	7.289428
small_SRR7963242	PE	1	3	27	162	0	3185049864	3204710684	19660820	51739	6.657572
small_SRR7963242	PE	1	3	28	169	1	3322675224	3342336044	19660820	51739	6.780094
small_SRR7963242	PE	1	3	29	188	2	3475046484	3479961784	4915300	12935	1.795771
small_SRR7963242	PE	1	3	30	189	3	3479961784	3484877084	4915300	12935	1.78686
small_SRR7963242	PE	1	3	31	196	4	3514368124	3519283424	4915300	12935	1.781925
small_SRR7963242	PE	1	3	32	203	5	3548774464	3553689764	4915300	12935	1.978094
small_SRR7963242	PE	1	3	33	204	0	3553689764	3558605064	4915300	12935	2.092421
small_SRR7963242	PE	1	3	34	211	1	3588096104	3593011404	4915300	12935	2.128626
small_SRR7963242	PE	1	3	35	218	2	3622502444	3627417744	4915300	12935	2.114552
small_SRR7963242	PE	1	3	36	225	3	3656909164	3661824084	4914920	12934	1.839867
small_SRR7963242	PE	1	3	37	232	4	3691315504	3696230424	4914920	12934	1.873623
small_SRR7963242	PE	1	3	38	239	5	3725721844	3730637144	4915300	12935	1.801924
small_SRR7963242	PE	1	3	39	240	0	3730637144	3735552064	4914920	12934	1.951458
small_SRR7963242	PE	1	3	40	247	1	3742924824	3744153744	1228920	3234	0.944857
small_SRR7963242	PE	1	3	41	254	2	3751526504	3752755424	1228920	3234	0.904834
small_SRR7963242	PE	1	3	42	261	3	3760128184	3761357104	1228920	3234	0.726032
small_SRR7963242	PE	1	3	43	268	4	3768729864	3769958404	1228540	3233	0.686892
small_SRR7963242	PE	1	3	44	275	5	3777331544	3778560084	1228540	3233	1.04273
small_SRR7963242	PE	1	3	45	276	0	3778560084	3779789004	1228920	3234	0.938668
small_SRR7963242	PE	1	3	46	283	1	3787161764	3788390684	1228920	3234	1.031832
small_SRR7963242	PE	1	4	0	4	4	78643420	98304084	19660664	52289	8.392727
small_SRR7963242	PE	1	4	1	11	5	216268820	235929860	19661040	52290	6.921576
small_SRR7963242	PE	1	4	2	12	0	235929860	255590524	19660664	52289	6.961255
small_SRR7963242	PE	1	4	3	19	1	373555260	393216084	19660824	51795	6.773133
small_SRR7963242	PE	1	4	4	26	2	511181004	530841824	19660820	51739	6.696924
small_SRR7963242	PE	1	4	5	33	3	648806744	668467564	19660820	51739	6.980233
small_SRR7963242	PE	1	4	6	40	4	786432104	806092924	19660820	51739	6.784483
small_SRR7963242	PE	1	4	7	47	5	924057844	943718664	19660820	51739	6.788159
small_SRR7963242	PE	1	4	8	48	0	943718664	963379484	19660820	51739	7.064173
small_SRR7963242	PE	1	4	9	55	1	1081344024	1101004844	19660820	51739	7.193609
small_SRR7963242	PE	1	4	10	62	2	1218969764	1238630584	19660820	51739	6.653883
small_SRR7963242	PE	1	4	11	69	3	1356595504	1376256324	19660820	51739	6.803972
small_SRR7963242	PE	1	4	12	76	4	1494220864	1513881684	19660820	51739	6.814208
small_SRR7963242	PE	1	4	13	83	5	1631846604	1651507424	19660820	51739	6.808809
small_SRR7963242	PE	1	4	14	84	0	1651507424	1671168244	19660820	51739	7.031893
small_SRR7963242	PE	1	4	15	91	1	1789133164	1808793604	19660440	51738	7.086542
small_SRR7963242	PE	1	4	16	98	2	1926758524	1946419344	19660820	51739	6.790748
small_SRR7963242	PE	1	4	17	105	3	2064384264	2084045084	19660820	51739	7.126419
small_SRR7963242	PE	1	4	18	112	4	2202009624	2221670444	19660820	51739	6.918708
small_SRR7963242	PE	1	4	19	119	5	2339635364	2359296184	19660820	51739	7.262061
small_SRR7963242	PE	1	4	20	120	0	2359296184	2378957004	19660820	51739	7.277032
small_SRR7963242	PE	1	4	21	127	1	2496921924	2516582744	19660820	51739	7.23839
small_SRR7963242	PE	1	4	22	134	2	2634547284	2654208104	19660820	51739	7.352233
small_SRR7963242	PE	1	4	23	141	3	2772173024	2791833844	19660820	51739	7.144602
small_SRR7963242	PE	1	4	24	148	4	2909798764	2929459204	19660440	51738	7.023837
small_SRR7963242	PE	1	4	25	155	5	3047424124	3067084944	19660820	51739	7.342897
small_SRR7963242	PE	1	4	26	156	0	3067084944	3086745764	19660820	51739	7.003906
small_SRR7963242	PE	1	4	27	163	1	3204710684	3224371504	19660820	51739	7.324731
small_SRR7963242	PE	1	4	28	170	2	3342336044	3361996864	19660820	51739	7.180002
small_SRR7963242	PE	1	4	29	195	3	3509452824	3514368124	4915300	12935	1.976433
small_SRR7963242	PE	1	4	30	202	4	3543859544	3548774464	4914920	12934	1.966714
small_SRR7963242	PE	1	4	31	209	5	3578265884	3583180804	4914920	12934	1.91246
small_SRR7963242	PE	1	4	32	210	0	3583180804	3588096104	4915300	12935	2.637201
small_SRR7963242	PE	1	4	33	217	1	3617587524	3622502444	4914920	12934	2.075958
small_SRR7963242	PE	1	5	0	5	5	98304084	117965124	19661040	52290	8.233623
small_SRR7963242	PE	1	5	1	6	0	117965124	137625788	19660664	52289	6.613919
small_SRR7963242	PE	1	5	2	13	1	255590524	275251564	19661040	52290	6.977193
small_SRR7963242	PE	1	5	3	20	2	393216084	412876904	19660820	51739	6.741371
small_SRR7963242	PE	1	5	4	27	3	530841824	550502644	19660820	51739	7.036075
small_SRR7963242	PE	1	5	5	34	4	668467564	688128004	19660440	51738	6.949699
small_SRR7963242	PE	1	5	6	41	5	806092924	825753744	19660820	51739	7.032291
small_SRR7963242	PE	1	5	7	42	0	825753744	845414564	19660820	51739	6.522741
small_SRR7963242	PE	1	5	8	49	1	963379484	983040304	19660820	51739	6.698848
small_SRR7963242	PE	1	5	9	56	2	1101004844	1120665664	19660820	51739	7.011766
small_SRR7963242	PE	1	5	10	63	3	1238630584	1258291404	19660820	51739	7.056115
small_SRR7963242	PE	1	5	11	70	4	1376256324	1395917144	19660820	51739	6.965619
small_SRR7963242	PE	1	5	12	77	5	1513881684	1533542504	19660820	51739	7.249904
small_SRR7963242	PE	1	5	13	78	0	1533542504	1553203324	19660820	51739	6.818129
small_SRR7963242	PE	1	5	14	85	1	1671168244	1690829064	19660820	51739	6.74704
small_SRR7963242	PE	1	5	15	92	2	1808793604	1828454424	19660820	51739	6.905109
small_SRR7963242	PE	1	5	16	99	3	1946419344	1966080164	19660820	51739	7.028143
small_SRR7963242	PE	1	5	17	106	4	2084045084	2103705904	19660820	51739	6.617072
small_SRR7963242	PE	1	5	18	113	2	3651993864	3656909164	4915300	12935	1.992522
small_SRR7963242	PE	1	5	35	231	3	3686400204	3691315504	4915300	12935	2.167038
small_SRR7963242	PE	1	5	36	238	4	3720806544	3725721844	4915300	12935	1.895544
small_SRR7963242	PE	1	5	37	245	5	3740467364	3741696284	1228920	3234	0.71276
small_SRR7963242	PE	1	5	38	246	0	3741696284	3742924824	1228540	3233	0.866275
small_SRR7963242	PE	1	5	39	253	1	3750297964	3751526504	1228540	3233	0.993057
small_SRR7963242	PE	1	5	40	260	2	3758899264	3760128184	1228920	3234	0.769578
small_SRR7963242	PE	1	5	41	267	3	3767500944	3768729864	1228920	3234	0.903909
small_SRR7963242	PE	1	5	42	274	4	3776102624	3777331544	1228920	3234	0.667279
small_SRR7963242	PE	1	5	43	281	5	3784704304	3785932844	1228540	3233	0.672486
small_SRR7963242	PE	1	5	44	282	0	3785932844	3787161764	1228920	3234	0.916459
small_SRR7963242	PE	1	5	45	289	1	3794534524	3795555588	1021064	2687	1.134046
small_SRR7963242	PE	1	5	19	114	0	2241331264	2260992084	19660820	51739	7.085466
small_SRR7963242	PE	1	5	20	121	1	2378957004	2398617824	19660820	51739	6.686851
small_SRR7963242	PE	1	5	21	128	2	2516582744	2536243564	19660820	51739	7.141824
small_SRR7963242	PE	1	5	22	135	3	2654208104	2673868924	19660820	51739	7.519404
small_SRR7963242	PE	1	5	23	142	4	2791833844	2811494664	19660820	51739	6.623063
small_SRR7963242	PE	1	5	24	149	5	2929459204	2949120024	19660820	51739	6.882127
small_SRR7963242	PE	1	5	25	150	0	2949120024	2968780844	19660820	51739	6.736953
small_SRR7963242	PE	1	5	26	157	1	3086745764	3106406584	19660820	51739	6.818864
small_SRR7963242	PE	1	5	27	164	2	3224371504	3244032324	19660820	51739	6.947432
small_SRR7963242	PE	1	5	28	171	3	3361996864	3381657684	19660820	51739	6.883793
small_SRR7963242	PE	1	5	29	184	4	3455385664	3460300964	4915300	12935	2.130963
small_SRR7963242	PE	1	5	30	191	5	3489792004	3494707304	4915300	12935	2.172534
small_SRR7963242	PE	1	5	31	192	0	3494707304	3499622604	4915300	12935	1.900786
small_SRR7963242	PE	1	5	32	199	1	3529113644	3534028944	4915300	12935	1.799351
small_SRR7963242	PE	1	5	33	206	2	3563520364	3568435284	4914920	12934	1.916315
small_SRR7963242	PE	1	5	34	213	3	3597926704	3602841624	4914920	12934	1.936146
small_SRR7963242	PE	1	5	35	220	4	3632333044	3637248344	4915300	12935	2.139933
small_SRR7963242	PE	1	5	36	227	5	3666739384	3671654684	4915300	12935	2.2608
small_SRR7963242	PE	1	5	37	234	0	3701145724	3706061024	4915300	12935	2.118882
small_SRR7963242	PE	1	5	38	241	1	3735552064	3736780984	1228920	3234	0.756573
small_SRR7963242	PE	1	5	39	242	2	3736780984	3738009904	1228920	3234	0.666462
small_SRR7963242	PE	1	5	40	249	3	3745382664	3746611204	1228540	3233	0.66497
small_SRR7963242	PE	1	5	41	256	4	3753984344	3755212884	1228540	3233	0.904312
small_SRR7963242	PE	1	5	42	263	5	3762585644	3763814564	1228920	3234	0.705611
small_SRR7963242	PE	1	5	43	264	0	3763814564	3765043484	1228920	3234	1.020415
small_SRR7963242	PE	1	5	44	271	1	3772416244	3773645164	1228920	3234	0.646216
small_SRR7963242	PE	1	5	45	278	2	3781017924	3782246464	1228540	3233	0.854895
small_SRR7963242	PE	1	5	46	285	3	3789619224	3790848144	1228920	3234	0.750952
small_SRR7963242	PE	1	5	47	288	0	3793305604	3794534524	1228920	3234	0.776591
small_SRR7963242	SE	1	0	0	0	0	0	19661160	19661160	52972	3.042273
small_SRR7963242	SE	1	0	1	7	1	137625788	157286452	19660664	52289	1.608278
small_SRR7963242	SE	1	0	2	14	2	275251564	294912228	19660664	52289	1.52338
small_SRR7963242	SE	1	0	3	21	3	412876904	432537724	19660820	51739	1.501693
small_SRR7963242	SE	1	0	4	28	4	550502644	570163464	19660820	51739	1.504674
small_SRR7963242	SE	1	0	5	35	5	688128004	707788824	19660820	51739	1.518336
small_SRR7963242	SE	1	0	6	36	0	707788824	727449644	19660820	51739	1.530075
small_SRR7963242	SE	1	0	7	43	1	845414564	865075384	19660820	51739	1.517453
small_SRR7963242	SE	1	0	8	50	2	983040304	1002701124	19660820	51739	1.589867
small_SRR7963242	SE	1	0	9	57	3	1120665664	1140326484	19660820	51739	1.67407
small_SRR7963242	SE	1	0	10	64	4	1258291404	1277952224	19660820	51739	1.576138
small_SRR7963242	SE	1	0	11	71	5	1395917144	1415577964	19660820	51739	1.904533
small_SRR7963242	SE	1	0	12	72	0	1415577964	1435238404	19660440	51738	1.519135
small_SRR7963242	SE	1	0	13	79	1	1553203324	1572864144	19660820	51739	1.585263
small_SRR7963242	SE	1	0	14	86	2	1690829064	1710489884	19660820	51739	1.526311
small_SRR7963242	SE	1	0	15	93	3	1828454424	1848115244	19660820	51739	1.599168
small_SRR7963242	SE	1	0	16	100	4	1966080164	1985740984	19660820	51739	1.531514
small_SRR7963242	SE	1	0	17	107	5	2103705904	2123366724	19660820	51739	1.58111
small_SRR7963242	SE	1	1	0	1	1	19661160	39321716	19660556	52789	2.496149
small_SRR7963242	SE	1	1	1	8	2	157286452	176947492	19661040	52290	1.532741
small_SRR7963242	SE	1	1	2	15	3	294912228	314572892	19660664	52289	1.62145
small_SRR7963242	SE	1	1	3	22	4	432537724	452198544	19660820	51739	1.48951
small_SRR7963242	SE	1	1	4	29	5	570163464	589824284	19660820	51739	1.556964
small_SRR7963242	SE	1	1	5	30	0	589824284	609485104	19660820	51739	1.501981
small_SRR7963242	SE	1	1	6	37	1	727449644	747110464	19660820	51739	1.52868
small_SRR7963242	SE	1	1	7	44	2	865075384	884736204	19660820	51739	1.46008
small_SRR7963242	SE	1	1	8	51	3	1002701124	1022361944	19660820	51739	1.509674
small_SRR7963242	SE	1	1	9	58	4	1140326484	1159987304	19660820	51739	1.56771
small_SRR7963242	SE	1	1	10	65	5	1277952224	1297613044	19660820	51739	1.762689
small_SRR7963242	SE	1	1	11	66	0	1297613044	1317273864	19660820	51739	1.61503
small_SRR7963242	SE	1	1	12	73	1	1435238404	1454899224	19660820	51739	1.571468
small_SRR7963242	SE	1	1	13	80	2	1572864144	1592524964	19660820	51739	1.54854
small_SRR7963242	SE	1	1	14	87	3	1710489884	1730150704	19660820	51739	1.538723
small_SRR7963242	SE	1	1	15	94	4	1848115244	1867776064	19660820	51739	1.63593
small_SRR7963242	SE	1	1	16	101	5	1985740984	2005401804	19660820	51739	1.557949
small_SRR7963242	SE	1	2	0	2	2	39321716	58982756	19661040	52290	2.686981
small_SRR7963242	SE	1	2	1	9	3	176947492	196608156	19660664	52289	1.595531
small_SRR7963242	SE	1	2	2	16	4	314572892	334233932	19661040	52290	1.59234
small_SRR7963242	SE	1	2	3	23	5	452198544	471859364	19660820	51739	1.522732
small_SRR7963242	SE	1	2	4	24	0	471859364	491520184	19660820	51739	1.529486
small_SRR7963242	SE	1	2	5	31	1	609485104	629145924	19660820	51739	1.567637
small_SRR7963242	SE	1	2	6	38	2	747110464	766771284	19660820	51739	1.575445
small_SRR7963242	SE	1	2	7	45	3	884736204	904397024	19660820	51739	1.498737
small_SRR7963242	SE	1	2	8	52	4	1022361944	1042022764	19660820	51739	1.636129
small_SRR7963242	SE	1	2	9	59	5	1159987304	1179648124	19660820	51739	1.630701
small_SRR7963242	SE	1	2	10	60	0	1179648124	1199308944	19660820	51739	1.640845
small_SRR7963242	SE	1	2	11	67	1	1317273864	1336934684	19660820	51739	1.516738
small_SRR7963242	SE	1	2	12	74	2	1454899224	1474560044	19660820	51739	1.584178
small_SRR7963242	SE	1	2	13	81	3	1592524964	1612185784	19660820	51739	1.549155
small_SRR7963242	SE	1	2	14	88	4	1730150704	1749811524	19660820	51739	1.520978
small_SRR7963242	SE	1	2	15	95	5	1867776064	1887436884	19660820	51739	1.621923
small_SRR7963242	SE	1	2	16	96	0	1887436884	1907097704	19660820	51739	1.619686
small_SRR7963242	SE	1	2	17	103	1	2025062624	2044723444	19660820	51739	1.531971
small_SRR7963242	SE	1	2	18	110	0	2123366724	2143027544	19660820	51739	1.59055
small_SRR7963242	SE	1	2	19	115	1	2260992084	2280652904	19660820	51739	1.614066
small_SRR7963242	SE	1	2	20	122	2	2398617824	2418278644	19660820	51739	1.602484
small_SRR7963242	SE	1	2	21	129	3	2536243564	2555904004	19660440	51738	1.593622
small_SRR7963242	SE	1	2	22	136	4	2673868924	2693529744	19660820	51739	1.546771
small_SRR7963242	SE	1	2	23	143	5	2811494664	2831155484	19660820	51739	1.555576
small_SRR7963242	SE	1	2	24	144	0	2831155484	2850816304	19660820	51739	1.536073
small_SRR7963242	SE	1	2	25	151	1	2968780844	2988441664	19660820	51739	1.624176
small_SRR7963242	SE	1	2	26	158	2	3106406584	3126067404	19660820	51739	1.556638
small_SRR7963242	SE	1	2	27	165	3	3244032324	3263693144	19660820	51739	1.529384
small_SRR7963242	SE	1	2	28	172	4	3381657684	3401318504	19660820	51739	1.5182
small_SRR7963242	SE	1	2	29	179	5	3430809924	3435724844	4914920	12934	0.460856
small_SRR7963242	SE	1	2	30	180	0	3435724844	3440640144	4915300	12935	0.591767
small_SRR7963242	SE	1	2	31	187	1	3470131564	3475046484	4914920	12934	0.45901
small_SRR7963242	SE	1	2	32	194	2	3504537904	3509452824	4914920	12934	0.474711
small_SRR7963242	SE	1	2	33	201	3	3538944244	3543859544	4915300	12935	0.517939
small_SRR7963242	SE	1	2	34	208	4	3573350584	3578265884	4915300	12935	0.42423
small_SRR7963242	SE	1	2	35	215	5	3607756924	3612672224	4915300	12935	0.526225
small_SRR7963242	SE	1	2	36	216	0	3612672224	3617587524	4915300	12935	0.451537
small_SRR7963242	SE	1	2	37	223	1	3647078564	3651993864	4915300	12935	0.535536
small_SRR7963242	SE	1	2	38	230	2	3681484904	3686400204	4915300	12935	0.559136
small_SRR7963242	SE	1	2	39	237	3	3715891244	3720806544	4915300	12935	0.556166
small_SRR7963242	SE	1	2	40	250	4	3746611204	3747840124	1228920	3234	0.243146
small_SRR7963242	SE	1	2	41	257	5	3755212884	3756441804	1228920	3234	0.239326
small_SRR7963242	SE	1	2	42	258	0	3756441804	3757670724	1228920	3234	0.192414
small_SRR7963242	SE	1	2	43	265	1	3765043484	3766272024	1228540	3233	0.223837
small_SRR7963242	SE	1	2	44	272	2	3773645164	3774873704	1228540	3233	0.19653
small_SRR7963242	SE	1	2	45	279	3	3782246464	3783475384	1228920	3234	0.29374
small_SRR7963242	SE	1	2	46	282	0	3785932844	3787161764	1228920	3234	0.245766
small_SRR7963242	SE	1	2	18	109	1	2143027544	2162688364	19660820	51739	1.5158
small_SRR7963242	SE	1	2	19	116	2	2280652904	2300313724	19660820	51739	1.577422
small_SRR7963242	SE	1	2	20	123	3	2418278644	2437939464	19660820	51739	1.576108
small_SRR7963242	SE	1	2	21	130	4	2555904004	2575564824	19660820	51739	1.503842
small_SRR7963242	SE	1	2	22	137	5	2693529744	2713190564	19660820	51739	1.565649
small_SRR7963242	SE	1	2	23	138	0	2713190564	2732851384	19660820	51739	1.68061
small_SRR7963242	SE	1	2	24	145	1	2850816304	2870477124	19660820	51739	1.545985
small_SRR7963242	SE	1	2	25	152	2	2988441664	3008102484	19660820	51739	1.626402
small_SRR7963242	SE	1	2	26	159	3	3126067404	3145728224	19660820	51739	1.534517
small_SRR7963242	SE	1	2	27	166	4	3263693144	3283353964	19660820	51739	1.61684
small_SRR7963242	SE	1	2	28	173	5	3401318504	3406233804	4915300	12935	0.407015
small_SRR7963242	SE	1	2	29	174	0	3406233804	3411149104	4915300	12935	0.553963
small_SRR7963242	SE	1	2	30	175	1	3411149104	3416064024	4914920	12934	0.493072
small_SRR7963242	SE	1	2	31	182	2	3445555444	3450470744	4915300	12935	0.536661
small_SRR7963242	SE	1	2	32	189	3	3479961784	3484877084	4915300	12935	0.413112
small_SRR7963242	SE	1	2	33	196	4	3514368124	3519283424	4915300	12935	0.426889
small_SRR7963242	SE	1	2	34	203	5	3548774464	3553689764	4915300	12935	0.474514
small_SRR7963242	SE	1	2	35	204	0	3553689764	3558605064	4915300	12935	0.453973
small_SRR7963242	SE	1	2	36	211	1	3588096104	3593011404	4915300	12935	0.573223
small_SRR7963242	SE	1	2	37	218	2	3622502444	3627417744	4915300	12935	0.565421
small_SRR7963242	SE	1	2	38	225	3	3656909164	3661824084	4914920	12934	0.432381
small_SRR7963242	SE	1	2	39	232	4	3691315504	3696230424	4914920	12934	0.472792
small_SRR7963242	SE	1	2	40	239	5	3725721844	3730637144	4915300	12935	0.486565
small_SRR7963242	SE	1	2	41	240	0	3730637144	3735552064	4914920	12934	0.465664
small_SRR7963242	SE	1	2	42	247	1	3742924824	3744153744	1228920	3234	0.164222
small_SRR7963242	SE	1	2	43	254	2	3751526504	3752755424	1228920	3234	0.25536
small_SRR7963242	SE	1	2	44	261	3	3760128184	3761357104	1228920	3234	0.232719
small_SRR7963242	SE	1	2	45	268	4	3768729864	3769958404	1228540	3233	0.263466
small_SRR7963242	SE	1	2	46	275	5	3777331544	3778560084	1228540	3233	0.273768
small_SRR7963242	SE	1	2	47	276	0	3778560084	3779789004	1228920	3234	0.298392
small_SRR7963242	SE	1	2	48	283	1	3787161764	3788390684	1228920	3234	0.529958
small_SRR7963242	SE	1	2	19	117	3	2300313724	2319974544	19660820	51739	1.551299
small_SRR7963242	SE	1	2	20	124	4	2437939464	2457600284	19660820	51739	1.566754
small_SRR7963242	SE	1	2	21	131	5	2575564824	2595225644	19660820	51739	1.758744
small_SRR7963242	SE	1	2	22	132	0	2595225644	2614886464	19660820	51739	1.618594
small_SRR7963242	SE	1	2	23	139	1	2732851384	2752512204	19660820	51739	1.531841
small_SRR7963242	SE	1	2	24	146	2	2870477124	2890137944	19660820	51739	1.575648
small_SRR7963242	SE	1	2	25	153	3	3008102484	3027763304	19660820	51739	1.618186
small_SRR7963242	SE	1	2	26	160	4	3145728224	3165389044	19660820	51739	1.553056
small_SRR7963242	SE	1	2	27	167	5	3283353964	3303014404	19660440	51738	1.552219
small_SRR7963242	SE	1	2	28	168	0	3303014404	3322675224	19660820	51739	1.583103
small_SRR7963242	SE	1	2	29	181	1	3440640144	3445555444	4915300	12935	0.452037
small_SRR7963242	SE	1	2	30	188	2	3475046484	3479961784	4915300	12935	0.563914
small_SRR7963242	SE	1	2	31	195	3	3509452824	3514368124	4915300	12935	0.568618
small_SRR7963242	SE	1	2	32	202	4	3543859544	3548774464	4914920	12934	0.450191
small_SRR7963242	SE	1	2	33	209	5	3578265884	3583180804	4914920	12934	0.432858
small_SRR7963242	SE	1	2	34	210	0	3583180804	3588096104	4915300	12935	0.540096
small_SRR7963242	SE	1	2	35	217	1	3617587524	3622502444	4914920	12934	0.465558
small_SRR7963242	SE	1	2	36	224	2	3651993864	3656909164	4915300	12935	0.540435
small_SRR7963242	SE	1	2	37	231	3	3686400204	3691315504	4915300	12935	0.483727
small_SRR7963242	SE	1	2	38	238	4	3720806544	3725721844	4915300	12935	0.445877
small_SRR7963242	SE	1	2	39	245	5	3740467364	3741696284	1228920	3234	0.280205
small_SRR7963242	SE	1	2	40	246	0	3741696284	3742924824	1228540	3233	0.202968
small_SRR7963242	SE	1	2	41	253	1	3750297964	3751526504	1228540	3233	0.188429
small_SRR7963242	SE	1	2	42	260	2	3758899264	3760128184	1228920	3234	0.193404
small_SRR7963242	SE	1	2	43	267	3	3767500944	3768729864	1228920	3234	0.331588
small_SRR7963242	SE	1	2	44	274	4	3776102624	3777331544	1228920	3234	0.205541
small_SRR7963242	SE	1	2	45	281	5	3784704304	3785932844	1228540	3233	0.231599
small_SRR7963242	SE	1	2	46	288	0	3793305604	3794534524	1228920	3234	0.22575
small_SRR7963242	SE	1	3	0	3	3	58982756	78643420	19660664	52289	2.429553
small_SRR7963242	SE	1	3	1	10	4	196608156	216268820	19660664	52289	1.666843
small_SRR7963242	SE	1	3	2	17	5	334233932	353894596	19660664	52289	1.539579
small_SRR7963242	SE	1	3	3	18	0	353894596	373555260	19660664	52289	1.539101
small_SRR7963242	SE	1	3	4	25	1	491520184	511181004	19660820	51739	1.558964
small_SRR7963242	SE	1	3	5	32	2	629145924	648806744	19660820	51739	1.491889
small_SRR7963242	SE	1	3	6	39	3	766771284	786432104	19660820	51739	1.518113
small_SRR7963242	SE	1	3	7	46	4	904397024	924057844	19660820	51739	1.5631
small_SRR7963242	SE	1	3	8	53	5	1042022764	1061683204	19660440	51738	1.625179
small_SRR7963242	SE	1	3	9	54	0	1061683204	1081344024	19660820	51739	1.567546
small_SRR7963242	SE	1	3	10	61	1	1199308944	1218969764	19660820	51739	1.827834
small_SRR7963242	SE	1	3	11	68	2	1336934684	1356595504	19660820	51739	1.549941
small_SRR7963242	SE	1	3	12	75	3	1474560044	1494220864	19660820	51739	1.516103
small_SRR7963242	SE	1	3	13	82	4	1612185784	1631846604	19660820	51739	1.538893
small_SRR7963242	SE	1	3	14	89	5	1749811524	1769472344	19660820	51739	1.553859
small_SRR7963242	SE	1	3	15	90	0	1769472344	1789133164	19660820	51739	1.471736
small_SRR7963242	SE	1	3	16	97	1	1907097704	1926758524	19660820	51739	1.568514
small_SRR7963242	SE	1	3	17	104	2	2044723444	2064384264	19660820	51739	1.661207
small_SRR7963242	SE	1	4	0	4	4	78643420	98304084	19660664	52289	2.449144
small_SRR7963242	SE	1	4	1	11	5	216268820	235929860	19661040	52290	1.616293
small_SRR7963242	SE	1	4	2	12	0	235929860	255590524	19660664	52289	1.598084
small_SRR7963242	SE	1	4	3	19	1	373555260	393216084	19660824	51795	1.551393
small_SRR7963242	SE	1	4	4	26	2	511181004	530841824	19660820	51739	1.56626
small_SRR7963242	SE	1	4	5	33	3	648806744	668467564	19660820	51739	1.513862
small_SRR7963242	SE	1	4	6	40	4	786432104	806092924	19660820	51739	1.597697
small_SRR7963242	SE	1	4	7	47	5	924057844	943718664	19660820	51739	1.544184
small_SRR7963242	SE	1	4	8	48	0	943718664	963379484	19660820	51739	1.548584
small_SRR7963242	SE	1	4	9	55	1	1081344024	1101004844	19660820	51739	1.498644
small_SRR7963242	SE	1	4	10	62	2	1218969764	1238630584	19660820	51739	1.48312
small_SRR7963242	SE	1	4	11	69	3	1356595504	1376256324	19660820	51739	1.49936
small_SRR7963242	SE	1	4	12	76	4	1494220864	1513881684	19660820	51739	1.564271
small_SRR7963242	SE	1	4	13	83	5	1631846604	1651507424	19660820	51739	1.503542
small_SRR7963242	SE	1	4	14	84	0	1651507424	1671168244	19660820	51739	1.516725
small_SRR7963242	SE	1	4	15	91	1	1789133164	1808793604	19660440	51738	1.539452
small_SRR7963242	SE	1	4	16	98	2	1926758524	1946419344	19660820	51739	1.577989
small_SRR7963242	SE	1	5	0	5	5	98304084	117965124	19661040	52290	2.332779
small_SRR7963242	SE	1	5	1	6	0	117965124	137625788	19660664	52289	1.575893
small_SRR7963242	SE	1	5	2	13	1	255590524	275251564	19661040	52290	1.59141
small_SRR7963242	SE	1	5	3	20	2	393216084	412876904	19660820	51739	1.451921
small_SRR7963242	SE	1	5	4	27	3	530841824	550502644	19660820	51739	1.561167
small_SRR7963242	SE	1	5	5	34	4	668467564	688128004	19660440	51738	1.542687
small_SRR7963242	SE	1	5	6	41	5	806092924	825753744	19660820	51739	1.533694
small_SRR7963242	SE	1	5	7	42	0	825753744	845414564	19660820	51739	1.575951
small_SRR7963242	SE	1	5	8	49	1	963379484	983040304	19660820	51739	1.531211
small_SRR7963242	SE	1	5	9	56	2	1101004844	1120665664	19660820	51739	1.582769
small_SRR7963242	SE	1	5	10	63	3	1238630584	1258291404	19660820	51739	1.621716
small_SRR7963242	SE	1	5	11	70	4	1376256324	1395917144	19660820	51739	1.617226
small_SRR7963242	SE	1	5	12	77	5	1513881684	1533542504	19660820	51739	1.662819
small_SRR7963242	SE	1	5	13	78	0	1533542504	1553203324	19660820	51739	1.598823
small_SRR7963242	SE	1	5	14	85	1	1671168244	1690829064	19660820	51739	1.566221
small_SRR7963242	SE	1	5	15	92	2	1808793604	1828454424	19660820	51739	1.59132
small_SRR7963242	SE	1	5	16	99	3	1946419344	1966080164	19660820	51739	1.588828
small_SRR7963242	SE	1	5	17	106	4	2084045084	2103705904	19660820	51739	1.512455
small_SRR7963242	SE	1	5	18	113	3	2182348804	2202009624	19660820	51739	1.527723
small_SRR7963242	SE	1	5	19	118	4	2319974544	2339635364	19660820	51739	1.664479
small_SRR7963242	SE	1	5	20	125	5	2457600284	2477261104	19660820	51739	1.574765
small_SRR7963242	SE	1	5	21	126	0	2477261104	2496921924	19660820	51739	1.549181
small_SRR7963242	SE	1	5	22	133	1	2614886464	2634547284	19660820	51739	1.502556
small_SRR7963242	SE	1	5	23	140	2	2752512204	2772173024	19660820	51739	1.574292
small_SRR7963242	SE	1	5	24	147	3	2890137944	2909798764	19660820	51739	1.557417
small_SRR7963242	SE	1	5	25	154	4	3027763304	3047424124	19660820	51739	1.559654
small_SRR7963242	SE	1	5	26	161	5	3165389044	3185049864	19660820	51739	1.622923
small_SRR7963242	SE	1	5	27	162	0	3185049864	3204710684	19660820	51739	1.526429
small_SRR7963242	SE	1	5	28	169	1	3322675224	3342336044	19660820	51739	1.642479
small_SRR7963242	SE	1	5	29	176	2	3416064024	3420979324	4915300	12935	0.502839
small_SRR7963242	SE	1	5	30	183	3	3450470744	3455385664	4914920	12934	0.577973
small_SRR7963242	SE	1	5	31	190	4	3484877084	3489792004	4914920	12934	0.479531
small_SRR7963242	SE	1	5	32	197	5	3519283424	3524198724	4915300	12935	0.452103
small_SRR7963242	SE	1	5	33	198	0	3524198724	3529113644	4914920	12934	0.497714
small_SRR7963242	SE	1	5	34	205	1	3558605064	3563520364	4915300	12935	0.475534
small_SRR7963242	SE	1	5	35	212	2	3593011404	3597926704	4915300	12935	0.461739
small_SRR7963242	SE	1	5	36	219	3	3627417744	3632333044	4915300	12935	0.445805
small_SRR7963242	SE	1	5	37	226	4	3661824084	3666739384	4915300	12935	0.454301
small_SRR7963242	SE	1	5	38	233	5	3696230424	3701145724	4915300	12935	0.507259
small_SRR7963242	SE	1	5	39	234	0	3701145724	3706061024	4915300	12935	0.458865
small_SRR7963242	SE	1	5	40	241	1	3735552064	3736780984	1228920	3234	0.205765
small_SRR7963242	SE	1	5	41	242	2	3736780984	3738009904	1228920	3234	0.199575
small_SRR7963242	SE	1	5	42	249	3	3745382664	3746611204	1228540	3233	0.214756
small_SRR7963242	SE	1	5	43	256	4	3753984344	3755212884	1228540	3233	0.224608
small_SRR7963242	SE	1	5	44	263	5	3762585644	3763814564	1228920	3234	0.221595
small_SRR7963242	SE	1	5	45	264	0	3763814564	3765043484	1228920	3234	0.263206
small_SRR7963242	SE	1	5	46	271	1	3772416244	3773645164	1228920	3234	0.176017
small_SRR7963242	SE	1	5	47	278	2	3781017924	3782246464	1228540	3233	0.193842
small_SRR7963242	SE	1	5	48	285	3	3789619224	3790848144	1228920	3234	0.17465
small_SRR7963242	SE	1	5	49	286	4	3790848144	3792077064	1228920	3234	0.151993
small_SRR7963242	SE	1	5	18	112	4	2202009624	2221670444	19660820	51739	1.523321
small_SRR7963242	SE	1	5	19	119	5	2339635364	2359296184	19660820	51739	1.629011
small_SRR7963242	SE	1	5	20	120	0	2359296184	2378957004	19660820	51739	1.568928
small_SRR7963242	SE	1	5	21	127	1	2496921924	2516582744	19660820	51739	1.549359
small_SRR7963242	SE	1	5	22	134	2	2634547284	2654208104	19660820	51739	1.51719
small_SRR7963242	SE	1	5	23	141	3	2772173024	2791833844	19660820	51739	1.692882
small_SRR7963242	SE	1	5	24	148	4	2909798764	2929459204	19660440	51738	1.551444
small_SRR7963242	SE	1	5	25	155	5	3047424124	3067084944	19660820	51739	1.641056
small_SRR7963242	SE	1	5	26	156	0	3067084944	3086745764	19660820	51739	1.529869
small_SRR7963242	SE	1	5	27	163	1	3204710684	3224371504	19660820	51739	1.55157
small_SRR7963242	SE	1	5	28	170	2	3342336044	3361996864	19660820	51739	1.602505
small_SRR7963242	SE	1	5	29	177	3	3420979324	3425894624	4915300	12935	0.548999
small_SRR7963242	SE	1	5	30	184	4	3455385664	3460300964	4915300	12935	0.503198
small_SRR7963242	SE	1	5	31	191	5	3489792004	3494707304	4915300	12935	0.490268
small_SRR7963242	SE	1	5	32	192	0	3494707304	3499622604	4915300	12935	0.462586
small_SRR7963242	SE	1	5	33	199	1	3529113644	3534028944	4915300	12935	0.474424
small_SRR7963242	SE	1	5	34	206	2	3563520364	3568435284	4914920	12934	0.469443
small_SRR7963242	SE	1	5	35	213	3	3597926704	3602841624	4914920	12934	0.645252
small_SRR7963242	SE	1	5	36	220	4	3632333044	3637248344	4915300	12935	0.560253
small_SRR7963242	SE	1	5	37	227	5	3666739384	3671654684	4915300	12935	0.590993
small_SRR7963242	SE	1	5	38	228	0	3671654684	3676569604	4914920	12934	0.437379
small_SRR7963242	SE	1	5	39	235	1	3706061024	3710976324	4915300	12935	0.51522
small_SRR7963242	SE	1	5	40	248	2	3744153744	3745382664	1228920	3234	0.230426
small_SRR7963242	SE	1	5	41	255	3	3752755424	3753984344	1228920	3234	0.182897
small_SRR7963242	SE	1	5	42	262	4	3761357104	3762585644	1228540	3233	0.263545
small_SRR7963242	SE	1	5	43	269	5	3769958404	3771187324	1228920	3234	0.246231
small_SRR7963242	SE	1	5	44	270	0	3771187324	3772416244	1228920	3234	0.209185
small_SRR7963242	SE	1	5	45	277	1	3779789004	3781017924	1228920	3234	0.193242
small_SRR7963242	SE	1	5	46	284	2	3788390684	3789619224	1228540	3233	0.286097
small_SRR7963242	SE	1	5	47	289	1	3794534524	3795555588	1021064	2687	0.227619
small_SRR7963242	SE	1	5	19	114	0	2241331264	2260992084	19660820	51739	1.541024
small_SRR7963242	SE	1	5	20	121	1	2378957004	2398617824	19660820	51739	1.581562
small_SRR7963242	SE	1	5	21	128	2	2516582744	2536243564	19660820	51739	1.556664
small_SRR7963242	SE	1	5	22	135	3	2654208104	2673868924	19660820	51739	1.79391
small_SRR7963242	SE	1	5	23	142	4	2791833844	2811494664	19660820	51739	1.530764
small_SRR7963242	SE	1	5	24	149	5	2929459204	2949120024	19660820	51739	1.553744
small_SRR7963242	SE	1	5	25	150	0	2949120024	2968780844	19660820	51739	1.530577
small_SRR7963242	SE	1	5	26	157	1	3086745764	3106406584	19660820	51739	1.595101
small_SRR7963242	SE	1	5	27	164	2	3224371504	3244032324	19660820	51739	1.557145
small_SRR7963242	SE	1	5	28	171	3	3361996864	3381657684	19660820	51739	1.595717
small_SRR7963242	SE	1	5	29	178	4	3425894624	3430809924	4915300	12935	0.458424
small_SRR7963242	SE	1	5	30	185	5	3460300964	3465216264	4915300	12935	0.431465
small_SRR7963242	SE	1	5	31	186	0	3465216264	3470131564	4915300	12935	0.488348
small_SRR7963242	SE	1	5	32	193	1	3499622604	3504537904	4915300	12935	0.470808
small_SRR7963242	SE	1	5	33	200	2	3534028944	3538944244	4915300	12935	0.43599
small_SRR7963242	SE	1	5	34	207	3	3568435284	3573350584	4915300	12935	0.470927
small_SRR7963242	SE	1	5	35	214	4	3602841624	3607756924	4915300	12935	0.447104
small_SRR7963242	SE	1	5	36	221	5	3637248344	3642163264	4914920	12934	0.450815
small_SRR7963242	SE	1	5	37	222	0	3642163264	3647078564	4915300	12935	0.475592
small_SRR7963242	SE	1	5	38	229	1	3676569604	3681484904	4915300	12935	0.495909
small_SRR7963242	SE	1	5	39	236	2	3710976324	3715891244	4914920	12934	0.447874
small_SRR7963242	SE	1	5	40	243	3	3738009904	3739238444	1228540	3233	0.220939
small_SRR7963242	SE	1	5	41	244	4	3739238444	3740467364	1228920	3234	0.223318
small_SRR7963242	SE	1	5	42	251	5	3747840124	3749069044	1228920	3234	0.23494
small_SRR7963242	SE	1	5	43	252	0	3749069044	3750297964	1228920	3234	0.221816
small_SRR7963242	SE	1	5	44	259	1	3757670724	3758899264	1228540	3233	0.20278
small_SRR7963242	SE	1	5	45	266	2	3766272024	3767500944	1228920	3234	0.229215
small_SRR7963242	SE	1	5	46	273	3	3774873704	3776102624	1228920	3234	0.161585
small_SRR7963242	SE	1	5	47	280	4	3783475384	3784704304	1228920	3234	0.201297
small_SRR7963242	SE	1	5	48	287	5	3792077064	3793305604	1228540	3233	0.261595
