[M::main_mem] mean insert size: 170.000, stddev: 80.000, max: 500, min: 1
[MPI input] mode=dynamic chunks=274 bytes_per_cg=19660800 cg_count=1 chunk_bytes=19660800 micro_chunk_bytes=4915200 fine_chunk_bytes=1228800 tail_percent=10 fine_tail_waves=2 file_bytes=3536060312 scheduler=distributed read_index=exact
malloc bwt->bwt 3107576584, 0x500008804020
malloc bwt->bwt 3107576584, 0x500008804020
malloc bwt->bwt 3107576584, 0x500008804020
malloc bwt->bwt 3107576584, 0x500008804020
malloc bwt->bwt 3107576584, 0x500008804020
malloc bwt->bwt 3107576584, 0x500008804020
malloc bwt->sa 1553788264, 0x5000c1ba1b40
malloc bwt->sa 1553788264, 0x5000c1ba1b40
malloc bwt->sa 1553788264, 0x5000c1ba1b40
malloc bwt->sa 1553788264, 0x5000c1ba1b40
malloc bwt->sa 1553788264, 0x5000c1ba1b40
malloc bwt->sa 1553788264, 0x5000c1ba1b40
[M::bwa_idx_load_from_disk] read 0 ALT contigs
[M::bwa_idx_load_from_disk] read 0 ALT contigs
[M::bwa_idx_load_from_disk] read 0 ALT contigs
[M::bwa_idx_load_from_disk] read 0 ALT contigs
[M::bwa_idx_load_from_disk] read 0 ALT contigs
[M::bwa_idx_load_from_disk] read 0 ALT contigs
malloc pac 776894131, 0x50011e5708c0
malloc pac 776894131, 0x50011e5708c0
malloc pac 776894131, 0x50011e5708c0
malloc pac 776894131, 0x50011e5708c0
malloc pac 776894131, 0x50011e5708c0
malloc pac 776894131, 0x50011e5708c0
the input file is ../data/bwa_test_big_data/SRR2496709_1.fastq
[MPI rank 000000/000006] output: (discard)
[MPI rank 000001/000006] output: (discard)
[MPI rank 000002/000006] output: (discard)
[MPI rank 000003/000006] output: (discard)
[MPI rank 000004/000006] output: (discard)
[MPI rank 000005/000006] output: (discard)
[M::process] read chunk (19660800 bytes/CG x 1 CGs, 19660888 bytes)...
[M::process] read chunk (19660800 bytes/CG x 1 CGs, 19660772 bytes)...
[M::process] read chunk (19660800 bytes/CG x 1 CGs, 19660860 bytes)...
[M::process] read chunk (19660800 bytes/CG x 1 CGs, 19660860 bytes)...
[M::process] read chunk (19660800 bytes/CG x 1 CGs, 19660860 bytes)...
[M::process] read chunk (19660800 bytes/CG x 1 CGs, 19660584 bytes)...
[M::mem_process_seqs_merge2] CPE FASTQ formatting done
[M::mem_process_seqs_merge2] CPE FASTQ formatting done
[M::mem_process_seqs_merge2] CPE FASTQ formatting done
[M::mem_process_seqs_merge2] CPE FASTQ formatting done
[M::mem_process_seqs_merge2] CPE FASTQ formatting done
[M::mem_process_seqs_merge2] CPE FASTQ formatting done
slave pre done
now n is 72446
slave pre done
now n is 71235
processed 72446
[M::mem_process_seqs_merge2] Processed 72446 reads in 0.520 CPU sec, 1.357 real sec
processed 71235
[M::mem_process_seqs_merge2] Processed 71235 reads in 0.510 CPU sec, 1.346 real sec
slave pre done
now n is 71634
processed 71634
[M::mem_process_seqs_merge2] Processed 71634 reads in 0.530 CPU sec, 1.194 real sec
slave pre done
now n is 71235
processed 71235
[M::mem_process_seqs_merge2] Processed 71235 reads in 0.550 CPU sec, 1.248 real sec
[M::process] read chunk (19660800 bytes/CG x 1 CGs, 19660860 bytes)...
[M::process] read chunk (19660800 bytes/CG x 1 CGs, 19660584 bytes)...
[M::process] read chunk (19660800 bytes/CG x 1 CGs, 19660860 bytes)...
slave pre done
now n is 71235
processed 71235
[M::mem_process_seqs_merge2] Processed 71235 reads in 0.530 CPU sec, 1.390 real sec
[M::process] read chunk (19660800 bytes/CG x 1 CGs, 19660860 bytes)...
slave pre done
now n is 71234
processed 71234
[M::mem_process_seqs_merge2] Processed 71234 reads in 0.520 CPU sec, 1.383 real sec
[M::process] read chunk (19660800 bytes/CG x 1 CGs, 19660860 bytes)...
[M::process] read chunk (19660800 bytes/CG x 1 CGs, 19660860 bytes)...
[M::mem_process_seqs_merge2] CPE FASTQ formatting done
[M::mem_process_seqs_merge2] CPE FASTQ formatting done
[M::mem_process_seqs_merge2] CPE FASTQ formatting done
[M::mem_process_seqs_merge2] CPE FASTQ formatting done
[M::mem_process_seqs_merge2] CPE FASTQ formatting done
[M::mem_process_seqs_merge2] CPE FASTQ formatting done
slave pre done
now n is 71234
processed 71234
[M::mem_process_seqs_merge2] Processed 71234 reads in 0.030 CPU sec, 0.703 real sec
slave pre done
now n is 71235
slave pre done
now n is 71235
slave pre done
now n is 71235
processed 71235
[M::mem_process_seqs_merge2] Processed 71235 reads in 0.030 CPU sec, 0.710 real sec
processed 71235
[M::mem_process_seqs_merge2] Processed 71235 reads in 0.010 CPU sec, 0.886 real sec
processed 71235
[M::mem_process_seqs_merge2] Processed 71235 reads in 0.040 CPU sec, 0.749 real sec
[M::process] read chunk (19660800 bytes/CG x 1 CGs, 19660760 bytes)...
slave pre done
now n is 71235
processed 71235
[M::mem_process_seqs_merge2] Processed 71235 reads in 0.030 CPU sec, 0.747 real sec
[M::process] read chunk (19660800 bytes/CG x 1 CGs, 19660760 bytes)...
[M::process] read chunk (19660800 bytes/CG x 1 CGs, 19660760 bytes)...
slave pre done
now n is 71235
processed 71235
[M::mem_process_seqs_merge2] Processed 71235 reads in 0.010 CPU sec, 0.883 real sec
[M::process] read chunk (19660800 bytes/CG x 1 CGs, 19660860 bytes)...
[M::process] read chunk (19660800 bytes/CG x 1 CGs, 19660836 bytes)...
[M::process] read chunk (19660800 bytes/CG x 1 CGs, 19660860 bytes)...
[M::mem_process_seqs_merge2] CPE FASTQ formatting done
[M::mem_process_seqs_merge2] CPE FASTQ formatting done
[M::mem_process_seqs_merge2] CPE FASTQ formatting done
[M::mem_process_seqs_merge2] CPE FASTQ formatting done
[M::mem_process_seqs_merge2] CPE FASTQ formatting done
[M::mem_process_seqs_merge2] CPE FASTQ formatting done
slave pre done
now n is 70217
processed 70217
[M::mem_process_seqs_merge2] Processed 70217 reads in 0.010 CPU sec, 0.775 real sec
[M::process] read chunk (19660800 bytes/CG x 1 CGs, 19660760 bytes)...
slave pre done
now n is 71235
processed 71235
[M::mem_process_seqs_merge2] Processed 71235 reads in 0.020 CPU sec, 0.781 real sec
slave pre done
now n is 70233
processed 70233
[M::mem_process_seqs_merge2] Processed 70233 reads in 0.010 CPU sec, 0.657 real sec
slave pre done
now n is 70217
[M::process] read chunk (19660800 bytes/CG x 1 CGs, 19660760 bytes)...
[M::mem_process_seqs_merge2] CPE FASTQ formatting done
processed 70217
[M::mem_process_seqs_merge2] Processed 70217 reads in 0.020 CPU sec, 0.947 real sec
[M::process] read chunk (19660800 bytes/CG x 1 CGs, 19661040 bytes)...
slave pre done
now n is 71235
processed 71235
[M::mem_process_seqs_merge2] Processed 71235 reads in 0.030 CPU sec, 0.915 real sec
[M::process] read chunk (19660800 bytes/CG x 1 CGs, 19660760 bytes)...
[M::mem_process_seqs_merge2] CPE FASTQ formatting done
[M::process] read chunk (19660800 bytes/CG x 1 CGs, 19660760 bytes)...
[M::mem_process_seqs_merge2] CPE FASTQ formatting done
slave pre done
now n is 70217
[M::mem_process_seqs_merge2] CPE FASTQ formatting done
processed 70217
[M::mem_process_seqs_merge2] Processed 70217 reads in 0.030 CPU sec, 0.828 real sec
[M::mem_process_seqs_merge2] CPE FASTQ formatting done
slave pre done
now n is 70217
processed 70217
[M::mem_process_seqs_merge2] Processed 70217 reads in 0.080 CPU sec, 1.744 real sec
[M::process] read chunk (19660800 bytes/CG x 1 CGs, 19660760 bytes)...
[M::process] read chunk (19660800 bytes/CG x 1 CGs, 19660760 bytes)...
slave pre done
now n is 70217
processed 70217
[M::mem_process_seqs_merge2] Processed 70217 reads in 0.010 CPU sec, 0.859 real sec
[M::mem_process_seqs_merge2] CPE FASTQ formatting done
[M::process] read chunk (19660800 bytes/CG x 1 CGs, 19660760 bytes)...
[M::mem_process_seqs_merge2] CPE FASTQ formatting done
slave pre done
now n is 70218
processed 70218
[M::mem_process_seqs_merge2] Processed 70218 reads in 0.010 CPU sec, 0.886 real sec
slave pre done
now n is 70217
processed 70217
[M::mem_process_seqs_merge2] Processed 70217 reads in 0.060 CPU sec, 0.754 real sec
[M::mem_process_seqs_merge2] CPE FASTQ formatting done
slave pre done
now n is 70217
processed 70217
[M::mem_process_seqs_merge2] Processed 70217 reads in 0.030 CPU sec, 0.858 real sec
[M::process] read chunk (19660800 bytes/CG x 1 CGs, 19660760 bytes)...
[M::process] read chunk (19660800 bytes/CG x 1 CGs, 19661040 bytes)...
[M::process] read chunk (19660800 bytes/CG x 1 CGs, 19660760 bytes)...
slave pre done
now n is 70217
processed 70217
[M::mem_process_seqs_merge2] Processed 70217 reads in 0.030 CPU sec, 0.764 real sec
[M::mem_process_seqs_merge2] CPE FASTQ formatting done
slave pre done
now n is 70217
processed 70217
[M::mem_process_seqs_merge2] Processed 70217 reads in 0.020 CPU sec, 0.897 real sec
[M::mem_process_seqs_merge2] CPE FASTQ formatting done
[M::process] read chunk (19660800 bytes/CG x 1 CGs, 19660760 bytes)...
[M::mem_process_seqs_merge2] CPE FASTQ formatting done
[M::process] read chunk (19660800 bytes/CG x 1 CGs, 19660760 bytes)...
slave pre done
now n is 70217
processed 70217
[M::mem_process_seqs_merge2] Processed 70217 reads in 0.020 CPU sec, 0.906 real sec
[M::process] read chunk (19660800 bytes/CG x 1 CGs, 19660760 bytes)...
[M::mem_process_seqs_merge2] CPE FASTQ formatting done
slave pre done
now n is 70217
processed 70217
[M::mem_process_seqs_merge2] Processed 70217 reads in 0.020 CPU sec, 0.735 real sec
[M::mem_process_seqs_merge2] CPE FASTQ formatting done
slave pre done
now n is 70218
processed 70218
[M::mem_process_seqs_merge2] Processed 70218 reads in 0.010 CPU sec, 0.800 real sec
[M::process] read chunk (19660800 bytes/CG x 1 CGs, 19660760 bytes)...
[M::process] read chunk (19660800 bytes/CG x 1 CGs, 19661040 bytes)...
[M::mem_process_seqs_merge2] CPE FASTQ formatting done
[M::mem_process_seqs_merge2] CPE FASTQ formatting done
[M::mem_process_seqs_merge2] CPE FASTQ formatting done
slave pre done
now n is 70217
processed 70217
[M::mem_process_seqs_merge2] Processed 70217 reads in 0.020 CPU sec, 0.891 real sec
slave pre done
now n is 70217
processed 70217
[M::mem_process_seqs_merge2] Processed 70217 reads in 0.020 CPU sec, 0.889 real sec
[M::process] read chunk (19660800 bytes/CG x 1 CGs, 19660760 bytes)...
[M::process] read chunk (19660800 bytes/CG x 1 CGs, 19660760 bytes)...
slave pre done
now n is 70217
processed 70217
[M::mem_process_seqs_merge2] Processed 70217 reads in 0.030 CPU sec, 0.744 real sec
[M::mem_process_seqs_merge2] CPE FASTQ formatting done
[M::process] read chunk (19660800 bytes/CG x 1 CGs, 19660760 bytes)...
slave pre done
now n is 70217
slave pre done
now n is 70217
slave pre done
now n is 70218
[M::mem_process_seqs_merge2] CPE FASTQ formatting done
processed 70217
[M::mem_process_seqs_merge2] Processed 70217 reads in 0.040 CPU sec, 0.924 real sec
processed 70217
[M::mem_process_seqs_merge2] Processed 70217 reads in 0.130 CPU sec, 2.112 real sec
processed 70218
[M::mem_process_seqs_merge2] Processed 70218 reads in 0.020 CPU sec, 0.895 real sec
[M::mem_process_seqs_merge2] CPE FASTQ formatting done
[M::process] read chunk (19660800 bytes/CG x 1 CGs, 19660760 bytes)...
[M::process] read chunk (19660800 bytes/CG x 1 CGs, 19660760 bytes)...
[M::process] read chunk (19660800 bytes/CG x 1 CGs, 19660760 bytes)...
slave pre done
now n is 70217
processed 70217
[M::mem_process_seqs_merge2] Processed 70217 reads in 0.020 CPU sec, 0.765 real sec
[M::process] read chunk (19660800 bytes/CG x 1 CGs, 19660760 bytes)...
slave pre done
now n is 70217
processed 70217
[M::mem_process_seqs_merge2] Processed 70217 reads in 0.010 CPU sec, 0.631 real sec
[M::mem_process_seqs_merge2] CPE FASTQ formatting done
[M::mem_process_seqs_merge2] CPE FASTQ formatting done
[M::process] read chunk (19660800 bytes/CG x 1 CGs, 19660760 bytes)...
slave pre done
now n is 70217
processed 70217
[M::mem_process_seqs_merge2] Processed 70217 reads in 0.030 CPU sec, 0.818 real sec
[M::mem_process_seqs_merge2] CPE FASTQ formatting done
[M::process] read chunk (19660800 bytes/CG x 1 CGs, 19660760 bytes)...
[M::mem_process_seqs_merge2] CPE FASTQ formatting done
slave pre done
now n is 70217
processed 70217
[M::mem_process_seqs_merge2] Processed 70217 reads in 0.030 CPU sec, 0.808 real sec
slave pre done
now n is 70217
processed 70217
[M::mem_process_seqs_merge2] Processed 70217 reads in 0.010 CPU sec, 0.736 real sec
[M::process] read chunk (19660800 bytes/CG x 1 CGs, 19660760 bytes)...
[M::process] read chunk (19660800 bytes/CG x 1 CGs, 19660760 bytes)...
slave pre done
now n is 70217
processed 70217
[M::mem_process_seqs_merge2] Processed 70217 reads in 0.000 CPU sec, 0.757 real sec
[M::process] read chunk (19660800 bytes/CG x 1 CGs, 19660760 bytes)...
[DBG stage1] slow fread: R1 offset=904396944 requested=19660760 read=19660760 elapsed=1.091 s
[M::mem_process_seqs_merge2] CPE FASTQ formatting done
slave pre done
now n is 70217
processed 70217
[M::mem_process_seqs_merge2] Processed 70217 reads in 0.020 CPU sec, 0.962 real sec
[DBG stage1] slow fread: R1 offset=806092864 requested=19660760 read=19660760 elapsed=1.065 s
[M::mem_process_seqs_merge2] CPE FASTQ formatting done
[M::process] read chunk (19660800 bytes/CG x 1 CGs, 19660760 bytes)...
slave pre done
now n is 70217
processed 70217
[M::mem_process_seqs_merge2] Processed 70217 reads in 0.010 CPU sec, 0.687 real sec
[M::process] read chunk (19660800 bytes/CG x 1 CGs, 19660760 bytes)...
slave pre done
now n is 70217
processed 70217
[M::mem_process_seqs_merge2] Processed 70217 reads in 0.020 CPU sec, 0.821 real sec
[DBG stage1] slow fread: R1 offset=884736184 requested=19660760 read=19660760 elapsed=1.042 s
[DBG stage1] slow fread: R1 offset=845414664 requested=19660760 read=19660760 elapsed=1.043 s
[M::mem_process_seqs_merge2] CPE FASTQ formatting done
[M::mem_process_seqs_merge2] CPE FASTQ formatting done
[M::process] read chunk (19660800 bytes/CG x 1 CGs, 19661040 bytes)...
[DBG stage1] slow fread: R1 offset=924057704 requested=19660760 read=19660760 elapsed=1.425 s
[M::mem_process_seqs_merge2] CPE FASTQ formatting done
[M::mem_process_seqs_merge2] CPE FASTQ formatting done
slave pre done
now n is 70217
processed 70217
[M::mem_process_seqs_merge2] Processed 70217 reads in 0.020 CPU sec, 0.801 real sec
[M::mem_process_seqs_merge2] CPE FASTQ formatting done
[M::mem_process_seqs_merge2] CPE FASTQ formatting done
slave pre done
now n is 70217
processed 70217
[M::mem_process_seqs_merge2] Processed 70217 reads in 0.020 CPU sec, 0.971 real sec
[M::process] read chunk (19660800 bytes/CG x 1 CGs, 19660760 bytes)...
[M::process] read chunk (19660800 bytes/CG x 1 CGs, 19660760 bytes)...
slave pre done
now n is 70217
slave pre done
now n is 70217
processed 70217
[M::mem_process_seqs_merge2] Processed 70217 reads in 0.030 CPU sec, 0.749 real sec
processed 70217
[M::mem_process_seqs_merge2] Processed 70217 reads in 0.030 CPU sec, 0.873 real sec
[M::mem_process_seqs_merge2] CPE FASTQ formatting done
[M::process] read chunk (19660800 bytes/CG x 1 CGs, 19660760 bytes)...
[M::process] read chunk (19660800 bytes/CG x 1 CGs, 19660760 bytes)...
[M::mem_process_seqs_merge2] CPE FASTQ formatting done
slave pre done
now n is 70217
[M::mem_process_seqs_merge2] CPE FASTQ formatting done
processed 70217
[M::mem_process_seqs_merge2] Processed 70217 reads in 0.020 CPU sec, 0.802 real sec
[M::mem_process_seqs_merge2] CPE FASTQ formatting done
slave pre done
now n is 70218
processed 70218
[M::mem_process_seqs_merge2] Processed 70218 reads in 0.040 CPU sec, 0.901 real sec
[M::process] read chunk (19660800 bytes/CG x 1 CGs, 19660760 bytes)...
[M::process] read chunk (19660800 bytes/CG x 1 CGs, 19661040 bytes)...
slave pre done
now n is 70217
processed 70217
[M::mem_process_seqs_merge2] Processed 70217 reads in 0.010 CPU sec, 0.784 real sec
[M::mem_process_seqs_merge2] CPE FASTQ formatting done
[M::process] read chunk (19660800 bytes/CG x 1 CGs, 19660760 bytes)...
[M::mem_process_seqs_merge2] CPE FASTQ formatting done
slave pre done
now n is 70217
processed 70217
[M::mem_process_seqs_merge2] Processed 70217 reads in 0.050 CPU sec, 0.973 real sec
[M::mem_process_seqs_merge2] CPE FASTQ formatting done
[M::process] read chunk (19660800 bytes/CG x 1 CGs, 19660760 bytes)...
slave pre done
now n is 70217
processed 70217
[M::mem_process_seqs_merge2] Processed 70217 reads in 0.020 CPU sec, 0.984 real sec
slave pre done
now n is 70217
processed 70217
[M::mem_process_seqs_merge2] Processed 70217 reads in 0.020 CPU sec, 1.020 real sec
[M::process] read chunk (19660800 bytes/CG x 1 CGs, 19660760 bytes)...
[M::mem_process_seqs_merge2] CPE FASTQ formatting done
[M::process] read chunk (19660800 bytes/CG x 1 CGs, 19660760 bytes)...
slave pre done
now n is 70217
processed 70217
[M::mem_process_seqs_merge2] Processed 70217 reads in 0.010 CPU sec, 0.777 real sec
[M::mem_process_seqs_merge2] CPE FASTQ formatting done
[M::process] read chunk (19660800 bytes/CG x 1 CGs, 19660760 bytes)...
[M::mem_process_seqs_merge2] CPE FASTQ formatting done
slave pre done
now n is 70218
processed 70218
[M::mem_process_seqs_merge2] Processed 70218 reads in 0.050 CPU sec, 1.065 real sec
slave pre done
now n is 70217
processed 70217
[M::mem_process_seqs_merge2] Processed 70217 reads in 0.040 CPU sec, 0.873 real sec
[M::process] read chunk (19660800 bytes/CG x 1 CGs, 19661040 bytes)...
[M::mem_process_seqs_merge2] CPE FASTQ formatting done
[M::process] read chunk (19660800 bytes/CG x 1 CGs, 19660760 bytes)...
slave pre done
now n is 70217
processed 70217
[M::mem_process_seqs_merge2] Processed 70217 reads in 0.040 CPU sec, 0.934 real sec
slave pre done
now n is 70217
processed 70217
[M::mem_process_seqs_merge2] Processed 70217 reads in 0.020 CPU sec, 0.856 real sec
[M::process] read chunk (19660800 bytes/CG x 1 CGs, 19660760 bytes)...
[M::process] read chunk (19660800 bytes/CG x 1 CGs, 19660760 bytes)...
[M::mem_process_seqs_merge2] CPE FASTQ formatting done
slave pre done
now n is 70217
[M::mem_process_seqs_merge2] CPE FASTQ formatting done
processed 70217
[M::mem_process_seqs_merge2] Processed 70217 reads in 0.010 CPU sec, 0.911 real sec
[M::mem_process_seqs_merge2] CPE FASTQ formatting done
[M::process] read chunk (19660800 bytes/CG x 1 CGs, 19660760 bytes)...
slave pre done
now n is 70217
[M::mem_process_seqs_merge2] CPE FASTQ formatting done
processed 70217
[M::mem_process_seqs_merge2] Processed 70217 reads in 0.010 CPU sec, 0.899 real sec
[M::process] read chunk (19660800 bytes/CG x 1 CGs, 19660760 bytes)...
[M::mem_process_seqs_merge2] CPE FASTQ formatting done
slave pre done
now n is 70218
processed 70218
[M::mem_process_seqs_merge2] Processed 70218 reads in 0.050 CPU sec, 0.826 real sec
slave pre done
now n is 70217
processed 70217
[M::mem_process_seqs_merge2] Processed 70217 reads in 0.020 CPU sec, 0.693 real sec
slave pre done
now n is 70217
processed 70217
[M::mem_process_seqs_merge2] Processed 70217 reads in 0.010 CPU sec, 0.878 real sec
[M::mem_process_seqs_merge2] CPE FASTQ formatting done
[M::process] read chunk (19660800 bytes/CG x 1 CGs, 19661040 bytes)...
slave pre done
now n is 70217
processed 70217
[M::mem_process_seqs_merge2] Processed 70217 reads in 0.030 CPU sec, 0.679 real sec
[M::process] read chunk (19660800 bytes/CG x 1 CGs, 19660760 bytes)...
[M::process] read chunk (19660800 bytes/CG x 1 CGs, 19660760 bytes)...
[M::process] read chunk (19660800 bytes/CG x 1 CGs, 19660760 bytes)...
slave pre done
now n is 70217
processed 70217
[M::mem_process_seqs_merge2] Processed 70217 reads in 0.010 CPU sec, 0.702 real sec
[M::mem_process_seqs_merge2] CPE FASTQ formatting done
[M::mem_process_seqs_merge2] CPE FASTQ formatting done
[M::process] read chunk (19660800 bytes/CG x 1 CGs, 19660760 bytes)...
[M::mem_process_seqs_merge2] CPE FASTQ formatting done
[M::mem_process_seqs_merge2] CPE FASTQ formatting done
slave pre done
now n is 70217
processed 70217
[M::mem_process_seqs_merge2] Processed 70217 reads in 0.030 CPU sec, 0.763 real sec
[M::process] read chunk (19660800 bytes/CG x 1 CGs, 19660760 bytes)...
[M::mem_process_seqs_merge2] CPE FASTQ formatting done
slave pre done
now n is 70218
processed 70218
[M::mem_process_seqs_merge2] Processed 70218 reads in 0.020 CPU sec, 0.694 real sec
[M::process] read chunk (19660800 bytes/CG x 1 CGs, 19661040 bytes)...
[M::mem_process_seqs_merge2] CPE FASTQ formatting done
slave pre done
now n is 70217
slave pre done
now n is 70217
processed 70217
[M::mem_process_seqs_merge2] Processed 70217 reads in 0.020 CPU sec, 0.767 real sec
processed 70217
[M::mem_process_seqs_merge2] Processed 70217 reads in 0.040 CPU sec, 0.931 real sec
slave pre done
now n is 70217
processed 70217
[M::mem_process_seqs_merge2] Processed 70217 reads in 0.030 CPU sec, 0.732 real sec
[M::mem_process_seqs_merge2] CPE FASTQ formatting done
[M::process] read chunk (19660800 bytes/CG x 1 CGs, 19660760 bytes)...
[M::process] read chunk (19660800 bytes/CG x 1 CGs, 19660760 bytes)...
[M::process] read chunk (19660800 bytes/CG x 1 CGs, 19660760 bytes)...
slave pre done
now n is 70217
processed 70217
[M::mem_process_seqs_merge2] Processed 70217 reads in 0.010 CPU sec, 0.786 real sec
[M::process] read chunk (19660800 bytes/CG x 1 CGs, 19660760 bytes)...
[M::mem_process_seqs_merge2] CPE FASTQ formatting done
[M::mem_process_seqs_merge2] CPE FASTQ formatting done
[M::mem_process_seqs_merge2] CPE FASTQ formatting done
slave pre done
now n is 70217
processed 70217
[M::mem_process_seqs_merge2] Processed 70217 reads in 0.010 CPU sec, 0.852 real sec
[M::mem_process_seqs_merge2] CPE FASTQ formatting done
[M::process] read chunk (19660800 bytes/CG x 1 CGs, 19660760 bytes)...
slave pre done
now n is 70218
processed 70218
[M::mem_process_seqs_merge2] Processed 70218 reads in 0.070 CPU sec, 1.126 real sec
[M::mem_process_seqs_merge2] CPE FASTQ formatting done
slave pre done
now n is 70217
processed 70217
[M::mem_process_seqs_merge2] Processed 70217 reads in 0.020 CPU sec, 0.734 real sec
[M::process] read chunk (19660800 bytes/CG x 1 CGs, 19661040 bytes)...
slave pre done
now n is 70217
slave pre done
now n is 70217
processed 70217
[M::mem_process_seqs_merge2] Processed 70217 reads in 0.020 CPU sec, 0.745 real sec
processed 70217
[M::mem_process_seqs_merge2] Processed 70217 reads in 0.030 CPU sec, 0.767 real sec
[M::process] read chunk (19660800 bytes/CG x 1 CGs, 19660760 bytes)...
slave pre done
now n is 70217
processed 70217
[M::mem_process_seqs_merge2] Processed 70217 reads in 0.010 CPU sec, 0.718 real sec
[M::process] read chunk (19660800 bytes/CG x 1 CGs, 19660760 bytes)...
[M::process] read chunk (19660800 bytes/CG x 1 CGs, 19660760 bytes)...
[M::process] read chunk (19660800 bytes/CG x 1 CGs, 19660760 bytes)...
[M::mem_process_seqs_merge2] CPE FASTQ formatting done
[M::mem_process_seqs_merge2] CPE FASTQ formatting done
[M::mem_process_seqs_merge2] CPE FASTQ formatting done
[M::mem_process_seqs_merge2] CPE FASTQ formatting done
[M::mem_process_seqs_merge2] CPE FASTQ formatting done
slave pre done
now n is 70217
processed 70217
[M::mem_process_seqs_merge2] Processed 70217 reads in 0.010 CPU sec, 0.903 real sec
[M::process] read chunk (19660800 bytes/CG x 1 CGs, 19660760 bytes)...
[M::mem_process_seqs_merge2] CPE FASTQ formatting done
slave pre done
now n is 70218
slave pre done
now n is 70217
processed 70218
[M::mem_process_seqs_merge2] Processed 70218 reads in 0.020 CPU sec, 0.774 real sec
processed 70217
[M::mem_process_seqs_merge2] Processed 70217 reads in 0.030 CPU sec, 0.737 real sec
[M::process] read chunk (19660800 bytes/CG x 1 CGs, 19660760 bytes)...
[M::process] read chunk (19660800 bytes/CG x 1 CGs, 19660760 bytes)...
slave pre done
now n is 70217
processed 70217
[M::mem_process_seqs_merge2] Processed 70217 reads in 0.010 CPU sec, 0.800 real sec
[M::mem_process_seqs_merge2] CPE FASTQ formatting done
slave pre done
now n is 70217
[M::process] read chunk (19660800 bytes/CG x 1 CGs, 19661040 bytes)...
processed 70217
[M::mem_process_seqs_merge2] Processed 70217 reads in 0.030 CPU sec, 0.976 real sec
[M::mem_process_seqs_merge2] CPE FASTQ formatting done
[M::process] read chunk (19660800 bytes/CG x 1 CGs, 19660760 bytes)...
[M::mem_process_seqs_merge2] CPE FASTQ formatting done
[M::mem_process_seqs_merge2] CPE FASTQ formatting done
slave pre done
now n is 70217
processed 70217
[M::mem_process_seqs_merge2] Processed 70217 reads in 0.030 CPU sec, 0.890 real sec
slave pre done
now n is 70217
processed 70217
[M::mem_process_seqs_merge2] Processed 70217 reads in 0.020 CPU sec, 0.795 real sec
slave pre done
now n is 70217
processed 70217
[M::mem_process_seqs_merge2] Processed 70217 reads in 0.030 CPU sec, 1.519 real sec
slave pre done
now n is 70217
processed 70217
[M::mem_process_seqs_merge2] Processed 70217 reads in 0.090 CPU sec, 1.939 real sec
[M::process] read chunk (19660800 bytes/CG x 1 CGs, 19660760 bytes)...
[M::process] read chunk (19660800 bytes/CG x 1 CGs, 19660760 bytes)...
[M::process] read chunk (19660800 bytes/CG x 1 CGs, 19660760 bytes)...
slave pre done
now n is 70217
processed 70217
[M::mem_process_seqs_merge2] Processed 70217 reads in 0.010 CPU sec, 0.709 real sec
[M::process] read chunk (19660800 bytes/CG x 1 CGs, 19660760 bytes)...
slave pre done
now n is 70218
processed 70218
[M::mem_process_seqs_merge2] Processed 70218 reads in 0.010 CPU sec, 0.901 real sec
[M::process] read chunk (19660800 bytes/CG x 1 CGs, 19660760 bytes)...
[M::process] read chunk (19660800 bytes/CG x 1 CGs, 19661040 bytes)...
[M::mem_process_seqs_merge2] CPE FASTQ formatting done
[M::mem_process_seqs_merge2] CPE FASTQ formatting done
[M::mem_process_seqs_merge2] CPE FASTQ formatting done
[M::mem_process_seqs_merge2] CPE FASTQ formatting done
[M::mem_process_seqs_merge2] CPE FASTQ formatting done
[M::mem_process_seqs_merge2] CPE FASTQ formatting done
slave pre done
now n is 70217
processed 70217
[M::mem_process_seqs_merge2] Processed 70217 reads in 0.020 CPU sec, 0.857 real sec
[M::process] read chunk (19660800 bytes/CG x 1 CGs, 19660760 bytes)...
slave pre done
now n is 70217
processed 70217
[M::mem_process_seqs_merge2] Processed 70217 reads in 0.090 CPU sec, 0.948 real sec
slave pre done
now n is 70217
slave pre done
now n is 70217
processed 70217
[M::mem_process_seqs_merge2] Processed 70217 reads in 0.010 CPU sec, 1.007 real sec
processed 70217
[M::mem_process_seqs_merge2] Processed 70217 reads in 0.020 CPU sec, 0.795 real sec
[M::process] read chunk (19660800 bytes/CG x 1 CGs, 19660760 bytes)...
slave pre done
now n is 70218
processed 70218
[M::mem_process_seqs_merge2] Processed 70218 reads in 0.010 CPU sec, 0.768 real sec
[M::mem_process_seqs_merge2] CPE FASTQ formatting done
[M::process] read chunk (19660800 bytes/CG x 1 CGs, 19660760 bytes)...
[M::process] read chunk (19660800 bytes/CG x 1 CGs, 19660760 bytes)...
[M::process] read chunk (19660800 bytes/CG x 1 CGs, 19661040 bytes)...
[M::mem_process_seqs_merge2] CPE FASTQ formatting done
slave pre done
now n is 70217
processed 70217
[M::mem_process_seqs_merge2] Processed 70217 reads in 0.080 CPU sec, 1.373 real sec
slave pre done
now n is 70217
[M::mem_process_seqs_merge2] CPE FASTQ formatting done
processed 70217
[M::mem_process_seqs_merge2] Processed 70217 reads in 0.010 CPU sec, 0.684 real sec
[M::process] read chunk (19660800 bytes/CG x 1 CGs, 19660760 bytes)...
[M::mem_process_seqs_merge2] CPE FASTQ formatting done
[M::process] read chunk (19660800 bytes/CG x 1 CGs, 19660760 bytes)...
[M::mem_process_seqs_merge2] CPE FASTQ formatting done
[M::mem_process_seqs_merge2] CPE FASTQ formatting done
slave pre done
now n is 70217
[M::mem_process_seqs_merge2] CPE FASTQ formatting done
processed 70217
[M::mem_process_seqs_merge2] Processed 70217 reads in 0.020 CPU sec, 0.757 real sec
[M::process] read chunk (19660800 bytes/CG x 1 CGs, 19660760 bytes)...
slave pre done
now n is 70217
processed 70217
[M::mem_process_seqs_merge2] Processed 70217 reads in 0.010 CPU sec, 0.703 real sec
slave pre done
now n is 70217
processed 70217
[M::mem_process_seqs_merge2] Processed 70217 reads in 0.020 CPU sec, 0.652 real sec
[M::mem_process_seqs_merge2] CPE FASTQ formatting done
slave pre done
now n is 70218
processed 70218
[M::mem_process_seqs_merge2] Processed 70218 reads in 0.010 CPU sec, 0.659 real sec
[M::process] read chunk (19660800 bytes/CG x 1 CGs, 19660760 bytes)...
[M::process] read chunk (19660800 bytes/CG x 1 CGs, 19660760 bytes)...
[M::process] read chunk (19660800 bytes/CG x 1 CGs, 19661040 bytes)...
slave pre done
now n is 70217
processed 70217
[M::mem_process_seqs_merge2] Processed 70217 reads in 0.020 CPU sec, 0.681 real sec
[M::process] read chunk (19660800 bytes/CG x 1 CGs, 19660760 bytes)...
[M::mem_process_seqs_merge2] CPE FASTQ formatting done
[M::mem_process_seqs_merge2] CPE FASTQ formatting done
slave pre done
now n is 70217
processed 70217
[M::mem_process_seqs_merge2] Processed 70217 reads in 0.020 CPU sec, 0.898 real sec
[M::mem_process_seqs_merge2] CPE FASTQ formatting done
[M::mem_process_seqs_merge2] CPE FASTQ formatting done
[M::process] read chunk (19660800 bytes/CG x 1 CGs, 19660760 bytes)...
[M::mem_process_seqs_merge2] CPE FASTQ formatting done
slave pre done
now n is 70218
processed 70218
[M::mem_process_seqs_merge2] Processed 70218 reads in 0.010 CPU sec, 0.717 real sec
slave pre done
now n is 70217
processed 70217
[M::mem_process_seqs_merge2] Processed 70217 reads in 0.030 CPU sec, 0.854 real sec
[M::process] read chunk (19660800 bytes/CG x 1 CGs, 19661040 bytes)...
[M::process] read chunk (19660800 bytes/CG x 1 CGs, 19660760 bytes)...
slave pre done
now n is 70217
processed 70217
[M::mem_process_seqs_merge2] Processed 70217 reads in 0.030 CPU sec, 1.026 real sec
slave pre done
now n is 70217
processed 70217
[M::mem_process_seqs_merge2] Processed 70217 reads in 0.020 CPU sec, 0.873 real sec
slave pre done
now n is 70217
processed 70217
[M::mem_process_seqs_merge2] Processed 70217 reads in 0.070 CPU sec, 2.257 real sec
[M::process] read chunk (19660800 bytes/CG x 1 CGs, 19660760 bytes)...
[M::process] read chunk (19660800 bytes/CG x 1 CGs, 19660760 bytes)...
slave pre done
now n is 70217
processed 70217
[M::mem_process_seqs_merge2] Processed 70217 reads in 0.020 CPU sec, 0.850 real sec
[M::process] read chunk (19660800 bytes/CG x 1 CGs, 19660760 bytes)...
[M::process] read chunk (19660800 bytes/CG x 1 CGs, 19660760 bytes)...
[M::mem_process_seqs_merge2] CPE FASTQ formatting done
[M::mem_process_seqs_merge2] CPE FASTQ formatting done
[M::mem_process_seqs_merge2] CPE FASTQ formatting done
[M::mem_process_seqs_merge2] CPE FASTQ formatting done
[M::mem_process_seqs_merge2] CPE FASTQ formatting done
[M::mem_process_seqs_merge2] CPE FASTQ formatting done
slave pre done
now n is 70218
processed 70218
[M::mem_process_seqs_merge2] Processed 70218 reads in 0.010 CPU sec, 0.771 real sec
[M::process] read chunk (19660800 bytes/CG x 1 CGs, 19661040 bytes)...
slave pre done
now n is 70217
processed 70217
[M::mem_process_seqs_merge2] Processed 70217 reads in 0.020 CPU sec, 0.726 real sec
[M::process] read chunk (19660800 bytes/CG x 1 CGs, 19660760 bytes)...
slave pre done
now n is 70217
processed 70217
[M::mem_process_seqs_merge2] Processed 70217 reads in 0.010 CPU sec, 0.753 real sec
slave pre done
now n is 70217
processed 70217
[M::mem_process_seqs_merge2] Processed 70217 reads in 0.010 CPU sec, 0.821 real sec
[M::mem_process_seqs_merge2] CPE FASTQ formatting done
slave pre done
now n is 70217
[M::process] read chunk (19660800 bytes/CG x 1 CGs, 19660760 bytes)...
processed 70217
[M::mem_process_seqs_merge2] Processed 70217 reads in 0.020 CPU sec, 0.809 real sec
slave pre done
now n is 70217
processed 70217
[M::mem_process_seqs_merge2] Processed 70217 reads in 0.020 CPU sec, 0.826 real sec
[M::process] read chunk (19660800 bytes/CG x 1 CGs, 19660760 bytes)...
[M::process] read chunk (19660800 bytes/CG x 1 CGs, 19660760 bytes)...
[M::process] read chunk (19660800 bytes/CG x 1 CGs, 19660760 bytes)...
[M::mem_process_seqs_merge2] CPE FASTQ formatting done
[M::mem_process_seqs_merge2] CPE FASTQ formatting done
[M::mem_process_seqs_merge2] CPE FASTQ formatting done
[M::mem_process_seqs_merge2] CPE FASTQ formatting done
[M::mem_process_seqs_merge2] CPE FASTQ formatting done
slave pre done
now n is 70218
processed 70218
[M::mem_process_seqs_merge2] Processed 70218 reads in 0.020 CPU sec, 0.851 real sec
[M::process] read chunk (19660800 bytes/CG x 1 CGs, 19660760 bytes)...
slave pre done
now n is 70217
processed 70217
[M::mem_process_seqs_merge2] Processed 70217 reads in 0.020 CPU sec, 0.812 real sec
slave pre done
now n is 70217
processed 70217
[M::mem_process_seqs_merge2] Processed 70217 reads in 0.010 CPU sec, 0.747 real sec
[M::mem_process_seqs_merge2] CPE FASTQ formatting done
[M::process] read chunk (19660800 bytes/CG x 1 CGs, 19660760 bytes)...
slave pre done
now n is 70217
processed 70217
[M::mem_process_seqs_merge2] Processed 70217 reads in 0.010 CPU sec, 0.684 real sec
[M::process] read chunk (19660800 bytes/CG x 1 CGs, 19660760 bytes)...
slave pre done
now n is 70217
processed 70217
[M::mem_process_seqs_merge2] Processed 70217 reads in 0.020 CPU sec, 0.780 real sec
[M::process] read chunk (19660800 bytes/CG x 1 CGs, 19660760 bytes)...
[M::process] read chunk (19660800 bytes/CG x 1 CGs, 19660760 bytes)...
[M::mem_process_seqs_merge2] CPE FASTQ formatting done
slave pre done
now n is 70217
processed 70217
[M::mem_process_seqs_merge2] Processed 70217 reads in 0.020 CPU sec, 1.358 real sec
[M::mem_process_seqs_merge2] CPE FASTQ formatting done
[M::process] read chunk (19660800 bytes/CG x 1 CGs, 19660760 bytes)...
[M::mem_process_seqs_merge2] CPE FASTQ formatting done
[M::mem_process_seqs_merge2] CPE FASTQ formatting done
slave pre done
now n is 70217
processed 70217
[M::mem_process_seqs_merge2] Processed 70217 reads in 0.040 CPU sec, 0.904 real sec
[M::mem_process_seqs_merge2] CPE FASTQ formatting done
[M::process] read chunk (19660800 bytes/CG x 1 CGs, 19660760 bytes)...
slave pre done
now n is 70217
processed 70217
[M::mem_process_seqs_merge2] Processed 70217 reads in 0.030 CPU sec, 0.749 real sec
slave pre done
now n is 70217
[M::mem_process_seqs_merge2] CPE FASTQ formatting done
slave pre done
now n is 70217
[M::process] read chunk (19660800 bytes/CG x 1 CGs, 19660760 bytes)...
processed 70217
[M::mem_process_seqs_merge2] Processed 70217 reads in 0.020 CPU sec, 0.660 real sec
processed 70217
[M::mem_process_seqs_merge2] Processed 70217 reads in 0.010 CPU sec, 0.816 real sec
slave pre done
now n is 70217
processed 70217
[M::mem_process_seqs_merge2] Processed 70217 reads in 0.020 CPU sec, 0.732 real sec
[M::process] read chunk (19660800 bytes/CG x 1 CGs, 19661040 bytes)...
[M::process] read chunk (19660800 bytes/CG x 1 CGs, 19660760 bytes)...
[M::process] read chunk (19660800 bytes/CG x 1 CGs, 19660760 bytes)...
slave pre done
now n is 70217
processed 70217
[M::mem_process_seqs_merge2] Processed 70217 reads in 0.020 CPU sec, 0.737 real sec
[M::mem_process_seqs_merge2] CPE FASTQ formatting done
[M::process] read chunk (19660800 bytes/CG x 1 CGs, 19660760 bytes)...
[M::mem_process_seqs_merge2] CPE FASTQ formatting done
[M::mem_process_seqs_merge2] CPE FASTQ formatting done
slave pre done
now n is 70217
processed 70217
[M::mem_process_seqs_merge2] Processed 70217 reads in 0.020 CPU sec, 0.724 real sec
[M::mem_process_seqs_merge2] CPE FASTQ formatting done
[M::mem_process_seqs_merge2] CPE FASTQ formatting done
[M::process] read chunk (19660800 bytes/CG x 1 CGs, 19660760 bytes)...
slave pre done
now n is 70217
processed 70217
[M::mem_process_seqs_merge2] Processed 70217 reads in 0.020 CPU sec, 0.723 real sec
[M::mem_process_seqs_merge2] CPE FASTQ formatting done
slave pre done
now n is 70217
processed 70217
[M::mem_process_seqs_merge2] Processed 70217 reads in 0.010 CPU sec, 0.689 real sec
[M::process] read chunk (19660800 bytes/CG x 1 CGs, 19660760 bytes)...
slave pre done
now n is 70217
[M::process] read chunk (19660800 bytes/CG x 1 CGs, 19660760 bytes)...
processed 70217
[M::mem_process_seqs_merge2] Processed 70217 reads in 0.020 CPU sec, 0.754 real sec
slave pre done
now n is 70218
processed 70218
[M::mem_process_seqs_merge2] Processed 70218 reads in 0.040 CPU sec, 1.028 real sec
[M::process] read chunk (19660800 bytes/CG x 1 CGs, 19660760 bytes)...
[M::mem_process_seqs_merge2] CPE FASTQ formatting done
slave pre done
now n is 70217
processed 70217
[M::mem_process_seqs_merge2] Processed 70217 reads in 0.020 CPU sec, 0.847 real sec
[M::process] read chunk (19660800 bytes/CG x 1 CGs, 19661040 bytes)...
[M::process] read chunk (19660800 bytes/CG x 1 CGs, 19660760 bytes)...
[M::mem_process_seqs_merge2] CPE FASTQ formatting done
[M::mem_process_seqs_merge2] CPE FASTQ formatting done
slave pre done
now n is 70217
processed 70217
[M::mem_process_seqs_merge2] Processed 70217 reads in 0.010 CPU sec, 1.010 real sec
[M::mem_process_seqs_merge2] CPE FASTQ formatting done
[M::process] read chunk (19660800 bytes/CG x 1 CGs, 19660760 bytes)...
[M::mem_process_seqs_merge2] CPE FASTQ formatting done
slave pre done
now n is 70217
processed 70217
[M::mem_process_seqs_merge2] Processed 70217 reads in 0.020 CPU sec, 0.732 real sec
[M::mem_process_seqs_merge2] CPE FASTQ formatting done
slave pre done
now n is 70217
slave pre done
now n is 70217
processed 70217
[M::mem_process_seqs_merge2] Processed 70217 reads in 0.020 CPU sec, 0.667 real sec
processed 70217
[M::mem_process_seqs_merge2] Processed 70217 reads in 0.040 CPU sec, 1.105 real sec
[M::process] read chunk (19660800 bytes/CG x 1 CGs, 19660760 bytes)...
[M::process] read chunk (19660800 bytes/CG x 1 CGs, 19660760 bytes)...
[M::process] read chunk (19660800 bytes/CG x 1 CGs, 19660760 bytes)...
slave pre done
now n is 70218
processed 70218
[M::mem_process_seqs_merge2] Processed 70218 reads in 0.010 CPU sec, 0.730 real sec
[M::mem_process_seqs_merge2] CPE FASTQ formatting done
slave pre done
now n is 70217
processed 70217
[M::mem_process_seqs_merge2] Processed 70217 reads in 0.030 CPU sec, 0.846 real sec
[M::process] read chunk (19660800 bytes/CG x 1 CGs, 19661040 bytes)...
[M::process] read chunk (19660800 bytes/CG x 1 CGs, 19660696 bytes)...
slave pre done
now n is 70217
processed 70217
[M::mem_process_seqs_merge2] Processed 70217 reads in 0.010 CPU sec, 0.691 real sec
[M::mem_process_seqs_merge2] CPE FASTQ formatting done
[M::process] read chunk (19660800 bytes/CG x 1 CGs, 19660752 bytes)...
[M::mem_process_seqs_merge2] CPE FASTQ formatting done
[M::mem_process_seqs_merge2] CPE FASTQ formatting done
[M::mem_process_seqs_merge2] CPE FASTQ formatting done
[M::mem_process_seqs_merge2] CPE FASTQ formatting done
slave pre done
now n is 70217
processed 70217
[M::mem_process_seqs_merge2] Processed 70217 reads in 0.030 CPU sec, 1.003 real sec
[M::process] read chunk (19660800 bytes/CG x 1 CGs, 19660752 bytes)...
slave pre done
now n is 70217
processed 70217
[M::mem_process_seqs_merge2] Processed 70217 reads in 0.040 CPU sec, 0.952 real sec
slave pre done
now n is 69415
slave pre done
now n is 70217
processed 69415
[M::mem_process_seqs_merge2] Processed 69415 reads in 0.030 CPU sec, 0.645 real sec
[M::mem_process_seqs_merge2] CPE FASTQ formatting done
processed 70217
[M::mem_process_seqs_merge2] Processed 70217 reads in 0.020 CPU sec, 0.991 real sec
[M::process] read chunk (19660800 bytes/CG x 1 CGs, 19661036 bytes)...
slave pre done
now n is 69228
processed 69228
[M::mem_process_seqs_merge2] Processed 69228 reads in 0.030 CPU sec, 0.653 real sec
[M::process] read chunk (19660800 bytes/CG x 1 CGs, 19660752 bytes)...
[M::process] read chunk (19660800 bytes/CG x 1 CGs, 19660752 bytes)...
slave pre done
now n is 70218
processed 70218
[M::mem_process_seqs_merge2] Processed 70218 reads in 0.020 CPU sec, 0.989 real sec
[M::process] read chunk (19660800 bytes/CG x 1 CGs, 19660752 bytes)...
[M::process] read chunk (19660800 bytes/CG x 1 CGs, 19660752 bytes)...
[M::mem_process_seqs_merge2] CPE FASTQ formatting done
[M::mem_process_seqs_merge2] CPE FASTQ formatting done
slave pre done
now n is 69228
[M::mem_process_seqs_merge2] CPE FASTQ formatting done
processed 69228
[M::mem_process_seqs_merge2] Processed 69228 reads in 0.010 CPU sec, 0.863 real sec
[M::mem_process_seqs_merge2] CPE FASTQ formatting done
[M::process] read chunk (19660800 bytes/CG x 1 CGs, 19660752 bytes)...
[M::mem_process_seqs_merge2] CPE FASTQ formatting done
[M::mem_process_seqs_merge2] CPE FASTQ formatting done
slave pre done
now n is 69229
processed 69229
[M::mem_process_seqs_merge2] Processed 69229 reads in 0.020 CPU sec, 0.715 real sec
slave pre done
now n is 69228
processed 69228
[M::mem_process_seqs_merge2] Processed 69228 reads in 0.020 CPU sec, 0.730 real sec
[M::process] read chunk (19660800 bytes/CG x 1 CGs, 19660752 bytes)...
slave pre done
now n is 69228
slave pre done
now n is 69228
processed 69228
[M::mem_process_seqs_merge2] Processed 69228 reads in 0.010 CPU sec, 0.640 real sec
processed 69228
[M::mem_process_seqs_merge2] Processed 69228 reads in 0.020 CPU sec, 0.732 real sec
slave pre done
now n is 69228
processed 69228
[M::mem_process_seqs_merge2] Processed 69228 reads in 0.020 CPU sec, 0.646 real sec
[M::process] read chunk (19660800 bytes/CG x 1 CGs, 19660752 bytes)...
[M::process] read chunk (19660800 bytes/CG x 1 CGs, 19660752 bytes)...
[M::process] read chunk (19660800 bytes/CG x 1 CGs, 19660752 bytes)...
[M::process] read chunk (19660800 bytes/CG x 1 CGs, 19660752 bytes)...
slave pre done
now n is 69228
processed 69228
[M::mem_process_seqs_merge2] Processed 69228 reads in 0.020 CPU sec, 0.880 real sec
[M::mem_process_seqs_merge2] CPE FASTQ formatting done
[M::process] read chunk (19660800 bytes/CG x 1 CGs, 19661036 bytes)...
[M::mem_process_seqs_merge2] CPE FASTQ formatting done
[M::mem_process_seqs_merge2] CPE FASTQ formatting done
[M::mem_process_seqs_merge2] CPE FASTQ formatting done
[M::mem_process_seqs_merge2] CPE FASTQ formatting done
[M::mem_process_seqs_merge2] CPE FASTQ formatting done
slave pre done
now n is 69228
processed 69228
[M::mem_process_seqs_merge2] Processed 69228 reads in 0.010 CPU sec, 0.733 real sec
slave pre done
now n is 69228
slave pre done
now n is 69228
processed 69228
[M::mem_process_seqs_merge2] Processed 69228 reads in 0.020 CPU sec, 0.634 real sec
processed 69228
[M::mem_process_seqs_merge2] Processed 69228 reads in 0.020 CPU sec, 0.737 real sec
[M::process] read chunk (19660800 bytes/CG x 1 CGs, 19661036 bytes)...
[M::process] read chunk (19660800 bytes/CG x 1 CGs, 4915188 bytes)...
[M::process] read chunk (19660800 bytes/CG x 1 CGs, 19660752 bytes)...
slave pre done
now n is 69228
processed 69228
[M::mem_process_seqs_merge2] Processed 69228 reads in 0.010 CPU sec, 0.770 real sec
slave pre done
now n is 69228
processed 69228
[M::mem_process_seqs_merge2] Processed 69228 reads in 0.020 CPU sec, 1.153 real sec
[M::process] read chunk (19660800 bytes/CG x 1 CGs, 4915188 bytes)...
[M::mem_process_seqs_merge2] CPE FASTQ formatting done
[M::process] read chunk (19660800 bytes/CG x 1 CGs, 19660752 bytes)...
slave pre done
now n is 69229
processed 69229
[M::mem_process_seqs_merge2] Processed 69229 reads in 0.010 CPU sec, 0.963 real sec
slave pre done
now n is 17307
processed 17307
[M::mem_process_seqs_merge2] Processed 17307 reads in 0.010 CPU sec, 0.176 real sec
[M::process] read chunk (19660800 bytes/CG x 1 CGs, 19660752 bytes)...
[M::mem_process_seqs_merge2] CPE FASTQ formatting done
[M::mem_process_seqs_merge2] CPE FASTQ formatting done
[M::mem_process_seqs_merge2] CPE FASTQ formatting done
[M::process] read chunk (19660800 bytes/CG x 1 CGs, 4915188 bytes)...
slave pre done
now n is 17307
processed 17307
[M::mem_process_seqs_merge2] Processed 17307 reads in 0.010 CPU sec, 0.198 real sec
[M::process] read chunk (19660800 bytes/CG x 1 CGs, 4915188 bytes)...
[M::mem_process_seqs_merge2] CPE FASTQ formatting done
[M::mem_process_seqs_merge2] CPE FASTQ formatting done
slave pre done
now n is 17307
processed 17307
[M::mem_process_seqs_merge2] Processed 17307 reads in 0.010 CPU sec, 0.183 real sec
[M::process] read chunk (19660800 bytes/CG x 1 CGs, 4915188 bytes)...
[M::mem_process_seqs_merge2] CPE FASTQ formatting done
[M::mem_process_seqs_merge2] CPE FASTQ formatting done
[M::mem_process_seqs_merge2] CPE FASTQ formatting done
slave pre done
now n is 17307
processed 17307
[M::mem_process_seqs_merge2] Processed 17307 reads in 0.020 CPU sec, 0.204 real sec
slave pre done
now n is 69228
processed 69228
[M::mem_process_seqs_merge2] Processed 69228 reads in 0.020 CPU sec, 0.645 real sec
[M::process] read chunk (19660800 bytes/CG x 1 CGs, 4915188 bytes)...
slave pre done
now n is 69229
processed 69229
[M::mem_process_seqs_merge2] Processed 69229 reads in 0.010 CPU sec, 0.639 real sec
slave pre done
now n is 17307
processed 17307
[M::mem_process_seqs_merge2] Processed 17307 reads in 0.010 CPU sec, 0.195 real sec
[M::mem_process_seqs_merge2] CPE FASTQ formatting done
[M::process] read chunk (19660800 bytes/CG x 1 CGs, 4915188 bytes)...
[M::process] read chunk (19660800 bytes/CG x 1 CGs, 4915188 bytes)...
[M::process] read chunk (19660800 bytes/CG x 1 CGs, 4915472 bytes)...
[M::mem_process_seqs_merge2] CPE FASTQ formatting done
[M::mem_process_seqs_merge2] CPE FASTQ formatting done
[M::mem_process_seqs_merge2] CPE FASTQ formatting done
slave pre done
now n is 17307
processed 17307
[M::mem_process_seqs_merge2] Processed 17307 reads in 0.010 CPU sec, 0.280 real sec
slave pre done
now n is 17307
processed 17307
[M::mem_process_seqs_merge2] Processed 17307 reads in 0.010 CPU sec, 0.228 real sec
[M::process] read chunk (19660800 bytes/CG x 1 CGs, 4915188 bytes)...
slave pre done
now n is 17307
processed 17307
[M::mem_process_seqs_merge2] Processed 17307 reads in 0.010 CPU sec, 0.213 real sec
[M::process] read chunk (19660800 bytes/CG x 1 CGs, 4915188 bytes)...
slave pre done
now n is 17308
processed 17308
[M::mem_process_seqs_merge2] Processed 17308 reads in 0.020 CPU sec, 0.266 real sec
slave pre done
now n is 69228
[M::process] read chunk (19660800 bytes/CG x 1 CGs, 4915188 bytes)...
processed 69228
[M::mem_process_seqs_merge2] Processed 69228 reads in 0.020 CPU sec, 0.732 real sec
slave pre done
now n is 69228
[M::process] read chunk (19660800 bytes/CG x 1 CGs, 4915188 bytes)...
processed 69228
[M::mem_process_seqs_merge2] Processed 69228 reads in 0.020 CPU sec, 0.744 real sec
[M::mem_process_seqs_merge2] CPE FASTQ formatting done
[M::mem_process_seqs_merge2] CPE FASTQ formatting done
[M::process] read chunk (19660800 bytes/CG x 1 CGs, 4915188 bytes)...
[M::mem_process_seqs_merge2] CPE FASTQ formatting done
[M::mem_process_seqs_merge2] CPE FASTQ formatting done
[M::process] read chunk (19660800 bytes/CG x 1 CGs, 4915188 bytes)...
[M::mem_process_seqs_merge2] CPE FASTQ formatting done
slave pre done
now n is 17307
processed 17307
[M::mem_process_seqs_merge2] Processed 17307 reads in 0.010 CPU sec, 0.180 real sec
[M::mem_process_seqs_merge2] CPE FASTQ formatting done
[M::process] read chunk (19660800 bytes/CG x 1 CGs, 4915188 bytes)...
slave pre done
now n is 17307
processed 17307
[M::mem_process_seqs_merge2] Processed 17307 reads in 0.030 CPU sec, 0.218 real sec
slave pre done
now n is 17307
processed 17307
[M::mem_process_seqs_merge2] Processed 17307 reads in 0.010 CPU sec, 0.197 real sec
[M::process] read chunk (19660800 bytes/CG x 1 CGs, 4915188 bytes)...
slave pre done
now n is 17307
[M::process] read chunk (19660800 bytes/CG x 1 CGs, 4915188 bytes)...
processed 17307
[M::mem_process_seqs_merge2] Processed 17307 reads in 0.010 CPU sec, 0.243 real sec
slave pre done
now n is 17307
processed 17307
[M::mem_process_seqs_merge2] Processed 17307 reads in 0.010 CPU sec, 0.211 real sec
[M::process] read chunk (19660800 bytes/CG x 1 CGs, 4915188 bytes)...
slave pre done
now n is 17307
processed 17307
[M::mem_process_seqs_merge2] Processed 17307 reads in 0.010 CPU sec, 0.191 real sec
[M::mem_process_seqs_merge2] CPE FASTQ formatting done
[M::process] read chunk (19660800 bytes/CG x 1 CGs, 4915188 bytes)...
[M::mem_process_seqs_merge2] CPE FASTQ formatting done
[M::process] read chunk (19660800 bytes/CG x 1 CGs, 4915188 bytes)...
[M::mem_process_seqs_merge2] CPE FASTQ formatting done
[M::mem_process_seqs_merge2] CPE FASTQ formatting done
[M::mem_process_seqs_merge2] CPE FASTQ formatting done
[M::mem_process_seqs_merge2] CPE FASTQ formatting done
slave pre done
now n is 17307
processed 17307
[M::mem_process_seqs_merge2] Processed 17307 reads in 0.020 CPU sec, 0.221 real sec
slave pre done
now n is 17307
processed 17307
[M::mem_process_seqs_merge2] Processed 17307 reads in 0.010 CPU sec, 0.262 real sec
slave pre done
now n is 17307
slave pre done
now n is 17307
processed 17307
[M::mem_process_seqs_merge2] Processed 17307 reads in 0.010 CPU sec, 0.229 real sec
processed 17307
[M::mem_process_seqs_merge2] Processed 17307 reads in 0.010 CPU sec, 0.243 real sec
[M::process] read chunk (19660800 bytes/CG x 1 CGs, 4915188 bytes)...
[M::process] read chunk (19660800 bytes/CG x 1 CGs, 4915188 bytes)...
slave pre done
now n is 17307
processed 17307
[M::mem_process_seqs_merge2] Processed 17307 reads in 0.010 CPU sec, 0.199 real sec
[M::process] read chunk (19660800 bytes/CG x 1 CGs, 4915188 bytes)...
[M::process] read chunk (19660800 bytes/CG x 1 CGs, 4915188 bytes)...
slave pre done
now n is 17307
[M::mem_process_seqs_merge2] CPE FASTQ formatting done
processed 17307
[M::mem_process_seqs_merge2] Processed 17307 reads in 0.020 CPU sec, 0.184 real sec
[M::process] read chunk (19660800 bytes/CG x 1 CGs, 4915188 bytes)...
[M::process] read chunk (19660800 bytes/CG x 1 CGs, 4915188 bytes)...
[M::mem_process_seqs_merge2] CPE FASTQ formatting done
[M::mem_process_seqs_merge2] CPE FASTQ formatting done
[M::mem_process_seqs_merge2] CPE FASTQ formatting done
[M::mem_process_seqs_merge2] CPE FASTQ formatting done
slave pre done
now n is 17307
processed 17307
[M::mem_process_seqs_merge2] Processed 17307 reads in 0.010 CPU sec, 0.244 real sec
[M::mem_process_seqs_merge2] CPE FASTQ formatting done
[M::process] read chunk (19660800 bytes/CG x 1 CGs, 4915188 bytes)...
slave pre done
now n is 17307
processed 17307
[M::mem_process_seqs_merge2] Processed 17307 reads in 0.010 CPU sec, 0.186 real sec
slave pre done
now n is 17307
processed 17307
[M::mem_process_seqs_merge2] Processed 17307 reads in 0.010 CPU sec, 0.222 real sec
[M::mem_process_seqs_merge2] CPE FASTQ formatting done
[M::process] read chunk (19660800 bytes/CG x 1 CGs, 4915188 bytes)...
slave pre done
now n is 17307
processed 17307
[M::process] read chunk (19660800 bytes/CG x 1 CGs, 4915188 bytes)...
[M::mem_process_seqs_merge2] Processed 17307 reads in 0.020 CPU sec, 0.272 real sec
slave pre done
now n is 17307
processed 17307
[M::mem_process_seqs_merge2] Processed 17307 reads in 0.020 CPU sec, 0.189 real sec
[M::process] read chunk (19660800 bytes/CG x 1 CGs, 4915188 bytes)...
[M::process] read chunk (19660800 bytes/CG x 1 CGs, 4915188 bytes)...
slave pre done
now n is 17307
processed 17307
[M::mem_process_seqs_merge2] Processed 17307 reads in 0.010 CPU sec, 0.227 real sec
[M::mem_process_seqs_merge2] CPE FASTQ formatting done
[M::mem_process_seqs_merge2] CPE FASTQ formatting done
[M::process] read chunk (19660800 bytes/CG x 1 CGs, 4915188 bytes)...
[M::mem_process_seqs_merge2] CPE FASTQ formatting done
[M::mem_process_seqs_merge2] CPE FASTQ formatting done
[M::mem_process_seqs_merge2] CPE FASTQ formatting done
slave pre done
now n is 17307
slave pre done
now n is 17307
processed 17307
[M::mem_process_seqs_merge2] Processed 17307 reads in 0.010 CPU sec, 0.243 real sec
processed 17307
[M::mem_process_seqs_merge2] Processed 17307 reads in 0.010 CPU sec, 0.177 real sec
slave pre done
now n is 17307
processed 17307
[M::mem_process_seqs_merge2] Processed 17307 reads in 0.010 CPU sec, 0.251 real sec
[M::process] read chunk (19660800 bytes/CG x 1 CGs, 4915188 bytes)...
[M::process] read chunk (19660800 bytes/CG x 1 CGs, 4915188 bytes)...
slave pre done
now n is 17307
[M::mem_process_seqs_merge2] CPE FASTQ formatting done
processed 17307
[M::mem_process_seqs_merge2] Processed 17307 reads in 0.010 CPU sec, 0.231 real sec
[M::process] read chunk (19660800 bytes/CG x 1 CGs, 4915472 bytes)...
slave pre done
now n is 17307
[M::mem_process_seqs_merge2] CPE FASTQ formatting done
processed 17307
[M::mem_process_seqs_merge2] Processed 17307 reads in 0.010 CPU sec, 0.207 real sec
[M::process] read chunk (19660800 bytes/CG x 1 CGs, 4915188 bytes)...
[M::process] read chunk (19660800 bytes/CG x 1 CGs, 4915188 bytes)...
[M::mem_process_seqs_merge2] CPE FASTQ formatting done
[M::mem_process_seqs_merge2] CPE FASTQ formatting done
slave pre done
now n is 17307
processed 17307
[M::mem_process_seqs_merge2] Processed 17307 reads in 0.010 CPU sec, 0.220 real sec
slave pre done
now n is 17307
processed 17307
[M::mem_process_seqs_merge2] Processed 17307 reads in 0.010 CPU sec, 0.209 real sec
[M::process] read chunk (19660800 bytes/CG x 1 CGs, 4915188 bytes)...
[M::process] read chunk (19660800 bytes/CG x 1 CGs, 4915188 bytes)...
[M::mem_process_seqs_merge2] CPE FASTQ formatting done
[M::mem_process_seqs_merge2] CPE FASTQ formatting done
slave pre done
now n is 17308
processed 17308
[M::mem_process_seqs_merge2] Processed 17308 reads in 0.020 CPU sec, 0.206 real sec
[M::mem_process_seqs_merge2] CPE FASTQ formatting done
slave pre done
now n is 17307
processed 17307
[M::mem_process_seqs_merge2] Processed 17307 reads in 0.010 CPU sec, 0.195 real sec
slave pre done
now n is 17307
[M::process] read chunk (19660800 bytes/CG x 1 CGs, 4915188 bytes)...
processed 17307
[M::mem_process_seqs_merge2] Processed 17307 reads in 0.020 CPU sec, 1.194 real sec
[M::process] read chunk (19660800 bytes/CG x 1 CGs, 4915188 bytes)...
slave pre done
now n is 17307
processed 17307
[M::mem_process_seqs_merge2] Processed 17307 reads in 0.010 CPU sec, 0.176 real sec
slave pre done
now n is 17307
processed 17307
[M::process] read chunk (19660800 bytes/CG x 1 CGs, 4915188 bytes)...
[M::mem_process_seqs_merge2] Processed 17307 reads in 0.010 CPU sec, 0.213 real sec
[M::process] read chunk (19660800 bytes/CG x 1 CGs, 4915188 bytes)...
slave pre done
now n is 17307
[M::mem_process_seqs_merge2] CPE FASTQ formatting done
processed 17307
[M::mem_process_seqs_merge2] Processed 17307 reads in 0.010 CPU sec, 0.197 real sec
[M::process] read chunk (19660800 bytes/CG x 1 CGs, 4915188 bytes)...
[M::process] read chunk (19660800 bytes/CG x 1 CGs, 4915188 bytes)...
[M::mem_process_seqs_merge2] CPE FASTQ formatting done
[M::mem_process_seqs_merge2] CPE FASTQ formatting done
[M::mem_process_seqs_merge2] CPE FASTQ formatting done
slave pre done
now n is 17307
[M::mem_process_seqs_merge2] CPE FASTQ formatting done
processed 17307
[M::mem_process_seqs_merge2] Processed 17307 reads in 0.010 CPU sec, 0.196 real sec
[M::process] read chunk (19660800 bytes/CG x 1 CGs, 4915188 bytes)...
slave pre done
now n is 17307
slave pre done
now n is 17307
processed 17307
[M::mem_process_seqs_merge2] Processed 17307 reads in 0.010 CPU sec, 0.194 real sec
processed 17307
[M::mem_process_seqs_merge2] Processed 17307 reads in 0.010 CPU sec, 0.193 real sec
slave pre done
now n is 17307
processed 17307
[M::mem_process_seqs_merge2] Processed 17307 reads in 0.010 CPU sec, 0.223 real sec
[M::process] read chunk (19660800 bytes/CG x 1 CGs, 4915188 bytes)...
[M::process] read chunk (19660800 bytes/CG x 1 CGs, 4915188 bytes)...
[M::mem_process_seqs_merge2] CPE FASTQ formatting done
[M::process] read chunk (19660800 bytes/CG x 1 CGs, 4915188 bytes)...
slave pre done
now n is 17307
processed 17307
[M::mem_process_seqs_merge2] Processed 17307 reads in 0.020 CPU sec, 0.219 real sec
[M::mem_process_seqs_merge2] CPE FASTQ formatting done
[M::process] read chunk (19660800 bytes/CG x 1 CGs, 4915188 bytes)...
[M::mem_process_seqs_merge2] CPE FASTQ formatting done
[M::mem_process_seqs_merge2] CPE FASTQ formatting done
[M::mem_process_seqs_merge2] CPE FASTQ formatting done
slave pre done
now n is 17307
slave pre done
now n is 17307
processed 17307
[M::mem_process_seqs_merge2] Processed 17307 reads in 0.010 CPU sec, 0.178 real sec
processed 17307
[M::mem_process_seqs_merge2] Processed 17307 reads in 0.020 CPU sec, 0.241 real sec
[M::mem_process_seqs_merge2] CPE FASTQ formatting done
[M::process] read chunk (19660800 bytes/CG x 1 CGs, 4915188 bytes)...
[M::process] read chunk (19660800 bytes/CG x 1 CGs, 4915188 bytes)...
slave pre done
now n is 17307
[M::mem_process_seqs_merge2] CPE FASTQ formatting done
processed 17307
[M::mem_process_seqs_merge2] Processed 17307 reads in 0.010 CPU sec, 0.180 real sec
slave pre done
now n is 17307
slave pre done
now n is 17307
processed 17307
[M::mem_process_seqs_merge2] Processed 17307 reads in 0.020 CPU sec, 0.178 real sec
processed 17307
[M::mem_process_seqs_merge2] Processed 17307 reads in 0.020 CPU sec, 0.206 real sec
[M::mem_process_seqs_merge2] CPE FASTQ formatting done
[M::process] read chunk (19660800 bytes/CG x 1 CGs, 4915188 bytes)...
[M::process] read chunk (19660800 bytes/CG x 1 CGs, 4915188 bytes)...
[M::process] read chunk (19660800 bytes/CG x 1 CGs, 4915188 bytes)...
slave pre done
now n is 17307
processed 17307
[M::mem_process_seqs_merge2] CPE FASTQ formatting done
[M::mem_process_seqs_merge2] Processed 17307 reads in 0.010 CPU sec, 0.221 real sec
[M::process] read chunk (19660800 bytes/CG x 1 CGs, 4915188 bytes)...
slave pre done
now n is 17307
slave pre done
now n is 17307
processed 17307
[M::mem_process_seqs_merge2] Processed 17307 reads in 0.010 CPU sec, 0.181 real sec
processed 17307
[M::mem_process_seqs_merge2] Processed 17307 reads in 0.020 CPU sec, 0.241 real sec
[M::mem_process_seqs_merge2] CPE FASTQ formatting done
[M::process] read chunk (19660800 bytes/CG x 1 CGs, 4915188 bytes)...
[M::process] read chunk (19660800 bytes/CG x 1 CGs, 4915472 bytes)...
slave pre done
now n is 17307
[M::mem_process_seqs_merge2] CPE FASTQ formatting done
processed 17307
[M::mem_process_seqs_merge2] Processed 17307 reads in 0.010 CPU sec, 0.194 real sec
[M::mem_process_seqs_merge2] CPE FASTQ formatting done
[M::process] read chunk (19660800 bytes/CG x 1 CGs, 4915188 bytes)...
slave pre done
now n is 17307
processed 17307
[M::mem_process_seqs_merge2] Processed 17307 reads in 0.010 CPU sec, 0.187 real sec
[M::mem_process_seqs_merge2] CPE FASTQ formatting done
slave pre done
now n is 17307
processed 17307
[M::mem_process_seqs_merge2] Processed 17307 reads in 0.010 CPU sec, 0.192 real sec
[M::process] read chunk (19660800 bytes/CG x 1 CGs, 4915188 bytes)...
[M::mem_process_seqs_merge2] CPE FASTQ formatting done
[M::mem_process_seqs_merge2] CPE FASTQ formatting done
[M::process] read chunk (19660800 bytes/CG x 1 CGs, 1228584 bytes)...
slave pre done
now n is 17307
processed 17307
[M::mem_process_seqs_merge2] Processed 17307 reads in 0.010 CPU sec, 0.235 real sec
[M::mem_process_seqs_merge2] CPE FASTQ formatting done
[M::process] read chunk (19660800 bytes/CG x 1 CGs, 1228868 bytes)...
slave pre done
now n is 17308
processed 17308
[M::mem_process_seqs_merge2] Processed 17308 reads in 0.010 CPU sec, 0.214 real sec
[M::mem_process_seqs_merge2] CPE FASTQ formatting done
slave pre done
now n is 17307
[M::mem_process_seqs_merge2] CPE FASTQ formatting done
processed 17307
[M::mem_process_seqs_merge2] Processed 17307 reads in 0.010 CPU sec, 0.179 real sec
[M::process] read chunk (19660800 bytes/CG x 1 CGs, 1228868 bytes)...
slave pre done
now n is 17307
[M::mem_process_seqs_merge2] CPE FASTQ formatting done
processed 17307
[M::mem_process_seqs_merge2] Processed 17307 reads in 0.010 CPU sec, 0.262 real sec
slave pre done
now n is 4326
[M::process] read chunk (19660800 bytes/CG x 1 CGs, 4915188 bytes)...
slave pre done
now n is 4327
processed 4326
[M::mem_process_seqs_merge2] Processed 4326 reads in 0.010 CPU sec, 0.094 real sec
processed 4327
[M::mem_process_seqs_merge2] Processed 4327 reads in 0.010 CPU sec, 0.102 real sec
slave pre done
now n is 17307
processed 17307
[M::mem_process_seqs_merge2] Processed 17307 reads in 0.020 CPU sec, 0.184 real sec
[M::process] read chunk (19660800 bytes/CG x 1 CGs, 1228868 bytes)...
[M::process] read chunk (19660800 bytes/CG x 1 CGs, 1228868 bytes)...
[M::process] read chunk (19660800 bytes/CG x 1 CGs, 4915188 bytes)...
[M::process] read chunk (19660800 bytes/CG x 1 CGs, 1228584 bytes)...
[M::mem_process_seqs_merge2] CPE FASTQ formatting done
[M::mem_process_seqs_merge2] CPE FASTQ formatting done
slave pre done
now n is 4327
[M::mem_process_seqs_merge2] CPE FASTQ formatting done
processed 4327
[M::mem_process_seqs_merge2] Processed 4327 reads in 0.020 CPU sec, 0.149 real sec
slave pre done
now n is 4327
processed 4327
[M::mem_process_seqs_merge2] Processed 4327 reads in 0.010 CPU sec, 0.072 real sec
[M::process] read chunk (19660800 bytes/CG x 1 CGs, 1228868 bytes)...
[M::mem_process_seqs_merge2] CPE FASTQ formatting done
[M::mem_process_seqs_merge2] CPE FASTQ formatting done
[M::mem_process_seqs_merge2] CPE FASTQ formatting done
[M::process] read chunk (19660800 bytes/CG x 1 CGs, 1228868 bytes)...
[M::mem_process_seqs_merge2] CPE FASTQ formatting done
slave pre done
now n is 4327
slave pre done
now n is 4327
processed 4327
[M::mem_process_seqs_merge2] Processed 4327 reads in 0.010 CPU sec, 0.082 real sec
processed 4327
[M::mem_process_seqs_merge2] Processed 4327 reads in 0.010 CPU sec, 0.080 real sec
slave pre done
now n is 4327
processed 4327
[M::mem_process_seqs_merge2] Processed 4327 reads in 0.010 CPU sec, 0.065 real sec
slave pre done
[M::process] read chunk (19660800 bytes/CG x 1 CGs, 1228868 bytes)...
now n is 4326
[M::process] read chunk (19660800 bytes/CG x 1 CGs, 1228868 bytes)...
processed 4326
[M::mem_process_seqs_merge2] Processed 4326 reads in 0.010 CPU sec, 0.128 real sec
slave pre done
now n is 17307
processed 17307
[M::mem_process_seqs_merge2] Processed 17307 reads in 0.010 CPU sec, 0.213 real sec
[M::process] read chunk (19660800 bytes/CG x 1 CGs, 1228584 bytes)...
[M::process] read chunk (19660800 bytes/CG x 1 CGs, 1228868 bytes)...
slave pre done
now n is 17307
[M::mem_process_seqs_merge2] CPE FASTQ formatting done
processed 17307
[M::mem_process_seqs_merge2] Processed 17307 reads in 0.010 CPU sec, 0.239 real sec
[M::mem_process_seqs_merge2] CPE FASTQ formatting done
[M::mem_process_seqs_merge2] CPE FASTQ formatting done
slave pre done
now n is 4327
processed 4327
[M::mem_process_seqs_merge2] Processed 4327 reads in 0.010 CPU sec, 0.064 real sec
slave pre done
now n is 4327
slave pre done
now n is 4326
[M::process] read chunk (19660800 bytes/CG x 1 CGs, 1228868 bytes)...
[M::mem_process_seqs_merge2] CPE FASTQ formatting done
[M::process] read chunk (19660800 bytes/CG x 1 CGs, 1228868 bytes)...
processed 4327
[M::mem_process_seqs_merge2] Processed 4327 reads in 0.010 CPU sec, 0.072 real sec
processed 4326
[M::process] read chunk (19660800 bytes/CG x 1 CGs, 1228868 bytes)...
[M::mem_process_seqs_merge2] Processed 4326 reads in 0.010 CPU sec, 0.081 real sec
[M::process] read chunk (19660800 bytes/CG x 1 CGs, 1228868 bytes)...
[M::process] read chunk (19660800 bytes/CG x 1 CGs, 1228584 bytes)...
[M::mem_process_seqs_merge2] CPE FASTQ formatting done
[M::mem_process_seqs_merge2] CPE FASTQ formatting done
[M::mem_process_seqs_merge2] CPE FASTQ formatting done
[M::mem_process_seqs_merge2] CPE FASTQ formatting done
[M::mem_process_seqs_merge2] CPE FASTQ formatting done
slave pre done
now n is 4327
slave pre done
now n is 4327
processed 4327
[M::mem_process_seqs_merge2] Processed 4327 reads in 0.010 CPU sec, 0.104 real sec
processed 4327
[M::mem_process_seqs_merge2] Processed 4327 reads in 0.010 CPU sec, 0.074 real sec
slave pre done
now n is 4327
slave pre done
now n is 4326
processed 4327
[M::mem_process_seqs_merge2] Processed 4327 reads in 0.020 CPU sec, 0.083 real sec
slave pre done
now n is 4327
processed 4326
[M::mem_process_seqs_merge2] Processed 4326 reads in 0.010 CPU sec, 0.067 real sec
processed 4327
[M::mem_process_seqs_merge2] Processed 4327 reads in 0.010 CPU sec, 0.089 real sec
[M::process] read chunk (19660800 bytes/CG x 1 CGs, 1228868 bytes)...
[M::process] read chunk (19660800 bytes/CG x 1 CGs, 1228584 bytes)...
[M::process] read chunk (19660800 bytes/CG x 1 CGs, 1228868 bytes)...
[M::process] read chunk (19660800 bytes/CG x 1 CGs, 1228868 bytes)...
[M::process] read chunk (19660800 bytes/CG x 1 CGs, 1228868 bytes)...
[M::mem_process_seqs_merge2] CPE FASTQ formatting done
[M::mem_process_seqs_merge2] CPE FASTQ formatting done
[M::mem_process_seqs_merge2] CPE FASTQ formatting done
slave pre done
now n is 4327
[M::mem_process_seqs_merge2] CPE FASTQ formatting done
processed 4327
[M::mem_process_seqs_merge2] Processed 4327 reads in 0.010 CPU sec, 0.127 real sec
[M::process] read chunk (19660800 bytes/CG x 1 CGs, 1228584 bytes)...
slave pre done
now n is 4326
[M::mem_process_seqs_merge2] CPE FASTQ formatting done
processed 4326
[M::mem_process_seqs_merge2] Processed 4326 reads in 0.010 CPU sec, 0.066 real sec
slave pre done
now n is 4327
[M::mem_process_seqs_merge2] CPE FASTQ formatting done
processed 4327
[M::mem_process_seqs_merge2] Processed 4327 reads in 0.010 CPU sec, 0.074 real sec
slave pre done
now n is 4327
processed 4327
[M::mem_process_seqs_merge2] Processed 4327 reads in 0.000 CPU sec, 0.107 real sec
[M::process] read chunk (19660800 bytes/CG x 1 CGs, 1228868 bytes)...
slave pre done
now n is 4326
slave pre done
now n is 4327
[M::process] read chunk (19660800 bytes/CG x 1 CGs, 1228868 bytes)...
processed 4326
[M::mem_process_seqs_merge2] Processed 4326 reads in 0.020 CPU sec, 0.071 real sec
processed 4327
[M::mem_process_seqs_merge2] Processed 4327 reads in 0.020 CPU sec, 0.073 real sec
[M::process] read chunk (19660800 bytes/CG x 1 CGs, 1228584 bytes)...
[M::mem_process_seqs_merge2] CPE FASTQ formatting done
[M::process] read chunk (19660800 bytes/CG x 1 CGs, 1228868 bytes)...
[M::mem_process_seqs_merge2] CPE FASTQ formatting done
slave pre done
now n is 4327
[M::process] read chunk (19660800 bytes/CG x 1 CGs, 1228868 bytes)...
processed 4327
[M::mem_process_seqs_merge2] Processed 4327 reads in 0.010 CPU sec, 0.145 real sec
slave pre done
now n is 4327
processed 4327
[M::mem_process_seqs_merge2] Processed 4327 reads in 0.010 CPU sec, 0.064 real sec
[M::mem_process_seqs_merge2] CPE FASTQ formatting done
[M::process] read chunk (19660800 bytes/CG x 1 CGs, 1228868 bytes)...
slave pre done
now n is 4327
[M::mem_process_seqs_merge2] CPE FASTQ formatting done
processed 4327
[M::mem_process_seqs_merge2] Processed 4327 reads in 0.010 CPU sec, 0.081 real sec
[M::process] read chunk (19660800 bytes/CG x 1 CGs, 1228868 bytes)...
[M::process] read chunk (19660800 bytes/CG x 1 CGs, 1228584 bytes)...
[M::mem_process_seqs_merge2] CPE FASTQ formatting done
slave pre done
now n is 4326
[M::mem_process_seqs_merge2] CPE FASTQ formatting done
processed 4326
[M::mem_process_seqs_merge2] Processed 4326 reads in 0.010 CPU sec, 0.078 real sec
[M::mem_process_seqs_merge2] CPE FASTQ formatting done
[M::mem_process_seqs_merge2] CPE FASTQ formatting done
[M::process] read chunk (19660800 bytes/CG x 1 CGs, 1228868 bytes)...
slave pre done
now n is 4327
slave pre done
now n is 4327
processed 4327
[M::mem_process_seqs_merge2] Processed 4327 reads in 0.010 CPU sec, 0.073 real sec
processed 4327
[M::mem_process_seqs_merge2] Processed 4327 reads in 0.010 CPU sec, 0.146 real sec
[M::process] read chunk (19660800 bytes/CG x 1 CGs, 1228868 bytes)...
[M::mem_process_seqs_merge2] CPE FASTQ formatting done
slave pre done
now n is 4327
slave pre done
now n is 4327
[M::process] read chunk (19660800 bytes/CG x 1 CGs, 1228584 bytes)...
[M::mem_process_seqs_merge2] CPE FASTQ formatting done
processed 4327
[M::mem_process_seqs_merge2] Processed 4327 reads in 0.010 CPU sec, 0.120 real sec
processed 4327
[M::mem_process_seqs_merge2] Processed 4327 reads in 0.010 CPU sec, 0.139 real sec
[M::process] read chunk (19660800 bytes/CG x 1 CGs, 1228868 bytes)...
slave pre done
now n is 4327
[M::mem_process_seqs_merge2] CPE FASTQ formatting done
[M::mem_process_seqs_merge2] CPE FASTQ formatting done
processed 4327
[M::process] read chunk (19660800 bytes/CG x 1 CGs, 1228868 bytes)...
slave pre done
now n is 4327
[M::mem_process_seqs_merge2] Processed 4327 reads in 0.010 CPU sec, 0.070 real sec
processed 4327
[M::mem_process_seqs_merge2] Processed 4327 reads in 0.010 CPU sec, 0.088 real sec
slave pre done
now n is 4326
[M::process] read chunk (19660800 bytes/CG x 1 CGs, 1228868 bytes)...
[M::mem_process_seqs_merge2] CPE FASTQ formatting done
processed 4326
[M::mem_process_seqs_merge2] Processed 4326 reads in 0.010 CPU sec, 0.196 real sec
slave pre done
now n is 4327
[M::process] read chunk (19660800 bytes/CG x 1 CGs, 1228584 bytes)...
slave pre done
now n is 4326
processed 4327
[M::mem_process_seqs_merge2] Processed 4327 reads in 0.010 CPU sec, 0.074 real sec
processed 4326
[M::process] read chunk (19660800 bytes/CG x 1 CGs, 1228868 bytes)...
[M::mem_process_seqs_merge2] Processed 4326 reads in 0.010 CPU sec, 0.081 real sec
[M::mem_process_seqs_merge2] CPE FASTQ formatting done
[M::process] read chunk (19660800 bytes/CG x 1 CGs, 1228868 bytes)...
slave pre done
now n is 4327
processed 4327
[M::mem_process_seqs_merge2] Processed 4327 reads in 0.010 CPU sec, 0.070 real sec
[M::process] read chunk (19660800 bytes/CG x 1 CGs, 1228868 bytes)...
[M::process] read chunk (19660800 bytes/CG x 1 CGs, 1228868 bytes)...
[M::mem_process_seqs_merge2] CPE FASTQ formatting done
[M::mem_process_seqs_merge2] CPE FASTQ formatting done
slave pre done
now n is 4326
processed 4326
[M::mem_process_seqs_merge2] Processed 4326 reads in 0.010 CPU sec, 0.074 real sec
slave pre done
now n is 4327
[M::mem_process_seqs_merge2] CPE FASTQ formatting done
processed 4327
[M::mem_process_seqs_merge2] Processed 4327 reads in 0.010 CPU sec, 0.069 real sec
slave pre done
now n is 4327
[M::process] read chunk (19660800 bytes/CG x 1 CGs, 1228868 bytes)...
processed 4327
[M::mem_process_seqs_merge2] Processed 4327 reads in 0.010 CPU sec, 0.080 real sec
[M::mem_process_seqs_merge2] CPE FASTQ formatting done
[M::mem_process_seqs_merge2] CPE FASTQ formatting done
[M::mem_process_seqs_merge2] CPE FASTQ formatting done
[M::process] read chunk (19660800 bytes/CG x 1 CGs, 1228584 bytes)...
[M::process] read chunk (19660800 bytes/CG x 1 CGs, 1228868 bytes)...
slave pre done
now n is 4327
slave pre done
now n is 4327
processed 4327
slave pre done
now n is 4327
[M::mem_process_seqs_merge2] Processed 4327 reads in 0.010 CPU sec, 0.103 real sec
processed 4327
[M::mem_process_seqs_merge2] Processed 4327 reads in 0.020 CPU sec, 0.073 real sec
[M::mem_process_seqs_merge2] CPE FASTQ formatting done
processed 4327
[M::mem_process_seqs_merge2] Processed 4327 reads in 0.010 CPU sec, 0.065 real sec
[M::mem_process_seqs_merge2] CPE FASTQ formatting done
[M::process] read chunk (19660800 bytes/CG x 1 CGs, 1228868 bytes)...
slave pre done
now n is 4327
processed 4327
[M::process] read chunk (19660800 bytes/CG x 1 CGs, 1228868 bytes)...
[M::mem_process_seqs_merge2] Processed 4327 reads in 0.020 CPU sec, 0.121 real sec
[M::process] read chunk (19660800 bytes/CG x 1 CGs, 1228868 bytes)...
slave pre done
now n is 4326
processed 4326
[M::mem_process_seqs_merge2] Processed 4326 reads in 0.010 CPU sec, 0.088 real sec
[M::mem_process_seqs_merge2] CPE FASTQ formatting done
[M::mem_process_seqs_merge2] CPE FASTQ formatting done
[M::mem_process_seqs_merge2] CPE FASTQ formatting done
slave pre done
now n is 4327
[M::process] read chunk (19660800 bytes/CG x 1 CGs, 1228584 bytes)...
processed 4327
[M::mem_process_seqs_merge2] Processed 4327 reads in 0.010 CPU sec, 0.110 real sec
[M::process] read chunk (19660800 bytes/CG x 1 CGs, 802584 bytes)...
slave pre done
now n is 4327
processed 4327
[M::mem_process_seqs_merge2] Processed 4327 reads in 0.010 CPU sec, 0.075 real sec
[M::mem_process_seqs_merge2] CPE FASTQ formatting done
[M::mem_process_seqs_merge2] CPE FASTQ formatting done
slave pre done
now n is 4327
processed 4327
[M::mem_process_seqs_merge2] Processed 4327 reads in 0.010 CPU sec, 0.116 real sec
slave pre done
now n is 4327
processed 4327
[M::mem_process_seqs_merge2] Processed 4327 reads in 0.020 CPU sec, 0.137 real sec
[MPI rank 000001/000006] input work: chunks=46 records=2173228 bytes=609483624
[MPI rank 000004/000006] input work: chunks=45 records=2181709 bytes=611944300
slave pre done
now n is 2826
processed 2826
[M::mem_process_seqs_merge2] Processed 2826 reads in 0.010 CPU sec, 0.125 real sec
slave pre done
now n is 4326
processed 4326
[M::mem_process_seqs_merge2] Processed 4326 reads in 0.020 CPU sec, 0.152 real sec
[MPI rank 000002/000006] input work: chunks=43 records=1976148 bytes=554188044
[MPI rank 000003/000006] input work: chunks=46 records=2067999 bytes=579992856
[MPI rank 000005/000006] input work: chunks=47 records=2135759 bytes=599228540
[MPI rank 000000/000006] input work: chunks=47 records=2072568 bytes=581222948

================ MPI Dynamic Scheduler Debug =================
  MPI rank: 000000 / 000006

  Work summary
    claimed chunks                                         47
    claimed from this rank's queue                          8
    claimed from another rank's queue                      39
    completed FASTQ records                           2072568
    claimed input bytes                             581222948

  Scheduler counters
    scheduler_next calls                                   48
    RMA ticket attempts                                    56
    attempts against another rank's queue                  46
    tickets beyond the final chunk                          9
    empty aligned chunks                                    0

  Scheduler timing
    MPI_Win_create (setup)                       0.000189 s  (1 calls,   188.951 us/call)
    MPI_Barrier after setup                      0.000012 s  (1 calls,    12.100 us/call)
    scheduler_next total                         1.005732 s  (48 calls, 20952.754 us/call)
      RMA ticket path total                        1.005531 s  (56 calls, 17955.916 us/call)
        MPI_Win_lock                                 0.000209 s  (56 calls,     3.725 us/call)
        MPI_Fetch_and_op                             0.001060 s  (56 calls,    18.937 us/call)
        MPI_Win_unlock                               1.004170 s  (56 calls, 17931.607 us/call)
        RMA call overhead (derived)                  0.000092 s  (56 calls,     1.646 us/call)
      align nominal offsets to FASTQ records       0.000056 s  (47 calls,     1.185 us/call)
      scheduler loop/bookkeeping (derived)         0.000145 s  (48 calls,     3.025 us/call)

  Scheduler teardown timing
    MPI_Barrier (wait for other ranks)           0.000014 s  (1 calls,    14.250 us/call)
    MPI_Win_free                                 0.000040 s  (1 calls,    40.301 us/call)

  Stage 2 by chunk
    completed chunks                                       47
    accumulated stage 2                             27.411335 s
    average stage 2 per chunk                        0.583220 s
    slowest chunk                                         100
    slowest chunk stage 2                            2.257153 s

    order   chunk  queue        byte range                       bytes      records   stage2(s)
        0       0      0  [           0,     19660888)     19660888        72446    1.358053
        1       7      1  [   137625684,    157286544)     19660860        71235    0.885793
        2      14      2  [   275251428,    294912264)     19660836        70233    0.657478
        3      21      3  [   412876824,    432537864)     19661040        70218    0.885605
        4      28      4  [   550502424,    570163464)     19661040        70218    0.800008
        5      35      5  [   688128024,    707789064)     19661040        70218    0.894924
        6      36      0  [   707789064,    727449824)     19660760        70217    0.736598
        7      43      1  [   845414664,    865075424)     19660760        70217    0.801103
        8      50      2  [   983040264,   1002701024)     19660760        70217    0.784052
        9      57      3  [  1120665864,   1140326624)     19660760        70217    0.872996
       10      64      4  [  1258291464,   1277952224)     19660760        70217    0.877566
       11      71      5  [  1395917064,   1415577824)     19660760        70217    0.731960
       12      72      0  [  1415577824,   1435238584)     19660760        70217    0.745432
       13      79      1  [  1553203424,   1572864184)     19660760        70217    0.975629
       14      86      2  [  1690829024,   1710489784)     19660760        70217    0.708973
       15      93      3  [  1828454624,   1848115384)     19660760        70217    1.373499
       16     100      4  [  1966080224,   1985740984)     19660760        70217    2.257153
       17     113      5  [  2221
================ MPI Dynamic Scheduler Debug =================
  MPI rank: 000001 / 000006

  Work summary
    claimed chunks                                         46
    claimed from this rank's queue                          8
    claimed from another rank's queue                      38
    completed FASTQ records                           2173228
    claimed input bytes                             609483624

  Scheduler counters
    scheduler_next calls                                   47
    RMA ticket attempts                                    52
    attempts against another rank's queue                  43
    tickets beyond the final chunk                          6
    empty aligned chunks                                    0

  Scheduler timing
    MPI_Win_create (setup)                       0.001562 s  (1 calls,  1562.263 us/call)
    MPI_Barrier after setup                      0.000019 s  (1 calls,    18.500 us/call)
    scheduler_next total                         1.115004 s  (47 calls, 23723.482 us/call)
      RMA ticket path total                        1.114806 s  (52 calls, 21438.584 us/call)
        MPI_Win_lock                                 0.000200 s  (52 calls,     3.855 us/call)
        MPI_Fetch_and_op                             0.001328 s  (52 calls,    25.538 us/call)
        MPI_Win_unlock                               1.113176 s  (52 calls, 21407.225 us/call)
        RMA call overhead (derived)                  0.000102 s  (52 calls,     1.966 us/call)
      align nominal offsets to FASTQ records       0.000055 s  (46 calls,     1.198 us/call)
      scheduler loop/bookkeeping (derived)         0.000142 s  (47 calls,     3.026 us/call)

  Scheduler teardown timing
    MPI_Barrier (wait for other ranks)           0.075969 s  (1 calls, 75968.697 us/call)
    MPI_Win_free                                 0.000041 s  (1 calls,    41.101 us/call)

  Stage 2 by chunk
    completed chunks                                       46
    accumulated stage 2                             26.604306 s
    average stage 2 per chunk                        0.578354 s
    slowest chunk                                          15
    slowest chunk stage 2                            1.745109 s

    order   chunk  queue        byte range                       bytes      records   stage2(s)
        0       1      1  [    19660888,     39321660)     19660772        71634    1.194998
        1       8      2  [   157286544,    176947404)     19660860        71235    0.709714
        2      15      3  [   294912264,    314573024)     19660760        70217    1.745109
        3      22      4  [   432537864,    452198624)     19660760        70217    0.764463
        4      29      5  [   570163464,    589824224)     19660760        70217    0.891051
        5      30      0  [   589824224,    609484984)     19660760        70217    0.765168
        6      37      1  [   727449824,    747110584)     19660760        70217    0.962975
        7      44      2  [   865075424,    884736184)     19660760        70217    0.749222
        8      51      3  [  1002701024,   1022361784)     19660760        70217    0.985069
        9      58      4  [  1140326624,   1159987384)     19660760        70217    0.856784
       10      65      5  [  1277952224,   1297612984)     19660760        70217    0.679969
       11      66      0  [  1297612984,   1317273744)     19660760        70217    0.767800
       12      73      1  [  1435238584,   1454899344)     19660760        70217    0.733617
       13      80      2  [  1572864184,   1592524944)     19660760        70217    0.738025
       14      87      3  [  1710489784,   1730150544)     19660760        70217    0.795668
       15      88      4  [  1730150544,   1749811304)     19660760        70217    0.947889
       16      95      5  [  1867776144,   1887436904)     19660760        70217    0.757693
       17      96      0  [  1887436904,   1907097664)     19660760        70217    0.898313
       18     103  
================ MPI Dynamic Scheduler Debug =================
  MPI rank: 000002 / 000006

  Work summary
    claimed chunks                                         43
    claimed from this rank's queue                          8
    claimed from another rank's queue                      35
    completed FASTQ records                           1976148
    claimed input bytes                             554188044

  Scheduler counters
    scheduler_next calls                                   44
    RMA ticket attempts                                    49
    attempts against another rank's queue                  40
    tickets beyond the final chunk                          6
    empty aligned chunks                                    0

  Scheduler timing
    MPI_Win_create (setup)                       0.001514 s  (1 calls,  1513.563 us/call)
    MPI_Barrier after setup                      0.000011 s  (1 calls,    10.500 us/call)
    scheduler_next total                         1.046467 s  (44 calls, 23783.337 us/call)
      RMA ticket path total                        1.046285 s  (49 calls, 21352.748 us/call)
        MPI_Win_lock                                 0.000280 s  (49 calls,     5.704 us/call)
        MPI_Fetch_and_op                             0.000896 s  (49 calls,    18.284 us/call)
        MPI_Win_unlock                               1.045021 s  (49 calls, 21326.949 us/call)
        RMA call overhead (derived)                  0.000089 s  (49 calls,     1.811 us/call)
      align nominal offsets to FASTQ records       0.000051 s  (43 calls,     1.191 us/call)
      scheduler loop/bookkeeping (derived)         0.000131 s  (44 calls,     2.976 us/call)

  Scheduler teardown timing
    MPI_Barrier (wait for other ranks)           0.000989 s  (1 calls,   989.058 us/call)
    MPI_Win_free                                 0.000043 s  (1 calls,    43.351 us/call)

  Stage 2 by chunk
    completed chunks                                       43
    accumulated stage 2                             26.558715 s
    average stage 2 per chunk                        0.617645 s
    slowest chunk                                          81
    slowest chunk stage 2                            1.939786 s

    order   chunk  queue        byte range                       bytes      records   stage2(s)
        0       2      2  [    39321660,     58982520)     19660860        71235    1.249024
        1       9      3  [   176947404,    196608264)     19660860        71235    0.748898
        2      16      4  [   314573024,    334233784)     19660760        70217    0.947559
        3      23      5  [   452198624,    471859384)     19660760        70217    0.754199
        4      24      0  [   471859384,    491520144)     19660760        70217    0.734880
        5      31      1  [   609484984,    629145744)     19660760        70217    0.923655
        6      38      2  [   747110584,    766771344)     19660760        70217    0.808772
        7      45      3  [   884736184,    904396944)     19660760        70217    0.971544
        8      52      4  [  1022361784,   1042022544)     19660760        70217    0.973374
        9      59      5  [  1159987384,   1179648144)     19660760        70217    0.934408
       10      60      0  [  1179648144,   1199308904)     19660760        70217    0.693383
       11      67      1  [  1317273744,   1336934504)     19660760        70217    0.930902
       12      74      2  [  1454899344,   1474560104)     19660760        70217    0.767052
       13      81      3  [  1592524944,   1612185704)     19660760        70217    1.939786
       14      94      4  [  1848115384,   1867776144)     19660760        70217    0.795541
       15     101      5  [  1985740984,   2005401744)     19660760        70217    0.652598
       16     102      0  [  2005401744,   2025062504)     19660760        70217    0.854271
       17     109      1  [  2143027344,   2162688104)     19660760        70217    0.726787
       18     116  670664,   2241331424)     19660760        70217    0.808737
       18     114      0  [  2241331424,   2260992184)     19660760        70217    0.683589
       19     115      1  [  2260992184,   2280652944)     19660760        70217    0.816180
       20     122      2  [  2398617784,   2418278544)     19660760        70217    0.688597
       21     129      3  [  2536243384,   2555904144)     19660760        70217    0.731992
       22     136      4  [  2673868984,   2693529744)     19660760        70217    1.002854
       23     143      5  [  2811494520,   2831155272)     19660752        69228    0.862904
       24     144      0  [  2831155272,   2850816024)     19660752        69228    0.880518
       25     151      1  [  2968780820,   2988441856)     19661036        69229    0.963445
       26     164      2  [  3180134472,   3185049660)      4915188        17307    0.183239
       27     165      3  [  3185049660,   3189964848)      4915188        17307    0.195211
       28     166      4  [  3189964848,   3194880036)      4915188        17307    0.228131
       29     173      5  [  3224371448,   3229286636)      4915188        17307    0.197486
       30     174      0  [  3229286636,   3234201824)      4915188        17307    0.243747
       31     181      1  [  3263692952,   3268608140)      4915188        17307    0.273230
       32     188      2  [  3298099268,   3303014456)      4915188        17307    0.243079
       33     195      3  [  3332505868,   3337421056)      4915188        17307    0.209799
       34     202      4  [  3366912184,   3371827372)      4915188        17307    0.196863
       35     209      5  [  3401318500,   3406233688)      4915188        17307    0.240700
       36     210      0  [  3406233688,   3411148876)      4915188        17307    0.241321
       37     217      1  [  3440640004,   3445555476)      4915472        17308    0.213615
       38     224      2  [  3475046604,   3476275472)      1228868         4327    0.149133
       39     231      3  [  3483648112,   3484876980)      1228868         4327    0.080044
       40     238      4  [  3492249620,   3493478488)      1228868         4327    0.065014
       41     245      5  [  3500851412,   3502080280)      1228868         4327    0.127817
       42     246      0  [  3502080280,   3503308864)      1228584         4326    0.071557
       43     253      1  [  3510681788,   3511910656)      1228868         4327    0.120092
       44     260      2  [  3519283296,   3520512164)      1228868         4327    0.070927
       45     267      3  [  3527884804,   3529113672)      1228868         4327    0.122008
       46     271      1  [  3532800276,   3534028860)      1228584         4326    0.152684
==============================================================

[SWBWA output hash rank 000000/000006] calls=2072568 bytes=604098699 sum=0x592a5da14b47b875 xor=0x85fff7d8184440fb enabled=1
    1  [  2025062504,   2044723264)     19660760        70217    0.850959
       19     110      2  [  2162688104,   2182348864)     19660760        70217    0.825972
       20     117      3  [  2300313704,   2319974464)     19660760        70217    0.780033
       21     124      4  [  2437939304,   2457600064)     19660760        70217    0.732167
       22     131      5  [  2575564904,   2595225664)     19660760        70217    0.754145
       23     132      0  [  2595225664,   2614886424)     19660760        70217    0.666953
       24     139      1  [  2732851264,   2752512024)     19660760        70217    0.991690
       25     146      2  [  2870477060,   2890137812)     19660752        69228    0.731627
       26     153      3  [  3008102608,   3027763360)     19660752        69228    0.736965
       27     160      4  [  3145728156,   3165388908)     19660752        69228    0.644782
       28     167      5  [  3194880036,   3199795224)      4915188        17307    0.213043
       29     168      0  [  3199795224,   3204710412)      4915188        17307    0.217631
       30     175      1  [  3234201824,   3239117012)      4915188        17307    0.221481
       31     182      2  [  3268608140,   3273523328)      4915188        17307    0.244524
       32     189      3  [  3303014456,   3307929644)      4915188        17307    0.226612
       33     196      4  [  3337421056,   3342336244)      4915188        17307    0.206971
       34     203      5  [  3371827372,   3376742560)      4915188        17307    0.213948
       35     204      0  [  3376742560,   3381657748)      4915188        17307    0.194201
       36     211      1  [  3411148876,   3416064064)      4915188        17307    0.177623
       37     218      2  [  3445555476,   3450470664)      4915188        17307    0.192084
       38     225      3  [  3476275472,   3477504056)      1228584         4326    0.093730
       39     232      4  [  3484876980,   3486105848)      1228868         4327    0.082011
       40     239      5  [  3493478488,   3494707356)      1228868         4327    0.103933
       41     240      0  [  3494707356,   3495936224)      1228868         4327    0.106916
       42     247      1  [  3503308864,   3504537732)      1228868         4327    0.064442
       43     254      2  [  3511910656,   3513139240)      1228584         4326    0.195549
       44     261      3  [  3520512164,   3521741032)      1228868         4327    0.080274
       45     268      4  [  3529113672,   3530342540)      1228868         4327    0.110513
==============================================================

[SWBWA output hash rank 000001/000006] calls=2173228 bytes=636877715 sum=0x2043aebb9b7b227a xor=0xaca46769e06f9fe8 enabled=1
    2  [  2280652944,   2300313704)     19660760        70217    0.813230
       19     123      3  [  2418278544,   2437939304)     19660760        70217    0.750295
       20     130      4  [  2555904144,   2575564904)     19660760        70217    0.723582
       21     137      5  [  2693529744,   2713190504)     19660760        70217    1.105477
       22     138      0  [  2713190504,   2732851264)     19660760        70217    0.952617
       23     145      1  [  2850816024,   2870477060)     19661036        69229    0.714646
       24     152      2  [  2988441856,   3008102608)     19660752        69228    1.153676
       25     159      3  [  3126067404,   3145728156)     19660752        69228    0.732443
       26     172      4  [  3219456260,   3224371448)      4915188        17307    0.210848
       27     179      5  [  3253862576,   3258777764)      4915188        17307    0.199054
       28     180      0  [  3258777764,   3263692952)      4915188        17307    1.193642
       29     205      1  [  3381657748,   3386572936)      4915188        17307    0.219210
       30     212      2  [  3416064064,   3420979252)      4915188        17307    0.220932
       31     219      3  [  3450470664,   3455385852)      4915188        17307    0.234867
       32     226      4  [  3477504056,   3478732924)      1228868         4327    0.101791
       33     227      5  [  3478732924,   3479961792)      1228868         4327    0.072977
       34     228      0  [  3479961792,   3481190660)      1228868         4327    0.064603
       35     229      1  [  3481190660,   3482419244)      1228584         4326    0.081180
       36     236      2  [  3489792168,   3491021036)      1228868         4327    0.088624
       37     243      3  [  3498393676,   3499622544)      1228868         4327    0.074949
       38     250      4  [  3506995468,   3508224052)      1228584         4326    0.078345
       39     257      5  [  3515596976,   3516825844)      1228868         4327    0.087871
       40     258      0  [  3516825844,   3518054428)      1228584         4326    0.074535
       41     265      1  [  3525427352,   3526656220)      1228868         4327    0.064825
       42     272      2  [  3534028860,   3535257728)      1228868         4327    0.137863
==============================================================

[SWBWA output hash rank 000002/000006] calls=1976148 bytes=578071240 sum=0xd5615715cb5e9d19 xor=0xfd5884db902779a7 enabled=1

================ MPI Dynamic Scheduler Debug =================
  MPI rank: 000003 / 000006

  Work summary
    claimed chunks                                         46
    claimed from this rank's queue                          8
    claimed from another rank's queue                      38
    completed FASTQ records                           2067999
    claimed input bytes                             579992856

  Scheduler counters
    scheduler_next calls                                   47
    RMA ticket attempts                                    52
    attempts against another rank's queue                  43
    tickets beyond the final chunk                          6
    empty aligned chunks                                    0

  Scheduler timing
    MPI_Win_create (setup)                       0.001546 s  (1 calls,  1546.213 us/call)
    MPI_Barrier after setup                      0.000019 s  (1 calls,    19.100 us/call)
    scheduler_next total                         1.108979 s  (47 calls, 23595.287 us/call)
      RMA ticket path total                        1.108789 s  (52 calls, 21322.874 us/call)
        MPI_Win_lock                                 0.000197 s  (52 calls,     3.796 us/call)
        MPI_Fetch_and_op                             0.001293 s  (52 calls,    24.868 us/call)
        MPI_Win_unlock                               1.107203 s  (52 calls, 21292.367 us/call)
        RMA call overhead (derived)                  0.000096 s  (52 calls,     1.843 us/call)
      align nominal offsets to FASTQ records       0.000052 s  (46 calls,     1.138 us/call)
      scheduler loop/bookkeeping (derived)         0.000137 s  (47 calls,     2.909 us/call)

  Scheduler teardown timing
    MPI_Barrier (wait for other ranks)           0.001024 s  (1 calls,  1023.658 us/call)
    MPI_Win_free                                 0.000039 s  (1 calls,    38.501 us/call)

  Stage 2 by chunk
    completed chunks                                       46
    accumulated stage 2                             25.649743 s
    average stage 2 per chunk                        0.557603 s
    slowest chunk                                          89
    slowest chunk stage 2                            1.519867 s

    order   chunk  queue        byte range                       bytes      records   stage2(s)
        0       3      3  [    58982520,     78643380)     19660860        71235    1.348318
        1      10      4  [   196608264,    216268848)     19660584        71234    0.703233
        2      17      5  [   334233784,    353894544)     19660760        70217    0.775328
        3      18      0  [   353894544,    373555304)     19660760        70217    0.828413
        4      25      1  [   491520144,    511180904)     19660760        70217    0.896897
        5      32      2  [   629145744,    648806504)     19660760        70217    0.890136
        6      39      3  [   766771344,    786432104)     19660760        70217    0.630919
        7      46      4  [   904396944,    924057704)     19660760        70217    0.687456
        8      53      5  [  1042022544,   1061683304)     19660760        70217    0.801587
        9      54      0  [  1061683304,   1081344064)     19660760        70217    0.777672
       10      61      1  [  1199308904,   1218969664)     19660760        70217    0.899432
       11      68      2  [  1336934504,   1356595264)     19660760        70217    0.763340
       12      75      3  [  1474560104,   1494220864)     19660760        70217    0.853134
       13      82      4  [  1612185704,   1631846464)     19660760        70217    0.903999
       14      89      5  [  1749811304,   1769472064)     19660760        70217    1.519867
       15      90      0  [  1769472064,   1789132824)     19660760        70217    1.007488
       16      97      1  [  1907097664,   1926758424)     19660760        70217    0.702661
       17     104      2  [  2044723264,   2064384024)     19660760        70217    1.025671
       18     111  
================ MPI Dynamic Scheduler Debug =================
  MPI rank: 000004 / 000006

  Work summary
    claimed chunks                                         45
    claimed from this rank's queue                          8
    claimed from another rank's queue                      37
    completed FASTQ records                           2181709
    claimed input bytes                             611944300

  Scheduler counters
    scheduler_next calls                                   46
    RMA ticket attempts                                    51
    attempts against another rank's queue                  42
    tickets beyond the final chunk                          6
    empty aligned chunks                                    0

  Scheduler timing
    MPI_Win_create (setup)                       0.001429 s  (1 calls,  1429.412 us/call)
    MPI_Barrier after setup                      0.000010 s  (1 calls,    10.150 us/call)
    scheduler_next total                         1.090118 s  (46 calls, 23698.222 us/call)
      RMA ticket path total                        1.089925 s  (51 calls, 21371.088 us/call)
        MPI_Win_lock                                 0.000196 s  (51 calls,     3.848 us/call)
        MPI_Fetch_and_op                             0.001306 s  (51 calls,    25.601 us/call)
        MPI_Win_unlock                               1.088325 s  (51 calls, 21339.701 us/call)
        RMA call overhead (derived)                  0.000099 s  (51 calls,     1.937 us/call)
      align nominal offsets to FASTQ records       0.000051 s  (45 calls,     1.128 us/call)
      scheduler loop/bookkeeping (derived)         0.000142 s  (46 calls,     3.086 us/call)

  Scheduler teardown timing
    MPI_Barrier (wait for other ranks)           0.050185 s  (1 calls, 50185.078 us/call)
    MPI_Win_free                                 0.000042 s  (1 calls,    42.351 us/call)

  Stage 2 by chunk
    completed chunks                                       45
    accumulated stage 2                             26.784354 s
    average stage 2 per chunk                        0.595208 s
    slowest chunk                                           4
    slowest chunk stage 2                            1.390723 s

    order   chunk  queue        byte range                       bytes      records   stage2(s)
        0       4      4  [    78643380,     98304240)     19660860        71235    1.390723
        1      11      5  [   216268848,    235929708)     19660860        71235    0.747148
        2      12      0  [   235929708,    255590568)     19660860        71235    0.782035
        3      19      1  [   373555304,    393216064)     19660760        70217    0.859363
        4      26      2  [   511180904,    530841664)     19660760        70217    0.906456
        5      33      3  [   648806504,    668467264)     19660760        70217    0.744915
        6      34      4  [   668467264,    688128024)     19660760        70217    0.819061
        7      41      5  [   806092864,    825753624)     19660760        70217    0.821804
        8      42      0  [   825753624,    845414664)     19661040        70218    0.901356
        9      49      1  [   963379224,    983040264)     19661040        70218    1.065507
       10      56      2  [  1101004824,   1120665864)     19661040        70218    0.825567
       11      63      3  [  1238630424,   1258291464)     19661040        70218    0.694972
       12      70      4  [  1376256024,   1395917064)     19661040        70218    1.125819
       13      77      5  [  1513881624,   1533542664)     19661040        70218    0.774819
       14      78      0  [  1533542664,   1553203424)     19660760        70217    0.891302
       15      85      1  [  1671168264,   1690829024)     19660760        70217    0.856756
       16      92      2  [  1808793864,   1828454624)     19660760        70217    0.684010
       17      99      3  [  1946419464,   1966080224)     19660760        70217    0.681740
       18     106  
================ MPI Dynamic Scheduler Debug =================
  MPI rank: 000005 / 000006

  Work summary
    claimed chunks                                         47
    claimed from this rank's queue                          8
    claimed from another rank's queue                      39
    completed FASTQ records                           2135759
    claimed input bytes                             599228540

  Scheduler counters
    scheduler_next calls                                   48
    RMA ticket attempts                                    53
    attempts against another rank's queue                  44
    tickets beyond the final chunk                          6
    empty aligned chunks                                    0

  Scheduler timing
    MPI_Win_create (setup)                       0.001493 s  (1 calls,  1493.013 us/call)
    MPI_Barrier after setup                      0.000018 s  (1 calls,    18.450 us/call)
    scheduler_next total                         1.028046 s  (48 calls, 21417.617 us/call)
      RMA ticket path total                        1.027856 s  (53 calls, 19393.500 us/call)
        MPI_Win_lock                                 0.000196 s  (53 calls,     3.702 us/call)
        MPI_Fetch_and_op                             0.001050 s  (53 calls,    19.809 us/call)
        MPI_Win_unlock                               1.026518 s  (53 calls, 19368.272 us/call)
        RMA call overhead (derived)                  0.000091 s  (53 calls,     1.718 us/call)
      align nominal offsets to FASTQ records       0.000052 s  (47 calls,     1.111 us/call)
      scheduler loop/bookkeeping (derived)         0.000138 s  (48 calls,     2.873 us/call)

  Scheduler teardown timing
    MPI_Barrier (wait for other ranks)           0.000885 s  (1 calls,   885.007 us/call)
    MPI_Win_free                                 0.000037 s  (1 calls,    36.801 us/call)

  Stage 2 by chunk
    completed chunks                                       47
    accumulated stage 2                             26.420987 s
    average stage 2 per chunk                        0.562149 s
    slowest chunk                                          27
    slowest chunk stage 2                            2.112175 s

    order   chunk  queue        byte range                       bytes      records   stage2(s)
        0       5      5  [    98304240,    117964824)     19660584        71234    1.383148
        1       6      0  [   117964824,    137625684)     19660860        71235    0.883125
        2      13      1  [   255590568,    275251428)     19660860        71235    0.915289
        3      20      2  [   393216064,    412876824)     19660760        70217    0.857594
        4      27      3  [   530841664,    550502424)     19660760        70217    2.112175
        5      40      4  [   786432104,    806092864)     19660760        70217    0.756975
        6      47      5  [   924057704,    943718464)     19660760        70217    0.873228
        7      48      0  [   943718464,    963379224)     19660760        70217    1.021506
        8      55      1  [  1081344064,   1101004824)     19660760        70217    0.911079
        9      62      2  [  1218969664,   1238630424)     19660760        70217    0.702996
       10      69      3  [  1356595264,   1376256024)     19660760        70217    0.785993
       11      76      4  [  1494220864,   1513881624)     19660760        70217    0.718177
       12      83      5  [  1631846464,   1651507224)     19660760        70217    0.801104
       13      84      0  [  1651507224,   1671168264)     19661040        70218    0.901510
       14      91      1  [  1789132824,   1808793864)     19661040        70218    0.768719
       15      98      2  [  1926758424,   1946419464)     19661040        70218    0.658684
       16     105      3  [  2064384024,   2084045064)     19661040        70218    0.717640
       17     112      4  [  2202009624,   2221670664)     19661040        70218    0.770617
       18     119  
================ MPI Progress Thread Debug =================
  MPI rank: 000000 / 000006
  lifetime                                       47.100323 s
  MPI_Iprobe calls                                    4705
  MPI_Iprobe total                                0.082310 s
  MPI_Iprobe average                                17.494 us
  MPI_Iprobe maximum                              0.003571 s
  calls >= 1 ms                                          2
  calls >= 10 ms                                         0
  calls >= 100 ms                                        0
  calls >= 1 s                                           0
============================================================


================ SWBWA CPE/MPI Progress Debug ================
  MPI rank: 000000 / 000006

    phase                      waits     probes   total(s)    avg(us)    max(s)   >=1ms   >=10ms   >=100ms    >=1s  completed
    FASTQ formatting              47          0      0.000      0.000     0.000       0        0         0       0          0
    alignment and SAM length      47          0      0.000      0.000     0.000       0        0         0       0          0
    SAM record generation         47          0      0.000      0.000     0.000       0        0         0       0          0
    all CPE phases               141          0      0.000      0.000     0.000       0        0         0       0          0

  Probes marked 'completed' returned with the CPE completion
  flag set. Their full call duration bounds the possible delay.
    completion-observing probe total               0.000000 s
    slowest completion-observing probe             0.000000 s
==============================================================


======================= SWBWA Timing Report =======================
  MPI rank: 000000 / 000006
  Accumulated wall-clock time; indented rows are included in
  their parent row and must not be added to it.

  Pipeline
    total - complete three-stage pipeline                    47.101 s
    stage 1 - allocate and read raw FASTQ blocks             15.080 s
    stage 2 - align reads and generate SAM records           27.411 s
    stage 3 - write SAM and release batch data                4.600 s
      SAM output writes                                         3.708 s
      batch cleanup and loop overhead (derived)                 0.891 s

  Stage 1 input details
    batches completed / stage calls                      47 / 48
    input-buffer and batch allocations                        0.001 s  (95 calls, max 0.001 s)
    aggregate requested allocation bytes            581274148
    FASTQ fseeko calls                                        2.707 s  (47 calls, max 0.409 s)
    FASTQ fread calls                                        11.355 s  (47 calls, max 1.043 s)
    align chunk ends to FASTQ record boundaries               0.000 s  (0 calls, max 0.000 s)
    scheduler, checks and bookkeeping (derived)               1.016 s
    raw FASTQ bytes read                            581222948  (554.297 MiB)
    effective fread bandwidth                         48.814 MiB/s
    slowest allocation                                 0.001 s  (4916496 bytes)
    slowest fread                                      1.043 s  (R1 offset=845414664, bytes=19660760)

  Stage 2 worker details
    total - active merge worker                              27.399 s
      part 1 - prepare CPE task and reusable buffers            1.161 s
      part 2 - CPE FASTQ formatting and input release           0.452 s
      part 3 - CPE alignment and SAM length pass               25.051 s
      part 4 - assign slices in the shared SAM buffer           0.153 s
      part 5 - CPE SAM record generation                        0.570 s
      part 6 - release temporary worker data                    0.001 s

  Reserved allocator timers (no active timing sites)
    malloc timer                                              0.000 s
    free timer                                                0.000 s
======
================ MPI Progress Thread Debug =================
  MPI rank: 000001 / 000006
  lifetime                                       47.107975 s
  MPI_Iprobe calls                                    4699
  MPI_Iprobe total                                0.077806 s
  MPI_Iprobe average                                16.558 us
  MPI_Iprobe maximum                              0.002570 s
  calls >= 1 ms                                         16
  calls >= 10 ms                                         0
  calls >= 100 ms                                        0
  calls >= 1 s                                           0
============================================================


================ SWBWA CPE/MPI Progress Debug ================
  MPI rank: 000001 / 000006

    phase                      waits     probes   total(s)    avg(us)    max(s)   >=1ms   >=10ms   >=100ms    >=1s  completed
    FASTQ formatting              46          0      0.000      0.000     0.000       0        0         0       0          0
    alignment and SAM length      46          0      0.000      0.000     0.000       0        0         0       0          0
    SAM record generation         46          0      0.000      0.000     0.000       0        0         0       0          0
    all CPE phases               138          0      0.000      0.000     0.000       0        0         0       0          0

  Probes marked 'completed' returned with the CPE completion
  flag set. Their full call duration bounds the possible delay.
    completion-observing probe total               0.000000 s
    slowest completion-observing probe             0.000000 s
==============================================================


======================= SWBWA Timing Report =======================
  MPI rank: 000001 / 000006
  Accumulated wall-clock time; indented rows are included in
  their parent row and must not be added to it.

  Pipeline
    total - complete three-stage pipeline                    47.108 s
    stage 1 - allocate and read raw FASTQ blocks             16.324 s
    stage 2 - align reads and generate SAM records           26.604 s
    stage 3 - write SAM and release batch data                4.086 s
      SAM output writes                                         3.310 s
      batch cleanup and loop overhead (derived)                 0.776 s

  Stage 1 input details
    batches completed / stage calls                      46 / 47
    input-buffer and batch allocations                        0.000 s  (93 calls, max 0.000 s)
    aggregate requested allocation bytes            609533736
    FASTQ fseeko calls                                        3.239 s  (46 calls, max 0.538 s)
    FASTQ fread calls                                        11.952 s  (46 calls, max 0.872 s)
    align chunk ends to FASTQ record boundaries               0.000 s  (0 calls, max 0.000 s)
    scheduler, checks and bookkeeping (derived)               1.133 s
    raw FASTQ bytes read                            609483624  (581.249 MiB)
    effective fread bandwidth                         48.631 MiB/s
    slowest allocation                                 0.000 s  (19661784 bytes)
    slowest fread                                      0.872 s  (R1 offset=19660888, bytes=19660772)

  Stage 2 worker details
    total - active merge worker                              26.590 s
      part 1 - prepare CPE task and reusable buffers            1.063 s
      part 2 - CPE FASTQ formatting and input release           0.434 s
      part 3 - CPE alignment and SAM length pass               24.349 s
      part 4 - assign slices in the shared SAM buffer           0.161 s
      part 5 - CPE SAM record generation                        0.568 s
      part 6 - release temporary worker data                    0.001 s

  Reserved allocator timers (no active timing sites)
    malloc timer                                              0.000 s
    free timer                                                0.000 s
======
================ MPI Progress Thread Debug =================
  MPI rank: 000002 / 000006
  lifetime                                       47.105690 s
  MPI_Iprobe calls                                    4710
  MPI_Iprobe total                                0.082968 s
  MPI_Iprobe average                                17.615 us
  MPI_Iprobe maximum                              0.002758 s
  calls >= 1 ms                                          4
  calls >= 10 ms                                         0
  calls >= 100 ms                                        0
  calls >= 1 s                                           0
============================================================


================ SWBWA CPE/MPI Progress Debug ================
  MPI rank: 000002 / 000006

    phase                      waits     probes   total(s)    avg(us)    max(s)   >=1ms   >=10ms   >=100ms    >=1s  completed
    FASTQ formatting              43          0      0.000      0.000     0.000       0        0         0       0          0
    alignment and SAM length      43          0      0.000      0.000     0.000       0        0         0       0          0
    SAM record generation         43          0      0.000      0.000     0.000       0        0         0       0          0
    all CPE phases               129          0      0.000      0.000     0.000       0        0         0       0          0

  Probes marked 'completed' returned with the CPE completion
  flag set. Their full call duration bounds the possible delay.
    completion-observing probe total               0.000000 s
    slowest completion-observing probe             0.000000 s
==============================================================


======================= SWBWA Timing Report =======================
  MPI rank: 000002 / 000006
  Accumulated wall-clock time; indented rows are included in
  their parent row and must not be added to it.

  Pipeline
    total - complete three-stage pipeline                    47.106 s
    stage 1 - allocate and read raw FASTQ blocks             16.545 s
    stage 2 - align reads and generate SAM records           26.559 s
    stage 3 - write SAM and release batch data                3.987 s
      SAM output writes                                         3.204 s
      batch cleanup and loop overhead (derived)                 0.783 s

  Stage 1 input details
    batches completed / stage calls                      43 / 44
    input-buffer and batch allocations                        0.000 s  (87 calls, max 0.000 s)
    aggregate requested allocation bytes            554234892
    FASTQ fseeko calls                                        2.988 s  (43 calls, max 0.409 s)
    FASTQ fread calls                                        12.500 s  (43 calls, max 1.042 s)
    align chunk ends to FASTQ record boundaries               0.000 s  (0 calls, max 0.000 s)
    scheduler, checks and bookkeeping (derived)               1.056 s
    raw FASTQ bytes read                            554188044  (528.515 MiB)
    effective fread bandwidth                         42.282 MiB/s
    slowest allocation                                 0.000 s  (19661784 bytes)
    slowest fread                                      1.042 s  (R1 offset=884736184, bytes=19660760)

  Stage 2 worker details
    total - active merge worker                              26.541 s
      part 1 - prepare CPE task and reusable buffers            1.085 s
      part 2 - CPE FASTQ formatting and input release           0.363 s
      part 3 - CPE alignment and SAM length pass               24.408 s
      part 4 - assign slices in the shared SAM buffer           0.171 s
      part 5 - CPE SAM record generation                        0.496 s
      part 6 - release temporary worker data                    0.001 s

  Reserved allocator timers (no active timing sites)
    malloc timer                                              0.000 s
    free timer                                                0.000 s
==================================================================

[main] Version: 0.0.1
[main] CMD: ./SWBWA mem -v 4 -t 1 -1 -o correctness_results/mpi_fine2_hash_1n6_retry_20260825/SRR2496709_SE.run01.discard.sam -I 170,80,500,1 ../data/GRCh38.d1.vd1.fa ../data/bwa_test_big_data/SRR2496709_1.fastq
=============================================================

==============================================================

    3  [  2182348864,   2202009624)     19660760        70217    0.752961
       19     118      4  [  2319974464,   2339635224)     19660760        70217    0.747563
       20     125      5  [  2457600064,   2477260824)     19660760        70217    0.660512
       21     126      0  [  2477260824,   2496921864)     19661040        70218    1.027873
       22     133      1  [  2614886424,   2634547464)     19661040        70218    0.729749
       23     140      2  [  2752512024,   2772173064)     19661040        70218    0.989813
       24     147      3  [  2890137812,   2909798564)     19660752        69228    0.640834
       25     154      4  [  3027763360,   3047424112)     19660752        69228    0.770881
       26     161      5  [  3165388908,   3170304096)      4915188        17307    0.198180
       27     162      0  [  3170304096,   3175219284)      4915188        17307    0.203624
       28     169      1  [  3204710412,   3209625600)      4915188        17307    0.280092
       29     176      2  [  3239117012,   3244032200)      4915188        17307    0.179804
       30     183      3  [  3273523328,   3278438516)      4915188        17307    0.262293
       31     190      4  [  3307929644,   3312844832)      4915188        17307    0.186531
       32     197      5  [  3342336244,   3347251432)      4915188        17307    0.230601
       33     198      0  [  3347251432,   3352166620)      4915188        17307    0.194656
       34     199      1  [  3352166620,   3357081808)      4915188        17307    0.196537
       35     206      2  [  3386572936,   3391488124)      4915188        17307    0.178440
       36     213      3  [  3420979252,   3425894440)      4915188        17307    0.181338
       37     220      4  [  3455385852,   3460301040)      4915188        17307    0.262567
       38     233      5  [  3486105848,   3487334432)      1228584         4326    0.128082
       39     234      0  [  3487334432,   3488563300)      1228868         4327    0.072162
       40     241      1  [  3495936224,   3497164808)      1228584         4326    0.066616
       41     248      2  [  3504537732,   3505766600)      1228868         4327    0.073026
       42     249      3  [  3505766600,   3506995468)      1228868         4327    0.147242
       43     262      4  [  3521741032,   3522969616)      1228584         4326    0.081980
       44     269      5  [  3530342540,   3531571408)      1228868         4327    0.073468
       45     270      0  [  3531571408,   3532800276)      1228868         4327    0.116767
==============================================================

[SWBWA output hash rank 000003/000006] calls=2067999 bytes=602563360 sum=0xbfc820884508938c xor=0x734863c45919a3ce enabled=1

================ MPI Progress Thread Debug =================
  MPI rank: 000003 / 000006
  lifetime                                       47.103182 s
  MPI_Iprobe calls                                    4705
  MPI_Iprobe total                                0.060686 s
  MPI_Iprobe average                                12.898 us
  MPI_Iprobe maximum                              0.001651 s
  calls >= 1 ms                                          3
  calls >= 10 ms                                         0
  calls >= 100 ms                                        0
  calls >= 1 s                                           0
============================================================


================ SWBWA CPE/MPI Progress Debug ================
  MPI rank: 000003 / 000006

    phase                      waits     probes   total(s)    avg(us)    max(s)   >=1ms   >=10ms   >=100ms    >=1s  completed
    FASTQ formatting              46          0      0.000      0.000     0.000       0        0         0       0          0
    alignment and SAM length      46          0      0.000      0.000     0.000       0        0         0       0          0
    SAM record generation         46          0      0.000      0.000     0.000       0        0         0    4  [  2084045064,   2103705824)     19660760        70217    0.873338
       19     107      5  [  2103705824,   2123366584)     19660760        70217    0.821033
       20     108      0  [  2123366584,   2143027344)     19660760        70217    1.358187
       21     121      1  [  2378957024,   2398617784)     19660760        70217    0.737273
       22     128      2  [  2516582624,   2536243384)     19660760        70217    0.846961
       23     135      3  [  2654208224,   2673868984)     19660760        70217    0.845810
       24     142      4  [  2791833824,   2811494520)     19660696        69415    0.645510
       25     149      5  [  2929459316,   2949120068)     19660752        69228    0.730785
       26     150      0  [  2949120068,   2968780820)     19660752        69228    0.733174
       27     157      1  [  3086745616,   3106406652)     19661036        69229    0.638898
       28     170      2  [  3209625600,   3214541072)      4915472        17308    0.265597
       29     171      3  [  3214541072,   3219456260)      4915188        17307    0.243413
       30     178      4  [  3248947388,   3253862576)      4915188        17307    0.229333
       31     185      5  [  3283353704,   3288268892)      4915188        17307    0.222993
       32     186      0  [  3288268892,   3293184080)      4915188        17307    0.251339
       33     193      1  [  3322675208,   3327590680)      4915472        17308    0.205668
       34     200      2  [  3357081808,   3361996996)      4915188        17307    0.223454
       35     207      3  [  3391488124,   3396403312)      4915188        17307    0.205918
       36     214      4  [  3425894440,   3430809628)      4915188        17307    0.193654
       37     221      5  [  3460301040,   3465216228)      4915188        17307    0.183659
       38     222      0  [  3465216228,   3470131416)      4915188        17307    0.213964
       39     235      1  [  3488563300,   3489792168)      1228868         4327    0.074240
       40     242      2  [  3497164808,   3498393676)      1228868         4327    0.145323
       41     255      3  [  3513139240,   3514368108)      1228868         4327    0.073302
       42     256      4  [  3514368108,   3515596976)      1228868         4327    0.070353
       43     263      5  [  3522969616,   3524198484)      1228868         4327    0.102564
       44     264      0  [  3524198484,   3525427352)      1228868         4327    0.075258
==============================================================

[SWBWA output hash rank 000004/000006] calls=2181709 bytes=635381411 sum=0xaecb0624d6c75fe8 xor=0xb08930b0dd6ff6b0 enabled=1

================ MPI Progress Thread Debug =================
  MPI rank: 000004 / 000006
  lifetime                                       47.105556 s
  MPI_Iprobe calls                                    4704
  MPI_Iprobe total                                0.066668 s
  MPI_Iprobe average                                14.173 us
  MPI_Iprobe maximum                              0.001258 s
  calls >= 1 ms                                          2
  calls >= 10 ms                                         0
  calls >= 100 ms                                        0
  calls >= 1 s                                           0
============================================================


================ SWBWA CPE/MPI Progress Debug ================
  MPI rank: 000004 / 000006

    phase                      waits     probes   total(s)    avg(us)    max(s)   >=1ms   >=10ms   >=100ms    >=1s  completed
    FASTQ formatting              45          0      0.000      0.000     0.000       0        0         0       0          0
    alignment and SAM length      45          0      0.000      0.000     0.000       0        0         0       0          0
    SAM record generation         45          0      0.000      0.000     0.000       0        0         0       0          0
    all CPE phases               135          0      0.000      0.000           0          0
    all CPE phases               138          0      0.000      0.000     0.000       0        0         0       0          0

  Probes marked 'completed' returned with the CPE completion
  flag set. Their full call duration bounds the possible delay.
    completion-observing probe total               0.000000 s
    slowest completion-observing probe             0.000000 s
==============================================================


======================= SWBWA Timing Report =======================
  MPI rank: 000003 / 000006
  Accumulated wall-clock time; indented rows are included in
  their parent row and must not be added to it.

  Pipeline
    total - complete three-stage pipeline                    47.104 s
    stage 1 - allocate and read raw FASTQ blocks             17.283 s
    stage 2 - align reads and generate SAM records           25.650 s
    stage 3 - write SAM and release batch data                4.157 s
      SAM output writes                                         3.357 s
      batch cleanup and loop overhead (derived)                 0.800 s

  Stage 1 input details
    batches completed / stage calls                      46 / 47
    input-buffer and batch allocations                        0.000 s  (93 calls, max 0.000 s)
    aggregate requested allocation bytes            580042968
    FASTQ fseeko calls                                        2.641 s  (46 calls, max 0.174 s)
    FASTQ fread calls                                        13.523 s  (46 calls, max 1.091 s)
    align chunk ends to FASTQ record boundaries               0.000 s  (0 calls, max 0.000 s)
    scheduler, checks and bookkeeping (derived)               1.119 s
    raw FASTQ bytes read                            579992856  (553.124 MiB)
    effective fread bandwidth                         40.904 MiB/s
    slowest allocation                                 0.000 s  (19661784 bytes)
    slowest fread                                      1.091 s  (R1 offset=904396944, bytes=19660760)

  Stage 2 worker details
    total - active merge worker                              25.631 s
      part 1 - prepare CPE task and reusable buffers            1.105 s
      part 2 - CPE FASTQ formatting and input release           0.381 s
      part 3 - CPE alignment and SAM length pass               23.421 s
      part 4 - assign slices in the shared SAM buffer           0.156 s
      part 5 - CPE SAM record generation                        0.551 s
      part 6 - release temporary worker data                    0.002 s

  Reserved allocator timers (no active timing sites)
    malloc timer                                              0.000 s
    free timer                                                0.000 s
===================================================================

 0.000       0        0         0       0          0

  Probes marked 'completed' returned with the CPE completion
  flag set. Their full call duration bounds the possible delay.
    completion-observing probe total               0.000000 s
    slowest completion-observing probe             0.000000 s
==============================================================


======================= SWBWA Timing Report =======================
  MPI rank: 000004 / 000006
  Accumulated wall-clock time; indented rows are included in
  their parent row and must not be added to it.

  Pipeline
    total - complete three-stage pipeline                    47.106 s
    stage 1 - allocate and read raw FASTQ blocks             15.994 s
    stage 2 - align reads and generate SAM records           26.784 s
    stage 3 - write SAM and release batch data                4.262 s
      SAM output writes                                         3.445 s
      batch cleanup and loop overhead (derived)                 0.817 s

  Stage 1 input details
    batches completed / stage calls                      45 / 46
    input-buffer and batch allocations                        0.000 s  (91 calls, max 0.000 s)
    aggregate requested allocation bytes            611993324
    FASTQ fseeko calls                                        1.163 s  (45 calls, max 0.176 s)
    FASTQ fread calls                                        13.729 s  (45 calls, max 1.065 s)
    align chunk ends to FASTQ record boundaries               0.000 s  (0 calls, max 0.000 s)
    scheduler, checks and bookkeeping (derived)               1.102 s
    raw FASTQ bytes read                            611944300  (583.596 MiB)
    effective fread bandwidth                         42.507 MiB/s
    slowest allocation                                 0.000 s  (19661784 bytes)
    slowest fread                                      1.065 s  (R1 offset=806092864, bytes=19660760)

  Stage 2 worker details
    total - active merge worker                              26.770 s
      part 1 - prepare CPE task and reusable buffers            1.048 s
      part 2 - CPE FASTQ formatting and input release           0.411 s
      part 3 - CPE alignment and SAM length pass               24.578 s
      part 4 - assign slices in the shared SAM buffer           0.160 s
      part 5 - CPE SAM record generation                        0.558 s
      part 6 - release temporary worker data                    0.002 s

  Reserved allocator timers (no active timing sites)
    malloc timer                                              0.000 s
    free timer                                                0.000 s
===================================================================

    5  [  2339635224,   2359296264)     19661040        70218    0.851345
       19     120      0  [  2359296264,   2378957024)     19660760        70217    0.904355
       20     127      1  [  2496921864,   2516582624)     19660760        70217    0.724255
       21     134      2  [  2634547464,   2654208224)     19660760        70217    1.010042
       22     141      3  [  2772173064,   2791833824)     19660760        70217    0.690838
       23     148      4  [  2909798564,   2929459316)     19660752        69228    0.652976
       24     155      5  [  3047424112,   3067084864)     19660752        69228    0.646152
       25     156      0  [  3067084864,   3086745616)     19660752        69228    0.633878
       26     163      1  [  3175219284,   3180134472)      4915188        17307    0.176461
       27     158      2  [  3106406652,   3126067404)     19660752        69228    0.744068
       28     177      3  [  3244032200,   3248947388)      4915188        17307    0.191329
       29     184      4  [  3278438516,   3283353704)      4915188        17307    0.183716
       30     191      5  [  3312844832,   3317760020)      4915188        17307    0.190507
       31     192      0  [  3317760020,   3322675208)      4915188        17307    0.177733
       32     187      1  [  3293184080,   3298099268)      4915188        17307    0.221183
       33     194      2  [  3327590680,   3332505868)      4915188        17307    0.175564
       34     201      3  [  3361996996,   3366912184)      4915188        17307    0.193661
       35     208      4  [  3396403312,   3401318500)      4915188        17307    0.181179
       36     215      5  [  3430809628,   3435724816)      4915188        17307    0.187413
       37     216      0  [  3435724816,   3440640004)      4915188        17307    0.178673
       38     223      1  [  3470131416,   3475046604)      4915188        17307    0.239964
       39     230      2  [  3482419244,   3483648112)      1228868         4327    0.083074
       40     237      3  [  3491021036,   3492249620)      1228584         4326    0.066306
       41     244      4  [  3499622544,   3500851412)      1228868         4327    0.080869
       42     251      5  [  3508224052,   3509452920)      1228868         4327    0.138624
       43     252      0  [  3509452920,   3510681788)      1228868         4327    0.074415
       44     259      1  [  3518054428,   3519283296)      1228868         4327    0.068734
       45     266      2  [  3526656220,   3527884804)      1228584         4326    0.088529
       46     273      3  [  3535257728,   3536060312)       802584         2826    0.125585
==============================================================

[SWBWA output hash rank 000005/000006] calls=2135759 bytes=628797594 sum=0x1de2314c432ed53e xor=0x24b05eb65bb49130 enabled=1

================ MPI Progress Thread Debug =================
  MPI rank: 000005 / 000006
  lifetime                                       47.102680 s
  MPI_Iprobe calls                                    4706
  MPI_Iprobe total                                0.060841 s
  MPI_Iprobe average                                12.928 us
  MPI_Iprobe maximum                              0.001008 s
  calls >= 1 ms                                          1
  calls >= 10 ms                                         0
  calls >= 100 ms                                        0
  calls >= 1 s                                           0
============================================================


================ SWBWA CPE/MPI Progress Debug ================
  MPI rank: 000005 / 000006

    phase                      waits     probes   total(s)    avg(us)    max(s)   >=1ms   >=10ms   >=100ms    >=1s  completed
    FASTQ formatting              47          0      0.000      0.000     0.000       0        0         0       0          0
    alignment and SAM length      47          0      0.000      0.000     0.000       0        0         0       0          0
    SAM record generation         47          0      0.000      0.000     0.000       0        0         0       0          0
    all CPE phases               141          0      0.000      0.000     0.000       0        0         0       0          0

  Probes marked 'completed' returned with the CPE completion
  flag set. Their full call duration bounds the possible delay.
    completion-observing probe total               0.000000 s
    slowest completion-observing probe             0.000000 s
==============================================================


======================= SWBWA Timing Report =======================
  MPI rank: 000005 / 000006
  Accumulated wall-clock time; indented rows are included in
  their parent row and must not be added to it.

  Pipeline
    total - complete three-stage pipeline                    47.104 s
    stage 1 - allocate and read raw FASTQ blocks             16.165 s
    stage 2 - align reads and generate SAM records           26.421 s
    stage 3 - write SAM and release batch data                4.504 s
      SAM output writes                                         3.635 s
      batch cleanup and loop overhead (derived)                 0.870 s

  Stage 1 input details
    batches completed / stage calls                      47 / 48
    input-buffer and batch allocations                        0.000 s  (95 calls, max 0.000 s)
    aggregate requested allocation bytes            599279740
    FASTQ fseeko calls                                        2.275 s  (47 calls, max 0.278 s)
    FASTQ fread calls                                        12.851 s  (47 calls, max 1.425 s)
    align chunk ends to FASTQ record boundaries               0.000 s  (0 calls, max 0.000 s)
    scheduler, checks and bookkeeping (derived)               1.039 s
    raw FASTQ bytes read                            599228540  (571.469 MiB)
    effective fread bandwidth                         44.471 MiB/s
    slowest allocation                                 0.000 s  (4916212 bytes)
    slowest fread                                      1.425 s  (R1 offset=924057704, bytes=19660760)

  Stage 2 worker details
    total - active merge worker                              26.406 s
      part 1 - prepare CPE task and reusable buffers            1.082 s
      part 2 - CPE FASTQ formatting and input release           0.418 s
      part 3 - CPE alignment and SAM length pass               24.160 s
      part 4 - assign slices in the shared SAM buffer           0.158 s
      part 5 - CPE SAM record generation                        0.573 s
      part 6 - release temporary worker data                    0.002 s

  Reserved allocator timers (no active timing sites)
    malloc timer                                              0.000 s
    free timer                                                0.000 s
===================================================================

