dataset	read_mode	repeat	rank	order	chunk_id	queue	start	end	bytes	records	stage2_seconds
ERR1203383	PE	1	0	0	0	0	0	19660976	19660976	89570	2.180528
ERR1203383	PE	1	0	1	13	1	255590496	275251392	19660896	86232	1.803716
ERR1203383	PE	1	0	2	26	2	511181004	530841672	19660668	86231	2.021065
ERR1203383	PE	1	0	3	39	3	766771284	786432180	19660896	86232	1.811599
ERR1203383	PE	1	0	4	52	4	1022361792	1042022460	19660668	86231	1.68671
ERR1203383	PE	1	0	5	65	5	1277952072	1297612968	19660896	86232	2.124963
ERR1203383	PE	1	0	6	78	6	1533542580	1553203248	19660668	86231	1.656968
ERR1203383	PE	1	0	7	91	7	1789132860	1808793756	19660896	86232	1.699757
ERR1203383	PE	1	0	8	104	8	2044723368	2064384036	19660668	86231	1.736528
ERR1203383	PE	1	0	9	117	9	2300313700	2319974540	19660840	84745	1.871764
ERR1203383	PE	1	0	10	130	10	2555904156	2575564996	19660840	84745	2.088932
ERR1203383	PE	1	0	11	143	11	2811494612	2831155220	19660608	84744	1.811133
ERR1203383	PE	1	0	12	144	0	2831155220	2850816060	19660840	84745	1.714251
ERR1203383	PE	1	0	13	157	1	3086745676	3106406516	19660840	84745	1.702574
ERR1203383	PE	1	0	14	182	2	3253862468	3258777620	4915152	21186	0.512552
ERR1203383	PE	1	0	15	183	3	3258777620	3263693004	4915384	21187	0.499054
ERR1203383	PE	1	0	16	184	4	3263693004	3268608156	4915152	21186	0.517072
ERR1203383	PE	1	0	17	209	5	3379200004	3380428908	1228904	5297	0.243933
ERR1203383	PE	1	0	18	198	6	3332505828	3337420980	4915152	21186	0.677733
ERR1203383	PE	1	0	19	247	7	3425894412	3427123316	1228904	5297	0.338279
ERR1203383	PE	1	0	20	248	8	3427123316	3428352220	1228904	5297	0.20409
ERR1203383	PE	1	0	21	261	9	3443097676	3444326580	1228904	5297	0.259291
ERR1203383	PE	1	0	22	286	10	3473817724	3475046628	1228904	5297	0.227115
ERR1203383	PE	1	0	23	299	11	3489792084	3491020988	1228904	5297	3.213211
ERR1203383	PE	1	1	0	1	1	19660976	39321628	19660652	87957	2.367413
ERR1203383	PE	1	1	1	14	2	275251392	294912060	19660668	86231	1.841585
ERR1203383	PE	1	1	2	27	3	530841672	550502568	19660896	86232	1.827275
ERR1203383	PE	1	1	3	40	4	786432180	806092848	19660668	86231	1.972554
ERR1203383	PE	1	1	4	53	5	1042022460	1061683356	19660896	86232	1.977832
ERR1203383	PE	1	1	5	66	6	1297612968	1317273636	19660668	86231	2.430134
ERR1203383	PE	1	1	6	79	7	1553203248	1572864144	19660896	86232	2.109564
ERR1203383	PE	1	1	7	92	8	1808793756	1828454424	19660668	86231	1.852319
ERR1203383	PE	1	1	8	105	9	2064384036	2084044932	19660896	86232	2.03663
ERR1203383	PE	1	1	9	118	10	2319974540	2339635380	19660840	84745	2.115403
ERR1203383	PE	1	1	10	131	11	2575564996	2595225604	19660608	84744	1.825161
ERR1203383	PE	1	1	11	132	0	2595225604	2614886444	19660840	84745	1.958533
ERR1203383	PE	1	1	12	145	1	2850816060	2870476900	19660840	84745	1.596266
ERR1203383	PE	1	1	13	158	2	3106406516	3126067356	19660840	84745	2.02673
ERR1203383	PE	1	1	14	195	3	3317760140	3322675292	4915152	21186	0.503721
ERR1203383	PE	1	1	15	208	4	3377971332	3379200004	1228672	5296	0.185224
ERR1203383	PE	1	1	16	185	5	3268608156	3273523308	4915152	21186	0.48342
ERR1203383	PE	1	1	17	210	6	3380428908	3381657812	1228904	5297	0.253053
ERR1203383	PE	1	1	18	211	7	3381657812	3382886484	1228672	5296	0.190231
ERR1203383	PE	1	1	19	224	8	3397632172	3398860844	1228672	5296	0.215981
ERR1203383	PE	1	1	20	237	9	3413606532	3414835204	1228672	5296	0.263004
ERR1203383	PE	1	1	21	250	10	3429580892	3430809796	1228904	5297	0.179123
ERR1203383	PE	1	1	22	263	11	3445555252	3446784156	1228904	5297	0.247875
ERR1203383	PE	1	1	23	264	0	3446784156	3448012828	1228672	5296	0.295131
ERR1203383	PE	1	1	24	277	1	3462758516	3463987420	1228904	5297	0.253134
ERR1203383	PE	1	1	25	290	2	3478732876	3479961780	1228904	5297	0.989427
ERR1203383	PE	1	1	26	303	3	3494707236	3495936140	1228904	5297	3.838311
ERR1203383	PE	1	2	0	2	2	39321628	58982556	19660928	87772	2.336422
ERR1203383	PE	1	2	1	15	3	294912060	314572956	19660896	86232	1.762148
ERR1203383	PE	1	2	2	28	4	550502568	570163236	19660668	86231	1.790602
ERR1203383	PE	1	2	3	41	5	806092848	825753744	19660896	86232	2.140308
ERR1203383	PE	1	2	4	54	6	1061683356	1081344024	19660668	86231	1.762235
ERR1203383	PE	1	2	5	67	7	1317273636	1336934532	19660896	86232	2.332135
ERR1203383	PE	1	2	6	80	8	1572864144	1592524812	19660668	86231	2.005762
ERR1203383	PE	1	2	7	93	9	1828454424	1848115320	19660896	86232	1.604066
ERR1203383	PE	1	2	8	106	10	2084044932	2103705600	19660668	86231	1.699594
ERR1203383	PE	1	2	9	119	11	2339635380	2359296220	19660840	84745	1.829282
ERR1203383	PE	1	2	10	120	0	2359296220	2378956828	19660608	84744	1.843453
ERR1203383	PE	1	2	11	133	1	2614886444	2634547284	19660840	84745	1.751767
ERR1203383	PE	1	2	12	146	2	2870476900	2890137740	19660840	84745	2.034641
ERR1203383	PE	1	2	13	159	3	3126067356	3145728196	19660840	84745	1.876664
ERR1203383	PE	1	2	14	172	4	3204710484	3209625636	4915152	21186	0.465229
ERR1203383	PE	1	2	15	197	5	3327590444	3332505828	4915384	21187	0.407811
ERR1203383	PE	1	2	16	234	6	3409920052	3411148956	1228904	5297	0.386081
ERR1203383	PE	1	2	17	259	7	3440640100	3441869004	1228904	5297	0.258061
ERR1203383	PE	1	2	18	272	8	3456614460	3457843364	1228904	5297	0.178103
ERR1203383	PE	1	2	19	285	9	3472588820	3473817724	1228904	5297	0.338564
ERR1203383	PE	1	2	20	298	10	3488563412	3489792084	1228672	5296	3.770623
ERR1203383	PE	1	3	0	3	3	58982556	78643260	19660704	87771	2.185773
ERR1203383	PE	1	3	1	16	4	314572956	334233624	19660668	86231	1.872941
ERR1203383	PE	1	3	2	29	5	570163236	589824132	19660896	86232	1.828719
ERR1203383	PE	1	3	3	42	6	825753744	845414412	19660668	86231	2.09874
ERR1203383	PE	1	3	4	55	7	1081344024	1101004920	19660896	86232	1.918205
ERR1203383	PE	1	3	5	68	8	1336934532	1356595200	19660668	86231	1.848583
ERR1203383	PE	1	3	6	81	9	1592524812	1612185708	19660896	86232	2.292212
ERR1203383	PE	1	3	7	94	10	1848115320	1867776216	19660896	86232	1.638908
ERR1203383	PE	1	3	8	107	11	2103705600	2123366496	19660896	86232	1.603066
ERR1203383	PE	1	3	9	108	0	2123366496	2143027392	19660896	86232	1.747363
ERR1203383	PE	1	3	10	121	1	2378956828	2398617668	19660840	84745	1.670352
ERR1203383	PE	1	3	11	134	2	2634547284	2654208124	19660840	84745	1.657158
ERR1203383	PE	1	3	12	147	3	2890137740	2909798580	19660840	84745	2.042962
ERR1203383	PE	1	3	13	160	4	3145728196	3150643348	4915152	21186	0.613961
ERR1203383	PE	1	3	14	161	5	3150643348	3155558500	4915152	21186	0.559386
ERR1203383	PE	1	3	15	162	6	3155558500	3160473652	4915152	21186	0.543555
ERR1203383	PE	1	3	16	175	7	3219456172	3224371324	4915152	21186	0.704035
ERR1203383	PE	1	3	17	188	8	3283353612	3288268996	4915384	21187	0.445931
ERR1203383	PE	1	3	18	201	9	3347251284	3352166436	4915152	21186	0.571188
ERR1203383	PE	1	3	19	214	10	3385344060	3386572964	1228904	5297	0.220706
ERR1203383	PE	1	3	20	227	11	3401318420	3402547324	1228904	5297	0.353397
ERR1203383	PE	1	3	21	228	0	3402547324	3403776228	1228904	5297	0.281908
ERR1203383	PE	1	3	22	229	1	3403776228	3405004900	1228672	5296	0.318514
ERR1203383	PE	1	3	23	242	2	3419750588	3420979260	1228672	5296	0.240482
ERR1203383	PE	1	3	24	255	3	3435724948	3436953620	1228672	5296	0.41623
ERR1203383	PE	1	3	25	268	4	3451699308	3452928212	1228904	5297	0.233414
ERR1203383	PE	1	3	26	281	5	3467673668	3468902572	1228904	5297	1.97781
ERR1203383	PE	1	3	27	306	6	3498393716	3499281348	887632	3826	1.08118
ERR1203383	PE	1	4	0	4	4	78643260	98304188	19660928	87772	2.17793
ERR1203383	PE	1	4	1	17	5	334233624	353894520	19660896	86232	1.722975
ERR1203383	PE	1	4	2	30	6	589824132	609484800	19660668	86231	2.04749
ERR1203383	PE	1	4	3	43	7	845414412	865075308	19660896	86232	2.105439
ERR1203383	PE	1	4	4	56	8	1101004920	1120665816	19660896	86232	1.772391
ERR1203383	PE	1	4	5	69	9	1356595200	1376256096	19660896	86232	1.892711
ERR1203383	PE	1	4	6	82	10	1612185708	1631846604	19660896	86232	1.914948
ERR1203383	PE	1	4	7	95	11	1867776216	1887436884	19660668	86231	1.957627
ERR1203383	PE	1	4	8	96	0	1887436884	1907097780	19660896	86232	1.87109
ERR1203383	PE	1	4	9	109	1	2143027392	2162688060	19660668	86231	2.102971
ERR1203383	PE	1	4	10	122	2	2398617668	2418278508	19660840	84745	2.125144
ERR1203383	PE	1	4	11	135	3	2654208124	2673868964	19660840	84745	1.832983
ERR1203383	PE	1	4	12	148	4	2909798580	2929459420	19660840	84745	2.059106
ERR1203383	PE	1	4	13	173	5	3209625636	3214541020	4915384	21187	0.418456
ERR1203383	PE	1	4	14	186	6	3273523308	3278438460	4915152	21186	0.534067
ERR1203383	PE	1	4	15	199	7	3337420980	3342336132	4915152	21186	0.714752
ERR1203383	PE	1	4	16	212	8	3382886484	3384115388	1228904	5297	0.272804
ERR1203383	PE	1	4	17	225	9	3398860844	3400089748	1228904	5297	0.196582
ERR1203383	PE	1	4	18	238	10	3414835204	3416064108	1228904	5297	0.258192
ERR1203383	PE	1	4	19	251	11	3430809796	3432038468	1228672	5296	0.191655
ERR1203383	PE	1	4	20	252	0	3432038468	3433267372	1228904	5297	0.297117
ERR1203383	PE	1	4	21	253	1	3433267372	3434496044	1228672	5296	0.317274
ERR1203383	PE	1	4	22	266	2	3449241732	3450470404	1228672	5296	0.369895
ERR1203383	PE	1	4	23	279	3	3465216092	3466444996	1228904	5297	0.165515
ERR1203383	PE	1	4	24	292	4	3481190452	3482419356	1228904	5297	1.344931
ERR1203383	PE	1	4	25	305	5	3497164812	3498393716	1228904	5297	1.984381
ERR1203383	PE	1	6	0	5	5	98304188	117964892	19660704	87771	2.367325
ERR1203383	PE	1	6	1	18	6	353894520	373555416	19660896	86232	1.885172
ERR1203383	PE	1	6	2	31	7	609484800	629145696	19660896	86232	1.639039
ERR1203383	PE	1	6	3	44	8	865075308	884736204	19660896	86232	2.127263
ERR1203383	PE	1	6	4	57	9	1120665816	1140326484	19660668	86231	1.588958
ERR1203383	PE	1	6	5	70	10	1376256096	1395916992	19660896	86232	1.936126
ERR1203383	PE	1	6	6	83	11	1631846604	1651507272	19660668	86231	1.742125
ERR1203383	PE	1	6	7	84	0	1651507272	1671168168	19660896	86232	1.634935
ERR1203383	PE	1	6	8	97	1	1907097780	1926758448	19660668	86231	1.717752
ERR1203383	PE	1	6	9	110	2	2162688060	2182348956	19660896	86232	1.754744
ERR1203383	PE	1	6	10	123	3	2418278508	2437939348	19660840	84745	1.821767
ERR1203383	PE	1	6	11	136	4	2673868964	2693529804	19660840	84745	1.830348
ERR1203383	PE	1	6	12	149	5	2929459420	2949120028	19660608	84744	1.716145
ERR1203383	PE	1	6	13	174	6	3214541020	3219456172	4915152	21186	0.374778
ERR1203383	PE	1	6	14	187	7	3278438460	3283353612	4915152	21186	0.547728
ERR1203383	PE	1	6	15	200	8	3342336132	3347251284	4915152	21186	0.577315
ERR1203383	PE	1	6	16	213	9	3384115388	3385344060	1228672	5296	0.333863
ERR1203383	PE	1	6	17	226	10	3400089748	3401318420	1228672	5296	0.198888
ERR1203383	PE	1	6	18	239	11	3416064108	3417293012	1228904	5297	0.238917
ERR1203383	PE	1	6	19	240	0	3417293012	3418521684	1228672	5296	0.329147
ERR1203383	PE	1	6	20	241	1	3418521684	3419750588	1228904	5297	0.405944
ERR1203383	PE	1	6	21	254	2	3434496044	3435724948	1228904	5297	0.272273
ERR1203383	PE	1	6	22	267	3	3450470404	3451699308	1228904	5297	0.307995
ERR1203383	PE	1	6	23	280	4	3466444996	3467673668	1228672	5296	0.125299
ERR1203383	PE	1	6	24	293	5	3482419356	3483648028	1228672	5296	0.514915
ERR1203383	PE	1	6	25	294	6	3483648028	3484876932	1228904	5297	1.246823
ERR1203383	PE	1	6	26	304	4	3495936140	3497164812	1228672	5296	3.543817
ERR1203383	PE	1	6	0	6	6	117964892	137625820	19660928	87772	2.673435
ERR1203383	PE	1	6	1	19	7	373555416	393216084	19660668	86231	1.998331
ERR1203383	PE	1	6	2	32	8	629145696	648806592	19660896	86232	1.531699
ERR1203383	PE	1	6	3	45	9	884736204	904396872	19660668	86231	2.167748
ERR1203383	PE	1	6	4	58	10	1140326484	1159987380	19660896	86232	1.725777
ERR1203383	PE	1	6	5	71	11	1395916992	1415577660	19660668	86231	1.925715
ERR1203383	PE	1	6	6	72	0	1415577660	1435238556	19660896	86232	1.768713
ERR1203383	PE	1	6	7	85	1	1671168168	1690828836	19660668	86231	1.680779
ERR1203383	PE	1	6	8	98	2	1926758448	1946419344	19660896	86232	1.499069
ERR1203383	PE	1	6	9	111	3	2182348956	2202009624	19660668	86231	1.78843
ERR1203383	PE	1	6	10	124	4	2437939348	2457600188	19660840	84745	1.542826
ERR1203383	PE	1	6	11	137	5	2693529804	2713190412	19660608	84744	1.628803
ERR1203383	PE	1	6	12	150	6	2949120028	2968780868	19660840	84745	1.73215
ERR1203383	PE	1	6	13	163	7	3160473652	3165388804	4915152	21186	0.5286
ERR1203383	PE	1	6	14	164	8	3165388804	3170304188	4915384	21187	0.525264
ERR1203383	PE	1	6	15	165	9	3170304188	3175219340	4915152	21186	0.444633
ERR1203383	PE	1	6	16	166	10	3175219340	3180134492	4915152	21186	0.490729
ERR1203383	PE	1	6	17	179	11	3239117012	3244032164	4915152	21186	0.600677
ERR1203383	PE	1	6	18	180	0	3244032164	3248947316	4915152	21186	0.45328
ERR1203383	PE	1	6	19	181	1	3248947316	3253862468	4915152	21186	0.513814
ERR1203383	PE	1	6	20	194	2	3312844988	3317760140	4915152	21186	0.493
ERR1203383	PE	1	6	21	219	3	3391488116	3392717020	1228904	5297	0.325555
ERR1203383	PE	1	6	22	232	4	3407462476	3408691380	1228904	5297	0.40382
ERR1203383	PE	1	6	23	245	5	3423436836	3424665740	1228904	5297	0.343719
ERR1203383	PE	1	6	24	258	6	3439411428	3440640100	1228672	5296	0.32211
ERR1203383	PE	1	6	25	271	7	3455385788	3456614460	1228672	5296	0.222326
ERR1203383	PE	1	6	26	284	8	3471360148	3472588820	1228672	5296	0.352116
ERR1203383	PE	1	7	0	7	7	137625820	157286524	19660704	87771	2.407855
ERR1203383	PE	1	7	1	20	8	393216084	412876980	19660896	86232	1.786625
ERR1203383	PE	1	7	2	33	9	648806592	668467260	19660668	86231	1.761436
ERR1203383	PE	1	7	3	46	10	904396872	924057768	19660896	86232	2.260084
ERR1203383	PE	1	7	4	59	11	1159987380	1179648048	19660668	86231	2.268074
ERR1203383	PE	1	7	5	60	0	1179648048	1199308944	19660896	86232	2.155362
ERR1203383	PE	1	7	6	73	1	1435238556	1454899224	19660668	86231	2.088641
ERR1203383	PE	1	7	7	86	2	1690828836	1710489732	19660896	86232	2.009515
ERR1203383	PE	1	7	8	99	3	1946419344	1966080012	19660668	86231	1.66065
ERR1203383	PE	1	7	9	112	4	2202009624	2221670520	19660896	86232	1.736089
ERR1203383	PE	1	7	10	125	5	2457600188	2477261028	19660840	84745	1.873368
ERR1203383	PE	1	7	11	138	6	2713190412	2732851252	19660840	84745	1.747679
ERR1203383	PE	1	7	12	151	7	2968780868	2988441708	19660840	84745	1.831458
ERR1203383	PE	1	7	13	176	8	3224371324	3229286476	4915152	21186	0.736566
ERR1203383	PE	1	7	14	177	9	3229286476	3234201628	4915152	21186	0.502711
ERR1203383	PE	1	7	15	190	10	3293184148	3298099300	4915152	21186	0.521903
ERR1203383	PE	1	7	16	203	11	3357081820	3361996972	4915152	21186	0.724587
ERR1203383	PE	1	7	17	204	0	3361996972	3366912124	4915152	21186	0.63872
ERR1203383	PE	1	8	0	8	8	157286524	176947228	19660704	87771	2.761356
ERR1203383	PE	1	8	1	21	9	412876980	432537648	19660668	86231	2.132368
ERR1203383	PE	1	8	2	34	10	668467260	688128156	19660896	86232	2.460581
ERR1203383	PE	1	8	3	47	11	924057768	943718436	19660668	86231	2.178395
ERR1203383	PE	1	8	4	48	0	943718436	963379332	19660896	86232	2.14228
ERR1203383	PE	1	8	5	61	1	1199308944	1218969612	19660668	86231	2.071912
ERR1203383	PE	1	8	6	74	2	1454899224	1474560120	19660896	86232	1.870851
ERR1203383	PE	1	8	7	87	3	1710489732	1730150400	19660668	86231	2.171813
ERR1203383	PE	1	8	8	100	4	1966080012	1985740908	19660896	86232	1.979317
ERR1203383	PE	1	8	9	113	5	2221670520	2241331416	19660896	86232	1.966314
ERR1203383	PE	1	8	10	126	6	2477261028	2496921636	19660608	84744	1.743089
ERR1203383	PE	1	8	11	139	7	2732851252	2752512092	19660840	84745	1.951264
ERR1203383	PE	1	8	12	152	8	2988441708	3008102548	19660840	84745	1.73303
ERR1203383	PE	1	8	13	189	9	3288268996	3293184148	4915152	21186	0.493304
ERR1203383	PE	1	8	14	202	10	3352166436	3357081820	4915384	21187	0.631404
ERR1203383	PE	1	8	15	215	11	3386572964	3387801636	1228672	5296	0.317575
ERR1203383	PE	1	8	16	216	0	3387801636	3389030540	1228904	5297	2.858655
ERR1203383	PE	1	8	17	265	1	3448012828	3449241732	1228904	5297	0.253468
ERR1203383	PE	1	8	19	230	2	3405004900	3406233804	1228904	5297	0.3065
ERR1203383	PE	1	8	20	243	3	3420979260	3422208164	1228904	5297	0.17229
ERR1203383	PE	1	8	21	256	4	3436953620	3438182524	1228904	5297	0.223492
ERR1203383	PE	1	8	22	269	5	3452928212	3454156884	1228672	5296	0.290439
ERR1203383	PE	1	8	23	282	6	3468902572	3470131244	1228672	5296	0.384275
ERR1203383	PE	1	8	24	295	7	3484876932	3486105604	1228672	5296	1.977145
ERR1203383	PE	1	8	25	300	0	3491020988	3492249660	1228672	5296	2.945921
ERR1203383	PE	1	8	19	291	3	3479961780	3481190452	1228672	5296	5.016644
ERR1203383	PE	1	9	0	9	9	176947228	196608156	19660928	87772	2.729292
ERR1203383	PE	1	9	1	22	10	432537648	452198544	19660896	86232	1.901919
ERR1203383	PE	1	9	2	35	11	688128156	707788824	19660668	86231	1.823584
ERR1203383	PE	1	9	3	36	0	707788824	727449720	19660896	86232	1.873667
ERR1203383	PE	1	9	4	49	1	963379332	983040000	19660668	86231	2.017945
ERR1203383	PE	1	9	5	62	2	1218969612	1238630508	19660896	86232	1.848497
ERR1203383	PE	1	9	6	75	3	1474560120	1494221016	19660896	86232	3.412377
ERR1203383	PE	1	9	7	88	4	1730150400	1749811296	19660896	86232	2.131308
ERR1203383	PE	1	9	8	101	5	1985740908	2005401804	19660896	86232	1.900457
ERR1203383	PE	1	9	9	114	6	2241331416	2260992084	19660668	86231	2.117135
ERR1203383	PE	1	9	10	127	7	2496921636	2516582476	19660840	84745	1.853922
ERR1203383	PE	1	9	11	140	8	2752512092	2772172932	19660840	84745	1.738285
ERR1203383	PE	1	9	12	153	9	3008102548	3027763388	19660840	84745	2.221422
ERR1203383	PE	1	9	13	178	10	3234201628	3239117012	4915384	21187	0.567958
ERR1203383	PE	1	9	14	191	11	3298099300	3303014452	4915152	21186	0.428724
ERR1203383	PE	1	9	15	192	0	3303014452	3307929604	4915152	21186	0.490741
ERR1203383	PE	1	9	16	193	1	3307929604	3312844988	4915384	21187	0.455202
ERR1203383	PE	1	9	17	206	2	3371827276	3376742428	4915152	21186	0.530788
ERR1203383	PE	1	10	0	10	10	196608156	216268860	19660704	87771	2.19893
ERR1203383	PE	1	10	1	23	11	452198544	471859212	19660668	86231	2.203162
ERR1203383	PE	1	10	2	24	0	471859212	491520108	19660896	86232	1.834902
ERR1203383	PE	1	10	3	37	1	727449720	747110616	19660896	86232	1.949683
ERR1203383	PE	1	10	4	50	2	983040000	1002700896	19660896	86232	2.252881
ERR1203383	PE	1	10	5	63	3	1238630508	1258291404	19660896	86232	1.951719
ERR1203383	PE	1	10	6	76	4	1494221016	1513881684	19660668	86231	2.263266
ERR1203383	PE	1	10	7	89	5	1749811296	1769472192	19660896	86232	1.770437
ERR1203383	PE	1	10	8	102	6	2005401804	2025062472	19660668	86231	1.645109
ERR1203383	PE	1	10	9	115	7	2260992084	2280652860	19660776	85846	2.176739
ERR1203383	PE	1	10	10	128	8	2516582476	2536243316	19660840	84745	1.866601
ERR1203383	PE	1	10	11	141	9	2772172932	2791833772	19660840	84745	1.594929
ERR1203383	PE	1	10	12	154	10	3027763388	3047424228	19660840	84745	1.73366
ERR1203383	PE	1	10	13	167	11	3180134492	3185049644	4915152	21186	0.559009
ERR1203383	PE	1	10	14	168	0	3185049644	3189965028	4915384	21187	0.547242
ERR1203383	PE	1	10	15	169	1	3189965028	3194880180	4915152	21186	0.429201
ERR1203383	PE	1	10	16	170	2	3194880180	3199795332	4915152	21186	0.550068
ERR1203383	PE	1	10	17	171	3	3199795332	3204710484	4915152	21186	0.604989
ERR1203383	PE	1	10	18	196	3	3406233804	3407462476	1228672	5296	0.206106
ERR1203383	PE	1	10	19	244	4	3422208164	3423436836	1228672	5296	0.179351
ERR1203383	PE	1	10	20	257	5	3438182524	3439411428	1228904	5297	0.175968
ERR1203383	PE	1	10	21	270	6	3454156884	3455385788	1228904	5297	0.246625
ERR1203383	PE	1	10	22	283	7	3470131244	3471360148	1228904	5297	0.257239
ERR1203383	PE	1	10	23	296	8	3486105604	3487334508	1228904	5297	4.581449
ERR1203383	PE	1	10	19	221	5	3393945692	3395174596	1228904	5297	0.194455
ERR1203383	PE	1	10	20	222	6	3395174596	3396403268	1228672	5296	0.151819
ERR1203383	PE	1	10	21	223	7	3396403268	3397632172	1228904	5297	0.190512
ERR1203383	PE	1	10	22	236	8	3412377628	3413606532	1228904	5297	0.155093
ERR1203383	PE	1	10	23	249	9	3428352220	3429580892	1228672	5296	0.285399
ERR1203383	PE	1	10	24	262	10	3444326580	3445555252	1228672	5296	0.14423
ERR1203383	PE	1	10	25	275	11	3460300940	3461529612	1228672	5296	0.145482
ERR1203383	PE	1	10	26	276	0	3461529612	3462758516	1228904	5297	0.13013
ERR1203383	PE	1	10	27	289	1	3477504204	3478732876	1228672	5296	0.289559
ERR1203383	PE	1	10	28	302	2	3493478564	3494707236	1228672	5296	3.036453
ERR1203383	PE	1	11	0	11	11	216268860	235929600	19660740	86802	2.281356
ERR1203383	PE	1	11	1	12	0	235929600	255590496	19660896	86232	1.867791
ERR1203383	PE	1	11	2	25	1	491520108	511181004	19660896	86232	1.677359
ERR1203383	PE	1	11	3	38	2	747110616	766771284	19660668	86231	2.003958
ERR1203383	PE	1	11	4	51	3	1002700896	1022361792	19660896	86232	2.018373
ERR1203383	PE	1	11	5	64	4	1258291404	1277952072	19660668	86231	1.90359
ERR1203383	PE	1	11	6	77	5	1513881684	1533542580	19660896	86232	2.065305
ERR1203383	PE	1	11	7	90	6	1769472192	1789132860	19660668	86231	1.836192
ERR1203383	PE	1	11	8	103	7	2025062472	2044723368	19660896	86232	1.746447
ERR1203383	PE	1	11	9	116	8	2280652860	2300313700	19660840	84745	1.714475
ERR1203383	PE	1	11	10	129	9	2536243316	2555904156	19660840	84745	1.460941
ERR1203383	PE	1	11	11	142	10	2791833772	2811494612	19660840	84745	1.758577
ERR1203383	PE	1	11	12	155	11	3047424228	3067084836	19660608	84744	1.721609
ERR1203383	PE	1	11	13	156	0	3067084836	3086745676	19660840	84745	1.665171
ERR1203383	PE	1	11	14	205	1	3366912124	3371827276	4915152	21186	0.520218
ERR1203383	PE	1	11	15	218	2	3390259212	3391488116	1228904	5297	0.260926
ERR1203383	PE	1	11	16	207	3	3376742428	3377971332	1228904	5297	0.419807
ERR1203383	PE	1	11	17	220	4	3392717020	3393945692	1228672	5296	0.226548
ERR1203383	PE	1	11	18	233	5	3408691380	3409920052	1228672	5296	0.283582
ERR1203383	PE	1	11	19	246	6	3424665740	3425894412	1228672	5296	0.249997
ERR1203383	PE	1	11	20	235	7	3411148956	3412377628	1228672	5296	0.388726
ERR1203383	PE	1	11	21	260	8	3441869004	3443097676	1228672	5296	0.230117
ERR1203383	PE	1	11	22	273	9	3457843364	3459072036	1228672	5296	0.118393
ERR1203383	PE	1	11	23	274	10	3459072036	3460300940	1228904	5297	0.14045
ERR1203383	PE	1	11	24	287	11	3475046628	3476275300	1228672	5296	0.857626
ERR1203383	PE	1	11	25	288	0	3476275300	3477504204	1228904	5297	0.285062
ERR1203383	PE	1	11	26	301	1	3492249660	3493478564	1228904	5297	3.320918
ERR1203383	SE	1	0	0	0	0	0	19660976	19660976	89570	1.30253
ERR1203383	SE	1	0	1	13	1	255590496	275251392	19660896	86232	0.798511
ERR1203383	SE	1	0	2	26	2	511181004	530841672	19660668	86231	0.813507
ERR1203383	SE	1	0	3	39	3	766771284	786432180	19660896	86232	0.809787
ERR1203383	SE	1	0	4	52	4	1022361792	1042022460	19660668	86231	0.748414
ERR1203383	SE	1	0	5	65	5	1277952072	1297612968	19660896	86232	0.851993
ERR1203383	SE	1	0	6	78	6	1533542580	1553203248	19660668	86231	0.776254
ERR1203383	SE	1	0	7	91	7	1789132860	1808793756	19660896	86232	0.765016
ERR1203383	SE	1	0	8	104	8	2044723368	2064384036	19660668	86231	0.761554
ERR1203383	SE	1	0	9	117	9	2300313700	2319974540	19660840	84745	0.772043
ERR1203383	SE	1	0	10	130	10	2555904156	2575564996	19660840	84745	0.856954
ERR1203383	SE	1	0	11	143	11	2811494612	2831155220	19660608	84744	0.76934
ERR1203383	SE	1	0	12	144	0	2831155220	2850816060	19660840	84745	0.750952
ERR1203383	SE	1	0	13	157	1	3086745676	3106406516	19660840	84745	0.770481
ERR1203383	SE	1	0	14	194	2	3312844988	3317760140	4915152	21186	0.229481
ERR1203383	SE	1	0	15	207	3	3376742428	3377971332	1228904	5297	0.111308
ERR1203383	SE	1	0	16	208	4	3377971332	3379200004	1228672	5296	0.085941
ERR1203383	SE	1	0	17	209	5	3379200004	3380428908	1228904	5297	0.099705
ERR1203383	SE	1	0	18	210	6	3380428908	3381657812	1228904	5297	0.105434
ERR1203383	SE	1	0	19	223	7	3396403268	3397632172	1228904	5297	0.115229
ERR1203383	SE	1	0	20	236	8	3412377628	3413606532	1228904	5297	0.078394
ERR1203383	SE	1	0	21	249	9	3428352220	3429580892	1228672	5296	0.104813
ERR1203383	SE	1	0	22	262	10	3444326580	3445555252	1228672	5296	0.079899
ERR1203383	SE	1	0	23	275	11	3460300940	3461529612	1228672	5296	0.0835
ERR1203383	SE	1	0	24	276	0	3461529612	3462758516	1228904	5297	0.08095
ERR1203383	SE	1	0	25	289	1	3477504204	3478732876	1228672	5296	0.098468
ERR1203383	SE	1	0	26	302	2	3493478564	3494707236	1228672	5296	0.564575
ERR1203383	SE	1	6	0	6	6	117964892	137625820	19660928	87772	1.362477
ERR1203383	SE	1	6	1	19	7	373555416	393216084	19660668	86231	0.829659
ERR1203383	SE	1	6	2	32	8	629145696	648806592	19660896	86232	0.713031
ERR1203383	SE	1	6	3	45	9	884736204	904396872	19660668	86231	0.874891
ERR1203383	SE	1	6	4	58	10	1140326484	1159987380	19660896	86232	0.740959
ERR1203383	SE	1	6	5	71	11	1395916992	1415577660	19660668	86231	0.816311
ERR1203383	SE	1	6	6	72	0	1415577660	1435238556	19660896	86232	0.793275
ERR1203383	SE	1	6	7	85	1	1671168168	1690828836	19660668	86231	0.717591
ERR1203383	SE	1	6	8	98	2	1926758448	1946419344	19660896	86232	0.692481
ERR1203383	SE	1	6	9	111	3	2182348956	2202009624	19660668	86231	0.802405
ERR1203383	SE	1	6	10	124	4	2437939348	2457600188	19660840	84745	0.727237
ERR1203383	SE	1	6	11	137	5	2693529804	2713190412	19660608	84744	0.718688
ERR1203383	SE	1	6	12	150	6	2949120028	2968780868	19660840	84745	0.775117
ERR1203383	SE	1	6	13	163	7	3160473652	3165388804	4915152	21186	0.258217
ERR1203383	SE	1	6	14	164	8	3165388804	3170304188	4915384	21187	0.242657
ERR1203383	SE	1	6	15	177	9	3229286476	3234201628	4915152	21186	0.28165
ERR1203383	SE	1	6	16	190	10	3293184148	3298099300	4915152	21186	0.22811
ERR1203383	SE	1	6	17	203	11	3357081820	3361996972	4915152	21186	0.26296
ERR1203383	SE	1	6	18	204	0	3361996972	3366912124	4915152	21186	0.245926
ERR1203383	SE	1	6	19	217	1	3389030540	3390259212	1228672	5296	0.111236
ERR1203383	SE	1	6	20	218	2	3390259212	3391488116	1228904	5297	0.109451
ERR1203383	SE	1	6	21	219	3	3391488116	3392717020	1228904	5297	0.122148
ERR1203383	SE	1	6	22	196	4	3322675292	3327590444	4915152	21186	0.219352
ERR1203383	SE	1	6	23	233	5	3408691380	3409920052	1228672	5296	0.095151
ERR1203383	SE	1	6	24	246	6	3424665740	3425894412	1228672	5296	0.098283
ERR1203383	SE	1	6	25	247	7	3425894412	3427123316	1228904	5297	0.120567
ERR1203383	SE	1	6	26	260	8	3441869004	3443097676	1228672	5296	0.089746
ERR1203383	SE	1	6	27	273	9	3457843364	3459072036	1228672	5296	0.066973
ERR1203383	SE	1	6	28	286	10	3473817724	3475046628	1228904	5297	0.114107
ERR1203383	SE	1	6	29	299	11	3489792084	3491020988	1228904	5297	0.558742
ERR1203383	SE	1	7	0	7	7	137625820	157286524	19660704	87771	1.332091
ERR1203383	SE	1	7	1	20	8	393216084	412876980	19660896	86232	0.769086
ERR1203383	SE	1	7	2	33	9	648806592	668467260	19660668	86231	0.813146
ERR1203383	SE	1	7	3	46	10	904396872	924057768	19660896	86232	0.898254
ERR1203383	SE	1	7	4	59	11	1159987380	1179648048	19660668	86231	0.87152
ERR1203383	SE	1	7	5	60	0	1179648048	1199308944	19660896	86232	0.83916
ERR1203383	SE	1	7	6	73	1	1435238556	1454899224	19660668	86231	0.819424
ERR1203383	SE	1	7	7	86	2	1690828836	1710489732	19660896	86232	0.821606
ERR1203383	SE	1	7	8	99	3	1946419344	1966080012	19660668	86231	0.751223
ERR1203383	SE	1	7	9	112	4	2202009624	2221670520	19660896	86232	0.794281
ERR1203383	SE	1	7	10	125	5	2457600188	2477261028	19660840	84745	0.785038
ERR1203383	SE	1	7	11	138	6	2713190412	2732851252	19660840	84745	0.771222
ERR1203383	SE	1	7	12	151	7	2968780868	2988441708	19660840	84745	0.772392
ERR1203383	SE	1	7	13	176	8	3224371324	3229286476	4915152	21186	0.256241
ERR1203383	SE	1	7	14	189	9	3288268996	3293184148	4915152	21186	0.221584
ERR1203383	SE	1	7	15	202	10	3352166436	3357081820	4915384	21187	0.242479
ERR1203383	SE	1	7	16	215	11	3386572964	3387801636	1228672	5296	0.112817
ERR1203383	SE	1	7	17	216	0	3387801636	3389030540	1228904	5297	0.534225
ERR1203383	SE	1	7	18	229	1	3403776228	3405004900	1228672	5296	0.107318
ERR1203383	SE	1	7	19	242	2	3419750588	3420979260	1228672	5296	0.099383
ERR1203383	SE	1	7	20	255	3	3435724948	3436953620	1228672	5296	0.122289
ERR1203383	SE	1	7	21	268	4	3451699308	3452928212	1228904	5297	0.081007
ERR1203383	SE	1	7	22	293	5	3482419356	3483648028	1228672	5296	0.149903
ERR1203383	SE	1	7	23	294	6	3483648028	3484876932	1228904	5297	0.325646
ERR1203383	SE	1	7	24	288	0	3476275300	3477504204	1228904	5297	0.131038
ERR1203383	SE	1	8	0	8	8	157286524	176947228	19660704	87771	1.333367
ERR1203383	SE	1	8	1	21	9	412876980	432537648	19660668	86231	0.837988
ERR1203383	SE	1	8	2	34	10	668467260	688128156	19660896	86232	0.905112
ERR1203383	SE	1	8	3	47	11	924057768	943718436	19660668	86231	0.867201
ERR1203383	SE	1	8	4	48	0	943718436	963379332	19660896	86232	0.84602
ERR1203383	SE	1	8	5	61	1	1199308944	1218969612	19660668	86231	0.807488
ERR1203383	SE	1	8	6	74	2	1454899224	1474560120	19660896	86232	0.812131
ERR1203383	SE	1	8	7	87	3	1710489732	1730150400	19660668	86231	0.881685
ERR1203383	SE	1	8	8	100	4	1966080012	1985740908	19660896	86232	0.824311
ERR1203383	SE	1	8	9	113	5	2221670520	2241331416	19660896	86232	0.827415
ERR1203383	SE	1	8	10	126	6	2477261028	2496921636	19660608	84744	0.77077
ERR1203383	SE	1	8	11	139	7	2732851252	2752512092	19660840	84745	0.793972
ERR1203383	SE	1	8	12	152	8	2988441708	3008102548	19660840	84745	0.767594
ERR1203383	SE	1	8	13	165	9	3170304188	3175219340	4915152	21186	0.206632
ERR1203383	SE	1	8	14	178	10	3234201628	3239117012	4915384	21187	0.231931
ERR1203383	SE	1	8	15	191	11	3298099300	3303014452	4915152	21186	0.210953
ERR1203383	SE	1	8	16	192	0	3303014452	3307929604	4915152	21186	0.224477
ERR1203383	SE	1	8	17	193	1	3307929604	3312844988	4915384	21187	0.222943
ERR1203383	SE	1	8	18	206	2	3371827276	3376742428	4915152	21186	0.219362
ERR1203383	SE	1	8	19	231	3	3406233804	3407462476	1228672	5296	0.08444
ERR1203383	SE	1	8	20	220	4	3392717020	3393945692	1228672	5296	0.079597
ERR1203383	SE	1	8	21	221	5	3393945692	3395174596	1228904	5297	0.096755
ERR1203383	SE	1	8	22	234	6	3409920052	3411148956	1228904	5297	0.130389
ERR1203383	SE	1	8	23	271	7	3455385788	3456614460	1228672	5296	0.112304
ERR1203383	SE	1	8	24	284	8	3471360148	3472588820	1228672	5296	0.133461
ERR1203383	SE	1	8	25	297	9	3487334508	3488563412	1228904	5297	0.527025
ERR1203383	SE	1	9	0	9	9	176947228	196608156	19660928	87772	1.312126
ERR1203383	SE	1	9	1	22	10	432537648	452198544	19660896	86232	0.817043
ERR1203383	SE	1	9	2	35	11	688128156	707788824	19660668	86231	0.787195
ERR1203383	SE	1	9	3	36	0	707788824	727449720	19660896	86232	0.763082
ERR1203383	SE	1	9	4	49	1	963379332	983040000	19660668	86231	0.846235
ERR1203383	SE	1	9	5	62	2	1218969612	1238630508	19660896	86232	0.778132
ERR1203383	SE	1	9	6	75	3	1474560120	1494221016	19660896	86232	1.113854
ERR1203383	SE	1	9	7	88	4	1730150400	1749811296	19660896	86232	0.85541
ERR1203383	SE	1	9	8	101	5	1985740908	2005401804	19660896	86232	0.794513
ERR1203383	SE	1	9	9	114	6	2241331416	2260992084	19660668	86231	0.835873
ERR1203383	SE	1	9	10	127	7	2496921636	2516582476	19660840	84745	0.789897
ERR1203383	SE	1	9	11	140	8	2752512092	2772172932	19660840	84745	0.748233
ERR1203383	SE	1	9	12	153	9	3008102548	3027763388	19660840	84745	0.904459
ERR1203383	SE	1	9	13	166	10	3175219340	3180134492	4915152	21186	0.213866
ERR1203383	SE	1	9	14	179	11	3239117012	3244032164	4915152	21186	0.235332
ERR1203383	SE	1	9	15	180	0	3244032164	3248947316	4915152	21186	0.223014
ERR1203383	SE	1	9	16	169	1	3189965028	3194880180	4915152	21186	0.211274
ERR1203383	SE	1	9	17	170	2	3194880180	3199795332	4915152	21186	0.229472
ERR1203383	SE	1	9	18	183	3	3258777620	3263693004	4915384	21187	0.215661
ERR1203383	SE	1	9	19	244	4	3422208164	3423436836	1228672	5296	0.084709
ERR1203383	SE	1	9	20	245	5	3423436836	3424665740	1228904	5297	0.119707
ERR1203383	SE	1	9	21	258	6	3439411428	3440640100	1228672	5296	0.101835
ERR1203383	SE	1	9	22	259	7	3440640100	3441869004	1228904	5297	0.09403
ERR1203383	SE	1	9	23	272	8	3456614460	3457843364	1228904	5297	0.075034
ERR1203383	SE	1	9	24	285	9	3472588820	3473817724	1228904	5297	0.133846
ERR1203383	SE	1	9	25	298	10	3488563412	3489792084	1228672	5296	0.630936
ERR1203383	SE	1	10	0	10	10	196608156	216268860	19660704	87771	1.257994
ERR1203383	SE	1	10	1	23	11	452198544	471859212	19660668	86231	0.875331
ERR1203383	SE	1	10	2	24	0	471859212	491520108	19660896	86232	0.796518
ERR1203383	SE	1	10	3	37	1	727449720	747110616	19660896	86232	0.812784
ERR1203383	SE	1	10	4	50	2	983040000	1002700896	19660896	86232	0.847926
ERR1203383	SE	1	10	5	63	3	1238630508	1258291404	19660896	86232	0.797441
ERR1203383	SE	1	10	6	76	4	1494221016	1513881684	19660668	86231	0.893891
ERR1203383	SE	1	10	7	89	5	1749811296	1769472192	19660896	86232	0.772281
ERR1203383	SE	1	10	8	102	6	2005401804	2025062472	19660668	86231	0.735067
ERR1203383	SE	1	10	9	115	7	2260992084	2280652860	19660776	85846	0.880004
ERR1203383	SE	1	10	10	128	8	2516582476	2536243316	19660840	84745	0.77723
ERR1203383	SE	1	10	11	141	9	2772172932	2791833772	19660840	84745	0.736007
ERR1203383	SE	1	10	12	154	10	3027763388	3047424228	19660840	84745	0.781157
ERR1203383	SE	1	10	13	167	11	3180134492	3185049644	4915152	21186	0.241507
ERR1203383	SE	1	10	14	156	0	3067084836	3086745676	19660840	84745	0.749307
ERR1203383	SE	1	10	15	205	1	3366912124	3371827276	4915152	21186	0.217938
ERR1203383	SE	1	10	16	230	2	3405004900	3406233804	1228904	5297	0.12083
ERR1203383	SE	1	10	17	243	3	3420979260	3422208164	1228904	5297	0.100364
ERR1203383	SE	1	10	18	256	4	3436953620	3438182524	1228904	5297	0.0948
ERR1203383	SE	1	10	19	269	5	3452928212	3454156884	1228672	5296	0.100811
ERR1203383	SE	1	10	20	270	6	3454156884	3455385788	1228904	5297	0.092334
ERR1203383	SE	1	10	21	283	7	3470131244	3471360148	1228904	5297	0.104577
ERR1203383	SE	1	10	22	296	8	3486105604	3487334508	1228904	5297	0.826821
ERR1203383	SE	1	1	0	1	1	19660976	39321628	19660652	87957	1.305782
ERR1203383	SE	1	1	1	14	2	275251392	294912060	19660668	86231	0.812589
ERR1203383	SE	1	1	2	27	3	530841672	550502568	19660896	86232	0.758542
ERR1203383	SE	1	1	3	40	4	786432180	806092848	19660668	86231	0.852582
ERR1203383	SE	1	1	4	53	5	1042022460	1061683356	19660896	86232	0.804163
ERR1203383	SE	1	1	5	66	6	1297612968	1317273636	19660668	86231	0.919308
ERR1203383	SE	1	1	6	79	7	1553203248	1572864144	19660896	86232	0.844089
ERR1203383	SE	1	1	7	92	8	1808793756	1828454424	19660668	86231	0.845353
ERR1203383	SE	1	1	8	105	9	2064384036	2084044932	19660896	86232	0.839566
ERR1203383	SE	1	1	9	118	10	2319974540	2339635380	19660840	84745	0.856893
ERR1203383	SE	1	1	10	131	11	2575564996	2595225604	19660608	84744	0.800636
ERR1203383	SE	1	1	11	132	0	2595225604	2614886444	19660840	84745	0.833342
ERR1203383	SE	1	1	12	145	1	2850816060	2870476900	19660840	84745	0.745315
ERR1203383	SE	1	1	13	158	2	3106406516	3126067356	19660840	84745	0.826511
ERR1203383	SE	1	1	14	171	3	3199795332	3204710484	4915152	21186	0.267401
ERR1203383	SE	1	1	15	184	4	3263693004	3268608156	4915152	21186	0.219634
ERR1203383	SE	1	1	16	197	5	3327590444	3332505828	4915384	21187	0.203401
ERR1203383	SE	1	1	17	222	6	3395174596	3396403268	1228672	5296	0.090916
ERR1203383	SE	1	2	0	2	2	39321628	58982556	19660928	87772	1.293176
ERR1203383	SE	1	2	1	15	3	294912060	314572956	19660896	86232	0.773562
ERR1203383	SE	1	2	2	28	4	550502568	570163236	19660668	86231	0.796217
ERR1203383	SE	1	2	3	41	5	806092848	825753744	19660896	86232	0.867607
ERR1203383	SE	1	2	4	54	6	1061683356	1081344024	19660668	86231	0.783126
ERR1203383	SE	1	2	5	67	7	1317273636	1336934532	19660896	86232	1.002514
ERR1203383	SE	1	2	6	80	8	1572864144	1592524812	19660668	86231	0.820112
ERR1203383	SE	1	2	7	93	9	1828454424	1848115320	19660896	86232	0.743843
ERR1203383	SE	1	2	8	106	10	2084044932	2103705600	19660668	86231	0.781153
ERR1203383	SE	1	2	9	119	11	2339635380	2359296220	19660840	84745	0.776056
ERR1203383	SE	1	2	10	120	0	2359296220	2378956828	19660608	84744	0.797716
ERR1203383	SE	1	2	11	133	1	2614886444	2634547284	19660840	84745	0.757318
ERR1203383	SE	1	2	12	146	2	2870476900	2890137740	19660840	84745	0.821955
ERR1203383	SE	1	2	13	159	3	3126067356	3145728196	19660840	84745	0.778418
ERR1203383	SE	1	2	14	172	4	3204710484	3209625636	4915152	21186	0.20522
ERR1203383	SE	1	2	15	185	5	3268608156	3273523308	4915152	21186	0.2159
ERR1203383	SE	1	2	16	198	6	3332505828	3337420980	4915152	21186	0.28954
ERR1203383	SE	1	2	17	211	7	3381657812	3382886484	1228672	5296	0.088374
ERR1203383	SE	1	3	0	3	3	58982556	78643260	19660704	87771	1.313155
ERR1203383	SE	1	3	1	16	4	314572956	334233624	19660668	86231	0.82174
ERR1203383	SE	1	3	2	29	5	570163236	589824132	19660896	86232	0.76912
ERR1203383	SE	1	3	3	42	6	825753744	845414412	19660668	86231	0.856334
ERR1203383	SE	1	3	4	55	7	1081344024	1101004920	19660896	86232	0.841974
ERR1203383	SE	1	3	5	68	8	1336934532	1356595200	19660668	86231	0.786483
ERR1203383	SE	1	3	6	81	9	1592524812	1612185708	19660896	86232	0.885597
ERR1203383	SE	1	3	7	94	10	1848115320	1867776216	19660896	86232	0.752207
ERR1203383	SE	1	3	8	107	11	2103705600	2123366496	19660896	86232	0.729893
ERR1203383	SE	1	3	9	108	0	2123366496	2143027392	19660896	86232	0.794098
ERR1203383	SE	1	3	10	121	1	2378956828	2398617668	19660840	84745	0.762399
ERR1203383	SE	1	3	11	134	2	2634547284	2654208124	19660840	84745	0.758999
ERR1203383	SE	1	3	12	147	3	2890137740	2909798580	19660840	84745	0.823614
ERR1203383	SE	1	3	13	160	4	3145728196	3150643348	4915152	21186	0.250796
ERR1203383	SE	1	3	14	161	5	3150643348	3155558500	4915152	21186	0.24338
ERR1203383	SE	1	3	15	162	6	3155558500	3160473652	4915152	21186	0.230724
ERR1203383	SE	1	3	16	175	7	3219456172	3224371324	4915152	21186	0.271702
ERR1203383	SE	1	3	17	188	8	3283353612	3288268996	4915384	21187	0.208198
ERR1203383	SE	1	3	19	248	8	3427123316	3428352220	1228904	5297	0.085343
ERR1203383	SE	1	3	20	261	9	3443097676	3444326580	1228904	5297	0.083962
ERR1203383	SE	1	3	21	274	10	3459072036	3460300940	1228904	5297	0.090461
ERR1203383	SE	1	3	22	287	11	3475046628	3476275300	1228672	5296	0.238678
ERR1203383	SE	1	3	23	301	1	3492249660	3493478564	1228904	5297	0.544999
ERR1203383	SE	1	3	19	237	9	3413606532	3414835204	1228672	5296	0.086602
ERR1203383	SE	1	3	20	250	10	3429580892	3430809796	1228904	5297	0.10223
ERR1203383	SE	1	3	21	263	11	3445555252	3446784156	1228904	5297	0.085896
ERR1203383	SE	1	3	22	264	0	3446784156	3448012828	1228672	5296	0.09537
ERR1203383	SE	1	3	23	277	1	3462758516	3463987420	1228904	5297	0.086306
ERR1203383	SE	1	3	24	290	2	3478732876	3479961780	1228904	5297	0.182105
ERR1203383	SE	1	3	25	303	3	3494707236	3495936140	1228904	5297	0.763208
ERR1203383	SE	1	3	19	226	10	3400089748	3401318420	1228672	5296	0.098266
ERR1203383	SE	1	3	20	239	11	3416064108	3417293012	1228904	5297	0.091655
ERR1203383	SE	1	3	21	228	0	3402547324	3403776228	1228904	5297	0.093431
ERR1203383	SE	1	3	22	241	1	3418521684	3419750588	1228904	5297	0.124602
ERR1203383	SE	1	3	23	254	2	3434496044	3435724948	1228904	5297	0.096539
ERR1203383	SE	1	3	24	267	3	3450470404	3451699308	1228904	5297	0.105922
ERR1203383	SE	1	3	25	280	4	3466444996	3467673668	1228672	5296	0.075586
ERR1203383	SE	1	3	26	281	5	3467673668	3468902572	1228904	5297	0.299234
ERR1203383	SE	1	3	27	306	6	3498393716	3499281348	887632	3826	0.184024
ERR1203383	SE	1	3	28	300	0	3491020988	3492249660	1228672	5296	0.533992
ERR1203383	SE	1	4	0	4	4	78643260	98304188	19660928	87772	1.247134
ERR1203383	SE	1	4	1	17	5	334233624	353894520	19660896	86232	0.766766
ERR1203383	SE	1	4	2	30	6	589824132	609484800	19660668	86231	0.821393
ERR1203383	SE	1	4	3	43	7	845414412	865075308	19660896	86232	0.846267
ERR1203383	SE	1	4	4	56	8	1101004920	1120665816	19660896	86232	0.801555
ERR1203383	SE	1	4	5	69	9	1356595200	1376256096	19660896	86232	0.806761
ERR1203383	SE	1	4	6	82	10	1612185708	1631846604	19660896	86232	0.79388
ERR1203383	SE	1	4	7	95	11	1867776216	1887436884	19660668	86231	0.811614
ERR1203383	SE	1	4	8	96	0	1887436884	1907097780	19660896	86232	0.784731
ERR1203383	SE	1	4	9	109	1	2143027392	2162688060	19660668	86231	0.836681
ERR1203383	SE	1	4	10	122	2	2398617668	2418278508	19660840	84745	0.862681
ERR1203383	SE	1	4	11	135	3	2654208124	2673868964	19660840	84745	0.811639
ERR1203383	SE	1	4	12	148	4	2909798580	2929459420	19660840	84745	0.826736
ERR1203383	SE	1	4	13	173	5	3209625636	3214541020	4915384	21187	0.203017
ERR1203383	SE	1	4	14	174	6	3214541020	3219456172	4915152	21186	0.193403
ERR1203383	SE	1	4	15	187	7	3278438460	3283353612	4915152	21186	0.254665
ERR1203383	SE	1	4	16	200	8	3342336132	3347251284	4915152	21186	0.223361
ERR1203383	SE	1	4	17	225	9	3398860844	3400089748	1228904	5297	0.078142
ERR1203383	SE	1	5	0	5	5	98304188	117964892	19660704	87771	1.319435
ERR1203383	SE	1	5	1	18	6	353894520	373555416	19660896	86232	0.795625
ERR1203383	SE	1	5	2	31	7	609484800	629145696	19660896	86232	0.744282
ERR1203383	SE	1	5	3	44	8	865075308	884736204	19660896	86232	0.829962
ERR1203383	SE	1	5	4	57	9	1120665816	1140326484	19660668	86231	0.716287
ERR1203383	SE	1	5	5	70	10	1376256096	1395916992	19660896	86232	0.801975
ERR1203383	SE	1	5	6	83	11	1631846604	1651507272	19660668	86231	0.769032
ERR1203383	SE	1	5	7	84	0	1651507272	1671168168	19660896	86232	0.759302
ERR1203383	SE	1	5	8	97	1	1907097780	1926758448	19660668	86231	0.755012
ERR1203383	SE	1	5	9	110	2	2162688060	2182348956	19660896	86232	0.787102
ERR1203383	SE	1	5	10	123	3	2418278508	2437939348	19660840	84745	0.783703
ERR1203383	SE	1	5	11	136	4	2673868964	2693529804	19660840	84745	0.773479
ERR1203383	SE	1	5	12	149	5	2929459420	2949120028	19660608	84744	0.762922
ERR1203383	SE	1	5	13	186	6	3273523308	3278438460	4915152	21186	0.217771
ERR1203383	SE	1	5	14	199	7	3337420980	3342336132	4915152	21186	0.257684
ERR1203383	SE	1	5	15	212	8	3382886484	3384115388	1228904	5297	0.099136
ERR1203383	SE	1	5	16	213	9	3384115388	3385344060	1228672	5296	0.105683
ERR1203383	SE	1	5	17	214	10	3385344060	3386572964	1228904	5297	0.097724
ERR1203383	SE	1	5	19	251	11	3430809796	3432038468	1228672	5296	0.08823
ERR1203383	SE	1	5	20	252	0	3432038468	3433267372	1228904	5297	0.094408
ERR1203383	SE	1	5	21	265	1	3448012828	3449241732	1228904	5297	0.1228
ERR1203383	SE	1	5	22	278	2	3463987420	3465216092	1228672	5296	0.100671
ERR1203383	SE	1	5	23	291	3	3479961780	3481190452	1228672	5296	0.863085
ERR1203383	SE	1	5	19	240	0	3417293012	3418521684	1228672	5296	0.098159
ERR1203383	SE	1	5	20	253	1	3433267372	3434496044	1228672	5296	0.107695
ERR1203383	SE	1	5	21	266	2	3449241732	3450470404	1228672	5296	0.112477
ERR1203383	SE	1	5	22	279	3	3465216092	3466444996	1228904	5297	0.087974
ERR1203383	SE	1	5	23	292	4	3481190452	3482419356	1228904	5297	0.247067
ERR1203383	SE	1	5	24	305	5	3497164812	3498393716	1228904	5297	0.340494
ERR1203383	SE	1	5	0	11	11	216268860	235929600	19660740	86802	1.275056
ERR1203383	SE	1	5	1	12	0	235929600	255590496	19660896	86232	0.794896
ERR1203383	SE	1	5	2	25	1	491520108	511181004	19660896	86232	0.730761
ERR1203383	SE	1	5	3	38	2	747110616	766771284	19660668	86231	0.810795
ERR1203383	SE	1	5	4	51	3	1002700896	1022361792	19660896	86232	0.837829
ERR1203383	SE	1	5	5	64	4	1258291404	1277952072	19660668	86231	0.820388
ERR1203383	SE	1	5	6	77	5	1513881684	1533542580	19660896	86232	0.855493
ERR1203383	SE	1	5	7	90	6	1769472192	1789132860	19660668	86231	0.799643
ERR1203383	SE	1	5	8	103	7	2025062472	2044723368	19660896	86232	0.767925
ERR1203383	SE	1	5	9	116	8	2280652860	2300313700	19660840	84745	0.752987
ERR1203383	SE	1	5	10	129	9	2536243316	2555904156	19660840	84745	0.670243
ERR1203383	SE	1	5	11	142	10	2791833772	2811494612	19660840	84745	0.777157
ERR1203383	SE	1	5	12	155	11	3047424228	3067084836	19660608	84744	0.773686
ERR1203383	SE	1	5	13	168	0	3185049644	3189965028	4915384	21187	0.22633
ERR1203383	SE	1	5	14	181	1	3248947316	3253862468	4915152	21186	0.216194
ERR1203383	SE	1	5	15	182	2	3253862468	3258777620	4915152	21186	0.222073
ERR1203383	SE	1	5	16	195	3	3317760140	3322675292	4915152	21186	0.213726
ERR1203383	SE	1	5	17	232	4	3407462476	3408691380	1228904	5297	0.134856
ERR1203383	SE	1	5	18	257	5	3438182524	3439411428	1228904	5297	0.090596
ERR1203383	SE	1	5	19	282	6	3468902572	3470131244	1228672	5296	0.116117
ERR1203383	SE	1	5	20	295	7	3484876932	3486105604	1228672	5296	0.445653
ERR1203383	SE	1	5	21	304	4	3495936140	3497164812	1228672	5296	0.582759
SRR2496709	PE	1	0	0	0	0	0	19660888	19660888	72446	2.492103
SRR2496709	PE	1	0	1	13	1	255590568	275251428	19660860	71235	2.394602
SRR2496709	PE	1	0	2	26	2	511180904	530841664	19660760	70217	2.298926
SRR2496709	PE	1	0	3	39	3	766771344	786432104	19660760	70217	1.345116
SRR2496709	PE	1	0	4	40	4	786432104	806092864	19660760	70217	1.717947
SRR2496709	PE	1	0	5	53	5	1042022544	1061683304	19660760	70217	2.014014
SRR2496709	PE	1	0	6	66	6	1297612984	1317273744	19660760	70217	1.688508
SRR2496709	PE	1	0	7	79	7	1553203424	1572864184	19660760	70217	2.788353
SRR2496709	PE	1	0	8	92	8	1808793864	1828454624	19660760	70217	1.516111
SRR2496709	PE	1	0	9	105	9	2064384024	2084045064	19661040	70218	1.692941
SRR2496709	PE	1	0	10	106	10	2084045064	2103705824	19660760	70217	2.042214
SRR2496709	PE	1	0	11	119	11	2339635224	2359296264	19661040	70218	2.044976
SRR2496709	PE	1	0	12	120	0	2359296264	2378957024	19660760	70217	2.348929
SRR2496709	PE	1	0	13	133	1	2614886424	2634547464	19661040	70218	1.68638
SRR2496709	PE	1	0	14	146	2	2870477060	2890137812	19660752	69228	1.712701
SRR2496709	PE	1	0	15	171	3	3214541072	3219456260	4915188	17307	0.561673
SRR2496709	PE	1	0	16	160	4	3145728156	3165388908	19660752	69228	1.406211
SRR2496709	PE	1	0	17	233	5	3441868872	3443097740	1228868	4327	0.121229
SRR2496709	PE	1	0	18	234	6	3443097740	3444326608	1228868	4327	0.11767
SRR2496709	PE	1	0	19	211	7	3411148876	3416064064	4915188	17307	0.373945
SRR2496709	PE	1	0	20	260	8	3475046604	3476275472	1228868	4327	0.231542
SRR2496709	PE	1	0	21	273	9	3491021036	3492249620	1228584	4326	0.12444
SRR2496709	PE	1	0	22	274	10	3492249620	3493478488	1228868	4327	0.122291
SRR2496709	PE	1	0	23	275	11	3493478488	3494707356	1228868	4327	0.201271
SRR2496709	PE	1	0	24	288	0	3509452920	3510681788	1228868	4327	0.115619
SRR2496709	PE	1	0	25	302	2	3526656220	3527884804	1228584	4326	0.222444
SRR2496709	PE	1	1	0	1	1	19660888	39321660	19660772	71634	2.052388
SRR2496709	PE	1	1	1	14	2	275251428	294912264	19660836	70233	1.397635
SRR2496709	PE	1	1	2	27	3	530841664	550502424	19660760	70217	8.154181
SRR2496709	PE	1	1	3	52	4	1022361784	1042022544	19660760	70217	2.748748
SRR2496709	PE	1	1	4	65	5	1277952224	1297612984	19660760	70217	1.471857
SRR2496709	PE	1	6	6	91	7	1789132824	1808793864	19661040	70218	1.774765
SRR2496709	PE	1	6	7	104	8	2044723264	2064384024	19660760	70217	2.914663
SRR2496709	PE	1	6	8	117	9	2300313704	2319974464	19660760	70217	1.706625
SRR2496709	PE	1	6	9	130	10	2555904144	2575564904	19660760	70217	1.660262
SRR2496709	PE	1	6	10	143	11	2811494520	2831155272	19660752	69228	2.173754
SRR2496709	PE	1	6	11	144	0	2831155272	2850816024	19660752	69228	2.165409
SRR2496709	PE	1	6	12	157	1	3086745616	3106406652	19661036	69229	1.363155
SRR2496709	PE	1	6	13	182	2	3268608140	3273523328	4915188	17307	0.563702
SRR2496709	PE	1	6	14	183	3	3273523328	3278438516	4915188	17307	0.610964
SRR2496709	PE	1	6	15	172	4	3219456260	3224371448	4915188	17307	0.431128
SRR2496709	PE	1	6	16	173	5	3224371448	3229286636	4915188	17307	0.450127
SRR2496709	PE	1	6	17	186	6	3288268892	3293184080	4915188	17307	0.561675
SRR2496709	PE	1	6	18	223	7	3429581044	3430809628	1228584	4326	0.12084
SRR2496709	PE	1	6	19	212	8	3416064064	3417292932	1228868	4327	0.146945
SRR2496709	PE	1	6	20	225	9	3432038496	3433267364	1228868	4327	0.173162
SRR2496709	PE	1	6	21	250	10	3462758492	3463987360	1228868	4327	0.129986
SRR2496709	PE	1	6	22	263	11	3478732924	3479961792	1228868	4327	0.120326
SRR2496709	PE	1	6	23	264	0	3479961792	3481190660	1228868	4327	0.122589
SRR2496709	PE	1	6	24	277	1	3495936224	3497164808	1228584	4326	0.115549
SRR2496709	PE	1	6	25	290	2	3511910656	3513139240	1228584	4326	0.327399
SRR2496709	PE	1	2	0	2	2	39321660	58982520	19660860	71235	2.099839
SRR2496709	PE	1	2	1	15	3	294912264	314573024	19660760	70217	8.290771
SRR2496709	PE	1	2	2	28	4	550502424	570163464	19661040	70218	1.790311
SRR2496709	PE	1	2	3	41	5	806092864	825753624	19660760	70217	1.895904
SRR2496709	PE	1	2	4	54	6	1061683304	1081344064	19660760	70217	1.767539
SRR2496709	PE	1	2	5	67	7	1317273744	1336934504	19660760	70217	1.942574
SRR2496709	PE	1	2	6	80	8	1572864184	1592524944	19660760	70217	1.616632
SRR2496709	PE	1	2	7	93	9	1828454624	1848115384	19660760	70217	4.835539
SRR2496709	PE	1	2	8	118	10	2319974464	2339635224	19660760	70217	1.63129
SRR2496709	PE	1	2	9	131	11	2575564904	2595225664	19660760	70217	1.694463
SRR2496709	PE	1	2	10	132	0	2595225664	2614886424	19660760	70217	1.465503
SRR2496709	PE	1	2	11	121	1	2378957024	2398617784	19660760	70217	1.626317
SRR2496709	PE	1	2	12	134	2	2634547464	2654208224	19660760	70217	2.741954
SRR2496709	PE	1	2	13	147	3	2890137812	2909798564	19660752	69228	1.411605
SRR2496709	PE	1	2	14	196	4	3337421056	3342336244	4915188	17307	0.440998
SRR2496709	PE	1	2	15	197	5	3342336244	3347251432	4915188	17307	0.452259
SRR2496709	PE	1	2	16	210	6	3406233688	3411148876	4915188	17307	0.453307
SRR2496709	PE	1	2	17	259	7	3473817736	3475046604	1228868	4327	0.201528
SRR2496709	PE	1	3	0	3	3	58982520	78643380	19660860	71235	2.281164
SRR2496709	PE	1	3	1	16	4	314573024	334233784	19660760	70217	2.391301
SRR2496709	PE	1	3	2	29	5	570163464	589824224	19660760	70217	2.165599
SRR2496709	PE	1	3	3	42	6	825753624	845414664	19661040	70218	2.282007
SRR2496709	PE	1	3	4	55	7	1081344064	1101004824	19660760	70217	2.37818
SRR2496709	PE	1	3	5	68	8	1336934504	1356595264	19660760	70217	1.667337
SRR2496709	PE	1	3	6	81	9	1592524944	1612185704	19660760	70217	8.323198
SRR2496709	PE	1	3	7	94	10	1848115384	1867776144	19660760	70217	1.923695
SRR2496709	PE	1	3	8	107	11	2103705824	2123366584	19660760	70217	2.093859
SRR2496709	PE	1	3	9	108	0	2123366584	2143027344	19660760	70217	5.198342
SRR2496709	PE	1	3	10	145	1	2850816024	2870477060	19661036	69229	1.576348
SRR2496709	PE	1	3	11	158	2	3106406652	3126067404	19660752	69228	1.754668
SRR2496709	PE	1	3	12	207	3	3391488124	3396403312	4915188	17307	0.482572
SRR2496709	PE	1	3	13	208	4	3396403312	3401318500	4915188	17307	0.401103
SRR2496709	PE	1	3	14	221	5	3427123308	3428352176	1228868	4327	0.119415
SRR2496709	PE	1	3	15	222	6	3428352176	3429581044	1228868	4327	0.170946
SRR2496709	PE	1	3	16	199	7	3352166620	3357081808	4915188	17307	0.415423
SRR2496709	PE	1	3	17	236	8	3445555476	3446784060	1228584	4326	0.124437
SRR2496709	PE	1	3	0	6	6	117964824	137625684	19660860	71235	2.571342
SRR2496709	PE	1	3	1	19	7	373555304	393216064	19660760	70217	2.071088
SRR2496709	PE	1	3	2	32	8	629145744	648806504	19660760	70217	2.133364
SRR2496709	PE	1	3	3	45	9	884736184	904396944	19660760	70217	2.500073
SRR2496709	PE	1	3	4	58	10	1140326624	1159987384	19660760	70217	2.172312
SRR2496709	PE	1	3	5	71	11	1395917064	1415577824	19660760	70217	1.699386
SRR2496709	PE	1	3	6	72	0	1415577824	1435238584	19660760	70217	1.756883
SRR2496709	PE	1	3	7	85	1	1671168264	1690829024	19660760	70217	2.042345
SRR2496709	PE	1	3	8	98	2	1926758424	1946419464	19661040	70218	1.463444
SRR2496709	PE	1	3	9	111	3	2182348864	2202009624	19660760	70217	1.80818
SRR2496709	PE	1	3	10	124	4	2437939304	2457600064	19660760	70217	1.655416
SRR2496709	PE	1	3	11	125	5	2457600064	2477260824	19660760	70217	1.467184
SRR2496709	PE	1	3	12	138	6	2713190504	2732851264	19660760	70217	2.208097
SRR2496709	PE	1	3	13	151	7	2968780820	2988441856	19661036	69229	2.239443
SRR2496709	PE	1	3	14	200	8	3357081808	3361996996	4915188	17307	0.410342
SRR2496709	PE	1	3	15	201	9	3361996996	3366912184	4915188	17307	0.385739
SRR2496709	PE	1	3	16	214	10	3418521800	3419750668	1228868	4327	0.353288
SRR2496709	PE	1	3	17	227	11	3434496232	3435724816	1228584	4326	0.118684
SRR2496709	PE	1	3	18	228	0	3435724816	3436953684	1228868	4327	0.11477
SRR2496709	PE	1	3	19	229	1	3436953684	3438182552	1228868	4327	0.121978
SRR2496709	PE	1	3	20	242	2	3452928116	3454156984	1228868	4327	0.122107
SRR2496709	PE	1	3	21	255	3	3468902548	3470131416	1228868	4327	0.118842
SRR2496709	PE	1	3	22	268	4	3484876980	3486105848	1228868	4327	0.116306
SRR2496709	PE	1	3	23	269	5	3486105848	3487334432	1228584	4326	0.289502
SRR2496709	PE	1	3	24	282	6	3502080280	3503308864	1228584	4326	0.126626
SRR2496709	PE	1	3	25	295	7	3518054428	3519283296	1228868	4327	0.117943
SRR2496709	PE	1	3	26	308	8	3534028860	3535257728	1228868	4327	0.395933
SRR2496709	PE	1	7	0	7	7	137625684	157286544	19660860	71235	2.540768
SRR2496709	PE	1	7	1	20	8	393216064	412876824	19660760	70217	2.18272
SRR2496709	PE	1	7	2	33	9	648806504	668467264	19660760	70217	1.660961
SRR2496709	PE	1	7	3	46	10	904396944	924057704	19660760	70217	1.49537
SRR2496709	PE	1	7	4	59	11	1159987384	1179648144	19660760	70217	2.385586
SRR2496709	PE	1	7	5	60	0	1179648144	1199308904	19660760	70217	1.494848
SRR2496709	PE	1	7	6	73	1	1435238584	1454899344	19660760	70217	1.618318
SRR2496709	PE	1	7	7	86	2	1690829024	1710489784	19660760	70217	1.621036
SRR2496709	PE	1	7	8	99	3	1946419464	1966080224	19660760	70217	1.519645
SRR2496709	PE	1	7	9	112	4	2202009624	2221670664	19661040	70218	1.73837
SRR2496709	PE	1	7	10	113	5	2221670664	2241331424	19660760	70217	1.815163
SRR2496709	PE	1	7	11	126	6	2477260824	2496921864	19661040	70218	2.882985
SRR2496709	PE	1	7	12	139	7	2732851264	2752512024	19660760	70217	2.667413
SRR2496709	PE	1	7	13	152	8	2988441856	3008102608	19660752	69228	3.442209
SRR2496709	PE	1	7	14	213	9	3417292932	3418521800	1228868	4327	0.180322
SRR2496709	PE	1	7	15	226	10	3433267364	3434496232	1228868	4327	0.104457
SRR2496709	PE	1	7	16	239	11	3449241796	3450470664	1228868	4327	0.122729
SRR2496709	PE	1	7	17	240	0	3450470664	3451699248	1228584	4326	0.319647
SRR2496709	PE	1	8	0	8	8	157286544	176947404	19660860	71235	2.112405
SRR2496709	PE	1	8	1	21	9	412876824	432537864	19661040	70218	2.374277
SRR2496709	PE	1	8	2	34	10	668467264	688128024	19660760	70217	2.055477
SRR2496709	PE	1	8	3	47	11	924057704	943718464	19660760	70217	2.318747
SRR2496709	PE	1	8	4	48	0	943718464	963379224	19660760	70217	2.96431
SRR2496709	PE	1	8	5	61	1	1199308904	1218969664	19660760	70217	2.228377
SRR2496709	PE	1	8	6	74	2	1454899344	1474560104	19660760	70217	1.654143
SRR2496709	PE	1	8	7	87	3	1710489784	1730150544	19660760	70217	1.924982
SRR2496709	PE	1	8	8	100	4	1966080224	1985740984	19660760	70217	9.506673
SRR2496709	PE	1	8	9	137	5	2693529744	2713190504	19660760	70217	3.028755
SRR2496709	PE	1	8	10	174	6	3229286636	3234201824	4915188	17307	0.544234
SRR2496709	PE	1	8	11	187	7	3293184080	3298099268	4915188	17307	0.428491
SRR2496709	PE	1	8	12	188	8	3298099268	3303014456	4915188	17307	0.568808
SRR2496709	PE	1	8	13	189	9	3303014456	3307929644	4915188	17307	0.502407
SRR2496709	PE	1	8	14	202	10	3366912184	3371827372	4915188	17307	0.392085
SRR2496709	PE	1	8	15	215	11	3419750668	3420979252	1228584	4326	0.242879
SRR2496709	PE	1	8	16	216	0	3420979252	3422208120	1228868	4327	0.127601
SRR2496709	PE	1	8	17	217	1	3422208120	3423436988	1228868	4327	0.113522
SRR2496709	PE	1	8	19	297	9	3520512164	3521741032	1228868	4327	0.120569
SRR2496709	PE	1	8	20	276	0	3494707356	3495936224	1228868	4327	0.134873
SRR2496709	PE	1	8	21	289	1	3510681788	3511910656	1228868	4327	0.217013
SRR2496709	PE	1	8	22	303	3	3527884804	3529113672	1228868	4327	0.319097
SRR2496709	PE	1	8	19	262	10	3477504056	3478732924	1228868	4327	0.266109
SRR2496709	PE	1	8	20	299	11	3522969616	3524198484	1228868	4327	0.199741
SRR2496709	PE	1	4	0	4	4	78643380	98304240	19660860	71235	2.527439
SRR2496709	PE	1	4	1	17	5	334233784	353894544	19660760	70217	1.745201
SRR2496709	PE	1	4	2	30	6	589824224	609484984	19660760	70217	1.806189
SRR2496709	PE	1	4	3	43	7	845414664	865075424	19660760	70217	1.893181
SRR2496709	PE	1	4	4	56	8	1101004824	1120665864	19661040	70218	2.098333
SRR2496709	PE	1	4	5	69	9	1356595264	1376256024	19660760	70217	1.783542
SRR2496709	PE	1	4	6	82	10	1612185704	1631846464	19660760	70217	2.458848
SRR2496709	PE	1	4	7	95	11	1867776144	1887436904	19660760	70217	1.74962
SRR2496709	PE	1	4	8	96	0	1887436904	1907097664	19660760	70217	2.443684
SRR2496709	PE	1	4	9	109	1	2143027344	2162688104	19660760	70217	1.61134
SRR2496709	PE	1	4	10	122	2	2398617784	2418278544	19660760	70217	1.421589
SRR2496709	PE	1	4	11	135	3	2654208224	2673868984	19660760	70217	1.984881
SRR2496709	PE	1	4	12	148	4	2909798564	2929459316	19660752	69228	1.47207
SRR2496709	PE	1	4	13	161	5	3165388908	3170304096	4915188	17307	0.403377
SRR2496709	PE	1	4	14	150	6	2949120068	2968780820	19660752	69228	1.647623
SRR2496709	PE	1	4	15	175	7	3234201824	3239117012	4915188	17307	0.47589
SRR2496709	PE	1	4	16	176	8	3239117012	3244032200	4915188	17307	0.358379
SRR2496709	PE	1	4	17	177	9	3244032200	3248947388	4915188	17307	0.368604
SRR2496709	PE	1	5	0	5	5	98304240	117964824	19660584	71234	2.550235
SRR2496709	PE	1	5	1	18	6	353894544	373555304	19660760	70217	2.008058
SRR2496709	PE	1	5	2	31	7	609484984	629145744	19660760	70217	2.408924
SRR2496709	PE	1	5	3	44	8	865075424	884736184	19660760	70217	1.636643
SRR2496709	PE	1	5	4	57	9	1120665864	1140326624	19660760	70217	2.159775
SRR2496709	PE	1	5	5	70	10	1376256024	1395917064	19661040	70218	3.55705
SRR2496709	PE	1	5	6	83	11	1631846464	1651507224	19660760	70217	1.988059
SRR2496709	PE	1	5	7	84	0	1651507224	1671168264	19661040	70218	2.229219
SRR2496709	PE	1	5	8	97	1	1907097664	1926758424	19660760	70217	1.548572
SRR2496709	PE	1	5	9	110	2	2162688104	2182348864	19660760	70217	1.938006
SRR2496709	PE	1	5	10	123	3	2418278544	2437939304	19660760	70217	1.696928
SRR2496709	PE	1	5	11	136	4	2673868984	2693529744	19660760	70217	2.709323
SRR2496709	PE	1	5	12	149	5	2929459316	2949120068	19660752	69228	1.542367
SRR2496709	PE	1	5	13	162	6	3170304096	3175219284	4915188	17307	0.449075
SRR2496709	PE	1	5	14	163	7	3175219284	3180134472	4915188	17307	0.3569
SRR2496709	PE	1	5	15	164	8	3180134472	3185049660	4915188	17307	0.343951
SRR2496709	PE	1	5	16	165	9	3185049660	3189964848	4915188	17307	0.401553
SRR2496709	PE	1	5	17	178	10	3248947388	3253862576	4915188	17307	0.513288
SRR2496709	PE	1	5	19	266	2	3482419244	3483648112	1228868	4327	0.130674
SRR2496709	PE	1	5	20	279	3	3498393676	3499622544	1228868	4327	0.129177
SRR2496709	PE	1	5	21	292	4	3514368108	3515596976	1228868	4327	0.117937
SRR2496709	PE	1	5	22	305	5	3530342540	3531571408	1228868	4327	0.124284
SRR2496709	PE	1	5	23	298	10	3521741032	3522969616	1228584	4326	0.127628
SRR2496709	PE	1	5	24	300	0	3524198484	3525427352	1228868	4327	0.116197
SRR2496709	PE	1	5	19	219	3	3424665856	3425894440	1228584	4326	0.129436
SRR2496709	PE	1	5	20	232	4	3440640004	3441868872	1228868	4327	0.409933
SRR2496709	PE	1	5	21	245	5	3456614436	3457843304	1228868	4327	0.143906
SRR2496709	PE	1	5	22	246	6	3457843304	3459072172	1228868	4327	0.110875
SRR2496709	PE	1	5	23	235	7	3444326608	3445555476	1228868	4327	0.108615
SRR2496709	PE	1	5	24	224	8	3430809628	3432038496	1228868	4327	0.122156
SRR2496709	PE	1	5	25	237	9	3446784060	3448012928	1228868	4327	0.106508
SRR2496709	PE	1	5	26	238	10	3448012928	3449241796	1228868	4327	0.109893
SRR2496709	PE	1	5	27	251	11	3463987360	3465216228	1228868	4327	0.136653
SRR2496709	PE	1	5	28	252	0	3465216228	3466444812	1228584	4326	0.148015
SRR2496709	PE	1	5	29	265	1	3481190660	3482419244	1228584	4326	0.134689
SRR2496709	PE	1	5	30	278	2	3497164808	3498393676	1228868	4327	0.308712
SRR2496709	PE	1	5	31	291	3	3513139240	3514368108	1228868	4327	0.144861
SRR2496709	PE	1	9	0	9	9	176947404	196608264	19660860	71235	2.168214
SRR2496709	PE	1	9	1	22	10	432537864	452198624	19660760	70217	1.815646
SRR2496709	PE	1	9	2	35	11	688128024	707789064	19661040	70218	2.297231
SRR2496709	PE	1	9	3	36	0	707789064	727449824	19660760	70217	1.630984
SRR2496709	PE	1	9	4	49	1	963379224	983040264	19661040	70218	3.283017
SRR2496709	PE	1	9	5	62	2	1218969664	1238630424	19660760	70217	1.548308
SRR2496709	PE	1	9	6	75	3	1474560104	1494220864	19660760	70217	2.067912
SRR2496709	PE	1	9	7	88	4	1730150544	1749811304	19660760	70217	2.316691
SRR2496709	PE	1	9	8	101	5	1985740984	2005401744	19660760	70217	1.375824
SRR2496709	PE	1	9	9	114	6	2241331424	2260992184	19660760	70217	1.445026
SRR2496709	PE	1	9	10	127	7	2496921864	2516582624	19660760	70217	1.679305
SRR2496709	PE	1	9	11	140	8	2752512024	2772173064	19661040	70218	2.483959
SRR2496709	PE	1	9	12	153	9	3008102608	3027763360	19660752	69228	1.75058
SRR2496709	PE	1	9	13	166	10	3189964848	3194880036	4915188	17307	0.449167
SRR2496709	PE	1	9	14	179	11	3253862576	3258777764	4915188	17307	0.418095
SRR2496709	PE	1	9	15	180	0	3258777764	3263692952	4915188	17307	5.081916
SRR2496709	PE	1	9	16	241	1	3451699248	3452928116	1228868	4327	0.140854
SRR2496709	PE	1	9	17	254	2	3467673680	3468902548	1228868	4327	0.217829
SRR2496709	PE	1	10	0	10	10	196608264	216268848	19660584	71234	2.056064
SRR2496709	PE	1	10	1	23	11	452198624	471859384	19660760	70217	1.581342
SRR2496709	PE	1	10	2	24	0	471859384	491520144	19660760	70217	1.591367
SRR2496709	PE	1	10	3	37	1	727449824	747110584	19660760	70217	2.006905
SRR2496709	PE	1	10	4	50	2	983040264	1002701024	19660760	70217	1.744322
SRR2496709	PE	1	10	5	63	3	1238630424	1258291464	19661040	70218	1.588953
SRR2496709	PE	1	10	6	76	4	1494220864	1513881624	19660760	70217	1.63949
SRR2496709	PE	1	10	7	89	5	1749811304	1769472064	19660760	70217	5.09615
SRR2496709	PE	1	10	8	102	6	2005401744	2025062504	19660760	70217	2.099241
SRR2496709	PE	1	10	9	115	7	2260992184	2280652944	19660760	70217	1.916359
SRR2496709	PE	1	10	10	128	8	2516582624	2536243384	19660760	70217	1.99638
SRR2496709	PE	1	10	11	141	9	2772173064	2791833824	19660760	70217	1.562855
SRR2496709	PE	1	10	12	154	10	3027763360	3047424112	19660752	69228	1.849057
SRR2496709	PE	1	10	13	167	11	3194880036	3199795224	4915188	17307	0.410667
SRR2496709	PE	1	10	14	156	0	3067084864	3086745616	19660752	69228	1.405735
SRR2496709	PE	1	10	15	181	1	3263692952	3268608140	4915188	17307	0.538484
SRR2496709	PE	1	10	16	194	2	3327590680	3332505868	4915188	17307	0.374151
SRR2496709	PE	1	10	17	195	3	3332505868	3337421056	4915188	17307	0.46535
SRR2496709	PE	1	10	18	184	10	3307929644	3312844832	4915188	17307	0.377119
SRR2496709	PE	1	10	19	203	11	3371827372	3376742560	4915188	17307	0.400425
SRR2496709	PE	1	10	20	204	0	3376742560	3381657748	4915188	17307	0.379648
SRR2496709	PE	1	10	21	205	1	3381657748	3386572936	4915188	17307	0.40928
SRR2496709	PE	1	10	22	230	2	3438182552	3439411420	1228868	4327	0.106032
SRR2496709	PE	1	10	23	243	3	3454156984	3455385852	1228868	4327	0.16745
SRR2496709	PE	1	10	24	256	4	3470131416	3471360000	1228584	4326	0.117639
SRR2496709	PE	1	10	25	257	5	3471360000	3472588868	1228868	4327	0.142347
SRR2496709	PE	1	10	26	270	6	3487334432	3488563300	1228868	4327	0.116623
SRR2496709	PE	1	10	27	283	7	3503308864	3504537732	1228868	4327	0.133232
SRR2496709	PE	1	10	28	284	8	3504537732	3505766600	1228868	4327	0.158093
SRR2496709	PE	1	10	29	285	9	3505766600	3506995468	1228868	4327	0.437705
SRR2496709	PE	1	10	19	192	0	3317760020	3322675208	4915188	17307	0.367383
SRR2496709	PE	1	10	20	193	1	3322675208	3327590680	4915472	17308	0.472865
SRR2496709	PE	1	10	21	206	2	3386572936	3391488124	4915188	17307	0.362225
SRR2496709	PE	1	10	22	231	3	3439411420	3440640004	1228584	4326	0.113578
SRR2496709	PE	1	10	23	244	4	3455385852	3456614436	1228584	4326	0.52408
SRR2496709	PE	1	10	24	281	5	3500851412	3502080280	1228868	4327	0.502133
SRR2496709	PE	1	10	25	306	6	3531571408	3532800276	1228868	4327	0.361635
SRR2496709	PE	1	10	19	280	4	3499622544	3500851412	1228868	4327	0.123014
SRR2496709	PE	1	10	20	293	5	3515596976	3516825844	1228868	4327	0.1283
SRR2496709	PE	1	10	21	294	6	3516825844	3518054428	1228584	4326	0.115935
SRR2496709	PE	1	10	22	307	7	3532800276	3534028860	1228584	4326	0.447716
SRR2496709	PE	1	10	23	301	1	3525427352	3526656220	1228868	4327	0.119688
SRR2496709	PE	1	10	24	304	4	3529113672	3530342540	1228868	4327	0.145148
SRR2496709	PE	1	10	19	185	5	3283353704	3288268892	4915188	17307	0.460096
SRR2496709	PE	1	10	20	198	6	3347251432	3352166620	4915188	17307	0.403993
SRR2496709	PE	1	10	21	247	7	3459072172	3460301040	1228868	4327	0.119167
SRR2496709	PE	1	10	22	248	8	3460301040	3461529624	1228584	4326	0.130119
SRR2496709	PE	1	10	23	261	9	3476275472	3477504056	1228584	4326	0.201274
SRR2496709	PE	1	10	24	286	10	3506995468	3508224052	1228584	4326	0.116281
SRR2496709	PE	1	10	25	287	11	3508224052	3509452920	1228868	4327	0.375674
SRR2496709	PE	1	11	0	11	11	216268848	235929708	19660860	71235	2.292968
SRR2496709	PE	1	11	1	12	0	235929708	255590568	19660860	71235	1.928403
SRR2496709	PE	1	11	2	25	1	491520144	511180904	19660760	70217	2.111099
SRR2496709	PE	1	11	3	38	2	747110584	766771344	19660760	70217	1.93752
SRR2496709	PE	1	11	4	51	3	1002701024	1022361784	19660760	70217	2.725261
SRR2496709	PE	1	11	5	64	4	1258291464	1277952224	19660760	70217	2.102416
SRR2496709	PE	1	11	6	77	5	1513881624	1533542664	19661040	70218	1.820654
SRR2496709	PE	1	11	7	90	6	1769472064	1789132824	19660760	70217	2.756169
SRR2496709	PE	1	11	8	103	7	2025062504	2044723264	19660760	70217	1.865553
SRR2496709	PE	1	11	9	116	8	2280652944	2300313704	19660760	70217	1.915669
SRR2496709	PE	1	11	10	129	9	2536243384	2555904144	19660760	70217	1.666891
SRR2496709	PE	1	11	11	142	10	2791833824	2811494520	19660696	69415	1.401509
SRR2496709	PE	1	11	12	155	11	3047424112	3067084864	19660752	69228	1.383866
SRR2496709	PE	1	11	13	168	0	3199795224	3204710412	4915188	17307	0.457127
SRR2496709	PE	1	11	14	169	1	3204710412	3209625600	4915188	17307	0.689895
SRR2496709	PE	1	11	15	170	2	3209625600	3214541072	4915472	17308	0.677283
SRR2496709	PE	1	11	16	159	3	3126067404	3145728156	19660752	69228	1.67089
SRR2496709	PE	1	11	17	220	4	3425894440	3427123308	1228868	4327	0.122984
SRR2496709	PE	1	11	18	209	5	3401318500	3406233688	4915188	17307	0.519067
SRR2496709	PE	1	11	19	258	6	3472588868	3473817736	1228868	4327	0.136343
SRR2496709	PE	1	11	20	271	7	3488563300	3489792168	1228868	4327	0.132564
SRR2496709	PE	1	11	21	296	8	3519283296	3520512164	1228868	4327	0.104816
SRR2496709	PE	1	11	22	309	9	3535257728	3536060312	802584	2826	0.520896
SRR2496709	SE	1	6	0	6	6	117964824	137625684	19660860	71235	1.387402
SRR2496709	SE	1	6	1	19	7	373555304	393216064	19660760	70217	0.8691
SRR2496709	SE	1	6	2	32	8	629145744	648806504	19660760	70217	0.894538
SRR2496709	SE	1	6	3	45	9	884736184	904396944	19660760	70217	0.981375
SRR2496709	SE	1	6	4	58	10	1140326624	1159987384	19660760	70217	0.844944
SRR2496709	SE	1	6	5	71	11	1395917064	1415577824	19660760	70217	0.734947
SRR2496709	SE	1	6	6	72	0	1415577824	1435238584	19660760	70217	0.752261
SRR2496709	SE	1	6	7	85	1	1671168264	1690829024	19660760	70217	0.855598
SRR2496709	SE	1	6	8	98	2	1926758424	1946419464	19661040	70218	0.668715
SRR2496709	SE	1	6	9	111	3	2182348864	2202009624	19660760	70217	0.755967
SRR2496709	SE	1	6	10	124	4	2437939304	2457600064	19660760	70217	0.738104
SRR2496709	SE	1	6	11	137	5	2693529744	2713190504	19660760	70217	1.094281
SRR2496709	SE	1	6	12	150	6	2949120068	2968780820	19660752	69228	0.732481
SRR2496709	SE	1	6	13	187	7	3293184080	3298099268	4915188	17307	0.22882
SRR2496709	SE	1	6	14	200	8	3357081808	3361996996	4915188	17307	0.21434
SRR2496709	SE	1	6	15	201	9	3361996996	3366912184	4915188	17307	0.192688
SRR2496709	SE	1	6	16	214	10	3418521800	3419750668	1228868	4327	0.103179
SRR2496709	SE	1	6	17	227	11	3434496232	3435724816	1228584	4326	0.069183
SRR2496709	SE	1	6	18	216	0	3420979252	3422208120	1228868	4327	0.084773
SRR2496709	SE	1	6	19	193	1	3322675208	3327590680	4915472	17308	0.205994
SRR2496709	SE	1	6	20	206	2	3386572936	3391488124	4915188	17307	0.180673
SRR2496709	SE	1	6	21	231	3	3439411420	3440640004	1228584	4326	0.081294
SRR2496709	SE	1	6	22	244	4	3455385852	3456614436	1228584	4326	0.14481
SRR2496709	SE	1	6	23	269	5	3486105848	3487334432	1228584	4326	0.148364
SRR2496709	SE	1	6	24	282	6	3502080280	3503308864	1228584	4326	0.071808
SRR2496709	SE	1	6	25	295	7	3518054428	3519283296	1228868	4327	0.068481
SRR2496709	SE	1	6	26	308	8	3534028860	3535257728	1228868	4327	0.138537
SRR2496709	SE	1	7	0	7	7	137625684	157286544	19660860	71235	1.361778
SRR2496709	SE	1	7	1	20	8	393216064	412876824	19660760	70217	0.861954
SRR2496709	SE	1	7	2	33	9	648806504	668467264	19660760	70217	0.744986
SRR2496709	SE	1	7	3	46	10	904396944	924057704	19660760	70217	0.68188
SRR2496709	SE	1	7	4	59	11	1159987384	1179648144	19660760	70217	0.937134
SRR2496709	SE	1	7	5	60	0	1179648144	1199308904	19660760	70217	0.678971
SRR2496709	SE	1	7	6	73	1	1435238584	1454899344	19660760	70217	0.724633
SRR2496709	SE	1	7	7	86	2	1690829024	1710489784	19660760	70217	0.702901
SRR2496709	SE	1	7	8	99	3	1946419464	1966080224	19660760	70217	0.68416
SRR2496709	SE	1	7	9	100	4	1966080224	1985740984	19660760	70217	2.234643
SRR2496709	SE	1	7	10	125	5	2457600064	2477260824	19660760	70217	0.664789
SRR2496709	SE	1	7	11	138	6	2713190504	2732851264	19660760	70217	0.941212
SRR2496709	SE	1	7	12	151	7	2968780820	2988441856	19661036	69229	0.96416
SRR2496709	SE	1	7	13	188	8	3298099268	3303014456	4915188	17307	0.229147
SRR2496709	SE	1	7	14	189	9	3303014456	3307929644	4915188	17307	0.21572
SRR2496709	SE	1	7	15	202	10	3366912184	3371827372	4915188	17307	0.202799
SRR2496709	SE	1	7	16	215	11	3419750668	3420979252	1228584	4326	0.068685
SRR2496709	SE	1	7	17	204	0	3376742560	3381657748	4915188	17307	0.187504
SRR2496709	SE	1	7	18	217	1	3422208120	3423436988	1228868	4327	0.070203
SRR2496709	SE	1	7	19	218	2	3423436988	3424665856	1228868	4327	0.076435
SRR2496709	SE	1	7	20	219	3	3424665856	3425894440	1228584	4326	0.072393
SRR2496709	SE	1	7	21	232	4	3440640004	3441868872	1228868	4327	0.129854
SRR2496709	SE	1	7	22	245	5	3456614436	3457843304	1228868	4327	0.098606
SRR2496709	SE	1	7	23	258	6	3472588868	3473817736	1228868	4327	0.071547
SRR2496709	SE	1	7	24	283	7	3503308864	3504537732	1228868	4327	0.065652
SRR2496709	SE	1	7	25	296	8	3519283296	3520512164	1228868	4327	0.07117
SRR2496709	SE	1	7	26	309	9	3535257728	3536060312	802584	2826	0.132955
SRR2496709	SE	1	8	0	8	8	157286544	176947404	19660860	71235	1.225807
SRR2496709	SE	1	8	1	21	9	412876824	432537864	19661040	70218	0.864685
SRR2496709	SE	1	8	2	34	10	668467264	688128024	19660760	70217	0.822822
SRR2496709	SE	1	8	3	47	11	924057704	943718464	19660760	70217	0.85926
SRR2496709	SE	1	8	4	48	0	943718464	963379224	19660760	70217	1.045653
SRR2496709	SE	1	8	5	61	1	1199308904	1218969664	19660760	70217	0.916898
SRR2496709	SE	1	8	6	74	2	1454899344	1474560104	19660760	70217	0.762833
SRR2496709	SE	1	8	7	87	3	1710489784	1730150544	19660760	70217	0.791463
SRR2496709	SE	1	8	8	112	4	2202009624	2221670664	19661040	70218	0.769979
SRR2496709	SE	1	8	9	113	5	2221670664	2241331424	19660760	70217	0.812689
SRR2496709	SE	1	8	10	126	6	2477260824	2496921864	19661040	70218	1.048619
SRR2496709	SE	1	8	11	139	7	2732851264	2752512024	19660760	70217	1.003085
SRR2496709	SE	1	8	12	164	8	3180134472	3185049660	4915188	17307	0.170098
SRR2496709	SE	1	8	13	165	9	3185049660	3189964848	4915188	17307	0.196809
SRR2496709	SE	1	8	14	178	10	3248947388	3253862576	4915188	17307	0.223986
SRR2496709	SE	1	8	15	191	11	3312844832	3317760020	4915188	17307	0.190669
SRR2496709	SE	1	8	16	192	0	3317760020	3322675208	4915188	17307	0.187806
SRR2496709	SE	1	8	17	205	1	3381657748	3386572936	4915188	17307	0.219323
SRR2496709	SE	1	8	18	230	2	3438182552	3439411420	1228868	4327	0.073309
SRR2496709	SE	1	8	19	243	3	3454156984	3455385852	1228868	4327	0.081414
SRR2496709	SE	1	8	20	256	4	3470131416	3471360000	1228584	4326	0.085764
SRR2496709	SE	1	8	21	257	5	3471360000	3472588868	1228868	4327	0.076029
SRR2496709	SE	1	8	22	270	6	3487334432	3488563300	1228868	4327	0.067822
SRR2496709	SE	1	8	23	271	7	3488563300	3489792168	1228868	4327	0.067341
SRR2496709	SE	1	8	24	272	8	3489792168	3491021036	1228868	4327	0.091397
SRR2496709	SE	1	8	25	285	9	3505766600	3506995468	1228868	4327	0.137888
SRR2496709	SE	1	0	0	0	0	0	19660888	19660888	72446	1.326568
SRR2496709	SE	1	0	1	13	1	255590568	275251428	19660860	71235	0.92213
SRR2496709	SE	1	0	2	26	2	511180904	530841664	19660760	70217	0.912574
SRR2496709	SE	1	0	3	39	3	766771344	786432104	19660760	70217	0.628995
SRR2496709	SE	1	0	4	52	4	1022361784	1042022544	19660760	70217	0.978674
SRR2496709	SE	1	0	5	65	5	1277952224	1297612984	19660760	70217	0.681446
SRR2496709	SE	1	0	6	78	6	1533542664	1553203424	19660760	70217	0.908288
SRR2496709	SE	1	0	7	91	7	1789132824	1808793864	19661040	70218	0.778072
SRR2496709	SE	1	0	8	104	8	2044723264	2064384024	19660760	70217	1.027878
SRR2496709	SE	1	0	9	117	9	2300313704	2319974464	19660760	70217	0.78919
SRR2496709	SE	1	0	10	130	10	2555904144	2575564904	19660760	70217	0.739633
SRR2496709	SE	1	0	11	143	11	2811494520	2831155272	19660752	69228	0.849359
SRR2496709	SE	1	0	12	144	0	2831155272	2850816024	19660752	69228	0.8813
SRR2496709	SE	1	0	13	157	1	3086745616	3106406652	19661036	69229	0.639786
SRR2496709	SE	1	0	14	170	2	3209625600	3214541072	4915472	17308	0.266724
SRR2496709	SE	1	0	15	183	3	3273523328	3278438516	4915188	17307	0.266459
SRR2496709	SE	1	0	16	196	4	3337421056	3342336244	4915188	17307	0.204051
SRR2496709	SE	1	1	0	1	1	19660888	39321660	19660772	71634	1.205094
SRR2496709	SE	1	1	1	14	2	275251428	294912264	19660836	70233	0.658098
SRR2496709	SE	1	1	2	27	3	530841664	550502424	19660760	70217	2.11192
SRR2496709	SE	1	1	3	40	4	786432104	806092864	19660760	70217	0.750735
SRR2496709	SE	1	1	4	53	5	1042022544	1061683304	19660760	70217	0.813717
SRR2496709	SE	1	1	5	66	6	1297612984	1317273744	19660760	70217	0.763228
SRR2496709	SE	1	1	6	79	7	1553203424	1572864184	19660760	70217	0.97197
SRR2496709	SE	1	1	7	92	8	1808793864	1828454624	19660760	70217	0.692092
SRR2496709	SE	1	1	8	105	9	2064384024	2084045064	19661040	70218	0.722523
SRR2496709	SE	1	1	9	118	10	2319974464	2339635224	19660760	70217	0.76328
SRR2496709	SE	1	1	10	131	11	2575564904	2595225664	19660760	70217	0.765084
SRR2496709	SE	1	1	11	132	0	2595225664	2614886424	19660760	70217	0.673057
SRR2496709	SE	1	1	12	145	1	2850816024	2870477060	19661036	69229	0.714636
SRR2496709	SE	1	1	13	158	2	3106406652	3126067404	19660752	69228	0.755208
SRR2496709	SE	1	1	14	171	3	3214541072	3219456260	4915188	17307	0.248649
SRR2496709	SE	1	1	15	184	4	3278438516	3283353704	4915188	17307	0.186106
SRR2496709	SE	1	1	16	185	5	3283353704	3288268892	4915188	17307	0.220623
SRR2496709	SE	1	1	17	198	6	3347251432	3352166620	4915188	17307	0.202523
SRR2496709	SE	1	2	0	2	2	39321660	58982520	19660860	71235	1.253237
SRR2496709	SE	1	2	1	15	3	294912264	314573024	19660760	70217	1.738389
SRR2496709	SE	1	2	2	28	4	550502424	570163464	19661040	70218	0.800722
SRR2496709	SE	1	2	3	41	5	806092864	825753624	19660760	70217	0.818465
SRR2496709	SE	1	2	4	54	6	1061683304	1081344064	19660760	70217	0.78171
SRR2496709	SE	1	2	5	67	7	1317273744	1336934504	19660760	70217	0.939096
SRR2496709	SE	1	2	6	80	8	1572864184	1592524944	19660760	70217	0.717941
SRR2496709	SE	1	2	7	93	9	1828454624	1848115384	19660760	70217	1.381213
SRR2496709	SE	1	2	8	106	10	2084045064	2103705824	19660760	70217	0.883069
SRR2496709	SE	1	2	9	119	11	2339635224	2359296264	19661040	70218	0.842039
SRR2496709	SE	1	2	10	120	0	2359296264	2378957024	19660760	70217	0.907349
SRR2496709	SE	1	2	11	121	1	2378957024	2398617784	19660760	70217	0.732755
SRR2496709	SE	1	2	12	134	2	2634547464	2654208224	19660760	70217	1.025306
SRR2496709	SE	1	2	13	147	3	2890137812	2909798564	19660752	69228	0.650816
SRR2496709	SE	1	2	14	160	4	3145728156	3165388908	19660752	69228	0.648988
SRR2496709	SE	1	2	15	197	5	3342336244	3347251432	4915188	17307	0.233519
SRR2496709	SE	1	2	16	210	6	3406233688	3411148876	4915188	17307	0.22476
SRR2496709	SE	1	2	0	9	9	176947404	196608264	19660860	71235	1.243989
SRR2496709	SE	1	2	1	22	10	432537864	452198624	19660760	70217	0.75278
SRR2496709	SE	1	2	2	35	11	688128024	707789064	19661040	70218	0.880727
SRR2496709	SE	1	2	3	36	0	707789064	727449824	19660760	70217	0.725202
SRR2496709	SE	1	2	4	49	1	963379224	983040264	19661040	70218	1.067256
SRR2496709	SE	1	2	5	62	2	1218969664	1238630424	19660760	70217	0.690351
SRR2496709	SE	1	2	6	75	3	1474560104	1494220864	19660760	70217	0.856362
SRR2496709	SE	1	2	7	88	4	1730150544	1749811304	19660760	70217	0.932944
SRR2496709	SE	1	2	8	101	5	1985740984	2005401744	19660760	70217	0.654271
SRR2496709	SE	1	2	9	114	6	2241331424	2260992184	19660760	70217	0.672581
SRR2496709	SE	1	2	10	127	7	2496921864	2516582624	19660760	70217	0.729127
SRR2496709	SE	1	2	11	140	8	2752512024	2772173064	19661040	70218	0.996461
SRR2496709	SE	1	2	12	153	9	3008102608	3027763360	19660752	69228	0.734365
SRR2496709	SE	1	2	13	166	10	3189964848	3194880036	4915188	17307	0.221468
SRR2496709	SE	1	2	14	167	11	3194880036	3199795224	4915188	17307	0.203746
SRR2496709	SE	1	2	15	156	0	3067084864	3086745616	19660752	69228	0.642974
SRR2496709	SE	1	2	16	181	1	3263692952	3268608140	4915188	17307	0.255253
SRR2496709	SE	1	2	18	222	6	3428352176	3429581044	1228868	4327	0.078108
SRR2496709	SE	1	2	19	235	7	3444326608	3445555476	1228868	4327	0.065932
SRR2496709	SE	1	2	20	248	8	3460301040	3461529624	1228584	4326	0.078096
SRR2496709	SE	1	2	21	261	9	3476275472	3477504056	1228584	4326	0.11007
SRR2496709	SE	1	2	22	274	10	3492249620	3493478488	1228868	4327	0.071617
SRR2496709	SE	1	2	23	287	11	3508224052	3509452920	1228868	4327	0.141599
SRR2496709	SE	1	2	19	212	8	3416064064	3417292932	1228868	4327	0.087065
SRR2496709	SE	1	2	20	225	9	3432038496	3433267364	1228868	4327	0.094585
SRR2496709	SE	1	2	21	238	10	3448012928	3449241796	1228868	4327	0.06649
SRR2496709	SE	1	2	22	251	11	3463987360	3465216228	1228868	4327	0.072689
SRR2496709	SE	1	2	23	252	0	3465216228	3466444812	1228584	4326	0.091528
SRR2496709	SE	1	2	24	265	1	3481190660	3482419244	1228584	4326	0.072999
SRR2496709	SE	1	2	25	278	2	3497164808	3498393676	1228868	4327	0.151104
SRR2496709	SE	1	2	26	291	3	3513139240	3514368108	1228868	4327	0.073436
SRR2496709	SE	1	2	27	304	4	3529113672	3530342540	1228868	4327	0.104747
SRR2496709	SE	1	2	18	236	8	3445555476	3446784060	1228584	4326	0.078352
SRR2496709	SE	1	2	19	249	9	3461529624	3462758492	1228868	4327	0.092697
SRR2496709	SE	1	2	20	262	10	3477504056	3478732924	1228868	4327	0.095312
SRR2496709	SE	1	2	21	275	11	3493478488	3494707356	1228868	4327	0.099652
SRR2496709	SE	1	2	22	276	0	3494707356	3495936224	1228868	4327	0.110322
SRR2496709	SE	1	2	23	289	1	3510681788	3511910656	1228868	4327	0.122649
SRR2496709	SE	1	2	24	302	2	3526656220	3527884804	1228584	4326	0.089021
SRR2496709	SE	1	3	0	3	3	58982520	78643380	19660860	71235	1.306099
SRR2496709	SE	1	3	1	16	4	314573024	334233784	19660760	70217	0.944699
SRR2496709	SE	1	3	2	29	5	570163464	589824224	19660760	70217	0.87006
SRR2496709	SE	1	3	3	42	6	825753624	845414664	19661040	70218	0.901954
SRR2496709	SE	1	3	4	55	7	1081344064	1101004824	19660760	70217	0.901254
SRR2496709	SE	1	3	5	68	8	1336934504	1356595264	19660760	70217	0.76574
SRR2496709	SE	1	3	6	81	9	1592524944	1612185704	19660760	70217	1.942445
SRR2496709	SE	1	3	7	94	10	1848115384	1867776144	19660760	70217	0.789503
SRR2496709	SE	1	3	8	107	11	2103705824	2123366584	19660760	70217	0.826156
SRR2496709	SE	1	3	9	108	0	2123366584	2143027344	19660760	70217	1.374473
SRR2496709	SE	1	3	10	133	1	2614886424	2634547464	19661040	70218	0.739596
SRR2496709	SE	1	3	11	146	2	2870477060	2890137812	19660752	69228	0.732134
SRR2496709	SE	1	3	12	159	3	3126067404	3145728156	19660752	69228	0.729025
SRR2496709	SE	1	3	13	172	4	3219456260	3224371448	4915188	17307	0.205291
SRR2496709	SE	1	3	14	173	5	3224371448	3229286636	4915188	17307	0.19779
SRR2496709	SE	1	3	15	186	6	3288268892	3293184080	4915188	17307	0.243606
SRR2496709	SE	1	3	16	199	7	3352166620	3357081808	4915188	17307	0.200074
SRR2496709	SE	1	3	17	224	8	3430809628	3432038496	1228868	4327	0.071983
SRR2496709	SE	1	4	0	4	4	78643380	98304240	19660860	71235	1.389886
SRR2496709	SE	1	4	1	17	5	334233784	353894544	19660760	70217	0.770774
SRR2496709	SE	1	4	2	30	6	589824224	609484984	19660760	70217	0.747168
SRR2496709	SE	1	4	3	43	7	845414664	865075424	19660760	70217	0.795193
SRR2496709	SE	1	4	4	56	8	1101004824	1120665864	19661040	70218	0.809732
SRR2496709	SE	1	4	5	69	9	1356595264	1376256024	19660760	70217	0.78186
SRR2496709	SE	1	4	6	82	10	1612185704	1631846464	19660760	70217	0.904099
SRR2496709	SE	1	4	7	95	11	1867776144	1887436904	19660760	70217	0.744989
SRR2496709	SE	1	4	8	96	0	1887436904	1907097664	19660760	70217	0.882613
SRR2496709	SE	1	4	9	109	1	2143027344	2162688104	19660760	70217	0.724711
SRR2496709	SE	1	4	10	122	2	2398617784	2418278544	19660760	70217	0.678123
SRR2496709	SE	1	4	11	135	3	2654208224	2673868984	19660760	70217	0.830109
SRR2496709	SE	1	4	12	148	4	2909798564	2929459316	19660752	69228	0.649741
SRR2496709	SE	1	4	13	161	5	3165388908	3170304096	4915188	17307	0.196099
SRR2496709	SE	1	4	14	162	6	3170304096	3175219284	4915188	17307	0.210576
SRR2496709	SE	1	4	15	163	7	3175219284	3180134472	4915188	17307	0.176013
SRR2496709	SE	1	4	16	152	8	2988441856	3008102608	19660752	69228	1.162545
SRR2496709	SE	1	4	17	213	9	3417292932	3418521800	1228868	4327	0.111547
SRR2496709	SE	1	4	18	207	3	3391488124	3396403312	4915188	17307	0.205637
SRR2496709	SE	1	4	19	220	4	3425894440	3427123308	1228868	4327	0.067756
SRR2496709	SE	1	4	20	233	5	3441868872	3443097740	1228868	4327	0.064773
SRR2496709	SE	1	4	21	246	6	3457843304	3459072172	1228868	4327	0.063338
SRR2496709	SE	1	4	22	247	7	3459072172	3460301040	1228868	4327	0.080969
SRR2496709	SE	1	4	23	260	8	3475046604	3476275472	1228868	4327	0.147569
SRR2496709	SE	1	4	24	273	9	3491021036	3492249620	1228584	4326	0.073854
SRR2496709	SE	1	4	25	286	10	3506995468	3508224052	1228584	4326	0.081876
SRR2496709	SE	1	4	26	299	11	3522969616	3524198484	1228868	4327	0.099763
SRR2496709	SE	1	4	19	250	10	3462758492	3463987360	1228868	4327	0.076968
SRR2496709	SE	1	4	20	263	11	3478732924	3479961792	1228868	4327	0.067248
SRR2496709	SE	1	4	21	264	0	3479961792	3481190660	1228868	4327	0.072699
SRR2496709	SE	1	4	22	277	1	3495936224	3497164808	1228584	4326	0.072071
SRR2496709	SE	1	4	23	290	2	3511910656	3513139240	1228584	4326	0.20894
SRR2496709	SE	1	4	24	303	3	3527884804	3529113672	1228868	4327	0.11515
SRR2496709	SE	1	4	19	239	11	3449241796	3450470664	1228868	4327	0.078418
SRR2496709	SE	1	4	20	240	0	3450470664	3451699248	1228584	4326	0.116653
SRR2496709	SE	1	4	21	253	1	3466444812	3467673680	1228868	4327	0.11588
SRR2496709	SE	1	4	22	266	2	3482419244	3483648112	1228868	4327	0.081793
SRR2496709	SE	1	4	23	279	3	3498393676	3499622544	1228868	4327	0.080854
SRR2496709	SE	1	4	24	292	4	3514368108	3515596976	1228868	4327	0.07552
SRR2496709	SE	1	4	25	305	5	3530342540	3531571408	1228868	4327	0.077722
SRR2496709	SE	1	4	26	300	0	3524198484	3525427352	1228868	4327	0.064826
SRR2496709	SE	1	5	0	5	5	98304240	117964824	19660584	71234	1.38943
SRR2496709	SE	1	5	1	18	6	353894544	373555304	19660760	70217	0.819509
SRR2496709	SE	1	5	2	31	7	609484984	629145744	19660760	70217	0.909811
SRR2496709	SE	1	5	3	44	8	865075424	884736184	19660760	70217	0.739543
SRR2496709	SE	1	5	4	57	9	1120665864	1140326624	19660760	70217	0.858885
SRR2496709	SE	1	5	5	70	10	1376256024	1395917064	19661040	70218	1.124705
SRR2496709	SE	1	5	6	83	11	1631846464	1651507224	19660760	70217	0.800458
SRR2496709	SE	1	5	7	84	0	1651507224	1671168264	19661040	70218	0.906227
SRR2496709	SE	1	5	8	97	1	1907097664	1926758424	19660760	70217	0.688054
SRR2496709	SE	1	5	9	110	2	2162688104	2182348864	19660760	70217	0.816626
SRR2496709	SE	1	5	10	123	3	2418278544	2437939304	19660760	70217	0.731964
SRR2496709	SE	1	5	11	136	4	2673868984	2693529744	19660760	70217	0.996598
SRR2496709	SE	1	5	12	149	5	2929459316	2949120068	19660752	69228	0.724032
SRR2496709	SE	1	5	13	174	6	3229286636	3234201824	4915188	17307	0.225157
SRR2496709	SE	1	5	14	175	7	3234201824	3239117012	4915188	17307	0.214039
SRR2496709	SE	1	5	15	176	8	3239117012	3244032200	4915188	17307	0.175502
SRR2496709	SE	1	5	16	177	9	3244032200	3248947388	4915188	17307	0.18601
SRR2496709	SE	1	5	17	190	10	3307929644	3312844832	4915188	17307	0.190691
SRR2496709	SE	1	5	18	203	11	3371827372	3376742560	4915188	17307	0.212449
SRR2496709	SE	1	5	19	228	0	3435724816	3436953684	1228868	4327	0.063148
SRR2496709	SE	1	5	20	241	1	3451699248	3452928116	1228868	4327	0.073261
SRR2496709	SE	1	5	21	254	2	3467673680	3468902548	1228868	4327	0.090005
SRR2496709	SE	1	5	22	267	3	3483648112	3484876980	1228868	4327	0.082222
SRR2496709	SE	1	5	23	280	4	3499622544	3500851412	1228868	4327	0.078614
SRR2496709	SE	1	5	24	293	5	3515596976	3516825844	1228868	4327	0.093747
SRR2496709	SE	1	5	25	306	6	3531571408	3532800276	1228868	4327	0.117752
SRR2496709	SE	1	5	26	301	1	3525427352	3526656220	1228868	4327	0.069544
SRR2496709	SE	1	10	0	10	10	196608264	216268848	19660584	71234	1.21947
SRR2496709	SE	1	10	1	23	11	452198624	471859384	19660760	70217	0.742259
SRR2496709	SE	1	10	2	24	0	471859384	491520144	19660760	70217	0.73616
SRR2496709	SE	1	10	3	37	1	727449824	747110584	19660760	70217	0.959926
SRR2496709	SE	1	10	4	50	2	983040264	1002701024	19660760	70217	0.773003
SRR2496709	SE	1	10	5	63	3	1238630424	1258291464	19661040	70218	0.694244
SRR2496709	SE	1	10	6	76	4	1494220864	1513881624	19660760	70217	0.720702
SRR2496709	SE	1	10	7	89	5	1749811304	1769472064	19660760	70217	1.507982
SRR2496709	SE	1	10	8	102	6	2005401744	2025062504	19660760	70217	0.850611
SRR2496709	SE	1	10	9	115	7	2260992184	2280652944	19660760	70217	0.80297
SRR2496709	SE	1	10	10	128	8	2516582624	2536243384	19660760	70217	0.838375
SRR2496709	SE	1	10	11	141	9	2772173064	2791833824	19660760	70217	0.704095
SRR2496709	SE	1	10	12	142	10	2791833824	2811494520	19660696	69415	0.645962
SRR2496709	SE	1	10	13	155	11	3047424112	3067084864	19660752	69228	0.658538
SRR2496709	SE	1	10	14	180	0	3258777764	3263692952	4915188	17307	1.181502
SRR2496709	SE	1	10	15	229	1	3436953684	3438182552	1228868	4327	0.068633
SRR2496709	SE	1	10	16	242	2	3452928116	3454156984	1228868	4327	0.073225
SRR2496709	SE	1	10	17	255	3	3468902548	3470131416	1228868	4327	0.06881
SRR2496709	SE	1	11	0	11	11	216268848	235929708	19660860	71235	1.256904
SRR2496709	SE	1	11	1	12	0	235929708	255590568	19660860	71235	0.781087
SRR2496709	SE	1	11	2	25	1	491520144	511180904	19660760	70217	0.880944
SRR2496709	SE	1	11	3	38	2	747110584	766771344	19660760	70217	0.805088
SRR2496709	SE	1	11	4	51	3	1002701024	1022361784	19660760	70217	0.968579
SRR2496709	SE	1	11	5	64	4	1258291464	1277952224	19660760	70217	0.862459
SRR2496709	SE	1	11	6	77	5	1513881624	1533542664	19661040	70218	0.769868
SRR2496709	SE	1	11	7	90	6	1769472064	1789132824	19660760	70217	1.013523
SRR2496709	SE	1	11	8	103	7	2025062504	2044723264	19660760	70217	0.855327
SRR2496709	SE	1	11	9	116	8	2280652944	2300313704	19660760	70217	0.815593
SRR2496709	SE	1	11	10	129	9	2536243384	2555904144	19660760	70217	0.724765
SRR2496709	SE	1	11	11	154	10	3027763360	3047424112	19660752	69228	0.771193
SRR2496709	SE	1	11	12	179	11	3253862576	3258777764	4915188	17307	0.210903
SRR2496709	SE	1	11	13	168	0	3199795224	3204710412	4915188	17307	0.214613
SRR2496709	SE	1	11	14	169	1	3204710412	3209625600	4915188	17307	0.283577
SRR2496709	SE	1	11	15	182	2	3268608140	3273523328	4915188	17307	0.252023
SRR2496709	SE	1	11	16	195	3	3332505868	3337421056	4915188	17307	0.213301
SRR2496709	SE	1	11	17	208	4	3396403312	3401318500	4915188	17307	0.178645
SRR2496709	SE	1	11	18	221	4	3484876980	3486105848	1228868	4327	0.074445
SRR2496709	SE	1	11	19	281	5	3500851412	3502080280	1228868	4327	0.129058
SRR2496709	SE	1	11	20	294	6	3516825844	3518054428	1228584	4326	0.075634
SRR2496709	SE	1	11	21	307	7	3532800276	3534028860	1228584	4326	0.14616
SRR2496709	SE	1	11	19	234	6	3443097740	3444326608	1228868	4327	0.066803
SRR2496709	SE	1	11	20	259	7	3473817736	3475046604	1228868	4327	0.141882
SRR2496709	SE	1	11	21	284	8	3504537732	3505766600	1228868	4327	0.0813
SRR2496709	SE	1	11	22	297	9	3520512164	3521741032	1228868	4327	0.071026
SRR2496709	SE	1	11	23	298	10	3521741032	3522969616	1228584	4326	0.076676
SRR2496709	SE	1	11	24	288	0	3509452920	3510681788	1228868	4327	0.070822
small_SRR7963242	PE	1	0	0	0	0	0	19661160	19661160	52972	10.21881
small_SRR7963242	PE	1	0	1	13	1	255590524	275251564	19661040	52290	6.983681
small_SRR7963242	PE	1	0	2	26	2	511181004	530841824	19660820	51739	6.724006
small_SRR7963242	PE	1	0	3	39	3	766771284	786432104	19660820	51739	7.13352
small_SRR7963242	PE	1	0	4	52	4	1022361944	1042022764	19660820	51739	6.969457
small_SRR7963242	PE	1	0	5	65	5	1277952224	1297613044	19660820	51739	7.749192
small_SRR7963242	PE	1	0	6	78	6	1533542504	1553203324	19660820	51739	6.769958
small_SRR7963242	PE	1	0	7	91	7	1789133164	1808793604	19660440	51738	6.979973
small_SRR7963242	PE	1	0	8	104	8	2044723444	2064384264	19660820	51739	6.700912
small_SRR7963242	PE	1	0	9	117	9	2300313724	2319974544	19660820	51739	6.590797
small_SRR7963242	PE	1	0	10	130	10	2555904004	2575564824	19660820	51739	6.65449
small_SRR7963242	PE	1	0	11	143	11	2811494664	2831155484	19660820	51739	7.012522
small_SRR7963242	PE	1	0	12	144	0	2831155484	2850816304	19660820	51739	6.542194
small_SRR7963242	PE	1	0	13	157	1	3086745764	3106406584	19660820	51739	6.747486
small_SRR7963242	PE	1	0	14	170	2	3342336044	3361996864	19660820	51739	6.837836
small_SRR7963242	PE	1	0	15	195	3	3509452824	3514368124	4915300	12935	1.95441
small_SRR7963242	PE	1	0	16	208	4	3573350584	3578265884	4915300	12935	1.887413
small_SRR7963242	PE	1	0	17	245	5	3696230424	3697459344	1228920	3234	0.612533
small_SRR7963242	PE	1	0	18	234	6	3682713824	3683942744	1228920	3234	0.811644
small_SRR7963242	PE	1	0	19	223	7	3647078564	3651993864	4915300	12935	1.847835
small_SRR7963242	PE	1	0	20	320	8	3788390684	3789619224	1228540	3233	1.066333
small_SRR7963242	PE	1	0	21	298	10	3761357104	3762585644	1228540	3233	0.760187
small_SRR7963242	PE	1	0	22	288	0	3749069044	3750297964	1228920	3234	0.745223
small_SRR7963242	PE	1	0	23	290	2	3751526504	3752755424	1228920	3234	0.908312
small_SRR7963242	PE	1	1	0	1	1	19661160	39321716	19660556	52789	8.532612
small_SRR7963242	PE	1	1	1	14	2	275251564	294912228	19660664	52289	6.908236
small_SRR7963242	PE	1	1	2	27	3	530841824	550502644	19660820	51739	7.019182
small_SRR7963242	PE	1	1	3	40	4	786432104	806092924	19660820	51739	7.012351
small_SRR7963242	PE	1	1	4	53	5	1042022764	1061683204	19660440	51738	7.54689
small_SRR7963242	PE	1	1	5	66	6	1297613044	1317273864	19660820	51739	6.765587
small_SRR7963242	PE	1	1	6	79	7	1553203324	1572864144	19660820	51739	6.904153
small_SRR7963242	PE	1	1	7	92	8	1808793604	1828454424	19660820	51739	7.279456
small_SRR7963242	PE	1	1	8	105	9	2064384264	2084045084	19660820	51739	7.001643
small_SRR7963242	PE	1	1	9	118	10	2319974544	2339635364	19660820	51739	7.133647
small_SRR7963242	PE	1	1	10	131	11	2575564824	2595225644	19660820	51739	7.555829
small_SRR7963242	PE	1	1	11	132	0	2595225644	2614886464	19660820	51739	6.833181
small_SRR7963242	PE	1	1	12	145	1	2850816304	2870477124	19660820	51739	6.709486
small_SRR7963242	PE	1	1	13	158	2	3106406584	3126067404	19660820	51739	6.923227
small_SRR7963242	PE	1	1	14	171	3	3361996864	3381657684	19660820	51739	6.950857
small_SRR7963242	PE	1	1	15	196	4	3514368124	3519283424	4915300	12935	1.785276
small_SRR7963242	PE	1	1	16	209	5	3578265884	3583180804	4914920	12934	1.841891
small_SRR7963242	PE	1	1	17	222	6	3642163264	3647078564	4915300	12935	1.95897
small_SRR7963242	PE	1	1	18	283	7	3742924824	3744153744	1228920	3234	0.943243
small_SRR7963242	PE	1	1	19	296	8	3758899264	3760128184	1228920	3234	0.769625
small_SRR7963242	PE	1	1	20	297	9	3760128184	3761357104	1228920	3234	0.724366
small_SRR7963242	PE	1	1	21	287	11	3747840124	3749069044	1228920	3234	0.672724
small_SRR7963242	PE	1	1	22	289	1	3750297964	3751526504	1228540	3233	0.986028
small_SRR7963242	PE	1	6	0	6	6	117965124	137625788	19660664	52289	7.113529
small_SRR7963242	PE	1	6	1	19	7	373555260	393216084	19660824	51795	6.696311
small_SRR7963242	PE	1	6	2	32	8	629145924	648806744	19660820	51739	6.553199
small_SRR7963242	PE	1	6	3	45	9	884736204	904397024	19660820	51739	6.750551
small_SRR7963242	PE	1	6	4	58	10	1140326484	1159987304	19660820	51739	7.372848
small_SRR7963242	PE	1	6	5	71	11	1395917144	1415577964	19660820	51739	6.968226
small_SRR7963242	PE	1	6	6	72	0	1415577964	1435238404	19660440	51738	6.848137
small_SRR7963242	PE	1	6	7	85	1	1671168244	1690829064	19660820	51739	7.135805
small_SRR7963242	PE	1	6	8	98	2	1926758524	1946419344	19660820	51739	7.073471
small_SRR7963242	PE	1	6	9	111	3	2182348804	2202009624	19660820	51739	6.998562
small_SRR7963242	PE	1	6	10	124	4	2437939464	2457600284	19660820	51739	6.844296
small_SRR7963242	PE	1	6	11	137	5	2693529744	2713190564	19660820	51739	7.078056
small_SRR7963242	PE	1	6	12	150	6	2949120024	2968780844	19660820	51739	6.932812
small_SRR7963242	PE	1	6	13	163	7	3204710684	3224371504	19660820	51739	6.863557
small_SRR7963242	PE	1	6	14	176	8	3416064024	3420979324	4915300	12935	1.786852
small_SRR7963242	PE	1	6	15	189	9	3479961784	3484877084	4915300	12935	1.848892
small_SRR7963242	PE	1	6	16	202	10	3543859544	3548774464	4914920	12934	1.941218
small_SRR7963242	PE	1	6	17	215	11	3607756924	3612672224	4915300	12935	2.033235
small_SRR7963242	PE	1	6	18	216	0	3612672224	3617587524	4915300	12935	2.017725
small_SRR7963242	PE	1	6	19	229	1	3676569604	3677798524	1228920	3234	0.768086
small_SRR7963242	PE	1	6	20	242	2	3692544044	3693772964	1228920	3234	0.608989
small_SRR7963242	PE	1	6	21	255	3	3708518484	3709747404	1228920	3234	0.782806
small_SRR7963242	PE	1	6	22	268	4	3724492924	3725721844	1228920	3234	0.750032
small_SRR7963242	PE	1	6	23	269	5	3725721844	3726950764	1228920	3234	0.928138
small_SRR7963242	PE	1	6	24	270	6	3726950764	3728179304	1228540	3233	0.733502
small_SRR7963242	PE	1	6	25	271	7	3728179304	3729408224	1228920	3234	0.93435
small_SRR7963242	PE	1	6	26	272	8	3729408224	3730637144	1228920	3234	0.633024
small_SRR7963242	PE	1	6	27	273	9	3730637144	3731865684	1228540	3233	0.680502
small_SRR7963242	PE	1	6	28	274	10	3731865684	3733094604	1228920	3234	0.821764
small_SRR7963242	PE	1	6	29	323	11	3792077064	3793305604	1228540	3233	1.107576
small_SRR7963242	PE	1	6	30	303	3	3767500944	3768729864	1228920	3234	0.934935
small_SRR7963242	PE	1	7	0	7	7	137625788	157286452	19660664	52289	7.43899
small_SRR7963242	PE	1	7	1	20	8	393216084	412876904	19660820	51739	6.703247
small_SRR7963242	PE	1	7	2	33	9	648806744	668467564	19660820	51739	6.836481
small_SRR7963242	PE	1	7	3	46	10	904397024	924057844	19660820	51739	6.926067
small_SRR7963242	PE	1	7	4	59	11	1159987304	1179648124	19660820	51739	6.878314
small_SRR7963242	PE	1	7	5	60	0	1179648124	1199308944	19660820	51739	7.053975
small_SRR7963242	PE	1	7	6	73	1	1435238404	1454899224	19660820	51739	6.83917
small_SRR7963242	PE	1	7	7	86	2	1690829064	1710489884	19660820	51739	6.464521
small_SRR7963242	PE	1	7	8	99	3	1946419344	1966080164	19660820	51739	6.858339
small_SRR7963242	PE	1	7	9	112	4	2202009624	2221670444	19660820	51739	6.723354
small_SRR7963242	PE	1	7	10	125	5	2457600284	2477261104	19660820	51739	7.190953
small_SRR7963242	PE	1	7	11	138	6	2713190564	2732851384	19660820	51739	7.144155
small_SRR7963242	PE	1	7	12	151	7	2968780844	2988441664	19660820	51739	6.847035
small_SRR7963242	PE	1	7	13	164	8	3224371504	3244032324	19660820	51739	6.919507
small_SRR7963242	PE	1	7	14	177	9	3420979324	3425894624	4915300	12935	1.948876
small_SRR7963242	PE	1	7	15	190	10	3484877084	3489792004	4914920	12934	1.977631
small_SRR7963242	PE	1	7	16	203	11	3548774464	3553689764	4915300	12935	1.992096
small_SRR7963242	PE	1	7	17	204	0	3553689764	3558605064	4915300	12935	2.070172
small_SRR7963242	PE	1	7	18	217	1	3617587524	3622502444	4914920	12934	1.984646
small_SRR7963242	PE	1	7	19	230	2	3677798524	3679027444	1228920	3234	0.572461
small_SRR7963242	PE	1	7	20	243	3	3693772964	3695001884	1228920	3234	0.799802
small_SRR7963242	PE	1	7	21	256	4	3709747404	3710976324	1228920	3234	0.838364
small_SRR7963242	PE	1	7	22	257	5	3710976324	3712204864	1228540	3233	0.698306
small_SRR7963242	PE	1	7	23	258	6	3712204864	3713433784	1228920	3234	0.72392
small_SRR7963242	PE	1	7	24	247	7	3698688264	3699916804	1228540	3233	0.995882
small_SRR7963242	PE	1	7	25	260	8	3714662704	3715891244	1228540	3233	0.695859
small_SRR7963242	PE	1	7	26	261	9	3715891244	3717120164	1228920	3234	0.923555
small_SRR7963242	PE	1	7	27	286	10	3746611204	3747840124	1228920	3234	0.702062
small_SRR7963242	PE	1	7	28	311	11	3777331544	3778560084	1228540	3233	1.041235
small_SRR7963242	PE	1	7	29	302	2	3766272024	3767500944	1228920	3234	0.835202
small_SRR7963242	PE	1	8	0	8	8	157286452	176947492	19661040	52290	7.103843
small_SRR7963242	PE	1	8	1	21	9	412876904	432537724	19660820	51739	6.468622
small_SRR7963242	PE	1	8	2	34	10	668467564	688128004	19660440	51738	7.181032
small_SRR7963242	PE	1	8	3	47	11	924057844	943718664	19660820	51739	6.698278
small_SRR7963242	PE	1	8	4	48	0	943718664	963379484	19660820	51739	7.007105
small_SRR7963242	PE	1	8	5	61	1	1199308944	1218969764	19660820	51739	6.856698
small_SRR7963242	PE	1	8	6	74	2	1454899224	1474560044	19660820	51739	6.858561
small_SRR7963242	PE	1	8	7	87	3	1710489884	1730150704	19660820	51739	6.768439
small_SRR7963242	PE	1	8	8	100	4	1966080164	1985740984	19660820	51739	6.774616
small_SRR7963242	PE	1	8	9	113	5	2221670444	2241331264	19660820	51739	6.819378
small_SRR7963242	PE	1	8	10	126	6	2477261104	2496921924	19660820	51739	6.919077
small_SRR7963242	PE	1	8	11	139	7	2732851384	2752512204	19660820	51739	6.793894
small_SRR7963242	PE	1	8	12	152	8	2988441664	3008102484	19660820	51739	7.292659
small_SRR7963242	PE	1	8	13	165	9	3244032324	3263693144	19660820	51739	6.906956
small_SRR7963242	PE	1	8	14	178	10	3425894624	3430809924	4915300	12935	2.312568
small_SRR7963242	PE	1	8	15	191	11	3489792004	3494707304	4915300	12935	2.158557
small_SRR7963242	PE	1	8	16	192	0	3494707304	3499622604	4915300	12935	1.897862
small_SRR7963242	PE	1	8	17	205	1	3558605064	3563520364	4915300	12935	1.865078
small_SRR7963242	PE	1	8	18	218	2	3622502444	3627417744	4915300	12935	2.100875
small_SRR7963242	PE	1	8	19	231	3	3679027444	3680256364	1228920	3234	0.710894
small_SRR7963242	PE	1	8	20	232	4	3680256364	3681484904	1228540	3233	0.843098
small_SRR7963242	PE	1	8	21	221	5	3637248344	3642163264	4914920	12934	1.779424
small_SRR7963242	PE	1	8	22	282	6	3741696284	3742924824	1228540	3233	0.869079
small_SRR7963242	PE	1	8	23	295	7	3757670724	3758899264	1228540	3233	0.662374
small_SRR7963242	PE	1	8	24	284	8	3744153744	3745382664	1228920	3234	0.729734
small_SRR7963242	PE	1	8	25	285	9	3745382664	3746611204	1228540	3233	0.673365
small_SRR7963242	PE	1	8	26	310	10	3776102624	3777331544	1228920	3234	0.653488
small_SRR7963242	PE	1	8	27	300	0	3763814564	3765043484	1228920	3234	1.011952
small_SRR7963242	PE	1	8	28	315	3	3782246464	3783475384	1228920	3234	0.714947
small_SRR7963242	PE	1	9	0	2	2	39321716	58982756	19661040	52290	8.919106
small_SRR7963242	PE	1	9	1	15	3	294912228	314572892	19660664	52289	6.823221
small_SRR7963242	PE	1	9	2	28	4	550502644	570163464	19660820	51739	6.567338
small_SRR7963242	PE	1	9	3	41	5	806092924	825753744	19660820	51739	7.013037
small_SRR7963242	PE	1	9	4	54	6	1061683204	1081344024	19660820	51739	7.167896
small_SRR7963242	PE	1	9	5	67	7	1317273864	1336934684	19660820	51739	6.626076
small_SRR7963242	PE	1	9	6	80	8	1572864144	1592524964	19660820	51739	6.642689
small_SRR7963242	PE	1	9	7	93	9	1828454424	1848115244	19660820	51739	6.916297
small_SRR7963242	PE	1	9	8	106	10	2084045084	2103705904	19660820	51739	6.607162
small_SRR7963242	PE	1	9	9	119	11	2339635364	2359296184	19660820	51739	7.070782
small_SRR7963242	PE	1	9	10	120	0	2359296184	2378957004	19660820	51739	6.982459
small_SRR7963242	PE	1	9	11	133	1	2614886464	2634547284	19660820	51739	6.496737
small_SRR7963242	PE	1	9	12	146	2	2870477124	2890137944	19660820	51739	7.001411
small_SRR7963242	PE	1	9	13	159	3	3126067404	3145728224	19660820	51739	6.852074
small_SRR7963242	PE	1	9	14	172	4	3381657684	3401318504	19660820	51739	6.787783
small_SRR7963242	PE	1	9	15	185	5	3460300964	3465216264	4915300	12935	1.665825
small_SRR7963242	PE	1	9	16	198	6	3524198724	3529113644	4914920	12934	2.116486
small_SRR7963242	PE	1	9	17	211	7	3588096104	3593011404	4915300	12935	2.191855
small_SRR7963242	PE	1	9	18	236	8	3685171284	3686400204	1228920	3234	0.776519
small_SRR7963242	PE	1	9	19	249	9	3701145724	3702374644	1228920	3234	0.811025
small_SRR7963242	PE	1	9	20	250	10	3702374644	3703603564	1228920	3234	0.83824
small_SRR7963242	PE	1	9	21	263	11	3718349084	3719577624	1228540	3233	0.656211
small_SRR7963242	PE	1	9	22	312	0	3778560084	3779789004	1228920	3234	0.93565
small_SRR7963242	PE	1	3	0	3	3	58982756	78643420	19660664	52289	8.355541
small_SRR7963242	PE	1	3	1	16	4	314572892	334233932	19661040	52290	6.888455
small_SRR7963242	PE	1	3	2	29	5	570163464	589824284	19660820	51739	6.700668
small_SRR7963242	PE	1	3	3	42	6	825753744	845414564	19660820	51739	6.529711
small_SRR7963242	PE	1	3	4	55	7	1081344024	1101004844	19660820	51739	7.085756
small_SRR7963242	PE	1	3	5	68	8	1336934684	1356595504	19660820	51739	7.840856
small_SRR7963242	PE	1	3	6	81	9	1592524964	1612185784	19660820	51739	6.772311
small_SRR7963242	PE	1	3	7	94	10	1848115244	1867776064	19660820	51739	6.805787
small_SRR7963242	PE	1	3	8	107	11	2103705904	2123366724	19660820	51739	6.745908
small_SRR7963242	PE	1	3	9	108	0	2123366724	2143027544	19660820	51739	6.667247
small_SRR7963242	PE	1	3	10	121	1	2378957004	2398617824	19660820	51739	6.808107
small_SRR7963242	PE	1	3	11	134	2	2634547284	2654208104	19660820	51739	6.950253
small_SRR7963242	PE	1	3	12	147	3	2890137944	2909798764	19660820	51739	6.666217
small_SRR7963242	PE	1	3	13	160	4	3145728224	3165389044	19660820	51739	6.758768
small_SRR7963242	PE	1	3	14	173	5	3401318504	3406233804	4915300	12935	1.975398
small_SRR7963242	PE	1	3	15	174	6	3406233804	3411149104	4915300	12935	2.208838
small_SRR7963242	PE	1	3	16	187	7	3470131564	3475046484	4914920	12934	1.839582
small_SRR7963242	PE	1	3	17	200	8	3534028944	3538944244	4915300	12935	1.802631
small_SRR7963242	PE	1	4	0	4	4	78643420	98304084	19660664	52289	8.394227
small_SRR7963242	PE	1	4	1	17	5	334233932	353894596	19660664	52289	6.941787
small_SRR7963242	PE	1	4	2	30	6	589824284	609485104	19660820	51739	6.481681
small_SRR7963242	PE	1	4	3	43	7	845414564	865075384	19660820	51739	7.013239
small_SRR7963242	PE	1	4	4	56	8	1101004844	1120665664	19660820	51739	6.961932
small_SRR7963242	PE	1	4	5	69	9	1356595504	1376256324	19660820	51739	6.938835
small_SRR7963242	PE	1	4	6	82	10	1612185784	1631846604	19660820	51739	6.825176
small_SRR7963242	PE	1	4	7	95	11	1867776064	1887436884	19660820	51739	7.03987
small_SRR7963242	PE	1	4	8	96	0	1887436884	1907097704	19660820	51739	7.019402
small_SRR7963242	PE	1	4	9	109	1	2143027544	2162688364	19660820	51739	6.716953
small_SRR7963242	PE	1	4	10	122	2	2398617824	2418278644	19660820	51739	6.886655
small_SRR7963242	PE	1	4	11	135	3	2654208104	2673868924	19660820	51739	7.48646
small_SRR7963242	PE	1	4	12	148	4	2909798764	2929459204	19660440	51738	7.04529
small_SRR7963242	PE	1	4	13	161	5	3165389044	3185049864	19660820	51739	7.206584
small_SRR7963242	PE	1	4	14	186	6	3465216264	3470131564	4915300	12935	2.399198
small_SRR7963242	PE	1	4	15	199	7	3529113644	3534028944	4915300	12935	1.810258
small_SRR7963242	PE	1	4	16	212	8	3593011404	3597926704	4915300	12935	1.972404
small_SRR7963242	PE	1	4	17	225	9	3656909164	3661824084	4914920	12934	2.043437
small_SRR7963242	PE	1	4	19	226	10	3661824084	3666739384	4915300	12935	1.793227
small_SRR7963242	PE	1	4	20	239	11	3688857664	3690086584	1228920	3234	0.748427
small_SRR7963242	PE	1	4	21	228	0	3671654684	3676569604	4914920	12934	1.872927
small_SRR7963242	PE	1	4	22	253	1	3706061024	3707289944	1228920	3234	0.585657
small_SRR7963242	PE	1	4	23	266	2	3722035464	3723264004	1228540	3233	0.902104
small_SRR7963242	PE	1	4	24	279	3	3738009904	3739238444	1228540	3233	0.789804
small_SRR7963242	PE	1	4	25	292	4	3753984344	3755212884	1228540	3233	0.898987
small_SRR7963242	PE	1	4	26	305	5	3769958404	3771187324	1228920	3234	0.648513
small_SRR7963242	PE	1	4	27	318	6	3785932844	3787161764	1228920	3234	0.931702
small_SRR7963242	PE	1	4	28	264	0	3719577624	3720806544	1228920	3234	0.867222
small_SRR7963242	PE	1	4	29	314	2	3781017924	3782246464	1228540	3233	0.862098
small_SRR7963242	PE	1	4	19	251	11	3703603564	3704832104	1228540	3233	1.237824
small_SRR7963242	PE	1	4	20	252	0	3704832104	3706061024	1228920	3234	0.990633
small_SRR7963242	PE	1	4	21	265	1	3720806544	3722035464	1228920	3234	0.668828
small_SRR7963242	PE	1	4	22	278	2	3736780984	3738009904	1228920	3234	0.669274
small_SRR7963242	PE	1	4	23	291	3	3752755424	3753984344	1228920	3234	0.775559
small_SRR7963242	PE	1	4	24	304	4	3768729864	3769958404	1228540	3233	0.785997
small_SRR7963242	PE	1	4	25	317	5	3784704304	3785932844	1228540	3233	0.649166
small_SRR7963242	PE	1	4	26	319	7	3787161764	3788390684	1228920	3234	1.020444
small_SRR7963242	PE	1	4	27	313	1	3779789004	3781017924	1228920	3234	0.813923
small_SRR7963242	PE	1	5	0	5	5	98304084	117965124	19661040	52290	8.233744
small_SRR7963242	PE	1	5	1	18	6	353894596	373555260	19660664	52289	6.779212
small_SRR7963242	PE	1	5	2	31	7	609485104	629145924	19660820	51739	7.04849
small_SRR7963242	PE	1	5	3	44	8	865075384	884736204	19660820	51739	6.506062
small_SRR7963242	PE	1	5	4	57	9	1120665664	1140326484	19660820	51739	6.845775
small_SRR7963242	PE	1	5	5	70	10	1376256324	1395917144	19660820	51739	6.743671
small_SRR7963242	PE	1	5	6	83	11	1631846604	1651507424	19660820	51739	6.499883
small_SRR7963242	PE	1	5	7	84	0	1651507424	1671168244	19660820	51739	7.029784
small_SRR7963242	PE	1	5	8	97	1	1907097704	1926758524	19660820	51739	6.611705
small_SRR7963242	PE	1	5	9	110	2	2162688364	2182348804	19660440	51738	6.94329
small_SRR7963242	PE	1	5	10	123	3	2418278644	2437939464	19660820	51739	6.954405
small_SRR7963242	PE	1	5	11	136	4	2673868924	2693529744	19660820	51739	6.994929
small_SRR7963242	PE	1	5	12	149	5	2929459204	2949120024	19660820	51739	6.842234
small_SRR7963242	PE	1	5	13	162	6	3185049864	3204710684	19660820	51739	6.653384
small_SRR7963242	PE	1	5	14	175	7	3411149104	3416064024	4914920	12934	1.91066
small_SRR7963242	PE	1	5	15	188	8	3475046484	3479961784	4915300	12935	1.862996
small_SRR7963242	PE	1	5	16	201	9	3538944244	3543859544	4915300	12935	2.073548
small_SRR7963242	PE	1	5	17	214	10	3602841624	3607756924	4915300	12935	1.954022
small_SRR7963242	PE	1	5	0	9	9	176947492	196608156	19660664	52289	7.288876
small_SRR7963242	PE	1	5	1	22	10	432537724	452198544	19660820	51739	6.710979
small_SRR7963242	PE	1	5	2	35	11	688128004	707788824	19660820	51739	6.483747
small_SRR7963242	PE	1	5	3	36	0	707788824	727449644	19660820	51739	6.841747
small_SRR7963242	PE	1	5	4	49	1	963379484	983040304	19660820	51739	6.688804
small_SRR7963242	PE	1	5	5	62	2	1218969764	1238630584	19660820	51739	6.738753
small_SRR7963242	PE	1	5	6	75	3	1474560044	1494220864	19660820	51739	6.709617
small_SRR7963242	PE	1	5	7	88	4	1730150704	1749811524	19660820	51739	6.672515
small_SRR7963242	PE	1	5	8	101	5	1985740984	2005401804	19660820	51739	6.662146
small_SRR7963242	PE	1	5	9	114	6	2241331264	2260992084	19660820	51739	7.065432
small_SRR7963242	PE	1	5	10	127	7	2496921924	2516582744	19660820	51739	6.752205
small_SRR7963242	PE	1	5	11	140	8	2752512204	2772173024	19660820	51739	6.659553
small_SRR7963242	PE	1	5	12	153	9	3008102484	3027763304	19660820	51739	6.902267
small_SRR7963242	PE	1	5	13	166	10	3263693144	3283353964	19660820	51739	6.977445
small_SRR7963242	PE	1	5	14	179	11	3430809924	3435724844	4914920	12934	1.880702
small_SRR7963242	PE	1	5	15	180	0	3435724844	3440640144	4915300	12935	2.202652
small_SRR7963242	PE	1	5	16	181	1	3440640144	3445555444	4915300	12935	2.001273
small_SRR7963242	PE	1	5	17	182	2	3445555444	3450470744	4915300	12935	1.822894
small_SRR7963242	PE	1	5	18	183	3	3450470744	3455385664	4914920	12934	2.193098
small_SRR7963242	PE	1	5	19	184	4	3455385664	3460300964	4915300	12935	2.090978
small_SRR7963242	PE	1	5	20	197	5	3519283424	3524198724	4915300	12935	1.983737
small_SRR7963242	PE	1	5	21	210	6	3583180804	3588096104	4915300	12935	2.542567
small_SRR7963242	PE	1	5	22	259	7	3713433784	3714662704	1228920	3234	0.606805
small_SRR7963242	PE	1	5	23	248	8	3699916804	3701145724	1228920	3234	0.708549
small_SRR7963242	PE	1	5	24	237	9	3686400204	3687629124	1228920	3234	0.962092
small_SRR7963242	PE	1	5	25	262	10	3717120164	3718349084	1228920	3234	0.737489
small_SRR7963242	PE	1	5	26	275	11	3733094604	3734323524	1228920	3234	0.820073
small_SRR7963242	PE	1	10	0	10	10	196608156	216268820	19660664	52289	7.48046
small_SRR7963242	PE	1	10	1	23	11	452198544	471859364	19660820	51739	6.743607
small_SRR7963242	PE	1	10	2	24	0	471859364	491520184	19660820	51739	6.613735
small_SRR7963242	PE	1	10	3	37	1	727449644	747110464	19660820	51739	6.785918
small_SRR7963242	PE	1	10	4	50	2	983040304	1002701124	19660820	51739	7.063495
small_SRR7963242	PE	1	10	5	63	3	1238630584	1258291404	19660820	51739	6.924494
small_SRR7963242	PE	1	10	6	76	4	1494220864	1513881684	19660820	51739	6.817765
small_SRR7963242	PE	1	10	7	89	5	1749811524	1769472344	19660820	51739	7.019568
small_SRR7963242	PE	1	10	8	102	6	2005401804	2025062624	19660820	51739	7.046415
small_SRR7963242	PE	1	10	9	115	7	2260992084	2280652904	19660820	51739	6.699301
small_SRR7963242	PE	1	10	10	128	8	2516582744	2536243564	19660820	51739	7.020313
small_SRR7963242	PE	1	10	11	141	9	2772173024	2791833844	19660820	51739	6.870857
small_SRR7963242	PE	1	10	12	154	10	3027763304	3047424124	19660820	51739	6.993258
small_SRR7963242	PE	1	10	13	167	11	3283353964	3303014404	19660440	51738	6.678825
small_SRR7963242	PE	1	10	14	168	0	3303014404	3322675224	19660820	51739	6.870331
small_SRR7963242	PE	1	10	15	193	1	3499622604	3504537904	4915300	12935	1.819706
small_SRR7963242	PE	1	10	16	194	2	3504537904	3509452824	4914920	12934	1.822216
small_SRR7963242	PE	1	10	17	207	3	3568435284	3573350584	4915300	12935	2.223885
small_SRR7963242	PE	1	10	18	220	11	3666739384	3671654684	4915300	12935	2.283103
small_SRR7963242	PE	1	10	19	240	0	3690086584	3691315504	1228920	3234	0.867435
small_SRR7963242	PE	1	10	20	241	1	3691315504	3692544044	1228540	3233	1.019359
small_SRR7963242	PE	1	10	21	254	2	3707289944	3708518484	1228540	3233	0.727345
small_SRR7963242	PE	1	10	22	267	3	3723264004	3724492924	1228920	3234	0.764928
small_SRR7963242	PE	1	10	23	280	4	3739238444	3740467364	1228920	3234	0.8314
small_SRR7963242	PE	1	10	24	293	5	3755212884	3756441804	1228920	3234	0.735088
small_SRR7963242	PE	1	10	25	306	6	3771187324	3772416244	1228920	3234	0.6856
small_SRR7963242	PE	1	10	26	322	10	3790848144	3792077064	1228920	3234	0.633142
small_SRR7963242	PE	1	10	27	324	0	3793305604	3794534524	1228920	3234	0.780926
small_SRR7963242	PE	1	10	28	316	4	3783475384	3784704304	1228920	3234	0.807224
small_SRR7963242	PE	1	10	19	281	5	3740467364	3741696284	1228920	3234	0.708719
small_SRR7963242	PE	1	10	20	294	6	3756441804	3757670724	1228920	3234	0.67356
small_SRR7963242	PE	1	10	21	307	7	3772416244	3773645164	1228920	3234	0.645395
small_SRR7963242	PE	1	10	22	308	8	3773645164	3774873704	1228540	3233	0.823419
small_SRR7963242	PE	1	10	23	309	9	3774873704	3776102624	1228920	3234	0.677662
small_SRR7963242	PE	1	10	24	299	11	3762585644	3763814564	1228920	3234	0.70466
small_SRR7963242	PE	1	10	25	301	1	3765043484	3766272024	1228540	3233	0.766806
small_SRR7963242	PE	1	11	0	11	11	216268820	235929860	19661040	52290	7.408816
small_SRR7963242	PE	1	11	1	12	0	235929860	255590524	19660664	52289	6.941581
small_SRR7963242	PE	1	11	2	25	1	491520184	511181004	19660820	51739	6.619301
small_SRR7963242	PE	1	11	3	38	2	747110464	766771284	19660820	51739	6.986047
small_SRR7963242	PE	1	11	4	51	3	1002701124	1022361944	19660820	51739	6.901
small_SRR7963242	PE	1	11	5	64	4	1258291404	1277952224	19660820	51739	7.136362
small_SRR7963242	PE	1	11	6	77	5	1513881684	1533542504	19660820	51739	7.49569
small_SRR7963242	PE	1	11	7	90	6	1769472344	1789133164	19660820	51739	7.266964
small_SRR7963242	PE	1	11	8	103	7	2025062624	2044723444	19660820	51739	6.891364
small_SRR7963242	PE	1	11	9	116	8	2280652904	2300313724	19660820	51739	6.90596
small_SRR7963242	PE	1	11	10	129	9	2536243564	2555904004	19660440	51738	6.928614
small_SRR7963242	PE	1	11	11	142	10	2791833844	2811494664	19660820	51739	6.608726
small_SRR7963242	PE	1	11	12	155	11	3047424124	3067084944	19660820	51739	7.180342
small_SRR7963242	PE	1	11	13	156	0	3067084944	3086745764	19660820	51739	6.96608
small_SRR7963242	PE	1	11	14	169	1	3322675224	3342336044	19660820	51739	6.745745
small_SRR7963242	PE	1	11	15	206	2	3563520364	3568435284	4914920	12934	1.910593
small_SRR7963242	PE	1	11	16	219	3	3627417744	3632333044	4915300	12935	1.830339
small_SRR7963242	PE	1	11	17	244	4	3695001884	3696230424	1228540	3233	0.637946
small_SRR7963242	PE	1	11	19	246	6	3697459344	3698688264	1228920	3234	0.750727
small_SRR7963242	PE	1	11	20	235	7	3683942744	3685171284	1228540	3233	0.777269
small_SRR7963242	PE	1	11	21	224	8	3651993864	3656909164	4915300	12935	1.990222
small_SRR7963242	PE	1	11	22	321	9	3789619224	3790848144	1228920	3234	0.751987
small_SRR7963242	PE	1	11	23	276	0	3734323524	3735552064	1228540	3233	0.719187
small_SRR7963242	PE	1	11	24	325	1	3794534524	3795555588	1021064	2687	1.139082
small_SRR7963242	SE	1	6	0	6	6	117965124	137625788	19660664	52289	2.070319
small_SRR7963242	SE	1	6	1	19	7	373555260	393216084	19660824	51795	1.553317
small_SRR7963242	SE	1	6	2	32	8	629145924	648806744	19660820	51739	1.469267
small_SRR7963242	SE	1	6	3	45	9	884736204	904397024	19660820	51739	1.503065
small_SRR7963242	SE	1	6	4	58	10	1140326484	1159987304	19660820	51739	1.567635
small_SRR7963242	SE	1	6	5	71	11	1395917144	1415577964	19660820	51739	1.886988
small_SRR7963242	SE	1	6	6	72	0	1415577964	1435238404	19660440	51738	1.512907
small_SRR7963242	SE	1	6	7	85	1	1671168244	1690829064	19660820	51739	1.56645
small_SRR7963242	SE	1	6	8	98	2	1926758524	1946419344	19660820	51739	1.592811
small_SRR7963242	SE	1	6	9	111	3	2182348804	2202009624	19660820	51739	1.535594
small_SRR7963242	SE	1	6	10	124	4	2437939464	2457600284	19660820	51739	1.576933
small_SRR7963242	SE	1	6	11	137	5	2693529744	2713190564	19660820	51739	1.565029
small_SRR7963242	SE	1	6	12	150	6	2949120024	2968780844	19660820	51739	1.528208
small_SRR7963242	SE	1	6	13	163	7	3204710684	3224371504	19660820	51739	1.555433
small_SRR7963242	SE	1	6	14	176	8	3416064024	3420979324	4915300	12935	0.519987
small_SRR7963242	SE	1	6	15	189	9	3479961784	3484877084	4915300	12935	0.411181
small_SRR7963242	SE	1	6	16	202	10	3543859544	3548774464	4914920	12934	0.464053
small_SRR7963242	SE	1	6	17	215	11	3607756924	3612672224	4915300	12935	0.524986
small_SRR7963242	SE	1	6	18	240	0	3690086584	3691315504	1228920	3234	0.184342
small_SRR7963242	SE	1	6	19	241	1	3691315504	3692544044	1228540	3233	0.297153
small_SRR7963242	SE	1	6	20	266	2	3722035464	3723264004	1228540	3233	0.198635
small_SRR7963242	SE	1	6	21	243	3	3693772964	3695001884	1228920	3234	0.227216
small_SRR7963242	SE	1	6	22	244	4	3695001884	3696230424	1228540	3233	0.194679
small_SRR7963242	SE	1	6	23	245	5	3696230424	3697459344	1228920	3234	0.185685
small_SRR7963242	SE	1	6	24	234	6	3682713824	3683942744	1228920	3234	0.174175
small_SRR7963242	SE	1	6	25	235	7	3683942744	3685171284	1228540	3233	0.19221
small_SRR7963242	SE	1	6	26	248	8	3699916804	3701145724	1228920	3234	0.224394
small_SRR7963242	SE	1	6	27	261	9	3715891244	3717120164	1228920	3234	0.210758
small_SRR7963242	SE	1	6	28	274	10	3731865684	3733094604	1228920	3234	0.247001
small_SRR7963242	SE	1	6	29	325	1	3794534524	3795555588	1021064	2687	0.224059
small_SRR7963242	SE	1	6	0	0	0	0	19661160	19661160	52972	2.96774
small_SRR7963242	SE	1	6	1	13	1	255590524	275251564	19661040	52290	1.587927
small_SRR7963242	SE	1	6	2	26	2	511181004	530841824	19660820	51739	1.569749
small_SRR7963242	SE	1	6	3	39	3	766771284	786432104	19660820	51739	1.520607
small_SRR7963242	SE	1	6	4	52	4	1022361944	1042022764	19660820	51739	1.62766
small_SRR7963242	SE	1	6	5	65	5	1277952224	1297613044	19660820	51739	1.765842
small_SRR7963242	SE	1	6	6	78	6	1533542504	1553203324	19660820	51739	1.607623
small_SRR7963242	SE	1	6	7	91	7	1789133164	1808793604	19660440	51738	1.552081
small_SRR7963242	SE	1	6	8	104	8	2044723444	2064384264	19660820	51739	1.652729
small_SRR7963242	SE	1	6	9	117	9	2300313724	2319974544	19660820	51739	1.560092
small_SRR7963242	SE	1	6	10	130	10	2555904004	2575564824	19660820	51739	1.507099
small_SRR7963242	SE	1	6	11	143	11	2811494664	2831155484	19660820	51739	1.542773
small_SRR7963242	SE	1	6	12	144	0	2831155484	2850816304	19660820	51739	1.520346
small_SRR7963242	SE	1	6	13	157	1	3086745764	3106406584	19660820	51739	1.596452
small_SRR7963242	SE	1	6	14	170	2	3342336044	3361996864	19660820	51739	1.616159
small_SRR7963242	SE	1	6	15	183	3	3450470744	3455385664	4914920	12934	0.584209
small_SRR7963242	SE	1	6	16	196	4	3514368124	3519283424	4915300	12935	0.427691
small_SRR7963242	SE	1	6	17	209	5	3578265884	3583180804	4914920	12934	0.428523
small_SRR7963242	SE	1	6	18	222	6	3642163264	3647078564	4915300	12935	0.475628
small_SRR7963242	SE	1	6	19	247	7	3698688264	3699916804	1228540	3233	0.291844
small_SRR7963242	SE	1	6	20	284	8	3744153744	3745382664	1228920	3234	0.231679
small_SRR7963242	SE	1	6	21	321	9	3789619224	3790848144	1228920	3234	0.176002
small_SRR7963242	SE	1	6	22	311	11	3777331544	3778560084	1228540	3233	0.282131
small_SRR7963242	SE	1	6	23	315	3	3782246464	3783475384	1228920	3234	0.299398
small_SRR7963242	SE	1	1	0	1	1	19661160	39321716	19660556	52789	2.505817
small_SRR7963242	SE	1	1	1	14	2	275251564	294912228	19660664	52289	1.508658
small_SRR7963242	SE	1	1	2	27	3	530841824	550502644	19660820	51739	1.556722
small_SRR7963242	SE	1	1	3	40	4	786432104	806092924	19660820	51739	1.595872
small_SRR7963242	SE	1	1	4	53	5	1042022764	1061683204	19660440	51738	1.608115
small_SRR7963242	SE	1	1	5	66	6	1297613044	1317273864	19660820	51739	1.587532
small_SRR7963242	SE	1	1	6	79	7	1553203324	1572864144	19660820	51739	1.568577
small_SRR7963242	SE	1	1	7	92	8	1808793604	1828454424	19660820	51739	1.582865
small_SRR7963242	SE	1	1	8	105	9	2064384264	2084045084	19660820	51739	1.574832
small_SRR7963242	SE	1	1	9	118	10	2319974544	2339635364	19660820	51739	1.650897
small_SRR7963242	SE	1	1	10	131	11	2575564824	2595225644	19660820	51739	1.770756
small_SRR7963242	SE	1	1	11	132	0	2595225644	2614886464	19660820	51739	1.610584
small_SRR7963242	SE	1	1	12	145	1	2850816304	2870477124	19660820	51739	1.542447
small_SRR7963242	SE	1	1	13	158	2	3106406584	3126067404	19660820	51739	1.534033
small_SRR7963242	SE	1	1	14	171	3	3361996864	3381657684	19660820	51739	1.594706
small_SRR7963242	SE	1	1	15	184	4	3455385664	3460300964	4915300	12935	0.501026
small_SRR7963242	SE	1	1	16	197	5	3519283424	3524198724	4915300	12935	0.445153
small_SRR7963242	SE	1	1	17	210	6	3583180804	3588096104	4915300	12935	0.526285
small_SRR7963242	SE	1	2	0	2	2	39321716	58982756	19661040	52290	2.682648
small_SRR7963242	SE	1	2	1	15	3	294912228	314572892	19660664	52289	1.637566
small_SRR7963242	SE	1	2	2	28	4	550502644	570163464	19660820	51739	1.481684
small_SRR7963242	SE	1	2	3	41	5	806092924	825753744	19660820	51739	1.536362
small_SRR7963242	SE	1	2	4	54	6	1061683204	1081344024	19660820	51739	1.562642
small_SRR7963242	SE	1	2	5	67	7	1317273864	1336934684	19660820	51739	1.525113
small_SRR7963242	SE	1	2	6	80	8	1572864144	1592524964	19660820	51739	1.550349
small_SRR7963242	SE	1	2	7	93	9	1828454424	1848115244	19660820	51739	1.590517
small_SRR7963242	SE	1	2	8	106	10	2084045084	2103705904	19660820	51739	1.511774
small_SRR7963242	SE	1	2	9	119	11	2339635364	2359296184	19660820	51739	1.629267
small_SRR7963242	SE	1	2	10	120	0	2359296184	2378957004	19660820	51739	1.577263
small_SRR7963242	SE	1	2	11	133	1	2614886464	2634547284	19660820	51739	1.501041
small_SRR7963242	SE	1	2	12	146	2	2870477124	2890137944	19660820	51739	1.568432
small_SRR7963242	SE	1	2	13	159	3	3126067404	3145728224	19660820	51739	1.539309
small_SRR7963242	SE	1	2	14	172	4	3381657684	3401318504	19660820	51739	1.510873
small_SRR7963242	SE	1	2	15	185	5	3460300964	3465216264	4915300	12935	0.428081
small_SRR7963242	SE	1	2	16	198	6	3524198724	3529113644	4914920	12934	0.501353
small_SRR7963242	SE	1	2	17	211	7	3588096104	3593011404	4915300	12935	0.567984
small_SRR7963242	SE	1	2	18	224	7	3647078564	3651993864	4915300	12935	0.537829
small_SRR7963242	SE	1	2	19	236	8	3685171284	3686400204	1228920	3234	0.286147
small_SRR7963242	SE	1	2	20	249	9	3701145724	3702374644	1228920	3234	0.212201
small_SRR7963242	SE	1	2	21	262	10	3717120164	3718349084	1228920	3234	0.193375
small_SRR7963242	SE	1	2	22	275	11	3733094604	3734323524	1228920	3234	0.263319
small_SRR7963242	SE	1	2	23	276	0	3734323524	3735552064	1228540	3233	0.19345
small_SRR7963242	SE	1	2	24	289	1	3750297964	3751526504	1228540	3233	0.185423
small_SRR7963242	SE	1	2	25	302	2	3766272024	3767500944	1228920	3234	0.22858
small_SRR7963242	SE	1	2	19	237	9	3686400204	3687629124	1228920	3234	0.295678
small_SRR7963242	SE	1	2	20	250	10	3702374644	3703603564	1228920	3234	0.266214
small_SRR7963242	SE	1	2	21	263	11	3718349084	3719577624	1228540	3233	0.213101
small_SRR7963242	SE	1	2	22	264	0	3719577624	3720806544	1228920	3234	0.294232
small_SRR7963242	SE	1	2	23	277	1	3735552064	3736780984	1228920	3234	0.206424
small_SRR7963242	SE	1	2	24	290	2	3751526504	3752755424	1228920	3234	0.263193
small_SRR7963242	SE	1	2	25	303	3	3767500944	3768729864	1228920	3234	0.333793
small_SRR7963242	SE	1	3	0	3	3	58982756	78643420	19660664	52289	2.42196
small_SRR7963242	SE	1	3	1	16	4	314572892	334233932	19661040	52290	1.598018
small_SRR7963242	SE	1	3	2	29	5	570163464	589824284	19660820	51739	1.56566
small_SRR7963242	SE	1	3	3	42	6	825753744	845414564	19660820	51739	1.571176
small_SRR7963242	SE	1	3	4	55	7	1081344024	1101004844	19660820	51739	1.501105
small_SRR7963242	SE	1	3	5	68	8	1336934684	1356595504	19660820	51739	1.551275
small_SRR7963242	SE	1	3	6	81	9	1592524964	1612185784	19660820	51739	1.552222
small_SRR7963242	SE	1	3	7	94	10	1848115244	1867776064	19660820	51739	1.618636
small_SRR7963242	SE	1	3	8	107	11	2103705904	2123366724	19660820	51739	1.572771
small_SRR7963242	SE	1	3	9	108	0	2123366724	2143027544	19660820	51739	1.586482
small_SRR7963242	SE	1	3	10	121	1	2378957004	2398617824	19660820	51739	1.573486
small_SRR7963242	SE	1	3	11	134	2	2634547284	2654208104	19660820	51739	1.525708
small_SRR7963242	SE	1	3	12	147	3	2890137944	2909798764	19660820	51739	1.557688
small_SRR7963242	SE	1	3	13	160	4	3145728224	3165389044	19660820	51739	1.548662
small_SRR7963242	SE	1	3	14	173	5	3401318504	3406233804	4915300	12935	0.411363
small_SRR7963242	SE	1	3	15	174	6	3406233804	3411149104	4915300	12935	0.548278
small_SRR7963242	SE	1	3	16	175	7	3411149104	3416064024	4914920	12934	0.499675
small_SRR7963242	SE	1	3	17	200	8	3534028944	3538944244	4915300	12935	0.442438
small_SRR7963242	SE	1	4	0	4	4	78643420	98304084	19660664	52289	2.448585
small_SRR7963242	SE	1	4	1	17	5	334233932	353894596	19660664	52289	1.528479
small_SRR7963242	SE	1	4	2	30	6	589824284	609485104	19660820	51739	1.484604
small_SRR7963242	SE	1	4	3	43	7	845414564	865075384	19660820	51739	1.504862
small_SRR7963242	SE	1	4	4	56	8	1101004844	1120665664	19660820	51739	1.576515
small_SRR7963242	SE	1	4	5	69	9	1356595504	1376256324	19660820	51739	1.49109
small_SRR7963242	SE	1	4	6	82	10	1612185784	1631846604	19660820	51739	1.521016
small_SRR7963242	SE	1	4	7	95	11	1867776064	1887436884	19660820	51739	1.620694
small_SRR7963242	SE	1	4	8	96	0	1887436884	1907097704	19660820	51739	1.598721
small_SRR7963242	SE	1	4	9	109	1	2143027544	2162688364	19660820	51739	1.502176
small_SRR7963242	SE	1	4	10	122	2	2398617824	2418278644	19660820	51739	1.58683
small_SRR7963242	SE	1	4	11	135	3	2654208104	2673868924	19660820	51739	1.790679
small_SRR7963242	SE	1	4	12	148	4	2909798764	2929459204	19660440	51738	1.545296
small_SRR7963242	SE	1	4	13	161	5	3165389044	3185049864	19660820	51739	1.619693
small_SRR7963242	SE	1	4	14	186	6	3465216264	3470131564	4915300	12935	0.476529
small_SRR7963242	SE	1	4	15	199	7	3529113644	3534028944	4915300	12935	0.475714
small_SRR7963242	SE	1	4	16	212	8	3593011404	3597926704	4915300	12935	0.459247
small_SRR7963242	SE	1	4	17	225	9	3656909164	3661824084	4914920	12934	0.432765
small_SRR7963242	SE	1	4	18	238	9	3538944244	3543859544	4915300	12935	0.511599
small_SRR7963242	SE	1	4	19	214	10	3602841624	3607756924	4915300	12935	0.445062
small_SRR7963242	SE	1	4	20	227	11	3666739384	3671654684	4915300	12935	0.58953
small_SRR7963242	SE	1	4	21	252	0	3704832104	3706061024	1228920	3234	0.190889
small_SRR7963242	SE	1	4	22	229	1	3676569604	3677798524	1228920	3234	0.227415
small_SRR7963242	SE	1	4	23	218	2	3622502444	3627417744	4915300	12935	0.566709
small_SRR7963242	SE	1	4	24	291	3	3752755424	3753984344	1228920	3234	0.173324
small_SRR7963242	SE	1	4	25	304	4	3768729864	3769958404	1228540	3233	0.270899
small_SRR7963242	SE	1	4	26	317	5	3784704304	3785932844	1228540	3233	0.230951
small_SRR7963242	SE	1	4	27	283	7	3742924824	3744153744	1228920	3234	0.16179
small_SRR7963242	SE	1	4	28	308	8	3773645164	3774873704	1228540	3233	0.201269
small_SRR7963242	SE	1	4	29	322	10	3790848144	3792077064	1228920	3234	0.150953
small_SRR7963242	SE	1	4	30	301	1	3765043484	3766272024	1228540	3233	0.239845
small_SRR7963242	SE	1	4	19	251	11	3703603564	3704832104	1228540	3233	0.197676
small_SRR7963242	SE	1	4	20	228	0	3671654684	3676569604	4914920	12934	0.437132
small_SRR7963242	SE	1	4	21	265	1	3720806544	3722035464	1228920	3234	0.158903
small_SRR7963242	SE	1	4	22	278	2	3736780984	3738009904	1228920	3234	0.19501
small_SRR7963242	SE	1	4	23	279	3	3738009904	3739238444	1228540	3233	0.214703
small_SRR7963242	SE	1	4	24	268	4	3724492924	3725721844	1228920	3234	0.185506
small_SRR7963242	SE	1	4	25	281	5	3740467364	3741696284	1228920	3234	0.274721
small_SRR7963242	SE	1	4	26	306	6	3771187324	3772416244	1228920	3234	0.20796
small_SRR7963242	SE	1	4	27	296	8	3758899264	3760128184	1228920	3234	0.190771
small_SRR7963242	SE	1	4	28	298	10	3761357104	3762585644	1228540	3233	0.26599
small_SRR7963242	SE	1	4	29	314	2	3781017924	3782246464	1228540	3233	0.196998
small_SRR7963242	SE	1	5	0	5	5	98304084	117965124	19661040	52290	2.334325
small_SRR7963242	SE	1	5	1	18	6	353894596	373555260	19660664	52289	1.537403
small_SRR7963242	SE	1	5	2	31	7	609485104	629145924	19660820	51739	1.557301
small_SRR7963242	SE	1	5	3	44	8	865075384	884736204	19660820	51739	1.465106
small_SRR7963242	SE	1	5	4	57	9	1120665664	1140326484	19660820	51739	1.661095
small_SRR7963242	SE	1	5	5	70	10	1376256324	1395917144	19660820	51739	1.59374
small_SRR7963242	SE	1	5	6	83	11	1631846604	1651507424	19660820	51739	1.499149
small_SRR7963242	SE	1	5	7	84	0	1651507424	1671168244	19660820	51739	1.511631
small_SRR7963242	SE	1	5	8	97	1	1907097704	1926758524	19660820	51739	1.565195
small_SRR7963242	SE	1	5	9	110	2	2162688364	2182348804	19660440	51738	1.638593
small_SRR7963242	SE	1	5	10	123	3	2418278644	2437939464	19660820	51739	1.55863
small_SRR7963242	SE	1	5	11	136	4	2673868924	2693529744	19660820	51739	1.529772
small_SRR7963242	SE	1	5	12	149	5	2929459204	2949120024	19660820	51739	1.552538
small_SRR7963242	SE	1	5	13	162	6	3185049864	3204710684	19660820	51739	1.510166
small_SRR7963242	SE	1	5	14	187	7	3470131564	3475046484	4914920	12934	0.459085
small_SRR7963242	SE	1	5	15	188	8	3475046484	3479961784	4915300	12935	0.559203
small_SRR7963242	SE	1	5	16	213	9	3597926704	3602841624	4914920	12934	0.640364
small_SRR7963242	SE	1	5	17	226	10	3661824084	3666739384	4915300	12935	0.445231
small_SRR7963242	SE	1	5	18	239	11	3688857664	3690086584	1228920	3234	0.20691
small_SRR7963242	SE	1	5	19	216	0	3612672224	3617587524	4915300	12935	0.443879
small_SRR7963242	SE	1	5	20	253	1	3706061024	3707289944	1228920	3234	0.235309
small_SRR7963242	SE	1	5	21	254	2	3707289944	3708518484	1228540	3233	0.261738
small_SRR7963242	SE	1	5	22	267	3	3723264004	3724492924	1228920	3234	0.200604
small_SRR7963242	SE	1	5	23	280	4	3739238444	3740467364	1228920	3234	0.228177
small_SRR7963242	SE	1	5	24	257	5	3710976324	3712204864	1228540	3233	0.194689
small_SRR7963242	SE	1	5	25	258	6	3712204864	3713433784	1228920	3234	0.273816
small_SRR7963242	SE	1	5	26	271	7	3728179304	3729408224	1228920	3234	0.144934
small_SRR7963242	SE	1	5	27	272	8	3729408224	3730637144	1228920	3234	0.23878
small_SRR7963242	SE	1	5	28	309	9	3774873704	3776102624	1228920	3234	0.153916
small_SRR7963242	SE	1	5	29	299	11	3762585644	3763814564	1228920	3234	0.216598
small_SRR7963242	SE	1	5	30	313	1	3779789004	3781017924	1228920	3234	0.186569
small_SRR7963242	SE	1	7	0	7	7	137625788	157286452	19660664	52289	2.112725
small_SRR7963242	SE	1	7	1	20	8	393216084	412876904	19660820	51739	1.440962
small_SRR7963242	SE	1	7	2	33	9	648806744	668467564	19660820	51739	1.524436
small_SRR7963242	SE	1	7	3	46	10	904397024	924057844	19660820	51739	1.557874
small_SRR7963242	SE	1	7	4	59	11	1159987304	1179648124	19660820	51739	1.621149
small_SRR7963242	SE	1	7	5	60	0	1179648124	1199308944	19660820	51739	1.620013
small_SRR7963242	SE	1	7	6	73	1	1435238404	1454899224	19660820	51739	1.561985
small_SRR7963242	SE	1	7	7	86	2	1690829064	1710489884	19660820	51739	1.511463
small_SRR7963242	SE	1	7	8	99	3	1946419344	1966080164	19660820	51739	1.574135
small_SRR7963242	SE	1	7	9	112	4	2202009624	2221670444	19660820	51739	1.51269
small_SRR7963242	SE	1	7	10	125	5	2457600284	2477261104	19660820	51739	1.56527
small_SRR7963242	SE	1	7	11	138	6	2713190564	2732851384	19660820	51739	1.670752
small_SRR7963242	SE	1	7	12	151	7	2968780844	2988441664	19660820	51739	1.616616
small_SRR7963242	SE	1	7	13	164	8	3224371504	3244032324	19660820	51739	1.547432
small_SRR7963242	SE	1	7	14	177	9	3420979324	3425894624	4915300	12935	0.548187
small_SRR7963242	SE	1	7	15	178	10	3425894624	3430809924	4915300	12935	0.447555
small_SRR7963242	SE	1	7	16	191	11	3489792004	3494707304	4915300	12935	0.484896
small_SRR7963242	SE	1	7	17	192	0	3494707304	3499622604	4915300	12935	0.469653
small_SRR7963242	SE	1	8	0	8	8	157286452	176947492	19661040	52290	2.037155
small_SRR7963242	SE	1	8	1	21	9	412876904	432537724	19660820	51739	1.489078
small_SRR7963242	SE	1	8	2	34	10	668467564	688128004	19660440	51738	1.531937
small_SRR7963242	SE	1	8	3	47	11	924057844	943718664	19660820	51739	1.545636
small_SRR7963242	SE	1	8	4	48	0	943718664	963379484	19660820	51739	1.549036
small_SRR7963242	SE	1	8	5	61	1	1199308944	1218969764	19660820	51739	1.832662
small_SRR7963242	SE	1	8	6	74	2	1454899224	1474560044	19660820	51739	1.574846
small_SRR7963242	SE	1	8	7	87	3	1710489884	1730150704	19660820	51739	1.544509
small_SRR7963242	SE	1	8	8	100	4	1966080164	1985740984	19660820	51739	1.530956
small_SRR7963242	SE	1	8	9	113	5	2221670444	2241331264	19660820	51739	1.56828
small_SRR7963242	SE	1	8	10	126	6	2477261104	2496921924	19660820	51739	1.542204
small_SRR7963242	SE	1	8	11	139	7	2732851384	2752512204	19660820	51739	1.544502
small_SRR7963242	SE	1	8	12	152	8	2988441664	3008102484	19660820	51739	1.625887
small_SRR7963242	SE	1	8	13	165	9	3244032324	3263693144	19660820	51739	1.517148
small_SRR7963242	SE	1	8	14	190	10	3484877084	3489792004	4914920	12934	0.474229
small_SRR7963242	SE	1	8	15	203	11	3548774464	3553689764	4915300	12935	0.473046
small_SRR7963242	SE	1	8	16	204	0	3553689764	3558605064	4915300	12935	0.460618
small_SRR7963242	SE	1	8	17	217	1	3617587524	3622502444	4914920	12934	0.469789
small_SRR7963242	SE	1	8	18	242	1	3558605064	3563520364	4915300	12935	0.481953
small_SRR7963242	SE	1	8	19	206	2	3563520364	3568435284	4914920	12934	0.46953
small_SRR7963242	SE	1	8	20	219	3	3627417744	3632333044	4915300	12935	0.442146
small_SRR7963242	SE	1	8	21	292	4	3753984344	3755212884	1228540	3233	0.233074
small_SRR7963242	SE	1	8	22	305	5	3769958404	3771187324	1228920	3234	0.242705
small_SRR7963242	SE	1	8	23	318	6	3785932844	3787161764	1228920	3234	0.249113
small_SRR7963242	SE	1	8	24	320	8	3788390684	3789619224	1228540	3233	0.278497
small_SRR7963242	SE	1	8	25	323	11	3792077064	3793305604	1228540	3233	0.256232
small_SRR7963242	SE	1	8	26	316	4	3783475384	3784704304	1228920	3234	0.200552
small_SRR7963242	SE	1	8	19	231	3	3679027444	3680256364	1228920	3234	0.265631
small_SRR7963242	SE	1	8	20	232	4	3680256364	3681484904	1228540	3233	0.234389
small_SRR7963242	SE	1	8	21	233	5	3681484904	3682713824	1228920	3234	0.2344
small_SRR7963242	SE	1	8	22	246	6	3697459344	3698688264	1228920	3234	0.213823
small_SRR7963242	SE	1	8	23	259	7	3713433784	3714662704	1228920	3234	0.215639
small_SRR7963242	SE	1	8	24	260	8	3714662704	3715891244	1228540	3233	0.201849
small_SRR7963242	SE	1	8	25	273	9	3730637144	3731865684	1228540	3233	0.199427
small_SRR7963242	SE	1	8	26	286	10	3746611204	3747840124	1228920	3234	0.231671
small_SRR7963242	SE	1	8	27	312	0	3778560084	3779789004	1228920	3234	0.294276
small_SRR7963242	SE	1	9	0	9	9	176947492	196608156	19660664	52289	2.085493
small_SRR7963242	SE	1	9	1	22	10	432537724	452198544	19660820	51739	1.488335
small_SRR7963242	SE	1	9	2	35	11	688128004	707788824	19660820	51739	1.495326
small_SRR7963242	SE	1	9	3	36	0	707788824	727449644	19660820	51739	1.52348
small_SRR7963242	SE	1	9	4	49	1	963379484	983040304	19660820	51739	1.52993
small_SRR7963242	SE	1	9	5	62	2	1218969764	1238630584	19660820	51739	1.46911
small_SRR7963242	SE	1	9	6	75	3	1474560044	1494220864	19660820	51739	1.502105
small_SRR7963242	SE	1	9	7	88	4	1730150704	1749811524	19660820	51739	1.512746
small_SRR7963242	SE	1	9	8	101	5	1985740984	2005401804	19660820	51739	1.547486
small_SRR7963242	SE	1	9	9	114	6	2241331264	2260992084	19660820	51739	1.541988
small_SRR7963242	SE	1	9	10	127	7	2496921924	2516582744	19660820	51739	1.565129
small_SRR7963242	SE	1	9	11	140	8	2752512204	2772173024	19660820	51739	1.583458
small_SRR7963242	SE	1	9	12	153	9	3008102484	3027763304	19660820	51739	1.615528
small_SRR7963242	SE	1	9	13	166	10	3263693144	3283353964	19660820	51739	1.613755
small_SRR7963242	SE	1	9	14	179	11	3430809924	3435724844	4914920	12934	0.460491
small_SRR7963242	SE	1	9	15	180	0	3435724844	3440640144	4915300	12935	0.576966
small_SRR7963242	SE	1	9	16	169	1	3322675224	3342336044	19660820	51739	1.629826
small_SRR7963242	SE	1	9	17	230	2	3677798524	3679027444	1228920	3234	0.172379
small_SRR7963242	SE	1	10	0	10	10	196608156	216268820	19660664	52289	2.16094
small_SRR7963242	SE	1	10	1	23	11	452198544	471859364	19660820	51739	1.506229
small_SRR7963242	SE	1	10	2	24	0	471859364	491520184	19660820	51739	1.52595
small_SRR7963242	SE	1	10	3	37	1	727449644	747110464	19660820	51739	1.519542
small_SRR7963242	SE	1	10	4	50	2	983040304	1002701124	19660820	51739	1.575877
small_SRR7963242	SE	1	10	5	63	3	1238630584	1258291404	19660820	51739	1.620811
small_SRR7963242	SE	1	10	6	76	4	1494220864	1513881684	19660820	51739	1.569433
small_SRR7963242	SE	1	10	7	89	5	1749811524	1769472344	19660820	51739	1.550576
small_SRR7963242	SE	1	10	8	102	6	2005401804	2025062624	19660820	51739	1.616547
small_SRR7963242	SE	1	10	9	115	7	2260992084	2280652904	19660820	51739	1.604425
small_SRR7963242	SE	1	10	10	128	8	2516582744	2536243564	19660820	51739	1.550111
small_SRR7963242	SE	1	10	11	141	9	2772173024	2791833844	19660820	51739	1.678144
small_SRR7963242	SE	1	10	12	154	10	3027763304	3047424124	19660820	51739	1.548804
small_SRR7963242	SE	1	10	13	167	11	3283353964	3303014404	19660440	51738	1.550605
small_SRR7963242	SE	1	10	14	168	0	3303014404	3322675224	19660820	51739	1.569589
small_SRR7963242	SE	1	10	15	193	1	3499622604	3504537904	4915300	12935	0.465201
small_SRR7963242	SE	1	10	16	194	2	3504537904	3509452824	4914920	12934	0.474458
small_SRR7963242	SE	1	10	17	207	3	3568435284	3573350584	4915300	12935	0.457266
small_SRR7963242	SE	1	10	18	220	3	3708518484	3709747404	1228920	3234	0.14824
small_SRR7963242	SE	1	10	19	256	4	3709747404	3710976324	1228920	3234	0.272011
small_SRR7963242	SE	1	10	20	269	5	3725721844	3726950764	1228920	3234	0.301143
small_SRR7963242	SE	1	10	21	282	6	3741696284	3742924824	1228540	3233	0.192088
small_SRR7963242	SE	1	10	22	295	7	3757670724	3758899264	1228540	3233	0.195435
small_SRR7963242	SE	1	10	23	297	9	3760128184	3761357104	1228920	3234	0.227614
small_SRR7963242	SE	1	10	24	310	10	3776102624	3777331544	1228920	3234	0.206959
small_SRR7963242	SE	1	10	25	324	0	3793305604	3794534524	1228920	3234	0.224113
small_SRR7963242	SE	1	10	19	293	5	3755212884	3756441804	1228920	3234	0.236726
small_SRR7963242	SE	1	10	20	294	6	3756441804	3757670724	1228920	3234	0.187919
small_SRR7963242	SE	1	10	21	319	7	3787161764	3788390684	1228920	3234	0.522786
small_SRR7963242	SE	1	10	22	288	0	3749069044	3750297964	1228920	3234	0.221237
small_SRR7963242	SE	1	11	0	11	11	216268820	235929860	19661040	52290	2.1209
small_SRR7963242	SE	1	11	1	12	0	235929860	255590524	19660664	52289	1.615208
small_SRR7963242	SE	1	11	2	25	1	491520184	511181004	19660820	51739	1.560053
small_SRR7963242	SE	1	11	3	38	2	747110464	766771284	19660820	51739	1.559015
small_SRR7963242	SE	1	11	4	51	3	1002701124	1022361944	19660820	51739	1.500472
small_SRR7963242	SE	1	11	5	64	4	1258291404	1277952224	19660820	51739	1.552884
small_SRR7963242	SE	1	11	6	77	5	1513881684	1533542504	19660820	51739	1.658764
small_SRR7963242	SE	1	11	7	90	6	1769472344	1789133164	19660820	51739	1.45838
small_SRR7963242	SE	1	11	8	103	7	2025062624	2044723444	19660820	51739	1.52505
small_SRR7963242	SE	1	11	9	116	8	2280652904	2300313724	19660820	51739	1.572713
small_SRR7963242	SE	1	11	10	129	9	2536243564	2555904004	19660440	51738	1.570447
small_SRR7963242	SE	1	11	11	142	10	2791833844	2811494664	19660820	51739	1.528692
small_SRR7963242	SE	1	11	12	155	11	3047424124	3067084944	19660820	51739	1.652086
small_SRR7963242	SE	1	11	13	156	0	3067084944	3086745764	19660820	51739	1.529868
small_SRR7963242	SE	1	11	14	181	1	3440640144	3445555444	4915300	12935	0.447521
small_SRR7963242	SE	1	11	15	182	2	3445555444	3450470744	4915300	12935	0.538197
small_SRR7963242	SE	1	11	16	195	3	3509452824	3514368124	4915300	12935	0.566149
small_SRR7963242	SE	1	11	17	208	4	3573350584	3578265884	4915300	12935	0.433433
small_SRR7963242	SE	1	11	18	221	5	3637248344	3642163264	4914920	12934	0.434587
small_SRR7963242	SE	1	11	19	270	6	3726950764	3728179304	1228540	3233	0.293809
small_SRR7963242	SE	1	11	20	307	7	3772416244	3773645164	1228920	3234	0.176758
small_SRR7963242	SE	1	11	21	285	9	3745382664	3746611204	1228540	3233	0.216092
small_SRR7963242	SE	1	11	22	287	11	3747840124	3749069044	1228920	3234	0.236147
small_SRR7963242	SE	1	11	23	300	0	3763814564	3765043484	1228920	3234	0.26542
