[M::main_mem] mean insert size: 170.000, stddev: 80.000, max: 500, min: 1
[MPI input] mode=dynamic chunks=307 bytes_per_cg=19660800 cg_count=1 chunk_bytes=19660800 micro_chunk_bytes=4915200 fine_chunk_bytes=1228800 tail_percent=10 fine_tail_waves=2 file_bytes=3499281348 scheduler=distributed read_index=exact
malloc bwt->bwt 3107576584, 0x500008804020
malloc bwt->bwt 3107576584, 0x500008804020
malloc bwt->bwt 3107576584, 0x500008804020
malloc bwt->bwt 3107576584, 0x500008804020
malloc bwt->bwt 3107576584, 0x500008804020
malloc bwt->bwt 3107576584, 0x500008804020
malloc bwt->bwt 3107576584, 0x500008804020
malloc bwt->bwt 3107576584, 0x500008804020
malloc bwt->bwt 3107576584, 0x500008804020
malloc bwt->bwt 3107576584, 0x500008804020
malloc bwt->bwt 3107576584, 0x500008804020
malloc bwt->bwt 3107576584, 0x500008804020
malloc bwt->sa 1553788264, 0x5000c1ba1b40
malloc bwt->sa 1553788264, 0x5000c1ba1b40
malloc bwt->sa 1553788264, 0x5000c1ba1b40
malloc bwt->sa 1553788264, 0x5000c1ba1b40
malloc bwt->sa 1553788264, 0x5000c1ba1b40
malloc bwt->sa 1553788264, 0x5000c1ba1b40
malloc bwt->sa 1553788264, 0x5000c1ba1b40
malloc bwt->sa 1553788264, 0x5000c1ba1b40
malloc bwt->sa 1553788264, 0x5000c1ba1b40
malloc bwt->sa 1553788264, 0x5000c1ba1b40
malloc bwt->sa 1553788264, 0x5000c1ba1b40
malloc bwt->sa 1553788264, 0x5000c1ba1b40
[M::bwa_idx_load_from_disk] read 0 ALT contigs
[M::bwa_idx_load_from_disk] read 0 ALT contigs
[M::bwa_idx_load_from_disk] read 0 ALT contigs
[M::bwa_idx_load_from_disk] read 0 ALT contigs
[M::bwa_idx_load_from_disk] read 0 ALT contigs
[M::bwa_idx_load_from_disk] read 0 ALT contigs
[M::bwa_idx_load_from_disk] read 0 ALT contigs
[M::bwa_idx_load_from_disk] read 0 ALT contigs
[M::bwa_idx_load_from_disk] read 0 ALT contigs
[M::bwa_idx_load_from_disk] read 0 ALT contigs
[M::bwa_idx_load_from_disk] read 0 ALT contigs
[M::bwa_idx_load_from_disk] read 0 ALT contigs
malloc pac 776894131, 0x50011e5708c0
malloc pac 776894131, 0x50011e5708c0
malloc pac 776894131, 0x50011e5708c0
malloc pac 776894131, 0x50011e5708c0
malloc pac 776894131, 0x50011e5708c0
malloc pac 776894131, 0x50011e5708c0
malloc pac 776894131, 0x50011e5708c0
malloc pac 776894131, 0x50011e5708c0
malloc pac 776894131, 0x50011e5708c0
malloc pac 776894131, 0x50011e5708c0
malloc pac 776894131, 0x50011e5708c0
malloc pac 776894131, 0x50011e5708c0
the input file is ../data/bwa_test_big_data/ERR1203383_1.fastq
[MPI rank 000011/000012] output: (discard)
[MPI rank 000008/000012] output: (discard)
[MPI rank 000010/000012] output: (discard)
[MPI rank 000006/000012] output: (discard)
[MPI rank 000009/000012] output: (discard)
[MPI rank 000007/000012] output: (discard)
[MPI rank 000001/000012] output: (discard)
[MPI rank 000000/000012] output: (discard)
[MPI rank 000002/000012] output: (discard)
[MPI rank 000003/000012] output: (discard)
[MPI rank 000004/000012] output: (discard)
[MPI rank 000005/000012] output: (discard)
[M::process] read chunk (19660800 bytes/CG x 1 CGs, 19660976 bytes)...
[M::process] read chunk (19660800 bytes/CG x 1 CGs, 19660652 bytes)...
[M::process] read chunk (19660800 bytes/CG x 1 CGs, 19660928 bytes)...
[M::process] read chunk (19660800 bytes/CG x 1 CGs, 19660704 bytes)...
[M::process] read chunk (19660800 bytes/CG x 1 CGs, 19660928 bytes)...
[M::process] read chunk (19660800 bytes/CG x 1 CGs, 19660704 bytes)...
[M::process] read chunk (19660800 bytes/CG x 1 CGs, 19660928 bytes)...
[M::process] read chunk (19660800 bytes/CG x 1 CGs, 19660704 bytes)...
[M::process] read chunk (19660800 bytes/CG x 1 CGs, 19660704 bytes)...
[M::process] read chunk (19660800 bytes/CG x 1 CGs, 19660928 bytes)...
[M::process] read chunk (19660800 bytes/CG x 1 CGs, 19660704 bytes)...
[M::process] read chunk (19660800 bytes/CG x 1 CGs, 19660740 bytes)...
[DBG stage1] slow fread: R1 offset=0 requested=19660976 read=19660976 elapsed=1.125 s
[DBG stage1] slow fread: R1 offset=58982556 requested=19660704 read=19660704 elapsed=1.120 s
[DBG stage1] slow fread: R1 offset=39321628 requested=19660928 read=19660928 elapsed=1.227 s
[DBG stage1] slow fread: R1 offset=19660976 requested=19660652 read=19660652 elapsed=1.172 s
[DBG stage1] slow fread: R1 offset=78643260 requested=19660928 read=19660928 elapsed=1.166 s
[DBG stage1] slow fread: R1 offset=98304188 requested=19660704 read=19660704 elapsed=1.228 s
[M::mem_process_seqs_merge2] CPE FASTQ formatting done
[M::mem_process_seqs_merge2] CPE FASTQ formatting done
[M::mem_process_seqs_merge2] CPE FASTQ formatting done
[M::mem_process_seqs_merge2] CPE FASTQ formatting done
[M::mem_process_seqs_merge2] CPE FASTQ formatting done
[M::mem_process_seqs_merge2] CPE FASTQ formatting done
[M::mem_process_seqs_merge2] CPE FASTQ formatting done
[M::mem_process_seqs_merge2] CPE FASTQ formatting done
[M::mem_process_seqs_merge2] CPE FASTQ formatting done
[M::mem_process_seqs_merge2] CPE FASTQ formatting done
[M::mem_process_seqs_merge2] CPE FASTQ formatting done
[M::mem_process_seqs_merge2] CPE FASTQ formatting done
slave pre done
now n is 87772
processed 87772
[M::mem_process_seqs_merge2] Processed 87772 reads in 0.520 CPU sec, 1.311 real sec
slave pre done
now n is 87772
processed 87772
[M::mem_process_seqs_merge2] Processed 87772 reads in 0.530 CPU sec, 1.362 real sec
slave pre done
now n is 87771
processed 87771
[M::mem_process_seqs_merge2] Processed 87771 reads in 0.530 CPU sec, 1.257 real sec
slave pre done
now n is 87771
slave pre done
now n is 87771
slave pre done
now n is 86802
[M::process] read chunk (19660800 bytes/CG x 1 CGs, 19660896 bytes)...
processed 87771
[M::mem_process_seqs_merge2] Processed 87771 reads in 0.540 CPU sec, 1.332 real sec
processed 87771
[M::mem_process_seqs_merge2] Processed 87771 reads in 0.540 CPU sec, 1.333 real sec
processed 86802
[M::mem_process_seqs_merge2] Processed 86802 reads in 0.560 CPU sec, 1.275 real sec
slave pre done
now n is 89570
[M::process] read chunk (19660800 bytes/CG x 1 CGs, 19660668 bytes)...
processed 89570
[M::mem_process_seqs_merge2] Processed 89570 reads in 0.530 CPU sec, 1.302 real sec
slave pre done
now n is 87771
processed 87771
[M::mem_process_seqs_merge2] Processed 87771 reads in 0.530 CPU sec, 1.313 real sec
[M::process] read chunk (19660800 bytes/CG x 1 CGs, 19660668 bytes)...
[M::process] read chunk (19660800 bytes/CG x 1 CGs, 19660896 bytes)...
[M::process] read chunk (19660800 bytes/CG x 1 CGs, 19660668 bytes)...
[M::process] read chunk (19660800 bytes/CG x 1 CGs, 19660896 bytes)...
slave pre done
now n is 87772
processed 87772
[M::mem_process_seqs_merge2] Processed 87772 reads in 0.540 CPU sec, 1.247 real sec
slave pre done
now n is 87772
slave pre done
now n is 87957
processed 87772
[M::mem_process_seqs_merge2] Processed 87772 reads in 0.540 CPU sec, 1.293 real sec
[M::process] read chunk (19660800 bytes/CG x 1 CGs, 19660896 bytes)...
processed 87957
[M::mem_process_seqs_merge2] Processed 87957 reads in 0.540 CPU sec, 1.305 real sec
[M::process] read chunk (19660800 bytes/CG x 1 CGs, 19660668 bytes)...
slave pre done
now n is 87771
processed 87771
[M::mem_process_seqs_merge2] Processed 87771 reads in 0.540 CPU sec, 1.319 real sec
[M::process] read chunk (19660800 bytes/CG x 1 CGs, 19660896 bytes)...
[M::process] read chunk (19660800 bytes/CG x 1 CGs, 19660668 bytes)...
[M::process] read chunk (19660800 bytes/CG x 1 CGs, 19660896 bytes)...
[M::process] read chunk (19660800 bytes/CG x 1 CGs, 19660896 bytes)...
[M::mem_process_seqs_merge2] CPE FASTQ formatting done
[M::mem_process_seqs_merge2] CPE FASTQ formatting done
[M::mem_process_seqs_merge2] CPE FASTQ formatting done
[M::mem_process_seqs_merge2] CPE FASTQ formatting done
[M::mem_process_seqs_merge2] CPE FASTQ formatting done
[M::mem_process_seqs_merge2] CPE FASTQ formatting done
[M::mem_process_seqs_merge2] CPE FASTQ formatting done
[M::mem_process_seqs_merge2] CPE FASTQ formatting done
[M::mem_process_seqs_merge2] CPE FASTQ formatting done
[M::mem_process_seqs_merge2] CPE FASTQ formatting done
[M::mem_process_seqs_merge2] CPE FASTQ formatting done
[M::mem_process_seqs_merge2] CPE FASTQ formatting done
slave pre done
now n is 86232
processed 86232
[M::mem_process_seqs_merge2] Processed 86232 reads in 0.040 CPU sec, 0.817 real sec
[M::process] read chunk (19660800 bytes/CG x 1 CGs, 19660668 bytes)...
slave pre done
now n is 86231
processed 86231
[M::mem_process_seqs_merge2] Processed 86231 reads in 0.010 CPU sec, 0.829 real sec
slave pre done
now n is 86232
processed 86232
[M::mem_process_seqs_merge2] Processed 86232 reads in 0.030 CPU sec, 0.768 real sec
[M::process] read chunk (19660800 bytes/CG x 1 CGs, 19660896 bytes)...
slave pre done
now n is 86232
processed 86232
[M::mem_process_seqs_merge2] Processed 86232 reads in 0.030 CPU sec, 0.794 real sec
slave pre done
now n is 86231
slave pre done
now n is 86231
processed 86231
[M::mem_process_seqs_merge2] Processed 86231 reads in 0.020 CPU sec, 0.837 real sec
processed 86231
[M::mem_process_seqs_merge2] Processed 86231 reads in 0.010 CPU sec, 0.822 real sec
slave pre done
now n is 86231
slave pre done
now n is 86232
processed 86231
[M::mem_process_seqs_merge2] Processed 86231 reads in 0.030 CPU sec, 0.875 real sec
[M::mem_process_seqs_merge2] CPE FASTQ formatting done
processed 86232
[M::mem_process_seqs_merge2] Processed 86232 reads in 0.010 CPU sec, 0.798 real sec
[M::process] read chunk (19660800 bytes/CG x 1 CGs, 19660668 bytes)...
[M::process] read chunk (19660800 bytes/CG x 1 CGs, 19660896 bytes)...
slave pre done
now n is 86232
[M::process] read chunk (19660800 bytes/CG x 1 CGs, 19660896 bytes)...
[M::process] read chunk (19660800 bytes/CG x 1 CGs, 19660896 bytes)...
processed 86232
[M::mem_process_seqs_merge2] Processed 86232 reads in 0.030 CPU sec, 0.766 real sec
slave pre done
now n is 86232
processed 86232
[M::mem_process_seqs_merge2] Processed 86232 reads in 0.020 CPU sec, 0.773 real sec
[M::process] read chunk (19660800 bytes/CG x 1 CGs, 19660896 bytes)...
[M::mem_process_seqs_merge2] CPE FASTQ formatting done
slave pre done
now n is 86231
[M::process] read chunk (19660800 bytes/CG x 1 CGs, 19660668 bytes)...
processed 86231
[M::mem_process_seqs_merge2] Processed 86231 reads in 0.020 CPU sec, 0.813 real sec
slave pre done
now n is 86232
processed 86232
[M::mem_process_seqs_merge2] Processed 86232 reads in 0.020 CPU sec, 0.795 real sec
[M::process] read chunk (19660800 bytes/CG x 1 CGs, 19660668 bytes)...
[M::process] read chunk (19660800 bytes/CG x 1 CGs, 19660668 bytes)...
[M::process] read chunk (19660800 bytes/CG x 1 CGs, 19660896 bytes)...
[M::process] read chunk (19660800 bytes/CG x 1 CGs, 19660896 bytes)...
[M::mem_process_seqs_merge2] CPE FASTQ formatting done
[M::mem_process_seqs_merge2] CPE FASTQ formatting done
[M::mem_process_seqs_merge2] CPE FASTQ formatting done
slave pre done
now n is 86231
[M::mem_process_seqs_merge2] CPE FASTQ formatting done
[M::mem_process_seqs_merge2] CPE FASTQ formatting done
processed 86231
[M::mem_process_seqs_merge2] Processed 86231 reads in 0.030 CPU sec, 0.787 real sec
slave pre done
now n is 86232
processed 86232
[M::mem_process_seqs_merge2] Processed 86232 reads in 0.010 CPU sec, 0.713 real sec
[M::mem_process_seqs_merge2] CPE FASTQ formatting done
[M::mem_process_seqs_merge2] CPE FASTQ formatting done
[M::process] read chunk (19660800 bytes/CG x 1 CGs, 19660896 bytes)...
[M::mem_process_seqs_merge2] CPE FASTQ formatting done
[M::mem_process_seqs_merge2] CPE FASTQ formatting done
[M::process] read chunk (19660800 bytes/CG x 1 CGs, 19660668 bytes)...
[M::mem_process_seqs_merge2] CPE FASTQ formatting done
slave pre done
now n is 86232
processed 86232
[M::mem_process_seqs_merge2] Processed 86232 reads in 0.010 CPU sec, 0.769 real sec
[M::mem_process_seqs_merge2] CPE FASTQ formatting done
slave pre done
now n is 86232
processed 86232
[M::mem_process_seqs_merge2] Processed 86232 reads in 0.020 CPU sec, 0.730 real sec
slave pre done
now n is 86231
processed 86231
[M::mem_process_seqs_merge2] Processed 86231 reads in 0.030 CPU sec, 0.813 real sec
[M::process] read chunk (19660800 bytes/CG x 1 CGs, 19660668 bytes)...
slave pre done
now n is 86232
processed 86232
[M::mem_process_seqs_merge2] Processed 86232 reads in 0.050 CPU sec, 0.796 real sec
[M::mem_process_seqs_merge2] CPE FASTQ formatting done
[M::process] read chunk (19660800 bytes/CG x 1 CGs, 19660668 bytes)...
slave pre done
now n is 86232
processed 86232
[M::mem_process_seqs_merge2] Processed 86232 reads in 0.030 CPU sec, 0.905 real sec
[M::process] read chunk (19660800 bytes/CG x 1 CGs, 19660896 bytes)...
slave pre done
now n is 86231
slave pre done
now n is 86231
processed 86231
[M::mem_process_seqs_merge2] Processed 86231 reads in 0.010 CPU sec, 0.813 real sec
processed 86231
[M::mem_process_seqs_merge2] Processed 86231 reads in 0.020 CPU sec, 0.796 real sec
[M::process] read chunk (19660800 bytes/CG x 1 CGs, 19660896 bytes)...
slave pre done
now n is 86231
processed 86231
[M::mem_process_seqs_merge2] Processed 86231 reads in 0.030 CPU sec, 0.821 real sec
slave pre done
now n is 86232
[M::process] read chunk (19660800 bytes/CG x 1 CGs, 19660668 bytes)...
[M::mem_process_seqs_merge2] CPE FASTQ formatting done
slave pre done
now n is 86232
processed 86232
[M::mem_process_seqs_merge2] Processed 86232 reads in 0.020 CPU sec, 0.758 real sec
processed 86232
[M::mem_process_seqs_merge2] Processed 86232 reads in 0.020 CPU sec, 0.744 real sec
[M::process] read chunk (19660800 bytes/CG x 1 CGs, 19660896 bytes)...
[M::process] read chunk (19660800 bytes/CG x 1 CGs, 19660896 bytes)...
[M::mem_process_seqs_merge2] CPE FASTQ formatting done
[M::process] read chunk (19660800 bytes/CG x 1 CGs, 19660668 bytes)...
[M::process] read chunk (19660800 bytes/CG x 1 CGs, 19660896 bytes)...
[M::process] read chunk (19660800 bytes/CG x 1 CGs, 19660896 bytes)...
slave pre done
now n is 86232
processed 86232
[M::mem_process_seqs_merge2] Processed 86232 reads in 0.050 CPU sec, 0.763 real sec
[M::mem_process_seqs_merge2] CPE FASTQ formatting done
[M::mem_process_seqs_merge2] CPE FASTQ formatting done
[M::process] read chunk (19660800 bytes/CG x 1 CGs, 19660668 bytes)...
slave pre done
now n is 86231
processed 86231
[M::mem_process_seqs_merge2] Processed 86231 reads in 0.010 CPU sec, 0.875 real sec
[M::mem_process_seqs_merge2] CPE FASTQ formatting done
[M::mem_process_seqs_merge2] CPE FASTQ formatting done
[M::process] read chunk (19660800 bytes/CG x 1 CGs, 19660896 bytes)...
[M::mem_process_seqs_merge2] CPE FASTQ formatting done
[M::mem_process_seqs_merge2] CPE FASTQ formatting done
slave pre done
now n is 86231
processed 86231
[M::mem_process_seqs_merge2] Processed 86231 reads in 0.020 CPU sec, 0.856 real sec
[M::mem_process_seqs_merge2] CPE FASTQ formatting done
[M::mem_process_seqs_merge2] CPE FASTQ formatting done
slave pre done
now n is 86231
processed 86231
[M::mem_process_seqs_merge2] Processed 86231 reads in 0.020 CPU sec, 0.810 real sec
[M::mem_process_seqs_merge2] CPE FASTQ formatting done
[M::process] read chunk (19660800 bytes/CG x 1 CGs, 19660896 bytes)...
[M::process] read chunk (19660800 bytes/CG x 1 CGs, 19660896 bytes)...
[M::mem_process_seqs_merge2] CPE FASTQ formatting done
slave pre done
now n is 86232
slave pre done
now n is 86232
processed 86232
[M::mem_process_seqs_merge2] Processed 86232 reads in 0.020 CPU sec, 0.812 real sec
processed 86232
[M::mem_process_seqs_merge2] Processed 86232 reads in 0.100 CPU sec, 0.898 real sec
[M::mem_process_seqs_merge2] CPE FASTQ formatting done
[M::mem_process_seqs_merge2] CPE FASTQ formatting done
[M::process] read chunk (19660800 bytes/CG x 1 CGs, 19660668 bytes)...
[M::process] read chunk (19660800 bytes/CG x 1 CGs, 19660896 bytes)...
slave pre done
now n is 86232
slave pre done
now n is 86231
processed 86232
[M::mem_process_seqs_merge2] Processed 86232 reads in 0.020 CPU sec, 0.867 real sec
processed 86231
[M::mem_process_seqs_merge2] Processed 86231 reads in 0.020 CPU sec, 0.867 real sec
slave pre done
now n is 86232
processed 86232
[M::mem_process_seqs_merge2] Processed 86232 reads in 0.020 CPU sec, 0.810 real sec
slave pre done
now n is 86232
processed 86232
[M::mem_process_seqs_merge2] Processed 86232 reads in 0.030 CPU sec, 0.846 real sec
[M::process] read chunk (19660800 bytes/CG x 1 CGs, 19660668 bytes)...
slave pre done
now n is 86232
[M::process] read chunk (19660800 bytes/CG x 1 CGs, 19660896 bytes)...
slave pre done
now n is 86231
processed 86232
[M::mem_process_seqs_merge2] Processed 86232 reads in 0.020 CPU sec, 0.830 real sec
processed 86231
[M::mem_process_seqs_merge2] Processed 86231 reads in 0.020 CPU sec, 0.852 real sec
[M::process] read chunk (19660800 bytes/CG x 1 CGs, 19660668 bytes)...
slave pre done
now n is 86231
[M::process] read chunk (19660800 bytes/CG x 1 CGs, 19660896 bytes)...
processed 86231
[M::mem_process_seqs_merge2] Processed 86231 reads in 0.030 CPU sec, 0.846 real sec
slave pre done
now n is 86232
processed 86232
[M::mem_process_seqs_merge2] Processed 86232 reads in 0.030 CPU sec, 0.741 real sec
[M::process] read chunk (19660800 bytes/CG x 1 CGs, 19660896 bytes)...
[M::process] read chunk (19660800 bytes/CG x 1 CGs, 19660668 bytes)...
[M::mem_process_seqs_merge2] CPE FASTQ formatting done
[M::process] read chunk (19660800 bytes/CG x 1 CGs, 19660668 bytes)...
[M::mem_process_seqs_merge2] CPE FASTQ formatting done
[M::process] read chunk (19660800 bytes/CG x 1 CGs, 19660896 bytes)...
[M::mem_process_seqs_merge2] CPE FASTQ formatting done
slave pre done
now n is 86232
[M::mem_process_seqs_merge2] CPE FASTQ formatting done
processed 86232
[M::mem_process_seqs_merge2] Processed 86232 reads in 0.020 CPU sec, 0.842 real sec
slave pre done
now n is 86232
processed 86232
[M::mem_process_seqs_merge2] Processed 86232 reads in 0.020 CPU sec, 0.838 real sec
[M::process] read chunk (19660800 bytes/CG x 1 CGs, 19660668 bytes)...
[M::process] read chunk (19660800 bytes/CG x 1 CGs, 19660668 bytes)...
[M::mem_process_seqs_merge2] CPE FASTQ formatting done
[M::mem_process_seqs_merge2] CPE FASTQ formatting done
[M::mem_process_seqs_merge2] CPE FASTQ formatting done
[M::mem_process_seqs_merge2] CPE FASTQ formatting done
[M::mem_process_seqs_merge2] CPE FASTQ formatting done
[M::mem_process_seqs_merge2] CPE FASTQ formatting done
slave pre done
now n is 86232
processed 86232
[M::mem_process_seqs_merge2] Processed 86232 reads in 0.030 CPU sec, 0.847 real sec
slave pre done
now n is 86231
[M::mem_process_seqs_merge2] CPE FASTQ formatting done
slave pre done
now n is 86231
processed 86231
[M::mem_process_seqs_merge2] Processed 86231 reads in 0.030 CPU sec, 0.782 real sec
processed 86231
[M::mem_process_seqs_merge2] Processed 86231 reads in 0.040 CPU sec, 0.871 real sec
[M::mem_process_seqs_merge2] CPE FASTQ formatting done
slave pre done
now n is 86232
processed 86232
[M::mem_process_seqs_merge2] Processed 86232 reads in 0.030 CPU sec, 0.846 real sec
[M::process] read chunk (19660800 bytes/CG x 1 CGs, 19660896 bytes)...
[M::process] read chunk (19660800 bytes/CG x 1 CGs, 19660896 bytes)...
[M::process] read chunk (19660800 bytes/CG x 1 CGs, 19660896 bytes)...
[M::process] read chunk (19660800 bytes/CG x 1 CGs, 19660668 bytes)...
slave pre done
now n is 86232
processed 86232
[M::mem_process_seqs_merge2] Processed 86232 reads in 0.020 CPU sec, 0.801 real sec
[M::mem_process_seqs_merge2] CPE FASTQ formatting done
slave pre done
now n is 86231
processed 86231
[M::mem_process_seqs_merge2] Processed 86231 reads in 0.020 CPU sec, 0.748 real sec
slave pre done
now n is 86231
[M::mem_process_seqs_merge2] CPE FASTQ formatting done
processed 86231
[M::mem_process_seqs_merge2] Processed 86231 reads in 0.020 CPU sec, 0.716 real sec
[M::process] read chunk (19660800 bytes/CG x 1 CGs, 19660896 bytes)...
[M::mem_process_seqs_merge2] CPE FASTQ formatting done
slave pre done
now n is 86232
processed 86232
[M::mem_process_seqs_merge2] Processed 86232 reads in 0.020 CPU sec, 0.804 real sec
[M::process] read chunk (19660800 bytes/CG x 1 CGs, 19660896 bytes)...
slave pre done
now n is 86232
slave pre done
now n is 86231
processed 86232
[M::mem_process_seqs_merge2] Processed 86232 reads in 0.010 CPU sec, 0.778 real sec
[M::mem_process_seqs_merge2] CPE FASTQ formatting done
processed 86231
[M::mem_process_seqs_merge2] Processed 86231 reads in 0.010 CPU sec, 0.816 real sec
[M::process] read chunk (19660800 bytes/CG x 1 CGs, 19660896 bytes)...
slave pre done
now n is 86231
[M::process] read chunk (19660800 bytes/CG x 1 CGs, 19660668 bytes)...
slave pre done
now n is 86231
processed 86231
[M::mem_process_seqs_merge2] Processed 86231 reads in 0.010 CPU sec, 0.786 real sec
processed 86231
[M::mem_process_seqs_merge2] Processed 86231 reads in 0.020 CPU sec, 0.820 real sec
[M::process] read chunk (19660800 bytes/CG x 1 CGs, 19660896 bytes)...
[M::process] read chunk (19660800 bytes/CG x 1 CGs, 19660896 bytes)...
[M::process] read chunk (19660800 bytes/CG x 1 CGs, 19660896 bytes)...
[M::process] read chunk (19660800 bytes/CG x 1 CGs, 19660896 bytes)...
[M::mem_process_seqs_merge2] CPE FASTQ formatting done
slave pre done
now n is 86232
slave pre done
now n is 86232
[M::mem_process_seqs_merge2] CPE FASTQ formatting done
processed 86232
[M::mem_process_seqs_merge2] Processed 86232 reads in 0.050 CPU sec, 0.839 real sec
processed 86232
[M::mem_process_seqs_merge2] Processed 86232 reads in 0.040 CPU sec, 0.797 real sec
slave pre done
now n is 86232
processed 86232
[M::mem_process_seqs_merge2] Processed 86232 reads in 0.020 CPU sec, 1.002 real sec
[M::mem_process_seqs_merge2] CPE FASTQ formatting done
[M::mem_process_seqs_merge2] CPE FASTQ formatting done
slave pre done
now n is 86231
[M::mem_process_seqs_merge2] CPE FASTQ formatting done
processed 86231
[M::mem_process_seqs_merge2] Processed 86231 reads in 0.060 CPU sec, 0.807 real sec
[M::process] read chunk (19660800 bytes/CG x 1 CGs, 19660668 bytes)...
[M::mem_process_seqs_merge2] CPE FASTQ formatting done
[M::process] read chunk (19660800 bytes/CG x 1 CGs, 19660668 bytes)...
[M::mem_process_seqs_merge2] CPE FASTQ formatting done
[M::process] read chunk (19660800 bytes/CG x 1 CGs, 19660668 bytes)...
[M::process] read chunk (19660800 bytes/CG x 1 CGs, 19660896 bytes)...
[M::mem_process_seqs_merge2] CPE FASTQ formatting done
slave pre done
now n is 86232
processed 86232
[M::mem_process_seqs_merge2] Processed 86232 reads in 0.030 CPU sec, 0.806 real sec
[M::mem_process_seqs_merge2] CPE FASTQ formatting done
[M::process] read chunk (19660800 bytes/CG x 1 CGs, 19660896 bytes)...
[M::mem_process_seqs_merge2] CPE FASTQ formatting done
[M::mem_process_seqs_merge2] CPE FASTQ formatting done
slave pre done
now n is 86232
[M::mem_process_seqs_merge2] CPE FASTQ formatting done
slave pre done
now n is 86232
processed 86232
[M::mem_process_seqs_merge2] Processed 86232 reads in 0.030 CPU sec, 0.852 real sec
processed 86232
[M::mem_process_seqs_merge2] Processed 86232 reads in 0.040 CPU sec, 0.801 real sec
slave pre done
now n is 86232
processed 86232
[M::mem_process_seqs_merge2] Processed 86232 reads in 0.010 CPU sec, 0.793 real sec
slave pre done
now n is 86231
[M::mem_process_seqs_merge2] CPE FASTQ formatting done
processed 86231
[M::mem_process_seqs_merge2] Processed 86231 reads in 0.040 CPU sec, 0.919 real sec
[M::process] read chunk (19660800 bytes/CG x 1 CGs, 19660668 bytes)...
[M::process] read chunk (19660800 bytes/CG x 1 CGs, 19660668 bytes)...
[M::process] read chunk (19660800 bytes/CG x 1 CGs, 19660668 bytes)...
slave pre done
now n is 86232
processed 86232
[M::mem_process_seqs_merge2] Processed 86232 reads in 0.010 CPU sec, 0.885 real sec
[M::process] read chunk (19660800 bytes/CG x 1 CGs, 19660896 bytes)...
slave pre done
now n is 86231
processed 86231
[M::mem_process_seqs_merge2] Processed 86231 reads in 0.020 CPU sec, 0.819 real sec
slave pre done
now n is 86232
[M::process] read chunk (19660800 bytes/CG x 1 CGs, 19660896 bytes)...
processed 86232
[M::mem_process_seqs_merge2] Processed 86232 reads in 0.060 CPU sec, 1.113 real sec
[M::mem_process_seqs_merge2] CPE FASTQ formatting done
slave pre done
now n is 86232
processed 86232
[M::mem_process_seqs_merge2] Processed 86232 reads in 0.040 CPU sec, 0.855 real sec
[M::mem_process_seqs_merge2] CPE FASTQ formatting done
[M::process] read chunk (19660800 bytes/CG x 1 CGs, 19660896 bytes)...
[M::process] read chunk (19660800 bytes/CG x 1 CGs, 19660896 bytes)...
slave pre done
now n is 86231
processed 86231
[M::mem_process_seqs_merge2] Processed 86231 reads in 0.040 CPU sec, 0.818 real sec
[M::process] read chunk (19660800 bytes/CG x 1 CGs, 19660668 bytes)...
[M::mem_process_seqs_merge2] CPE FASTQ formatting done
slave pre done
now n is 86231
processed 86231
[M::mem_process_seqs_merge2] Processed 86231 reads in 0.030 CPU sec, 0.893 real sec
slave pre done
now n is 86232
processed 86232
[M::mem_process_seqs_merge2] Processed 86232 reads in 0.040 CPU sec, 0.812 real sec
[M::process] read chunk (19660800 bytes/CG x 1 CGs, 19660896 bytes)...
[M::mem_process_seqs_merge2] CPE FASTQ formatting done
slave pre done
now n is 86232
[M::process] read chunk (19660800 bytes/CG x 1 CGs, 19660896 bytes)...
[M::process] read chunk (19660800 bytes/CG x 1 CGs, 19660668 bytes)...
processed 86232
[M::mem_process_seqs_merge2] Processed 86232 reads in 0.030 CPU sec, 0.794 real sec
[M::mem_process_seqs_merge2] CPE FASTQ formatting done
[M::mem_process_seqs_merge2] CPE FASTQ formatting done
[M::process] read chunk (19660800 bytes/CG x 1 CGs, 19660668 bytes)...
[M::mem_process_seqs_merge2] CPE FASTQ formatting done
slave pre done
now n is 86231
processed 86231
[M::mem_process_seqs_merge2] Processed 86231 reads in 0.010 CPU sec, 0.718 real sec
[M::mem_process_seqs_merge2] CPE FASTQ formatting done
slave pre done
now n is 86231
processed 86231
[M::mem_process_seqs_merge2] Processed 86231 reads in 0.020 CPU sec, 0.769 real sec
slave pre done
now n is 86231
processed 86231
[M::mem_process_seqs_merge2] Processed 86231 reads in 0.010 CPU sec, 0.776 real sec
[M::mem_process_seqs_merge2] CPE FASTQ formatting done
[M::process] read chunk (19660800 bytes/CG x 1 CGs, 19660896 bytes)...
[M::process] read chunk (19660800 bytes/CG x 1 CGs, 19660896 bytes)...
[M::mem_process_seqs_merge2] CPE FASTQ formatting done
[M::mem_process_seqs_merge2] CPE FASTQ formatting done
[M::process] read chunk (19660800 bytes/CG x 1 CGs, 19660896 bytes)...
slave pre done
now n is 86232
[M::mem_process_seqs_merge2] CPE FASTQ formatting done
processed 86232
[M::mem_process_seqs_merge2] Processed 86232 reads in 0.020 CPU sec, 0.844 real sec
slave pre done
now n is 86232
slave pre done
now n is 86232
processed 86232
[M::mem_process_seqs_merge2] Processed 86232 reads in 0.040 CPU sec, 0.752 real sec
processed 86232
[M::mem_process_seqs_merge2] Processed 86232 reads in 0.020 CPU sec, 0.744 real sec
[M::mem_process_seqs_merge2] CPE FASTQ formatting done
[M::mem_process_seqs_merge2] CPE FASTQ formatting done
[M::process] read chunk (19660800 bytes/CG x 1 CGs, 19660668 bytes)...
[M::process] read chunk (19660800 bytes/CG x 1 CGs, 19660668 bytes)...
[M::process] read chunk (19660800 bytes/CG x 1 CGs, 19660896 bytes)...
slave pre done
now n is 86232
processed 86232
[M::mem_process_seqs_merge2] Processed 86232 reads in 0.010 CPU sec, 0.855 real sec
[M::mem_process_seqs_merge2] CPE FASTQ formatting done
slave pre done
now n is 86232
processed 86232
[M::mem_process_seqs_merge2] Processed 86232 reads in 0.050 CPU sec, 0.821 real sec
[M::process] read chunk (19660800 bytes/CG x 1 CGs, 19660896 bytes)...
[M::process] read chunk (19660800 bytes/CG x 1 CGs, 19660668 bytes)...
slave pre done
now n is 86231
processed 86231
[M::mem_process_seqs_merge2] Processed 86231 reads in 0.030 CPU sec, 0.812 real sec
slave pre done
now n is 86231
processed 86231
[M::mem_process_seqs_merge2] Processed 86231 reads in 0.020 CPU sec, 0.800 real sec
slave pre done
now n is 86232
processed 86232
[M::mem_process_seqs_merge2] Processed 86232 reads in 0.020 CPU sec, 0.772 real sec
[M::mem_process_seqs_merge2] CPE FASTQ formatting done
[M::process] read chunk (19660800 bytes/CG x 1 CGs, 19660896 bytes)...
slave pre done
now n is 86232
processed 86232
[M::mem_process_seqs_merge2] Processed 86232 reads in 0.020 CPU sec, 0.692 real sec
slave pre done
now n is 86231
[M::process] read chunk (19660800 bytes/CG x 1 CGs, 19660668 bytes)...
processed 86231
[M::mem_process_seqs_merge2] Processed 86231 reads in 0.030 CPU sec, 0.881 real sec
slave pre done
now n is 86232
[M::process] read chunk (19660800 bytes/CG x 1 CGs, 19660896 bytes)...
processed 86232
[M::mem_process_seqs_merge2] Processed 86232 reads in 0.040 CPU sec, 0.759 real sec
[M::process] read chunk (19660800 bytes/CG x 1 CGs, 19660668 bytes)...
[M::mem_process_seqs_merge2] CPE FASTQ formatting done
[M::process] read chunk (19660800 bytes/CG x 1 CGs, 19660896 bytes)...
slave pre done
now n is 86232
processed 86232
[M::mem_process_seqs_merge2] Processed 86232 reads in 0.010 CPU sec, 0.765 real sec
[M::mem_process_seqs_merge2] CPE FASTQ formatting done
[M::mem_process_seqs_merge2] CPE FASTQ formatting done
[M::process] read chunk (19660800 bytes/CG x 1 CGs, 19660668 bytes)...
[M::process] read chunk (19660800 bytes/CG x 1 CGs, 19660668 bytes)...
[M::mem_process_seqs_merge2] CPE FASTQ formatting done
[M::mem_process_seqs_merge2] CPE FASTQ formatting done
[M::mem_process_seqs_merge2] CPE FASTQ formatting done
slave pre done
now n is 86231
processed 86231
[M::mem_process_seqs_merge2] Processed 86231 reads in 0.030 CPU sec, 0.845 real sec
[M::mem_process_seqs_merge2] CPE FASTQ formatting done
[M::mem_process_seqs_merge2] CPE FASTQ formatting done
[M::process] read chunk (19660800 bytes/CG x 1 CGs, 19660896 bytes)...
[M::mem_process_seqs_merge2] CPE FASTQ formatting done
[M::mem_process_seqs_merge2] CPE FASTQ formatting done
[M::mem_process_seqs_merge2] CPE FASTQ formatting done
slave pre done
now n is 86232
slave pre done
now n is 86231
processed 86232
[M::mem_process_seqs_merge2] Processed 86232 reads in 0.030 CPU sec, 0.794 real sec
processed 86231
[M::mem_process_seqs_merge2] Processed 86231 reads in 0.020 CPU sec, 0.750 real sec
[M::mem_process_seqs_merge2] CPE FASTQ formatting done
slave pre done
now n is 86231
processed 86231
[M::mem_process_seqs_merge2] Processed 86231 reads in 0.050 CPU sec, 0.781 real sec
[M::process] read chunk (19660800 bytes/CG x 1 CGs, 19660668 bytes)...
slave pre done
now n is 86232
[M::process] read chunk (19660800 bytes/CG x 1 CGs, 19660896 bytes)...
processed 86232
[M::mem_process_seqs_merge2] Processed 86232 reads in 0.010 CPU sec, 0.729 real sec
[M::process] read chunk (19660800 bytes/CG x 1 CGs, 19660840 bytes)...
slave pre done
now n is 86231
slave pre done
now n is 86232
processed 86231
[M::mem_process_seqs_merge2] Processed 86231 reads in 0.040 CPU sec, 0.734 real sec
processed 86232
[M::mem_process_seqs_merge2] Processed 86232 reads in 0.020 CPU sec, 0.784 real sec
[M::process] read chunk (19660800 bytes/CG x 1 CGs, 19660896 bytes)...
[M::process] read chunk (19660800 bytes/CG x 1 CGs, 19660776 bytes)...
[M::process] read chunk (19660800 bytes/CG x 1 CGs, 19660668 bytes)...
[M::mem_process_seqs_merge2] CPE FASTQ formatting done
[M::mem_process_seqs_merge2] CPE FASTQ formatting done
slave pre done
now n is 86232
slave pre done
now n is 86231
processed 86231
[M::mem_process_seqs_merge2] Processed 86231 reads in 0.020 CPU sec, 0.754 real sec
processed 86232
[M::mem_process_seqs_merge2] Processed 86232 reads in 0.010 CPU sec, 0.768 real sec
slave pre done
now n is 86231
slave pre done
now n is 86232
processed 86231
[M::mem_process_seqs_merge2] Processed 86231 reads in 0.020 CPU sec, 0.761 real sec
processed 86232
[M::mem_process_seqs_merge2] Processed 86232 reads in 0.020 CPU sec, 0.824 real sec
slave pre done
now n is 86231
processed 86231
[M::mem_process_seqs_merge2] Processed 86231 reads in 0.040 CPU sec, 0.802 real sec
[M::process] read chunk (19660800 bytes/CG x 1 CGs, 19660896 bytes)...
[M::process] read chunk (19660800 bytes/CG x 1 CGs, 19660896 bytes)...
[M::process] read chunk (19660800 bytes/CG x 1 CGs, 19660840 bytes)...
slave pre done
now n is 86232
[M::process] read chunk (19660800 bytes/CG x 1 CGs, 19660840 bytes)...
processed 86232
[M::mem_process_seqs_merge2] Processed 86232 reads in 0.020 CPU sec, 0.839 real sec
[M::process] read chunk (19660800 bytes/CG x 1 CGs, 19660840 bytes)...
[M::mem_process_seqs_merge2] CPE FASTQ formatting done
[M::mem_process_seqs_merge2] CPE FASTQ formatting done
[M::process] read chunk (19660800 bytes/CG x 1 CGs, 19660840 bytes)...
[M::mem_process_seqs_merge2] CPE FASTQ formatting done
slave pre done
now n is 86232
processed 86232
[M::mem_process_seqs_merge2] Processed 86232 reads in 0.020 CPU sec, 0.794 real sec
[M::mem_process_seqs_merge2] CPE FASTQ formatting done
[M::mem_process_seqs_merge2] CPE FASTQ formatting done
slave pre done
now n is 86231
processed 86231
[M::mem_process_seqs_merge2] Processed 86231 reads in 0.010 CPU sec, 0.836 real sec
[M::mem_process_seqs_merge2] CPE FASTQ formatting done
[M::process] read chunk (19660800 bytes/CG x 1 CGs, 19660840 bytes)...
[M::mem_process_seqs_merge2] CPE FASTQ formatting done
[M::mem_process_seqs_merge2] CPE FASTQ formatting done
[M::process] read chunk (19660800 bytes/CG x 1 CGs, 19660840 bytes)...
[M::mem_process_seqs_merge2] CPE FASTQ formatting done
[M::mem_process_seqs_merge2] CPE FASTQ formatting done
slave pre done
now n is 86232
processed 86232
[M::mem_process_seqs_merge2] Processed 86232 reads in 0.020 CPU sec, 0.794 real sec
slave pre done
now n is 85846
processed 85846
[M::mem_process_seqs_merge2] Processed 85846 reads in 0.040 CPU sec, 0.879 real sec
[M::process] read chunk (19660800 bytes/CG x 1 CGs, 19660840 bytes)...
slave pre done
now n is 84745
processed 84745
[M::mem_process_seqs_merge2] Processed 84745 reads in 0.020 CPU sec, 0.775 real sec
[M::process] read chunk (19660800 bytes/CG x 1 CGs, 19660840 bytes)...
[M::mem_process_seqs_merge2] CPE FASTQ formatting done
[M::mem_process_seqs_merge2] CPE FASTQ formatting done
slave pre done
now n is 86232
processed 86232
[M::mem_process_seqs_merge2] Processed 86232 reads in 0.020 CPU sec, 0.827 real sec
[M::process] read chunk (19660800 bytes/CG x 1 CGs, 19660608 bytes)...
slave pre done
now n is 86231
processed 86231
[M::mem_process_seqs_merge2] Processed 86231 reads in 0.040 CPU sec, 0.837 real sec
[M::mem_process_seqs_merge2] CPE FASTQ formatting done
slave pre done
now n is 84745
processed 84745
[M::mem_process_seqs_merge2] Processed 84745 reads in 0.020 CPU sec, 0.772 real sec
slave pre done
now n is 86232
slave pre done
now n is 84745
processed 86232
[M::mem_process_seqs_merge2] Processed 86232 reads in 0.030 CPU sec, 0.787 real sec
processed 84745
[M::mem_process_seqs_merge2] Processed 84745 reads in 0.010 CPU sec, 0.727 real sec
[M::process] read chunk (19660800 bytes/CG x 1 CGs, 19660608 bytes)...
slave pre done
now n is 84745
processed 84745
[M::mem_process_seqs_merge2] Processed 84745 reads in 0.020 CPU sec, 0.752 real sec
slave pre done
now n is 84745
processed 84745
[M::mem_process_seqs_merge2] Processed 84745 reads in 0.010 CPU sec, 0.856 real sec
[M::process] read chunk (19660800 bytes/CG x 1 CGs, 19660840 bytes)...
[M::mem_process_seqs_merge2] CPE FASTQ formatting done
[M::process] read chunk (19660800 bytes/CG x 1 CGs, 19660840 bytes)...
[M::mem_process_seqs_merge2] CPE FASTQ formatting done
[M::process] read chunk (19660800 bytes/CG x 1 CGs, 19660840 bytes)...
[M::process] read chunk (19660800 bytes/CG x 1 CGs, 19660608 bytes)...
[M::process] read chunk (19660800 bytes/CG x 1 CGs, 19660840 bytes)...
[M::process] read chunk (19660800 bytes/CG x 1 CGs, 19660608 bytes)...
[M::mem_process_seqs_merge2] CPE FASTQ formatting done
slave pre done
now n is 84745
processed 84745
[M::mem_process_seqs_merge2] Processed 84745 reads in 0.020 CPU sec, 0.784 real sec
slave pre done
now n is 84745
[M::mem_process_seqs_merge2] CPE FASTQ formatting done
processed 84745
[M::mem_process_seqs_merge2] Processed 84745 reads in 0.010 CPU sec, 0.790 real sec
slave pre done
now n is 84745
[M::process] read chunk (19660800 bytes/CG x 1 CGs, 19660840 bytes)...
processed 84745
[M::mem_process_seqs_merge2] Processed 84745 reads in 0.010 CPU sec, 0.762 real sec
[M::mem_process_seqs_merge2] CPE FASTQ formatting done
[M::process] read chunk (19660800 bytes/CG x 1 CGs, 19660840 bytes)...
[M::mem_process_seqs_merge2] CPE FASTQ formatting done
[M::mem_process_seqs_merge2] CPE FASTQ formatting done
[M::process] read chunk (19660800 bytes/CG x 1 CGs, 19660840 bytes)...
slave pre done
now n is 84745
processed 84745
[M::mem_process_seqs_merge2] Processed 84745 reads in 0.030 CPU sec, 0.777 real sec
[M::mem_process_seqs_merge2] CPE FASTQ formatting done
[M::mem_process_seqs_merge2] CPE FASTQ formatting done
slave pre done
now n is 84744
processed 84744
[M::mem_process_seqs_merge2] Processed 84744 reads in 0.030 CPU sec, 0.798 real sec
[M::process] read chunk (19660800 bytes/CG x 1 CGs, 19660840 bytes)...
[M::mem_process_seqs_merge2] CPE FASTQ formatting done
[M::process] read chunk (19660800 bytes/CG x 1 CGs, 19660840 bytes)...
slave pre done
now n is 84744
[M::mem_process_seqs_merge2] CPE FASTQ formatting done
processed 84744
[M::mem_process_seqs_merge2] Processed 84744 reads in 0.040 CPU sec, 0.770 real sec
slave pre done
now n is 84745
processed 84745
[M::mem_process_seqs_merge2] Processed 84745 reads in 0.030 CPU sec, 0.863 real sec
[M::mem_process_seqs_merge2] CPE FASTQ formatting done
[M::process] read chunk (19660800 bytes/CG x 1 CGs, 19660840 bytes)...
[M::mem_process_seqs_merge2] CPE FASTQ formatting done
slave pre done
now n is 84745
slave pre done
now n is 84744
processed 84745
[M::mem_process_seqs_merge2] Processed 84745 reads in 0.030 CPU sec, 0.784 real sec
processed 84744
[M::mem_process_seqs_merge2] Processed 84744 reads in 0.020 CPU sec, 0.801 real sec
[M::process] read chunk (19660800 bytes/CG x 1 CGs, 19660840 bytes)...
slave pre done
now n is 84745
slave pre done
now n is 84745
slave pre done
now n is 84744
processed 84745
[M::mem_process_seqs_merge2] Processed 84745 reads in 0.040 CPU sec, 0.670 real sec
processed 84745
[M::mem_process_seqs_merge2] Processed 84745 reads in 0.010 CPU sec, 0.857 real sec
processed 84744
[M::mem_process_seqs_merge2] Processed 84744 reads in 0.010 CPU sec, 0.718 real sec
[M::process] read chunk (19660800 bytes/CG x 1 CGs, 19660840 bytes)...
[M::process] read chunk (19660800 bytes/CG x 1 CGs, 19660840 bytes)...
[M::process] read chunk (19660800 bytes/CG x 1 CGs, 19660840 bytes)...
[M::process] read chunk (19660800 bytes/CG x 1 CGs, 19660608 bytes)...
[M::process] read chunk (19660800 bytes/CG x 1 CGs, 19660840 bytes)...
[M::mem_process_seqs_merge2] CPE FASTQ formatting done
slave pre done
now n is 84745
[M::mem_process_seqs_merge2] CPE FASTQ formatting done
processed 84745
[M::mem_process_seqs_merge2] Processed 84745 reads in 0.010 CPU sec, 0.758 real sec
slave pre done
now n is 84745
[M::mem_process_seqs_merge2] CPE FASTQ formatting done
processed 84745
[M::mem_process_seqs_merge2] Processed 84745 reads in 0.040 CPU sec, 0.748 real sec
[M::process] read chunk (19660800 bytes/CG x 1 CGs, 19660840 bytes)...
[M::process] read chunk (19660800 bytes/CG x 1 CGs, 19660840 bytes)...
slave pre done
now n is 84745
[M::mem_process_seqs_merge2] CPE FASTQ formatting done
processed 84745
[M::mem_process_seqs_merge2] Processed 84745 reads in 0.020 CPU sec, 0.771 real sec
slave pre done
now n is 84745
processed 84745
[M::mem_process_seqs_merge2] Processed 84745 reads in 0.040 CPU sec, 0.757 real sec
[M::mem_process_seqs_merge2] CPE FASTQ formatting done
[M::process] read chunk (19660800 bytes/CG x 1 CGs, 19660840 bytes)...
[M::process] read chunk (19660800 bytes/CG x 1 CGs, 19660840 bytes)...
[M::mem_process_seqs_merge2] CPE FASTQ formatting done
[M::mem_process_seqs_merge2] CPE FASTQ formatting done
slave pre done
now n is 84745
processed 84745
[M::mem_process_seqs_merge2] Processed 84745 reads in 0.020 CPU sec, 0.736 real sec
[M::mem_process_seqs_merge2] CPE FASTQ formatting done
slave pre done
now n is 84745
processed 84745
[M::mem_process_seqs_merge2] Processed 84745 reads in 0.060 CPU sec, 0.812 real sec
[M::mem_process_seqs_merge2] CPE FASTQ formatting done
slave pre done
now n is 84745
processed 84745
[M::mem_process_seqs_merge2] Processed 84745 reads in 0.020 CPU sec, 0.794 real sec
[M::mem_process_seqs_merge2] CPE FASTQ formatting done
[M::process] read chunk (19660800 bytes/CG x 1 CGs, 19660840 bytes)...
[M::process] read chunk (19660800 bytes/CG x 1 CGs, 19660840 bytes)...
[M::process] read chunk (19660800 bytes/CG x 1 CGs, 19660840 bytes)...
[M::mem_process_seqs_merge2] CPE FASTQ formatting done
slave pre done
now n is 84745
processed 84745
[M::mem_process_seqs_merge2] Processed 84745 reads in 0.020 CPU sec, 0.833 real sec
[M::mem_process_seqs_merge2] CPE FASTQ formatting done
slave pre done
now n is 84745
[M::mem_process_seqs_merge2] CPE FASTQ formatting done
processed 84745
[M::mem_process_seqs_merge2] Processed 84745 reads in 0.030 CPU sec, 0.773 real sec
[M::process] read chunk (19660800 bytes/CG x 1 CGs, 19660840 bytes)...
slave pre done
now n is 84744
processed 84744
[M::mem_process_seqs_merge2] Processed 84744 reads in 0.020 CPU sec, 0.769 real sec
[M::process] read chunk (19660800 bytes/CG x 1 CGs, 19660608 bytes)...
slave pre done
now n is 84745
[M::process] read chunk (19660800 bytes/CG x 1 CGs, 19660840 bytes)...
processed 84745
[M::mem_process_seqs_merge2] Processed 84745 reads in 0.010 CPU sec, 0.775 real sec
[M::mem_process_seqs_merge2] CPE FASTQ formatting done
[M::mem_process_seqs_merge2] CPE FASTQ formatting done
slave pre done
now n is 84745
slave pre done
now n is 84745
processed 84745
[M::mem_process_seqs_merge2] Processed 84745 reads in 0.020 CPU sec, 0.777 real sec
[M::mem_process_seqs_merge2] CPE FASTQ formatting done
processed 84745
[M::mem_process_seqs_merge2] Processed 84745 reads in 0.030 CPU sec, 0.823 real sec
[M::process] read chunk (19660800 bytes/CG x 1 CGs, 4915152 bytes)...
slave pre done
now n is 84745
[M::mem_process_seqs_merge2] CPE FASTQ formatting done
[M::mem_process_seqs_merge2] CPE FASTQ formatting done
processed 84745
[M::mem_process_seqs_merge2] Processed 84745 reads in 0.030 CPU sec, 0.821 real sec
[M::process] read chunk (19660800 bytes/CG x 1 CGs, 19660608 bytes)...
[M::process] read chunk (19660800 bytes/CG x 1 CGs, 4915152 bytes)...
[M::mem_process_seqs_merge2] CPE FASTQ formatting done
slave pre done
now n is 84745
[M::mem_process_seqs_merge2] CPE FASTQ formatting done
processed 84745
[M::mem_process_seqs_merge2] Processed 84745 reads in 0.030 CPU sec, 0.772 real sec
[M::process] read chunk (19660800 bytes/CG x 1 CGs, 19660840 bytes)...
slave pre done
now n is 84745
slave pre done
now n is 21186
processed 84745
[M::mem_process_seqs_merge2] Processed 84745 reads in 0.030 CPU sec, 0.904 real sec
processed 21186
[M::mem_process_seqs_merge2] Processed 21186 reads in 0.010 CPU sec, 0.258 real sec
slave pre done
now n is 84745
[M::process] read chunk (19660800 bytes/CG x 1 CGs, 4915384 bytes)...
processed 84745
[M::mem_process_seqs_merge2] Processed 84745 reads in 0.060 CPU sec, 0.827 real sec
[M::mem_process_seqs_merge2] CPE FASTQ formatting done
[M::process] read chunk (19660800 bytes/CG x 1 CGs, 4915152 bytes)...
slave pre done
now n is 21186
processed 21186
[M::mem_process_seqs_merge2] Processed 21186 reads in 0.010 CPU sec, 0.251 real sec
[M::mem_process_seqs_merge2] CPE FASTQ formatting done
[M::process] read chunk (19660800 bytes/CG x 1 CGs, 4915152 bytes)...
[M::process] read chunk (19660800 bytes/CG x 1 CGs, 4915152 bytes)...
slave pre done
now n is 84745
[M::process] read chunk (19660800 bytes/CG x 1 CGs, 4915384 bytes)...
slave pre done
now n is 84745
processed 84745
[M::mem_process_seqs_merge2] Processed 84745 reads in 0.020 CPU sec, 0.780 real sec
processed 84745
[M::mem_process_seqs_merge2] Processed 84745 reads in 0.020 CPU sec, 0.768 real sec
[M::mem_process_seqs_merge2] CPE FASTQ formatting done
slave pre done
now n is 84745
processed 84745
[M::mem_process_seqs_merge2] Processed 84745 reads in 0.010 CPU sec, 0.745 real sec
[M::mem_process_seqs_merge2] CPE FASTQ formatting done
[M::mem_process_seqs_merge2] CPE FASTQ formatting done
slave pre done
now n is 21187
processed 21187
[M::mem_process_seqs_merge2] Processed 21187 reads in 0.020 CPU sec, 0.243 real sec
[M::mem_process_seqs_merge2] CPE FASTQ formatting done
[M::mem_process_seqs_merge2] CPE FASTQ formatting done
[M::process] read chunk (19660800 bytes/CG x 1 CGs, 4915152 bytes)...
slave pre done
now n is 84745
[M::process] read chunk (19660800 bytes/CG x 1 CGs, 4915152 bytes)...
processed 84745
[M::mem_process_seqs_merge2] Processed 84745 reads in 0.020 CPU sec, 0.751 real sec
[M::process] read chunk (19660800 bytes/CG x 1 CGs, 4915152 bytes)...
[M::process] read chunk (19660800 bytes/CG x 1 CGs, 19660840 bytes)...
slave pre done
now n is 84744
slave pre done
now n is 21186
[M::mem_process_seqs_merge2] CPE FASTQ formatting done
processed 84744
[M::mem_process_seqs_merge2] Processed 84744 reads in 0.020 CPU sec, 0.763 real sec
processed 21186
[M::mem_process_seqs_merge2] Processed 21186 reads in 0.010 CPU sec, 0.256 real sec
slave pre done
now n is 21186
processed 21186
[M::mem_process_seqs_merge2] Processed 21186 reads in 0.010 CPU sec, 0.214 real sec
slave pre done
now n is 21186
processed 21186
[M::mem_process_seqs_merge2] Processed 21186 reads in 0.020 CPU sec, 0.243 real sec
[M::process] read chunk (19660800 bytes/CG x 1 CGs, 4915152 bytes)...
slave pre done
now n is 21187
[M::mem_process_seqs_merge2] CPE FASTQ formatting done
processed 21187
[M::mem_process_seqs_merge2] Processed 21187 reads in 0.010 CPU sec, 0.203 real sec
[M::process] read chunk (19660800 bytes/CG x 1 CGs, 4915152 bytes)...
[M::process] read chunk (19660800 bytes/CG x 1 CGs, 19660840 bytes)...
[M::process] read chunk (19660800 bytes/CG x 1 CGs, 4915152 bytes)...
slave pre done
now n is 21186
[M::process] read chunk (19660800 bytes/CG x 1 CGs, 4915152 bytes)...
processed 21186
[M::mem_process_seqs_merge2] Processed 21186 reads in 0.010 CPU sec, 0.206 real sec
[M::mem_process_seqs_merge2] CPE FASTQ formatting done
[M::process] read chunk (19660800 bytes/CG x 1 CGs, 4915152 bytes)...
[M::process] read chunk (19660800 bytes/CG x 1 CGs, 4915384 bytes)...
[M::mem_process_seqs_merge2] CPE FASTQ formatting done
[M::mem_process_seqs_merge2] CPE FASTQ formatting done
slave pre done
now n is 21186
[M::mem_process_seqs_merge2] CPE FASTQ formatting done
processed 21186
[M::mem_process_seqs_merge2] Processed 21186 reads in 0.010 CPU sec, 0.241 real sec
[M::mem_process_seqs_merge2] CPE FASTQ formatting done
[M::mem_process_seqs_merge2] CPE FASTQ formatting done
slave pre done
now n is 84744
processed 84744
[M::mem_process_seqs_merge2] Processed 84744 reads in 0.020 CPU sec, 0.774 real sec
[M::process] read chunk (19660800 bytes/CG x 1 CGs, 19660840 bytes)...
[M::mem_process_seqs_merge2] CPE FASTQ formatting done
[M::mem_process_seqs_merge2] CPE FASTQ formatting done
slave pre done
now n is 21186
slave pre done
now n is 21186
processed 21186
[M::mem_process_seqs_merge2] Processed 21186 reads in 0.010 CPU sec, 0.231 real sec
processed 21186
[M::mem_process_seqs_merge2] Processed 21186 reads in 0.020 CPU sec, 0.282 real sec
slave pre done
now n is 21187
slave pre done
now n is 21186
slave pre done
now n is 21186
processed 21187
[M::mem_process_seqs_merge2] Processed 21187 reads in 0.010 CPU sec, 0.231 real sec
processed 21186
[M::mem_process_seqs_merge2] Processed 21186 reads in 0.020 CPU sec, 0.235 real sec
processed 21186
[M::mem_process_seqs_merge2] Processed 21186 reads in 0.010 CPU sec, 0.193 real sec
slave pre done
now n is 21186
processed 21186
[M::mem_process_seqs_merge2] Processed 21186 reads in 0.010 CPU sec, 0.221 real sec
[M::process] read chunk (19660800 bytes/CG x 1 CGs, 4915152 bytes)...
[M::process] read chunk (19660800 bytes/CG x 1 CGs, 4915152 bytes)...
[M::process] read chunk (19660800 bytes/CG x 1 CGs, 4915152 bytes)...
[M::process] read chunk (19660800 bytes/CG x 1 CGs, 4915384 bytes)...
[M::process] read chunk (19660800 bytes/CG x 1 CGs, 4915152 bytes)...
[M::process] read chunk (19660800 bytes/CG x 1 CGs, 4915152 bytes)...
[M::process] read chunk (19660800 bytes/CG x 1 CGs, 4915384 bytes)...
slave pre done
now n is 84745
[M::mem_process_seqs_merge2] CPE FASTQ formatting done
processed 84745
[M::mem_process_seqs_merge2] Processed 84745 reads in 0.040 CPU sec, 0.778 real sec
[M::mem_process_seqs_merge2] CPE FASTQ formatting done
slave pre done
now n is 21186
processed 21186
[M::mem_process_seqs_merge2] Processed 21186 reads in 0.010 CPU sec, 0.218 real sec
[M::mem_process_seqs_merge2] CPE FASTQ formatting done
[M::mem_process_seqs_merge2] CPE FASTQ formatting done
[M::mem_process_seqs_merge2] CPE FASTQ formatting done
[M::process] read chunk (19660800 bytes/CG x 1 CGs, 4915152 bytes)...
[M::mem_process_seqs_merge2] CPE FASTQ formatting done
[M::mem_process_seqs_merge2] CPE FASTQ formatting done
[M::mem_process_seqs_merge2] CPE FASTQ formatting done
[M::mem_process_seqs_merge2] CPE FASTQ formatting done
[M::process] read chunk (19660800 bytes/CG x 1 CGs, 4915152 bytes)...
slave pre done
now n is 21186
processed 21186
[M::mem_process_seqs_merge2] Processed 21186 reads in 0.010 CPU sec, 0.228 real sec
[M::mem_process_seqs_merge2] CPE FASTQ formatting done
slave pre done
now n is 21186
[M::mem_process_seqs_merge2] CPE FASTQ formatting done
slave pre done
now n is 21187
processed 21186
[M::mem_process_seqs_merge2] Processed 21186 reads in 0.010 CPU sec, 0.223 real sec
[M::process] read chunk (19660800 bytes/CG x 1 CGs, 4915152 bytes)...
processed 21187
[M::mem_process_seqs_merge2] Processed 21187 reads in 0.010 CPU sec, 0.226 real sec
slave pre done
now n is 21186
processed 21186
[M::mem_process_seqs_merge2] Processed 21186 reads in 0.020 CPU sec, 0.210 real sec
slave pre done
now n is 21186
processed 21186
[M::mem_process_seqs_merge2] Processed 21186 reads in 0.010 CPU sec, 0.271 real sec
slave pre done
now n is 21186
slave pre done
now n is 21187
[M::process] read chunk (19660800 bytes/CG x 1 CGs, 4915152 bytes)...
[M::mem_process_seqs_merge2] CPE FASTQ formatting done
processed 21186
[M::mem_process_seqs_merge2] Processed 21186 reads in 0.010 CPU sec, 0.255 real sec
[M::process] read chunk (19660800 bytes/CG x 1 CGs, 4915152 bytes)...
processed 21187
[M::mem_process_seqs_merge2] Processed 21187 reads in 0.010 CPU sec, 0.242 real sec
[M::process] read chunk (19660800 bytes/CG x 1 CGs, 4915152 bytes)...
[M::process] read chunk (19660800 bytes/CG x 1 CGs, 4915384 bytes)...
[M::process] read chunk (19660800 bytes/CG x 1 CGs, 1228672 bytes)...
[M::process] read chunk (19660800 bytes/CG x 1 CGs, 4915152 bytes)...
slave pre done
now n is 21186
slave pre done
processed 21186
[M::mem_process_seqs_merge2] Processed 21186 reads in 0.010 CPU sec, 0.205 real sec
now n is 21186
processed 21186
[M::mem_process_seqs_merge2] Processed 21186 reads in 0.020 CPU sec, 0.257 real sec
[M::mem_process_seqs_merge2] CPE FASTQ formatting done
[M::mem_process_seqs_merge2] CPE FASTQ formatting done
[M::mem_process_seqs_merge2] CPE FASTQ formatting done
[M::mem_process_seqs_merge2] CPE FASTQ formatting done
[M::process] read chunk (19660800 bytes/CG x 1 CGs, 4915152 bytes)...
[M::mem_process_seqs_merge2] CPE FASTQ formatting done
[M::process] read chunk (19660800 bytes/CG x 1 CGs, 1228904 bytes)...
slave pre done
now n is 84745
processed 84745
[M::mem_process_seqs_merge2] Processed 84745 reads in 0.020 CPU sec, 0.826 real sec
slave pre done
now n is 21186
processed 21186
[M::mem_process_seqs_merge2] Processed 21186 reads in 0.020 CPU sec, 0.263 real sec
slave pre done
now n is 5296
processed 5296
[M::mem_process_seqs_merge2] Processed 5296 reads in 0.010 CPU sec, 0.112 real sec
[M::mem_process_seqs_merge2] CPE FASTQ formatting done
[M::mem_process_seqs_merge2] CPE FASTQ formatting done
[M::mem_process_seqs_merge2] CPE FASTQ formatting done
slave pre done
now n is 21186
[M::process] read chunk (19660800 bytes/CG x 1 CGs, 4915152 bytes)...
slave pre done
now n is 21187
processed 21186
[M::mem_process_seqs_merge2] Processed 21186 reads in 0.020 CPU sec, 0.211 real sec
slave pre done
now n is 21186
slave pre done
now n is 21186
[M::process] read chunk (19660800 bytes/CG x 1 CGs, 1228904 bytes)...
processed 21186
processed 21187
[M::mem_process_seqs_merge2] Processed 21187 reads in 0.020 CPU sec, 0.208 real sec
[M::mem_process_seqs_merge2] Processed 21186 reads in 0.010 CPU sec, 0.224 real sec
processed 21186
[M::mem_process_seqs_merge2] Processed 21186 reads in 0.010 CPU sec, 0.216 real sec
slave pre done
now n is 84745
[M::process] read chunk (19660800 bytes/CG x 1 CGs, 4915152 bytes)...
[M::process] read chunk (19660800 bytes/CG x 1 CGs, 4915384 bytes)...
processed 84745
[M::mem_process_seqs_merge2] Processed 84745 reads in 0.020 CPU sec, 0.770 real sec
slave pre done
now n is 5297
[M::process] read chunk (19660800 bytes/CG x 1 CGs, 4915152 bytes)...
processed 5297
[M::mem_process_seqs_merge2] Processed 5297 reads in 0.010 CPU sec, 0.099 real sec
[M::process] read chunk (19660800 bytes/CG x 1 CGs, 4915152 bytes)...
slave pre done
now n is 84745
[M::mem_process_seqs_merge2] CPE FASTQ formatting done
processed 84745
[M::mem_process_seqs_merge2] Processed 84745 reads in 0.040 CPU sec, 0.748 real sec
[M::process] read chunk (19660800 bytes/CG x 1 CGs, 1228672 bytes)...
[M::process] read chunk (19660800 bytes/CG x 1 CGs, 4915152 bytes)...
[M::mem_process_seqs_merge2] CPE FASTQ formatting done
slave pre done
now n is 21186
slave pre done
now n is 21186
processed 21186
[M::mem_process_seqs_merge2] Processed 21186 reads in 0.010 CPU sec, 0.216 real sec
[M::mem_process_seqs_merge2] CPE FASTQ formatting done
processed 21186
[M::mem_process_seqs_merge2] Processed 21186 reads in 0.010 CPU sec, 0.223 real sec
[M::mem_process_seqs_merge2] CPE FASTQ formatting done
[M::process] read chunk (19660800 bytes/CG x 1 CGs, 4915152 bytes)...
[M::mem_process_seqs_merge2] CPE FASTQ formatting done
[M::mem_process_seqs_merge2] CPE FASTQ formatting done
[M::mem_process_seqs_merge2] CPE FASTQ formatting done
[M::process] read chunk (19660800 bytes/CG x 1 CGs, 4915152 bytes)...
[M::process] read chunk (19660800 bytes/CG x 1 CGs, 1228904 bytes)...
[M::mem_process_seqs_merge2] CPE FASTQ formatting done
slave pre done
now n is 5296
processed 5296
[M::mem_process_seqs_merge2] Processed 5296 reads in 0.010 CPU sec, 0.106 real sec
[M::process] read chunk (19660800 bytes/CG x 1 CGs, 4915152 bytes)...
slave pre done
now n is 21186
[M::process] read chunk (19660800 bytes/CG x 1 CGs, 1228904 bytes)...
processed 21186
[M::mem_process_seqs_merge2] Processed 21186 reads in 0.010 CPU sec, 0.246 real sec
[M::mem_process_seqs_merge2] CPE FASTQ formatting done
slave pre done
now n is 21186
[M::mem_process_seqs_merge2] CPE FASTQ formatting done
processed 21186
[M::mem_process_seqs_merge2] Processed 21186 reads in 0.010 CPU sec, 0.237 real sec
[M::mem_process_seqs_merge2] CPE FASTQ formatting done
[M::mem_process_seqs_merge2] CPE FASTQ formatting done
[M::process] read chunk (19660800 bytes/CG x 1 CGs, 1228672 bytes)...
slave pre done
now n is 21187
slave pre done
now n is 5297
processed 21187
[M::mem_process_seqs_merge2] Processed 21187 reads in 0.010 CPU sec, 0.223 real sec
slave pre done
now n is 21186
slave pre done
now n is 5297
processed 5297
[M::mem_process_seqs_merge2] Processed 5297 reads in 0.010 CPU sec, 0.098 real sec
[M::mem_process_seqs_merge2] CPE FASTQ formatting done
[M::mem_process_seqs_merge2] CPE FASTQ formatting done
processed 21186
[M::mem_process_seqs_merge2] Processed 21186 reads in 0.030 CPU sec, 0.229 real sec
slave pre done
now n is 21186
[M::process] read chunk (19660800 bytes/CG x 1 CGs, 1228672 bytes)...
processed 5297
[M::mem_process_seqs_merge2] Processed 5297 reads in 0.010 CPU sec, 0.078 real sec
processed 21186
[M::mem_process_seqs_merge2] Processed 21186 reads in 0.010 CPU sec, 0.221 real sec
[M::process] read chunk (19660800 bytes/CG x 1 CGs, 1228904 bytes)...
[M::mem_process_seqs_merge2] CPE FASTQ formatting done
slave pre done
now n is 21186
[M::process] read chunk (19660800 bytes/CG x 1 CGs, 4915152 bytes)...
processed 21186
[M::mem_process_seqs_merge2] Processed 21186 reads in 0.030 CPU sec, 0.267 real sec
[M::process] read chunk (19660800 bytes/CG x 1 CGs, 1228904 bytes)...
[M::process] read chunk (19660800 bytes/CG x 1 CGs, 4915384 bytes)...
slave pre done
now n is 5296
slave pre done
now n is 5296
processed 5296
[M::mem_process_seqs_merge2] Processed 5296 reads in 0.020 CPU sec, 0.111 real sec
processed 5296
[M::mem_process_seqs_merge2] Processed 5296 reads in 0.010 CPU sec, 0.097 real sec
[M::process] read chunk (19660800 bytes/CG x 1 CGs, 4915152 bytes)...
[M::process] read chunk (19660800 bytes/CG x 1 CGs, 4915152 bytes)...
[M::process] read chunk (19660800 bytes/CG x 1 CGs, 1228904 bytes)...
slave pre done
now n is 21186
[M::process] read chunk (19660800 bytes/CG x 1 CGs, 1228904 bytes)...
processed 21186
[M::mem_process_seqs_merge2] Processed 21186 reads in 0.010 CPU sec, 0.218 real sec
[M::mem_process_seqs_merge2] CPE FASTQ formatting done
[M::mem_process_seqs_merge2] CPE FASTQ formatting done
slave pre done
now n is 21186
[M::mem_process_seqs_merge2] CPE FASTQ formatting done
processed 21186
[M::mem_process_seqs_merge2] Processed 21186 reads in 0.020 CPU sec, 0.229 real sec
[M::mem_process_seqs_merge2] CPE FASTQ formatting done
[M::mem_process_seqs_merge2] CPE FASTQ formatting done
slave pre done
now n is 21186
processed 21186
[M::mem_process_seqs_merge2] Processed 21186 reads in 0.030 CPU sec, 0.289 real sec
[M::process] read chunk (19660800 bytes/CG x 1 CGs, 1228904 bytes)...
[M::mem_process_seqs_merge2] CPE FASTQ formatting done
slave pre done
now n is 5297
slave pre done
now n is 5297
processed 5297
[M::mem_process_seqs_merge2] Processed 5297 reads in 0.010 CPU sec, 0.109 real sec
slave pre done
now n is 5297
processed 5297
[M::mem_process_seqs_merge2] Processed 5297 reads in 0.070 CPU sec, 0.534 real sec
[M::process] read chunk (19660800 bytes/CG x 1 CGs, 1228904 bytes)...
slave pre done
now n is 5297
processed 5297
[M::mem_process_seqs_merge2] Processed 5297 reads in 0.010 CPU sec, 0.084 real sec
slave pre done
now n is 5297
[M::process] read chunk (19660800 bytes/CG x 1 CGs, 1228672 bytes)...
processed 5297
[M::mem_process_seqs_merge2] Processed 5297 reads in 0.010 CPU sec, 0.091 real sec
processed 5297
[M::mem_process_seqs_merge2] Processed 5297 reads in 0.010 CPU sec, 0.115 real sec
[M::process] read chunk (19660800 bytes/CG x 1 CGs, 1228904 bytes)...
[M::process] read chunk (19660800 bytes/CG x 1 CGs, 1228672 bytes)...
[M::mem_process_seqs_merge2] CPE FASTQ formatting done
[M::process] read chunk (19660800 bytes/CG x 1 CGs, 1228672 bytes)...
[M::mem_process_seqs_merge2] CPE FASTQ formatting done
[M::process] read chunk (19660800 bytes/CG x 1 CGs, 1228904 bytes)...
[M::mem_process_seqs_merge2] CPE FASTQ formatting done
[M::process] read chunk (19660800 bytes/CG x 1 CGs, 1228672 bytes)...
[M::mem_process_seqs_merge2] CPE FASTQ formatting done
slave pre done
now n is 5296
processed 5296
[M::mem_process_seqs_merge2] Processed 5296 reads in 0.020 CPU sec, 0.088 real sec
[M::mem_process_seqs_merge2] CPE FASTQ formatting done
[M::mem_process_seqs_merge2] CPE FASTQ formatting done
slave pre done
now n is 21186
slave pre done
now n is 5297
[M::mem_process_seqs_merge2] CPE FASTQ formatting done
[M::process] read chunk (19660800 bytes/CG x 1 CGs, 1228672 bytes)...
processed 5297
[M::mem_process_seqs_merge2] Processed 5297 reads in 0.030 CPU sec, 0.122 real sec
processed 21186
[M::mem_process_seqs_merge2] Processed 21186 reads in 0.020 CPU sec, 0.219 real sec
slave pre done
now n is 5297
slave pre done
now n is 5297
slave pre done
now n is 21186
[M::mem_process_seqs_merge2] CPE FASTQ formatting done
[M::mem_process_seqs_merge2] CPE FASTQ formatting done
processed 5297
[M::mem_process_seqs_merge2] Processed 5297 reads in 0.020 CPU sec, 0.111 real sec
processed 5297
[M::mem_process_seqs_merge2] Processed 5297 reads in 0.010 CPU sec, 0.093 real sec
[M::process] read chunk (19660800 bytes/CG x 1 CGs, 4915152 bytes)...
[M::process] read chunk (19660800 bytes/CG x 1 CGs, 1228672 bytes)...
processed 21186
[M::mem_process_seqs_merge2] Processed 21186 reads in 0.020 CPU sec, 0.220 real sec
[M::mem_process_seqs_merge2] CPE FASTQ formatting done
[M::process] read chunk (19660800 bytes/CG x 1 CGs, 1228904 bytes)...
slave pre done
now n is 5296
processed 5296
[M::mem_process_seqs_merge2] Processed 5296 reads in 0.020 CPU sec, 0.107 real sec
[M::mem_process_seqs_merge2] CPE FASTQ formatting done
[M::process] read chunk (19660800 bytes/CG x 1 CGs, 1228672 bytes)...
slave pre done
now n is 5296
[M::mem_process_seqs_merge2] CPE FASTQ formatting done
[M::mem_process_seqs_merge2] CPE FASTQ formatting done
processed 5296
[M::mem_process_seqs_merge2] Processed 5296 reads in 0.020 CPU sec, 0.087 real sec
[M::process] read chunk (19660800 bytes/CG x 1 CGs, 4915384 bytes)...
[M::mem_process_seqs_merge2] CPE FASTQ formatting done
slave pre done
now n is 5296
slave pre done
now n is 5296
[M::process] read chunk (19660800 bytes/CG x 1 CGs, 1228672 bytes)...
processed 5296
[M::mem_process_seqs_merge2] Processed 5296 reads in 0.010 CPU sec, 0.107 real sec
[M::mem_process_seqs_merge2] CPE FASTQ formatting done
processed 5296
[M::mem_process_seqs_merge2] Processed 5296 reads in 0.020 CPU sec, 0.097 real sec
[M::process] read chunk (19660800 bytes/CG x 1 CGs, 1228904 bytes)...
slave pre done
now n is 5296
[M::mem_process_seqs_merge2] CPE FASTQ formatting done
[M::process] read chunk (19660800 bytes/CG x 1 CGs, 1228672 bytes)...
slave pre done
now n is 5296
processed 5296
[M::mem_process_seqs_merge2] Processed 5296 reads in 0.010 CPU sec, 0.084 real sec
slave pre done
now n is 21186
[M::process] read chunk (19660800 bytes/CG x 1 CGs, 1228672 bytes)...
processed 5296
[M::mem_process_seqs_merge2] Processed 5296 reads in 0.010 CPU sec, 0.086 real sec
processed 21186
[M::mem_process_seqs_merge2] Processed 21186 reads in 0.020 CPU sec, 0.214 real sec
slave pre done
now n is 5297
[M::mem_process_seqs_merge2] CPE FASTQ formatting done
[M::mem_process_seqs_merge2] CPE FASTQ formatting done
[M::process] read chunk (19660800 bytes/CG x 1 CGs, 1228672 bytes)...
slave pre done
now n is 21187
processed 5297
[M::mem_process_seqs_merge2] Processed 5297 reads in 0.020 CPU sec, 0.121 real sec
slave pre done
now n is 5297
processed 21187
[M::mem_process_seqs_merge2] CPE FASTQ formatting done
[M::mem_process_seqs_merge2] Processed 21187 reads in 0.010 CPU sec, 0.216 real sec
processed 5297
[M::mem_process_seqs_merge2] Processed 5297 reads in 0.010 CPU sec, 0.125 real sec
[M::process] read chunk (19660800 bytes/CG x 1 CGs, 1228904 bytes)...
[M::process] read chunk (19660800 bytes/CG x 1 CGs, 1228904 bytes)...
slave pre done
now n is 5297
processed 5297
[M::mem_process_seqs_merge2] Processed 5297 reads in 0.010 CPU sec, 0.094 real sec
[M::process] read chunk (19660800 bytes/CG x 1 CGs, 1228904 bytes)...
[M::mem_process_seqs_merge2] CPE FASTQ formatting done
[M::process] read chunk (19660800 bytes/CG x 1 CGs, 1228672 bytes)...
[M::process] read chunk (19660800 bytes/CG x 1 CGs, 1228904 bytes)...
[M::mem_process_seqs_merge2] CPE FASTQ formatting done
[M::mem_process_seqs_merge2] CPE FASTQ formatting done
slave pre done
now n is 5296
[M::process] read chunk (19660800 bytes/CG x 1 CGs, 1228904 bytes)...
processed 5296
[M::mem_process_seqs_merge2] CPE FASTQ formatting done
[M::mem_process_seqs_merge2] Processed 5296 reads in 0.020 CPU sec, 0.099 real sec
[M::mem_process_seqs_merge2] CPE FASTQ formatting done
slave pre done
now n is 5296
processed 5296
[M::mem_process_seqs_merge2] Processed 5296 reads in 0.010 CPU sec, 0.108 real sec
[M::mem_process_seqs_merge2] CPE FASTQ formatting done
slave pre done
now n is 5297
[M::process] read chunk (19660800 bytes/CG x 1 CGs, 1228672 bytes)...
slave pre done
now n is 5296
slave pre done
now n is 5296
slave pre done
now n is 21186
slave pre done
now n is 5297
processed 5297
[M::mem_process_seqs_merge2] Processed 5297 reads in 0.010 CPU sec, 0.100 real sec
processed 5296
[M::mem_process_seqs_merge2] Processed 5296 reads in 0.020 CPU sec, 0.087 real sec
[M::process] read chunk (19660800 bytes/CG x 1 CGs, 1228672 bytes)...
processed 5296
[M::mem_process_seqs_merge2] CPE FASTQ formatting done
[M::mem_process_seqs_merge2] Processed 5296 reads in 0.010 CPU sec, 0.080 real sec
processed 21186
[M::mem_process_seqs_merge2] Processed 21186 reads in 0.010 CPU sec, 0.219 real sec
processed 5297
[M::mem_process_seqs_merge2] Processed 5297 reads in 0.010 CPU sec, 0.100 real sec
[M::process] read chunk (19660800 bytes/CG x 1 CGs, 1228904 bytes)...
[M::process] read chunk (19660800 bytes/CG x 1 CGs, 1228904 bytes)...
slave pre done
now n is 21187
slave pre done
now n is 5296
[M::process] read chunk (19660800 bytes/CG x 1 CGs, 1228904 bytes)...
processed 21187
[M::mem_process_seqs_merge2] Processed 21187 reads in 0.010 CPU sec, 0.203 real sec
[M::process] read chunk (19660800 bytes/CG x 1 CGs, 1228904 bytes)...
processed 5296
[M::mem_process_seqs_merge2] CPE FASTQ formatting done
[M::mem_process_seqs_merge2] Processed 5296 reads in 0.010 CPU sec, 0.084 real sec
slave pre done
now n is 5297
[M::mem_process_seqs_merge2] CPE FASTQ formatting done
[M::mem_process_seqs_merge2] CPE FASTQ formatting done
[M::mem_process_seqs_merge2] CPE FASTQ formatting done
[M::mem_process_seqs_merge2] CPE FASTQ formatting done
[M::mem_process_seqs_merge2] CPE FASTQ formatting done
processed 5297
[M::mem_process_seqs_merge2] Processed 5297 reads in 0.040 CPU sec, 0.134 real sec
[M::mem_process_seqs_merge2] CPE FASTQ formatting done
slave pre done
now n is 5297
[M::process] read chunk (19660800 bytes/CG x 1 CGs, 1228672 bytes)...
processed 5297
[M::mem_process_seqs_merge2] Processed 5297 reads in 0.010 CPU sec, 0.096 real sec
[M::process] read chunk (19660800 bytes/CG x 1 CGs, 1228672 bytes)...
[M::process] read chunk (19660800 bytes/CG x 1 CGs, 1228904 bytes)...
slave pre done
now n is 5297
[M::mem_process_seqs_merge2] CPE FASTQ formatting done
slave pre done
[M::mem_process_seqs_merge2] CPE FASTQ formatting done
now n is 5297
processed 5297
[M::mem_process_seqs_merge2] Processed 5297 reads in 0.010 CPU sec, 0.102 real sec
slave pre done
now n is 5297
processed 5297
[M::mem_process_seqs_merge2] Processed 5297 reads in 0.010 CPU sec, 0.096 real sec
slave pre done
now n is 5296
[M::process] read chunk (19660800 bytes/CG x 1 CGs, 1228904 bytes)...
slave pre done
now n is 5297
slave pre done
now n is 5296
processed 5297
[M::mem_process_seqs_merge2] Processed 5297 reads in 0.020 CPU sec, 0.095 real sec
processed 5297
[M::mem_process_seqs_merge2] Processed 5297 reads in 0.010 CPU sec, 0.105 real sec
[M::mem_process_seqs_merge2] CPE FASTQ formatting done
slave pre done
now n is 5297
processed 5296
[M::mem_process_seqs_merge2] Processed 5296 reads in 0.010 CPU sec, 0.112 real sec
processed 5296
[M::mem_process_seqs_merge2] Processed 5296 reads in 0.010 CPU sec, 0.122 real sec
processed 5297
[M::process] read chunk (19660800 bytes/CG x 1 CGs, 1228904 bytes)...
[M::process] read chunk (19660800 bytes/CG x 1 CGs, 1228904 bytes)...
[M::mem_process_seqs_merge2] Processed 5297 reads in 0.010 CPU sec, 0.122 real sec
[M::process] read chunk (19660800 bytes/CG x 1 CGs, 1228672 bytes)...
[M::process] read chunk (19660800 bytes/CG x 1 CGs, 1228904 bytes)...
[M::process] read chunk (19660800 bytes/CG x 1 CGs, 1228904 bytes)...
[M::process] read chunk (19660800 bytes/CG x 1 CGs, 1228904 bytes)...
[M::mem_process_seqs_merge2] CPE FASTQ formatting done
[M::process] read chunk (19660800 bytes/CG x 1 CGs, 1228904 bytes)...
slave pre done
now n is 5296
[M::process] read chunk (19660800 bytes/CG x 1 CGs, 1228672 bytes)...
slave pre done
now n is 5297
slave pre done
now n is 5296
processed 5296
[M::mem_process_seqs_merge2] Processed 5296 reads in 0.010 CPU sec, 0.095 real sec
[M::process] read chunk (19660800 bytes/CG x 1 CGs, 1228672 bytes)...
processed 5297
[M::mem_process_seqs_merge2] Processed 5297 reads in 0.010 CPU sec, 0.106 real sec
processed 5296
[M::mem_process_seqs_merge2] Processed 5296 reads in 0.010 CPU sec, 0.091 real sec
[M::mem_process_seqs_merge2] CPE FASTQ formatting done
[M::mem_process_seqs_merge2] CPE FASTQ formatting done
[M::process] read chunk (19660800 bytes/CG x 1 CGs, 1228672 bytes)...
[M::process] read chunk (19660800 bytes/CG x 1 CGs, 1228672 bytes)...
[M::mem_process_seqs_merge2] CPE FASTQ formatting done
slave pre done
now n is 5297
processed 5297
[M::mem_process_seqs_merge2] Processed 5297 reads in 0.010 CPU sec, 0.120 real sec
[M::mem_process_seqs_merge2] CPE FASTQ formatting done
[M::mem_process_seqs_merge2] CPE FASTQ formatting done
[M::mem_process_seqs_merge2] CPE FASTQ formatting done
slave pre done
now n is 5297
[M::mem_process_seqs_merge2] CPE FASTQ formatting done
[M::process] read chunk (19660800 bytes/CG x 1 CGs, 1228672 bytes)...
[M::mem_process_seqs_merge2] CPE FASTQ formatting done
processed 5297
[M::mem_process_seqs_merge2] Processed 5297 reads in 0.010 CPU sec, 0.086 real sec
[M::mem_process_seqs_merge2] CPE FASTQ formatting done
slave pre done
now n is 5297
slave pre done
now n is 5296
[M::mem_process_seqs_merge2] CPE FASTQ formatting done
[M::mem_process_seqs_merge2] CPE FASTQ formatting done
processed 5297
[M::mem_process_seqs_merge2] Processed 5297 reads in 0.010 CPU sec, 0.115 real sec
[M::process] read chunk (19660800 bytes/CG x 1 CGs, 1228672 bytes)...
processed 5296
[M::mem_process_seqs_merge2] Processed 5296 reads in 0.010 CPU sec, 0.098 real sec
[M::mem_process_seqs_merge2] CPE FASTQ formatting done
slave pre done
now n is 5296
[M::process] read chunk (19660800 bytes/CG x 1 CGs, 1228904 bytes)...
processed 5296
[M::mem_process_seqs_merge2] Processed 5296 reads in 0.010 CPU sec, 0.075 real sec
slave pre done
now n is 5296
slave pre done
now n is 5297
[M::mem_process_seqs_merge2] CPE FASTQ formatting done
[M::process] read chunk (19660800 bytes/CG x 1 CGs, 1228904 bytes)...
processed 5296
[M::mem_process_seqs_merge2] Processed 5296 reads in 0.010 CPU sec, 0.098 real sec
processed 5297
[M::mem_process_seqs_merge2] Processed 5297 reads in 0.010 CPU sec, 0.088 real sec
slave pre done
slave pre done
now n is 5296
now n is 5297
slave pre done
now n is 5297
[M::process] read chunk (19660800 bytes/CG x 1 CGs, 1228904 bytes)...
slave pre done
now n is 5296
processed 5297
processed 5296
[M::mem_process_seqs_merge2] Processed 5296 reads in 0.010 CPU sec, 0.101 real sec
[M::mem_process_seqs_merge2] Processed 5297 reads in 0.010 CPU sec, 0.090 real sec
[M::mem_process_seqs_merge2] CPE FASTQ formatting done
processed 5297
[M::mem_process_seqs_merge2] Processed 5297 reads in 0.010 CPU sec, 0.081 real sec
[M::process] read chunk (19660800 bytes/CG x 1 CGs, 1228904 bytes)...
processed 5296
[M::mem_process_seqs_merge2] Processed 5296 reads in 0.010 CPU sec, 0.099 real sec
slave pre done
now n is 5296
[M::process] read chunk (19660800 bytes/CG x 1 CGs, 1228904 bytes)...
processed 5296
[M::mem_process_seqs_merge2] Processed 5296 reads in 0.010 CPU sec, 0.101 real sec
[M::process] read chunk (19660800 bytes/CG x 1 CGs, 1228672 bytes)...
slave pre done
now n is 5297
[M::process] read chunk (19660800 bytes/CG x 1 CGs, 1228672 bytes)...
[M::process] read chunk (19660800 bytes/CG x 1 CGs, 1228904 bytes)...
[M::mem_process_seqs_merge2] CPE FASTQ formatting done
slave pre done
now n is 5296
slave pre done
now n is 5297
processed 5297
[M::mem_process_seqs_merge2] Processed 5297 reads in 0.020 CPU sec, 0.130 real sec
[M::mem_process_seqs_merge2] CPE FASTQ formatting done
processed 5296
[M::mem_process_seqs_merge2] Processed 5296 reads in 0.010 CPU sec, 0.095 real sec
[M::mem_process_seqs_merge2] CPE FASTQ formatting done
processed 5297
[M::mem_process_seqs_merge2] Processed 5297 reads in 0.020 CPU sec, 0.078 real sec
[M::process] read chunk (19660800 bytes/CG x 1 CGs, 1228672 bytes)...
[M::process] read chunk (19660800 bytes/CG x 1 CGs, 1228672 bytes)...
[M::process] read chunk (19660800 bytes/CG x 1 CGs, 1228904 bytes)...
[M::mem_process_seqs_merge2] CPE FASTQ formatting done
[M::process] read chunk (19660800 bytes/CG x 1 CGs, 1228904 bytes)...
[M::mem_process_seqs_merge2] CPE FASTQ formatting done
[M::mem_process_seqs_merge2] CPE FASTQ formatting done
[M::process] read chunk (19660800 bytes/CG x 1 CGs, 1228672 bytes)...
[M::mem_process_seqs_merge2] CPE FASTQ formatting done
slave pre done
now n is 5297
[M::mem_process_seqs_merge2] CPE FASTQ formatting done
processed 5297
[M::mem_process_seqs_merge2] Processed 5297 reads in 0.020 CPU sec, 0.085 real sec
[M::mem_process_seqs_merge2] CPE FASTQ formatting done
[M::mem_process_seqs_merge2] CPE FASTQ formatting done
slave pre done
now n is 5297
slave pre done
now n is 5297
processed 5297
[M::mem_process_seqs_merge2] Processed 5297 reads in 0.010 CPU sec, 0.092 real sec
processed 5297
[M::mem_process_seqs_merge2] Processed 5297 reads in 0.020 CPU sec, 0.121 real sec
[M::process] read chunk (19660800 bytes/CG x 1 CGs, 1228904 bytes)...
[M::mem_process_seqs_merge2] CPE FASTQ formatting done
slave pre done
now n is 5297
slave pre done
now n is 5297
[M::process] read chunk (19660800 bytes/CG x 1 CGs, 1228904 bytes)...
slave pre done
now n is 5296
[M::process] read chunk (19660800 bytes/CG x 1 CGs, 1228672 bytes)...
processed 5297
[M::mem_process_seqs_merge2] Processed 5297 reads in 0.010 CPU sec, 0.094 real sec
processed 5297
[M::mem_process_seqs_merge2] Processed 5297 reads in 0.010 CPU sec, 0.086 real sec
[M::mem_process_seqs_merge2] CPE FASTQ formatting done
processed 5296
[M::mem_process_seqs_merge2] Processed 5296 reads in 0.010 CPU sec, 0.105 real sec
[M::process] read chunk (19660800 bytes/CG x 1 CGs, 1228904 bytes)...
[M::mem_process_seqs_merge2] CPE FASTQ formatting done
[M::mem_process_seqs_merge2] CPE FASTQ formatting done
[M::mem_process_seqs_merge2] CPE FASTQ formatting done
slave pre done
now n is 5296
slave pre done
now n is 5296
[M::mem_process_seqs_merge2] CPE FASTQ formatting done
[M::process] read chunk (19660800 bytes/CG x 1 CGs, 1228672 bytes)...
processed 5296
[M::mem_process_seqs_merge2] Processed 5296 reads in 0.020 CPU sec, 0.116 real sec
processed 5296
[M::process] read chunk (19660800 bytes/CG x 1 CGs, 1228904 bytes)...
[M::mem_process_seqs_merge2] Processed 5296 reads in 0.020 CPU sec, 0.149 real sec
[M::process] read chunk (19660800 bytes/CG x 1 CGs, 1228672 bytes)...
[M::process] read chunk (19660800 bytes/CG x 1 CGs, 1228904 bytes)...
[M::mem_process_seqs_merge2] CPE FASTQ formatting done
[M::mem_process_seqs_merge2] CPE FASTQ formatting done
slave pre done
now n is 5297
[M::mem_process_seqs_merge2] CPE FASTQ formatting done
slave pre done
now n is 5296
processed 5297
[M::mem_process_seqs_merge2] Processed 5297 reads in 0.020 CPU sec, 0.084 real sec
slave pre done
now n is 5296
processed 5296
[M::mem_process_seqs_merge2] Processed 5296 reads in 0.010 CPU sec, 0.112 real sec
processed 5296
[M::mem_process_seqs_merge2] Processed 5296 reads in 0.010 CPU sec, 0.090 real sec
[M::process] read chunk (19660800 bytes/CG x 1 CGs, 1228672 bytes)...
slave pre done
now n is 5297
[M::mem_process_seqs_merge2] CPE FASTQ formatting done
processed 5297
[M::mem_process_seqs_merge2] Processed 5297 reads in 0.020 CPU sec, 0.105 real sec
slave pre done
now n is 5297
[M::process] read chunk (19660800 bytes/CG x 1 CGs, 1228904 bytes)...
slave pre done
now n is 5296
[M::mem_process_seqs_merge2] CPE FASTQ formatting done
[M::process] read chunk (19660800 bytes/CG x 1 CGs, 1228672 bytes)...
processed 5297
[M::mem_process_seqs_merge2] Processed 5297 reads in 0.010 CPU sec, 0.075 real sec
processed 5296
[M::mem_process_seqs_merge2] Processed 5296 reads in 0.010 CPU sec, 0.080 real sec
[M::process] read chunk (19660800 bytes/CG x 1 CGs, 1228904 bytes)...
[M::process] read chunk (19660800 bytes/CG x 1 CGs, 1228904 bytes)...
[M::mem_process_seqs_merge2] CPE FASTQ formatting done
[M::process] read chunk (19660800 bytes/CG x 1 CGs, 1228672 bytes)...
[M::mem_process_seqs_merge2] CPE FASTQ formatting done
slave pre done
now n is 5297
processed 5297
[M::mem_process_seqs_merge2] Processed 5297 reads in 0.010 CPU sec, 0.299 real sec
slave pre done
now n is 5297
[M::mem_process_seqs_merge2] CPE FASTQ formatting done
[M::mem_process_seqs_merge2] CPE FASTQ formatting done
slave pre done
now n is 5296
slave pre done
now n is 5297
processed 5297
[M::mem_process_seqs_merge2] Processed 5297 reads in 0.010 CPU sec, 0.181 real sec
processed 5297
[M::mem_process_seqs_merge2] Processed 5297 reads in 0.030 CPU sec, 0.247 real sec
[M::process] read chunk (19660800 bytes/CG x 1 CGs, 1228904 bytes)...
[M::process] read chunk (19660800 bytes/CG x 1 CGs, 887632 bytes)...
processed 5296
[M::mem_process_seqs_merge2] Processed 5296 reads in 0.000 CPU sec, 0.067 real sec
[M::mem_process_seqs_merge2] CPE FASTQ formatting done
[M::process] read chunk (19660800 bytes/CG x 1 CGs, 1228904 bytes)...
[M::process] read chunk (19660800 bytes/CG x 1 CGs, 1228904 bytes)...
slave pre done
now n is 5296
processed 5296
[M::mem_process_seqs_merge2] Processed 5296 reads in 0.010 CPU sec, 0.133 real sec
slave pre done
now n is 5296
slave pre done
now n is 5297
[M::mem_process_seqs_merge2] CPE FASTQ formatting done
processed 5296
[M::mem_process_seqs_merge2] Processed 5296 reads in 0.010 CPU sec, 0.083 real sec
[M::process] read chunk (19660800 bytes/CG x 1 CGs, 1228904 bytes)...
processed 5297
[M::mem_process_seqs_merge2] Processed 5297 reads in 0.010 CPU sec, 0.090 real sec
[M::mem_process_seqs_merge2] CPE FASTQ formatting done
[M::process] read chunk (19660800 bytes/CG x 1 CGs, 1228904 bytes)...
[M::mem_process_seqs_merge2] CPE FASTQ formatting done
[M::mem_process_seqs_merge2] CPE FASTQ formatting done
[M::mem_process_seqs_merge2] CPE FASTQ formatting done
[M::process] read chunk (19660800 bytes/CG x 1 CGs, 1228672 bytes)...
[M::mem_process_seqs_merge2] CPE FASTQ formatting done
slave pre done
now n is 5297
processed 5297
[M::mem_process_seqs_merge2] Processed 5297 reads in 0.010 CPU sec, 0.134 real sec
slave pre done
now n is 5297
slave pre done
now n is 5297
processed 5297
[M::mem_process_seqs_merge2] Processed 5297 reads in 0.010 CPU sec, 0.114 real sec
[M::process] read chunk (19660800 bytes/CG x 1 CGs, 1228672 bytes)...
processed 5297
[M::mem_process_seqs_merge2] Processed 5297 reads in 0.020 CPU sec, 0.081 real sec
[M::mem_process_seqs_merge2] CPE FASTQ formatting done
slave pre done
now n is 5297
processed 5297
[M::mem_process_seqs_merge2] Processed 5297 reads in 0.030 CPU sec, 0.325 real sec
[M::process] read chunk (19660800 bytes/CG x 1 CGs, 1228672 bytes)...
[M::process] read chunk (19660800 bytes/CG x 1 CGs, 1228904 bytes)...
slave pre done
now n is 3826
[M::mem_process_seqs_merge2] CPE FASTQ formatting done
processed 3826
[M::mem_process_seqs_merge2] Processed 3826 reads in 0.020 CPU sec, 0.183 real sec
[M::mem_process_seqs_merge2] CPE FASTQ formatting done
[M::mem_process_seqs_merge2] CPE FASTQ formatting done
slave pre done
now n is 5296
processed 5296
[M::mem_process_seqs_merge2] Processed 5296 reads in 0.010 CPU sec, 0.098 real sec
[M::process] read chunk (19660800 bytes/CG x 1 CGs, 1228904 bytes)...
slave pre done
now n is 5296
[M::process] read chunk (19660800 bytes/CG x 1 CGs, 1228672 bytes)...
processed 5296
[M::mem_process_seqs_merge2] Processed 5296 reads in 0.060 CPU sec, 0.446 real sec
slave pre done
now n is 5296
processed 5296
[M::mem_process_seqs_merge2] Processed 5296 reads in 0.020 CPU sec, 0.238 real sec
[M::process] read chunk (19660800 bytes/CG x 1 CGs, 1228672 bytes)...
slave pre done
now n is 5297
[M::mem_process_seqs_merge2] CPE FASTQ formatting done
processed 5297
[M::mem_process_seqs_merge2] Processed 5297 reads in 0.030 CPU sec, 0.340 real sec
[M::mem_process_seqs_merge2] CPE FASTQ formatting done
[M::mem_process_seqs_merge2] CPE FASTQ formatting done
[M::process] read chunk (19660800 bytes/CG x 1 CGs, 1228904 bytes)...
[M::mem_process_seqs_merge2] CPE FASTQ formatting done
slave pre done
now n is 5297
processed 5297
[M::mem_process_seqs_merge2] Processed 5297 reads in 0.010 CPU sec, 0.131 real sec
slave pre done
now n is 5296
processed 5296
[M::process] read chunk (19660800 bytes/CG x 1 CGs, 1228672 bytes)...
[M::mem_process_seqs_merge2] Processed 5296 reads in 0.040 CPU sec, 0.862 real sec
slave pre done
now n is 5297
processed 5297
[M::mem_process_seqs_merge2] Processed 5297 reads in 0.050 CPU sec, 0.527 real sec
[M::mem_process_seqs_merge2] CPE FASTQ formatting done
[MPI rank 000005/000012] input work: chunks=25 records=1213428 bytes=277708788
slave pre done
now n is 5297
slave pre done
now n is 5297
processed 5297
[M::mem_process_seqs_merge2] Processed 5297 reads in 0.030 CPU sec, 0.559 real sec
processed 5297
[M::mem_process_seqs_merge2] Processed 5297 reads in 0.060 CPU sec, 0.827 real sec
slave pre done
now n is 5297
processed 5297
[M::mem_process_seqs_merge2] Processed 5297 reads in 0.050 CPU sec, 0.763 real sec
slave pre done
now n is 5296
processed 5296
[M::mem_process_seqs_merge2] Processed 5296 reads in 0.040 CPU sec, 0.630 real sec
[MPI rank 000008/000012] input work: chunks=26 records=1282282 bytes=293682920
[MPI rank 000007/000012] input work: chunks=25 records=1229317 bytes=281395040
[MPI rank 000004/000012] input work: chunks=24 records=1239913 bytes=283853300
slave pre done
now n is 5296
processed 5296
[M::mem_process_seqs_merge2] Processed 5296 reads in 0.040 CPU sec, 0.533 real sec
slave pre done
now n is 5296
processed 5296
[M::mem_process_seqs_merge2] Processed 5296 reads in 0.020 CPU sec, 0.565 real sec
slave pre done
now n is 5297
processed 5297
[M::mem_process_seqs_merge2] Processed 5297 reads in 0.040 CPU sec, 0.545 real sec
[MPI rank 000002/000012] input work: chunks=26 records=1312575 bytes=301055816
[MPI rank 000010/000012] input work: chunks=23 records=1281900 bytes=293683724
[MPI rank 000009/000012] input work: chunks=26 records=1282285 bytes=293683604
[MPI rank 000006/000012] input work: chunks=30 records=1319357 bytes=302284316
[MPI rank 000000/000012] input work: chunks=27 records=1287890 bytes=294911808
[MPI rank 000003/000012] input work: chunks=29 records=1296704 bytes=297028820
slave pre done
[MPI rank 000001/000012] input work: chunks=24 records=1302168 bytes=298598196
now n is 5296
processed 5296
[M::mem_process_seqs_merge2] Processed 5296 reads in 0.040 CPU sec, 0.582 real sec
[MPI rank 000011/000012] input work: chunks=22 records=1226861 bytes=281395016

================ MPI Dynamic Scheduler Debug =================
  MPI rank: 000000 / 000012

  Work summary
    claimed chunks                                         27
    claimed from this rank's queue                          3
    claimed from another rank's queue                      24
    completed FASTQ records                           1287890
    claimed input bytes                             294911808

  Scheduler counters
    scheduler_next calls                                   28
    RMA ticket attempts                                    39
    attempts against another rank's queue                  35
    tickets beyond the final chunk                         12
    empty aligned chunks                                    0

  Scheduler timing
    MPI_Win_create (setup)                       0.002388 s  (1 calls,  2388.220 us/call)
    MPI_Barrier after setup                      0.000013 s  (1 calls,    12.900 us/call)
    scheduler_next total                         0.730325 s  (28 calls, 26083.039 us/call)
      RMA ticket path total                        0.730208 s  (39 calls, 18723.287 us/call)
        MPI_Win_lock                                 0.000119 s  (39 calls,     3.060 us/call)
        MPI_Fetch_and_op                             0.001520 s  (39 calls,    38.964 us/call)
        MPI_Win_unlock                               0.728506 s  (39 calls, 18679.651 us/call)
        RMA call overhead (derived)                  0.000063 s  (39 calls,     1.612 us/call)
      align nominal offsets to FASTQ records       0.000033 s  (27 calls,     1.207 us/call)
      scheduler loop/bookkeeping (derived)         0.000084 s  (28 calls,     3.011 us/call)

  Scheduler teardown timing
    MPI_Barrier (wait for other ranks)           0.091078 s  (1 calls, 91077.722 us/call)
    MPI_Win_free                                 0.000071 s  (1 calls,    71.251 us/call)

  Stage 2 by chunk
    completed chunks                                       27
    accumulated stage 2                             13.385033 s
    average stage 2 per chunk                        0.495742 s
    slowest chunk                                           0
    slowest chunk stage 2                            1.302530 s

    order   chunk  queue        byte range                       bytes      records   stage2(s)
        0       0      0  [           0,     19660976)     19660976        89570    1.302530
        1      13      1  [   255590496,    275251392)     19660896        86232    0.798511
        2      26      2  [   511181004,    530841672)     19660668        86231    0.813507
        3      39      3  [   766771284,    786432180)     19660896        86232    0.809787
        4      52      4  [  1022361792,   1042022460)     19660668        86231    0.748414
        5      65      5  [  1277952072,   1297612968)     19660896        86232    0.851993
        6      78      6  [  1533542580,   1553203248)     19660668        86231    0.776254
        7      91      7  [  1789132860,   1808793756)     19660896        86232    0.765016
        8     104      8  [  2044723368,   2064384036)     19660668        86231    0.761554
        9     117      9  [  2300313700,   2319974540)     19660840        84745    0.772043
       10     130     10  [  2555904156,   2575564996)     19660840        84745    0.856954
       11     143     11  [  2811494612,   2831155220)     19660608        84744    0.769340
       12     144      0  [  2831155220,   2850816060)     19660840        84745    0.750952
       13     157      1  [  3086745676,   3106406516)     19660840        84745    0.770481
       14     194      2  [  3312844988,   3317760140)      4915152        21186    0.229481
       15     207      3  [  3376742428,   3377971332)      1228904         5297    0.111308
       16     208      4  [  3377971332,   3379200004)      1228672         5296    0.085941
       17     209      5  [  3379200004,   3380428908)      1228904         5297    0.099705
       18     210      6  [  3380428908,   3381657812)      1228904         5297    0.105434
       19     223      7  [  3396403268,   3397632172)      1228904         5297    0.115229
       20     236      8  [  3412377628,   3413606532)      1228904         5297    0.078394
       21     249      9  [  3428352220,   3429580892)      1228672         5296    0.104813
       22     262     10  [  3444326580,   3445555252)      1228672         5296    0.079899
       23     275     11  [  3460300940,   3461529612)      1228672         5296    0.083500
       24     276      0  [  3461529612,   3462758516)      1228904         5297    0.080950
       25     289      1  [  3477504204,   3478732876)      1228672         5296    0.098468
       26     302      2  [  3493478564,   3494707236)      1228672         5296    0.564575
==============================================================


================ MPI Dynamic Scheduler Debug =================
  MPI rank: 000006 / 000012

  Work summary
    claimed chunks                                         30
    claimed from this rank's queue                          3
    claimed from another rank's queue                      27
    completed FASTQ records                           1319357
    claimed input bytes                             302284316

  Scheduler counters
    scheduler_next calls                                   31
    RMA ticket attempts                                    42
    attempts against another rank's queue                  38
    tickets beyond the final chunk                         12
    empty aligned chunks                                    0

  Scheduler timing
    MPI_Win_create (setup)                       0.002345 s  (1 calls,  2344.820 us/call)
    MPI_Barrier after setup                      0.000016 s  (1 calls,    16.350 us/call)
    scheduler_next total                         1.109224 s  (31 calls, 35781.405 us/call)
      RMA ticket path total                        1.109092 s  (42 calls, 26406.944 us/call)
        MPI_Win_lock                                 0.000127 s  (42 calls,     3.026 us/call)
        MPI_Fetch_and_op                             0.000715 s  (42 calls,    17.016 us/call)
        MPI_Win_unlock                               1.108183 s  (42 calls, 26385.315 us/call)
        RMA call overhead (derived)                  0.000067 s  (42 calls,     1.587 us/call)
      align nominal offsets to FASTQ records       0.000035 s  (30 calls,     1.167 us/call)
      scheduler loop/bookkeeping (derived)         0.000097 s  (31 calls,     3.126 us/call)

  Scheduler teardown timing
    MPI_Barrier (wait for other ranks)           0.121142 s  (1 calls, 121142.028 us/call)
    MPI_Win_free                                 0.000097 s  (1 calls,    96.850 us/call)

  Stage 2 by chunk
    completed chunks                                       30
    accumulated stage 2                             13.789398 s
    average stage 2 per chunk                        0.459647 s
    slowest chunk                                           6
    slowest chunk stage 2                            1.362477 s

    order   chunk  queue        byte range                       bytes      records   stage2(s)
        0       6      6  [   117964892,    137625820)     19660928        87772    1.362477
        1      19      7  [   373555416,    393216084)     19660668        86231    0.829659
        2      32      8  [   629145696,    648806592)     19660896        86232    0.713031
        3      45      9  [   884736204,    904396872)     19660668        86231    0.874891
        4      58     10  [  1140326484,   1159987380)     19660896        86232    0.740959
        5      71     11  [  1395916992,   1415577660)     19660668        86231    0.816311
        6      72      0  [  1415577660,   1435238556)     19660896        86232    0.793275
        7      85      1  [  1671168168,   1690828836)     19660668        86231    0.717591
        8      98      2  [  1926758448,   1946419344)     19660896        86232    0.692481
        9     111      3  [  2182348956,   2202009624)     19660668        86231    0.802405
       10     124      4  [  2437939348,   2457600188)     19660840        84745    0.727237
       11     137      5  [  2693529804,   2713190412)     19660608        84744    0.718688
       12     150      6  [  2949120028,   2968780868)     19660840        84745    0.775117
       13     163      7  [  3160473652,   3165388804)      4915152        21186    0.258217
       14     164      8  [  3165388804,   3170304188)      4915384        21187    0.242657
       15     177      9  [  3229286476,   3234201628)      4915152        21186    0.281650
       16     190     10  [  3293184148,   3298099300)      4915152        21186    0.228110
       17     203     11  [  3357081820,   3361996972)      4915152        21186    0.262960
       18     204      0  [  3361996972,   3366912124)      4915152        21186    0.245926
       19     217      1  [  3389030540,   3390259212)      1228672         5296    0.111236
       20     218      2  [  3390259212,   3391488116)      1228904         5297    0.109451
       21     219      3  [  3391488116,   3392717020)      1228904         5297    0.122148
       22     196      4  [  3322675292,   3327590444)      4915152        21186    0.219352
       23     233      5  [  3408691380,   3409920052)      1228672         5296    0.095151
       24     246      6  [  3424665740,   3425894412)      1228672         5296    0.098283
       25     247      7  [  3425894412,   3427123316)      1228904         5297    0.120567
       26     260      8  [  3441869004,   3443097676)      1228672         5296    0.089746
       27     273      9  [  3457843364,   3459072036)      1228672         5296    0.066973
       28     286     10  [  3473817724,   3475046628)      1228904         5297    0.114107
       29     299     11  [  3489792084,   3491020988)      1228904         5297    0.558742
==============================================================


================ MPI Dynamic Scheduler Debug =================
  MPI rank: 000007 / 000012

  Work summary
    claimed chunks                                         25
    claimed from this rank's queue                          2
    claimed from another rank's queue                      23
    completed FASTQ records                           1229317
    claimed input bytes                             281395040

  Scheduler counters
    scheduler_next calls                                   26
    RMA ticket attempts                                    42
    attempts against another rank's queue                  38
    tickets beyond the final chunk                         17
    empty aligned chunks                                    0

  Scheduler timing
    MPI_Win_create (setup)                       0.002457 s  (1 calls,  2457.071 us/call)
    MPI_Barrier after setup                      0.000030 s  (1 calls,    29.750 us/call)
    scheduler_next total                         0.981509 s  (26 calls, 37750.343 us/call)
      RMA ticket path total                        0.981394 s  (42 calls, 23366.534 us/call)
        MPI_Win_lock                                 0.000119 s  (42 calls,     2.839 us/call)
        MPI_Fetch_and_op                             0.000846 s  (42 calls,    20.132 us/call)
        MPI_Win_unlock                               0.980356 s  (42 calls, 23341.809 us/call)
        RMA call overhead (derived)                  0.000074 s  (42 calls,     1.754 us/call)
      align nominal offsets to FASTQ records       0.000029 s  (25 calls,     1.154 us/call)
      scheduler loop/bookkeeping (derived)         0.000086 s  (26 calls,     3.294 us/call)

  Scheduler teardown timing
    MPI_Barrier (wait for other ranks)           0.338495 s  (1 calls, 338494.621 us/call)
    MPI_Win_free                                 0.000070 s  (1 calls,    70.400 us/call)

  Stage 2 by chunk
    completed chunks                                       25
    accumulated stage 2                             13.422373 s
    average stage 2 per chunk                        0.536895 s
    slowest chunk                                           7
    slowest chunk stage 2                            1.332091 s

    order   chunk  queue        byte range                       bytes      records   stage2(s)
        0       7      7  [   137625820,    157286524)     19660704        87771    1.332091
        1      20      8  [   393216084,    412876980)     19660896        86232    0.769086
        2      33      9  [   648806592,    668467260)     19660668        86231    0.813146
        3      46     10  [   904396872,    924057768)     19660896        86232    0.898254
        4      59     11  [  1159987380,   1179648048)     19660668        86231    0.871520
        5      60      0  [  1179648048,   1199308944)     19660896        86232    0.839160
        6      73      1  [  1435238556,   1454899224)     19660668        86231    0.819424
        7      86      2  [  1690828836,   1710489732)     19660896        86232    0.821606
        8      99      3  [  1946419344,   1966080012)     19660668        86231    0.751223
        9     112      4  [  2202009624,   2221670520)     19660896        86232    0.794281
       10     125      5  [  2457600188,   2477261028)     19660840        84745    0.785038
       11     138      6  [  2713190412,   2732851252)     19660840        84745    0.771222
       12     151      7  [  2968780868,   2988441708)     19660840        84745    0.772392
       13     176      8  [  3224371324,   3229286476)      4915152        21186    0.256241
       14     189      9  [  3288268996,   3293184148)      4915152        21186    0.221584
       15     202     10  [  3352166436,   3357081820)      4915384        21187    0.242479
       16     215     11  [  3386572964,   3387801636)      1228672         5296    0.112817
       17     216      0  [  3387801636,   3389030540)      1228904         5297    0.534225
       18     229      1  [  3403776228,   3405004900)      1228672         5296    0.107318
       19     242      2  [  3419750588,   3420979260)      1228672         5296    0.099383
       20     255      3  [  3435724948,   3436953620)      1228672         5296    0.122289
       21     268      4  [  3451699308,   3452928212)      1228904         5297    0.081007
       22     293      5  [  3482419356,   3483648028)      1228672         5296    0.149903
       23     294      6  [  3483648028,   3484876932)      1228904         5297    0.325646
       24     288      0  [  3476275300,   3477504204)      1228904         5297    0.131038
==============================================================


================ MPI Dynamic Scheduler Debug =================
  MPI rank: 000008 / 000012

  Work summary
    claimed chunks                                         26
    claimed from this rank's queue                          3
    claimed from another rank's queue                      23
    completed FASTQ records                           1282282
    claimed input bytes                             293682920

  Scheduler counters
    scheduler_next calls                                   27
    RMA ticket attempts                                    38
    attempts against another rank's queue                  34
    tickets beyond the final chunk                         12
    empty aligned chunks                                    0

  Scheduler timing
    MPI_Win_create (setup)                       0.002675 s  (1 calls,  2675.173 us/call)
    MPI_Barrier after setup                      0.000012 s  (1 calls,    12.050 us/call)
    scheduler_next total                         0.740442 s  (27 calls, 27423.781 us/call)
      RMA ticket path total                        0.740329 s  (38 calls, 19482.330 us/call)
        MPI_Win_lock                                 0.000117 s  (38 calls,     3.075 us/call)
        MPI_Fetch_and_op                             0.000778 s  (38 calls,    20.479 us/call)
        MPI_Win_unlock                               0.739362 s  (38 calls, 19456.905 us/call)
        RMA call overhead (derived)                  0.000071 s  (38 calls,     1.871 us/call)
      align nominal offsets to FASTQ records       0.000029 s  (26 calls,     1.123 us/call)
      scheduler loop/bookkeeping (derived)         0.000084 s  (27 calls,     3.124 us/call)

  Scheduler teardown timing
    MPI_Barrier (wait for other ranks)           0.343359 s  (1 calls, 343359.063 us/call)
    MPI_Win_free                                 0.000064 s  (1 calls,    64.150 us/call)

  Stage 2 by chunk
    completed chunks                                       26
    accumulated stage 2                             13.755323 s
    average stage 2 per chunk                        0.529051 s
    slowest chunk                                           8
    slowest chunk stage 2                            1.333367 s

    order   chunk  queue        byte range                       bytes      records   stage2(s)
        0       8      8  [   157286524,    176947228)     19660704        87771    1.333367
        1      21      9  [   412876980,    432537648)     19660668        86231    0.837988
        2      34     10  [   668467260,    688128156)     19660896        86232    0.905112
        3      47     11  [   924057768,    943718436)     19660668        86231    0.867201
        4      48      0  [   943718436,    963379332)     19660896        86232    0.846020
        5      61      1  [  1199308944,   1218969612)     19660668        86231    0.807488
        6      74      2  [  1454899224,   1474560120)     19660896        86232    0.812131
        7      87      3  [  1710489732,   1730150400)     19660668        86231    0.881685
        8     100      4  [  1966080012,   1985740908)     19660896        86232    0.824311
        9     113      5  [  2221670520,   2241331416)     19660896        86232    0.827415
       10     126      6  [  2477261028,   2496921636)     19660608        84744    0.770770
       11     139      7  [  2732851252,   2752512092)     19660840        84745    0.793972
       12     152      8  [  2988441708,   3008102548)     19660840        84745    0.767594
       13     165      9  [  3170304188,   3175219340)      4915152        21186    0.206632
       14     178     10  [  3234201628,   3239117012)      4915384        21187    0.231931
       15     191     11  [  3298099300,   3303014452)      4915152        21186    0.210953
       16     192      0  [  3303014452,   3307929604)      4915152        21186    0.224477
       17     193      1  [  3307929604,   3312844988)      4915384        21187    0.222943
       18     206      2  [  3371827276,   3376742428)      4915152        21186    0.219362
       19     231      3  [  3406233804,   3407462476)      1228672         5296    0.084440
       20     220      4  [  3392717020,   3393945692)      1228672         5296    0.079597
       21     221      5  [  3393945692,   3395174596)      1228904         5297    0.096755
       22     234      6  [  3409920052,   3411148956)      1228904         5297    0.130389
       23     271      7  [  3455385788,   3456614460)      1228672         5296    0.112304
       24     284      8  [  3471360148,   3472588820)      1228672         5296    0.133461
       25     297      9  [  3487334508,   3488563412)      1228904         5297    0.527025
==============================================================


================ MPI Dynamic Scheduler Debug =================
  MPI rank: 000009 / 000012

  Work summary
    claimed chunks                                         26
    claimed from this rank's queue                          3
    claimed from another rank's queue                      23
    completed FASTQ records                           1282285
    claimed input bytes                             293683604

  Scheduler counters
    scheduler_next calls                                   27
    RMA ticket attempts                                    38
    attempts against another rank's queue                  34
    tickets beyond the final chunk                         12
    empty aligned chunks                                    0

  Scheduler timing
    MPI_Win_create (setup)                       0.002372 s  (1 calls,  2371.570 us/call)
    MPI_Barrier after setup                      0.000028 s  (1 calls,    28.150 us/call)
    scheduler_next total                         0.849979 s  (27 calls, 31480.697 us/call)
      RMA ticket path total                        0.849867 s  (38 calls, 22364.913 us/call)
        MPI_Win_lock                                 0.000119 s  (38 calls,     3.122 us/call)
        MPI_Fetch_and_op                             0.000664 s  (38 calls,    17.474 us/call)
        MPI_Win_unlock                               0.849023 s  (38 calls, 22342.707 us/call)
        RMA call overhead (derived)                  0.000061 s  (38 calls,     1.611 us/call)
      align nominal offsets to FASTQ records       0.000028 s  (26 calls,     1.067 us/call)
      scheduler loop/bookkeeping (derived)         0.000084 s  (27 calls,     3.124 us/call)

  Scheduler teardown timing
    MPI_Barrier (wait for other ranks)           0.204484 s  (1 calls, 204484.135 us/call)
    MPI_Win_free                                 0.000071 s  (1 calls,    71.500 us/call)

  Stage 2 by chunk
    completed chunks                                       26
    accumulated stage 2                             13.914768 s
    average stage 2 per chunk                        0.535183 s
    slowest chunk                                           9
    slowest chunk stage 2                            1.312126 s

    order   chunk  queue        byte range                       bytes      records   stage2(s)
        0       9      9  [   176947228,    196608156)     19660928        87772    1.312126
        1      22     10  [   432537648,    452198544)     19660896        86232    0.817043
        2      35     11  [   688128156,    707788824)     19660668        86231    0.787195
        3      36      0  [   707788824,    727449720)     19660896        86232    0.763082
        4      49      1  [   963379332,    983040000)     19660668        86231    0.846235
        5      62      2  [  1218969612,   1238630508)     19660896        86232    0.778132
        6      75      3  [  1474560120,   1494221016)     19660896        86232    1.113854
        7      88      4  [  1730150400,   1749811296)     19660896        86232    0.855410
        8     101      5  [  1985740908,   2005401804)     19660896        86232    0.794513
        9     114      6  [  2241331416,   2260992084)     19660668        86231    0.835873
       10     127      7  [  2496921636,   2516582476)     19660840        84745    0.789897
       11     140      8  [  2752512092,   2772172932)     19660840        84745    0.748233
       12     153      9  [  3008102548,   3027763388)     19660840        84745    0.904459
       13     166     10  [  3175219340,   3180134492)      4915152        21186    0.213866
       14     179     11  [  3239117012,   3244032164)      4915152        21186    0.235332
       15     180      0  [  3244032164,   3248947316)      4915152        21186    0.223014
       16     169      1  [  3189965028,   3194880180)      4915152        21186    0.211274
       17     170      2  [  3194880180,   3199795332)      4915152        21186    0.229472
       18     183      3  [  3258777620,   3263693004)      4915384        21187    0.215661
       19     244      4  [  3422208164,   3423436836)      1228672         5296    0.084709
       20     245      5  [  3423436836,   3424665740)      1228904         5297    0.119707
       21     258      6  [  3439411428,   3440640100)      1228672         5296    0.101835
       22     259      7  [  3440640100,   3441869004)      1228904         5297    0.094030
       23     272      8  [  3456614460,   3457843364)      1228904         5297    0.075034
       24     285      9  [  3472588820,   3473817724)      1228904         5297    0.133846
       25     298     10  [  3488563412,   3489792084)      1228672         5296    0.630936
==============================================================


================ MPI Dynamic Scheduler Debug =================
  MPI rank: 000010 / 000012

  Work summary
    claimed chunks                                         23
    claimed from this rank's queue                          2
    claimed from another rank's queue                      21
    completed FASTQ records                           1281900
    claimed input bytes                             293683724

  Scheduler counters
    scheduler_next calls                                   24
    RMA ticket attempts                                    35
    attempts against another rank's queue                  32
    tickets beyond the final chunk                         12
    empty aligned chunks                                    0

  Scheduler timing
    MPI_Win_create (setup)                       0.002436 s  (1 calls,  2436.471 us/call)
    MPI_Barrier after setup                      0.000013 s  (1 calls,    12.700 us/call)
    scheduler_next total                         0.718551 s  (24 calls, 29939.629 us/call)
      RMA ticket path total                        0.718439 s  (35 calls, 20526.815 us/call)
        MPI_Win_lock                                 0.000104 s  (35 calls,     2.963 us/call)
        MPI_Fetch_and_op                             0.001377 s  (35 calls,    39.335 us/call)
        MPI_Win_unlock                               0.716896 s  (35 calls, 20482.731 us/call)
        RMA call overhead (derived)                  0.000063 s  (35 calls,     1.787 us/call)
      align nominal offsets to FASTQ records       0.000028 s  (23 calls,     1.235 us/call)
      scheduler loop/bookkeeping (derived)         0.000084 s  (24 calls,     3.506 us/call)

  Scheduler teardown timing
    MPI_Barrier (wait for other ranks)           0.205116 s  (1 calls, 205116.240 us/call)
    MPI_Win_free                                 0.000068 s  (1 calls,    67.700 us/call)

  Stage 2 by chunk
    completed chunks                                       23
    accumulated stage 2                             13.612920 s
    average stage 2 per chunk                        0.591866 s
    slowest chunk                                          10
    slowest chunk stage 2                            1.257994 s

    order   chunk  queue        byte range                       bytes      records   stage2(s)
        0      10     10  [   196608156,    216268860)     19660704        87771    1.257994
        1      23     11  [   452198544,    471859212)     19660668        86231    0.875331
        2      24      0  [   471859212,    491520108)     19660896        86232    0.796518
        3      37      1  [   727449720,    747110616)     19660896        86232    0.812784
        4      50      2  [   983040000,   1002700896)     19660896        86232    0.847926
        5      63      3  [  1238630508,   1258291404)     19660896        86232    0.797441
        6      76      4  [  1494221016,   1513881684)     19660668        86231    0.893891
        7      89      5  [  1749811296,   1769472192)     19660896        86232    0.772281
        8     102      6  [  2005401804,   2025062472)     19660668        86231    0.735067
        9     115      7  [  2260992084,   2280652860)     19660776        85846    0.880004
       10     128      8  [  2516582476,   2536243316)     19660840        84745    0.777230
       11     141      9  [  2772172932,   2791833772)     19660840        84745    0.736007
       12     154     10  [  3027763388,   3047424228)     19660840        84745    0.781157
       13     167     11  [  3180134492,   3185049644)      4915152        21186    0.241507
       14     156      0  [  3067084836,   3086745676)     19660840        84745    0.749307
       15     205      1  [  3366912124,   3371827276)      4915152        21186    0.217938
       16     230      2  [  3405004900,   3406233804)      1228904         5297    0.120830
       17     243      3  [  3420979260,   3422208164)      1228904         5297    0.100364
       18     256      4  [  3436953620,   3438182524)      1228904         5297    0.094800
       19     269      5  [  3452928212,   3454156884)      1228672         5296    0.100811
       20     270      6  [  3454156884,   3455385788)      1228904         5297    0.092334
       21     283      7  [  3470131244,   3471360148)      1228904         5297    0.104577
       22     296      8  [  3486105604,   3487334508)      1228904         5297    0.826821
==============================================================


================ MPI Dynamic Scheduler Debug =================
  MPI rank: 000011 / 000012

  Work summary
    claimed chunks                                         22
    claimed from this rank's queue                          2
    claimed from another rank's queue                      20
    completed FASTQ records                           1226861
    claimed input bytes                             281395016

  Scheduler counters
    scheduler_next calls                                   23
    RMA ticket attempts                                    42
    attempts against another rank's queue                  38
    tickets beyond the final chunk                         20
    empty aligned chunks                                    0

  Scheduler timing
    MPI_Win_create (setup)                       0.002345 s  (1 calls,  2344.770 us/call)

================ MPI Dynamic Scheduler Debug =================
  MPI rank: 000001 / 000012

  Work summary
    claimed chunks                                         24
    claimed from this rank's queue                          3
    claimed from another rank's queue                      21
    completed FASTQ records                           1302168
    claimed input bytes                             298598196

  Scheduler counters
    scheduler_next calls                                   25
    RMA ticket attempts                                    37
    attempts against another rank's queue                  33
    tickets beyond the final chunk                         13
    empty aligned chunks                                    0

  Scheduler timing
    MPI_Win_create (setup)                       0.002910 s  (1 calls,  2909.725 us/call)
    MPI_Barrier after setup                      0.000030 s  (1 calls,    29.950 us/call)
    scheduler_next total                         0.651563 s  (25 calls, 26062.521 us/call)
      RMA ticket path total                        0.651460 s  (37 calls, 17607.033 us/call)
        MPI_Win_lock                                 0.000107 s  (37 calls,     2.885 us/call)
        MPI_Fetch_and_op                             0.000646 s  (37 calls,    17.472 us/call)
        MPI_Win_unlock                               0.650649 s  (37 calls, 17585.107 us/call)
        RMA call overhead (derived)                  0.000058 s  (37 calls,     1.569 us/call)
      align nominal offsets to FASTQ records       0.000026 s  (24 calls,     1.100 us/call)
      scheduler loop/bookkeeping (derived)         0.000076 s  (25 calls,     3.056 us/call)

  Scheduler teardown timing
    MPI_Barrier (wait for other ranks)           0.020619 s  (1 calls, 20618.774 us/call)
    MPI_Win_free                                 0.000076 s  (1 calls,    76.251 us/call)

  Stage 2 by chunk
    completed chunks                                       24
    accumulated stage 2                             13.967934 s
    average stage 2 per chunk                        0.581997 s
    slowest chunk                                           1
    slowest chunk stage 2                            1.305782 s

    order   chunk  queue        byte range                       bytes      records   stage2(s)
        0       1      1  [    19660976,     39321628)     19660652        87957    1.305782
        1      14      2  [   275251392,    294912060)     19660668        86231    0.812589
        2      27      3  [   530841672,    550502568)     19660896        86232    0.758542
        3      40      4  [   786432180,    806092848)     19660668        86231    0.852582
        4      53      5  [  1042022460,   1061683356)     19660896        86232    0.804163
        5      66      6  [  1297612968,   1317273636)     19660668        86231    0.919308
        6      79      7  [  1553203248,   1572864144)     19660896        86232    0.844089
        7      92      8  [  1808793756,   1828454424)     19660668        86231    0.845353
        8     105      9  [  2064384036,   2084044932)     19660896        86232    0.839566
        9     118     10  [  2319974540,   2339635380)     19660840        84745    0.856893
       10     131     11  [  2575564996,   2595225604)     19660608        84744    0.800636
       11     132      0  [  2595225604,   2614886444)     19660840        84745    0.833342
       12     145      1  [  2850816060,   2870476900)     19660840        84745    0.745315
       13     158      2  [  3106406516,   3126067356)     19660840        84745    0.826511
       14     171      3  [  3199795332,   3204710484)      4915152        21186    0.267401
       15     184      4  [  3263693004,   3268608156)      4915152        21186    0.219634
       16     197      5  [  3327590444,   3332505828)      4915384        21187    0.203401
       17     222      6  [  3395174596,   3396403268)      1228672         5296    0.090916
       18     235  
================ MPI Dynamic Scheduler Debug =================
  MPI rank: 000002 / 000012

  Work summary
    claimed chunks                                         26
    claimed from this rank's queue                          3
    claimed from another rank's queue                      23
    completed FASTQ records                           1312575
    claimed input bytes                             301055816

  Scheduler counters
    scheduler_next calls                                   27
    RMA ticket attempts                                    38
    attempts against another rank's queue                  34
    tickets beyond the final chunk                         12
    empty aligned chunks                                    0

  Scheduler timing
    MPI_Win_create (setup)                       0.000651 s  (1 calls,   651.005 us/call)
    MPI_Barrier after setup                      0.000017 s  (1 calls,    16.500 us/call)
    scheduler_next total                         0.595478 s  (27 calls, 22054.726 us/call)
      RMA ticket path total                        0.595362 s  (38 calls, 15667.417 us/call)
        MPI_Win_lock                                 0.000112 s  (38 calls,     2.955 us/call)
        MPI_Fetch_and_op                             0.000737 s  (38 calls,    19.407 us/call)
        MPI_Win_unlock                               0.594444 s  (38 calls, 15643.252 us/call)
        RMA call overhead (derived)                  0.000068 s  (38 calls,     1.803 us/call)
      align nominal offsets to FASTQ records       0.000031 s  (26 calls,     1.187 us/call)
      scheduler loop/bookkeeping (derived)         0.000085 s  (27 calls,     3.144 us/call)

  Scheduler teardown timing
    MPI_Barrier (wait for other ranks)           0.205710 s  (1 calls, 205710.393 us/call)
    MPI_Win_free                                 0.000097 s  (1 calls,    97.001 us/call)

  Stage 2 by chunk
    completed chunks                                       26
    accumulated stage 2                             14.101174 s
    average stage 2 per chunk                        0.542353 s
    slowest chunk                                           2
    slowest chunk stage 2                            1.293176 s

    order   chunk  queue        byte range                       bytes      records   stage2(s)
        0       2      2  [    39321628,     58982556)     19660928        87772    1.293176
        1      15      3  [   294912060,    314572956)     19660896        86232    0.773562
        2      28      4  [   550502568,    570163236)     19660668        86231    0.796217
        3      41      5  [   806092848,    825753744)     19660896        86232    0.867607
        4      54      6  [  1061683356,   1081344024)     19660668        86231    0.783126
        5      67      7  [  1317273636,   1336934532)     19660896        86232    1.002514
        6      80      8  [  1572864144,   1592524812)     19660668        86231    0.820112
        7      93      9  [  1828454424,   1848115320)     19660896        86232    0.743843
        8     106     10  [  2084044932,   2103705600)     19660668        86231    0.781153
        9     119     11  [  2339635380,   2359296220)     19660840        84745    0.776056
       10     120      0  [  2359296220,   2378956828)     19660608        84744    0.797716
       11     133      1  [  2614886444,   2634547284)     19660840        84745    0.757318
       12     146      2  [  2870476900,   2890137740)     19660840        84745    0.821955
       13     159      3  [  3126067356,   3145728196)     19660840        84745    0.778418
       14     172      4  [  3204710484,   3209625636)      4915152        21186    0.205220
       15     185      5  [  3268608156,   3273523308)      4915152        21186    0.215900
       16     198      6  [  3332505828,   3337420980)      4915152        21186    0.289540
       17     211      7  [  3381657812,   3382886484)      1228672         5296    0.088374
       18     224 
================ MPI Dynamic Scheduler Debug =================
  MPI rank: 000003 / 000012

  Work summary
    claimed chunks                                         29
    claimed from this rank's queue                          3
    claimed from another rank's queue                      26
    completed FASTQ records                           1296704
    claimed input bytes                             297028820

  Scheduler counters
    scheduler_next calls                                   30
    RMA ticket attempts                                    46
    attempts against another rank's queue                  42
    tickets beyond the final chunk                         17
    empty aligned chunks                                    0

  Scheduler timing
    MPI_Win_create (setup)                       0.002563 s  (1 calls,  2562.572 us/call)
    MPI_Barrier after setup                      0.000032 s  (1 calls,    31.800 us/call)
    scheduler_next total                         0.976348 s  (30 calls, 32544.917 us/call)
      RMA ticket path total                        0.976219 s  (46 calls, 21222.145 us/call)
        MPI_Win_lock                                 0.000133 s  (46 calls,     2.883 us/call)
        MPI_Fetch_and_op                             0.000809 s  (46 calls,    17.588 us/call)
        MPI_Win_unlock                               0.975205 s  (46 calls, 21200.099 us/call)
        RMA call overhead (derived)                  0.000072 s  (46 calls,     1.575 us/call)
      align nominal offsets to FASTQ records       0.000031 s  (29 calls,     1.059 us/call)
      scheduler loop/bookkeeping (derived)         0.000098 s  (30 calls,     3.272 us/call)

  Scheduler teardown timing
    MPI_Barrier (wait for other ranks)           0.070610 s  (1 calls, 70610.298 us/call)
    MPI_Win_free                                 0.000075 s  (1 calls,    74.951 us/call)

  Stage 2 by chunk
    completed chunks                                       29
    accumulated stage 2                             14.041768 s
    average stage 2 per chunk                        0.484199 s
    slowest chunk                                           3
    slowest chunk stage 2                            1.313155 s

    order   chunk  queue        byte range                       bytes      records   stage2(s)
        0       3      3  [    58982556,     78643260)     19660704        87771    1.313155
        1      16      4  [   314572956,    334233624)     19660668        86231    0.821740
        2      29      5  [   570163236,    589824132)     19660896        86232    0.769120
        3      42      6  [   825753744,    845414412)     19660668        86231    0.856334
        4      55      7  [  1081344024,   1101004920)     19660896        86232    0.841974
        5      68      8  [  1336934532,   1356595200)     19660668        86231    0.786483
        6      81      9  [  1592524812,   1612185708)     19660896        86232    0.885597
        7      94     10  [  1848115320,   1867776216)     19660896        86232    0.752207
        8     107     11  [  2103705600,   2123366496)     19660896        86232    0.729893
        9     108      0  [  2123366496,   2143027392)     19660896        86232    0.794098
       10     121      1  [  2378956828,   2398617668)     19660840        84745    0.762399
       11     134      2  [  2634547284,   2654208124)     19660840        84745    0.758999
       12     147      3  [  2890137740,   2909798580)     19660840        84745    0.823614
       13     160      4  [  3145728196,   3150643348)      4915152        21186    0.250796
       14     161      5  [  3150643348,   3155558500)      4915152        21186    0.243380
       15     162      6  [  3155558500,   3160473652)      4915152        21186    0.230724
       16     175      7  [  3219456172,   3224371324)      4915152        21186    0.271702
       17     188      8  [  3283353612,   3288268996)      4915384        21187    0.208198
       18     201      MPI_Barrier after setup                      0.000028 s    7  [  3411148956,   3412377628)      1228672         5296    0.098468
       19     248      8  [  3427123316,   3428352220)      1228904         5297    0.085343
       20     261      9  [  3443097676,   3444326580)      1228904         5297    0.083962
       21     274     10  [  3459072036,   3460300940)      1228904         5297    0.090461
       22     287     11  [  3475046628,   3476275300)      1228672         5296    0.238678
       23     301      1  [  3492249660,   3493478564)      1228904         5297    0.544999
==============================================================

     8  [  3397632172,   3398860844)      1228672         5296    0.107651
       19     237      9  [  3413606532,   3414835204)      1228672         5296    0.086602
       20     250     10  [  3429580892,   3430809796)      1228904         5297    0.102230
       21     263     11  [  3445555252,   3446784156)      1228904         5297    0.085896
       22     264      0  [  3446784156,   3448012828)      1228672         5296    0.095370
       23     277      1  [  3462758516,   3463987420)      1228904         5297    0.086306
       24     290      2  [  3478732876,   3479961780)      1228904         5297    0.182105
       25     303      3  [  3494707236,   3495936140)      1228904         5297    0.763208
==============================================================

    9  [  3347251284,   3352166436)      4915152        21186    0.238104
       19     226     10  [  3400089748,   3401318420)      1228672         5296    0.098266
       20     239     11  [  3416064108,   3417293012)      1228904         5297    0.091655
       21     228      0  [  3402547324,   3403776228)      1228904         5297    0.093431
       22     241      1  [  3418521684,   3419750588)      1228904         5297    0.124602
       23     254      2  [  3434496044,   3435724948)      1228904         5297    0.096539
       24     267      3  [  3450470404,   3451699308)      1228904         5297    0.105922
       25     280      4  [  3466444996,   3467673668)      1228672         5296    0.075586
       26     281      5  [  3467673668,   3468902572)      1228904         5297    0.299234
       27     306      6  [  3498393716,   3499281348)       887632         3826    0.184024
       28     300      0  [  3491020988,   3492249660)      1228672         5296    0.533992
==============================================================


================ MPI Dynamic Scheduler Debug =================
  MPI rank: 000004 / 000012

  Work summary
    claimed chunks                                         24
    claimed from this rank's queue                          2
    claimed from another rank's queue                      22
    completed FASTQ records                           1239913
    claimed input bytes                             283853300

  Scheduler counters
    scheduler_next calls                                   25
    RMA ticket attempts                                    36
    attempts against another rank's queue                  33
    tickets beyond the final chunk                         12
    empty aligned chunks                                    0

  Scheduler timing
    MPI_Win_create (setup)                       0.002747 s  (1 calls,  2746.573 us/call)
    MPI_Barrier after setup                      0.000016 s  (1 calls,    15.800 us/call)
    scheduler_next total                         0.953322 s  (25 calls, 38132.883 us/call)
      RMA ticket path total                        0.953208 s  (36 calls, 26477.991 us/call)
        MPI_Win_lock                                 0.000348 s  (36 calls,     9.668 us/call)
        MPI_Fetch_and_op                             0.000773 s  (36 calls,    21.460 us/call)
        MPI_Win_unlock                               0.952021 s  (36 calls, 26445.037 us/call)
        RMA call overhead (derived)                  0.000066 s  (36 calls,     1.826 us/call)
      align nominal offsets to FASTQ records       0.000029 s  (24 calls,     1.204 us/call)
      scheduler loop/bookkeeping (derived)         0.000086 s  (25 calls,     3.420 us/call)

  Scheduler teardown timing
    MPI_Barrier (wait for other ranks)           0.297085 s  (1 calls, 297084.868 us/call)
    MPI_Win_free                                 0.000069 s  (1 calls,    69.151 us/call)

  Stage 2 by chunk
    completed chunks                                       24
    accumulated stage 2                             13.325027 s
    average stage 2 per chunk                        0.555209 s
    slowest chunk                                           4
    slowest chunk stage 2                            1.247134 s

    order   chunk  queue        byte range                       bytes      records   stage2(s)
        0       4      4  [    78643260,     98304188)     19660928        87772    1.247134
        1      17      5  [   334233624,    353894520)     19660896        86232    0.766766
        2      30      6  [   589824132,    609484800)     19660668        86231    0.821393
        3      43      7  [   845414412,    865075308)     19660896        86232    0.846267
        4      56      8  [  1101004920,   1120665816)     19660896        86232    0.801555
        5      69      9  [  1356595200,   1376256096)     19660896        86232    0.806761
        6      82     10  [  1612185708,   1631846604)     19660896        86232    0.793880
        7      95     11  [  1867776216,   1887436884)     19660668        86231    0.811614
        8      96      0  [  1887436884,   1907097780)     19660896        86232    0.784731
        9     109      1  [  2143027392,   2162688060)     19660668        86231    0.836681
       10     122      2  [  2398617668,   2418278508)     19660840        84745    0.862681
       11     135      3  [  2654208124,   2673868964)     19660840        84745    0.811639
       12     148      4  [  2909798580,   2929459420)     19660840        84745    0.826736
       13     173      5  [  3209625636,   3214541020)      4915384        21187    0.203017
       14     174      6  [  3214541020,   3219456172)      4915152        21186    0.193403
       15     187      7  [  3278438460,   3283353612)      4915152        21186    0.254665
       16     200      8  [  3342336132,   3347251284)      4915152        21186    0.223361
       17     225      9  [  3398860844,   3400089748)      1228904         5297    0.078142
       18     238 
================ MPI Dynamic Scheduler Debug =================
  MPI rank: 000005 / 000012

  Work summary
    claimed chunks                                         25
    claimed from this rank's queue                          3
    claimed from another rank's queue                      22
    completed FASTQ records                           1213428
    claimed input bytes                             277708788

  Scheduler counters
    scheduler_next calls                                   26
    RMA ticket attempts                                    37
    attempts against another rank's queue                  33
    tickets beyond the final chunk                         12
    empty aligned chunks                                    0

  Scheduler timing
    MPI_Win_create (setup)                       0.002984 s  (1 calls,  2983.725 us/call)
    MPI_Barrier after setup                      0.000030 s  (1 calls,    30.350 us/call)
    scheduler_next total                         0.883276 s  (26 calls, 33972.153 us/call)
      RMA ticket path total                        0.883170 s  (37 calls, 23869.454 us/call)
        MPI_Win_lock                                 0.000113 s  (37 calls,     3.049 us/call)
        MPI_Fetch_and_op                             0.000601 s  (37 calls,    16.256 us/call)
        MPI_Win_unlock                               0.882393 s  (37 calls, 23848.463 us/call)
        RMA call overhead (derived)                  0.000062 s  (37 calls,     1.686 us/call)
      align nominal offsets to FASTQ records       0.000029 s  (25 calls,     1.158 us/call)
      scheduler loop/bookkeeping (derived)         0.000077 s  (26 calls,     2.971 us/call)

  Scheduler teardown timing
    MPI_Barrier (wait for other ranks)           0.537034 s  (1 calls, 537034.151 us/call)
    MPI_Win_free                                 0.000076 s  (1 calls,    75.901 us/call)

  Stage 2 by chunk
    completed chunks                                       25
    accumulated stage 2                             12.485436 s
    average stage 2 per chunk                        0.499417 s
    slowest chunk                                           5
    slowest chunk stage 2                            1.319435 s

    order   chunk  queue        byte range                       bytes      records   stage2(s)
        0       5      5  [    98304188,    117964892)     19660704        87771    1.319435
        1      18      6  [   353894520,    373555416)     19660896        86232    0.795625
        2      31      7  [   609484800,    629145696)     19660896        86232    0.744282
        3      44      8  [   865075308,    884736204)     19660896        86232    0.829962
        4      57      9  [  1120665816,   1140326484)     19660668        86231    0.716287
        5      70     10  [  1376256096,   1395916992)     19660896        86232    0.801975
        6      83     11  [  1631846604,   1651507272)     19660668        86231    0.769032
        7      84      0  [  1651507272,   1671168168)     19660896        86232    0.759302
        8      97      1  [  1907097780,   1926758448)     19660668        86231    0.755012
        9     110      2  [  2162688060,   2182348956)     19660896        86232    0.787102
       10     123      3  [  2418278508,   2437939348)     19660840        84745    0.783703
       11     136      4  [  2673868964,   2693529804)     19660840        84745    0.773479
       12     149      5  [  2929459420,   2949120028)     19660608        84744    0.762922
       13     186      6  [  3273523308,   3278438460)      4915152        21186    0.217771
       14     199      7  [  3337420980,   3342336132)      4915152        21186    0.257684
       15     212      8  [  3382886484,   3384115388)      1228904         5297    0.099136
       16     213      9  [  3384115388,   3385344060)      1228672         5296    0.105683
       17     214     10  [  3385344060,   3386572964)      1228904         5297    0.097724
       18     227 [SWBWA output hash rank 000000/000012] calls=1287890 bytes=302640862 sum=0x048c3f8689941ba2 xor=0x749a5c631b4440be enabled=1
[SWBWA output hash rank 000002/000012] calls=1312575 bytes=308626425 sum=0x19ccee359c535324 xor=0x6a03caf1f5ed0a40 enabled=1
[SWBWA output hash rank 000003/000012] calls=1296704 bytes=304526665 sum=0x5155a01999df893a xor=0x01c4bfb2b001449a enabled=1
    10  [  3414835204,   3416064108)      1228904         5297    0.085407
       19     251     11  [  3430809796,   3432038468)      1228672         5296    0.088230
       20     252      0  [  3432038468,   3433267372)      1228904         5297    0.094408
       21     265      1  [  3448012828,   3449241732)      1228904         5297    0.122800
       22     278      2  [  3463987420,   3465216092)      1228672         5296    0.100671
       23     291      3  [  3479961780,   3481190452)      1228672         5296    0.863085
==============================================================

[SWBWA output hash rank 000004/000012] calls=1239913 bytes=291442240 sum=0x999f5f7549998e6e xor=0x8a9f8b37efa54b72 enabled=1
    11  [  3401318420,   3402547324)      1228904         5297    0.115454
       19     240      0  [  3417293012,   3418521684)      1228672         5296    0.098159
       20     253      1  [  3433267372,   3434496044)      1228672         5296    0.107695
       21     266      2  [  3449241732,   3450470404)      1228672         5296    0.112477
       22     279      3  [  3465216092,   3466444996)      1228904         5297    0.087974
       23     292      4  [  3481190452,   3482419356)      1228904         5297    0.247067
       24     305      5  [  3497164812,   3498393716)      1228904         5297    0.340494
==============================================================

[SWBWA output hash rank 000005/000012] calls=1213428 bytes=284366938 sum=0x7e404bfd7e705845 xor=0x0caff842fc1d27d3 enabled=1
[SWBWA output hash rank 000006/000012] calls=1319357 bytes=309204254 sum=0x8533c3e197b77539 xor=0x52788e776127c279 enabled=1
[SWBWA output hash rank 000007/000012] calls=1229317 bytes=288596917 sum=0x4cb6e0aad8ebabb1 xor=0xec53652db976f3d3 enabled=1
[SWBWA output hash rank 000008/000012] calls=1282282 bytes=302407876 sum=0xf438e160f3414022 xor=0x92a5a0caf0830a06 enabled=1
[SWBWA output hash rank 000009/000012] calls=1282285 bytes=302523119 sum=0xd4e8d100327236c6 xor=0x2cf8079d4eb52ef6 enabled=1
[SWBWA output hash rank 000010/000012] calls=1281900 bytes=300571882 sum=0x452febe971bede9b xor=0x4889f7596102a73d enabled=1
  (1 calls,    27.550 us/call)
    scheduler_next total                         0.929390 s  (23 calls, 40408.247 us/call)
      RMA ticket path total                        0.929288 s  (42 calls, 22125.911 us/call)
        MPI_Win_lock                                 0.000105 s  (42 calls,     2.502 us/call)
        MPI_Fetch_and_op                             0.000598 s  (42 calls,    14.244 us/call)
        MPI_Win_unlock                               0.928518 s  (42 calls, 22107.572 us/call)
        RMA call overhead (derived)                  0.000067 s  (42 calls,     1.593 us/call)
      align nominal offsets to FASTQ records       0.000025 s  (22 calls,     1.116 us/call)
      scheduler loop/bookkeeping (derived)         0.000077 s  (23 calls,     3.341 us/call)

  Scheduler teardown timing
    MPI_Barrier (wait for other ranks)           0.000041 s  (1 calls,    40.551 us/call)
    MPI_Win_free                                 0.000052 s  (1 calls,    52.050 us/call)

  Stage 2 by chunk
    completed chunks                                       22
    accumulated stage 2                             12.915164 s
    average stage 2 per chunk                        0.587053 s
    slowest chunk                                          11
    slowest chunk stage 2                            1.275056 s

    order   chunk  queue        byte range                       bytes      records   stage2(s)
        0      11     11  [   216268860,    235929600)     19660740        86802    1.275056
        1      12      0  [   235929600,    255590496)     19660896        86232    0.794896
        2      25      1  [   491520108,    511181004)     19660896        86232    0.730761
        3      38      2  [   747110616,    766771284)     19660668        86231    0.810795
        4      51      3  [  1002700896,   1022361792)     19660896        86232    0.837829
        5      64      4  [  1258291404,   1277952072)     19660668        86231    0.820388
        6      77      5  [  1513881684,   1533542580)     19660896        86232    0.855493
        7      90      6  [  1769472192,   1789132860)     19660668        86231    0.799643
        8     103      7  [  2025062472,   2044723368)     19660896        86232    0.767925
        9     116      8  [  2280652860,   2300313700)     19660840        84745    0.752987
       10     129      9  [  2536243316,   2555904156)     19660840        84745    0.670243
       11     142     10  [  2791833772,   2811494612)     19660840        84745    0.777157
       12     155     11  [  3047424228,   3067084836)     19660608        84744    0.773686
       13     168      0  [  3185049644,   3189965028)      4915384        21187    0.226330
       14     181      1  [  3248947316,   3253862468)      4915152        21186    0.216194
       15     182      2  [  3253862468,   3258777620)      4915152        21186    0.222073
       16     195      3  [  3317760140,   3322675292)      4915152        21186    0.213726
       17     232      4  [  3407462476,   3408691380)      1228904         5297    0.134856
       18     257      5  [  3438182524,   3439411428)      1228904         5297    0.090596
       19     282      6  [  3468902572,   3470131244)      1228672         5296    0.116117
       20     295      7  [  3484876932,   3486105604)      1228672         5296    0.445653
       21     304      4  [  3495936140,   3497164812)      1228672         5296    0.582759
==============================================================

[SWBWA output hash rank 000011/000012] calls=1226861 bytes=288547450 sum=0x497e4ea896fdf145 xor=0xd2305730205eb483 enabled=1
[SWBWA output hash rank 000001/000012] calls=1302168 bytes=306823021 sum=0x13acfac873ba641f xor=0xde395010b862338f enabled=1

================ MPI Progress Thread Debug =================
  MPI rank: 000000 / 000012
  lifetime                                       25.647059 s
  MPI_Iprobe calls                                    2559
  MPI_Iprobe total                                0.048511 s
  MPI_Iprobe average                                18.957 us
  MPI_Iprobe maximum                              0.002056 s
  calls >= 1 ms                                          3
  calls >= 10 ms                                         0
  calls >= 100 ms                                        0
  calls >= 1 s                                           0
============================================================


================ MPI Progress Thread Debug =================
  MPI rank: 000001 / 000012
  lifetime                                       25.650365 s
  MPI_Iprobe calls                                    2565
  MPI_Iprobe total                                0.036031 s
  MPI_Iprobe average                                14.047 us
  MPI_Iprobe maximum                              0.002998 s
  calls >= 1 ms                                          4
  calls >= 10 ms                                         0
  calls >= 100 ms                                        0
  calls >= 1 s                                           0
============================================================


================ MPI Progress Thread Debug =================
  MPI rank: 000002 / 000012
  lifetime                                       25.643544 s
  MPI_Iprobe calls                                    2565
  MPI_Iprobe total                                0.043716 s
  MPI_Iprobe average                                17.043 us
  MPI_Iprobe maximum                              0.000320 s
  calls >= 1 ms                                          0
  calls >= 10 ms                                         0
  calls >= 100 ms                                        0
  calls >= 1 s                                           0
============================================================


================ MPI Progress Thread Debug =================
  MPI rank: 000003 / 000012
  lifetime                                       25.649096 s
  MPI_Iprobe calls                                    2561
  MPI_Iprobe total                                0.033576 s
  MPI_Iprobe average                                13.111 us
  MPI_Iprobe maximum                              0.000103 s
  calls >= 1 ms                                          0
  calls >= 10 ms                                         0
  calls >= 100 ms                                        0
  calls >= 1 s                                           0
============================================================


================ MPI Progress Thread Debug =================
  MPI rank: 000004 / 000012
  lifetime                                       25.652477 s
  MPI_Iprobe calls                                    2564
  MPI_Iprobe total                                0.042040 s
  MPI_Iprobe average                                16.396 us
  MPI_Iprobe maximum                              0.002263 s
  calls >= 1 ms                                          1
  calls >= 10 ms                                         0
  calls >= 100 ms                                        0
  calls >= 1 s                                           0
============================================================


================ MPI Progress Thread Debug =================
  MPI rank: 000005 / 000012
  lifetime                                       25.642777 s
  MPI_Iprobe calls                                    2562
  MPI_Iprobe total                                0.040438 s
  MPI_Iprobe average                                15.784 us
  MPI_Iprobe maximum                              0.002176 s
  calls >= 1 ms                                          3
  calls >= 10 ms                                         0
  calls >= 100 ms                                        0
  calls >= 1 s                                           0
============================================================


================ MPI Progress Thread Debug =================
  MPI rank: 000006 / 000012
  lifetime                                       25.651220 s
  MPI_Iprobe calls                                    2561
  MPI_Iprobe total                                0.055000 s
  MPI_Iprobe average                                21.476 us
  MPI_Iprobe maximum                              0.003110 s
  calls >= 1 ms                                          5
  calls >= 10 ms                                         0
  calls >= 100 ms                                        0
  calls >= 1 s                                           0
============================================================


================ MPI Progress Thread Debug =================
  MPI rank: 000007 / 000012
  lifetime                                       25.648381 s
  MPI_Iprobe calls                                    2561
  MPI_Iprobe total                                0.045848 s
  MPI_Iprobe average                                17.902 us
  MPI_Iprobe maximum                              0.003419 s
  calls >= 1 ms                                          4
  calls >= 10 ms                                         0
  calls >= 100 ms                                        0
  calls >= 1 s                                           0
============================================================


================ MPI Progress Thread Debug =================
  MPI rank: 000008 / 000012
  lifetime                                       25.649081 s
  MPI_Iprobe calls                                    2563
  MPI_Iprobe total                                0.037142 s
  MPI_Iprobe average                                14.492 us
  MPI_Iprobe maximum                              0.002738 s
  calls >= 1 ms                                          2
  calls >= 10 ms                                         0
  calls >= 100 ms                                        0
  calls >= 1 s                                           0
============================================================


================ MPI Progress Thread Debug =================
  MPI rank: 000009 / 000012
  lifetime                                       25.642818 s
  MPI_Iprobe calls                                    2558
  MPI_Iprobe total                                0.042734 s
  MPI_Iprobe average                                16.706 us
  MPI_Iprobe maximum                              0.002007 s
  calls >= 1 ms                                          1
  calls >= 10 ms                                         0
  calls >= 100 ms                                        0
  calls >= 1 s                                           0
============================================================


================ MPI Progress Thread Debug =================
  MPI rank: 000010 / 000012
  lifetime                                       25.645389 s
  MPI_Iprobe calls                                    2564
  MPI_Iprobe total                                0.040793 s
  MPI_Iprobe average                                15.910 us
  MPI_Iprobe maximum                              0.000271 s
  calls >= 1 ms                                          0
  calls >= 10 ms                                         0
  calls >= 100 ms                                        0
  calls >= 1 s                                           0
============================================================


================ MPI Progress Thread Debug =================
  MPI rank: 000011 / 000012
  lifetime                                       25.645242 s
  MPI_Iprobe calls                                    2560
  MPI_Iprobe total                                0.044211 s
  MPI_Iprobe average                                17.270 us
  MPI_Iprobe maximum                              0.006502 s
  calls >= 1 ms                                          3
  calls >= 10 ms                                         0
  calls >= 100 ms                                        0
  calls >= 1 s                                           0
============================================================


================ SWBWA CPE/MPI Progress Debug ================
  MPI rank: 000000 / 000012

    phase                      waits     probes   total(s)    avg(us)    max(s)   >=1ms   >=10ms   >=100ms    >=1s  completed
    FASTQ formatting              27          0      0.000      0.000     0.000       0        0         0       0          0
    alignment and SAM length      27          0      0.000      0.000     0.000       0        0         0       0          0
    SAM record generation         27          0      0.000      0.000     0.000       0        0         0       0          0
    all CPE phases                81          0      0.000      0.000     0.000       0        0         0       0          0

  Probes marked 'completed' returned with the CPE completion
  flag set. Their full call duration bounds the possible delay.
    completion-observing probe total               0.000000 s
    slowest completion-observing probe             0.000000 s
==============================================================


================ SWBWA CPE/MPI Progress Debug ================
  MPI rank: 000001 / 000012

    phase                      waits     probes   total(s)    avg(us)    max(s)   >=1ms   >=10ms   >=100ms    >=1s  completed
    FASTQ formatting              24          0      0.000      0.000     0.000       0        0         0       0          0
    alignment and SAM length      24          0      0.000      0.000     0.000       0        0         0       0          0
    SAM record generation         24          0      0.000      0.000     0.000       0        0         0       0          0
    all CPE phases                72          0      0.000      0.000     0.000       0        0         0       0          0

  Probes marked 'completed' returned with the CPE completion
  flag set. Their full call duration bounds the possible delay.
    completion-observing probe total               0.000000 s
    slowest completion-observing probe             0.000000 s
==============================================================


================ SWBWA CPE/MPI Progress Debug ================
  MPI rank: 000002 / 000012

    phase                      waits     probes   total(s)    avg(us)    max(s)   >=1ms   >=10ms   >=100ms    >=1s  completed
    FASTQ formatting              26          0      0.000      0.000     0.000       0        0         0       0          0
    alignment and SAM length      26          0      0.000      0.000     0.000       0        0         0       0          0
    SAM record generation         26          0      0.000      0.000     0.000       0        0         0       0          0
    all CPE phases                78          0      0.000      0.000     0.000       0        0         0       0          0

  Probes marked 'completed' returned with the CPE completion
  flag set. Their full call duration bounds the possible delay.
    completion-observing probe total               0.000000 s
    slowest completion-observing probe             0.000000 s
==============================================================


================ SWBWA CPE/MPI Progress Debug ================
  MPI rank: 000003 / 000012

    phase                      waits     probes   total(s)    avg(us)    max(s)   >=1ms   >=10ms   >=100ms    >=1s  completed
    FASTQ formatting              29          0      0.000      0.000     0.000       0        0         0       0          0
    alignment and SAM length      29          0      0.000      0.000     0.000       0        0         0       0          0
    SAM record generation         29          0      0.000      0.000     0.000       0        0         0       0          0
    all CPE phases                87          0      0.000      0.000     0.000       0        0         0       0          0

  Probes marked 'completed' returned with the CPE completion
  flag set. Their full call duration bounds the possible delay.
    completion-observing probe total               0.000000 s
    slowest completion-observing probe             0.000000 s
==============================================================


================ SWBWA CPE/MPI Progress Debug ================
  MPI rank: 000004 / 000012

    phase                      waits     probes   total(s)    avg(us)    max(s)   >=1ms   >=10ms   >=100ms    >=1s  completed
    FASTQ formatting              24          0      0.000      0.000     0.000       0        0         0       0          0
    alignment and SAM length      24          0      0.000      0.000     0.000       0        0         0       0          0
    SAM record generation         24          0      0.000      0.000     0.000       0        0         0       0          0
    all CPE phases                72          0      0.000      0.000     0.000       0        0         0       0          0

  Probes marked 'completed' returned with the CPE completion
  flag set. Their full call duration bounds the possible delay.
    completion-observing probe total               0.000000 s
    slowest completion-observing probe             0.000000 s
==============================================================


================ SWBWA CPE/MPI Progress Debug ================
  MPI rank: 000005 / 000012

    phase                      waits     probes   total(s)    avg(us)    max(s)   >=1ms   >=10ms   >=100ms    >=1s  completed
    FASTQ formatting              25          0      0.000      0.000     0.000       0        0         0       0          0
    alignment and SAM length      25          0      0.000      0.000     0.000       0        0         0       0          0
    SAM record generation         25          0      0.000      0.000     0.000       0        0         0       0          0
    all CPE phases                75          0      0.000      0.000     0.000       0        0         0       0          0

  Probes marked 'completed' returned with the CPE completion
  flag set. Their full call duration bounds the possible delay.
    completion-observing probe total               0.000000 s
    slowest completion-observing probe             0.000000 s
==============================================================


================ SWBWA CPE/MPI Progress Debug ================
  MPI rank: 000006 / 000012

    phase                      waits     probes   total(s)    avg(us)    max(s)   >=1ms   >=10ms   >=100ms    >=1s  completed
    FASTQ formatting              30          0      0.000      0.000     0.000       0        0         0       0          0
    alignment and SAM length      30          0      0.000      0.000     0.000       0        0         0       0          0
    SAM record generation         30          0      0.000      0.000     0.000       0        0         0       0          0
    all CPE phases                90          0      0.000      0.000     0.000       0        0         0       0          0

  Probes marked 'completed' returned with the CPE completion
  flag set. Their full call duration bounds the possible delay.
    completion-observing probe total               0.000000 s
    slowest completion-observing probe             0.000000 s
==============================================================


================ SWBWA CPE/MPI Progress Debug ================
  MPI rank: 000007 / 000012

    phase                      waits     probes   total(s)    avg(us)    max(s)   >=1ms   >=10ms   >=100ms    >=1s  completed
    FASTQ formatting              25          0      0.000      0.000     0.000       0        0         0       0          0
    alignment and SAM length      25          0      0.000      0.000     0.000       0        0         0       0          0
    SAM record generation         25          0      0.000      0.000     0.000       0        0         0       0          0
    all CPE phases                75          0      0.000      0.000     0.000       0        0         0       0          0

  Probes marked 'completed' returned with the CPE completion
  flag set. Their full call duration bounds the possible delay.
    completion-observing probe total               0.000000 s
    slowest completion-observing probe             0.000000 s
==============================================================


================ SWBWA CPE/MPI Progress Debug ================
  MPI rank: 000008 / 000012

    phase                      waits     probes   total(s)    avg(us)    max(s)   >=1ms   >=10ms   >=100ms    >=1s  completed
    FASTQ formatting              26          0      0.000      0.000     0.000       0        0         0       0          0
    alignment and SAM length      26          0      0.000      0.000     0.000       0        0         0       0          0
    SAM record generation         26          0      0.000      0.000     0.000       0        0         0       0          0
    all CPE phases                78          0      0.000      0.000     0.000       0        0         0       0          0

  Probes marked 'completed' returned with the CPE completion
  flag set. Their full call duration bounds the possible delay.
    completion-observing probe total               0.000000 s
    slowest completion-observing probe             0.000000 s
==============================================================


================ SWBWA CPE/MPI Progress Debug ================
  MPI rank: 000009 / 000012

    phase                      waits     probes   total(s)    avg(us)    max(s)   >=1ms   >=10ms   >=100ms    >=1s  completed
    FASTQ formatting              26          0      0.000      0.000     0.000       0        0         0       0          0
    alignment and SAM length      26          0      0.000      0.000     0.000       0        0         0       0          0
    SAM record generation         26          0      0.000      0.000     0.000       0        0         0       0          0
    all CPE phases                78          0      0.000      0.000     0.000       0        0         0       0          0

  Probes marked 'completed' returned with the CPE completion
  flag set. Their full call duration bounds the possible delay.
    completion-observing probe total               0.000000 s
    slowest completion-observing probe             0.000000 s
==============================================================


================ SWBWA CPE/MPI Progress Debug ================
  MPI rank: 000010 / 000012

    phase                      waits     probes   total(s)    avg(us)    max(s)   >=1ms   >=10ms   >=100ms    >=1s  completed
    FASTQ formatting              23          0      0.000      0.000     0.000       0        0         0       0          0
    alignment and SAM length      23          0      0.000      0.000     0.000       0        0         0       0          0
    SAM record generation         23          0      0.000      0.000     0.000       0        0         0       0          0
    all CPE phases                69          0      0.000      0.000     0.000       0        0         0       0          0

  Probes marked 'completed' returned with the CPE completion
  flag set. Their full call duration bounds the possible delay.
    completion-observing probe total               0.000000 s
    slowest completion-observing probe             0.000000 s
==============================================================


================ SWBWA CPE/MPI Progress Debug ================
  MPI rank: 000011 / 000012

    phase                      waits     probes   total(s)    avg(us)    max(s)   >=1ms   >=10ms   >=100ms    >=1s  completed
    FASTQ formatting              22          0      0.000      0.000     0.000       0        0         0       0          0
    alignment and SAM length      22          0      0.000      0.000     0.000       0        0         0       0          0
    SAM record generation         22          0      0.000      0.000     0.000       0        0         0       0          0
    all CPE phases                66          0      0.000      0.000     0.000       0        0         0       0          0

  Probes marked 'completed' returned with the CPE completion
  flag set. Their full call duration bounds the possible delay.
    completion-observing probe total               0.000000 s
    slowest completion-observing probe             0.000000 s
==============================================================


======================= SWBWA Timing Report =======================
  MPI rank: 000000 / 000012
  Accumulated wall-clock time; indented rows are included in
  their parent row and must not be added to it.

  Pipeline
    total - complete three-stage pipeline                    25.648 s
    stage 1 - allocate and read raw FASTQ blocks              9.795 s
    stage 2 - align reads and generate SAM records           13.385 s
    stage 3 - write SAM and release batch data                2.355 s
      SAM output writes                                         1.838 s
      batch cleanup and loop overhead (derived)                 0.517 s

  Stage 1 input details
    batches completed / stage calls                      27 / 28
    input-buffer and batch allocations                        0.001 s  (55 calls, max 0.001 s)
    aggregate requested allocation bytes            294941248
    FASTQ fseeko calls                                        1.581 s  (27 calls, max 0.169 s)
    FASTQ fread calls                                         7.479 s  (27 calls, max 1.125 s)
    align chunk ends to FASTQ record boundaries               0.000 s  (0 calls, max 0.000 s)
    scheduler, checks and bookkeeping (derived)               0.733 s
    raw FASTQ bytes read                            294911808  (281.250 MiB)
    effective fread bandwidth                         37.605 MiB/s
    slowest allocation                                 0.001 s  (1229928 bytes)
    slowest fread                                      1.125 s  (R1 offset=0, bytes=19660976)

  Stage 2 worker details
    total - active merge worker                              13.380 s
      part 1 - prepare CPE task and reusable buffers            0.926 s
      part 2 - CPE FASTQ formatting and input release           0.210 s
      part 3 - CPE alignment and SAM length pass               11.830 s
      part 4 - assign slices in the shared SAM buffer           0.096 s
      part 5 - CPE SAM record generation                        0.312 s
      part 6 - release temporary worker data                    0.000 s

  Reserved allocator timers (no active timing sites)
    malloc timer                                              0.000 s
    free timer                                                0.000 s
===================================================================


======================= SWBWA Timing Report =======================
  MPI rank: 000001 / 000012
  Accumulated wall-clock time; indented rows are included in
  their parent row and must not be added to it.

  Pipeline
    total - complete three-stage pipeline                    25.651 s
    stage 1 - allocate and read raw FASTQ blocks              9.350 s
    stage 2 - align reads and generate SAM records           13.968 s
    stage 3 - write SAM and release batch data                2.287 s
      SAM output writes                                         1.805 s
      batch cleanup and loop overhead (derived)                 0.482 s

  Stage 1 input details
    batches completed / stage calls                      24 / 25
    input-buffer and batch allocations                        0.000 s  (49 calls, max 0.000 s)
    aggregate requested allocation bytes            298624372
    FASTQ fseeko calls                                        1.927 s  (24 calls, max 0.227 s)
    FASTQ fread calls                                         6.766 s  (24 calls, max 1.172 s)
    align chunk ends to FASTQ record boundaries               0.000 s  (0 calls, max 0.000 s)
    scheduler, checks and bookkeeping (derived)               0.657 s
    raw FASTQ bytes read                            298598196  (284.765 MiB)
    effective fread bandwidth                         42.089 MiB/s
    slowest allocation                                 0.000 s  (19661676 bytes)
    slowest fread                                      1.172 s  (R1 offset=19660976, bytes=19660652)

  Stage 2 worker details
    total - active merge worker                              13.959 s
      part 1 - prepare CPE task and reusable buffers            0.798 s
      part 2 - CPE FASTQ formatting and input release           0.216 s
      part 3 - CPE alignment and SAM length pass               12.562 s
      part 4 - assign slices in the shared SAM buffer           0.100 s
      part 5 - CPE SAM record generation                        0.272 s
      part 6 - release temporary worker data                    0.001 s

  Reserved allocator timers (no active timing sites)
    malloc timer                                              0.000 s
    free timer                                                0.000 s
===================================================================


======================= SWBWA Timing Report =======================
  MPI rank: 000002 / 000012
  Accumulated wall-clock time; indented rows are included in
  their parent row and must not be added to it.

  Pipeline
    total - complete three-stage pipeline                    25.644 s
    stage 1 - allocate and read raw FASTQ blocks              8.986 s
    stage 2 - align reads and generate SAM records           14.101 s
    stage 3 - write SAM and release batch data                2.333 s
      SAM output writes                                         1.837 s
      batch cleanup and loop overhead (derived)                 0.496 s

  Stage 1 input details
    batches completed / stage calls                      26 / 27
    input-buffer and batch allocations                        0.000 s  (53 calls, max 0.000 s)
    aggregate requested allocation bytes            301084168
    FASTQ fseeko calls                                        1.778 s  (26 calls, max 0.219 s)
    FASTQ fread calls                                         6.607 s  (26 calls, max 1.227 s)
    align chunk ends to FASTQ record boundaries               0.000 s  (0 calls, max 0.000 s)
    scheduler, checks and bookkeeping (derived)               0.601 s
    raw FASTQ bytes read                            301055816  (287.109 MiB)
    effective fread bandwidth                         43.456 MiB/s
    slowest allocation                                 0.000 s  (19661692 bytes)
    slowest fread                                      1.227 s  (R1 offset=39321628, bytes=19660928)

  Stage 2 worker details
    total - active merge worker                              14.089 s
      part 1 - prepare CPE task and reusable buffers            0.849 s
      part 2 - CPE FASTQ formatting and input release           0.202 s
      part 3 - CPE alignment and SAM length pass               12.626 s
      part 4 - assign slices in the shared SAM buffer           0.116 s
      part 5 - CPE SAM record generation                        0.285 s
      part 6 - release temporary worker data                    0.001 s

  Reserved allocator timers (no active timing sites)
    malloc timer                                              0.000 s
    free timer                                                0.000 s
===================================================================


======================= SWBWA Timing Report =======================
  MPI rank: 000003 / 000012
  Accumulated wall-clock time; indented rows are included in
  their parent row and must not be added to it.

  Pipeline
    total - complete three-stage pipeline                    25.650 s
    stage 1 - allocate and read raw FASTQ blocks              9.308 s
    stage 2 - align reads and generate SAM records           14.042 s
    stage 3 - write SAM and release batch data                2.206 s
      SAM output writes                                         1.726 s
      batch cleanup and loop overhead (derived)                 0.480 s

  Stage 1 input details
    batches completed / stage calls                      29 / 30
    input-buffer and batch allocations                        0.000 s  (59 calls, max 0.000 s)
    aggregate requested allocation bytes            297060436
    FASTQ fseeko calls                                        1.359 s  (29 calls, max 0.223 s)
    FASTQ fread calls                                         6.963 s  (29 calls, max 1.120 s)
    align chunk ends to FASTQ record boundaries               0.000 s  (0 calls, max 0.000 s)
    scheduler, checks and bookkeeping (derived)               0.986 s
    raw FASTQ bytes read                            297028820  (283.269 MiB)
    effective fread bandwidth                         40.684 MiB/s
    slowest allocation                                 0.000 s  (19661728 bytes)
    slowest fread                                      1.120 s  (R1 offset=58982556, bytes=19660704)

  Stage 2 worker details
    total - active merge worker                              14.029 s
      part 1 - prepare CPE task and reusable buffers            0.899 s
      part 2 - CPE FASTQ formatting and input release           0.236 s
      part 3 - CPE alignment and SAM length pass               12.470 s
      part 4 - assign slices in the shared SAM buffer           0.098 s
      part 5 - CPE SAM record generation                        0.314 s
      part 6 - release temporary worker data                    0.002 s

  Reserved allocator timers (no active timing sites)
    malloc timer                                              0.000 s
    free timer                                                0.000 s
===================================================================


======================= SWBWA Timing Report =======================
  MPI rank: 000006 / 000012
  Accumulated wall-clock time; indented rows are included in
  their parent row and must not be added to it.

  Pipeline
    total - complete three-stage pipeline                    25.652 s
    stage 1 - allocate and read raw FASTQ blocks              9.162 s
    stage 2 - align reads and generate SAM records           13.789 s
    stage 3 - write SAM and release batch data                2.554 s
      SAM output writes                                         2.003 s
      batch cleanup and loop overhead (derived)                 0.552 s

  Stage 1 input details
    batches completed / stage calls                      30 / 31
    input-buffer and batch allocations                        0.002 s  (61 calls, max 0.002 s)
    aggregate requested allocation bytes            302317020
    FASTQ fseeko calls                                        1.467 s  (30 calls, max 0.175 s)
    FASTQ fread calls                                         6.577 s  (30 calls, max 0.859 s)
    align chunk ends to FASTQ record boundaries               0.000 s  (0 calls, max 0.000 s)
    scheduler, checks and bookkeeping (derived)               1.116 s
    raw FASTQ bytes read                            302284316  (288.281 MiB)
    effective fread bandwidth                         43.834 MiB/s
    slowest allocation                                 0.002 s  (1229928 bytes)
    slowest fread                                      0.859 s  (R1 offset=117964892, bytes=19660928)

  Stage 2 worker details
    total - active merge worker                              13.785 s
      part 1 - prepare CPE task and reusable buffers            0.913 s
      part 2 - CPE FASTQ formatting and input release           0.256 s
      part 3 - CPE alignment and SAM length pass               12.186 s
      part 4 - assign slices in the shared SAM buffer           0.096 s
      part 5 - CPE SAM record generation                        0.331 s
      part 6 - release temporary worker data                    0.000 s

  Reserved allocator timers (no active timing sites)
    malloc timer                                              0.000 s
    free timer                                                0.000 s
===================================================================


======================= SWBWA Timing Report =======================
  MPI rank: 000007 / 000012
  Accumulated wall-clock time; indented rows are included in
  their parent row and must not be added to it.

  Pipeline
    total - complete three-stage pipeline                    25.649 s
    stage 1 - allocate and read raw FASTQ blocks              9.656 s
    stage 2 - align reads and generate SAM records           13.422 s
    stage 3 - write SAM and release batch data                2.209 s
      SAM output writes                                         1.724 s
      batch cleanup and loop overhead (derived)                 0.485 s

  Stage 1 input details
    batches completed / stage calls                      25 / 26
    input-buffer and batch allocations                        0.000 s  (51 calls, max 0.000 s)
    aggregate requested allocation bytes            281422304
    FASTQ fseeko calls                                        1.611 s  (25 calls, max 0.174 s)
    FASTQ fread calls                                         7.057 s  (25 calls, max 0.860 s)
    align chunk ends to FASTQ record boundaries               0.000 s  (0 calls, max 0.000 s)
    scheduler, checks and bookkeeping (derived)               0.989 s
    raw FASTQ bytes read                            281395040  (268.359 MiB)
    effective fread bandwidth                         38.028 MiB/s
    slowest allocation                                 0.000 s  (19661692 bytes)
    slowest fread                                      0.860 s  (R1 offset=137625820, bytes=19660704)

  Stage 2 worker details
    total - active merge worker                              13.413 s
      part 1 - prepare CPE task and reusable buffers            0.823 s
      part 2 - CPE FASTQ formatting and input release           0.215 s
      part 3 - CPE alignment and SAM length pass               11.978 s
      part 4 - assign slices in the shared SAM buffer           0.091 s
      part 5 - CPE SAM record generation                        0.293 s
      part 6 - release temporary worker data                    0.003 s

  Reserved allocator timers (no active timing sites)
    malloc timer                                              0.000 s
    free timer                                                0.000 s
===================================================================


======================= SWBWA Timing Report =======================
  MPI rank: 000008 / 000012
  Accumulated wall-clock time; indented rows are included in
  their parent row and must not be added to it.

  Pipeline
    total - complete three-stage pipeline                    25.649 s
    stage 1 - allocate and read raw FASTQ blocks              9.331 s
    stage 2 - align reads and generate SAM records           13.755 s
    stage 3 - write SAM and release batch data                2.196 s
      SAM output writes                                         1.720 s
      batch cleanup and loop overhead (derived)                 0.476 s

  Stage 1 input details
    batches completed / stage calls                      26 / 27
    input-buffer and batch allocations                        0.000 s  (53 calls, max 0.000 s)
    aggregate requested allocation bytes            293711272
    FASTQ fseeko calls                                        1.295 s  (26 calls, max 0.173 s)
    FASTQ fread calls                                         7.292 s  (26 calls, max 0.923 s)
    align chunk ends to FASTQ record boundaries               0.000 s  (0 calls, max 0.000 s)
    scheduler, checks and bookkeeping (derived)               0.744 s
    raw FASTQ bytes read                            293682920  (280.078 MiB)
    effective fread bandwidth                         38.408 MiB/s
    slowest allocation                                 0.000 s  (19661728 bytes)
    slowest fread                                      0.923 s  (R1 offset=157286524, bytes=19660704)

  Stage 2 worker details
    total - active merge worker                              13.747 s
      part 1 - prepare CPE task and reusable buffers            0.819 s
      part 2 - CPE FASTQ formatting and input release           0.222 s
      part 3 - CPE alignment and SAM length pass               12.303 s
      part 4 - assign slices in the shared SAM buffer           0.101 s
      part 5 - CPE SAM record generation                        0.293 s
      part 6 - release temporary worker data                    0.001 s

  Reserved allocator timers (no active timing sites)
    malloc timer                                              0.000 s
    free timer                                                0.000 s
===================================================================


======================= SWBWA Timing Report =======================
  MPI rank: 000009 / 000012
  Accumulated wall-clock time; indented rows are included in
  their parent row and must not be added to it.

  Pipeline
    total - complete three-stage pipeline                    25.643 s
    stage 1 - allocate and read raw FASTQ blocks              9.086 s
    stage 2 - align reads and generate SAM records           13.915 s
    stage 3 - write SAM and release batch data                2.421 s
      SAM output writes                                         1.908 s
      batch cleanup and loop overhead (derived)                 0.513 s

  Stage 1 input details
    batches completed / stage calls                      26 / 27
    input-buffer and batch allocations                        0.000 s  (53 calls, max 0.000 s)
    aggregate requested allocation bytes            293711956
    FASTQ fseeko calls                                        1.341 s  (26 calls, max 0.247 s)
    FASTQ fread calls                                         6.888 s  (26 calls, max 0.818 s)
    align chunk ends to FASTQ record boundaries               0.000 s  (0 calls, max 0.000 s)
    scheduler, checks and bookkeeping (derived)               0.856 s
    raw FASTQ bytes read                            293683604  (280.079 MiB)
    effective fread bandwidth                         40.661 MiB/s
    slowest allocation                                 0.000 s  (19661920 bytes)
    slowest fread                                      0.818 s  (R1 offset=176947228, bytes=19660928)

  Stage 2 worker details
    total - active merge worker                              13.910 s
      part 1 - prepare CPE task and reusable buffers            0.832 s
      part 2 - CPE FASTQ formatting and input release           0.218 s
      part 3 - CPE alignment and SAM length pass               12.468 s
      part 4 - assign slices in the shared SAM buffer           0.092 s
      part 5 - CPE SAM record generation                        0.294 s
      part 6 - release temporary worker data                    0.000 s

  Reserved allocator timers (no active timing sites)
    malloc timer                                              0.000 s
    free timer                                                0.000 s
===================================================================


======================= SWBWA Timing Report =======================
  MPI rank: 000004 / 000012
  Accumulated wall-clock time; indented rows are included in
  their parent row and must not be added to it.

  Pipeline
    total - complete three-stage pipeline                    25.653 s
    stage 1 - allocate and read raw FASTQ blocks              9.799 s
    stage 2 - align reads and generate SAM records           13.325 s
    stage 3 - write SAM and release batch data                2.206 s
      SAM output writes                                         1.728 s
      batch cleanup and loop overhead (derived)                 0.477 s

  Stage 1 input details
    batches completed / stage calls                      24 / 25
    input-buffer and batch allocations                        0.000 s  (49 calls, max 0.000 s)
    aggregate requested allocation bytes            283879476
    FASTQ fseeko calls                                        1.505 s  (24 calls, max 0.241 s)
    FASTQ fread calls                                         7.333 s  (24 calls, max 1.166 s)
    align chunk ends to FASTQ record boundaries               0.000 s  (0 calls, max 0.000 s)
    scheduler, checks and bookkeeping (derived)               0.960 s
    raw FASTQ bytes read                            283853300  (270.704 MiB)
    effective fread bandwidth                         36.916 MiB/s
    slowest allocation                                 0.000 s  (19661692 bytes)
    slowest fread                                      1.166 s  (R1 offset=78643260, bytes=19660928)

  Stage 2 worker details
    total - active merge worker                              13.314 s
      part 1 - prepare CPE task and reusable buffers            0.830 s
      part 2 - CPE FASTQ formatting and input release           0.226 s
      part 3 - CPE alignment and SAM length pass               11.882 s
      part 4 - assign slices in the shared SAM buffer           0.093 s
      part 5 - CPE SAM record generation                        0.272 s
      part 6 - release temporary worker data                    0.000 s

  Reserved allocator timers (no active timing sites)
    malloc timer                                              0.000 s
    free timer                                                0.000 s
===================================================================


======================= SWBWA Timing Report =======================
  MPI rank: 000005 / 000012
  Accumulated wall-clock time; indented rows are included in
  their parent row and must not be added to it.

  Pipeline
    total - complete three-stage pipeline                    25.644 s
    stage 1 - allocate and read raw FASTQ blocks             10.362 s
    stage 2 - align reads and generate SAM records           12.485 s
    stage 3 - write SAM and release batch data                2.242 s
      SAM output writes                                         1.745 s
      batch cleanup and loop overhead (derived)                 0.496 s

  Stage 1 input details
    batches completed / stage calls                      25 / 26
    input-buffer and batch allocations                        0.000 s  (51 calls, max 0.000 s)
    aggregate requested allocation bytes            277736052
    FASTQ fseeko calls                                        1.938 s  (25 calls, max 0.178 s)
    FASTQ fread calls                                         7.536 s  (25 calls, max 1.228 s)
    align chunk ends to FASTQ record boundaries               0.000 s  (0 calls, max 0.000 s)
    scheduler, checks and bookkeeping (derived)               0.888 s
    raw FASTQ bytes read                            277708788  (264.844 MiB)
    effective fread bandwidth                         35.146 MiB/s
    slowest allocation                                 0.000 s  (19661692 bytes)
    slowest fread                                      1.228 s  (R1 offset=98304188, bytes=19660704)

  Stage 2 worker details
    total - active merge worker                              12.478 s
      part 1 - prepare CPE task and reusable buffers            0.806 s
      part 2 - CPE FASTQ formatting and input release           0.218 s
      part 3 - CPE alignment and SAM length pass               11.072 s
      part 4 - assign slices in the shared SAM buffer           0.089 s
      part 5 - CPE SAM record generation                        0.283 s
      part 6 - release temporary worker data                    0.000 s

  Reserved allocator timers (no active timing sites)
    malloc timer                                              0.000 s
    free timer                                                0.000 s
===================================================================

[main] Version: 0.0.1
[main] CMD: ./SWBWA mem -v 4 -t 1 -1 -o correctness_results/mpi_fine2_hash_2n12_20260825/ERR1203383_SE.run01.discard.sam -I 170,80,500,1 ../data/GRCh38.d1.vd1.fa ../data/bwa_test_big_data/ERR1203383_1.fastq

======================= SWBWA Timing Report =======================
  MPI rank: 000010 / 000012
  Accumulated wall-clock time; indented rows are included in
  their parent row and must not be added to it.

  Pipeline
    total - complete three-stage pipeline                    25.646 s
    stage 1 - allocate and read raw FASTQ blocks              9.364 s
    stage 2 - align reads and generate SAM records           13.613 s
    stage 3 - write SAM and release batch data                2.443 s
      SAM output writes                                         1.908 s
      batch cleanup and loop overhead (derived)                 0.535 s

  Stage 1 input details
    batches completed / stage calls                      23 / 24
    input-buffer and batch allocations                        0.000 s  (47 calls, max 0.000 s)
    aggregate requested allocation bytes            293708812
    FASTQ fseeko calls                                        1.291 s  (23 calls, max 0.176 s)
    FASTQ fread calls                                         7.348 s  (23 calls, max 0.862 s)
    align chunk ends to FASTQ record boundaries               0.000 s  (0 calls, max 0.000 s)
    scheduler, checks and bookkeeping (derived)               0.726 s
    raw FASTQ bytes read                            293683724  (280.079 MiB)
    effective fread bandwidth                         38.116 MiB/s
    slowest allocation                                 0.000 s  (19661692 bytes)
    slowest fread                                      0.862 s  (R1 offset=196608156, bytes=19660704)

  Stage 2 worker details
    total - active merge worker                              13.602 s
      part 1 - prepare CPE task and reusable buffers            0.830 s
      part 2 - CPE FASTQ formatting and input release           0.204 s
      part 3 - CPE alignment and SAM length pass               12.195 s
      part 4 - assign slices in the shared SAM buffer           0.111 s
      part 5 - CPE SAM record generation                        0.250 s
      part 6 - release temporary worker data                    0.001 s

  Reserved allocator timers (no active timing sites)
    malloc timer                                              0.000 s
    free timer                                                0.000 s
===================================================================


======================= SWBWA Timing Report =======================
  MPI rank: 000011 / 000012
  Accumulated wall-clock time; indented rows are included in
  their parent row and must not be added to it.

  Pipeline
    total - complete three-stage pipeline                    25.646 s
    stage 1 - allocate and read raw FASTQ blocks             10.420 s
    stage 2 - align reads and generate SAM records           12.915 s
    stage 3 - write SAM and release batch data                2.290 s
      SAM output writes                                         1.794 s
      batch cleanup and loop overhead (derived)                 0.496 s

  Stage 1 input details
    batches completed / stage calls                      22 / 23
    input-buffer and batch allocations                        0.000 s  (45 calls, max 0.000 s)
    aggregate requested allocation bytes            281419016
    FASTQ fseeko calls                                        1.056 s  (22 calls, max 0.139 s)
    FASTQ fread calls                                         8.431 s  (22 calls, max 0.982 s)
    align chunk ends to FASTQ record boundaries               0.000 s  (0 calls, max 0.000 s)
    scheduler, checks and bookkeeping (derived)               0.933 s
    raw FASTQ bytes read                            281395016  (268.359 MiB)
    effective fread bandwidth                         31.828 MiB/s
    slowest allocation                                 0.000 s  (19661920 bytes)
    slowest fread                                      0.982 s  (R1 offset=216268860, bytes=19660740)

  Stage 2 worker details
    total - active merge worker                              12.907 s
      part 1 - prepare CPE task and reusable buffers            0.789 s
      part 2 - CPE FASTQ formatting and input release           0.184 s
      part 3 - CPE alignment and SAM length pass               11.580 s
      part 4 - assign slices in the shared SAM buffer           0.091 s
      part 5 - CPE SAM record generation                        0.253 s
      part 6 - release temporary worker data                    0.000 s

  Reserved allocator timers (no active timing sites)
    malloc timer                                              0.000 s
    free timer                                                0.000 s
===================================================================

