[M::main_mem] mean insert size: 170.000, stddev: 80.000, max: 500, min: 1
[MPI input] mode=dynamic chunks=310 bytes_per_cg=19660800 cg_count=1 chunk_bytes=19660800 micro_chunk_bytes=4915200 fine_chunk_bytes=1228800 tail_percent=10 fine_tail_waves=2 file_bytes=3536060312 scheduler=distributed read_index=exact
malloc bwt->bwt 3107576584, 0x500008804020
malloc bwt->bwt 3107576584, 0x500008804020
malloc bwt->bwt 3107576584, 0x500008804020
malloc bwt->bwt 3107576584, 0x500008804020
malloc bwt->bwt 3107576584, 0x500008804020
malloc bwt->bwt 3107576584, 0x500008804020
malloc bwt->bwt 3107576584, 0x500008804020
malloc bwt->bwt 3107576584, 0x500008804020
malloc bwt->bwt 3107576584, 0x500008804020
malloc bwt->bwt 3107576584, 0x500008804020
malloc bwt->bwt 3107576584, 0x500008804020
malloc bwt->bwt 3107576584, 0x500008804020
malloc bwt->sa 1553788264, 0x5000c1ba1b40
malloc bwt->sa 1553788264, 0x5000c1ba1b40
malloc bwt->sa 1553788264, 0x5000c1ba1b40
malloc bwt->sa 1553788264, 0x5000c1ba1b40
malloc bwt->sa 1553788264, 0x5000c1ba1b40
malloc bwt->sa 1553788264, 0x5000c1ba1b40
malloc bwt->sa 1553788264, 0x5000c1ba1b40
malloc bwt->sa 1553788264, 0x5000c1ba1b40
malloc bwt->sa 1553788264, 0x5000c1ba1b40
malloc bwt->sa 1553788264, 0x5000c1ba1b40
malloc bwt->sa 1553788264, 0x5000c1ba1b40
malloc bwt->sa 1553788264, 0x5000c1ba1b40
[M::bwa_idx_load_from_disk] read 0 ALT contigs
[M::bwa_idx_load_from_disk] read 0 ALT contigs
[M::bwa_idx_load_from_disk] read 0 ALT contigs
[M::bwa_idx_load_from_disk] read 0 ALT contigs
[M::bwa_idx_load_from_disk] read 0 ALT contigs
[M::bwa_idx_load_from_disk] read 0 ALT contigs
malloc pac 776894131, 0x50011e5708c0
malloc pac 776894131, 0x50011e5708c0
malloc pac 776894131, 0x50011e5708c0
malloc pac 776894131, 0x50011e5708c0
malloc pac 776894131, 0x50011e5708c0
malloc pac 776894131, 0x50011e5708c0
[M::bwa_idx_load_from_disk] read 0 ALT contigs
[M::bwa_idx_load_from_disk] read 0 ALT contigs
[M::bwa_idx_load_from_disk] read 0 ALT contigs
[M::bwa_idx_load_from_disk] read 0 ALT contigs
[M::bwa_idx_load_from_disk] read 0 ALT contigs
[M::bwa_idx_load_from_disk] read 0 ALT contigs
malloc pac 776894131, 0x50011e5708c0
malloc pac 776894131, 0x50011e5708c0
malloc pac 776894131, 0x50011e5708c0
malloc pac 776894131, 0x50011e5708c0
malloc pac 776894131, 0x50011e5708c0
malloc pac 776894131, 0x50011e5708c0
[MPI rank 000007/000012] output: (discard)
[MPI rank 000006/000012] output: (discard)
[MPI rank 000008/000012] output: (discard)
[MPI rank 000009/000012] output: (discard)
[MPI rank 000010/000012] output: (discard)
[MPI rank 000011/000012] output: (discard)
the input file is ../data/bwa_test_big_data/SRR2496709_1.fastq
the input file is ../data/bwa_test_big_data/SRR2496709_2.fastq
[MPI rank 000002/000012] output: (discard)
[MPI rank 000003/000012] output: (discard)
[MPI rank 000001/000012] output: (discard)
[MPI rank 000004/000012] output: (discard)
[MPI rank 000005/000012] output: (discard)
[MPI rank 000000/000012] output: (discard)
[M::process] read chunk (19660800 bytes/CG x 1 CGs, 19660888 bytes)...
[M::process] read chunk (19660800 bytes/CG x 1 CGs, 19660772 bytes)...
[M::process] read chunk (19660800 bytes/CG x 1 CGs, 19660860 bytes)...
[M::process] read chunk (19660800 bytes/CG x 1 CGs, 19660860 bytes)...
[M::process] read chunk (19660800 bytes/CG x 1 CGs, 19660860 bytes)...
[M::process] read chunk (19660800 bytes/CG x 1 CGs, 19660584 bytes)...
[M::process] read chunk (19660800 bytes/CG x 1 CGs, 19660860 bytes)...
[M::process] read chunk (19660800 bytes/CG x 1 CGs, 19660860 bytes)...
[M::process] read chunk (19660800 bytes/CG x 1 CGs, 19660860 bytes)...
[M::process] read chunk (19660800 bytes/CG x 1 CGs, 19660860 bytes)...
[M::process] read chunk (19660800 bytes/CG x 1 CGs, 19660584 bytes)...
[M::process] read chunk (19660800 bytes/CG x 1 CGs, 19660860 bytes)...
[M::mem_process_seqs_merge2] CPE FASTQ formatting done
[M::mem_process_seqs_merge2] CPE FASTQ formatting done
[M::mem_process_seqs_merge2] CPE FASTQ formatting done
[M::mem_process_seqs_merge2] CPE FASTQ formatting done
[M::mem_process_seqs_merge2] CPE FASTQ formatting done
[M::mem_process_seqs_merge2] CPE FASTQ formatting done
[M::mem_process_seqs_merge2] CPE FASTQ formatting done
[M::mem_process_seqs_merge2] CPE FASTQ formatting done
[M::mem_process_seqs_merge2] CPE FASTQ formatting done
[M::mem_process_seqs_merge2] CPE FASTQ formatting done
[M::mem_process_seqs_merge2] CPE FASTQ formatting done
[M::mem_process_seqs_merge2] CPE FASTQ formatting done
slave pre done
now n is 142470
processed 142470
[M::mem_process_seqs_merge2] Processed 142470 reads in 0.540 CPU sec, 2.168 real sec
slave pre done
now n is 142468
processed 142468
slave pre done
[M::mem_process_seqs_merge2] Processed 142468 reads in 0.590 CPU sec, 2.056 real sec
now n is 142470
processed 142470
[M::mem_process_seqs_merge2] Processed 142470 reads in 0.610 CPU sec, 2.112 real sec
slave pre done
now n is 142470
processed 142470
[M::mem_process_seqs_merge2] Processed 142470 reads in 0.640 CPU sec, 2.280 real sec
slave pre done
now n is 143268
slave pre done
now n is 142470
processed 143268
[M::mem_process_seqs_merge2] Processed 143268 reads in 0.550 CPU sec, 2.052 real sec
processed 142470
[M::mem_process_seqs_merge2] Processed 142470 reads in 0.570 CPU sec, 2.099 real sec
[M::process] read chunk (19660800 bytes/CG x 1 CGs, 19660760 bytes)...
slave pre done
now n is 142470
processed 142470
[M::mem_process_seqs_merge2] Processed 142470 reads in 0.720 CPU sec, 2.571 real sec
slave pre done
now n is 144892
processed 144892
[M::mem_process_seqs_merge2] Processed 144892 reads in 0.610 CPU sec, 2.492 real sec
slave pre done
now n is 142470
[M::process] read chunk (19660800 bytes/CG x 1 CGs, 19660760 bytes)...
[M::process] read chunk (19660800 bytes/CG x 1 CGs, 19661040 bytes)...
processed 142470
[M::mem_process_seqs_merge2] Processed 142470 reads in 0.600 CPU sec, 2.292 real sec
[M::process] read chunk (19660800 bytes/CG x 1 CGs, 19660760 bytes)...
[M::process] read chunk (19660800 bytes/CG x 1 CGs, 19660836 bytes)...
[M::process] read chunk (19660800 bytes/CG x 1 CGs, 19660760 bytes)...
slave pre done
now n is 142470
processed 142470
[M::mem_process_seqs_merge2] Processed 142470 reads in 0.620 CPU sec, 2.541 real sec
slave pre done
now n is 142470
[M::process] read chunk (19660800 bytes/CG x 1 CGs, 19660760 bytes)...
processed 142470
[M::mem_process_seqs_merge2] Processed 142470 reads in 0.650 CPU sec, 2.527 real sec
[M::process] read chunk (19660800 bytes/CG x 1 CGs, 19660860 bytes)...
slave pre done
now n is 142468
processed 142468
[M::mem_process_seqs_merge2] Processed 142468 reads in 0.700 CPU sec, 2.550 real sec
[M::process] read chunk (19660800 bytes/CG x 1 CGs, 19660860 bytes)...
[M::process] read chunk (19660800 bytes/CG x 1 CGs, 19660760 bytes)...
[M::process] read chunk (19660800 bytes/CG x 1 CGs, 19660760 bytes)...
[M::process] read chunk (19660800 bytes/CG x 1 CGs, 19660760 bytes)...
[DBG stage1] slow fread: R1 offset=452198624 requested=19660760 read=19660760 elapsed=1.025 s
[M::mem_process_seqs_merge2] CPE FASTQ formatting done
[M::mem_process_seqs_merge2] CPE FASTQ formatting done
[M::mem_process_seqs_merge2] CPE FASTQ formatting done
[M::mem_process_seqs_merge2] CPE FASTQ formatting done
[M::mem_process_seqs_merge2] CPE FASTQ formatting done
[M::mem_process_seqs_merge2] CPE FASTQ formatting done
[M::mem_process_seqs_merge2] CPE FASTQ formatting done
[M::mem_process_seqs_merge2] CPE FASTQ formatting done
[M::mem_process_seqs_merge2] CPE FASTQ formatting done
[M::mem_process_seqs_merge2] CPE FASTQ formatting done
[M::mem_process_seqs_merge2] CPE FASTQ formatting done
[M::mem_process_seqs_merge2] CPE FASTQ formatting done
slave pre done
now n is 140466
processed 140466
[M::mem_process_seqs_merge2] Processed 140466 reads in 0.070 CPU sec, 1.398 real sec
slave pre done
now n is 140434
processed 140434
[M::mem_process_seqs_merge2] Processed 140434 reads in 0.110 CPU sec, 1.816 real sec
[M::process] read chunk (19660800 bytes/CG x 1 CGs, 19660760 bytes)...
[M::process] read chunk (19660800 bytes/CG x 1 CGs, 19661040 bytes)...
slave pre done
now n is 140434
processed 140434
[M::mem_process_seqs_merge2] Processed 140434 reads in 0.070 CPU sec, 1.580 real sec
[M::mem_process_seqs_merge2] CPE FASTQ formatting done
slave pre done
now n is 140434
processed 140434
[M::mem_process_seqs_merge2] Processed 140434 reads in 0.160 CPU sec, 1.745 real sec
[M::process] read chunk (19660800 bytes/CG x 1 CGs, 19660760 bytes)...
slave pre done
now n is 140434
slave pre done
now n is 140434
processed 140434
[M::mem_process_seqs_merge2] Processed 140434 reads in 0.100 CPU sec, 2.070 real sec
processed 140434
[M::mem_process_seqs_merge2] Processed 140434 reads in 0.250 CPU sec, 2.391 real sec
slave pre done
now n is 142470
processed 142470
[M::mem_process_seqs_merge2] Processed 142470 reads in 0.140 CPU sec, 1.928 real sec
[M::process] read chunk (19660800 bytes/CG x 1 CGs, 19660760 bytes)...
[M::mem_process_seqs_merge2] CPE FASTQ formatting done
slave pre done
now n is 142470
slave pre done
now n is 140434
slave pre done
[M::process] read chunk (19660800 bytes/CG x 1 CGs, 19660760 bytes)...
now n is 140436
processed 142470
[M::mem_process_seqs_merge2] Processed 142470 reads in 0.250 CPU sec, 2.395 real sec
processed 140434
[M::mem_process_seqs_merge2] Processed 140434 reads in 0.130 CPU sec, 2.008 real sec
[M::process] read chunk (19660800 bytes/CG x 1 CGs, 19660760 bytes)...
processed 140436
[M::mem_process_seqs_merge2] Processed 140436 reads in 0.080 CPU sec, 2.374 real sec
slave pre done
now n is 140434
processed 140434
[M::mem_process_seqs_merge2] Processed 140434 reads in 0.240 CPU sec, 2.183 real sec
[M::process] read chunk (19660800 bytes/CG x 1 CGs, 19660760 bytes)...
[M::process] read chunk (19660800 bytes/CG x 1 CGs, 19660760 bytes)...
[M::process] read chunk (19660800 bytes/CG x 1 CGs, 19660760 bytes)...
[M::process] read chunk (19660800 bytes/CG x 1 CGs, 19660760 bytes)...
[M::process] read chunk (19660800 bytes/CG x 1 CGs, 19660760 bytes)...
[M::mem_process_seqs_merge2] CPE FASTQ formatting done
[M::mem_process_seqs_merge2] CPE FASTQ formatting done
[M::mem_process_seqs_merge2] CPE FASTQ formatting done
[M::mem_process_seqs_merge2] CPE FASTQ formatting done
[M::mem_process_seqs_merge2] CPE FASTQ formatting done
[M::mem_process_seqs_merge2] CPE FASTQ formatting done
[M::mem_process_seqs_merge2] CPE FASTQ formatting done
[M::mem_process_seqs_merge2] CPE FASTQ formatting done
[M::mem_process_seqs_merge2] CPE FASTQ formatting done
slave pre done
now n is 140436
processed 140436
[M::mem_process_seqs_merge2] Processed 140436 reads in 0.190 CPU sec, 2.297 real sec
slave pre done
now n is 140434
processed 140434
[M::mem_process_seqs_merge2] Processed 140434 reads in 0.080 CPU sec, 1.591 real sec
[M::process] read chunk (19660800 bytes/CG x 1 CGs, 19660760 bytes)...
[M::process] read chunk (19660800 bytes/CG x 1 CGs, 19660760 bytes)...
slave pre done
now n is 140434
processed 140434
[M::mem_process_seqs_merge2] Processed 140434 reads in 0.150 CPU sec, 1.806 real sec
[M::process] read chunk (19660800 bytes/CG x 1 CGs, 19660760 bytes)...
slave pre done
now n is 140434
[M::mem_process_seqs_merge2] CPE FASTQ formatting done
processed 140434
[M::mem_process_seqs_merge2] Processed 140434 reads in 0.220 CPU sec, 2.166 real sec
slave pre done
now n is 140434
[M::process] read chunk (19660800 bytes/CG x 1 CGs, 19661040 bytes)...
processed 140434
[M::mem_process_seqs_merge2] Processed 140434 reads in 0.180 CPU sec, 1.660 real sec
[M::mem_process_seqs_merge2] CPE FASTQ formatting done
slave pre done
now n is 140434
processed 140434
[M::mem_process_seqs_merge2] Processed 140434 reads in 0.130 CPU sec, 2.133 real sec
slave pre done
now n is 140434
processed 140434
[M::mem_process_seqs_merge2] Processed 140434 reads in 0.130 CPU sec, 2.111 real sec
slave pre done
now n is 140434
processed 140434
[M::mem_process_seqs_merge2] Processed 140434 reads in 0.170 CPU sec, 2.299 real sec
slave pre done
now n is 140434
processed 140434
[M::mem_process_seqs_merge2] Processed 140434 reads in 0.190 CPU sec, 2.409 real sec
[M::process] read chunk (19660800 bytes/CG x 1 CGs, 19660760 bytes)...
slave pre done
now n is 140434
[M::process] read chunk (19660800 bytes/CG x 1 CGs, 19660760 bytes)...
processed 140434
[M::mem_process_seqs_merge2] Processed 140434 reads in 0.160 CPU sec, 2.055 real sec
[M::process] read chunk (19660800 bytes/CG x 1 CGs, 19660760 bytes)...
[M::process] read chunk (19660800 bytes/CG x 1 CGs, 19660760 bytes)...
[M::process] read chunk (19660800 bytes/CG x 1 CGs, 19660760 bytes)...
[M::process] read chunk (19660800 bytes/CG x 1 CGs, 19660760 bytes)...
[M::mem_process_seqs_merge2] CPE FASTQ formatting done
[M::mem_process_seqs_merge2] CPE FASTQ formatting done
slave pre done
now n is 140434
processed 140434
[M::mem_process_seqs_merge2] Processed 140434 reads in 0.330 CPU sec, 1.631 real sec
[M::mem_process_seqs_merge2] CPE FASTQ formatting done
[M::mem_process_seqs_merge2] CPE FASTQ formatting done
[M::process] read chunk (19660800 bytes/CG x 1 CGs, 19661040 bytes)...
[M::mem_process_seqs_merge2] CPE FASTQ formatting done
[M::mem_process_seqs_merge2] CPE FASTQ formatting done
[M::mem_process_seqs_merge2] CPE FASTQ formatting done
slave pre done
now n is 140434
processed 140434
[M::mem_process_seqs_merge2] Processed 140434 reads in 0.160 CPU sec, 2.006 real sec
slave pre done
now n is 140434
processed 140434
[M::mem_process_seqs_merge2] Processed 140434 reads in 0.770 CPU sec, 8.290 real sec
[M::mem_process_seqs_merge2] CPE FASTQ formatting done
[M::process] read chunk (19660800 bytes/CG x 1 CGs, 19660760 bytes)...
[M::process] read chunk (19660800 bytes/CG x 1 CGs, 19661040 bytes)...
slave pre done
now n is 140434
[M::mem_process_seqs_merge2] CPE FASTQ formatting done
slave pre done
now n is 140434
processed 140434
[M::mem_process_seqs_merge2] Processed 140434 reads in 0.020 CPU sec, 1.345 real sec
processed 140434
[M::mem_process_seqs_merge2] Processed 140434 reads in 0.260 CPU sec, 1.893 real sec
slave pre done
now n is 140434
[M::mem_process_seqs_merge2] CPE FASTQ formatting done
processed 140434
[M::mem_process_seqs_merge2] Processed 140434 reads in 0.100 CPU sec, 1.636 real sec
[M::process] read chunk (19660800 bytes/CG x 1 CGs, 19661040 bytes)...
[M::process] read chunk (19660800 bytes/CG x 1 CGs, 19660760 bytes)...
[M::mem_process_seqs_merge2] CPE FASTQ formatting done
slave pre done
now n is 140434
processed 140434
[M::mem_process_seqs_merge2] Processed 140434 reads in 0.090 CPU sec, 1.495 real sec
[M::process] read chunk (19660800 bytes/CG x 1 CGs, 19660760 bytes)...
slave pre done
now n is 140436
processed 140436
[M::mem_process_seqs_merge2] Processed 140436 reads in 0.230 CPU sec, 2.282 real sec
[M::process] read chunk (19660800 bytes/CG x 1 CGs, 19660760 bytes)...
slave pre done
now n is 140434
processed 140434
[M::mem_process_seqs_merge2] Processed 140434 reads in 0.190 CPU sec, 1.937 real sec
[M::process] read chunk (19660800 bytes/CG x 1 CGs, 19660760 bytes)...
[M::process] read chunk (19660800 bytes/CG x 1 CGs, 19660760 bytes)...
[M::mem_process_seqs_merge2] CPE FASTQ formatting done
slave pre done
now n is 140434
[M::mem_process_seqs_merge2] CPE FASTQ formatting done
processed 140434
[M::mem_process_seqs_merge2] Processed 140434 reads in 1.380 CPU sec, 8.154 real sec
slave pre done
now n is 140434
processed 140434
[M::mem_process_seqs_merge2] Processed 140434 reads in 0.160 CPU sec, 2.500 real sec
[M::mem_process_seqs_merge2] CPE FASTQ formatting done
[M::process] read chunk (19660800 bytes/CG x 1 CGs, 19660760 bytes)...
slave pre done
now n is 140434
processed 140434
[M::mem_process_seqs_merge2] Processed 140434 reads in 0.160 CPU sec, 2.318 real sec
slave pre done
now n is 140436
processed 140436
[M::mem_process_seqs_merge2] Processed 140436 reads in 0.130 CPU sec, 1.790 real sec
[M::mem_process_seqs_merge2] CPE FASTQ formatting done
[M::mem_process_seqs_merge2] CPE FASTQ formatting done
[M::mem_process_seqs_merge2] CPE FASTQ formatting done
[M::process] read chunk (19660800 bytes/CG x 1 CGs, 19660760 bytes)...
slave pre done
now n is 140434
processed 140434
[M::mem_process_seqs_merge2] Processed 140434 reads in 0.200 CPU sec, 1.744 real sec
[M::process] read chunk (19660800 bytes/CG x 1 CGs, 19660760 bytes)...
[M::process] read chunk (19660800 bytes/CG x 1 CGs, 19660760 bytes)...
[M::process] read chunk (19660800 bytes/CG x 1 CGs, 19661040 bytes)...
[M::mem_process_seqs_merge2] CPE FASTQ formatting done
[M::mem_process_seqs_merge2] CPE FASTQ formatting done
[M::mem_process_seqs_merge2] CPE FASTQ formatting done
[M::mem_process_seqs_merge2] CPE FASTQ formatting done
slave pre done
now n is 140434
processed 140434
[M::mem_process_seqs_merge2] Processed 140434 reads in 0.060 CPU sec, 1.718 real sec
slave pre done
now n is 140436
processed 140436
[M::mem_process_seqs_merge2] Processed 140436 reads in 0.280 CPU sec, 3.283 real sec
slave pre done
now n is 140436
[M::process] read chunk (19660800 bytes/CG x 1 CGs, 19660760 bytes)...
processed 140436
[M::mem_process_seqs_merge2] Processed 140436 reads in 0.230 CPU sec, 2.098 real sec
[M::mem_process_seqs_merge2] CPE FASTQ formatting done
[M::process] read chunk (19660800 bytes/CG x 1 CGs, 19660760 bytes)...
[M::process] read chunk (19660800 bytes/CG x 1 CGs, 19660760 bytes)...
slave pre done
now n is 140434
processed 140434
[M::mem_process_seqs_merge2] Processed 140434 reads in 0.160 CPU sec, 2.159 real sec
[M::process] read chunk (19660800 bytes/CG x 1 CGs, 19661040 bytes)...
[M::mem_process_seqs_merge2] CPE FASTQ formatting done
slave pre done
now n is 140434
[M::mem_process_seqs_merge2] CPE FASTQ formatting done
processed 140434
[M::mem_process_seqs_merge2] Processed 140434 reads in 0.360 CPU sec, 2.378 real sec
slave pre done
now n is 140434
processed 140434
[M::mem_process_seqs_merge2] Processed 140434 reads in 0.250 CPU sec, 2.385 real sec
[M::process] read chunk (19660800 bytes/CG x 1 CGs, 19660760 bytes)...
[M::mem_process_seqs_merge2] CPE FASTQ formatting done
slave pre done
now n is 140434
[M::process] read chunk (19660800 bytes/CG x 1 CGs, 19660760 bytes)...
processed 140434
[M::mem_process_seqs_merge2] Processed 140434 reads in 0.310 CPU sec, 2.725 real sec
slave pre done
now n is 140434
processed 140434
[M::mem_process_seqs_merge2] Processed 140434 reads in 0.130 CPU sec, 1.895 real sec
slave pre done
now n is 140436
slave pre done
now n is 140434
processed 140436
[M::mem_process_seqs_merge2] Processed 140436 reads in 0.180 CPU sec, 1.589 real sec
processed 140434
[M::mem_process_seqs_merge2] CPE FASTQ formatting done
[M::mem_process_seqs_merge2] Processed 140434 reads in 0.170 CPU sec, 2.172 real sec
[M::process] read chunk (19660800 bytes/CG x 1 CGs, 19660760 bytes)...
[M::process] read chunk (19660800 bytes/CG x 1 CGs, 19660760 bytes)...
slave pre done
now n is 140434
[M::process] read chunk (19660800 bytes/CG x 1 CGs, 19660760 bytes)...
processed 140434
[M::mem_process_seqs_merge2] Processed 140434 reads in 0.270 CPU sec, 2.749 real sec
[M::process] read chunk (19660800 bytes/CG x 1 CGs, 19660760 bytes)...
[M::mem_process_seqs_merge2] CPE FASTQ formatting done
[M::mem_process_seqs_merge2] CPE FASTQ formatting done
slave pre done
now n is 140434
processed 140434
[M::mem_process_seqs_merge2] Processed 140434 reads in 0.250 CPU sec, 2.964 real sec
[M::process] read chunk (19660800 bytes/CG x 1 CGs, 19660760 bytes)...
[M::mem_process_seqs_merge2] CPE FASTQ formatting done
slave pre done
now n is 140434
processed 140434
[M::mem_process_seqs_merge2] Processed 140434 reads in 0.090 CPU sec, 1.548 real sec
[M::mem_process_seqs_merge2] CPE FASTQ formatting done
[M::process] read chunk (19660800 bytes/CG x 1 CGs, 19660760 bytes)...
[M::process] read chunk (19660800 bytes/CG x 1 CGs, 19660760 bytes)...
slave pre done
now n is 140434
[M::mem_process_seqs_merge2] CPE FASTQ formatting done
processed 140434
[M::mem_process_seqs_merge2] Processed 140434 reads in 0.140 CPU sec, 2.014 real sec
slave pre done
now n is 140434
[M::mem_process_seqs_merge2] CPE FASTQ formatting done
processed 140434
[M::mem_process_seqs_merge2] Processed 140434 reads in 0.360 CPU sec, 1.783 real sec
[M::mem_process_seqs_merge2] CPE FASTQ formatting done
[M::process] read chunk (19660800 bytes/CG x 1 CGs, 19660760 bytes)...
[M::process] read chunk (19660800 bytes/CG x 1 CGs, 19660760 bytes)...
[M::mem_process_seqs_merge2] CPE FASTQ formatting done
slave pre done
now n is 140434
processed 140434
[M::mem_process_seqs_merge2] Processed 140434 reads in 0.180 CPU sec, 1.494 real sec
slave pre done
now n is 140434
processed 140434
[M::mem_process_seqs_merge2] Processed 140434 reads in 0.200 CPU sec, 1.667 real sec
[M::mem_process_seqs_merge2] CPE FASTQ formatting done
[M::process] read chunk (19660800 bytes/CG x 1 CGs, 19660760 bytes)...
[M::process] read chunk (19660800 bytes/CG x 1 CGs, 19660760 bytes)...
slave pre done
now n is 140434
processed 140434
[M::mem_process_seqs_merge2] Processed 140434 reads in 0.220 CPU sec, 1.767 real sec
[M::mem_process_seqs_merge2] CPE FASTQ formatting done
slave pre done
now n is 140434
[M::process] read chunk (19660800 bytes/CG x 1 CGs, 19660760 bytes)...
processed 140434
[M::mem_process_seqs_merge2] Processed 140434 reads in 0.120 CPU sec, 1.472 real sec
slave pre done
now n is 140434
processed 140434
[M::mem_process_seqs_merge2] Processed 140434 reads in 0.200 CPU sec, 2.102 real sec
[M::mem_process_seqs_merge2] CPE FASTQ formatting done
[M::mem_process_seqs_merge2] CPE FASTQ formatting done
slave pre done
now n is 140434
processed 140434
[M::mem_process_seqs_merge2] Processed 140434 reads in 0.170 CPU sec, 1.639 real sec
[M::process] read chunk (19660800 bytes/CG x 1 CGs, 19660760 bytes)...
[M::process] read chunk (19660800 bytes/CG x 1 CGs, 19661040 bytes)...
slave pre done
now n is 140434
processed 140434
[M::mem_process_seqs_merge2] Processed 140434 reads in 0.120 CPU sec, 1.699 real sec
[M::process] read chunk (19660800 bytes/CG x 1 CGs, 19660760 bytes)...
slave pre done
now n is 140436
processed 140436
[M::mem_process_seqs_merge2] Processed 140436 reads in 0.530 CPU sec, 3.556 real sec
[M::mem_process_seqs_merge2] CPE FASTQ formatting done
[M::mem_process_seqs_merge2] CPE FASTQ formatting done
[M::process] read chunk (19660800 bytes/CG x 1 CGs, 19660760 bytes)...
[M::process] read chunk (19660800 bytes/CG x 1 CGs, 19660760 bytes)...
slave pre done
now n is 140434
processed 140434
[M::mem_process_seqs_merge2] Processed 140434 reads in 0.310 CPU sec, 2.228 real sec
slave pre done
now n is 140434
processed 140434
[M::mem_process_seqs_merge2] Processed 140434 reads in 0.150 CPU sec, 2.068 real sec
slave pre done
now n is 140434
processed 140434
[M::mem_process_seqs_merge2] Processed 140434 reads in 0.070 CPU sec, 1.688 real sec
[M::mem_process_seqs_merge2] CPE FASTQ formatting done
[M::process] read chunk (19660800 bytes/CG x 1 CGs, 19660760 bytes)...
[M::mem_process_seqs_merge2] CPE FASTQ formatting done
[M::mem_process_seqs_merge2] CPE FASTQ formatting done
[M::process] read chunk (19660800 bytes/CG x 1 CGs, 19660760 bytes)...
slave pre done
now n is 140434
processed 140434
[M::mem_process_seqs_merge2] Processed 140434 reads in 0.120 CPU sec, 1.618 real sec
[M::mem_process_seqs_merge2] CPE FASTQ formatting done
[M::process] read chunk (19660800 bytes/CG x 1 CGs, 19660760 bytes)...
[M::process] read chunk (19660800 bytes/CG x 1 CGs, 19660760 bytes)...
[M::mem_process_seqs_merge2] CPE FASTQ formatting done
[M::mem_process_seqs_merge2] CPE FASTQ formatting done
slave pre done
now n is 140434
processed 140434
[M::mem_process_seqs_merge2] Processed 140434 reads in 0.350 CPU sec, 2.458 real sec
[M::mem_process_seqs_merge2] CPE FASTQ formatting done
slave pre done
now n is 140434
processed 140434
[M::mem_process_seqs_merge2] Processed 140434 reads in 0.720 CPU sec, 1.942 real sec
[M::process] read chunk (19660800 bytes/CG x 1 CGs, 19660760 bytes)...
[M::mem_process_seqs_merge2] CPE FASTQ formatting done
[M::mem_process_seqs_merge2] CPE FASTQ formatting done
[M::process] read chunk (19660800 bytes/CG x 1 CGs, 19660760 bytes)...
slave pre done
now n is 140436
processed 140436
[M::mem_process_seqs_merge2] Processed 140436 reads in 0.150 CPU sec, 1.821 real sec
[M::process] read chunk (19660800 bytes/CG x 1 CGs, 19660760 bytes)...
[M::mem_process_seqs_merge2] CPE FASTQ formatting done
slave pre done
now n is 140434
processed 140434
[M::mem_process_seqs_merge2] Processed 140434 reads in 0.260 CPU sec, 1.987 real sec
[M::mem_process_seqs_merge2] CPE FASTQ formatting done
slave pre done
now n is 140434
processed 140434
[M::mem_process_seqs_merge2] Processed 140434 reads in 0.350 CPU sec, 2.238 real sec
slave pre done
now n is 140434
processed 140434
[M::mem_process_seqs_merge2] Processed 140434 reads in 0.150 CPU sec, 1.756 real sec
[M::process] read chunk (19660800 bytes/CG x 1 CGs, 19661040 bytes)...
[M::process] read chunk (19660800 bytes/CG x 1 CGs, 19661040 bytes)...
[M::mem_process_seqs_merge2] CPE FASTQ formatting done
slave pre done
now n is 140434
processed 140434
[M::mem_process_seqs_merge2] Processed 140434 reads in 0.080 CPU sec, 1.654 real sec
[M::process] read chunk (19660800 bytes/CG x 1 CGs, 19660760 bytes)...
[M::process] read chunk (19660800 bytes/CG x 1 CGs, 19660760 bytes)...
slave pre done
now n is 140434
processed 140434
[M::mem_process_seqs_merge2] Processed 140434 reads in 0.170 CPU sec, 1.621 real sec
[M::mem_process_seqs_merge2] CPE FASTQ formatting done
[M::mem_process_seqs_merge2] CPE FASTQ formatting done
[M::process] read chunk (19660800 bytes/CG x 1 CGs, 19660760 bytes)...
[M::mem_process_seqs_merge2] CPE FASTQ formatting done
slave pre done
now n is 140434
processed 140434
[M::mem_process_seqs_merge2] Processed 140434 reads in 0.340 CPU sec, 2.788 real sec
slave pre done
now n is 140434
processed 140434
[M::mem_process_seqs_merge2] Processed 140434 reads in 0.250 CPU sec, 2.317 real sec
slave pre done
now n is 140434
slave pre done
now n is 140434
processed 140434
[M::mem_process_seqs_merge2] Processed 140434 reads in 0.140 CPU sec, 1.750 real sec
processed 140434
[M::mem_process_seqs_merge2] Processed 140434 reads in 0.670 CPU sec, 1.617 real sec
[M::process] read chunk (19660800 bytes/CG x 1 CGs, 19660760 bytes)...
[M::mem_process_seqs_merge2] CPE FASTQ formatting done
[M::process] read chunk (19660800 bytes/CG x 1 CGs, 19660760 bytes)...
[M::process] read chunk (19660800 bytes/CG x 1 CGs, 19660760 bytes)...
[M::process] read chunk (19660800 bytes/CG x 1 CGs, 19660760 bytes)...
[M::mem_process_seqs_merge2] CPE FASTQ formatting done
[M::mem_process_seqs_merge2] CPE FASTQ formatting done
[M::mem_process_seqs_merge2] CPE FASTQ formatting done
[M::mem_process_seqs_merge2] CPE FASTQ formatting done
slave pre done
now n is 140434
processed 140434
[M::mem_process_seqs_merge2] Processed 140434 reads in 0.850 CPU sec, 5.096 real sec
slave pre done
now n is 140436
processed 140436
[M::mem_process_seqs_merge2] Processed 140436 reads in 0.160 CPU sec, 1.774 real sec
[M::mem_process_seqs_merge2] CPE FASTQ formatting done
slave pre done
now n is 140434
processed 140434
[M::mem_process_seqs_merge2] Processed 140434 reads in 0.180 CPU sec, 2.755 real sec
slave pre done
now n is 140434
[M::process] read chunk (19660800 bytes/CG x 1 CGs, 19660760 bytes)...
processed 140434
[M::mem_process_seqs_merge2] Processed 140434 reads in 0.250 CPU sec, 2.041 real sec
slave pre done
now n is 140436
processed 140436
[M::mem_process_seqs_merge2] Processed 140436 reads in 0.210 CPU sec, 2.229 real sec
[M::process] read chunk (19660800 bytes/CG x 1 CGs, 19660760 bytes)...
[M::process] read chunk (19660800 bytes/CG x 1 CGs, 19660760 bytes)...
slave pre done
now n is 140434
processed 140434
[M::mem_process_seqs_merge2] Processed 140434 reads in 0.340 CPU sec, 1.925 real sec
[M::process] read chunk (19660800 bytes/CG x 1 CGs, 19661040 bytes)...
[M::process] read chunk (19660800 bytes/CG x 1 CGs, 19660760 bytes)...
slave pre done
now n is 140434
processed 140434
[M::mem_process_seqs_merge2] Processed 140434 reads in 0.100 CPU sec, 1.520 real sec
[M::process] read chunk (19660800 bytes/CG x 1 CGs, 19660760 bytes)...
slave pre done
now n is 140434
slave pre done
now n is 140434
processed 140434
[M::mem_process_seqs_merge2] Processed 140434 reads in 0.100 CPU sec, 1.516 real sec
[M::process] read chunk (19660800 bytes/CG x 1 CGs, 19661040 bytes)...
processed 140434
[M::mem_process_seqs_merge2] Processed 140434 reads in 0.060 CPU sec, 1.375 real sec
[M::mem_process_seqs_merge2] CPE FASTQ formatting done
[M::process] read chunk (19660800 bytes/CG x 1 CGs, 19661040 bytes)...
[M::process] read chunk (19660800 bytes/CG x 1 CGs, 19660760 bytes)...
[M::mem_process_seqs_merge2] CPE FASTQ formatting done
[M::mem_process_seqs_merge2] CPE FASTQ formatting done
[M::mem_process_seqs_merge2] CPE FASTQ formatting done
slave pre done
now n is 140434
processed 140434
[M::mem_process_seqs_merge2] Processed 140434 reads in 0.220 CPU sec, 2.443 real sec
slave pre done
now n is 140434
processed 140434
[M::mem_process_seqs_merge2] Processed 140434 reads in 1.660 CPU sec, 8.323 real sec
[M::mem_process_seqs_merge2] CPE FASTQ formatting done
[M::mem_process_seqs_merge2] CPE FASTQ formatting done
[M::mem_process_seqs_merge2] CPE FASTQ formatting done
[M::process] read chunk (19660800 bytes/CG x 1 CGs, 19660760 bytes)...
[M::process] read chunk (19660800 bytes/CG x 1 CGs, 19660760 bytes)...
[M::mem_process_seqs_merge2] CPE FASTQ formatting done
slave pre done
now n is 140434
processed 140434
[M::mem_process_seqs_merge2] Processed 140434 reads in 0.070 CPU sec, 1.548 real sec
[M::mem_process_seqs_merge2] CPE FASTQ formatting done
[M::process] read chunk (19660800 bytes/CG x 1 CGs, 19660760 bytes)...
slave pre done
now n is 140436
slave pre done
now n is 140434
processed 140436
[M::mem_process_seqs_merge2] Processed 140436 reads in 0.120 CPU sec, 1.693 real sec
processed 140434
[M::mem_process_seqs_merge2] Processed 140434 reads in 0.170 CPU sec, 2.099 real sec
[M::process] read chunk (19660800 bytes/CG x 1 CGs, 19660760 bytes)...
[M::mem_process_seqs_merge2] CPE FASTQ formatting done
[M::process] read chunk (19660800 bytes/CG x 1 CGs, 19660760 bytes)...
[M::mem_process_seqs_merge2] CPE FASTQ formatting done
slave pre done
now n is 140436
processed 140436
[M::mem_process_seqs_merge2] Processed 140436 reads in 0.030 CPU sec, 1.463 real sec
slave pre done
now n is 140434
processed 140434
[M::mem_process_seqs_merge2] Processed 140434 reads in 0.370 CPU sec, 2.915 real sec
[M::process] read chunk (19660800 bytes/CG x 1 CGs, 19660760 bytes)...
slave pre done
now n is 140434
processed 140434
[M::mem_process_seqs_merge2] Processed 140434 reads in 0.110 CPU sec, 1.865 real sec
[M::mem_process_seqs_merge2] CPE FASTQ formatting done
[M::mem_process_seqs_merge2] CPE FASTQ formatting done
slave pre done
now n is 140436
slave pre done
now n is 140434
processed 140434
[M::mem_process_seqs_merge2] Processed 140434 reads in 0.070 CPU sec, 1.445 real sec
processed 140436
[M::mem_process_seqs_merge2] Processed 140436 reads in 0.160 CPU sec, 1.738 real sec
[M::mem_process_seqs_merge2] CPE FASTQ formatting done
[M::process] read chunk (19660800 bytes/CG x 1 CGs, 19660760 bytes)...
[M::process] read chunk (19660800 bytes/CG x 1 CGs, 19660760 bytes)...
[M::process] read chunk (19660800 bytes/CG x 1 CGs, 19660760 bytes)...
[M::process] read chunk (19660800 bytes/CG x 1 CGs, 19660760 bytes)...
slave pre done
now n is 140434
processed 140434
[M::mem_process_seqs_merge2] Processed 140434 reads in 0.750 CPU sec, 4.835 real sec
[M::mem_process_seqs_merge2] CPE FASTQ formatting done
[M::process] read chunk (19660800 bytes/CG x 1 CGs, 19660760 bytes)...
slave pre done
now n is 140434
processed 140434
[M::mem_process_seqs_merge2] Processed 140434 reads in 0.140 CPU sec, 1.611 real sec
[M::mem_process_seqs_merge2] CPE FASTQ formatting done
[M::mem_process_seqs_merge2] CPE FASTQ formatting done
slave pre done
now n is 140434
processed 140434
[M::mem_process_seqs_merge2] Processed 140434 reads in 0.360 CPU sec, 1.923 real sec
[M::process] read chunk (19660800 bytes/CG x 1 CGs, 19660760 bytes)...
[M::mem_process_seqs_merge2] CPE FASTQ formatting done
[M::process] read chunk (19660800 bytes/CG x 1 CGs, 19660760 bytes)...
[M::mem_process_seqs_merge2] CPE FASTQ formatting done
slave pre done
now n is 140434
slave pre done
now n is 140434
processed 140434
[M::mem_process_seqs_merge2] Processed 140434 reads in 0.290 CPU sec, 1.916 real sec
processed 140434
[M::mem_process_seqs_merge2] Processed 140434 reads in 0.180 CPU sec, 1.938 real sec
[M::mem_process_seqs_merge2] CPE FASTQ formatting done
slave pre done
now n is 140434
processed 140434
[M::mem_process_seqs_merge2] Processed 140434 reads in 0.150 CPU sec, 2.042 real sec
[M::process] read chunk (19660800 bytes/CG x 1 CGs, 19660760 bytes)...
[M::process] read chunk (19660800 bytes/CG x 1 CGs, 19660760 bytes)...
slave pre done
now n is 140434
processed 140434
[M::mem_process_seqs_merge2] Processed 140434 reads in 0.100 CPU sec, 1.706 real sec
[M::process] read chunk (19660800 bytes/CG x 1 CGs, 19661040 bytes)...
[M::process] read chunk (19660800 bytes/CG x 1 CGs, 19660760 bytes)...
[M::mem_process_seqs_merge2] CPE FASTQ formatting done
[M::mem_process_seqs_merge2] CPE FASTQ formatting done
slave pre done
now n is 140434
slave pre done
now n is 140434
processed 140434
[M::mem_process_seqs_merge2] Processed 140434 reads in 0.150 CPU sec, 1.631 real sec
processed 140434
[M::mem_process_seqs_merge2] Processed 140434 reads in 0.210 CPU sec, 1.808 real sec
[M::mem_process_seqs_merge2] CPE FASTQ formatting done
[M::process] read chunk (19660800 bytes/CG x 1 CGs, 19660760 bytes)...
[M::process] read chunk (19660800 bytes/CG x 1 CGs, 19660760 bytes)...
slave pre done
now n is 140434
[M::mem_process_seqs_merge2] CPE FASTQ formatting done
processed 140434
[M::mem_process_seqs_merge2] Processed 140434 reads in 0.070 CPU sec, 1.815 real sec
slave pre done
now n is 140434
[M::mem_process_seqs_merge2] CPE FASTQ formatting done
processed 140434
[M::mem_process_seqs_merge2] Processed 140434 reads in 0.190 CPU sec, 1.679 real sec
slave pre done
now n is 140434
processed 140434
[M::mem_process_seqs_merge2] Processed 140434 reads in 0.120 CPU sec, 1.916 real sec
[M::process] read chunk (19660800 bytes/CG x 1 CGs, 19661040 bytes)...
[M::mem_process_seqs_merge2] CPE FASTQ formatting done
[M::process] read chunk (19660800 bytes/CG x 1 CGs, 19661040 bytes)...
[M::mem_process_seqs_merge2] CPE FASTQ formatting done
[M::process] read chunk (19660800 bytes/CG x 1 CGs, 19660760 bytes)...
[M::mem_process_seqs_merge2] CPE FASTQ formatting done
slave pre done
now n is 140434
processed 140434
[M::mem_process_seqs_merge2] Processed 140434 reads in 0.080 CPU sec, 1.422 real sec
[M::process] read chunk (19660800 bytes/CG x 1 CGs, 19660760 bytes)...
slave pre done
now n is 140434
processed 140434
[M::mem_process_seqs_merge2] Processed 140434 reads in 0.080 CPU sec, 1.996 real sec
[M::mem_process_seqs_merge2] CPE FASTQ formatting done
slave pre done
now n is 140434
slave pre done
now n is 140434
processed 140434
[M::mem_process_seqs_merge2] Processed 140434 reads in 0.280 CPU sec, 2.094 real sec
processed 140434
[M::mem_process_seqs_merge2] Processed 140434 reads in 0.170 CPU sec, 1.697 real sec
[M::process] read chunk (19660800 bytes/CG x 1 CGs, 19660760 bytes)...
[M::mem_process_seqs_merge2] CPE FASTQ formatting done
[M::mem_process_seqs_merge2] CPE FASTQ formatting done
[M::mem_process_seqs_merge2] CPE FASTQ formatting done
slave pre done
now n is 140434
[M::process] read chunk (19660800 bytes/CG x 1 CGs, 19660760 bytes)...
processed 140434
[M::mem_process_seqs_merge2] Processed 140434 reads in 0.100 CPU sec, 1.660 real sec
[M::process] read chunk (19660800 bytes/CG x 1 CGs, 19660760 bytes)...
slave pre done
slave pre done
now n is 140436
now n is 140434
processed 140434
processed 140436
[M::mem_process_seqs_merge2] Processed 140436 reads in 0.180 CPU sec, 2.045 real sec
[M::mem_process_seqs_merge2] Processed 140434 reads in 0.160 CPU sec, 1.694 real sec
slave pre done
now n is 140434
[M::process] read chunk (19660800 bytes/CG x 1 CGs, 19660752 bytes)...
processed 140434
[M::mem_process_seqs_merge2] Processed 140434 reads in 0.130 CPU sec, 1.655 real sec
[M::mem_process_seqs_merge2] CPE FASTQ formatting done
[M::process] read chunk (19660800 bytes/CG x 1 CGs, 19660760 bytes)...
[M::process] read chunk (19660800 bytes/CG x 1 CGs, 19660760 bytes)...
[M::process] read chunk (19660800 bytes/CG x 1 CGs, 19660760 bytes)...
[M::mem_process_seqs_merge2] CPE FASTQ formatting done
[M::mem_process_seqs_merge2] CPE FASTQ formatting done
[M::mem_process_seqs_merge2] CPE FASTQ formatting done
slave pre done
now n is 140434
processed 140434
[M::mem_process_seqs_merge2] Processed 140434 reads in 0.160 CPU sec, 1.667 real sec
[M::mem_process_seqs_merge2] CPE FASTQ formatting done
slave pre done
now n is 140434
[M::mem_process_seqs_merge2] CPE FASTQ formatting done
processed 140434
[M::mem_process_seqs_merge2] Processed 140434 reads in 0.360 CPU sec, 1.984 real sec
[M::mem_process_seqs_merge2] CPE FASTQ formatting done
[M::process] read chunk (19660800 bytes/CG x 1 CGs, 19660696 bytes)...
slave pre done
now n is 140434
processed 140434
[M::mem_process_seqs_merge2] Processed 140434 reads in 0.090 CPU sec, 1.563 real sec
[M::process] read chunk (19660800 bytes/CG x 1 CGs, 19660752 bytes)...
slave pre done
now n is 140436
processed 140436
[M::mem_process_seqs_merge2] Processed 140436 reads in 0.210 CPU sec, 2.484 real sec
slave pre done
now n is 140434
[M::process] read chunk (19660800 bytes/CG x 1 CGs, 19660752 bytes)...
processed 140434
[M::mem_process_seqs_merge2] Processed 140434 reads in 1.520 CPU sec, 9.507 real sec
slave pre done
now n is 140436
processed 140436
[M::mem_process_seqs_merge2] Processed 140436 reads in 0.280 CPU sec, 2.883 real sec
slave pre done
now n is 140434
[M::process] read chunk (19660800 bytes/CG x 1 CGs, 19660752 bytes)...
processed 140434
[M::mem_process_seqs_merge2] Processed 140434 reads in 0.080 CPU sec, 1.467 real sec
[M::process] read chunk (19660800 bytes/CG x 1 CGs, 19660760 bytes)...
[M::mem_process_seqs_merge2] CPE FASTQ formatting done
[M::mem_process_seqs_merge2] CPE FASTQ formatting done
[M::process] read chunk (19660800 bytes/CG x 1 CGs, 19660760 bytes)...
[M::process] read chunk (19660800 bytes/CG x 1 CGs, 19660760 bytes)...
slave pre done
now n is 140434
processed 140434
[M::mem_process_seqs_merge2] Processed 140434 reads in 0.170 CPU sec, 1.465 real sec
[M::process] read chunk (19660800 bytes/CG x 1 CGs, 19660760 bytes)...
[M::mem_process_seqs_merge2] CPE FASTQ formatting done
slave pre done
now n is 138456
processed 138456
[M::mem_process_seqs_merge2] Processed 138456 reads in 0.270 CPU sec, 2.174 real sec
slave pre done
now n is 140434
processed 140434
[M::mem_process_seqs_merge2] Processed 140434 reads in 0.290 CPU sec, 2.709 real sec
[M::mem_process_seqs_merge2] CPE FASTQ formatting done
[M::mem_process_seqs_merge2] CPE FASTQ formatting done
[M::mem_process_seqs_merge2] CPE FASTQ formatting done
slave pre done
now n is 138830
processed 138830
[M::mem_process_seqs_merge2] Processed 138830 reads in 0.140 CPU sec, 1.401 real sec
slave pre done
now n is 140434
processed 140434
[M::mem_process_seqs_merge2] Processed 140434 reads in 0.140 CPU sec, 2.349 real sec
[M::process] read chunk (19660800 bytes/CG x 1 CGs, 19660752 bytes)...
slave pre done
now n is 138456
[M::mem_process_seqs_merge2] CPE FASTQ formatting done
processed 138456
[M::mem_process_seqs_merge2] Processed 138456 reads in 0.100 CPU sec, 1.472 real sec
[M::process] read chunk (19660800 bytes/CG x 1 CGs, 19660752 bytes)...
[M::process] read chunk (19660800 bytes/CG x 1 CGs, 19660752 bytes)...
[M::process] read chunk (19660800 bytes/CG x 1 CGs, 19661040 bytes)...
[M::mem_process_seqs_merge2] CPE FASTQ formatting done
[M::process] read chunk (19660800 bytes/CG x 1 CGs, 4915188 bytes)...
[M::mem_process_seqs_merge2] CPE FASTQ formatting done
[M::mem_process_seqs_merge2] CPE FASTQ formatting done
[M::mem_process_seqs_merge2] CPE FASTQ formatting done
[M::mem_process_seqs_merge2] CPE FASTQ formatting done
[M::mem_process_seqs_merge2] CPE FASTQ formatting done
slave pre done
now n is 34614
processed 34614
[M::mem_process_seqs_merge2] Processed 34614 reads in 0.020 CPU sec, 0.403 real sec
slave pre done
now n is 138456
[M::process] read chunk (19660800 bytes/CG x 1 CGs, 19660752 bytes)...
slave pre done
processed 138456
[M::mem_process_seqs_merge2] Processed 138456 reads in 0.100 CPU sec, 1.751 real sec
now n is 140434
processed 140434
[M::mem_process_seqs_merge2] Processed 140434 reads in 0.120 CPU sec, 1.626 real sec
slave pre done
now n is 138456
processed 138456
[M::mem_process_seqs_merge2] Processed 138456 reads in 0.220 CPU sec, 1.849 real sec
[M::process] read chunk (19660800 bytes/CG x 1 CGs, 4915188 bytes)...
[M::process] read chunk (19660800 bytes/CG x 1 CGs, 19660760 bytes)...
slave pre done
now n is 140434
processed 140434
[M::mem_process_seqs_merge2] Processed 140434 reads in 0.920 CPU sec, 5.198 real sec
[M::mem_process_seqs_merge2] CPE FASTQ formatting done
[M::mem_process_seqs_merge2] CPE FASTQ formatting done
[M::process] read chunk (19660800 bytes/CG x 1 CGs, 4915188 bytes)...
[M::mem_process_seqs_merge2] CPE FASTQ formatting done
[M::process] read chunk (19660800 bytes/CG x 1 CGs, 19661036 bytes)...
slave pre done
now n is 140434
slave pre done
now n is 138456
processed 140434
[M::mem_process_seqs_merge2] Processed 140434 reads in 0.240 CPU sec, 2.207 real sec
[M::mem_process_seqs_merge2] CPE FASTQ formatting done
processed 138456
[M::mem_process_seqs_merge2] Processed 138456 reads in 0.100 CPU sec, 1.383 real sec
slave pre done
now n is 34614
processed 34614
[M::mem_process_seqs_merge2] Processed 34614 reads in 0.020 CPU sec, 0.449 real sec
[M::process] read chunk (19660800 bytes/CG x 1 CGs, 4915188 bytes)...
slave pre done
now n is 34614
processed 34614
[M::mem_process_seqs_merge2] Processed 34614 reads in 0.010 CPU sec, 0.410 real sec
[M::process] read chunk (19660800 bytes/CG x 1 CGs, 19661036 bytes)...
[M::process] read chunk (19660800 bytes/CG x 1 CGs, 19660752 bytes)...
slave pre done
now n is 138456
[M::process] read chunk (19660800 bytes/CG x 1 CGs, 4915188 bytes)...
processed 138456
[M::mem_process_seqs_merge2] Processed 138456 reads in 0.090 CPU sec, 1.542 real sec
slave pre done
now n is 140434
[M::mem_process_seqs_merge2] CPE FASTQ formatting done
processed 140434
[M::mem_process_seqs_merge2] Processed 140434 reads in 0.380 CPU sec, 3.028 real sec
[M::mem_process_seqs_merge2] CPE FASTQ formatting done
slave pre done
now n is 140436
processed 140436
[M::mem_process_seqs_merge2] Processed 140436 reads in 0.070 CPU sec, 1.686 real sec
slave pre done
now n is 140434
slave pre done
now n is 138456
processed 140434
[M::mem_process_seqs_merge2] Processed 140434 reads in 0.270 CPU sec, 2.667 real sec
processed 138456
[M::mem_process_seqs_merge2] Processed 138456 reads in 0.200 CPU sec, 2.165 real sec
[M::process] read chunk (19660800 bytes/CG x 1 CGs, 4915188 bytes)...
[M::process] read chunk (19660800 bytes/CG x 1 CGs, 4915188 bytes)...
[M::mem_process_seqs_merge2] CPE FASTQ formatting done
[M::mem_process_seqs_merge2] CPE FASTQ formatting done
[M::process] read chunk (19660800 bytes/CG x 1 CGs, 19661036 bytes)...
slave pre done
now n is 34614
[M::process] read chunk (19660800 bytes/CG x 1 CGs, 19660752 bytes)...
processed 34614
[M::mem_process_seqs_merge2] Processed 34614 reads in 0.030 CPU sec, 0.418 real sec
[M::process] read chunk (19660800 bytes/CG x 1 CGs, 19660752 bytes)...
[M::process] read chunk (19660800 bytes/CG x 1 CGs, 4915188 bytes)...
slave pre done
now n is 138456
slave pre done
now n is 34614
processed 34614
[M::mem_process_seqs_merge2] Processed 34614 reads in 0.080 CPU sec, 0.457 real sec
processed 138456
[M::mem_process_seqs_merge2] Processed 138456 reads in 0.170 CPU sec, 1.648 real sec
slave pre done
now n is 34614
processed 34614
[M::mem_process_seqs_merge2] Processed 34614 reads in 0.020 CPU sec, 0.449 real sec
[M::mem_process_seqs_merge2] CPE FASTQ formatting done
[M::process] read chunk (19660800 bytes/CG x 1 CGs, 4915188 bytes)...
[M::process] read chunk (19660800 bytes/CG x 1 CGs, 4915188 bytes)...
[M::process] read chunk (19660800 bytes/CG x 1 CGs, 4915188 bytes)...
[M::mem_process_seqs_merge2] CPE FASTQ formatting done
[M::mem_process_seqs_merge2] CPE FASTQ formatting done
[M::mem_process_seqs_merge2] CPE FASTQ formatting done
[M::mem_process_seqs_merge2] CPE FASTQ formatting done
[M::mem_process_seqs_merge2] CPE FASTQ formatting done
[M::mem_process_seqs_merge2] CPE FASTQ formatting done
[M::mem_process_seqs_merge2] CPE FASTQ formatting done
[M::mem_process_seqs_merge2] CPE FASTQ formatting done
slave pre done
now n is 34614
processed 34614
[M::mem_process_seqs_merge2] Processed 34614 reads in 0.010 CPU sec, 0.356 real sec
slave pre done
now n is 138458
processed 138458
[M::mem_process_seqs_merge2] Processed 138458 reads in 0.230 CPU sec, 1.576 real sec
[M::process] read chunk (19660800 bytes/CG x 1 CGs, 4915188 bytes)...
[M::mem_process_seqs_merge2] CPE FASTQ formatting done
slave pre done
now n is 34614
processed 34614
[M::mem_process_seqs_merge2] Processed 34614 reads in 0.100 CPU sec, 0.544 real sec
[M::process] read chunk (19660800 bytes/CG x 1 CGs, 19660752 bytes)...
[M::process] read chunk (19660800 bytes/CG x 1 CGs, 4915188 bytes)...
slave pre done
now n is 34614
processed 34614
[M::mem_process_seqs_merge2] Processed 34614 reads in 0.050 CPU sec, 0.475 real sec
[M::mem_process_seqs_merge2] CPE FASTQ formatting done
slave pre done
now n is 34614
processed 34614
[M::mem_process_seqs_merge2] Processed 34614 reads in 0.110 CPU sec, 0.689 real sec
[M::process] read chunk (19660800 bytes/CG x 1 CGs, 4915188 bytes)...
[M::process] read chunk (19660800 bytes/CG x 1 CGs, 4915472 bytes)...
slave pre done
now n is 138456
slave pre done
now n is 140434
processed 138456
[M::mem_process_seqs_merge2] CPE FASTQ formatting done
processed 140434
[M::mem_process_seqs_merge2] Processed 138456 reads in 0.110 CPU sec, 1.405 real sec
[M::mem_process_seqs_merge2] Processed 140434 reads in 0.400 CPU sec, 2.742 real sec
[M::mem_process_seqs_merge2] CPE FASTQ formatting done
[M::mem_process_seqs_merge2] CPE FASTQ formatting done
slave pre done
now n is 34614
processed 34614
[M::mem_process_seqs_merge2] Processed 34614 reads in 0.020 CPU sec, 0.344 real sec
[M::process] read chunk (19660800 bytes/CG x 1 CGs, 4915188 bytes)...
[M::process] read chunk (19660800 bytes/CG x 1 CGs, 4915188 bytes)...
[M::process] read chunk (19660800 bytes/CG x 1 CGs, 19660752 bytes)...
slave pre done
now n is 34614
processed 34614
[M::mem_process_seqs_merge2] Processed 34614 reads in 0.050 CPU sec, 0.358 real sec
slave pre done
now n is 34614
processed 34614
[M::mem_process_seqs_merge2] Processed 34614 reads in 0.040 CPU sec, 0.428 real sec
[M::mem_process_seqs_merge2] CPE FASTQ formatting done
[M::process] read chunk (19660800 bytes/CG x 1 CGs, 4915188 bytes)...
slave pre done
now n is 138458
[M::mem_process_seqs_merge2] CPE FASTQ formatting done
[M::process] read chunk (19660800 bytes/CG x 1 CGs, 4915188 bytes)...
processed 138458
[M::mem_process_seqs_merge2] Processed 138458 reads in 0.050 CPU sec, 1.363 real sec
[M::mem_process_seqs_merge2] CPE FASTQ formatting done
slave pre done
now n is 34616
processed 34616
[M::mem_process_seqs_merge2] Processed 34616 reads in 0.040 CPU sec, 0.677 real sec
[M::mem_process_seqs_merge2] CPE FASTQ formatting done
[M::mem_process_seqs_merge2] CPE FASTQ formatting done
slave pre done
now n is 34614
[M::process] read chunk (19660800 bytes/CG x 1 CGs, 4915188 bytes)...
processed 34614
[M::mem_process_seqs_merge2] Processed 34614 reads in 0.040 CPU sec, 0.401 real sec
[M::process] read chunk (19660800 bytes/CG x 1 CGs, 19660752 bytes)...
slave pre done
now n is 138456
[M::process] read chunk (19660800 bytes/CG x 1 CGs, 4915188 bytes)...
processed 138456
[M::mem_process_seqs_merge2] Processed 138456 reads in 0.110 CPU sec, 1.713 real sec
slave pre done
now n is 34614
processed 34614
[M::mem_process_seqs_merge2] Processed 34614 reads in 0.060 CPU sec, 0.538 real sec
slave pre done
now n is 34614
processed 34614
[M::mem_process_seqs_merge2] Processed 34614 reads in 0.030 CPU sec, 0.368 real sec
[M::process] read chunk (19660800 bytes/CG x 1 CGs, 4915188 bytes)...
[M::process] read chunk (19660800 bytes/CG x 1 CGs, 4915188 bytes)...
[M::mem_process_seqs_merge2] CPE FASTQ formatting done
slave pre done
now n is 34614
processed 34614
[M::mem_process_seqs_merge2] Processed 34614 reads in 0.120 CPU sec, 0.569 real sec
[M::process] read chunk (19660800 bytes/CG x 1 CGs, 4915188 bytes)...
[M::mem_process_seqs_merge2] CPE FASTQ formatting done
[M::mem_process_seqs_merge2] CPE FASTQ formatting done
[M::process] read chunk (19660800 bytes/CG x 1 CGs, 4915188 bytes)...
slave pre done
now n is 138458
processed 138458
[M::mem_process_seqs_merge2] Processed 138458 reads in 0.240 CPU sec, 2.239 real sec
[M::mem_process_seqs_merge2] CPE FASTQ formatting done
[M::mem_process_seqs_merge2] CPE FASTQ formatting done
[M::mem_process_seqs_merge2] CPE FASTQ formatting done
slave pre done
now n is 34614
processed 34614
[M::mem_process_seqs_merge2] Processed 34614 reads in 0.070 CPU sec, 0.513 real sec
[M::mem_process_seqs_merge2] CPE FASTQ formatting done
[M::mem_process_seqs_merge2] CPE FASTQ formatting done
slave pre done
now n is 34614
processed 34614
[M::mem_process_seqs_merge2] Processed 34614 reads in 0.060 CPU sec, 0.564 real sec
[M::process] read chunk (19660800 bytes/CG x 1 CGs, 4915188 bytes)...
[M::process] read chunk (19660800 bytes/CG x 1 CGs, 4915188 bytes)...
[M::process] read chunk (19660800 bytes/CG x 1 CGs, 4915188 bytes)...
slave pre done
now n is 34614
processed 34614
[M::mem_process_seqs_merge2] Processed 34614 reads in 0.020 CPU sec, 0.377 real sec
slave pre done
now n is 34614
[M::process] read chunk (19660800 bytes/CG x 1 CGs, 4915188 bytes)...
processed 34614
[M::mem_process_seqs_merge2] Processed 34614 reads in 0.040 CPU sec, 0.502 real sec
[M::mem_process_seqs_merge2] CPE FASTQ formatting done
slave pre done
now n is 34614
[M::mem_process_seqs_merge2] CPE FASTQ formatting done
processed 34614
[M::mem_process_seqs_merge2] Processed 34614 reads in 0.020 CPU sec, 0.374 real sec
[M::process] read chunk (19660800 bytes/CG x 1 CGs, 4915188 bytes)...
slave pre done
now n is 34614
processed 34614
[M::mem_process_seqs_merge2] Processed 34614 reads in 0.050 CPU sec, 0.562 real sec
[M::mem_process_seqs_merge2] CPE FASTQ formatting done
[M::process] read chunk (19660800 bytes/CG x 1 CGs, 4915188 bytes)...
[M::process] read chunk (19660800 bytes/CG x 1 CGs, 19660752 bytes)...
[M::mem_process_seqs_merge2] CPE FASTQ formatting done
slave pre done
now n is 34614
processed 34614
[M::mem_process_seqs_merge2] Processed 34614 reads in 0.030 CPU sec, 0.378 real sec
[M::mem_process_seqs_merge2] CPE FASTQ formatting done
slave pre done
now n is 138456
[M::mem_process_seqs_merge2] CPE FASTQ formatting done
processed 138456
[M::mem_process_seqs_merge2] Processed 138456 reads in 0.330 CPU sec, 1.754 real sec
[M::process] read chunk (19660800 bytes/CG x 1 CGs, 4915188 bytes)...
slave pre done
now n is 34614
processed 34614
[M::mem_process_seqs_merge2] Processed 34614 reads in 0.050 CPU sec, 0.410 real sec
slave pre done
now n is 34614
processed 34614
[M::mem_process_seqs_merge2] Processed 34614 reads in 0.100 CPU sec, 0.610 real sec
[M::process] read chunk (19660800 bytes/CG x 1 CGs, 4915188 bytes)...
slave pre done
now n is 138456
[M::mem_process_seqs_merge2] CPE FASTQ formatting done
[M::mem_process_seqs_merge2] CPE FASTQ formatting done
slave pre done
now n is 34614
processed 138456
[M::mem_process_seqs_merge2] Processed 138456 reads in 0.150 CPU sec, 1.412 real sec
processed 34614
[M::mem_process_seqs_merge2] Processed 34614 reads in 0.030 CPU sec, 0.400 real sec
[M::process] read chunk (19660800 bytes/CG x 1 CGs, 4915188 bytes)...
[M::process] read chunk (19660800 bytes/CG x 1 CGs, 4915188 bytes)...
[M::process] read chunk (19660800 bytes/CG x 1 CGs, 4915188 bytes)...
[M::mem_process_seqs_merge2] CPE FASTQ formatting done
slave pre done
now n is 34614
processed 34614
[M::mem_process_seqs_merge2] Processed 34614 reads in 0.020 CPU sec, 0.391 real sec
slave pre done
now n is 34614
processed 34614
[M::mem_process_seqs_merge2] Processed 34614 reads in 0.020 CPU sec, 0.465 real sec
slave pre done
now n is 138456
processed 138456
[M::mem_process_seqs_merge2] Processed 138456 reads in 0.380 CPU sec, 3.441 real sec
[M::process] read chunk (19660800 bytes/CG x 1 CGs, 1228584 bytes)...
[M::process] read chunk (19660800 bytes/CG x 1 CGs, 4915188 bytes)...
[M::mem_process_seqs_merge2] CPE FASTQ formatting done
slave pre done
now n is 34614
processed 34614
[M::mem_process_seqs_merge2] Processed 34614 reads in 0.020 CPU sec, 0.367 real sec
[M::mem_process_seqs_merge2] CPE FASTQ formatting done
slave pre done
now n is 34614
processed 34614
[M::mem_process_seqs_merge2] Processed 34614 reads in 0.020 CPU sec, 0.385 real sec
[M::process] read chunk (19660800 bytes/CG x 1 CGs, 4915188 bytes)...
[M::process] read chunk (19660800 bytes/CG x 1 CGs, 4915472 bytes)...
[M::process] read chunk (19660800 bytes/CG x 1 CGs, 1228868 bytes)...
[M::mem_process_seqs_merge2] CPE FASTQ formatting done
[M::mem_process_seqs_merge2] CPE FASTQ formatting done
[M::mem_process_seqs_merge2] CPE FASTQ formatting done
[M::process] read chunk (19660800 bytes/CG x 1 CGs, 1228868 bytes)...
[M::mem_process_seqs_merge2] CPE FASTQ formatting done
[M::mem_process_seqs_merge2] CPE FASTQ formatting done
slave pre done
now n is 34614
slave pre done
now n is 8652
processed 34614
[M::mem_process_seqs_merge2] Processed 34614 reads in 0.030 CPU sec, 0.379 real sec
processed 8652
[M::mem_process_seqs_merge2] Processed 8652 reads in 0.020 CPU sec, 0.243 real sec
slave pre done
now n is 138456
slave pre done
now n is 34614
processed 34614
[M::mem_process_seqs_merge2] Processed 34614 reads in 0.020 CPU sec, 0.430 real sec
processed 138456
[M::mem_process_seqs_merge2] Processed 138456 reads in 0.120 CPU sec, 1.671 real sec
[M::mem_process_seqs_merge2] CPE FASTQ formatting done
[M::process] read chunk (19660800 bytes/CG x 1 CGs, 1228868 bytes)...
[M::mem_process_seqs_merge2] CPE FASTQ formatting done
[M::mem_process_seqs_merge2] CPE FASTQ formatting done
[M::process] read chunk (19660800 bytes/CG x 1 CGs, 4915188 bytes)...
[M::process] read chunk (19660800 bytes/CG x 1 CGs, 4915188 bytes)...
slave pre done
now n is 8654
processed 8654
[M::mem_process_seqs_merge2] Processed 8654 reads in 0.030 CPU sec, 0.353 real sec
slave pre done
now n is 8654
[M::process] read chunk (19660800 bytes/CG x 1 CGs, 1228584 bytes)...
processed 8654
[M::mem_process_seqs_merge2] Processed 8654 reads in 0.010 CPU sec, 0.127 real sec
[M::process] read chunk (19660800 bytes/CG x 1 CGs, 1228868 bytes)...
slave pre done
now n is 8654
slave pre done
now n is 34614
[M::mem_process_seqs_merge2] CPE FASTQ formatting done
processed 34614
[M::mem_process_seqs_merge2] Processed 34614 reads in 0.040 CPU sec, 0.482 real sec
processed 8654
[M::mem_process_seqs_merge2] Processed 8654 reads in 0.020 CPU sec, 0.180 real sec
[M::mem_process_seqs_merge2] CPE FASTQ formatting done
[M::process] read chunk (19660800 bytes/CG x 1 CGs, 1228868 bytes)...
slave pre done
now n is 34614
processed 34614
[M::mem_process_seqs_merge2] Processed 34614 reads in 0.030 CPU sec, 0.395 real sec
[M::process] read chunk (19660800 bytes/CG x 1 CGs, 4915188 bytes)...
[M::process] read chunk (19660800 bytes/CG x 1 CGs, 1228868 bytes)...
slave pre done
now n is 34616
processed 34616
[M::mem_process_seqs_merge2] Processed 34616 reads in 0.030 CPU sec, 0.473 real sec
[M::process] read chunk (19660800 bytes/CG x 1 CGs, 4915188 bytes)...
slave pre done
now n is 34614
processed 34614
[M::mem_process_seqs_merge2] Processed 34614 reads in 0.040 CPU sec, 0.441 real sec
[M::mem_process_seqs_merge2] CPE FASTQ formatting done
[M::mem_process_seqs_merge2] CPE FASTQ formatting done
[M::mem_process_seqs_merge2] CPE FASTQ formatting done
[M::process] read chunk (19660800 bytes/CG x 1 CGs, 4915188 bytes)...
slave pre done
now n is 8654
[M::process] read chunk (19660800 bytes/CG x 1 CGs, 4915188 bytes)...
processed 8654
[M::mem_process_seqs_merge2] Processed 8654 reads in 0.020 CPU sec, 0.104 real sec
slave pre done
now n is 8654
[M::process] read chunk (19660800 bytes/CG x 1 CGs, 1228868 bytes)...
[M::mem_process_seqs_merge2] CPE FASTQ formatting done
processed 8654
[M::mem_process_seqs_merge2] Processed 8654 reads in 0.020 CPU sec, 0.113 real sec
[M::mem_process_seqs_merge2] CPE FASTQ formatting done
slave pre done
now n is 34614
processed 34614
[M::mem_process_seqs_merge2] Processed 34614 reads in 0.030 CPU sec, 0.408 real sec
[M::process] read chunk (19660800 bytes/CG x 1 CGs, 1228868 bytes)...
[M::mem_process_seqs_merge2] CPE FASTQ formatting done
[M::mem_process_seqs_merge2] CPE FASTQ formatting done
slave pre done
now n is 34614
processed 34614
[M::mem_process_seqs_merge2] Processed 34614 reads in 0.050 CPU sec, 0.449 real sec
slave pre done
now n is 8652
[M::mem_process_seqs_merge2] CPE FASTQ formatting done
processed 8652
[M::mem_process_seqs_merge2] Processed 8652 reads in 0.010 CPU sec, 0.119 real sec
[M::process] read chunk (19660800 bytes/CG x 1 CGs, 1228868 bytes)...
[M::process] read chunk (19660800 bytes/CG x 1 CGs, 1228868 bytes)...
[M::mem_process_seqs_merge2] CPE FASTQ formatting done
[M::mem_process_seqs_merge2] CPE FASTQ formatting done
[M::mem_process_seqs_merge2] CPE FASTQ formatting done
slave pre done
now n is 8654
slave pre done
now n is 8654
processed 8654
[M::mem_process_seqs_merge2] Processed 8654 reads in 0.010 CPU sec, 0.123 real sec
processed 8654
[M::mem_process_seqs_merge2] Processed 8654 reads in 0.010 CPU sec, 0.148 real sec
slave pre done
now n is 138456
[M::process] read chunk (19660800 bytes/CG x 1 CGs, 4915188 bytes)...
[M::process] read chunk (19660800 bytes/CG x 1 CGs, 1228584 bytes)...
processed 138456
[M::mem_process_seqs_merge2] Processed 138456 reads in 0.080 CPU sec, 1.406 real sec
[M::process] read chunk (19660800 bytes/CG x 1 CGs, 4915188 bytes)...
slave pre done
now n is 34614
slave pre done
now n is 34614
[M::mem_process_seqs_merge2] CPE FASTQ formatting done
processed 34614
[M::mem_process_seqs_merge2] Processed 34614 reads in 0.070 CPU sec, 0.401 real sec
slave pre done
now n is 8654
processed 34614
[M::mem_process_seqs_merge2] Processed 34614 reads in 0.480 CPU sec, 5.082 real sec
slave pre done
now n is 8654
processed 8654
[M::mem_process_seqs_merge2] Processed 8654 reads in 0.010 CPU sec, 0.115 real sec
processed 8654
[M::mem_process_seqs_merge2] Processed 8654 reads in 0.010 CPU sec, 0.123 real sec
[M::process] read chunk (19660800 bytes/CG x 1 CGs, 1228868 bytes)...
[M::process] read chunk (19660800 bytes/CG x 1 CGs, 1228584 bytes)...
[M::mem_process_seqs_merge2] CPE FASTQ formatting done
slave pre done
now n is 34614
[M::mem_process_seqs_merge2] CPE FASTQ formatting done
processed 34614
[M::mem_process_seqs_merge2] Processed 34614 reads in 0.010 CPU sec, 0.362 real sec
slave pre done
now n is 8652
[M::process] read chunk (19660800 bytes/CG x 1 CGs, 1228868 bytes)...
processed 8652
[M::mem_process_seqs_merge2] Processed 8652 reads in 0.010 CPU sec, 0.129 real sec
[M::process] read chunk (19660800 bytes/CG x 1 CGs, 1228868 bytes)...
[M::process] read chunk (19660800 bytes/CG x 1 CGs, 1228868 bytes)...
slave pre done
now n is 8654
processed 8654
[M::mem_process_seqs_merge2] Processed 8654 reads in 0.020 CPU sec, 0.122 real sec
[M::process] read chunk (19660800 bytes/CG x 1 CGs, 1228584 bytes)...
[M::process] read chunk (19660800 bytes/CG x 1 CGs, 1228868 bytes)...
slave pre done
now n is 34614
processed 34614
[M::mem_process_seqs_merge2] Processed 34614 reads in 0.060 CPU sec, 0.460 real sec
[M::mem_process_seqs_merge2] CPE FASTQ formatting done
[M::mem_process_seqs_merge2] CPE FASTQ formatting done
slave pre done
now n is 34614
processed 34614
[M::mem_process_seqs_merge2] Processed 34614 reads in 0.040 CPU sec, 0.452 real sec
[M::mem_process_seqs_merge2] CPE FASTQ formatting done
[M::mem_process_seqs_merge2] CPE FASTQ formatting done
slave pre done
now n is 8652
[M::mem_process_seqs_merge2] CPE FASTQ formatting done
processed 8652
[M::mem_process_seqs_merge2] Processed 8652 reads in 0.010 CPU sec, 0.320 real sec
[M::mem_process_seqs_merge2] CPE FASTQ formatting done
[M::process] read chunk (19660800 bytes/CG x 1 CGs, 4915188 bytes)...
slave pre done
now n is 8654
slave pre done
now n is 8652
processed 8654
[M::mem_process_seqs_merge2] Processed 8654 reads in 0.010 CPU sec, 0.106 real sec
[M::process] read chunk (19660800 bytes/CG x 1 CGs, 1228868 bytes)...
processed 8652
[M::mem_process_seqs_merge2] Processed 8652 reads in 0.020 CPU sec, 0.114 real sec
[M::process] read chunk (19660800 bytes/CG x 1 CGs, 1228584 bytes)...
[M::process] read chunk (19660800 bytes/CG x 1 CGs, 4915188 bytes)...
slave pre done
[M::process] read chunk (19660800 bytes/CG x 1 CGs, 1228868 bytes)...
now n is 8654
processed 8654
[M::mem_process_seqs_merge2] Processed 8654 reads in 0.030 CPU sec, 0.119 real sec
slave pre done
now n is 8654
processed 8654
[M::mem_process_seqs_merge2] Processed 8654 reads in 0.020 CPU sec, 0.122 real sec
slave pre done
now n is 8654
[M::process] read chunk (19660800 bytes/CG x 1 CGs, 1228868 bytes)...
processed 8654
[M::mem_process_seqs_merge2] Processed 8654 reads in 0.040 CPU sec, 0.141 real sec
[M::process] read chunk (19660800 bytes/CG x 1 CGs, 1228868 bytes)...
[M::mem_process_seqs_merge2] CPE FASTQ formatting done
[M::process] read chunk (19660800 bytes/CG x 1 CGs, 1228868 bytes)...
[M::process] read chunk (19660800 bytes/CG x 1 CGs, 1228868 bytes)...
[M::mem_process_seqs_merge2] CPE FASTQ formatting done
[M::mem_process_seqs_merge2] CPE FASTQ formatting done
slave pre done
now n is 8654
slave pre done
now n is 8654
processed 8654
[M::mem_process_seqs_merge2] Processed 8654 reads in 0.030 CPU sec, 0.121 real sec
processed 8654
[M::mem_process_seqs_merge2] Processed 8654 reads in 0.030 CPU sec, 0.171 real sec
[M::process] read chunk (19660800 bytes/CG x 1 CGs, 4915188 bytes)...
[M::mem_process_seqs_merge2] CPE FASTQ formatting done
[M::mem_process_seqs_merge2] CPE FASTQ formatting done
[M::process] read chunk (19660800 bytes/CG x 1 CGs, 1228868 bytes)...
slave pre done
now n is 8654
processed 8654
[M::mem_process_seqs_merge2] Processed 8654 reads in 0.040 CPU sec, 0.409 real sec
[M::mem_process_seqs_merge2] CPE FASTQ formatting done
[M::mem_process_seqs_merge2] CPE FASTQ formatting done
[M::mem_process_seqs_merge2] CPE FASTQ formatting done
[M::process] read chunk (19660800 bytes/CG x 1 CGs, 1228868 bytes)...
slave pre done
now n is 8654
[M::mem_process_seqs_merge2] CPE FASTQ formatting done
processed 8654
[M::mem_process_seqs_merge2] Processed 8654 reads in 0.050 CPU sec, 0.167 real sec
slave pre done
now n is 8654
[M::process] read chunk (19660800 bytes/CG x 1 CGs, 1228584 bytes)...
processed 8654
[M::mem_process_seqs_merge2] Processed 8654 reads in 0.010 CPU sec, 0.119 real sec
slave pre done
now n is 8654
[M::mem_process_seqs_merge2] CPE FASTQ formatting done
processed 8654
[M::mem_process_seqs_merge2] Processed 8654 reads in 0.010 CPU sec, 0.208 real sec
[M::process] read chunk (19660800 bytes/CG x 1 CGs, 1228868 bytes)...
[M::mem_process_seqs_merge2] CPE FASTQ formatting done
[M::process] read chunk (19660800 bytes/CG x 1 CGs, 1228868 bytes)...
slave pre done
now n is 8654
processed 8654
[M::mem_process_seqs_merge2] Processed 8654 reads in 0.040 CPU sec, 0.218 real sec
[M::process] read chunk (19660800 bytes/CG x 1 CGs, 1228868 bytes)...
[M::mem_process_seqs_merge2] CPE FASTQ formatting done
slave pre done
now n is 8654
[M::mem_process_seqs_merge2] CPE FASTQ formatting done
processed 8654
[M::mem_process_seqs_merge2] Processed 8654 reads in 0.010 CPU sec, 0.144 real sec
[M::process] read chunk (19660800 bytes/CG x 1 CGs, 1228868 bytes)...
[M::mem_process_seqs_merge2] CPE FASTQ formatting done
[M::mem_process_seqs_merge2] CPE FASTQ formatting done
[M::mem_process_seqs_merge2] CPE FASTQ formatting done
slave pre done
now n is 34614
[M::mem_process_seqs_merge2] CPE FASTQ formatting done
slave pre done
now n is 8654
processed 34614
[M::mem_process_seqs_merge2] Processed 34614 reads in 0.080 CPU sec, 0.562 real sec
processed 8654
[M::mem_process_seqs_merge2] Processed 8654 reads in 0.010 CPU sec, 0.118 real sec
[M::mem_process_seqs_merge2] CPE FASTQ formatting done
[M::mem_process_seqs_merge2] CPE FASTQ formatting done
[M::process] read chunk (19660800 bytes/CG x 1 CGs, 4915188 bytes)...
slave pre done
now n is 8654
slave pre done
now n is 8654
slave pre done
now n is 8652
slave pre done
now n is 8654
processed 8654
[M::mem_process_seqs_merge2] Processed 8654 reads in 0.000 CPU sec, 0.111 real sec
processed 8654
[M::mem_process_seqs_merge2] Processed 8654 reads in 0.030 CPU sec, 0.114 real sec
processed 8654
[M::mem_process_seqs_merge2] Processed 8654 reads in 0.010 CPU sec, 0.131 real sec
slave pre done
now n is 34614
processed 8652
[M::mem_process_seqs_merge2] Processed 8652 reads in 0.010 CPU sec, 0.118 real sec
[M::process] read chunk (19660800 bytes/CG x 1 CGs, 1228584 bytes)...
[M::process] read chunk (19660800 bytes/CG x 1 CGs, 1228868 bytes)...
processed 34614
[M::mem_process_seqs_merge2] Processed 34614 reads in 0.040 CPU sec, 0.519 real sec
[M::process] read chunk (19660800 bytes/CG x 1 CGs, 1228868 bytes)...
[M::process] read chunk (19660800 bytes/CG x 1 CGs, 1228868 bytes)...
slave pre done
now n is 34614
[M::process] read chunk (19660800 bytes/CG x 1 CGs, 1228868 bytes)...
processed 34614
[M::mem_process_seqs_merge2] Processed 34614 reads in 0.030 CPU sec, 0.403 real sec
slave pre done
now n is 8654
[M::mem_process_seqs_merge2] CPE FASTQ formatting done
[M::mem_process_seqs_merge2] CPE FASTQ formatting done
processed 8654
[M::mem_process_seqs_merge2] Processed 8654 reads in 0.020 CPU sec, 0.116 real sec
[M::process] read chunk (19660800 bytes/CG x 1 CGs, 1228868 bytes)...
[M::mem_process_seqs_merge2] CPE FASTQ formatting done
[M::process] read chunk (19660800 bytes/CG x 1 CGs, 1228584 bytes)...
slave pre done
now n is 8652
[M::mem_process_seqs_merge2] CPE FASTQ formatting done
processed 8652
[M::mem_process_seqs_merge2] Processed 8652 reads in 0.050 CPU sec, 0.524 real sec
[M::process] read chunk (19660800 bytes/CG x 1 CGs, 1228868 bytes)...
slave pre done
now n is 8652
[M::process] read chunk (19660800 bytes/CG x 1 CGs, 1228868 bytes)...
processed 8652
[M::mem_process_seqs_merge2] Processed 8652 reads in 0.010 CPU sec, 0.120 real sec
slave pre done
now n is 8654
processed 8654
[M::mem_process_seqs_merge2] Processed 8654 reads in 0.010 CPU sec, 0.142 real sec
[M::process] read chunk (19660800 bytes/CG x 1 CGs, 1228868 bytes)...
[M::process] read chunk (19660800 bytes/CG x 1 CGs, 1228868 bytes)...
slave pre done
now n is 34614
[M::mem_process_seqs_merge2] CPE FASTQ formatting done
[M::mem_process_seqs_merge2] CPE FASTQ formatting done
processed 34614
[M::mem_process_seqs_merge2] Processed 34614 reads in 0.030 CPU sec, 0.453 real sec
[M::mem_process_seqs_merge2] CPE FASTQ formatting done
[M::mem_process_seqs_merge2] CPE FASTQ formatting done
slave pre done
now n is 8654
[M::mem_process_seqs_merge2] CPE FASTQ formatting done
processed 8654
[M::mem_process_seqs_merge2] Processed 8654 reads in 0.010 CPU sec, 0.108 real sec
[M::process] read chunk (19660800 bytes/CG x 1 CGs, 1228868 bytes)...
[M::mem_process_seqs_merge2] CPE FASTQ formatting done
slave pre done
now n is 34614
[M::process] read chunk (19660800 bytes/CG x 1 CGs, 1228868 bytes)...
processed 34614
[M::mem_process_seqs_merge2] Processed 34614 reads in 0.060 CPU sec, 0.415 real sec
slave pre done
now n is 8654
[M::mem_process_seqs_merge2] CPE FASTQ formatting done
processed 8654
[M::mem_process_seqs_merge2] Processed 8654 reads in 0.020 CPU sec, 0.146 real sec
slave pre done
now n is 8652
slave pre done
now n is 8654
[M::mem_process_seqs_merge2] CPE FASTQ formatting done
[M::process] read chunk (19660800 bytes/CG x 1 CGs, 1228868 bytes)...
processed 8652
[M::mem_process_seqs_merge2] Processed 8652 reads in 0.040 CPU sec, 0.289 real sec
[M::process] read chunk (19660800 bytes/CG x 1 CGs, 1228584 bytes)...
slave pre done
now n is 8654
processed 8654
[M::mem_process_seqs_merge2] Processed 8654 reads in 0.010 CPU sec, 0.129 real sec
processed 8654
[M::mem_process_seqs_merge2] Processed 8654 reads in 0.020 CPU sec, 0.123 real sec
[M::mem_process_seqs_merge2] CPE FASTQ formatting done
slave pre done
now n is 34614
processed 34614
[M::mem_process_seqs_merge2] Processed 34614 reads in 0.030 CPU sec, 0.373 real sec
slave pre done
now n is 8654
slave pre done
now n is 8654
[M::process] read chunk (19660800 bytes/CG x 1 CGs, 1228584 bytes)...
processed 8654
[M::mem_process_seqs_merge2] Processed 8654 reads in 0.030 CPU sec, 0.136 real sec
[M::process] read chunk (19660800 bytes/CG x 1 CGs, 1228868 bytes)...
processed 8654
[M::mem_process_seqs_merge2] Processed 8654 reads in 0.010 CPU sec, 0.118 real sec
[M::process] read chunk (19660800 bytes/CG x 1 CGs, 1228868 bytes)...
[M::mem_process_seqs_merge2] CPE FASTQ formatting done
slave pre done
now n is 8654
[M::process] read chunk (19660800 bytes/CG x 1 CGs, 1228868 bytes)...
processed 8654
[M::mem_process_seqs_merge2] Processed 8654 reads in 0.020 CPU sec, 0.116 real sec
slave pre done
now n is 8654
processed 8654
[M::process] read chunk (19660800 bytes/CG x 1 CGs, 1228584 bytes)...
[M::mem_process_seqs_merge2] Processed 8654 reads in 0.010 CPU sec, 0.122 real sec
[M::mem_process_seqs_merge2] CPE FASTQ formatting done
[M::process] read chunk (19660800 bytes/CG x 1 CGs, 1228868 bytes)...
[M::mem_process_seqs_merge2] CPE FASTQ formatting done
[M::process] read chunk (19660800 bytes/CG x 1 CGs, 1228868 bytes)...
[M::mem_process_seqs_merge2] CPE FASTQ formatting done
[M::process] read chunk (19660800 bytes/CG x 1 CGs, 1228868 bytes)...
slave pre done
now n is 8652
[M::mem_process_seqs_merge2] CPE FASTQ formatting done
processed 8652
[M::mem_process_seqs_merge2] Processed 8652 reads in 0.030 CPU sec, 0.124 real sec
[M::mem_process_seqs_merge2] CPE FASTQ formatting done
[M::process] read chunk (19660800 bytes/CG x 1 CGs, 1228868 bytes)...
slave pre done
now n is 8652
processed 8652
[M::mem_process_seqs_merge2] Processed 8652 reads in 0.030 CPU sec, 0.129 real sec
[M::mem_process_seqs_merge2] CPE FASTQ formatting done
[M::mem_process_seqs_merge2] CPE FASTQ formatting done
slave pre done
now n is 8654
slave pre done
now n is 8654
processed 8654
[M::mem_process_seqs_merge2] Processed 8654 reads in 0.010 CPU sec, 0.106 real sec
[M::process] read chunk (19660800 bytes/CG x 1 CGs, 1228584 bytes)...
processed 8654
[M::mem_process_seqs_merge2] Processed 8654 reads in 0.020 CPU sec, 0.201 real sec
[M::mem_process_seqs_merge2] CPE FASTQ formatting done
slave pre done
now n is 8654
[M::process] read chunk (19660800 bytes/CG x 1 CGs, 1228868 bytes)...
processed 8654
[M::mem_process_seqs_merge2] Processed 8654 reads in 0.010 CPU sec, 0.173 real sec
[M::mem_process_seqs_merge2] CPE FASTQ formatting done
[M::process] read chunk (19660800 bytes/CG x 1 CGs, 1228868 bytes)...
[M::mem_process_seqs_merge2] CPE FASTQ formatting done
slave pre done
now n is 8654
[M::mem_process_seqs_merge2] CPE FASTQ formatting done
slave pre done
now n is 8652
processed 8654
[M::mem_process_seqs_merge2] Processed 8654 reads in 0.030 CPU sec, 0.133 real sec
slave pre done
now n is 8654
processed 8652
[M::mem_process_seqs_merge2] Processed 8652 reads in 0.020 CPU sec, 0.127 real sec
[M::mem_process_seqs_merge2] CPE FASTQ formatting done
[M::process] read chunk (19660800 bytes/CG x 1 CGs, 1228868 bytes)...
processed 8654
[M::mem_process_seqs_merge2] Processed 8654 reads in 0.060 CPU sec, 0.231 real sec
slave pre done
now n is 8654
[M::process] read chunk (19660800 bytes/CG x 1 CGs, 1228868 bytes)...
[M::mem_process_seqs_merge2] CPE FASTQ formatting done
slave pre done
now n is 8654
[M::process] read chunk (19660800 bytes/CG x 1 CGs, 1228868 bytes)...
processed 8654
[M::mem_process_seqs_merge2] Processed 8654 reads in 0.010 CPU sec, 0.128 real sec
slave pre done
now n is 8654
[M::process] read chunk (19660800 bytes/CG x 1 CGs, 1228584 bytes)...
[M::mem_process_seqs_merge2] CPE FASTQ formatting done
[M::mem_process_seqs_merge2] CPE FASTQ formatting done
processed 8654
[M::mem_process_seqs_merge2] Processed 8654 reads in 0.070 CPU sec, 0.502 real sec
slave pre done
now n is 8654
processed 8654
[M::mem_process_seqs_merge2] Processed 8654 reads in 0.010 CPU sec, 0.117 real sec
processed 8654
[M::mem_process_seqs_merge2] Processed 8654 reads in 0.010 CPU sec, 0.110 real sec
[M::process] read chunk (19660800 bytes/CG x 1 CGs, 1228584 bytes)...
[M::process] read chunk (19660800 bytes/CG x 1 CGs, 1228868 bytes)...
[M::mem_process_seqs_merge2] CPE FASTQ formatting done
slave pre done
now n is 8654
[M::mem_process_seqs_merge2] CPE FASTQ formatting done
processed 8654
[M::mem_process_seqs_merge2] Processed 8654 reads in 0.020 CPU sec, 0.172 real sec
slave pre done
now n is 8654
[M::process] read chunk (19660800 bytes/CG x 1 CGs, 1228868 bytes)...
processed 8654
[M::mem_process_seqs_merge2] Processed 8654 reads in 0.010 CPU sec, 0.133 real sec
[M::process] read chunk (19660800 bytes/CG x 1 CGs, 1228868 bytes)...
[M::mem_process_seqs_merge2] CPE FASTQ formatting done
[M::process] read chunk (19660800 bytes/CG x 1 CGs, 1228868 bytes)...
slave pre done
now n is 8654
[M::mem_process_seqs_merge2] CPE FASTQ formatting done
[M::process] read chunk (19660800 bytes/CG x 1 CGs, 1228868 bytes)...
processed 8654
[M::mem_process_seqs_merge2] Processed 8654 reads in 0.020 CPU sec, 0.130 real sec
slave pre done
now n is 8652
slave pre done
now n is 8654
processed 8652
[M::mem_process_seqs_merge2] Processed 8652 reads in 0.020 CPU sec, 0.116 real sec
slave pre done
now n is 8652
processed 8654
[M::mem_process_seqs_merge2] Processed 8654 reads in 0.020 CPU sec, 0.158 real sec
processed 8652
[M::mem_process_seqs_merge2] Processed 8652 reads in 0.010 CPU sec, 0.124 real sec
[M::process] read chunk (19660800 bytes/CG x 1 CGs, 1228868 bytes)...
[M::process] read chunk (19660800 bytes/CG x 1 CGs, 1228868 bytes)...
slave pre done
now n is 8654
[M::process] read chunk (19660800 bytes/CG x 1 CGs, 1228584 bytes)...
processed 8654
[M::mem_process_seqs_merge2] Processed 8654 reads in 0.020 CPU sec, 0.224 real sec
[M::process] read chunk (19660800 bytes/CG x 1 CGs, 1228868 bytes)...
slave pre done
now n is 8654
[M::mem_process_seqs_merge2] CPE FASTQ formatting done
processed 8654
[M::mem_process_seqs_merge2] Processed 8654 reads in 0.010 CPU sec, 0.136 real sec
[M::mem_process_seqs_merge2] CPE FASTQ formatting done
[M::mem_process_seqs_merge2] CPE FASTQ formatting done
[M::process] read chunk (19660800 bytes/CG x 1 CGs, 1228868 bytes)...
[M::mem_process_seqs_merge2] CPE FASTQ formatting done
slave pre done
now n is 8652
[M::process] read chunk (19660800 bytes/CG x 1 CGs, 1228584 bytes)...
processed 8652
[M::mem_process_seqs_merge2] Processed 8652 reads in 0.010 CPU sec, 0.200 real sec
[M::mem_process_seqs_merge2] CPE FASTQ formatting done
[M::process] read chunk (19660800 bytes/CG x 1 CGs, 1228584 bytes)...
slave pre done
now n is 8654
slave pre done
now n is 8654
[M::mem_process_seqs_merge2] CPE FASTQ formatting done
processed 8654
[M::mem_process_seqs_merge2] Processed 8654 reads in 0.010 CPU sec, 0.104 real sec
slave pre done
now n is 8654
processed 8654
[M::mem_process_seqs_merge2] Processed 8654 reads in 0.010 CPU sec, 0.122 real sec
[M::mem_process_seqs_merge2] CPE FASTQ formatting done
slave pre done
now n is 8654
processed 8654
[M::mem_process_seqs_merge2] Processed 8654 reads in 0.010 CPU sec, 0.118 real sec
[M::process] read chunk (19660800 bytes/CG x 1 CGs, 1228868 bytes)...
processed 8654
[M::mem_process_seqs_merge2] Processed 8654 reads in 0.020 CPU sec, 0.124 real sec
[M::mem_process_seqs_merge2] CPE FASTQ formatting done
[M::process] read chunk (19660800 bytes/CG x 1 CGs, 802584 bytes)...
[M::mem_process_seqs_merge2] CPE FASTQ formatting done
[M::process] read chunk (19660800 bytes/CG x 1 CGs, 1228868 bytes)...
slave pre done
now n is 8652
slave pre done
now n is 8654
[M::mem_process_seqs_merge2] CPE FASTQ formatting done
processed 8652
[M::mem_process_seqs_merge2] Processed 8652 reads in 0.020 CPU sec, 0.147 real sec
processed 8654
[M::mem_process_seqs_merge2] Processed 8654 reads in 0.020 CPU sec, 0.120 real sec
[M::mem_process_seqs_merge2] CPE FASTQ formatting done
[M::mem_process_seqs_merge2] CPE FASTQ formatting done
[M::process] read chunk (19660800 bytes/CG x 1 CGs, 1228584 bytes)...
[M::process] read chunk (19660800 bytes/CG x 1 CGs, 1228868 bytes)...
[M::process] read chunk (19660800 bytes/CG x 1 CGs, 1228584 bytes)...
[M::mem_process_seqs_merge2] CPE FASTQ formatting done
[M::mem_process_seqs_merge2] CPE FASTQ formatting done
[M::mem_process_seqs_merge2] CPE FASTQ formatting done
[M::mem_process_seqs_merge2] CPE FASTQ formatting done
slave pre done
now n is 8652
[M::mem_process_seqs_merge2] CPE FASTQ formatting done
processed 8652
[M::mem_process_seqs_merge2] Processed 8652 reads in 0.020 CPU sec, 0.116 real sec
[M::mem_process_seqs_merge2] CPE FASTQ formatting done
slave pre done
now n is 8654
[M::process] read chunk (19660800 bytes/CG x 1 CGs, 1228868 bytes)...
processed 8654
[M::mem_process_seqs_merge2] Processed 8654 reads in 0.020 CPU sec, 0.266 real sec
slave pre done
now n is 8654
[M::mem_process_seqs_merge2] CPE FASTQ formatting done
processed 8654
[M::mem_process_seqs_merge2] Processed 8654 reads in 0.020 CPU sec, 0.123 real sec
slave pre done
now n is 8654
processed 8654
[M::mem_process_seqs_merge2] Processed 8654 reads in 0.020 CPU sec, 0.121 real sec
[M::process] read chunk (19660800 bytes/CG x 1 CGs, 1228584 bytes)...
slave pre done
now n is 8652
slave pre done
now n is 8652
[M::process] read chunk (19660800 bytes/CG x 1 CGs, 1228868 bytes)...
processed 8652
[M::mem_process_seqs_merge2] Processed 8652 reads in 0.010 CPU sec, 0.134 real sec
processed 8652
[M::mem_process_seqs_merge2] Processed 8652 reads in 0.010 CPU sec, 0.128 real sec
[M::process] read chunk (19660800 bytes/CG x 1 CGs, 1228868 bytes)...
[M::mem_process_seqs_merge2] CPE FASTQ formatting done
slave pre done
now n is 8654
processed 8654
[M::mem_process_seqs_merge2] Processed 8654 reads in 0.020 CPU sec, 0.201 real sec
[M::process] read chunk (19660800 bytes/CG x 1 CGs, 1228868 bytes)...
[M::mem_process_seqs_merge2] CPE FASTQ formatting done
[M::process] read chunk (19660800 bytes/CG x 1 CGs, 1228868 bytes)...
slave pre done
now n is 8652
processed 8652
[M::mem_process_seqs_merge2] Processed 8652 reads in 0.020 CPU sec, 0.115 real sec
[M::mem_process_seqs_merge2] CPE FASTQ formatting done
[M::mem_process_seqs_merge2] CPE FASTQ formatting done
[M::process] read chunk (19660800 bytes/CG x 1 CGs, 1228868 bytes)...
slave pre done
now n is 8652
processed 8652
[M::mem_process_seqs_merge2] Processed 8652 reads in 0.030 CPU sec, 0.448 real sec
[M::process] read chunk (19660800 bytes/CG x 1 CGs, 1228584 bytes)...
slave pre done
now n is 8654
slave pre done
now n is 8654
processed 8654
[M::mem_process_seqs_merge2] Processed 8654 reads in 0.010 CPU sec, 0.396 real sec
processed 8654
[M::mem_process_seqs_merge2] Processed 8654 reads in 0.040 CPU sec, 0.438 real sec
slave pre done
now n is 8654
[M::mem_process_seqs_merge2] CPE FASTQ formatting done
[M::mem_process_seqs_merge2] CPE FASTQ formatting done
processed 8654
[M::mem_process_seqs_merge2] Processed 8654 reads in 0.020 CPU sec, 0.362 real sec
slave pre done
now n is 8654
processed 8654
[M::mem_process_seqs_merge2] Processed 8654 reads in 0.010 CPU sec, 0.135 real sec
slave pre done
now n is 8654
[M::process] read chunk (19660800 bytes/CG x 1 CGs, 1228868 bytes)...
processed 8654
[M::mem_process_seqs_merge2] Processed 8654 reads in 0.030 CPU sec, 0.200 real sec
slave pre done
now n is 5652
slave pre done
now n is 8654
slave pre done
now n is 8654
processed 5652
[M::mem_process_seqs_merge2] Processed 5652 reads in 0.010 CPU sec, 0.520 real sec
processed 8654
[M::mem_process_seqs_merge2] Processed 8654 reads in 0.020 CPU sec, 0.375 real sec
processed 8654
[M::mem_process_seqs_merge2] Processed 8654 reads in 0.010 CPU sec, 0.115 real sec
[M::mem_process_seqs_merge2] CPE FASTQ formatting done
[M::process] read chunk (19660800 bytes/CG x 1 CGs, 1228868 bytes)...
slave pre done
now n is 8654
[M::mem_process_seqs_merge2] CPE FASTQ formatting done
[M::mem_process_seqs_merge2] CPE FASTQ formatting done
processed 8654
[M::mem_process_seqs_merge2] Processed 8654 reads in 0.030 CPU sec, 0.308 real sec
[M::process] read chunk (19660800 bytes/CG x 1 CGs, 1228868 bytes)...
[M::process] read chunk (19660800 bytes/CG x 1 CGs, 1228584 bytes)...
[M::mem_process_seqs_merge2] CPE FASTQ formatting done
[M::mem_process_seqs_merge2] CPE FASTQ formatting done
slave pre done
now n is 8654
slave pre done
now n is 8654
processed 8654
[M::mem_process_seqs_merge2] Processed 8654 reads in 0.020 CPU sec, 0.116 real sec
processed 8654
[M::mem_process_seqs_merge2] Processed 8654 reads in 0.020 CPU sec, 0.120 real sec
slave pre done
now n is 8654
slave pre done
now n is 8652
processed 8654
[M::mem_process_seqs_merge2] Processed 8654 reads in 0.010 CPU sec, 0.217 real sec
processed 8652
[M::mem_process_seqs_merge2] Processed 8652 reads in 0.040 CPU sec, 0.327 real sec
[M::process] read chunk (19660800 bytes/CG x 1 CGs, 1228868 bytes)...
[M::process] read chunk (19660800 bytes/CG x 1 CGs, 1228868 bytes)...
[MPI rank 000005/000012] input work: chunks=26 records=1085921 bytes=304742136
[M::mem_process_seqs_merge2] CPE FASTQ formatting done
[M::mem_process_seqs_merge2] CPE FASTQ formatting done
slave pre done
now n is 8654
processed 8654
[M::mem_process_seqs_merge2] Processed 8654 reads in 0.030 CPU sec, 0.144 real sec
[MPI rank 000010/000012] input work: chunks=26 records=1124859 bytes=315800532
slave pre done
now n is 8652
processed 8652
[M::mem_process_seqs_merge2] Processed 8652 reads in 0.030 CPU sec, 0.222 real sec
slave pre done
now n is 8654
processed 8654
[M::mem_process_seqs_merge2] Processed 8654 reads in 0.020 CPU sec, 0.145 real sec
[MPI rank 000004/000012] input work: chunks=30 records=1155150 bytes=324403168
[MPI rank 000011/000012] input work: chunks=23 records=1071658 bytes=300630132
[MPI rank 000003/000012] input work: chunks=21 records=919528 bytes=258048256
[MPI rank 000006/000012] input work: chunks=27 records=1065277 bytes=298598368
[MPI rank 000007/000012] input work: chunks=25 records=1030664 bytes=288768272
slave pre done
now n is 8654
processed 8654
[M::mem_process_seqs_merge2] Processed 8654 reads in 0.020 CPU sec, 0.319 real sec
[MPI rank 000000/000012] input work: chunks=26 records=1193972 bytes=334233964
[MPI rank 000001/000012] input work: chunks=26 records=1032437 bytes=289996540
[MPI rank 000008/000012] input work: chunks=32 records=863279 bytes=242073540
[MPI rank 000009/000012] input work: chunks=25 records=1003715 bytes=281395620
[MPI rank 000002/000012] input work: chunks=23 records=1060951 bytes=297369784

================ MPI Dynamic Scheduler Debug =================
  MPI rank: 000000 / 000012

  Work summary
    claimed chunks                                         26
    claimed from this rank's queue                          3
    claimed from another rank's queue                      23
    completed FASTQ records                           1193972
    claimed input bytes                             334233964

  Scheduler counters
    scheduler_next calls                                   27
    RMA ticket attempts                                    39
    attempts against another rank's queue                  35
    tickets beyond the final chunk                         13
    empty aligned chunks                                    0

  Scheduler timing
    MPI_Win_create (setup)                       0.001850 s  (1 calls,  1850.416 us/call)
    MPI_Barrier after setup                      0.000016 s  (1 calls,    15.500 us/call)
    scheduler_next total                         0.861469 s  (27 calls, 31906.255 us/call)
      RMA ticket path total                        0.861353 s  (39 calls, 22085.983 us/call)
        MPI_Win_lock                                 0.000115 s  (39 calls,     2.937 us/call)
        MPI_Fetch_and_op                             0.000726 s  (39 calls,    18.614 us/call)
        MPI_Win_unlock                               0.860450 s  (39 calls, 22062.821 us/call)
        RMA call overhead (derived)                  0.000063 s  (39 calls,     1.610 us/call)
      align nominal offsets to FASTQ records       0.000032 s  (26 calls,     1.225 us/call)
      scheduler loop/bookkeeping (derived)         0.000084 s  (27 calls,     3.100 us/call)

  Scheduler teardown timing
    MPI_Barrier (wait for other ranks)           0.001356 s  (1 calls,  1356.212 us/call)
    MPI_Win_free                                 0.000083 s  (1 calls,    82.700 us/call)

  Stage 2 by chunk
    completed chunks                                       26
    accumulated stage 2                             33.382156 s
    average stage 2 per chunk                        1.283929 s
    slowest chunk                                          79
    slowest chunk stage 2                            2.788353 s

    order   chunk  queue        byte range                       bytes      records   stage2(s)
        0       0      0  [           0,     19660888)     19660888        72446    2.492103
        1      13      1  [   255590568,    275251428)     19660860        71235    2.394602
        2      26      2  [   511180904,    530841664)     19660760        70217    2.298926
        3      39      3  [   766771344,    786432104)     19660760        70217    1.345116
        4      40      4  [   786432104,    806092864)     19660760        70217    1.717947
        5      53      5  [  1042022544,   1061683304)     19660760        70217    2.014014
        6      66      6  [  1297612984,   1317273744)     19660760        70217    1.688508
        7      79      7  [  1553203424,   1572864184)     19660760        70217    2.788353
        8      92      8  [  1808793864,   1828454624)     19660760        70217    1.516111
        9     105      9  [  2064384024,   2084045064)     19661040        70218    1.692941
       10     106     10  [  2084045064,   2103705824)     19660760        70217    2.042214
       11     119     11  [  2339635224,   2359296264)     19661040        70218    2.044976
       12     120      0  [  2359296264,   2378957024)     19660760        70217    2.348929
       13     133      1  [  2614886424,   2634547464)     19661040        70218    1.686380
       14     146      2  [  2870477060,   2890137812)     19660752        69228    1.712701
       15     171      3  [  3214541072,   3219456260)      4915188        17307    0.561673
       16     160      4  [  3145728156,   3165388908)     19660752        69228    1.406211
       17     233      5  [  3441868872,   3443097740)      1228868         4327    0.121229
       18     234      6  [  3443097740,   3444326608)      1228868         4327    0.117670
       19     211      7  [  3411148876,   3416064064)      4915188        17307    0.373945
       20     260      8  [  3475046604,   3476275472)      1228868         4327    0.231542
       21     273      9  [  3491021036,   3492249620)      1228584         4326    0.124440
       22     274     10  [  3492249620,   3493478488)      1228868         4327    0.122291
       23     275     11  [  3493478488,   3494707356)      1228868         4327    0.201271
       24     288      0  [  3509452920,   3510681788)      1228868         4327    0.115619
       25     302      2  [  3526656220,   3527884804)      1228584         4326    0.222444
==============================================================


================ MPI Dynamic Scheduler Debug =================
  MPI rank: 000001 / 000012

  Work summary
    claimed chunks                                         26
    claimed from this rank's queue                          3
    claimed from another rank's queue                      23
    completed FASTQ records                           1032437
    claimed input bytes                             289996540

  Scheduler counters
    scheduler_next calls                                   27
    RMA ticket attempts                                    38
    attempts against another rank's queue                  34
    tickets beyond the final chunk                         12
    empty aligned chunks                                    0

  Scheduler timing
    MPI_Win_create (setup)                       0.002337 s  (1 calls,  2336.520 us/call)
    MPI_Barrier after setup                      0.000020 s  (1 calls,    19.550 us/call)
    scheduler_next total                         0.983202 s  (27 calls, 36414.898 us/call)
      RMA ticket path total                        0.983090 s  (38 calls, 25870.799 us/call)
        MPI_Win_lock                                 0.000113 s  (38 calls,     2.982 us/call)
        MPI_Fetch_and_op                             0.000931 s  (38 calls,    24.494 us/call)
        MPI_Win_unlock                               0.981986 s  (38 calls, 25841.742 us/call)
        RMA call overhead (derived)                  0.000060 s  (38 calls,     1.582 us/call)
      align nominal offsets to FASTQ records       0.000029 s  (26 calls,     1.100 us/call)
      scheduler loop/bookkeeping (derived)         0.000083 s  (27 calls,     3.085 us/call)

  Scheduler teardown timing
    MPI_Barrier (wait for other ranks)           0.001350 s  (1 calls,  1349.512 us/call)
    MPI_Win_free                                 0.000053 s  (1 calls,    53.350 us/call)

  Stage 2 by chunk
    completed chunks                                       26
    accumulated stage 2                             35.696395 s
    average stage 2 per chunk                        1.372938 s
    slowest chunk                                          27
    slowest chunk stage 2                            8.154181 s

    order   chunk  queue        byte range                       bytes      records   stage2(s)
        0       1      1  [    19660888,     39321660)     19660772        71634    2.052388
        1      14      2  [   275251428,    294912264)     19660836        70233    1.397635
        2      27      3  [   530841664,    550502424)     19660760        70217    8.154181
        3      52      4  [  1022361784,   1042022544)     19660760        70217    2.748748
        4      65      5  [  1277952224,   1297612984)     19660760        70217    1.471857

================ MPI Dynamic Scheduler Debug =================
  MPI rank: 000006 / 000012

  Work summary
    claimed chunks                                         27
    claimed from this rank's queue                          3
    claimed from another rank's queue                      24
    completed FASTQ records                           1065277
    claimed input bytes                             298598368

  Scheduler counters
    scheduler_next calls                                   28
    RMA ticket attempts                                    39
    attempts against another rank's queue                  35
    tickets beyond the final chunk                         12
    empty aligned chunks                                    0

  Scheduler timing
    MPI_Win_create (setup)                       0.002102 s        5      78      6  [  1533542664,   1553203424)     19660760        70217    2.238561
        6      91      7  [  1789132824,   1808793864)     19661040        70218    1.774765
        7     104      8  [  2044723264,   2064384024)     19660760        70217    2.914663
        8     117      9  [  2300313704,   2319974464)     19660760        70217    1.706625
        9     130     10  [  2555904144,   2575564904)     19660760        70217    1.660262
       10     143     11  [  2811494520,   2831155272)     19660752        69228    2.173754
       11     144      0  [  2831155272,   2850816024)     19660752        69228    2.165409
       12     157      1  [  3086745616,   3106406652)     19661036        69229    1.363155
       13     182      2  [  3268608140,   3273523328)      4915188        17307    0.563702
       14     183      3  [  3273523328,   3278438516)      4915188        17307    0.610964
       15     172      4  [  3219456260,   3224371448)      4915188        17307    0.431128
       16     173      5  [  3224371448,   3229286636)      4915188        17307    0.450127
       17     186      6  [  3288268892,   3293184080)      4915188        17307    0.561675
       18     223      7  [  3429581044,   3430809628)      1228584         4326    0.120840
       19     212      8  [  3416064064,   3417292932)      1228868         4327    0.146945
       20     225      9  [  3432038496,   3433267364)      1228868         4327    0.173162
       21     250     10  [  3462758492,   3463987360)      1228868         4327    0.129986
       22     263     11  [  3478732924,   3479961792)      1228868         4327    0.120326
       23     264      0  [  3479961792,   3481190660)      1228868         4327    0.122589
       24     277      1  [  3495936224,   3497164808)      1228584         4326    0.115549
       25     290      2  [  3511910656,   3513139240)      1228584         4326    0.327399
==============================================================

[SWBWA output hash rank 000001/000012] calls=2064874 bytes=659819432 sum=0xc78bf6d9957a4530 xor=0x9b226d034fd05dc8 enabled=1

================ MPI Dynamic Scheduler Debug =================
  MPI rank: 000002 / 000012

  Work summary
    claimed chunks                                         23
    claimed from this rank's queue                          2
    claimed from another rank's queue                      21
    completed FASTQ records                           1060951
    claimed input bytes                             297369784

  Scheduler counters
    scheduler_next calls                                   24
    RMA ticket attempts                                    38
    attempts against another rank's queue                  34
    tickets beyond the final chunk                         15
    empty aligned chunks                                    0

  Scheduler timing
    MPI_Win_create (setup)                       0.002303 s  (1 calls,  2302.520 us/call)
    MPI_Barrier after setup                      0.000012 s  (1 calls,    11.700 us/call)
    scheduler_next total                         0.560905 s  (24 calls, 23371.049 us/call)
      RMA ticket path total                        0.560795 s  (38 calls, 14757.768 us/call)
        MPI_Win_lock                                 0.000114 s  (38 calls,     2.990 us/call)
        MPI_Fetch_and_op                             0.001203 s  (38 calls,    31.667 us/call)
        MPI_Win_unlock                               0.558889 s  (38 calls, 14707.606 us/call)
        RMA call overhead (derived)                  0.000589 s  (38 calls,    15.505 us/call)
      align nominal offsets to FASTQ records       0.000028 s  (23 calls,     1.226 us/call)
      scheduler loop/bookkeeping (derived)         0.000082 s  (24 calls,     3.408 us/call)

  Scheduler teardown timing
    MPI_Barrier (wait for other ranks)           0.000026 s  (1 calls,    26.001 us/call)
    MPI_Win_free                                 0.000068 s  (1 calls,    67.600 us/call)

  Stage 2 by chunk
    completed chunks                                       23
    accumulated stage 2                             37.373688 s
    average stage 2 per chunk                        1.624943 s
    slowest chunk                                          15
    slowest chunk stage 2                            8.290771 s

    order   chunk  queue        byte range                       bytes      records   stage2(s)
        0       2      2  [    39321660,     58982520)     19660860        71235    2.099839
        1      15      3  [   294912264,    314573024)     19660760        70217    8.290771
        2      28      4  [   550502424,    570163464)     19661040        70218    1.790311
        3      41      5  [   806092864,    825753624)     19660760        70217    1.895904
        4      54      6  [  1061683304,   1081344064)     19660760        70217    1.767539
        5      67      7  [  1317273744,   1336934504)     19660760        70217    1.942574
        6      80      8  [  1572864184,   1592524944)     19660760        70217    1.616632
        7      93      9  [  1828454624,   1848115384)     19660760        70217    4.835539
        8     118     10  [  2319974464,   2339635224)     19660760        70217    1.631290
        9     131     11  [  2575564904,   2595225664)     19660760        70217    1.694463
       10     132      0  [  2595225664,   2614886424)     19660760        70217    1.465503
       11     121      1  [  2378957024,   2398617784)     19660760        70217    1.626317
       12     134      2  [  2634547464,   2654208224)     19660760        70217    2.741954
       13     147      3  [  2890137812,   2909798564)     19660752        69228    1.411605
       14     196      4  [  3337421056,   3342336244)      4915188        17307    0.440998
       15     197      5  [  3342336244,   3347251432)      4915188        17307    0.452259
       16     210      6  [  3406233688,   3411148876)      4915188        17307    0.453307
       17     259      7  [  3473817736,   3475046604)      1228868         4327    0.201528
       18     272  
================ MPI Dynamic Scheduler Debug =================
  MPI rank: 000003 / 000012

  Work summary
    claimed chunks                                         21
    claimed from this rank's queue                          2
    claimed from another rank's queue                      19
    completed FASTQ records                            919528
    claimed input bytes                             258048256

  Scheduler counters
    scheduler_next calls                                   22
    RMA ticket attempts                                    33
    attempts against another rank's queue                  30
    tickets beyond the final chunk                         12
    empty aligned chunks                                    0

  Scheduler timing
    MPI_Win_create (setup)                       0.001508 s  (1 calls,  1507.963 us/call)
    MPI_Barrier after setup                      0.000020 s  (1 calls,    19.800 us/call)
    scheduler_next total                         0.918649 s  (22 calls, 41756.759 us/call)
      RMA ticket path total                        0.918553 s  (33 calls, 27834.935 us/call)
        MPI_Win_lock                                 0.000091 s  (33 calls,     2.770 us/call)
        MPI_Fetch_and_op                             0.000744 s  (33 calls,    22.547 us/call)
        MPI_Win_unlock                               0.917661 s  (33 calls, 27807.912 us/call)
        RMA call overhead (derived)                  0.000056 s  (33 calls,     1.706 us/call)
      align nominal offsets to FASTQ records       0.000025 s  (21 calls,     1.183 us/call)
      scheduler loop/bookkeeping (derived)         0.000071 s  (22 calls,     3.227 us/call)

  Scheduler teardown timing
    MPI_Barrier (wait for other ranks)           0.175993 s  (1 calls, 175993.036 us/call)
    MPI_Win_free                                 0.000054 s  (1 calls,    53.600 us/call)

  Stage 2 by chunk
    completed chunks                                       21
    accumulated stage 2                             36.388614 s
    average stage 2 per chunk                        1.732791 s
    slowest chunk                                          81
    slowest chunk stage 2                            8.323198 s

    order   chunk  queue        byte range                       bytes      records   stage2(s)
        0       3      3  [    58982520,     78643380)     19660860        71235    2.281164
        1      16      4  [   314573024,    334233784)     19660760        70217    2.391301
        2      29      5  [   570163464,    589824224)     19660760        70217    2.165599
        3      42      6  [   825753624,    845414664)     19661040        70218    2.282007
        4      55      7  [  1081344064,   1101004824)     19660760        70217    2.378180
        5      68      8  [  1336934504,   1356595264)     19660760        70217    1.667337
        6      81      9  [  1592524944,   1612185704)     19660760        70217    8.323198
        7      94     10  [  1848115384,   1867776144)     19660760        70217    1.923695
        8     107     11  [  2103705824,   2123366584)     19660760        70217    2.093859
        9     108      0  [  2123366584,   2143027344)     19660760        70217    5.198342
       10     145      1  [  2850816024,   2870477060)     19661036        69229    1.576348
       11     158      2  [  3106406652,   3126067404)     19660752        69228    1.754668
       12     207      3  [  3391488124,   3396403312)      4915188        17307    0.482572
       13     208      4  [  3396403312,   3401318500)      4915188        17307    0.401103
       14     221      5  [  3427123308,   3428352176)      1228868         4327    0.119415
       15     222      6  [  3428352176,   3429581044)      1228868         4327    0.170946
       16     199      7  [  3352166620,   3357081808)      4915188        17307    0.415423
       17     236      8  [  3445555476,   3446784060)      1228584         4326    0.124437
       18     249   (1 calls,  2101.918 us/call)
    MPI_Barrier after setup                      0.000012 s  (1 calls,    12.450 us/call)
    scheduler_next total                         1.247579 s  (28 calls, 44556.380 us/call)
      RMA ticket path total                        1.247459 s  (39 calls, 31986.118 us/call)
        MPI_Win_lock                                 0.000116 s  (39 calls,     2.981 us/call)
        MPI_Fetch_and_op                             0.000701 s  (39 calls,    17.969 us/call)
        MPI_Win_unlock                               1.246559 s  (39 calls, 31963.048 us/call)
        RMA call overhead (derived)                  0.000083 s  (39 calls,     2.119 us/call)
      align nominal offsets to FASTQ records       0.000033 s  (27 calls,     1.211 us/call)
      scheduler loop/bookkeeping (derived)         0.000087 s  (28 calls,     3.120 us/call)

  Scheduler teardown timing
    MPI_Barrier (wait for other ranks)           0.078708 s  (1 calls, 78707.615 us/call)
    MPI_Win_free                                 0.000075 s  (1 calls,    74.650 us/call)

  Stage 2 by chunk
    completed chunks                                       27
    accumulated stage 2                             30.580616 s
    average stage 2 per chunk                        1.132615 s
    slowest chunk                                           6
    slowest chunk stage 2                            2.571342 s

    order   chunk  queue        byte range                       bytes      records   stage2(s)
        0       6      6  [   117964824,    137625684)     19660860        71235    2.571342
        1      19      7  [   373555304,    393216064)     19660760        70217    2.071088
        2      32      8  [   629145744,    648806504)     19660760        70217    2.133364
        3      45      9  [   884736184,    904396944)     19660760        70217    2.500073
        4      58     10  [  1140326624,   1159987384)     19660760        70217    2.172312
        5      71     11  [  1395917064,   1415577824)     19660760        70217    1.699386
        6      72      0  [  1415577824,   1435238584)     19660760        70217    1.756883
        7      85      1  [  1671168264,   1690829024)     19660760        70217    2.042345
        8      98      2  [  1926758424,   1946419464)     19661040        70218    1.463444
        9     111      3  [  2182348864,   2202009624)     19660760        70217    1.808180
       10     124      4  [  2437939304,   2457600064)     19660760        70217    1.655416
       11     125      5  [  2457600064,   2477260824)     19660760        70217    1.467184
       12     138      6  [  2713190504,   2732851264)     19660760        70217    2.208097
       13     151      7  [  2968780820,   2988441856)     19661036        69229    2.239443
       14     200      8  [  3357081808,   3361996996)      4915188        17307    0.410342
       15     201      9  [  3361996996,   3366912184)      4915188        17307    0.385739
       16     214     10  [  3418521800,   3419750668)      1228868         4327    0.353288
       17     227     11  [  3434496232,   3435724816)      1228584         4326    0.118684
       18     228      0  [  3435724816,   3436953684)      1228868         4327    0.114770
       19     229      1  [  3436953684,   3438182552)      1228868         4327    0.121978
       20     242      2  [  3452928116,   3454156984)      1228868         4327    0.122107
       21     255      3  [  3468902548,   3470131416)      1228868         4327    0.118842
       22     268      4  [  3484876980,   3486105848)      1228868         4327    0.116306
       23     269      5  [  3486105848,   3487334432)      1228584         4326    0.289502
       24     282      6  [  3502080280,   3503308864)      1228584         4326    0.126626
       25     295      7  [  3518054428,   3519283296)      1228868         4327    0.117943
       26     308      8  [  3534028860,   3535257728)      1228868         4327    0.395933
=====================
================ MPI Dynamic Scheduler Debug =================
  MPI rank: 000007 / 000012

  Work summary
    claimed chunks                                         25
    claimed from this rank's queue                          2
    claimed from another rank's queue                      23
    completed FASTQ records                           1030664
    claimed input bytes                             288768272

  Scheduler counters
    scheduler_next calls                                   26
    RMA ticket attempts                                    42
    attempts against another rank's queue                  38
    tickets beyond the final chunk                         17
    empty aligned chunks                                    0

  Scheduler timing
    MPI_Win_create (setup)                       0.001399 s  (1 calls,  1399.162 us/call)
    MPI_Barrier after setup                      0.000020 s  (1 calls,    20.400 us/call)
    scheduler_next total                         1.064544 s  (26 calls, 40944.007 us/call)
      RMA ticket path total                        1.064434 s  (42 calls, 25343.656 us/call)
        MPI_Win_lock                                 0.000108 s  (42 calls,     2.560 us/call)
        MPI_Fetch_and_op                             0.000779 s  (42 calls,    18.542 us/call)
        MPI_Win_unlock                               1.063481 s  (42 calls, 25320.983 us/call)
        RMA call overhead (derived)                  0.000066 s  (42 calls,     1.571 us/call)
      align nominal offsets to FASTQ records       0.000027 s  (25 calls,     1.064 us/call)
      scheduler loop/bookkeeping (derived)         0.000084 s  (26 calls,     3.233 us/call)

  Scheduler teardown timing
    MPI_Barrier (wait for other ranks)           0.058633 s  (1 calls, 58632.546 us/call)
    MPI_Win_free                                 0.000056 s  (1 calls,    55.900 us/call)

  Stage 2 by chunk
    completed chunks                                       25
    accumulated stage 2                             30.747374 s
    average stage 2 per chunk                        1.229895 s
    slowest chunk                                         152
    slowest chunk stage 2                            3.442209 s

    order   chunk  queue        byte range                       bytes      records   stage2(s)
        0       7      7  [   137625684,    157286544)     19660860        71235    2.540768
        1      20      8  [   393216064,    412876824)     19660760        70217    2.182720
        2      33      9  [   648806504,    668467264)     19660760        70217    1.660961
        3      46     10  [   904396944,    924057704)     19660760        70217    1.495370
        4      59     11  [  1159987384,   1179648144)     19660760        70217    2.385586
        5      60      0  [  1179648144,   1199308904)     19660760        70217    1.494848
        6      73      1  [  1435238584,   1454899344)     19660760        70217    1.618318
        7      86      2  [  1690829024,   1710489784)     19660760        70217    1.621036
        8      99      3  [  1946419464,   1966080224)     19660760        70217    1.519645
        9     112      4  [  2202009624,   2221670664)     19661040        70218    1.738370
       10     113      5  [  2221670664,   2241331424)     19660760        70217    1.815163
       11     126      6  [  2477260824,   2496921864)     19661040        70218    2.882985
       12     139      7  [  2732851264,   2752512024)     19660760        70217    2.667413
       13     152      8  [  2988441856,   3008102608)     19660752        69228    3.442209
       14     213      9  [  3417292932,   3418521800)      1228868         4327    0.180322
       15     226     10  [  3433267364,   3434496232)      1228868         4327    0.104457
       16     239     11  [  3449241796,   3450470664)      1228868         4327    0.122729
       17     240      0  [  3450470664,   3451699248)      1228584         4326    0.319647
       18     253  
================ MPI Dynamic Scheduler Debug =================
  MPI rank: 000008 / 000012

  Work summary
    claimed chunks                                         32
    claimed from this rank's queue                          3
    claimed from another rank's queue                      29
    completed FASTQ records                            863279
    claimed input bytes                             242073540

  Scheduler counters
    scheduler_next calls                                   33
    RMA ticket attempts                                    44
    attempts against another rank's queue                  40
    tickets beyond the final chunk                         12
    empty aligned chunks                                    0

  Scheduler timing
    MPI_Win_create (setup)                       0.002212 s  (1 calls,  2211.769 us/call)
    MPI_Barrier after setup                      0.000018 s  (1 calls,    17.850 us/call)
    scheduler_next total                         0.924223 s  (33 calls, 28006.752 us/call)
      RMA ticket path total                        0.924088 s  (44 calls, 21002.001 us/call)
        MPI_Win_lock                                 0.000131 s  (44 calls,     2.970 us/call)
        MPI_Fetch_and_op                             0.000891 s  (44 calls,    20.239 us/call)
        MPI_Win_unlock                               0.922995 s  (44 calls, 20977.158 us/call)
        RMA call overhead (derived)                  0.000072 s  (44 calls,     1.634 us/call)
      align nominal offsets to FASTQ records       0.000035 s  (32 calls,     1.080 us/call)
      scheduler loop/bookkeeping (derived)         0.000100 s  (33 calls,     3.036 us/call)

  Scheduler teardown timing
    MPI_Barrier (wait for other ranks)           0.001324 s  (1 calls,  1324.161 us/call)
    MPI_Win_free                                 0.000080 s  (1 calls,    80.450 us/call)

  Stage 2 by chunk
    completed chunks                                       32
    accumulated stage 2                             35.350904 s
    average stage 2 per chunk                        1.104716 s
    slowest chunk                                         100
    slowest chunk stage 2                            9.506673 s

    order   chunk  queue        byte range                       bytes      records   stage2(s)
        0       8      8  [   157286544,    176947404)     19660860        71235    2.112405
        1      21      9  [   412876824,    432537864)     19661040        70218    2.374277
        2      34     10  [   668467264,    688128024)     19660760        70217    2.055477
        3      47     11  [   924057704,    943718464)     19660760        70217    2.318747
        4      48      0  [   943718464,    963379224)     19660760        70217    2.964310
        5      61      1  [  1199308904,   1218969664)     19660760        70217    2.228377
        6      74      2  [  1454899344,   1474560104)     19660760        70217    1.654143
        7      87      3  [  1710489784,   1730150544)     19660760        70217    1.924982
        8     100      4  [  1966080224,   1985740984)     19660760        70217    9.506673
        9     137      5  [  2693529744,   2713190504)     19660760        70217    3.028755
       10     174      6  [  3229286636,   3234201824)      4915188        17307    0.544234
       11     187      7  [  3293184080,   3298099268)      4915188        17307    0.428491
       12     188      8  [  3298099268,   3303014456)      4915188        17307    0.568808
       13     189      9  [  3303014456,   3307929644)      4915188        17307    0.502407
       14     202     10  [  3366912184,   3371827372)      4915188        17307    0.392085
       15     215     11  [  3419750668,   3420979252)      1228584         4326    0.242879
       16     216      0  [  3420979252,   3422208120)      1228868         4327    0.127601
       17     217      1  [  3422208120,   3423436988)      1228868         4327    0.113522
       18     218  [SWBWA output hash rank 000000/000012] calls=2387944 bytes=757316506 sum=0xd45fd8d6f6d19c0c xor=0x15f1cd33569050f4 enabled=1
    8  [  3489792168,   3491021036)      1228868         4327    0.223802
       19     297      9  [  3520512164,   3521741032)      1228868         4327    0.120569
       20     276      0  [  3494707356,   3495936224)      1228868         4327    0.134873
       21     289      1  [  3510681788,   3511910656)      1228868         4327    0.217013
       22     303      3  [  3527884804,   3529113672)      1228868         4327    0.319097
==============================================================

[SWBWA output hash rank 000002/000012] calls=2121902 bytes=684163565 sum=0x9bb22c350ff74491 xor=0x34938c9ae646d947 enabled=1
     9  [  3461529624,   3462758492)      1228868         4327    0.173170
       19     262     10  [  3477504056,   3478732924)      1228868         4327    0.266109
       20     299     11  [  3522969616,   3524198484)      1228868         4327    0.199741
==============================================================

[SWBWA output hash rank 000003/000012] calls=1839056 bytes=598537619 sum=0x23e6dff5d7a15ed1 xor=0x3ce52ddcf951ca11 enabled=1

================ MPI Dynamic Scheduler Debug =================
  MPI rank: 000004 / 000012

  Work summary
    claimed chunks                                         30
    claimed from this rank's queue                          3
    claimed from another rank's queue                      27
    completed FASTQ records                           1155150
    claimed input bytes                             324403168

  Scheduler counters
    scheduler_next calls                                   31
    RMA ticket attempts                                    42
    attempts against another rank's queue                  38
    tickets beyond the final chunk                         12
    empty aligned chunks                                    0

  Scheduler timing
    MPI_Win_create (setup)                       0.001419 s  (1 calls,  1418.662 us/call)
    MPI_Barrier after setup                      0.000017 s  (1 calls,    17.400 us/call)
    scheduler_next total                         1.166501 s  (31 calls, 37629.066 us/call)
      RMA ticket path total                        1.166363 s  (42 calls, 27770.540 us/call)
        MPI_Win_lock                                 0.000126 s  (42 calls,     2.994 us/call)
        MPI_Fetch_and_op                             0.000954 s  (42 calls,    22.724 us/call)
        MPI_Win_unlock                               1.165207 s  (42 calls, 27743.014 us/call)
        RMA call overhead (derived)                  0.000076 s  (42 calls,     1.808 us/call)
      align nominal offsets to FASTQ records       0.000035 s  (30 calls,     1.150 us/call)
      scheduler loop/bookkeeping (derived)         0.000104 s  (31 calls,     3.350 us/call)

  Scheduler teardown timing
    MPI_Barrier (wait for other ranks)           0.176069 s  (1 calls, 176068.737 us/call)
    MPI_Win_free                                 0.000077 s  (1 calls,    77.200 us/call)

  Stage 2 by chunk
    completed chunks                                       30
    accumulated stage 2                             31.195383 s
    average stage 2 per chunk                        1.039846 s
    slowest chunk                                           4
    slowest chunk stage 2                            2.527439 s

    order   chunk  queue        byte range                       bytes      records   stage2(s)
        0       4      4  [    78643380,     98304240)     19660860        71235    2.527439
        1      17      5  [   334233784,    353894544)     19660760        70217    1.745201
        2      30      6  [   589824224,    609484984)     19660760        70217    1.806189
        3      43      7  [   845414664,    865075424)     19660760        70217    1.893181
        4      56      8  [  1101004824,   1120665864)     19661040        70218    2.098333
        5      69      9  [  1356595264,   1376256024)     19660760        70217    1.783542
        6      82     10  [  1612185704,   1631846464)     19660760        70217    2.458848
        7      95     11  [  1867776144,   1887436904)     19660760        70217    1.749620
        8      96      0  [  1887436904,   1907097664)     19660760        70217    2.443684
        9     109      1  [  2143027344,   2162688104)     19660760        70217    1.611340
       10     122      2  [  2398617784,   2418278544)     19660760        70217    1.421589
       11     135      3  [  2654208224,   2673868984)     19660760        70217    1.984881
       12     148      4  [  2909798564,   2929459316)     19660752        69228    1.472070
       13     161      5  [  3165388908,   3170304096)      4915188        17307    0.403377
       14     150      6  [  2949120068,   2968780820)     19660752        69228    1.647623
       15     175      7  [  3234201824,   3239117012)      4915188        17307    0.475890
       16     176      8  [  3239117012,   3244032200)      4915188        17307    0.358379
       17     177      9  [  3244032200,   3248947388)      4915188        17307    0.368604
       18     190 
================ MPI Dynamic Scheduler Debug =================
  MPI rank: 000005 / 000012

  Work summary
    claimed chunks                                         26
    claimed from this rank's queue                          3
    claimed from another rank's queue                      23
    completed FASTQ records                           1085921
    claimed input bytes                             304742136

  Scheduler counters
    scheduler_next calls                                   27
    RMA ticket attempts                                    38
    attempts against another rank's queue                  34
    tickets beyond the final chunk                         12
    empty aligned chunks                                    0

  Scheduler timing
    MPI_Win_create (setup)                       0.001375 s  (1 calls,  1374.962 us/call)
    MPI_Barrier after setup                      0.000020 s  (1 calls,    20.150 us/call)
    scheduler_next total                         0.919600 s  (27 calls, 34059.275 us/call)
      RMA ticket path total                        0.919485 s  (38 calls, 24196.981 us/call)
        MPI_Win_lock                                 0.000108 s  (38 calls,     2.834 us/call)
        MPI_Fetch_and_op                             0.000913 s  (38 calls,    24.029 us/call)
        MPI_Win_unlock                               0.918399 s  (38 calls, 24168.394 us/call)
        RMA call overhead (derived)                  0.000066 s  (38 calls,     1.724 us/call)
      align nominal offsets to FASTQ records       0.000030 s  (26 calls,     1.152 us/call)
      scheduler loop/bookkeeping (derived)         0.000085 s  (27 calls,     3.156 us/call)

  Scheduler teardown timing
    MPI_Barrier (wait for other ranks)           0.352325 s  (1 calls, 352324.625 us/call)
    MPI_Win_free                                 0.000052 s  (1 calls,    52.500 us/call)

  Stage 2 by chunk
    completed chunks                                       26
    accumulated stage 2                             33.120081 s
    average stage 2 per chunk                        1.273849 s
    slowest chunk                                          70
    slowest chunk stage 2                            3.557050 s

    order   chunk  queue        byte range                       bytes      records   stage2(s)
        0       5      5  [    98304240,    117964824)     19660584        71234    2.550235
        1      18      6  [   353894544,    373555304)     19660760        70217    2.008058
        2      31      7  [   609484984,    629145744)     19660760        70217    2.408924
        3      44      8  [   865075424,    884736184)     19660760        70217    1.636643
        4      57      9  [  1120665864,   1140326624)     19660760        70217    2.159775
        5      70     10  [  1376256024,   1395917064)     19661040        70218    3.557050
        6      83     11  [  1631846464,   1651507224)     19660760        70217    1.988059
        7      84      0  [  1651507224,   1671168264)     19661040        70218    2.229219
        8      97      1  [  1907097664,   1926758424)     19660760        70217    1.548572
        9     110      2  [  2162688104,   2182348864)     19660760        70217    1.938006
       10     123      3  [  2418278544,   2437939304)     19660760        70217    1.696928
       11     136      4  [  2673868984,   2693529744)     19660760        70217    2.709323
       12     149      5  [  2929459316,   2949120068)     19660752        69228    1.542367
       13     162      6  [  3170304096,   3175219284)      4915188        17307    0.449075
       14     163      7  [  3175219284,   3180134472)      4915188        17307    0.356900
       15     164      8  [  3180134472,   3185049660)      4915188        17307    0.343951
       16     165      9  [  3185049660,   3189964848)      4915188        17307    0.401553
       17     178     10  [  3248947388,   3253862576)      4915188        17307    0.513288
       18     191 =========================================

[SWBWA output hash rank 000006/000012] calls=2130554 bytes=689582090 sum=0xd638d676fe5322b0 xor=0x1c90943788657d4e enabled=1
    1  [  3466444812,   3467673680)      1228868         4327    0.208929
       19     266      2  [  3482419244,   3483648112)      1228868         4327    0.130674
       20     279      3  [  3498393676,   3499622544)      1228868         4327    0.129177
       21     292      4  [  3514368108,   3515596976)      1228868         4327    0.117937
       22     305      5  [  3530342540,   3531571408)      1228868         4327    0.124284
       23     298     10  [  3521741032,   3522969616)      1228584         4326    0.127628
       24     300      0  [  3524198484,   3525427352)      1228868         4327    0.116197
==============================================================

[SWBWA output hash rank 000007/000012] calls=2061328 bytes=673079135 sum=0x656aa739c3ff8bae xor=0xb74c0e127f048a06 enabled=1
    2  [  3423436988,   3424665856)      1228868         4327    0.148480
       19     219      3  [  3424665856,   3425894440)      1228584         4326    0.129436
       20     232      4  [  3440640004,   3441868872)      1228868         4327    0.409933
       21     245      5  [  3456614436,   3457843304)      1228868         4327    0.143906
       22     246      6  [  3457843304,   3459072172)      1228868         4327    0.110875
       23     235      7  [  3444326608,   3445555476)      1228868         4327    0.108615
       24     224      8  [  3430809628,   3432038496)      1228868         4327    0.122156
       25     237      9  [  3446784060,   3448012928)      1228868         4327    0.106508
       26     238     10  [  3448012928,   3449241796)      1228868         4327    0.109893
       27     251     11  [  3463987360,   3465216228)      1228868         4327    0.136653
       28     252      0  [  3465216228,   3466444812)      1228584         4326    0.148015
       29     265      1  [  3481190660,   3482419244)      1228584         4326    0.134689
       30     278      2  [  3497164808,   3498393676)      1228868         4327    0.308712
       31     291      3  [  3513139240,   3514368108)      1228868         4327    0.144861
==============================================================

[SWBWA output hash rank 000008/000012] calls=1726558 bytes=556775871 sum=0x6cfd77446ccc239e xor=0xe4de3a73ecbe180c enabled=1

================ MPI Dynamic Scheduler Debug =================
  MPI rank: 000009 / 000012

  Work summary
    claimed chunks                                         25
    claimed from this rank's queue                          2
    claimed from another rank's queue                      23
    completed FASTQ records                           1003715
    claimed input bytes                             281395620

  Scheduler counters
    scheduler_next calls                                   26
    RMA ticket attempts                                    44
    attempts against another rank's queue                  40
    tickets beyond the final chunk                         19
    empty aligned chunks                                    0

  Scheduler timing
    MPI_Win_create (setup)                       0.001833 s  (1 calls,  1832.565 us/call)
    MPI_Barrier after setup                      0.000019 s  (1 calls,    19.150 us/call)
    scheduler_next total                         0.909981 s  (26 calls, 34999.271 us/call)
      RMA ticket path total                        0.909862 s  (44 calls, 20678.679 us/call)
        MPI_Win_lock                                 0.000124 s  (44 calls,     2.810 us/call)
        MPI_Fetch_and_op                             0.001005 s  (44 calls,    22.833 us/call)
        MPI_Win_unlock                               0.908120 s  (44 calls, 20639.094 us/call)
        RMA call overhead (derived)                  0.000613 s  (44 calls,    13.942 us/call)
      align nominal offsets to FASTQ records       0.000030 s  (25 calls,     1.184 us/call)
      scheduler loop/bookkeeping (derived)         0.000090 s  (26 calls,     3.444 us/call)

  Scheduler teardown timing
    MPI_Barrier (wait for other ranks)           0.000807 s  (1 calls,   807.107 us/call)
    MPI_Win_free                                 0.000058 s  (1 calls,    57.600 us/call)

  Stage 2 by chunk
    completed chunks                                       25
    accumulated stage 2                             33.364671 s
    average stage 2 per chunk                        1.334587 s
    slowest chunk                                         180
    slowest chunk stage 2                            5.081916 s

    order   chunk  queue        byte range                       bytes      records   stage2(s)
        0       9      9  [   176947404,    196608264)     19660860        71235    2.168214
        1      22     10  [   432537864,    452198624)     19660760        70217    1.815646
        2      35     11  [   688128024,    707789064)     19661040        70218    2.297231
        3      36      0  [   707789064,    727449824)     19660760        70217    1.630984
        4      49      1  [   963379224,    983040264)     19661040        70218    3.283017
        5      62      2  [  1218969664,   1238630424)     19660760        70217    1.548308
        6      75      3  [  1474560104,   1494220864)     19660760        70217    2.067912
        7      88      4  [  1730150544,   1749811304)     19660760        70217    2.316691
        8     101      5  [  1985740984,   2005401744)     19660760        70217    1.375824
        9     114      6  [  2241331424,   2260992184)     19660760        70217    1.445026
       10     127      7  [  2496921864,   2516582624)     19660760        70217    1.679305
       11     140      8  [  2752512024,   2772173064)     19661040        70218    2.483959
       12     153      9  [  3008102608,   3027763360)     19660752        69228    1.750580
       13     166     10  [  3189964848,   3194880036)      4915188        17307    0.449167
       14     179     11  [  3253862576,   3258777764)      4915188        17307    0.418095
       15     180      0  [  3258777764,   3263692952)      4915188        17307    5.081916
       16     241      1  [  3451699248,   3452928116)      1228868         4327    0.140854
       17     254      2  [  3467673680,   3468902548)      1228868         4327    0.217829
       18     267  
================ MPI Dynamic Scheduler Debug =================
  MPI rank: 000010 / 000012

  Work summary
    claimed chunks                                         26
    claimed from this rank's queue                          3
    claimed from another rank's queue                      23
    completed FASTQ records                           1124859
    claimed input bytes                             315800532

  Scheduler counters
    scheduler_next calls                                   27
    RMA ticket attempts                                    38
    attempts against another rank's queue                  34
    tickets beyond the final chunk                         12
    empty aligned chunks                                    0

  Scheduler timing
    MPI_Win_create (setup)                       0.002174 s  (1 calls,  2173.868 us/call)
    MPI_Barrier after setup                      0.000014 s  (1 calls,    14.150 us/call)
    scheduler_next total                         0.899425 s  (27 calls, 33312.041 us/call)
      RMA ticket path total                        0.899111 s  (38 calls, 23660.817 us/call)
        MPI_Win_lock                                 0.000113 s  (38 calls,     2.982 us/call)
        MPI_Fetch_and_op                             0.001350 s  (38 calls,    35.526 us/call)
        MPI_Win_unlock                               0.897582 s  (38 calls, 23620.590 us/call)
        RMA call overhead (derived)                  0.000065 s  (38 calls,     1.718 us/call)
      align nominal offsets to FASTQ records       0.000034 s  (26 calls,     1.298 us/call)
      scheduler loop/bookkeeping (derived)         0.000280 s  (27 calls,    10.382 us/call)

  Scheduler teardown timing
    MPI_Barrier (wait for other ranks)           0.273654 s  (1 calls, 273654.262 us/call)
    MPI_Win_free                                 0.000075 s  (1 calls,    75.150 us/call)

  Stage 2 by chunk
    completed chunks                                       26
    accumulated stage 2                             32.124961 s
    average stage 2 per chunk                        1.235575 s
    slowest chunk                                          89
    slowest chunk stage 2                            5.096150 s

    order   chunk  queue        byte range                       bytes      records   stage2(s)
        0      10     10  [   196608264,    216268848)     19660584        71234    2.056064
        1      23     11  [   452198624,    471859384)     19660760        70217    1.581342
        2      24      0  [   471859384,    491520144)     19660760        70217    1.591367
        3      37      1  [   727449824,    747110584)     19660760        70217    2.006905
        4      50      2  [   983040264,   1002701024)     19660760        70217    1.744322
        5      63      3  [  1238630424,   1258291464)     19661040        70218    1.588953
        6      76      4  [  1494220864,   1513881624)     19660760        70217    1.639490
        7      89      5  [  1749811304,   1769472064)     19660760        70217    5.096150
        8     102      6  [  2005401744,   2025062504)     19660760        70217    2.099241
        9     115      7  [  2260992184,   2280652944)     19660760        70217    1.916359
       10     128      8  [  2516582624,   2536243384)     19660760        70217    1.996380
       11     141      9  [  2772173064,   2791833824)     19660760        70217    1.562855
       12     154     10  [  3027763360,   3047424112)     19660752        69228    1.849057
       13     167     11  [  3194880036,   3199795224)      4915188        17307    0.410667
       14     156      0  [  3067084864,   3086745616)     19660752        69228    1.405735
       15     181      1  [  3263692952,   3268608140)      4915188        17307    0.538484
       16     194      2  [  3327590680,   3332505868)      4915188        17307    0.374151
       17     195      3  [  3332505868,   3337421056)      4915188        17307    0.465350
       18     184     10  [  3307929644,   3312844832)      4915188        17307    0.377119
       19     203     11  [  3371827372,   3376742560)      4915188        17307    0.400425
       20     204      0  [  3376742560,   3381657748)      4915188        17307    0.379648
       21     205      1  [  3381657748,   3386572936)      4915188        17307    0.409280
       22     230      2  [  3438182552,   3439411420)      1228868         4327    0.106032
       23     243      3  [  3454156984,   3455385852)      1228868         4327    0.167450
       24     256      4  [  3470131416,   3471360000)      1228584         4326    0.117639
       25     257      5  [  3471360000,   3472588868)      1228868         4327    0.142347
       26     270      6  [  3487334432,   3488563300)      1228868         4327    0.116623
       27     283      7  [  3503308864,   3504537732)      1228868         4327    0.133232
       28     284      8  [  3504537732,   3505766600)      1228868         4327    0.158093
       29     285      9  [  3505766600,   3506995468)      1228868         4327    0.437705
==============================================================

[SWBWA output hash rank 000004/000012] calls=2310300 bytes=745576116 sum=0x6e7cda974391673f xor=0xecac9cc60e6e6577 enabled=1
    11  [  3312844832,   3317760020)      4915188        17307    0.378256
       19     192      0  [  3317760020,   3322675208)      4915188        17307    0.367383
       20     193      1  [  3322675208,   3327590680)      4915472        17308    0.472865
       21     206      2  [  3386572936,   3391488124)      4915188        17307    0.362225
       22     231      3  [  3439411420,   3440640004)      1228584         4326    0.113578
       23     244      4  [  3455385852,   3456614436)      1228584         4326    0.524080
       24     281      5  [  3500851412,   3502080280)      1228868         4327    0.502133
       25     306      6  [  3531571408,   3532800276)      1228868         4327    0.361635
==============================================================

[SWBWA output hash rank 000005/000012] calls=2171842 bytes=706757453 sum=0x2d124fda47fcb5c9 xor=0x1cc88e7f389fabcb enabled=1
    3  [  3483648112,   3484876980)      1228868         4327    0.114311
       19     280      4  [  3499622544,   3500851412)      1228868         4327    0.123014
       20     293      5  [  3515596976,   3516825844)      1228868         4327    0.128300
       21     294      6  [  3516825844,   3518054428)      1228584         4326    0.115935
       22     307      7  [  3532800276,   3534028860)      1228584         4326    0.447716
       23     301      1  [  3525427352,   3526656220)      1228868         4327    0.119688
       24     304      4  [  3529113672,   3530342540)      1228868         4327    0.145148
==============================================================

[SWBWA output hash rank 000009/000012] calls=2007430 bytes=642589957 sum=0xdb09679a3a38cbd0 xor=0x1e919c4813dd7758 enabled=1
     4  [  3278438516,   3283353704)      4915188        17307    0.395484
       19     185      5  [  3283353704,   3288268892)      4915188        17307    0.460096
       20     198      6  [  3347251432,   3352166620)      4915188        17307    0.403993
       21     247      7  [  3459072172,   3460301040)      1228868         4327    0.119167
       22     248      8  [  3460301040,   3461529624)      1228584         4326    0.130119
       23     261      9  [  3476275472,   3477504056)      1228584         4326    0.201274
       24     286     10  [  3506995468,   3508224052)      1228584         4326    0.116281
       25     287     11  [  3508224052,   3509452920)      1228868         4327    0.375674
==============================================================

[SWBWA output hash rank 000010/000012] calls=2249718 bytes=720200492 sum=0xa5d3c7c59c749e46 xor=0x53a2b72118d6de64 enabled=1

================ MPI Dynamic Scheduler Debug =================
  MPI rank: 000011 / 000012

  Work summary
    claimed chunks                                         23
    claimed from this rank's queue                          2
    claimed from another rank's queue                      21
    completed FASTQ records                           1071658
    claimed input bytes                             300630132

  Scheduler counters
    scheduler_next calls                                   24
    RMA ticket attempts                                    35
    attempts against another rank's queue                  32
    tickets beyond the final chunk                         12
    empty aligned chunks                                    0

  Scheduler timing
    MPI_Win_create (setup)                       0.001959 s  (1 calls,  1958.617 us/call)
    MPI_Barrier after setup                      0.000021 s  (1 calls,    20.550 us/call)
    scheduler_next total                         0.998127 s  (24 calls, 41588.612 us/call)
      RMA ticket path total                        0.998027 s  (35 calls, 28515.055 us/call)
        MPI_Win_lock                                 0.000097 s  (35 calls,     2.780 us/call)
        MPI_Fetch_and_op                             0.000646 s  (35 calls,    18.446 us/call)
        MPI_Win_unlock                               0.997228 s  (35 calls, 28492.222 us/call)
        RMA call overhead (derived)                  0.000056 s  (35 calls,     1.607 us/call)
      align nominal offsets to FASTQ records       0.000025 s  (23 calls,     1.107 us/call)
      scheduler loop/bookkeeping (derived)         0.000074 s  (24 calls,     3.096 us/call)

  Scheduler teardown timing
    MPI_Barrier (wait for other ranks)           0.176092 s  (1 calls, 176091.688 us/call)
    MPI_Win_free                                 0.000056 s  (1 calls,    55.950 us/call)

  Stage 2 by chunk
    completed chunks                                       23
    accumulated stage 2                             30.939844 s
    average stage 2 per chunk                        1.345211 s
    slowest chunk                                          90
    slowest chunk stage 2                            2.756169 s

    order   chunk  queue        byte range                       bytes      records   stage2(s)
        0      11     11  [   216268848,    235929708)     19660860        71235    2.292968
        1      12      0  [   235929708,    255590568)     19660860        71235    1.928403
        2      25      1  [   491520144,    511180904)     19660760        70217    2.111099
        3      38      2  [   747110584,    766771344)     19660760        70217    1.937520
        4      51      3  [  1002701024,   1022361784)     19660760        70217    2.725261
        5      64      4  [  1258291464,   1277952224)     19660760        70217    2.102416
        6      77      5  [  1513881624,   1533542664)     19661040        70218    1.820654
        7      90      6  [  1769472064,   1789132824)     19660760        70217    2.756169
        8     103      7  [  2025062504,   2044723264)     19660760        70217    1.865553
        9     116      8  [  2280652944,   2300313704)     19660760        70217    1.915669
       10     129      9  [  2536243384,   2555904144)     19660760        70217    1.666891
       11     142     10  [  2791833824,   2811494520)     19660696        69415    1.401509
       12     155     11  [  3047424112,   3067084864)     19660752        69228    1.383866
       13     168      0  [  3199795224,   3204710412)      4915188        17307    0.457127
       14     169      1  [  3204710412,   3209625600)      4915188        17307    0.689895
       15     170      2  [  3209625600,   3214541072)      4915472        17308    0.677283
       16     159      3  [  3126067404,   3145728156)     19660752        69228    1.670890
       17     220      4  [  3425894440,   3427123308)      1228868         4327    0.122984
       18     209      5  [  3401318500,   3406233688)      4915188        17307    0.519067
       19     258      6  [  3472588868,   3473817736)      1228868         4327    0.136343
       20     271      7  [  3488563300,   3489792168)      1228868         4327    0.132564
       21     296      8  [  3519283296,   3520512164)      1228868         4327    0.104816
       22     309      9  [  3535257728,   3536060312)       802584         2826    0.520896
==============================================================

[SWBWA output hash rank 000011/000012] calls=2143316 bytes=685201964 sum=0x365da8f4c3b97c66 xor=0xea2dfe2e07485ae6 enabled=1

================ MPI Progress Thread Debug =================
  MPI rank: 000000 / 000012
  lifetime                                       55.385278 s
  MPI_Iprobe calls                                    5521
  MPI_Iprobe total                                0.105038 s
  MPI_Iprobe average                                19.025 us
  MPI_Iprobe maximum                              0.001780 s
  calls >= 1 ms                                          4
  calls >= 10 ms                                         0
  calls >= 100 ms                                        0
  calls >= 1 s                                           0
============================================================


================ MPI Progress Thread Debug =================
  MPI rank: 000001 / 000012
  lifetime                                       55.378959 s
  MPI_Iprobe calls                                    5531
  MPI_Iprobe total                                0.062027 s
  MPI_Iprobe average                                11.214 us
  MPI_Iprobe maximum                              0.001089 s
  calls >= 1 ms                                          1
  calls >= 10 ms                                         0
  calls >= 100 ms                                        0
  calls >= 1 s                                           0
============================================================


================ MPI Progress Thread Debug =================
  MPI rank: 000002 / 000012
  lifetime                                       55.384826 s
  MPI_Iprobe calls                                    5522
  MPI_Iprobe total                                0.089127 s
  MPI_Iprobe average                                16.140 us
  MPI_Iprobe maximum                              0.000544 s
  calls >= 1 ms                                          0
  calls >= 10 ms                                         0
  calls >= 100 ms                                        0
  calls >= 1 s                                           0
============================================================


================ MPI Progress Thread Debug =================
  MPI rank: 000003 / 000012
  lifetime                                       55.384549 s
  MPI_Iprobe calls                                    5527
  MPI_Iprobe total                                0.070898 s
  MPI_Iprobe average                                12.828 us
  MPI_Iprobe maximum                              0.002438 s
  calls >= 1 ms                                          3
  calls >= 10 ms                                         0
  calls >= 100 ms                                        0
  calls >= 1 s                                           0
============================================================


================ MPI Progress Thread Debug =================
  MPI rank: 000004 / 000012
  lifetime                                       55.382230 s
  MPI_Iprobe calls                                    5532
  MPI_Iprobe total                                0.078771 s
  MPI_Iprobe average                                14.239 us
  MPI_Iprobe maximum                              0.002310 s
  calls >= 1 ms                                          3
  calls >= 10 ms                                         0
  calls >= 100 ms                                        0
  calls >= 1 s                                           0
============================================================


================ MPI Progress Thread Debug =================
  MPI rank: 000005 / 000012
  lifetime                                       55.380509 s
  MPI_Iprobe calls                                    5531
  MPI_Iprobe total                                0.061375 s
  MPI_Iprobe average                                11.097 us
  MPI_Iprobe maximum                              0.000193 s
  calls >= 1 ms                                          0
  calls >= 10 ms                                         0
  calls >= 100 ms                                        0
  calls >= 1 s                                           0
============================================================


================ SWBWA CPE/MPI Progress Debug ================
  MPI rank: 000000 / 000012

    phase                      waits     probes   total(s)    avg(us)    max(s)   >=1ms   >=10ms   >=100ms    >=1s  completed
    FASTQ formatting              26          0      0.000      0.000     0.000       0        0         0       0          0
    alignment and SAM length      26          0      0.000      0.000     0.000       0        0         0       0          0
    SAM record generation         26          0      0.000      0.000     0.000       0        0         0       0          0
    all CPE phases                78          0      0.000      0.000     0.000       0        0         0       0          0

  Probes marked 'completed' returned with the CPE completion
  flag set. Their full call duration bounds the possible delay.
    completion-observing probe total               0.000000 s
    slowest completion-observing probe             0.000000 s
==============================================================


================ SWBWA CPE/MPI Progress Debug ================
  MPI rank: 000001 / 000012

    phase                      waits     probes   total(s)    avg(us)    max(s)   >=1ms   >=10ms   >=100ms    >=1s  completed
    FASTQ formatting              26          0      0.000      0.000     0.000       0        0         0       0          0
    alignment and SAM length      26          0      0.000      0.000     0.000       0        0         0       0          0
    SAM record generation         26          0      0.000      0.000     0.000       0        0         0       0          0
    all CPE phases                78          0      0.000      0.000     0.000       0        0         0       0          0

  Probes marked 'completed' returned with the CPE completion
  flag set. Their full call duration bounds the possible delay.
    completion-observing probe total               0.000000 s
    slowest completion-observing probe             0.000000 s
==============================================================


================ SWBWA CPE/MPI Progress Debug ================
  MPI rank: 000002 / 000012

    phase                      waits     probes   total(s)    avg(us)    max(s)   >=1ms   >=10ms   >=100ms    >=1s  completed
    FASTQ formatting              23          0      0.000      0.000     0.000       0        0         0       0          0

================ MPI Progress Thread Debug =================
  MPI rank: 000006 / 000012
  lifetime                                       55.381696 s
  MPI_Iprobe calls                                    5531
  MPI_Iprobe total                                0.102021 s
  MPI_Iprobe average                                18.445 us
  MPI_Iprobe maximum                              0.010442 s
  calls >= 1 ms                                          1
  calls >= 10 ms                                         1
  calls >= 100 ms                                        0
  calls >= 1 s                                           0
============================================================


================ MPI Progress Thread Debug =================
  MPI rank: 000007 / 000012
  lifetime                                       55.386502 s
  MPI_Iprobe calls                                    5529
  MPI_Iprobe total                                0.068565 s
  MPI_Iprobe average                                12.401 us
  MPI_Iprobe maximum                              0.000451 s
  calls >= 1 ms                                          0
  calls >= 10 ms                                         0
  calls >= 100 ms                                        0
  calls >= 1 s                                           0
============================================================


================ MPI Progress Thread Debug =================
  MPI rank: 000008 / 000012
  lifetime                                       55.383007 s
  MPI_Iprobe calls                                    5533
  MPI_Iprobe total                                0.060421 s
  MPI_Iprobe average                                10.920 us
  MPI_Iprobe maximum                              0.000828 s
  calls >= 1 ms                                          0
  calls >= 10 ms                                         0
  calls >= 100 ms                                        0
  calls >= 1 s                                           0
============================================================


================ MPI Progress Thread Debug =================
  MPI rank: 000009 / 000012
  lifetime                                       55.380391 s
  MPI_Iprobe calls                                    5518
  MPI_Iprobe total                                0.111755 s
  MPI_Iprobe average                                20.253 us
  MPI_Iprobe maximum                              0.019929 s
  calls >= 1 ms                                         17
  calls >= 10 ms                                         1
  calls >= 100 ms                                        0
  calls >= 1 s                                           0
============================================================


================ MPI Progress Thread Debug =================
  MPI rank: 000010 / 000012
  lifetime                                       55.382877 s
  MPI_Iprobe calls                                    5535
  MPI_Iprobe total                                0.092350 s
  MPI_Iprobe average                                16.685 us
  MPI_Iprobe maximum                              0.002569 s
  calls >= 1 ms                                          1
  calls >= 10 ms                                         0
  calls >= 100 ms                                        0
  calls >= 1 s                                           0
============================================================


================ MPI Progress Thread Debug =================
  MPI rank: 000011 / 000012
  lifetime                                       55.377516 s
  MPI_Iprobe calls                                    5528
  MPI_Iprobe total                                0.074759 s
  MPI_Iprobe average                                13.524 us
  MPI_Iprobe maximum                              0.002019 s
  calls >= 1 ms                                          2
  calls >= 10 ms                                         0
  calls >= 100 ms                                        0
  calls >= 1 s                                           0
============================================================

    alignment and SAM length      23          0      0.000      0.000     0.000       0        0         0       0          0
    SAM record generation         23          0      0.000      0.000     0.000       0        0         0       0          0
    all CPE phases                69          0      0.000      0.000     0.000       0        0         0       0          0

  Probes marked 'completed' returned with the CPE completion
  flag set. Their full call duration bounds the possible delay.
    completion-observing probe total               0.000000 s
    slowest completion-observing probe             0.000000 s
==============================================================


================ SWBWA CPE/MPI Progress Debug ================
  MPI rank: 000003 / 000012

    phase                      waits     probes   total(s)    avg(us)    max(s)   >=1ms   >=10ms   >=100ms    >=1s  completed
    FASTQ formatting              21          0      0.000      0.000     0.000       0        0         0       0          0
    alignment and SAM length      21          0      0.000      0.000     0.000       0        0         0       0          0
    SAM record generation         21          0      0.000      0.000     0.000       0        0         0       0          0
    all CPE phases                63          0      0.000      0.000     0.000       0        0         0       0          0

  Probes marked 'completed' returned with the CPE completion
  flag set. Their full call duration bounds the possible delay.
    completion-observing probe total               0.000000 s
    slowest completion-observing probe             0.000000 s
==============================================================


================ SWBWA CPE/MPI Progress Debug ================
  MPI rank: 000004 / 000012

    phase                      waits     probes   total(s)    avg(us)    max(s)   >=1ms   >=10ms   >=100ms    >=1s  completed
    FASTQ formatting              30          0      0.000      0.000     0.000       0        0         0       0          0
    alignment and SAM length      30          0      0.000      0.000     0.000       0        0         0       0          0
    SAM record generation         30          0      0.000      0.000     0.000       0        0         0       0          0
    all CPE phases                90          0      0.000      0.000     0.000       0        0         0       0          0

  Probes marked 'completed' returned with the CPE completion
  flag set. Their full call duration bounds the possible delay.
    completion-observing probe total               0.000000 s
    slowest completion-observing probe             0.000000 s
==============================================================


================ SWBWA CPE/MPI Progress Debug ================
  MPI rank: 000005 / 000012

    phase                      waits     probes   total(s)    avg(us)    max(s)   >=1ms   >=10ms   >=100ms    >=1s  completed
    FASTQ formatting              26          0      0.000      0.000     0.000       0        0         0       0          0

================ SWBWA CPE/MPI Progress Debug ================
  MPI rank: 000006 / 000012

    phase                      waits     probes   total(s)    avg(us)    max(s)   >=1ms   >=10ms   >=100ms    >=1s  completed
    alignment and SAM length      26          0      0.000      0.000     0.000       0        0         0       0          0
    SAM record generation         26          0      0.000      0.000     0.000       0        0         0       0          0
    all CPE phases                78          0      0.000      0.000     0.000       0        0         0       0          0

  Probes marked 'completed' returned with the CPE completion
  flag set. Their full call duration bounds the possible delay.
    completion-observing probe total               0.000000 s
    slowest completion-observing probe             0.000000 s
==============================================================

    FASTQ formatting              27          0      0.000      0.000     0.000       0        0         0       0          0
    alignment and SAM length      27          0      0.000      0.000     0.000       0        0         0       0          0
    SAM record generation         27          0      0.000      0.000     0.000       0        0         0       0          0
    all CPE phases                81          0      0.000      0.000     0.000       0        0         0       0          0

  Probes marked 'completed' returned with the CPE completion
  flag set. Their full call duration bounds the possible delay.
    completion-observing probe total               0.000000 s
    slowest completion-observing probe             0.000000 s
==============================================================


================ SWBWA CPE/MPI Progress Debug ================
  MPI rank: 000007 / 000012

    phase                      waits     probes   total(s)    avg(us)    max(s)   >=1ms   >=10ms   >=100ms    >=1s  completed
    FASTQ formatting              25          0      0.000      0.000     0.000       0        0         0       0          0
    alignment and SAM length      25          0      0.000      0.000     0.000       0        0         0       0          0
    SAM record generation         25          0      0.000      0.000     0.000       0        0         0       0          0
    all CPE phases                75          0      0.000      0.000     0.000       0        0         0       0          0

  Probes marked 'completed' returned with the CPE completion
  flag set. Their full call duration bounds the possible delay.
    completion-observing probe total               0.000000 s
    slowest completion-observing probe             0.000000 s
==============================================================


================ SWBWA CPE/MPI Progress Debug ================
  MPI rank: 000008 / 000012

    phase                      waits     probes   total(s)    avg(us)    max(s)   >=1ms   >=10ms   >=100ms    >=1s  completed
    FASTQ formatting              32          0      0.000      0.000     0.000       0        0         0       0          0
    alignment and SAM length      32          0      0.000      0.000     0.000       0        0         0       0          0
    SAM record generation         32          0      0.000      0.000     0.000       0        0         0       0          0
    all CPE phases                96          0      0.000      0.000     0.000       0        0         0       0          0

  Probes marked 'completed' returned with the CPE completion
  flag set. Their full call duration bounds the possible delay.
    completion-observing probe total               0.000000 s
    slowest completion-observing probe             0.000000 s
==============================================================


================ SWBWA CPE/MPI Progress Debug ================
  MPI rank: 000009 / 000012

    phase                      waits     probes   total(s)    avg(us)    max(s)   >=1ms   >=10ms   >=100ms    >=1s  completed
    FASTQ formatting              25          0      0.000      0.000     0.000       0        0         0       0          0
    alignment and SAM length      25          0      0.000      0.000     0.000       0        0         0       0          0
    SAM record generation         25          0      0.000      0.000     0.000       0        0         0       0          0
    all CPE phases                75          0      0.000      0.000     0.000       0        0         0       0          0

  Probes marked 'completed' returned with the CPE completion
  flag set. Their full call duration bounds the possible delay.
    completion-observing probe total               0.000000 s
    slowest completion-observing probe             0.000000 s
==============================================================


================ SWBWA CPE/MPI Progress Debug ================
  MPI rank: 000010 / 000012

    phase                      waits     probes   total(s)    avg(us)    max(s)   >=1ms   >=10ms   >=100ms    >=1s  completed
    FASTQ formatting              26          0      0.000      0.000     0.000       0        0         0       0          0

======================= SWBWA Timing Report =======================
  MPI rank: 000000 / 000012
  Accumulated wall-clock time; indented rows are included in
  their parent row and must not be added to it.

  Pipeline
    total - complete three-stage pipeline                    55.386 s
    stage 1 - allocate and read raw FASTQ blocks             16.683 s
    stage 2 - align reads and generate SAM records           33.382 s
    stage 3 - write SAM and release batch data                5.298 s
      SAM output writes                                         4.321 s
      batch cleanup and loop overhead (derived)                 0.977 s

  Stage 1 input details
    batches completed / stage calls                      26 / 27
    input-buffer and batch allocations                        0.000 s  (79 calls, max 0.000 s)
    aggregate requested allocation bytes            668522904
    FASTQ fseeko calls                                        1.314 s  (52 calls, max 0.152 s)
    FASTQ fread calls                                        14.501 s  (52 calls, max 0.739 s)
    align chunk ends to FASTQ record boundaries               0.000 s  (0 calls, max 0.000 s)
    scheduler, checks and bookkeeping (derived)               0.868 s
    raw FASTQ bytes read                            668467928  (637.501 MiB)
    effective fread bandwidth                         43.963 MiB/s
    slowest allocation                                 0.000 s  (19661884 bytes)
    slowest fread                                      0.739 s  (R1 offset=0, bytes=19660888)

  Stage 2 worker details
    total - active merge worker                              33.378 s
      part 1 - prepare CPE task and reusable buffers            0.951 s
      part 2 - CPE FASTQ formatting and input release           0.293 s
      part 3 - CPE alignment and SAM length pass               31.551 s
      part 4 - assign slices in the shared SAM buffer           0.167 s
      part 5 - CPE SAM record generation                        0.411 s
      part 6 - release temporary worker data                    0.001 s

  Reserved allocator timers (no active timing sites)
    malloc timer                                              0.000 s
    free timer                                                0.000 s
===================================================================


======================= SWBWA Timing Report =======================
  MPI rank: 000001 / 000012
  Accumulated wall-clock time; indented rows are included in
  their parent row and must not be added to it.

  Pipeline
    total - complete three-stage pipeline                    55.379 s
    stage 1 - allocate and read raw FASTQ blocks             15.480 s
    stage 2 - align reads and generate SAM records           35.696 s
    stage 3 - write SAM and release batch data                4.187 s
      SAM output writes                                         3.437 s
      batch cleanup and loop overhead (derived)                 0.750 s

  Stage 1 input details
    batches completed / stage calls                      26 / 27
    input-buffer and batch allocations                        0.000 s  (79 calls, max 0.000 s)
    aggregate requested allocation bytes            580048056
    FASTQ fseeko calls                                        2.833 s  (52 calls, max 0.145 s)
    FASTQ fread calls                                        11.658 s  (52 calls, max 0.858 s)
    align chunk ends to FASTQ record boundaries               0.000 s  (0 calls, max 0.000 s)
    scheduler, checks and bookkeeping (derived)               0.989 s
    raw FASTQ bytes read                            579993080  (553.125 MiB)
    effective fread bandwidth                         47.448 MiB/s
    slowest allocation                                 0.000 s  (19662064 bytes)
    slowest fread                                      0.858 s  (R1 offset=19660888, bytes=19660772)

  Stage 2 worker details
    total - active merge worker                              35.686 s
      part 1 - prepare CPE task and reusable buffers            0.826 s
      part 2 - CPE FASTQ formatting and input release           0.265 s
      part 3 - CPE alignment and SAM length pass               34.071 s
      part 4 - assign slices in the shared SAM buffer           0.151 s
      part 5 - CPE SAM record generation                        0.365 s
      part 6 - release temporary worker data                    0.001 s

  Reserved allocator timers (no active timing sites)
    malloc timer                                              0.000 s
    free timer                                                0.000 s
===================================================================


======================= SWBWA Timing Report =======================
  MPI rank: 000002 / 000012
  Accumulated wall-clock time; indented rows are included in
  their parent row and must not be added to it.

  Pipeline
    total - complete three-stage pipeline                    55.385 s
    stage 1 - allocate and read raw FASTQ blocks             13.421 s
    stage 2 - align reads and generate SAM records           37.374 s
    stage 3 - write SAM and release batch data                4.569 s
      SAM output writes                                         3.755 s
      batch cleanup and loop overhead (derived)                 0.815 s

  Stage 1 input details
    batches completed / stage calls                      23 / 24
    input-buffer and batch allocations                        0.000 s  (70 calls, max 0.000 s)
    aggregate requested allocation bytes            594788208
    FASTQ fseeko calls                                        1.856 s  (46 calls, max 0.157 s)
    FASTQ fread calls                                        10.995 s  (46 calls, max 0.860 s)
    align chunk ends to FASTQ record boundaries               0.000 s  (0 calls, max 0.000 s)
    scheduler, checks and bookkeeping (derived)               0.569 s
    raw FASTQ bytes read                            594739568  (567.188 MiB)
    effective fread bandwidth                         51.585 MiB/s
    slowest allocation                                 0.000 s  (19661776 bytes)
    slowest fread                                      0.860 s  (R1 offset=39321660, bytes=19660860)

  Stage 2 worker details
    total - active merge worker                              37.368 s
      part 1 - prepare CPE task and reusable buffers            0.816 s
      part 2 - CPE FASTQ formatting and input release           0.268 s
      part 3 - CPE alignment and SAM length pass               35.774 s
      part 4 - assign slices in the shared SAM buffer           0.172 s
      part 5 - CPE SAM record generation                        0.330 s
      part 6 - release temporary worker data                    0.001 s

  Reserved allocator timers (no active timing sites)
    malloc timer                                              0.000 s
    free timer                                                0.000 s
===================================================================


======================= SWBWA Timing Report =======================
  MPI rank: 000003 / 000012
  Accumulated wall-clock time; indented rows are included in
  their parent row and must not be added to it.

  Pipeline
    total - complete three-stage pipeline                    55.385 s
    stage 1 - allocate and read raw FASTQ blocks             15.167 s
    stage 2 - align reads and generate SAM records           36.389 s
    stage 3 - write SAM and release batch data                3.633 s
      SAM output writes                                         2.991 s
      batch cleanup and loop overhead (derived)                 0.642 s

  Stage 1 input details
    batches completed / stage calls                      21 / 22
    input-buffer and batch allocations                        0.000 s  (64 calls, max 0.000 s)
    aggregate requested allocation bytes            516140928
    FASTQ fseeko calls                                        2.304 s  (42 calls, max 0.145 s)
    FASTQ fread calls                                        11.936 s  (42 calls, max 0.730 s)
    align chunk ends to FASTQ record boundaries               0.000 s  (0 calls, max 0.000 s)
    scheduler, checks and bookkeeping (derived)               0.927 s
    raw FASTQ bytes read                            516096512  (492.188 MiB)
    effective fread bandwidth                         41.237 MiB/s
    slowest allocation                                 0.000 s  (1229892 bytes)
    slowest fread                                      0.730 s  (R1 offset=58982520, bytes=19660860)

  Stage 2 worker details
    total - active merge worker                              36.380 s
      part 1 - prepare CPE task and reusable buffers            0.767 s
      part 2 - CPE FASTQ formatting and input release           0.221 s
      part 3 - CPE alignment and SAM length pass               34.940 s
      part 4 - assign slices in the shared SAM buffer           0.132 s
      part 5 - CPE SAM record generation                        0.312 s
      part 6 - release temporary worker data                    0.000 s

  Reserved allocator timers (no active timing sites)
    malloc timer                                              0.000 s
    free timer                                                0.000 s
===================================================================


======================= SWBWA Timing Report =======================
  MPI rank: 000004 / 000012
  Accumulated wall-clock time; indented rows are included in
  their parent row and must not be added to it.

  Pipeline
    total - complete three-stage pipeline                    55.383 s
    stage 1 - allocate and read raw FASTQ blocks             19.305 s
    stage 2 - align reads and generate SAM records           31.195 s
    stage 3 - write SAM and release batch data                4.687 s
      SAM output writes                                         3.839 s
      batch cleanup and loop overhead (derived)                 0.848 s

  Stage 1 input details
    batches completed / stage calls                      30 / 31
    input-buffer and batch allocations                        0.000 s  (91 calls, max 0.000 s)
    aggregate requested allocation bytes            648869760
    FASTQ fseeko calls                                        3.577 s  (60 calls, max 0.168 s)
    FASTQ fread calls                                        14.555 s  (60 calls, max 0.802 s)
    align chunk ends to FASTQ record boundaries               0.000 s  (0 calls, max 0.000 s)
    scheduler, checks and bookkeeping (derived)               1.173 s
    raw FASTQ bytes read                            648806336  (618.750 MiB)
    effective fread bandwidth                         42.512 MiB/s
    slowest allocation                                 0.000 s  (4916212 bytes)
    slowest fread                                      0.802 s  (R1 offset=78643380, bytes=19660860)

  Stage 2 worker details
    total - active merge worker                              31.184 s
      part 1 - prepare CPE task and reusable buffers            0.880 s
      part 2 - CPE FASTQ formatting and input release           0.297 s
      part 3 - CPE alignment and SAM length pass               29.427 s
      part 4 - assign slices in the shared SAM buffer           0.170 s
      part 5 - CPE SAM record generation                        0.398 s
      part 6 - release temporary worker data                    0.001 s

  Reserved allocator timers (no active timing sites)
    malloc timer                                              0.000 s
    free timer                                                0.000 s
===================================================================


======================= SWBWA Timing Report =======================
  MPI rank: 000005 / 000012
  Accumulated wall-clock time; indented rows are included in
  their parent row and must not be added to it.

  Pipeline
    total - complete three-stage pipeline                    55.381 s
    stage 1 - allocate and read raw FASTQ blocks             17.456 s
    stage 2 - align reads and generate SAM records           33.120 s
    stage 3 - write SAM and release batch data                4.436 s
      SAM output writes                                         3.614 s
      batch cleanup and loop overhead (derived)                 0.821 s

  Stage 1 input details
    batches completed / stage calls                      26 / 27
    input-buffer and batch allocations                        0.000 s  (79 calls, max 0.000 s)
    aggregate requested allocation bytes            609539248
    FASTQ fseeko calls                                        1.842 s  (52 calls, max 0.144 s)
    FASTQ fread calls                                        14.685 s  (52 calls, max 0.917 s)
    align chunk ends to FASTQ record boundaries               0.000 s  (0 calls, max 0.000 s)
    scheduler, checks and bookkeeping (derived)               0.928 s
    raw FASTQ bytes read                            609484272  (581.249 MiB)
    effective fread bandwidth                         39.580 MiB/s
    slowest allocation                                 0.000 s  (19661784 bytes)
    slowest fread                                      0.917 s  (R1 offset=98304240, bytes=19660584)

  Stage 2 worker details
    total - active merge worker                              33.112 s
      part 1 - prepare CPE task and reusable buffers            0.824 s
      part 2 - CPE FASTQ formatting and input release           0.301 s
      part 3 - CPE alignment and SAM length pass               31.467 s
      part 4 - assign slices in the shared SAM buffer           0.162 s
      part 5 - CPE SAM record generation                        0.352 s
      part 6 - release temporary worker data                    0.001 s

  Reserved allocator timers (no active timing sites)
    malloc timer                                              0.000 s
    free timer                                                0.000 s
===================================================================


======================= SWBWA Timing Report =======================
  MPI rank: 000006 / 000012
  Accumulated wall-clock time; indented rows are included in
  their parent row and must not be added to it.

  Pipeline
    total - complete three-stage pipeline                    55.382 s
    stage 1 - allocate and read raw FASTQ blocks             19.700 s
    stage 2 - align reads and generate SAM records           30.581 s
    stage 3 - write SAM and release batch data                5.005 s
      SAM output writes                                         4.062 s
      batch cleanup and loop overhead (derived)                 0.943 s

  Stage 1 input details
    batches completed / stage calls                      27 / 28
    input-buffer and batch allocations                        0.000 s  (82 calls, max 0.000 s)
    aggregate requested allocation bytes            597253824
    FASTQ fseeko calls                                        3.757 s  (54 calls, max 0.295 s)
    FASTQ fread calls                                        14.689 s  (54 calls, max 0.884 s)
    align chunk ends to FASTQ record boundaries               0.000 s  (0 calls, max 0.000 s)
    scheduler, checks and bookkeeping (derived)               1.253 s
    raw FASTQ bytes read                            597196736  (569.531 MiB)
    effective fread bandwidth                         38.772 MiB/s
    slowest allocation                                 0.000 s  (64 bytes)
    slowest fread                                      0.884 s  (R2 offset=2968780820, bytes=19661036)

  Stage 2 worker details
    total - active merge worker                              30.574 s
      part 1 - prepare CPE task and reusable buffers            0.861 s
      part 2 - CPE FASTQ formatting and input release           0.300 s
      part 3 - CPE alignment and SAM length pass               28.851 s
      part 4 - assign slices in the shared SAM buffer           0.160 s
      part 5 - CPE SAM record generation                        0.396 s
      part 6 - release temporary worker data                    0.001 s

  Reserved allocator timers (no active timing sites)
    malloc timer                                              0.000 s
    free timer                                                0.000 s
===================================================================


======================= SWBWA Timing Report =======================
  MPI rank: 000007 / 000012
  Accumulated wall-clock time; indented rows are included in
  their parent row and must not be added to it.

  Pipeline
    total - complete three-stage pipeline                    55.387 s
    stage 1 - allocate and read raw FASTQ blocks             20.018 s
    stage 2 - align reads and generate SAM records           30.747 s
    stage 3 - write SAM and release batch data                4.540 s
      SAM output writes                                         3.716 s
      batch cleanup and loop overhead (derived)                 0.824 s

  Stage 1 input details
    batches completed / stage calls                      25 / 26
    input-buffer and batch allocations                        0.000 s  (76 calls, max 0.000 s)
    aggregate requested allocation bytes            577589408
    FASTQ fseeko calls                                        4.632 s  (50 calls, max 0.215 s)
    FASTQ fread calls                                        14.317 s  (50 calls, max 0.911 s)
    align chunk ends to FASTQ record boundaries               0.000 s  (0 calls, max 0.000 s)
    scheduler, checks and bookkeeping (derived)               1.069 s
    raw FASTQ bytes read                            577536544  (550.782 MiB)
    effective fread bandwidth                         38.470 MiB/s
    slowest allocation                                 0.000 s  (1229892 bytes)
    slowest fread                                      0.911 s  (R1 offset=2988441856, bytes=19660752)

  Stage 2 worker details
    total - active merge worker                              30.740 s
      part 1 - prepare CPE task and reusable buffers            0.853 s
      part 2 - CPE FASTQ formatting and input release           0.264 s
      part 3 - CPE alignment and SAM length pass               29.091 s
      part 4 - assign slices in the shared SAM buffer           0.147 s
      part 5 - CPE SAM record generation                        0.378 s
      part 6 - release temporary worker data                    0.000 s

  Reserved allocator timers (no active timing sites)
    malloc timer                                              0.000 s
    free timer                                                0.000 s
===================================================================


======================= SWBWA Timing Report =======================
  MPI rank: 000008 / 000012
  Accumulated wall-clock time; indented rows are included in
  their parent row and must not be added to it.

  Pipeline
    total - complete three-stage pipeline                    55.384 s
    stage 1 - allocate and read raw FASTQ blocks             16.588 s
    stage 2 - align reads and generate SAM records           35.351 s
    stage 3 - write SAM and release batch data                3.424 s
      SAM output writes                                         2.804 s
      batch cleanup and loop overhead (derived)                 0.620 s

  Stage 1 input details
    batches completed / stage calls                      32 / 33
    input-buffer and batch allocations                        0.000 s  (97 calls, max 0.000 s)
    aggregate requested allocation bytes            484214728
    FASTQ fseeko calls                                        3.017 s  (64 calls, max 0.227 s)
    FASTQ fread calls                                        12.635 s  (64 calls, max 0.860 s)
    align chunk ends to FASTQ record boundaries               0.000 s  (0 calls, max 0.000 s)
    scheduler, checks and bookkeeping (derived)               0.936 s
    raw FASTQ bytes read                            484147080  (461.719 MiB)
    effective fread bandwidth                         36.543 MiB/s
    slowest allocation                                 0.000 s  (19661784 bytes)
    slowest fread                                      0.860 s  (R1 offset=412876824, bytes=19661040)

  Stage 2 worker details
    total - active merge worker                              35.339 s
      part 1 - prepare CPE task and reusable buffers            0.926 s
      part 2 - CPE FASTQ formatting and input release           0.281 s
      part 3 - CPE alignment and SAM length pass               33.611 s
      part 4 - assign slices in the shared SAM buffer           0.128 s
      part 5 - CPE SAM record generation                        0.381 s
      part 6 - release temporary worker data                    0.003 s

  Reserved allocator timers (no active timing sites)
    malloc timer                                              0.000 s
    free timer                                                0.000 s
===================================================================


======================= SWBWA Timing Report =======================
  MPI rank: 000009 / 000012
  Accumulated wall-clock time; indented rows are included in
  their parent row and must not be added to it.

  Pipeline
    total - complete three-stage pipeline                    55.381 s
    stage 1 - allocate and read raw FASTQ blocks             18.056 s
    stage 2 - align reads and generate SAM records           33.365 s
    stage 3 - write SAM and release batch data                3.942 s
      SAM output writes                                         3.242 s
      batch cleanup and loop overhead (derived)                 0.700 s

  Stage 1 input details
    batches completed / stage calls                      25 / 26
    input-buffer and batch allocations                        0.000 s  (76 calls, max 0.000 s)
    aggregate requested allocation bytes            562844104
    FASTQ fseeko calls                                        3.892 s  (50 calls, max 0.272 s)
    FASTQ fread calls                                        13.246 s  (50 calls, max 0.864 s)
    align chunk ends to FASTQ record boundaries               0.000 s  (0 calls, max 0.000 s)
    scheduler, checks and bookkeeping (derived)               0.918 s
    raw FASTQ bytes read                            562791240  (536.720 MiB)
    effective fread bandwidth                         40.518 MiB/s
    slowest allocation                                 0.000 s  (1229608 bytes)
    slowest fread                                      0.864 s  (R1 offset=2496921864, bytes=19660760)

  Stage 2 worker details
    total - active merge worker                              33.362 s
      part 1 - prepare CPE task and reusable buffers            0.810 s
      part 2 - CPE FASTQ formatting and input release           0.257 s
      part 3 - CPE alignment and SAM length pass               31.783 s
      part 4 - assign slices in the shared SAM buffer           0.141 s
      part 5 - CPE SAM record generation                        0.365 s
      part 6 - release temporary worker data                    0.000 s

  Reserved allocator timers (no active timing sites)
    malloc timer                                              0.000 s
    free timer                                                0.000 s
===================================================================

    alignment and SAM length      26          0      0.000      0.000     0.000       0        0         0       0          0
    SAM record generation         26          0      0.000      0.000     0.000       0        0         0       0          0
    all CPE phases                78          0      0.000      0.000     0.000       0        0         0       0          0

  Probes marked 'completed' returned with the CPE completion
  flag set. Their full call duration bounds the possible delay.
    completion-observing probe total               0.000000 s
    slowest completion-observing probe             0.000000 s
==============================================================


======================= SWBWA Timing Report =======================
  MPI rank: 000010 / 000012
  Accumulated wall-clock time; indented rows are included in
  their parent row and must not be added to it.

  Pipeline
    total - complete three-stage pipeline                    55.383 s
    stage 1 - allocate and read raw FASTQ blocks             18.082 s
    stage 2 - align reads and generate SAM records           32.125 s
    stage 3 - write SAM and release batch data                4.884 s
      SAM output writes                                         3.990 s
      batch cleanup and loop overhead (derived)                 0.894 s

  Stage 1 input details
    batches completed / stage calls                      26 / 27
    input-buffer and batch allocations                        0.000 s  (79 calls, max 0.000 s)
    aggregate requested allocation bytes            631656040
    FASTQ fseeko calls                                        2.218 s  (52 calls, max 0.192 s)
    FASTQ fread calls                                        14.957 s  (52 calls, max 1.025 s)
    align chunk ends to FASTQ record boundaries               0.000 s  (0 calls, max 0.000 s)
    scheduler, checks and bookkeeping (derived)               0.906 s
    raw FASTQ bytes read                            631601064  (602.342 MiB)
    effective fread bandwidth                         40.272 MiB/s
    slowest allocation                                 0.000 s  (19661784 bytes)
    slowest fread                                      1.025 s  (R1 offset=452198624, bytes=19660760)

  Stage 2 worker details
    total - active merge worker                              32.114 s
      part 1 - prepare CPE task and reusable buffers            0.849 s
      part 2 - CPE FASTQ formatting and input release           0.287 s
      part 3 - CPE alignment and SAM length pass               30.433 s
      part 4 - assign slices in the shared SAM buffer           0.180 s
      part 5 - CPE SAM record generation                        0.353 s
      part 6 - release temporary worker data                    0.001 s

  Reserved allocator timers (no active timing sites)
    malloc timer                                              0.000 s
    free timer                                                0.000 s
===================================================================


================ SWBWA CPE/MPI Progress Debug ================
  MPI rank: 000011 / 000012

    phase                      waits     probes   total(s)    avg(us)    max(s)   >=1ms   >=10ms   >=100ms    >=1s  completed
    FASTQ formatting              23          0      0.000      0.000     0.000       0        0         0       0          0
    alignment and SAM length      23          0      0.000      0.000     0.000       0        0         0       0          0
    SAM record generation         23          0      0.000      0.000     0.000       0        0         0       0          0
    all CPE phases                69          0      0.000      0.000     0.000       0        0         0       0          0

  Probes marked 'completed' returned with the CPE completion
  flag set. Their full call duration bounds the possible delay.
    completion-observing probe total               0.000000 s
    slowest completion-observing probe             0.000000 s
==============================================================


======================= SWBWA Timing Report =======================
  MPI rank: 000011 / 000012
  Accumulated wall-clock time; indented rows are included in
  their parent row and must not be added to it.

  Pipeline
    total - complete three-stage pipeline                    55.378 s
    stage 1 - allocate and read raw FASTQ blocks             19.789 s
    stage 2 - align reads and generate SAM records           30.940 s
    stage 3 - write SAM and release batch data                4.459 s
      SAM output writes                                         3.628 s
      batch cleanup and loop overhead (derived)                 0.830 s

  Stage 1 input details
    batches completed / stage calls                      23 / 24
    input-buffer and batch allocations                        0.000 s  (70 calls, max 0.000 s)
    aggregate requested allocation bytes            601308904
    FASTQ fseeko calls                                        1.249 s  (46 calls, max 0.188 s)
    FASTQ fread calls                                        17.538 s  (46 calls, max 0.896 s)
    align chunk ends to FASTQ record boundaries               0.000 s  (0 calls, max 0.000 s)
    scheduler, checks and bookkeeping (derived)               1.002 s
    raw FASTQ bytes read                            601260264  (573.406 MiB)
    effective fread bandwidth                         32.696 MiB/s
    slowest allocation                                 0.000 s  (19661784 bytes)
    slowest fread                                      0.896 s  (R1 offset=2280652944, bytes=19660760)

  Stage 2 worker details
    total - active merge worker                              30.931 s
      part 1 - prepare CPE task and reusable buffers            0.796 s
      part 2 - CPE FASTQ formatting and input release           0.251 s
      part 3 - CPE alignment and SAM length pass               29.370 s
      part 4 - assign slices in the shared SAM buffer           0.153 s
      part 5 - CPE SAM record generation                        0.352 s
      part 6 - release temporary worker data                    0.001 s

  Reserved allocator timers (no active timing sites)
    malloc timer                                              0.000 s
    free timer                                                0.000 s
===================================================================

[main] Version: 0.0.1
[main] CMD: ./SWBWA mem -v 4 -t 1 -1 -o correctness_results/mpi_fine2_hash_2n12_20260825/SRR2496709_PE.run01.discard.sam -I 170,80,500,1 ../data/GRCh38.d1.vd1.fa ../data/bwa_test_big_data/SRR2496709_1.fastq ../data/bwa_test_big_data/SRR2496709_2.fastq
