dataset	read_mode	repeat	rank	order	chunk_id	queue	start	end	bytes	records	stage2_seconds
ERR1203383	PE	1	0	0	0	0	0	19660976	19660976	89570	2.194131
ERR1203383	PE	1	0	1	7	1	137625820	157286524	19660704	87771	1.863106
ERR1203383	PE	1	0	2	14	2	275251392	294912060	19660668	86231	1.786641
ERR1203383	PE	1	0	3	21	3	412876980	432537648	19660668	86231	2.086958
ERR1203383	PE	1	0	4	28	4	550502568	570163236	19660668	86231	1.730487
ERR1203383	PE	1	0	5	35	5	688128156	707788824	19660668	86231	1.768615
ERR1203383	PE	1	0	6	36	0	707788824	727449720	19660896	86232	1.85272
ERR1203383	PE	1	0	7	43	1	845414412	865075308	19660896	86232	2.078644
ERR1203383	PE	1	0	8	50	2	983040000	1002700896	19660896	86232	2.212734
ERR1203383	PE	1	0	9	57	3	1120665816	1140326484	19660668	86231	1.532277
ERR1203383	PE	1	0	10	64	4	1258291404	1277952072	19660668	86231	1.844145
ERR1203383	PE	1	0	11	71	5	1395916992	1415577660	19660668	86231	1.870278
ERR1203383	PE	1	0	12	72	0	1415577660	1435238556	19660896	86232	1.706984
ERR1203383	PE	1	0	13	79	1	1553203248	1572864144	19660896	86232	2.080444
ERR1203383	PE	1	0	14	86	2	1690828836	1710489732	19660896	86232	1.965902
ERR1203383	PE	1	0	15	93	3	1828454424	1848115320	19660896	86232	1.526924
ERR1203383	PE	1	0	16	100	4	1966080012	1985740908	19660896	86232	1.928493
ERR1203383	PE	1	0	17	107	5	2103705600	2123366496	19660896	86232	1.548315
ERR1203383	PE	1	0	18	108	0	2123366496	2143027392	19660896	86232	1.69494
ERR1203383	PE	1	0	19	115	1	2260992084	2280652860	19660776	85846	2.146364
ERR1203383	PE	1	0	20	122	2	2398617668	2418278508	19660840	84745	2.082479
ERR1203383	PE	1	0	21	129	3	2536243316	2555904156	19660840	84745	1.385009
ERR1203383	PE	1	0	22	136	4	2673868964	2693529804	19660840	84745	1.769752
ERR1203383	PE	1	0	23	143	5	2811494612	2831155220	19660608	84744	1.725908
ERR1203383	PE	1	0	24	144	0	2831155220	2850816060	19660840	84745	1.638386
ERR1203383	PE	1	0	25	151	1	2968780868	2988441708	19660840	84745	1.784717
ERR1203383	PE	1	0	26	158	2	3106406516	3126067356	19660840	84745	1.972236
ERR1203383	PE	1	0	27	177	3	3229286476	3234201628	4915152	21186	0.491155
ERR1203383	PE	1	0	28	184	4	3263693004	3268608156	4915152	21186	0.509409
ERR1203383	PE	1	0	29	191	5	3298099300	3303014452	4915152	21186	0.40685
ERR1203383	PE	1	0	30	192	0	3303014452	3307929604	4915152	21186	0.481209
ERR1203383	PE	1	0	31	199	1	3337420980	3342336132	4915152	21186	0.699771
ERR1203383	PE	1	0	32	206	2	3371827276	3376742428	4915152	21186	0.523621
ERR1203383	PE	1	0	33	213	3	3406233804	3411148956	4915152	21186	0.862451
ERR1203383	PE	1	0	34	220	4	3436953620	3438182524	1228904	5297	0.229585
ERR1203383	PE	1	0	35	227	5	3445555252	3446784156	1228904	5297	0.23606
ERR1203383	PE	1	0	36	222	0	3439411428	3440640100	1228672	5296	0.307249
ERR1203383	PE	1	0	37	229	1	3448012828	3449241732	1228904	5297	0.258379
ERR1203383	PE	1	0	38	230	2	3449241732	3450470404	1228672	5296	0.369889
ERR1203383	PE	1	0	39	237	3	3457843364	3459072036	1228672	5296	0.115926
ERR1203383	PE	1	0	40	238	4	3459072036	3460300940	1228904	5297	0.127076
ERR1203383	PE	1	0	41	245	5	3467673668	3468902572	1228904	5297	1.988029
ERR1203383	PE	1	0	42	258	0	3483648028	3484876932	1228904	5297	1.263094
ERR1203383	PE	1	0	43	265	1	3492249660	3493478564	1228904	5297	3.335306
ERR1203383	PE	1	0	44	270	0	3498393716	3499281348	887632	3826	1.078807
ERR1203383	PE	1	1	0	1	1	19660976	39321628	19660652	87957	2.340084
ERR1203383	PE	1	1	1	8	2	157286524	176947228	19660704	87771	2.166161
ERR1203383	PE	1	1	2	15	3	294912060	314572956	19660896	86232	1.684288
ERR1203383	PE	1	1	3	22	4	432537648	452198544	19660896	86232	1.844601
ERR1203383	PE	1	1	4	29	5	570163236	589824132	19660896	86232	1.762764
ERR1203383	PE	1	1	5	30	0	589824132	609484800	19660668	86231	1.998961
ERR1203383	PE	1	1	6	37	1	727449720	747110616	19660896	86232	1.901448
ERR1203383	PE	1	1	7	44	2	865075308	884736204	19660896	86232	2.068993
ERR1203383	PE	1	1	8	51	3	1002700896	1022361792	19660896	86232	1.965335
ERR1203383	PE	1	1	9	58	4	1140326484	1159987380	19660896	86232	1.620079
ERR1203383	PE	1	1	10	65	5	1277952072	1297612968	19660896	86232	2.051022
ERR1203383	PE	1	1	11	66	0	1297612968	1317273636	19660668	86231	2.363278
ERR1203383	PE	1	1	12	73	1	1435238556	1454899224	19660668	86231	2.027221
ERR1203383	PE	1	1	13	80	2	1572864144	1592524812	19660668	86231	1.949032
ERR1203383	PE	1	1	14	87	3	1710489732	1730150400	19660668	86231	2.104207
ERR1203383	PE	1	1	15	94	4	1848115320	1867776216	19660896	86232	1.566769
ERR1203383	PE	1	1	16	101	5	1985740908	2005401804	19660896	86232	1.832124
ERR1203383	PE	1	1	17	102	0	2005401804	2025062472	19660668	86231	1.575697
ERR1203383	PE	1	1	18	103	1	2025062472	2044723368	19660896	86232	1.698425
ERR1203383	PE	1	1	19	110	2	2162688060	2182348956	19660896	86232	1.702895
ERR1203383	PE	1	1	20	117	3	2300313700	2319974540	19660840	84745	1.794105
ERR1203383	PE	1	1	21	124	4	2437939348	2457600188	19660840	84745	1.480329
ERR1203383	PE	1	1	22	131	5	2575564996	2595225604	19660608	84744	1.772605
ERR1203383	PE	1	1	23	132	0	2595225604	2614886444	19660840	84745	1.888699
ERR1203383	PE	1	1	24	139	1	2732851252	2752512092	19660840	84745	1.877357
ERR1203383	PE	1	1	25	146	2	2870476900	2890137740	19660840	84745	1.976826
ERR1203383	PE	1	1	26	153	3	3008102548	3027763388	19660840	84745	2.165905
ERR1203383	PE	1	1	27	178	4	3234201628	3239117012	4915384	21187	0.551852
ERR1203383	PE	1	1	28	185	5	3268608156	3273523308	4915152	21186	0.457635
ERR1203383	PE	1	1	29	186	0	3273523308	3278438460	4915152	21186	0.519562
ERR1203383	PE	1	1	30	193	1	3307929604	3312844988	4915384	21187	0.438466
ERR1203383	PE	1	1	31	200	2	3342336132	3347251284	4915152	21186	0.574071
ERR1203383	PE	1	1	32	207	3	3376742428	3381657812	4915384	21187	0.612618
ERR1203383	PE	1	1	33	214	4	3411148956	3416064108	4915152	21186	0.564665
ERR1203383	PE	1	1	34	221	5	3438182524	3439411428	1228904	5297	0.181921
ERR1203383	PE	1	1	35	216	0	3420979260	3425894412	4915152	21186	0.539329
ERR1203383	PE	1	1	36	223	1	3440640100	3441869004	1228904	5297	0.262443
ERR1203383	PE	1	1	37	224	2	3441869004	3443097676	1228672	5296	0.216801
ERR1203383	PE	1	1	38	225	3	3443097676	3444326580	1228904	5297	0.240597
ERR1203383	PE	1	1	39	232	4	3451699308	3452928212	1228904	5297	0.215598
ERR1203383	PE	1	1	40	239	5	3460300940	3461529612	1228672	5296	0.137813
ERR1203383	PE	1	1	41	234	0	3454156884	3455385788	1228904	5297	0.252525
ERR1203383	PE	1	1	42	241	1	3462758516	3463987420	1228904	5297	0.253518
ERR1203383	PE	1	1	43	248	2	3471360148	3472588820	1228672	5296	0.352837
ERR1203383	PE	1	1	44	255	3	3479961780	3481190452	1228672	5296	4.993461
ERR1203383	PE	1	1	45	268	4	3495936140	3497164812	1228672	5296	3.560873
ERR1203383	PE	1	2	0	2	2	39321628	58982556	19660928	87772	2.320809
ERR1203383	PE	1	2	1	9	3	176947228	196608156	19660928	87772	2.076124
ERR1203383	PE	1	2	2	16	4	314572956	334233624	19660668	86231	1.841453
ERR1203383	PE	1	2	3	23	5	452198544	471859212	19660668	86231	2.178488
ERR1203383	PE	1	2	4	24	0	471859212	491520108	19660896	86232	1.79117
ERR1203383	PE	1	2	5	31	1	609484800	629145696	19660896	86232	1.576186
ERR1203383	PE	1	2	6	38	2	747110616	766771284	19660668	86231	1.954761
ERR1203383	PE	1	2	7	45	3	884736204	904396872	19660668	86231	2.106531
ERR1203383	PE	1	2	8	52	4	1022361792	1042022460	19660668	86231	1.62309
ERR1203383	PE	1	2	9	59	5	1159987380	1179648048	19660668	86231	2.254292
ERR1203383	PE	1	2	10	60	0	1179648048	1199308944	19660896	86232	2.113428
ERR1203383	PE	1	2	11	67	1	1317273636	1336934532	19660896	86232	2.273643
ERR1203383	PE	1	2	12	74	2	1454899224	1474560120	19660896	86232	1.811211
ERR1203383	PE	1	2	13	81	3	1592524812	1612185708	19660896	86232	2.272957
ERR1203383	PE	1	2	14	88	4	1730150400	1749811296	19660896	86232	2.085696
ERR1203383	PE	1	2	15	95	5	1867776216	1887436884	19660668	86231	1.907125
ERR1203383	PE	1	2	16	96	0	1887436884	1907097780	19660896	86232	1.817644
ERR1203383	PE	1	2	17	109	1	2143027392	2162688060	19660668	86231	2.070854
ERR1203383	PE	1	2	18	116	2	2280652860	2300313700	19660840	84745	1.652782
ERR1203383	PE	1	2	19	123	3	2418278508	2437939348	19660840	84745	1.791892
ERR1203383	PE	1	2	20	130	4	2555904156	2575564996	19660840	84745	2.020912
ERR1203383	PE	1	2	21	137	5	2693529804	2713190412	19660608	84744	1.534593
ERR1203383	PE	1	2	22	138	0	2713190412	2732851252	19660840	84745	1.683772
ERR1203383	PE	1	2	23	145	1	2850816060	2870476900	19660840	84745	1.508781
ERR1203383	PE	1	2	24	152	2	2988441708	3008102548	19660840	84745	1.672228
ERR1203383	PE	1	2	25	159	3	3126067356	3145728196	19660840	84745	1.794475
ERR1203383	PE	1	2	26	172	4	3204710484	3209625636	4915152	21186	0.447072
ERR1203383	PE	1	2	27	179	5	3239117012	3244032164	4915152	21186	0.593936
ERR1203383	PE	1	2	28	180	0	3244032164	3248947316	4915152	21186	0.437703
ERR1203383	PE	1	2	29	187	1	3278438460	3283353612	4915152	21186	0.538558
ERR1203383	PE	1	2	30	194	2	3312844988	3317760140	4915152	21186	0.473109
ERR1203383	PE	1	2	31	201	3	3347251284	3352166436	4915152	21186	0.558457
ERR1203383	PE	1	2	32	208	4	3381657812	3386572964	4915152	21186	0.523677
ERR1203383	PE	1	2	33	215	5	3416064108	3420979260	4915152	21186	0.627376
ERR1203383	PE	1	2	34	210	0	3391488116	3396403268	4915152	21186	0.467653
ERR1203383	PE	1	2	35	217	1	3425894412	3430809796	4915384	21187	0.641997
ERR1203383	PE	1	2	36	236	2	3456614460	3457843364	1228904	5297	0.179381
ERR1203383	PE	1	2	37	243	3	3465216092	3466444996	1228904	5297	0.161632
ERR1203383	PE	1	2	38	250	4	3473817724	3475046628	1228904	5297	0.229673
ERR1203383	PE	1	2	39	257	5	3482419356	3483648028	1228672	5296	0.515518
ERR1203383	PE	1	2	40	246	0	3468902572	3470131244	1228672	5296	0.385552
ERR1203383	PE	1	2	41	259	1	3484876932	3486105604	1228672	5296	2.002128
ERR1203383	PE	1	2	42	266	2	3493478564	3494707236	1228672	5296	3.058171
ERR1203383	PE	1	2	43	269	5	3497164812	3498393716	1228904	5297	1.99655
ERR1203383	PE	1	3	0	3	3	58982556	78643260	19660704	87771	2.244728
ERR1203383	PE	1	3	1	10	4	196608156	216268860	19660704	87771	1.629793
ERR1203383	PE	1	3	2	17	5	334233624	353894520	19660896	86232	1.67096
ERR1203383	PE	1	3	3	18	0	353894520	373555416	19660896	86232	1.823825
ERR1203383	PE	1	3	4	25	1	491520108	511181004	19660896	86232	1.612718
ERR1203383	PE	1	3	5	32	2	629145696	648806592	19660896	86232	1.447741
ERR1203383	PE	1	3	6	39	3	766771284	786432180	19660896	86232	1.731727
ERR1203383	PE	1	3	7	46	4	904396872	924057768	19660896	86232	2.217342
ERR1203383	PE	1	3	8	53	5	1042022460	1061683356	19660896	86232	1.925852
ERR1203383	PE	1	3	9	54	0	1061683356	1081344024	19660668	86231	1.704191
ERR1203383	PE	1	3	10	61	1	1199308944	1218969612	19660668	86231	2.024896
ERR1203383	PE	1	3	11	68	2	1336934532	1356595200	19660668	86231	1.788959
ERR1203383	PE	1	3	12	75	3	1474560120	1494221016	19660896	86232	3.352182
ERR1203383	PE	1	3	13	82	4	1612185708	1631846604	19660896	86232	1.854989
ERR1203383	PE	1	3	14	89	5	1749811296	1769472192	19660896	86232	1.712017
ERR1203383	PE	1	3	15	90	0	1769472192	1789132860	19660668	86231	1.788812
ERR1203383	PE	1	3	16	97	1	1907097780	1926758448	19660668	86231	1.662557
ERR1203383	PE	1	3	17	104	2	2044723368	2064384036	19660668	86231	1.664481
ERR1203383	PE	1	3	18	111	3	2182348956	2202009624	19660668	86231	1.716
ERR1203383	PE	1	3	19	118	4	2319974540	2339635380	19660840	84745	2.078401
ERR1203383	PE	1	3	20	125	5	2457600188	2477261028	19660840	84745	1.833348
ERR1203383	PE	1	3	21	126	0	2477261028	2496921636	19660608	84744	1.677947
ERR1203383	PE	1	3	22	133	1	2614886444	2634547284	19660840	84745	1.684516
ERR1203383	PE	1	3	23	140	2	2752512092	2772172932	19660840	84745	1.666912
ERR1203383	PE	1	3	24	147	3	2890137740	2909798580	19660840	84745	2.010444
ERR1203383	PE	1	3	25	154	4	3027763388	3047424228	19660840	84745	1.669111
ERR1203383	PE	1	3	26	161	5	3150643348	3155558500	4915152	21186	0.543404
ERR1203383	PE	1	3	27	162	0	3155558500	3160473652	4915152	21186	0.538197
ERR1203383	PE	1	3	28	169	1	3189965028	3194880180	4915152	21186	0.415981
ERR1203383	PE	1	3	29	176	2	3224371324	3229286476	4915152	21186	0.73889
ERR1203383	PE	1	3	30	183	3	3258777620	3263693004	4915384	21187	0.482813
ERR1203383	PE	1	3	31	190	4	3293184148	3298099300	4915152	21186	0.520214
ERR1203383	PE	1	3	32	197	5	3327590444	3332505828	4915384	21187	0.390017
ERR1203383	PE	1	3	33	198	0	3332505828	3337420980	4915152	21186	0.67651
ERR1203383	PE	1	3	34	205	1	3366912124	3371827276	4915152	21186	0.501926
ERR1203383	PE	1	3	35	212	2	3401318420	3406233804	4915384	21187	0.782072
ERR1203383	PE	1	3	36	219	3	3435724948	3436953620	1228672	5296	0.421674
ERR1203383	PE	1	3	37	226	4	3444326580	3445555252	1228672	5296	0.125024
ERR1203383	PE	1	3	38	233	5	3452928212	3454156884	1228672	5296	0.283984
ERR1203383	PE	1	3	39	228	0	3446784156	3448012828	1228672	5296	0.297553
ERR1203383	PE	1	3	40	235	1	3455385788	3456614460	1228672	5296	0.209438
ERR1203383	PE	1	3	41	242	2	3463987420	3465216092	1228672	5296	0.281832
ERR1203383	PE	1	3	42	249	3	3472588820	3473817724	1228904	5297	0.327089
ERR1203383	PE	1	3	43	256	4	3481190452	3482419356	1228904	5297	1.349649
ERR1203383	PE	1	3	44	263	5	3489792084	3491020988	1228904	5297	3.216114
ERR1203383	PE	1	3	45	264	0	3491020988	3492249660	1228672	5296	2.95861
ERR1203383	PE	1	4	0	4	4	78643260	98304188	19660928	87772	2.185586
ERR1203383	PE	1	4	1	11	5	216268860	235929600	19660740	86802	1.709251
ERR1203383	PE	1	4	2	12	0	235929600	255590496	19660896	86232	1.80976
ERR1203383	PE	1	4	3	19	1	373555416	393216084	19660668	86231	1.934311
ERR1203383	PE	1	4	4	26	2	511181004	530841672	19660668	86231	1.958488
ERR1203383	PE	1	4	5	33	3	648806592	668467260	19660668	86231	1.69661
ERR1203383	PE	1	4	6	40	4	786432180	806092848	19660668	86231	1.915932
ERR1203383	PE	1	4	7	47	5	924057768	943718436	19660668	86231	2.121401
ERR1203383	PE	1	4	8	48	0	943718436	963379332	19660896	86232	2.099497
ERR1203383	PE	1	4	9	55	1	1081344024	1101004920	19660896	86232	1.855214
ERR1203383	PE	1	4	10	62	2	1218969612	1238630508	19660896	86232	1.788379
ERR1203383	PE	1	4	11	69	3	1356595200	1376256096	19660896	86232	1.845191
ERR1203383	PE	1	4	12	76	4	1494221016	1513881684	19660668	86231	2.225887
ERR1203383	PE	1	4	13	83	5	1631846604	1651507272	19660668	86231	1.666522
ERR1203383	PE	1	4	14	84	0	1651507272	1671168168	19660896	86232	1.568039
ERR1203383	PE	1	4	15	91	1	1789132860	1808793756	19660896	86232	1.623428
ERR1203383	PE	1	4	16	98	2	1926758448	1946419344	19660896	86232	1.416388
ERR1203383	PE	1	4	17	105	3	2064384036	2084044932	19660896	86232	1.988262
ERR1203383	PE	1	4	18	112	4	2202009624	2221670520	19660896	86232	1.668425
ERR1203383	PE	1	4	19	119	5	2339635380	2359296220	19660840	84745	1.768068
ERR1203383	PE	1	4	20	120	0	2359296220	2378956828	19660608	84744	1.763047
ERR1203383	PE	1	4	21	127	1	2496921636	2516582476	19660840	84745	1.782557
ERR1203383	PE	1	4	22	134	2	2634547284	2654208124	19660840	84745	1.59686
ERR1203383	PE	1	4	23	141	3	2772172932	2791833772	19660840	84745	1.523167
ERR1203383	PE	1	4	24	148	4	2909798580	2929459420	19660840	84745	1.99774
ERR1203383	PE	1	4	25	155	5	3047424228	3067084836	19660608	84744	1.642824
ERR1203383	PE	1	5	0	5	5	98304188	117964892	19660704	87771	2.376118
ERR1203383	PE	1	5	1	6	0	117964892	137625820	19660928	87772	2.106456
ERR1203383	PE	1	5	2	13	1	255590496	275251392	19660896	86232	1.736906
ERR1203383	PE	1	5	3	20	2	393216084	412876980	19660896	86232	1.742551
ERR1203383	PE	1	5	4	27	3	530841672	550502568	19660896	86232	1.753235
ERR1203383	PE	1	5	5	34	4	668467260	688128156	19660896	86232	2.395641
ERR1203383	PE	1	5	6	41	5	806092848	825753744	19660896	86232	2.091283
ERR1203383	PE	1	5	7	42	0	825753744	845414412	19660668	86231	2.064048
ERR1203383	PE	1	5	8	49	1	963379332	983040000	19660668	86231	1.962964
ERR1203383	PE	1	5	9	56	2	1101004920	1120665816	19660896	86232	1.728679
ERR1203383	PE	1	5	10	63	3	1238630508	1258291404	19660896	86232	1.881421
ERR1203383	PE	1	5	11	70	4	1376256096	1395916992	19660896	86232	1.882844
ERR1203383	PE	1	5	12	77	5	1513881684	1533542580	19660896	86232	2.0144
ERR1203383	PE	1	5	13	78	0	1533542580	1553203248	19660668	86231	1.588747
ERR1203383	PE	1	5	14	85	1	1671168168	1690828836	19660668	86231	1.601699
ERR1203383	PE	1	5	15	92	2	1808793756	1828454424	19660668	86231	1.790769
ERR1203383	PE	1	5	16	99	3	1946419344	1966080012	19660668	86231	1.599301
ERR1203383	PE	1	5	17	106	4	2084044932	2103705600	19660668	86231	1.636203
ERR1203383	PE	1	5	27	163	1	3160473652	3165388804	4915152	21186	0.509364
ERR1203383	PE	1	5	28	164	2	3165388804	3170304188	4915384	21187	0.513313
ERR1203383	PE	1	5	29	165	3	3170304188	3175219340	4915152	21186	0.417343
ERR1203383	PE	1	5	30	160	4	3145728196	3150643348	4915152	21186	0.597276
ERR1203383	PE	1	5	31	167	5	3180134492	3185049644	4915152	21186	0.544036
ERR1203383	PE	1	5	32	168	0	3185049644	3189965028	4915384	21187	0.521636
ERR1203383	PE	1	5	33	175	1	3219456172	3224371324	4915152	21186	0.68918
ERR1203383	PE	1	5	34	182	2	3253862468	3258777620	4915152	21186	0.49016
ERR1203383	PE	1	5	35	189	3	3288268996	3293184148	4915152	21186	0.477607
ERR1203383	PE	1	5	36	196	4	3322675292	3327590444	4915152	21186	0.613469
ERR1203383	PE	1	5	37	203	5	3357081820	3361996972	4915152	21186	0.71877
ERR1203383	PE	1	5	38	204	0	3361996972	3366912124	4915152	21186	0.638587
ERR1203383	PE	1	5	39	211	1	3396403268	3401318420	4915152	21186	0.500449
ERR1203383	PE	1	5	40	218	2	3430809796	3435724948	4915152	21186	0.638334
ERR1203383	PE	1	5	41	231	3	3450470404	3451699308	1228904	5297	0.309009
ERR1203383	PE	1	5	42	244	4	3466444996	3467673668	1228672	5296	0.119895
ERR1203383	PE	1	5	43	251	5	3475046628	3476275300	1228672	5296	0.856889
ERR1203383	PE	1	5	44	252	0	3476275300	3477504204	1228904	5297	0.28702
ERR1203383	PE	1	5	45	253	1	3477504204	3478732876	1228672	5296	0.293382
ERR1203383	PE	1	5	46	260	2	3486105604	3487334508	1228904	5297	4.57528
ERR1203383	PE	1	5	47	267	3	3494707236	3495936140	1228904	5297	3.846964
ERR1203383	PE	1	5	19	114	0	2241331416	2260992084	19660668	86231	2.058191
ERR1203383	PE	1	5	20	121	1	2378956828	2398617668	19660840	84745	1.606249
ERR1203383	PE	1	5	21	128	2	2516582476	2536243316	19660840	84745	1.808878
ERR1203383	PE	1	5	22	135	3	2654208124	2673868964	19660840	84745	1.774798
ERR1203383	PE	1	5	23	142	4	2791833772	2811494612	19660840	84745	1.697506
ERR1203383	PE	1	5	24	149	5	2929459420	2949120028	19660608	84744	1.632857
ERR1203383	PE	1	5	25	150	0	2949120028	2968780868	19660840	84745	1.647033
ERR1203383	PE	1	5	26	157	1	3086745676	3106406516	19660840	84745	1.621697
ERR1203383	PE	1	5	27	170	2	3194880180	3199795332	4915152	21186	0.540373
ERR1203383	PE	1	5	28	171	3	3199795332	3204710484	4915152	21186	0.601261
ERR1203383	PE	1	5	29	166	4	3175219340	3180134492	4915152	21186	0.467012
ERR1203383	PE	1	5	30	173	5	3209625636	3214541020	4915384	21187	0.406136
ERR1203383	PE	1	5	31	174	0	3214541020	3219456172	4915152	21186	0.350802
ERR1203383	PE	1	5	32	181	1	3248947316	3253862468	4915152	21186	0.480491
ERR1203383	PE	1	5	33	188	2	3283353612	3288268996	4915384	21187	0.433628
ERR1203383	PE	1	5	34	195	3	3317760140	3322675292	4915152	21186	0.482807
ERR1203383	PE	1	5	35	202	4	3352166436	3357081820	4915384	21187	0.614278
ERR1203383	PE	1	5	36	209	5	3386572964	3391488116	4915152	21186	3.237996
ERR1203383	PE	1	5	37	240	0	3461529612	3462758516	1228904	5297	0.126927
ERR1203383	PE	1	5	38	247	1	3470131244	3471360148	1228904	5297	0.254607
ERR1203383	PE	1	5	39	254	2	3478732876	3479961780	1228904	5297	0.987961
ERR1203383	PE	1	5	40	261	3	3487334508	3488563412	1228904	5297	2.620046
ERR1203383	PE	1	5	41	262	4	3488563412	3489792084	1228672	5296	3.798167
ERR1203383	PE	2	0	0	0	0	0	19660976	19660976	89570	2.163871
ERR1203383	PE	2	0	1	7	1	137625820	157286524	19660704	87771	1.869896
ERR1203383	PE	2	0	2	14	2	275251392	294912060	19660668	86231	1.785662
ERR1203383	PE	2	0	3	21	3	412876980	432537648	19660668	86231	2.096356
ERR1203383	PE	2	0	4	28	4	550502568	570163236	19660668	86231	1.731684
ERR1203383	PE	2	0	5	35	5	688128156	707788824	19660668	86231	1.77331
ERR1203383	PE	2	0	6	36	0	707788824	727449720	19660896	86232	1.84125
ERR1203383	PE	2	0	7	43	1	845414412	865075308	19660896	86232	2.073113
ERR1203383	PE	2	0	8	50	2	983040000	1002700896	19660896	86232	2.208517
ERR1203383	PE	2	0	9	57	3	1120665816	1140326484	19660668	86231	1.519649
ERR1203383	PE	2	0	10	64	4	1258291404	1277952072	19660668	86231	1.843749
ERR1203383	PE	2	0	11	71	5	1395916992	1415577660	19660668	86231	1.871135
ERR1203383	PE	2	0	12	72	0	1415577660	1435238556	19660896	86232	1.711223
ERR1203383	PE	2	0	13	79	1	1553203248	1572864144	19660896	86232	2.080086
ERR1203383	PE	2	0	14	86	2	1690828836	1710489732	19660896	86232	1.95845
ERR1203383	PE	2	0	15	93	3	1828454424	1848115320	19660896	86232	1.527264
ERR1203383	PE	2	0	16	100	4	1966080012	1985740908	19660896	86232	1.942063
ERR1203383	PE	2	0	17	107	5	2103705600	2123366496	19660896	86232	1.550001
ERR1203383	PE	2	0	18	108	0	2123366496	2143027392	19660896	86232	1.700363
ERR1203383	PE	2	0	19	115	1	2260992084	2280652860	19660776	85846	2.147949
ERR1203383	PE	2	0	20	122	2	2398617668	2418278508	19660840	84745	2.09117
ERR1203383	PE	2	0	21	129	3	2536243316	2555904156	19660840	84745	1.382123
ERR1203383	PE	2	0	22	136	4	2673868964	2693529804	19660840	84745	1.765852
ERR1203383	PE	2	0	23	143	5	2811494612	2831155220	19660608	84744	1.729638
ERR1203383	PE	2	0	24	144	0	2831155220	2850816060	19660840	84745	1.627337
ERR1203383	PE	2	0	25	151	1	2968780868	2988441708	19660840	84745	1.789255
ERR1203383	PE	2	0	26	158	2	3106406516	3126067356	19660840	84745	1.961291
ERR1203383	PE	2	0	27	165	3	3170304188	3175219340	4915152	21186	0.426347
ERR1203383	PE	2	0	28	172	4	3204710484	3209625636	4915152	21186	0.448045
ERR1203383	PE	2	0	29	179	5	3239117012	3244032164	4915152	21186	0.598664
ERR1203383	PE	2	0	30	180	0	3244032164	3248947316	4915152	21186	0.440095
ERR1203383	PE	2	1	0	1	1	19660976	39321628	19660652	87957	2.330759
ERR1203383	PE	2	1	1	8	2	157286524	176947228	19660704	87771	2.169673
ERR1203383	PE	2	1	2	15	3	294912060	314572956	19660896	86232	1.678853
ERR1203383	PE	2	1	3	22	4	432537648	452198544	19660896	86232	1.835009
ERR1203383	PE	2	1	4	29	5	570163236	589824132	19660896	86232	1.754394
ERR1203383	PE	2	1	5	30	0	589824132	609484800	19660668	86231	2.001805
ERR1203383	PE	2	1	6	37	1	727449720	747110616	19660896	86232	1.894353
ERR1203383	PE	2	1	7	44	2	865075308	884736204	19660896	86232	2.074248
ERR1203383	PE	2	1	8	51	3	1002700896	1022361792	19660896	86232	1.966816
ERR1203383	PE	2	1	9	58	4	1140326484	1159987380	19660896	86232	1.631984
ERR1203383	PE	2	1	10	65	5	1277952072	1297612968	19660896	86232	2.045539
ERR1203383	PE	2	1	11	66	0	1297612968	1317273636	19660668	86231	2.369089
ERR1203383	PE	2	1	12	73	1	1435238556	1454899224	19660668	86231	2.025563
ERR1203383	PE	2	1	13	80	2	1572864144	1592524812	19660668	86231	1.940555
ERR1203383	PE	2	1	14	87	3	1710489732	1730150400	19660668	86231	2.109692
ERR1203383	PE	2	1	15	94	4	1848115320	1867776216	19660896	86232	1.566867
ERR1203383	PE	2	1	16	101	5	1985740908	2005401804	19660896	86232	1.835444
ERR1203383	PE	2	1	17	102	0	2005401804	2025062472	19660668	86231	1.562045
ERR1203383	PE	2	2	0	2	2	39321628	58982556	19660928	87772	2.328508
ERR1203383	PE	2	2	1	9	3	176947228	196608156	19660928	87772	2.078022
ERR1203383	PE	2	2	2	16	4	314572956	334233624	19660668	86231	1.841812
ERR1203383	PE	2	2	3	23	5	452198544	471859212	19660668	86231	2.180025
ERR1203383	PE	2	2	4	24	0	471859212	491520108	19660896	86232	1.794313
ERR1203383	PE	2	2	5	31	1	609484800	629145696	19660896	86232	1.57572
ERR1203383	PE	2	2	6	38	2	747110616	766771284	19660668	86231	1.958365
ERR1203383	PE	2	2	7	45	3	884736204	904396872	19660668	86231	2.102927
ERR1203383	PE	2	2	8	52	4	1022361792	1042022460	19660668	86231	1.617173
ERR1203383	PE	2	2	9	59	5	1159987380	1179648048	19660668	86231	2.231004
ERR1203383	PE	2	2	10	60	0	1179648048	1199308944	19660896	86232	2.11835
ERR1203383	PE	2	2	11	67	1	1317273636	1336934532	19660896	86232	2.274325
ERR1203383	PE	2	2	12	74	2	1454899224	1474560120	19660896	86232	1.808656
ERR1203383	PE	2	2	13	81	3	1592524812	1612185708	19660896	86232	2.243742
ERR1203383	PE	2	2	14	88	4	1730150400	1749811296	19660896	86232	2.075888
ERR1203383	PE	2	2	15	95	5	1867776216	1887436884	19660668	86231	1.907643
ERR1203383	PE	2	2	16	96	0	1887436884	1907097780	19660896	86232	1.821259
ERR1203383	PE	2	2	17	103	1	2025062472	2044723368	19660896	86232	1.695914
ERR1203383	PE	2	2	32	194	2	3312844988	3317760140	4915152	21186	0.471123
ERR1203383	PE	2	2	33	201	3	3347251284	3352166436	4915152	21186	0.559508
ERR1203383	PE	2	2	34	208	4	3381657812	3386572964	4915152	21186	0.526249
ERR1203383	PE	2	2	35	215	5	3416064108	3420979260	4915152	21186	0.634748
ERR1203383	PE	2	2	36	210	0	3391488116	3396403268	4915152	21186	0.46791
ERR1203383	PE	2	2	37	217	1	3425894412	3430809796	4915384	21187	0.648673
ERR1203383	PE	2	2	38	230	2	3449241732	3450470404	1228672	5296	0.383045
ERR1203383	PE	2	2	39	243	3	3465216092	3466444996	1228904	5297	0.16213
ERR1203383	PE	2	2	40	250	4	3473817724	3475046628	1228904	5297	0.228969
ERR1203383	PE	2	2	41	257	5	3482419356	3483648028	1228672	5296	0.530016
ERR1203383	PE	2	2	42	252	0	3476275300	3477504204	1228904	5297	0.289436
ERR1203383	PE	2	2	43	253	1	3477504204	3478732876	1228672	5296	0.287602
ERR1203383	PE	2	2	44	260	2	3486105604	3487334508	1228904	5297	4.604986
ERR1203383	PE	2	2	45	267	3	3494707236	3495936140	1228904	5297	3.882426
ERR1203383	PE	2	2	19	116	2	2280652860	2300313700	19660840	84745	1.669272
ERR1203383	PE	2	2	20	123	3	2418278508	2437939348	19660840	84745	1.775041
ERR1203383	PE	2	2	21	130	4	2555904156	2575564996	19660840	84745	2.03333
ERR1203383	PE	2	2	22	137	5	2693529804	2713190412	19660608	84744	1.55084
ERR1203383	PE	2	2	23	138	0	2713190412	2732851252	19660840	84745	1.683564
ERR1203383	PE	2	2	24	145	1	2850816060	2870476900	19660840	84745	1.519427
ERR1203383	PE	2	2	25	152	2	2988441708	3008102548	19660840	84745	1.681347
ERR1203383	PE	2	2	26	159	3	3126067356	3145728196	19660840	84745	1.798052
ERR1203383	PE	2	2	27	166	4	3175219340	3180134492	4915152	21186	0.470702
ERR1203383	PE	2	2	28	173	5	3209625636	3214541020	4915384	21187	0.404177
ERR1203383	PE	2	2	29	174	0	3214541020	3219456172	4915152	21186	0.351393
ERR1203383	PE	2	2	30	181	1	3248947316	3253862468	4915152	21186	0.485017
ERR1203383	PE	2	2	31	188	2	3283353612	3288268996	4915384	21187	0.42773
ERR1203383	PE	2	2	32	195	3	3317760140	3322675292	4915152	21186	0.486058
ERR1203383	PE	2	2	33	202	4	3352166436	3357081820	4915384	21187	0.620885
ERR1203383	PE	2	2	34	209	5	3386572964	3391488116	4915152	21186	3.232882
ERR1203383	PE	2	2	35	234	0	3454156884	3455385788	1228904	5297	0.246171
ERR1203383	PE	2	2	36	241	1	3462758516	3463987420	1228904	5297	0.26284
ERR1203383	PE	2	2	37	248	2	3471360148	3472588820	1228672	5296	0.344846
ERR1203383	PE	2	2	38	255	3	3479961780	3481190452	1228672	5296	5.013534
ERR1203383	PE	2	2	39	268	4	3495936140	3497164812	1228672	5296	3.564627
ERR1203383	PE	2	2	19	117	3	2300313700	2319974540	19660840	84745	1.785384
ERR1203383	PE	2	2	20	124	4	2437939348	2457600188	19660840	84745	1.482396
ERR1203383	PE	2	2	21	131	5	2575564996	2595225604	19660608	84744	1.76705
ERR1203383	PE	2	2	22	132	0	2595225604	2614886444	19660840	84745	1.912741
ERR1203383	PE	2	2	23	139	1	2732851252	2752512092	19660840	84745	1.877679
ERR1203383	PE	2	2	24	146	2	2870476900	2890137740	19660840	84745	1.983609
ERR1203383	PE	2	2	25	153	3	3008102548	3027763388	19660840	84745	2.155012
ERR1203383	PE	2	2	26	160	4	3145728196	3150643348	4915152	21186	0.611973
ERR1203383	PE	2	2	27	167	5	3180134492	3185049644	4915152	21186	0.552564
ERR1203383	PE	2	2	28	168	0	3185049644	3189965028	4915384	21187	0.531485
ERR1203383	PE	2	2	29	175	1	3219456172	3224371324	4915152	21186	0.694321
ERR1203383	PE	2	2	30	182	2	3253862468	3258777620	4915152	21186	0.490204
ERR1203383	PE	2	2	31	189	3	3288268996	3293184148	4915152	21186	0.477254
ERR1203383	PE	2	2	32	196	4	3322675292	3327590444	4915152	21186	0.620011
ERR1203383	PE	2	2	33	203	5	3357081820	3361996972	4915152	21186	0.721824
ERR1203383	PE	2	2	34	204	0	3361996972	3366912124	4915152	21186	0.633923
ERR1203383	PE	2	2	35	211	1	3396403268	3401318420	4915152	21186	0.511057
ERR1203383	PE	2	2	36	218	2	3430809796	3435724948	4915152	21186	0.640813
ERR1203383	PE	2	2	37	225	3	3443097676	3444326580	1228904	5297	0.238739
ERR1203383	PE	2	2	38	232	4	3451699308	3452928212	1228904	5297	0.219449
ERR1203383	PE	2	2	39	239	5	3460300940	3461529612	1228672	5296	0.136221
ERR1203383	PE	2	2	40	240	0	3461529612	3462758516	1228904	5297	0.129495
ERR1203383	PE	2	2	41	247	1	3470131244	3471360148	1228904	5297	0.256027
ERR1203383	PE	2	2	42	254	2	3478732876	3479961780	1228904	5297	0.990749
ERR1203383	PE	2	2	43	261	3	3487334508	3488563412	1228904	5297	2.610234
ERR1203383	PE	2	2	44	262	4	3488563412	3489792084	1228672	5296	3.793079
ERR1203383	PE	2	3	0	3	3	58982556	78643260	19660704	87771	2.2432
ERR1203383	PE	2	3	1	10	4	196608156	216268860	19660704	87771	1.634046
ERR1203383	PE	2	3	2	17	5	334233624	353894520	19660896	86232	1.672995
ERR1203383	PE	2	3	3	18	0	353894520	373555416	19660896	86232	1.842872
ERR1203383	PE	2	3	4	25	1	491520108	511181004	19660896	86232	1.6126
ERR1203383	PE	2	3	5	32	2	629145696	648806592	19660896	86232	1.443604
ERR1203383	PE	2	3	6	39	3	766771284	786432180	19660896	86232	1.73068
ERR1203383	PE	2	3	7	46	4	904396872	924057768	19660896	86232	2.217416
ERR1203383	PE	2	3	8	53	5	1042022460	1061683356	19660896	86232	1.938361
ERR1203383	PE	2	3	9	54	0	1061683356	1081344024	19660668	86231	1.693875
ERR1203383	PE	2	3	10	61	1	1199308944	1218969612	19660668	86231	2.024424
ERR1203383	PE	2	3	11	68	2	1336934532	1356595200	19660668	86231	1.795612
ERR1203383	PE	2	3	12	75	3	1474560120	1494221016	19660896	86232	3.359639
ERR1203383	PE	2	3	13	82	4	1612185708	1631846604	19660896	86232	1.862946
ERR1203383	PE	2	3	14	89	5	1749811296	1769472192	19660896	86232	1.707198
ERR1203383	PE	2	3	15	90	0	1769472192	1789132860	19660668	86231	1.788944
ERR1203383	PE	2	3	16	97	1	1907097780	1926758448	19660668	86231	1.656728
ERR1203383	PE	2	3	17	104	2	2044723368	2064384036	19660668	86231	1.66403
ERR1203383	PE	2	3	18	111	3	2182348956	2202009624	19660668	86231	1.721824
ERR1203383	PE	2	3	19	118	4	2319974540	2339635380	19660840	84745	2.068112
ERR1203383	PE	2	3	20	125	5	2457600188	2477261028	19660840	84745	1.834898
ERR1203383	PE	2	3	21	126	0	2477261028	2496921636	19660608	84744	1.684438
ERR1203383	PE	2	3	22	133	1	2614886444	2634547284	19660840	84745	1.678352
ERR1203383	PE	2	3	23	140	2	2752512092	2772172932	19660840	84745	1.667986
ERR1203383	PE	2	3	24	147	3	2890137740	2909798580	19660840	84745	1.99911
ERR1203383	PE	2	3	25	154	4	3027763388	3047424228	19660840	84745	1.663262
ERR1203383	PE	2	3	26	161	5	3150643348	3155558500	4915152	21186	0.549073
ERR1203383	PE	2	3	27	162	0	3155558500	3160473652	4915152	21186	0.532532
ERR1203383	PE	2	3	28	169	1	3189965028	3194880180	4915152	21186	0.412232
ERR1203383	PE	2	3	29	176	2	3224371324	3229286476	4915152	21186	0.741138
ERR1203383	PE	2	3	30	183	3	3258777620	3263693004	4915384	21187	0.484363
ERR1203383	PE	2	3	31	190	4	3293184148	3298099300	4915152	21186	0.513173
ERR1203383	PE	2	3	32	197	5	3327590444	3332505828	4915384	21187	0.397141
ERR1203383	PE	2	3	33	198	0	3332505828	3337420980	4915152	21186	0.666833
ERR1203383	PE	2	3	34	205	1	3366912124	3371827276	4915152	21186	0.497915
ERR1203383	PE	2	3	35	212	2	3401318420	3406233804	4915384	21187	0.779532
ERR1203383	PE	2	3	36	219	3	3435724948	3436953620	1228672	5296	0.422913
ERR1203383	PE	2	3	37	226	4	3444326580	3445555252	1228672	5296	0.133339
ERR1203383	PE	2	3	38	233	5	3452928212	3454156884	1228672	5296	0.288306
ERR1203383	PE	2	3	39	228	0	3446784156	3448012828	1228672	5296	0.29548
ERR1203383	PE	2	3	40	235	1	3455385788	3456614460	1228672	5296	0.211087
ERR1203383	PE	2	3	41	242	2	3463987420	3465216092	1228672	5296	0.264848
ERR1203383	PE	2	3	42	249	3	3472588820	3473817724	1228904	5297	0.328223
ERR1203383	PE	2	3	43	256	4	3481190452	3482419356	1228904	5297	1.346659
ERR1203383	PE	2	3	44	263	5	3489792084	3491020988	1228904	5297	3.218966
ERR1203383	PE	2	3	45	264	0	3491020988	3492249660	1228672	5296	2.962613
ERR1203383	PE	2	4	0	4	4	78643260	98304188	19660928	87772	2.171791
ERR1203383	PE	2	4	1	11	5	216268860	235929600	19660740	86802	1.704544
ERR1203383	PE	2	4	2	12	0	235929600	255590496	19660896	86232	1.806435
ERR1203383	PE	2	4	3	19	1	373555416	393216084	19660668	86231	1.951821
ERR1203383	PE	2	4	4	26	2	511181004	530841672	19660668	86231	1.953712
ERR1203383	PE	2	4	5	33	3	648806592	668467260	19660668	86231	1.700837
ERR1203383	PE	2	4	6	40	4	786432180	806092848	19660668	86231	1.922063
ERR1203383	PE	2	4	7	47	5	924057768	943718436	19660668	86231	2.122535
ERR1203383	PE	2	4	8	48	0	943718436	963379332	19660896	86232	2.088065
ERR1203383	PE	2	4	9	55	1	1081344024	1101004920	19660896	86232	1.857745
ERR1203383	PE	2	4	10	62	2	1218969612	1238630508	19660896	86232	1.781895
ERR1203383	PE	2	4	11	69	3	1356595200	1376256096	19660896	86232	1.847929
ERR1203383	PE	2	4	12	76	4	1494221016	1513881684	19660668	86231	2.215208
ERR1203383	PE	2	4	13	83	5	1631846604	1651507272	19660668	86231	1.662223
ERR1203383	PE	2	4	14	84	0	1651507272	1671168168	19660896	86232	1.5566
ERR1203383	PE	2	4	15	91	1	1789132860	1808793756	19660896	86232	1.621193
ERR1203383	PE	2	4	16	98	2	1926758448	1946419344	19660896	86232	1.422462
ERR1203383	PE	2	4	17	105	3	2064384036	2084044932	19660896	86232	1.977624
ERR1203383	PE	2	5	0	5	5	98304188	117964892	19660704	87771	2.380641
ERR1203383	PE	2	5	1	6	0	117964892	137625820	19660928	87772	2.104636
ERR1203383	PE	2	5	2	13	1	255590496	275251392	19660896	86232	1.73958
ERR1203383	PE	2	5	3	20	2	393216084	412876980	19660896	86232	1.75002
ERR1203383	PE	2	5	4	27	3	530841672	550502568	19660896	86232	1.755422
ERR1203383	PE	2	5	5	34	4	668467260	688128156	19660896	86232	2.395573
ERR1203383	PE	2	5	6	41	5	806092848	825753744	19660896	86232	2.087431
ERR1203383	PE	2	5	7	42	0	825753744	845414412	19660668	86231	2.057622
ERR1203383	PE	2	5	8	49	1	963379332	983040000	19660668	86231	1.973747
ERR1203383	PE	2	5	9	56	2	1101004920	1120665816	19660896	86232	1.717991
ERR1203383	PE	2	5	10	63	3	1238630508	1258291404	19660896	86232	1.880533
ERR1203383	PE	2	5	11	70	4	1376256096	1395916992	19660896	86232	1.888125
ERR1203383	PE	2	5	12	77	5	1513881684	1533542580	19660896	86232	2.031264
ERR1203383	PE	2	5	13	78	0	1533542580	1553203248	19660668	86231	1.598365
ERR1203383	PE	2	5	14	85	1	1671168168	1690828836	19660668	86231	1.594865
ERR1203383	PE	2	5	15	92	2	1808793756	1828454424	19660668	86231	1.787683
ERR1203383	PE	2	5	16	99	3	1946419344	1966080012	19660668	86231	1.582312
ERR1203383	PE	2	5	17	106	4	2084044932	2103705600	19660668	86231	1.633493
ERR1203383	PE	2	-1	19	119	5	2339635380	2359296220	19660840	84745	1.765878
ERR1203383	PE	2	-1	20	120	0	2359296220	2378956828	19660608	84744	1.765031
ERR1203383	PE	2	-1	21	127	1	2496921636	2516582476	19660840	84745	1.793887
ERR1203383	PE	2	-1	22	134	2	2634547284	2654208124	19660840	84745	1.591095
ERR1203383	PE	2	-1	23	141	3	2772172932	2791833772	19660840	84745	1.525778
ERR1203383	PE	2	-1	24	148	4	2909798580	2929459420	19660840	84745	2.005389
ERR1203383	PE	2	-1	25	155	5	3047424228	3067084836	19660608	84744	1.645502
ERR1203383	PE	2	-1	26	156	0	3067084836	3086745676	19660840	84745	1.596796
ERR1203383	PE	2	-1	27	163	1	3160473652	3165388804	4915152	21186	0.516521
ERR1203383	PE	2	-1	28	170	2	3194880180	3199795332	4915152	21186	0.540703
ERR1203383	PE	2	-1	29	177	3	3229286476	3234201628	4915152	21186	0.481114
ERR1203383	PE	2	-1	30	184	4	3263693004	3268608156	4915152	21186	0.509036
ERR1203383	PE	2	-1	31	191	5	3298099300	3303014452	4915152	21186	0.413028
ERR1203383	PE	2	-1	32	192	0	3303014452	3307929604	4915152	21186	0.475339
ERR1203383	PE	2	-1	33	199	1	3337420980	3342336132	4915152	21186	0.712454
ERR1203383	PE	2	-1	34	206	2	3371827276	3376742428	4915152	21186	0.524796
ERR1203383	PE	2	-1	35	213	3	3406233804	3411148956	4915152	21186	0.860394
ERR1203383	PE	2	-1	36	220	4	3436953620	3438182524	1228904	5297	0.2319
ERR1203383	PE	2	-1	37	227	5	3445555252	3446784156	1228904	5297	0.237231
ERR1203383	PE	2	-1	38	222	0	3439411428	3440640100	1228672	5296	0.300887
ERR1203383	PE	2	-1	39	229	1	3448012828	3449241732	1228904	5297	0.263175
ERR1203383	PE	2	-1	40	236	2	3456614460	3457843364	1228904	5297	0.179226
ERR1203383	PE	2	-1	41	237	3	3457843364	3459072036	1228672	5296	0.11851
ERR1203383	PE	2	-1	42	238	4	3459072036	3460300940	1228904	5297	0.125172
ERR1203383	PE	2	-1	43	245	5	3467673668	3468902572	1228904	5297	1.986986
ERR1203383	PE	2	-1	44	258	0	3483648028	3484876932	1228904	5297	1.255109
ERR1203383	PE	2	-1	45	265	1	3492249660	3493478564	1228904	5297	3.323962
ERR1203383	PE	2	-1	46	270	0	3498393716	3499281348	887632	3826	1.075358
ERR1203383	PE	2	-1	19	114	0	2241331416	2260992084	19660668	86231	2.056849
ERR1203383	PE	2	-1	20	121	1	2378956828	2398617668	19660840	84745	1.605732
ERR1203383	PE	2	-1	21	128	2	2516582476	2536243316	19660840	84745	1.806022
ERR1203383	PE	2	-1	22	135	3	2654208124	2673868964	19660840	84745	1.777124
ERR1203383	PE	2	-1	23	142	4	2791833772	2811494612	19660840	84745	1.701992
ERR1203383	PE	2	-1	24	149	5	2929459420	2949120028	19660608	84744	1.635514
ERR1203383	PE	2	-1	25	150	0	2949120028	2968780868	19660840	84745	1.651582
ERR1203383	PE	2	-1	26	157	1	3086745676	3106406516	19660840	84745	1.618166
ERR1203383	PE	2	-1	27	164	2	3165388804	3170304188	4915384	21187	0.519433
ERR1203383	PE	2	-1	28	171	3	3199795332	3204710484	4915152	21186	0.602403
ERR1203383	PE	2	-1	29	178	4	3234201628	3239117012	4915384	21187	0.545651
ERR1203383	PE	2	-1	30	185	5	3268608156	3273523308	4915152	21186	0.46019
ERR1203383	PE	2	-1	31	186	0	3273523308	3278438460	4915152	21186	0.519488
ERR1203383	PE	2	-1	32	193	1	3307929604	3312844988	4915384	21187	0.440987
ERR1203383	PE	2	-1	33	200	2	3342336132	3347251284	4915152	21186	0.570106
ERR1203383	PE	2	-1	34	207	3	3376742428	3381657812	4915384	21187	0.605283
ERR1203383	PE	2	-1	35	214	4	3411148956	3416064108	4915152	21186	0.561679
ERR1203383	PE	2	-1	36	221	5	3438182524	3439411428	1228904	5297	0.182737
ERR1203383	PE	2	-1	37	216	0	3420979260	3425894412	4915152	21186	0.542545
ERR1203383	PE	2	-1	38	223	1	3440640100	3441869004	1228904	5297	0.254668
ERR1203383	PE	2	-1	39	224	2	3441869004	3443097676	1228672	5296	0.218344
ERR1203383	PE	2	-1	40	231	3	3450470404	3451699308	1228904	5297	0.313129
ERR1203383	PE	2	-1	41	244	4	3466444996	3467673668	1228672	5296	0.118547
ERR1203383	PE	2	-1	42	251	5	3475046628	3476275300	1228672	5296	0.858095
ERR1203383	PE	2	-1	43	246	0	3468902572	3470131244	1228672	5296	0.392703
ERR1203383	PE	2	-1	44	259	1	3484876932	3486105604	1228672	5296	1.985474
ERR1203383	PE	2	-1	45	266	2	3493478564	3494707236	1228672	5296	3.056981
ERR1203383	PE	2	-1	46	269	5	3497164812	3498393716	1228904	5297	2.000951
ERR1203383	PE	3	0	0	0	0	0	19660976	19660976	89570	2.195375
ERR1203383	PE	3	0	1	7	1	137625820	157286524	19660704	87771	1.876773
ERR1203383	PE	3	0	2	14	2	275251392	294912060	19660668	86231	1.779908
ERR1203383	PE	3	0	3	21	3	412876980	432537648	19660668	86231	2.088916
ERR1203383	PE	3	0	4	28	4	550502568	570163236	19660668	86231	1.735653
ERR1203383	PE	3	0	5	35	5	688128156	707788824	19660668	86231	1.769612
ERR1203383	PE	3	0	6	36	0	707788824	727449720	19660896	86232	1.822521
ERR1203383	PE	3	0	7	43	1	845414412	865075308	19660896	86232	2.079467
ERR1203383	PE	3	0	8	50	2	983040000	1002700896	19660896	86232	2.214011
ERR1203383	PE	3	0	9	57	3	1120665816	1140326484	19660668	86231	1.52998
ERR1203383	PE	3	0	10	64	4	1258291404	1277952072	19660668	86231	1.860061
ERR1203383	PE	3	0	11	71	5	1395916992	1415577660	19660668	86231	1.872077
ERR1203383	PE	3	0	12	72	0	1415577660	1435238556	19660896	86232	1.696368
ERR1203383	PE	3	0	13	79	1	1553203248	1572864144	19660896	86232	2.074906
ERR1203383	PE	3	0	14	86	2	1690828836	1710489732	19660896	86232	1.968562
ERR1203383	PE	3	0	15	93	3	1828454424	1848115320	19660896	86232	1.533567
ERR1203383	PE	3	0	16	100	4	1966080012	1985740908	19660896	86232	1.937933
ERR1203383	PE	3	0	17	107	5	2103705600	2123366496	19660896	86232	1.564565
ERR1203383	PE	3	0	18	108	0	2123366496	2143027392	19660896	86232	1.691489
ERR1203383	PE	3	0	19	115	1	2260992084	2280652860	19660776	85846	2.147273
ERR1203383	PE	3	0	20	122	2	2398617668	2418278508	19660840	84745	2.090277
ERR1203383	PE	3	0	21	129	3	2536243316	2555904156	19660840	84745	1.405731
ERR1203383	PE	3	0	22	136	4	2673868964	2693529804	19660840	84745	1.77982
ERR1203383	PE	3	0	23	143	5	2811494612	2831155220	19660608	84744	1.73136
ERR1203383	PE	3	0	24	144	0	2831155220	2850816060	19660840	84745	1.630878
ERR1203383	PE	3	0	25	151	1	2968780868	2988441708	19660840	84745	1.78347
ERR1203383	PE	3	0	26	158	2	3106406516	3126067356	19660840	84745	1.9605
ERR1203383	PE	3	0	27	171	3	3199795332	3204710484	4915152	21186	0.599102
ERR1203383	PE	3	0	28	178	4	3234201628	3239117012	4915384	21187	0.551309
ERR1203383	PE	3	0	29	185	5	3268608156	3273523308	4915152	21186	0.463882
ERR1203383	PE	3	0	30	186	0	3273523308	3278438460	4915152	21186	0.523804
ERR1203383	PE	3	0	31	193	1	3307929604	3312844988	4915384	21187	0.436754
ERR1203383	PE	3	0	32	200	2	3342336132	3347251284	4915152	21186	0.573201
ERR1203383	PE	3	0	33	207	3	3376742428	3381657812	4915384	21187	0.608545
ERR1203383	PE	3	0	34	214	4	3411148956	3416064108	4915152	21186	0.569375
ERR1203383	PE	3	0	35	221	5	3438182524	3439411428	1228904	5297	0.182227
ERR1203383	PE	3	0	36	216	0	3420979260	3425894412	4915152	21186	0.541084
ERR1203383	PE	3	0	37	229	1	3448012828	3449241732	1228904	5297	0.256648
ERR1203383	PE	3	0	38	230	2	3449241732	3450470404	1228672	5296	0.372497
ERR1203383	PE	3	0	39	243	3	3465216092	3466444996	1228904	5297	0.155052
ERR1203383	PE	3	0	40	250	4	3473817724	3475046628	1228904	5297	0.226963
ERR1203383	PE	3	0	41	257	5	3482419356	3483648028	1228672	5296	0.523168
ERR1203383	PE	3	0	42	252	0	3476275300	3477504204	1228904	5297	0.287232
ERR1203383	PE	3	0	43	253	1	3477504204	3478732876	1228672	5296	0.286982
ERR1203383	PE	3	0	44	260	2	3486105604	3487334508	1228904	5297	4.607244
ERR1203383	PE	3	0	45	267	3	3494707236	3495936140	1228904	5297	3.873346
ERR1203383	PE	3	1	0	1	1	19660976	39321628	19660652	87957	2.361344
ERR1203383	PE	3	1	1	8	2	157286524	176947228	19660704	87771	2.166777
ERR1203383	PE	3	1	2	15	3	294912060	314572956	19660896	86232	1.692636
ERR1203383	PE	3	1	3	22	4	432537648	452198544	19660896	86232	1.850145
ERR1203383	PE	3	1	4	29	5	570163236	589824132	19660896	86232	1.753033
ERR1203383	PE	3	1	5	30	0	589824132	609484800	19660668	86231	2.012647
ERR1203383	PE	3	1	6	37	1	727449720	747110616	19660896	86232	1.898381
ERR1203383	PE	3	1	7	44	2	865075308	884736204	19660896	86232	2.082462
ERR1203383	PE	3	1	8	51	3	1002700896	1022361792	19660896	86232	1.982518
ERR1203383	PE	3	1	9	58	4	1140326484	1159987380	19660896	86232	1.616442
ERR1203383	PE	3	1	10	65	5	1277952072	1297612968	19660896	86232	2.063739
ERR1203383	PE	3	1	11	66	0	1297612968	1317273636	19660668	86231	2.373796
ERR1203383	PE	3	1	12	73	1	1435238556	1454899224	19660668	86231	2.036664
ERR1203383	PE	3	1	13	80	2	1572864144	1592524812	19660668	86231	1.951029
ERR1203383	PE	3	1	14	87	3	1710489732	1730150400	19660668	86231	2.109371
ERR1203383	PE	3	1	15	94	4	1848115320	1867776216	19660896	86232	1.571746
ERR1203383	PE	3	1	16	101	5	1985740908	2005401804	19660896	86232	1.842001
ERR1203383	PE	3	1	17	102	0	2005401804	2025062472	19660668	86231	1.570888
ERR1203383	PE	3	2	0	2	2	39321628	58982556	19660928	87772	2.316251
ERR1203383	PE	3	2	1	9	3	176947228	196608156	19660928	87772	2.075852
ERR1203383	PE	3	2	2	16	4	314572956	334233624	19660668	86231	1.821626
ERR1203383	PE	3	2	3	23	5	452198544	471859212	19660668	86231	2.179104
ERR1203383	PE	3	2	4	24	0	471859212	491520108	19660896	86232	1.791089
ERR1203383	PE	3	2	5	31	1	609484800	629145696	19660896	86232	1.581611
ERR1203383	PE	3	2	6	38	2	747110616	766771284	19660668	86231	1.947657
ERR1203383	PE	3	2	7	45	3	884736204	904396872	19660668	86231	2.112861
ERR1203383	PE	3	2	8	52	4	1022361792	1042022460	19660668	86231	1.608673
ERR1203383	PE	3	2	9	59	5	1159987380	1179648048	19660668	86231	2.223629
ERR1203383	PE	3	2	10	60	0	1179648048	1199308944	19660896	86232	2.121591
ERR1203383	PE	3	2	11	67	1	1317273636	1336934532	19660896	86232	2.27401
ERR1203383	PE	3	2	12	74	2	1454899224	1474560120	19660896	86232	1.813069
ERR1203383	PE	3	2	13	81	3	1592524812	1612185708	19660896	86232	2.249739
ERR1203383	PE	3	2	14	88	4	1730150400	1749811296	19660896	86232	2.078362
ERR1203383	PE	3	2	15	95	5	1867776216	1887436884	19660668	86231	1.913642
ERR1203383	PE	3	2	16	96	0	1887436884	1907097780	19660896	86232	1.80795
ERR1203383	PE	3	2	17	103	1	2025062472	2044723368	19660896	86232	1.683332
ERR1203383	PE	3	2	18	110	1	2143027392	2162688060	19660668	86231	2.052945
ERR1203383	PE	3	2	19	116	2	2280652860	2300313700	19660840	84745	1.658156
ERR1203383	PE	3	2	20	123	3	2418278508	2437939348	19660840	84745	1.77585
ERR1203383	PE	3	2	21	130	4	2555904156	2575564996	19660840	84745	2.015448
ERR1203383	PE	3	2	22	137	5	2693529804	2713190412	19660608	84744	1.551614
ERR1203383	PE	3	2	23	138	0	2713190412	2732851252	19660840	84745	1.692283
ERR1203383	PE	3	2	24	145	1	2850816060	2870476900	19660840	84745	1.509782
ERR1203383	PE	3	2	25	152	2	2988441708	3008102548	19660840	84745	1.671696
ERR1203383	PE	3	2	26	159	3	3126067356	3145728196	19660840	84745	1.797977
ERR1203383	PE	3	2	27	166	4	3175219340	3180134492	4915152	21186	0.467047
ERR1203383	PE	3	2	28	173	5	3209625636	3214541020	4915384	21187	0.404128
ERR1203383	PE	3	2	29	174	0	3214541020	3219456172	4915152	21186	0.354018
ERR1203383	PE	3	2	30	181	1	3248947316	3253862468	4915152	21186	0.486563
ERR1203383	PE	3	2	31	188	2	3283353612	3288268996	4915384	21187	0.427256
ERR1203383	PE	3	2	32	195	3	3317760140	3322675292	4915152	21186	0.472533
ERR1203383	PE	3	2	33	202	4	3352166436	3357081820	4915384	21187	0.611177
ERR1203383	PE	3	2	34	209	5	3386572964	3391488116	4915152	21186	3.24329
ERR1203383	PE	3	2	35	240	0	3461529612	3462758516	1228904	5297	0.132178
ERR1203383	PE	3	2	36	241	1	3462758516	3463987420	1228904	5297	0.249599
ERR1203383	PE	3	2	37	248	2	3471360148	3472588820	1228672	5296	0.347408
ERR1203383	PE	3	2	38	255	3	3479961780	3481190452	1228672	5296	5.013851
ERR1203383	PE	3	2	39	268	4	3495936140	3497164812	1228672	5296	3.569509
ERR1203383	PE	3	2	19	117	3	2300313700	2319974540	19660840	84745	1.788792
ERR1203383	PE	3	2	20	124	4	2437939348	2457600188	19660840	84745	1.474137
ERR1203383	PE	3	2	21	131	5	2575564996	2595225604	19660608	84744	1.769645
ERR1203383	PE	3	2	22	132	0	2595225604	2614886444	19660840	84745	1.888127
ERR1203383	PE	3	2	23	139	1	2732851252	2752512092	19660840	84745	1.879664
ERR1203383	PE	3	2	24	146	2	2870476900	2890137740	19660840	84745	1.972006
ERR1203383	PE	3	2	25	153	3	3008102548	3027763388	19660840	84745	2.159103
ERR1203383	PE	3	2	26	160	4	3145728196	3150643348	4915152	21186	0.603798
ERR1203383	PE	3	2	27	167	5	3180134492	3185049644	4915152	21186	0.552752
ERR1203383	PE	3	2	28	168	0	3185049644	3189965028	4915384	21187	0.519929
ERR1203383	PE	3	2	29	175	1	3219456172	3224371324	4915152	21186	0.689563
ERR1203383	PE	3	2	30	182	2	3253862468	3258777620	4915152	21186	0.490274
ERR1203383	PE	3	2	31	189	3	3288268996	3293184148	4915152	21186	0.485479
ERR1203383	PE	3	2	32	196	4	3322675292	3327590444	4915152	21186	0.611016
ERR1203383	PE	3	2	33	203	5	3357081820	3361996972	4915152	21186	0.721316
ERR1203383	PE	3	2	34	204	0	3361996972	3366912124	4915152	21186	0.642161
ERR1203383	PE	3	2	35	211	1	3396403268	3401318420	4915152	21186	0.500705
ERR1203383	PE	3	2	36	218	2	3430809796	3435724948	4915152	21186	0.644539
ERR1203383	PE	3	2	37	225	3	3443097676	3444326580	1228904	5297	0.23612
ERR1203383	PE	3	2	38	232	4	3451699308	3452928212	1228904	5297	0.223686
ERR1203383	PE	3	2	39	239	5	3460300940	3461529612	1228672	5296	0.136037
ERR1203383	PE	3	2	40	234	0	3454156884	3455385788	1228904	5297	0.252881
ERR1203383	PE	3	2	41	247	1	3470131244	3471360148	1228904	5297	0.254945
ERR1203383	PE	3	2	42	254	2	3478732876	3479961780	1228904	5297	0.988542
ERR1203383	PE	3	2	43	261	3	3487334508	3488563412	1228904	5297	2.612766
ERR1203383	PE	3	2	44	262	4	3488563412	3489792084	1228672	5296	3.784886
ERR1203383	PE	3	3	0	3	3	58982556	78643260	19660704	87771	2.238953
ERR1203383	PE	3	3	1	10	4	196608156	216268860	19660704	87771	1.630628
ERR1203383	PE	3	3	2	17	5	334233624	353894520	19660896	86232	1.669794
ERR1203383	PE	3	3	3	18	0	353894520	373555416	19660896	86232	1.830861
ERR1203383	PE	3	3	4	25	1	491520108	511181004	19660896	86232	1.618645
ERR1203383	PE	3	3	5	32	2	629145696	648806592	19660896	86232	1.455503
ERR1203383	PE	3	3	6	39	3	766771284	786432180	19660896	86232	1.732113
ERR1203383	PE	3	3	7	46	4	904396872	924057768	19660896	86232	2.215291
ERR1203383	PE	3	3	8	53	5	1042022460	1061683356	19660896	86232	1.923867
ERR1203383	PE	3	3	9	54	0	1061683356	1081344024	19660668	86231	1.702728
ERR1203383	PE	3	3	10	61	1	1199308944	1218969612	19660668	86231	2.018784
ERR1203383	PE	3	3	11	68	2	1336934532	1356595200	19660668	86231	1.794891
ERR1203383	PE	3	3	12	75	3	1474560120	1494221016	19660896	86232	3.340877
ERR1203383	PE	3	3	13	82	4	1612185708	1631846604	19660896	86232	1.872165
ERR1203383	PE	3	3	14	89	5	1749811296	1769472192	19660896	86232	1.709491
ERR1203383	PE	3	3	15	90	0	1769472192	1789132860	19660668	86231	1.786793
ERR1203383	PE	3	3	16	97	1	1907097780	1926758448	19660668	86231	1.658112
ERR1203383	PE	3	3	17	104	2	2044723368	2064384036	19660668	86231	1.646318
ERR1203383	PE	3	3	18	111	3	2182348956	2202009624	19660668	86231	1.706768
ERR1203383	PE	3	3	19	118	4	2319974540	2339635380	19660840	84745	2.076384
ERR1203383	PE	3	3	20	125	5	2457600188	2477261028	19660840	84745	1.832359
ERR1203383	PE	3	3	21	126	0	2477261028	2496921636	19660608	84744	1.686603
ERR1203383	PE	3	3	22	133	1	2614886444	2634547284	19660840	84745	1.686271
ERR1203383	PE	3	3	23	140	2	2752512092	2772172932	19660840	84745	1.684208
ERR1203383	PE	3	3	24	147	3	2890137740	2909798580	19660840	84745	1.997405
ERR1203383	PE	3	3	25	154	4	3027763388	3047424228	19660840	84745	1.662206
ERR1203383	PE	3	3	26	161	5	3150643348	3155558500	4915152	21186	0.543941
ERR1203383	PE	3	3	27	162	0	3155558500	3160473652	4915152	21186	0.534644
ERR1203383	PE	3	3	28	163	1	3160473652	3165388804	4915152	21186	0.507644
ERR1203383	PE	3	3	29	170	2	3194880180	3199795332	4915152	21186	0.544982
ERR1203383	PE	3	3	30	177	3	3229286476	3234201628	4915152	21186	0.484773
ERR1203383	PE	3	3	31	184	4	3263693004	3268608156	4915152	21186	0.512825
ERR1203383	PE	3	3	32	191	5	3298099300	3303014452	4915152	21186	0.409908
ERR1203383	PE	3	3	33	192	0	3303014452	3307929604	4915152	21186	0.485352
ERR1203383	PE	3	3	34	199	1	3337420980	3342336132	4915152	21186	0.702444
ERR1203383	PE	3	3	35	206	2	3371827276	3376742428	4915152	21186	0.517911
ERR1203383	PE	3	3	36	213	3	3406233804	3411148956	4915152	21186	0.856962
ERR1203383	PE	3	3	37	220	4	3436953620	3438182524	1228904	5297	0.228262
ERR1203383	PE	3	3	38	227	5	3445555252	3446784156	1228904	5297	0.236929
ERR1203383	PE	3	3	39	222	0	3439411428	3440640100	1228672	5296	0.299258
ERR1203383	PE	3	3	40	223	1	3440640100	3441869004	1228904	5297	0.258659
ERR1203383	PE	3	3	41	224	2	3441869004	3443097676	1228672	5296	0.220777
ERR1203383	PE	3	3	42	231	3	3450470404	3451699308	1228904	5297	0.316717
ERR1203383	PE	3	3	43	238	4	3459072036	3460300940	1228904	5297	0.134607
ERR1203383	PE	3	3	44	245	5	3467673668	3468902572	1228904	5297	1.988317
ERR1203383	PE	3	3	45	258	0	3483648028	3484876932	1228904	5297	1.254958
ERR1203383	PE	3	3	46	265	1	3492249660	3493478564	1228904	5297	3.334153
ERR1203383	PE	3	3	47	270	0	3498393716	3499281348	887632	3826	1.076248
ERR1203383	PE	3	4	0	4	4	78643260	98304188	19660928	87772	2.174153
ERR1203383	PE	3	4	1	11	5	216268860	235929600	19660740	86802	1.716155
ERR1203383	PE	3	4	2	12	0	235929600	255590496	19660896	86232	1.810824
ERR1203383	PE	3	4	3	19	1	373555416	393216084	19660668	86231	1.941385
ERR1203383	PE	3	4	4	26	2	511181004	530841672	19660668	86231	1.959034
ERR1203383	PE	3	4	5	33	3	648806592	668467260	19660668	86231	1.700864
ERR1203383	PE	3	4	6	40	4	786432180	806092848	19660668	86231	1.915997
ERR1203383	PE	3	4	7	47	5	924057768	943718436	19660668	86231	2.112478
ERR1203383	PE	3	4	8	48	0	943718436	963379332	19660896	86232	2.094203
ERR1203383	PE	3	4	9	55	1	1081344024	1101004920	19660896	86232	1.863017
ERR1203383	PE	3	4	10	62	2	1218969612	1238630508	19660896	86232	1.783368
ERR1203383	PE	3	4	11	69	3	1356595200	1376256096	19660896	86232	1.841524
ERR1203383	PE	3	4	12	76	4	1494221016	1513881684	19660668	86231	2.215594
ERR1203383	PE	3	4	13	83	5	1631846604	1651507272	19660668	86231	1.672502
ERR1203383	PE	3	4	14	84	0	1651507272	1671168168	19660896	86232	1.565712
ERR1203383	PE	3	4	15	91	1	1789132860	1808793756	19660896	86232	1.614453
ERR1203383	PE	3	4	16	98	2	1926758448	1946419344	19660896	86232	1.415804
ERR1203383	PE	3	4	17	105	3	2064384036	2084044932	19660896	86232	1.988392
ERR1203383	PE	3	5	0	5	5	98304188	117964892	19660704	87771	2.377986
ERR1203383	PE	3	5	1	6	0	117964892	137625820	19660928	87772	2.105592
ERR1203383	PE	3	5	2	13	1	255590496	275251392	19660896	86232	1.7386
ERR1203383	PE	3	5	3	20	2	393216084	412876980	19660896	86232	1.740826
ERR1203383	PE	3	5	4	27	3	530841672	550502568	19660896	86232	1.762048
ERR1203383	PE	3	5	5	34	4	668467260	688128156	19660896	86232	2.393828
ERR1203383	PE	3	5	6	41	5	806092848	825753744	19660896	86232	2.093374
ERR1203383	PE	3	5	7	42	0	825753744	845414412	19660668	86231	2.060761
ERR1203383	PE	3	5	8	49	1	963379332	983040000	19660668	86231	1.962467
ERR1203383	PE	3	5	9	56	2	1101004920	1120665816	19660896	86232	1.733248
ERR1203383	PE	3	5	10	63	3	1238630508	1258291404	19660896	86232	1.874131
ERR1203383	PE	3	5	11	70	4	1376256096	1395916992	19660896	86232	1.888053
ERR1203383	PE	3	5	12	77	5	1513881684	1533542580	19660896	86232	2.021291
ERR1203383	PE	3	5	13	78	0	1533542580	1553203248	19660668	86231	1.58379
ERR1203383	PE	3	5	14	85	1	1671168168	1690828836	19660668	86231	1.603127
ERR1203383	PE	3	5	15	92	2	1808793756	1828454424	19660668	86231	1.79997
ERR1203383	PE	3	5	16	99	3	1946419344	1966080012	19660668	86231	1.597437
ERR1203383	PE	3	5	17	106	4	2084044932	2103705600	19660668	86231	1.641402
ERR1203383	PE	3	-1	19	119	5	2339635380	2359296220	19660840	84745	1.76661
ERR1203383	PE	3	-1	20	120	0	2359296220	2378956828	19660608	84744	1.770181
ERR1203383	PE	3	-1	21	127	1	2496921636	2516582476	19660840	84745	1.784587
ERR1203383	PE	3	-1	22	134	2	2634547284	2654208124	19660840	84745	1.58624
ERR1203383	PE	3	-1	23	141	3	2772172932	2791833772	19660840	84745	1.532202
ERR1203383	PE	3	-1	24	148	4	2909798580	2929459420	19660840	84745	1.994019
ERR1203383	PE	3	-1	25	155	5	3047424228	3067084836	19660608	84744	1.650608
ERR1203383	PE	3	-1	26	156	0	3067084836	3086745676	19660840	84745	1.600067
ERR1203383	PE	3	-1	27	169	1	3189965028	3194880180	4915152	21186	0.413116
ERR1203383	PE	3	-1	28	176	2	3224371324	3229286476	4915152	21186	0.739379
ERR1203383	PE	3	-1	29	183	3	3258777620	3263693004	4915384	21187	0.484181
ERR1203383	PE	3	-1	30	190	4	3293184148	3298099300	4915152	21186	0.504747
ERR1203383	PE	3	-1	31	197	5	3327590444	3332505828	4915384	21187	0.390857
ERR1203383	PE	3	-1	32	198	0	3332505828	3337420980	4915152	21186	0.664154
ERR1203383	PE	3	-1	33	205	1	3366912124	3371827276	4915152	21186	0.496437
ERR1203383	PE	3	-1	34	212	2	3401318420	3406233804	4915384	21187	0.776344
ERR1203383	PE	3	-1	35	219	3	3435724948	3436953620	1228672	5296	0.422561
ERR1203383	PE	3	-1	36	226	4	3444326580	3445555252	1228672	5296	0.132476
ERR1203383	PE	3	-1	37	233	5	3452928212	3454156884	1228672	5296	0.292318
ERR1203383	PE	3	-1	38	228	0	3446784156	3448012828	1228672	5296	0.300262
ERR1203383	PE	3	-1	39	235	1	3455385788	3456614460	1228672	5296	0.21078
ERR1203383	PE	3	-1	40	242	2	3463987420	3465216092	1228672	5296	0.272222
ERR1203383	PE	3	-1	41	249	3	3472588820	3473817724	1228904	5297	0.329015
ERR1203383	PE	3	-1	42	256	4	3481190452	3482419356	1228904	5297	1.349151
ERR1203383	PE	3	-1	43	263	5	3489792084	3491020988	1228904	5297	3.213959
ERR1203383	PE	3	-1	44	264	0	3491020988	3492249660	1228672	5296	2.956553
ERR1203383	PE	3	-1	19	114	0	2241331416	2260992084	19660668	86231	2.058706
ERR1203383	PE	3	-1	20	121	1	2378956828	2398617668	19660840	84745	1.619029
ERR1203383	PE	3	-1	21	128	2	2516582476	2536243316	19660840	84745	1.814804
ERR1203383	PE	3	-1	22	135	3	2654208124	2673868964	19660840	84745	1.774626
ERR1203383	PE	3	-1	23	142	4	2791833772	2811494612	19660840	84745	1.705141
ERR1203383	PE	3	-1	24	149	5	2929459420	2949120028	19660608	84744	1.637533
ERR1203383	PE	3	-1	25	150	0	2949120028	2968780868	19660840	84745	1.662115
ERR1203383	PE	3	-1	26	157	1	3086745676	3106406516	19660840	84745	1.631455
ERR1203383	PE	3	-1	27	164	2	3165388804	3170304188	4915384	21187	0.517539
ERR1203383	PE	3	-1	28	165	3	3170304188	3175219340	4915152	21186	0.423421
ERR1203383	PE	3	-1	29	172	4	3204710484	3209625636	4915152	21186	0.454092
ERR1203383	PE	3	-1	30	179	5	3239117012	3244032164	4915152	21186	0.587238
ERR1203383	PE	3	-1	31	180	0	3244032164	3248947316	4915152	21186	0.438214
ERR1203383	PE	3	-1	32	187	1	3278438460	3283353612	4915152	21186	0.541497
ERR1203383	PE	3	-1	33	194	2	3312844988	3317760140	4915152	21186	0.475751
ERR1203383	PE	3	-1	34	201	3	3347251284	3352166436	4915152	21186	0.558197
ERR1203383	PE	3	-1	35	208	4	3381657812	3386572964	4915152	21186	0.517038
ERR1203383	PE	3	-1	36	215	5	3416064108	3420979260	4915152	21186	0.62265
ERR1203383	PE	3	-1	37	210	0	3391488116	3396403268	4915152	21186	0.468595
ERR1203383	PE	3	-1	38	217	1	3425894412	3430809796	4915384	21187	0.645218
ERR1203383	PE	3	-1	39	236	2	3456614460	3457843364	1228904	5297	0.175995
ERR1203383	PE	3	-1	40	237	3	3457843364	3459072036	1228672	5296	0.121633
ERR1203383	PE	3	-1	41	244	4	3466444996	3467673668	1228672	5296	0.121404
ERR1203383	PE	3	-1	42	251	5	3475046628	3476275300	1228672	5296	0.860823
ERR1203383	PE	3	-1	43	246	0	3468902572	3470131244	1228672	5296	0.387653
ERR1203383	PE	3	-1	44	259	1	3484876932	3486105604	1228672	5296	1.988362
ERR1203383	PE	3	-1	45	266	2	3493478564	3494707236	1228672	5296	3.057233
ERR1203383	PE	3	-1	46	269	5	3497164812	3498393716	1228904	5297	2.01056
SRR2496709	PE	1	0	0	0	0	0	19660888	19660888	72446	2.410902
SRR2496709	PE	1	0	1	7	1	137625684	157286544	19660860	71235	1.937873
SRR2496709	PE	1	0	2	14	2	275251428	294912264	19660836	70233	1.318503
SRR2496709	PE	1	0	3	21	3	412876824	432537864	19661040	70218	2.314471
SRR2496709	PE	1	0	4	22	4	432537864	452198624	19660760	70217	1.770292
SRR2496709	PE	1	0	5	29	5	570163464	589824224	19660760	70217	2.099962
SRR2496709	PE	1	0	6	30	0	589824224	609484984	19660760	70217	1.753893
SRR2496709	PE	1	0	7	37	1	727449824	747110584	19660760	70217	1.96005
SRR2496709	PE	1	0	8	44	2	865075424	884736184	19660760	70217	1.565999
SRR2496709	PE	1	0	9	51	3	1002701024	1022361784	19660760	70217	2.664587
SRR2496709	PE	1	0	10	58	4	1140326624	1159987384	19660760	70217	2.062054
SRR2496709	PE	1	0	11	65	5	1277952224	1297612984	19660760	70217	1.389947
SRR2496709	PE	1	0	12	66	0	1297612984	1317273744	19660760	70217	1.573299
SRR2496709	PE	1	0	13	73	1	1435238584	1454899344	19660760	70217	1.548069
SRR2496709	PE	1	0	14	80	2	1572864184	1592524944	19660760	70217	1.547918
SRR2496709	PE	1	0	15	87	3	1710489784	1730150544	19660760	70217	1.821093
SRR2496709	PE	1	0	16	94	4	1848115384	1867776144	19660760	70217	1.824094
SRR2496709	PE	1	0	17	101	5	1985740984	2005401744	19660760	70217	1.288298
SRR2496709	PE	1	0	18	96	0	1887436904	1907097664	19660760	70217	2.38829
SRR2496709	PE	1	0	19	109	1	2143027344	2162688104	19660760	70217	1.524519
SRR2496709	PE	1	0	20	116	2	2280652944	2300313704	19660760	70217	1.857454
SRR2496709	PE	1	0	21	123	3	2418278544	2437939304	19660760	70217	1.618504
SRR2496709	PE	1	0	22	130	4	2555904144	2575564904	19660760	70217	1.58281
SRR2496709	PE	1	0	23	137	5	2693529744	2713190504	19660760	70217	2.947925
SRR2496709	PE	1	0	24	138	0	2713190504	2732851264	19660760	70217	2.123602
SRR2496709	PE	1	0	25	145	1	2850816024	2870477060	19661036	69229	1.485633
SRR2496709	PE	1	0	26	152	2	2988441856	3008102608	19660752	69228	3.428155
SRR2496709	PE	1	0	27	159	3	3126067404	3145728156	19660752	69228	1.602984
SRR2496709	PE	1	0	28	172	4	3219456260	3224371448	4915188	17307	0.397423
SRR2496709	PE	1	0	29	179	5	3253862576	3258777764	4915188	17307	0.418085
SRR2496709	PE	1	0	30	180	0	3258777764	3263692952	4915188	17307	5.088634
SRR2496709	PE	1	0	31	211	1	3411148876	3416064064	4915188	17307	0.351389
SRR2496709	PE	1	0	32	218	2	3445555476	3450470664	4915188	17307	0.354949
SRR2496709	PE	1	0	33	225	3	3476275472	3477504056	1228584	4326	0.186532
SRR2496709	PE	1	0	34	232	4	3484876980	3486105848	1228868	4327	0.115526
SRR2496709	PE	1	0	35	239	5	3493478488	3494707356	1228868	4327	0.199223
SRR2496709	PE	1	0	36	240	0	3494707356	3495936224	1228868	4327	0.141321
SRR2496709	PE	1	0	37	247	1	3503308864	3504537732	1228868	4327	0.121067
SRR2496709	PE	1	0	38	254	2	3511910656	3513139240	1228584	4326	0.315551
SRR2496709	PE	1	0	39	261	3	3520512164	3521741032	1228868	4327	0.113124
SRR2496709	PE	1	0	40	268	4	3529113672	3530342540	1228868	4327	0.148612
SRR2496709	PE	1	1	0	1	1	19660888	39321660	19660772	71634	2.044535
SRR2496709	PE	1	1	1	8	2	157286544	176947404	19660860	71235	1.520367
SRR2496709	PE	1	1	2	15	3	294912264	314573024	19660760	70217	8.267798
SRR2496709	PE	1	1	3	28	4	550502424	570163464	19661040	70218	1.70898
SRR2496709	PE	1	1	4	35	5	688128024	707789064	19661040	70218	2.238404
SRR2496709	PE	1	1	5	36	0	707789064	727449824	19660760	70217	1.579972
SRR2496709	PE	1	1	6	43	1	845414664	865075424	19660760	70217	1.820179
SRR2496709	PE	1	1	7	50	2	983040264	1002701024	19660760	70217	1.67678
SRR2496709	PE	1	1	8	57	3	1120665864	1140326624	19660760	70217	2.078959
SRR2496709	PE	1	1	9	64	4	1258291464	1277952224	19660760	70217	2.016091
SRR2496709	PE	1	1	10	71	5	1395917064	1415577824	19660760	70217	1.623347
SRR2496709	PE	1	1	11	72	0	1415577824	1435238584	19660760	70217	1.659706
SRR2496709	PE	1	1	12	79	1	1553203424	1572864184	19660760	70217	2.707217
SRR2496709	PE	1	1	13	86	2	1690829024	1710489784	19660760	70217	1.527261
SRR2496709	PE	1	1	14	93	3	1828454624	1848115384	19660760	70217	4.812388
SRR2496709	PE	1	1	15	106	4	2084045064	2103705824	19660760	70217	1.932409
SRR2496709	PE	1	1	16	107	5	2103705824	2123366584	19660760	70217	1.996498
SRR2496709	PE	1	1	17	108	0	2123366584	2143027344	19660760	70217	5.049836
SRR2496709	PE	1	1	18	121	1	2378957024	2398617784	19660760	70217	1.53782
SRR2496709	PE	1	1	19	128	2	2516582624	2536243384	19660760	70217	1.902704
SRR2496709	PE	1	1	20	135	3	2654208224	2673868984	19660760	70217	1.891002
SRR2496709	PE	1	1	21	142	4	2791833824	2811494520	19660696	69415	1.333164
SRR2496709	PE	1	1	22	149	5	2929459316	2949120068	19660752	69228	1.476333
SRR2496709	PE	1	1	23	150	0	2949120068	2968780820	19660752	69228	1.568086
SRR2496709	PE	1	1	24	157	1	3086745616	3106406652	19661036	69229	1.265458
SRR2496709	PE	1	1	25	164	2	3180134472	3185049660	4915188	17307	0.320418
SRR2496709	PE	1	1	26	165	3	3185049660	3189964848	4915188	17307	0.382711
SRR2496709	PE	1	1	27	166	4	3189964848	3194880036	4915188	17307	0.431377
SRR2496709	PE	1	1	28	173	5	3224371448	3229286636	4915188	17307	0.419267
SRR2496709	PE	1	1	29	174	0	3229286636	3234201824	4915188	17307	0.551449
SRR2496709	PE	1	1	30	181	1	3263692952	3268608140	4915188	17307	0.514996
SRR2496709	PE	1	1	31	188	2	3298099268	3303014456	4915188	17307	0.539387
SRR2496709	PE	1	1	32	195	3	3332505868	3337421056	4915188	17307	0.436631
SRR2496709	PE	1	1	33	202	4	3366912184	3371827372	4915188	17307	0.373708
SRR2496709	PE	1	1	34	209	5	3401318500	3406233688	4915188	17307	0.50009
SRR2496709	PE	1	1	35	210	0	3406233688	3411148876	4915188	17307	0.432984
SRR2496709	PE	1	1	36	217	1	3440640004	3445555476	4915472	17308	0.470025
SRR2496709	PE	1	1	37	224	2	3475046604	3476275472	1228868	4327	0.227082
SRR2496709	PE	1	1	38	231	3	3483648112	3484876980	1228868	4327	0.117546
SRR2496709	PE	1	1	39	238	4	3492249620	3493478488	1228868	4327	0.107263
SRR2496709	PE	1	1	40	245	5	3500851412	3502080280	1228868	4327	0.468759
SRR2496709	PE	1	1	41	246	0	3502080280	3503308864	1228584	4326	0.113055
SRR2496709	PE	1	1	42	253	1	3510681788	3511910656	1228868	4327	0.203905
SRR2496709	PE	1	1	43	260	2	3519283296	3520512164	1228868	4327	0.111112
SRR2496709	PE	1	1	44	267	3	3527884804	3529113672	1228868	4327	0.313885
SRR2496709	PE	1	2	0	2	2	39321660	58982520	19660860	71235	2.060776
SRR2496709	PE	1	2	1	9	3	176947404	196608264	19660860	71235	1.587706
SRR2496709	PE	1	2	2	16	4	314573024	334233784	19660760	70217	2.327911
SRR2496709	PE	1	2	3	23	5	452198624	471859384	19660760	70217	1.492519
SRR2496709	PE	1	2	4	24	0	471859384	491520144	19660760	70217	1.501081
SRR2496709	PE	1	2	5	31	1	609484984	629145744	19660760	70217	2.323903
SRR2496709	PE	1	2	6	38	2	747110584	766771344	19660760	70217	1.884475
SRR2496709	PE	1	2	7	45	3	884736184	904396944	19660760	70217	2.407083
SRR2496709	PE	1	2	8	52	4	1022361784	1042022544	19660760	70217	2.690881
SRR2496709	PE	1	2	9	59	5	1159987384	1179648144	19660760	70217	2.319964
SRR2496709	PE	1	2	10	60	0	1179648144	1199308904	19660760	70217	1.389079
SRR2496709	PE	1	2	11	67	1	1317273744	1336934504	19660760	70217	1.845139
SRR2496709	PE	1	2	12	74	2	1454899344	1474560104	19660760	70217	1.566048
SRR2496709	PE	1	2	13	81	3	1592524944	1612185704	19660760	70217	8.186774
SRR2496709	PE	1	2	14	88	4	1730150544	1749811304	19660760	70217	2.262855
SRR2496709	PE	1	2	15	95	5	1867776144	1887436904	19660760	70217	1.673441
SRR2496709	PE	1	2	16	102	0	2005401744	2025062504	19660760	70217	2.013255
SRR2496709	PE	1	2	17	103	1	2025062504	2044723264	19660760	70217	1.803668
SRR2496709	PE	1	3	0	3	3	58982520	78643380	19660860	71235	2.327609
SRR2496709	PE	1	3	1	10	4	196608264	216268848	19660584	71234	1.480262
SRR2496709	PE	1	3	2	17	5	334233784	353894544	19660760	70217	1.650567
SRR2496709	PE	1	3	3	18	0	353894544	373555304	19660760	70217	1.940462
SRR2496709	PE	1	3	4	25	1	491520144	511180904	19660760	70217	2.035632
SRR2496709	PE	1	3	5	32	2	629145744	648806504	19660760	70217	2.068034
SRR2496709	PE	1	3	6	39	3	766771344	786432104	19660760	70217	1.238453
SRR2496709	PE	1	3	7	40	4	786432104	806092864	19660760	70217	1.584543
SRR2496709	PE	1	3	8	47	5	924057704	943718464	19660760	70217	2.271692
SRR2496709	PE	1	3	9	48	0	943718464	963379224	19660760	70217	2.932335
SRR2496709	PE	1	3	10	55	1	1081344064	1101004824	19660760	70217	2.338625
SRR2496709	PE	1	3	11	56	2	1101004824	1120665864	19661040	70218	2.04107
SRR2496709	PE	1	3	12	69	3	1356595264	1376256024	19660760	70217	1.669532
SRR2496709	PE	1	3	13	76	4	1494220864	1513881624	19660760	70217	1.555589
SRR2496709	PE	1	3	14	77	5	1513881624	1533542664	19661040	70218	1.758797
SRR2496709	PE	1	3	15	78	0	1533542664	1553203424	19660760	70217	2.150371
SRR2496709	PE	1	3	16	85	1	1671168264	1690829024	19660760	70217	1.946287
SRR2496709	PE	1	3	17	92	2	1808793864	1828454624	19660760	70217	1.420867
SRR2496709	PE	1	3	18	99	2	2162688104	2182348864	19660760	70217	1.866205
SRR2496709	PE	1	3	19	117	3	2300313704	2319974464	19660760	70217	1.611363
SRR2496709	PE	1	3	20	124	4	2437939304	2457600064	19660760	70217	1.54477
SRR2496709	PE	1	3	21	131	5	2575564904	2595225664	19660760	70217	1.628012
SRR2496709	PE	1	3	22	132	0	2595225664	2614886424	19660760	70217	1.368594
SRR2496709	PE	1	3	23	133	1	2614886424	2634547464	19661040	70218	1.597103
SRR2496709	PE	1	3	24	140	2	2752512024	2772173064	19661040	70218	2.452326
SRR2496709	PE	1	3	25	147	3	2890137812	2909798564	19660752	69228	1.327175
SRR2496709	PE	1	3	26	154	4	3027763360	3047424112	19660752	69228	1.775542
SRR2496709	PE	1	3	27	161	5	3165388908	3170304096	4915188	17307	0.385292
SRR2496709	PE	1	3	28	162	0	3170304096	3175219284	4915188	17307	0.462146
SRR2496709	PE	1	3	29	163	1	3175219284	3180134472	4915188	17307	0.343178
SRR2496709	PE	1	3	30	170	2	3209625600	3214541072	4915472	17308	0.690461
SRR2496709	PE	1	3	31	177	3	3244032200	3248947388	4915188	17307	0.362868
SRR2496709	PE	1	3	32	184	4	3278438516	3283353704	4915188	17307	0.367382
SRR2496709	PE	1	3	33	191	5	3312844832	3317760020	4915188	17307	0.362548
SRR2496709	PE	1	3	34	192	0	3317760020	3322675208	4915188	17307	0.347774
SRR2496709	PE	1	3	35	187	1	3293184080	3298099268	4915188	17307	0.415062
SRR2496709	PE	1	3	36	194	2	3327590680	3332505868	4915188	17307	0.341233
SRR2496709	PE	1	3	37	201	3	3361996996	3366912184	4915188	17307	0.372011
SRR2496709	PE	1	3	38	208	4	3396403312	3401318500	4915188	17307	0.373761
SRR2496709	PE	1	3	39	215	5	3430809628	3435724816	4915188	17307	0.349665
SRR2496709	PE	1	3	40	216	0	3435724816	3440640004	4915188	17307	0.338972
SRR2496709	PE	1	3	41	223	1	3470131416	3475046604	4915188	17307	0.431182
SRR2496709	PE	1	3	42	230	2	3482419244	3483648112	1228868	4327	0.127944
SRR2496709	PE	1	3	43	237	3	3491021036	3492249620	1228584	4326	0.115653
SRR2496709	PE	1	3	44	244	4	3499622544	3500851412	1228868	4327	0.118347
SRR2496709	PE	1	3	45	251	5	3508224052	3509452920	1228868	4327	0.380758
SRR2496709	PE	1	3	46	252	0	3509452920	3510681788	1228868	4327	0.108217
SRR2496709	PE	1	3	47	259	1	3518054428	3519283296	1228868	4327	0.120766
SRR2496709	PE	1	3	48	266	2	3526656220	3527884804	1228584	4326	0.223373
SRR2496709	PE	1	3	49	273	3	3535257728	3536060312	802584	2826	0.505025
SRR2496709	PE	1	3	19	100	4	1966080224	1985740984	19660760	70217	9.412036
SRR2496709	PE	1	3	20	119	5	2339635224	2359296264	19661040	70218	1.959524
SRR2496709	PE	1	3	21	120	0	2359296264	2378957024	19660760	70217	2.290093
SRR2496709	PE	1	3	22	127	1	2496921864	2516582624	19660760	70217	1.592576
SRR2496709	PE	1	3	23	134	2	2634547464	2654208224	19660760	70217	2.722943
SRR2496709	PE	1	3	24	141	3	2772173064	2791833824	19660760	70217	1.493145
SRR2496709	PE	1	3	25	148	4	2909798564	2929459316	19660752	69228	1.414302
SRR2496709	PE	1	3	26	155	5	3047424112	3067084864	19660752	69228	1.295501
SRR2496709	PE	1	3	27	156	0	3067084864	3086745616	19660752	69228	1.321421
SRR2496709	PE	1	3	28	175	1	3234201824	3239117012	4915188	17307	0.463248
SRR2496709	PE	1	3	29	182	2	3268608140	3273523328	4915188	17307	0.543306
SRR2496709	PE	1	3	30	189	3	3303014456	3307929644	4915188	17307	0.479376
SRR2496709	PE	1	3	31	196	4	3337421056	3342336244	4915188	17307	0.421395
SRR2496709	PE	1	3	32	203	5	3371827372	3376742560	4915188	17307	0.389607
SRR2496709	PE	1	3	33	204	0	3376742560	3381657748	4915188	17307	0.360977
SRR2496709	PE	1	3	34	205	1	3381657748	3386572936	4915188	17307	0.390291
SRR2496709	PE	1	3	35	212	2	3416064064	3420979252	4915188	17307	0.595456
SRR2496709	PE	1	3	36	219	3	3450470664	3455385852	4915188	17307	0.526939
SRR2496709	PE	1	3	37	226	4	3477504056	3478732924	1228868	4327	0.256159
SRR2496709	PE	1	3	38	233	5	3486105848	3487334432	1228584	4326	0.276758
SRR2496709	PE	1	3	39	234	0	3487334432	3488563300	1228868	4327	0.112034
SRR2496709	PE	1	3	40	241	1	3495936224	3497164808	1228584	4326	0.109525
SRR2496709	PE	1	3	41	248	2	3504537732	3505766600	1228868	4327	0.152298
SRR2496709	PE	1	3	42	255	3	3513139240	3514368108	1228868	4327	0.137116
SRR2496709	PE	1	3	43	256	4	3514368108	3515596976	1228868	4327	0.110326
SRR2496709	PE	1	3	44	263	5	3522969616	3524198484	1228868	4327	0.186033
SRR2496709	PE	1	3	45	264	0	3524198484	3525427352	1228868	4327	0.110732
SRR2496709	PE	1	3	46	271	1	3532800276	3534028860	1228584	4326	0.446989
SRR2496709	PE	1	4	0	4	4	78643380	98304240	19660860	71235	2.582656
SRR2496709	PE	1	4	1	11	5	216268848	235929708	19660860	71235	1.689679
SRR2496709	PE	1	4	2	12	0	235929708	255590568	19660860	71235	1.869673
SRR2496709	PE	1	4	3	19	1	373555304	393216064	19660760	70217	1.977495
SRR2496709	PE	1	4	4	26	2	511180904	530841664	19660760	70217	2.214373
SRR2496709	PE	1	4	5	33	3	648806504	668467264	19660760	70217	1.564805
SRR2496709	PE	1	4	6	34	4	668467264	688128024	19660760	70217	1.989961
SRR2496709	PE	1	4	7	41	5	806092864	825753624	19660760	70217	1.845656
SRR2496709	PE	1	4	8	42	0	825753624	845414664	19661040	70218	2.22327
SRR2496709	PE	1	4	9	49	1	963379224	983040264	19661040	70218	3.216814
SRR2496709	PE	1	4	10	62	2	1218969664	1238630424	19660760	70217	1.463398
SRR2496709	PE	1	4	11	63	3	1238630424	1258291464	19661040	70218	1.522755
SRR2496709	PE	1	4	12	70	4	1376256024	1395917064	19661040	70218	3.490067
SRR2496709	PE	1	4	13	83	5	1631846464	1651507224	19660760	70217	1.917936
SRR2496709	PE	1	4	14	84	0	1651507224	1671168264	19661040	70218	2.137278
SRR2496709	PE	1	4	15	91	1	1789132824	1808793864	19661040	70218	1.684854
SRR2496709	PE	1	4	16	98	2	1926758424	1946419464	19661040	70218	1.359296
SRR2496709	PE	1	4	17	105	3	2064384024	2084045064	19661040	70218	1.594944
SRR2496709	PE	1	4	18	112	4	2202009624	2221670664	19661040	70218	1.668752
SRR2496709	PE	1	4	19	113	5	2221670664	2241331424	19660760	70217	1.759765
SRR2496709	PE	1	4	20	114	0	2241331424	2260992184	19660760	70217	1.369304
SRR2496709	PE	1	4	21	115	1	2260992184	2280652944	19660760	70217	1.802553
SRR2496709	PE	1	4	22	122	2	2398617784	2418278544	19660760	70217	1.331046
SRR2496709	PE	1	4	23	129	3	2536243384	2555904144	19660760	70217	1.577923
SRR2496709	PE	1	4	24	136	4	2673868984	2693529744	19660760	70217	2.645841
SRR2496709	PE	1	4	25	143	5	2811494520	2831155272	19660752	69228	2.10468
SRR2496709	PE	1	4	26	144	0	2831155272	2850816024	19660752	69228	2.059657
SRR2496709	PE	1	4	27	151	1	2968780820	2988441856	19661036	69229	2.157563
SRR2496709	PE	1	4	28	158	2	3106406652	3126067404	19660752	69228	1.643398
SRR2496709	PE	1	4	29	171	3	3214541072	3219456260	4915188	17307	0.533503
SRR2496709	PE	1	4	30	178	4	3248947388	3253862576	4915188	17307	0.495671
SRR2496709	PE	1	4	31	185	5	3283353704	3288268892	4915188	17307	0.436092
SRR2496709	PE	1	4	32	186	0	3288268892	3293184080	4915188	17307	0.537423
SRR2496709	PE	1	4	33	193	1	3322675208	3327590680	4915472	17308	0.438939
SRR2496709	PE	1	4	34	200	2	3357081808	3361996996	4915188	17307	0.386133
SRR2496709	PE	1	4	35	207	3	3391488124	3396403312	4915188	17307	0.457099
SRR2496709	PE	1	4	36	214	4	3425894440	3430809628	4915188	17307	0.362546
SRR2496709	PE	1	4	37	221	5	3460301040	3465216228	4915188	17307	0.377298
SRR2496709	PE	1	4	38	222	0	3465216228	3470131416	4915188	17307	0.44315
SRR2496709	PE	1	4	39	235	1	3488563300	3489792168	1228868	4327	0.130367
SRR2496709	PE	1	4	40	242	2	3497164808	3498393676	1228868	4327	0.309903
SRR2496709	PE	1	4	41	249	3	3505766600	3506995468	1228868	4327	0.437626
SRR2496709	PE	1	4	42	262	4	3521741032	3522969616	1228584	4326	0.132143
SRR2496709	PE	1	4	43	269	5	3530342540	3531571408	1228868	4327	0.125013
SRR2496709	PE	1	4	44	270	0	3531571408	3532800276	1228868	4327	0.36102
SRR2496709	PE	1	5	0	5	5	98304240	117964824	19660584	71234	2.57137
SRR2496709	PE	1	5	1	6	0	117964824	137625684	19660860	71235	2.048081
SRR2496709	PE	1	5	2	13	1	255590568	275251428	19660860	71235	2.346383
SRR2496709	PE	1	5	3	20	2	393216064	412876824	19660760	70217	2.12897
SRR2496709	PE	1	5	4	27	3	530841664	550502424	19660760	70217	8.154735
SRR2496709	PE	1	5	5	46	4	904396944	924057704	19660760	70217	1.439266
SRR2496709	PE	1	5	6	53	5	1042022544	1061683304	19660760	70217	1.937198
SRR2496709	PE	1	5	7	54	0	1061683304	1081344064	19660760	70217	1.69875
SRR2496709	PE	1	5	8	61	1	1199308904	1218969664	19660760	70217	2.166936
SRR2496709	PE	1	5	9	68	2	1336934504	1356595264	19660760	70217	1.620332
SRR2496709	PE	1	5	10	75	3	1474560104	1494220864	19660760	70217	2.031069
SRR2496709	PE	1	5	11	82	4	1612185704	1631846464	19660760	70217	2.427145
SRR2496709	PE	1	5	12	89	5	1749811304	1769472064	19660760	70217	5.087338
SRR2496709	PE	1	5	13	90	0	1769472064	1789132824	19660760	70217	2.785683
SRR2496709	PE	1	5	14	97	1	1907097664	1926758424	19660760	70217	1.480559
SRR2496709	PE	1	5	15	104	2	2044723264	2064384024	19660760	70217	2.836668
SRR2496709	PE	1	5	16	111	3	2182348864	2202009624	19660760	70217	1.729241
SRR2496709	PE	1	5	17	118	4	2319974464	2339635224	19660760	70217	1.542434
SRR2496709	PE	1	5	18	125	5	2457600064	2477260824	19660760	70217	1.365395
SRR2496709	PE	1	5	19	126	0	2477260824	2496921864	19661040	70218	2.872758
SRR2496709	PE	1	5	20	139	1	2732851264	2752512024	19660760	70217	2.658832
SRR2496709	PE	1	5	21	146	2	2870477060	2890137812	19660752	69228	1.629589
SRR2496709	PE	1	5	22	153	3	3008102608	3027763360	19660752	69228	1.678999
SRR2496709	PE	1	5	23	160	4	3145728156	3165388908	19660752	69228	1.315754
SRR2496709	PE	1	5	24	167	5	3194880036	3199795224	4915188	17307	0.396575
SRR2496709	PE	1	5	25	168	0	3199795224	3204710412	4915188	17307	0.420333
SRR2496709	PE	1	5	26	169	1	3204710412	3209625600	4915188	17307	0.693255
SRR2496709	PE	1	5	27	176	2	3239117012	3244032200	4915188	17307	0.337616
SRR2496709	PE	1	5	28	183	3	3273523328	3278438516	4915188	17307	0.591994
SRR2496709	PE	1	5	29	190	4	3307929644	3312844832	4915188	17307	0.359612
SRR2496709	PE	1	5	30	197	5	3342336244	3347251432	4915188	17307	0.420408
SRR2496709	PE	1	5	31	198	0	3347251432	3352166620	4915188	17307	0.377969
SRR2496709	PE	1	5	32	199	1	3352166620	3357081808	4915188	17307	0.407466
SRR2496709	PE	1	5	33	206	2	3386572936	3391488124	4915188	17307	0.336917
SRR2496709	PE	1	5	34	213	3	3420979252	3425894440	4915188	17307	0.355045
SRR2496709	PE	1	5	35	220	4	3455385852	3460301040	4915188	17307	0.63517
SRR2496709	PE	1	5	36	227	5	3478732924	3479961792	1228868	4327	0.116102
SRR2496709	PE	1	5	37	228	0	3479961792	3481190660	1228868	4327	0.118014
SRR2496709	PE	1	5	38	229	1	3481190660	3482419244	1228584	4326	0.126514
SRR2496709	PE	1	5	39	236	2	3489792168	3491021036	1228868	4327	0.226518
SRR2496709	PE	1	5	40	243	3	3498393676	3499622544	1228868	4327	0.119522
SRR2496709	PE	1	5	41	250	4	3506995468	3508224052	1228584	4326	0.114173
SRR2496709	PE	1	5	42	257	5	3515596976	3516825844	1228868	4327	0.117284
SRR2496709	PE	1	5	43	258	0	3516825844	3518054428	1228584	4326	0.108923
SRR2496709	PE	1	5	44	265	1	3525427352	3526656220	1228868	4327	0.113141
SRR2496709	PE	1	5	45	272	2	3534028860	3535257728	1228868	4327	0.385252
SRR2496709	PE	2	0	0	0	0	0	19660888	19660888	72446	2.415524
SRR2496709	PE	2	0	1	7	1	137625684	157286544	19660860	71235	1.933032
SRR2496709	PE	2	0	2	14	2	275251428	294912264	19660836	70233	1.320924
SRR2496709	PE	2	0	3	21	3	412876824	432537864	19661040	70218	2.332178
SRR2496709	PE	2	0	4	22	4	432537864	452198624	19660760	70217	1.766775
SRR2496709	PE	2	0	5	29	5	570163464	589824224	19660760	70217	2.093382
SRR2496709	PE	2	0	6	30	0	589824224	609484984	19660760	70217	1.747878
SRR2496709	PE	2	0	7	37	1	727449824	747110584	19660760	70217	1.953768
SRR2496709	PE	2	0	8	44	2	865075424	884736184	19660760	70217	1.582203
SRR2496709	PE	2	0	9	51	3	1002701024	1022361784	19660760	70217	2.668495
SRR2496709	PE	2	0	10	58	4	1140326624	1159987384	19660760	70217	2.069139
SRR2496709	PE	2	0	11	65	5	1277952224	1297612984	19660760	70217	1.386446
SRR2496709	PE	2	0	12	66	0	1297612984	1317273744	19660760	70217	1.602394
SRR2496709	PE	2	0	13	73	1	1435238584	1454899344	19660760	70217	1.553621
SRR2496709	PE	2	0	14	80	2	1572864184	1592524944	19660760	70217	1.533921
SRR2496709	PE	2	0	15	87	3	1710489784	1730150544	19660760	70217	1.827356
SRR2496709	PE	2	0	16	88	4	1730150544	1749811304	19660760	70217	2.30279
SRR2496709	PE	2	0	17	95	5	1867776144	1887436904	19660760	70217	1.676375
SRR2496709	PE	2	0	18	96	0	1887436904	1907097664	19660760	70217	2.394423
SRR2496709	PE	2	0	19	109	1	2143027344	2162688104	19660760	70217	1.540763
SRR2496709	PE	2	0	20	116	2	2280652944	2300313704	19660760	70217	1.856351
SRR2496709	PE	2	0	21	123	3	2418278544	2437939304	19660760	70217	1.629248
SRR2496709	PE	2	0	22	130	4	2555904144	2575564904	19660760	70217	1.589395
SRR2496709	PE	2	0	23	137	5	2693529744	2713190504	19660760	70217	2.959596
SRR2496709	PE	2	0	24	138	0	2713190504	2732851264	19660760	70217	2.1456
SRR2496709	PE	2	0	25	145	1	2850816024	2870477060	19661036	69229	1.484059
SRR2496709	PE	2	0	26	152	2	2988441856	3008102608	19660752	69228	3.4431
SRR2496709	PE	2	0	27	159	3	3126067404	3145728156	19660752	69228	1.620477
SRR2496709	PE	2	0	28	166	4	3189964848	3194880036	4915188	17307	0.42834
SRR2496709	PE	2	0	29	173	5	3224371448	3229286636	4915188	17307	0.440581
SRR2496709	PE	2	0	30	174	0	3229286636	3234201824	4915188	17307	0.55576
SRR2496709	PE	2	0	31	181	1	3263692952	3268608140	4915188	17307	0.538082
SRR2496709	PE	2	0	32	188	2	3298099268	3303014456	4915188	17307	0.547852
SRR2496709	PE	2	0	33	195	3	3332505868	3337421056	4915188	17307	0.452248
SRR2496709	PE	2	0	34	202	4	3366912184	3371827372	4915188	17307	0.372101
SRR2496709	PE	2	0	35	209	5	3401318500	3406233688	4915188	17307	0.496662
SRR2496709	PE	2	0	36	210	0	3406233688	3411148876	4915188	17307	0.444512
SRR2496709	PE	2	0	37	211	1	3411148876	3416064064	4915188	17307	0.338028
SRR2496709	PE	2	0	38	218	2	3445555476	3450470664	4915188	17307	0.35262
SRR2496709	PE	2	0	39	225	3	3476275472	3477504056	1228584	4326	0.191528
SRR2496709	PE	2	0	40	232	4	3484876980	3486105848	1228868	4327	0.120399
SRR2496709	PE	2	0	41	239	5	3493478488	3494707356	1228868	4327	0.187527
SRR2496709	PE	2	0	42	240	0	3494707356	3495936224	1228868	4327	0.141277
SRR2496709	PE	2	0	43	247	1	3503308864	3504537732	1228868	4327	0.117181
SRR2496709	PE	2	0	44	254	2	3511910656	3513139240	1228584	4326	0.322113
SRR2496709	PE	2	0	45	261	3	3520512164	3521741032	1228868	4327	0.105133
SRR2496709	PE	2	0	46	268	4	3529113672	3530342540	1228868	4327	0.148167
SRR2496709	PE	2	0	47	273	3	3535257728	3536060312	802584	2826	0.527751
SRR2496709	PE	2	1	0	1	1	19660888	39321660	19660772	71634	2.035023
SRR2496709	PE	2	1	1	8	2	157286544	176947404	19660860	71235	1.518831
SRR2496709	PE	2	1	2	15	3	294912264	314573024	19660760	70217	8.365494
SRR2496709	PE	2	1	3	28	4	550502424	570163464	19661040	70218	1.710549
SRR2496709	PE	2	1	4	35	5	688128024	707789064	19661040	70218	2.226347
SRR2496709	PE	2	1	5	36	0	707789064	727449824	19660760	70217	1.556905
SRR2496709	PE	2	1	6	43	1	845414664	865075424	19660760	70217	1.816674
SRR2496709	PE	2	1	7	50	2	983040264	1002701024	19660760	70217	1.684036
SRR2496709	PE	2	1	8	57	3	1120665864	1140326624	19660760	70217	2.082986
SRR2496709	PE	2	1	9	64	4	1258291464	1277952224	19660760	70217	2.019165
SRR2496709	PE	2	1	10	71	5	1395917064	1415577824	19660760	70217	1.595995
SRR2496709	PE	2	1	11	72	0	1415577824	1435238584	19660760	70217	1.651996
SRR2496709	PE	2	1	12	79	1	1553203424	1572864184	19660760	70217	2.689745
SRR2496709	PE	2	1	13	86	2	1690829024	1710489784	19660760	70217	1.526733
SRR2496709	PE	2	1	14	93	3	1828454624	1848115384	19660760	70217	4.836787
SRR2496709	PE	2	1	15	100	4	1966080224	1985740984	19660760	70217	9.459304
SRR2496709	PE	2	1	16	119	5	2339635224	2359296264	19661040	70218	1.946337
SRR2496709	PE	2	1	17	120	0	2359296264	2378957024	19660760	70217	2.306314
SRR2496709	PE	2	2	0	2	2	39321660	58982520	19660860	71235	2.072167
SRR2496709	PE	2	2	1	9	3	176947404	196608264	19660860	71235	1.60409
SRR2496709	PE	2	2	2	16	4	314573024	334233784	19660760	70217	2.350342
SRR2496709	PE	2	2	3	23	5	452198624	471859384	19660760	70217	1.499659
SRR2496709	PE	2	2	4	24	0	471859384	491520144	19660760	70217	1.50749
SRR2496709	PE	2	2	5	31	1	609484984	629145744	19660760	70217	2.350125
SRR2496709	PE	2	2	6	38	2	747110584	766771344	19660760	70217	1.87967
SRR2496709	PE	2	2	7	45	3	884736184	904396944	19660760	70217	2.420014
SRR2496709	PE	2	2	8	52	4	1022361784	1042022544	19660760	70217	2.665001
SRR2496709	PE	2	2	9	59	5	1159987384	1179648144	19660760	70217	2.303677
SRR2496709	PE	2	2	10	60	0	1179648144	1199308904	19660760	70217	1.398521
SRR2496709	PE	2	2	11	67	1	1317273744	1336934504	19660760	70217	1.861614
SRR2496709	PE	2	2	12	74	2	1454899344	1474560104	19660760	70217	1.576581
SRR2496709	PE	2	2	13	81	3	1592524944	1612185704	19660760	70217	8.191702
SRR2496709	PE	2	2	14	94	4	1848115384	1867776144	19660760	70217	1.835309
SRR2496709	PE	2	2	15	101	5	1985740984	2005401744	19660760	70217	1.292353
SRR2496709	PE	2	2	16	102	0	2005401744	2025062504	19660760	70217	2.004597
SRR2496709	PE	2	2	17	103	1	2025062504	2044723264	19660760	70217	1.803714
SRR2496709	PE	2	2	18	110	1	2496921864	2516582624	19660760	70217	1.61857
SRR2496709	PE	2	2	19	134	2	2634547464	2654208224	19660760	70217	2.666162
SRR2496709	PE	2	2	20	141	3	2772173064	2791833824	19660760	70217	1.48572
SRR2496709	PE	2	2	21	148	4	2909798564	2929459316	19660752	69228	1.411611
SRR2496709	PE	2	2	22	155	5	3047424112	3067084864	19660752	69228	1.304447
SRR2496709	PE	2	2	23	156	0	3067084864	3086745616	19660752	69228	1.315326
SRR2496709	PE	2	2	24	169	1	3204710412	3209625600	4915188	17307	0.691722
SRR2496709	PE	2	2	25	182	2	3268608140	3273523328	4915188	17307	0.547823
SRR2496709	PE	2	2	26	183	3	3273523328	3278438516	4915188	17307	0.607351
SRR2496709	PE	2	2	27	190	4	3307929644	3312844832	4915188	17307	0.370456
SRR2496709	PE	2	2	28	197	5	3342336244	3347251432	4915188	17307	0.429315
SRR2496709	PE	2	2	29	198	0	3347251432	3352166620	4915188	17307	0.377669
SRR2496709	PE	2	2	30	199	1	3352166620	3357081808	4915188	17307	0.410871
SRR2496709	PE	2	2	31	206	2	3386572936	3391488124	4915188	17307	0.33504
SRR2496709	PE	2	2	32	213	3	3420979252	3425894440	4915188	17307	0.358608
SRR2496709	PE	2	2	33	220	4	3455385852	3460301040	4915188	17307	0.628874
SRR2496709	PE	2	2	34	233	5	3486105848	3487334432	1228584	4326	0.276254
SRR2496709	PE	2	2	35	234	0	3487334432	3488563300	1228868	4327	0.106103
SRR2496709	PE	2	2	36	241	1	3495936224	3497164808	1228584	4326	0.107117
SRR2496709	PE	2	2	37	242	2	3497164808	3498393676	1228868	4327	0.306923
SRR2496709	PE	2	2	38	255	3	3513139240	3514368108	1228868	4327	0.140268
SRR2496709	PE	2	2	39	256	4	3514368108	3515596976	1228868	4327	0.103654
SRR2496709	PE	2	2	40	263	5	3522969616	3524198484	1228868	4327	0.183838
SRR2496709	PE	2	2	41	264	0	3524198484	3525427352	1228868	4327	0.105271
SRR2496709	PE	2	2	42	271	1	3532800276	3534028860	1228584	4326	0.43969
SRR2496709	PE	2	2	19	117	3	2300313704	2319974464	19660760	70217	1.609867
SRR2496709	PE	2	2	20	124	4	2437939304	2457600064	19660760	70217	1.538231
SRR2496709	PE	2	2	21	131	5	2575564904	2595225664	19660760	70217	1.607671
SRR2496709	PE	2	2	22	132	0	2595225664	2614886424	19660760	70217	1.364194
SRR2496709	PE	2	2	23	139	1	2732851264	2752512024	19660760	70217	2.645093
SRR2496709	PE	2	2	24	146	2	2870477060	2890137812	19660752	69228	1.618969
SRR2496709	PE	2	2	25	153	3	3008102608	3027763360	19660752	69228	1.670004
SRR2496709	PE	2	2	26	160	4	3145728156	3165388908	19660752	69228	1.293553
SRR2496709	PE	2	2	27	167	5	3194880036	3199795224	4915188	17307	0.392699
SRR2496709	PE	2	2	28	168	0	3199795224	3204710412	4915188	17307	0.41635
SRR2496709	PE	2	2	29	175	1	3234201824	3239117012	4915188	17307	0.456747
SRR2496709	PE	2	2	30	176	2	3239117012	3244032200	4915188	17307	0.338989
SRR2496709	PE	2	2	31	177	3	3244032200	3248947388	4915188	17307	0.350051
SRR2496709	PE	2	2	32	184	4	3278438516	3283353704	4915188	17307	0.36611
SRR2496709	PE	2	2	33	191	5	3312844832	3317760020	4915188	17307	0.359865
SRR2496709	PE	2	2	34	192	0	3317760020	3322675208	4915188	17307	0.352967
SRR2496709	PE	2	2	35	193	1	3322675208	3327590680	4915472	17308	0.445556
SRR2496709	PE	2	2	36	200	2	3357081808	3361996996	4915188	17307	0.392222
SRR2496709	PE	2	2	37	207	3	3391488124	3396403312	4915188	17307	0.457079
SRR2496709	PE	2	2	38	214	4	3425894440	3430809628	4915188	17307	0.363818
SRR2496709	PE	2	2	39	221	5	3460301040	3465216228	4915188	17307	0.380437
SRR2496709	PE	2	2	40	222	0	3465216228	3470131416	4915188	17307	0.42615
SRR2496709	PE	2	2	41	235	1	3488563300	3489792168	1228868	4327	0.123973
SRR2496709	PE	2	2	42	248	2	3504537732	3505766600	1228868	4327	0.148754
SRR2496709	PE	2	2	43	249	3	3505766600	3506995468	1228868	4327	0.436481
SRR2496709	PE	2	2	44	262	4	3521741032	3522969616	1228584	4326	0.129737
SRR2496709	PE	2	2	45	269	5	3530342540	3531571408	1228868	4327	0.133915
SRR2496709	PE	2	2	46	270	0	3531571408	3532800276	1228868	4327	0.352663
SRR2496709	PE	2	3	0	3	3	58982520	78643380	19660860	71235	2.336396
SRR2496709	PE	2	3	1	10	4	196608264	216268848	19660584	71234	1.468824
SRR2496709	PE	2	3	2	17	5	334233784	353894544	19660760	70217	1.648124
SRR2496709	PE	2	3	3	18	0	353894544	373555304	19660760	70217	1.966604
SRR2496709	PE	2	3	4	25	1	491520144	511180904	19660760	70217	2.048061
SRR2496709	PE	2	3	5	32	2	629145744	648806504	19660760	70217	2.055076
SRR2496709	PE	2	3	6	39	3	766771344	786432104	19660760	70217	1.249456
SRR2496709	PE	2	3	7	40	4	786432104	806092864	19660760	70217	1.608621
SRR2496709	PE	2	3	8	47	5	924057704	943718464	19660760	70217	2.2932
SRR2496709	PE	2	3	9	48	0	943718464	963379224	19660760	70217	2.891026
SRR2496709	PE	2	3	10	55	1	1081344064	1101004824	19660760	70217	2.312285
SRR2496709	PE	2	3	11	62	2	1218969664	1238630424	19660760	70217	1.479263
SRR2496709	PE	2	3	12	69	3	1356595264	1376256024	19660760	70217	1.666166
SRR2496709	PE	2	3	13	76	4	1494220864	1513881624	19660760	70217	1.553712
SRR2496709	PE	2	3	14	77	5	1513881624	1533542664	19661040	70218	1.749903
SRR2496709	PE	2	3	15	78	0	1533542664	1553203424	19660760	70217	2.127026
SRR2496709	PE	2	3	16	85	1	1671168264	1690829024	19660760	70217	1.932748
SRR2496709	PE	2	3	17	92	2	1808793864	1828454624	19660760	70217	1.413267
SRR2496709	PE	2	-1	19	106	4	2084045064	2103705824	19660760	70217	1.939192
SRR2496709	PE	2	-1	20	107	5	2103705824	2123366584	19660760	70217	2.007623
SRR2496709	PE	2	-1	21	108	0	2123366584	2143027344	19660760	70217	5.042659
SRR2496709	PE	2	-1	22	121	1	2378957024	2398617784	19660760	70217	1.550657
SRR2496709	PE	2	-1	23	128	2	2516582624	2536243384	19660760	70217	1.912283
SRR2496709	PE	2	-1	24	135	3	2654208224	2673868984	19660760	70217	1.901954
SRR2496709	PE	2	-1	25	142	4	2791833824	2811494520	19660696	69415	1.325428
SRR2496709	PE	2	-1	26	149	5	2929459316	2949120068	19660752	69228	1.463228
SRR2496709	PE	2	-1	27	150	0	2949120068	2968780820	19660752	69228	1.572371
SRR2496709	PE	2	-1	28	151	1	2968780820	2988441856	19661036	69229	2.143678
SRR2496709	PE	2	-1	29	170	2	3209625600	3214541072	4915472	17308	0.665982
SRR2496709	PE	2	-1	30	171	3	3214541072	3219456260	4915188	17307	0.537557
SRR2496709	PE	2	-1	31	178	4	3248947388	3253862576	4915188	17307	0.488644
SRR2496709	PE	2	-1	32	185	5	3283353704	3288268892	4915188	17307	0.443761
SRR2496709	PE	2	-1	33	186	0	3288268892	3293184080	4915188	17307	0.553345
SRR2496709	PE	2	-1	34	187	1	3293184080	3298099268	4915188	17307	0.408498
SRR2496709	PE	2	-1	35	194	2	3327590680	3332505868	4915188	17307	0.345988
SRR2496709	PE	2	-1	36	201	3	3361996996	3366912184	4915188	17307	0.380059
SRR2496709	PE	2	-1	37	208	4	3396403312	3401318500	4915188	17307	0.368549
SRR2496709	PE	2	-1	38	215	5	3430809628	3435724816	4915188	17307	0.356186
SRR2496709	PE	2	-1	39	216	0	3435724816	3440640004	4915188	17307	0.340302
SRR2496709	PE	2	-1	40	223	1	3470131416	3475046604	4915188	17307	0.430915
SRR2496709	PE	2	-1	41	236	2	3489792168	3491021036	1228868	4327	0.242951
SRR2496709	PE	2	-1	42	243	3	3498393676	3499622544	1228868	4327	0.118489
SRR2496709	PE	2	-1	43	250	4	3506995468	3508224052	1228584	4326	0.120911
SRR2496709	PE	2	-1	44	257	5	3515596976	3516825844	1228868	4327	0.117112
SRR2496709	PE	2	-1	45	252	0	3509452920	3510681788	1228868	4327	0.108424
SRR2496709	PE	2	-1	46	259	1	3518054428	3519283296	1228868	4327	0.11434
SRR2496709	PE	2	-1	47	266	2	3526656220	3527884804	1228584	4326	0.220952
SRR2496709	PE	2	4	0	4	4	78643380	98304240	19660860	71235	2.595232
SRR2496709	PE	2	4	1	11	5	216268848	235929708	19660860	71235	1.702394
SRR2496709	PE	2	4	2	12	0	235929708	255590568	19660860	71235	1.854562
SRR2496709	PE	2	4	3	19	1	373555304	393216064	19660760	70217	1.980684
SRR2496709	PE	2	4	4	26	2	511180904	530841664	19660760	70217	2.241729
SRR2496709	PE	2	4	5	33	3	648806504	668467264	19660760	70217	1.570279
SRR2496709	PE	2	4	6	34	4	668467264	688128024	19660760	70217	1.954216
SRR2496709	PE	2	4	7	41	5	806092864	825753624	19660760	70217	1.83095
SRR2496709	PE	2	4	8	42	0	825753624	845414664	19661040	70218	2.222064
SRR2496709	PE	2	4	9	49	1	963379224	983040264	19661040	70218	3.235937
SRR2496709	PE	2	4	10	56	2	1101004824	1120665864	19661040	70218	2.053568
SRR2496709	PE	2	4	11	63	3	1238630424	1258291464	19661040	70218	1.506455
SRR2496709	PE	2	4	12	70	4	1376256024	1395917064	19661040	70218	3.513566
SRR2496709	PE	2	4	13	83	5	1631846464	1651507224	19660760	70217	1.900929
SRR2496709	PE	2	4	14	84	0	1651507224	1671168264	19661040	70218	2.117073
SRR2496709	PE	2	4	15	91	1	1789132824	1808793864	19661040	70218	1.680104
SRR2496709	PE	2	4	16	98	2	1926758424	1946419464	19661040	70218	1.373577
SRR2496709	PE	2	4	17	105	3	2064384024	2084045064	19661040	70218	1.620127
SRR2496709	PE	2	-1	19	113	5	2221670664	2241331424	19660760	70217	1.750404
SRR2496709	PE	2	-1	20	114	0	2241331424	2260992184	19660760	70217	1.371548
SRR2496709	PE	2	-1	21	115	1	2260992184	2280652944	19660760	70217	1.809234
SRR2496709	PE	2	-1	22	122	2	2398617784	2418278544	19660760	70217	1.317665
SRR2496709	PE	2	-1	23	129	3	2536243384	2555904144	19660760	70217	1.577004
SRR2496709	PE	2	-1	24	136	4	2673868984	2693529744	19660760	70217	2.650694
SRR2496709	PE	2	-1	25	143	5	2811494520	2831155272	19660752	69228	2.099206
SRR2496709	PE	2	-1	26	144	0	2831155272	2850816024	19660752	69228	2.078584
SRR2496709	PE	2	-1	27	157	1	3086745616	3106406652	19661036	69229	1.272209
SRR2496709	PE	2	-1	28	164	2	3180134472	3185049660	4915188	17307	0.315649
SRR2496709	PE	2	-1	29	165	3	3185049660	3189964848	4915188	17307	0.384593
SRR2496709	PE	2	-1	30	172	4	3219456260	3224371448	4915188	17307	0.405154
SRR2496709	PE	2	-1	31	179	5	3253862576	3258777764	4915188	17307	0.399019
SRR2496709	PE	2	-1	32	180	0	3258777764	3263692952	4915188	17307	5.05242
SRR2496709	PE	2	-1	33	217	1	3440640004	3445555476	4915472	17308	0.468554
SRR2496709	PE	2	-1	34	224	2	3475046604	3476275472	1228868	4327	0.233328
SRR2496709	PE	2	-1	35	231	3	3483648112	3484876980	1228868	4327	0.115646
SRR2496709	PE	2	-1	36	238	4	3492249620	3493478488	1228868	4327	0.106335
SRR2496709	PE	2	-1	37	245	5	3500851412	3502080280	1228868	4327	0.471744
SRR2496709	PE	2	-1	38	246	0	3502080280	3503308864	1228584	4326	0.104352
SRR2496709	PE	2	-1	39	253	1	3510681788	3511910656	1228868	4327	0.221671
SRR2496709	PE	2	-1	40	260	2	3519283296	3520512164	1228868	4327	0.112944
SRR2496709	PE	2	-1	41	267	3	3527884804	3529113672	1228868	4327	0.31463
SRR2496709	PE	2	5	0	5	5	98304240	117964824	19660584	71234	2.576563
SRR2496709	PE	2	5	1	6	0	117964824	137625684	19660860	71235	2.058938
SRR2496709	PE	2	5	2	13	1	255590568	275251428	19660860	71235	2.339321
SRR2496709	PE	2	5	3	20	2	393216064	412876824	19660760	70217	2.127189
SRR2496709	PE	2	5	4	27	3	530841664	550502424	19660760	70217	8.088522
SRR2496709	PE	2	5	5	46	4	904396944	924057704	19660760	70217	1.442114
SRR2496709	PE	2	5	6	53	5	1042022544	1061683304	19660760	70217	1.93647
SRR2496709	PE	2	5	7	54	0	1061683304	1081344064	19660760	70217	1.705822
SRR2496709	PE	2	5	8	61	1	1199308904	1218969664	19660760	70217	2.136604
SRR2496709	PE	2	5	9	68	2	1336934504	1356595264	19660760	70217	1.574326
SRR2496709	PE	2	5	10	75	3	1474560104	1494220864	19660760	70217	2.031143
SRR2496709	PE	2	5	11	82	4	1612185704	1631846464	19660760	70217	2.405332
SRR2496709	PE	2	5	12	89	5	1749811304	1769472064	19660760	70217	5.04582
SRR2496709	PE	2	5	13	90	0	1769472064	1789132824	19660760	70217	2.742541
SRR2496709	PE	2	5	14	97	1	1907097664	1926758424	19660760	70217	1.471193
SRR2496709	PE	2	5	15	104	2	2044723264	2064384024	19660760	70217	2.838017
SRR2496709	PE	2	5	16	111	3	2182348864	2202009624	19660760	70217	1.721002
SRR2496709	PE	2	5	17	118	4	2319974464	2339635224	19660760	70217	1.544585
SRR2496709	PE	2	-1	19	126	0	2477260824	2496921864	19661040	70218	2.876032
SRR2496709	PE	2	-1	20	133	1	2614886424	2634547464	19661040	70218	1.59651
SRR2496709	PE	2	-1	21	140	2	2752512024	2772173064	19661040	70218	2.469074
SRR2496709	PE	2	-1	22	147	3	2890137812	2909798564	19660752	69228	1.332393
SRR2496709	PE	2	-1	23	154	4	3027763360	3047424112	19660752	69228	1.779785
SRR2496709	PE	2	-1	24	161	5	3165388908	3170304096	4915188	17307	0.378522
SRR2496709	PE	2	-1	25	162	0	3170304096	3175219284	4915188	17307	0.432064
SRR2496709	PE	2	-1	26	163	1	3175219284	3180134472	4915188	17307	0.336424
SRR2496709	PE	2	-1	27	158	2	3106406652	3126067404	19660752	69228	1.648518
SRR2496709	PE	2	-1	28	189	3	3303014456	3307929644	4915188	17307	0.483231
SRR2496709	PE	2	-1	29	196	4	3337421056	3342336244	4915188	17307	0.424789
SRR2496709	PE	2	-1	30	203	5	3371827372	3376742560	4915188	17307	0.386974
SRR2496709	PE	2	-1	31	204	0	3376742560	3381657748	4915188	17307	0.360469
SRR2496709	PE	2	-1	32	205	1	3381657748	3386572936	4915188	17307	0.388869
SRR2496709	PE	2	-1	33	212	2	3416064064	3420979252	4915188	17307	0.59569
SRR2496709	PE	2	-1	34	219	3	3450470664	3455385852	4915188	17307	0.538137
SRR2496709	PE	2	-1	35	226	4	3477504056	3478732924	1228868	4327	0.25832
SRR2496709	PE	2	-1	36	227	5	3478732924	3479961792	1228868	4327	0.115554
SRR2496709	PE	2	-1	37	228	0	3479961792	3481190660	1228868	4327	0.116273
SRR2496709	PE	2	-1	38	229	1	3481190660	3482419244	1228584	4326	0.128811
SRR2496709	PE	2	-1	39	230	2	3482419244	3483648112	1228868	4327	0.133038
SRR2496709	PE	2	-1	40	237	3	3491021036	3492249620	1228584	4326	0.11878
SRR2496709	PE	2	-1	41	244	4	3499622544	3500851412	1228868	4327	0.116066
SRR2496709	PE	2	-1	42	251	5	3508224052	3509452920	1228868	4327	0.387521
SRR2496709	PE	2	-1	43	258	0	3516825844	3518054428	1228584	4326	0.106547
SRR2496709	PE	2	-1	44	265	1	3525427352	3526656220	1228868	4327	0.10457
SRR2496709	PE	2	-1	45	272	2	3534028860	3535257728	1228868	4327	0.398407
SRR2496709	PE	3	0	0	0	0	0	19660888	19660888	72446	2.409037
SRR2496709	PE	3	0	1	7	1	137625684	157286544	19660860	71235	1.946495
SRR2496709	PE	3	0	2	14	2	275251428	294912264	19660836	70233	1.319022
SRR2496709	PE	3	0	3	21	3	412876824	432537864	19661040	70218	2.376629
SRR2496709	PE	3	0	4	22	4	432537864	452198624	19660760	70217	1.775028
SRR2496709	PE	3	0	5	29	5	570163464	589824224	19660760	70217	2.107418
SRR2496709	PE	3	0	6	30	0	589824224	609484984	19660760	70217	1.76563
SRR2496709	PE	3	0	7	37	1	727449824	747110584	19660760	70217	1.980509
SRR2496709	PE	3	0	8	44	2	865075424	884736184	19660760	70217	1.56495
SRR2496709	PE	3	0	9	51	3	1002701024	1022361784	19660760	70217	2.659079
SRR2496709	PE	3	0	10	58	4	1140326624	1159987384	19660760	70217	2.062737
SRR2496709	PE	3	0	11	65	5	1277952224	1297612984	19660760	70217	1.39144
SRR2496709	PE	3	0	12	66	0	1297612984	1317273744	19660760	70217	1.578527
SRR2496709	PE	3	0	13	73	1	1435238584	1454899344	19660760	70217	1.545201
SRR2496709	PE	3	0	14	80	2	1572864184	1592524944	19660760	70217	1.548021
SRR2496709	PE	3	0	15	87	3	1710489784	1730150544	19660760	70217	1.813689
SRR2496709	PE	3	0	16	94	4	1848115384	1867776144	19660760	70217	1.83258
SRR2496709	PE	3	0	17	101	5	1985740984	2005401744	19660760	70217	1.281888
SRR2496709	PE	3	0	18	96	0	1887436904	1907097664	19660760	70217	2.399973
SRR2496709	PE	3	0	19	103	1	2025062504	2044723264	19660760	70217	1.818525
SRR2496709	PE	3	0	20	110	2	2162688104	2182348864	19660760	70217	1.869264
SRR2496709	PE	3	0	21	117	3	2300313704	2319974464	19660760	70217	1.612226
SRR2496709	PE	3	0	22	124	4	2437939304	2457600064	19660760	70217	1.552803
SRR2496709	PE	3	0	23	131	5	2575564904	2595225664	19660760	70217	1.607389
SRR2496709	PE	3	0	24	132	0	2595225664	2614886424	19660760	70217	1.381484
SRR2496709	PE	3	0	25	139	1	2732851264	2752512024	19660760	70217	2.649723
SRR2496709	PE	3	0	26	146	2	2870477060	2890137812	19660752	69228	1.628871
SRR2496709	PE	3	0	27	153	3	3008102608	3027763360	19660752	69228	1.666219
SRR2496709	PE	3	0	28	160	4	3145728156	3165388908	19660752	69228	1.300867
SRR2496709	PE	3	0	29	167	5	3194880036	3199795224	4915188	17307	0.392655
SRR2496709	PE	3	1	0	1	1	19660888	39321660	19660772	71634	2.029966
SRR2496709	PE	3	1	1	8	2	157286544	176947404	19660860	71235	1.519509
SRR2496709	PE	3	1	2	15	3	294912264	314573024	19660760	70217	8.22491
SRR2496709	PE	3	1	3	28	4	550502424	570163464	19661040	70218	1.699686
SRR2496709	PE	3	1	4	35	5	688128024	707789064	19661040	70218	2.229515
SRR2496709	PE	3	1	5	36	0	707789064	727449824	19660760	70217	1.55696
SRR2496709	PE	3	1	6	43	1	845414664	865075424	19660760	70217	1.833832
SRR2496709	PE	3	1	7	50	2	983040264	1002701024	19660760	70217	1.676587
SRR2496709	PE	3	1	8	57	3	1120665864	1140326624	19660760	70217	2.079906
SRR2496709	PE	3	1	9	64	4	1258291464	1277952224	19660760	70217	2.026086
SRR2496709	PE	3	1	10	71	5	1395917064	1415577824	19660760	70217	1.611651
SRR2496709	PE	3	1	11	72	0	1415577824	1435238584	19660760	70217	1.656308
SRR2496709	PE	3	1	12	79	1	1553203424	1572864184	19660760	70217	2.703538
SRR2496709	PE	3	1	13	86	2	1690829024	1710489784	19660760	70217	1.545675
SRR2496709	PE	3	1	14	93	3	1828454624	1848115384	19660760	70217	4.817755
SRR2496709	PE	3	1	15	106	4	2084045064	2103705824	19660760	70217	1.932242
SRR2496709	PE	3	1	16	107	5	2103705824	2123366584	19660760	70217	2.002848
SRR2496709	PE	3	1	17	108	0	2123366584	2143027344	19660760	70217	5.068568
SRR2496709	PE	3	2	0	2	2	39321660	58982520	19660860	71235	2.08036
SRR2496709	PE	3	2	1	9	3	176947404	196608264	19660860	71235	1.595131
SRR2496709	PE	3	2	2	16	4	314573024	334233784	19660760	70217	2.374122
SRR2496709	PE	3	2	3	23	5	452198624	471859384	19660760	70217	1.497619
SRR2496709	PE	3	2	4	24	0	471859384	491520144	19660760	70217	1.494036
SRR2496709	PE	3	2	5	31	1	609484984	629145744	19660760	70217	2.389961
SRR2496709	PE	3	2	6	38	2	747110584	766771344	19660760	70217	1.901758
SRR2496709	PE	3	2	7	45	3	884736184	904396944	19660760	70217	2.405449
SRR2496709	PE	3	2	8	52	4	1022361784	1042022544	19660760	70217	2.683688
SRR2496709	PE	3	2	9	59	5	1159987384	1179648144	19660760	70217	2.306102
SRR2496709	PE	3	2	10	60	0	1179648144	1199308904	19660760	70217	1.397724
SRR2496709	PE	3	2	11	67	1	1317273744	1336934504	19660760	70217	1.849357
SRR2496709	PE	3	2	12	74	2	1454899344	1474560104	19660760	70217	1.567539
SRR2496709	PE	3	2	13	81	3	1592524944	1612185704	19660760	70217	8.14953
SRR2496709	PE	3	2	14	88	4	1730150544	1749811304	19660760	70217	2.259792
SRR2496709	PE	3	2	15	95	5	1867776144	1887436904	19660760	70217	1.679525
SRR2496709	PE	3	2	16	102	0	2005401744	2025062504	19660760	70217	2.009332
SRR2496709	PE	3	2	17	109	1	2143027344	2162688104	19660760	70217	1.535792
SRR2496709	PE	3	2	31	175	1	3234201824	3239117012	4915188	17307	0.461099
SRR2496709	PE	3	2	32	176	2	3239117012	3244032200	4915188	17307	0.385054
SRR2496709	PE	3	2	33	177	3	3244032200	3248947388	4915188	17307	0.365377
SRR2496709	PE	3	2	34	178	4	3248947388	3253862576	4915188	17307	0.499412
SRR2496709	PE	3	2	35	191	5	3312844832	3317760020	4915188	17307	0.357359
SRR2496709	PE	3	2	36	192	0	3317760020	3322675208	4915188	17307	0.350581
SRR2496709	PE	3	2	37	187	1	3293184080	3298099268	4915188	17307	0.411473
SRR2496709	PE	3	2	38	194	2	3327590680	3332505868	4915188	17307	0.341356
SRR2496709	PE	3	2	39	201	3	3361996996	3366912184	4915188	17307	0.374087
SRR2496709	PE	3	2	40	208	4	3396403312	3401318500	4915188	17307	0.379623
SRR2496709	PE	3	2	41	215	5	3430809628	3435724816	4915188	17307	0.345456
SRR2496709	PE	3	2	42	216	0	3435724816	3440640004	4915188	17307	0.351617
SRR2496709	PE	3	2	43	217	1	3440640004	3445555476	4915472	17308	0.484529
SRR2496709	PE	3	2	44	224	2	3475046604	3476275472	1228868	4327	0.2362
SRR2496709	PE	3	2	45	231	3	3483648112	3484876980	1228868	4327	0.119494
SRR2496709	PE	3	2	46	238	4	3492249620	3493478488	1228868	4327	0.111763
SRR2496709	PE	3	2	47	245	5	3500851412	3502080280	1228868	4327	0.4667
SRR2496709	PE	3	2	48	246	0	3502080280	3503308864	1228584	4326	0.111335
SRR2496709	PE	3	2	49	253	1	3510681788	3511910656	1228868	4327	0.215642
SRR2496709	PE	3	2	50	266	2	3526656220	3527884804	1228584	4326	0.223576
SRR2496709	PE	3	2	51	273	3	3535257728	3536060312	802584	2826	0.522944
SRR2496709	PE	3	2	19	128	2	2516582624	2536243384	19660760	70217	1.907844
SRR2496709	PE	3	2	20	135	3	2654208224	2673868984	19660760	70217	1.888662
SRR2496709	PE	3	2	21	142	4	2791833824	2811494520	19660696	69415	1.33005
SRR2496709	PE	3	2	22	149	5	2929459316	2949120068	19660752	69228	1.470934
SRR2496709	PE	3	2	23	150	0	2949120068	2968780820	19660752	69228	1.584418
SRR2496709	PE	3	2	24	157	1	3086745616	3106406652	19661036	69229	1.275652
SRR2496709	PE	3	2	25	170	2	3209625600	3214541072	4915472	17308	0.657644
SRR2496709	PE	3	2	26	183	3	3273523328	3278438516	4915188	17307	0.593235
SRR2496709	PE	3	2	27	190	4	3307929644	3312844832	4915188	17307	0.350044
SRR2496709	PE	3	2	28	197	5	3342336244	3347251432	4915188	17307	0.425577
SRR2496709	PE	3	2	29	198	0	3347251432	3352166620	4915188	17307	0.377394
SRR2496709	PE	3	2	30	193	1	3322675208	3327590680	4915472	17308	0.440632
SRR2496709	PE	3	2	31	200	2	3357081808	3361996996	4915188	17307	0.389502
SRR2496709	PE	3	2	32	207	3	3391488124	3396403312	4915188	17307	0.460781
SRR2496709	PE	3	2	33	214	4	3425894440	3430809628	4915188	17307	0.3663
SRR2496709	PE	3	2	34	221	5	3460301040	3465216228	4915188	17307	0.384377
SRR2496709	PE	3	2	35	222	0	3465216228	3470131416	4915188	17307	0.428627
SRR2496709	PE	3	2	36	235	1	3488563300	3489792168	1228868	4327	0.132168
SRR2496709	PE	3	2	37	242	2	3497164808	3498393676	1228868	4327	0.303954
SRR2496709	PE	3	2	38	249	3	3505766600	3506995468	1228868	4327	0.442261
SRR2496709	PE	3	2	39	262	4	3521741032	3522969616	1228584	4326	0.129064
SRR2496709	PE	3	2	40	269	5	3530342540	3531571408	1228868	4327	0.131436
SRR2496709	PE	3	2	41	270	0	3531571408	3532800276	1228868	4327	0.366676
SRR2496709	PE	3	2	19	123	3	2418278544	2437939304	19660760	70217	1.617263
SRR2496709	PE	3	2	20	130	4	2555904144	2575564904	19660760	70217	1.57465
SRR2496709	PE	3	2	21	137	5	2693529744	2713190504	19660760	70217	2.951733
SRR2496709	PE	3	2	22	138	0	2713190504	2732851264	19660760	70217	2.149763
SRR2496709	PE	3	2	23	145	1	2850816024	2870477060	19661036	69229	1.489007
SRR2496709	PE	3	2	24	152	2	2988441856	3008102608	19660752	69228	3.445798
SRR2496709	PE	3	2	25	159	3	3126067404	3145728156	19660752	69228	1.60123
SRR2496709	PE	3	2	26	166	4	3189964848	3194880036	4915188	17307	0.432214
SRR2496709	PE	3	2	27	173	5	3224371448	3229286636	4915188	17307	0.421355
SRR2496709	PE	3	2	28	174	0	3229286636	3234201824	4915188	17307	0.538177
SRR2496709	PE	3	2	29	181	1	3263692952	3268608140	4915188	17307	0.515769
SRR2496709	PE	3	2	30	188	2	3298099268	3303014456	4915188	17307	0.544685
SRR2496709	PE	3	2	31	195	3	3332505868	3337421056	4915188	17307	0.448511
SRR2496709	PE	3	2	32	202	4	3366912184	3371827372	4915188	17307	0.365086
SRR2496709	PE	3	2	33	209	5	3401318500	3406233688	4915188	17307	0.494965
SRR2496709	PE	3	2	34	210	0	3406233688	3411148876	4915188	17307	0.425908
SRR2496709	PE	3	2	35	211	1	3411148876	3416064064	4915188	17307	0.342934
SRR2496709	PE	3	2	36	218	2	3445555476	3450470664	4915188	17307	0.350955
SRR2496709	PE	3	2	37	225	3	3476275472	3477504056	1228584	4326	0.19185
SRR2496709	PE	3	2	38	232	4	3484876980	3486105848	1228868	4327	0.116899
SRR2496709	PE	3	2	39	239	5	3493478488	3494707356	1228868	4327	0.188909
SRR2496709	PE	3	2	40	240	0	3494707356	3495936224	1228868	4327	0.138529
SRR2496709	PE	3	2	41	247	1	3503308864	3504537732	1228868	4327	0.123178
SRR2496709	PE	3	2	42	254	2	3511910656	3513139240	1228584	4326	0.314206
SRR2496709	PE	3	2	43	261	3	3520512164	3521741032	1228868	4327	0.109984
SRR2496709	PE	3	2	44	268	4	3529113672	3530342540	1228868	4327	0.152587
SRR2496709	PE	3	3	0	3	3	58982520	78643380	19660860	71235	2.332354
SRR2496709	PE	3	3	1	10	4	196608264	216268848	19660584	71234	1.479884
SRR2496709	PE	3	3	2	17	5	334233784	353894544	19660760	70217	1.643452
SRR2496709	PE	3	3	3	18	0	353894544	373555304	19660760	70217	1.961137
SRR2496709	PE	3	3	4	25	1	491520144	511180904	19660760	70217	2.0787
SRR2496709	PE	3	3	5	32	2	629145744	648806504	19660760	70217	2.087455
SRR2496709	PE	3	3	6	39	3	766771344	786432104	19660760	70217	1.235021
SRR2496709	PE	3	3	7	40	4	786432104	806092864	19660760	70217	1.608006
SRR2496709	PE	3	3	8	47	5	924057704	943718464	19660760	70217	2.273463
SRR2496709	PE	3	3	9	48	0	943718464	963379224	19660760	70217	2.888451
SRR2496709	PE	3	3	10	55	1	1081344064	1101004824	19660760	70217	2.3104
SRR2496709	PE	3	3	11	62	2	1218969664	1238630424	19660760	70217	1.472887
SRR2496709	PE	3	3	12	63	3	1238630424	1258291464	19661040	70218	1.520329
SRR2496709	PE	3	3	13	70	4	1376256024	1395917064	19661040	70218	3.474253
SRR2496709	PE	3	3	14	83	5	1631846464	1651507224	19660760	70217	1.904648
SRR2496709	PE	3	3	15	84	0	1651507224	1671168264	19661040	70218	2.132248
SRR2496709	PE	3	3	16	91	1	1789132824	1808793864	19661040	70218	1.685644
SRR2496709	PE	3	3	17	98	2	1926758424	1946419464	19661040	70218	1.367573
SRR2496709	PE	3	-1	19	112	4	2202009624	2221670664	19661040	70218	1.667588
SRR2496709	PE	3	-1	20	113	5	2221670664	2241331424	19660760	70217	1.772736
SRR2496709	PE	3	-1	21	114	0	2241331424	2260992184	19660760	70217	1.374348
SRR2496709	PE	3	-1	22	115	1	2260992184	2280652944	19660760	70217	1.832591
SRR2496709	PE	3	-1	23	122	2	2398617784	2418278544	19660760	70217	1.329795
SRR2496709	PE	3	-1	24	129	3	2536243384	2555904144	19660760	70217	1.592686
SRR2496709	PE	3	-1	25	136	4	2673868984	2693529744	19660760	70217	2.647832
SRR2496709	PE	3	-1	26	143	5	2811494520	2831155272	19660752	69228	2.107152
SRR2496709	PE	3	-1	27	144	0	2831155272	2850816024	19660752	69228	2.082149
SRR2496709	PE	3	-1	28	151	1	2968780820	2988441856	19661036	69229	2.147758
SRR2496709	PE	3	-1	29	158	2	3106406652	3126067404	19660752	69228	1.642478
SRR2496709	PE	3	-1	30	171	3	3214541072	3219456260	4915188	17307	0.532499
SRR2496709	PE	3	-1	31	184	4	3278438516	3283353704	4915188	17307	0.373859
SRR2496709	PE	3	-1	32	185	5	3283353704	3288268892	4915188	17307	0.445645
SRR2496709	PE	3	-1	33	186	0	3288268892	3293184080	4915188	17307	0.548599
SRR2496709	PE	3	-1	34	199	1	3352166620	3357081808	4915188	17307	0.401555
SRR2496709	PE	3	-1	35	206	2	3386572936	3391488124	4915188	17307	0.343787
SRR2496709	PE	3	-1	36	213	3	3420979252	3425894440	4915188	17307	0.360857
SRR2496709	PE	3	-1	37	220	4	3455385852	3460301040	4915188	17307	0.638645
SRR2496709	PE	3	-1	38	227	5	3478732924	3479961792	1228868	4327	0.122477
SRR2496709	PE	3	-1	39	228	0	3479961792	3481190660	1228868	4327	0.117132
SRR2496709	PE	3	-1	40	229	1	3481190660	3482419244	1228584	4326	0.133412
SRR2496709	PE	3	-1	41	230	2	3482419244	3483648112	1228868	4327	0.132566
SRR2496709	PE	3	-1	42	237	3	3491021036	3492249620	1228584	4326	0.123579
SRR2496709	PE	3	-1	43	244	4	3499622544	3500851412	1228868	4327	0.124191
SRR2496709	PE	3	-1	44	251	5	3508224052	3509452920	1228868	4327	0.382725
SRR2496709	PE	3	-1	45	252	0	3509452920	3510681788	1228868	4327	0.108101
SRR2496709	PE	3	-1	46	259	1	3518054428	3519283296	1228868	4327	0.115328
SRR2496709	PE	3	-1	47	260	2	3519283296	3520512164	1228868	4327	0.109563
SRR2496709	PE	3	-1	48	267	3	3527884804	3529113672	1228868	4327	0.316595
SRR2496709	PE	3	4	0	4	4	78643380	98304240	19660860	71235	2.548973
SRR2496709	PE	3	4	1	11	5	216268848	235929708	19660860	71235	1.69028
SRR2496709	PE	3	4	2	12	0	235929708	255590568	19660860	71235	1.881098
SRR2496709	PE	3	4	3	19	1	373555304	393216064	19660760	70217	1.980403
SRR2496709	PE	3	4	4	26	2	511180904	530841664	19660760	70217	2.217408
SRR2496709	PE	3	4	5	33	3	648806504	668467264	19660760	70217	1.567213
SRR2496709	PE	3	4	6	34	4	668467264	688128024	19660760	70217	1.962012
SRR2496709	PE	3	4	7	41	5	806092864	825753624	19660760	70217	1.815903
SRR2496709	PE	3	4	8	42	0	825753624	845414664	19661040	70218	2.210875
SRR2496709	PE	3	4	9	49	1	963379224	983040264	19661040	70218	3.212366
SRR2496709	PE	3	4	10	56	2	1101004824	1120665864	19661040	70218	2.024912
SRR2496709	PE	3	4	11	69	3	1356595264	1376256024	19660760	70217	1.67611
SRR2496709	PE	3	4	12	76	4	1494220864	1513881624	19660760	70217	1.536318
SRR2496709	PE	3	4	13	77	5	1513881624	1533542664	19661040	70218	1.745724
SRR2496709	PE	3	4	14	78	0	1533542664	1553203424	19660760	70217	2.121414
SRR2496709	PE	3	4	15	85	1	1671168264	1690829024	19660760	70217	1.926347
SRR2496709	PE	3	4	16	92	2	1808793864	1828454624	19660760	70217	1.403025
SRR2496709	PE	3	4	17	99	3	1946419464	1966080224	19660760	70217	1.418265
SRR2496709	PE	3	-1	19	125	5	2457600064	2477260824	19660760	70217	1.364568
SRR2496709	PE	3	-1	20	126	0	2477260824	2496921864	19661040	70218	2.832983
SRR2496709	PE	3	-1	21	133	1	2614886424	2634547464	19661040	70218	1.595461
SRR2496709	PE	3	-1	22	140	2	2752512024	2772173064	19661040	70218	2.447572
SRR2496709	PE	3	-1	23	147	3	2890137812	2909798564	19660752	69228	1.323333
SRR2496709	PE	3	-1	24	154	4	3027763360	3047424112	19660752	69228	1.77086
SRR2496709	PE	3	-1	25	161	5	3165388908	3170304096	4915188	17307	0.37308
SRR2496709	PE	3	-1	26	156	0	3067084864	3086745616	19660752	69228	1.316854
SRR2496709	PE	3	-1	27	169	1	3204710412	3209625600	4915188	17307	0.683368
SRR2496709	PE	3	-1	28	182	2	3268608140	3273523328	4915188	17307	0.542765
SRR2496709	PE	3	-1	29	189	3	3303014456	3307929644	4915188	17307	0.480249
SRR2496709	PE	3	-1	30	196	4	3337421056	3342336244	4915188	17307	0.420242
SRR2496709	PE	3	-1	31	203	5	3371827372	3376742560	4915188	17307	0.383317
SRR2496709	PE	3	-1	32	204	0	3376742560	3381657748	4915188	17307	0.359349
SRR2496709	PE	3	-1	33	205	1	3381657748	3386572936	4915188	17307	0.406151
SRR2496709	PE	3	-1	34	212	2	3416064064	3420979252	4915188	17307	0.599635
SRR2496709	PE	3	-1	35	219	3	3450470664	3455385852	4915188	17307	0.529983
SRR2496709	PE	3	-1	36	226	4	3477504056	3478732924	1228868	4327	0.257284
SRR2496709	PE	3	-1	37	233	5	3486105848	3487334432	1228584	4326	0.27492
SRR2496709	PE	3	-1	38	234	0	3487334432	3488563300	1228868	4327	0.111636
SRR2496709	PE	3	-1	39	241	1	3495936224	3497164808	1228584	4326	0.107558
SRR2496709	PE	3	-1	40	248	2	3504537732	3505766600	1228868	4327	0.14587
SRR2496709	PE	3	-1	41	255	3	3513139240	3514368108	1228868	4327	0.13765
SRR2496709	PE	3	-1	42	256	4	3514368108	3515596976	1228868	4327	0.104644
SRR2496709	PE	3	-1	43	263	5	3522969616	3524198484	1228868	4327	0.183963
SRR2496709	PE	3	-1	44	264	0	3524198484	3525427352	1228868	4327	0.110337
SRR2496709	PE	3	-1	45	271	1	3532800276	3534028860	1228584	4326	0.449322
SRR2496709	PE	3	5	0	5	5	98304240	117964824	19660584	71234	2.582163
SRR2496709	PE	3	5	1	6	0	117964824	137625684	19660860	71235	2.034131
SRR2496709	PE	3	5	2	13	1	255590568	275251428	19660860	71235	2.33939
SRR2496709	PE	3	5	3	20	2	393216064	412876824	19660760	70217	2.127995
SRR2496709	PE	3	5	4	27	3	530841664	550502424	19660760	70217	8.089023
SRR2496709	PE	3	5	5	46	4	904396944	924057704	19660760	70217	1.448651
SRR2496709	PE	3	5	6	53	5	1042022544	1061683304	19660760	70217	1.932371
SRR2496709	PE	3	5	7	54	0	1061683304	1081344064	19660760	70217	1.71722
SRR2496709	PE	3	5	8	61	1	1199308904	1218969664	19660760	70217	2.164851
SRR2496709	PE	3	5	9	68	2	1336934504	1356595264	19660760	70217	1.587521
SRR2496709	PE	3	5	10	75	3	1474560104	1494220864	19660760	70217	2.036107
SRR2496709	PE	3	5	11	82	4	1612185704	1631846464	19660760	70217	2.504695
SRR2496709	PE	3	5	12	89	5	1749811304	1769472064	19660760	70217	5.06907
SRR2496709	PE	3	5	13	90	0	1769472064	1789132824	19660760	70217	2.741147
SRR2496709	PE	3	5	14	97	1	1907097664	1926758424	19660760	70217	1.496961
SRR2496709	PE	3	5	15	104	2	2044723264	2064384024	19660760	70217	2.827301
SRR2496709	PE	3	5	16	111	3	2182348864	2202009624	19660760	70217	1.717578
SRR2496709	PE	3	5	17	118	4	2319974464	2339635224	19660760	70217	1.558117
SRR2496709	PE	3	-1	19	120	0	2359296264	2378957024	19660760	70217	2.306648
SRR2496709	PE	3	-1	20	127	1	2496921864	2516582624	19660760	70217	1.637473
SRR2496709	PE	3	-1	21	134	2	2634547464	2654208224	19660760	70217	2.731378
SRR2496709	PE	3	-1	22	141	3	2772173064	2791833824	19660760	70217	1.501712
SRR2496709	PE	3	-1	23	148	4	2909798564	2929459316	19660752	69228	1.410399
SRR2496709	PE	3	-1	24	155	5	3047424112	3067084864	19660752	69228	1.312403
SRR2496709	PE	3	-1	25	162	0	3170304096	3175219284	4915188	17307	0.428696
SRR2496709	PE	3	-1	26	163	1	3175219284	3180134472	4915188	17307	0.343578
SRR2496709	PE	3	-1	27	164	2	3180134472	3185049660	4915188	17307	0.32157
SRR2496709	PE	3	-1	28	165	3	3185049660	3189964848	4915188	17307	0.38374
SRR2496709	PE	3	-1	29	172	4	3219456260	3224371448	4915188	17307	0.399567
SRR2496709	PE	3	-1	30	179	5	3253862576	3258777764	4915188	17307	0.39957
SRR2496709	PE	3	-1	31	180	0	3258777764	3263692952	4915188	17307	5.11573
SRR2496709	PE	3	-1	32	223	1	3470131416	3475046604	4915188	17307	0.427027
SRR2496709	PE	3	-1	33	236	2	3489792168	3491021036	1228868	4327	0.225055
SRR2496709	PE	3	-1	34	243	3	3498393676	3499622544	1228868	4327	0.118629
SRR2496709	PE	3	-1	35	250	4	3506995468	3508224052	1228584	4326	0.117662
SRR2496709	PE	3	-1	36	257	5	3515596976	3516825844	1228868	4327	0.125397
SRR2496709	PE	3	-1	37	258	0	3516825844	3518054428	1228584	4326	0.112253
SRR2496709	PE	3	-1	38	265	1	3525427352	3526656220	1228868	4327	0.105363
SRR2496709	PE	3	-1	39	272	2	3534028860	3535257728	1228868	4327	0.392592
