dataset	read_mode	repeat	rank	order	chunk_id	queue	start	end	bytes	records	stage2_seconds
ERR1203383	PE	1	0	0	0	0	0	19660976	19660976	89570	2.210541
ERR1203383	PE	1	0	1	6	0	117964892	137625820	19660928	87772	2.177885
ERR1203383	PE	1	0	2	12	0	235929600	255590496	19660896	86232	1.890038
ERR1203383	PE	1	0	3	18	0	353894520	373555416	19660896	86232	1.911389
ERR1203383	PE	1	0	4	24	0	471859212	491520108	19660896	86232	1.85491
ERR1203383	PE	1	0	5	30	0	589824132	609484800	19660668	86231	2.065356
ERR1203383	PE	1	0	6	36	0	707788824	727449720	19660896	86232	1.906754
ERR1203383	PE	1	0	7	42	0	825753744	845414412	19660668	86231	2.114913
ERR1203383	PE	1	0	8	48	0	943718436	963379332	19660896	86232	2.157737
ERR1203383	PE	1	0	9	54	0	1061683356	1081344024	19660668	86231	1.772266
ERR1203383	PE	1	0	10	60	0	1179648048	1199308944	19660896	86232	2.196827
ERR1203383	PE	1	0	11	66	0	1297612968	1317273636	19660668	86231	2.453595
ERR1203383	PE	1	0	12	72	0	1415577660	1435238556	19660896	86232	1.783256
ERR1203383	PE	1	0	13	78	0	1533542580	1553203248	19660668	86231	1.701097
ERR1203383	PE	1	0	14	84	0	1651507272	1671168168	19660896	86232	1.654867
ERR1203383	PE	1	0	15	90	0	1769472192	1789132860	19660668	86231	1.860782
ERR1203383	PE	1	0	16	96	0	1887436884	1907097780	19660896	86232	1.895436
ERR1203383	PE	1	0	17	102	0	2005401804	2025062472	19660668	86231	1.654716
ERR1203383	PE	1	0	18	108	0	2123366496	2143027392	19660896	86232	1.766677
ERR1203383	PE	1	0	19	114	0	2241331416	2260992084	19660668	86231	2.128183
ERR1203383	PE	1	0	20	120	0	2359296220	2378956828	19660608	84744	1.848847
ERR1203383	PE	1	0	21	126	0	2477261028	2496921636	19660608	84744	1.75788
ERR1203383	PE	1	0	22	132	0	2595225604	2614886444	19660840	84745	1.963654
ERR1203383	PE	1	0	23	138	0	2713190412	2732851252	19660840	84745	1.766186
ERR1203383	PE	1	0	24	144	0	2831155220	2850816060	19660840	84745	1.7094
ERR1203383	PE	1	0	25	150	0	2949120028	2968780868	19660840	84745	1.727993
ERR1203383	PE	1	0	26	156	0	3067084836	3086745676	19660840	84745	1.672273
ERR1203383	PE	1	0	27	162	0	3155558500	3160473652	4915152	21186	0.534643
ERR1203383	PE	1	0	28	168	0	3185049644	3189965028	4915384	21187	0.535313
ERR1203383	PE	1	0	29	174	0	3214541020	3219456172	4915152	21186	0.365987
ERR1203383	PE	1	0	30	180	0	3244032164	3248947316	4915152	21186	0.449236
ERR1203383	PE	1	0	31	186	0	3273523308	3278438460	4915152	21186	0.53413
ERR1203383	PE	1	0	32	192	0	3303014452	3307929604	4915152	21186	0.487685
ERR1203383	PE	1	0	33	198	0	3332505828	3337420980	4915152	21186	0.681608
ERR1203383	PE	1	0	34	204	0	3361996972	3366912124	4915152	21186	0.646647
ERR1203383	PE	1	0	35	210	0	3391488116	3396403268	4915152	21186	0.475647
ERR1203383	PE	1	0	36	216	0	3420979260	3425894412	4915152	21186	0.550469
ERR1203383	PE	1	0	37	222	0	3450470404	3455385788	4915384	21187	0.628829
ERR1203383	PE	1	0	38	228	0	3479961780	3484876932	4915152	21186	7.694408
ERR1203383	PE	1	1	0	1	1	19660976	39321628	19660652	87957	2.331774
ERR1203383	PE	1	1	1	7	1	137625820	157286524	19660704	87771	1.917653
ERR1203383	PE	1	1	2	13	1	255590496	275251392	19660896	86232	1.812748
ERR1203383	PE	1	1	3	19	1	373555416	393216084	19660668	86231	1.991808
ERR1203383	PE	1	1	4	25	1	491520108	511181004	19660896	86232	1.683372
ERR1203383	PE	1	1	5	31	1	609484800	629145696	19660896	86232	1.651059
ERR1203383	PE	1	1	6	37	1	727449720	747110616	19660896	86232	1.949213
ERR1203383	PE	1	1	7	43	1	845414412	865075308	19660896	86232	2.119536
ERR1203383	PE	1	1	8	49	1	963379332	983040000	19660668	86231	2.005885
ERR1203383	PE	1	1	9	55	1	1081344024	1101004920	19660896	86232	1.922742
ERR1203383	PE	1	1	10	61	1	1199308944	1218969612	19660668	86231	2.061808
ERR1203383	PE	1	1	11	67	1	1317273636	1336934532	19660896	86232	2.334899
ERR1203383	PE	1	1	12	73	1	1435238556	1454899224	19660668	86231	2.10215
ERR1203383	PE	1	1	13	79	1	1553203248	1572864144	19660896	86232	2.117158
ERR1203383	PE	1	1	14	85	1	1671168168	1690828836	19660668	86231	1.676992
ERR1203383	PE	1	1	15	91	1	1789132860	1808793756	19660896	86232	1.693062
ERR1203383	PE	1	1	16	97	1	1907097780	1926758448	19660668	86231	1.718581
ERR1203383	PE	1	1	17	103	1	2025062472	2044723368	19660896	86232	1.763103
ERR1203383	PE	1	1	18	109	1	2143027392	2162688060	19660668	86231	2.104191
ERR1203383	PE	1	1	19	115	1	2260992084	2280652860	19660776	85846	2.173403
ERR1203383	PE	1	1	20	121	1	2378956828	2398617668	19660840	84745	1.681754
ERR1203383	PE	1	1	21	127	1	2496921636	2516582476	19660840	84745	1.847093
ERR1203383	PE	1	1	22	133	1	2614886444	2634547284	19660840	84745	1.750954
ERR1203383	PE	1	1	23	139	1	2732851252	2752512092	19660840	84745	1.934799
ERR1203383	PE	1	1	24	145	1	2850816060	2870476900	19660840	84745	1.583809
ERR1203383	PE	1	1	25	151	1	2968780868	2988441708	19660840	84745	1.84278
ERR1203383	PE	1	1	26	157	1	3086745676	3106406516	19660840	84745	1.683754
ERR1203383	PE	1	1	27	163	1	3160473652	3165388804	4915152	21186	0.523472
ERR1203383	PE	1	1	28	169	1	3189965028	3194880180	4915152	21186	0.432353
ERR1203383	PE	1	1	29	175	1	3219456172	3224371324	4915152	21186	0.695517
ERR1203383	PE	1	1	30	181	1	3248947316	3253862468	4915152	21186	0.495899
ERR1203383	PE	1	1	31	187	1	3278438460	3283353612	4915152	21186	0.564379
ERR1203383	PE	1	1	32	193	1	3307929604	3312844988	4915384	21187	0.456334
ERR1203383	PE	1	1	33	199	1	3337420980	3342336132	4915152	21186	0.70114
ERR1203383	PE	1	1	34	205	1	3366912124	3371827276	4915152	21186	0.521481
ERR1203383	PE	1	1	35	211	1	3396403268	3401318420	4915152	21186	0.520748
ERR1203383	PE	1	1	36	217	1	3425894412	3430809796	4915384	21187	0.653548
ERR1203383	PE	1	1	37	223	1	3455385788	3460300940	4915152	21186	0.397427
ERR1203383	PE	1	1	38	229	1	3484876932	3489792084	4915152	21186	12.178161
ERR1203383	PE	1	2	0	2	2	39321628	58982556	19660928	87772	2.339271
ERR1203383	PE	1	2	1	8	2	157286524	176947228	19660704	87771	2.234714
ERR1203383	PE	1	2	2	14	2	275251392	294912060	19660668	86231	1.849386
ERR1203383	PE	1	2	3	20	2	393216084	412876980	19660896	86232	1.806745
ERR1203383	PE	1	2	4	26	2	511181004	530841672	19660668	86231	2.022494
ERR1203383	PE	1	2	5	32	2	629145696	648806592	19660896	86232	1.529232
ERR1203383	PE	1	2	6	38	2	747110616	766771284	19660668	86231	2.004913
ERR1203383	PE	1	2	7	44	2	865075308	884736204	19660896	86232	2.132505
ERR1203383	PE	1	2	8	50	2	983040000	1002700896	19660896	86232	2.25048
ERR1203383	PE	1	2	9	56	2	1101004920	1120665816	19660896	86232	1.802467
ERR1203383	PE	1	2	10	62	2	1218969612	1238630508	19660896	86232	1.84305
ERR1203383	PE	1	2	11	68	2	1336934532	1356595200	19660668	86231	1.849174
ERR1203383	PE	1	2	12	74	2	1454899224	1474560120	19660896	86232	1.877132
ERR1203383	PE	1	2	13	80	2	1572864144	1592524812	19660668	86231	2.003773
ERR1203383	PE	1	2	14	86	2	1690828836	1710489732	19660896	86232	2.02335
ERR1203383	PE	1	2	15	92	2	1808793756	1828454424	19660668	86231	1.844691
ERR1203383	PE	1	2	16	98	2	1926758448	1946419344	19660896	86232	1.49454
ERR1203383	PE	1	2	17	104	2	2044723368	2064384036	19660668	86231	1.722226
ERR1203383	PE	1	2	18	110	2	2162688060	2182348956	19660896	86232	1.769957
ERR1203383	PE	1	2	19	116	2	2280652860	2300313700	19660840	84745	1.725336
ERR1203383	PE	1	2	20	122	2	2398617668	2418278508	19660840	84745	2.126624
ERR1203383	PE	1	2	21	128	2	2516582476	2536243316	19660840	84745	1.862943
ERR1203383	PE	1	2	22	134	2	2634547284	2654208124	19660840	84745	1.656589
ERR1203383	PE	1	2	23	140	2	2752512092	2772172932	19660840	84745	1.734873
ERR1203383	PE	1	2	24	146	2	2870476900	2890137740	19660840	84745	2.024818
ERR1203383	PE	1	2	25	152	2	2988441708	3008102548	19660840	84745	1.733421
ERR1203383	PE	1	2	26	158	2	3106406516	3126067356	19660840	84745	2.018163
ERR1203383	PE	1	2	27	164	2	3165388804	3170304188	4915384	21187	0.527598
ERR1203383	PE	1	3	0	3	3	58982556	78643260	19660704	87771	2.286495
ERR1203383	PE	1	3	1	9	3	176947228	196608156	19660928	87772	2.131959
ERR1203383	PE	1	3	2	15	3	294912060	314572956	19660896	86232	1.751501
ERR1203383	PE	1	3	3	21	3	412876980	432537648	19660668	86231	2.133848
ERR1203383	PE	1	3	4	27	3	530841672	550502568	19660896	86232	1.838465
ERR1203383	PE	1	3	5	33	3	648806592	668467260	19660668	86231	1.781214
ERR1203383	PE	1	3	6	39	3	766771284	786432180	19660896	86232	1.810374
ERR1203383	PE	1	3	7	45	3	884736204	904396872	19660668	86231	2.171939
ERR1203383	PE	1	3	8	51	3	1002700896	1022361792	19660896	86232	2.035196
ERR1203383	PE	1	3	9	57	3	1120665816	1140326484	19660668	86231	1.586276
ERR1203383	PE	1	3	10	63	3	1238630508	1258291404	19660896	86232	1.922439
ERR1203383	PE	1	3	11	69	3	1356595200	1376256096	19660896	86232	1.910214
ERR1203383	PE	1	3	12	75	3	1474560120	1494221016	19660896	86232	3.399147
ERR1203383	PE	1	3	13	81	3	1592524812	1612185708	19660896	86232	2.300241
ERR1203383	PE	1	3	14	87	3	1710489732	1730150400	19660668	86231	2.172234
ERR1203383	PE	1	3	15	93	3	1828454424	1848115320	19660896	86232	1.60406
ERR1203383	PE	1	3	16	99	3	1946419344	1966080012	19660668	86231	1.665291
ERR1203383	PE	1	3	17	105	3	2064384036	2084044932	19660896	86232	2.047563
ERR1203383	PE	1	3	29	176	2	3224371324	3229286476	4915152	21186	0.746521
ERR1203383	PE	1	3	30	182	2	3253862468	3258777620	4915152	21186	0.513653
ERR1203383	PE	1	3	31	188	2	3283353612	3288268996	4915384	21187	0.450066
ERR1203383	PE	1	3	32	194	2	3312844988	3317760140	4915152	21186	0.485425
ERR1203383	PE	1	3	33	200	2	3342336132	3347251284	4915152	21186	0.576992
ERR1203383	PE	1	3	34	206	2	3371827276	3376742428	4915152	21186	0.541876
ERR1203383	PE	1	3	35	212	2	3401318420	3406233804	4915384	21187	0.791113
ERR1203383	PE	1	3	36	218	2	3430809796	3435724948	4915152	21186	0.650343
ERR1203383	PE	1	3	37	224	2	3460300940	3465216092	4915152	21186	0.552255
ERR1203383	PE	1	3	38	230	2	3489792084	3494707236	4915152	21186	12.10227
ERR1203383	PE	1	3	19	117	3	2300313700	2319974540	19660840	84745	1.860242
ERR1203383	PE	1	3	20	123	3	2418278508	2437939348	19660840	84745	1.862212
ERR1203383	PE	1	3	21	129	3	2536243316	2555904156	19660840	84745	1.461726
ERR1203383	PE	1	3	22	135	3	2654208124	2673868964	19660840	84745	1.8476
ERR1203383	PE	1	3	23	141	3	2772172932	2791833772	19660840	84745	1.606417
ERR1203383	PE	1	3	24	147	3	2890137740	2909798580	19660840	84745	2.063331
ERR1203383	PE	1	3	25	153	3	3008102548	3027763388	19660840	84745	2.237943
ERR1203383	PE	1	3	26	159	3	3126067356	3145728196	19660840	84745	1.875486
ERR1203383	PE	1	3	27	165	3	3170304188	3175219340	4915152	21186	0.438604
ERR1203383	PE	1	3	28	171	3	3199795332	3204710484	4915152	21186	0.615048
ERR1203383	PE	1	3	29	177	3	3229286476	3234201628	4915152	21186	0.495552
ERR1203383	PE	1	3	30	183	3	3258777620	3263693004	4915384	21187	0.509302
ERR1203383	PE	1	3	31	189	3	3288268996	3293184148	4915152	21186	0.49111
ERR1203383	PE	1	3	32	195	3	3317760140	3322675292	4915152	21186	0.485974
ERR1203383	PE	1	3	33	201	3	3347251284	3352166436	4915152	21186	0.583341
ERR1203383	PE	1	3	34	207	3	3376742428	3381657812	4915384	21187	0.615389
ERR1203383	PE	1	3	35	213	3	3406233804	3411148956	4915152	21186	0.868402
ERR1203383	PE	1	3	36	219	3	3435724948	3440640100	4915152	21186	0.711754
ERR1203383	PE	1	3	37	225	3	3465216092	3470131244	4915152	21186	2.483099
ERR1203383	PE	1	4	0	4	4	78643260	98304188	19660928	87772	2.199177
ERR1203383	PE	1	4	1	10	4	196608156	216268860	19660704	87771	1.722151
ERR1203383	PE	1	4	2	16	4	314572956	334233624	19660668	86231	1.89217
ERR1203383	PE	1	4	3	22	4	432537648	452198544	19660896	86232	1.915093
ERR1203383	PE	1	4	4	28	4	550502568	570163236	19660668	86231	1.801507
ERR1203383	PE	1	4	5	34	4	668467260	688128156	19660896	86232	2.456501
ERR1203383	PE	1	4	6	40	4	786432180	806092848	19660668	86231	1.998032
ERR1203383	PE	1	4	7	46	4	904396872	924057768	19660896	86232	2.274245
ERR1203383	PE	1	4	8	52	4	1022361792	1042022460	19660668	86231	1.689807
ERR1203383	PE	1	4	9	58	4	1140326484	1159987380	19660896	86232	1.716152
ERR1203383	PE	1	4	10	64	4	1258291404	1277952072	19660668	86231	1.930838
ERR1203383	PE	1	4	11	70	4	1376256096	1395916992	19660896	86232	1.954699
ERR1203383	PE	1	4	12	76	4	1494221016	1513881684	19660668	86231	2.279012
ERR1203383	PE	1	4	13	82	4	1612185708	1631846604	19660896	86232	1.936093
ERR1203383	PE	1	4	14	88	4	1730150400	1749811296	19660896	86232	2.143634
ERR1203383	PE	1	4	15	94	4	1848115320	1867776216	19660896	86232	1.656988
ERR1203383	PE	1	4	16	100	4	1966080012	1985740908	19660896	86232	1.995643
ERR1203383	PE	1	4	17	106	4	2084044932	2103705600	19660668	86231	1.733089
ERR1203383	PE	1	5	0	5	5	98304188	117964892	19660704	87771	2.383866
ERR1203383	PE	1	5	1	11	5	216268860	235929600	19660740	86802	1.779894
ERR1203383	PE	1	5	2	17	5	334233624	353894520	19660896	86232	1.738894
ERR1203383	PE	1	5	3	23	5	452198544	471859212	19660668	86231	2.224572
ERR1203383	PE	1	5	4	29	5	570163236	589824132	19660896	86232	1.815562
ERR1203383	PE	1	5	5	35	5	688128156	707788824	19660668	86231	1.819149
ERR1203383	PE	1	5	6	41	5	806092848	825753744	19660896	86232	2.139552
ERR1203383	PE	1	5	7	47	5	924057768	943718436	19660668	86231	2.189402
ERR1203383	PE	1	5	8	53	5	1042022460	1061683356	19660896	86232	1.981081
ERR1203383	PE	1	5	9	59	5	1159987380	1179648048	19660668	86231	2.282422
ERR1203383	PE	1	5	10	65	5	1277952072	1297612968	19660896	86232	2.103812
ERR1203383	PE	1	5	11	71	5	1395916992	1415577660	19660668	86231	1.927268
ERR1203383	PE	1	5	12	77	5	1513881684	1533542580	19660896	86232	2.066209
ERR1203383	PE	1	5	13	83	5	1631846604	1651507272	19660668	86231	1.743587
ERR1203383	PE	1	5	14	89	5	1749811296	1769472192	19660896	86232	1.788783
ERR1203383	PE	1	5	15	95	5	1867776216	1887436884	19660668	86231	1.971496
ERR1203383	PE	1	5	16	101	5	1985740908	2005401804	19660896	86232	1.892419
ERR1203383	PE	1	5	17	107	5	2103705600	2123366496	19660896	86232	1.620019
ERR1203383	PE	1	2	19	118	4	2319974540	2339635380	19660840	84745	2.126387
ERR1203383	PE	1	2	20	124	4	2437939348	2457600188	19660840	84745	1.543166
ERR1203383	PE	1	2	21	130	4	2555904156	2575564996	19660840	84745	2.079382
ERR1203383	PE	1	2	22	136	4	2673868964	2693529804	19660840	84745	1.850405
ERR1203383	PE	1	2	23	142	4	2791833772	2811494612	19660840	84745	1.781131
ERR1203383	PE	1	2	24	148	4	2909798580	2929459420	19660840	84745	2.059481
ERR1203383	PE	1	2	25	154	4	3027763388	3047424228	19660840	84745	1.737821
ERR1203383	PE	1	2	26	160	4	3145728196	3150643348	4915152	21186	0.615083
ERR1203383	PE	1	2	27	166	4	3175219340	3180134492	4915152	21186	0.492599
ERR1203383	PE	1	2	28	172	4	3204710484	3209625636	4915152	21186	0.466511
ERR1203383	PE	1	2	29	178	4	3234201628	3239117012	4915384	21187	0.570206
ERR1203383	PE	1	2	30	184	4	3263693004	3268608156	4915152	21186	0.515246
ERR1203383	PE	1	2	31	190	4	3293184148	3298099300	4915152	21186	0.538116
ERR1203383	PE	1	2	32	196	4	3322675292	3327590444	4915152	21186	0.62334
ERR1203383	PE	1	2	33	202	4	3352166436	3357081820	4915384	21187	0.627228
ERR1203383	PE	1	2	34	208	4	3381657812	3386572964	4915152	21186	0.527831
ERR1203383	PE	1	2	35	214	4	3411148956	3416064108	4915152	21186	0.577808
ERR1203383	PE	1	2	36	220	4	3440640100	3445555252	4915152	21186	0.488834
ERR1203383	PE	1	2	37	226	4	3470131244	3475046628	4915384	21187	0.989749
ERR1203383	PE	1	2	38	221	5	3445555252	3450470404	4915152	21186	0.781555
ERR1203383	PE	1	2	39	231	3	3494707236	3499281348	4574112	19716	10.02678
ERR1203383	PE	1	2	19	119	5	2339635380	2359296220	19660840	84745	1.823854
ERR1203383	PE	1	2	20	125	5	2457600188	2477261028	19660840	84745	1.878973
ERR1203383	PE	1	2	21	131	5	2575564996	2595225604	19660608	84744	1.835744
ERR1203383	PE	1	2	22	137	5	2693529804	2713190412	19660608	84744	1.614402
ERR1203383	PE	1	2	23	143	5	2811494612	2831155220	19660608	84744	1.789363
ERR1203383	PE	1	2	24	149	5	2929459420	2949120028	19660608	84744	1.701901
ERR1203383	PE	1	2	25	155	5	3047424228	3067084836	19660608	84744	1.714622
ERR1203383	PE	1	2	26	161	5	3150643348	3155558500	4915152	21186	0.564621
ERR1203383	PE	1	2	27	167	5	3180134492	3185049644	4915152	21186	0.563517
ERR1203383	PE	1	2	28	173	5	3209625636	3214541020	4915384	21187	0.419056
ERR1203383	PE	1	2	29	179	5	3239117012	3244032164	4915152	21186	0.596507
ERR1203383	PE	1	2	30	185	5	3268608156	3273523308	4915152	21186	0.492849
ERR1203383	PE	1	2	31	191	5	3298099300	3303014452	4915152	21186	0.426444
ERR1203383	PE	1	2	32	197	5	3327590444	3332505828	4915384	21187	0.414032
ERR1203383	PE	1	2	33	203	5	3357081820	3361996972	4915152	21186	0.732232
ERR1203383	PE	1	2	34	209	5	3386572964	3391488116	4915152	21186	3.244338
ERR1203383	PE	1	2	35	215	5	3416064108	3420979260	4915152	21186	0.639612
ERR1203383	PE	1	2	36	227	5	3475046628	3479961780	4915152	21186	2.137766
ERR1203383	PE	2	0	0	0	0	0	19660976	19660976	89570	2.181312
ERR1203383	PE	2	0	1	6	0	117964892	137625820	19660928	87772	2.168885
ERR1203383	PE	2	0	2	12	0	235929600	255590496	19660896	86232	1.875301
ERR1203383	PE	2	0	3	18	0	353894520	373555416	19660896	86232	1.91828
ERR1203383	PE	2	0	4	24	0	471859212	491520108	19660896	86232	1.870751
ERR1203383	PE	2	0	5	30	0	589824132	609484800	19660668	86231	2.063725
ERR1203383	PE	2	0	6	36	0	707788824	727449720	19660896	86232	1.907751
ERR1203383	PE	2	0	7	42	0	825753744	845414412	19660668	86231	2.127028
ERR1203383	PE	2	0	8	48	0	943718436	963379332	19660896	86232	2.169939
ERR1203383	PE	2	0	9	54	0	1061683356	1081344024	19660668	86231	1.772698
ERR1203383	PE	2	0	10	60	0	1179648048	1199308944	19660896	86232	2.187816
ERR1203383	PE	2	0	11	66	0	1297612968	1317273636	19660668	86231	2.448767
ERR1203383	PE	2	0	12	72	0	1415577660	1435238556	19660896	86232	1.775464
ERR1203383	PE	2	0	13	78	0	1533542580	1553203248	19660668	86231	1.676388
ERR1203383	PE	2	0	14	84	0	1651507272	1671168168	19660896	86232	1.654363
ERR1203383	PE	2	0	15	90	0	1769472192	1789132860	19660668	86231	1.852184
ERR1203383	PE	2	0	16	96	0	1887436884	1907097780	19660896	86232	1.891898
ERR1203383	PE	2	0	17	102	0	2005401804	2025062472	19660668	86231	1.662404
ERR1203383	PE	2	0	18	108	0	2123366496	2143027392	19660896	86232	1.758395
ERR1203383	PE	2	0	19	114	0	2241331416	2260992084	19660668	86231	2.117901
ERR1203383	PE	2	0	20	120	0	2359296220	2378956828	19660608	84744	1.846203
ERR1203383	PE	2	0	21	126	0	2477261028	2496921636	19660608	84744	1.765334
ERR1203383	PE	2	0	22	132	0	2595225604	2614886444	19660840	84745	1.979998
ERR1203383	PE	2	0	23	138	0	2713190412	2732851252	19660840	84745	1.764673
ERR1203383	PE	2	0	24	144	0	2831155220	2850816060	19660840	84745	1.711171
ERR1203383	PE	2	0	25	150	0	2949120028	2968780868	19660840	84745	1.731964
ERR1203383	PE	2	0	26	156	0	3067084836	3086745676	19660840	84745	1.688412
ERR1203383	PE	2	0	27	162	0	3155558500	3160473652	4915152	21186	0.542245
ERR1203383	PE	2	0	28	168	0	3185049644	3189965028	4915384	21187	0.540833
ERR1203383	PE	2	0	29	174	0	3214541020	3219456172	4915152	21186	0.376655
ERR1203383	PE	2	0	30	180	0	3244032164	3248947316	4915152	21186	0.463347
ERR1203383	PE	2	0	31	186	0	3273523308	3278438460	4915152	21186	0.539097
ERR1203383	PE	2	0	32	192	0	3303014452	3307929604	4915152	21186	0.488698
ERR1203383	PE	2	0	33	198	0	3332505828	3337420980	4915152	21186	0.683218
ERR1203383	PE	2	0	34	204	0	3361996972	3366912124	4915152	21186	0.655007
ERR1203383	PE	2	0	35	210	0	3391488116	3396403268	4915152	21186	0.48314
ERR1203383	PE	2	0	36	216	0	3420979260	3425894412	4915152	21186	0.563413
ERR1203383	PE	2	0	37	222	0	3450470404	3455385788	4915384	21187	0.63358
ERR1203383	PE	2	0	38	228	0	3479961780	3484876932	4915152	21186	7.712531
ERR1203383	PE	2	1	0	1	1	19660976	39321628	19660652	87957	2.353212
ERR1203383	PE	2	1	1	7	1	137625820	157286524	19660704	87771	1.934182
ERR1203383	PE	2	1	2	13	1	255590496	275251392	19660896	86232	1.810701
ERR1203383	PE	2	1	3	19	1	373555416	393216084	19660668	86231	1.998041
ERR1203383	PE	2	1	4	25	1	491520108	511181004	19660896	86232	1.692443
ERR1203383	PE	2	1	5	31	1	609484800	629145696	19660896	86232	1.643741
ERR1203383	PE	2	1	6	37	1	727449720	747110616	19660896	86232	1.947339
ERR1203383	PE	2	1	7	43	1	845414412	865075308	19660896	86232	2.108519
ERR1203383	PE	2	1	8	49	1	963379332	983040000	19660668	86231	2.009726
ERR1203383	PE	2	1	9	55	1	1081344024	1101004920	19660896	86232	1.933885
ERR1203383	PE	2	1	10	61	1	1199308944	1218969612	19660668	86231	2.066418
ERR1203383	PE	2	1	11	67	1	1317273636	1336934532	19660896	86232	2.335485
ERR1203383	PE	2	1	12	73	1	1435238556	1454899224	19660668	86231	2.088653
ERR1203383	PE	2	1	13	79	1	1553203248	1572864144	19660896	86232	2.115827
ERR1203383	PE	2	1	14	85	1	1671168168	1690828836	19660668	86231	1.679431
ERR1203383	PE	2	1	15	91	1	1789132860	1808793756	19660896	86232	1.689879
ERR1203383	PE	2	1	16	97	1	1907097780	1926758448	19660668	86231	1.721806
ERR1203383	PE	2	1	17	103	1	2025062472	2044723368	19660896	86232	1.74125
ERR1203383	PE	2	1	18	109	1	2143027392	2162688060	19660668	86231	2.097164
ERR1203383	PE	2	1	19	115	1	2260992084	2280652860	19660776	85846	2.176844
ERR1203383	PE	2	1	20	121	1	2378956828	2398617668	19660840	84745	1.677366
ERR1203383	PE	2	1	21	127	1	2496921636	2516582476	19660840	84745	1.850475
ERR1203383	PE	2	1	22	133	1	2614886444	2634547284	19660840	84745	1.746892
ERR1203383	PE	2	1	23	139	1	2732851252	2752512092	19660840	84745	1.938642
ERR1203383	PE	2	1	24	145	1	2850816060	2870476900	19660840	84745	1.588495
ERR1203383	PE	2	1	25	151	1	2968780868	2988441708	19660840	84745	1.850323
ERR1203383	PE	2	1	26	157	1	3086745676	3106406516	19660840	84745	1.688711
ERR1203383	PE	2	1	27	163	1	3160473652	3165388804	4915152	21186	0.523912
ERR1203383	PE	2	1	28	169	1	3189965028	3194880180	4915152	21186	0.428134
ERR1203383	PE	2	1	29	175	1	3219456172	3224371324	4915152	21186	0.696761
ERR1203383	PE	2	1	30	181	1	3248947316	3253862468	4915152	21186	0.504124
ERR1203383	PE	2	1	31	187	1	3278438460	3283353612	4915152	21186	0.563764
ERR1203383	PE	2	1	32	193	1	3307929604	3312844988	4915384	21187	0.463886
ERR1203383	PE	2	1	33	199	1	3337420980	3342336132	4915152	21186	0.696434
ERR1203383	PE	2	1	34	205	1	3366912124	3371827276	4915152	21186	0.517919
ERR1203383	PE	2	1	35	211	1	3396403268	3401318420	4915152	21186	0.523811
ERR1203383	PE	2	1	36	217	1	3425894412	3430809796	4915384	21187	0.641609
ERR1203383	PE	2	1	37	223	1	3455385788	3460300940	4915152	21186	0.401776
ERR1203383	PE	2	1	38	229	1	3484876932	3489792084	4915152	21186	12.172337
ERR1203383	PE	2	2	0	2	2	39321628	58982556	19660928	87772	2.323582
ERR1203383	PE	2	2	1	8	2	157286524	176947228	19660704	87771	2.230566
ERR1203383	PE	2	2	2	14	2	275251392	294912060	19660668	86231	1.83203
ERR1203383	PE	2	2	3	20	2	393216084	412876980	19660896	86232	1.812819
ERR1203383	PE	2	2	4	26	2	511181004	530841672	19660668	86231	2.019713
ERR1203383	PE	2	2	5	32	2	629145696	648806592	19660896	86232	1.526203
ERR1203383	PE	2	2	6	38	2	747110616	766771284	19660668	86231	2.004682
ERR1203383	PE	2	2	7	44	2	865075308	884736204	19660896	86232	2.137203
ERR1203383	PE	2	2	8	50	2	983040000	1002700896	19660896	86232	2.249561
ERR1203383	PE	2	2	9	56	2	1101004920	1120665816	19660896	86232	1.7874
ERR1203383	PE	2	2	10	62	2	1218969612	1238630508	19660896	86232	1.844982
ERR1203383	PE	2	2	11	68	2	1336934532	1356595200	19660668	86231	1.844817
ERR1203383	PE	2	2	12	74	2	1454899224	1474560120	19660896	86232	1.879193
ERR1203383	PE	2	2	13	80	2	1572864144	1592524812	19660668	86231	2.011451
ERR1203383	PE	2	2	14	86	2	1690828836	1710489732	19660896	86232	2.017791
ERR1203383	PE	2	2	15	92	2	1808793756	1828454424	19660668	86231	1.857619
ERR1203383	PE	2	2	16	98	2	1926758448	1946419344	19660896	86232	1.493752
ERR1203383	PE	2	2	17	104	2	2044723368	2064384036	19660668	86231	1.716031
ERR1203383	PE	2	2	18	110	2	2162688060	2182348956	19660896	86232	1.779224
ERR1203383	PE	2	2	19	116	2	2280652860	2300313700	19660840	84745	1.729698
ERR1203383	PE	2	2	20	122	2	2398617668	2418278508	19660840	84745	2.138183
ERR1203383	PE	2	2	21	128	2	2516582476	2536243316	19660840	84745	1.872602
ERR1203383	PE	2	2	22	134	2	2634547284	2654208124	19660840	84745	1.657381
ERR1203383	PE	2	2	23	140	2	2752512092	2772172932	19660840	84745	1.732934
ERR1203383	PE	2	2	24	146	2	2870476900	2890137740	19660840	84745	2.026963
ERR1203383	PE	2	2	25	152	2	2988441708	3008102548	19660840	84745	1.742745
ERR1203383	PE	2	2	26	158	2	3106406516	3126067356	19660840	84745	2.013478
ERR1203383	PE	2	3	0	3	3	58982556	78643260	19660704	87771	2.189621
ERR1203383	PE	2	3	1	9	3	176947228	196608156	19660928	87772	2.134989
ERR1203383	PE	2	3	2	15	3	294912060	314572956	19660896	86232	1.755354
ERR1203383	PE	2	3	3	21	3	412876980	432537648	19660668	86231	2.136437
ERR1203383	PE	2	3	4	27	3	530841672	550502568	19660896	86232	1.831714
ERR1203383	PE	2	3	5	33	3	648806592	668467260	19660668	86231	1.789491
ERR1203383	PE	2	3	6	39	3	766771284	786432180	19660896	86232	1.797825
ERR1203383	PE	2	3	7	45	3	884736204	904396872	19660668	86231	2.153158
ERR1203383	PE	2	3	8	51	3	1002700896	1022361792	19660896	86232	2.0259
ERR1203383	PE	2	3	9	57	3	1120665816	1140326484	19660668	86231	1.588202
ERR1203383	PE	2	3	10	63	3	1238630508	1258291404	19660896	86232	1.925997
ERR1203383	PE	2	3	11	69	3	1356595200	1376256096	19660896	86232	1.928614
ERR1203383	PE	2	3	12	75	3	1474560120	1494221016	19660896	86232	3.390821
ERR1203383	PE	2	3	13	81	3	1592524812	1612185708	19660896	86232	2.296818
ERR1203383	PE	2	3	14	87	3	1710489732	1730150400	19660668	86231	2.172515
ERR1203383	PE	2	3	15	93	3	1828454424	1848115320	19660896	86232	1.598079
ERR1203383	PE	2	3	16	99	3	1946419344	1966080012	19660668	86231	1.666298
ERR1203383	PE	2	3	17	105	3	2064384036	2084044932	19660896	86232	2.043341
ERR1203383	PE	2	3	18	11	2	3165388804	3170304188	4915384	21187	0.531127
ERR1203383	PE	2	3	28	170	2	3194880180	3199795332	4915152	21186	0.564879
ERR1203383	PE	2	3	29	176	2	3224371324	3229286476	4915152	21186	0.752501
ERR1203383	PE	2	3	30	182	2	3253862468	3258777620	4915152	21186	0.508307
ERR1203383	PE	2	3	31	188	2	3283353612	3288268996	4915384	21187	0.4452
ERR1203383	PE	2	3	32	194	2	3312844988	3317760140	4915152	21186	0.489844
ERR1203383	PE	2	3	33	200	2	3342336132	3347251284	4915152	21186	0.581237
ERR1203383	PE	2	3	34	206	2	3371827276	3376742428	4915152	21186	0.534521
ERR1203383	PE	2	3	35	212	2	3401318420	3406233804	4915384	21187	0.786254
ERR1203383	PE	2	3	36	218	2	3430809796	3435724948	4915152	21186	0.649258
ERR1203383	PE	2	3	37	224	2	3460300940	3465216092	4915152	21186	0.552292
ERR1203383	PE	2	3	38	230	2	3489792084	3494707236	4915152	21186	12.099716
ERR1203383	PE	2	3	19	117	3	2300313700	2319974540	19660840	84745	1.857946
ERR1203383	PE	2	3	20	123	3	2418278508	2437939348	19660840	84745	1.836351
ERR1203383	PE	2	3	21	129	3	2536243316	2555904156	19660840	84745	1.452127
ERR1203383	PE	2	3	22	135	3	2654208124	2673868964	19660840	84745	1.847055
ERR1203383	PE	2	3	23	141	3	2772172932	2791833772	19660840	84745	1.612089
ERR1203383	PE	2	3	24	147	3	2890137740	2909798580	19660840	84745	2.056212
ERR1203383	PE	2	3	25	153	3	3008102548	3027763388	19660840	84745	2.224881
ERR1203383	PE	2	3	26	159	3	3126067356	3145728196	19660840	84745	1.873728
ERR1203383	PE	2	3	27	165	3	3170304188	3175219340	4915152	21186	0.442477
ERR1203383	PE	2	3	28	171	3	3199795332	3204710484	4915152	21186	0.607953
ERR1203383	PE	2	3	29	177	3	3229286476	3234201628	4915152	21186	0.50303
ERR1203383	PE	2	3	30	183	3	3258777620	3263693004	4915384	21187	0.504117
ERR1203383	PE	2	3	31	189	3	3288268996	3293184148	4915152	21186	0.503411
ERR1203383	PE	2	3	32	195	3	3317760140	3322675292	4915152	21186	0.506636
ERR1203383	PE	2	3	33	201	3	3347251284	3352166436	4915152	21186	0.568849
ERR1203383	PE	2	3	34	207	3	3376742428	3381657812	4915384	21187	0.616891
ERR1203383	PE	2	3	35	213	3	3406233804	3411148956	4915152	21186	0.869447
ERR1203383	PE	2	3	36	219	3	3435724948	3440640100	4915152	21186	0.70892
ERR1203383	PE	2	3	37	225	3	3465216092	3470131244	4915152	21186	2.479872
ERR1203383	PE	2	4	0	4	4	78643260	98304188	19660928	87772	2.17717
ERR1203383	PE	2	4	1	10	4	196608156	216268860	19660704	87771	1.712866
ERR1203383	PE	2	4	2	16	4	314572956	334233624	19660668	86231	1.893102
ERR1203383	PE	2	4	3	22	4	432537648	452198544	19660896	86232	1.897626
ERR1203383	PE	2	4	4	28	4	550502568	570163236	19660668	86231	1.803898
ERR1203383	PE	2	4	5	34	4	668467260	688128156	19660896	86232	2.458131
ERR1203383	PE	2	4	6	40	4	786432180	806092848	19660668	86231	1.995966
ERR1203383	PE	2	4	7	46	4	904396872	924057768	19660896	86232	2.27437
ERR1203383	PE	2	4	8	52	4	1022361792	1042022460	19660668	86231	1.704742
ERR1203383	PE	2	4	9	58	4	1140326484	1159987380	19660896	86232	1.71497
ERR1203383	PE	2	4	10	64	4	1258291404	1277952072	19660668	86231	1.909541
ERR1203383	PE	2	4	11	70	4	1376256096	1395916992	19660896	86232	1.945872
ERR1203383	PE	2	4	12	76	4	1494221016	1513881684	19660668	86231	2.272329
ERR1203383	PE	2	4	13	82	4	1612185708	1631846604	19660896	86232	1.943765
ERR1203383	PE	2	4	14	88	4	1730150400	1749811296	19660896	86232	2.144655
ERR1203383	PE	2	4	15	94	4	1848115320	1867776216	19660896	86232	1.655009
ERR1203383	PE	2	4	16	100	4	1966080012	1985740908	19660896	86232	1.992395
ERR1203383	PE	2	4	17	106	4	2084044932	2103705600	19660668	86231	1.709204
ERR1203383	PE	2	5	0	5	5	98304188	117964892	19660704	87771	2.37124
ERR1203383	PE	2	5	1	11	5	216268860	235929600	19660740	86802	1.772668
ERR1203383	PE	2	5	2	17	5	334233624	353894520	19660896	86232	1.74125
ERR1203383	PE	2	5	3	23	5	452198544	471859212	19660668	86231	2.221832
ERR1203383	PE	2	5	4	29	5	570163236	589824132	19660896	86232	1.818203
ERR1203383	PE	2	5	5	35	5	688128156	707788824	19660668	86231	1.838757
ERR1203383	PE	2	5	6	41	5	806092848	825753744	19660896	86232	2.135516
ERR1203383	PE	2	5	7	47	5	924057768	943718436	19660668	86231	2.180406
ERR1203383	PE	2	5	8	53	5	1042022460	1061683356	19660896	86232	1.985433
ERR1203383	PE	2	5	9	59	5	1159987380	1179648048	19660668	86231	2.285014
ERR1203383	PE	2	5	10	65	5	1277952072	1297612968	19660896	86232	2.10504
ERR1203383	PE	2	5	11	71	5	1395916992	1415577660	19660668	86231	1.921924
ERR1203383	PE	2	5	12	77	5	1513881684	1533542580	19660896	86232	2.064592
ERR1203383	PE	2	5	13	83	5	1631846604	1651507272	19660668	86231	1.749529
ERR1203383	PE	2	5	14	89	5	1749811296	1769472192	19660896	86232	1.773276
ERR1203383	PE	2	5	15	95	5	1867776216	1887436884	19660668	86231	1.966614
ERR1203383	PE	2	5	16	101	5	1985740908	2005401804	19660896	86232	1.898094
ERR1203383	PE	2	5	17	107	5	2103705600	2123366496	19660896	86232	1.618857
ERR1203383	PE	2	5	18	113	4	2202009624	2221670520	19660896	86232	1.745448
ERR1203383	PE	2	5	19	118	4	2319974540	2339635380	19660840	84745	2.124323
ERR1203383	PE	2	5	20	124	4	2437939348	2457600188	19660840	84745	1.558701
ERR1203383	PE	2	5	21	130	4	2555904156	2575564996	19660840	84745	2.096189
ERR1203383	PE	2	5	22	136	4	2673868964	2693529804	19660840	84745	1.834557
ERR1203383	PE	2	5	23	142	4	2791833772	2811494612	19660840	84745	1.784012
ERR1203383	PE	2	5	24	148	4	2909798580	2929459420	19660840	84745	2.055103
ERR1203383	PE	2	5	25	154	4	3027763388	3047424228	19660840	84745	1.755794
ERR1203383	PE	2	5	26	160	4	3145728196	3150643348	4915152	21186	0.613297
ERR1203383	PE	2	5	27	166	4	3175219340	3180134492	4915152	21186	0.491639
ERR1203383	PE	2	5	28	172	4	3204710484	3209625636	4915152	21186	0.475815
ERR1203383	PE	2	5	29	178	4	3234201628	3239117012	4915384	21187	0.57209
ERR1203383	PE	2	5	30	184	4	3263693004	3268608156	4915152	21186	0.51537
ERR1203383	PE	2	5	31	190	4	3293184148	3298099300	4915152	21186	0.526942
ERR1203383	PE	2	5	32	196	4	3322675292	3327590444	4915152	21186	0.634676
ERR1203383	PE	2	5	33	202	4	3352166436	3357081820	4915384	21187	0.634271
ERR1203383	PE	2	5	34	208	4	3381657812	3386572964	4915152	21186	0.541258
ERR1203383	PE	2	5	35	214	4	3411148956	3416064108	4915152	21186	0.576283
ERR1203383	PE	2	5	36	220	4	3440640100	3445555252	4915152	21186	0.485476
ERR1203383	PE	2	5	37	226	4	3470131244	3475046628	4915384	21187	0.992526
ERR1203383	PE	2	5	38	221	5	3445555252	3450470404	4915152	21186	0.782835
ERR1203383	PE	2	5	39	231	3	3494707236	3499281348	4574112	19716	10.005147
ERR1203383	PE	2	5	19	119	5	2339635380	2359296220	19660840	84745	1.8244
ERR1203383	PE	2	5	20	125	5	2457600188	2477261028	19660840	84745	1.879416
ERR1203383	PE	2	5	21	131	5	2575564996	2595225604	19660608	84744	1.837032
ERR1203383	PE	2	5	22	137	5	2693529804	2713190412	19660608	84744	1.605162
ERR1203383	PE	2	5	23	143	5	2811494612	2831155220	19660608	84744	1.788334
ERR1203383	PE	2	5	24	149	5	2929459420	2949120028	19660608	84744	1.705167
ERR1203383	PE	2	5	25	155	5	3047424228	3067084836	19660608	84744	1.713549
ERR1203383	PE	2	5	26	161	5	3150643348	3155558500	4915152	21186	0.564169
ERR1203383	PE	2	5	27	167	5	3180134492	3185049644	4915152	21186	0.567503
ERR1203383	PE	2	5	28	173	5	3209625636	3214541020	4915384	21187	0.415703
ERR1203383	PE	2	5	29	179	5	3239117012	3244032164	4915152	21186	0.59844
ERR1203383	PE	2	5	30	185	5	3268608156	3273523308	4915152	21186	0.481167
ERR1203383	PE	2	5	31	191	5	3298099300	3303014452	4915152	21186	0.434607
ERR1203383	PE	2	5	32	197	5	3327590444	3332505828	4915384	21187	0.406122
ERR1203383	PE	2	5	33	203	5	3357081820	3361996972	4915152	21186	0.744029
ERR1203383	PE	2	5	34	209	5	3386572964	3391488116	4915152	21186	3.239812
ERR1203383	PE	2	5	35	215	5	3416064108	3420979260	4915152	21186	0.645368
ERR1203383	PE	2	5	36	227	5	3475046628	3479961780	4915152	21186	2.13562
ERR1203383	PE	3	0	0	0	0	0	19660976	19660976	89570	2.18339
ERR1203383	PE	3	0	1	6	0	117964892	137625820	19660928	87772	2.169784
ERR1203383	PE	3	0	2	12	0	235929600	255590496	19660896	86232	1.881829
ERR1203383	PE	3	0	3	18	0	353894520	373555416	19660896	86232	1.91787
ERR1203383	PE	3	0	4	24	0	471859212	491520108	19660896	86232	1.860625
ERR1203383	PE	3	0	5	30	0	589824132	609484800	19660668	86231	2.072584
ERR1203383	PE	3	0	6	36	0	707788824	727449720	19660896	86232	1.899535
ERR1203383	PE	3	0	7	42	0	825753744	845414412	19660668	86231	2.113781
ERR1203383	PE	3	0	8	48	0	943718436	963379332	19660896	86232	2.166453
ERR1203383	PE	3	0	9	54	0	1061683356	1081344024	19660668	86231	1.77604
ERR1203383	PE	3	0	10	60	0	1179648048	1199308944	19660896	86232	2.187977
ERR1203383	PE	3	0	11	66	0	1297612968	1317273636	19660668	86231	2.470934
ERR1203383	PE	3	0	12	72	0	1415577660	1435238556	19660896	86232	1.771932
ERR1203383	PE	3	0	13	78	0	1533542580	1553203248	19660668	86231	1.684887
ERR1203383	PE	3	0	14	84	0	1651507272	1671168168	19660896	86232	1.656304
ERR1203383	PE	3	0	15	90	0	1769472192	1789132860	19660668	86231	1.857298
ERR1203383	PE	3	0	16	96	0	1887436884	1907097780	19660896	86232	1.885724
ERR1203383	PE	3	0	17	102	0	2005401804	2025062472	19660668	86231	1.656611
ERR1203383	PE	3	0	18	108	0	2123366496	2143027392	19660896	86232	1.770613
ERR1203383	PE	3	0	19	114	0	2241331416	2260992084	19660668	86231	2.127865
ERR1203383	PE	3	0	20	120	0	2359296220	2378956828	19660608	84744	1.850236
ERR1203383	PE	3	0	21	126	0	2477261028	2496921636	19660608	84744	1.757156
ERR1203383	PE	3	0	22	132	0	2595225604	2614886444	19660840	84745	1.976774
ERR1203383	PE	3	0	23	138	0	2713190412	2732851252	19660840	84745	1.772937
ERR1203383	PE	3	0	24	144	0	2831155220	2850816060	19660840	84745	1.707564
ERR1203383	PE	3	0	25	150	0	2949120028	2968780868	19660840	84745	1.725752
ERR1203383	PE	3	0	26	156	0	3067084836	3086745676	19660840	84745	1.677497
ERR1203383	PE	3	0	27	162	0	3155558500	3160473652	4915152	21186	0.539252
ERR1203383	PE	3	0	28	168	0	3185049644	3189965028	4915384	21187	0.545625
ERR1203383	PE	3	0	29	174	0	3214541020	3219456172	4915152	21186	0.370434
ERR1203383	PE	3	0	30	180	0	3244032164	3248947316	4915152	21186	0.455252
ERR1203383	PE	3	0	31	186	0	3273523308	3278438460	4915152	21186	0.527706
ERR1203383	PE	3	0	32	192	0	3303014452	3307929604	4915152	21186	0.486977
ERR1203383	PE	3	0	33	198	0	3332505828	3337420980	4915152	21186	0.693241
ERR1203383	PE	3	0	34	204	0	3361996972	3366912124	4915152	21186	0.647804
ERR1203383	PE	3	0	35	210	0	3391488116	3396403268	4915152	21186	0.495637
ERR1203383	PE	3	0	36	216	0	3420979260	3425894412	4915152	21186	0.558641
ERR1203383	PE	3	0	37	222	0	3450470404	3455385788	4915384	21187	0.635996
ERR1203383	PE	3	0	38	228	0	3479961780	3484876932	4915152	21186	7.71264
ERR1203383	PE	3	1	0	1	1	19660976	39321628	19660652	87957	2.365332
ERR1203383	PE	3	1	1	7	1	137625820	157286524	19660704	87771	1.923017
ERR1203383	PE	3	1	2	13	1	255590496	275251392	19660896	86232	1.809673
ERR1203383	PE	3	1	3	19	1	373555416	393216084	19660668	86231	2.005474
ERR1203383	PE	3	1	4	25	1	491520108	511181004	19660896	86232	1.678181
ERR1203383	PE	3	1	5	31	1	609484800	629145696	19660896	86232	1.645823
ERR1203383	PE	3	1	6	37	1	727449720	747110616	19660896	86232	1.953838
ERR1203383	PE	3	1	7	43	1	845414412	865075308	19660896	86232	2.130431
ERR1203383	PE	3	1	8	49	1	963379332	983040000	19660668	86231	2.007686
ERR1203383	PE	3	1	9	55	1	1081344024	1101004920	19660896	86232	1.91602
ERR1203383	PE	3	1	10	61	1	1199308944	1218969612	19660668	86231	2.065082
ERR1203383	PE	3	1	11	67	1	1317273636	1336934532	19660896	86232	2.340926
ERR1203383	PE	3	1	12	73	1	1435238556	1454899224	19660668	86231	2.09075
ERR1203383	PE	3	1	13	79	1	1553203248	1572864144	19660896	86232	2.118617
ERR1203383	PE	3	1	14	85	1	1671168168	1690828836	19660668	86231	1.673105
ERR1203383	PE	3	1	15	91	1	1789132860	1808793756	19660896	86232	1.696551
ERR1203383	PE	3	1	16	97	1	1907097780	1926758448	19660668	86231	1.719562
ERR1203383	PE	3	1	17	103	1	2025062472	2044723368	19660896	86232	1.745675
ERR1203383	PE	3	1	18	109	1	2143027392	2162688060	19660668	86231	2.101561
ERR1203383	PE	3	1	19	115	1	2260992084	2280652860	19660776	85846	2.183985
ERR1203383	PE	3	1	20	121	1	2378956828	2398617668	19660840	84745	1.674914
ERR1203383	PE	3	1	21	127	1	2496921636	2516582476	19660840	84745	1.84856
ERR1203383	PE	3	1	22	133	1	2614886444	2634547284	19660840	84745	1.750942
ERR1203383	PE	3	1	23	139	1	2732851252	2752512092	19660840	84745	1.93959
ERR1203383	PE	3	1	24	145	1	2850816060	2870476900	19660840	84745	1.575847
ERR1203383	PE	3	1	25	151	1	2968780868	2988441708	19660840	84745	1.832758
ERR1203383	PE	3	1	26	157	1	3086745676	3106406516	19660840	84745	1.682343
ERR1203383	PE	3	1	27	163	1	3160473652	3165388804	4915152	21186	0.514538
ERR1203383	PE	3	1	28	169	1	3189965028	3194880180	4915152	21186	0.42531
ERR1203383	PE	3	1	29	175	1	3219456172	3224371324	4915152	21186	0.6958
ERR1203383	PE	3	1	30	181	1	3248947316	3253862468	4915152	21186	0.503412
ERR1203383	PE	3	1	31	187	1	3278438460	3283353612	4915152	21186	0.561736
ERR1203383	PE	3	1	32	193	1	3307929604	3312844988	4915384	21187	0.459384
ERR1203383	PE	3	1	33	199	1	3337420980	3342336132	4915152	21186	0.703442
ERR1203383	PE	3	1	34	205	1	3366912124	3371827276	4915152	21186	0.514963
ERR1203383	PE	3	1	35	211	1	3396403268	3401318420	4915152	21186	0.520856
ERR1203383	PE	3	1	36	217	1	3425894412	3430809796	4915384	21187	0.647844
ERR1203383	PE	3	1	37	223	1	3455385788	3460300940	4915152	21186	0.395873
ERR1203383	PE	3	1	38	229	1	3484876932	3489792084	4915152	21186	12.168871
ERR1203383	PE	3	2	0	2	2	39321628	58982556	19660928	87772	2.322069
ERR1203383	PE	3	2	1	8	2	157286524	176947228	19660704	87771	2.222935
ERR1203383	PE	3	2	2	14	2	275251392	294912060	19660668	86231	1.841028
ERR1203383	PE	3	2	3	20	2	393216084	412876980	19660896	86232	1.806491
ERR1203383	PE	3	2	4	26	2	511181004	530841672	19660668	86231	2.004732
ERR1203383	PE	3	2	5	32	2	629145696	648806592	19660896	86232	1.531266
ERR1203383	PE	3	2	6	38	2	747110616	766771284	19660668	86231	2.008934
ERR1203383	PE	3	2	7	44	2	865075308	884736204	19660896	86232	2.140062
ERR1203383	PE	3	2	8	50	2	983040000	1002700896	19660896	86232	2.243048
ERR1203383	PE	3	2	9	56	2	1101004920	1120665816	19660896	86232	1.788221
ERR1203383	PE	3	2	10	62	2	1218969612	1238630508	19660896	86232	1.847245
ERR1203383	PE	3	2	11	68	2	1336934532	1356595200	19660668	86231	1.857091
ERR1203383	PE	3	2	12	74	2	1454899224	1474560120	19660896	86232	1.871028
ERR1203383	PE	3	2	13	80	2	1572864144	1592524812	19660668	86231	2.006626
ERR1203383	PE	3	2	14	86	2	1690828836	1710489732	19660896	86232	2.015825
ERR1203383	PE	3	2	15	92	2	1808793756	1828454424	19660668	86231	1.847204
ERR1203383	PE	3	2	16	98	2	1926758448	1946419344	19660896	86232	1.494977
ERR1203383	PE	3	2	17	104	2	2044723368	2064384036	19660668	86231	1.722976
ERR1203383	PE	3	2	18	110	2	2162688060	2182348956	19660896	86232	1.765558
ERR1203383	PE	3	2	19	116	2	2280652860	2300313700	19660840	84745	1.725594
ERR1203383	PE	3	2	20	122	2	2398617668	2418278508	19660840	84745	2.134573
ERR1203383	PE	3	2	21	128	2	2516582476	2536243316	19660840	84745	1.865875
ERR1203383	PE	3	2	22	134	2	2634547284	2654208124	19660840	84745	1.658782
ERR1203383	PE	3	2	23	140	2	2752512092	2772172932	19660840	84745	1.732254
ERR1203383	PE	3	2	24	146	2	2870476900	2890137740	19660840	84745	2.027655
ERR1203383	PE	3	2	25	152	2	2988441708	3008102548	19660840	84745	1.736202
ERR1203383	PE	3	2	26	158	2	3106406516	3126067356	19660840	84745	2.019837
ERR1203383	PE	3	2	27	164	2	3165388804	3170304188	4915384	21187	0.527209
ERR1203383	PE	3	2	28	170	2	3194880180	3199795332	4915152	21186	0.554027
ERR1203383	PE	3	2	29	176	2	3224371324	3229286476	4915152	21186	0.750267
ERR1203383	PE	3	2	30	182	2	3253862468	3258777620	4915152	21186	0.50409
ERR1203383	PE	3	2	31	188	2	3283353612	3288268996	4915384	21187	0.448026
ERR1203383	PE	3	2	32	194	2	3312844988	3317760140	4915152	21186	0.487267
ERR1203383	PE	3	2	33	200	2	3342336132	3347251284	4915152	21186	0.583579
ERR1203383	PE	3	2	34	206	2	3371827276	3376742428	4915152	21186	0.538527
ERR1203383	PE	3	2	35	212	2	3401318420	3406233804	4915384	21187	0.790159
ERR1203383	PE	3	2	36	218	2	3430809796	3435724948	4915152	21186	0.652115
ERR1203383	PE	3	2	37	224	2	3460300940	3465216092	4915152	21186	0.546989
ERR1203383	PE	3	2	38	225	3	3465216092	3470131244	4915152	21186	2.478816
ERR1203383	PE	3	3	0	3	3	58982556	78643260	19660704	87771	2.189152
ERR1203383	PE	3	3	1	9	3	176947228	196608156	19660928	87772	2.13819
ERR1203383	PE	3	3	2	15	3	294912060	314572956	19660896	86232	1.754293
ERR1203383	PE	3	3	3	21	3	412876980	432537648	19660668	86231	2.138045
ERR1203383	PE	3	3	4	27	3	530841672	550502568	19660896	86232	1.827431
ERR1203383	PE	3	3	5	33	3	648806592	668467260	19660668	86231	1.762946
ERR1203383	PE	3	3	6	39	3	766771284	786432180	19660896	86232	1.79838
ERR1203383	PE	3	3	7	45	3	884736204	904396872	19660668	86231	2.158352
ERR1203383	PE	3	3	8	51	3	1002700896	1022361792	19660896	86232	2.023948
ERR1203383	PE	3	3	9	57	3	1120665816	1140326484	19660668	86231	1.596611
ERR1203383	PE	3	3	10	63	3	1238630508	1258291404	19660896	86232	1.927975
ERR1203383	PE	3	3	11	69	3	1356595200	1376256096	19660896	86232	1.918174
ERR1203383	PE	3	3	12	75	3	1474560120	1494221016	19660896	86232	3.393633
ERR1203383	PE	3	3	13	81	3	1592524812	1612185708	19660896	86232	2.30059
ERR1203383	PE	3	3	14	87	3	1710489732	1730150400	19660668	86231	2.165159
ERR1203383	PE	3	3	15	93	3	1828454424	1848115320	19660896	86232	1.594557
ERR1203383	PE	3	3	16	99	3	1946419344	1966080012	19660668	86231	1.665358
ERR1203383	PE	3	3	17	105	3	2064384036	2084044932	19660896	86232	2.050499
ERR1203383	PE	3	3	18	111	3	2182348956	2202009624	19660668	86231	1.789687
ERR1203383	PE	3	3	19	117	3	2300313700	2319974540	19660840	84745	1.860793
ERR1203383	PE	3	3	20	123	3	2418278508	2437939348	19660840	84745	1.83823
ERR1203383	PE	3	3	21	129	3	2536243316	2555904156	19660840	84745	1.461702
ERR1203383	PE	3	3	22	135	3	2654208124	2673868964	19660840	84745	1.841932
ERR1203383	PE	3	3	23	141	3	2772172932	2791833772	19660840	84745	1.606031
ERR1203383	PE	3	3	24	147	3	2890137740	2909798580	19660840	84745	2.060767
ERR1203383	PE	3	3	25	153	3	3008102548	3027763388	19660840	84745	2.229324
ERR1203383	PE	3	3	26	159	3	3126067356	3145728196	19660840	84745	1.879235
ERR1203383	PE	3	3	27	165	3	3170304188	3175219340	4915152	21186	0.428377
ERR1203383	PE	3	3	28	171	3	3199795332	3204710484	4915152	21186	0.610565
ERR1203383	PE	3	3	29	177	3	3229286476	3234201628	4915152	21186	0.498449
ERR1203383	PE	3	3	30	183	3	3258777620	3263693004	4915384	21187	0.500495
ERR1203383	PE	3	3	31	189	3	3288268996	3293184148	4915152	21186	0.500059
ERR1203383	PE	3	3	32	195	3	3317760140	3322675292	4915152	21186	0.487436
ERR1203383	PE	3	3	33	201	3	3347251284	3352166436	4915152	21186	0.57044
ERR1203383	PE	3	3	34	207	3	3376742428	3381657812	4915384	21187	0.618981
ERR1203383	PE	3	3	35	213	3	3406233804	3411148956	4915152	21186	0.872076
ERR1203383	PE	3	3	36	219	3	3435724948	3440640100	4915152	21186	0.711654
ERR1203383	PE	3	3	37	231	3	3494707236	3499281348	4574112	19716	10.038397
ERR1203383	PE	3	4	0	4	4	78643260	98304188	19660928	87772	2.187909
ERR1203383	PE	3	4	1	10	4	196608156	216268860	19660704	87771	1.724314
ERR1203383	PE	3	4	2	16	4	314572956	334233624	19660668	86231	1.891477
ERR1203383	PE	3	4	3	22	4	432537648	452198544	19660896	86232	1.913081
ERR1203383	PE	3	4	4	28	4	550502568	570163236	19660668	86231	1.80021
ERR1203383	PE	3	4	5	34	4	668467260	688128156	19660896	86232	2.458836
ERR1203383	PE	3	4	6	40	4	786432180	806092848	19660668	86231	1.99047
ERR1203383	PE	3	4	7	46	4	904396872	924057768	19660896	86232	2.267036
ERR1203383	PE	3	4	8	52	4	1022361792	1042022460	19660668	86231	1.700392
ERR1203383	PE	3	4	9	58	4	1140326484	1159987380	19660896	86232	1.716625
ERR1203383	PE	3	4	10	64	4	1258291404	1277952072	19660668	86231	1.917222
ERR1203383	PE	3	4	11	70	4	1376256096	1395916992	19660896	86232	1.947831
ERR1203383	PE	3	4	12	76	4	1494221016	1513881684	19660668	86231	2.273266
ERR1203383	PE	3	4	13	82	4	1612185708	1631846604	19660896	86232	1.934387
ERR1203383	PE	3	4	14	88	4	1730150400	1749811296	19660896	86232	2.149381
ERR1203383	PE	3	4	15	94	4	1848115320	1867776216	19660896	86232	1.665907
ERR1203383	PE	3	4	16	100	4	1966080012	1985740908	19660896	86232	2.005443
ERR1203383	PE	3	4	17	106	4	2084044932	2103705600	19660668	86231	1.72681
ERR1203383	PE	3	4	18	112	4	2202009624	2221670520	19660896	86232	1.748303
ERR1203383	PE	3	4	19	118	4	2319974540	2339635380	19660840	84745	2.1291
ERR1203383	PE	3	4	20	124	4	2437939348	2457600188	19660840	84745	1.559255
ERR1203383	PE	3	4	21	130	4	2555904156	2575564996	19660840	84745	2.09159
ERR1203383	PE	3	4	22	136	4	2673868964	2693529804	19660840	84745	1.855465
ERR1203383	PE	3	4	23	142	4	2791833772	2811494612	19660840	84745	1.786353
ERR1203383	PE	3	4	24	148	4	2909798580	2929459420	19660840	84745	2.071363
ERR1203383	PE	3	4	25	154	4	3027763388	3047424228	19660840	84745	1.7651
ERR1203383	PE	3	4	26	160	4	3145728196	3150643348	4915152	21186	0.607414
ERR1203383	PE	3	4	27	166	4	3175219340	3180134492	4915152	21186	0.490626
ERR1203383	PE	3	5	0	5	5	98304188	117964892	19660704	87771	2.369838
ERR1203383	PE	3	5	1	11	5	216268860	235929600	19660740	86802	1.778938
ERR1203383	PE	3	5	2	17	5	334233624	353894520	19660896	86232	1.745244
ERR1203383	PE	3	5	3	23	5	452198544	471859212	19660668	86231	2.223184
ERR1203383	PE	3	5	4	29	5	570163236	589824132	19660896	86232	1.832111
ERR1203383	PE	3	5	5	35	5	688128156	707788824	19660668	86231	1.821665
ERR1203383	PE	3	5	6	41	5	806092848	825753744	19660896	86232	2.135471
ERR1203383	PE	3	5	7	47	5	924057768	943718436	19660668	86231	2.184881
ERR1203383	PE	3	5	8	53	5	1042022460	1061683356	19660896	86232	1.986153
ERR1203383	PE	3	5	9	59	5	1159987380	1179648048	19660668	86231	2.277258
ERR1203383	PE	3	5	10	65	5	1277952072	1297612968	19660896	86232	2.112871
ERR1203383	PE	3	5	11	71	5	1395916992	1415577660	19660668	86231	1.930217
ERR1203383	PE	3	5	12	77	5	1513881684	1533542580	19660896	86232	2.072613
ERR1203383	PE	3	5	13	83	5	1631846604	1651507272	19660668	86231	1.747058
ERR1203383	PE	3	5	14	89	5	1749811296	1769472192	19660896	86232	1.767365
ERR1203383	PE	3	5	15	95	5	1867776216	1887436884	19660668	86231	1.973341
ERR1203383	PE	3	5	16	101	5	1985740908	2005401804	19660896	86232	1.899347
ERR1203383	PE	3	5	17	107	5	2103705600	2123366496	19660896	86232	1.615373
ERR1203383	PE	3	5	29	178	4	3234201628	3239117012	4915384	21187	0.570425
ERR1203383	PE	3	5	30	184	4	3263693004	3268608156	4915152	21186	0.524072
ERR1203383	PE	3	5	31	190	4	3293184148	3298099300	4915152	21186	0.530256
ERR1203383	PE	3	5	32	196	4	3322675292	3327590444	4915152	21186	0.632211
ERR1203383	PE	3	5	33	202	4	3352166436	3357081820	4915384	21187	0.628478
ERR1203383	PE	3	5	34	208	4	3381657812	3386572964	4915152	21186	0.53987
ERR1203383	PE	3	5	35	214	4	3411148956	3416064108	4915152	21186	0.575901
ERR1203383	PE	3	5	36	220	4	3440640100	3445555252	4915152	21186	0.486456
ERR1203383	PE	3	5	37	226	4	3470131244	3475046628	4915384	21187	0.994812
ERR1203383	PE	3	5	38	221	5	3445555252	3450470404	4915152	21186	0.784579
ERR1203383	PE	3	5	39	230	2	3489792084	3494707236	4915152	21186	12.10732
ERR1203383	PE	3	5	19	119	5	2339635380	2359296220	19660840	84745	1.827376
ERR1203383	PE	3	5	20	125	5	2457600188	2477261028	19660840	84745	1.886271
ERR1203383	PE	3	5	21	131	5	2575564996	2595225604	19660608	84744	1.823745
ERR1203383	PE	3	5	22	137	5	2693529804	2713190412	19660608	84744	1.620552
ERR1203383	PE	3	5	23	143	5	2811494612	2831155220	19660608	84744	1.784321
ERR1203383	PE	3	5	24	149	5	2929459420	2949120028	19660608	84744	1.706054
ERR1203383	PE	3	5	25	155	5	3047424228	3067084836	19660608	84744	1.712578
ERR1203383	PE	3	5	26	161	5	3150643348	3155558500	4915152	21186	0.571246
ERR1203383	PE	3	5	27	167	5	3180134492	3185049644	4915152	21186	0.562876
ERR1203383	PE	3	5	28	173	5	3209625636	3214541020	4915384	21187	0.421992
ERR1203383	PE	3	5	29	179	5	3239117012	3244032164	4915152	21186	0.610558
ERR1203383	PE	3	5	30	185	5	3268608156	3273523308	4915152	21186	0.477246
ERR1203383	PE	3	5	31	191	5	3298099300	3303014452	4915152	21186	0.424028
ERR1203383	PE	3	5	32	197	5	3327590444	3332505828	4915384	21187	0.411147
ERR1203383	PE	3	5	33	203	5	3357081820	3361996972	4915152	21186	0.726318
ERR1203383	PE	3	5	34	209	5	3386572964	3391488116	4915152	21186	3.239931
ERR1203383	PE	3	5	35	215	5	3416064108	3420979260	4915152	21186	0.639556
ERR1203383	PE	3	5	36	227	5	3475046628	3479961780	4915152	21186	2.138569
ERR1203383	SE	1	0	0	0	0	0	19660976	19660976	89570	1.306664
ERR1203383	SE	1	0	1	6	0	117964892	137625820	19660928	87772	0.882055
ERR1203383	SE	1	0	2	12	0	235929600	255590496	19660896	86232	0.80892
ERR1203383	SE	1	0	3	18	0	353894520	373555416	19660896	86232	0.815902
ERR1203383	SE	1	0	4	24	0	471859212	491520108	19660896	86232	0.805819
ERR1203383	SE	1	0	5	30	0	589824132	609484800	19660668	86231	0.834302
ERR1203383	SE	1	0	6	36	0	707788824	727449720	19660896	86232	0.775573
ERR1203383	SE	1	0	7	42	0	825753744	845414412	19660668	86231	0.854331
ERR1203383	SE	1	0	8	48	0	943718436	963379332	19660896	86232	0.845144
ERR1203383	SE	1	0	9	54	0	1061683356	1081344024	19660668	86231	0.791287
ERR1203383	SE	1	0	10	60	0	1179648048	1199308944	19660896	86232	0.858134
ERR1203383	SE	1	0	11	66	0	1297612968	1317273636	19660668	86231	0.936543
ERR1203383	SE	1	0	12	72	0	1415577660	1435238556	19660896	86232	0.795553
ERR1203383	SE	1	0	13	78	0	1533542580	1553203248	19660668	86231	0.751113
ERR1203383	SE	1	0	14	84	0	1651507272	1671168168	19660896	86232	0.780763
ERR1203383	SE	1	0	15	90	0	1769472192	1789132860	19660668	86231	0.814208
ERR1203383	SE	1	0	16	96	0	1887436884	1907097780	19660896	86232	0.793375
ERR1203383	SE	1	0	17	102	0	2005401804	2025062472	19660668	86231	0.742682
ERR1203383	SE	1	0	18	108	0	2123366496	2143027392	19660896	86232	0.805975
ERR1203383	SE	1	0	19	114	0	2241331416	2260992084	19660668	86231	0.846272
ERR1203383	SE	1	0	20	120	0	2359296220	2378956828	19660608	84744	0.803661
ERR1203383	SE	1	0	21	126	0	2477261028	2496921636	19660608	84744	0.761674
ERR1203383	SE	1	0	22	132	0	2595225604	2614886444	19660840	84745	0.83415
ERR1203383	SE	1	0	23	138	0	2713190412	2732851252	19660840	84745	0.773507
ERR1203383	SE	1	0	24	144	0	2831155220	2850816060	19660840	84745	0.758404
ERR1203383	SE	1	0	25	150	0	2949120028	2968780868	19660840	84745	0.772199
ERR1203383	SE	1	0	26	156	0	3067084836	3086745676	19660840	84745	0.749961
ERR1203383	SE	1	0	27	162	0	3155558500	3160473652	4915152	21186	0.223775
ERR1203383	SE	1	0	28	168	0	3185049644	3189965028	4915384	21187	0.214619
ERR1203383	SE	1	0	29	174	0	3214541020	3219456172	4915152	21186	0.201679
ERR1203383	SE	1	0	30	180	0	3244032164	3248947316	4915152	21186	0.218977
ERR1203383	SE	1	0	31	186	0	3273523308	3278438460	4915152	21186	0.233215
ERR1203383	SE	1	0	32	192	0	3303014452	3307929604	4915152	21186	0.232321
ERR1203383	SE	1	0	33	198	0	3332505828	3337420980	4915152	21186	0.290228
ERR1203383	SE	1	0	34	204	0	3361996972	3366912124	4915152	21186	0.249792
ERR1203383	SE	1	0	35	210	0	3391488116	3396403268	4915152	21186	0.220425
ERR1203383	SE	1	0	36	216	0	3420979260	3425894412	4915152	21186	0.231612
ERR1203383	SE	1	0	37	222	0	3450470404	3455385788	4915384	21187	0.24036
ERR1203383	SE	1	0	38	228	0	3479961780	3484876932	4915152	21186	1.425773
ERR1203383	SE	1	1	0	1	1	19660976	39321628	19660652	87957	1.30038
ERR1203383	SE	1	1	1	7	1	137625820	157286524	19660704	87771	0.823891
ERR1203383	SE	1	1	2	13	1	255590496	275251392	19660896	86232	0.79294
ERR1203383	SE	1	1	3	19	1	373555416	393216084	19660668	86231	0.83126
ERR1203383	SE	1	1	4	25	1	491520108	511181004	19660896	86232	0.748128
ERR1203383	SE	1	1	5	31	1	609484800	629145696	19660896	86232	0.740735
ERR1203383	SE	1	1	6	37	1	727449720	747110616	19660896	86232	0.827087
ERR1203383	SE	1	1	7	43	1	845414412	865075308	19660896	86232	0.854097
ERR1203383	SE	1	1	8	49	1	963379332	983040000	19660668	86231	0.846662
ERR1203383	SE	1	1	9	55	1	1081344024	1101004920	19660896	86232	0.83751
ERR1203383	SE	1	1	10	61	1	1199308944	1218969612	19660668	86231	0.809105
ERR1203383	SE	1	1	11	67	1	1317273636	1336934532	19660896	86232	0.988947
ERR1203383	SE	1	1	12	73	1	1435238556	1454899224	19660668	86231	0.829827
ERR1203383	SE	1	1	13	79	1	1553203248	1572864144	19660896	86232	0.838086
ERR1203383	SE	1	1	14	85	1	1671168168	1690828836	19660668	86231	0.7146
ERR1203383	SE	1	1	15	91	1	1789132860	1808793756	19660896	86232	0.751857
ERR1203383	SE	1	1	16	97	1	1907097780	1926758448	19660668	86231	0.752666
ERR1203383	SE	1	1	17	103	1	2025062472	2044723368	19660896	86232	0.760261
ERR1203383	SE	1	1	18	109	1	2143027392	2162688060	19660668	86231	0.844455
ERR1203383	SE	1	1	19	115	1	2260992084	2280652860	19660776	85846	0.860832
ERR1203383	SE	1	1	20	121	1	2378956828	2398617668	19660840	84745	0.755409
ERR1203383	SE	1	1	21	127	1	2496921636	2516582476	19660840	84745	0.78852
ERR1203383	SE	1	1	22	133	1	2614886444	2634547284	19660840	84745	0.761738
ERR1203383	SE	1	1	23	139	1	2732851252	2752512092	19660840	84745	0.785029
ERR1203383	SE	1	1	24	145	1	2850816060	2870476900	19660840	84745	0.737022
ERR1203383	SE	1	1	25	151	1	2968780868	2988441708	19660840	84745	0.774993
ERR1203383	SE	1	1	26	157	1	3086745676	3106406516	19660840	84745	0.760823
ERR1203383	SE	1	1	27	163	1	3160473652	3165388804	4915152	21186	0.256248
ERR1203383	SE	1	1	28	169	1	3189965028	3194880180	4915152	21186	0.205086
ERR1203383	SE	1	1	29	175	1	3219456172	3224371324	4915152	21186	0.268304
ERR1203383	SE	1	1	30	181	1	3248947316	3253862468	4915152	21186	0.22324
ERR1203383	SE	1	1	31	187	1	3278438460	3283353612	4915152	21186	0.244295
ERR1203383	SE	1	1	32	193	1	3307929604	3312844988	4915384	21187	0.208199
ERR1203383	SE	1	1	33	199	1	3337420980	3342336132	4915152	21186	0.258136
ERR1203383	SE	1	1	34	205	1	3366912124	3371827276	4915152	21186	0.22112
ERR1203383	SE	1	1	35	211	1	3396403268	3401318420	4915152	21186	0.230283
ERR1203383	SE	1	1	36	217	1	3425894412	3430809796	4915384	21187	0.247998
ERR1203383	SE	1	1	37	223	1	3455385788	3460300940	4915152	21186	0.208178
ERR1203383	SE	1	1	38	229	1	3484876932	3489792084	4915152	21186	2.127569
ERR1203383	SE	1	2	0	2	2	39321628	58982556	19660928	87772	1.287448
ERR1203383	SE	1	2	1	8	2	157286524	176947228	19660704	87771	0.829903
ERR1203383	SE	1	2	2	14	2	275251392	294912060	19660668	86231	0.814531
ERR1203383	SE	1	2	3	20	2	393216084	412876980	19660896	86232	0.781873
ERR1203383	SE	1	2	4	26	2	511181004	530841672	19660668	86231	0.811473
ERR1203383	SE	1	2	5	32	2	629145696	648806592	19660896	86232	0.712982
ERR1203383	SE	1	2	6	38	2	747110616	766771284	19660668	86231	0.837934
ERR1203383	SE	1	2	7	44	2	865075308	884736204	19660896	86232	0.836002
ERR1203383	SE	1	2	8	50	2	983040000	1002700896	19660896	86232	0.839645
ERR1203383	SE	1	2	9	56	2	1101004920	1120665816	19660896	86232	0.803201
ERR1203383	SE	1	2	10	62	2	1218969612	1238630508	19660896	86232	0.791292
ERR1203383	SE	1	2	11	68	2	1336934532	1356595200	19660668	86231	0.782621
ERR1203383	SE	1	2	12	74	2	1454899224	1474560120	19660896	86232	0.821402
ERR1203383	SE	1	2	13	80	2	1572864144	1592524812	19660668	86231	0.826248
ERR1203383	SE	1	2	14	86	2	1690828836	1710489732	19660896	86232	0.828772
ERR1203383	SE	1	2	15	92	2	1808793756	1828454424	19660668	86231	0.82794
ERR1203383	SE	1	2	16	98	2	1926758448	1946419344	19660896	86232	0.690866
ERR1203383	SE	1	2	17	104	2	2044723368	2064384036	19660668	86231	0.766467
ERR1203383	SE	1	2	18	110	2	2162688060	2182348956	19660896	86232	0.795222
ERR1203383	SE	1	2	19	116	2	2280652860	2300313700	19660840	84745	0.763985
ERR1203383	SE	1	2	20	122	2	2398617668	2418278508	19660840	84745	0.854496
ERR1203383	SE	1	2	21	128	2	2516582476	2536243316	19660840	84745	0.775627
ERR1203383	SE	1	2	22	134	2	2634547284	2654208124	19660840	84745	0.76694
ERR1203383	SE	1	2	23	140	2	2752512092	2772172932	19660840	84745	0.768199
ERR1203383	SE	1	2	24	146	2	2870476900	2890137740	19660840	84745	0.828608
ERR1203383	SE	1	2	25	152	2	2988441708	3008102548	19660840	84745	0.768938
ERR1203383	SE	1	2	26	158	2	3106406516	3126067356	19660840	84745	0.812421
ERR1203383	SE	1	3	0	3	3	58982556	78643260	19660704	87771	1.275931
ERR1203383	SE	1	3	1	9	3	176947228	196608156	19660928	87772	0.803418
ERR1203383	SE	1	3	2	15	3	294912060	314572956	19660896	86232	0.783682
ERR1203383	SE	1	3	3	21	3	412876980	432537648	19660668	86231	0.832842
ERR1203383	SE	1	3	4	27	3	530841672	550502568	19660896	86232	0.777001
ERR1203383	SE	1	3	5	33	3	648806592	668467260	19660668	86231	0.79947
ERR1203383	SE	1	3	6	39	3	766771284	786432180	19660896	86232	0.801398
ERR1203383	SE	1	3	7	45	3	884736204	904396872	19660668	86231	0.859123
ERR1203383	SE	1	3	8	51	3	1002700896	1022361792	19660896	86232	0.856123
ERR1203383	SE	1	3	9	57	3	1120665816	1140326484	19660668	86231	0.713201
ERR1203383	SE	1	3	10	63	3	1238630508	1258291404	19660896	86232	0.795192
ERR1203383	SE	1	3	11	69	3	1356595200	1376256096	19660896	86232	0.816247
ERR1203383	SE	1	3	12	75	3	1474560120	1494221016	19660896	86232	1.110415
ERR1203383	SE	1	3	13	81	3	1592524812	1612185708	19660896	86232	0.883382
ERR1203383	SE	1	3	14	87	3	1710489732	1730150400	19660668	86231	0.88762
ERR1203383	SE	1	3	15	93	3	1828454424	1848115320	19660896	86232	0.743946
ERR1203383	SE	1	3	16	99	3	1946419344	1966080012	19660668	86231	0.75049
ERR1203383	SE	1	3	17	105	3	2064384036	2084044932	19660896	86232	0.846178
ERR1203383	SE	1	3	28	170	2	3194880180	3199795332	4915152	21186	0.226792
ERR1203383	SE	1	3	29	176	2	3224371324	3229286476	4915152	21186	0.261148
ERR1203383	SE	1	3	30	182	2	3253862468	3258777620	4915152	21186	0.224875
ERR1203383	SE	1	3	31	188	2	3283353612	3288268996	4915384	21187	0.209285
ERR1203383	SE	1	3	32	194	2	3312844988	3317760140	4915152	21186	0.23098
ERR1203383	SE	1	3	33	200	2	3342336132	3347251284	4915152	21186	0.227775
ERR1203383	SE	1	3	34	206	2	3371827276	3376742428	4915152	21186	0.222756
ERR1203383	SE	1	3	35	212	2	3401318420	3406233804	4915384	21187	0.280607
ERR1203383	SE	1	3	36	218	2	3430809796	3435724948	4915152	21186	0.249225
ERR1203383	SE	1	3	37	224	2	3460300940	3465216092	4915152	21186	0.223692
ERR1203383	SE	1	3	38	230	2	3489792084	3494707236	4915152	21186	1.926434
ERR1203383	SE	1	3	19	117	3	2300313700	2319974540	19660840	84745	0.80475
ERR1203383	SE	1	3	20	123	3	2418278508	2437939348	19660840	84745	0.778744
ERR1203383	SE	1	3	21	129	3	2536243316	2555904156	19660840	84745	0.680415
ERR1203383	SE	1	3	22	135	3	2654208124	2673868964	19660840	84745	0.8113
ERR1203383	SE	1	3	23	141	3	2772172932	2791833772	19660840	84745	0.75111
ERR1203383	SE	1	3	24	147	3	2890137740	2909798580	19660840	84745	0.829638
ERR1203383	SE	1	3	25	153	3	3008102548	3027763388	19660840	84745	0.909993
ERR1203383	SE	1	3	26	159	3	3126067356	3145728196	19660840	84745	0.771688
ERR1203383	SE	1	3	27	165	3	3170304188	3175219340	4915152	21186	0.208737
ERR1203383	SE	1	3	28	171	3	3199795332	3204710484	4915152	21186	0.2582
ERR1203383	SE	1	3	29	177	3	3229286476	3234201628	4915152	21186	0.265503
ERR1203383	SE	1	3	30	183	3	3258777620	3263693004	4915384	21187	0.21653
ERR1203383	SE	1	3	31	189	3	3288268996	3293184148	4915152	21186	0.22192
ERR1203383	SE	1	3	32	195	3	3317760140	3322675292	4915152	21186	0.220371
ERR1203383	SE	1	3	33	201	3	3347251284	3352166436	4915152	21186	0.24415
ERR1203383	SE	1	3	34	207	3	3376742428	3381657812	4915384	21187	0.242937
ERR1203383	SE	1	3	35	213	3	3406233804	3411148956	4915152	21186	0.290246
ERR1203383	SE	1	3	36	219	3	3435724948	3440640100	4915152	21186	0.245679
ERR1203383	SE	1	3	37	225	3	3465216092	3470131244	4915152	21186	0.457483
ERR1203383	SE	1	4	0	4	4	78643260	98304188	19660928	87772	1.263374
ERR1203383	SE	1	4	1	10	4	196608156	216268860	19660704	87771	0.742262
ERR1203383	SE	1	4	2	16	4	314572956	334233624	19660668	86231	0.830638
ERR1203383	SE	1	4	3	22	4	432537648	452198544	19660896	86232	0.826747
ERR1203383	SE	1	4	4	28	4	550502568	570163236	19660668	86231	0.796159
ERR1203383	SE	1	4	5	34	4	668467260	688128156	19660896	86232	0.90824
ERR1203383	SE	1	4	6	40	4	786432180	806092848	19660668	86231	0.870534
ERR1203383	SE	1	4	7	46	4	904396872	924057768	19660896	86232	0.903447
ERR1203383	SE	1	4	8	52	4	1022361792	1042022460	19660668	86231	0.740191
ERR1203383	SE	1	4	9	58	4	1140326484	1159987380	19660896	86232	0.735543
ERR1203383	SE	1	4	10	64	4	1258291404	1277952072	19660668	86231	0.828227
ERR1203383	SE	1	4	11	70	4	1376256096	1395916992	19660896	86232	0.813002
ERR1203383	SE	1	4	12	76	4	1494221016	1513881684	19660668	86231	0.894854
ERR1203383	SE	1	4	13	82	4	1612185708	1631846604	19660896	86232	0.796146
ERR1203383	SE	1	4	14	88	4	1730150400	1749811296	19660896	86232	0.861211
ERR1203383	SE	1	4	15	94	4	1848115320	1867776216	19660896	86232	0.749826
ERR1203383	SE	1	4	16	100	4	1966080012	1985740908	19660896	86232	0.826185
ERR1203383	SE	1	4	17	106	4	2084044932	2103705600	19660668	86231	0.79299
ERR1203383	SE	1	5	0	5	5	98304188	117964892	19660704	87771	1.31203
ERR1203383	SE	1	5	1	11	5	216268860	235929600	19660740	86802	0.775641
ERR1203383	SE	1	5	2	17	5	334233624	353894520	19660896	86232	0.774935
ERR1203383	SE	1	5	3	23	5	452198544	471859212	19660668	86231	0.87708
ERR1203383	SE	1	5	4	29	5	570163236	589824132	19660896	86232	0.772165
ERR1203383	SE	1	5	5	35	5	688128156	707788824	19660668	86231	0.784224
ERR1203383	SE	1	5	6	41	5	806092848	825753744	19660896	86232	0.851769
ERR1203383	SE	1	5	7	47	5	924057768	943718436	19660668	86231	0.867266
ERR1203383	SE	1	5	8	53	5	1042022460	1061683356	19660896	86232	0.78775
ERR1203383	SE	1	5	9	59	5	1159987380	1179648048	19660668	86231	0.876121
ERR1203383	SE	1	5	10	65	5	1277952072	1297612968	19660896	86232	0.841761
ERR1203383	SE	1	5	11	71	5	1395916992	1415577660	19660668	86231	0.812633
ERR1203383	SE	1	5	12	77	5	1513881684	1533542580	19660896	86232	0.856044
ERR1203383	SE	1	5	13	83	5	1631846604	1651507272	19660668	86231	0.77683
ERR1203383	SE	1	5	14	89	5	1749811296	1769472192	19660896	86232	0.761133
ERR1203383	SE	1	5	15	95	5	1867776216	1887436884	19660668	86231	0.825353
ERR1203383	SE	1	5	16	101	5	1985740908	2005401804	19660896	86232	0.796652
ERR1203383	SE	1	5	17	107	5	2103705600	2123366496	19660896	86232	0.73101
ERR1203383	SE	1	2	19	118	4	2319974540	2339635380	19660840	84745	0.858414
ERR1203383	SE	1	2	20	124	4	2437939348	2457600188	19660840	84745	0.724205
ERR1203383	SE	1	2	21	130	4	2555904156	2575564996	19660840	84745	0.850186
ERR1203383	SE	1	2	22	136	4	2673868964	2693529804	19660840	84745	0.780471
ERR1203383	SE	1	2	23	142	4	2791833772	2811494612	19660840	84745	0.785839
ERR1203383	SE	1	2	24	148	4	2909798580	2929459420	19660840	84745	0.851315
ERR1203383	SE	1	2	25	154	4	3027763388	3047424228	19660840	84745	0.793792
ERR1203383	SE	1	2	26	160	4	3145728196	3150643348	4915152	21186	0.249457
ERR1203383	SE	1	2	27	166	4	3175219340	3180134492	4915152	21186	0.21732
ERR1203383	SE	1	2	28	172	4	3204710484	3209625636	4915152	21186	0.221437
ERR1203383	SE	1	2	29	178	4	3234201628	3239117012	4915384	21187	0.228876
ERR1203383	SE	1	2	30	184	4	3263693004	3268608156	4915152	21186	0.219233
ERR1203383	SE	1	2	31	190	4	3293184148	3298099300	4915152	21186	0.229591
ERR1203383	SE	1	2	32	196	4	3322675292	3327590444	4915152	21186	0.22562
ERR1203383	SE	1	2	33	202	4	3352166436	3357081820	4915384	21187	0.23868
ERR1203383	SE	1	2	34	208	4	3381657812	3386572964	4915152	21186	0.233727
ERR1203383	SE	1	2	35	214	4	3411148956	3416064108	4915152	21186	0.230667
ERR1203383	SE	1	2	36	220	4	3440640100	3445555252	4915152	21186	0.225142
ERR1203383	SE	1	2	37	226	4	3470131244	3475046628	4915384	21187	0.3926
ERR1203383	SE	1	2	38	231	3	3494707236	3499281348	4574112	19716	1.645576
ERR1203383	SE	1	2	19	119	5	2339635380	2359296220	19660840	84745	0.774448
ERR1203383	SE	1	2	20	125	5	2457600188	2477261028	19660840	84745	0.782974
ERR1203383	SE	1	2	21	131	5	2575564996	2595225604	19660608	84744	0.7917
ERR1203383	SE	1	2	22	137	5	2693529804	2713190412	19660608	84744	0.718281
ERR1203383	SE	1	2	23	143	5	2811494612	2831155220	19660608	84744	0.77604
ERR1203383	SE	1	2	24	149	5	2929459420	2949120028	19660608	84744	0.760718
ERR1203383	SE	1	2	25	155	5	3047424228	3067084836	19660608	84744	0.767489
ERR1203383	SE	1	2	26	161	5	3150643348	3155558500	4915152	21186	0.237623
ERR1203383	SE	1	2	27	167	5	3180134492	3185049644	4915152	21186	0.241569
ERR1203383	SE	1	2	28	173	5	3209625636	3214541020	4915384	21187	0.200443
ERR1203383	SE	1	2	29	179	5	3239117012	3244032164	4915152	21186	0.236933
ERR1203383	SE	1	2	30	185	5	3268608156	3273523308	4915152	21186	0.218288
ERR1203383	SE	1	2	31	191	5	3298099300	3303014452	4915152	21186	0.212829
ERR1203383	SE	1	2	32	197	5	3327590444	3332505828	4915384	21187	0.189276
ERR1203383	SE	1	2	33	203	5	3357081820	3361996972	4915152	21186	0.256334
ERR1203383	SE	1	2	34	209	5	3386572964	3391488116	4915152	21186	0.678907
ERR1203383	SE	1	2	35	215	5	3416064108	3420979260	4915152	21186	0.238593
ERR1203383	SE	1	2	36	221	5	3445555252	3450470404	4915152	21186	0.26075
ERR1203383	SE	1	2	37	227	5	3475046628	3479961780	4915152	21186	0.463257
ERR1203383	SE	2	0	0	0	0	0	19660976	19660976	89570	1.264742
ERR1203383	SE	2	0	1	6	0	117964892	137625820	19660928	87772	0.892613
ERR1203383	SE	2	0	2	12	0	235929600	255590496	19660896	86232	0.798883
ERR1203383	SE	2	0	3	18	0	353894520	373555416	19660896	86232	0.798341
ERR1203383	SE	2	0	4	24	0	471859212	491520108	19660896	86232	0.798763
ERR1203383	SE	2	0	5	30	0	589824132	609484800	19660668	86231	0.831507
ERR1203383	SE	2	0	6	36	0	707788824	727449720	19660896	86232	0.772345
ERR1203383	SE	2	0	7	42	0	825753744	845414412	19660668	86231	0.870685
ERR1203383	SE	2	0	8	48	0	943718436	963379332	19660896	86232	0.849855
ERR1203383	SE	2	0	9	54	0	1061683356	1081344024	19660668	86231	0.778474
ERR1203383	SE	2	0	10	60	0	1179648048	1199308944	19660896	86232	0.849026
ERR1203383	SE	2	0	11	66	0	1297612968	1317273636	19660668	86231	0.924736
ERR1203383	SE	2	0	12	72	0	1415577660	1435238556	19660896	86232	0.80398
ERR1203383	SE	2	0	13	78	0	1533542580	1553203248	19660668	86231	0.764552
ERR1203383	SE	2	0	14	84	0	1651507272	1671168168	19660896	86232	0.772746
ERR1203383	SE	2	0	15	90	0	1769472192	1789132860	19660668	86231	0.820802
ERR1203383	SE	2	0	16	96	0	1887436884	1907097780	19660896	86232	0.795328
ERR1203383	SE	2	0	17	102	0	2005401804	2025062472	19660668	86231	0.738269
ERR1203383	SE	2	0	18	108	0	2123366496	2143027392	19660896	86232	0.804944
ERR1203383	SE	2	0	19	114	0	2241331416	2260992084	19660668	86231	0.851399
ERR1203383	SE	2	0	20	120	0	2359296220	2378956828	19660608	84744	0.811256
ERR1203383	SE	2	0	21	126	0	2477261028	2496921636	19660608	84744	0.777125
ERR1203383	SE	2	0	22	132	0	2595225604	2614886444	19660840	84745	0.826022
ERR1203383	SE	2	0	23	138	0	2713190412	2732851252	19660840	84745	0.774442
ERR1203383	SE	2	0	24	144	0	2831155220	2850816060	19660840	84745	0.752007
ERR1203383	SE	2	0	25	150	0	2949120028	2968780868	19660840	84745	0.769176
ERR1203383	SE	2	0	26	156	0	3067084836	3086745676	19660840	84745	0.74947
ERR1203383	SE	2	0	27	162	0	3155558500	3160473652	4915152	21186	0.224459
ERR1203383	SE	2	0	28	168	0	3185049644	3189965028	4915384	21187	0.21456
ERR1203383	SE	2	0	29	174	0	3214541020	3219456172	4915152	21186	0.198739
ERR1203383	SE	2	0	30	180	0	3244032164	3248947316	4915152	21186	0.2205
ERR1203383	SE	2	0	31	186	0	3273523308	3278438460	4915152	21186	0.232525
ERR1203383	SE	2	0	32	192	0	3303014452	3307929604	4915152	21186	0.229292
ERR1203383	SE	2	0	33	198	0	3332505828	3337420980	4915152	21186	0.285676
ERR1203383	SE	2	0	34	204	0	3361996972	3366912124	4915152	21186	0.247005
ERR1203383	SE	2	0	35	210	0	3391488116	3396403268	4915152	21186	0.221872
ERR1203383	SE	2	0	36	216	0	3420979260	3425894412	4915152	21186	0.22741
ERR1203383	SE	2	0	37	222	0	3450470404	3455385788	4915384	21187	0.241274
ERR1203383	SE	2	0	38	228	0	3479961780	3484876932	4915152	21186	1.439203
ERR1203383	SE	2	1	0	1	1	19660976	39321628	19660652	87957	1.303596
ERR1203383	SE	2	1	1	7	1	137625820	157286524	19660704	87771	0.823488
ERR1203383	SE	2	1	2	13	1	255590496	275251392	19660896	86232	0.785636
ERR1203383	SE	2	1	3	19	1	373555416	393216084	19660668	86231	0.835687
ERR1203383	SE	2	1	4	25	1	491520108	511181004	19660896	86232	0.74506
ERR1203383	SE	2	1	5	31	1	609484800	629145696	19660896	86232	0.746279
ERR1203383	SE	2	1	6	37	1	727449720	747110616	19660896	86232	0.812274
ERR1203383	SE	2	1	7	43	1	845414412	865075308	19660896	86232	0.853044
ERR1203383	SE	2	1	8	49	1	963379332	983040000	19660668	86231	0.854319
ERR1203383	SE	2	1	9	55	1	1081344024	1101004920	19660896	86232	0.853976
ERR1203383	SE	2	1	10	61	1	1199308944	1218969612	19660668	86231	0.816231
ERR1203383	SE	2	1	11	67	1	1317273636	1336934532	19660896	86232	1.006631
ERR1203383	SE	2	1	12	73	1	1435238556	1454899224	19660668	86231	0.827845
ERR1203383	SE	2	1	13	79	1	1553203248	1572864144	19660896	86232	0.845129
ERR1203383	SE	2	1	14	85	1	1671168168	1690828836	19660668	86231	0.71313
ERR1203383	SE	2	1	15	91	1	1789132860	1808793756	19660896	86232	0.754733
ERR1203383	SE	2	1	16	97	1	1907097780	1926758448	19660668	86231	0.74969
ERR1203383	SE	2	1	17	103	1	2025062472	2044723368	19660896	86232	0.768836
ERR1203383	SE	2	1	18	109	1	2143027392	2162688060	19660668	86231	0.837182
ERR1203383	SE	2	1	19	115	1	2260992084	2280652860	19660776	85846	0.864609
ERR1203383	SE	2	1	20	121	1	2378956828	2398617668	19660840	84745	0.761745
ERR1203383	SE	2	1	21	127	1	2496921636	2516582476	19660840	84745	0.793213
ERR1203383	SE	2	1	22	133	1	2614886444	2634547284	19660840	84745	0.766892
ERR1203383	SE	2	1	23	139	1	2732851252	2752512092	19660840	84745	0.778955
ERR1203383	SE	2	1	24	145	1	2850816060	2870476900	19660840	84745	0.729647
ERR1203383	SE	2	1	25	151	1	2968780868	2988441708	19660840	84745	0.768341
ERR1203383	SE	2	1	26	157	1	3086745676	3106406516	19660840	84745	0.766712
ERR1203383	SE	2	1	27	163	1	3160473652	3165388804	4915152	21186	0.262625
ERR1203383	SE	2	1	28	169	1	3189965028	3194880180	4915152	21186	0.212362
ERR1203383	SE	2	1	29	175	1	3219456172	3224371324	4915152	21186	0.27141
ERR1203383	SE	2	1	30	181	1	3248947316	3253862468	4915152	21186	0.221585
ERR1203383	SE	2	1	31	187	1	3278438460	3283353612	4915152	21186	0.244451
ERR1203383	SE	2	1	32	193	1	3307929604	3312844988	4915384	21187	0.217546
ERR1203383	SE	2	1	33	199	1	3337420980	3342336132	4915152	21186	0.274835
ERR1203383	SE	2	1	34	205	1	3366912124	3371827276	4915152	21186	0.220675
ERR1203383	SE	2	1	35	211	1	3396403268	3401318420	4915152	21186	0.236343
ERR1203383	SE	2	1	36	217	1	3425894412	3430809796	4915384	21187	0.244365
ERR1203383	SE	2	1	37	223	1	3455385788	3460300940	4915152	21186	0.203293
ERR1203383	SE	2	1	38	229	1	3484876932	3489792084	4915152	21186	2.147241
ERR1203383	SE	2	2	0	2	2	39321628	58982556	19660928	87772	1.28544
ERR1203383	SE	2	2	1	8	2	157286524	176947228	19660704	87771	0.821006
ERR1203383	SE	2	2	2	14	2	275251392	294912060	19660668	86231	0.813098
ERR1203383	SE	2	2	3	20	2	393216084	412876980	19660896	86232	0.773103
ERR1203383	SE	2	2	4	26	2	511181004	530841672	19660668	86231	0.816899
ERR1203383	SE	2	2	5	32	2	629145696	648806592	19660896	86232	0.716545
ERR1203383	SE	2	2	6	38	2	747110616	766771284	19660668	86231	0.830867
ERR1203383	SE	2	2	7	44	2	865075308	884736204	19660896	86232	0.83142
ERR1203383	SE	2	2	8	50	2	983040000	1002700896	19660896	86232	0.841886
ERR1203383	SE	2	2	9	56	2	1101004920	1120665816	19660896	86232	0.802075
ERR1203383	SE	2	2	10	62	2	1218969612	1238630508	19660896	86232	0.80217
ERR1203383	SE	2	2	11	68	2	1336934532	1356595200	19660668	86231	0.780996
ERR1203383	SE	2	2	12	74	2	1454899224	1474560120	19660896	86232	0.80976
ERR1203383	SE	2	2	13	80	2	1572864144	1592524812	19660668	86231	0.824266
ERR1203383	SE	2	2	14	86	2	1690828836	1710489732	19660896	86232	0.833072
ERR1203383	SE	2	2	15	92	2	1808793756	1828454424	19660668	86231	0.839188
ERR1203383	SE	2	2	16	98	2	1926758448	1946419344	19660896	86232	0.695095
ERR1203383	SE	2	2	17	104	2	2044723368	2064384036	19660668	86231	0.763291
ERR1203383	SE	2	2	18	110	2	2162688060	2182348956	19660896	86232	0.796675
ERR1203383	SE	2	2	19	116	2	2280652860	2300313700	19660840	84745	0.753775
ERR1203383	SE	2	2	20	122	2	2398617668	2418278508	19660840	84745	0.854723
ERR1203383	SE	2	2	21	128	2	2516582476	2536243316	19660840	84745	0.776004
ERR1203383	SE	2	2	22	134	2	2634547284	2654208124	19660840	84745	0.761993
ERR1203383	SE	2	2	23	140	2	2752512092	2772172932	19660840	84745	0.763947
ERR1203383	SE	2	2	24	146	2	2870476900	2890137740	19660840	84745	0.840684
ERR1203383	SE	2	2	25	152	2	2988441708	3008102548	19660840	84745	0.786278
ERR1203383	SE	2	2	26	158	2	3106406516	3126067356	19660840	84745	0.807852
ERR1203383	SE	2	2	27	164	2	3165388804	3170304188	4915384	21187	0.239015
ERR1203383	SE	2	2	28	170	2	3194880180	3199795332	4915152	21186	0.229603
ERR1203383	SE	2	2	29	176	2	3224371324	3229286476	4915152	21186	0.258962
ERR1203383	SE	2	2	30	182	2	3253862468	3258777620	4915152	21186	0.225534
ERR1203383	SE	2	2	31	188	2	3283353612	3288268996	4915384	21187	0.213218
ERR1203383	SE	2	2	32	194	2	3312844988	3317760140	4915152	21186	0.228978
ERR1203383	SE	2	2	33	200	2	3342336132	3347251284	4915152	21186	0.224413
ERR1203383	SE	2	2	34	206	2	3371827276	3376742428	4915152	21186	0.218668
ERR1203383	SE	2	2	35	212	2	3401318420	3406233804	4915384	21187	0.278229
ERR1203383	SE	2	2	36	218	2	3430809796	3435724948	4915152	21186	0.24609
ERR1203383	SE	2	2	37	224	2	3460300940	3465216092	4915152	21186	0.225944
ERR1203383	SE	2	3	0	3	3	58982556	78643260	19660704	87771	1.271228
ERR1203383	SE	2	3	1	9	3	176947228	196608156	19660928	87772	0.803878
ERR1203383	SE	2	3	2	15	3	294912060	314572956	19660896	86232	0.777291
ERR1203383	SE	2	3	3	21	3	412876980	432537648	19660668	86231	0.83527
ERR1203383	SE	2	3	4	27	3	530841672	550502568	19660896	86232	0.768992
ERR1203383	SE	2	3	5	33	3	648806592	668467260	19660668	86231	0.803631
ERR1203383	SE	2	3	6	39	3	766771284	786432180	19660896	86232	0.800684
ERR1203383	SE	2	3	7	45	3	884736204	904396872	19660668	86231	0.863069
ERR1203383	SE	2	3	8	51	3	1002700896	1022361792	19660896	86232	0.866082
ERR1203383	SE	2	3	9	57	3	1120665816	1140326484	19660668	86231	0.708494
ERR1203383	SE	2	3	10	63	3	1238630508	1258291404	19660896	86232	0.796533
ERR1203383	SE	2	3	11	69	3	1356595200	1376256096	19660896	86232	0.809813
ERR1203383	SE	2	3	12	75	3	1474560120	1494221016	19660896	86232	1.108729
ERR1203383	SE	2	3	13	81	3	1592524812	1612185708	19660896	86232	0.890835
ERR1203383	SE	2	3	14	87	3	1710489732	1730150400	19660668	86231	0.880751
ERR1203383	SE	2	3	15	93	3	1828454424	1848115320	19660896	86232	0.728389
ERR1203383	SE	2	3	16	99	3	1946419344	1966080012	19660668	86231	0.749954
ERR1203383	SE	2	3	17	105	3	2064384036	2084044932	19660896	86232	0.838622
ERR1203383	SE	2	3	18	111	3	2182348956	2202009624	19660668	86231	0.787302
ERR1203383	SE	2	3	19	117	3	2300313700	2319974540	19660840	84745	0.773338
ERR1203383	SE	2	3	20	123	3	2418278508	2437939348	19660840	84745	0.786712
ERR1203383	SE	2	3	21	129	3	2536243316	2555904156	19660840	84745	0.688129
ERR1203383	SE	2	3	22	135	3	2654208124	2673868964	19660840	84745	0.811396
ERR1203383	SE	2	3	23	141	3	2772172932	2791833772	19660840	84745	0.745123
ERR1203383	SE	2	3	24	147	3	2890137740	2909798580	19660840	84745	0.832839
ERR1203383	SE	2	3	25	153	3	3008102548	3027763388	19660840	84745	0.912972
ERR1203383	SE	2	3	26	159	3	3126067356	3145728196	19660840	84745	0.785874
ERR1203383	SE	2	3	27	165	3	3170304188	3175219340	4915152	21186	0.227644
ERR1203383	SE	2	3	28	171	3	3199795332	3204710484	4915152	21186	0.268506
ERR1203383	SE	2	3	29	177	3	3229286476	3234201628	4915152	21186	0.271135
ERR1203383	SE	2	3	30	183	3	3258777620	3263693004	4915384	21187	0.216517
ERR1203383	SE	2	3	31	189	3	3288268996	3293184148	4915152	21186	0.217092
ERR1203383	SE	2	3	32	195	3	3317760140	3322675292	4915152	21186	0.22097
ERR1203383	SE	2	3	33	201	3	3347251284	3352166436	4915152	21186	0.239989
ERR1203383	SE	2	3	34	207	3	3376742428	3381657812	4915384	21187	0.238679
ERR1203383	SE	2	3	35	213	3	3406233804	3411148956	4915152	21186	0.292369
ERR1203383	SE	2	3	36	219	3	3435724948	3440640100	4915152	21186	0.252259
ERR1203383	SE	2	3	37	225	3	3465216092	3470131244	4915152	21186	0.457142
ERR1203383	SE	2	4	0	4	4	78643260	98304188	19660928	87772	1.240948
ERR1203383	SE	2	4	1	10	4	196608156	216268860	19660704	87771	0.761929
ERR1203383	SE	2	4	2	16	4	314572956	334233624	19660668	86231	0.821899
ERR1203383	SE	2	4	3	22	4	432537648	452198544	19660896	86232	0.831108
ERR1203383	SE	2	4	4	28	4	550502568	570163236	19660668	86231	0.792966
ERR1203383	SE	2	4	5	34	4	668467260	688128156	19660896	86232	0.908552
ERR1203383	SE	2	4	6	40	4	786432180	806092848	19660668	86231	0.866608
ERR1203383	SE	2	4	7	46	4	904396872	924057768	19660896	86232	0.904947
ERR1203383	SE	2	4	8	52	4	1022361792	1042022460	19660668	86231	0.757949
ERR1203383	SE	2	4	9	58	4	1140326484	1159987380	19660896	86232	0.751314
ERR1203383	SE	2	4	10	64	4	1258291404	1277952072	19660668	86231	0.829916
ERR1203383	SE	2	4	11	70	4	1376256096	1395916992	19660896	86232	0.832582
ERR1203383	SE	2	4	12	76	4	1494221016	1513881684	19660668	86231	0.889192
ERR1203383	SE	2	4	13	82	4	1612185708	1631846604	19660896	86232	0.8069
ERR1203383	SE	2	4	14	88	4	1730150400	1749811296	19660896	86232	0.866826
ERR1203383	SE	2	4	15	94	4	1848115320	1867776216	19660896	86232	0.763299
ERR1203383	SE	2	4	16	100	4	1966080012	1985740908	19660896	86232	0.826531
ERR1203383	SE	2	4	17	106	4	2084044932	2103705600	19660668	86231	0.781953
ERR1203383	SE	2	4	18	112	4	2202009624	2221670520	19660896	86232	0.802562
ERR1203383	SE	2	4	19	118	4	2319974540	2339635380	19660840	84745	0.851532
ERR1203383	SE	2	4	20	124	4	2437939348	2457600188	19660840	84745	0.725819
ERR1203383	SE	2	4	21	130	4	2555904156	2575564996	19660840	84745	0.858349
ERR1203383	SE	2	4	22	136	4	2673868964	2693529804	19660840	84745	0.779554
ERR1203383	SE	2	4	23	142	4	2791833772	2811494612	19660840	84745	0.774228
ERR1203383	SE	2	4	24	148	4	2909798580	2929459420	19660840	84745	0.844169
ERR1203383	SE	2	4	25	154	4	3027763388	3047424228	19660840	84745	0.795723
ERR1203383	SE	2	4	26	160	4	3145728196	3150643348	4915152	21186	0.24726
ERR1203383	SE	2	4	27	166	4	3175219340	3180134492	4915152	21186	0.217172
ERR1203383	SE	2	5	0	5	5	98304188	117964892	19660704	87771	1.3146
ERR1203383	SE	2	5	1	11	5	216268860	235929600	19660740	86802	0.777114
ERR1203383	SE	2	5	2	17	5	334233624	353894520	19660896	86232	0.770567
ERR1203383	SE	2	5	3	23	5	452198544	471859212	19660668	86231	0.871059
ERR1203383	SE	2	5	4	29	5	570163236	589824132	19660896	86232	0.77522
ERR1203383	SE	2	5	5	35	5	688128156	707788824	19660668	86231	0.78764
ERR1203383	SE	2	5	6	41	5	806092848	825753744	19660896	86232	0.853874
ERR1203383	SE	2	5	7	47	5	924057768	943718436	19660668	86231	0.861433
ERR1203383	SE	2	5	8	53	5	1042022460	1061683356	19660896	86232	0.794917
ERR1203383	SE	2	5	9	59	5	1159987380	1179648048	19660668	86231	0.870017
ERR1203383	SE	2	5	10	65	5	1277952072	1297612968	19660896	86232	0.840461
ERR1203383	SE	2	5	11	71	5	1395916992	1415577660	19660668	86231	0.808681
ERR1203383	SE	2	5	12	77	5	1513881684	1533542580	19660896	86232	0.852962
ERR1203383	SE	2	5	13	83	5	1631846604	1651507272	19660668	86231	0.775793
ERR1203383	SE	2	5	14	89	5	1749811296	1769472192	19660896	86232	0.765509
ERR1203383	SE	2	5	15	95	5	1867776216	1887436884	19660668	86231	0.809981
ERR1203383	SE	2	5	16	101	5	1985740908	2005401804	19660896	86232	0.789497
ERR1203383	SE	2	5	17	107	5	2103705600	2123366496	19660896	86232	0.732658
ERR1203383	SE	2	5	29	178	4	3234201628	3239117012	4915384	21187	0.235928
ERR1203383	SE	2	5	30	184	4	3263693004	3268608156	4915152	21186	0.214908
ERR1203383	SE	2	5	31	190	4	3293184148	3298099300	4915152	21186	0.232331
ERR1203383	SE	2	5	32	196	4	3322675292	3327590444	4915152	21186	0.232004
ERR1203383	SE	2	5	33	202	4	3352166436	3357081820	4915384	21187	0.243269
ERR1203383	SE	2	5	34	208	4	3381657812	3386572964	4915152	21186	0.232667
ERR1203383	SE	2	5	35	214	4	3411148956	3416064108	4915152	21186	0.233941
ERR1203383	SE	2	5	36	220	4	3440640100	3445555252	4915152	21186	0.217492
ERR1203383	SE	2	5	37	226	4	3470131244	3475046628	4915384	21187	0.389883
ERR1203383	SE	2	5	38	230	2	3489792084	3494707236	4915152	21186	1.933029
ERR1203383	SE	2	5	19	119	5	2339635380	2359296220	19660840	84745	0.772426
ERR1203383	SE	2	5	20	125	5	2457600188	2477261028	19660840	84745	0.780559
ERR1203383	SE	2	5	21	131	5	2575564996	2595225604	19660608	84744	0.794695
ERR1203383	SE	2	5	22	137	5	2693529804	2713190412	19660608	84744	0.710732
ERR1203383	SE	2	5	23	143	5	2811494612	2831155220	19660608	84744	0.77565
ERR1203383	SE	2	5	24	149	5	2929459420	2949120028	19660608	84744	0.766003
ERR1203383	SE	2	5	25	155	5	3047424228	3067084836	19660608	84744	0.772957
ERR1203383	SE	2	5	26	161	5	3150643348	3155558500	4915152	21186	0.240822
ERR1203383	SE	2	5	27	167	5	3180134492	3185049644	4915152	21186	0.234398
ERR1203383	SE	2	5	28	173	5	3209625636	3214541020	4915384	21187	0.193145
ERR1203383	SE	2	5	29	179	5	3239117012	3244032164	4915152	21186	0.235344
ERR1203383	SE	2	5	30	185	5	3268608156	3273523308	4915152	21186	0.21507
ERR1203383	SE	2	5	31	191	5	3298099300	3303014452	4915152	21186	0.205854
ERR1203383	SE	2	5	32	197	5	3327590444	3332505828	4915384	21187	0.19034
ERR1203383	SE	2	5	33	203	5	3357081820	3361996972	4915152	21186	0.262239
ERR1203383	SE	2	5	34	209	5	3386572964	3391488116	4915152	21186	0.676379
ERR1203383	SE	2	5	35	215	5	3416064108	3420979260	4915152	21186	0.235827
ERR1203383	SE	2	5	36	221	5	3445555252	3450470404	4915152	21186	0.259437
ERR1203383	SE	2	5	37	227	5	3475046628	3479961780	4915152	21186	0.467549
ERR1203383	SE	2	5	38	231	3	3494707236	3499281348	4574112	19716	1.656464
ERR1203383	SE	3	0	0	0	0	0	19660976	19660976	89570	1.264593
ERR1203383	SE	3	0	1	6	0	117964892	137625820	19660928	87772	0.869743
ERR1203383	SE	3	0	2	12	0	235929600	255590496	19660896	86232	0.810253
ERR1203383	SE	3	0	3	18	0	353894520	373555416	19660896	86232	0.81142
ERR1203383	SE	3	0	4	24	0	471859212	491520108	19660896	86232	0.804249
ERR1203383	SE	3	0	5	30	0	589824132	609484800	19660668	86231	0.830182
ERR1203383	SE	3	0	6	36	0	707788824	727449720	19660896	86232	0.772181
ERR1203383	SE	3	0	7	42	0	825753744	845414412	19660668	86231	0.866285
ERR1203383	SE	3	0	8	48	0	943718436	963379332	19660896	86232	0.844487
ERR1203383	SE	3	0	9	54	0	1061683356	1081344024	19660668	86231	0.781979
ERR1203383	SE	3	0	10	60	0	1179648048	1199308944	19660896	86232	0.858647
ERR1203383	SE	3	0	11	66	0	1297612968	1317273636	19660668	86231	0.927142
ERR1203383	SE	3	0	12	72	0	1415577660	1435238556	19660896	86232	0.803752
ERR1203383	SE	3	0	13	78	0	1533542580	1553203248	19660668	86231	0.76579
ERR1203383	SE	3	0	14	84	0	1651507272	1671168168	19660896	86232	0.759791
ERR1203383	SE	3	0	15	90	0	1769472192	1789132860	19660668	86231	0.813896
ERR1203383	SE	3	0	16	96	0	1887436884	1907097780	19660896	86232	0.790921
ERR1203383	SE	3	0	17	102	0	2005401804	2025062472	19660668	86231	0.742819
ERR1203383	SE	3	0	18	108	0	2123366496	2143027392	19660896	86232	0.805277
ERR1203383	SE	3	0	19	114	0	2241331416	2260992084	19660668	86231	0.844954
ERR1203383	SE	3	0	20	120	0	2359296220	2378956828	19660608	84744	0.803366
ERR1203383	SE	3	0	21	126	0	2477261028	2496921636	19660608	84744	0.772176
ERR1203383	SE	3	0	22	132	0	2595225604	2614886444	19660840	84745	0.836599
ERR1203383	SE	3	0	23	138	0	2713190412	2732851252	19660840	84745	0.785064
ERR1203383	SE	3	0	24	144	0	2831155220	2850816060	19660840	84745	0.781493
ERR1203383	SE	3	0	25	150	0	2949120028	2968780868	19660840	84745	0.782331
ERR1203383	SE	3	0	26	156	0	3067084836	3086745676	19660840	84745	0.753591
ERR1203383	SE	3	0	27	162	0	3155558500	3160473652	4915152	21186	0.22585
ERR1203383	SE	3	0	28	168	0	3185049644	3189965028	4915384	21187	0.216738
ERR1203383	SE	3	0	29	174	0	3214541020	3219456172	4915152	21186	0.195123
ERR1203383	SE	3	0	30	180	0	3244032164	3248947316	4915152	21186	0.220278
ERR1203383	SE	3	0	31	186	0	3273523308	3278438460	4915152	21186	0.225444
ERR1203383	SE	3	0	32	192	0	3303014452	3307929604	4915152	21186	0.2321
ERR1203383	SE	3	0	33	198	0	3332505828	3337420980	4915152	21186	0.293316
ERR1203383	SE	3	0	34	204	0	3361996972	3366912124	4915152	21186	0.261614
ERR1203383	SE	3	0	35	210	0	3391488116	3396403268	4915152	21186	0.221122
ERR1203383	SE	3	0	36	216	0	3420979260	3425894412	4915152	21186	0.231602
ERR1203383	SE	3	0	37	222	0	3450470404	3455385788	4915384	21187	0.240266
ERR1203383	SE	3	0	38	228	0	3479961780	3484876932	4915152	21186	1.43815
ERR1203383	SE	3	1	0	1	1	19660976	39321628	19660652	87957	1.315455
ERR1203383	SE	3	1	1	7	1	137625820	157286524	19660704	87771	0.832348
ERR1203383	SE	3	1	2	13	1	255590496	275251392	19660896	86232	0.79049
ERR1203383	SE	3	1	3	19	1	373555416	393216084	19660668	86231	0.829691
ERR1203383	SE	3	1	4	25	1	491520108	511181004	19660896	86232	0.742858
ERR1203383	SE	3	1	5	31	1	609484800	629145696	19660896	86232	0.746919
ERR1203383	SE	3	1	6	37	1	727449720	747110616	19660896	86232	0.815166
ERR1203383	SE	3	1	7	43	1	845414412	865075308	19660896	86232	0.855901
ERR1203383	SE	3	1	8	49	1	963379332	983040000	19660668	86231	0.844231
ERR1203383	SE	3	1	9	55	1	1081344024	1101004920	19660896	86232	0.839963
ERR1203383	SE	3	1	10	61	1	1199308944	1218969612	19660668	86231	0.809973
ERR1203383	SE	3	1	11	67	1	1317273636	1336934532	19660896	86232	0.999594
ERR1203383	SE	3	1	12	73	1	1435238556	1454899224	19660668	86231	0.833649
ERR1203383	SE	3	1	13	79	1	1553203248	1572864144	19660896	86232	0.837991
ERR1203383	SE	3	1	14	85	1	1671168168	1690828836	19660668	86231	0.723914
ERR1203383	SE	3	1	15	91	1	1789132860	1808793756	19660896	86232	0.750049
ERR1203383	SE	3	1	16	97	1	1907097780	1926758448	19660668	86231	0.752838
ERR1203383	SE	3	1	17	103	1	2025062472	2044723368	19660896	86232	0.764173
ERR1203383	SE	3	2	0	2	2	39321628	58982556	19660928	87772	1.2935
ERR1203383	SE	3	2	1	8	2	157286524	176947228	19660704	87771	0.836765
ERR1203383	SE	3	2	2	14	2	275251392	294912060	19660668	86231	0.814601
ERR1203383	SE	3	2	3	20	2	393216084	412876980	19660896	86232	0.783818
ERR1203383	SE	3	2	4	26	2	511181004	530841672	19660668	86231	0.816453
ERR1203383	SE	3	2	5	32	2	629145696	648806592	19660896	86232	0.711893
ERR1203383	SE	3	2	6	38	2	747110616	766771284	19660668	86231	0.827161
ERR1203383	SE	3	2	7	44	2	865075308	884736204	19660896	86232	0.830417
ERR1203383	SE	3	2	8	50	2	983040000	1002700896	19660896	86232	0.8514
ERR1203383	SE	3	2	9	56	2	1101004920	1120665816	19660896	86232	0.801823
ERR1203383	SE	3	2	10	62	2	1218969612	1238630508	19660896	86232	0.801352
ERR1203383	SE	3	2	11	68	2	1336934532	1356595200	19660668	86231	0.782796
ERR1203383	SE	3	2	12	74	2	1454899224	1474560120	19660896	86232	0.824303
ERR1203383	SE	3	2	13	80	2	1572864144	1592524812	19660668	86231	0.82116
ERR1203383	SE	3	2	14	86	2	1690828836	1710489732	19660896	86232	0.834032
ERR1203383	SE	3	2	15	92	2	1808793756	1828454424	19660668	86231	0.865512
ERR1203383	SE	3	2	16	98	2	1926758448	1946419344	19660896	86232	0.700163
ERR1203383	SE	3	2	17	104	2	2044723368	2064384036	19660668	86231	0.770312
ERR1203383	SE	3	2	18	110	1	2143027392	2162688060	19660668	86231	0.841288
ERR1203383	SE	3	2	19	115	1	2260992084	2280652860	19660776	85846	0.862455
ERR1203383	SE	3	2	20	121	1	2378956828	2398617668	19660840	84745	0.773976
ERR1203383	SE	3	2	21	127	1	2496921636	2516582476	19660840	84745	0.789056
ERR1203383	SE	3	2	22	133	1	2614886444	2634547284	19660840	84745	0.760136
ERR1203383	SE	3	2	23	139	1	2732851252	2752512092	19660840	84745	0.784684
ERR1203383	SE	3	2	24	145	1	2850816060	2870476900	19660840	84745	0.73143
ERR1203383	SE	3	2	25	151	1	2968780868	2988441708	19660840	84745	0.775423
ERR1203383	SE	3	2	26	157	1	3086745676	3106406516	19660840	84745	0.762683
ERR1203383	SE	3	2	27	163	1	3160473652	3165388804	4915152	21186	0.2598
ERR1203383	SE	3	2	28	169	1	3189965028	3194880180	4915152	21186	0.211377
ERR1203383	SE	3	2	29	175	1	3219456172	3224371324	4915152	21186	0.268674
ERR1203383	SE	3	2	30	181	1	3248947316	3253862468	4915152	21186	0.220495
ERR1203383	SE	3	2	31	187	1	3278438460	3283353612	4915152	21186	0.249564
ERR1203383	SE	3	2	32	193	1	3307929604	3312844988	4915384	21187	0.217118
ERR1203383	SE	3	2	33	199	1	3337420980	3342336132	4915152	21186	0.26886
ERR1203383	SE	3	2	34	205	1	3366912124	3371827276	4915152	21186	0.21827
ERR1203383	SE	3	2	35	211	1	3396403268	3401318420	4915152	21186	0.231193
ERR1203383	SE	3	2	36	217	1	3425894412	3430809796	4915384	21187	0.244339
ERR1203383	SE	3	2	37	223	1	3455385788	3460300940	4915152	21186	0.203719
ERR1203383	SE	3	2	38	229	1	3484876932	3489792084	4915152	21186	2.155756
ERR1203383	SE	3	2	19	116	2	2280652860	2300313700	19660840	84745	0.762931
ERR1203383	SE	3	2	20	122	2	2398617668	2418278508	19660840	84745	0.86289
ERR1203383	SE	3	2	21	128	2	2516582476	2536243316	19660840	84745	0.768815
ERR1203383	SE	3	2	22	134	2	2634547284	2654208124	19660840	84745	0.761465
ERR1203383	SE	3	2	23	140	2	2752512092	2772172932	19660840	84745	0.759822
ERR1203383	SE	3	2	24	146	2	2870476900	2890137740	19660840	84745	0.829919
ERR1203383	SE	3	2	25	152	2	2988441708	3008102548	19660840	84745	0.777755
ERR1203383	SE	3	2	26	158	2	3106406516	3126067356	19660840	84745	0.817093
ERR1203383	SE	3	2	27	164	2	3165388804	3170304188	4915384	21187	0.248404
ERR1203383	SE	3	2	28	170	2	3194880180	3199795332	4915152	21186	0.23239
ERR1203383	SE	3	2	29	176	2	3224371324	3229286476	4915152	21186	0.264645
ERR1203383	SE	3	2	30	182	2	3253862468	3258777620	4915152	21186	0.223677
ERR1203383	SE	3	2	31	188	2	3283353612	3288268996	4915384	21187	0.213238
ERR1203383	SE	3	2	32	194	2	3312844988	3317760140	4915152	21186	0.232328
ERR1203383	SE	3	2	33	200	2	3342336132	3347251284	4915152	21186	0.232494
ERR1203383	SE	3	2	34	206	2	3371827276	3376742428	4915152	21186	0.223507
ERR1203383	SE	3	2	35	212	2	3401318420	3406233804	4915384	21187	0.276525
ERR1203383	SE	3	2	36	218	2	3430809796	3435724948	4915152	21186	0.24316
ERR1203383	SE	3	2	37	230	2	3489792084	3494707236	4915152	21186	1.939893
ERR1203383	SE	3	3	0	3	3	58982556	78643260	19660704	87771	1.278545
ERR1203383	SE	3	3	1	9	3	176947228	196608156	19660928	87772	0.799292
ERR1203383	SE	3	3	2	15	3	294912060	314572956	19660896	86232	0.776629
ERR1203383	SE	3	3	3	21	3	412876980	432537648	19660668	86231	0.836568
ERR1203383	SE	3	3	4	27	3	530841672	550502568	19660896	86232	0.760432
ERR1203383	SE	3	3	5	33	3	648806592	668467260	19660668	86231	0.804479
ERR1203383	SE	3	3	6	39	3	766771284	786432180	19660896	86232	0.806634
ERR1203383	SE	3	3	7	45	3	884736204	904396872	19660668	86231	0.857633
ERR1203383	SE	3	3	8	51	3	1002700896	1022361792	19660896	86232	0.850183
ERR1203383	SE	3	3	9	57	3	1120665816	1140326484	19660668	86231	0.714908
ERR1203383	SE	3	3	10	63	3	1238630508	1258291404	19660896	86232	0.797406
ERR1203383	SE	3	3	11	69	3	1356595200	1376256096	19660896	86232	0.816266
ERR1203383	SE	3	3	12	75	3	1474560120	1494221016	19660896	86232	1.12567
ERR1203383	SE	3	3	13	81	3	1592524812	1612185708	19660896	86232	0.906414
ERR1203383	SE	3	3	14	87	3	1710489732	1730150400	19660668	86231	0.894538
ERR1203383	SE	3	3	15	93	3	1828454424	1848115320	19660896	86232	0.739732
ERR1203383	SE	3	3	16	99	3	1946419344	1966080012	19660668	86231	0.752402
ERR1203383	SE	3	3	17	105	3	2064384036	2084044932	19660896	86232	0.844015
ERR1203383	SE	3	3	18	111	3	2182348956	2202009624	19660668	86231	0.79024
ERR1203383	SE	3	3	19	117	3	2300313700	2319974540	19660840	84745	0.771043
ERR1203383	SE	3	3	20	123	3	2418278508	2437939348	19660840	84745	0.779845
ERR1203383	SE	3	3	21	129	3	2536243316	2555904156	19660840	84745	0.68855
ERR1203383	SE	3	3	22	135	3	2654208124	2673868964	19660840	84745	0.812398
ERR1203383	SE	3	3	23	141	3	2772172932	2791833772	19660840	84745	0.747366
ERR1203383	SE	3	3	24	147	3	2890137740	2909798580	19660840	84745	0.831939
ERR1203383	SE	3	3	25	153	3	3008102548	3027763388	19660840	84745	0.901841
ERR1203383	SE	3	3	26	159	3	3126067356	3145728196	19660840	84745	0.769204
ERR1203383	SE	3	3	27	165	3	3170304188	3175219340	4915152	21186	0.209054
ERR1203383	SE	3	3	28	171	3	3199795332	3204710484	4915152	21186	0.256098
ERR1203383	SE	3	3	29	177	3	3229286476	3234201628	4915152	21186	0.265049
ERR1203383	SE	3	3	30	183	3	3258777620	3263693004	4915384	21187	0.21647
ERR1203383	SE	3	3	31	189	3	3288268996	3293184148	4915152	21186	0.224162
ERR1203383	SE	3	3	32	195	3	3317760140	3322675292	4915152	21186	0.220103
ERR1203383	SE	3	3	33	201	3	3347251284	3352166436	4915152	21186	0.237741
ERR1203383	SE	3	3	34	207	3	3376742428	3381657812	4915384	21187	0.249663
ERR1203383	SE	3	3	35	213	3	3406233804	3411148956	4915152	21186	0.289148
ERR1203383	SE	3	3	36	219	3	3435724948	3440640100	4915152	21186	0.247578
ERR1203383	SE	3	3	37	225	3	3465216092	3470131244	4915152	21186	0.457009
ERR1203383	SE	3	4	0	4	4	78643260	98304188	19660928	87772	1.243011
ERR1203383	SE	3	4	1	10	4	196608156	216268860	19660704	87771	0.745664
ERR1203383	SE	3	4	2	16	4	314572956	334233624	19660668	86231	0.829599
ERR1203383	SE	3	4	3	22	4	432537648	452198544	19660896	86232	0.81785
ERR1203383	SE	3	4	4	28	4	550502568	570163236	19660668	86231	0.798685
ERR1203383	SE	3	4	5	34	4	668467260	688128156	19660896	86232	0.913492
ERR1203383	SE	3	4	6	40	4	786432180	806092848	19660668	86231	0.870695
ERR1203383	SE	3	4	7	46	4	904396872	924057768	19660896	86232	0.900157
ERR1203383	SE	3	4	8	52	4	1022361792	1042022460	19660668	86231	0.748488
ERR1203383	SE	3	4	9	58	4	1140326484	1159987380	19660896	86232	0.744895
ERR1203383	SE	3	4	10	64	4	1258291404	1277952072	19660668	86231	0.840354
ERR1203383	SE	3	4	11	70	4	1376256096	1395916992	19660896	86232	0.814923
ERR1203383	SE	3	4	12	76	4	1494221016	1513881684	19660668	86231	0.899006
ERR1203383	SE	3	4	13	82	4	1612185708	1631846604	19660896	86232	0.810778
ERR1203383	SE	3	4	14	88	4	1730150400	1749811296	19660896	86232	0.856835
ERR1203383	SE	3	4	15	94	4	1848115320	1867776216	19660896	86232	0.754506
ERR1203383	SE	3	4	16	100	4	1966080012	1985740908	19660896	86232	0.832159
ERR1203383	SE	3	4	17	106	4	2084044932	2103705600	19660668	86231	0.784187
ERR1203383	SE	3	5	0	5	5	98304188	117964892	19660704	87771	1.32055
ERR1203383	SE	3	5	1	11	5	216268860	235929600	19660740	86802	0.768231
ERR1203383	SE	3	5	2	17	5	334233624	353894520	19660896	86232	0.769728
ERR1203383	SE	3	5	3	23	5	452198544	471859212	19660668	86231	0.874673
ERR1203383	SE	3	5	4	29	5	570163236	589824132	19660896	86232	0.775953
ERR1203383	SE	3	5	5	35	5	688128156	707788824	19660668	86231	0.779912
ERR1203383	SE	3	5	6	41	5	806092848	825753744	19660896	86232	0.856421
ERR1203383	SE	3	5	7	47	5	924057768	943718436	19660668	86231	0.860502
ERR1203383	SE	3	5	8	53	5	1042022460	1061683356	19660896	86232	0.792826
ERR1203383	SE	3	5	9	59	5	1159987380	1179648048	19660668	86231	0.875464
ERR1203383	SE	3	5	10	65	5	1277952072	1297612968	19660896	86232	0.838333
ERR1203383	SE	3	5	11	71	5	1395916992	1415577660	19660668	86231	0.815367
ERR1203383	SE	3	5	12	77	5	1513881684	1533542580	19660896	86232	0.854859
ERR1203383	SE	3	5	13	83	5	1631846604	1651507272	19660668	86231	0.772011
ERR1203383	SE	3	5	14	89	5	1749811296	1769472192	19660896	86232	0.77652
ERR1203383	SE	3	5	15	95	5	1867776216	1887436884	19660668	86231	0.826791
ERR1203383	SE	3	5	16	101	5	1985740908	2005401804	19660896	86232	0.796582
ERR1203383	SE	3	5	17	107	5	2103705600	2123366496	19660896	86232	0.736387
ERR1203383	SE	3	5	18	113	4	2202009624	2221670520	19660896	86232	0.808204
ERR1203383	SE	3	5	19	118	4	2319974540	2339635380	19660840	84745	0.856205
ERR1203383	SE	3	5	20	124	4	2437939348	2457600188	19660840	84745	0.726543
ERR1203383	SE	3	5	21	130	4	2555904156	2575564996	19660840	84745	0.859556
ERR1203383	SE	3	5	22	136	4	2673868964	2693529804	19660840	84745	0.792677
ERR1203383	SE	3	5	23	142	4	2791833772	2811494612	19660840	84745	0.779465
ERR1203383	SE	3	5	24	148	4	2909798580	2929459420	19660840	84745	0.835016
ERR1203383	SE	3	5	25	154	4	3027763388	3047424228	19660840	84745	0.796408
ERR1203383	SE	3	5	26	160	4	3145728196	3150643348	4915152	21186	0.249409
ERR1203383	SE	3	5	27	166	4	3175219340	3180134492	4915152	21186	0.220117
ERR1203383	SE	3	5	28	172	4	3204710484	3209625636	4915152	21186	0.22009
ERR1203383	SE	3	5	29	178	4	3234201628	3239117012	4915384	21187	0.230215
ERR1203383	SE	3	5	30	184	4	3263693004	3268608156	4915152	21186	0.21599
ERR1203383	SE	3	5	31	190	4	3293184148	3298099300	4915152	21186	0.231746
ERR1203383	SE	3	5	32	196	4	3322675292	3327590444	4915152	21186	0.215599
ERR1203383	SE	3	5	33	202	4	3352166436	3357081820	4915384	21187	0.240509
ERR1203383	SE	3	5	34	208	4	3381657812	3386572964	4915152	21186	0.230907
ERR1203383	SE	3	5	35	214	4	3411148956	3416064108	4915152	21186	0.230649
ERR1203383	SE	3	5	36	220	4	3440640100	3445555252	4915152	21186	0.217035
ERR1203383	SE	3	5	37	226	4	3470131244	3475046628	4915384	21187	0.393202
ERR1203383	SE	3	5	38	224	2	3460300940	3465216092	4915152	21186	0.214536
ERR1203383	SE	3	5	19	119	5	2339635380	2359296220	19660840	84745	0.772262
ERR1203383	SE	3	5	20	125	5	2457600188	2477261028	19660840	84745	0.779046
ERR1203383	SE	3	5	21	131	5	2575564996	2595225604	19660608	84744	0.792082
ERR1203383	SE	3	5	22	137	5	2693529804	2713190412	19660608	84744	0.71433
ERR1203383	SE	3	5	23	143	5	2811494612	2831155220	19660608	84744	0.774369
ERR1203383	SE	3	5	24	149	5	2929459420	2949120028	19660608	84744	0.759444
ERR1203383	SE	3	5	25	155	5	3047424228	3067084836	19660608	84744	0.768925
ERR1203383	SE	3	5	26	161	5	3150643348	3155558500	4915152	21186	0.242517
ERR1203383	SE	3	5	27	167	5	3180134492	3185049644	4915152	21186	0.239106
ERR1203383	SE	3	5	28	173	5	3209625636	3214541020	4915384	21187	0.196978
ERR1203383	SE	3	5	29	179	5	3239117012	3244032164	4915152	21186	0.234516
ERR1203383	SE	3	5	30	185	5	3268608156	3273523308	4915152	21186	0.214453
ERR1203383	SE	3	5	31	191	5	3298099300	3303014452	4915152	21186	0.206451
ERR1203383	SE	3	5	32	197	5	3327590444	3332505828	4915384	21187	0.192824
ERR1203383	SE	3	5	33	203	5	3357081820	3361996972	4915152	21186	0.256396
ERR1203383	SE	3	5	34	209	5	3386572964	3391488116	4915152	21186	0.673118
ERR1203383	SE	3	5	35	215	5	3416064108	3420979260	4915152	21186	0.243887
ERR1203383	SE	3	5	36	221	5	3445555252	3450470404	4915152	21186	0.260561
ERR1203383	SE	3	5	37	227	5	3475046628	3479961780	4915152	21186	0.47602
ERR1203383	SE	3	5	38	231	3	3494707236	3499281348	4574112	19716	1.648482
SRR2496709	PE	1	0	0	0	0	0	19660888	19660888	72446	2.422275
SRR2496709	PE	1	0	1	6	0	117964824	137625684	19660860	71235	2.082983
SRR2496709	PE	1	0	2	12	0	235929708	255590568	19660860	71235	1.94608
SRR2496709	PE	1	0	3	18	0	353894544	373555304	19660760	70217	2.026102
SRR2496709	PE	1	0	4	24	0	471859384	491520144	19660760	70217	1.605354
SRR2496709	PE	1	0	5	30	0	589824224	609484984	19660760	70217	1.847288
SRR2496709	PE	1	0	6	36	0	707789064	727449824	19660760	70217	1.666261
SRR2496709	PE	1	0	7	42	0	825753624	845414664	19661040	70218	2.294135
SRR2496709	PE	1	0	8	48	0	943718464	963379224	19660760	70217	2.992739
SRR2496709	PE	1	0	9	54	0	1061683304	1081344064	19660760	70217	1.784682
SRR2496709	PE	1	0	10	60	0	1179648144	1199308904	19660760	70217	1.497775
SRR2496709	PE	1	0	11	66	0	1297612984	1317273744	19660760	70217	1.694027
SRR2496709	PE	1	0	12	72	0	1415577824	1435238584	19660760	70217	1.778079
SRR2496709	PE	1	0	13	78	0	1533542664	1553203424	19660760	70217	2.217825
SRR2496709	PE	1	0	14	84	0	1651507224	1671168264	19661040	70218	2.269616
SRR2496709	PE	1	0	15	90	0	1769472064	1789132824	19660760	70217	2.792276
SRR2496709	PE	1	0	16	96	0	1887436904	1907097664	19660760	70217	2.471688
SRR2496709	PE	1	0	17	102	0	2005401744	2025062504	19660760	70217	2.092736
SRR2496709	PE	1	0	18	108	0	2123366584	2143027344	19660760	70217	5.114315
SRR2496709	PE	1	0	19	114	0	2241331424	2260992184	19660760	70217	1.472751
SRR2496709	PE	1	0	20	120	0	2359296264	2378957024	19660760	70217	2.397131
SRR2496709	PE	1	0	21	126	0	2477260824	2496921864	19661040	70218	2.938556
SRR2496709	PE	1	0	22	132	0	2595225664	2614886424	19660760	70217	1.488202
SRR2496709	PE	1	0	23	138	0	2713190504	2732851264	19660760	70217	2.226745
SRR2496709	PE	1	0	24	144	0	2831155272	2850816024	19660752	69228	2.188828
SRR2496709	PE	1	0	25	150	0	2949120068	2968780820	19660752	69228	1.699065
SRR2496709	PE	1	0	26	156	0	3067084864	3086745616	19660752	69228	1.437747
SRR2496709	PE	1	0	27	162	0	3170304096	3175219284	4915188	17307	0.46491
SRR2496709	PE	1	0	28	168	0	3199795224	3204710412	4915188	17307	0.481857
SRR2496709	PE	1	0	29	174	0	3229286636	3234201824	4915188	17307	0.566983
SRR2496709	PE	1	0	30	180	0	3258777764	3263692952	4915188	17307	5.143608
SRR2496709	PE	1	0	31	186	0	3288268892	3293184080	4915188	17307	0.563057
SRR2496709	PE	1	0	32	192	0	3317760020	3322675208	4915188	17307	0.363984
SRR2496709	PE	1	0	33	198	0	3347251432	3352166620	4915188	17307	0.406394
SRR2496709	PE	1	0	34	210	0	3406233688	3411148876	4915188	17307	0.462484
SRR2496709	PE	1	0	35	222	0	3465216228	3470131416	4915188	17307	0.462987
SRR2496709	PE	1	0	36	234	0	3524198484	3529113672	4915188	17307	0.63602
SRR2496709	PE	1	0	37	195	3	3332505868	3337421056	4915188	17307	0.468112
SRR2496709	PE	1	0	38	231	3	3509452920	3514368108	4915188	17307	0.554092
SRR2496709	PE	1	1	0	1	1	19660888	39321660	19660772	71634	2.055699
SRR2496709	PE	1	1	1	7	1	137625684	157286544	19660860	71235	1.987071
SRR2496709	PE	1	1	2	13	1	255590568	275251428	19660860	71235	2.400131
SRR2496709	PE	1	1	3	19	1	373555304	393216064	19660760	70217	2.056516
SRR2496709	PE	1	1	4	25	1	491520144	511180904	19660760	70217	2.116209
SRR2496709	PE	1	1	5	31	1	609484984	629145744	19660760	70217	2.400371
SRR2496709	PE	1	1	6	37	1	727449824	747110584	19660760	70217	2.010103
SRR2496709	PE	1	1	7	43	1	845414664	865075424	19660760	70217	1.892218
SRR2496709	PE	1	1	8	49	1	963379224	983040264	19661040	70218	3.309271
SRR2496709	PE	1	1	9	55	1	1081344064	1101004824	19660760	70217	2.37465
SRR2496709	PE	1	1	10	61	1	1199308904	1218969664	19660760	70217	2.23447
SRR2496709	PE	1	1	11	67	1	1317273744	1336934504	19660760	70217	1.936183
SRR2496709	PE	1	1	12	73	1	1435238584	1454899344	19660760	70217	1.63605
SRR2496709	PE	1	1	13	79	1	1553203424	1572864184	19660760	70217	2.772979
SRR2496709	PE	1	1	14	85	1	1671168264	1690829024	19660760	70217	2.028629
SRR2496709	PE	1	1	15	91	1	1789132824	1808793864	19661040	70218	1.770421
SRR2496709	PE	1	1	16	97	1	1907097664	1926758424	19660760	70217	1.549269
SRR2496709	PE	1	1	17	103	1	2025062504	2044723264	19660760	70217	1.871189
SRR2496709	PE	1	1	18	109	1	2143027344	2162688104	19660760	70217	1.608475
SRR2496709	PE	1	1	19	115	1	2260992184	2280652944	19660760	70217	1.904812
SRR2496709	PE	1	1	20	121	1	2378957024	2398617784	19660760	70217	1.614746
SRR2496709	PE	1	1	21	127	1	2496921864	2516582624	19660760	70217	1.678659
SRR2496709	PE	1	1	22	133	1	2614886424	2634547464	19661040	70218	1.651726
SRR2496709	PE	1	1	23	139	1	2732851264	2752512024	19660760	70217	2.687869
SRR2496709	PE	1	1	24	145	1	2850816024	2870477060	19661036	69229	1.556021
SRR2496709	PE	1	1	25	151	1	2968780820	2988441856	19661036	69229	2.20746
SRR2496709	PE	1	1	26	157	1	3086745616	3106406652	19661036	69229	1.347831
SRR2496709	PE	1	1	27	163	1	3175219284	3180134472	4915188	17307	0.356357
SRR2496709	PE	1	1	28	169	1	3204710412	3209625600	4915188	17307	0.69123
SRR2496709	PE	1	1	29	175	1	3234201824	3239117012	4915188	17307	0.481235
SRR2496709	PE	1	1	30	181	1	3263692952	3268608140	4915188	17307	0.538494
SRR2496709	PE	1	1	31	187	1	3293184080	3298099268	4915188	17307	0.426098
SRR2496709	PE	1	1	32	193	1	3322675208	3327590680	4915472	17308	0.466184
SRR2496709	PE	1	1	33	199	1	3352166620	3357081808	4915188	17307	0.415657
SRR2496709	PE	1	1	34	205	1	3381657748	3386572936	4915188	17307	0.407392
SRR2496709	PE	1	1	35	211	1	3411148876	3416064064	4915188	17307	0.357442
SRR2496709	PE	1	1	36	217	1	3440640004	3445555476	4915472	17308	0.488113
SRR2496709	PE	1	1	37	223	1	3470131416	3475046604	4915188	17307	0.453607
SRR2496709	PE	1	1	38	229	1	3499622544	3504537732	4915188	17307	0.55967
SRR2496709	PE	1	1	39	235	1	3529113672	3534028860	4915188	17307	0.7527
SRR2496709	PE	1	1	40	165	3	3185049660	3189964848	4915188	17307	0.408024
SRR2496709	PE	1	1	41	171	3	3214541072	3219456260	4915188	17307	0.553941
SRR2496709	PE	1	1	42	183	3	3273523328	3278438516	4915188	17307	0.615634
SRR2496709	PE	1	1	43	219	3	3450470664	3455385852	4915188	17307	0.545634
SRR2496709	PE	1	2	0	2	2	39321660	58982520	19660860	71235	2.091494
SRR2496709	PE	1	2	1	8	2	157286544	176947404	19660860	71235	1.604212
SRR2496709	PE	1	2	2	14	2	275251428	294912264	19660836	70233	1.404179
SRR2496709	PE	1	2	3	20	2	393216064	412876824	19660760	70217	2.207119
SRR2496709	PE	1	2	4	26	2	511180904	530841664	19660760	70217	2.309148
SRR2496709	PE	1	2	5	32	2	629145744	648806504	19660760	70217	2.127005
SRR2496709	PE	1	2	6	38	2	747110584	766771344	19660760	70217	1.950095
SRR2496709	PE	1	2	7	44	2	865075424	884736184	19660760	70217	1.633217
SRR2496709	PE	1	2	8	50	2	983040264	1002701024	19660760	70217	1.762581
SRR2496709	PE	1	2	9	56	2	1101004824	1120665864	19661040	70218	2.112331
SRR2496709	PE	1	2	10	62	2	1218969664	1238630424	19660760	70217	1.564053
SRR2496709	PE	1	2	11	68	2	1336934504	1356595264	19660760	70217	1.667579
SRR2496709	PE	1	2	12	74	2	1454899344	1474560104	19660760	70217	1.65206
SRR2496709	PE	1	2	13	80	2	1572864184	1592524944	19660760	70217	1.629987
SRR2496709	PE	1	2	14	86	2	1690829024	1710489784	19660760	70217	1.628303
SRR2496709	PE	1	2	15	92	2	1808793864	1828454624	19660760	70217	1.50724
SRR2496709	PE	1	2	16	98	2	1926758424	1946419464	19661040	70218	1.473418
SRR2496709	PE	1	2	17	104	2	2044723264	2064384024	19660760	70217	2.922302
SRR2496709	PE	1	2	18	110	2	2162688104	2182348864	19660760	70217	1.943233
SRR2496709	PE	1	2	19	116	2	2280652944	2300313704	19660760	70217	1.927004
SRR2496709	PE	1	2	20	122	2	2398617784	2418278544	19660760	70217	1.432564
SRR2496709	PE	1	2	21	128	2	2516582624	2536243384	19660760	70217	2.016906
SRR2496709	PE	1	2	22	134	2	2634547464	2654208224	19660760	70217	2.738222
SRR2496709	PE	1	2	23	140	2	2752512024	2772173064	19661040	70218	2.516582
SRR2496709	PE	1	2	24	146	2	2870477060	2890137812	19660752	69228	1.712517
SRR2496709	PE	1	2	25	152	2	2988441856	3008102608	19660752	69228	3.495929
SRR2496709	PE	1	2	26	158	2	3106406652	3126067404	19660752	69228	1.760938
SRR2496709	PE	1	2	27	164	2	3180134472	3185049660	4915188	17307	0.335372
SRR2496709	PE	1	2	28	170	2	3209625600	3214541072	4915472	17308	0.681224
SRR2496709	PE	1	2	29	176	2	3239117012	3244032200	4915188	17307	0.367212
SRR2496709	PE	1	2	30	182	2	3268608140	3273523328	4915188	17307	0.556679
SRR2496709	PE	1	2	31	188	2	3298099268	3303014456	4915188	17307	0.563884
SRR2496709	PE	1	2	32	194	2	3327590680	3332505868	4915188	17307	0.36573
SRR2496709	PE	1	2	33	200	2	3357081808	3361996996	4915188	17307	0.414047
SRR2496709	PE	1	2	34	206	2	3386572936	3391488124	4915188	17307	0.361698
SRR2496709	PE	1	2	35	212	2	3416064064	3420979252	4915188	17307	0.61444
SRR2496709	PE	1	2	36	218	2	3445555476	3450470664	4915188	17307	0.375386
SRR2496709	PE	1	2	37	224	2	3475046604	3479961792	4915188	17307	0.553815
SRR2496709	PE	1	2	38	230	2	3504537732	3509452920	4915188	17307	0.791007
SRR2496709	PE	1	2	39	236	2	3534028860	3536060312	2031452	7153	0.659983
SRR2496709	PE	1	2	40	141	3	2772173064	2791833824	19660760	70217	1.595351
SRR2496709	PE	1	2	41	159	3	3126067404	3145728156	19660752	69228	1.682886
SRR2496709	PE	1	2	42	201	3	3361996996	3366912184	4915188	17307	0.385942
SRR2496709	PE	1	2	43	225	3	3479961792	3484876980	4915188	17307	0.414803
SRR2496709	PE	1	3	0	3	3	58982520	78643380	19660860	71235	2.277481
SRR2496709	PE	1	3	1	9	3	176947404	196608264	19660860	71235	1.691066
SRR2496709	PE	1	3	2	15	3	294912264	314573024	19660760	70217	8.374081
SRR2496709	PE	1	3	3	21	3	412876824	432537864	19661040	70218	2.390737
SRR2496709	PE	1	3	4	27	3	530841664	550502424	19660760	70217	8.185116
SRR2496709	PE	1	3	5	33	3	648806504	668467264	19660760	70217	1.661389
SRR2496709	PE	1	3	6	39	3	766771344	786432104	19660760	70217	1.34062
SRR2496709	PE	1	3	7	45	3	884736184	904396944	19660760	70217	2.531954
SRR2496709	PE	1	3	8	51	3	1002701024	1022361784	19660760	70217	2.769055
SRR2496709	PE	1	3	9	57	3	1120665864	1140326624	19660760	70217	2.190525
SRR2496709	PE	1	3	10	63	3	1238630424	1258291464	19661040	70218	1.607572
SRR2496709	PE	1	3	11	69	3	1356595264	1376256024	19660760	70217	1.769267
SRR2496709	PE	1	3	12	75	3	1474560104	1494220864	19660760	70217	2.094301
SRR2496709	PE	1	3	13	81	3	1592524944	1612185704	19660760	70217	8.205364
SRR2496709	PE	1	3	14	87	3	1710489784	1730150544	19660760	70217	1.888842
SRR2496709	PE	1	3	15	93	3	1828454624	1848115384	19660760	70217	4.887024
SRR2496709	PE	1	3	16	99	3	1946419464	1966080224	19660760	70217	1.526828
SRR2496709	PE	1	3	17	105	3	2064384024	2084045064	19661040	70218	1.685932
SRR2496709	PE	1	3	18	111	3	2182348864	2202009624	19660760	70217	1.779811
SRR2496709	PE	1	3	19	117	3	2300313704	2319974464	19660760	70217	1.708237
SRR2496709	PE	1	3	20	123	3	2418278544	2437939304	19660760	70217	1.706538
SRR2496709	PE	1	3	21	129	3	2536243384	2555904144	19660760	70217	1.683147
SRR2496709	PE	1	3	22	135	3	2654208224	2673868984	19660760	70217	1.994774
SRR2496709	PE	1	3	23	147	3	2890137812	2909798564	19660752	69228	1.402221
SRR2496709	PE	1	3	24	153	3	3008102608	3027763360	19660752	69228	1.752642
SRR2496709	PE	1	3	25	189	3	3303014456	3307929644	4915188	17307	0.497409
SRR2496709	PE	1	3	26	213	3	3420979252	3425894440	4915188	17307	0.381739
SRR2496709	PE	1	3	27	232	4	3514368108	3519283296	4915188	17307	0.380573
SRR2496709	PE	1	4	0	4	4	78643380	98304240	19660860	71235	2.535355
SRR2496709	PE	1	4	1	10	4	196608264	216268848	19660584	71234	1.557162
SRR2496709	PE	1	4	2	16	4	314573024	334233784	19660760	70217	2.37287
SRR2496709	PE	1	4	3	22	4	432537864	452198624	19660760	70217	1.814701
SRR2496709	PE	1	4	4	28	4	550502424	570163464	19661040	70218	1.794027
SRR2496709	PE	1	4	5	34	4	668467264	688128024	19660760	70217	2.025776
SRR2496709	PE	1	4	6	40	4	786432104	806092864	19660760	70217	1.676707
SRR2496709	PE	1	4	7	46	4	904396944	924057704	19660760	70217	1.494008
SRR2496709	PE	1	4	8	52	4	1022361784	1042022544	19660760	70217	2.731374
SRR2496709	PE	1	4	9	58	4	1140326624	1159987384	19660760	70217	2.124737
SRR2496709	PE	1	4	10	64	4	1258291464	1277952224	19660760	70217	2.094297
SRR2496709	PE	1	4	11	70	4	1376256024	1395917064	19661040	70218	3.539178
SRR2496709	PE	1	4	12	76	4	1494220864	1513881624	19660760	70217	1.615614
SRR2496709	PE	1	4	13	82	4	1612185704	1631846464	19660760	70217	2.449719
SRR2496709	PE	1	4	14	88	4	1730150544	1749811304	19660760	70217	2.324611
SRR2496709	PE	1	4	15	94	4	1848115384	1867776144	19660760	70217	1.905705
SRR2496709	PE	1	4	16	100	4	1966080224	1985740984	19660760	70217	9.406111
SRR2496709	PE	1	4	17	106	4	2084045064	2103705824	19660760	70217	2.031417
SRR2496709	PE	1	5	0	5	5	98304240	117964824	19660584	71234	2.578519
SRR2496709	PE	1	5	1	11	5	216268848	235929708	19660860	71235	1.809534
SRR2496709	PE	1	5	2	17	5	334233784	353894544	19660760	70217	1.748182
SRR2496709	PE	1	5	3	23	5	452198624	471859384	19660760	70217	1.600474
SRR2496709	PE	1	5	4	29	5	570163464	589824224	19660760	70217	2.16308
SRR2496709	PE	1	5	5	35	5	688128024	707789064	19661040	70218	2.310816
SRR2496709	PE	1	5	6	41	5	806092864	825753624	19660760	70217	1.934755
SRR2496709	PE	1	5	7	47	5	924057704	943718464	19660760	70217	2.324851
SRR2496709	PE	1	5	8	53	5	1042022544	1061683304	19660760	70217	1.99761
SRR2496709	PE	1	5	9	59	5	1159987384	1179648144	19660760	70217	2.387772
SRR2496709	PE	1	5	10	65	5	1277952224	1297612984	19660760	70217	1.460484
SRR2496709	PE	1	5	11	71	5	1395917064	1415577824	19660760	70217	1.676329
SRR2496709	PE	1	5	12	77	5	1513881624	1533542664	19661040	70218	1.824418
SRR2496709	PE	1	5	13	83	5	1631846464	1651507224	19660760	70217	1.991128
SRR2496709	PE	1	5	14	89	5	1749811304	1769472064	19660760	70217	5.094542
SRR2496709	PE	1	5	15	95	5	1867776144	1887436904	19660760	70217	1.75028
SRR2496709	PE	1	5	16	101	5	1985740984	2005401744	19660760	70217	1.390144
SRR2496709	PE	1	5	17	107	5	2103705824	2123366584	19660760	70217	2.082717
SRR2496709	PE	1	5	19	118	4	2319974464	2339635224	19660760	70217	1.629384
SRR2496709	PE	1	5	20	124	4	2437939304	2457600064	19660760	70217	1.631073
SRR2496709	PE	1	5	21	130	4	2555904144	2575564904	19660760	70217	1.659639
SRR2496709	PE	1	5	22	136	4	2673868984	2693529744	19660760	70217	2.695767
SRR2496709	PE	1	5	23	142	4	2791833824	2811494520	19660696	69415	1.420865
SRR2496709	PE	1	5	24	148	4	2909798564	2929459316	19660752	69228	1.484278
SRR2496709	PE	1	5	25	154	4	3027763360	3047424112	19660752	69228	1.84696
SRR2496709	PE	1	5	26	160	4	3145728156	3165388908	19660752	69228	1.379885
SRR2496709	PE	1	5	27	166	4	3189964848	3194880036	4915188	17307	0.461144
SRR2496709	PE	1	5	28	172	4	3219456260	3224371448	4915188	17307	0.424139
SRR2496709	PE	1	5	29	178	4	3248947388	3253862576	4915188	17307	0.510552
SRR2496709	PE	1	5	30	184	4	3278438516	3283353704	4915188	17307	0.391511
SRR2496709	PE	1	5	31	190	4	3307929644	3312844832	4915188	17307	0.376854
SRR2496709	PE	1	5	32	196	4	3337421056	3342336244	4915188	17307	0.437687
SRR2496709	PE	1	5	33	202	4	3366912184	3371827372	4915188	17307	0.388137
SRR2496709	PE	1	5	34	208	4	3396403312	3401318500	4915188	17307	0.391544
SRR2496709	PE	1	5	35	214	4	3425894440	3430809628	4915188	17307	0.39065
SRR2496709	PE	1	5	36	220	4	3455385852	3460301040	4915188	17307	0.655103
SRR2496709	PE	1	5	19	119	5	2339635224	2359296264	19661040	70218	2.051923
SRR2496709	PE	1	5	20	125	5	2457600064	2477260824	19660760	70217	1.460844
SRR2496709	PE	1	5	21	131	5	2575564904	2595225664	19660760	70217	1.709296
SRR2496709	PE	1	5	22	137	5	2693529744	2713190504	19660760	70217	3.053335
SRR2496709	PE	1	5	23	143	5	2811494520	2831155272	19660752	69228	2.174766
SRR2496709	PE	1	5	24	149	5	2929459316	2949120068	19660752	69228	1.552646
SRR2496709	PE	1	5	25	155	5	3047424112	3067084864	19660752	69228	1.398697
SRR2496709	PE	1	5	26	161	5	3165388908	3170304096	4915188	17307	0.399009
SRR2496709	PE	1	5	27	167	5	3194880036	3199795224	4915188	17307	0.406121
SRR2496709	PE	1	5	28	173	5	3224371448	3229286636	4915188	17307	0.435727
SRR2496709	PE	1	5	29	179	5	3253862576	3258777764	4915188	17307	0.416164
SRR2496709	PE	1	5	30	185	5	3283353704	3288268892	4915188	17307	0.458817
SRR2496709	PE	1	5	31	191	5	3312844832	3317760020	4915188	17307	0.380165
SRR2496709	PE	1	5	32	197	5	3342336244	3347251432	4915188	17307	0.436061
SRR2496709	PE	1	5	33	203	5	3371827372	3376742560	4915188	17307	0.405292
SRR2496709	PE	1	5	34	209	5	3401318500	3406233688	4915188	17307	0.519099
SRR2496709	PE	1	5	35	215	5	3430809628	3435724816	4915188	17307	0.364329
SRR2496709	PE	1	5	36	221	5	3460301040	3465216228	4915188	17307	0.395751
SRR2496709	PE	1	5	37	227	5	3489792168	3494707356	4915188	17307	0.491264
SRR2496709	PE	1	5	38	233	5	3519283296	3524198484	4915188	17307	0.443523
SRR2496709	PE	1	5	39	204	0	3376742560	3381657748	4915188	17307	0.381749
SRR2496709	PE	1	5	40	216	0	3435724816	3440640004	4915188	17307	0.36115
SRR2496709	PE	1	5	41	228	0	3494707356	3499622544	4915188	17307	0.46666
SRR2496709	PE	1	5	42	177	3	3244032200	3248947388	4915188	17307	0.365672
SRR2496709	PE	1	5	43	207	3	3391488124	3396403312	4915188	17307	0.478539
SRR2496709	PE	1	5	44	226	4	3484876980	3489792168	4915188	17307	0.455501
SRR2496709	PE	2	0	0	0	0	0	19660888	19660888	72446	2.419801
SRR2496709	PE	2	0	1	6	0	117964824	137625684	19660860	71235	2.087919
SRR2496709	PE	2	0	2	12	0	235929708	255590568	19660860	71235	1.957681
SRR2496709	PE	2	0	3	18	0	353894544	373555304	19660760	70217	2.035844
SRR2496709	PE	2	0	4	24	0	471859384	491520144	19660760	70217	1.630073
SRR2496709	PE	2	0	5	30	0	589824224	609484984	19660760	70217	1.854261
SRR2496709	PE	2	0	6	36	0	707789064	727449824	19660760	70217	1.662124
SRR2496709	PE	2	0	7	42	0	825753624	845414664	19661040	70218	2.301776
SRR2496709	PE	2	0	8	48	0	943718464	963379224	19660760	70217	2.977715
SRR2496709	PE	2	0	9	54	0	1061683304	1081344064	19660760	70217	1.763694
SRR2496709	PE	2	0	10	60	0	1179648144	1199308904	19660760	70217	1.502532
SRR2496709	PE	2	0	11	66	0	1297612984	1317273744	19660760	70217	1.688422
SRR2496709	PE	2	0	12	72	0	1415577824	1435238584	19660760	70217	1.755077
SRR2496709	PE	2	0	13	78	0	1533542664	1553203424	19660760	70217	2.22366
SRR2496709	PE	2	0	14	84	0	1651507224	1671168264	19661040	70218	2.259561
SRR2496709	PE	2	0	15	90	0	1769472064	1789132824	19660760	70217	2.807431
SRR2496709	PE	2	0	16	96	0	1887436904	1907097664	19660760	70217	2.46153
SRR2496709	PE	2	0	17	102	0	2005401744	2025062504	19660760	70217	2.092395
SRR2496709	PE	2	0	18	108	0	2123366584	2143027344	19660760	70217	5.153538
SRR2496709	PE	2	0	19	114	0	2241331424	2260992184	19660760	70217	1.466553
SRR2496709	PE	2	0	20	120	0	2359296264	2378957024	19660760	70217	2.359385
SRR2496709	PE	2	0	21	126	0	2477260824	2496921864	19661040	70218	2.945532
SRR2496709	PE	2	0	22	132	0	2595225664	2614886424	19660760	70217	1.493741
SRR2496709	PE	2	0	23	138	0	2713190504	2732851264	19660760	70217	2.233939
SRR2496709	PE	2	0	24	144	0	2831155272	2850816024	19660752	69228	2.181168
SRR2496709	PE	2	0	25	150	0	2949120068	2968780820	19660752	69228	1.683989
SRR2496709	PE	2	0	26	156	0	3067084864	3086745616	19660752	69228	1.433571
SRR2496709	PE	2	0	27	162	0	3170304096	3175219284	4915188	17307	0.458516
SRR2496709	PE	2	0	28	168	0	3199795224	3204710412	4915188	17307	0.44629
SRR2496709	PE	2	0	29	174	0	3229286636	3234201824	4915188	17307	0.550752
SRR2496709	PE	2	0	30	180	0	3258777764	3263692952	4915188	17307	5.134672
SRR2496709	PE	2	0	31	186	0	3288268892	3293184080	4915188	17307	0.568173
SRR2496709	PE	2	0	32	192	0	3317760020	3322675208	4915188	17307	0.379567
SRR2496709	PE	2	0	33	198	0	3347251432	3352166620	4915188	17307	0.405849
SRR2496709	PE	2	0	34	204	0	3376742560	3381657748	4915188	17307	0.390792
SRR2496709	PE	2	0	35	210	0	3406233688	3411148876	4915188	17307	0.453864
SRR2496709	PE	2	0	36	222	0	3465216228	3470131416	4915188	17307	0.474191
SRR2496709	PE	2	0	37	234	0	3524198484	3529113672	4915188	17307	0.628638
SRR2496709	PE	2	0	38	201	3	3361996996	3366912184	4915188	17307	0.387373
SRR2496709	PE	2	0	39	225	3	3479961792	3484876980	4915188	17307	0.404532
SRR2496709	PE	2	0	40	214	4	3425894440	3430809628	4915188	17307	0.392388
SRR2496709	PE	2	1	0	1	1	19660888	39321660	19660772	71634	2.062859
SRR2496709	PE	2	1	1	7	1	137625684	157286544	19660860	71235	1.986477
SRR2496709	PE	2	1	2	13	1	255590568	275251428	19660860	71235	2.371531
SRR2496709	PE	2	1	3	19	1	373555304	393216064	19660760	70217	2.062547
SRR2496709	PE	2	1	4	25	1	491520144	511180904	19660760	70217	2.123432
SRR2496709	PE	2	1	5	31	1	609484984	629145744	19660760	70217	2.396414
SRR2496709	PE	2	1	6	37	1	727449824	747110584	19660760	70217	1.997265
SRR2496709	PE	2	1	7	43	1	845414664	865075424	19660760	70217	1.891121
SRR2496709	PE	2	1	8	49	1	963379224	983040264	19661040	70218	3.300841
SRR2496709	PE	2	1	9	55	1	1081344064	1101004824	19660760	70217	2.373452
SRR2496709	PE	2	1	10	61	1	1199308904	1218969664	19660760	70217	2.202355
SRR2496709	PE	2	1	11	67	1	1317273744	1336934504	19660760	70217	1.939423
SRR2496709	PE	2	1	12	73	1	1435238584	1454899344	19660760	70217	1.620663
SRR2496709	PE	2	1	13	79	1	1553203424	1572864184	19660760	70217	2.753133
SRR2496709	PE	2	1	14	85	1	1671168264	1690829024	19660760	70217	2.02438
SRR2496709	PE	2	1	15	91	1	1789132824	1808793864	19661040	70218	1.769281
SRR2496709	PE	2	1	16	97	1	1907097664	1926758424	19660760	70217	1.544339
SRR2496709	PE	2	1	17	103	1	2025062504	2044723264	19660760	70217	1.880278
SRR2496709	PE	2	1	18	109	1	2143027344	2162688104	19660760	70217	1.603514
SRR2496709	PE	2	1	19	115	1	2260992184	2280652944	19660760	70217	1.888726
SRR2496709	PE	2	1	20	121	1	2378957024	2398617784	19660760	70217	1.615445
SRR2496709	PE	2	1	21	127	1	2496921864	2516582624	19660760	70217	1.677008
SRR2496709	PE	2	1	22	133	1	2614886424	2634547464	19661040	70218	1.653509
SRR2496709	PE	2	1	23	139	1	2732851264	2752512024	19660760	70217	2.704011
SRR2496709	PE	2	1	24	145	1	2850816024	2870477060	19661036	69229	1.541776
SRR2496709	PE	2	1	25	151	1	2968780820	2988441856	19661036	69229	2.217372
SRR2496709	PE	2	1	26	157	1	3086745616	3106406652	19661036	69229	1.354935
SRR2496709	PE	2	1	27	163	1	3175219284	3180134472	4915188	17307	0.354512
SRR2496709	PE	2	1	28	169	1	3204710412	3209625600	4915188	17307	0.711285
SRR2496709	PE	2	1	29	175	1	3234201824	3239117012	4915188	17307	0.500611
SRR2496709	PE	2	1	30	181	1	3263692952	3268608140	4915188	17307	0.542237
SRR2496709	PE	2	1	31	187	1	3293184080	3298099268	4915188	17307	0.425805
SRR2496709	PE	2	1	32	193	1	3322675208	3327590680	4915472	17308	0.456586
SRR2496709	PE	2	1	33	199	1	3352166620	3357081808	4915188	17307	0.417654
SRR2496709	PE	2	1	34	205	1	3381657748	3386572936	4915188	17307	0.408484
SRR2496709	PE	2	1	35	211	1	3411148876	3416064064	4915188	17307	0.373255
SRR2496709	PE	2	1	36	217	1	3440640004	3445555476	4915472	17308	0.491874
SRR2496709	PE	2	1	37	223	1	3470131416	3475046604	4915188	17307	0.4367
SRR2496709	PE	2	1	38	229	1	3499622544	3504537732	4915188	17307	0.567951
SRR2496709	PE	2	1	39	235	1	3529113672	3534028860	4915188	17307	0.74485
SRR2496709	PE	2	1	40	153	3	3008102608	3027763360	19660752	69228	1.774581
SRR2496709	PE	2	1	41	171	3	3214541072	3219456260	4915188	17307	0.547572
SRR2496709	PE	2	1	42	195	3	3332505868	3337421056	4915188	17307	0.459167
SRR2496709	PE	2	1	43	213	3	3420979252	3425894440	4915188	17307	0.379366
SRR2496709	PE	2	1	44	208	4	3396403312	3401318500	4915188	17307	0.389631
SRR2496709	PE	2	2	0	2	2	39321660	58982520	19660860	71235	2.091286
SRR2496709	PE	2	2	1	8	2	157286544	176947404	19660860	71235	1.61956
SRR2496709	PE	2	2	2	14	2	275251428	294912264	19660836	70233	1.399445
SRR2496709	PE	2	2	3	20	2	393216064	412876824	19660760	70217	2.185696
SRR2496709	PE	2	2	4	26	2	511180904	530841664	19660760	70217	2.29804
SRR2496709	PE	2	2	5	32	2	629145744	648806504	19660760	70217	2.114534
SRR2496709	PE	2	2	6	38	2	747110584	766771344	19660760	70217	1.937764
SRR2496709	PE	2	2	7	44	2	865075424	884736184	19660760	70217	1.624785
SRR2496709	PE	2	2	8	50	2	983040264	1002701024	19660760	70217	1.741111
SRR2496709	PE	2	2	9	56	2	1101004824	1120665864	19661040	70218	2.085082
SRR2496709	PE	2	2	10	62	2	1218969664	1238630424	19660760	70217	1.545052
SRR2496709	PE	2	2	11	68	2	1336934504	1356595264	19660760	70217	1.659984
SRR2496709	PE	2	2	12	74	2	1454899344	1474560104	19660760	70217	1.666733
SRR2496709	PE	2	2	13	80	2	1572864184	1592524944	19660760	70217	1.626982
SRR2496709	PE	2	2	14	86	2	1690829024	1710489784	19660760	70217	1.624379
SRR2496709	PE	2	2	15	92	2	1808793864	1828454624	19660760	70217	1.517385
SRR2496709	PE	2	2	16	98	2	1926758424	1946419464	19661040	70218	1.472686
SRR2496709	PE	2	2	17	104	2	2044723264	2064384024	19660760	70217	2.89517
SRR2496709	PE	2	2	18	110	2	2162688104	2182348864	19660760	70217	1.943549
SRR2496709	PE	2	2	19	116	2	2280652944	2300313704	19660760	70217	1.92452
SRR2496709	PE	2	2	20	122	2	2398617784	2418278544	19660760	70217	1.44224
SRR2496709	PE	2	2	21	128	2	2516582624	2536243384	19660760	70217	1.999882
SRR2496709	PE	2	2	22	134	2	2634547464	2654208224	19660760	70217	2.742013
SRR2496709	PE	2	2	23	140	2	2752512024	2772173064	19661040	70218	2.504345
SRR2496709	PE	2	2	24	146	2	2870477060	2890137812	19660752	69228	1.697988
SRR2496709	PE	2	2	25	152	2	2988441856	3008102608	19660752	69228	3.478513
SRR2496709	PE	2	3	0	3	3	58982520	78643380	19660860	71235	2.290697
SRR2496709	PE	2	3	1	9	3	176947404	196608264	19660860	71235	1.679662
SRR2496709	PE	2	3	2	15	3	294912264	314573024	19660760	70217	8.391933
SRR2496709	PE	2	3	3	21	3	412876824	432537864	19661040	70218	2.393329
SRR2496709	PE	2	3	4	27	3	530841664	550502424	19660760	70217	8.13611
SRR2496709	PE	2	3	5	33	3	648806504	668467264	19660760	70217	1.653717
SRR2496709	PE	2	3	6	39	3	766771344	786432104	19660760	70217	1.335845
SRR2496709	PE	2	3	7	45	3	884736184	904396944	19660760	70217	2.519102
SRR2496709	PE	2	3	8	51	3	1002701024	1022361784	19660760	70217	2.758852
SRR2496709	PE	2	3	9	57	3	1120665864	1140326624	19660760	70217	2.16686
SRR2496709	PE	2	3	10	63	3	1238630424	1258291464	19661040	70218	1.60177
SRR2496709	PE	2	3	11	69	3	1356595264	1376256024	19660760	70217	1.781531
SRR2496709	PE	2	3	12	75	3	1474560104	1494220864	19660760	70217	2.124308
SRR2496709	PE	2	3	13	81	3	1592524944	1612185704	19660760	70217	8.344793
SRR2496709	PE	2	3	14	87	3	1710489784	1730150544	19660760	70217	1.932625
SRR2496709	PE	2	3	15	93	3	1828454624	1848115384	19660760	70217	4.934881
SRR2496709	PE	2	3	16	99	3	1946419464	1966080224	19660760	70217	1.522
SRR2496709	PE	2	3	17	105	3	2064384024	2084045064	19661040	70218	1.682506
SRR2496709	PE	2	3	27	164	2	3180134472	3185049660	4915188	17307	0.34338
SRR2496709	PE	2	3	28	170	2	3209625600	3214541072	4915472	17308	0.683276
SRR2496709	PE	2	3	29	176	2	3239117012	3244032200	4915188	17307	0.367086
SRR2496709	PE	2	3	30	182	2	3268608140	3273523328	4915188	17307	0.559973
SRR2496709	PE	2	3	31	188	2	3298099268	3303014456	4915188	17307	0.568218
SRR2496709	PE	2	3	32	194	2	3327590680	3332505868	4915188	17307	0.357446
SRR2496709	PE	2	3	33	200	2	3357081808	3361996996	4915188	17307	0.413696
SRR2496709	PE	2	3	34	206	2	3386572936	3391488124	4915188	17307	0.355065
SRR2496709	PE	2	3	35	212	2	3416064064	3420979252	4915188	17307	0.60824
SRR2496709	PE	2	3	36	218	2	3445555476	3450470664	4915188	17307	0.369239
SRR2496709	PE	2	3	37	224	2	3475046604	3479961792	4915188	17307	0.52902
SRR2496709	PE	2	3	38	230	2	3504537732	3509452920	4915188	17307	0.788609
SRR2496709	PE	2	3	39	236	2	3534028860	3536060312	2031452	7153	0.654586
SRR2496709	PE	2	3	40	147	3	2890137812	2909798564	19660752	69228	1.412152
SRR2496709	PE	2	3	41	165	3	3185049660	3189964848	4915188	17307	0.395455
SRR2496709	PE	2	3	42	177	3	3244032200	3248947388	4915188	17307	0.366954
SRR2496709	PE	2	3	43	189	3	3303014456	3307929644	4915188	17307	0.500394
SRR2496709	PE	2	3	44	219	3	3450470664	3455385852	4915188	17307	0.558201
SRR2496709	PE	2	3	45	220	4	3455385852	3460301040	4915188	17307	0.659223
SRR2496709	PE	2	3	19	117	3	2300313704	2319974464	19660760	70217	1.713109
SRR2496709	PE	2	3	20	123	3	2418278544	2437939304	19660760	70217	1.696301
SRR2496709	PE	2	3	21	129	3	2536243384	2555904144	19660760	70217	1.67726
SRR2496709	PE	2	3	22	135	3	2654208224	2673868984	19660760	70217	1.978972
SRR2496709	PE	2	3	23	141	3	2772173064	2791833824	19660760	70217	1.566787
SRR2496709	PE	2	3	24	159	3	3126067404	3145728156	19660752	69228	1.681527
SRR2496709	PE	2	3	25	231	3	3509452920	3514368108	4915188	17307	0.542432
SRR2496709	PE	2	3	26	232	4	3514368108	3519283296	4915188	17307	0.381653
SRR2496709	PE	2	4	0	4	4	78643380	98304240	19660860	71235	2.520829
SRR2496709	PE	2	4	1	10	4	196608264	216268848	19660584	71234	1.559275
SRR2496709	PE	2	4	2	16	4	314573024	334233784	19660760	70217	2.403342
SRR2496709	PE	2	4	3	22	4	432537864	452198624	19660760	70217	1.815621
SRR2496709	PE	2	4	4	28	4	550502424	570163464	19661040	70218	1.788415
SRR2496709	PE	2	4	5	34	4	668467264	688128024	19660760	70217	2.025398
SRR2496709	PE	2	4	6	40	4	786432104	806092864	19660760	70217	1.682095
SRR2496709	PE	2	4	7	46	4	904396944	924057704	19660760	70217	1.503895
SRR2496709	PE	2	4	8	52	4	1022361784	1042022544	19660760	70217	2.732121
SRR2496709	PE	2	4	9	58	4	1140326624	1159987384	19660760	70217	2.11968
SRR2496709	PE	2	4	10	64	4	1258291464	1277952224	19660760	70217	2.086974
SRR2496709	PE	2	4	11	70	4	1376256024	1395917064	19661040	70218	3.617595
SRR2496709	PE	2	4	12	76	4	1494220864	1513881624	19660760	70217	1.622523
SRR2496709	PE	2	4	13	82	4	1612185704	1631846464	19660760	70217	2.449727
SRR2496709	PE	2	4	14	88	4	1730150544	1749811304	19660760	70217	2.332371
SRR2496709	PE	2	4	15	94	4	1848115384	1867776144	19660760	70217	1.899824
SRR2496709	PE	2	4	16	100	4	1966080224	1985740984	19660760	70217	9.413651
SRR2496709	PE	2	4	17	106	4	2084045064	2103705824	19660760	70217	2.021788
SRR2496709	PE	2	5	0	5	5	98304240	117964824	19660584	71234	2.551937
SRR2496709	PE	2	5	1	11	5	216268848	235929708	19660860	71235	1.797982
SRR2496709	PE	2	5	2	17	5	334233784	353894544	19660760	70217	1.754093
SRR2496709	PE	2	5	3	23	5	452198624	471859384	19660760	70217	1.59263
SRR2496709	PE	2	5	4	29	5	570163464	589824224	19660760	70217	2.158468
SRR2496709	PE	2	5	5	35	5	688128024	707789064	19661040	70218	2.315712
SRR2496709	PE	2	5	6	41	5	806092864	825753624	19660760	70217	1.900707
SRR2496709	PE	2	5	7	47	5	924057704	943718464	19660760	70217	2.329364
SRR2496709	PE	2	5	8	53	5	1042022544	1061683304	19660760	70217	2.00645
SRR2496709	PE	2	5	9	59	5	1159987384	1179648144	19660760	70217	2.382261
SRR2496709	PE	2	5	10	65	5	1277952224	1297612984	19660760	70217	1.461923
SRR2496709	PE	2	5	11	71	5	1395917064	1415577824	19660760	70217	1.677713
SRR2496709	PE	2	5	12	77	5	1513881624	1533542664	19661040	70218	1.825461
SRR2496709	PE	2	5	13	83	5	1631846464	1651507224	19660760	70217	1.985897
SRR2496709	PE	2	5	14	89	5	1749811304	1769472064	19660760	70217	5.149772
SRR2496709	PE	2	5	15	95	5	1867776144	1887436904	19660760	70217	1.764677
SRR2496709	PE	2	5	16	101	5	1985740984	2005401744	19660760	70217	1.382178
SRR2496709	PE	2	5	17	107	5	2103705824	2123366584	19660760	70217	2.077473
SRR2496709	PE	2	5	18	113	4	2202009624	2221670664	19661040	70218	1.757108
SRR2496709	PE	2	5	19	118	4	2319974464	2339635224	19660760	70217	1.64793
SRR2496709	PE	2	5	20	124	4	2437939304	2457600064	19660760	70217	1.625772
SRR2496709	PE	2	5	21	130	4	2555904144	2575564904	19660760	70217	1.644963
SRR2496709	PE	2	5	22	136	4	2673868984	2693529744	19660760	70217	2.730009
SRR2496709	PE	2	5	23	142	4	2791833824	2811494520	19660696	69415	1.407387
SRR2496709	PE	2	5	24	148	4	2909798564	2929459316	19660752	69228	1.486147
SRR2496709	PE	2	5	25	154	4	3027763360	3047424112	19660752	69228	1.834005
SRR2496709	PE	2	5	26	160	4	3145728156	3165388908	19660752	69228	1.394109
SRR2496709	PE	2	5	27	166	4	3189964848	3194880036	4915188	17307	0.457729
SRR2496709	PE	2	5	28	172	4	3219456260	3224371448	4915188	17307	0.43205
SRR2496709	PE	2	5	29	178	4	3248947388	3253862576	4915188	17307	0.507
SRR2496709	PE	2	5	30	184	4	3278438516	3283353704	4915188	17307	0.386225
SRR2496709	PE	2	5	31	190	4	3307929644	3312844832	4915188	17307	0.383802
SRR2496709	PE	2	5	32	196	4	3337421056	3342336244	4915188	17307	0.44397
SRR2496709	PE	2	5	33	226	4	3484876980	3489792168	4915188	17307	0.464193
SRR2496709	PE	2	5	19	119	5	2339635224	2359296264	19661040	70218	2.016078
SRR2496709	PE	2	5	20	125	5	2457600064	2477260824	19660760	70217	1.462786
SRR2496709	PE	2	5	21	131	5	2575564904	2595225664	19660760	70217	1.684877
SRR2496709	PE	2	5	22	137	5	2693529744	2713190504	19660760	70217	3.055094
SRR2496709	PE	2	5	23	143	5	2811494520	2831155272	19660752	69228	2.184489
SRR2496709	PE	2	5	24	149	5	2929459316	2949120068	19660752	69228	1.563384
SRR2496709	PE	2	5	25	155	5	3047424112	3067084864	19660752	69228	1.403863
SRR2496709	PE	2	5	26	161	5	3165388908	3170304096	4915188	17307	0.398814
SRR2496709	PE	2	5	27	167	5	3194880036	3199795224	4915188	17307	0.422064
SRR2496709	PE	2	5	28	173	5	3224371448	3229286636	4915188	17307	0.453296
SRR2496709	PE	2	5	29	179	5	3253862576	3258777764	4915188	17307	0.423413
SRR2496709	PE	2	5	30	185	5	3283353704	3288268892	4915188	17307	0.458807
SRR2496709	PE	2	5	31	191	5	3312844832	3317760020	4915188	17307	0.381411
SRR2496709	PE	2	5	32	197	5	3342336244	3347251432	4915188	17307	0.452953
SRR2496709	PE	2	5	33	203	5	3371827372	3376742560	4915188	17307	0.405879
SRR2496709	PE	2	5	34	209	5	3401318500	3406233688	4915188	17307	0.523633
SRR2496709	PE	2	5	35	215	5	3430809628	3435724816	4915188	17307	0.374865
SRR2496709	PE	2	5	36	221	5	3460301040	3465216228	4915188	17307	0.407993
SRR2496709	PE	2	5	37	227	5	3489792168	3494707356	4915188	17307	0.48633
SRR2496709	PE	2	5	38	233	5	3519283296	3524198484	4915188	17307	0.441603
SRR2496709	PE	2	5	39	216	0	3435724816	3440640004	4915188	17307	0.357572
SRR2496709	PE	2	5	40	228	0	3494707356	3499622544	4915188	17307	0.468541
SRR2496709	PE	2	5	41	183	3	3273523328	3278438516	4915188	17307	0.605215
SRR2496709	PE	2	5	42	207	3	3391488124	3396403312	4915188	17307	0.485151
SRR2496709	PE	2	5	43	202	4	3366912184	3371827372	4915188	17307	0.387204
SRR2496709	PE	3	0	0	0	0	0	19660888	19660888	72446	2.443523
SRR2496709	PE	3	0	1	6	0	117964824	137625684	19660860	71235	2.090146
SRR2496709	PE	3	0	2	12	0	235929708	255590568	19660860	71235	1.947883
SRR2496709	PE	3	0	3	18	0	353894544	373555304	19660760	70217	2.048639
SRR2496709	PE	3	0	4	24	0	471859384	491520144	19660760	70217	1.633762
SRR2496709	PE	3	0	5	30	0	589824224	609484984	19660760	70217	1.844466
SRR2496709	PE	3	0	6	36	0	707789064	727449824	19660760	70217	1.677903
SRR2496709	PE	3	0	7	42	0	825753624	845414664	19661040	70218	2.290373
SRR2496709	PE	3	0	8	48	0	943718464	963379224	19660760	70217	2.986679
SRR2496709	PE	3	0	9	54	0	1061683304	1081344064	19660760	70217	1.767316
SRR2496709	PE	3	0	10	60	0	1179648144	1199308904	19660760	70217	1.506293
SRR2496709	PE	3	0	11	66	0	1297612984	1317273744	19660760	70217	1.694346
SRR2496709	PE	3	0	12	72	0	1415577824	1435238584	19660760	70217	1.756473
SRR2496709	PE	3	0	13	78	0	1533542664	1553203424	19660760	70217	2.191324
SRR2496709	PE	3	0	14	84	0	1651507224	1671168264	19661040	70218	2.225139
SRR2496709	PE	3	0	15	90	0	1769472064	1789132824	19660760	70217	2.791438
SRR2496709	PE	3	0	16	96	0	1887436904	1907097664	19660760	70217	2.477562
SRR2496709	PE	3	0	17	102	0	2005401744	2025062504	19660760	70217	2.115659
SRR2496709	PE	3	0	18	108	0	2123366584	2143027344	19660760	70217	5.132981
SRR2496709	PE	3	0	19	114	0	2241331424	2260992184	19660760	70217	1.498391
SRR2496709	PE	3	0	20	120	0	2359296264	2378957024	19660760	70217	2.366266
SRR2496709	PE	3	0	21	126	0	2477260824	2496921864	19661040	70218	2.914148
SRR2496709	PE	3	0	22	132	0	2595225664	2614886424	19660760	70217	1.496051
SRR2496709	PE	3	0	23	138	0	2713190504	2732851264	19660760	70217	2.228751
SRR2496709	PE	3	0	24	144	0	2831155272	2850816024	19660752	69228	2.182757
SRR2496709	PE	3	0	25	150	0	2949120068	2968780820	19660752	69228	1.683509
SRR2496709	PE	3	0	26	156	0	3067084864	3086745616	19660752	69228	1.425866
SRR2496709	PE	3	0	27	162	0	3170304096	3175219284	4915188	17307	0.471181
SRR2496709	PE	3	0	28	168	0	3199795224	3204710412	4915188	17307	0.4495
SRR2496709	PE	3	0	29	174	0	3229286636	3234201824	4915188	17307	0.561312
SRR2496709	PE	3	0	30	180	0	3258777764	3263692952	4915188	17307	5.099335
SRR2496709	PE	3	0	31	186	0	3288268892	3293184080	4915188	17307	0.558413
SRR2496709	PE	3	0	32	192	0	3317760020	3322675208	4915188	17307	0.382405
SRR2496709	PE	3	0	33	198	0	3347251432	3352166620	4915188	17307	0.405602
SRR2496709	PE	3	0	34	204	0	3376742560	3381657748	4915188	17307	0.383369
SRR2496709	PE	3	0	35	210	0	3406233688	3411148876	4915188	17307	0.46599
SRR2496709	PE	3	0	36	222	0	3465216228	3470131416	4915188	17307	0.456699
SRR2496709	PE	3	0	37	234	0	3524198484	3529113672	4915188	17307	0.634574
SRR2496709	PE	3	0	38	207	3	3391488124	3396403312	4915188	17307	0.482939
SRR2496709	PE	3	0	39	214	4	3425894440	3430809628	4915188	17307	0.398349
SRR2496709	PE	3	1	0	1	1	19660888	39321660	19660772	71634	2.044165
SRR2496709	PE	3	1	1	7	1	137625684	157286544	19660860	71235	1.989772
SRR2496709	PE	3	1	2	13	1	255590568	275251428	19660860	71235	2.402723
SRR2496709	PE	3	1	3	19	1	373555304	393216064	19660760	70217	2.069715
SRR2496709	PE	3	1	4	25	1	491520144	511180904	19660760	70217	2.121646
SRR2496709	PE	3	1	5	31	1	609484984	629145744	19660760	70217	2.411683
SRR2496709	PE	3	1	6	37	1	727449824	747110584	19660760	70217	2.010166
SRR2496709	PE	3	1	7	43	1	845414664	865075424	19660760	70217	1.895015
SRR2496709	PE	3	1	8	49	1	963379224	983040264	19661040	70218	3.322771
SRR2496709	PE	3	1	9	55	1	1081344064	1101004824	19660760	70217	2.367426
SRR2496709	PE	3	1	10	61	1	1199308904	1218969664	19660760	70217	2.210287
SRR2496709	PE	3	1	11	67	1	1317273744	1336934504	19660760	70217	1.922477
SRR2496709	PE	3	1	12	73	1	1435238584	1454899344	19660760	70217	1.612112
SRR2496709	PE	3	1	13	79	1	1553203424	1572864184	19660760	70217	2.748954
SRR2496709	PE	3	1	14	85	1	1671168264	1690829024	19660760	70217	2.00882
SRR2496709	PE	3	1	15	91	1	1789132824	1808793864	19661040	70218	1.770005
SRR2496709	PE	3	1	16	97	1	1907097664	1926758424	19660760	70217	1.554728
SRR2496709	PE	3	1	17	103	1	2025062504	2044723264	19660760	70217	1.873176
SRR2496709	PE	3	1	18	109	1	2143027344	2162688104	19660760	70217	1.610702
SRR2496709	PE	3	1	19	115	1	2260992184	2280652944	19660760	70217	1.878193
SRR2496709	PE	3	1	20	121	1	2378957024	2398617784	19660760	70217	1.612702
SRR2496709	PE	3	1	21	127	1	2496921864	2516582624	19660760	70217	1.670881
SRR2496709	PE	3	1	22	133	1	2614886424	2634547464	19661040	70218	1.65525
SRR2496709	PE	3	1	23	139	1	2732851264	2752512024	19660760	70217	2.668062
SRR2496709	PE	3	1	24	145	1	2850816024	2870477060	19661036	69229	1.541315
SRR2496709	PE	3	1	25	151	1	2968780820	2988441856	19661036	69229	2.196955
SRR2496709	PE	3	1	26	157	1	3086745616	3106406652	19661036	69229	1.358132
SRR2496709	PE	3	2	0	2	2	39321660	58982520	19660860	71235	2.125952
SRR2496709	PE	3	2	1	8	2	157286544	176947404	19660860	71235	1.628723
SRR2496709	PE	3	2	2	14	2	275251428	294912264	19660836	70233	1.394146
SRR2496709	PE	3	2	3	20	2	393216064	412876824	19660760	70217	2.182937
SRR2496709	PE	3	2	4	26	2	511180904	530841664	19660760	70217	2.309227
SRR2496709	PE	3	2	5	32	2	629145744	648806504	19660760	70217	2.112739
SRR2496709	PE	3	2	6	38	2	747110584	766771344	19660760	70217	1.937837
SRR2496709	PE	3	2	7	44	2	865075424	884736184	19660760	70217	1.635268
SRR2496709	PE	3	2	8	50	2	983040264	1002701024	19660760	70217	1.748969
SRR2496709	PE	3	2	9	56	2	1101004824	1120665864	19661040	70218	2.082551
SRR2496709	PE	3	2	10	62	2	1218969664	1238630424	19660760	70217	1.557448
SRR2496709	PE	3	2	11	68	2	1336934504	1356595264	19660760	70217	1.656764
SRR2496709	PE	3	2	12	74	2	1454899344	1474560104	19660760	70217	1.66033
SRR2496709	PE	3	2	13	80	2	1572864184	1592524944	19660760	70217	1.619402
SRR2496709	PE	3	2	14	86	2	1690829024	1710489784	19660760	70217	1.613403
SRR2496709	PE	3	2	15	92	2	1808793864	1828454624	19660760	70217	1.488497
SRR2496709	PE	3	2	16	98	2	1926758424	1946419464	19661040	70218	1.462749
SRR2496709	PE	3	2	17	104	2	2044723264	2064384024	19660760	70217	2.869337
SRR2496709	PE	3	2	28	169	1	3204710412	3209625600	4915188	17307	0.691368
SRR2496709	PE	3	2	29	175	1	3234201824	3239117012	4915188	17307	0.483529
SRR2496709	PE	3	2	30	181	1	3263692952	3268608140	4915188	17307	0.539675
SRR2496709	PE	3	2	31	187	1	3293184080	3298099268	4915188	17307	0.428248
SRR2496709	PE	3	2	32	193	1	3322675208	3327590680	4915472	17308	0.459329
SRR2496709	PE	3	2	33	199	1	3352166620	3357081808	4915188	17307	0.423819
SRR2496709	PE	3	2	34	205	1	3381657748	3386572936	4915188	17307	0.404415
SRR2496709	PE	3	2	35	211	1	3411148876	3416064064	4915188	17307	0.357649
SRR2496709	PE	3	2	36	217	1	3440640004	3445555476	4915472	17308	0.48228
SRR2496709	PE	3	2	37	223	1	3470131416	3475046604	4915188	17307	0.43595
SRR2496709	PE	3	2	38	229	1	3499622544	3504537732	4915188	17307	0.571862
SRR2496709	PE	3	2	39	235	1	3529113672	3534028860	4915188	17307	0.749987
SRR2496709	PE	3	2	40	159	3	3126067404	3145728156	19660752	69228	1.675185
SRR2496709	PE	3	2	41	195	3	3332505868	3337421056	4915188	17307	0.464009
SRR2496709	PE	3	2	42	225	3	3479961792	3484876980	4915188	17307	0.397635
SRR2496709	PE	3	2	43	232	4	3514368108	3519283296	4915188	17307	0.378575
SRR2496709	PE	3	2	19	116	2	2280652944	2300313704	19660760	70217	1.912735
SRR2496709	PE	3	2	20	122	2	2398617784	2418278544	19660760	70217	1.412125
SRR2496709	PE	3	2	21	128	2	2516582624	2536243384	19660760	70217	1.98529
SRR2496709	PE	3	2	22	134	2	2634547464	2654208224	19660760	70217	2.728829
SRR2496709	PE	3	2	23	140	2	2752512024	2772173064	19661040	70218	2.534317
SRR2496709	PE	3	2	24	146	2	2870477060	2890137812	19660752	69228	1.690789
SRR2496709	PE	3	2	25	152	2	2988441856	3008102608	19660752	69228	3.504772
SRR2496709	PE	3	2	26	158	2	3106406652	3126067404	19660752	69228	1.723242
SRR2496709	PE	3	2	27	164	2	3180134472	3185049660	4915188	17307	0.340453
SRR2496709	PE	3	2	28	170	2	3209625600	3214541072	4915472	17308	0.69035
SRR2496709	PE	3	2	29	176	2	3239117012	3244032200	4915188	17307	0.359483
SRR2496709	PE	3	2	30	182	2	3268608140	3273523328	4915188	17307	0.555589
SRR2496709	PE	3	2	31	188	2	3298099268	3303014456	4915188	17307	0.563609
SRR2496709	PE	3	2	32	194	2	3327590680	3332505868	4915188	17307	0.371093
SRR2496709	PE	3	2	33	200	2	3357081808	3361996996	4915188	17307	0.406029
SRR2496709	PE	3	2	34	206	2	3386572936	3391488124	4915188	17307	0.367031
SRR2496709	PE	3	2	35	212	2	3416064064	3420979252	4915188	17307	0.608678
SRR2496709	PE	3	2	36	218	2	3445555476	3450470664	4915188	17307	0.373267
SRR2496709	PE	3	2	37	224	2	3475046604	3479961792	4915188	17307	0.532458
SRR2496709	PE	3	2	38	230	2	3504537732	3509452920	4915188	17307	0.788088
SRR2496709	PE	3	2	39	236	2	3534028860	3536060312	2031452	7153	0.692619
SRR2496709	PE	3	2	40	153	3	3008102608	3027763360	19660752	69228	1.788954
SRR2496709	PE	3	2	41	189	3	3303014456	3307929644	4915188	17307	0.510002
SRR2496709	PE	3	2	42	219	3	3450470664	3455385852	4915188	17307	0.555207
SRR2496709	PE	3	3	0	3	3	58982520	78643380	19660860	71235	2.282264
SRR2496709	PE	3	3	1	9	3	176947404	196608264	19660860	71235	1.688844
SRR2496709	PE	3	3	2	15	3	294912264	314573024	19660760	70217	8.33267
SRR2496709	PE	3	3	3	21	3	412876824	432537864	19661040	70218	2.393268
SRR2496709	PE	3	3	4	27	3	530841664	550502424	19660760	70217	8.157337
SRR2496709	PE	3	3	5	33	3	648806504	668467264	19660760	70217	1.655727
SRR2496709	PE	3	3	6	39	3	766771344	786432104	19660760	70217	1.336729
SRR2496709	PE	3	3	7	45	3	884736184	904396944	19660760	70217	2.493197
SRR2496709	PE	3	3	8	51	3	1002701024	1022361784	19660760	70217	2.743687
SRR2496709	PE	3	3	9	57	3	1120665864	1140326624	19660760	70217	2.163848
SRR2496709	PE	3	3	10	63	3	1238630424	1258291464	19661040	70218	1.597973
SRR2496709	PE	3	3	11	69	3	1356595264	1376256024	19660760	70217	1.764639
SRR2496709	PE	3	3	12	75	3	1474560104	1494220864	19660760	70217	2.085765
SRR2496709	PE	3	3	13	81	3	1592524944	1612185704	19660760	70217	8.267843
SRR2496709	PE	3	3	14	87	3	1710489784	1730150544	19660760	70217	1.891318
SRR2496709	PE	3	3	15	93	3	1828454624	1848115384	19660760	70217	4.891641
SRR2496709	PE	3	3	16	99	3	1946419464	1966080224	19660760	70217	1.524265
SRR2496709	PE	3	3	17	105	3	2064384024	2084045064	19661040	70218	1.704691
SRR2496709	PE	3	3	18	111	3	2182348864	2202009624	19660760	70217	1.783829
SRR2496709	PE	3	3	19	117	3	2300313704	2319974464	19660760	70217	1.717162
SRR2496709	PE	3	3	20	123	3	2418278544	2437939304	19660760	70217	1.705967
SRR2496709	PE	3	3	21	129	3	2536243384	2555904144	19660760	70217	1.696826
SRR2496709	PE	3	3	22	135	3	2654208224	2673868984	19660760	70217	1.974245
SRR2496709	PE	3	3	23	141	3	2772173064	2791833824	19660760	70217	1.575683
SRR2496709	PE	3	3	24	147	3	2890137812	2909798564	19660752	69228	1.41671
SRR2496709	PE	3	3	25	165	3	3185049660	3189964848	4915188	17307	0.3993
SRR2496709	PE	3	3	26	171	3	3214541072	3219456260	4915188	17307	0.56064
SRR2496709	PE	3	3	27	177	3	3244032200	3248947388	4915188	17307	0.379631
SRR2496709	PE	3	3	28	201	3	3361996996	3366912184	4915188	17307	0.385683
SRR2496709	PE	3	3	29	231	3	3509452920	3514368108	4915188	17307	0.540811
SRR2496709	PE	3	4	0	4	4	78643380	98304240	19660860	71235	2.524687
SRR2496709	PE	3	4	1	10	4	196608264	216268848	19660584	71234	1.564628
SRR2496709	PE	3	4	2	16	4	314573024	334233784	19660760	70217	2.388005
SRR2496709	PE	3	4	3	22	4	432537864	452198624	19660760	70217	1.824755
SRR2496709	PE	3	4	4	28	4	550502424	570163464	19661040	70218	1.801465
SRR2496709	PE	3	4	5	34	4	668467264	688128024	19660760	70217	2.03743
SRR2496709	PE	3	4	6	40	4	786432104	806092864	19660760	70217	1.674078
SRR2496709	PE	3	4	7	46	4	904396944	924057704	19660760	70217	1.498392
SRR2496709	PE	3	4	8	52	4	1022361784	1042022544	19660760	70217	2.747346
SRR2496709	PE	3	4	9	58	4	1140326624	1159987384	19660760	70217	2.131197
SRR2496709	PE	3	4	10	64	4	1258291464	1277952224	19660760	70217	2.094825
SRR2496709	PE	3	4	11	70	4	1376256024	1395917064	19661040	70218	3.538055
SRR2496709	PE	3	4	12	76	4	1494220864	1513881624	19660760	70217	1.624659
SRR2496709	PE	3	4	13	82	4	1612185704	1631846464	19660760	70217	2.45074
SRR2496709	PE	3	4	14	88	4	1730150544	1749811304	19660760	70217	2.321265
SRR2496709	PE	3	4	15	94	4	1848115384	1867776144	19660760	70217	1.922051
SRR2496709	PE	3	4	16	100	4	1966080224	1985740984	19660760	70217	9.463655
SRR2496709	PE	3	4	17	106	4	2084045064	2103705824	19660760	70217	2.025483
SRR2496709	PE	3	5	0	5	5	98304240	117964824	19660584	71234	2.547405
SRR2496709	PE	3	5	1	11	5	216268848	235929708	19660860	71235	1.815331
SRR2496709	PE	3	5	2	17	5	334233784	353894544	19660760	70217	1.744116
SRR2496709	PE	3	5	3	23	5	452198624	471859384	19660760	70217	1.598272
SRR2496709	PE	3	5	4	29	5	570163464	589824224	19660760	70217	2.174109
SRR2496709	PE	3	5	5	35	5	688128024	707789064	19661040	70218	2.304306
SRR2496709	PE	3	5	6	41	5	806092864	825753624	19660760	70217	1.91686
SRR2496709	PE	3	5	7	47	5	924057704	943718464	19660760	70217	2.325253
SRR2496709	PE	3	5	8	53	5	1042022544	1061683304	19660760	70217	2.016255
SRR2496709	PE	3	5	9	59	5	1159987384	1179648144	19660760	70217	2.395951
SRR2496709	PE	3	5	10	65	5	1277952224	1297612984	19660760	70217	1.456516
SRR2496709	PE	3	5	11	71	5	1395917064	1415577824	19660760	70217	1.668175
SRR2496709	PE	3	5	12	77	5	1513881624	1533542664	19661040	70218	1.83099
SRR2496709	PE	3	5	13	83	5	1631846464	1651507224	19660760	70217	1.987786
SRR2496709	PE	3	5	14	89	5	1749811304	1769472064	19660760	70217	5.095369
SRR2496709	PE	3	5	15	95	5	1867776144	1887436904	19660760	70217	1.778284
SRR2496709	PE	3	5	16	101	5	1985740984	2005401744	19660760	70217	1.385031
SRR2496709	PE	3	5	17	107	5	2103705824	2123366584	19660760	70217	2.074993
SRR2496709	PE	3	5	18	113	4	2202009624	2221670664	19661040	70218	1.755883
SRR2496709	PE	3	5	19	118	4	2319974464	2339635224	19660760	70217	1.640585
SRR2496709	PE	3	5	20	124	4	2437939304	2457600064	19660760	70217	1.633928
SRR2496709	PE	3	5	21	130	4	2555904144	2575564904	19660760	70217	1.690402
SRR2496709	PE	3	5	22	136	4	2673868984	2693529744	19660760	70217	2.704466
SRR2496709	PE	3	5	23	142	4	2791833824	2811494520	19660696	69415	1.413365
SRR2496709	PE	3	5	24	148	4	2909798564	2929459316	19660752	69228	1.49645
SRR2496709	PE	3	5	25	154	4	3027763360	3047424112	19660752	69228	1.866741
SRR2496709	PE	3	5	26	160	4	3145728156	3165388908	19660752	69228	1.386174
SRR2496709	PE	3	5	27	166	4	3189964848	3194880036	4915188	17307	0.449129
SRR2496709	PE	3	5	28	172	4	3219456260	3224371448	4915188	17307	0.429619
SRR2496709	PE	3	5	29	178	4	3248947388	3253862576	4915188	17307	0.506919
SRR2496709	PE	3	5	30	184	4	3278438516	3283353704	4915188	17307	0.415136
SRR2496709	PE	3	5	31	190	4	3307929644	3312844832	4915188	17307	0.379808
SRR2496709	PE	3	5	32	196	4	3337421056	3342336244	4915188	17307	0.438674
SRR2496709	PE	3	5	33	202	4	3366912184	3371827372	4915188	17307	0.394164
SRR2496709	PE	3	5	34	208	4	3396403312	3401318500	4915188	17307	0.390889
SRR2496709	PE	3	5	35	220	4	3455385852	3460301040	4915188	17307	0.665684
SRR2496709	PE	3	5	19	119	5	2339635224	2359296264	19661040	70218	2.036055
SRR2496709	PE	3	5	20	125	5	2457600064	2477260824	19660760	70217	1.456558
SRR2496709	PE	3	5	21	131	5	2575564904	2595225664	19660760	70217	1.709132
SRR2496709	PE	3	5	22	137	5	2693529744	2713190504	19660760	70217	3.017398
SRR2496709	PE	3	5	23	143	5	2811494520	2831155272	19660752	69228	2.202391
SRR2496709	PE	3	5	24	149	5	2929459316	2949120068	19660752	69228	1.541701
SRR2496709	PE	3	5	25	155	5	3047424112	3067084864	19660752	69228	1.384745
SRR2496709	PE	3	5	26	161	5	3165388908	3170304096	4915188	17307	0.398222
SRR2496709	PE	3	5	27	167	5	3194880036	3199795224	4915188	17307	0.417478
SRR2496709	PE	3	5	28	173	5	3224371448	3229286636	4915188	17307	0.450616
SRR2496709	PE	3	5	29	179	5	3253862576	3258777764	4915188	17307	0.421646
SRR2496709	PE	3	5	30	185	5	3283353704	3288268892	4915188	17307	0.464741
SRR2496709	PE	3	5	31	191	5	3312844832	3317760020	4915188	17307	0.380217
SRR2496709	PE	3	5	32	197	5	3342336244	3347251432	4915188	17307	0.436371
SRR2496709	PE	3	5	33	203	5	3371827372	3376742560	4915188	17307	0.411637
SRR2496709	PE	3	5	34	209	5	3401318500	3406233688	4915188	17307	0.524341
SRR2496709	PE	3	5	35	215	5	3430809628	3435724816	4915188	17307	0.370397
SRR2496709	PE	3	5	36	221	5	3460301040	3465216228	4915188	17307	0.405212
SRR2496709	PE	3	5	37	227	5	3489792168	3494707356	4915188	17307	0.494266
SRR2496709	PE	3	5	38	233	5	3519283296	3524198484	4915188	17307	0.449005
SRR2496709	PE	3	5	39	216	0	3435724816	3440640004	4915188	17307	0.361574
SRR2496709	PE	3	5	40	228	0	3494707356	3499622544	4915188	17307	0.474541
SRR2496709	PE	3	5	41	183	3	3273523328	3278438516	4915188	17307	0.608915
SRR2496709	PE	3	5	42	213	3	3420979252	3425894440	4915188	17307	0.382959
SRR2496709	PE	3	5	43	226	4	3484876980	3489792168	4915188	17307	0.45877
SRR2496709	SE	1	0	0	0	0	0	19660888	19660888	72446	1.350949
SRR2496709	SE	1	0	1	6	0	117964824	137625684	19660860	71235	0.889235
SRR2496709	SE	1	0	2	12	0	235929708	255590568	19660860	71235	0.799301
SRR2496709	SE	1	0	3	18	0	353894544	373555304	19660760	70217	0.843633
SRR2496709	SE	1	0	4	24	0	471859384	491520144	19660760	70217	0.748378
SRR2496709	SE	1	0	5	30	0	589824224	609484984	19660760	70217	0.763141
SRR2496709	SE	1	0	6	36	0	707789064	727449824	19660760	70217	0.728291
SRR2496709	SE	1	0	7	42	0	825753624	845414664	19661040	70218	0.915302
SRR2496709	SE	1	0	8	48	0	943718464	963379224	19660760	70217	1.025598
SRR2496709	SE	1	0	9	54	0	1061683304	1081344064	19660760	70217	0.777561
SRR2496709	SE	1	0	10	60	0	1179648144	1199308904	19660760	70217	0.696374
SRR2496709	SE	1	0	11	66	0	1297612984	1317273744	19660760	70217	0.761008
SRR2496709	SE	1	0	12	72	0	1415577824	1435238584	19660760	70217	0.755877
SRR2496709	SE	1	0	13	78	0	1533542664	1553203424	19660760	70217	0.91048
SRR2496709	SE	1	0	14	84	0	1651507224	1671168264	19661040	70218	0.911873
SRR2496709	SE	1	0	15	90	0	1769472064	1789132824	19660760	70217	1.00758
SRR2496709	SE	1	0	16	96	0	1887436904	1907097664	19660760	70217	0.894183
SRR2496709	SE	1	0	17	102	0	2005401744	2025062504	19660760	70217	0.848305
SRR2496709	SE	1	0	18	108	0	2123366584	2143027344	19660760	70217	1.375554
SRR2496709	SE	1	0	19	114	0	2241331424	2260992184	19660760	70217	0.682455
SRR2496709	SE	1	0	20	120	0	2359296264	2378957024	19660760	70217	0.909502
SRR2496709	SE	1	0	21	126	0	2477260824	2496921864	19661040	70218	1.058717
SRR2496709	SE	1	0	22	132	0	2595225664	2614886424	19660760	70217	0.669932
SRR2496709	SE	1	0	23	138	0	2713190504	2732851264	19660760	70217	0.961949
SRR2496709	SE	1	0	24	144	0	2831155272	2850816024	19660752	69228	0.887416
SRR2496709	SE	1	0	25	150	0	2949120068	2968780820	19660752	69228	0.745777
SRR2496709	SE	1	0	26	156	0	3067084864	3086745616	19660752	69228	0.644582
SRR2496709	SE	1	0	27	162	0	3170304096	3175219284	4915188	17307	0.217256
SRR2496709	SE	1	0	28	168	0	3199795224	3204710412	4915188	17307	0.230273
SRR2496709	SE	1	1	0	1	1	19660888	39321660	19660772	71634	1.195994
SRR2496709	SE	1	1	1	7	1	137625684	157286544	19660860	71235	0.866665
SRR2496709	SE	1	1	2	13	1	255590568	275251428	19660860	71235	0.910222
SRR2496709	SE	1	1	3	19	1	373555304	393216064	19660760	70217	0.864066
SRR2496709	SE	1	1	4	25	1	491520144	511180904	19660760	70217	0.885452
SRR2496709	SE	1	1	5	31	1	609484984	629145744	19660760	70217	0.92696
SRR2496709	SE	1	1	6	37	1	727449824	747110584	19660760	70217	0.950371
SRR2496709	SE	1	1	7	43	1	845414664	865075424	19660760	70217	0.802493
SRR2496709	SE	1	1	8	49	1	963379224	983040264	19661040	70218	1.058343
SRR2496709	SE	1	1	9	55	1	1081344064	1101004824	19660760	70217	0.903899
SRR2496709	SE	1	1	10	61	1	1199308904	1218969664	19660760	70217	0.910686
SRR2496709	SE	1	1	11	67	1	1317273744	1336934504	19660760	70217	0.93307
SRR2496709	SE	1	1	12	73	1	1435238584	1454899344	19660760	70217	0.723089
SRR2496709	SE	1	1	13	79	1	1553203424	1572864184	19660760	70217	0.963417
SRR2496709	SE	1	1	14	85	1	1671168264	1690829024	19660760	70217	0.851207
SRR2496709	SE	1	1	15	91	1	1789132824	1808793864	19661040	70218	0.76732
SRR2496709	SE	1	1	16	97	1	1907097664	1926758424	19660760	70217	0.692149
SRR2496709	SE	1	1	17	103	1	2025062504	2044723264	19660760	70217	0.851874
SRR2496709	SE	1	2	0	2	2	39321660	58982520	19660860	71235	1.248902
SRR2496709	SE	1	2	1	8	2	157286544	176947404	19660860	71235	0.711847
SRR2496709	SE	1	2	2	14	2	275251428	294912264	19660836	70233	0.656011
SRR2496709	SE	1	2	3	20	2	393216064	412876824	19660760	70217	0.875118
SRR2496709	SE	1	2	4	26	2	511180904	530841664	19660760	70217	0.906396
SRR2496709	SE	1	2	5	32	2	629145744	648806504	19660760	70217	0.894545
SRR2496709	SE	1	2	6	38	2	747110584	766771344	19660760	70217	0.806549
SRR2496709	SE	1	2	7	44	2	865075424	884736184	19660760	70217	0.738389
SRR2496709	SE	1	2	8	50	2	983040264	1002701024	19660760	70217	0.770184
SRR2496709	SE	1	2	9	56	2	1101004824	1120665864	19661040	70218	0.820475
SRR2496709	SE	1	2	10	62	2	1218969664	1238630424	19660760	70217	0.706798
SRR2496709	SE	1	2	11	68	2	1336934504	1356595264	19660760	70217	0.759919
SRR2496709	SE	1	2	12	74	2	1454899344	1474560104	19660760	70217	0.768956
SRR2496709	SE	1	2	13	80	2	1572864184	1592524944	19660760	70217	0.732082
SRR2496709	SE	1	2	14	86	2	1690829024	1710489784	19660760	70217	0.716905
SRR2496709	SE	1	2	15	92	2	1808793864	1828454624	19660760	70217	0.685156
SRR2496709	SE	1	2	16	98	2	1926758424	1946419464	19661040	70218	0.660844
SRR2496709	SE	1	2	17	104	2	2044723264	2064384024	19660760	70217	1.021548
SRR2496709	SE	1	2	30	180	0	3258777764	3263692952	4915188	17307	1.194499
SRR2496709	SE	1	2	31	186	0	3288268892	3293184080	4915188	17307	0.262099
SRR2496709	SE	1	2	32	192	0	3317760020	3322675208	4915188	17307	0.200315
SRR2496709	SE	1	2	33	198	0	3347251432	3352166620	4915188	17307	0.211339
SRR2496709	SE	1	2	34	204	0	3376742560	3381657748	4915188	17307	0.186255
SRR2496709	SE	1	2	35	210	0	3406233688	3411148876	4915188	17307	0.232184
SRR2496709	SE	1	2	36	216	0	3435724816	3440640004	4915188	17307	0.19951
SRR2496709	SE	1	2	37	222	0	3465216228	3470131416	4915188	17307	0.216547
SRR2496709	SE	1	2	38	228	0	3494707356	3499622544	4915188	17307	0.22787
SRR2496709	SE	1	2	39	234	0	3524198484	3529113672	4915188	17307	0.240315
SRR2496709	SE	1	2	19	115	1	2260992184	2280652944	19660760	70217	0.8149
SRR2496709	SE	1	2	20	121	1	2378957024	2398617784	19660760	70217	0.734598
SRR2496709	SE	1	2	21	127	1	2496921864	2516582624	19660760	70217	0.729178
SRR2496709	SE	1	2	22	133	1	2614886424	2634547464	19661040	70218	0.723046
SRR2496709	SE	1	2	23	139	1	2732851264	2752512024	19660760	70217	0.991252
SRR2496709	SE	1	2	24	145	1	2850816024	2870477060	19661036	69229	0.711876
SRR2496709	SE	1	2	25	151	1	2968780820	2988441856	19661036	69229	0.953972
SRR2496709	SE	1	2	26	157	1	3086745616	3106406652	19661036	69229	0.639022
SRR2496709	SE	1	2	27	163	1	3175219284	3180134472	4915188	17307	0.176828
SRR2496709	SE	1	2	28	169	1	3204710412	3209625600	4915188	17307	0.27839
SRR2496709	SE	1	2	29	175	1	3234201824	3239117012	4915188	17307	0.218092
SRR2496709	SE	1	2	30	181	1	3263692952	3268608140	4915188	17307	0.263386
SRR2496709	SE	1	2	31	187	1	3293184080	3298099268	4915188	17307	0.221333
SRR2496709	SE	1	2	32	193	1	3322675208	3327590680	4915472	17308	0.212916
SRR2496709	SE	1	2	33	199	1	3352166620	3357081808	4915188	17307	0.199603
SRR2496709	SE	1	2	34	205	1	3381657748	3386572936	4915188	17307	0.214453
SRR2496709	SE	1	2	35	211	1	3411148876	3416064064	4915188	17307	0.181197
SRR2496709	SE	1	2	36	217	1	3440640004	3445555476	4915472	17308	0.214764
SRR2496709	SE	1	2	37	223	1	3470131416	3475046604	4915188	17307	0.246844
SRR2496709	SE	1	2	38	229	1	3499622544	3504537732	4915188	17307	0.204485
SRR2496709	SE	1	2	39	235	1	3529113672	3534028860	4915188	17307	0.27971
SRR2496709	SE	1	2	19	116	2	2280652944	2300313704	19660760	70217	0.810814
SRR2496709	SE	1	2	20	122	2	2398617784	2418278544	19660760	70217	0.671963
SRR2496709	SE	1	2	21	128	2	2516582624	2536243384	19660760	70217	0.833471
SRR2496709	SE	1	2	22	134	2	2634547464	2654208224	19660760	70217	1.021154
SRR2496709	SE	1	2	23	140	2	2752512024	2772173064	19661040	70218	0.990944
SRR2496709	SE	1	2	24	146	2	2870477060	2890137812	19660752	69228	0.748675
SRR2496709	SE	1	2	25	152	2	2988441856	3008102608	19660752	69228	1.166789
SRR2496709	SE	1	2	26	158	2	3106406652	3126067404	19660752	69228	0.739776
SRR2496709	SE	1	2	27	164	2	3180134472	3185049660	4915188	17307	0.17283
SRR2496709	SE	1	2	28	170	2	3209625600	3214541072	4915472	17308	0.268082
SRR2496709	SE	1	2	29	176	2	3239117012	3244032200	4915188	17307	0.173159
SRR2496709	SE	1	2	30	182	2	3268608140	3273523328	4915188	17307	0.244656
SRR2496709	SE	1	2	31	188	2	3298099268	3303014456	4915188	17307	0.228335
SRR2496709	SE	1	2	32	194	2	3327590680	3332505868	4915188	17307	0.181837
SRR2496709	SE	1	2	33	200	2	3357081808	3361996996	4915188	17307	0.22753
SRR2496709	SE	1	2	34	206	2	3386572936	3391488124	4915188	17307	0.181461
SRR2496709	SE	1	2	35	212	2	3416064064	3420979252	4915188	17307	0.228456
SRR2496709	SE	1	2	36	218	2	3445555476	3450470664	4915188	17307	0.184402
SRR2496709	SE	1	2	37	224	2	3475046604	3479961792	4915188	17307	0.262913
SRR2496709	SE	1	2	38	230	2	3504537732	3509452920	4915188	17307	0.290707
SRR2496709	SE	1	2	39	236	2	3534028860	3536060312	2031452	7153	0.188943
SRR2496709	SE	1	3	0	3	3	58982520	78643380	19660860	71235	1.309892
SRR2496709	SE	1	3	1	9	3	176947404	196608264	19660860	71235	0.739935
SRR2496709	SE	1	3	2	15	3	294912264	314573024	19660760	70217	1.753949
SRR2496709	SE	1	3	3	21	3	412876824	432537864	19661040	70218	0.869273
SRR2496709	SE	1	3	4	27	3	530841664	550502424	19660760	70217	2.156905
SRR2496709	SE	1	3	5	33	3	648806504	668467264	19660760	70217	0.738194
SRR2496709	SE	1	3	6	39	3	766771344	786432104	19660760	70217	0.633248
SRR2496709	SE	1	3	7	45	3	884736184	904396944	19660760	70217	0.969861
SRR2496709	SE	1	3	8	51	3	1002701024	1022361784	19660760	70217	0.982899
SRR2496709	SE	1	3	9	57	3	1120665864	1140326624	19660760	70217	0.858795
SRR2496709	SE	1	3	10	63	3	1238630424	1258291464	19661040	70218	0.696721
SRR2496709	SE	1	3	11	69	3	1356595264	1376256024	19660760	70217	0.791032
SRR2496709	SE	1	3	12	75	3	1474560104	1494220864	19660760	70217	0.86709
SRR2496709	SE	1	3	13	81	3	1592524944	1612185704	19660760	70217	1.981807
SRR2496709	SE	1	3	14	87	3	1710489784	1730150544	19660760	70217	0.795924
SRR2496709	SE	1	3	15	93	3	1828454624	1848115384	19660760	70217	1.390427
SRR2496709	SE	1	3	16	99	3	1946419464	1966080224	19660760	70217	0.684859
SRR2496709	SE	1	3	17	105	3	2064384024	2084045064	19661040	70218	0.713692
SRR2496709	SE	1	3	18	111	3	2182348864	2202009624	19660760	70217	0.766218
SRR2496709	SE	1	3	19	117	3	2300313704	2319974464	19660760	70217	0.796204
SRR2496709	SE	1	3	20	123	3	2418278544	2437939304	19660760	70217	0.740201
SRR2496709	SE	1	3	21	129	3	2536243384	2555904144	19660760	70217	0.71986
SRR2496709	SE	1	3	22	135	3	2654208224	2673868984	19660760	70217	0.846275
SRR2496709	SE	1	3	23	141	3	2772173064	2791833824	19660760	70217	0.700106
SRR2496709	SE	1	3	24	147	3	2890137812	2909798564	19660752	69228	0.642545
SRR2496709	SE	1	3	25	153	3	3008102608	3027763360	19660752	69228	0.737122
SRR2496709	SE	1	3	26	159	3	3126067404	3145728156	19660752	69228	0.728892
SRR2496709	SE	1	3	27	165	3	3185049660	3189964848	4915188	17307	0.199931
SRR2496709	SE	1	3	28	171	3	3214541072	3219456260	4915188	17307	0.252228
SRR2496709	SE	1	3	29	177	3	3244032200	3248947388	4915188	17307	0.191975
SRR2496709	SE	1	3	30	183	3	3273523328	3278438516	4915188	17307	0.26663
SRR2496709	SE	1	3	31	189	3	3303014456	3307929644	4915188	17307	0.231774
SRR2496709	SE	1	3	32	195	3	3332505868	3337421056	4915188	17307	0.213022
SRR2496709	SE	1	3	33	201	3	3361996996	3366912184	4915188	17307	0.184818
SRR2496709	SE	1	3	34	207	3	3391488124	3396403312	4915188	17307	0.200038
SRR2496709	SE	1	3	35	213	3	3420979252	3425894440	4915188	17307	0.176831
SRR2496709	SE	1	3	36	219	3	3450470664	3455385852	4915188	17307	0.228057
SRR2496709	SE	1	3	37	225	3	3479961792	3484876980	4915188	17307	0.19787
SRR2496709	SE	1	3	38	231	3	3509452920	3514368108	4915188	17307	0.298053
SRR2496709	SE	1	4	0	4	4	78643380	98304240	19660860	71235	1.390683
SRR2496709	SE	1	4	1	10	4	196608264	216268848	19660584	71234	0.711355
SRR2496709	SE	1	4	2	16	4	314573024	334233784	19660760	70217	0.949244
SRR2496709	SE	1	4	3	22	4	432537864	452198624	19660760	70217	0.768802
SRR2496709	SE	1	4	4	28	4	550502424	570163464	19661040	70218	0.804674
SRR2496709	SE	1	4	5	34	4	668467264	688128024	19660760	70217	0.834245
SRR2496709	SE	1	4	6	40	4	786432104	806092864	19660760	70217	0.754165
SRR2496709	SE	1	4	7	46	4	904396944	924057704	19660760	70217	0.677047
SRR2496709	SE	1	4	8	52	4	1022361784	1042022544	19660760	70217	0.973136
SRR2496709	SE	1	4	9	58	4	1140326624	1159987384	19660760	70217	0.836987
SRR2496709	SE	1	4	10	64	4	1258291464	1277952224	19660760	70217	0.858655
SRR2496709	SE	1	4	11	70	4	1376256024	1395917064	19661040	70218	1.124794
SRR2496709	SE	1	4	12	76	4	1494220864	1513881624	19660760	70217	0.725586
SRR2496709	SE	1	4	13	82	4	1612185704	1631846464	19660760	70217	0.904978
SRR2496709	SE	1	4	14	88	4	1730150544	1749811304	19660760	70217	0.933325
SRR2496709	SE	1	4	15	94	4	1848115384	1867776144	19660760	70217	0.7917
SRR2496709	SE	1	4	16	100	4	1966080224	1985740984	19660760	70217	2.228845
SRR2496709	SE	1	4	17	106	4	2084045064	2103705824	19660760	70217	0.876918
SRR2496709	SE	1	5	0	5	5	98304240	117964824	19660584	71234	1.386063
SRR2496709	SE	1	5	1	11	5	216268848	235929708	19660860	71235	0.745946
SRR2496709	SE	1	5	2	17	5	334233784	353894544	19660760	70217	0.768651
SRR2496709	SE	1	5	3	23	5	452198624	471859384	19660760	70217	0.739704
SRR2496709	SE	1	5	4	29	5	570163464	589824224	19660760	70217	0.870022
SRR2496709	SE	1	5	5	35	5	688128024	707789064	19661040	70218	0.879635
SRR2496709	SE	1	5	6	41	5	806092864	825753624	19660760	70217	0.824108
SRR2496709	SE	1	5	7	47	5	924057704	943718464	19660760	70217	0.860614
SRR2496709	SE	1	5	8	53	5	1042022544	1061683304	19660760	70217	0.805937
SRR2496709	SE	1	5	9	59	5	1159987384	1179648144	19660760	70217	0.947897
SRR2496709	SE	1	5	10	65	5	1277952224	1297612984	19660760	70217	0.668674
SRR2496709	SE	1	5	11	71	5	1395917064	1415577824	19660760	70217	0.72205
SRR2496709	SE	1	5	12	77	5	1513881624	1533542664	19661040	70218	0.768738
SRR2496709	SE	1	5	13	83	5	1631846464	1651507224	19660760	70217	0.799967
SRR2496709	SE	1	5	14	89	5	1749811304	1769472064	19660760	70217	1.50835
SRR2496709	SE	1	5	15	95	5	1867776144	1887436904	19660760	70217	0.74517
SRR2496709	SE	1	5	16	101	5	1985740984	2005401744	19660760	70217	0.668668
SRR2496709	SE	1	5	17	107	5	2103705824	2123366584	19660760	70217	0.834272
SRR2496709	SE	1	-1	19	118	4	2319974464	2339635224	19660760	70217	0.751687
SRR2496709	SE	1	-1	20	124	4	2437939304	2457600064	19660760	70217	0.749326
SRR2496709	SE	1	-1	21	130	4	2555904144	2575564904	19660760	70217	0.736225
SRR2496709	SE	1	-1	22	136	4	2673868984	2693529744	19660760	70217	1.003227
SRR2496709	SE	1	-1	23	142	4	2791833824	2811494520	19660696	69415	0.655974
SRR2496709	SE	1	-1	24	148	4	2909798564	2929459316	19660752	69228	0.652855
SRR2496709	SE	1	-1	25	154	4	3027763360	3047424112	19660752	69228	0.780458
SRR2496709	SE	1	-1	26	160	4	3145728156	3165388908	19660752	69228	0.643666
SRR2496709	SE	1	-1	27	166	4	3189964848	3194880036	4915188	17307	0.220258
SRR2496709	SE	1	-1	28	172	4	3219456260	3224371448	4915188	17307	0.214752
SRR2496709	SE	1	-1	29	178	4	3248947388	3253862576	4915188	17307	0.229245
SRR2496709	SE	1	-1	30	184	4	3278438516	3283353704	4915188	17307	0.195354
SRR2496709	SE	1	-1	31	190	4	3307929644	3312844832	4915188	17307	0.193737
SRR2496709	SE	1	-1	32	196	4	3337421056	3342336244	4915188	17307	0.210147
SRR2496709	SE	1	-1	33	202	4	3366912184	3371827372	4915188	17307	0.202341
SRR2496709	SE	1	-1	34	208	4	3396403312	3401318500	4915188	17307	0.17396
SRR2496709	SE	1	-1	35	214	4	3425894440	3430809628	4915188	17307	0.193547
SRR2496709	SE	1	-1	36	220	4	3455385852	3460301040	4915188	17307	0.261798
SRR2496709	SE	1	-1	37	226	4	3484876980	3489792168	4915188	17307	0.212112
SRR2496709	SE	1	-1	38	232	4	3514368108	3519283296	4915188	17307	0.186418
SRR2496709	SE	1	-1	19	119	5	2339635224	2359296264	19661040	70218	0.841341
SRR2496709	SE	1	-1	20	125	5	2457600064	2477260824	19660760	70217	0.661694
SRR2496709	SE	1	-1	21	131	5	2575564904	2595225664	19660760	70217	0.755341
SRR2496709	SE	1	-1	22	137	5	2693529744	2713190504	19660760	70217	1.104249
SRR2496709	SE	1	-1	23	143	5	2811494520	2831155272	19660752	69228	0.865079
SRR2496709	SE	1	-1	24	149	5	2929459316	2949120068	19660752	69228	0.733959
SRR2496709	SE	1	-1	25	155	5	3047424112	3067084864	19660752	69228	0.642979
SRR2496709	SE	1	-1	26	161	5	3165388908	3170304096	4915188	17307	0.195911
SRR2496709	SE	1	-1	27	167	5	3194880036	3199795224	4915188	17307	0.203188
SRR2496709	SE	1	-1	28	173	5	3224371448	3229286636	4915188	17307	0.19339
SRR2496709	SE	1	-1	29	179	5	3253862576	3258777764	4915188	17307	0.209822
SRR2496709	SE	1	-1	30	185	5	3283353704	3288268892	4915188	17307	0.204511
SRR2496709	SE	1	-1	31	191	5	3312844832	3317760020	4915188	17307	0.187856
SRR2496709	SE	1	-1	32	197	5	3342336244	3347251432	4915188	17307	0.227209
SRR2496709	SE	1	-1	33	203	5	3371827372	3376742560	4915188	17307	0.207726
SRR2496709	SE	1	-1	34	209	5	3401318500	3406233688	4915188	17307	0.235672
SRR2496709	SE	1	-1	35	215	5	3430809628	3435724816	4915188	17307	0.183297
SRR2496709	SE	1	-1	36	221	5	3460301040	3465216228	4915188	17307	0.18743
SRR2496709	SE	1	-1	37	227	5	3489792168	3494707356	4915188	17307	0.22317
SRR2496709	SE	1	-1	38	233	5	3519283296	3524198484	4915188	17307	0.215956
SRR2496709	SE	2	0	0	0	0	0	19660888	19660888	72446	1.352508
SRR2496709	SE	2	0	1	6	0	117964824	137625684	19660860	71235	0.894408
SRR2496709	SE	2	0	2	12	0	235929708	255590568	19660860	71235	0.802589
SRR2496709	SE	2	0	3	18	0	353894544	373555304	19660760	70217	0.840506
SRR2496709	SE	2	0	4	24	0	471859384	491520144	19660760	70217	0.736757
SRR2496709	SE	2	0	5	30	0	589824224	609484984	19660760	70217	0.747048
SRR2496709	SE	2	0	6	36	0	707789064	727449824	19660760	70217	0.730008
SRR2496709	SE	2	0	7	42	0	825753624	845414664	19661040	70218	0.917382
SRR2496709	SE	2	0	8	48	0	943718464	963379224	19660760	70217	1.035066
SRR2496709	SE	2	0	9	54	0	1061683304	1081344064	19660760	70217	0.776346
SRR2496709	SE	2	0	10	60	0	1179648144	1199308904	19660760	70217	0.69418
SRR2496709	SE	2	0	11	66	0	1297612984	1317273744	19660760	70217	0.75889
SRR2496709	SE	2	0	12	72	0	1415577824	1435238584	19660760	70217	0.758078
SRR2496709	SE	2	0	13	78	0	1533542664	1553203424	19660760	70217	0.911598
SRR2496709	SE	2	0	14	84	0	1651507224	1671168264	19661040	70218	0.909565
SRR2496709	SE	2	0	15	90	0	1769472064	1789132824	19660760	70217	1.009518
SRR2496709	SE	2	0	16	96	0	1887436904	1907097664	19660760	70217	0.892608
SRR2496709	SE	2	0	17	102	0	2005401744	2025062504	19660760	70217	0.859513
SRR2496709	SE	2	0	18	108	0	2123366584	2143027344	19660760	70217	1.386792
SRR2496709	SE	2	0	19	114	0	2241331424	2260992184	19660760	70217	0.682812
SRR2496709	SE	2	0	20	120	0	2359296264	2378957024	19660760	70217	0.90718
SRR2496709	SE	2	0	21	126	0	2477260824	2496921864	19661040	70218	1.042537
SRR2496709	SE	2	0	22	132	0	2595225664	2614886424	19660760	70217	0.658412
SRR2496709	SE	2	0	23	138	0	2713190504	2732851264	19660760	70217	0.941268
SRR2496709	SE	2	0	24	144	0	2831155272	2850816024	19660752	69228	0.882638
SRR2496709	SE	2	0	25	150	0	2949120068	2968780820	19660752	69228	0.739813
SRR2496709	SE	2	0	26	156	0	3067084864	3086745616	19660752	69228	0.649125
SRR2496709	SE	2	0	27	162	0	3170304096	3175219284	4915188	17307	0.232558
SRR2496709	SE	2	0	28	168	0	3199795224	3204710412	4915188	17307	0.207197
SRR2496709	SE	2	0	29	174	0	3229286636	3234201824	4915188	17307	0.235586
SRR2496709	SE	2	0	30	180	0	3258777764	3263692952	4915188	17307	1.216572
SRR2496709	SE	2	0	31	186	0	3288268892	3293184080	4915188	17307	0.253054
SRR2496709	SE	2	0	32	192	0	3317760020	3322675208	4915188	17307	0.200027
SRR2496709	SE	2	0	33	198	0	3347251432	3352166620	4915188	17307	0.198523
SRR2496709	SE	2	0	34	204	0	3376742560	3381657748	4915188	17307	0.195037
SRR2496709	SE	2	0	35	210	0	3406233688	3411148876	4915188	17307	0.22071
SRR2496709	SE	2	0	36	216	0	3435724816	3440640004	4915188	17307	0.197505
SRR2496709	SE	2	0	37	222	0	3465216228	3470131416	4915188	17307	0.228336
SRR2496709	SE	2	0	38	228	0	3494707356	3499622544	4915188	17307	0.220882
SRR2496709	SE	2	1	0	1	1	19660888	39321660	19660772	71634	1.194535
SRR2496709	SE	2	1	1	7	1	137625684	157286544	19660860	71235	0.860298
SRR2496709	SE	2	1	2	13	1	255590568	275251428	19660860	71235	0.916925
SRR2496709	SE	2	1	3	19	1	373555304	393216064	19660760	70217	0.866907
SRR2496709	SE	2	1	4	25	1	491520144	511180904	19660760	70217	0.887466
SRR2496709	SE	2	1	5	31	1	609484984	629145744	19660760	70217	0.923825
SRR2496709	SE	2	1	6	37	1	727449824	747110584	19660760	70217	0.949655
SRR2496709	SE	2	1	7	43	1	845414664	865075424	19660760	70217	0.805357
SRR2496709	SE	2	1	8	49	1	963379224	983040264	19661040	70218	1.061887
SRR2496709	SE	2	1	9	55	1	1081344064	1101004824	19660760	70217	0.901592
SRR2496709	SE	2	1	10	61	1	1199308904	1218969664	19660760	70217	0.899836
SRR2496709	SE	2	1	11	67	1	1317273744	1336934504	19660760	70217	0.930276
SRR2496709	SE	2	1	12	73	1	1435238584	1454899344	19660760	70217	0.723536
SRR2496709	SE	2	1	13	79	1	1553203424	1572864184	19660760	70217	0.971084
SRR2496709	SE	2	1	14	85	1	1671168264	1690829024	19660760	70217	0.85349
SRR2496709	SE	2	1	15	91	1	1789132824	1808793864	19661040	70218	0.771797
SRR2496709	SE	2	1	16	97	1	1907097664	1926758424	19660760	70217	0.690391
SRR2496709	SE	2	1	17	103	1	2025062504	2044723264	19660760	70217	0.855023
SRR2496709	SE	2	1	18	109	1	2143027344	2162688104	19660760	70217	0.712642
SRR2496709	SE	2	1	19	115	1	2260992184	2280652944	19660760	70217	0.808295
SRR2496709	SE	2	1	20	121	1	2378957024	2398617784	19660760	70217	0.726618
SRR2496709	SE	2	1	21	127	1	2496921864	2516582624	19660760	70217	0.725239
SRR2496709	SE	2	1	22	133	1	2614886424	2634547464	19661040	70218	0.727877
SRR2496709	SE	2	1	23	139	1	2732851264	2752512024	19660760	70217	0.996992
SRR2496709	SE	2	1	24	145	1	2850816024	2870477060	19661036	69229	0.703061
SRR2496709	SE	2	1	25	151	1	2968780820	2988441856	19661036	69229	0.95293
SRR2496709	SE	2	1	26	157	1	3086745616	3106406652	19661036	69229	0.644531
SRR2496709	SE	2	1	27	163	1	3175219284	3180134472	4915188	17307	0.18183
SRR2496709	SE	2	1	28	169	1	3204710412	3209625600	4915188	17307	0.276369
SRR2496709	SE	2	1	29	175	1	3234201824	3239117012	4915188	17307	0.21561
SRR2496709	SE	2	1	30	181	1	3263692952	3268608140	4915188	17307	0.27051
SRR2496709	SE	2	2	0	2	2	39321660	58982520	19660860	71235	1.248873
SRR2496709	SE	2	2	1	8	2	157286544	176947404	19660860	71235	0.712821
SRR2496709	SE	2	2	2	14	2	275251428	294912264	19660836	70233	0.647004
SRR2496709	SE	2	2	3	20	2	393216064	412876824	19660760	70217	0.863416
SRR2496709	SE	2	2	4	26	2	511180904	530841664	19660760	70217	0.913667
SRR2496709	SE	2	2	5	32	2	629145744	648806504	19660760	70217	0.895042
SRR2496709	SE	2	2	6	38	2	747110584	766771344	19660760	70217	0.80383
SRR2496709	SE	2	2	7	44	2	865075424	884736184	19660760	70217	0.743176
SRR2496709	SE	2	2	8	50	2	983040264	1002701024	19660760	70217	0.775682
SRR2496709	SE	2	2	9	56	2	1101004824	1120665864	19661040	70218	0.826951
SRR2496709	SE	2	2	10	62	2	1218969664	1238630424	19660760	70217	0.70004
SRR2496709	SE	2	2	11	68	2	1336934504	1356595264	19660760	70217	0.762057
SRR2496709	SE	2	2	12	74	2	1454899344	1474560104	19660760	70217	0.772873
SRR2496709	SE	2	2	13	80	2	1572864184	1592524944	19660760	70217	0.727028
SRR2496709	SE	2	2	14	86	2	1690829024	1710489784	19660760	70217	0.714783
SRR2496709	SE	2	2	15	92	2	1808793864	1828454624	19660760	70217	0.686677
SRR2496709	SE	2	2	16	98	2	1926758424	1946419464	19661040	70218	0.666177
SRR2496709	SE	2	2	17	104	2	2044723264	2064384024	19660760	70217	1.031102
SRR2496709	SE	2	3	0	3	3	58982520	78643380	19660860	71235	1.415683
SRR2496709	SE	2	3	1	9	3	176947404	196608264	19660860	71235	0.747237
SRR2496709	SE	2	3	2	15	3	294912264	314573024	19660760	70217	1.744002
SRR2496709	SE	2	3	3	21	3	412876824	432537864	19661040	70218	0.871406
SRR2496709	SE	2	3	4	27	3	530841664	550502424	19660760	70217	2.130419
SRR2496709	SE	2	3	5	33	3	648806504	668467264	19660760	70217	0.743163
SRR2496709	SE	2	3	6	39	3	766771344	786432104	19660760	70217	0.629516
SRR2496709	SE	2	3	7	45	3	884736184	904396944	19660760	70217	0.975433
SRR2496709	SE	2	3	8	51	3	1002701024	1022361784	19660760	70217	0.98652
SRR2496709	SE	2	3	9	57	3	1120665864	1140326624	19660760	70217	0.876272
SRR2496709	SE	2	3	10	63	3	1238630424	1258291464	19661040	70218	0.689952
SRR2496709	SE	2	3	11	69	3	1356595264	1376256024	19660760	70217	0.795372
SRR2496709	SE	2	3	12	75	3	1474560104	1494220864	19660760	70217	0.848071
SRR2496709	SE	2	3	13	81	3	1592524944	1612185704	19660760	70217	1.97064
SRR2496709	SE	2	3	14	87	3	1710489784	1730150544	19660760	70217	0.807406
SRR2496709	SE	2	3	15	93	3	1828454624	1848115384	19660760	70217	1.382018
SRR2496709	SE	2	3	16	99	3	1946419464	1966080224	19660760	70217	0.680257
SRR2496709	SE	2	3	17	105	3	2064384024	2084045064	19661040	70218	0.718177
SRR2496709	SE	2	3	32	193	1	3322675208	3327590680	4915472	17308	0.204016
SRR2496709	SE	2	3	33	199	1	3352166620	3357081808	4915188	17307	0.208736
SRR2496709	SE	2	3	34	205	1	3381657748	3386572936	4915188	17307	0.214269
SRR2496709	SE	2	3	35	211	1	3411148876	3416064064	4915188	17307	0.175605
SRR2496709	SE	2	3	36	217	1	3440640004	3445555476	4915472	17308	0.217641
SRR2496709	SE	2	3	37	223	1	3470131416	3475046604	4915188	17307	0.240538
SRR2496709	SE	2	3	38	229	1	3499622544	3504537732	4915188	17307	0.209435
SRR2496709	SE	2	3	39	235	1	3529113672	3534028860	4915188	17307	0.276164
SRR2496709	SE	2	3	40	232	4	3514368108	3519283296	4915188	17307	0.184132
SRR2496709	SE	2	3	19	116	2	2280652944	2300313704	19660760	70217	0.82394
SRR2496709	SE	2	3	20	122	2	2398617784	2418278544	19660760	70217	0.678926
SRR2496709	SE	2	3	21	128	2	2516582624	2536243384	19660760	70217	0.836548
SRR2496709	SE	2	3	22	134	2	2634547464	2654208224	19660760	70217	1.024089
SRR2496709	SE	2	3	23	140	2	2752512024	2772173064	19661040	70218	0.987948
SRR2496709	SE	2	3	24	146	2	2870477060	2890137812	19660752	69228	0.732507
SRR2496709	SE	2	3	25	152	2	2988441856	3008102608	19660752	69228	1.152132
SRR2496709	SE	2	3	26	158	2	3106406652	3126067404	19660752	69228	0.742585
SRR2496709	SE	2	3	27	164	2	3180134472	3185049660	4915188	17307	0.169461
SRR2496709	SE	2	3	28	170	2	3209625600	3214541072	4915472	17308	0.267895
SRR2496709	SE	2	3	29	176	2	3239117012	3244032200	4915188	17307	0.188556
SRR2496709	SE	2	3	30	182	2	3268608140	3273523328	4915188	17307	0.248994
SRR2496709	SE	2	3	31	188	2	3298099268	3303014456	4915188	17307	0.242421
SRR2496709	SE	2	3	32	194	2	3327590680	3332505868	4915188	17307	0.179586
SRR2496709	SE	2	3	33	200	2	3357081808	3361996996	4915188	17307	0.216109
SRR2496709	SE	2	3	34	206	2	3386572936	3391488124	4915188	17307	0.179171
SRR2496709	SE	2	3	35	212	2	3416064064	3420979252	4915188	17307	0.230434
SRR2496709	SE	2	3	36	218	2	3445555476	3450470664	4915188	17307	0.189484
SRR2496709	SE	2	3	37	224	2	3475046604	3479961792	4915188	17307	0.262426
SRR2496709	SE	2	3	38	230	2	3504537732	3509452920	4915188	17307	0.298918
SRR2496709	SE	2	3	39	236	2	3534028860	3536060312	2031452	7153	0.187053
SRR2496709	SE	2	3	40	231	3	3509452920	3514368108	4915188	17307	0.302457
SRR2496709	SE	2	3	19	117	3	2300313704	2319974464	19660760	70217	0.788616
SRR2496709	SE	2	3	20	123	3	2418278544	2437939304	19660760	70217	0.741135
SRR2496709	SE	2	3	21	129	3	2536243384	2555904144	19660760	70217	0.721582
SRR2496709	SE	2	3	22	135	3	2654208224	2673868984	19660760	70217	0.841984
SRR2496709	SE	2	3	23	141	3	2772173064	2791833824	19660760	70217	0.702567
SRR2496709	SE	2	3	24	147	3	2890137812	2909798564	19660752	69228	0.652596
SRR2496709	SE	2	3	25	153	3	3008102608	3027763360	19660752	69228	0.73087
SRR2496709	SE	2	3	26	159	3	3126067404	3145728156	19660752	69228	0.729738
SRR2496709	SE	2	3	27	165	3	3185049660	3189964848	4915188	17307	0.196601
SRR2496709	SE	2	3	28	171	3	3214541072	3219456260	4915188	17307	0.249076
SRR2496709	SE	2	3	29	177	3	3244032200	3248947388	4915188	17307	0.190265
SRR2496709	SE	2	3	30	183	3	3273523328	3278438516	4915188	17307	0.254895
SRR2496709	SE	2	3	31	189	3	3303014456	3307929644	4915188	17307	0.231331
SRR2496709	SE	2	3	32	195	3	3332505868	3337421056	4915188	17307	0.205532
SRR2496709	SE	2	3	33	201	3	3361996996	3366912184	4915188	17307	0.187409
SRR2496709	SE	2	3	34	207	3	3391488124	3396403312	4915188	17307	0.198085
SRR2496709	SE	2	3	35	213	3	3420979252	3425894440	4915188	17307	0.175288
SRR2496709	SE	2	3	36	219	3	3450470664	3455385852	4915188	17307	0.230988
SRR2496709	SE	2	3	37	225	3	3479961792	3484876980	4915188	17307	0.194211
SRR2496709	SE	2	3	38	233	5	3519283296	3524198484	4915188	17307	0.220208
SRR2496709	SE	2	4	0	4	4	78643380	98304240	19660860	71235	1.394085
SRR2496709	SE	2	4	1	10	4	196608264	216268848	19660584	71234	0.706305
SRR2496709	SE	2	4	2	16	4	314573024	334233784	19660760	70217	0.950512
SRR2496709	SE	2	4	3	22	4	432537864	452198624	19660760	70217	0.760576
SRR2496709	SE	2	4	4	28	4	550502424	570163464	19661040	70218	0.790633
SRR2496709	SE	2	4	5	34	4	668467264	688128024	19660760	70217	0.82896
SRR2496709	SE	2	4	6	40	4	786432104	806092864	19660760	70217	0.743526
SRR2496709	SE	2	4	7	46	4	904396944	924057704	19660760	70217	0.699459
SRR2496709	SE	2	4	8	52	4	1022361784	1042022544	19660760	70217	0.990957
SRR2496709	SE	2	4	9	58	4	1140326624	1159987384	19660760	70217	0.854112
SRR2496709	SE	2	4	10	64	4	1258291464	1277952224	19660760	70217	0.872267
SRR2496709	SE	2	4	11	70	4	1376256024	1395917064	19661040	70218	1.124974
SRR2496709	SE	2	4	12	76	4	1494220864	1513881624	19660760	70217	0.723762
SRR2496709	SE	2	4	13	82	4	1612185704	1631846464	19660760	70217	0.90728
SRR2496709	SE	2	4	14	88	4	1730150544	1749811304	19660760	70217	0.938328
SRR2496709	SE	2	4	15	94	4	1848115384	1867776144	19660760	70217	0.796316
SRR2496709	SE	2	4	16	100	4	1966080224	1985740984	19660760	70217	2.230218
SRR2496709	SE	2	4	17	106	4	2084045064	2103705824	19660760	70217	0.880748
SRR2496709	SE	2	-1	19	118	4	2319974464	2339635224	19660760	70217	0.747807
SRR2496709	SE	2	-1	20	124	4	2437939304	2457600064	19660760	70217	0.733701
SRR2496709	SE	2	-1	21	130	4	2555904144	2575564904	19660760	70217	0.725437
SRR2496709	SE	2	-1	22	136	4	2673868984	2693529744	19660760	70217	1.001078
SRR2496709	SE	2	-1	23	142	4	2791833824	2811494520	19660696	69415	0.645505
SRR2496709	SE	2	-1	24	148	4	2909798564	2929459316	19660752	69228	0.657235
SRR2496709	SE	2	-1	25	154	4	3027763360	3047424112	19660752	69228	0.790422
SRR2496709	SE	2	-1	26	160	4	3145728156	3165388908	19660752	69228	0.645666
SRR2496709	SE	2	-1	27	166	4	3189964848	3194880036	4915188	17307	0.220853
SRR2496709	SE	2	-1	28	172	4	3219456260	3224371448	4915188	17307	0.20612
SRR2496709	SE	2	-1	29	178	4	3248947388	3253862576	4915188	17307	0.227428
SRR2496709	SE	2	-1	30	184	4	3278438516	3283353704	4915188	17307	0.186232
SRR2496709	SE	2	-1	31	190	4	3307929644	3312844832	4915188	17307	0.196413
SRR2496709	SE	2	-1	32	196	4	3337421056	3342336244	4915188	17307	0.211901
SRR2496709	SE	2	-1	33	202	4	3366912184	3371827372	4915188	17307	0.212021
SRR2496709	SE	2	-1	34	208	4	3396403312	3401318500	4915188	17307	0.192473
SRR2496709	SE	2	-1	35	214	4	3425894440	3430809628	4915188	17307	0.193128
SRR2496709	SE	2	-1	36	220	4	3455385852	3460301040	4915188	17307	0.259839
SRR2496709	SE	2	-1	37	226	4	3484876980	3489792168	4915188	17307	0.22153
SRR2496709	SE	2	-1	38	234	0	3524198484	3529113672	4915188	17307	0.243088
SRR2496709	SE	2	5	0	5	5	98304240	117964824	19660584	71234	1.383938
SRR2496709	SE	2	5	1	11	5	216268848	235929708	19660860	71235	0.741272
SRR2496709	SE	2	5	2	17	5	334233784	353894544	19660760	70217	0.776591
SRR2496709	SE	2	5	3	23	5	452198624	471859384	19660760	70217	0.740816
SRR2496709	SE	2	5	4	29	5	570163464	589824224	19660760	70217	0.875115
SRR2496709	SE	2	5	5	35	5	688128024	707789064	19661040	70218	0.878796
SRR2496709	SE	2	5	6	41	5	806092864	825753624	19660760	70217	0.81717
SRR2496709	SE	2	5	7	47	5	924057704	943718464	19660760	70217	0.860984
SRR2496709	SE	2	5	8	53	5	1042022544	1061683304	19660760	70217	0.80508
SRR2496709	SE	2	5	9	59	5	1159987384	1179648144	19660760	70217	0.930867
SRR2496709	SE	2	5	10	65	5	1277952224	1297612984	19660760	70217	0.676533
SRR2496709	SE	2	5	11	71	5	1395917064	1415577824	19660760	70217	0.722417
SRR2496709	SE	2	5	12	77	5	1513881624	1533542664	19661040	70218	0.770702
SRR2496709	SE	2	5	13	83	5	1631846464	1651507224	19660760	70217	0.806039
SRR2496709	SE	2	5	14	89	5	1749811304	1769472064	19660760	70217	1.51687
SRR2496709	SE	2	5	15	95	5	1867776144	1887436904	19660760	70217	0.741762
SRR2496709	SE	2	5	16	101	5	1985740984	2005401744	19660760	70217	0.656292
SRR2496709	SE	2	5	17	107	5	2103705824	2123366584	19660760	70217	0.825053
SRR2496709	SE	2	5	18	113	5	2221670664	2241331424	19660760	70217	0.803172
SRR2496709	SE	2	5	19	119	5	2339635224	2359296264	19661040	70218	0.844068
SRR2496709	SE	2	5	20	125	5	2457600064	2477260824	19660760	70217	0.663452
SRR2496709	SE	2	5	21	131	5	2575564904	2595225664	19660760	70217	0.751011
SRR2496709	SE	2	5	22	137	5	2693529744	2713190504	19660760	70217	1.093939
SRR2496709	SE	2	5	23	143	5	2811494520	2831155272	19660752	69228	0.852604
SRR2496709	SE	2	5	24	149	5	2929459316	2949120068	19660752	69228	0.721835
SRR2496709	SE	2	5	25	155	5	3047424112	3067084864	19660752	69228	0.64452
SRR2496709	SE	2	5	26	161	5	3165388908	3170304096	4915188	17307	0.196374
SRR2496709	SE	2	5	27	167	5	3194880036	3199795224	4915188	17307	0.205333
SRR2496709	SE	2	5	28	173	5	3224371448	3229286636	4915188	17307	0.19647
SRR2496709	SE	2	5	29	179	5	3253862576	3258777764	4915188	17307	0.193131
SRR2496709	SE	2	5	30	185	5	3283353704	3288268892	4915188	17307	0.209277
SRR2496709	SE	2	5	31	191	5	3312844832	3317760020	4915188	17307	0.192456
SRR2496709	SE	2	5	32	197	5	3342336244	3347251432	4915188	17307	0.225412
SRR2496709	SE	2	5	33	203	5	3371827372	3376742560	4915188	17307	0.204898
SRR2496709	SE	2	5	34	209	5	3401318500	3406233688	4915188	17307	0.238283
SRR2496709	SE	2	5	35	215	5	3430809628	3435724816	4915188	17307	0.192783
SRR2496709	SE	2	5	36	221	5	3460301040	3465216228	4915188	17307	0.192413
SRR2496709	SE	2	5	37	227	5	3489792168	3494707356	4915188	17307	0.230526
SRR2496709	SE	3	0	0	0	0	0	19660888	19660888	72446	1.319115
SRR2496709	SE	3	0	1	6	0	117964824	137625684	19660860	71235	0.888782
SRR2496709	SE	3	0	2	12	0	235929708	255590568	19660860	71235	0.801709
SRR2496709	SE	3	0	3	18	0	353894544	373555304	19660760	70217	0.83157
SRR2496709	SE	3	0	4	24	0	471859384	491520144	19660760	70217	0.747109
SRR2496709	SE	3	0	5	30	0	589824224	609484984	19660760	70217	0.74785
SRR2496709	SE	3	0	6	36	0	707789064	727449824	19660760	70217	0.734118
SRR2496709	SE	3	0	7	42	0	825753624	845414664	19661040	70218	0.914372
SRR2496709	SE	3	0	8	48	0	943718464	963379224	19660760	70217	1.023755
SRR2496709	SE	3	0	9	54	0	1061683304	1081344064	19660760	70217	0.772628
SRR2496709	SE	3	0	10	60	0	1179648144	1199308904	19660760	70217	0.687555
SRR2496709	SE	3	0	11	66	0	1297612984	1317273744	19660760	70217	0.756498
SRR2496709	SE	3	0	12	72	0	1415577824	1435238584	19660760	70217	0.743578
SRR2496709	SE	3	0	13	78	0	1533542664	1553203424	19660760	70217	0.897601
SRR2496709	SE	3	0	14	84	0	1651507224	1671168264	19661040	70218	0.907648
SRR2496709	SE	3	0	15	90	0	1769472064	1789132824	19660760	70217	1.017714
SRR2496709	SE	3	0	16	96	0	1887436904	1907097664	19660760	70217	0.897253
SRR2496709	SE	3	0	17	102	0	2005401744	2025062504	19660760	70217	0.855258
SRR2496709	SE	3	0	18	108	0	2123366584	2143027344	19660760	70217	1.377429
SRR2496709	SE	3	0	19	114	0	2241331424	2260992184	19660760	70217	0.681308
SRR2496709	SE	3	0	20	120	0	2359296264	2378957024	19660760	70217	0.913075
SRR2496709	SE	3	0	21	126	0	2477260824	2496921864	19661040	70218	1.04412
SRR2496709	SE	3	0	22	132	0	2595225664	2614886424	19660760	70217	0.670378
SRR2496709	SE	3	0	23	138	0	2713190504	2732851264	19660760	70217	0.938081
SRR2496709	SE	3	0	24	144	0	2831155272	2850816024	19660752	69228	0.879218
SRR2496709	SE	3	0	25	150	0	2949120068	2968780820	19660752	69228	0.74713
SRR2496709	SE	3	0	26	156	0	3067084864	3086745616	19660752	69228	0.641419
SRR2496709	SE	3	0	27	162	0	3170304096	3175219284	4915188	17307	0.225906
SRR2496709	SE	3	0	28	168	0	3199795224	3204710412	4915188	17307	0.221808
SRR2496709	SE	3	0	29	174	0	3229286636	3234201824	4915188	17307	0.242479
SRR2496709	SE	3	1	0	1	1	19660888	39321660	19660772	71634	1.196152
SRR2496709	SE	3	1	1	7	1	137625684	157286544	19660860	71235	0.864377
SRR2496709	SE	3	1	2	13	1	255590568	275251428	19660860	71235	0.909265
SRR2496709	SE	3	1	3	19	1	373555304	393216064	19660760	70217	0.860954
SRR2496709	SE	3	1	4	25	1	491520144	511180904	19660760	70217	0.882984
SRR2496709	SE	3	1	5	31	1	609484984	629145744	19660760	70217	0.918963
SRR2496709	SE	3	1	6	37	1	727449824	747110584	19660760	70217	0.963344
SRR2496709	SE	3	1	7	43	1	845414664	865075424	19660760	70217	0.800251
SRR2496709	SE	3	1	8	49	1	963379224	983040264	19661040	70218	1.062436
SRR2496709	SE	3	1	9	55	1	1081344064	1101004824	19660760	70217	0.908982
SRR2496709	SE	3	1	10	61	1	1199308904	1218969664	19660760	70217	0.904807
SRR2496709	SE	3	1	11	67	1	1317273744	1336934504	19660760	70217	0.934818
SRR2496709	SE	3	1	12	73	1	1435238584	1454899344	19660760	70217	0.718364
SRR2496709	SE	3	1	13	79	1	1553203424	1572864184	19660760	70217	0.970633
SRR2496709	SE	3	1	14	85	1	1671168264	1690829024	19660760	70217	0.849742
SRR2496709	SE	3	1	15	91	1	1789132824	1808793864	19661040	70218	0.777531
SRR2496709	SE	3	1	16	97	1	1907097664	1926758424	19660760	70217	0.690474
SRR2496709	SE	3	1	17	103	1	2025062504	2044723264	19660760	70217	0.847422
SRR2496709	SE	3	2	0	2	2	39321660	58982520	19660860	71235	1.243628
SRR2496709	SE	3	2	1	8	2	157286544	176947404	19660860	71235	0.70723
SRR2496709	SE	3	2	2	14	2	275251428	294912264	19660836	70233	0.648431
SRR2496709	SE	3	2	3	20	2	393216064	412876824	19660760	70217	0.862258
SRR2496709	SE	3	2	4	26	2	511180904	530841664	19660760	70217	0.914095
SRR2496709	SE	3	2	5	32	2	629145744	648806504	19660760	70217	0.887279
SRR2496709	SE	3	2	6	38	2	747110584	766771344	19660760	70217	0.809107
SRR2496709	SE	3	2	7	44	2	865075424	884736184	19660760	70217	0.746582
SRR2496709	SE	3	2	8	50	2	983040264	1002701024	19660760	70217	0.770488
SRR2496709	SE	3	2	9	56	2	1101004824	1120665864	19661040	70218	0.823087
SRR2496709	SE	3	2	10	62	2	1218969664	1238630424	19660760	70217	0.698134
SRR2496709	SE	3	2	11	68	2	1336934504	1356595264	19660760	70217	0.762899
SRR2496709	SE	3	2	12	74	2	1454899344	1474560104	19660760	70217	0.776248
SRR2496709	SE	3	2	13	80	2	1572864184	1592524944	19660760	70217	0.726113
SRR2496709	SE	3	2	14	86	2	1690829024	1710489784	19660760	70217	0.724839
SRR2496709	SE	3	2	15	92	2	1808793864	1828454624	19660760	70217	0.693453
SRR2496709	SE	3	2	16	98	2	1926758424	1946419464	19661040	70218	0.674045
SRR2496709	SE	3	2	17	104	2	2044723264	2064384024	19660760	70217	1.034087
SRR2496709	SE	3	2	31	186	0	3288268892	3293184080	4915188	17307	0.248354
SRR2496709	SE	3	2	32	192	0	3317760020	3322675208	4915188	17307	0.192121
SRR2496709	SE	3	2	33	198	0	3347251432	3352166620	4915188	17307	0.197134
SRR2496709	SE	3	2	34	204	0	3376742560	3381657748	4915188	17307	0.188382
SRR2496709	SE	3	2	35	210	0	3406233688	3411148876	4915188	17307	0.216807
SRR2496709	SE	3	2	36	216	0	3435724816	3440640004	4915188	17307	0.186157
SRR2496709	SE	3	2	37	222	0	3465216228	3470131416	4915188	17307	0.222771
SRR2496709	SE	3	2	19	115	1	2260992184	2280652944	19660760	70217	0.804924
SRR2496709	SE	3	2	20	121	1	2378957024	2398617784	19660760	70217	0.722172
SRR2496709	SE	3	2	21	127	1	2496921864	2516582624	19660760	70217	0.723703
SRR2496709	SE	3	2	22	133	1	2614886424	2634547464	19661040	70218	0.718622
SRR2496709	SE	3	2	23	139	1	2732851264	2752512024	19660760	70217	0.989347
SRR2496709	SE	3	2	24	145	1	2850816024	2870477060	19661036	69229	0.707586
SRR2496709	SE	3	2	25	151	1	2968780820	2988441856	19661036	69229	0.95193
SRR2496709	SE	3	2	26	157	1	3086745616	3106406652	19661036	69229	0.656257
SRR2496709	SE	3	2	27	163	1	3175219284	3180134472	4915188	17307	0.188913
SRR2496709	SE	3	2	28	169	1	3204710412	3209625600	4915188	17307	0.276357
SRR2496709	SE	3	2	29	175	1	3234201824	3239117012	4915188	17307	0.221152
SRR2496709	SE	3	2	30	181	1	3263692952	3268608140	4915188	17307	0.273311
SRR2496709	SE	3	2	31	187	1	3293184080	3298099268	4915188	17307	0.216676
SRR2496709	SE	3	2	32	193	1	3322675208	3327590680	4915472	17308	0.21
SRR2496709	SE	3	2	33	199	1	3352166620	3357081808	4915188	17307	0.193276
SRR2496709	SE	3	2	34	205	1	3381657748	3386572936	4915188	17307	0.223982
SRR2496709	SE	3	2	35	211	1	3411148876	3416064064	4915188	17307	0.179496
SRR2496709	SE	3	2	36	217	1	3440640004	3445555476	4915472	17308	0.22218
SRR2496709	SE	3	2	37	223	1	3470131416	3475046604	4915188	17307	0.236331
SRR2496709	SE	3	2	38	229	1	3499622544	3504537732	4915188	17307	0.212653
SRR2496709	SE	3	2	39	235	1	3529113672	3534028860	4915188	17307	0.281564
SRR2496709	SE	3	2	40	228	0	3494707356	3499622544	4915188	17307	0.223515
SRR2496709	SE	3	2	19	116	2	2280652944	2300313704	19660760	70217	0.808338
SRR2496709	SE	3	2	20	122	2	2398617784	2418278544	19660760	70217	0.685406
SRR2496709	SE	3	2	21	128	2	2516582624	2536243384	19660760	70217	0.846546
SRR2496709	SE	3	2	22	134	2	2634547464	2654208224	19660760	70217	1.020503
SRR2496709	SE	3	2	23	140	2	2752512024	2772173064	19661040	70218	0.990114
SRR2496709	SE	3	2	24	146	2	2870477060	2890137812	19660752	69228	0.743873
SRR2496709	SE	3	2	25	152	2	2988441856	3008102608	19660752	69228	1.151766
SRR2496709	SE	3	2	26	158	2	3106406652	3126067404	19660752	69228	0.739474
SRR2496709	SE	3	2	27	164	2	3180134472	3185049660	4915188	17307	0.171413
SRR2496709	SE	3	2	28	170	2	3209625600	3214541072	4915472	17308	0.269434
SRR2496709	SE	3	2	29	176	2	3239117012	3244032200	4915188	17307	0.182294
SRR2496709	SE	3	2	30	182	2	3268608140	3273523328	4915188	17307	0.250015
SRR2496709	SE	3	2	31	188	2	3298099268	3303014456	4915188	17307	0.237006
SRR2496709	SE	3	2	32	194	2	3327590680	3332505868	4915188	17307	0.179617
SRR2496709	SE	3	2	33	200	2	3357081808	3361996996	4915188	17307	0.220976
SRR2496709	SE	3	2	34	206	2	3386572936	3391488124	4915188	17307	0.173215
SRR2496709	SE	3	2	35	212	2	3416064064	3420979252	4915188	17307	0.224592
SRR2496709	SE	3	2	36	218	2	3445555476	3450470664	4915188	17307	0.191063
SRR2496709	SE	3	2	37	224	2	3475046604	3479961792	4915188	17307	0.262647
SRR2496709	SE	3	2	38	230	2	3504537732	3509452920	4915188	17307	0.285557
SRR2496709	SE	3	2	39	236	2	3534028860	3536060312	2031452	7153	0.187703
SRR2496709	SE	3	2	40	233	5	3519283296	3524198484	4915188	17307	0.218819
SRR2496709	SE	3	3	0	3	3	58982520	78643380	19660860	71235	1.3302
SRR2496709	SE	3	3	1	9	3	176947404	196608264	19660860	71235	0.739892
SRR2496709	SE	3	3	2	15	3	294912264	314573024	19660760	70217	1.743849
SRR2496709	SE	3	3	3	21	3	412876824	432537864	19661040	70218	0.869037
SRR2496709	SE	3	3	4	27	3	530841664	550502424	19660760	70217	2.137376
SRR2496709	SE	3	3	5	33	3	648806504	668467264	19660760	70217	0.746626
SRR2496709	SE	3	3	6	39	3	766771344	786432104	19660760	70217	0.635797
SRR2496709	SE	3	3	7	45	3	884736184	904396944	19660760	70217	0.968646
SRR2496709	SE	3	3	8	51	3	1002701024	1022361784	19660760	70217	0.982297
SRR2496709	SE	3	3	9	57	3	1120665864	1140326624	19660760	70217	0.863816
SRR2496709	SE	3	3	10	63	3	1238630424	1258291464	19661040	70218	0.689613
SRR2496709	SE	3	3	11	69	3	1356595264	1376256024	19660760	70217	0.790439
SRR2496709	SE	3	3	12	75	3	1474560104	1494220864	19660760	70217	0.851414
SRR2496709	SE	3	3	13	81	3	1592524944	1612185704	19660760	70217	1.972968
SRR2496709	SE	3	3	14	87	3	1710489784	1730150544	19660760	70217	0.788764
SRR2496709	SE	3	3	15	93	3	1828454624	1848115384	19660760	70217	1.382624
SRR2496709	SE	3	3	16	99	3	1946419464	1966080224	19660760	70217	0.680522
SRR2496709	SE	3	3	17	105	3	2064384024	2084045064	19661040	70218	0.714694
SRR2496709	SE	3	3	18	111	3	2182348864	2202009624	19660760	70217	0.761025
SRR2496709	SE	3	3	19	117	3	2300313704	2319974464	19660760	70217	0.790696
SRR2496709	SE	3	3	20	123	3	2418278544	2437939304	19660760	70217	0.74176
SRR2496709	SE	3	3	21	129	3	2536243384	2555904144	19660760	70217	0.72528
SRR2496709	SE	3	3	22	135	3	2654208224	2673868984	19660760	70217	0.841039
SRR2496709	SE	3	3	23	141	3	2772173064	2791833824	19660760	70217	0.699125
SRR2496709	SE	3	3	24	147	3	2890137812	2909798564	19660752	69228	0.645219
SRR2496709	SE	3	3	25	153	3	3008102608	3027763360	19660752	69228	0.735758
SRR2496709	SE	3	3	26	159	3	3126067404	3145728156	19660752	69228	0.736645
SRR2496709	SE	3	3	27	165	3	3185049660	3189964848	4915188	17307	0.199606
SRR2496709	SE	3	3	28	171	3	3214541072	3219456260	4915188	17307	0.248116
SRR2496709	SE	3	3	29	177	3	3244032200	3248947388	4915188	17307	0.18983
SRR2496709	SE	3	3	30	183	3	3273523328	3278438516	4915188	17307	0.254691
SRR2496709	SE	3	3	31	189	3	3303014456	3307929644	4915188	17307	0.225411
SRR2496709	SE	3	3	32	195	3	3332505868	3337421056	4915188	17307	0.210536
SRR2496709	SE	3	3	33	201	3	3361996996	3366912184	4915188	17307	0.192987
SRR2496709	SE	3	3	34	207	3	3391488124	3396403312	4915188	17307	0.203009
SRR2496709	SE	3	3	35	213	3	3420979252	3425894440	4915188	17307	0.178888
SRR2496709	SE	3	3	36	219	3	3450470664	3455385852	4915188	17307	0.23132
SRR2496709	SE	3	3	37	225	3	3479961792	3484876980	4915188	17307	0.193163
SRR2496709	SE	3	3	38	231	3	3509452920	3514368108	4915188	17307	0.295203
SRR2496709	SE	3	4	0	4	4	78643380	98304240	19660860	71235	1.398821
SRR2496709	SE	3	4	1	10	4	196608264	216268848	19660584	71234	0.708553
SRR2496709	SE	3	4	2	16	4	314573024	334233784	19660760	70217	0.942138
SRR2496709	SE	3	4	3	22	4	432537864	452198624	19660760	70217	0.752097
SRR2496709	SE	3	4	4	28	4	550502424	570163464	19661040	70218	0.805084
SRR2496709	SE	3	4	5	34	4	668467264	688128024	19660760	70217	0.829076
SRR2496709	SE	3	4	6	40	4	786432104	806092864	19660760	70217	0.743588
SRR2496709	SE	3	4	7	46	4	904396944	924057704	19660760	70217	0.690071
SRR2496709	SE	3	4	8	52	4	1022361784	1042022544	19660760	70217	0.973912
SRR2496709	SE	3	4	9	58	4	1140326624	1159987384	19660760	70217	0.846738
SRR2496709	SE	3	4	10	64	4	1258291464	1277952224	19660760	70217	0.866647
SRR2496709	SE	3	4	11	70	4	1376256024	1395917064	19661040	70218	1.117621
SRR2496709	SE	3	4	12	76	4	1494220864	1513881624	19660760	70217	0.72279
SRR2496709	SE	3	4	13	82	4	1612185704	1631846464	19660760	70217	0.903477
SRR2496709	SE	3	4	14	88	4	1730150544	1749811304	19660760	70217	0.938572
SRR2496709	SE	3	4	15	94	4	1848115384	1867776144	19660760	70217	0.79958
SRR2496709	SE	3	4	16	100	4	1966080224	1985740984	19660760	70217	2.231607
SRR2496709	SE	3	4	17	106	4	2084045064	2103705824	19660760	70217	0.885812
SRR2496709	SE	3	5	0	5	5	98304240	117964824	19660584	71234	1.382098
SRR2496709	SE	3	5	1	11	5	216268848	235929708	19660860	71235	0.73956
SRR2496709	SE	3	5	2	17	5	334233784	353894544	19660760	70217	0.771498
SRR2496709	SE	3	5	3	23	5	452198624	471859384	19660760	70217	0.745974
SRR2496709	SE	3	5	4	29	5	570163464	589824224	19660760	70217	0.874248
SRR2496709	SE	3	5	5	35	5	688128024	707789064	19661040	70218	0.886364
SRR2496709	SE	3	5	6	41	5	806092864	825753624	19660760	70217	0.831526
SRR2496709	SE	3	5	7	47	5	924057704	943718464	19660760	70217	0.862696
SRR2496709	SE	3	5	8	53	5	1042022544	1061683304	19660760	70217	0.798275
SRR2496709	SE	3	5	9	59	5	1159987384	1179648144	19660760	70217	0.936776
SRR2496709	SE	3	5	10	65	5	1277952224	1297612984	19660760	70217	0.681973
SRR2496709	SE	3	5	11	71	5	1395917064	1415577824	19660760	70217	0.721914
SRR2496709	SE	3	5	12	77	5	1513881624	1533542664	19661040	70218	0.768507
SRR2496709	SE	3	5	13	83	5	1631846464	1651507224	19660760	70217	0.799018
SRR2496709	SE	3	5	14	89	5	1749811304	1769472064	19660760	70217	1.519496
SRR2496709	SE	3	5	15	95	5	1867776144	1887436904	19660760	70217	0.744263
SRR2496709	SE	3	5	16	101	5	1985740984	2005401744	19660760	70217	0.649374
SRR2496709	SE	3	5	17	107	5	2103705824	2123366584	19660760	70217	0.824123
SRR2496709	SE	3	-1	19	118	4	2319974464	2339635224	19660760	70217	0.762442
SRR2496709	SE	3	-1	20	124	4	2437939304	2457600064	19660760	70217	0.737765
SRR2496709	SE	3	-1	21	130	4	2555904144	2575564904	19660760	70217	0.725737
SRR2496709	SE	3	-1	22	136	4	2673868984	2693529744	19660760	70217	1.003831
SRR2496709	SE	3	-1	23	142	4	2791833824	2811494520	19660696	69415	0.646076
SRR2496709	SE	3	-1	24	148	4	2909798564	2929459316	19660752	69228	0.66427
SRR2496709	SE	3	-1	25	154	4	3027763360	3047424112	19660752	69228	0.785506
SRR2496709	SE	3	-1	26	160	4	3145728156	3165388908	19660752	69228	0.642927
SRR2496709	SE	3	-1	27	166	4	3189964848	3194880036	4915188	17307	0.218927
SRR2496709	SE	3	-1	28	172	4	3219456260	3224371448	4915188	17307	0.206687
SRR2496709	SE	3	-1	29	178	4	3248947388	3253862576	4915188	17307	0.233785
SRR2496709	SE	3	-1	30	184	4	3278438516	3283353704	4915188	17307	0.185886
SRR2496709	SE	3	-1	31	190	4	3307929644	3312844832	4915188	17307	0.185873
SRR2496709	SE	3	-1	32	196	4	3337421056	3342336244	4915188	17307	0.206677
SRR2496709	SE	3	-1	33	202	4	3366912184	3371827372	4915188	17307	0.195743
SRR2496709	SE	3	-1	34	208	4	3396403312	3401318500	4915188	17307	0.180906
SRR2496709	SE	3	-1	35	214	4	3425894440	3430809628	4915188	17307	0.205451
SRR2496709	SE	3	-1	36	220	4	3455385852	3460301040	4915188	17307	0.261588
SRR2496709	SE	3	-1	37	226	4	3484876980	3489792168	4915188	17307	0.209012
SRR2496709	SE	3	-1	38	232	4	3514368108	3519283296	4915188	17307	0.193198
SRR2496709	SE	3	-1	19	119	5	2339635224	2359296264	19661040	70218	0.844141
SRR2496709	SE	3	-1	20	125	5	2457600064	2477260824	19660760	70217	0.66321
SRR2496709	SE	3	-1	21	131	5	2575564904	2595225664	19660760	70217	0.752571
SRR2496709	SE	3	-1	22	137	5	2693529744	2713190504	19660760	70217	1.094051
SRR2496709	SE	3	-1	23	143	5	2811494520	2831155272	19660752	69228	0.856762
SRR2496709	SE	3	-1	24	149	5	2929459316	2949120068	19660752	69228	0.736555
SRR2496709	SE	3	-1	25	155	5	3047424112	3067084864	19660752	69228	0.64614
SRR2496709	SE	3	-1	26	161	5	3165388908	3170304096	4915188	17307	0.200546
SRR2496709	SE	3	-1	27	167	5	3194880036	3199795224	4915188	17307	0.212057
SRR2496709	SE	3	-1	28	173	5	3224371448	3229286636	4915188	17307	0.19333
SRR2496709	SE	3	-1	29	179	5	3253862576	3258777764	4915188	17307	0.20798
SRR2496709	SE	3	-1	30	185	5	3283353704	3288268892	4915188	17307	0.203472
SRR2496709	SE	3	-1	31	191	5	3312844832	3317760020	4915188	17307	0.191332
SRR2496709	SE	3	-1	32	197	5	3342336244	3347251432	4915188	17307	0.232508
SRR2496709	SE	3	-1	33	203	5	3371827372	3376742560	4915188	17307	0.208155
SRR2496709	SE	3	-1	34	209	5	3401318500	3406233688	4915188	17307	0.242558
SRR2496709	SE	3	-1	35	215	5	3430809628	3435724816	4915188	17307	0.185383
SRR2496709	SE	3	-1	36	221	5	3460301040	3465216228	4915188	17307	0.188535
SRR2496709	SE	3	-1	37	227	5	3489792168	3494707356	4915188	17307	0.228308
SRR2496709	SE	3	-1	38	234	0	3524198484	3529113672	4915188	17307	0.241409
small_SRR7963242	PE	1	0	0	0	0	0	19661160	19661160	52972	10.354868
small_SRR7963242	PE	1	0	1	6	0	117965124	137625788	19660664	52289	6.637522
small_SRR7963242	PE	1	0	2	12	0	235929860	255590524	19660664	52289	6.89333
small_SRR7963242	PE	1	0	3	18	0	353894596	373555260	19660664	52289	6.720546
small_SRR7963242	PE	1	0	4	24	0	471859364	491520184	19660820	51739	6.919305
small_SRR7963242	PE	1	0	5	30	0	589824284	609485104	19660820	51739	6.643181
small_SRR7963242	PE	1	0	6	36	0	707788824	727449644	19660820	51739	6.942163
small_SRR7963242	PE	1	0	7	42	0	825753744	845414564	19660820	51739	6.820144
small_SRR7963242	PE	1	0	8	48	0	943718664	963379484	19660820	51739	7.238664
small_SRR7963242	PE	1	0	9	54	0	1061683204	1081344024	19660820	51739	7.238671
small_SRR7963242	PE	1	0	10	60	0	1179648124	1199308944	19660820	51739	7.23456
small_SRR7963242	PE	1	0	11	66	0	1297613044	1317273864	19660820	51739	6.910292
small_SRR7963242	PE	1	0	12	72	0	1415577964	1435238404	19660440	51738	7.303304
small_SRR7963242	PE	1	0	13	78	0	1533542504	1553203324	19660820	51739	7.150052
small_SRR7963242	PE	1	0	14	84	0	1651507424	1671168244	19660820	51739	6.912065
small_SRR7963242	PE	1	0	15	90	0	1769472344	1789133164	19660820	51739	6.919013
small_SRR7963242	PE	1	0	16	96	0	1887436884	1907097704	19660820	51739	7.226126
small_SRR7963242	PE	1	1	0	1	1	19661160	39321716	19660556	52789	8.502164
small_SRR7963242	PE	1	1	1	7	1	137625788	157286452	19660664	52289	6.99342
small_SRR7963242	PE	1	1	2	13	1	255590524	275251564	19661040	52290	7.004889
small_SRR7963242	PE	1	1	3	19	1	373555260	393216084	19660824	51795	6.723418
small_SRR7963242	PE	1	1	4	25	1	491520184	511181004	19660820	51739	6.686672
small_SRR7963242	PE	1	1	5	31	1	609485104	629145924	19660820	51739	7.575827
small_SRR7963242	PE	1	1	6	37	1	727449644	747110464	19660820	51739	7.050385
small_SRR7963242	PE	1	1	7	43	1	845414564	865075384	19660820	51739	7.034912
small_SRR7963242	PE	1	1	8	49	1	963379484	983040304	19660820	51739	6.712647
small_SRR7963242	PE	1	1	9	55	1	1081344024	1101004844	19660820	51739	7.077134
small_SRR7963242	PE	1	1	10	61	1	1199308944	1218969764	19660820	51739	7.453585
small_SRR7963242	PE	1	1	11	67	1	1317273864	1336934684	19660820	51739	6.657583
small_SRR7963242	PE	1	1	12	73	1	1435238404	1454899224	19660820	51739	6.797413
small_SRR7963242	PE	1	1	13	79	1	1553203324	1572864144	19660820	51739	7.057542
small_SRR7963242	PE	1	1	14	85	1	1671168244	1690829064	19660820	51739	6.768451
small_SRR7963242	PE	1	1	15	91	1	1789133164	1808793604	19660440	51738	6.955737
small_SRR7963242	PE	1	1	16	97	1	1907097704	1926758524	19660820	51739	6.644319
small_SRR7963242	PE	1	1	17	103	1	2025062624	2044723444	19660820	51739	6.995694
small_SRR7963242	PE	1	2	0	2	2	39321716	58982756	19661040	52290	9.06547
small_SRR7963242	PE	1	2	1	8	2	157286452	176947492	19661040	52290	6.632724
small_SRR7963242	PE	1	2	2	14	2	275251564	294912228	19660664	52289	6.940792
small_SRR7963242	PE	1	2	3	20	2	393216084	412876904	19660820	51739	6.865659
small_SRR7963242	PE	1	2	4	26	2	511181004	530841824	19660820	51739	6.996699
small_SRR7963242	PE	1	2	5	32	2	629145924	648806744	19660820	51739	6.537385
small_SRR7963242	PE	1	2	6	38	2	747110464	766771284	19660820	51739	7.115471
small_SRR7963242	PE	1	2	7	44	2	865075384	884736204	19660820	51739	6.624959
small_SRR7963242	PE	1	2	8	50	2	983040304	1002701124	19660820	51739	7.271631
small_SRR7963242	PE	1	2	9	56	2	1101004844	1120665664	19660820	51739	7.035871
small_SRR7963242	PE	1	2	10	62	2	1218969764	1238630584	19660820	51739	6.72251
small_SRR7963242	PE	1	2	11	68	2	1336934684	1356595504	19660820	51739	7.424815
small_SRR7963242	PE	1	2	12	74	2	1454899224	1474560044	19660820	51739	6.764227
small_SRR7963242	PE	1	2	13	80	2	1572864144	1592524964	19660820	51739	6.67618
small_SRR7963242	PE	1	2	14	86	2	1690829064	1710489884	19660820	51739	6.918918
small_SRR7963242	PE	1	2	15	92	2	1808793604	1828454424	19660820	51739	7.278357
small_SRR7963242	PE	1	2	16	98	2	1926758524	1946419344	19660820	51739	7.017888
small_SRR7963242	PE	1	2	17	104	2	2044723444	2064384264	19660820	51739	6.769857
small_SRR7963242	PE	1	2	18	108	0	2123366724	2143027544	19660820	51739	7.18294
small_SRR7963242	PE	1	2	19	114	0	2241331264	2260992084	19660820	51739	7.565687
small_SRR7963242	PE	1	2	20	120	0	2359296184	2378957004	19660820	51739	7.254083
small_SRR7963242	PE	1	2	21	126	0	2477261104	2496921924	19660820	51739	7.163111
small_SRR7963242	PE	1	2	22	132	0	2595225644	2614886464	19660820	51739	7.082488
small_SRR7963242	PE	1	2	23	138	0	2713190564	2732851384	19660820	51739	7.164597
small_SRR7963242	PE	1	2	24	144	0	2831155484	2850816304	19660820	51739	6.58573
small_SRR7963242	PE	1	2	25	150	0	2949120024	2968780844	19660820	51739	6.783672
small_SRR7963242	PE	1	2	26	156	0	3067084944	3086745764	19660820	51739	6.74714
small_SRR7963242	PE	1	2	27	162	0	3185049864	3204710684	19660820	51739	6.628068
small_SRR7963242	PE	1	2	28	168	0	3303014404	3322675224	19660820	51739	6.985192
small_SRR7963242	PE	1	2	29	174	0	3406233804	3411149104	4915300	12935	2.157146
small_SRR7963242	PE	1	2	30	180	0	3435724844	3440640144	4915300	12935	2.194928
small_SRR7963242	PE	1	2	31	186	0	3465216264	3470131564	4915300	12935	2.309376
small_SRR7963242	PE	1	2	32	192	0	3494707304	3499622604	4915300	12935	1.891686
small_SRR7963242	PE	1	2	33	198	0	3524198724	3529113644	4914920	12934	2.096081
small_SRR7963242	PE	1	2	34	204	0	3553689764	3558605064	4915300	12935	2.07781
small_SRR7963242	PE	1	2	35	210	0	3583180804	3588096104	4915300	12935	2.537552
small_SRR7963242	PE	1	2	36	216	0	3612672224	3617587524	4915300	12935	1.964419
small_SRR7963242	PE	1	2	37	222	0	3642163264	3647078564	4915300	12935	1.952744
small_SRR7963242	PE	1	2	38	228	0	3671654684	3676569604	4914920	12934	1.877684
small_SRR7963242	PE	1	2	39	234	0	3701145724	3706061024	4915300	12935	2.138017
small_SRR7963242	PE	1	2	40	240	0	3730637144	3735552064	4914920	12934	1.956519
small_SRR7963242	PE	1	2	41	246	0	3760128184	3765043484	4915300	12935	2.175159
small_SRR7963242	PE	1	2	42	252	0	3789619224	3794534524	4915300	12935	2.061734
small_SRR7963242	PE	1	2	19	115	1	2260992084	2280652904	19660820	51739	6.762199
small_SRR7963242	PE	1	2	20	121	1	2378957004	2398617824	19660820	51739	6.798588
small_SRR7963242	PE	1	2	21	127	1	2496921924	2516582744	19660820	51739	6.790975
small_SRR7963242	PE	1	2	22	133	1	2614886464	2634547284	19660820	51739	6.485799
small_SRR7963242	PE	1	2	23	139	1	2732851384	2752512204	19660820	51739	6.786305
small_SRR7963242	PE	1	2	24	145	1	2850816304	2870477124	19660820	51739	6.741415
small_SRR7963242	PE	1	2	25	151	1	2968780844	2988441664	19660820	51739	6.812777
small_SRR7963242	PE	1	2	26	157	1	3086745764	3106406584	19660820	51739	6.805035
small_SRR7963242	PE	1	2	27	163	1	3204710684	3224371504	19660820	51739	6.809166
small_SRR7963242	PE	1	2	28	169	1	3322675224	3342336044	19660820	51739	7.384334
small_SRR7963242	PE	1	2	29	175	1	3411149104	3416064024	4914920	12934	1.868209
small_SRR7963242	PE	1	2	30	181	1	3440640144	3445555444	4915300	12935	1.993361
small_SRR7963242	PE	1	2	31	187	1	3470131564	3475046484	4914920	12934	1.805139
small_SRR7963242	PE	1	2	32	193	1	3499622604	3504537904	4915300	12935	1.816958
small_SRR7963242	PE	1	2	33	199	1	3529113644	3534028944	4915300	12935	1.791623
small_SRR7963242	PE	1	2	34	205	1	3558605064	3563520364	4915300	12935	1.847701
small_SRR7963242	PE	1	2	35	211	1	3588096104	3593011404	4915300	12935	2.123975
small_SRR7963242	PE	1	2	36	217	1	3617587524	3622502444	4914920	12934	1.981575
small_SRR7963242	PE	1	2	37	223	1	3647078564	3651993864	4915300	12935	1.831825
small_SRR7963242	PE	1	2	38	229	1	3676569604	3681484904	4915300	12935	2.071474
small_SRR7963242	PE	1	2	39	235	1	3706061024	3710976324	4915300	12935	1.985493
small_SRR7963242	PE	1	2	40	241	1	3735552064	3740467364	4915300	12935	2.045044
small_SRR7963242	PE	1	2	41	247	1	3765043484	3769958404	4914920	12934	1.948991
small_SRR7963242	PE	1	2	42	253	1	3794534524	3795555588	1021064	2687	1.12821
small_SRR7963242	PE	1	2	19	116	2	2280652904	2300313724	19660820	51739	6.919044
small_SRR7963242	PE	1	2	20	122	2	2398617824	2418278644	19660820	51739	6.910855
small_SRR7963242	PE	1	2	21	128	2	2516582744	2536243564	19660820	51739	6.997683
small_SRR7963242	PE	1	2	22	134	2	2634547284	2654208104	19660820	51739	6.946042
small_SRR7963242	PE	1	2	23	140	2	2752512204	2772173024	19660820	51739	6.703549
small_SRR7963242	PE	1	2	24	146	2	2870477124	2890137944	19660820	51739	7.063319
small_SRR7963242	PE	1	2	25	152	2	2988441664	3008102484	19660820	51739	7.275153
small_SRR7963242	PE	1	2	26	158	2	3106406584	3126067404	19660820	51739	7.007933
small_SRR7963242	PE	1	2	27	164	2	3224371504	3244032324	19660820	51739	6.922505
small_SRR7963242	PE	1	2	28	170	2	3342336044	3361996864	19660820	51739	6.991629
small_SRR7963242	PE	1	2	29	176	2	3416064024	3420979324	4915300	12935	1.776828
small_SRR7963242	PE	1	2	30	182	2	3445555444	3450470744	4915300	12935	1.810832
small_SRR7963242	PE	1	2	31	188	2	3475046484	3479961784	4915300	12935	1.804367
small_SRR7963242	PE	1	2	32	194	2	3504537904	3509452824	4914920	12934	1.827623
small_SRR7963242	PE	1	2	33	200	2	3534028944	3538944244	4915300	12935	1.802449
small_SRR7963242	PE	1	2	34	206	2	3563520364	3568435284	4914920	12934	1.922847
small_SRR7963242	PE	1	2	35	212	2	3593011404	3597926704	4915300	12935	1.968098
small_SRR7963242	PE	1	2	36	218	2	3622502444	3627417744	4915300	12935	2.094226
small_SRR7963242	PE	1	2	37	224	2	3651993864	3656909164	4915300	12935	1.99122
small_SRR7963242	PE	1	2	38	230	2	3681484904	3686400204	4915300	12935	2.055202
small_SRR7963242	PE	1	2	39	236	2	3710976324	3715891244	4914920	12934	1.864667
small_SRR7963242	PE	1	2	40	242	2	3740467364	3745382664	4915300	12935	1.983739
small_SRR7963242	PE	1	2	41	248	2	3769958404	3774873704	4915300	12935	1.967926
small_SRR7963242	PE	1	3	0	3	3	58982756	78643420	19660664	52289	8.354549
small_SRR7963242	PE	1	3	1	9	3	176947492	196608156	19660664	52289	6.893091
small_SRR7963242	PE	1	3	2	15	3	294912228	314572892	19660664	52289	6.75218
small_SRR7963242	PE	1	3	3	21	3	412876904	432537724	19660820	51739	6.525582
small_SRR7963242	PE	1	3	4	27	3	530841824	550502644	19660820	51739	6.886166
small_SRR7963242	PE	1	3	5	33	3	648806744	668467564	19660820	51739	6.912398
small_SRR7963242	PE	1	3	6	39	3	766771284	786432104	19660820	51739	7.21452
small_SRR7963242	PE	1	3	7	45	3	884736204	904397024	19660820	51739	6.699323
small_SRR7963242	PE	1	3	8	51	3	1002701124	1022361944	19660820	51739	6.799811
small_SRR7963242	PE	1	3	9	57	3	1120665664	1140326484	19660820	51739	6.888759
small_SRR7963242	PE	1	3	10	63	3	1238630584	1258291404	19660820	51739	6.998188
small_SRR7963242	PE	1	3	11	69	3	1356595504	1376256324	19660820	51739	6.87239
small_SRR7963242	PE	1	3	12	75	3	1474560044	1494220864	19660820	51739	6.772462
small_SRR7963242	PE	1	3	13	81	3	1592524964	1612185784	19660820	51739	6.666041
small_SRR7963242	PE	1	3	14	87	3	1710489884	1730150704	19660820	51739	6.819974
small_SRR7963242	PE	1	3	15	93	3	1828454424	1848115244	19660820	51739	6.852644
small_SRR7963242	PE	1	3	16	99	3	1946419344	1966080164	19660820	51739	7.150784
small_SRR7963242	PE	1	3	17	105	3	2064384264	2084045084	19660820	51739	7.594384
small_SRR7963242	PE	1	3	18	111	3	2182348804	2202009624	19660820	51739	6.662802
small_SRR7963242	PE	1	3	19	117	3	2300313724	2319974544	19660820	51739	6.719108
small_SRR7963242	PE	1	3	20	123	3	2418278644	2437939464	19660820	51739	6.891668
small_SRR7963242	PE	1	3	21	129	3	2536243564	2555904004	19660440	51738	6.943488
small_SRR7963242	PE	1	3	22	135	3	2654208104	2673868924	19660820	51739	7.512329
small_SRR7963242	PE	1	3	23	141	3	2772173024	2791833844	19660820	51739	6.925168
small_SRR7963242	PE	1	3	24	147	3	2890137944	2909798764	19660820	51739	6.662496
small_SRR7963242	PE	1	3	25	153	3	3008102484	3027763304	19660820	51739	6.926688
small_SRR7963242	PE	1	3	26	159	3	3126067404	3145728224	19660820	51739	6.778986
small_SRR7963242	PE	1	3	27	165	3	3244032324	3263693144	19660820	51739	6.888326
small_SRR7963242	PE	1	3	28	171	3	3361996864	3381657684	19660820	51739	7.15408
small_SRR7963242	PE	1	3	29	177	3	3420979324	3425894624	4915300	12935	1.97235
small_SRR7963242	PE	1	3	30	183	3	3450470744	3455385664	4914920	12934	2.185313
small_SRR7963242	PE	1	3	31	189	3	3479961784	3484877084	4915300	12935	1.792487
small_SRR7963242	PE	1	3	32	195	3	3509452824	3514368124	4915300	12935	1.915622
small_SRR7963242	PE	1	3	33	201	3	3538944244	3543859544	4915300	12935	1.994804
small_SRR7963242	PE	1	3	34	207	3	3568435284	3573350584	4915300	12935	2.220161
small_SRR7963242	PE	1	3	35	213	3	3597926704	3602841624	4914920	12934	1.930665
small_SRR7963242	PE	1	3	36	219	3	3627417744	3632333044	4915300	12935	1.826969
small_SRR7963242	PE	1	3	37	225	3	3656909164	3661824084	4914920	12934	1.827766
small_SRR7963242	PE	1	3	38	231	3	3686400204	3691315504	4915300	12935	2.178279
small_SRR7963242	PE	1	3	39	237	3	3715891244	3720806544	4915300	12935	2.025215
small_SRR7963242	PE	1	3	40	243	3	3745382664	3750297964	4915300	12935	1.903962
small_SRR7963242	PE	1	3	41	249	3	3774873704	3779789004	4915300	12935	2.194057
small_SRR7963242	PE	1	4	0	4	4	78643420	98304084	19660664	52289	8.409274
small_SRR7963242	PE	1	4	1	10	4	196608156	216268820	19660664	52289	7.074986
small_SRR7963242	PE	1	4	2	16	4	314572892	334233932	19661040	52290	6.865648
small_SRR7963242	PE	1	4	3	22	4	432537724	452198544	19660820	51739	6.791916
small_SRR7963242	PE	1	4	4	28	4	550502644	570163464	19660820	51739	6.631045
small_SRR7963242	PE	1	4	5	34	4	668467564	688128004	19660440	51738	6.999195
small_SRR7963242	PE	1	4	6	40	4	786432104	806092924	19660820	51739	6.831335
small_SRR7963242	PE	1	4	7	46	4	904397024	924057844	19660820	51739	6.940353
small_SRR7963242	PE	1	4	8	52	4	1022361944	1042022764	19660820	51739	7.058914
small_SRR7963242	PE	1	4	9	58	4	1140326484	1159987304	19660820	51739	7.190578
small_SRR7963242	PE	1	4	10	64	4	1258291404	1277952224	19660820	51739	6.936375
small_SRR7963242	PE	1	4	11	70	4	1376256324	1395917144	19660820	51739	6.820397
small_SRR7963242	PE	1	4	12	76	4	1494220864	1513881684	19660820	51739	6.880079
small_SRR7963242	PE	1	4	13	82	4	1612185784	1631846604	19660820	51739	6.895415
small_SRR7963242	PE	1	4	14	88	4	1730150704	1749811524	19660820	51739	6.555554
small_SRR7963242	PE	1	4	15	94	4	1848115244	1867776064	19660820	51739	6.779462
small_SRR7963242	PE	1	4	16	100	4	1966080164	1985740984	19660820	51739	6.822521
small_SRR7963242	PE	1	4	17	106	4	2084045084	2103705904	19660820	51739	6.691068
small_SRR7963242	PE	1	5	0	5	5	98304084	117965124	19661040	52290	8.223736
small_SRR7963242	PE	1	5	1	11	5	216268820	235929860	19661040	52290	6.9885
small_SRR7963242	PE	1	5	2	17	5	334233932	353894596	19660664	52289	7.10837
small_SRR7963242	PE	1	5	3	23	5	452198544	471859364	19660820	51739	6.971093
small_SRR7963242	PE	1	5	4	29	5	570163464	589824284	19660820	51739	6.71503
small_SRR7963242	PE	1	5	5	35	5	688128004	707788824	19660820	51739	6.559904
small_SRR7963242	PE	1	5	6	41	5	806092924	825753744	19660820	51739	6.947138
small_SRR7963242	PE	1	5	7	47	5	924057844	943718664	19660820	51739	7.033481
small_SRR7963242	PE	1	5	8	53	5	1042022764	1061683204	19660440	51738	7.93311
small_SRR7963242	PE	1	5	9	59	5	1159987304	1179648124	19660820	51739	7.429079
small_SRR7963242	PE	1	5	10	65	5	1277952224	1297613044	19660820	51739	7.903087
small_SRR7963242	PE	1	5	11	71	5	1395917144	1415577964	19660820	51739	7.51494
small_SRR7963242	PE	1	5	12	77	5	1513881684	1533542504	19660820	51739	7.061033
small_SRR7963242	PE	1	5	13	83	5	1631846604	1651507424	19660820	51739	6.619016
small_SRR7963242	PE	1	5	14	89	5	1749811524	1769472344	19660820	51739	6.970354
small_SRR7963242	PE	1	5	15	95	5	1867776064	1887436884	19660820	51739	6.873028
small_SRR7963242	PE	1	5	16	101	5	1985740984	2005401804	19660820	51739	6.704897
small_SRR7963242	PE	1	5	17	107	5	2103705904	2123366724	19660820	51739	6.7931
small_SRR7963242	PE	1	5	18	113	4	2202009624	2221670444	19660820	51739	6.794666
small_SRR7963242	PE	1	5	19	118	4	2319974544	2339635364	19660820	51739	7.198136
small_SRR7963242	PE	1	5	20	124	4	2437939464	2457600284	19660820	51739	6.871938
small_SRR7963242	PE	1	5	21	130	4	2555904004	2575564824	19660820	51739	6.72214
small_SRR7963242	PE	1	5	22	136	4	2673868924	2693529744	19660820	51739	6.740144
small_SRR7963242	PE	1	5	23	142	4	2791833844	2811494664	19660820	51739	6.860742
small_SRR7963242	PE	1	5	24	148	4	2909798764	2929459204	19660440	51738	7.120618
small_SRR7963242	PE	1	5	25	154	4	3027763304	3047424124	19660820	51739	7.046807
small_SRR7963242	PE	1	5	26	160	4	3145728224	3165389044	19660820	51739	6.784924
small_SRR7963242	PE	1	5	27	166	4	3263693144	3283353964	19660820	51739	6.992449
small_SRR7963242	PE	1	5	28	172	4	3381657684	3401318504	19660820	51739	6.989539
small_SRR7963242	PE	1	5	29	178	4	3425894624	3430809924	4915300	12935	2.306234
small_SRR7963242	PE	1	5	30	184	4	3455385664	3460300964	4915300	12935	2.120872
small_SRR7963242	PE	1	5	31	190	4	3484877084	3489792004	4914920	12934	1.981317
small_SRR7963242	PE	1	5	32	196	4	3514368124	3519283424	4915300	12935	1.80912
small_SRR7963242	PE	1	5	33	202	4	3543859544	3548774464	4914920	12934	1.899852
small_SRR7963242	PE	1	5	34	208	4	3573350584	3578265884	4915300	12935	1.876552
small_SRR7963242	PE	1	5	35	214	4	3602841624	3607756924	4915300	12935	1.933065
small_SRR7963242	PE	1	5	36	220	4	3632333044	3637248344	4915300	12935	2.143779
small_SRR7963242	PE	1	5	37	226	4	3661824084	3666739384	4915300	12935	1.778732
small_SRR7963242	PE	1	5	38	232	4	3691315504	3696230424	4914920	12934	1.884132
small_SRR7963242	PE	1	5	39	238	4	3720806544	3725721844	4915300	12935	1.899187
small_SRR7963242	PE	1	5	40	244	4	3750297964	3755212884	4914920	12934	2.172166
small_SRR7963242	PE	1	5	41	250	4	3779789004	3784704304	4915300	12935	2.055991
small_SRR7963242	PE	1	5	19	119	5	2339635364	2359296184	19660820	51739	7.127563
small_SRR7963242	PE	1	5	20	125	5	2457600284	2477261104	19660820	51739	7.258136
small_SRR7963242	PE	1	5	21	131	5	2575564824	2595225644	19660820	51739	7.611521
small_SRR7963242	PE	1	5	22	137	5	2693529744	2713190564	19660820	51739	7.272763
small_SRR7963242	PE	1	5	23	143	5	2811494664	2831155484	19660820	51739	7.434364
small_SRR7963242	PE	1	5	24	149	5	2929459204	2949120024	19660820	51739	7.410362
small_SRR7963242	PE	1	5	25	155	5	3047424124	3067084944	19660820	51739	7.361182
small_SRR7963242	PE	1	5	26	161	5	3165389044	3185049864	19660820	51739	7.784184
small_SRR7963242	PE	1	5	27	167	5	3283353964	3303014404	19660440	51738	6.913365
small_SRR7963242	PE	1	5	28	173	5	3401318504	3406233804	4915300	12935	2.088509
small_SRR7963242	PE	1	5	29	179	5	3430809924	3435724844	4914920	12934	1.904337
small_SRR7963242	PE	1	5	30	185	5	3460300964	3465216264	4915300	12935	1.740801
small_SRR7963242	PE	1	5	31	191	5	3489792004	3494707304	4915300	12935	2.170481
small_SRR7963242	PE	1	5	32	197	5	3519283424	3524198724	4915300	12935	2.031006
small_SRR7963242	PE	1	5	33	203	5	3548774464	3553689764	4915300	12935	2.041962
small_SRR7963242	PE	1	5	34	209	5	3578265884	3583180804	4914920	12934	1.938631
small_SRR7963242	PE	1	5	35	215	5	3607756924	3612672224	4915300	12935	2.007211
small_SRR7963242	PE	1	5	36	221	5	3637248344	3642163264	4914920	12934	1.827422
small_SRR7963242	PE	1	5	37	227	5	3666739384	3671654684	4915300	12935	2.267863
small_SRR7963242	PE	1	5	38	233	5	3696230424	3701145724	4915300	12935	2.031823
small_SRR7963242	PE	1	5	39	239	5	3725721844	3730637144	4915300	12935	1.824118
small_SRR7963242	PE	1	5	40	245	5	3755212884	3760128184	4915300	12935	1.949205
small_SRR7963242	PE	1	5	41	251	5	3784704304	3789619224	4914920	12934	2.28528
small_SRR7963242	PE	2	0	0	0	0	0	19661160	19661160	52972	10.273796
small_SRR7963242	PE	2	0	1	6	0	117965124	137625788	19660664	52289	6.612834
small_SRR7963242	PE	2	0	2	12	0	235929860	255590524	19660664	52289	6.922853
small_SRR7963242	PE	2	0	3	18	0	353894596	373555260	19660664	52289	6.746695
small_SRR7963242	PE	2	0	4	24	0	471859364	491520184	19660820	51739	6.759825
small_SRR7963242	PE	2	0	5	30	0	589824284	609485104	19660820	51739	6.635607
small_SRR7963242	PE	2	0	6	36	0	707788824	727449644	19660820	51739	7.177709
small_SRR7963242	PE	2	0	7	42	0	825753744	845414564	19660820	51739	6.909022
small_SRR7963242	PE	2	0	8	48	0	943718664	963379484	19660820	51739	7.008939
small_SRR7963242	PE	2	0	9	54	0	1061683204	1081344024	19660820	51739	7.536922
small_SRR7963242	PE	2	0	10	60	0	1179648124	1199308944	19660820	51739	7.413058
small_SRR7963242	PE	2	0	11	66	0	1297613044	1317273864	19660820	51739	6.997769
small_SRR7963242	PE	2	0	12	72	0	1415577964	1435238404	19660440	51738	6.873507
small_SRR7963242	PE	2	0	13	78	0	1533542504	1553203324	19660820	51739	6.824236
small_SRR7963242	PE	2	0	14	84	0	1651507424	1671168244	19660820	51739	6.993139
small_SRR7963242	PE	2	0	15	90	0	1769472344	1789133164	19660820	51739	6.799282
small_SRR7963242	PE	2	0	16	96	0	1887436884	1907097704	19660820	51739	7.061871
small_SRR7963242	PE	2	0	17	102	0	2005401804	2025062624	19660820	51739	6.748063
small_SRR7963242	PE	2	0	18	108	0	2123366724	2143027544	19660820	51739	6.742338
small_SRR7963242	PE	2	0	19	114	0	2241331264	2260992084	19660820	51739	7.138529
small_SRR7963242	PE	2	0	20	120	0	2359296184	2378957004	19660820	51739	7.069848
small_SRR7963242	PE	2	0	21	126	0	2477261104	2496921924	19660820	51739	6.900382
small_SRR7963242	PE	2	0	22	132	0	2595225644	2614886464	19660820	51739	6.913672
small_SRR7963242	PE	2	0	23	138	0	2713190564	2732851384	19660820	51739	7.164385
small_SRR7963242	PE	2	0	24	144	0	2831155484	2850816304	19660820	51739	6.606967
small_SRR7963242	PE	2	0	25	150	0	2949120024	2968780844	19660820	51739	6.80019
small_SRR7963242	PE	2	0	26	156	0	3067084944	3086745764	19660820	51739	6.7542
small_SRR7963242	PE	2	0	27	162	0	3185049864	3204710684	19660820	51739	6.712526
small_SRR7963242	PE	2	0	28	168	0	3303014404	3322675224	19660820	51739	6.940357
small_SRR7963242	PE	2	0	29	174	0	3406233804	3411149104	4915300	12935	2.189959
small_SRR7963242	PE	2	0	30	180	0	3435724844	3440640144	4915300	12935	2.209869
small_SRR7963242	PE	2	0	31	186	0	3465216264	3470131564	4915300	12935	2.281753
small_SRR7963242	PE	2	0	32	192	0	3494707304	3499622604	4915300	12935	1.884071
small_SRR7963242	PE	2	0	33	198	0	3524198724	3529113644	4914920	12934	2.123993
small_SRR7963242	PE	2	0	34	204	0	3553689764	3558605064	4915300	12935	2.078836
small_SRR7963242	PE	2	0	35	210	0	3583180804	3588096104	4915300	12935	2.542489
small_SRR7963242	PE	2	0	36	216	0	3612672224	3617587524	4915300	12935	1.955677
small_SRR7963242	PE	2	0	37	222	0	3642163264	3647078564	4915300	12935	1.95938
small_SRR7963242	PE	2	0	38	228	0	3671654684	3676569604	4914920	12934	1.865555
small_SRR7963242	PE	2	0	39	234	0	3701145724	3706061024	4915300	12935	2.137248
small_SRR7963242	PE	2	0	40	240	0	3730637144	3735552064	4914920	12934	1.947777
small_SRR7963242	PE	2	0	41	246	0	3760128184	3765043484	4915300	12935	2.159166
small_SRR7963242	PE	2	1	0	1	1	19661160	39321716	19660556	52789	8.510036
small_SRR7963242	PE	2	1	1	7	1	137625788	157286452	19660664	52289	7.009693
small_SRR7963242	PE	2	1	2	13	1	255590524	275251564	19661040	52290	7.009281
small_SRR7963242	PE	2	1	3	19	1	373555260	393216084	19660824	51795	6.701674
small_SRR7963242	PE	2	1	4	25	1	491520184	511181004	19660820	51739	6.67481
small_SRR7963242	PE	2	1	5	31	1	609485104	629145924	19660820	51739	7.575237
small_SRR7963242	PE	2	1	6	37	1	727449644	747110464	19660820	51739	6.783511
small_SRR7963242	PE	2	1	7	43	1	845414564	865075384	19660820	51739	7.019707
small_SRR7963242	PE	2	1	8	49	1	963379484	983040304	19660820	51739	6.740724
small_SRR7963242	PE	2	1	9	55	1	1081344024	1101004844	19660820	51739	7.087135
small_SRR7963242	PE	2	1	10	61	1	1199308944	1218969764	19660820	51739	6.839629
small_SRR7963242	PE	2	1	11	67	1	1317273864	1336934684	19660820	51739	6.682647
small_SRR7963242	PE	2	1	12	73	1	1435238404	1454899224	19660820	51739	6.800034
small_SRR7963242	PE	2	1	13	79	1	1553203324	1572864144	19660820	51739	6.796804
small_SRR7963242	PE	2	1	14	85	1	1671168244	1690829064	19660820	51739	6.780021
small_SRR7963242	PE	2	1	15	91	1	1789133164	1808793604	19660440	51738	6.923084
small_SRR7963242	PE	2	1	16	97	1	1907097704	1926758524	19660820	51739	6.673874
small_SRR7963242	PE	2	1	17	103	1	2025062624	2044723444	19660820	51739	7.030671
small_SRR7963242	PE	2	1	18	109	1	2143027544	2162688364	19660820	51739	6.945963
small_SRR7963242	PE	2	1	19	115	1	2260992084	2280652904	19660820	51739	6.709184
small_SRR7963242	PE	2	1	20	121	1	2378957004	2398617824	19660820	51739	6.865397
small_SRR7963242	PE	2	1	21	127	1	2496921924	2516582744	19660820	51739	6.738811
small_SRR7963242	PE	2	1	22	133	1	2614886464	2634547284	19660820	51739	6.507864
small_SRR7963242	PE	2	1	23	139	1	2732851384	2752512204	19660820	51739	7.189599
small_SRR7963242	PE	2	1	24	145	1	2850816304	2870477124	19660820	51739	7.244313
small_SRR7963242	PE	2	1	25	151	1	2968780844	2988441664	19660820	51739	6.834823
small_SRR7963242	PE	2	1	26	157	1	3086745764	3106406584	19660820	51739	6.746572
small_SRR7963242	PE	2	1	27	163	1	3204710684	3224371504	19660820	51739	6.824686
small_SRR7963242	PE	2	1	28	169	1	3322675224	3342336044	19660820	51739	6.724255
small_SRR7963242	PE	2	1	29	175	1	3411149104	3416064024	4914920	12934	1.891093
small_SRR7963242	PE	2	1	30	181	1	3440640144	3445555444	4915300	12935	1.98543
small_SRR7963242	PE	2	1	31	187	1	3470131564	3475046484	4914920	12934	1.816336
small_SRR7963242	PE	2	1	32	193	1	3499622604	3504537904	4915300	12935	1.806441
small_SRR7963242	PE	2	1	33	199	1	3529113644	3534028944	4915300	12935	1.790906
small_SRR7963242	PE	2	1	34	205	1	3558605064	3563520364	4915300	12935	1.839759
small_SRR7963242	PE	2	1	35	211	1	3588096104	3593011404	4915300	12935	2.117075
small_SRR7963242	PE	2	1	36	217	1	3617587524	3622502444	4914920	12934	1.982121
small_SRR7963242	PE	2	1	37	223	1	3647078564	3651993864	4915300	12935	1.828519
small_SRR7963242	PE	2	1	38	229	1	3676569604	3681484904	4915300	12935	2.068747
small_SRR7963242	PE	2	1	39	235	1	3706061024	3710976324	4915300	12935	1.990319
small_SRR7963242	PE	2	1	40	241	1	3735552064	3740467364	4915300	12935	2.061298
small_SRR7963242	PE	2	1	41	247	1	3765043484	3769958404	4914920	12934	1.946496
small_SRR7963242	PE	2	2	0	2	2	39321716	58982756	19661040	52290	8.948543
small_SRR7963242	PE	2	2	1	8	2	157286452	176947492	19661040	52290	6.688641
small_SRR7963242	PE	2	2	2	14	2	275251564	294912228	19660664	52289	6.930715
small_SRR7963242	PE	2	2	3	20	2	393216084	412876904	19660820	51739	7.04208
small_SRR7963242	PE	2	2	4	26	2	511181004	530841824	19660820	51739	6.744707
small_SRR7963242	PE	2	2	5	32	2	629145924	648806744	19660820	51739	6.491469
small_SRR7963242	PE	2	2	6	38	2	747110464	766771284	19660820	51739	7.022431
small_SRR7963242	PE	2	2	7	44	2	865075384	884736204	19660820	51739	6.536434
small_SRR7963242	PE	2	2	8	50	2	983040304	1002701124	19660820	51739	7.667006
small_SRR7963242	PE	2	2	9	56	2	1101004844	1120665664	19660820	51739	7.033634
small_SRR7963242	PE	2	2	10	62	2	1218969764	1238630584	19660820	51739	6.702652
small_SRR7963242	PE	2	2	11	68	2	1336934684	1356595504	19660820	51739	7.507365
small_SRR7963242	PE	2	2	12	74	2	1454899224	1474560044	19660820	51739	7.134474
small_SRR7963242	PE	2	2	13	80	2	1572864144	1592524964	19660820	51739	7.147583
small_SRR7963242	PE	2	2	14	86	2	1690829064	1710489884	19660820	51739	6.487503
small_SRR7963242	PE	2	2	15	92	2	1808793604	1828454424	19660820	51739	7.313522
small_SRR7963242	PE	2	2	16	98	2	1926758524	1946419344	19660820	51739	7.064274
small_SRR7963242	PE	2	2	17	104	2	2044723444	2064384264	19660820	51739	7.142164
small_SRR7963242	PE	2	2	18	110	2	2162688364	2182348804	19660440	51738	7.218667
small_SRR7963242	PE	2	2	19	116	2	2280652904	2300313724	19660820	51739	6.994677
small_SRR7963242	PE	2	2	20	122	2	2398617824	2418278644	19660820	51739	6.996254
small_SRR7963242	PE	2	2	21	128	2	2516582744	2536243564	19660820	51739	7.419481
small_SRR7963242	PE	2	2	22	134	2	2634547284	2654208104	19660820	51739	7.151652
small_SRR7963242	PE	2	2	23	140	2	2752512204	2772173024	19660820	51739	6.681218
small_SRR7963242	PE	2	2	24	146	2	2870477124	2890137944	19660820	51739	7.017571
small_SRR7963242	PE	2	2	25	152	2	2988441664	3008102484	19660820	51739	7.772288
small_SRR7963242	PE	2	2	26	158	2	3106406584	3126067404	19660820	51739	7.353586
small_SRR7963242	PE	2	2	27	164	2	3224371504	3244032324	19660820	51739	7.413338
small_SRR7963242	PE	2	3	0	3	3	58982756	78643420	19660664	52289	8.348809
small_SRR7963242	PE	2	3	1	9	3	176947492	196608156	19660664	52289	6.853726
small_SRR7963242	PE	2	3	2	15	3	294912228	314572892	19660664	52289	6.625104
small_SRR7963242	PE	2	3	3	21	3	412876904	432537724	19660820	51739	6.53798
small_SRR7963242	PE	2	3	4	27	3	530841824	550502644	19660820	51739	6.907874
small_SRR7963242	PE	2	3	5	33	3	648806744	668467564	19660820	51739	6.918518
small_SRR7963242	PE	2	3	6	39	3	766771284	786432104	19660820	51739	7.212874
small_SRR7963242	PE	2	3	7	45	3	884736204	904397024	19660820	51739	6.68138
small_SRR7963242	PE	2	3	8	51	3	1002701124	1022361944	19660820	51739	6.760267
small_SRR7963242	PE	2	3	9	57	3	1120665664	1140326484	19660820	51739	6.885449
small_SRR7963242	PE	2	3	10	63	3	1238630584	1258291404	19660820	51739	7.390744
small_SRR7963242	PE	2	3	11	69	3	1356595504	1376256324	19660820	51739	6.831575
small_SRR7963242	PE	2	3	12	75	3	1474560044	1494220864	19660820	51739	6.799229
small_SRR7963242	PE	2	3	13	81	3	1592524964	1612185784	19660820	51739	6.732158
small_SRR7963242	PE	2	3	14	87	3	1710489884	1730150704	19660820	51739	6.851161
small_SRR7963242	PE	2	3	15	93	3	1828454424	1848115244	19660820	51739	7.203145
small_SRR7963242	PE	2	3	16	99	3	1946419344	1966080164	19660820	51739	6.880771
small_SRR7963242	PE	2	3	17	105	3	2064384264	2084045084	19660820	51739	7.040521
small_SRR7963242	PE	2	3	29	176	2	3416064024	3420979324	4915300	12935	1.951933
small_SRR7963242	PE	2	3	30	182	2	3445555444	3450470744	4915300	12935	1.954851
small_SRR7963242	PE	2	3	31	188	2	3475046484	3479961784	4915300	12935	1.854094
small_SRR7963242	PE	2	3	32	194	2	3504537904	3509452824	4914920	12934	1.825215
small_SRR7963242	PE	2	3	33	200	2	3534028944	3538944244	4915300	12935	1.784467
small_SRR7963242	PE	2	3	34	206	2	3563520364	3568435284	4914920	12934	1.9167
small_SRR7963242	PE	2	3	35	212	2	3593011404	3597926704	4915300	12935	1.977765
small_SRR7963242	PE	2	3	36	218	2	3622502444	3627417744	4915300	12935	2.124411
small_SRR7963242	PE	2	3	37	224	2	3651993864	3656909164	4915300	12935	2.0336
small_SRR7963242	PE	2	3	38	230	2	3681484904	3686400204	4915300	12935	2.074189
small_SRR7963242	PE	2	3	39	236	2	3710976324	3715891244	4914920	12934	1.884589
small_SRR7963242	PE	2	3	40	242	2	3740467364	3745382664	4915300	12935	2.012646
small_SRR7963242	PE	2	3	41	248	2	3769958404	3774873704	4915300	12935	1.959926
small_SRR7963242	PE	2	3	19	117	3	2300313724	2319974544	19660820	51739	6.660396
small_SRR7963242	PE	2	3	20	123	3	2418278644	2437939464	19660820	51739	7.115697
small_SRR7963242	PE	2	3	21	129	3	2536243564	2555904004	19660440	51738	6.965214
small_SRR7963242	PE	2	3	22	135	3	2654208104	2673868924	19660820	51739	7.583783
small_SRR7963242	PE	2	3	23	141	3	2772173024	2791833844	19660820	51739	6.921358
small_SRR7963242	PE	2	3	24	147	3	2890137944	2909798764	19660820	51739	6.7183
small_SRR7963242	PE	2	3	25	153	3	3008102484	3027763304	19660820	51739	6.986944
small_SRR7963242	PE	2	3	26	159	3	3126067404	3145728224	19660820	51739	6.848335
small_SRR7963242	PE	2	3	27	165	3	3244032324	3263693144	19660820	51739	6.917304
small_SRR7963242	PE	2	3	28	171	3	3361996864	3381657684	19660820	51739	6.882197
small_SRR7963242	PE	2	3	29	177	3	3420979324	3425894624	4915300	12935	1.95586
small_SRR7963242	PE	2	3	30	183	3	3450470744	3455385664	4914920	12934	2.192818
small_SRR7963242	PE	2	3	31	189	3	3479961784	3484877084	4915300	12935	1.789796
small_SRR7963242	PE	2	3	32	195	3	3509452824	3514368124	4915300	12935	1.91431
small_SRR7963242	PE	2	3	33	201	3	3538944244	3543859544	4915300	12935	1.990392
small_SRR7963242	PE	2	3	34	207	3	3568435284	3573350584	4915300	12935	2.217867
small_SRR7963242	PE	2	3	35	213	3	3597926704	3602841624	4914920	12934	1.928298
small_SRR7963242	PE	2	3	36	219	3	3627417744	3632333044	4915300	12935	1.831041
small_SRR7963242	PE	2	3	37	225	3	3656909164	3661824084	4914920	12934	1.840751
small_SRR7963242	PE	2	3	38	231	3	3686400204	3691315504	4915300	12935	2.165938
small_SRR7963242	PE	2	3	39	237	3	3715891244	3720806544	4915300	12935	2.022733
small_SRR7963242	PE	2	3	40	243	3	3745382664	3750297964	4915300	12935	1.902328
small_SRR7963242	PE	2	3	41	249	3	3774873704	3779789004	4915300	12935	2.176969
small_SRR7963242	PE	2	4	0	4	4	78643420	98304084	19660664	52289	8.40421
small_SRR7963242	PE	2	4	1	10	4	196608156	216268820	19660664	52289	7.07346
small_SRR7963242	PE	2	4	2	16	4	314572892	334233932	19661040	52290	6.849097
small_SRR7963242	PE	2	4	3	22	4	432537724	452198544	19660820	51739	6.772872
small_SRR7963242	PE	2	4	4	28	4	550502644	570163464	19660820	51739	6.617658
small_SRR7963242	PE	2	4	5	34	4	668467564	688128004	19660440	51738	6.998181
small_SRR7963242	PE	2	4	6	40	4	786432104	806092924	19660820	51739	6.79374
small_SRR7963242	PE	2	4	7	46	4	904397024	924057844	19660820	51739	7.012343
small_SRR7963242	PE	2	4	8	52	4	1022361944	1042022764	19660820	51739	7.012315
small_SRR7963242	PE	2	4	9	58	4	1140326484	1159987304	19660820	51739	7.176697
small_SRR7963242	PE	2	4	10	64	4	1258291404	1277952224	19660820	51739	6.887083
small_SRR7963242	PE	2	4	11	70	4	1376256324	1395917144	19660820	51739	6.785253
small_SRR7963242	PE	2	4	12	76	4	1494220864	1513881684	19660820	51739	6.816868
small_SRR7963242	PE	2	4	13	82	4	1612185784	1631846604	19660820	51739	6.867661
small_SRR7963242	PE	2	4	14	88	4	1730150704	1749811524	19660820	51739	6.517832
small_SRR7963242	PE	2	4	15	94	4	1848115244	1867776064	19660820	51739	6.733484
small_SRR7963242	PE	2	4	16	100	4	1966080164	1985740984	19660820	51739	6.875426
small_SRR7963242	PE	2	4	17	106	4	2084045084	2103705904	19660820	51739	6.661761
small_SRR7963242	PE	2	5	0	5	5	98304084	117965124	19661040	52290	8.237354
small_SRR7963242	PE	2	5	1	11	5	216268820	235929860	19661040	52290	7.023888
small_SRR7963242	PE	2	5	2	17	5	334233932	353894596	19660664	52289	7.113829
small_SRR7963242	PE	2	5	3	23	5	452198544	471859364	19660820	51739	6.831882
small_SRR7963242	PE	2	5	4	29	5	570163464	589824284	19660820	51739	7.127362
small_SRR7963242	PE	2	5	5	35	5	688128004	707788824	19660820	51739	6.56466
small_SRR7963242	PE	2	5	6	41	5	806092924	825753744	19660820	51739	6.968399
small_SRR7963242	PE	2	5	7	47	5	924057844	943718664	19660820	51739	6.776695
small_SRR7963242	PE	2	5	8	53	5	1042022764	1061683204	19660440	51738	7.558133
small_SRR7963242	PE	2	5	9	59	5	1159987304	1179648124	19660820	51739	6.921178
small_SRR7963242	PE	2	5	10	65	5	1277952224	1297613044	19660820	51739	7.772279
small_SRR7963242	PE	2	5	11	71	5	1395917144	1415577964	19660820	51739	6.990005
small_SRR7963242	PE	2	5	12	77	5	1513881684	1533542504	19660820	51739	6.955881
small_SRR7963242	PE	2	5	13	83	5	1631846604	1651507424	19660820	51739	6.519769
small_SRR7963242	PE	2	5	14	89	5	1749811524	1769472344	19660820	51739	6.90938
small_SRR7963242	PE	2	5	15	95	5	1867776064	1887436884	19660820	51739	6.839174
small_SRR7963242	PE	2	5	16	101	5	1985740984	2005401804	19660820	51739	6.770597
small_SRR7963242	PE	2	5	17	107	5	2103705904	2123366724	19660820	51739	6.842408
small_SRR7963242	PE	2	5	18	113	4	2202009624	2221670444	19660820	51739	6.778878
small_SRR7963242	PE	2	5	19	118	4	2319974544	2339635364	19660820	51739	7.223323
small_SRR7963242	PE	2	5	20	124	4	2437939464	2457600284	19660820	51739	7.1847
small_SRR7963242	PE	2	5	21	130	4	2555904004	2575564824	19660820	51739	6.675212
small_SRR7963242	PE	2	5	22	136	4	2673868924	2693529744	19660820	51739	6.769271
small_SRR7963242	PE	2	5	23	142	4	2791833844	2811494664	19660820	51739	6.676936
small_SRR7963242	PE	2	5	24	148	4	2909798764	2929459204	19660440	51738	6.807619
small_SRR7963242	PE	2	5	25	154	4	3027763304	3047424124	19660820	51739	7.020271
small_SRR7963242	PE	2	5	26	160	4	3145728224	3165389044	19660820	51739	6.787164
small_SRR7963242	PE	2	5	27	166	4	3263693144	3283353964	19660820	51739	6.996163
small_SRR7963242	PE	2	5	28	172	4	3381657684	3401318504	19660820	51739	6.799174
small_SRR7963242	PE	2	5	29	178	4	3425894624	3430809924	4915300	12935	2.275091
small_SRR7963242	PE	2	5	30	184	4	3455385664	3460300964	4915300	12935	2.093539
small_SRR7963242	PE	2	5	31	190	4	3484877084	3489792004	4914920	12934	1.966461
small_SRR7963242	PE	2	5	32	196	4	3514368124	3519283424	4915300	12935	1.767372
small_SRR7963242	PE	2	5	33	202	4	3543859544	3548774464	4914920	12934	1.88792
small_SRR7963242	PE	2	5	34	208	4	3573350584	3578265884	4915300	12935	1.890068
small_SRR7963242	PE	2	5	35	214	4	3602841624	3607756924	4915300	12935	1.940603
small_SRR7963242	PE	2	5	36	220	4	3632333044	3637248344	4915300	12935	2.14014
small_SRR7963242	PE	2	5	37	226	4	3661824084	3666739384	4915300	12935	1.787968
small_SRR7963242	PE	2	5	38	232	4	3691315504	3696230424	4914920	12934	1.876209
small_SRR7963242	PE	2	5	39	238	4	3720806544	3725721844	4915300	12935	1.893461
small_SRR7963242	PE	2	5	40	244	4	3750297964	3755212884	4914920	12934	2.168818
small_SRR7963242	PE	2	5	41	250	4	3779789004	3784704304	4915300	12935	2.053285
small_SRR7963242	PE	2	5	42	253	1	3794534524	3795555588	1021064	2687	1.136886
small_SRR7963242	PE	2	5	19	119	5	2339635364	2359296184	19660820	51739	7.471371
small_SRR7963242	PE	2	5	20	125	5	2457600284	2477261104	19660820	51739	7.030934
small_SRR7963242	PE	2	5	21	131	5	2575564824	2595225644	19660820	51739	7.633569
small_SRR7963242	PE	2	5	22	137	5	2693529744	2713190564	19660820	51739	6.836527
small_SRR7963242	PE	2	5	23	143	5	2811494664	2831155484	19660820	51739	7.068914
small_SRR7963242	PE	2	5	24	149	5	2929459204	2949120024	19660820	51739	6.900568
small_SRR7963242	PE	2	5	25	155	5	3047424124	3067084944	19660820	51739	6.909382
small_SRR7963242	PE	2	5	26	161	5	3165389044	3185049864	19660820	51739	7.249416
small_SRR7963242	PE	2	5	27	167	5	3283353964	3303014404	19660440	51738	6.648903
small_SRR7963242	PE	2	5	28	173	5	3401318504	3406233804	4915300	12935	2.005541
small_SRR7963242	PE	2	5	29	179	5	3430809924	3435724844	4914920	12934	1.873274
small_SRR7963242	PE	2	5	30	185	5	3460300964	3465216264	4915300	12935	1.670877
small_SRR7963242	PE	2	5	31	191	5	3489792004	3494707304	4915300	12935	2.148585
small_SRR7963242	PE	2	5	32	197	5	3519283424	3524198724	4915300	12935	1.985529
small_SRR7963242	PE	2	5	33	203	5	3548774464	3553689764	4915300	12935	1.984699
small_SRR7963242	PE	2	5	34	209	5	3578265884	3583180804	4914920	12934	1.847324
small_SRR7963242	PE	2	5	35	215	5	3607756924	3612672224	4915300	12935	2.009421
small_SRR7963242	PE	2	5	36	221	5	3637248344	3642163264	4914920	12934	1.810799
small_SRR7963242	PE	2	5	37	227	5	3666739384	3671654684	4915300	12935	2.296205
small_SRR7963242	PE	2	5	38	233	5	3696230424	3701145724	4915300	12935	2.018923
small_SRR7963242	PE	2	5	39	239	5	3725721844	3730637144	4915300	12935	1.851383
small_SRR7963242	PE	2	5	40	245	5	3755212884	3760128184	4915300	12935	1.976471
small_SRR7963242	PE	2	5	41	251	5	3784704304	3789619224	4914920	12934	2.370674
small_SRR7963242	PE	2	5	42	252	0	3789619224	3794534524	4915300	12935	2.079805
small_SRR7963242	PE	3	0	0	0	0	0	19661160	19661160	52972	10.249471
small_SRR7963242	PE	3	0	1	6	0	117965124	137625788	19660664	52289	6.594723
small_SRR7963242	PE	3	0	2	12	0	235929860	255590524	19660664	52289	6.903069
small_SRR7963242	PE	3	0	3	18	0	353894596	373555260	19660664	52289	6.717035
small_SRR7963242	PE	3	0	4	24	0	471859364	491520184	19660820	51739	6.730029
small_SRR7963242	PE	3	0	5	30	0	589824284	609485104	19660820	51739	6.584671
small_SRR7963242	PE	3	0	6	36	0	707788824	727449644	19660820	51739	6.856943
small_SRR7963242	PE	3	0	7	42	0	825753744	845414564	19660820	51739	6.595619
small_SRR7963242	PE	3	0	8	48	0	943718664	963379484	19660820	51739	6.983966
small_SRR7963242	PE	3	0	9	54	0	1061683204	1081344024	19660820	51739	7.195209
small_SRR7963242	PE	3	0	10	60	0	1179648124	1199308944	19660820	51739	7.209192
small_SRR7963242	PE	3	0	11	66	0	1297613044	1317273864	19660820	51739	6.870758
small_SRR7963242	PE	3	0	12	72	0	1415577964	1435238404	19660440	51738	6.87306
small_SRR7963242	PE	3	0	13	78	0	1533542504	1553203324	19660820	51739	6.818161
small_SRR7963242	PE	3	0	14	84	0	1651507424	1671168244	19660820	51739	6.741482
small_SRR7963242	PE	3	0	15	90	0	1769472344	1789133164	19660820	51739	6.852868
small_SRR7963242	PE	3	0	16	96	0	1887436884	1907097704	19660820	51739	7.072062
small_SRR7963242	PE	3	0	17	102	0	2005401804	2025062624	19660820	51739	6.751745
small_SRR7963242	PE	3	0	18	108	0	2123366724	2143027544	19660820	51739	6.723327
small_SRR7963242	PE	3	0	19	114	0	2241331264	2260992084	19660820	51739	7.143048
small_SRR7963242	PE	3	0	20	120	0	2359296184	2378957004	19660820	51739	7.063565
small_SRR7963242	PE	3	0	21	126	0	2477261104	2496921924	19660820	51739	6.940588
small_SRR7963242	PE	3	0	22	132	0	2595225644	2614886464	19660820	51739	6.97787
small_SRR7963242	PE	3	0	23	138	0	2713190564	2732851384	19660820	51739	7.14303
small_SRR7963242	PE	3	0	24	144	0	2831155484	2850816304	19660820	51739	6.580998
small_SRR7963242	PE	3	0	25	150	0	2949120024	2968780844	19660820	51739	6.924096
small_SRR7963242	PE	3	0	26	156	0	3067084944	3086745764	19660820	51739	6.75746
small_SRR7963242	PE	3	0	27	162	0	3185049864	3204710684	19660820	51739	6.668758
small_SRR7963242	PE	3	0	28	168	0	3303014404	3322675224	19660820	51739	6.941617
small_SRR7963242	PE	3	0	29	174	0	3406233804	3411149104	4915300	12935	2.158637
small_SRR7963242	PE	3	0	30	180	0	3435724844	3440640144	4915300	12935	2.202939
small_SRR7963242	PE	3	0	31	186	0	3465216264	3470131564	4915300	12935	2.280007
small_SRR7963242	PE	3	0	32	192	0	3494707304	3499622604	4915300	12935	2.011963
small_SRR7963242	PE	3	0	33	198	0	3524198724	3529113644	4914920	12934	2.200189
small_SRR7963242	PE	3	0	34	204	0	3553689764	3558605064	4915300	12935	2.113142
small_SRR7963242	PE	3	0	35	210	0	3583180804	3588096104	4915300	12935	2.563094
small_SRR7963242	PE	3	0	36	216	0	3612672224	3617587524	4915300	12935	1.966041
small_SRR7963242	PE	3	0	37	222	0	3642163264	3647078564	4915300	12935	1.957503
small_SRR7963242	PE	3	0	38	228	0	3671654684	3676569604	4914920	12934	1.877154
small_SRR7963242	PE	3	0	39	234	0	3701145724	3706061024	4915300	12935	2.161834
small_SRR7963242	PE	3	0	40	240	0	3730637144	3735552064	4914920	12934	1.982795
small_SRR7963242	PE	3	0	41	252	0	3789619224	3794534524	4915300	12935	2.065725
small_SRR7963242	PE	3	1	0	1	1	19661160	39321716	19660556	52789	8.515162
small_SRR7963242	PE	3	1	1	7	1	137625788	157286452	19660664	52289	7.008242
small_SRR7963242	PE	3	1	2	13	1	255590524	275251564	19661040	52290	6.99341
small_SRR7963242	PE	3	1	3	19	1	373555260	393216084	19660824	51795	6.718319
small_SRR7963242	PE	3	1	4	25	1	491520184	511181004	19660820	51739	7.013697
small_SRR7963242	PE	3	1	5	31	1	609485104	629145924	19660820	51739	7.505572
small_SRR7963242	PE	3	1	6	37	1	727449644	747110464	19660820	51739	6.957204
small_SRR7963242	PE	3	1	7	43	1	845414564	865075384	19660820	51739	6.996827
small_SRR7963242	PE	3	1	8	49	1	963379484	983040304	19660820	51739	6.723133
small_SRR7963242	PE	3	1	9	55	1	1081344024	1101004844	19660820	51739	7.120762
small_SRR7963242	PE	3	1	10	61	1	1199308944	1218969764	19660820	51739	7.172301
small_SRR7963242	PE	3	1	11	67	1	1317273864	1336934684	19660820	51739	7.174633
small_SRR7963242	PE	3	1	12	73	1	1435238404	1454899224	19660820	51739	7.408884
small_SRR7963242	PE	3	1	13	79	1	1553203324	1572864144	19660820	51739	7.095444
small_SRR7963242	PE	3	1	14	85	1	1671168244	1690829064	19660820	51739	6.744366
small_SRR7963242	PE	3	1	15	91	1	1789133164	1808793604	19660440	51738	6.905224
small_SRR7963242	PE	3	1	16	97	1	1907097704	1926758524	19660820	51739	6.56488
small_SRR7963242	PE	3	1	17	103	1	2025062624	2044723444	19660820	51739	6.876276
small_SRR7963242	PE	3	1	18	109	1	2143027544	2162688364	19660820	51739	6.729501
small_SRR7963242	PE	3	1	19	115	1	2260992084	2280652904	19660820	51739	6.670001
small_SRR7963242	PE	3	1	20	121	1	2378957004	2398617824	19660820	51739	7.078835
small_SRR7963242	PE	3	1	21	127	1	2496921924	2516582744	19660820	51739	6.716971
small_SRR7963242	PE	3	1	22	133	1	2614886464	2634547284	19660820	51739	6.592675
small_SRR7963242	PE	3	1	23	139	1	2732851384	2752512204	19660820	51739	7.054078
small_SRR7963242	PE	3	1	24	145	1	2850816304	2870477124	19660820	51739	7.130284
small_SRR7963242	PE	3	1	25	151	1	2968780844	2988441664	19660820	51739	6.816233
small_SRR7963242	PE	3	1	26	157	1	3086745764	3106406584	19660820	51739	6.866594
small_SRR7963242	PE	3	1	27	163	1	3204710684	3224371504	19660820	51739	6.806291
small_SRR7963242	PE	3	1	28	169	1	3322675224	3342336044	19660820	51739	6.801542
small_SRR7963242	PE	3	1	29	175	1	3411149104	3416064024	4914920	12934	1.883116
small_SRR7963242	PE	3	2	0	2	2	39321716	58982756	19661040	52290	8.91494
small_SRR7963242	PE	3	2	1	8	2	157286452	176947492	19661040	52290	6.696673
small_SRR7963242	PE	3	2	2	14	2	275251564	294912228	19660664	52289	7.124844
small_SRR7963242	PE	3	2	3	20	2	393216084	412876904	19660820	51739	6.800224
small_SRR7963242	PE	3	2	4	26	2	511181004	530841824	19660820	51739	6.790935
small_SRR7963242	PE	3	2	5	32	2	629145924	648806744	19660820	51739	6.503285
small_SRR7963242	PE	3	2	6	38	2	747110464	766771284	19660820	51739	7.011269
small_SRR7963242	PE	3	2	7	44	2	865075384	884736204	19660820	51739	6.532319
small_SRR7963242	PE	3	2	8	50	2	983040304	1002701124	19660820	51739	7.315971
small_SRR7963242	PE	3	2	9	56	2	1101004844	1120665664	19660820	51739	7.456297
small_SRR7963242	PE	3	2	10	62	2	1218969764	1238630584	19660820	51739	7.165688
small_SRR7963242	PE	3	2	11	68	2	1336934684	1356595504	19660820	51739	7.435552
small_SRR7963242	PE	3	2	12	74	2	1454899224	1474560044	19660820	51739	6.791095
small_SRR7963242	PE	3	2	13	80	2	1572864144	1592524964	19660820	51739	6.696922
small_SRR7963242	PE	3	2	14	86	2	1690829064	1710489884	19660820	51739	6.515517
small_SRR7963242	PE	3	2	15	92	2	1808793604	1828454424	19660820	51739	6.933265
small_SRR7963242	PE	3	2	16	98	2	1926758524	1946419344	19660820	51739	6.815163
small_SRR7963242	PE	3	2	17	104	2	2044723444	2064384264	19660820	51739	6.751764
small_SRR7963242	PE	3	2	31	187	1	3470131564	3475046484	4914920	12934	1.830327
small_SRR7963242	PE	3	2	32	193	1	3499622604	3504537904	4915300	12935	1.83181
small_SRR7963242	PE	3	2	33	199	1	3529113644	3534028944	4915300	12935	1.79938
small_SRR7963242	PE	3	2	34	205	1	3558605064	3563520364	4915300	12935	1.846744
small_SRR7963242	PE	3	2	35	211	1	3588096104	3593011404	4915300	12935	2.129419
small_SRR7963242	PE	3	2	36	217	1	3617587524	3622502444	4914920	12934	1.982623
small_SRR7963242	PE	3	2	37	223	1	3647078564	3651993864	4915300	12935	1.824168
small_SRR7963242	PE	3	2	38	229	1	3676569604	3681484904	4915300	12935	2.070517
small_SRR7963242	PE	3	2	39	235	1	3706061024	3710976324	4915300	12935	1.980345
small_SRR7963242	PE	3	2	40	241	1	3735552064	3740467364	4915300	12935	2.055188
small_SRR7963242	PE	3	2	41	247	1	3765043484	3769958404	4914920	12934	1.95954
small_SRR7963242	PE	3	2	42	253	1	3794534524	3795555588	1021064	2687	1.126822
small_SRR7963242	PE	3	2	19	116	2	2280652904	2300313724	19660820	51739	6.947217
small_SRR7963242	PE	3	2	20	122	2	2398617824	2418278644	19660820	51739	6.957741
small_SRR7963242	PE	3	2	21	128	2	2516582744	2536243564	19660820	51739	7.259498
small_SRR7963242	PE	3	2	22	134	2	2634547284	2654208104	19660820	51739	6.923905
small_SRR7963242	PE	3	2	23	140	2	2752512204	2772173024	19660820	51739	6.666891
small_SRR7963242	PE	3	2	24	146	2	2870477124	2890137944	19660820	51739	6.994951
small_SRR7963242	PE	3	2	25	152	2	2988441664	3008102484	19660820	51739	7.374408
small_SRR7963242	PE	3	2	26	158	2	3106406584	3126067404	19660820	51739	7.322077
small_SRR7963242	PE	3	2	27	164	2	3224371504	3244032324	19660820	51739	6.933437
small_SRR7963242	PE	3	2	28	170	2	3342336044	3361996864	19660820	51739	6.790106
small_SRR7963242	PE	3	2	29	176	2	3416064024	3420979324	4915300	12935	1.780053
small_SRR7963242	PE	3	2	30	182	2	3445555444	3450470744	4915300	12935	1.81057
small_SRR7963242	PE	3	2	31	188	2	3475046484	3479961784	4915300	12935	1.803025
small_SRR7963242	PE	3	2	32	194	2	3504537904	3509452824	4914920	12934	1.826473
small_SRR7963242	PE	3	2	33	200	2	3534028944	3538944244	4915300	12935	1.801548
small_SRR7963242	PE	3	2	34	206	2	3563520364	3568435284	4914920	12934	1.942497
small_SRR7963242	PE	3	2	35	212	2	3593011404	3597926704	4915300	12935	1.983284
small_SRR7963242	PE	3	2	36	218	2	3622502444	3627417744	4915300	12935	2.084414
small_SRR7963242	PE	3	2	37	224	2	3651993864	3656909164	4915300	12935	2.002239
small_SRR7963242	PE	3	2	38	230	2	3681484904	3686400204	4915300	12935	2.047156
small_SRR7963242	PE	3	2	39	236	2	3710976324	3715891244	4914920	12934	1.856432
small_SRR7963242	PE	3	2	40	242	2	3740467364	3745382664	4915300	12935	1.99255
small_SRR7963242	PE	3	2	41	248	2	3769958404	3774873704	4915300	12935	1.96818
small_SRR7963242	PE	3	3	0	3	3	58982756	78643420	19660664	52289	8.456862
small_SRR7963242	PE	3	3	1	9	3	176947492	196608156	19660664	52289	6.908209
small_SRR7963242	PE	3	3	2	15	3	294912228	314572892	19660664	52289	6.69265
small_SRR7963242	PE	3	3	3	21	3	412876904	432537724	19660820	51739	6.528081
small_SRR7963242	PE	3	3	4	27	3	530841824	550502644	19660820	51739	7.163634
small_SRR7963242	PE	3	3	5	33	3	648806744	668467564	19660820	51739	6.99237
small_SRR7963242	PE	3	3	6	39	3	766771284	786432104	19660820	51739	7.225121
small_SRR7963242	PE	3	3	7	45	3	884736204	904397024	19660820	51739	7.079489
small_SRR7963242	PE	3	3	8	51	3	1002701124	1022361944	19660820	51739	6.994332
small_SRR7963242	PE	3	3	9	57	3	1120665664	1140326484	19660820	51739	7.112871
small_SRR7963242	PE	3	3	10	63	3	1238630584	1258291404	19660820	51739	7.036369
small_SRR7963242	PE	3	3	11	69	3	1356595504	1376256324	19660820	51739	6.958264
small_SRR7963242	PE	3	3	12	75	3	1474560044	1494220864	19660820	51739	6.810372
small_SRR7963242	PE	3	3	13	81	3	1592524964	1612185784	19660820	51739	6.760112
small_SRR7963242	PE	3	3	14	87	3	1710489884	1730150704	19660820	51739	6.905396
small_SRR7963242	PE	3	3	15	93	3	1828454424	1848115244	19660820	51739	7.444571
small_SRR7963242	PE	3	3	16	99	3	1946419344	1966080164	19660820	51739	7.336662
small_SRR7963242	PE	3	3	17	105	3	2064384264	2084045084	19660820	51739	7.157309
small_SRR7963242	PE	3	4	0	4	4	78643420	98304084	19660664	52289	8.402347
small_SRR7963242	PE	3	4	1	10	4	196608156	216268820	19660664	52289	7.057984
small_SRR7963242	PE	3	4	2	16	4	314572892	334233932	19661040	52290	6.866404
small_SRR7963242	PE	3	4	3	22	4	432537724	452198544	19660820	51739	6.764614
small_SRR7963242	PE	3	4	4	28	4	550502644	570163464	19660820	51739	6.648311
small_SRR7963242	PE	3	4	5	34	4	668467564	688128004	19660440	51738	7.045473
small_SRR7963242	PE	3	4	6	40	4	786432104	806092924	19660820	51739	6.767959
small_SRR7963242	PE	3	4	7	46	4	904397024	924057844	19660820	51739	6.945726
small_SRR7963242	PE	3	4	8	52	4	1022361944	1042022764	19660820	51739	6.984938
small_SRR7963242	PE	3	4	9	58	4	1140326484	1159987304	19660820	51739	7.181229
small_SRR7963242	PE	3	4	10	64	4	1258291404	1277952224	19660820	51739	7.014373
small_SRR7963242	PE	3	4	11	70	4	1376256324	1395917144	19660820	51739	6.782349
small_SRR7963242	PE	3	4	12	76	4	1494220864	1513881684	19660820	51739	6.8241
small_SRR7963242	PE	3	4	13	82	4	1612185784	1631846604	19660820	51739	6.874314
small_SRR7963242	PE	3	4	14	88	4	1730150704	1749811524	19660820	51739	6.501006
small_SRR7963242	PE	3	4	15	94	4	1848115244	1867776064	19660820	51739	6.782587
small_SRR7963242	PE	3	4	16	100	4	1966080164	1985740984	19660820	51739	6.806952
small_SRR7963242	PE	3	4	17	106	4	2084045084	2103705904	19660820	51739	6.67701
small_SRR7963242	PE	3	1	19	117	3	2300313724	2319974544	19660820	51739	7.002715
small_SRR7963242	PE	3	1	20	123	3	2418278644	2437939464	19660820	51739	7.23629
small_SRR7963242	PE	3	1	21	129	3	2536243564	2555904004	19660440	51738	6.935612
small_SRR7963242	PE	3	1	22	135	3	2654208104	2673868924	19660820	51739	7.568087
small_SRR7963242	PE	3	1	23	141	3	2772173024	2791833844	19660820	51739	6.862388
small_SRR7963242	PE	3	1	24	147	3	2890137944	2909798764	19660820	51739	6.702745
small_SRR7963242	PE	3	1	25	153	3	3008102484	3027763304	19660820	51739	6.986344
small_SRR7963242	PE	3	1	26	159	3	3126067404	3145728224	19660820	51739	6.780146
small_SRR7963242	PE	3	1	27	165	3	3244032324	3263693144	19660820	51739	7.355917
small_SRR7963242	PE	3	1	28	171	3	3361996864	3381657684	19660820	51739	7.125785
small_SRR7963242	PE	3	1	29	177	3	3420979324	3425894624	4915300	12935	1.945776
small_SRR7963242	PE	3	1	30	183	3	3450470744	3455385664	4914920	12934	2.194864
small_SRR7963242	PE	3	1	31	189	3	3479961784	3484877084	4915300	12935	1.794595
small_SRR7963242	PE	3	1	32	195	3	3509452824	3514368124	4915300	12935	1.950877
small_SRR7963242	PE	3	1	33	201	3	3538944244	3543859544	4915300	12935	2.029067
small_SRR7963242	PE	3	1	34	207	3	3568435284	3573350584	4915300	12935	2.261152
small_SRR7963242	PE	3	1	35	213	3	3597926704	3602841624	4914920	12934	1.963584
small_SRR7963242	PE	3	1	36	219	3	3627417744	3632333044	4915300	12935	1.857846
small_SRR7963242	PE	3	1	37	225	3	3656909164	3661824084	4914920	12934	1.858577
small_SRR7963242	PE	3	1	38	231	3	3686400204	3691315504	4915300	12935	2.179064
small_SRR7963242	PE	3	1	39	237	3	3715891244	3720806544	4915300	12935	2.041762
small_SRR7963242	PE	3	1	40	243	3	3745382664	3750297964	4915300	12935	1.894479
small_SRR7963242	PE	3	1	41	249	3	3774873704	3779789004	4915300	12935	2.193756
small_SRR7963242	PE	3	1	19	118	4	2319974544	2339635364	19660820	51739	7.145713
small_SRR7963242	PE	3	1	20	124	4	2437939464	2457600284	19660820	51739	6.874921
small_SRR7963242	PE	3	1	21	130	4	2555904004	2575564824	19660820	51739	6.697554
small_SRR7963242	PE	3	1	22	136	4	2673868924	2693529744	19660820	51739	7.065672
small_SRR7963242	PE	3	1	23	142	4	2791833844	2811494664	19660820	51739	6.791309
small_SRR7963242	PE	3	1	24	148	4	2909798764	2929459204	19660440	51738	6.816059
small_SRR7963242	PE	3	1	25	154	4	3027763304	3047424124	19660820	51739	7.196528
small_SRR7963242	PE	3	1	26	160	4	3145728224	3165389044	19660820	51739	6.820557
small_SRR7963242	PE	3	1	27	166	4	3263693144	3283353964	19660820	51739	7.019899
small_SRR7963242	PE	3	1	28	172	4	3381657684	3401318504	19660820	51739	6.795208
small_SRR7963242	PE	3	1	29	178	4	3425894624	3430809924	4915300	12935	2.287172
small_SRR7963242	PE	3	1	30	184	4	3455385664	3460300964	4915300	12935	2.080321
small_SRR7963242	PE	3	1	31	190	4	3484877084	3489792004	4914920	12934	1.983799
small_SRR7963242	PE	3	1	32	196	4	3514368124	3519283424	4915300	12935	1.798206
small_SRR7963242	PE	3	1	33	202	4	3543859544	3548774464	4914920	12934	1.915921
small_SRR7963242	PE	3	1	34	208	4	3573350584	3578265884	4915300	12935	1.905281
small_SRR7963242	PE	3	1	35	214	4	3602841624	3607756924	4915300	12935	1.961613
small_SRR7963242	PE	3	1	36	220	4	3632333044	3637248344	4915300	12935	2.160352
small_SRR7963242	PE	3	1	37	226	4	3661824084	3666739384	4915300	12935	1.786208
small_SRR7963242	PE	3	1	38	232	4	3691315504	3696230424	4914920	12934	1.864441
small_SRR7963242	PE	3	1	39	238	4	3720806544	3725721844	4915300	12935	1.879035
small_SRR7963242	PE	3	1	40	244	4	3750297964	3755212884	4914920	12934	2.16445
small_SRR7963242	PE	3	1	41	250	4	3779789004	3784704304	4915300	12935	2.039363
small_SRR7963242	PE	3	5	0	5	5	98304084	117965124	19661040	52290	8.231121
small_SRR7963242	PE	3	5	1	11	5	216268820	235929860	19661040	52290	6.943384
small_SRR7963242	PE	3	5	2	17	5	334233932	353894596	19660664	52289	6.964657
small_SRR7963242	PE	3	5	3	23	5	452198544	471859364	19660820	51739	7.093847
small_SRR7963242	PE	3	5	4	29	5	570163464	589824284	19660820	51739	6.673338
small_SRR7963242	PE	3	5	5	35	5	688128004	707788824	19660820	51739	6.564073
small_SRR7963242	PE	3	5	6	41	5	806092924	825753744	19660820	51739	6.907361
small_SRR7963242	PE	3	5	7	47	5	924057844	943718664	19660820	51739	6.711748
small_SRR7963242	PE	3	5	8	53	5	1042022764	1061683204	19660440	51738	7.508315
small_SRR7963242	PE	3	5	9	59	5	1159987304	1179648124	19660820	51739	6.87632
small_SRR7963242	PE	3	5	10	65	5	1277952224	1297613044	19660820	51739	7.891049
small_SRR7963242	PE	3	5	11	71	5	1395917144	1415577964	19660820	51739	6.957011
small_SRR7963242	PE	3	5	12	77	5	1513881684	1533542504	19660820	51739	6.962841
small_SRR7963242	PE	3	5	13	83	5	1631846604	1651507424	19660820	51739	6.511802
small_SRR7963242	PE	3	5	14	89	5	1749811524	1769472344	19660820	51739	6.915801
small_SRR7963242	PE	3	5	15	95	5	1867776064	1887436884	19660820	51739	6.829128
small_SRR7963242	PE	3	5	16	101	5	1985740984	2005401804	19660820	51739	7.170835
small_SRR7963242	PE	3	5	17	107	5	2103705904	2123366724	19660820	51739	7.362082
small_SRR7963242	PE	3	5	18	113	5	2221670444	2241331264	19660820	51739	7.037834
small_SRR7963242	PE	3	5	19	119	5	2339635364	2359296184	19660820	51739	7.125667
small_SRR7963242	PE	3	5	20	125	5	2457600284	2477261104	19660820	51739	6.960334
small_SRR7963242	PE	3	5	21	131	5	2575564824	2595225644	19660820	51739	7.693554
small_SRR7963242	PE	3	5	22	137	5	2693529744	2713190564	19660820	51739	6.776813
small_SRR7963242	PE	3	5	23	143	5	2811494664	2831155484	19660820	51739	7.071135
small_SRR7963242	PE	3	5	24	149	5	2929459204	2949120024	19660820	51739	6.957607
small_SRR7963242	PE	3	5	25	155	5	3047424124	3067084944	19660820	51739	6.889068
small_SRR7963242	PE	3	5	26	161	5	3165389044	3185049864	19660820	51739	7.272873
small_SRR7963242	PE	3	5	27	167	5	3283353964	3303014404	19660440	51738	6.628846
small_SRR7963242	PE	3	5	28	173	5	3401318504	3406233804	4915300	12935	1.991879
small_SRR7963242	PE	3	5	29	179	5	3430809924	3435724844	4914920	12934	1.874518
small_SRR7963242	PE	3	5	30	185	5	3460300964	3465216264	4915300	12935	1.656548
small_SRR7963242	PE	3	5	31	191	5	3489792004	3494707304	4915300	12935	2.168852
small_SRR7963242	PE	3	5	32	197	5	3519283424	3524198724	4915300	12935	2.02725
small_SRR7963242	PE	3	5	33	203	5	3548774464	3553689764	4915300	12935	2.071742
small_SRR7963242	PE	3	5	34	209	5	3578265884	3583180804	4914920	12934	1.846644
small_SRR7963242	PE	3	5	35	215	5	3607756924	3612672224	4915300	12935	2.073788
small_SRR7963242	PE	3	5	36	221	5	3637248344	3642163264	4914920	12934	1.929405
small_SRR7963242	PE	3	5	37	227	5	3666739384	3671654684	4915300	12935	2.385412
small_SRR7963242	PE	3	5	38	233	5	3696230424	3701145724	4915300	12935	2.09943
small_SRR7963242	PE	3	5	39	239	5	3725721844	3730637144	4915300	12935	1.946398
small_SRR7963242	PE	3	5	40	245	5	3755212884	3760128184	4915300	12935	2.015346
small_SRR7963242	PE	3	5	41	251	5	3784704304	3789619224	4914920	12934	2.375691
small_SRR7963242	PE	3	5	42	246	0	3760128184	3765043484	4915300	12935	2.209011
small_SRR7963242	SE	1	0	0	0	0	0	19661160	19661160	52972	2.944834
small_SRR7963242	SE	1	0	1	6	0	117965124	137625788	19660664	52289	1.57297
small_SRR7963242	SE	1	0	2	12	0	235929860	255590524	19660664	52289	1.623664
small_SRR7963242	SE	1	0	3	18	0	353894596	373555260	19660664	52289	1.568268
small_SRR7963242	SE	1	0	4	24	0	471859364	491520184	19660820	51739	1.545154
small_SRR7963242	SE	1	0	5	30	0	589824284	609485104	19660820	51739	1.514811
small_SRR7963242	SE	1	0	6	36	0	707788824	727449644	19660820	51739	1.542379
small_SRR7963242	SE	1	0	7	42	0	825753744	845414564	19660820	51739	1.581564
small_SRR7963242	SE	1	0	8	48	0	943718664	963379484	19660820	51739	1.569187
small_SRR7963242	SE	1	0	9	54	0	1061683204	1081344024	19660820	51739	1.580001
small_SRR7963242	SE	1	0	10	60	0	1179648124	1199308944	19660820	51739	1.655828
small_SRR7963242	SE	1	0	11	66	0	1297613044	1317273864	19660820	51739	1.622124
small_SRR7963242	SE	1	0	12	72	0	1415577964	1435238404	19660440	51738	1.508955
small_SRR7963242	SE	1	0	13	78	0	1533542504	1553203324	19660820	51739	1.604209
small_SRR7963242	SE	1	0	14	84	0	1651507424	1671168244	19660820	51739	1.53459
small_SRR7963242	SE	1	0	15	90	0	1769472344	1789133164	19660820	51739	1.482081
small_SRR7963242	SE	1	0	16	96	0	1887436884	1907097704	19660820	51739	1.618861
small_SRR7963242	SE	1	0	17	102	0	2005401804	2025062624	19660820	51739	1.622691
small_SRR7963242	SE	1	1	0	1	1	19661160	39321716	19660556	52789	2.502449
small_SRR7963242	SE	1	1	1	7	1	137625788	157286452	19660664	52289	1.587858
small_SRR7963242	SE	1	1	2	13	1	255590524	275251564	19661040	52290	1.583461
small_SRR7963242	SE	1	1	3	19	1	373555260	393216084	19660824	51795	1.548099
small_SRR7963242	SE	1	1	4	25	1	491520184	511181004	19660820	51739	1.565303
small_SRR7963242	SE	1	1	5	31	1	609485104	629145924	19660820	51739	1.562463
small_SRR7963242	SE	1	1	6	37	1	727449644	747110464	19660820	51739	1.50888
small_SRR7963242	SE	1	1	7	43	1	845414564	865075384	19660820	51739	1.51572
small_SRR7963242	SE	1	1	8	49	1	963379484	983040304	19660820	51739	1.533773
small_SRR7963242	SE	1	1	9	55	1	1081344024	1101004844	19660820	51739	1.507773
small_SRR7963242	SE	1	1	10	61	1	1199308944	1218969764	19660820	51739	1.822814
small_SRR7963242	SE	1	1	11	67	1	1317273864	1336934684	19660820	51739	1.521363
small_SRR7963242	SE	1	1	12	73	1	1435238404	1454899224	19660820	51739	1.574479
small_SRR7963242	SE	1	1	13	79	1	1553203324	1572864144	19660820	51739	1.571986
small_SRR7963242	SE	1	1	14	85	1	1671168244	1690829064	19660820	51739	1.557536
small_SRR7963242	SE	1	1	15	91	1	1789133164	1808793604	19660440	51738	1.54327
small_SRR7963242	SE	1	1	16	97	1	1907097704	1926758524	19660820	51739	1.562206
small_SRR7963242	SE	1	1	17	103	1	2025062624	2044723444	19660820	51739	1.528877
small_SRR7963242	SE	1	2	0	2	2	39321716	58982756	19661040	52290	2.681019
small_SRR7963242	SE	1	2	1	8	2	157286452	176947492	19661040	52290	1.530848
small_SRR7963242	SE	1	2	2	14	2	275251564	294912228	19660664	52289	1.525306
small_SRR7963242	SE	1	2	3	20	2	393216084	412876904	19660820	51739	1.455584
small_SRR7963242	SE	1	2	4	26	2	511181004	530841824	19660820	51739	1.581406
small_SRR7963242	SE	1	2	5	32	2	629145924	648806744	19660820	51739	1.484709
small_SRR7963242	SE	1	2	6	38	2	747110464	766771284	19660820	51739	1.575788
small_SRR7963242	SE	1	2	7	44	2	865075384	884736204	19660820	51739	1.464274
small_SRR7963242	SE	1	2	8	50	2	983040304	1002701124	19660820	51739	1.584979
small_SRR7963242	SE	1	2	9	56	2	1101004844	1120665664	19660820	51739	1.585932
small_SRR7963242	SE	1	2	10	62	2	1218969764	1238630584	19660820	51739	1.47713
small_SRR7963242	SE	1	2	11	68	2	1336934684	1356595504	19660820	51739	1.5532
small_SRR7963242	SE	1	2	12	74	2	1454899224	1474560044	19660820	51739	1.57844
small_SRR7963242	SE	1	2	13	80	2	1572864144	1592524964	19660820	51739	1.552269
small_SRR7963242	SE	1	2	14	86	2	1690829064	1710489884	19660820	51739	1.514896
small_SRR7963242	SE	1	2	15	92	2	1808793604	1828454424	19660820	51739	1.580285
small_SRR7963242	SE	1	2	16	98	2	1926758524	1946419344	19660820	51739	1.581963
small_SRR7963242	SE	1	2	17	104	2	2044723444	2064384264	19660820	51739	1.640761
small_SRR7963242	SE	1	2	18	110	0	2123366724	2143027544	19660820	51739	1.590965
small_SRR7963242	SE	1	2	19	114	0	2241331264	2260992084	19660820	51739	1.548969
small_SRR7963242	SE	1	2	20	120	0	2359296184	2378957004	19660820	51739	1.577279
small_SRR7963242	SE	1	2	21	126	0	2477261104	2496921924	19660820	51739	1.549531
small_SRR7963242	SE	1	2	22	132	0	2595225644	2614886464	19660820	51739	1.608769
small_SRR7963242	SE	1	2	23	138	0	2713190564	2732851384	19660820	51739	1.696783
small_SRR7963242	SE	1	2	24	144	0	2831155484	2850816304	19660820	51739	1.529027
small_SRR7963242	SE	1	2	25	150	0	2949120024	2968780844	19660820	51739	1.540562
small_SRR7963242	SE	1	2	26	156	0	3067084944	3086745764	19660820	51739	1.545861
small_SRR7963242	SE	1	2	27	162	0	3185049864	3204710684	19660820	51739	1.52645
small_SRR7963242	SE	1	2	28	168	0	3303014404	3322675224	19660820	51739	1.591362
small_SRR7963242	SE	1	2	29	174	0	3406233804	3411149104	4915300	12935	0.561436
small_SRR7963242	SE	1	2	30	180	0	3435724844	3440640144	4915300	12935	0.591488
small_SRR7963242	SE	1	2	31	186	0	3465216264	3470131564	4915300	12935	0.476173
small_SRR7963242	SE	1	2	32	192	0	3494707304	3499622604	4915300	12935	0.469087
small_SRR7963242	SE	1	2	33	198	0	3524198724	3529113644	4914920	12934	0.500932
small_SRR7963242	SE	1	2	34	204	0	3553689764	3558605064	4915300	12935	0.481428
small_SRR7963242	SE	1	2	35	210	0	3583180804	3588096104	4915300	12935	0.524685
small_SRR7963242	SE	1	2	36	216	0	3612672224	3617587524	4915300	12935	0.443787
small_SRR7963242	SE	1	2	37	222	0	3642163264	3647078564	4915300	12935	0.484485
small_SRR7963242	SE	1	2	38	228	0	3671654684	3676569604	4914920	12934	0.435249
small_SRR7963242	SE	1	2	39	234	0	3701145724	3706061024	4915300	12935	0.462364
small_SRR7963242	SE	1	2	40	240	0	3730637144	3735552064	4914920	12934	0.472153
small_SRR7963242	SE	1	2	41	246	0	3760128184	3765043484	4915300	12935	0.527471
small_SRR7963242	SE	1	2	42	252	0	3789619224	3794534524	4915300	12935	0.5165
small_SRR7963242	SE	1	2	19	115	1	2260992084	2280652904	19660820	51739	1.606093
small_SRR7963242	SE	1	2	20	121	1	2378957004	2398617824	19660820	51739	1.573858
small_SRR7963242	SE	1	2	21	127	1	2496921924	2516582744	19660820	51739	1.549178
small_SRR7963242	SE	1	2	22	133	1	2614886464	2634547284	19660820	51739	1.501095
small_SRR7963242	SE	1	2	23	139	1	2732851384	2752512204	19660820	51739	1.522063
small_SRR7963242	SE	1	2	24	145	1	2850816304	2870477124	19660820	51739	1.540761
small_SRR7963242	SE	1	2	25	151	1	2968780844	2988441664	19660820	51739	1.602809
small_SRR7963242	SE	1	2	26	157	1	3086745764	3106406584	19660820	51739	1.59032
small_SRR7963242	SE	1	2	27	163	1	3204710684	3224371504	19660820	51739	1.554004
small_SRR7963242	SE	1	2	28	169	1	3322675224	3342336044	19660820	51739	1.635637
small_SRR7963242	SE	1	2	29	175	1	3411149104	3416064024	4914920	12934	0.499464
small_SRR7963242	SE	1	2	30	181	1	3440640144	3445555444	4915300	12935	0.440987
small_SRR7963242	SE	1	2	31	187	1	3470131564	3475046484	4914920	12934	0.455993
small_SRR7963242	SE	1	2	32	193	1	3499622604	3504537904	4915300	12935	0.464306
small_SRR7963242	SE	1	2	33	199	1	3529113644	3534028944	4915300	12935	0.489513
small_SRR7963242	SE	1	2	34	205	1	3558605064	3563520364	4915300	12935	0.482622
small_SRR7963242	SE	1	2	35	211	1	3588096104	3593011404	4915300	12935	0.575544
small_SRR7963242	SE	1	2	36	217	1	3617587524	3622502444	4914920	12934	0.460664
small_SRR7963242	SE	1	2	37	223	1	3647078564	3651993864	4915300	12935	0.527933
small_SRR7963242	SE	1	2	38	229	1	3676569604	3681484904	4915300	12935	0.499231
small_SRR7963242	SE	1	2	39	235	1	3706061024	3710976324	4915300	12935	0.51417
small_SRR7963242	SE	1	2	40	241	1	3735552064	3740467364	4915300	12935	0.496216
small_SRR7963242	SE	1	2	41	247	1	3765043484	3769958404	4914920	12934	0.573597
small_SRR7963242	SE	1	2	19	116	2	2280652904	2300313724	19660820	51739	1.585838
small_SRR7963242	SE	1	2	20	122	2	2398617824	2418278644	19660820	51739	1.605647
small_SRR7963242	SE	1	2	21	128	2	2516582744	2536243564	19660820	51739	1.55583
small_SRR7963242	SE	1	2	22	134	2	2634547284	2654208104	19660820	51739	1.527965
small_SRR7963242	SE	1	2	23	140	2	2752512204	2772173024	19660820	51739	1.583117
small_SRR7963242	SE	1	2	24	146	2	2870477124	2890137944	19660820	51739	1.57213
small_SRR7963242	SE	1	2	25	152	2	2988441664	3008102484	19660820	51739	1.627288
small_SRR7963242	SE	1	2	26	158	2	3106406584	3126067404	19660820	51739	1.545059
small_SRR7963242	SE	1	2	27	164	2	3224371504	3244032324	19660820	51739	1.555133
small_SRR7963242	SE	1	2	28	170	2	3342336044	3361996864	19660820	51739	1.605356
small_SRR7963242	SE	1	2	29	176	2	3416064024	3420979324	4915300	12935	0.498717
small_SRR7963242	SE	1	2	30	182	2	3445555444	3450470744	4915300	12935	0.535892
small_SRR7963242	SE	1	2	31	188	2	3475046484	3479961784	4915300	12935	0.56223
small_SRR7963242	SE	1	2	32	194	2	3504537904	3509452824	4914920	12934	0.482342
small_SRR7963242	SE	1	2	33	200	2	3534028944	3538944244	4915300	12935	0.442012
small_SRR7963242	SE	1	2	34	206	2	3563520364	3568435284	4914920	12934	0.464226
small_SRR7963242	SE	1	2	35	212	2	3593011404	3597926704	4915300	12935	0.457628
small_SRR7963242	SE	1	2	36	218	2	3622502444	3627417744	4915300	12935	0.567582
small_SRR7963242	SE	1	2	37	224	2	3651993864	3656909164	4915300	12935	0.549114
small_SRR7963242	SE	1	2	38	230	2	3681484904	3686400204	4915300	12935	0.562192
small_SRR7963242	SE	1	2	39	236	2	3710976324	3715891244	4914920	12934	0.455794
small_SRR7963242	SE	1	2	40	242	2	3740467364	3745382664	4915300	12935	0.496845
small_SRR7963242	SE	1	2	41	248	2	3769958404	3774873704	4915300	12935	0.466936
small_SRR7963242	SE	1	3	0	3	3	58982756	78643420	19660664	52289	2.431372
small_SRR7963242	SE	1	3	1	9	3	176947492	196608156	19660664	52289	1.596
small_SRR7963242	SE	1	3	2	15	3	294912228	314572892	19660664	52289	1.628591
small_SRR7963242	SE	1	3	3	21	3	412876904	432537724	19660820	51739	1.505201
small_SRR7963242	SE	1	3	4	27	3	530841824	550502644	19660820	51739	1.567612
small_SRR7963242	SE	1	3	5	33	3	648806744	668467564	19660820	51739	1.52019
small_SRR7963242	SE	1	3	6	39	3	766771284	786432104	19660820	51739	1.523466
small_SRR7963242	SE	1	3	7	45	3	884736204	904397024	19660820	51739	1.498757
small_SRR7963242	SE	1	3	8	51	3	1002701124	1022361944	19660820	51739	1.513154
small_SRR7963242	SE	1	3	9	57	3	1120665664	1140326484	19660820	51739	1.661523
small_SRR7963242	SE	1	3	10	63	3	1238630584	1258291404	19660820	51739	1.623853
small_SRR7963242	SE	1	3	11	69	3	1356595504	1376256324	19660820	51739	1.503624
small_SRR7963242	SE	1	3	12	75	3	1474560044	1494220864	19660820	51739	1.510379
small_SRR7963242	SE	1	3	13	81	3	1592524964	1612185784	19660820	51739	1.555756
small_SRR7963242	SE	1	3	14	87	3	1710489884	1730150704	19660820	51739	1.542125
small_SRR7963242	SE	1	3	15	93	3	1828454424	1848115244	19660820	51739	1.607793
small_SRR7963242	SE	1	3	16	99	3	1946419344	1966080164	19660820	51739	1.596409
small_SRR7963242	SE	1	3	17	105	3	2064384264	2084045084	19660820	51739	1.580724
small_SRR7963242	SE	1	3	18	111	3	2182348804	2202009624	19660820	51739	1.5328
small_SRR7963242	SE	1	3	19	117	3	2300313724	2319974544	19660820	51739	1.548979
small_SRR7963242	SE	1	3	20	123	3	2418278644	2437939464	19660820	51739	1.575535
small_SRR7963242	SE	1	3	21	129	3	2536243564	2555904004	19660440	51738	1.581069
small_SRR7963242	SE	1	3	22	135	3	2654208104	2673868924	19660820	51739	1.805617
small_SRR7963242	SE	1	3	23	141	3	2772173024	2791833844	19660820	51739	1.702997
small_SRR7963242	SE	1	3	24	147	3	2890137944	2909798764	19660820	51739	1.565889
small_SRR7963242	SE	1	3	25	153	3	3008102484	3027763304	19660820	51739	1.608001
small_SRR7963242	SE	1	3	26	159	3	3126067404	3145728224	19660820	51739	1.535702
small_SRR7963242	SE	1	3	27	165	3	3244032324	3263693144	19660820	51739	1.51902
small_SRR7963242	SE	1	3	28	171	3	3361996864	3381657684	19660820	51739	1.592679
small_SRR7963242	SE	1	3	29	177	3	3420979324	3425894624	4915300	12935	0.547774
small_SRR7963242	SE	1	3	30	183	3	3450470744	3455385664	4914920	12934	0.583038
small_SRR7963242	SE	1	3	31	189	3	3479961784	3484877084	4915300	12935	0.42065
small_SRR7963242	SE	1	3	32	195	3	3509452824	3514368124	4915300	12935	0.568359
small_SRR7963242	SE	1	3	33	201	3	3538944244	3543859544	4915300	12935	0.511746
small_SRR7963242	SE	1	3	34	207	3	3568435284	3573350584	4915300	12935	0.455752
small_SRR7963242	SE	1	3	35	213	3	3597926704	3602841624	4914920	12934	0.645947
small_SRR7963242	SE	1	3	36	219	3	3627417744	3632333044	4915300	12935	0.45187
small_SRR7963242	SE	1	3	37	225	3	3656909164	3661824084	4914920	12934	0.433282
small_SRR7963242	SE	1	3	38	231	3	3686400204	3691315504	4915300	12935	0.473811
small_SRR7963242	SE	1	3	39	237	3	3715891244	3720806544	4915300	12935	0.56086
small_SRR7963242	SE	1	3	40	243	3	3745382664	3750297964	4915300	12935	0.488282
small_SRR7963242	SE	1	3	41	249	3	3774873704	3779789004	4915300	12935	0.578346
small_SRR7963242	SE	1	4	0	4	4	78643420	98304084	19660664	52289	2.451454
small_SRR7963242	SE	1	4	1	10	4	196608156	216268820	19660664	52289	1.666216
small_SRR7963242	SE	1	4	2	16	4	314572892	334233932	19661040	52290	1.605528
small_SRR7963242	SE	1	4	3	22	4	432537724	452198544	19660820	51739	1.496227
small_SRR7963242	SE	1	4	4	28	4	550502644	570163464	19660820	51739	1.477234
small_SRR7963242	SE	1	4	5	34	4	668467564	688128004	19660440	51738	1.540047
small_SRR7963242	SE	1	4	6	40	4	786432104	806092924	19660820	51739	1.604919
small_SRR7963242	SE	1	4	7	46	4	904397024	924057844	19660820	51739	1.561797
small_SRR7963242	SE	1	4	8	52	4	1022361944	1042022764	19660820	51739	1.619002
small_SRR7963242	SE	1	4	9	58	4	1140326484	1159987304	19660820	51739	1.57508
small_SRR7963242	SE	1	4	10	64	4	1258291404	1277952224	19660820	51739	1.555518
small_SRR7963242	SE	1	4	11	70	4	1376256324	1395917144	19660820	51739	1.606395
small_SRR7963242	SE	1	4	12	76	4	1494220864	1513881684	19660820	51739	1.564493
small_SRR7963242	SE	1	4	13	82	4	1612185784	1631846604	19660820	51739	1.533999
small_SRR7963242	SE	1	4	14	88	4	1730150704	1749811524	19660820	51739	1.524726
small_SRR7963242	SE	1	4	15	94	4	1848115244	1867776064	19660820	51739	1.629649
small_SRR7963242	SE	1	4	16	100	4	1966080164	1985740984	19660820	51739	1.533904
small_SRR7963242	SE	1	4	17	106	4	2084045084	2103705904	19660820	51739	1.513224
small_SRR7963242	SE	1	5	0	5	5	98304084	117965124	19661040	52290	2.332645
small_SRR7963242	SE	1	5	1	11	5	216268820	235929860	19661040	52290	1.616941
small_SRR7963242	SE	1	5	2	17	5	334233932	353894596	19660664	52289	1.536205
small_SRR7963242	SE	1	5	3	23	5	452198544	471859364	19660820	51739	1.513791
small_SRR7963242	SE	1	5	4	29	5	570163464	589824284	19660820	51739	1.56724
small_SRR7963242	SE	1	5	5	35	5	688128004	707788824	19660820	51739	1.503563
small_SRR7963242	SE	1	5	6	41	5	806092924	825753744	19660820	51739	1.5307
small_SRR7963242	SE	1	5	7	47	5	924057844	943718664	19660820	51739	1.552876
small_SRR7963242	SE	1	5	8	53	5	1042022764	1061683204	19660440	51738	1.625408
small_SRR7963242	SE	1	5	9	59	5	1159987304	1179648124	19660820	51739	1.636606
small_SRR7963242	SE	1	5	10	65	5	1277952224	1297613044	19660820	51739	1.758371
small_SRR7963242	SE	1	5	11	71	5	1395917144	1415577964	19660820	51739	1.882183
small_SRR7963242	SE	1	5	12	77	5	1513881684	1533542504	19660820	51739	1.674251
small_SRR7963242	SE	1	5	13	83	5	1631846604	1651507424	19660820	51739	1.517698
small_SRR7963242	SE	1	5	14	89	5	1749811524	1769472344	19660820	51739	1.577345
small_SRR7963242	SE	1	5	15	95	5	1867776064	1887436884	19660820	51739	1.628795
small_SRR7963242	SE	1	5	16	101	5	1985740984	2005401804	19660820	51739	1.556037
small_SRR7963242	SE	1	5	17	107	5	2103705904	2123366724	19660820	51739	1.575244
small_SRR7963242	SE	1	-1	19	118	4	2319974544	2339635364	19660820	51739	1.650036
small_SRR7963242	SE	1	-1	20	124	4	2437939464	2457600284	19660820	51739	1.560809
small_SRR7963242	SE	1	-1	21	130	4	2555904004	2575564824	19660820	51739	1.509053
small_SRR7963242	SE	1	-1	22	136	4	2673868924	2693529744	19660820	51739	1.540738
small_SRR7963242	SE	1	-1	23	142	4	2791833844	2811494664	19660820	51739	1.539331
small_SRR7963242	SE	1	-1	24	148	4	2909798764	2929459204	19660440	51738	1.554738
small_SRR7963242	SE	1	-1	25	154	4	3027763304	3047424124	19660820	51739	1.554242
small_SRR7963242	SE	1	-1	26	160	4	3145728224	3165389044	19660820	51739	1.556109
small_SRR7963242	SE	1	-1	27	166	4	3263693144	3283353964	19660820	51739	1.615612
small_SRR7963242	SE	1	-1	28	172	4	3381657684	3401318504	19660820	51739	1.516434
small_SRR7963242	SE	1	-1	29	178	4	3425894624	3430809924	4915300	12935	0.464695
small_SRR7963242	SE	1	-1	30	184	4	3455385664	3460300964	4915300	12935	0.50114
small_SRR7963242	SE	1	-1	31	190	4	3484877084	3489792004	4914920	12934	0.479643
small_SRR7963242	SE	1	-1	32	196	4	3514368124	3519283424	4915300	12935	0.430419
small_SRR7963242	SE	1	-1	33	202	4	3543859544	3548774464	4914920	12934	0.446527
small_SRR7963242	SE	1	-1	34	208	4	3573350584	3578265884	4915300	12935	0.427276
small_SRR7963242	SE	1	-1	35	214	4	3602841624	3607756924	4915300	12935	0.44735
small_SRR7963242	SE	1	-1	36	220	4	3632333044	3637248344	4915300	12935	0.56384
small_SRR7963242	SE	1	-1	37	226	4	3661824084	3666739384	4915300	12935	0.451101
small_SRR7963242	SE	1	-1	38	232	4	3691315504	3696230424	4914920	12934	0.4589
small_SRR7963242	SE	1	-1	39	238	4	3720806544	3725721844	4915300	12935	0.449124
small_SRR7963242	SE	1	-1	40	244	4	3750297964	3755212884	4914920	12934	0.498958
small_SRR7963242	SE	1	-1	41	250	4	3779789004	3784704304	4915300	12935	0.502459
small_SRR7963242	SE	1	-1	42	253	1	3794534524	3795555588	1021064	2687	0.226106
small_SRR7963242	SE	1	-1	19	119	5	2339635364	2359296184	19660820	51739	1.62967
small_SRR7963242	SE	1	-1	20	125	5	2457600284	2477261104	19660820	51739	1.569327
small_SRR7963242	SE	1	-1	21	131	5	2575564824	2595225644	19660820	51739	1.765439
small_SRR7963242	SE	1	-1	22	137	5	2693529744	2713190564	19660820	51739	1.552264
small_SRR7963242	SE	1	-1	23	143	5	2811494664	2831155484	19660820	51739	1.545297
small_SRR7963242	SE	1	-1	24	149	5	2929459204	2949120024	19660820	51739	1.564595
small_SRR7963242	SE	1	-1	25	155	5	3047424124	3067084944	19660820	51739	1.660561
small_SRR7963242	SE	1	-1	26	161	5	3165389044	3185049864	19660820	51739	1.625923
small_SRR7963242	SE	1	-1	27	167	5	3283353964	3303014404	19660440	51738	1.572213
small_SRR7963242	SE	1	-1	28	173	5	3401318504	3406233804	4915300	12935	0.423397
small_SRR7963242	SE	1	-1	29	179	5	3430809924	3435724844	4914920	12934	0.456185
small_SRR7963242	SE	1	-1	30	185	5	3460300964	3465216264	4915300	12935	0.423655
small_SRR7963242	SE	1	-1	31	191	5	3489792004	3494707304	4915300	12935	0.491403
small_SRR7963242	SE	1	-1	32	197	5	3519283424	3524198724	4915300	12935	0.446443
small_SRR7963242	SE	1	-1	33	203	5	3548774464	3553689764	4915300	12935	0.48115
small_SRR7963242	SE	1	-1	34	209	5	3578265884	3583180804	4914920	12934	0.431942
small_SRR7963242	SE	1	-1	35	215	5	3607756924	3612672224	4915300	12935	0.534305
small_SRR7963242	SE	1	-1	36	221	5	3637248344	3642163264	4914920	12934	0.440458
small_SRR7963242	SE	1	-1	37	227	5	3666739384	3671654684	4915300	12935	0.588636
small_SRR7963242	SE	1	-1	38	233	5	3696230424	3701145724	4915300	12935	0.50319
small_SRR7963242	SE	1	-1	39	239	5	3725721844	3730637144	4915300	12935	0.522742
small_SRR7963242	SE	1	-1	40	245	5	3755212884	3760128184	4915300	12935	0.45155
small_SRR7963242	SE	1	-1	41	251	5	3784704304	3789619224	4914920	12934	0.722075
small_SRR7963242	SE	2	0	0	0	0	0	19661160	19661160	52972	2.936674
small_SRR7963242	SE	2	0	1	6	0	117965124	137625788	19660664	52289	1.577261
small_SRR7963242	SE	2	0	2	12	0	235929860	255590524	19660664	52289	1.621778
small_SRR7963242	SE	2	0	3	18	0	353894596	373555260	19660664	52289	1.551883
small_SRR7963242	SE	2	0	4	24	0	471859364	491520184	19660820	51739	1.539135
small_SRR7963242	SE	2	0	5	30	0	589824284	609485104	19660820	51739	1.49939
small_SRR7963242	SE	2	0	6	36	0	707788824	727449644	19660820	51739	1.537229
small_SRR7963242	SE	2	0	7	42	0	825753744	845414564	19660820	51739	1.578206
small_SRR7963242	SE	2	0	8	48	0	943718664	963379484	19660820	51739	1.56677
small_SRR7963242	SE	2	0	9	54	0	1061683204	1081344024	19660820	51739	1.56889
small_SRR7963242	SE	2	0	10	60	0	1179648124	1199308944	19660820	51739	1.644422
small_SRR7963242	SE	2	0	11	66	0	1297613044	1317273864	19660820	51739	1.61177
small_SRR7963242	SE	2	0	12	72	0	1415577964	1435238404	19660440	51738	1.514573
small_SRR7963242	SE	2	0	13	78	0	1533542504	1553203324	19660820	51739	1.603531
small_SRR7963242	SE	2	0	14	84	0	1651507424	1671168244	19660820	51739	1.521508
small_SRR7963242	SE	2	0	15	90	0	1769472344	1789133164	19660820	51739	1.473348
small_SRR7963242	SE	2	0	16	96	0	1887436884	1907097704	19660820	51739	1.624707
small_SRR7963242	SE	2	0	17	102	0	2005401804	2025062624	19660820	51739	1.6216
small_SRR7963242	SE	2	0	18	108	0	2123366724	2143027544	19660820	51739	1.581343
small_SRR7963242	SE	2	0	19	114	0	2241331264	2260992084	19660820	51739	1.551471
small_SRR7963242	SE	2	0	20	120	0	2359296184	2378957004	19660820	51739	1.585112
small_SRR7963242	SE	2	0	21	126	0	2477261104	2496921924	19660820	51739	1.552402
small_SRR7963242	SE	2	0	22	132	0	2595225644	2614886464	19660820	51739	1.625684
small_SRR7963242	SE	2	0	23	138	0	2713190564	2732851384	19660820	51739	1.694315
small_SRR7963242	SE	2	0	24	144	0	2831155484	2850816304	19660820	51739	1.536029
small_SRR7963242	SE	2	0	25	150	0	2949120024	2968780844	19660820	51739	1.531617
small_SRR7963242	SE	2	0	26	156	0	3067084944	3086745764	19660820	51739	1.542037
small_SRR7963242	SE	2	0	27	162	0	3185049864	3204710684	19660820	51739	1.510074
small_SRR7963242	SE	2	0	28	168	0	3303014404	3322675224	19660820	51739	1.592561
small_SRR7963242	SE	2	0	29	174	0	3406233804	3411149104	4915300	12935	0.550209
small_SRR7963242	SE	2	0	30	180	0	3435724844	3440640144	4915300	12935	0.577272
small_SRR7963242	SE	2	0	31	186	0	3465216264	3470131564	4915300	12935	0.48454
small_SRR7963242	SE	2	0	32	192	0	3494707304	3499622604	4915300	12935	0.473258
small_SRR7963242	SE	2	0	33	198	0	3524198724	3529113644	4914920	12934	0.504022
small_SRR7963242	SE	2	0	34	204	0	3553689764	3558605064	4915300	12935	0.462199
small_SRR7963242	SE	2	0	35	210	0	3583180804	3588096104	4915300	12935	0.531511
small_SRR7963242	SE	2	0	36	216	0	3612672224	3617587524	4915300	12935	0.445901
small_SRR7963242	SE	2	0	37	222	0	3642163264	3647078564	4915300	12935	0.483284
small_SRR7963242	SE	2	0	38	228	0	3671654684	3676569604	4914920	12934	0.438667
small_SRR7963242	SE	2	0	39	234	0	3701145724	3706061024	4915300	12935	0.454599
small_SRR7963242	SE	2	0	40	240	0	3730637144	3735552064	4914920	12934	0.465107
small_SRR7963242	SE	2	0	41	246	0	3760128184	3765043484	4915300	12935	0.526607
small_SRR7963242	SE	2	0	42	252	0	3789619224	3794534524	4915300	12935	0.507475
small_SRR7963242	SE	2	1	0	1	1	19661160	39321716	19660556	52789	2.499991
small_SRR7963242	SE	2	1	1	7	1	137625788	157286452	19660664	52289	1.59061
small_SRR7963242	SE	2	1	2	13	1	255590524	275251564	19661040	52290	1.593503
small_SRR7963242	SE	2	1	3	19	1	373555260	393216084	19660824	51795	1.558101
small_SRR7963242	SE	2	1	4	25	1	491520184	511181004	19660820	51739	1.548125
small_SRR7963242	SE	2	1	5	31	1	609485104	629145924	19660820	51739	1.56432
small_SRR7963242	SE	2	1	6	37	1	727449644	747110464	19660820	51739	1.531218
small_SRR7963242	SE	2	1	7	43	1	845414564	865075384	19660820	51739	1.507068
small_SRR7963242	SE	2	1	8	49	1	963379484	983040304	19660820	51739	1.535318
small_SRR7963242	SE	2	1	9	55	1	1081344024	1101004844	19660820	51739	1.512208
small_SRR7963242	SE	2	1	10	61	1	1199308944	1218969764	19660820	51739	1.826625
small_SRR7963242	SE	2	1	11	67	1	1317273864	1336934684	19660820	51739	1.518301
small_SRR7963242	SE	2	1	12	73	1	1435238404	1454899224	19660820	51739	1.569553
small_SRR7963242	SE	2	1	13	79	1	1553203324	1572864144	19660820	51739	1.573974
small_SRR7963242	SE	2	1	14	85	1	1671168244	1690829064	19660820	51739	1.550951
small_SRR7963242	SE	2	1	15	91	1	1789133164	1808793604	19660440	51738	1.542351
small_SRR7963242	SE	2	1	16	97	1	1907097704	1926758524	19660820	51739	1.564683
small_SRR7963242	SE	2	1	17	103	1	2025062624	2044723444	19660820	51739	1.540419
small_SRR7963242	SE	2	2	0	2	2	39321716	58982756	19661040	52290	2.694545
small_SRR7963242	SE	2	2	1	8	2	157286452	176947492	19661040	52290	1.542808
small_SRR7963242	SE	2	2	2	14	2	275251564	294912228	19660664	52289	1.524328
small_SRR7963242	SE	2	2	3	20	2	393216084	412876904	19660820	51739	1.450182
small_SRR7963242	SE	2	2	4	26	2	511181004	530841824	19660820	51739	1.587492
small_SRR7963242	SE	2	2	5	32	2	629145924	648806744	19660820	51739	1.491108
small_SRR7963242	SE	2	2	6	38	2	747110464	766771284	19660820	51739	1.583464
small_SRR7963242	SE	2	2	7	44	2	865075384	884736204	19660820	51739	1.470667
small_SRR7963242	SE	2	2	8	50	2	983040304	1002701124	19660820	51739	1.595637
small_SRR7963242	SE	2	2	9	56	2	1101004844	1120665664	19660820	51739	1.588802
small_SRR7963242	SE	2	2	10	62	2	1218969764	1238630584	19660820	51739	1.488798
small_SRR7963242	SE	2	2	11	68	2	1336934684	1356595504	19660820	51739	1.550076
small_SRR7963242	SE	2	2	12	74	2	1454899224	1474560044	19660820	51739	1.580561
small_SRR7963242	SE	2	2	13	80	2	1572864144	1592524964	19660820	51739	1.55186
small_SRR7963242	SE	2	2	14	86	2	1690829064	1710489884	19660820	51739	1.509731
small_SRR7963242	SE	2	2	15	92	2	1808793604	1828454424	19660820	51739	1.593719
small_SRR7963242	SE	2	2	16	98	2	1926758524	1946419344	19660820	51739	1.583907
small_SRR7963242	SE	2	2	17	104	2	2044723444	2064384264	19660820	51739	1.659274
small_SRR7963242	SE	2	2	18	110	1	2143027544	2162688364	19660820	51739	1.499408
small_SRR7963242	SE	2	2	19	115	1	2260992084	2280652904	19660820	51739	1.605968
small_SRR7963242	SE	2	2	20	121	1	2378957004	2398617824	19660820	51739	1.584568
small_SRR7963242	SE	2	2	21	127	1	2496921924	2516582744	19660820	51739	1.555297
small_SRR7963242	SE	2	2	22	133	1	2614886464	2634547284	19660820	51739	1.486891
small_SRR7963242	SE	2	2	23	139	1	2732851384	2752512204	19660820	51739	1.529556
small_SRR7963242	SE	2	2	24	145	1	2850816304	2870477124	19660820	51739	1.538574
small_SRR7963242	SE	2	2	25	151	1	2968780844	2988441664	19660820	51739	1.613937
small_SRR7963242	SE	2	2	26	157	1	3086745764	3106406584	19660820	51739	1.593462
small_SRR7963242	SE	2	2	27	163	1	3204710684	3224371504	19660820	51739	1.553558
small_SRR7963242	SE	2	2	28	169	1	3322675224	3342336044	19660820	51739	1.631113
small_SRR7963242	SE	2	2	29	175	1	3411149104	3416064024	4914920	12934	0.507088
small_SRR7963242	SE	2	2	30	181	1	3440640144	3445555444	4915300	12935	0.447517
small_SRR7963242	SE	2	2	31	187	1	3470131564	3475046484	4914920	12934	0.4613
small_SRR7963242	SE	2	2	32	193	1	3499622604	3504537904	4915300	12935	0.465763
small_SRR7963242	SE	2	2	33	199	1	3529113644	3534028944	4915300	12935	0.47349
small_SRR7963242	SE	2	2	34	205	1	3558605064	3563520364	4915300	12935	0.482191
small_SRR7963242	SE	2	2	35	211	1	3588096104	3593011404	4915300	12935	0.572268
small_SRR7963242	SE	2	2	36	217	1	3617587524	3622502444	4914920	12934	0.473871
small_SRR7963242	SE	2	2	37	223	1	3647078564	3651993864	4915300	12935	0.527615
small_SRR7963242	SE	2	2	38	229	1	3676569604	3681484904	4915300	12935	0.498083
small_SRR7963242	SE	2	2	39	235	1	3706061024	3710976324	4915300	12935	0.515144
small_SRR7963242	SE	2	2	40	241	1	3735552064	3740467364	4915300	12935	0.501885
small_SRR7963242	SE	2	2	41	247	1	3765043484	3769958404	4914920	12934	0.579266
small_SRR7963242	SE	2	2	19	116	2	2280652904	2300313724	19660820	51739	1.579461
small_SRR7963242	SE	2	2	20	122	2	2398617824	2418278644	19660820	51739	1.604254
small_SRR7963242	SE	2	2	21	128	2	2516582744	2536243564	19660820	51739	1.561209
small_SRR7963242	SE	2	2	22	134	2	2634547284	2654208104	19660820	51739	1.525138
small_SRR7963242	SE	2	2	23	140	2	2752512204	2772173024	19660820	51739	1.572464
small_SRR7963242	SE	2	2	24	146	2	2870477124	2890137944	19660820	51739	1.58229
small_SRR7963242	SE	2	2	25	152	2	2988441664	3008102484	19660820	51739	1.642834
small_SRR7963242	SE	2	2	26	158	2	3106406584	3126067404	19660820	51739	1.550746
small_SRR7963242	SE	2	2	27	164	2	3224371504	3244032324	19660820	51739	1.563726
small_SRR7963242	SE	2	2	28	170	2	3342336044	3361996864	19660820	51739	1.599158
small_SRR7963242	SE	2	2	29	176	2	3416064024	3420979324	4915300	12935	0.499219
small_SRR7963242	SE	2	2	30	182	2	3445555444	3450470744	4915300	12935	0.541999
small_SRR7963242	SE	2	2	31	188	2	3475046484	3479961784	4915300	12935	0.572576
small_SRR7963242	SE	2	2	32	194	2	3504537904	3509452824	4914920	12934	0.481282
small_SRR7963242	SE	2	2	33	200	2	3534028944	3538944244	4915300	12935	0.436959
small_SRR7963242	SE	2	2	34	206	2	3563520364	3568435284	4914920	12934	0.472627
small_SRR7963242	SE	2	2	35	212	2	3593011404	3597926704	4915300	12935	0.457907
small_SRR7963242	SE	2	2	36	218	2	3622502444	3627417744	4915300	12935	0.570041
small_SRR7963242	SE	2	2	37	224	2	3651993864	3656909164	4915300	12935	0.550763
small_SRR7963242	SE	2	2	38	230	2	3681484904	3686400204	4915300	12935	0.561774
small_SRR7963242	SE	2	2	39	236	2	3710976324	3715891244	4914920	12934	0.462131
small_SRR7963242	SE	2	2	40	242	2	3740467364	3745382664	4915300	12935	0.509069
small_SRR7963242	SE	2	2	41	248	2	3769958404	3774873704	4915300	12935	0.468445
small_SRR7963242	SE	2	3	0	3	3	58982756	78643420	19660664	52289	2.422169
small_SRR7963242	SE	2	3	1	9	3	176947492	196608156	19660664	52289	1.58295
small_SRR7963242	SE	2	3	2	15	3	294912228	314572892	19660664	52289	1.63153
small_SRR7963242	SE	2	3	3	21	3	412876904	432537724	19660820	51739	1.49546
small_SRR7963242	SE	2	3	4	27	3	530841824	550502644	19660820	51739	1.552984
small_SRR7963242	SE	2	3	5	33	3	648806744	668467564	19660820	51739	1.523063
small_SRR7963242	SE	2	3	6	39	3	766771284	786432104	19660820	51739	1.520703
small_SRR7963242	SE	2	3	7	45	3	884736204	904397024	19660820	51739	1.497655
small_SRR7963242	SE	2	3	8	51	3	1002701124	1022361944	19660820	51739	1.514553
small_SRR7963242	SE	2	3	9	57	3	1120665664	1140326484	19660820	51739	1.653114
small_SRR7963242	SE	2	3	10	63	3	1238630584	1258291404	19660820	51739	1.624986
small_SRR7963242	SE	2	3	11	69	3	1356595504	1376256324	19660820	51739	1.502306
small_SRR7963242	SE	2	3	12	75	3	1474560044	1494220864	19660820	51739	1.514537
small_SRR7963242	SE	2	3	13	81	3	1592524964	1612185784	19660820	51739	1.554687
small_SRR7963242	SE	2	3	14	87	3	1710489884	1730150704	19660820	51739	1.545493
small_SRR7963242	SE	2	3	15	93	3	1828454424	1848115244	19660820	51739	1.602109
small_SRR7963242	SE	2	3	16	99	3	1946419344	1966080164	19660820	51739	1.582166
small_SRR7963242	SE	2	3	17	105	3	2064384264	2084045084	19660820	51739	1.585715
small_SRR7963242	SE	2	-1	19	117	3	2300313724	2319974544	19660820	51739	1.549535
small_SRR7963242	SE	2	-1	20	123	3	2418278644	2437939464	19660820	51739	1.572373
small_SRR7963242	SE	2	-1	21	129	3	2536243564	2555904004	19660440	51738	1.57997
small_SRR7963242	SE	2	-1	22	135	3	2654208104	2673868924	19660820	51739	1.799783
small_SRR7963242	SE	2	-1	23	141	3	2772173024	2791833844	19660820	51739	1.695346
small_SRR7963242	SE	2	-1	24	147	3	2890137944	2909798764	19660820	51739	1.557779
small_SRR7963242	SE	2	-1	25	153	3	3008102484	3027763304	19660820	51739	1.621786
small_SRR7963242	SE	2	-1	26	159	3	3126067404	3145728224	19660820	51739	1.528228
small_SRR7963242	SE	2	-1	27	165	3	3244032324	3263693144	19660820	51739	1.521219
small_SRR7963242	SE	2	-1	28	171	3	3361996864	3381657684	19660820	51739	1.606549
small_SRR7963242	SE	2	-1	29	177	3	3420979324	3425894624	4915300	12935	0.554879
small_SRR7963242	SE	2	-1	30	183	3	3450470744	3455385664	4914920	12934	0.574205
small_SRR7963242	SE	2	-1	31	189	3	3479961784	3484877084	4915300	12935	0.403549
small_SRR7963242	SE	2	-1	32	195	3	3509452824	3514368124	4915300	12935	0.571939
small_SRR7963242	SE	2	-1	33	201	3	3538944244	3543859544	4915300	12935	0.514073
small_SRR7963242	SE	2	-1	34	207	3	3568435284	3573350584	4915300	12935	0.456715
small_SRR7963242	SE	2	-1	35	213	3	3597926704	3602841624	4914920	12934	0.644054
small_SRR7963242	SE	2	-1	36	219	3	3627417744	3632333044	4915300	12935	0.443874
small_SRR7963242	SE	2	-1	37	225	3	3656909164	3661824084	4914920	12934	0.431415
small_SRR7963242	SE	2	-1	38	231	3	3686400204	3691315504	4915300	12935	0.479955
small_SRR7963242	SE	2	-1	39	237	3	3715891244	3720806544	4915300	12935	0.560902
small_SRR7963242	SE	2	-1	40	243	3	3745382664	3750297964	4915300	12935	0.480817
small_SRR7963242	SE	2	-1	41	249	3	3774873704	3779789004	4915300	12935	0.579397
small_SRR7963242	SE	2	-1	42	253	1	3794534524	3795555588	1021064	2687	0.242655
small_SRR7963242	SE	2	4	0	4	4	78643420	98304084	19660664	52289	2.454736
small_SRR7963242	SE	2	4	1	10	4	196608156	216268820	19660664	52289	1.651543
small_SRR7963242	SE	2	4	2	16	4	314572892	334233932	19661040	52290	1.598143
small_SRR7963242	SE	2	4	3	22	4	432537724	452198544	19660820	51739	1.4917
small_SRR7963242	SE	2	4	4	28	4	550502644	570163464	19660820	51739	1.485518
small_SRR7963242	SE	2	4	5	34	4	668467564	688128004	19660440	51738	1.537312
small_SRR7963242	SE	2	4	6	40	4	786432104	806092924	19660820	51739	1.606263
small_SRR7963242	SE	2	4	7	46	4	904397024	924057844	19660820	51739	1.565364
small_SRR7963242	SE	2	4	8	52	4	1022361944	1042022764	19660820	51739	1.636602
small_SRR7963242	SE	2	4	9	58	4	1140326484	1159987304	19660820	51739	1.570244
small_SRR7963242	SE	2	4	10	64	4	1258291404	1277952224	19660820	51739	1.54964
small_SRR7963242	SE	2	4	11	70	4	1376256324	1395917144	19660820	51739	1.601333
small_SRR7963242	SE	2	4	12	76	4	1494220864	1513881684	19660820	51739	1.573438
small_SRR7963242	SE	2	4	13	82	4	1612185784	1631846604	19660820	51739	1.533626
small_SRR7963242	SE	2	4	14	88	4	1730150704	1749811524	19660820	51739	1.529129
small_SRR7963242	SE	2	4	15	94	4	1848115244	1867776064	19660820	51739	1.62785
small_SRR7963242	SE	2	4	16	100	4	1966080164	1985740984	19660820	51739	1.530878
small_SRR7963242	SE	2	4	17	106	4	2084045084	2103705904	19660820	51739	1.515652
small_SRR7963242	SE	2	-1	19	118	4	2319974544	2339635364	19660820	51739	1.668883
small_SRR7963242	SE	2	-1	20	124	4	2437939464	2457600284	19660820	51739	1.563402
small_SRR7963242	SE	2	-1	21	130	4	2555904004	2575564824	19660820	51739	1.51542
small_SRR7963242	SE	2	-1	22	136	4	2673868924	2693529744	19660820	51739	1.545885
small_SRR7963242	SE	2	-1	23	142	4	2791833844	2811494664	19660820	51739	1.537169
small_SRR7963242	SE	2	-1	24	148	4	2909798764	2929459204	19660440	51738	1.554791
small_SRR7963242	SE	2	-1	25	154	4	3027763304	3047424124	19660820	51739	1.559916
small_SRR7963242	SE	2	-1	26	160	4	3145728224	3165389044	19660820	51739	1.560681
small_SRR7963242	SE	2	-1	27	166	4	3263693144	3283353964	19660820	51739	1.62397
small_SRR7963242	SE	2	-1	28	172	4	3381657684	3401318504	19660820	51739	1.519884
small_SRR7963242	SE	2	-1	29	178	4	3425894624	3430809924	4915300	12935	0.464093
small_SRR7963242	SE	2	-1	30	184	4	3455385664	3460300964	4915300	12935	0.50368
small_SRR7963242	SE	2	-1	31	190	4	3484877084	3489792004	4914920	12934	0.477183
small_SRR7963242	SE	2	-1	32	196	4	3514368124	3519283424	4915300	12935	0.433965
small_SRR7963242	SE	2	-1	33	202	4	3543859544	3548774464	4914920	12934	0.452635
small_SRR7963242	SE	2	-1	34	208	4	3573350584	3578265884	4915300	12935	0.429488
small_SRR7963242	SE	2	-1	35	214	4	3602841624	3607756924	4915300	12935	0.450104
small_SRR7963242	SE	2	-1	36	220	4	3632333044	3637248344	4915300	12935	0.545035
small_SRR7963242	SE	2	-1	37	226	4	3661824084	3666739384	4915300	12935	0.453951
small_SRR7963242	SE	2	-1	38	232	4	3691315504	3696230424	4914920	12934	0.464579
small_SRR7963242	SE	2	-1	39	238	4	3720806544	3725721844	4915300	12935	0.447315
small_SRR7963242	SE	2	-1	40	244	4	3750297964	3755212884	4914920	12934	0.497639
small_SRR7963242	SE	2	-1	41	250	4	3779789004	3784704304	4915300	12935	0.488324
small_SRR7963242	SE	2	5	0	5	5	98304084	117965124	19661040	52290	2.331888
small_SRR7963242	SE	2	5	1	11	5	216268820	235929860	19661040	52290	1.609346
small_SRR7963242	SE	2	5	2	17	5	334233932	353894596	19660664	52289	1.530723
small_SRR7963242	SE	2	5	3	23	5	452198544	471859364	19660820	51739	1.509481
small_SRR7963242	SE	2	5	4	29	5	570163464	589824284	19660820	51739	1.555537
small_SRR7963242	SE	2	5	5	35	5	688128004	707788824	19660820	51739	1.497002
small_SRR7963242	SE	2	5	6	41	5	806092924	825753744	19660820	51739	1.537408
small_SRR7963242	SE	2	5	7	47	5	924057844	943718664	19660820	51739	1.556199
small_SRR7963242	SE	2	5	8	53	5	1042022764	1061683204	19660440	51738	1.618532
small_SRR7963242	SE	2	5	9	59	5	1159987304	1179648124	19660820	51739	1.619219
small_SRR7963242	SE	2	5	10	65	5	1277952224	1297613044	19660820	51739	1.762385
small_SRR7963242	SE	2	5	11	71	5	1395917144	1415577964	19660820	51739	1.892283
small_SRR7963242	SE	2	5	12	77	5	1513881684	1533542504	19660820	51739	1.651979
small_SRR7963242	SE	2	5	13	83	5	1631846604	1651507424	19660820	51739	1.5032
small_SRR7963242	SE	2	5	14	89	5	1749811524	1769472344	19660820	51739	1.554776
small_SRR7963242	SE	2	5	15	95	5	1867776064	1887436884	19660820	51739	1.630942
small_SRR7963242	SE	2	5	16	101	5	1985740984	2005401804	19660820	51739	1.557269
small_SRR7963242	SE	2	5	17	107	5	2103705904	2123366724	19660820	51739	1.574585
small_SRR7963242	SE	2	-1	19	119	5	2339635364	2359296184	19660820	51739	1.63649
small_SRR7963242	SE	2	-1	20	125	5	2457600284	2477261104	19660820	51739	1.565749
small_SRR7963242	SE	2	-1	21	131	5	2575564824	2595225644	19660820	51739	1.775518
small_SRR7963242	SE	2	-1	22	137	5	2693529744	2713190564	19660820	51739	1.556541
small_SRR7963242	SE	2	-1	23	143	5	2811494664	2831155484	19660820	51739	1.545577
small_SRR7963242	SE	2	-1	24	149	5	2929459204	2949120024	19660820	51739	1.557439
small_SRR7963242	SE	2	-1	25	155	5	3047424124	3067084944	19660820	51739	1.652811
small_SRR7963242	SE	2	-1	26	161	5	3165389044	3185049864	19660820	51739	1.621657
small_SRR7963242	SE	2	-1	27	167	5	3283353964	3303014404	19660440	51738	1.556915
small_SRR7963242	SE	2	-1	28	173	5	3401318504	3406233804	4915300	12935	0.411869
small_SRR7963242	SE	2	-1	29	179	5	3430809924	3435724844	4914920	12934	0.460951
small_SRR7963242	SE	2	-1	30	185	5	3460300964	3465216264	4915300	12935	0.430836
small_SRR7963242	SE	2	-1	31	191	5	3489792004	3494707304	4915300	12935	0.485458
small_SRR7963242	SE	2	-1	32	197	5	3519283424	3524198724	4915300	12935	0.44934
small_SRR7963242	SE	2	-1	33	203	5	3548774464	3553689764	4915300	12935	0.465964
small_SRR7963242	SE	2	-1	34	209	5	3578265884	3583180804	4914920	12934	0.429829
small_SRR7963242	SE	2	-1	35	215	5	3607756924	3612672224	4915300	12935	0.531335
small_SRR7963242	SE	2	-1	36	221	5	3637248344	3642163264	4914920	12934	0.434789
small_SRR7963242	SE	2	-1	37	227	5	3666739384	3671654684	4915300	12935	0.592615
small_SRR7963242	SE	2	-1	38	233	5	3696230424	3701145724	4915300	12935	0.508714
small_SRR7963242	SE	2	-1	39	239	5	3725721844	3730637144	4915300	12935	0.499545
small_SRR7963242	SE	2	-1	40	245	5	3755212884	3760128184	4915300	12935	0.449181
small_SRR7963242	SE	2	-1	41	251	5	3784704304	3789619224	4914920	12934	0.720025
small_SRR7963242	SE	3	0	0	0	0	0	19661160	19661160	52972	2.969355
small_SRR7963242	SE	3	0	1	6	0	117965124	137625788	19660664	52289	1.569152
small_SRR7963242	SE	3	0	2	12	0	235929860	255590524	19660664	52289	1.610899
small_SRR7963242	SE	3	0	3	18	0	353894596	373555260	19660664	52289	1.55143
small_SRR7963242	SE	3	0	4	24	0	471859364	491520184	19660820	51739	1.554975
small_SRR7963242	SE	3	0	5	30	0	589824284	609485104	19660820	51739	1.511374
small_SRR7963242	SE	3	0	6	36	0	707788824	727449644	19660820	51739	1.542248
small_SRR7963242	SE	3	0	7	42	0	825753744	845414564	19660820	51739	1.578088
small_SRR7963242	SE	3	0	8	48	0	943718664	963379484	19660820	51739	1.572062
small_SRR7963242	SE	3	0	9	54	0	1061683204	1081344024	19660820	51739	1.586634
small_SRR7963242	SE	3	0	10	60	0	1179648124	1199308944	19660820	51739	1.64843
small_SRR7963242	SE	3	0	11	66	0	1297613044	1317273864	19660820	51739	1.616511
small_SRR7963242	SE	3	0	12	72	0	1415577964	1435238404	19660440	51738	1.514654
small_SRR7963242	SE	3	0	13	78	0	1533542504	1553203324	19660820	51739	1.599006
small_SRR7963242	SE	3	0	14	84	0	1651507424	1671168244	19660820	51739	1.536915
small_SRR7963242	SE	3	0	15	90	0	1769472344	1789133164	19660820	51739	1.470389
small_SRR7963242	SE	3	0	16	96	0	1887436884	1907097704	19660820	51739	1.624008
small_SRR7963242	SE	3	0	17	102	0	2005401804	2025062624	19660820	51739	1.62013
small_SRR7963242	SE	3	0	18	108	0	2123366724	2143027544	19660820	51739	1.588572
small_SRR7963242	SE	3	0	19	114	0	2241331264	2260992084	19660820	51739	1.554623
small_SRR7963242	SE	3	0	20	120	0	2359296184	2378957004	19660820	51739	1.595804
small_SRR7963242	SE	3	0	21	126	0	2477261104	2496921924	19660820	51739	1.559016
small_SRR7963242	SE	3	0	22	132	0	2595225644	2614886464	19660820	51739	1.643092
small_SRR7963242	SE	3	0	23	138	0	2713190564	2732851384	19660820	51739	1.708989
small_SRR7963242	SE	3	0	24	144	0	2831155484	2850816304	19660820	51739	1.537618
small_SRR7963242	SE	3	0	25	150	0	2949120024	2968780844	19660820	51739	1.553772
small_SRR7963242	SE	3	0	26	156	0	3067084944	3086745764	19660820	51739	1.553579
small_SRR7963242	SE	3	0	27	162	0	3185049864	3204710684	19660820	51739	1.520998
small_SRR7963242	SE	3	0	28	168	0	3303014404	3322675224	19660820	51739	1.579294
small_SRR7963242	SE	3	0	29	174	0	3406233804	3411149104	4915300	12935	0.549647
small_SRR7963242	SE	3	0	30	180	0	3435724844	3440640144	4915300	12935	0.588251
small_SRR7963242	SE	3	0	31	186	0	3465216264	3470131564	4915300	12935	0.49222
small_SRR7963242	SE	3	0	32	192	0	3494707304	3499622604	4915300	12935	0.470809
small_SRR7963242	SE	3	0	33	198	0	3524198724	3529113644	4914920	12934	0.509658
small_SRR7963242	SE	3	0	34	204	0	3553689764	3558605064	4915300	12935	0.463917
small_SRR7963242	SE	3	0	35	210	0	3583180804	3588096104	4915300	12935	0.52803
small_SRR7963242	SE	3	0	36	216	0	3612672224	3617587524	4915300	12935	0.450767
small_SRR7963242	SE	3	0	37	222	0	3642163264	3647078564	4915300	12935	0.479066
small_SRR7963242	SE	3	0	38	228	0	3671654684	3676569604	4914920	12934	0.453105
small_SRR7963242	SE	3	0	39	234	0	3701145724	3706061024	4915300	12935	0.468885
small_SRR7963242	SE	3	0	40	240	0	3730637144	3735552064	4914920	12934	0.467593
small_SRR7963242	SE	3	0	41	246	0	3760128184	3765043484	4915300	12935	0.528411
small_SRR7963242	SE	3	0	42	253	1	3794534524	3795555588	1021064	2687	0.233011
small_SRR7963242	SE	3	1	0	1	1	19661160	39321716	19660556	52789	2.510471
small_SRR7963242	SE	3	1	1	7	1	137625788	157286452	19660664	52289	1.597204
small_SRR7963242	SE	3	1	2	13	1	255590524	275251564	19661040	52290	1.587387
small_SRR7963242	SE	3	1	3	19	1	373555260	393216084	19660824	51795	1.53936
small_SRR7963242	SE	3	1	4	25	1	491520184	511181004	19660820	51739	1.551803
small_SRR7963242	SE	3	1	5	31	1	609485104	629145924	19660820	51739	1.562819
small_SRR7963242	SE	3	1	6	37	1	727449644	747110464	19660820	51739	1.53139
small_SRR7963242	SE	3	1	7	43	1	845414564	865075384	19660820	51739	1.510402
small_SRR7963242	SE	3	1	8	49	1	963379484	983040304	19660820	51739	1.535774
small_SRR7963242	SE	3	1	9	55	1	1081344024	1101004844	19660820	51739	1.496918
small_SRR7963242	SE	3	1	10	61	1	1199308944	1218969764	19660820	51739	1.814487
small_SRR7963242	SE	3	1	11	67	1	1317273864	1336934684	19660820	51739	1.519697
small_SRR7963242	SE	3	1	12	73	1	1435238404	1454899224	19660820	51739	1.563364
small_SRR7963242	SE	3	1	13	79	1	1553203324	1572864144	19660820	51739	1.57137
small_SRR7963242	SE	3	1	14	85	1	1671168244	1690829064	19660820	51739	1.565015
small_SRR7963242	SE	3	1	15	91	1	1789133164	1808793604	19660440	51738	1.543587
small_SRR7963242	SE	3	1	16	97	1	1907097704	1926758524	19660820	51739	1.566776
small_SRR7963242	SE	3	1	17	103	1	2025062624	2044723444	19660820	51739	1.532627
small_SRR7963242	SE	3	1	18	109	1	2143027544	2162688364	19660820	51739	1.504836
small_SRR7963242	SE	3	1	19	115	1	2260992084	2280652904	19660820	51739	1.598233
small_SRR7963242	SE	3	1	20	121	1	2378957004	2398617824	19660820	51739	1.569838
small_SRR7963242	SE	3	1	21	127	1	2496921924	2516582744	19660820	51739	1.554847
small_SRR7963242	SE	3	1	22	133	1	2614886464	2634547284	19660820	51739	1.503276
small_SRR7963242	SE	3	1	23	139	1	2732851384	2752512204	19660820	51739	1.515877
small_SRR7963242	SE	3	1	24	145	1	2850816304	2870477124	19660820	51739	1.538962
small_SRR7963242	SE	3	1	25	151	1	2968780844	2988441664	19660820	51739	1.605679
small_SRR7963242	SE	3	1	26	157	1	3086745764	3106406584	19660820	51739	1.596198
small_SRR7963242	SE	3	1	27	163	1	3204710684	3224371504	19660820	51739	1.555005
small_SRR7963242	SE	3	1	28	169	1	3322675224	3342336044	19660820	51739	1.633517
small_SRR7963242	SE	3	1	29	175	1	3411149104	3416064024	4914920	12934	0.496558
small_SRR7963242	SE	3	1	30	181	1	3440640144	3445555444	4915300	12935	0.4523
small_SRR7963242	SE	3	1	31	187	1	3470131564	3475046484	4914920	12934	0.461745
small_SRR7963242	SE	3	1	32	193	1	3499622604	3504537904	4915300	12935	0.469133
small_SRR7963242	SE	3	1	33	199	1	3529113644	3534028944	4915300	12935	0.477512
small_SRR7963242	SE	3	1	34	205	1	3558605064	3563520364	4915300	12935	0.479048
small_SRR7963242	SE	3	1	35	211	1	3588096104	3593011404	4915300	12935	0.565753
small_SRR7963242	SE	3	1	36	217	1	3617587524	3622502444	4914920	12934	0.472148
small_SRR7963242	SE	3	1	37	223	1	3647078564	3651993864	4915300	12935	0.527311
small_SRR7963242	SE	3	1	38	229	1	3676569604	3681484904	4915300	12935	0.501835
small_SRR7963242	SE	3	1	39	235	1	3706061024	3710976324	4915300	12935	0.515025
small_SRR7963242	SE	3	1	40	241	1	3735552064	3740467364	4915300	12935	0.496132
small_SRR7963242	SE	3	1	41	247	1	3765043484	3769958404	4914920	12934	0.57084
small_SRR7963242	SE	3	2	0	2	2	39321716	58982756	19661040	52290	2.685575
small_SRR7963242	SE	3	2	1	8	2	157286452	176947492	19661040	52290	1.535906
small_SRR7963242	SE	3	2	2	14	2	275251564	294912228	19660664	52289	1.526846
small_SRR7963242	SE	3	2	3	20	2	393216084	412876904	19660820	51739	1.447726
small_SRR7963242	SE	3	2	4	26	2	511181004	530841824	19660820	51739	1.571593
small_SRR7963242	SE	3	2	5	32	2	629145924	648806744	19660820	51739	1.493009
small_SRR7963242	SE	3	2	6	38	2	747110464	766771284	19660820	51739	1.575727
small_SRR7963242	SE	3	2	7	44	2	865075384	884736204	19660820	51739	1.475993
small_SRR7963242	SE	3	2	8	50	2	983040304	1002701124	19660820	51739	1.581284
small_SRR7963242	SE	3	2	9	56	2	1101004844	1120665664	19660820	51739	1.584556
small_SRR7963242	SE	3	2	10	62	2	1218969764	1238630584	19660820	51739	1.481341
small_SRR7963242	SE	3	2	11	68	2	1336934684	1356595504	19660820	51739	1.555293
small_SRR7963242	SE	3	2	12	74	2	1454899224	1474560044	19660820	51739	1.59126
small_SRR7963242	SE	3	2	13	80	2	1572864144	1592524964	19660820	51739	1.547023
small_SRR7963242	SE	3	2	14	86	2	1690829064	1710489884	19660820	51739	1.509512
small_SRR7963242	SE	3	2	15	92	2	1808793604	1828454424	19660820	51739	1.587014
small_SRR7963242	SE	3	2	16	98	2	1926758524	1946419344	19660820	51739	1.58071
small_SRR7963242	SE	3	2	17	104	2	2044723444	2064384264	19660820	51739	1.655163
small_SRR7963242	SE	3	3	0	3	3	58982756	78643420	19660664	52289	2.415441
small_SRR7963242	SE	3	3	1	9	3	176947492	196608156	19660664	52289	1.591791
small_SRR7963242	SE	3	3	2	15	3	294912228	314572892	19660664	52289	1.638198
small_SRR7963242	SE	3	3	3	21	3	412876904	432537724	19660820	51739	1.493468
small_SRR7963242	SE	3	3	4	27	3	530841824	550502644	19660820	51739	1.56662
small_SRR7963242	SE	3	3	5	33	3	648806744	668467564	19660820	51739	1.525859
small_SRR7963242	SE	3	3	6	39	3	766771284	786432104	19660820	51739	1.51904
small_SRR7963242	SE	3	3	7	45	3	884736204	904397024	19660820	51739	1.499595
small_SRR7963242	SE	3	3	8	51	3	1002701124	1022361944	19660820	51739	1.516358
small_SRR7963242	SE	3	3	9	57	3	1120665664	1140326484	19660820	51739	1.655067
small_SRR7963242	SE	3	3	10	63	3	1238630584	1258291404	19660820	51739	1.609155
small_SRR7963242	SE	3	3	11	69	3	1356595504	1376256324	19660820	51739	1.504463
small_SRR7963242	SE	3	3	12	75	3	1474560044	1494220864	19660820	51739	1.502004
small_SRR7963242	SE	3	3	13	81	3	1592524964	1612185784	19660820	51739	1.551171
small_SRR7963242	SE	3	3	14	87	3	1710489884	1730150704	19660820	51739	1.545206
small_SRR7963242	SE	3	3	15	93	3	1828454424	1848115244	19660820	51739	1.606104
small_SRR7963242	SE	3	3	16	99	3	1946419344	1966080164	19660820	51739	1.59115
small_SRR7963242	SE	3	3	17	105	3	2064384264	2084045084	19660820	51739	1.585404
small_SRR7963242	SE	3	3	18	111	2	2162688364	2182348804	19660440	51738	1.647965
small_SRR7963242	SE	3	3	19	116	2	2280652904	2300313724	19660820	51739	1.584003
small_SRR7963242	SE	3	3	20	122	2	2398617824	2418278644	19660820	51739	1.601741
small_SRR7963242	SE	3	3	21	128	2	2516582744	2536243564	19660820	51739	1.56185
small_SRR7963242	SE	3	3	22	134	2	2634547284	2654208104	19660820	51739	1.518416
small_SRR7963242	SE	3	3	23	140	2	2752512204	2772173024	19660820	51739	1.577961
small_SRR7963242	SE	3	3	24	146	2	2870477124	2890137944	19660820	51739	1.568454
small_SRR7963242	SE	3	3	25	152	2	2988441664	3008102484	19660820	51739	1.632828
small_SRR7963242	SE	3	3	26	158	2	3106406584	3126067404	19660820	51739	1.55497
small_SRR7963242	SE	3	3	27	164	2	3224371504	3244032324	19660820	51739	1.562028
small_SRR7963242	SE	3	3	28	170	2	3342336044	3361996864	19660820	51739	1.608181
small_SRR7963242	SE	3	3	29	176	2	3416064024	3420979324	4915300	12935	0.501893
small_SRR7963242	SE	3	3	30	182	2	3445555444	3450470744	4915300	12935	0.540562
small_SRR7963242	SE	3	3	31	188	2	3475046484	3479961784	4915300	12935	0.562787
small_SRR7963242	SE	3	3	32	194	2	3504537904	3509452824	4914920	12934	0.481362
small_SRR7963242	SE	3	3	33	200	2	3534028944	3538944244	4915300	12935	0.441316
small_SRR7963242	SE	3	3	34	206	2	3563520364	3568435284	4914920	12934	0.469288
small_SRR7963242	SE	3	3	35	212	2	3593011404	3597926704	4915300	12935	0.471596
small_SRR7963242	SE	3	3	36	218	2	3622502444	3627417744	4915300	12935	0.570347
small_SRR7963242	SE	3	3	37	224	2	3651993864	3656909164	4915300	12935	0.546514
small_SRR7963242	SE	3	3	38	230	2	3681484904	3686400204	4915300	12935	0.561233
small_SRR7963242	SE	3	3	39	236	2	3710976324	3715891244	4914920	12934	0.454538
small_SRR7963242	SE	3	3	40	242	2	3740467364	3745382664	4915300	12935	0.496153
small_SRR7963242	SE	3	3	41	248	2	3769958404	3774873704	4915300	12935	0.464881
small_SRR7963242	SE	3	3	19	117	3	2300313724	2319974544	19660820	51739	1.550933
small_SRR7963242	SE	3	3	20	123	3	2418278644	2437939464	19660820	51739	1.574051
small_SRR7963242	SE	3	3	21	129	3	2536243564	2555904004	19660440	51738	1.584269
small_SRR7963242	SE	3	3	22	135	3	2654208104	2673868924	19660820	51739	1.789083
small_SRR7963242	SE	3	3	23	141	3	2772173024	2791833844	19660820	51739	1.691958
small_SRR7963242	SE	3	3	24	147	3	2890137944	2909798764	19660820	51739	1.558186
small_SRR7963242	SE	3	3	25	153	3	3008102484	3027763304	19660820	51739	1.615519
small_SRR7963242	SE	3	3	26	159	3	3126067404	3145728224	19660820	51739	1.529778
small_SRR7963242	SE	3	3	27	165	3	3244032324	3263693144	19660820	51739	1.522638
small_SRR7963242	SE	3	3	28	171	3	3361996864	3381657684	19660820	51739	1.596181
small_SRR7963242	SE	3	3	29	177	3	3420979324	3425894624	4915300	12935	0.564207
small_SRR7963242	SE	3	3	30	183	3	3450470744	3455385664	4914920	12934	0.57884
small_SRR7963242	SE	3	3	31	189	3	3479961784	3484877084	4915300	12935	0.407192
small_SRR7963242	SE	3	3	32	195	3	3509452824	3514368124	4915300	12935	0.563322
small_SRR7963242	SE	3	3	33	201	3	3538944244	3543859544	4915300	12935	0.509625
small_SRR7963242	SE	3	3	34	207	3	3568435284	3573350584	4915300	12935	0.455722
small_SRR7963242	SE	3	3	35	213	3	3597926704	3602841624	4914920	12934	0.650887
small_SRR7963242	SE	3	3	36	219	3	3627417744	3632333044	4915300	12935	0.447138
small_SRR7963242	SE	3	3	37	225	3	3656909164	3661824084	4914920	12934	0.428715
small_SRR7963242	SE	3	3	38	231	3	3686400204	3691315504	4915300	12935	0.478574
small_SRR7963242	SE	3	3	39	237	3	3715891244	3720806544	4915300	12935	0.557591
small_SRR7963242	SE	3	3	40	243	3	3745382664	3750297964	4915300	12935	0.49411
small_SRR7963242	SE	3	3	41	249	3	3774873704	3779789004	4915300	12935	0.578171
small_SRR7963242	SE	3	3	42	252	0	3789619224	3794534524	4915300	12935	0.513511
small_SRR7963242	SE	3	4	0	4	4	78643420	98304084	19660664	52289	2.456272
small_SRR7963242	SE	3	4	1	10	4	196608156	216268820	19660664	52289	1.663466
small_SRR7963242	SE	3	4	2	16	4	314572892	334233932	19661040	52290	1.598072
small_SRR7963242	SE	3	4	3	22	4	432537724	452198544	19660820	51739	1.488183
small_SRR7963242	SE	3	4	4	28	4	550502644	570163464	19660820	51739	1.481939
small_SRR7963242	SE	3	4	5	34	4	668467564	688128004	19660440	51738	1.526995
small_SRR7963242	SE	3	4	6	40	4	786432104	806092924	19660820	51739	1.602808
small_SRR7963242	SE	3	4	7	46	4	904397024	924057844	19660820	51739	1.56568
small_SRR7963242	SE	3	4	8	52	4	1022361944	1042022764	19660820	51739	1.62232
small_SRR7963242	SE	3	4	9	58	4	1140326484	1159987304	19660820	51739	1.571819
small_SRR7963242	SE	3	4	10	64	4	1258291404	1277952224	19660820	51739	1.553956
small_SRR7963242	SE	3	4	11	70	4	1376256324	1395917144	19660820	51739	1.607465
small_SRR7963242	SE	3	4	12	76	4	1494220864	1513881684	19660820	51739	1.573855
small_SRR7963242	SE	3	4	13	82	4	1612185784	1631846604	19660820	51739	1.535475
small_SRR7963242	SE	3	4	14	88	4	1730150704	1749811524	19660820	51739	1.528015
small_SRR7963242	SE	3	4	15	94	4	1848115244	1867776064	19660820	51739	1.62867
small_SRR7963242	SE	3	4	16	100	4	1966080164	1985740984	19660820	51739	1.532967
small_SRR7963242	SE	3	4	17	106	4	2084045084	2103705904	19660820	51739	1.512961
small_SRR7963242	SE	3	4	18	112	4	2202009624	2221670444	19660820	51739	1.527746
small_SRR7963242	SE	3	4	19	118	4	2319974544	2339635364	19660820	51739	1.654386
small_SRR7963242	SE	3	4	20	124	4	2437939464	2457600284	19660820	51739	1.559334
small_SRR7963242	SE	3	4	21	130	4	2555904004	2575564824	19660820	51739	1.501178
small_SRR7963242	SE	3	4	22	136	4	2673868924	2693529744	19660820	51739	1.539926
small_SRR7963242	SE	3	4	23	142	4	2791833844	2811494664	19660820	51739	1.528707
small_SRR7963242	SE	3	4	24	148	4	2909798764	2929459204	19660440	51738	1.548819
small_SRR7963242	SE	3	4	25	154	4	3027763304	3047424124	19660820	51739	1.557664
small_SRR7963242	SE	3	4	26	160	4	3145728224	3165389044	19660820	51739	1.539695
small_SRR7963242	SE	3	4	27	166	4	3263693144	3283353964	19660820	51739	1.614375
small_SRR7963242	SE	3	4	28	172	4	3381657684	3401318504	19660820	51739	1.519576
small_SRR7963242	SE	3	4	29	178	4	3425894624	3430809924	4915300	12935	0.460676
small_SRR7963242	SE	3	4	30	184	4	3455385664	3460300964	4915300	12935	0.494663
small_SRR7963242	SE	3	4	31	190	4	3484877084	3489792004	4914920	12934	0.476547
small_SRR7963242	SE	3	4	32	196	4	3514368124	3519283424	4915300	12935	0.431696
small_SRR7963242	SE	3	4	33	202	4	3543859544	3548774464	4914920	12934	0.448757
small_SRR7963242	SE	3	4	34	208	4	3573350584	3578265884	4915300	12935	0.432708
small_SRR7963242	SE	3	4	35	214	4	3602841624	3607756924	4915300	12935	0.451993
small_SRR7963242	SE	3	4	36	220	4	3632333044	3637248344	4915300	12935	0.560667
small_SRR7963242	SE	3	4	37	226	4	3661824084	3666739384	4915300	12935	0.465645
small_SRR7963242	SE	3	4	38	232	4	3691315504	3696230424	4914920	12934	0.474114
small_SRR7963242	SE	3	4	39	238	4	3720806544	3725721844	4915300	12935	0.451617
small_SRR7963242	SE	3	4	40	244	4	3750297964	3755212884	4914920	12934	0.495532
small_SRR7963242	SE	3	4	41	250	4	3779789004	3784704304	4915300	12935	0.503863
small_SRR7963242	SE	3	5	0	5	5	98304084	117965124	19661040	52290	2.335395
small_SRR7963242	SE	3	5	1	11	5	216268820	235929860	19661040	52290	1.626178
small_SRR7963242	SE	3	5	2	17	5	334233932	353894596	19660664	52289	1.532788
small_SRR7963242	SE	3	5	3	23	5	452198544	471859364	19660820	51739	1.515667
small_SRR7963242	SE	3	5	4	29	5	570163464	589824284	19660820	51739	1.56226
small_SRR7963242	SE	3	5	5	35	5	688128004	707788824	19660820	51739	1.512908
small_SRR7963242	SE	3	5	6	41	5	806092924	825753744	19660820	51739	1.536215
small_SRR7963242	SE	3	5	7	47	5	924057844	943718664	19660820	51739	1.546641
small_SRR7963242	SE	3	5	8	53	5	1042022764	1061683204	19660440	51738	1.617655
small_SRR7963242	SE	3	5	9	59	5	1159987304	1179648124	19660820	51739	1.626965
small_SRR7963242	SE	3	5	10	65	5	1277952224	1297613044	19660820	51739	1.765467
small_SRR7963242	SE	3	5	11	71	5	1395917144	1415577964	19660820	51739	1.886076
small_SRR7963242	SE	3	5	12	77	5	1513881684	1533542504	19660820	51739	1.658722
small_SRR7963242	SE	3	5	13	83	5	1631846604	1651507424	19660820	51739	1.501836
small_SRR7963242	SE	3	5	14	89	5	1749811524	1769472344	19660820	51739	1.553958
small_SRR7963242	SE	3	5	15	95	5	1867776064	1887436884	19660820	51739	1.631592
small_SRR7963242	SE	3	5	16	101	5	1985740984	2005401804	19660820	51739	1.550606
small_SRR7963242	SE	3	5	17	107	5	2103705904	2123366724	19660820	51739	1.567822
small_SRR7963242	SE	3	3	19	119	5	2339635364	2359296184	19660820	51739	1.632074
small_SRR7963242	SE	3	3	20	125	5	2457600284	2477261104	19660820	51739	1.567419
small_SRR7963242	SE	3	3	21	131	5	2575564824	2595225644	19660820	51739	1.779681
small_SRR7963242	SE	3	3	22	137	5	2693529744	2713190564	19660820	51739	1.557654
small_SRR7963242	SE	3	3	23	143	5	2811494664	2831155484	19660820	51739	1.541385
small_SRR7963242	SE	3	3	24	149	5	2929459204	2949120024	19660820	51739	1.552163
small_SRR7963242	SE	3	3	25	155	5	3047424124	3067084944	19660820	51739	1.656265
small_SRR7963242	SE	3	3	26	161	5	3165389044	3185049864	19660820	51739	1.62549
small_SRR7963242	SE	3	3	27	167	5	3283353964	3303014404	19660440	51738	1.566274
small_SRR7963242	SE	3	3	28	173	5	3401318504	3406233804	4915300	12935	0.410239
small_SRR7963242	SE	3	3	29	179	5	3430809924	3435724844	4914920	12934	0.455221
small_SRR7963242	SE	3	3	30	185	5	3460300964	3465216264	4915300	12935	0.424401
small_SRR7963242	SE	3	3	31	191	5	3489792004	3494707304	4915300	12935	0.485692
small_SRR7963242	SE	3	3	32	197	5	3519283424	3524198724	4915300	12935	0.447378
small_SRR7963242	SE	3	3	33	203	5	3548774464	3553689764	4915300	12935	0.483046
small_SRR7963242	SE	3	3	34	209	5	3578265884	3583180804	4914920	12934	0.426525
small_SRR7963242	SE	3	3	35	215	5	3607756924	3612672224	4915300	12935	0.533619
small_SRR7963242	SE	3	3	36	221	5	3637248344	3642163264	4914920	12934	0.438952
small_SRR7963242	SE	3	3	37	227	5	3666739384	3671654684	4915300	12935	0.588609
small_SRR7963242	SE	3	3	38	233	5	3696230424	3701145724	4915300	12935	0.506755
small_SRR7963242	SE	3	3	39	239	5	3725721844	3730637144	4915300	12935	0.49358
small_SRR7963242	SE	3	3	40	245	5	3755212884	3760128184	4915300	12935	0.451641
small_SRR7963242	SE	3	3	41	251	5	3784704304	3789619224	4914920	12934	0.726569
