[M::main_mem] mean insert size: 170.000, stddev: 80.000, max: 500, min: 1
[MPI input] mode=dynamic chunks=232 bytes_per_cg=19660800 cg_count=1 chunk_bytes=19660800 micro_chunk_bytes=4915200 tail_percent=10 file_bytes=3499281348 scheduler=distributed read_index=exact
malloc bwt->bwt 3107576584, 0x500008804020
malloc bwt->bwt 3107576584, 0x500008804020
malloc bwt->bwt 3107576584, 0x500008804020
malloc bwt->bwt 3107576584, 0x500008804020
malloc bwt->bwt 3107576584, 0x500008804020
malloc bwt->bwt 3107576584, 0x500008804020
malloc bwt->sa 1553788264, 0x5000c1ba1b40
malloc bwt->sa 1553788264, 0x5000c1ba1b40
malloc bwt->sa 1553788264, 0x5000c1ba1b40
malloc bwt->sa 1553788264, 0x5000c1ba1b40
malloc bwt->sa 1553788264, 0x5000c1ba1b40
malloc bwt->sa 1553788264, 0x5000c1ba1b40
[M::bwa_idx_load_from_disk] read 0 ALT contigs
[M::bwa_idx_load_from_disk] read 0 ALT contigs
[M::bwa_idx_load_from_disk] read 0 ALT contigs
[M::bwa_idx_load_from_disk] read 0 ALT contigs
[M::bwa_idx_load_from_disk] read 0 ALT contigs
[M::bwa_idx_load_from_disk] read 0 ALT contigs
malloc pac 776894131, 0x50011e5708c0
malloc pac 776894131, 0x50011e5708c0
malloc pac 776894131, 0x50011e5708c0
malloc pac 776894131, 0x50011e5708c0
malloc pac 776894131, 0x50011e5708c0
malloc pac 776894131, 0x50011e5708c0
the input file is ../data/bwa_test_big_data/ERR1203383_1.fastq
[MPI rank 000001/000006] output: (discard)
[MPI rank 000000/000006] output: (discard)
[MPI rank 000002/000006] output: (discard)
[MPI rank 000003/000006] output: (discard)
[MPI rank 000004/000006] output: (discard)
[MPI rank 000005/000006] output: (discard)
[M::process] read chunk (19660800 bytes/CG x 1 CGs, 19660976 bytes)...
[M::process] read chunk (19660800 bytes/CG x 1 CGs, 19660652 bytes)...
[M::process] read chunk (19660800 bytes/CG x 1 CGs, 19660928 bytes)...
[M::process] read chunk (19660800 bytes/CG x 1 CGs, 19660704 bytes)...
[M::process] read chunk (19660800 bytes/CG x 1 CGs, 19660928 bytes)...
[M::process] read chunk (19660800 bytes/CG x 1 CGs, 19660704 bytes)...
[M::mem_process_seqs_merge2] CPE FASTQ formatting done
[M::mem_process_seqs_merge2] CPE FASTQ formatting done
[M::mem_process_seqs_merge2] CPE FASTQ formatting done
[M::mem_process_seqs_merge2] CPE FASTQ formatting done
[M::mem_process_seqs_merge2] CPE FASTQ formatting done
[M::mem_process_seqs_merge2] CPE FASTQ formatting done
slave pre done
now n is 89570
slave pre done
now n is 87771
processed 89570
[M::mem_process_seqs_merge2] Processed 89570 reads in 0.540 CPU sec, 1.265 real sec
processed 87771
[M::mem_process_seqs_merge2] Processed 87771 reads in 0.530 CPU sec, 1.278 real sec
slave pre done
now n is 87772
processed 87772
[M::mem_process_seqs_merge2] Processed 87772 reads in 0.540 CPU sec, 1.242 real sec
slave pre done
now n is 87772
processed 87772
[M::mem_process_seqs_merge2] Processed 87772 reads in 0.520 CPU sec, 1.293 real sec
[M::process] read chunk (19660800 bytes/CG x 1 CGs, 19660928 bytes)...
slave pre done
now n is 87957
[M::process] read chunk (19660800 bytes/CG x 1 CGs, 19660928 bytes)...
processed 87957
[M::mem_process_seqs_merge2] Processed 87957 reads in 0.530 CPU sec, 1.315 real sec
slave pre done
now n is 87771
processed 87771
[M::mem_process_seqs_merge2] Processed 87771 reads in 0.540 CPU sec, 1.320 real sec
[M::process] read chunk (19660800 bytes/CG x 1 CGs, 19660704 bytes)...
[M::process] read chunk (19660800 bytes/CG x 1 CGs, 19660704 bytes)...
[M::process] read chunk (19660800 bytes/CG x 1 CGs, 19660704 bytes)...
[M::process] read chunk (19660800 bytes/CG x 1 CGs, 19660740 bytes)...
[M::mem_process_seqs_merge2] CPE FASTQ formatting done
[M::mem_process_seqs_merge2] CPE FASTQ formatting done
[M::mem_process_seqs_merge2] CPE FASTQ formatting done
[M::mem_process_seqs_merge2] CPE FASTQ formatting done
[M::mem_process_seqs_merge2] CPE FASTQ formatting done
[M::mem_process_seqs_merge2] CPE FASTQ formatting done
slave pre done
now n is 87772
processed 87772
[M::mem_process_seqs_merge2] Processed 87772 reads in 0.010 CPU sec, 0.870 real sec
slave pre done
now n is 87772
processed 87772
[M::mem_process_seqs_merge2] Processed 87772 reads in 0.020 CPU sec, 0.799 real sec
[M::process] read chunk (19660800 bytes/CG x 1 CGs, 19660896 bytes)...
[M::process] read chunk (19660800 bytes/CG x 1 CGs, 19660896 bytes)...
slave pre done
now n is 87771
processed 87771
[M::mem_process_seqs_merge2] Processed 87771 reads in 0.020 CPU sec, 0.745 real sec
slave pre done
now n is 87771
processed 87771
[M::mem_process_seqs_merge2] Processed 87771 reads in 0.010 CPU sec, 0.837 real sec
slave pre done
now n is 86802
slave pre done
now n is 87771
processed 86802
[M::mem_process_seqs_merge2] Processed 86802 reads in 0.050 CPU sec, 0.768 real sec
processed 87771
[M::mem_process_seqs_merge2] Processed 87771 reads in 0.040 CPU sec, 0.832 real sec
[M::process] read chunk (19660800 bytes/CG x 1 CGs, 19660668 bytes)...
[M::process] read chunk (19660800 bytes/CG x 1 CGs, 19660668 bytes)...
[M::process] read chunk (19660800 bytes/CG x 1 CGs, 19660896 bytes)...
[M::mem_process_seqs_merge2] CPE FASTQ formatting done
[M::process] read chunk (19660800 bytes/CG x 1 CGs, 19660896 bytes)...
[M::mem_process_seqs_merge2] CPE FASTQ formatting done
[M::mem_process_seqs_merge2] CPE FASTQ formatting done
[M::mem_process_seqs_merge2] CPE FASTQ formatting done
slave pre done
now n is 86232
[M::mem_process_seqs_merge2] CPE FASTQ formatting done
processed 86232
[M::mem_process_seqs_merge2] Processed 86232 reads in 0.020 CPU sec, 0.810 real sec
[M::mem_process_seqs_merge2] CPE FASTQ formatting done
[M::process] read chunk (19660800 bytes/CG x 1 CGs, 19660896 bytes)...
slave pre done
now n is 86232
processed 86232
[M::mem_process_seqs_merge2] Processed 86232 reads in 0.030 CPU sec, 0.777 real sec
[M::process] read chunk (19660800 bytes/CG x 1 CGs, 19660668 bytes)...
[M::mem_process_seqs_merge2] CPE FASTQ formatting done
slave pre done
now n is 86231
processed 86231
[M::mem_process_seqs_merge2] Processed 86231 reads in 0.050 CPU sec, 0.830 real sec
slave pre done
now n is 86232
processed 86232
[M::mem_process_seqs_merge2] Processed 86232 reads in 0.020 CPU sec, 0.790 real sec
[M::mem_process_seqs_merge2] CPE FASTQ formatting done
slave pre done
now n is 86231
slave pre done
now n is 86232
[M::process] read chunk (19660800 bytes/CG x 1 CGs, 19660896 bytes)...
processed 86232
[M::mem_process_seqs_merge2] Processed 86232 reads in 0.030 CPU sec, 0.770 real sec
processed 86231
[M::mem_process_seqs_merge2] Processed 86231 reads in 0.020 CPU sec, 0.815 real sec
[M::process] read chunk (19660800 bytes/CG x 1 CGs, 19660668 bytes)...
[M::process] read chunk (19660800 bytes/CG x 1 CGs, 19660896 bytes)...
[M::process] read chunk (19660800 bytes/CG x 1 CGs, 19660668 bytes)...
slave pre done
now n is 86232
processed 86232
[M::mem_process_seqs_merge2] Processed 86232 reads in 0.030 CPU sec, 0.811 real sec
[M::mem_process_seqs_merge2] CPE FASTQ formatting done
[M::mem_process_seqs_merge2] CPE FASTQ formatting done
[M::process] read chunk (19660800 bytes/CG x 1 CGs, 19660896 bytes)...
slave pre done
now n is 86231
processed 86231
[M::mem_process_seqs_merge2] Processed 86231 reads in 0.010 CPU sec, 0.837 real sec
[M::mem_process_seqs_merge2] CPE FASTQ formatting done
[M::mem_process_seqs_merge2] CPE FASTQ formatting done
[M::process] read chunk (19660800 bytes/CG x 1 CGs, 19660896 bytes)...
slave pre done
now n is 86232
[M::mem_process_seqs_merge2] CPE FASTQ formatting done
processed 86232
[M::mem_process_seqs_merge2] Processed 86232 reads in 0.020 CPU sec, 0.818 real sec
slave pre done
now n is 86231
processed 86231
[M::mem_process_seqs_merge2] Processed 86231 reads in 0.050 CPU sec, 0.830 real sec
[M::mem_process_seqs_merge2] CPE FASTQ formatting done
[M::process] read chunk (19660800 bytes/CG x 1 CGs, 19660668 bytes)...
[M::process] read chunk (19660800 bytes/CG x 1 CGs, 19660896 bytes)...
slave pre done
now n is 86232
processed 86232
[M::mem_process_seqs_merge2] Processed 86232 reads in 0.020 CPU sec, 0.784 real sec
slave pre done
now n is 86231
processed 86231
[M::mem_process_seqs_merge2] Processed 86231 reads in 0.020 CPU sec, 0.874 real sec
[M::mem_process_seqs_merge2] CPE FASTQ formatting done
[M::process] read chunk (19660800 bytes/CG x 1 CGs, 19660668 bytes)...
[M::mem_process_seqs_merge2] CPE FASTQ formatting done
[M::process] read chunk (19660800 bytes/CG x 1 CGs, 19660896 bytes)...
slave pre done
now n is 86232
processed 86232
[M::mem_process_seqs_merge2] Processed 86232 reads in 0.010 CPU sec, 0.804 real sec
slave pre done
now n is 86232
processed 86232
[M::mem_process_seqs_merge2] Processed 86232 reads in 0.030 CPU sec, 0.760 real sec
[M::process] read chunk (19660800 bytes/CG x 1 CGs, 19660668 bytes)...
[M::mem_process_seqs_merge2] CPE FASTQ formatting done
[M::process] read chunk (19660800 bytes/CG x 1 CGs, 19660668 bytes)...
[M::mem_process_seqs_merge2] CPE FASTQ formatting done
slave pre done
now n is 86231
processed 86231
[M::mem_process_seqs_merge2] Processed 86231 reads in 0.060 CPU sec, 0.798 real sec
slave pre done
now n is 86232
processed 86232
[M::mem_process_seqs_merge2] Processed 86232 reads in 0.040 CPU sec, 0.743 real sec
[M::process] read chunk (19660800 bytes/CG x 1 CGs, 19660896 bytes)...
[M::process] read chunk (19660800 bytes/CG x 1 CGs, 19660896 bytes)...
[M::mem_process_seqs_merge2] CPE FASTQ formatting done
[M::mem_process_seqs_merge2] CPE FASTQ formatting done
slave pre done
now n is 86231
processed 86231
[M::mem_process_seqs_merge2] Processed 86231 reads in 0.010 CPU sec, 0.816 real sec
slave pre done
now n is 86232
processed 86232
[M::mem_process_seqs_merge2] Processed 86232 reads in 0.030 CPU sec, 0.775 real sec
[M::process] read chunk (19660800 bytes/CG x 1 CGs, 19660896 bytes)...
[M::process] read chunk (19660800 bytes/CG x 1 CGs, 19660668 bytes)...
[M::mem_process_seqs_merge2] CPE FASTQ formatting done
[M::mem_process_seqs_merge2] CPE FASTQ formatting done
[M::mem_process_seqs_merge2] CPE FASTQ formatting done
slave pre done
now n is 86231
slave pre done
now n is 86231
processed 86231
[M::mem_process_seqs_merge2] Processed 86231 reads in 0.030 CPU sec, 0.804 real sec
[M::mem_process_seqs_merge2] CPE FASTQ formatting done
processed 86231
[M::mem_process_seqs_merge2] Processed 86231 reads in 0.010 CPU sec, 0.830 real sec
[M::process] read chunk (19660800 bytes/CG x 1 CGs, 19660896 bytes)...
[M::process] read chunk (19660800 bytes/CG x 1 CGs, 19660896 bytes)...
slave pre done
now n is 86232
processed 86232
[M::mem_process_seqs_merge2] Processed 86232 reads in 0.030 CPU sec, 0.747 real sec
[M::process] read chunk (19660800 bytes/CG x 1 CGs, 19660896 bytes)...
slave pre done
now n is 86232
processed 86232
[M::mem_process_seqs_merge2] Processed 86232 reads in 0.030 CPU sec, 0.913 real sec
slave pre done
now n is 86232
[M::mem_process_seqs_merge2] CPE FASTQ formatting done
processed 86232
[M::mem_process_seqs_merge2] Processed 86232 reads in 0.010 CPU sec, 0.711 real sec
[M::mem_process_seqs_merge2] CPE FASTQ formatting done
[M::process] read chunk (19660800 bytes/CG x 1 CGs, 19660668 bytes)...
slave pre done
now n is 86231
processed 86231
[M::mem_process_seqs_merge2] Processed 86231 reads in 0.070 CPU sec, 0.780 real sec
[M::process] read chunk (19660800 bytes/CG x 1 CGs, 19660668 bytes)...
[M::process] read chunk (19660800 bytes/CG x 1 CGs, 19660896 bytes)...
[M::mem_process_seqs_merge2] CPE FASTQ formatting done
slave pre done
now n is 86232
processed 86232
[M::mem_process_seqs_merge2] Processed 86232 reads in 0.010 CPU sec, 0.772 real sec
[M::mem_process_seqs_merge2] CPE FASTQ formatting done
[M::mem_process_seqs_merge2] CPE FASTQ formatting done
[M::mem_process_seqs_merge2] CPE FASTQ formatting done
[M::process] read chunk (19660800 bytes/CG x 1 CGs, 19660668 bytes)...
slave pre done
now n is 86232
processed 86232
[M::mem_process_seqs_merge2] Processed 86232 reads in 0.010 CPU sec, 0.807 real sec
[M::process] read chunk (19660800 bytes/CG x 1 CGs, 19660668 bytes)...
slave pre done
now n is 86232
processed 86232
[M::mem_process_seqs_merge2] Processed 86232 reads in 0.050 CPU sec, 0.815 real sec
[M::mem_process_seqs_merge2] CPE FASTQ formatting done
[M::process] read chunk (19660800 bytes/CG x 1 CGs, 19660896 bytes)...
slave pre done
now n is 86231
processed 86231
[M::mem_process_seqs_merge2] Processed 86231 reads in 0.010 CPU sec, 0.827 real sec
slave pre done
now n is 86231
processed 86231
[M::mem_process_seqs_merge2] Processed 86231 reads in 0.030 CPU sec, 0.871 real sec
slave pre done
now n is 86232
[M::mem_process_seqs_merge2] CPE FASTQ formatting done
processed 86232
[M::mem_process_seqs_merge2] Processed 86232 reads in 0.020 CPU sec, 0.856 real sec
[M::process] read chunk (19660800 bytes/CG x 1 CGs, 19660896 bytes)...
[M::process] read chunk (19660800 bytes/CG x 1 CGs, 19660668 bytes)...
[M::process] read chunk (19660800 bytes/CG x 1 CGs, 19660896 bytes)...
[M::mem_process_seqs_merge2] CPE FASTQ formatting done
slave pre done
now n is 86231
processed 86231
[M::mem_process_seqs_merge2] Processed 86231 reads in 0.010 CPU sec, 0.866 real sec
[M::mem_process_seqs_merge2] CPE FASTQ formatting done
[M::mem_process_seqs_merge2] CPE FASTQ formatting done
[M::process] read chunk (19660800 bytes/CG x 1 CGs, 19660896 bytes)...
[M::mem_process_seqs_merge2] CPE FASTQ formatting done
slave pre done
now n is 86231
processed 86231
[M::mem_process_seqs_merge2] Processed 86231 reads in 0.040 CPU sec, 0.858 real sec
[M::mem_process_seqs_merge2] CPE FASTQ formatting done
[M::process] read chunk (19660800 bytes/CG x 1 CGs, 19660896 bytes)...
slave pre done
now n is 86232
processed 86232
[M::mem_process_seqs_merge2] Processed 86232 reads in 0.020 CPU sec, 0.856 real sec
[M::process] read chunk (19660800 bytes/CG x 1 CGs, 19660668 bytes)...
slave pre done
now n is 86232
processed 86232
[M::mem_process_seqs_merge2] Processed 86232 reads in 0.010 CPU sec, 0.830 real sec
[M::mem_process_seqs_merge2] CPE FASTQ formatting done
slave pre done
now n is 86232
slave pre done
[M::process] read chunk (19660800 bytes/CG x 1 CGs, 19660896 bytes)...
now n is 86231
processed 86232
[M::mem_process_seqs_merge2] Processed 86232 reads in 0.040 CPU sec, 0.900 real sec
processed 86231
[M::mem_process_seqs_merge2] Processed 86231 reads in 0.020 CPU sec, 0.860 real sec
[M::process] read chunk (19660800 bytes/CG x 1 CGs, 19660896 bytes)...
[M::mem_process_seqs_merge2] CPE FASTQ formatting done
slave pre done
now n is 86232
processed 86232
[M::mem_process_seqs_merge2] Processed 86232 reads in 0.010 CPU sec, 0.844 real sec
[M::process] read chunk (19660800 bytes/CG x 1 CGs, 19660668 bytes)...
[M::process] read chunk (19660800 bytes/CG x 1 CGs, 19660668 bytes)...
slave pre done
now n is 86232
[M::mem_process_seqs_merge2] CPE FASTQ formatting done
processed 86232
[M::mem_process_seqs_merge2] Processed 86232 reads in 0.020 CPU sec, 0.850 real sec
[M::mem_process_seqs_merge2] CPE FASTQ formatting done
[M::mem_process_seqs_merge2] CPE FASTQ formatting done
[M::process] read chunk (19660800 bytes/CG x 1 CGs, 19660668 bytes)...
[M::mem_process_seqs_merge2] CPE FASTQ formatting done
slave pre done
now n is 86231
processed 86231
[M::mem_process_seqs_merge2] Processed 86231 reads in 0.020 CPU sec, 0.844 real sec
[M::process] read chunk (19660800 bytes/CG x 1 CGs, 19660896 bytes)...
[M::mem_process_seqs_merge2] CPE FASTQ formatting done
slave pre done
now n is 86231
[M::mem_process_seqs_merge2] CPE FASTQ formatting done
slave pre done
now n is 86232
processed 86231
[M::mem_process_seqs_merge2] Processed 86231 reads in 0.030 CPU sec, 0.748 real sec
processed 86232
[M::mem_process_seqs_merge2] Processed 86232 reads in 0.050 CPU sec, 0.851 real sec
slave pre done
now n is 86232
processed 86232
[M::mem_process_seqs_merge2] Processed 86232 reads in 0.020 CPU sec, 0.792 real sec
slave pre done
now n is 86231
processed 86231
[M::mem_process_seqs_merge2] Processed 86231 reads in 0.020 CPU sec, 0.781 real sec
[M::process] read chunk (19660800 bytes/CG x 1 CGs, 19660896 bytes)...
[M::process] read chunk (19660800 bytes/CG x 1 CGs, 19660896 bytes)...
[M::process] read chunk (19660800 bytes/CG x 1 CGs, 19660668 bytes)...
[M::process] read chunk (19660800 bytes/CG x 1 CGs, 19660896 bytes)...
slave pre done
now n is 86231
processed 86231
[M::mem_process_seqs_merge2] Processed 86231 reads in 0.030 CPU sec, 0.714 real sec
[M::process] read chunk (19660800 bytes/CG x 1 CGs, 19660896 bytes)...
[M::mem_process_seqs_merge2] CPE FASTQ formatting done
[M::mem_process_seqs_merge2] CPE FASTQ formatting done
slave pre done
now n is 86232
processed 86232
[M::mem_process_seqs_merge2] Processed 86232 reads in 0.030 CPU sec, 0.840 real sec
[M::mem_process_seqs_merge2] CPE FASTQ formatting done
[M::process] read chunk (19660800 bytes/CG x 1 CGs, 19660668 bytes)...
[M::mem_process_seqs_merge2] CPE FASTQ formatting done
slave pre done
now n is 86232
processed 86232
[M::mem_process_seqs_merge2] Processed 86232 reads in 0.030 CPU sec, 0.745 real sec
[M::mem_process_seqs_merge2] CPE FASTQ formatting done
slave pre done
now n is 86232
[M::process] read chunk (19660800 bytes/CG x 1 CGs, 19660668 bytes)...
[M::mem_process_seqs_merge2] CPE FASTQ formatting done
processed 86232
[M::mem_process_seqs_merge2] Processed 86232 reads in 0.010 CPU sec, 0.801 real sec
[M::process] read chunk (19660800 bytes/CG x 1 CGs, 19660896 bytes)...
slave pre done
now n is 86231
processed 86231
[M::mem_process_seqs_merge2] Processed 86231 reads in 0.020 CPU sec, 0.875 real sec
[M::mem_process_seqs_merge2] CPE FASTQ formatting done
slave pre done
now n is 86232
processed 86232
[M::mem_process_seqs_merge2] Processed 86232 reads in 0.020 CPU sec, 0.859 real sec
[M::process] read chunk (19660800 bytes/CG x 1 CGs, 19660896 bytes)...
[M::process] read chunk (19660800 bytes/CG x 1 CGs, 19660668 bytes)...
[M::mem_process_seqs_merge2] CPE FASTQ formatting done
slave pre done
now n is 86232
processed 86232
[M::mem_process_seqs_merge2] Processed 86232 reads in 0.010 CPU sec, 0.797 real sec
[M::process] read chunk (19660800 bytes/CG x 1 CGs, 19660896 bytes)...
slave pre done
now n is 86231
[M::mem_process_seqs_merge2] CPE FASTQ formatting done
processed 86231
[M::mem_process_seqs_merge2] Processed 86231 reads in 0.020 CPU sec, 0.810 real sec
[M::process] read chunk (19660800 bytes/CG x 1 CGs, 19660896 bytes)...
[M::mem_process_seqs_merge2] CPE FASTQ formatting done
slave pre done
now n is 86231
processed 86231
[M::mem_process_seqs_merge2] Processed 86231 reads in 0.040 CPU sec, 0.839 real sec
slave pre done
now n is 86232
[M::process] read chunk (19660800 bytes/CG x 1 CGs, 19660896 bytes)...
processed 86232
[M::mem_process_seqs_merge2] Processed 86232 reads in 0.040 CPU sec, 0.801 real sec
[M::mem_process_seqs_merge2] CPE FASTQ formatting done
[M::mem_process_seqs_merge2] CPE FASTQ formatting done
[M::process] read chunk (19660800 bytes/CG x 1 CGs, 19660668 bytes)...
[M::mem_process_seqs_merge2] CPE FASTQ formatting done
slave pre done
now n is 86232
processed 86232
[M::mem_process_seqs_merge2] Processed 86232 reads in 0.040 CPU sec, 0.838 real sec
[M::process] read chunk (19660800 bytes/CG x 1 CGs, 19660668 bytes)...
[M::mem_process_seqs_merge2] CPE FASTQ formatting done
slave pre done
now n is 86231
processed 86231
[M::mem_process_seqs_merge2] Processed 86231 reads in 0.020 CPU sec, 0.927 real sec
slave pre done
now n is 86232
[M::mem_process_seqs_merge2] CPE FASTQ formatting done
[M::process] read chunk (19660800 bytes/CG x 1 CGs, 19660896 bytes)...
processed 86232
[M::mem_process_seqs_merge2] Processed 86232 reads in 0.010 CPU sec, 0.816 real sec
[M::process] read chunk (19660800 bytes/CG x 1 CGs, 19660896 bytes)...
slave pre done
now n is 86232
processed 86232
[M::mem_process_seqs_merge2] Processed 86232 reads in 0.020 CPU sec, 0.815 real sec
slave pre done
now n is 86232
processed 86232
[M::mem_process_seqs_merge2] Processed 86232 reads in 0.020 CPU sec, 0.999 real sec
[M::mem_process_seqs_merge2] CPE FASTQ formatting done
[M::process] read chunk (19660800 bytes/CG x 1 CGs, 19660668 bytes)...
[M::process] read chunk (19660800 bytes/CG x 1 CGs, 19660668 bytes)...
slave pre done
now n is 86231
processed 86231
[M::mem_process_seqs_merge2] Processed 86231 reads in 0.020 CPU sec, 0.783 real sec
[M::mem_process_seqs_merge2] CPE FASTQ formatting done
slave pre done
now n is 86231
[M::process] read chunk (19660800 bytes/CG x 1 CGs, 19660896 bytes)...
processed 86231
[M::mem_process_seqs_merge2] Processed 86231 reads in 0.050 CPU sec, 0.815 real sec
[M::mem_process_seqs_merge2] CPE FASTQ formatting done
[M::process] read chunk (19660800 bytes/CG x 1 CGs, 19660896 bytes)...
[M::mem_process_seqs_merge2] CPE FASTQ formatting done
slave pre done
now n is 86232
processed 86232
[M::mem_process_seqs_merge2] Processed 86232 reads in 0.020 CPU sec, 0.804 real sec
[M::mem_process_seqs_merge2] CPE FASTQ formatting done
[M::process] read chunk (19660800 bytes/CG x 1 CGs, 19660668 bytes)...
[M::mem_process_seqs_merge2] CPE FASTQ formatting done
[M::mem_process_seqs_merge2] CPE FASTQ formatting done
slave pre done
now n is 86232
processed 86232
[M::mem_process_seqs_merge2] Processed 86232 reads in 0.030 CPU sec, 1.126 real sec
slave pre done
now n is 86231
processed 86231
[M::mem_process_seqs_merge2] Processed 86231 reads in 0.020 CPU sec, 0.833 real sec
[M::process] read chunk (19660800 bytes/CG x 1 CGs, 19660896 bytes)...
slave pre done
now n is 86231
[M::process] read chunk (19660800 bytes/CG x 1 CGs, 19660896 bytes)...
processed 86231
[M::mem_process_seqs_merge2] Processed 86231 reads in 0.040 CPU sec, 0.898 real sec
[M::process] read chunk (19660800 bytes/CG x 1 CGs, 19660896 bytes)...
slave pre done
now n is 86232
processed 86232
[M::mem_process_seqs_merge2] Processed 86232 reads in 0.010 CPU sec, 0.824 real sec
slave pre done
now n is 86232
processed 86232
[M::mem_process_seqs_merge2] Processed 86232 reads in 0.020 CPU sec, 0.855 real sec
[M::process] read chunk (19660800 bytes/CG x 1 CGs, 19660668 bytes)...
[M::mem_process_seqs_merge2] CPE FASTQ formatting done
slave pre done
now n is 86231
processed 86231
[M::mem_process_seqs_merge2] Processed 86231 reads in 0.010 CPU sec, 0.766 real sec
[M::mem_process_seqs_merge2] CPE FASTQ formatting done
[M::process] read chunk (19660800 bytes/CG x 1 CGs, 19660668 bytes)...
[M::process] read chunk (19660800 bytes/CG x 1 CGs, 19660896 bytes)...
[M::mem_process_seqs_merge2] CPE FASTQ formatting done
[M::mem_process_seqs_merge2] CPE FASTQ formatting done
[M::mem_process_seqs_merge2] CPE FASTQ formatting done
[M::mem_process_seqs_merge2] CPE FASTQ formatting done
slave pre done
now n is 86232
processed 86232
[M::mem_process_seqs_merge2] Processed 86232 reads in 0.050 CPU sec, 0.838 real sec
slave pre done
now n is 86232
processed 86232
[M::mem_process_seqs_merge2] Processed 86232 reads in 0.030 CPU sec, 0.906 real sec
[M::process] read chunk (19660800 bytes/CG x 1 CGs, 19660668 bytes)...
[M::process] read chunk (19660800 bytes/CG x 1 CGs, 19660668 bytes)...
slave pre done
now n is 86232
processed 86232
[M::mem_process_seqs_merge2] Processed 86232 reads in 0.030 CPU sec, 0.810 real sec
slave pre done
now n is 86231
processed 86231
[M::mem_process_seqs_merge2] Processed 86231 reads in 0.010 CPU sec, 0.820 real sec
slave pre done
now n is 86231
processed 86231
[M::mem_process_seqs_merge2] Processed 86231 reads in 0.020 CPU sec, 0.771 real sec
[M::process] read chunk (19660800 bytes/CG x 1 CGs, 19660896 bytes)...
[M::process] read chunk (19660800 bytes/CG x 1 CGs, 19660896 bytes)...
slave pre done
now n is 86232
[M::process] read chunk (19660800 bytes/CG x 1 CGs, 19660896 bytes)...
processed 86232
[M::mem_process_seqs_merge2] Processed 86232 reads in 0.010 CPU sec, 0.760 real sec
[M::mem_process_seqs_merge2] CPE FASTQ formatting done
[M::process] read chunk (19660800 bytes/CG x 1 CGs, 19660668 bytes)...
[M::mem_process_seqs_merge2] CPE FASTQ formatting done
[M::mem_process_seqs_merge2] CPE FASTQ formatting done
[M::mem_process_seqs_merge2] CPE FASTQ formatting done
[M::mem_process_seqs_merge2] CPE FASTQ formatting done
[M::mem_process_seqs_merge2] CPE FASTQ formatting done
slave pre done
now n is 86231
processed 86231
[M::mem_process_seqs_merge2] Processed 86231 reads in 0.020 CPU sec, 0.723 real sec
[M::process] read chunk (19660800 bytes/CG x 1 CGs, 19660896 bytes)...
slave pre done
now n is 86231
processed 86231
[M::mem_process_seqs_merge2] Processed 86231 reads in 0.050 CPU sec, 0.894 real sec
[M::mem_process_seqs_merge2] CPE FASTQ formatting done
[M::process] read chunk (19660800 bytes/CG x 1 CGs, 19660896 bytes)...
slave pre done
now n is 86232
slave pre done
now n is 86232
processed 86232
[M::mem_process_seqs_merge2] Processed 86232 reads in 0.040 CPU sec, 0.776 real sec
processed 86232
[M::mem_process_seqs_merge2] Processed 86232 reads in 0.020 CPU sec, 0.833 real sec
slave pre done
now n is 86232
processed 86232
[M::mem_process_seqs_merge2] Processed 86232 reads in 0.030 CPU sec, 0.856 real sec
slave pre done
now n is 86231
[M::process] read chunk (19660800 bytes/CG x 1 CGs, 19660668 bytes)...
[M::process] read chunk (19660800 bytes/CG x 1 CGs, 19660668 bytes)...
processed 86231
[M::mem_process_seqs_merge2] Processed 86231 reads in 0.020 CPU sec, 0.814 real sec
[M::process] read chunk (19660800 bytes/CG x 1 CGs, 19660896 bytes)...
[M::process] read chunk (19660800 bytes/CG x 1 CGs, 19660896 bytes)...
[M::mem_process_seqs_merge2] CPE FASTQ formatting done
slave pre done
now n is 86232
processed 86232
[M::mem_process_seqs_merge2] Processed 86232 reads in 0.030 CPU sec, 0.750 real sec
[M::mem_process_seqs_merge2] CPE FASTQ formatting done
[M::process] read chunk (19660800 bytes/CG x 1 CGs, 19660668 bytes)...
[M::mem_process_seqs_merge2] CPE FASTQ formatting done
[M::mem_process_seqs_merge2] CPE FASTQ formatting done
[M::mem_process_seqs_merge2] CPE FASTQ formatting done
[M::mem_process_seqs_merge2] CPE FASTQ formatting done
slave pre done
now n is 86232
processed 86232
[M::mem_process_seqs_merge2] Processed 86232 reads in 0.010 CPU sec, 0.740 real sec
[M::process] read chunk (19660800 bytes/CG x 1 CGs, 19660668 bytes)...
slave pre done
now n is 86231
processed 86231
[M::mem_process_seqs_merge2] Processed 86231 reads in 0.020 CPU sec, 0.865 real sec
[M::mem_process_seqs_merge2] CPE FASTQ formatting done
[M::process] read chunk (19660800 bytes/CG x 1 CGs, 19660896 bytes)...
slave pre done
now n is 86231
slave pre done
now n is 86232
slave pre done
now n is 86232
processed 86231
[M::mem_process_seqs_merge2] Processed 86231 reads in 0.040 CPU sec, 0.827 real sec
processed 86232
[M::mem_process_seqs_merge2] Processed 86232 reads in 0.020 CPU sec, 0.754 real sec
processed 86232
[M::mem_process_seqs_merge2] Processed 86232 reads in 0.020 CPU sec, 0.790 real sec
[M::process] read chunk (19660800 bytes/CG x 1 CGs, 19660668 bytes)...
[M::process] read chunk (19660800 bytes/CG x 1 CGs, 19660896 bytes)...
[M::process] read chunk (19660800 bytes/CG x 1 CGs, 19660896 bytes)...
slave pre done
now n is 86231
processed 86231
[M::mem_process_seqs_merge2] Processed 86231 reads in 0.020 CPU sec, 0.753 real sec
[M::process] read chunk (19660800 bytes/CG x 1 CGs, 19660896 bytes)...
[M::mem_process_seqs_merge2] CPE FASTQ formatting done
slave pre done
now n is 86231
processed 86231
[M::mem_process_seqs_merge2] Processed 86231 reads in 0.020 CPU sec, 0.752 real sec
[M::mem_process_seqs_merge2] CPE FASTQ formatting done
[M::mem_process_seqs_merge2] CPE FASTQ formatting done
[M::process] read chunk (19660800 bytes/CG x 1 CGs, 19660896 bytes)...
[M::mem_process_seqs_merge2] CPE FASTQ formatting done
slave pre done
now n is 86232
processed 86232
[M::mem_process_seqs_merge2] Processed 86232 reads in 0.010 CPU sec, 0.700 real sec
[M::mem_process_seqs_merge2] CPE FASTQ formatting done
[M::mem_process_seqs_merge2] CPE FASTQ formatting done
[M::process] read chunk (19660800 bytes/CG x 1 CGs, 19660668 bytes)...
slave pre done
now n is 86231
processed 86231
[M::mem_process_seqs_merge2] Processed 86231 reads in 0.020 CPU sec, 0.743 real sec
[M::mem_process_seqs_merge2] CPE FASTQ formatting done
slave pre done
now n is 86232
processed 86232
[M::mem_process_seqs_merge2] Processed 86232 reads in 0.040 CPU sec, 0.832 real sec
[M::process] read chunk (19660800 bytes/CG x 1 CGs, 19660896 bytes)...
slave pre done
now n is 86232
processed 86232
[M::mem_process_seqs_merge2] Processed 86232 reads in 0.020 CPU sec, 0.796 real sec
[M::process] read chunk (19660800 bytes/CG x 1 CGs, 19660668 bytes)...
[M::process] read chunk (19660800 bytes/CG x 1 CGs, 19660896 bytes)...
slave pre done
now n is 86232
processed 86232
[M::mem_process_seqs_merge2] Processed 86232 reads in 0.020 CPU sec, 0.764 real sec
[M::mem_process_seqs_merge2] CPE FASTQ formatting done
[M::process] read chunk (19660800 bytes/CG x 1 CGs, 19660668 bytes)...
slave pre done
now n is 86232
processed 86232
[M::mem_process_seqs_merge2] Processed 86232 reads in 0.020 CPU sec, 0.843 real sec
[M::mem_process_seqs_merge2] CPE FASTQ formatting done
[M::process] read chunk (19660800 bytes/CG x 1 CGs, 19660668 bytes)...
slave pre done
now n is 86231
processed 86231
[M::mem_process_seqs_merge2] Processed 86231 reads in 0.010 CPU sec, 0.770 real sec
[M::mem_process_seqs_merge2] CPE FASTQ formatting done
[M::process] read chunk (19660800 bytes/CG x 1 CGs, 19660896 bytes)...
[M::mem_process_seqs_merge2] CPE FASTQ formatting done
slave pre done
now n is 86232
processed 86232
[M::mem_process_seqs_merge2] Processed 86232 reads in 0.030 CPU sec, 0.805 real sec
slave pre done
now n is 86231
processed 86231
[M::mem_process_seqs_merge2] Processed 86231 reads in 0.020 CPU sec, 0.784 real sec
[M::mem_process_seqs_merge2] CPE FASTQ formatting done
[M::mem_process_seqs_merge2] CPE FASTQ formatting done
[M::process] read chunk (19660800 bytes/CG x 1 CGs, 19660668 bytes)...
[M::process] read chunk (19660800 bytes/CG x 1 CGs, 19660896 bytes)...
slave pre done
now n is 86232
processed 86232
[M::mem_process_seqs_merge2] Processed 86232 reads in 0.020 CPU sec, 0.736 real sec
[M::process] read chunk (19660800 bytes/CG x 1 CGs, 19660896 bytes)...
slave pre done
now n is 86231
processed 86231
[M::mem_process_seqs_merge2] Processed 86231 reads in 0.040 CPU sec, 0.841 real sec
[M::mem_process_seqs_merge2] CPE FASTQ formatting done
[M::process] read chunk (19660800 bytes/CG x 1 CGs, 19660776 bytes)...
[M::mem_process_seqs_merge2] CPE FASTQ formatting done
slave pre done
now n is 86231
processed 86231
[M::mem_process_seqs_merge2] Processed 86231 reads in 0.010 CPU sec, 0.790 real sec
slave pre done
now n is 86232
processed 86232
[M::mem_process_seqs_merge2] Processed 86232 reads in 0.010 CPU sec, 0.791 real sec
[M::mem_process_seqs_merge2] CPE FASTQ formatting done
[M::process] read chunk (19660800 bytes/CG x 1 CGs, 19660840 bytes)...
[M::process] read chunk (19660800 bytes/CG x 1 CGs, 19660840 bytes)...
[M::mem_process_seqs_merge2] CPE FASTQ formatting done
slave pre done
now n is 86232
processed 86232
[M::mem_process_seqs_merge2] Processed 86232 reads in 0.050 CPU sec, 0.807 real sec
[M::mem_process_seqs_merge2] CPE FASTQ formatting done
slave pre done
now n is 86231
[M::mem_process_seqs_merge2] CPE FASTQ formatting done
processed 86231
[M::mem_process_seqs_merge2] Processed 86231 reads in 0.010 CPU sec, 0.845 real sec
[M::process] read chunk (19660800 bytes/CG x 1 CGs, 19660840 bytes)...
[M::process] read chunk (19660800 bytes/CG x 1 CGs, 19660608 bytes)...
slave pre done
now n is 86232
processed 86232
[M::mem_process_seqs_merge2] Processed 86232 reads in 0.060 CPU sec, 0.823 real sec
[M::mem_process_seqs_merge2] CPE FASTQ formatting done
[M::process] read chunk (19660800 bytes/CG x 1 CGs, 19660840 bytes)...
slave pre done
now n is 85846
processed 85846
[M::mem_process_seqs_merge2] Processed 85846 reads in 0.020 CPU sec, 0.862 real sec
[M::process] read chunk (19660800 bytes/CG x 1 CGs, 19660840 bytes)...
slave pre done
now n is 84745
processed 84745
[M::mem_process_seqs_merge2] Processed 84745 reads in 0.030 CPU sec, 0.762 real sec
slave pre done
now n is 84745
processed 84745
[M::mem_process_seqs_merge2] Processed 84745 reads in 0.010 CPU sec, 0.771 real sec
[M::mem_process_seqs_merge2] CPE FASTQ formatting done
[M::process] read chunk (19660800 bytes/CG x 1 CGs, 19660840 bytes)...
[M::process] read chunk (19660800 bytes/CG x 1 CGs, 19660840 bytes)...
slave pre done
now n is 84745
[M::mem_process_seqs_merge2] CPE FASTQ formatting done
processed 84745
[M::mem_process_seqs_merge2] Processed 84745 reads in 0.030 CPU sec, 0.855 real sec
[M::mem_process_seqs_merge2] CPE FASTQ formatting done
[M::process] read chunk (19660800 bytes/CG x 1 CGs, 19660840 bytes)...
[M::mem_process_seqs_merge2] CPE FASTQ formatting done
[M::mem_process_seqs_merge2] CPE FASTQ formatting done
slave pre done
now n is 84744
processed 84744
[M::mem_process_seqs_merge2] Processed 84744 reads in 0.020 CPU sec, 0.803 real sec
[M::mem_process_seqs_merge2] CPE FASTQ formatting done
[M::process] read chunk (19660800 bytes/CG x 1 CGs, 19660608 bytes)...
slave pre done
now n is 84745
processed 84745
[M::mem_process_seqs_merge2] Processed 84745 reads in 0.020 CPU sec, 0.772 real sec
slave pre done
now n is 84745
processed 84745
[M::mem_process_seqs_merge2] Processed 84745 reads in 0.020 CPU sec, 0.773 real sec
[M::mem_process_seqs_merge2] CPE FASTQ formatting done
[M::process] read chunk (19660800 bytes/CG x 1 CGs, 19660840 bytes)...
[M::process] read chunk (19660800 bytes/CG x 1 CGs, 19660840 bytes)...
slave pre done
now n is 84745
processed 84745
[M::mem_process_seqs_merge2] Processed 84745 reads in 0.020 CPU sec, 0.780 real sec
[M::mem_process_seqs_merge2] CPE FASTQ formatting done
slave pre done
now n is 84745
processed 84745
[M::mem_process_seqs_merge2] Processed 84745 reads in 0.010 CPU sec, 0.863 real sec
slave pre done
now n is 84745
processed 84745
[M::mem_process_seqs_merge2] Processed 84745 reads in 0.020 CPU sec, 0.726 real sec
[M::process] read chunk (19660800 bytes/CG x 1 CGs, 19660840 bytes)...
[M::process] read chunk (19660800 bytes/CG x 1 CGs, 19660840 bytes)...
[M::mem_process_seqs_merge2] CPE FASTQ formatting done
[M::process] read chunk (19660800 bytes/CG x 1 CGs, 19660840 bytes)...
slave pre done
now n is 84744
processed 84744
[M::mem_process_seqs_merge2] Processed 84744 reads in 0.010 CPU sec, 0.772 real sec
[M::process] read chunk (19660800 bytes/CG x 1 CGs, 19660840 bytes)...
slave pre done
now n is 84745
[M::mem_process_seqs_merge2] CPE FASTQ formatting done
processed 84745
[M::mem_process_seqs_merge2] Processed 84745 reads in 0.030 CPU sec, 0.778 real sec
[M::mem_process_seqs_merge2] CPE FASTQ formatting done
[M::process] read chunk (19660800 bytes/CG x 1 CGs, 19660608 bytes)...
[M::mem_process_seqs_merge2] CPE FASTQ formatting done
slave pre done
now n is 84745
processed 84745
[M::mem_process_seqs_merge2] Processed 84745 reads in 0.030 CPU sec, 0.789 real sec
[M::process] read chunk (19660800 bytes/CG x 1 CGs, 19660840 bytes)...
[M::mem_process_seqs_merge2] CPE FASTQ formatting done
[M::mem_process_seqs_merge2] CPE FASTQ formatting done
slave pre done
now n is 84745
processed 84745
[M::mem_process_seqs_merge2] Processed 84745 reads in 0.020 CPU sec, 0.688 real sec
slave pre done
now n is 84745
processed 84745
[M::process] read chunk (19660800 bytes/CG x 1 CGs, 19660840 bytes)...
[M::mem_process_seqs_merge2] Processed 84745 reads in 0.030 CPU sec, 0.769 real sec
[M::process] read chunk (19660800 bytes/CG x 1 CGs, 19660840 bytes)...
[M::mem_process_seqs_merge2] CPE FASTQ formatting done
slave pre done
now n is 84745
processed 84745
[M::mem_process_seqs_merge2] Processed 84745 reads in 0.030 CPU sec, 0.860 real sec
[M::process] read chunk (19660800 bytes/CG x 1 CGs, 19660840 bytes)...
[M::mem_process_seqs_merge2] CPE FASTQ formatting done
[M::mem_process_seqs_merge2] CPE FASTQ formatting done
slave pre done
now n is 84744
slave pre done
now n is 84745
processed 84744
[M::mem_process_seqs_merge2] Processed 84744 reads in 0.030 CPU sec, 0.792 real sec
processed 84745
[M::mem_process_seqs_merge2] Processed 84745 reads in 0.020 CPU sec, 0.837 real sec
[M::process] read chunk (19660800 bytes/CG x 1 CGs, 19660840 bytes)...
[M::process] read chunk (19660800 bytes/CG x 1 CGs, 19660608 bytes)...
slave pre done
now n is 84745
processed 84745
[M::mem_process_seqs_merge2] Processed 84745 reads in 0.030 CPU sec, 0.760 real sec
[M::mem_process_seqs_merge2] CPE FASTQ formatting done
[M::process] read chunk (19660800 bytes/CG x 1 CGs, 19660840 bytes)...
slave pre done
now n is 84745
processed 84745
[M::mem_process_seqs_merge2] Processed 84745 reads in 0.010 CPU sec, 0.761 real sec
[M::mem_process_seqs_merge2] CPE FASTQ formatting done
[M::mem_process_seqs_merge2] CPE FASTQ formatting done
slave pre done
now n is 84745
processed 84745
[M::mem_process_seqs_merge2] Processed 84745 reads in 0.030 CPU sec, 0.812 real sec
[M::process] read chunk (19660800 bytes/CG x 1 CGs, 19660840 bytes)...
[M::mem_process_seqs_merge2] CPE FASTQ formatting done
[M::process] read chunk (19660800 bytes/CG x 1 CGs, 19660840 bytes)...
slave pre done
now n is 84745
[M::mem_process_seqs_merge2] CPE FASTQ formatting done
processed 84745
[M::mem_process_seqs_merge2] Processed 84745 reads in 0.020 CPU sec, 0.792 real sec
[M::process] read chunk (19660800 bytes/CG x 1 CGs, 19660840 bytes)...
[M::mem_process_seqs_merge2] CPE FASTQ formatting done
slave pre done
now n is 84744
processed 84744
[M::mem_process_seqs_merge2] Processed 84744 reads in 0.020 CPU sec, 0.714 real sec
slave pre done
now n is 84745
processed 84745
[M::mem_process_seqs_merge2] Processed 84745 reads in 0.020 CPU sec, 0.785 real sec
[M::process] read chunk (19660800 bytes/CG x 1 CGs, 19660608 bytes)...
[M::mem_process_seqs_merge2] CPE FASTQ formatting done
slave pre done
now n is 84745
[M::process] read chunk (19660800 bytes/CG x 1 CGs, 19660840 bytes)...
processed 84745
[M::mem_process_seqs_merge2] Processed 84745 reads in 0.040 CPU sec, 0.785 real sec
[M::process] read chunk (19660800 bytes/CG x 1 CGs, 19660840 bytes)...
slave pre done
now n is 84745
processed 84745
[M::mem_process_seqs_merge2] Processed 84745 reads in 0.010 CPU sec, 0.759 real sec
slave pre done
now n is 84745
[M::process] read chunk (19660800 bytes/CG x 1 CGs, 19660840 bytes)...
processed 84745
[M::mem_process_seqs_merge2] Processed 84745 reads in 0.020 CPU sec, 0.747 real sec
[M::mem_process_seqs_merge2] CPE FASTQ formatting done
[M::process] read chunk (19660800 bytes/CG x 1 CGs, 19660840 bytes)...
[M::mem_process_seqs_merge2] CPE FASTQ formatting done
slave pre done
now n is 84745
processed 84745
[M::mem_process_seqs_merge2] Processed 84745 reads in 0.030 CPU sec, 0.779 real sec
[M::mem_process_seqs_merge2] CPE FASTQ formatting done
[M::process] read chunk (19660800 bytes/CG x 1 CGs, 19660840 bytes)...
[M::mem_process_seqs_merge2] CPE FASTQ formatting done
[M::mem_process_seqs_merge2] CPE FASTQ formatting done
slave pre done
now n is 84744
processed 84744
[M::mem_process_seqs_merge2] Processed 84744 reads in 0.020 CPU sec, 0.774 real sec
[M::mem_process_seqs_merge2] CPE FASTQ formatting done
[M::process] read chunk (19660800 bytes/CG x 1 CGs, 19660608 bytes)...
slave pre done
now n is 84745
processed 84745
[M::mem_process_seqs_merge2] Processed 84745 reads in 0.020 CPU sec, 0.781 real sec
[M::process] read chunk (19660800 bytes/CG x 1 CGs, 19660840 bytes)...
slave pre done
now n is 84745
processed 84745
[M::mem_process_seqs_merge2] Processed 84745 reads in 0.020 CPU sec, 0.731 real sec
[M::mem_process_seqs_merge2] CPE FASTQ formatting done
slave pre done
now n is 84745
[M::process] read chunk (19660800 bytes/CG x 1 CGs, 19660840 bytes)...
processed 84745
[M::mem_process_seqs_merge2] Processed 84745 reads in 0.020 CPU sec, 0.830 real sec
slave pre done
now n is 84745
processed 84745
[M::mem_process_seqs_merge2] Processed 84745 reads in 0.010 CPU sec, 0.832 real sec
[M::process] read chunk (19660800 bytes/CG x 1 CGs, 19660840 bytes)...
[M::process] read chunk (19660800 bytes/CG x 1 CGs, 19660840 bytes)...
slave pre done
now n is 84745
processed 84745
[M::mem_process_seqs_merge2] Processed 84745 reads in 0.020 CPU sec, 0.834 real sec
[M::mem_process_seqs_merge2] CPE FASTQ formatting done
[M::process] read chunk (19660800 bytes/CG x 1 CGs, 19660840 bytes)...
[M::mem_process_seqs_merge2] CPE FASTQ formatting done
slave pre done
now n is 84744
processed 84744
[M::mem_process_seqs_merge2] Processed 84744 reads in 0.030 CPU sec, 0.759 real sec
[M::mem_process_seqs_merge2] CPE FASTQ formatting done
[M::mem_process_seqs_merge2] CPE FASTQ formatting done
[M::process] read chunk (19660800 bytes/CG x 1 CGs, 19660608 bytes)...
[M::mem_process_seqs_merge2] CPE FASTQ formatting done
slave pre done
now n is 84745
processed 84745
[M::mem_process_seqs_merge2] Processed 84745 reads in 0.010 CPU sec, 0.782 real sec
[M::mem_process_seqs_merge2] CPE FASTQ formatting done
[M::process] read chunk (19660800 bytes/CG x 1 CGs, 19660840 bytes)...
slave pre done
now n is 84745
processed 84745
[M::mem_process_seqs_merge2] Processed 84745 reads in 0.020 CPU sec, 0.775 real sec
[M::process] read chunk (19660800 bytes/CG x 1 CGs, 19660840 bytes)...
slave pre done
now n is 84745
processed 84745
[M::mem_process_seqs_merge2] Processed 84745 reads in 0.030 CPU sec, 0.777 real sec
[M::mem_process_seqs_merge2] CPE FASTQ formatting done
slave pre done
now n is 84745
processed 84745
[M::mem_process_seqs_merge2] Processed 84745 reads in 0.030 CPU sec, 0.902 real sec
[M::process] read chunk (19660800 bytes/CG x 1 CGs, 19660840 bytes)...
slave pre done
now n is 84745
processed 84745
[M::mem_process_seqs_merge2] Processed 84745 reads in 0.040 CPU sec, 0.796 real sec
[M::process] read chunk (19660800 bytes/CG x 1 CGs, 19660840 bytes)...
[M::mem_process_seqs_merge2] CPE FASTQ formatting done
slave pre done
now n is 84744
[M::process] read chunk (19660800 bytes/CG x 1 CGs, 4915152 bytes)...
processed 84744
[M::mem_process_seqs_merge2] Processed 84744 reads in 0.030 CPU sec, 0.769 real sec
[M::process] read chunk (19660800 bytes/CG x 1 CGs, 4915152 bytes)...
slave pre done
now n is 84745
[M::mem_process_seqs_merge2] CPE FASTQ formatting done
processed 84745
[M::mem_process_seqs_merge2] Processed 84745 reads in 0.030 CPU sec, 0.753 real sec
[M::mem_process_seqs_merge2] CPE FASTQ formatting done
[M::mem_process_seqs_merge2] CPE FASTQ formatting done
[M::process] read chunk (19660800 bytes/CG x 1 CGs, 4915152 bytes)...
[M::mem_process_seqs_merge2] CPE FASTQ formatting done
slave pre done
now n is 21186
[M::mem_process_seqs_merge2] CPE FASTQ formatting done
processed 21186
[M::mem_process_seqs_merge2] Processed 21186 reads in 0.010 CPU sec, 0.249 real sec
[M::process] read chunk (19660800 bytes/CG x 1 CGs, 4915152 bytes)...
slave pre done
now n is 84745
slave pre done
now n is 21186
processed 84745
[M::mem_process_seqs_merge2] Processed 84745 reads in 0.030 CPU sec, 0.763 real sec
processed 21186
[M::mem_process_seqs_merge2] Processed 21186 reads in 0.020 CPU sec, 0.242 real sec
[M::process] read chunk (19660800 bytes/CG x 1 CGs, 4915152 bytes)...
[M::mem_process_seqs_merge2] CPE FASTQ formatting done
slave pre done
now n is 21186
processed 21186
[M::mem_process_seqs_merge2] Processed 21186 reads in 0.010 CPU sec, 0.226 real sec
[M::mem_process_seqs_merge2] CPE FASTQ formatting done
[M::process] read chunk (19660800 bytes/CG x 1 CGs, 4915384 bytes)...
[M::process] read chunk (19660800 bytes/CG x 1 CGs, 4915152 bytes)...
[M::mem_process_seqs_merge2] CPE FASTQ formatting done
[M::mem_process_seqs_merge2] CPE FASTQ formatting done
slave pre done
now n is 21186
processed 21186
[M::mem_process_seqs_merge2] Processed 21186 reads in 0.010 CPU sec, 0.219 real sec
[M::process] read chunk (19660800 bytes/CG x 1 CGs, 4915152 bytes)...
slave pre done
now n is 21186
processed 21186
[M::mem_process_seqs_merge2] Processed 21186 reads in 0.010 CPU sec, 0.239 real sec
[M::process] read chunk (19660800 bytes/CG x 1 CGs, 4915384 bytes)...
slave pre done
now n is 21187
processed 21187
[M::mem_process_seqs_merge2] Processed 21187 reads in 0.010 CPU sec, 0.216 real sec
[M::mem_process_seqs_merge2] CPE FASTQ formatting done
slave pre done
now n is 21186
processed 21186
[M::mem_process_seqs_merge2] Processed 21186 reads in 0.030 CPU sec, 0.258 real sec
[M::process] read chunk (19660800 bytes/CG x 1 CGs, 4915152 bytes)...
[M::mem_process_seqs_merge2] CPE FASTQ formatting done
[M::process] read chunk (19660800 bytes/CG x 1 CGs, 4915152 bytes)...
slave pre done
now n is 84745
processed 84745
[M::mem_process_seqs_merge2] Processed 84745 reads in 0.000 CPU sec, 0.817 real sec
slave pre done
now n is 84745
[M::mem_process_seqs_merge2] CPE FASTQ formatting done
processed 84745
[M::mem_process_seqs_merge2] Processed 84745 reads in 0.040 CPU sec, 0.768 real sec
[M::mem_process_seqs_merge2] CPE FASTQ formatting done
slave pre done
now n is 21186
processed 21186
[M::mem_process_seqs_merge2] Processed 21186 reads in 0.010 CPU sec, 0.220 real sec
slave pre done
now n is 21187
[M::process] read chunk (19660800 bytes/CG x 1 CGs, 4915384 bytes)...
processed 21187
[M::mem_process_seqs_merge2] Processed 21187 reads in 0.020 CPU sec, 0.197 real sec
[M::process] read chunk (19660800 bytes/CG x 1 CGs, 4915384 bytes)...
[M::process] read chunk (19660800 bytes/CG x 1 CGs, 4915152 bytes)...
[M::process] read chunk (19660800 bytes/CG x 1 CGs, 4915152 bytes)...
slave pre done
now n is 21186
processed 21186
[M::mem_process_seqs_merge2] Processed 21186 reads in 0.010 CPU sec, 0.195 real sec
[M::process] read chunk (19660800 bytes/CG x 1 CGs, 4915152 bytes)...
slave pre done
now n is 21186
processed 21186
[M::mem_process_seqs_merge2] Processed 21186 reads in 0.010 CPU sec, 0.211 real sec
[M::mem_process_seqs_merge2] CPE FASTQ formatting done
[M::process] read chunk (19660800 bytes/CG x 1 CGs, 4915152 bytes)...
[M::mem_process_seqs_merge2] CPE FASTQ formatting done
[M::mem_process_seqs_merge2] CPE FASTQ formatting done
[M::mem_process_seqs_merge2] CPE FASTQ formatting done
[M::mem_process_seqs_merge2] CPE FASTQ formatting done
[M::mem_process_seqs_merge2] CPE FASTQ formatting done
slave pre done
now n is 21187
slave pre done
now n is 21187
processed 21187
[M::mem_process_seqs_merge2] Processed 21187 reads in 0.020 CPU sec, 0.248 real sec
processed 21187
[M::mem_process_seqs_merge2] Processed 21187 reads in 0.010 CPU sec, 0.230 real sec
[M::process] read chunk (19660800 bytes/CG x 1 CGs, 4915152 bytes)...
[M::process] read chunk (19660800 bytes/CG x 1 CGs, 4915152 bytes)...
slave pre done
now n is 21186
slave pre done
now n is 21186
processed 21186
[M::mem_process_seqs_merge2] Processed 21186 reads in 0.010 CPU sec, 0.234 real sec
processed 21186
[M::mem_process_seqs_merge2] Processed 21186 reads in 0.010 CPU sec, 0.209 real sec
[M::process] read chunk (19660800 bytes/CG x 1 CGs, 4915152 bytes)...
[M::process] read chunk (19660800 bytes/CG x 1 CGs, 4915152 bytes)...
slave pre done
now n is 21186
processed 21186
[M::mem_process_seqs_merge2] Processed 21186 reads in 0.020 CPU sec, 0.220 real sec
slave pre done
now n is 21186
[M::process] read chunk (19660800 bytes/CG x 1 CGs, 4915152 bytes)...
processed 21186
[M::mem_process_seqs_merge2] Processed 21186 reads in 0.020 CPU sec, 0.269 real sec
[M::mem_process_seqs_merge2] CPE FASTQ formatting done
[M::mem_process_seqs_merge2] CPE FASTQ formatting done
[M::process] read chunk (19660800 bytes/CG x 1 CGs, 4915152 bytes)...
[M::mem_process_seqs_merge2] CPE FASTQ formatting done
[M::mem_process_seqs_merge2] CPE FASTQ formatting done
[M::mem_process_seqs_merge2] CPE FASTQ formatting done
[M::mem_process_seqs_merge2] CPE FASTQ formatting done
slave pre done
now n is 21186
slave pre done
now n is 21186
processed 21186
[M::mem_process_seqs_merge2] Processed 21186 reads in 0.020 CPU sec, 0.232 real sec
processed 21186
[M::mem_process_seqs_merge2] Processed 21186 reads in 0.020 CPU sec, 0.216 real sec
[M::process] read chunk (19660800 bytes/CG x 1 CGs, 4915152 bytes)...
[M::process] read chunk (19660800 bytes/CG x 1 CGs, 4915152 bytes)...
slave pre done
now n is 21186
processed 21186
[M::mem_process_seqs_merge2] Processed 21186 reads in 0.010 CPU sec, 0.214 real sec
slave pre done
now n is 21186
[M::process] read chunk (19660800 bytes/CG x 1 CGs, 4915152 bytes)...
processed 21186
[M::mem_process_seqs_merge2] Processed 21186 reads in 0.010 CPU sec, 0.256 real sec
slave pre done
now n is 21186
processed 21186
[M::mem_process_seqs_merge2] Processed 21186 reads in 0.010 CPU sec, 0.220 real sec
slave pre done
now n is 21186
[M::process] read chunk (19660800 bytes/CG x 1 CGs, 4915152 bytes)...
processed 21186
[M::mem_process_seqs_merge2] Processed 21186 reads in 0.010 CPU sec, 0.225 real sec
[M::process] read chunk (19660800 bytes/CG x 1 CGs, 4915152 bytes)...
[M::mem_process_seqs_merge2] CPE FASTQ formatting done
[M::process] read chunk (19660800 bytes/CG x 1 CGs, 4915152 bytes)...
[M::mem_process_seqs_merge2] CPE FASTQ formatting done
[M::mem_process_seqs_merge2] CPE FASTQ formatting done
[M::mem_process_seqs_merge2] CPE FASTQ formatting done
[M::mem_process_seqs_merge2] CPE FASTQ formatting done
[M::mem_process_seqs_merge2] CPE FASTQ formatting done
slave pre done
now n is 21186
slave pre done
now n is 21186
processed 21186
[M::mem_process_seqs_merge2] Processed 21186 reads in 0.010 CPU sec, 0.232 real sec
processed 21186
[M::mem_process_seqs_merge2] Processed 21186 reads in 0.030 CPU sec, 0.265 real sec
[M::process] read chunk (19660800 bytes/CG x 1 CGs, 4915152 bytes)...
[M::process] read chunk (19660800 bytes/CG x 1 CGs, 4915152 bytes)...
slave pre done
now n is 21186
processed 21186
[M::mem_process_seqs_merge2] Processed 21186 reads in 0.010 CPU sec, 0.206 real sec
slave pre done
now n is 21186
[M::process] read chunk (19660800 bytes/CG x 1 CGs, 4915384 bytes)...
slave pre done
now n is 21186
processed 21186
[M::mem_process_seqs_merge2] Processed 21186 reads in 0.010 CPU sec, 0.250 real sec
processed 21186
[M::mem_process_seqs_merge2] Processed 21186 reads in 0.010 CPU sec, 0.265 real sec
slave pre done
now n is 21186
[M::mem_process_seqs_merge2] CPE FASTQ formatting done
processed 21186
[M::mem_process_seqs_merge2] Processed 21186 reads in 0.030 CPU sec, 0.232 real sec
[M::process] read chunk (19660800 bytes/CG x 1 CGs, 4915384 bytes)...
[M::process] read chunk (19660800 bytes/CG x 1 CGs, 4915384 bytes)...
[M::mem_process_seqs_merge2] CPE FASTQ formatting done
[M::process] read chunk (19660800 bytes/CG x 1 CGs, 4915152 bytes)...
[M::mem_process_seqs_merge2] CPE FASTQ formatting done
[M::mem_process_seqs_merge2] CPE FASTQ formatting done
[M::mem_process_seqs_merge2] CPE FASTQ formatting done
slave pre done
now n is 21186
processed 21186
[M::mem_process_seqs_merge2] Processed 21186 reads in 0.020 CPU sec, 0.224 real sec
slave pre done
now n is 21186
processed 21186
[M::mem_process_seqs_merge2] Processed 21186 reads in 0.010 CPU sec, 0.216 real sec
[M::mem_process_seqs_merge2] CPE FASTQ formatting done
[M::process] read chunk (19660800 bytes/CG x 1 CGs, 4915384 bytes)...
[M::process] read chunk (19660800 bytes/CG x 1 CGs, 4915384 bytes)...
slave pre done
now n is 21187
processed 21187
[M::mem_process_seqs_merge2] Processed 21187 reads in 0.010 CPU sec, 0.193 real sec
[M::mem_process_seqs_merge2] CPE FASTQ formatting done
slave pre done
now n is 21187
processed 21187
[M::mem_process_seqs_merge2] Processed 21187 reads in 0.010 CPU sec, 0.216 real sec
[M::process] read chunk (19660800 bytes/CG x 1 CGs, 4915152 bytes)...
slave pre done
now n is 21187
processed 21187
[M::mem_process_seqs_merge2] Processed 21187 reads in 0.010 CPU sec, 0.216 real sec
[M::mem_process_seqs_merge2] CPE FASTQ formatting done
[M::process] read chunk (19660800 bytes/CG x 1 CGs, 4915152 bytes)...
[M::process] read chunk (19660800 bytes/CG x 1 CGs, 4915152 bytes)...
[M::mem_process_seqs_merge2] CPE FASTQ formatting done
slave pre done
now n is 21186
processed 21186
[M::mem_process_seqs_merge2] Processed 21186 reads in 0.020 CPU sec, 0.293 real sec
slave pre done
now n is 21187
[M::mem_process_seqs_merge2] CPE FASTQ formatting done
[M::process] read chunk (19660800 bytes/CG x 1 CGs, 4915152 bytes)...
processed 21187
[M::mem_process_seqs_merge2] Processed 21187 reads in 0.010 CPU sec, 0.213 real sec
[M::mem_process_seqs_merge2] CPE FASTQ formatting done
[M::process] read chunk (19660800 bytes/CG x 1 CGs, 4915152 bytes)...
slave pre done
now n is 21187
processed 21187
[M::mem_process_seqs_merge2] Processed 21187 reads in 0.010 CPU sec, 0.240 real sec
[M::mem_process_seqs_merge2] CPE FASTQ formatting done
[M::process] read chunk (19660800 bytes/CG x 1 CGs, 4915152 bytes)...
slave pre done
now n is 21186
processed 21186
[M::mem_process_seqs_merge2] Processed 21186 reads in 0.010 CPU sec, 0.256 real sec
[M::process] read chunk (19660800 bytes/CG x 1 CGs, 4915152 bytes)...
[M::mem_process_seqs_merge2] CPE FASTQ formatting done
slave pre done
now n is 21186
processed 21186
[M::mem_process_seqs_merge2] Processed 21186 reads in 0.010 CPU sec, 0.223 real sec
slave pre done
now n is 21186
processed 21186
[M::mem_process_seqs_merge2] Processed 21186 reads in 0.010 CPU sec, 0.269 real sec
[M::mem_process_seqs_merge2] CPE FASTQ formatting done
[M::process] read chunk (19660800 bytes/CG x 1 CGs, 4915152 bytes)...
[M::process] read chunk (19660800 bytes/CG x 1 CGs, 4915152 bytes)...
[M::mem_process_seqs_merge2] CPE FASTQ formatting done
slave pre done
now n is 21186
[M::mem_process_seqs_merge2] CPE FASTQ formatting done
processed 21186
[M::mem_process_seqs_merge2] Processed 21186 reads in 0.020 CPU sec, 0.262 real sec
[M::process] read chunk (19660800 bytes/CG x 1 CGs, 4915152 bytes)...
[M::mem_process_seqs_merge2] CPE FASTQ formatting done
slave pre done
now n is 21186
processed 21186
[M::mem_process_seqs_merge2] Processed 21186 reads in 0.020 CPU sec, 0.232 real sec
[M::process] read chunk (19660800 bytes/CG x 1 CGs, 4915152 bytes)...
[M::mem_process_seqs_merge2] CPE FASTQ formatting done
slave pre done
now n is 21186
processed 21186
[M::mem_process_seqs_merge2] Processed 21186 reads in 0.010 CPU sec, 0.231 real sec
[M::process] read chunk (19660800 bytes/CG x 1 CGs, 4915152 bytes)...
slave pre done
now n is 21186
processed 21186
[M::mem_process_seqs_merge2] Processed 21186 reads in 0.010 CPU sec, 0.220 real sec
[M::process] read chunk (19660800 bytes/CG x 1 CGs, 4915152 bytes)...
slave pre done
now n is 21186
processed 21186
[M::mem_process_seqs_merge2] Processed 21186 reads in 0.010 CPU sec, 0.218 real sec
[M::mem_process_seqs_merge2] CPE FASTQ formatting done
[M::mem_process_seqs_merge2] CPE FASTQ formatting done
[M::process] read chunk (19660800 bytes/CG x 1 CGs, 4915152 bytes)...
slave pre done
now n is 21186
[M::mem_process_seqs_merge2] CPE FASTQ formatting done
processed 21186
[M::mem_process_seqs_merge2] Processed 21186 reads in 0.020 CPU sec, 0.221 real sec
[M::process] read chunk (19660800 bytes/CG x 1 CGs, 4915152 bytes)...
[M::mem_process_seqs_merge2] CPE FASTQ formatting done
slave pre done
now n is 21186
processed 21186
[M::mem_process_seqs_merge2] Processed 21186 reads in 0.020 CPU sec, 0.232 real sec
slave pre done
now n is 21186
[M::mem_process_seqs_merge2] CPE FASTQ formatting done
processed 21186
[M::mem_process_seqs_merge2] Processed 21186 reads in 0.010 CPU sec, 0.237 real sec
slave pre done
now n is 21186
[M::process] read chunk (19660800 bytes/CG x 1 CGs, 4915152 bytes)...
processed 21186
[M::mem_process_seqs_merge2] Processed 21186 reads in 0.010 CPU sec, 0.230 real sec
[M::process] read chunk (19660800 bytes/CG x 1 CGs, 4915384 bytes)...
[M::process] read chunk (19660800 bytes/CG x 1 CGs, 4915152 bytes)...
slave pre done
now n is 21186
processed 21186
[M::mem_process_seqs_merge2] Processed 21186 reads in 0.010 CPU sec, 0.231 real sec
slave pre done
now n is 21186
processed 21186
[M::mem_process_seqs_merge2] Processed 21186 reads in 0.020 CPU sec, 0.672 real sec
[M::mem_process_seqs_merge2] CPE FASTQ formatting done
[M::process] read chunk (19660800 bytes/CG x 1 CGs, 4915384 bytes)...
[M::mem_process_seqs_merge2] CPE FASTQ formatting done
[M::process] read chunk (19660800 bytes/CG x 1 CGs, 4915152 bytes)...
slave pre done
now n is 21186
[M::mem_process_seqs_merge2] CPE FASTQ formatting done
processed 21186
[M::mem_process_seqs_merge2] Processed 21186 reads in 0.020 CPU sec, 0.232 real sec
[M::mem_process_seqs_merge2] CPE FASTQ formatting done
[M::mem_process_seqs_merge2] CPE FASTQ formatting done
[M::process] read chunk (19660800 bytes/CG x 1 CGs, 4915384 bytes)...
slave pre done
now n is 21186
processed 21186
[M::mem_process_seqs_merge2] Processed 21186 reads in 0.020 CPU sec, 0.223 real sec
slave pre done
now n is 21187
processed 21187
[M::mem_process_seqs_merge2] Processed 21187 reads in 0.010 CPU sec, 0.250 real sec
[M::mem_process_seqs_merge2] CPE FASTQ formatting done
[M::process] read chunk (19660800 bytes/CG x 1 CGs, 4915384 bytes)...
[M::process] read chunk (19660800 bytes/CG x 1 CGs, 4915152 bytes)...
slave pre done
now n is 21186
slave pre done
now n is 21186
processed 21186
[M::mem_process_seqs_merge2] Processed 21186 reads in 0.010 CPU sec, 0.217 real sec
processed 21186
[M::mem_process_seqs_merge2] Processed 21186 reads in 0.020 CPU sec, 0.243 real sec
[M::process] read chunk (19660800 bytes/CG x 1 CGs, 4915152 bytes)...
[M::process] read chunk (19660800 bytes/CG x 1 CGs, 4915384 bytes)...
slave pre done
now n is 21187
processed 21187
[M::mem_process_seqs_merge2] Processed 21187 reads in 0.010 CPU sec, 0.244 real sec
[M::mem_process_seqs_merge2] CPE FASTQ formatting done
[M::mem_process_seqs_merge2] CPE FASTQ formatting done
[M::mem_process_seqs_merge2] CPE FASTQ formatting done
[M::process] read chunk (19660800 bytes/CG x 1 CGs, 4915152 bytes)...
slave pre done
now n is 21187
processed 21187
[M::mem_process_seqs_merge2] Processed 21187 reads in 0.030 CPU sec, 0.240 real sec
[M::process] read chunk (19660800 bytes/CG x 1 CGs, 4915152 bytes)...
[M::mem_process_seqs_merge2] CPE FASTQ formatting done
[M::mem_process_seqs_merge2] CPE FASTQ formatting done
slave pre done
now n is 21186
processed 21186
[M::mem_process_seqs_merge2] Processed 21186 reads in 0.010 CPU sec, 0.260 real sec
slave pre done
now n is 21187
processed 21187
[M::mem_process_seqs_merge2] Processed 21187 reads in 0.010 CPU sec, 0.276 real sec
slave pre done
now n is 21186
processed 21186
[M::mem_process_seqs_merge2] Processed 21186 reads in 0.010 CPU sec, 0.288 real sec
[M::process] read chunk (19660800 bytes/CG x 1 CGs, 4915152 bytes)...
[M::process] read chunk (19660800 bytes/CG x 1 CGs, 4915152 bytes)...
[M::process] read chunk (19660800 bytes/CG x 1 CGs, 4915152 bytes)...
[M::mem_process_seqs_merge2] CPE FASTQ formatting done
[M::mem_process_seqs_merge2] CPE FASTQ formatting done
slave pre done
now n is 21186
processed 21186
[M::mem_process_seqs_merge2] Processed 21186 reads in 0.010 CPU sec, 0.204 real sec
[M::mem_process_seqs_merge2] CPE FASTQ formatting done
[M::process] read chunk (19660800 bytes/CG x 1 CGs, 4915152 bytes)...
[M::mem_process_seqs_merge2] CPE FASTQ formatting done
slave pre done
now n is 21187
processed 21187
[M::mem_process_seqs_merge2] Processed 21187 reads in 0.020 CPU sec, 0.393 real sec
[M::mem_process_seqs_merge2] CPE FASTQ formatting done
slave pre done
now n is 21186
processed 21186
[M::mem_process_seqs_merge2] Processed 21186 reads in 0.010 CPU sec, 0.243 real sec
slave pre done
now n is 21186
processed 21186
[M::mem_process_seqs_merge2] Processed 21186 reads in 0.010 CPU sec, 0.247 real sec
[M::process] read chunk (19660800 bytes/CG x 1 CGs, 4915152 bytes)...
[M::process] read chunk (19660800 bytes/CG x 1 CGs, 4915152 bytes)...
[M::process] read chunk (19660800 bytes/CG x 1 CGs, 4915152 bytes)...
slave pre done
now n is 21186
processed 21186
[M::mem_process_seqs_merge2] Processed 21186 reads in 0.030 CPU sec, 0.475 real sec
[M::mem_process_seqs_merge2] CPE FASTQ formatting done
[M::mem_process_seqs_merge2] CPE FASTQ formatting done
[M::mem_process_seqs_merge2] CPE FASTQ formatting done
[M::process] read chunk (19660800 bytes/CG x 1 CGs, 4574112 bytes)...
[M::mem_process_seqs_merge2] CPE FASTQ formatting done
slave pre done
now n is 21186
processed 21186
[M::mem_process_seqs_merge2] Processed 21186 reads in 0.020 CPU sec, 0.214 real sec
[MPI rank 000004/000006] input work: chunks=39 records=2510116 bytes=575078820
slave pre done
now n is 21186
processed 21186
[M::mem_process_seqs_merge2] Processed 21186 reads in 0.030 CPU sec, 0.456 real sec
[MPI rank 000003/000006] input work: chunks=38 records=2552488 bytes=584909124
slave pre done
now n is 21186
processed 21186
[M::mem_process_seqs_merge2] Processed 21186 reads in 0.080 CPU sec, 1.438 real sec
[MPI rank 000000/000006] input work: chunks=39 records=2576957 bytes=589823912
slave pre done
now n is 19716
processed 19716
[M::mem_process_seqs_merge2] Processed 19716 reads in 0.080 CPU sec, 1.648 real sec
[MPI rank 000005/000006] input work: chunks=39 records=2507670 bytes=574736200
slave pre done
now n is 21186
slave pre done
now n is 21186
processed 21186
[M::mem_process_seqs_merge2] Processed 21186 reads in 0.130 CPU sec, 2.156 real sec
processed 21186
[M::mem_process_seqs_merge2] Processed 21186 reads in 0.100 CPU sec, 1.939 real sec
[MPI rank 000001/000006] input work: chunks=39 records=2574960 bytes=589823936
[MPI rank 000002/000006] input work: chunks=38 records=2552489 bytes=584909356

================ MPI Dynamic Scheduler Debug =================
  MPI rank: 000000 / 000006

  Work summary
    claimed chunks                                         39
    claimed from this rank's queue                         39
    claimed from another rank's queue                       0
    completed FASTQ records                           2576957
    claimed input bytes                             589823912

  Scheduler counters
    scheduler_next calls                                   40
    RMA ticket attempts                                    45
    attempts against another rank's queue                   5
    tickets beyond the final chunk                          6
    empty aligned chunks                                    0

  Scheduler timing
    MPI_Win_create (setup)                       0.000370 s  (1 calls,   369.903 us/call)
    MPI_Barrier after setup                      0.000012 s  (1 calls,    11.850 us/call)
    scheduler_next total                         0.099871 s  (40 calls,  2496.785 us/call)
      RMA ticket path total                        0.099728 s  (45 calls,  2216.186 us/call)
        MPI_Win_lock                                 0.000252 s  (45 calls,     5.607 us/call)
        MPI_Fetch_and_op                             0.000196 s  (45 calls,     4.359 us/call)
        MPI_Win_unlock                               0.099209 s  (45 calls,  2204.653 us/call)
        RMA call overhead (derived)                  0.000070 s  (45 calls,     1.567 us/call)
      align nominal offsets to FASTQ records       0.000039 s  (39 calls,     1.001 us/call)
      scheduler loop/bookkeeping (derived)         0.000104 s  (40 calls,     2.600 us/call)

  Scheduler teardown timing
    MPI_Barrier (wait for other ranks)           0.882249 s  (1 calls, 882249.425 us/call)
    MPI_Win_free                                 0.000050 s  (1 calls,    49.801 us/call)

  Stage 2 by chunk
    completed chunks                                       39
    accumulated stage 2                             26.284584 s
    average stage 2 per chunk                        0.673964 s
    slowest chunk                                         228
    slowest chunk stage 2                            1.438150 s

    order   chunk  queue        byte range                       bytes      records   stage2(s)
        0       0      0  [           0,     19660976)     19660976        89570    1.264593
        1       6      0  [   117964892,    137625820)     19660928        87772    0.869743
        2      12      0  [   235929600,    255590496)     19660896        86232    0.810253
        3      18      0  [   353894520,    373555416)     19660896        86232    0.811420
        4      24      0  [   471859212,    491520108)     19660896        86232    0.804249
        5      30      0  [   589824132,    609484800)     19660668        86231    0.830182
        6      36      0  [   707788824,    727449720)     19660896        86232    0.772181
        7      42      0  [   825753744,    845414412)     19660668        86231    0.866285
        8      48      0  [   943718436,    963379332)     19660896        86232    0.844487
        9      54      0  [  1061683356,   1081344024)     19660668        86231    0.781979
       10      60      0  [  1179648048,   1199308944)     19660896        86232    0.858647
       11      66      0  [  1297612968,   1317273636)     19660668        86231    0.927142
       12      72      0  [  1415577660,   1435238556)     19660896        86232    0.803752
       13      78      0  [  1533542580,   1553203248)     19660668        86231    0.765790
       14      84      0  [  1651507272,   1671168168)     19660896        86232    0.759791
       15      90      0  [  1769472192,   1789132860)     19660668        86231    0.813896
       16      96      0  [  1887436884,   1907097780)     19660896        86232    0.790921
       17     102      0  [  2005401804,   2025062472)     19660668        86231    0.742819
       18     108      0  [  2123366496,   2143027392)     19660896        86232    0.805277
       19     114      0  [  2241331416,   2260992084)     19660668        86231    0.844954
       20     120      0  [  2359296220,   2378956828)     19660608        84744    0.803366
       21     126      0  [  2477261028,   2496921636)     19660608        84744    0.772176
       22     132      0  [  2595225604,   2614886444)     19660840        84745    0.836599
       23     138      0  [  2713190412,   2732851252)     19660840        84745    0.785064
       24     144      0  [  2831155220,   2850816060)     19660840        84745    0.781493
       25     150      0  [  2949120028,   2968780868)     19660840        84745    0.782331
       26     156      0  [  3067084836,   3086745676)     19660840        84745    0.753591
       27     162      0  [  3155558500,   3160473652)      4915152        21186    0.225850
       28     168      0  [  3185049644,   3189965028)      4915384        21187    0.216738
       29     174      0  [  3214541020,   3219456172)      4915152        21186    0.195123
       30     180      0  [  3244032164,   3248947316)      4915152        21186    0.220278
       31     186      0  [  3273523308,   3278438460)      4915152        21186    0.225444
       32     192      0  [  3303014452,   3307929604)      4915152        21186    0.232100
       33     198      0  [  3332505828,   3337420980)      4915152        21186    0.293316
       34     204      0  [  3361996972,   3366912124)      4915152        21186    0.261614
       35     210      0  [  3391488116,   3396403268)      4915152        21186    0.221122
       36     216      0  [  3420979260,   3425894412)      4915152        21186    0.231602
       37     222      0  [  3450470404,   3455385788)      4915384        21187    0.240266
       38     228      0  [  3479961780,   3484876932)      4915152        21186    1.438150
==============================================================

[SWBWA output hash rank 000000/000006] calls=2576957 bytes=604383424 sum=0xa43ee845b0ddc390 xor=0x4158e51425e439d2

================ MPI Dynamic Scheduler Debug =================
  MPI rank: 000001 / 000006

  Work summary
    claimed chunks                                         39
    claimed from this rank's queue                         39
    claimed from another rank's queue                       0
    completed FASTQ records                           2574960
    claimed input bytes                             589823936

  Scheduler counters
    scheduler_next calls                                   40
    RMA ticket attempts                                    45
    attempts against another rank's queue                   5
    tickets beyond the final chunk                          6
    empty aligned chunks                                    0

  Scheduler timing
    MPI_Win_create (setup)                       0.001752 s  (1 calls,  1752.015 us/call)
    MPI_Barrier after setup                      0.000011 s  (1 calls,    11.350 us/call)
    scheduler_next total                         0.006714 s  (40 calls,   167.839 us/call)
      RMA ticket path total                        0.006564 s  (45 calls,   145.863 us/call)
        MPI_Win_lock                                 0.000254 s  (45 calls,     5.653 us/call)
        MPI_Fetch_and_op                             0.000205 s  (45 calls,     4.547 us/call)
        MPI_Win_unlock                               0.006022 s  (45 calls,   133.826 us/call)
        RMA call overhead (derived)                  0.000083 s  (45 calls,     1.838 us/call)
      align nominal offsets to FASTQ records       0.000042 s  (39 calls,     1.086 us/call)
      scheduler loop/bookkeeping (derived)         0.000107 s  (40 calls,     2.684 us/call)

  Scheduler teardown timing
    MPI_Barrier (wait for other ranks)           0.001052 s  (1 calls,  1052.459 us/call)
    MPI_Win_free                                 0.000068 s  (1 calls,    67.501 us/call)

  Stage 2 by chunk
    completed chunks                                       39
    accumulated stage 2                             26.915498 s
    average stage 2 per chunk                        0.690141 s
    slowest chunk                                         229
    slowest chunk stage 2                            2.155756 s

    order   chunk  queue        byte range                       bytes      records   stage2(s)
        0       1      1  [    19660976,     39321628)     19660652        87957    1.315455
        1       7      1  [   137625820,    157286524)     19660704        87771    0.832348
        2      13      1  [   255590496,    275251392)     19660896        86232    0.790490
        3      19      1  [   373555416,    393216084)     19660668        86231    0.829691
        4      25      1  [   491520108,    511181004)     19660896        86232    0.742858
        5      31      1  [   609484800,    629145696)     19660896        86232    0.746919
        6      37      1  [   727449720,    747110616)     19660896        86232    0.815166
        7      43      1  [   845414412,    865075308)     19660896        86232    0.855901
        8      49      1  [   963379332,    983040000)     19660668        86231    0.844231
        9      55      1  [  1081344024,   1101004920)     19660896        86232    0.839963
       10      61      1  [  1199308944,   1218969612)     19660668        86231    0.809973
       11      67      1  [  1317273636,   1336934532)     19660896        86232    0.999594
       12      73      1  [  1435238556,   1454899224)     19660668        86231    0.833649
       13      79      1  [  1553203248,   1572864144)     19660896        86232    0.837991
       14      85      1  [  1671168168,   1690828836)     19660668        86231    0.723914
       15      91      1  [  1789132860,   1808793756)     19660896        86232    0.750049
       16      97      1  [  1907097780,   1926758448)     19660668        86231    0.752838
       17     103      1  [  2025062472,   2044723368)     19660896        86232    0.764173
       18     109  
================ MPI Dynamic Scheduler Debug =================
  MPI rank: 000002 / 000006

  Work summary
    claimed chunks                                         38
    claimed from this rank's queue                         38
    claimed from another rank's queue                       0
    completed FASTQ records                           2552489
    claimed input bytes                             584909356

  Scheduler counters
    scheduler_next calls                                   39
    RMA ticket attempts                                    44
    attempts against another rank's queue                   5
    tickets beyond the final chunk                          6
    empty aligned chunks                                    0

  Scheduler timing
    MPI_Win_create (setup)                       0.001727 s  (1 calls,  1727.215 us/call)
    MPI_Barrier after setup                      0.000011 s  (1 calls,    10.650 us/call)
    scheduler_next total                         0.001837 s  (39 calls,    47.104 us/call)
      RMA ticket path total                        0.001687 s  (44 calls,    38.348 us/call)
        MPI_Win_lock                                 0.000247 s  (44 calls,     5.613 us/call)
        MPI_Fetch_and_op                             0.000198 s  (44 calls,     4.500 us/call)
        MPI_Win_unlock                               0.001149 s  (44 calls,    26.113 us/call)
        RMA call overhead (derived)                  0.000093 s  (44 calls,     2.123 us/call)
      align nominal offsets to FASTQ records       0.000042 s  (38 calls,     1.099 us/call)
      scheduler loop/bookkeeping (derived)         0.000108 s  (39 calls,     2.769 us/call)

  Scheduler teardown timing
    MPI_Barrier (wait for other ranks)           0.000032 s  (1 calls,    31.700 us/call)
    MPI_Win_free                                 0.000064 s  (1 calls,    64.051 us/call)

  Stage 2 by chunk
    completed chunks                                       38
    accumulated stage 2                             26.429540 s
    average stage 2 per chunk                        0.695514 s
    slowest chunk                                         230
    slowest chunk stage 2                            1.939893 s

    order   chunk  queue        byte range                       bytes      records   stage2(s)
        0       2      2  [    39321628,     58982556)     19660928        87772    1.293500
        1       8      2  [   157286524,    176947228)     19660704        87771    0.836765
        2      14      2  [   275251392,    294912060)     19660668        86231    0.814601
        3      20      2  [   393216084,    412876980)     19660896        86232    0.783818
        4      26      2  [   511181004,    530841672)     19660668        86231    0.816453
        5      32      2  [   629145696,    648806592)     19660896        86232    0.711893
        6      38      2  [   747110616,    766771284)     19660668        86231    0.827161
        7      44      2  [   865075308,    884736204)     19660896        86232    0.830417
        8      50      2  [   983040000,   1002700896)     19660896        86232    0.851400
        9      56      2  [  1101004920,   1120665816)     19660896        86232    0.801823
       10      62      2  [  1218969612,   1238630508)     19660896        86232    0.801352
       11      68      2  [  1336934532,   1356595200)     19660668        86231    0.782796
       12      74      2  [  1454899224,   1474560120)     19660896        86232    0.824303
       13      80      2  [  1572864144,   1592524812)     19660668        86231    0.821160
       14      86      2  [  1690828836,   1710489732)     19660896        86232    0.834032
       15      92      2  [  1808793756,   1828454424)     19660668        86231    0.865512
       16      98      2  [  1926758448,   1946419344)     19660896        86232    0.700163
       17     104      2  [  2044723368,   2064384036)     19660668        86231    0.770312
       18     110      1  [  2143027392,   2162688060)     19660668        86231    0.841288
       19     115      1  [  2260992084,   2280652860)     19660776        85846    0.862455
       20     121      1  [  2378956828,   2398617668)     19660840        84745    0.773976
       21     127      1  [  2496921636,   2516582476)     19660840        84745    0.789056
       22     133      1  [  2614886444,   2634547284)     19660840        84745    0.760136
       23     139      1  [  2732851252,   2752512092)     19660840        84745    0.784684
       24     145      1  [  2850816060,   2870476900)     19660840        84745    0.731430
       25     151      1  [  2968780868,   2988441708)     19660840        84745    0.775423
       26     157      1  [  3086745676,   3106406516)     19660840        84745    0.762683
       27     163      1  [  3160473652,   3165388804)      4915152        21186    0.259800
       28     169      1  [  3189965028,   3194880180)      4915152        21186    0.211377
       29     175      1  [  3219456172,   3224371324)      4915152        21186    0.268674
       30     181      1  [  3248947316,   3253862468)      4915152        21186    0.220495
       31     187      1  [  3278438460,   3283353612)      4915152        21186    0.249564
       32     193      1  [  3307929604,   3312844988)      4915384        21187    0.217118
       33     199      1  [  3337420980,   3342336132)      4915152        21186    0.268860
       34     205      1  [  3366912124,   3371827276)      4915152        21186    0.218270
       35     211      1  [  3396403268,   3401318420)      4915152        21186    0.231193
       36     217      1  [  3425894412,   3430809796)      4915384        21187    0.244339
       37     223      1  [  3455385788,   3460300940)      4915152        21186    0.203719
       38     229      1  [  3484876932,   3489792084)      4915152        21186    2.155756
==============================================================

[SWBWA output hash rank 000001/000006] calls=2574960 bytes=604845046 sum=0xed5556816daa3bcd xor=0xf8679d377954081d
    2  [  2162688060,   2182348956)     19660896        86232    0.791128
       19     116      2  [  2280652860,   2300313700)     19660840        84745    0.762931
       20     122      2  [  2398617668,   2418278508)     19660840        84745    0.862890
       21     128      2  [  2516582476,   2536243316)     19660840        84745    0.768815
       22     134      2  [  2634547284,   2654208124)     19660840        84745    0.761465
       23     140      2  [  2752512092,   2772172932)     19660840        84745    0.759822
       24     146      2  [  2870476900,   2890137740)     19660840        84745    0.829919
       25     152      2  [  2988441708,   3008102548)     19660840        84745    0.777755
       26     158      2  [  3106406516,   3126067356)     19660840        84745    0.817093
       27     164      2  [  3165388804,   3170304188)      4915384        21187    0.248404
       28     170      2  [  3194880180,   3199795332)      4915152        21186    0.232390
       29     176      2  [  3224371324,   3229286476)      4915152        21186    0.264645
       30     182      2  [  3253862468,   3258777620)      4915152        21186    0.223677
       31     188      2  [  3283353612,   3288268996)      4915384        21187    0.213238
       32     194      2  [  3312844988,   3317760140)      4915152        21186    0.232328
       33     200      2  [  3342336132,   3347251284)      4915152        21186    0.232494
       34     206      2  [  3371827276,   3376742428)      4915152        21186    0.223507
       35     212      2  [  3401318420,   3406233804)      4915384        21187    0.276525
       36     218      2  [  3430809796,   3435724948)      4915152        21186    0.243160
       37     230      2  [  3489792084,   3494707236)      4915152        21186    1.939893
==============================================================

[SWBWA output hash rank 000002/000006] calls=2552489 bytes=601220958 sum=0x416262e98d7a8533 xor=0xdad5b0781490a6ad

================ MPI Dynamic Scheduler Debug =================
  MPI rank: 000003 / 000006

  Work summary
    claimed chunks                                         38
    claimed from this rank's queue                         38
    claimed from another rank's queue                       0
    completed FASTQ records                           2552488
    claimed input bytes                             584909124

  Scheduler counters
    scheduler_next calls                                   39
    RMA ticket attempts                                    44
    attempts against another rank's queue                   5
    tickets beyond the final chunk                          6
    empty aligned chunks                                    0

  Scheduler timing
    MPI_Win_create (setup)                       0.001650 s  (1 calls,  1650.164 us/call)
    MPI_Barrier after setup                      0.000013 s  (1 calls,    13.250 us/call)
    scheduler_next total                         0.102375 s  (39 calls,  2624.990 us/call)
      RMA ticket path total                        0.102224 s  (44 calls,  2323.266 us/call)
        MPI_Win_lock                                 0.000250 s  (44 calls,     5.689 us/call)
        MPI_Fetch_and_op                             0.000215 s  (44 calls,     4.889 us/call)
        MPI_Win_unlock                               0.101664 s  (44 calls,  2310.541 us/call)
        RMA call overhead (derived)                  0.000094 s  (44 calls,     2.148 us/call)
      align nominal offsets to FASTQ records       0.000040 s  (38 calls,     1.058 us/call)
      scheduler loop/bookkeeping (derived)         0.000111 s  (39 calls,     2.838 us/call)

  Scheduler teardown timing
    MPI_Barrier (wait for other ranks)           1.377661 s  (1 calls, 1377661.123 us/call)
    MPI_Win_free                                 0.000071 s  (1 calls,    70.501 us/call)

  Stage 2 by chunk
    completed chunks                                       38
    accumulated stage 2                             25.326247 s
    average stage 2 per chunk                        0.666480 s
    slowest chunk                                           3
    slowest chunk stage 2                            1.278545 s

    order   chunk  queue        byte range                       bytes      records   stage2(s)
        0       3      3  [    58982556,     78643260)     19660704        87771    1.278545
        1       9      3  [   176947228,    196608156)     19660928        87772    0.799292
        2      15      3  [   294912060,    314572956)     19660896        86232    0.776629
        3      21      3  [   412876980,    432537648)     19660668        86231    0.836568
        4      27      3  [   530841672,    550502568)     19660896        86232    0.760432
        5      33      3  [   648806592,    668467260)     19660668        86231    0.804479
        6      39      3  [   766771284,    786432180)     19660896        86232    0.806634
        7      45      3  [   884736204,    904396872)     19660668        86231    0.857633
        8      51      3  [  1002700896,   1022361792)     19660896        86232    0.850183
        9      57      3  [  1120665816,   1140326484)     19660668        86231    0.714908
       10      63      3  [  1238630508,   1258291404)     19660896        86232    0.797406
       11      69      3  [  1356595200,   1376256096)     19660896        86232    0.816266
       12      75      3  [  1474560120,   1494221016)     19660896        86232    1.125670
       13      81      3  [  1592524812,   1612185708)     19660896        86232    0.906414
       14      87      3  [  1710489732,   1730150400)     19660668        86231    0.894538
       15      93      3  [  1828454424,   1848115320)     19660896        86232    0.739732
       16      99      3  [  1946419344,   1966080012)     19660668        86231    0.752402
       17     105      3  [  2064384036,   2084044932)     19660896        86232    0.844015
       18     111      3  [  2182348956,   2202009624)     19660668        86231    0.790240
       19     117      3  [  2300313700,   2319974540)     19660840        84745    0.771043
       20     123      3  [  2418278508,   2437939348)     19660840        84745    0.779845
       21     129      3  [  2536243316,   2555904156)     19660840        84745    0.688550
       22     135      3  [  2654208124,   2673868964)     19660840        84745    0.812398
       23     141      3  [  2772172932,   2791833772)     19660840        84745    0.747366
       24     147      3  [  2890137740,   2909798580)     19660840        84745    0.831939
       25     153      3  [  3008102548,   3027763388)     19660840        84745    0.901841
       26     159      3  [  3126067356,   3145728196)     19660840        84745    0.769204
       27     165      3  [  3170304188,   3175219340)      4915152        21186    0.209054
       28     171      3  [  3199795332,   3204710484)      4915152        21186    0.256098
       29     177      3  [  3229286476,   3234201628)      4915152        21186    0.265049
       30     183      3  [  3258777620,   3263693004)      4915384        21187    0.216470
       31     189      3  [  3288268996,   3293184148)      4915152        21186    0.224162
       32     195      3  [  3317760140,   3322675292)      4915152        21186    0.220103
       33     201      3  [  3347251284,   3352166436)      4915152        21186    0.237741
       34     207      3  [  3376742428,   3381657812)      4915384        21187    0.249663
       35     213      3  [  3406233804,   3411148956)      4915152        21186    0.289148
       36     219      3  [  3435724948,   3440640100)      4915152        21186    0.247578
       37     225      3  [  3465216092,   3470131244)      4915152        21186    0.457009
==============================================================

[SWBWA output hash rank 000003/000006] calls=2552488 bytes=600456286 sum=0x4e47c7ab84a3128c xor=0x146ab027309f2b7e

================ MPI Dynamic Scheduler Debug =================
  MPI rank: 000004 / 000006

  Work summary
    claimed chunks                                         39
    claimed from this rank's queue                         38
    claimed from another rank's queue                       1
    completed FASTQ records                           2510116
    claimed input bytes                             575078820

  Scheduler counters
    scheduler_next calls                                   40
    RMA ticket attempts                                    49
    attempts against another rank's queue                   9
    tickets beyond the final chunk                         10
    empty aligned chunks                                    0

  Scheduler timing
    MPI_Win_create (setup)                       0.001698 s  (1 calls,  1697.764 us/call)
    MPI_Barrier after setup                      0.000010 s  (1 calls,    10.150 us/call)
    scheduler_next total                         0.227142 s  (40 calls,  5678.549 us/call)
      RMA ticket path total                        0.226986 s  (49 calls,  4632.367 us/call)
        MPI_Win_lock                                 0.000253 s  (49 calls,     5.161 us/call)
        MPI_Fetch_and_op                             0.000336 s  (49 calls,     6.866 us/call)
        MPI_Win_unlock                               0.226310 s  (49 calls,  4618.571 us/call)
        RMA call overhead (derived)                  0.000087 s  (49 calls,     1.768 us/call)
      align nominal offsets to FASTQ records       0.000042 s  (39 calls,     1.083 us/call)
      scheduler loop/bookkeeping (derived)         0.000114 s  (40 calls,     2.844 us/call)

  Scheduler teardown timing
    MPI_Barrier (wait for other ranks)           1.612711 s  (1 calls, 1612710.614 us/call)
    MPI_Win_free                                 0.000077 s  (1 calls,    76.851 us/call)

  Stage 2 by chunk
    completed chunks                                       39
    accumulated stage 2                             24.769362 s
    average stage 2 per chunk                        0.635112 s
    slowest chunk                                           4
    slowest chunk stage 2                            1.243011 s

    order   chunk  queue        byte range                       bytes      records   stage2(s)
        0       4      4  [    78643260,     98304188)     19660928        87772    1.243011
        1      10      4  [   196608156,    216268860)     19660704        87771    0.745664
        2      16      4  [   314572956,    334233624)     19660668        86231    0.829599
        3      22      4  [   432537648,    452198544)     19660896        86232    0.817850
        4      28      4  [   550502568,    570163236)     19660668        86231    0.798685
        5      34      4  [   668467260,    688128156)     19660896        86232    0.913492
        6      40      4  [   786432180,    806092848)     19660668        86231    0.870695
        7      46      4  [   904396872,    924057768)     19660896        86232    0.900157
        8      52      4  [  1022361792,   1042022460)     19660668        86231    0.748488
        9      58      4  [  1140326484,   1159987380)     19660896        86232    0.744895
       10      64      4  [  1258291404,   1277952072)     19660668        86231    0.840354
       11      70      4  [  1376256096,   1395916992)     19660896        86232    0.814923
       12      76      4  [  1494221016,   1513881684)     19660668        86231    0.899006
       13      82      4  [  1612185708,   1631846604)     19660896        86232    0.810778
       14      88      4  [  1730150400,   1749811296)     19660896        86232    0.856835
       15      94      4  [  1848115320,   1867776216)     19660896        86232    0.754506
       16     100      4  [  1966080012,   1985740908)     19660896        86232    0.832159
       17     106      4  [  2084044932,   2103705600)     19660668        86231    0.784187
       18     112
================ MPI Dynamic Scheduler Debug =================
  MPI rank: 000005 / 000006

  Work summary
    claimed chunks                                         39
    claimed from this rank's queue                         38
    claimed from another rank's queue                       1
    completed FASTQ records                           2507670
    claimed input bytes                             574736200

  Scheduler counters
    scheduler_next calls                                   40
    RMA ticket attempts                                    49
    attempts against another rank's queue                   9
    tickets beyond the final chunk                         10
    empty aligned chunks                                    0

  Scheduler timing
    MPI_Win_create (setup)                       0.001780 s  (1 calls,  1780.315 us/call)
    MPI_Barrier after setup                      0.000013 s  (1 calls,    12.550 us/call)
    scheduler_next total                         0.148103 s  (40 calls,  3702.575 us/call)
      RMA ticket path total                        0.147941 s  (49 calls,  3019.203 us/call)
        MPI_Win_lock                                 0.000260 s  (49 calls,     5.298 us/call)
        MPI_Fetch_and_op                             0.000248 s  (49 calls,     5.069 us/call)
        MPI_Win_unlock                               0.147342 s  (49 calls,  3006.984 us/call)
        RMA call overhead (derived)                  0.000091 s  (49 calls,     1.852 us/call)
      align nominal offsets to FASTQ records       0.000043 s  (39 calls,     1.113 us/call)
      scheduler loop/bookkeeping (derived)         0.000119 s  (40 calls,     2.966 us/call)

  Scheduler teardown timing
    MPI_Barrier (wait for other ranks)           0.077797 s  (1 calls, 77797.259 us/call)
    MPI_Win_free                                 0.000068 s  (1 calls,    68.451 us/call)

  Stage 2 by chunk
    completed chunks                                       39
    accumulated stage 2                             26.359434 s
    average stage 2 per chunk                        0.675883 s
    slowest chunk                                         231
    slowest chunk stage 2                            1.648482 s

    order   chunk  queue        byte range                       bytes      records   stage2(s)
        0       5      5  [    98304188,    117964892)     19660704        87771    1.320550
        1      11      5  [   216268860,    235929600)     19660740        86802    0.768231
        2      17      5  [   334233624,    353894520)     19660896        86232    0.769728
        3      23      5  [   452198544,    471859212)     19660668        86231    0.874673
        4      29      5  [   570163236,    589824132)     19660896        86232    0.775953
        5      35      5  [   688128156,    707788824)     19660668        86231    0.779912
        6      41      5  [   806092848,    825753744)     19660896        86232    0.856421
        7      47      5  [   924057768,    943718436)     19660668        86231    0.860502
        8      53      5  [  1042022460,   1061683356)     19660896        86232    0.792826
        9      59      5  [  1159987380,   1179648048)     19660668        86231    0.875464
       10      65      5  [  1277952072,   1297612968)     19660896        86232    0.838333
       11      71      5  [  1395916992,   1415577660)     19660668        86231    0.815367
       12      77      5  [  1513881684,   1533542580)     19660896        86232    0.854859
       13      83      5  [  1631846604,   1651507272)     19660668        86231    0.772011
       14      89      5  [  1749811296,   1769472192)     19660896        86232    0.776520
       15      95      5  [  1867776216,   1887436884)     19660668        86231    0.826791
       16     101      5  [  1985740908,   2005401804)     19660896        86232    0.796582
       17     107      5  [  2103705600,   2123366496)     19660896        86232    0.736387
       18     113        4  [  2202009624,   2221670520)     19660896        86232    0.808204
       19     118      4  [  2319974540,   2339635380)     19660840        84745    0.856205
       20     124      4  [  2437939348,   2457600188)     19660840        84745    0.726543
       21     130      4  [  2555904156,   2575564996)     19660840        84745    0.859556
       22     136      4  [  2673868964,   2693529804)     19660840        84745    0.792677
       23     142      4  [  2791833772,   2811494612)     19660840        84745    0.779465
       24     148      4  [  2909798580,   2929459420)     19660840        84745    0.835016
       25     154      4  [  3027763388,   3047424228)     19660840        84745    0.796408
       26     160      4  [  3145728196,   3150643348)      4915152        21186    0.249409
       27     166      4  [  3175219340,   3180134492)      4915152        21186    0.220117
       28     172      4  [  3204710484,   3209625636)      4915152        21186    0.220090
       29     178      4  [  3234201628,   3239117012)      4915384        21187    0.230215
       30     184      4  [  3263693004,   3268608156)      4915152        21186    0.215990
       31     190      4  [  3293184148,   3298099300)      4915152        21186    0.231746
       32     196      4  [  3322675292,   3327590444)      4915152        21186    0.215599
       33     202      4  [  3352166436,   3357081820)      4915384        21187    0.240509
       34     208      4  [  3381657812,   3386572964)      4915152        21186    0.230907
       35     214      4  [  3411148956,   3416064108)      4915152        21186    0.230649
       36     220      4  [  3440640100,   3445555252)      4915152        21186    0.217035
       37     226      4  [  3470131244,   3475046628)      4915384        21187    0.393202
       38     224      2  [  3460300940,   3465216092)      4915152        21186    0.214536
==============================================================

[SWBWA output hash rank 000004/000006] calls=2510116 bytes=590151312 sum=0xcaacacb4a9f849ea xor=0x66bc1db1dc708a8e
    5  [  2221670520,   2241331416)     19660896        86232    0.822557
       19     119      5  [  2339635380,   2359296220)     19660840        84745    0.772262
       20     125      5  [  2457600188,   2477261028)     19660840        84745    0.779046
       21     131      5  [  2575564996,   2595225604)     19660608        84744    0.792082
       22     137      5  [  2693529804,   2713190412)     19660608        84744    0.714330
       23     143      5  [  2811494612,   2831155220)     19660608        84744    0.774369
       24     149      5  [  2929459420,   2949120028)     19660608        84744    0.759444
       25     155      5  [  3047424228,   3067084836)     19660608        84744    0.768925
       26     161      5  [  3150643348,   3155558500)      4915152        21186    0.242517
       27     167      5  [  3180134492,   3185049644)      4915152        21186    0.239106
       28     173      5  [  3209625636,   3214541020)      4915384        21187    0.196978
       29     179      5  [  3239117012,   3244032164)      4915152        21186    0.234516
       30     185      5  [  3268608156,   3273523308)      4915152        21186    0.214453
       31     191      5  [  3298099300,   3303014452)      4915152        21186    0.206451
       32     197      5  [  3327590444,   3332505828)      4915384        21187    0.192824
       33     203      5  [  3357081820,   3361996972)      4915152        21186    0.256396
       34     209      5  [  3386572964,   3391488116)      4915152        21186    0.673118
       35     215      5  [  3416064108,   3420979260)      4915152        21186    0.243887
       36     221      5  [  3445555252,   3450470404)      4915152        21186    0.260561
       37     227      5  [  3475046628,   3479961780)      4915152        21186    0.476020
       38     231      3  [  3494707236,   3499281348)      4574112        19716    1.648482
==============================================================

[SWBWA output hash rank 000005/000006] calls=2507670 bytes=589220623 sum=0xd90aef7fc000c97e xor=0xcca783ec7686613c

================ MPI Progress Thread Debug =================
  MPI rank: 000000 / 000006
  lifetime                                       46.623806 s
  MPI_Iprobe calls                                    4651
  MPI_Iprobe total                                0.079409 s
  MPI_Iprobe average                                17.074 us
  MPI_Iprobe maximum                              0.000464 s
  calls >= 1 ms                                          0
  calls >= 10 ms                                         0
  calls >= 100 ms                                        0
  calls >= 1 s                                           0
============================================================


================ SWBWA CPE/MPI Progress Debug ================
  MPI rank: 000000 / 000006

    phase                      waits     probes   total(s)    avg(us)    max(s)   >=1ms   >=10ms   >=100ms    >=1s  completed
    FASTQ formatting              39          0      0.000      0.000     0.000       0        0         0       0          0
    alignment and SAM length      39          0      0.000      0.000     0.000       0        0         0       0          0
    SAM record generation         39          0      0.000      0.000     0.000       0        0         0       0          0
    all CPE phases               117          0      0.000      0.000     0.000       0        0         0       0          0

  Probes marked 'completed' returned with the CPE completion
  flag set. Their full call duration bounds the possible delay.
    completion-observing probe total               0.000000 s
    slowest completion-observing probe             0.000000 s
==============================================================


======================= SWBWA Timing Report =======================
  MPI rank: 000000 / 000006
  Accumulated wall-clock time; indented rows are included in
  their parent row and must not be added to it.

  Pipeline
    total - complete three-stage pipeline                    46.625 s
    stage 1 - allocate and read raw FASTQ blocks             14.638 s
    stage 2 - align reads and generate SAM records           26.285 s
    stage 3 - write SAM and release batch data                4.808 s
      SAM output writes                                         3.765 s
      batch cleanup and loop overhead (derived)                 1.043 s

  Stage 1 input details
    batches completed / stage calls                      39 / 40
    input-buffer and batch allocations                        0.000 s  (79 calls, max 0.000 s)
    aggregate requested allocation bytes            589866408
    FASTQ fseeko calls                                        2.790 s  (39 calls, max 0.188 s)
    FASTQ fread calls                                        11.740 s  (39 calls, max 0.836 s)
    align chunk ends to FASTQ record boundaries               0.000 s  (0 calls, max 0.000 s)
    scheduler, checks and bookkeeping (derived)               0.107 s
    raw FASTQ bytes read                            589823912  (562.500 MiB)
    effective fread bandwidth                         47.912 MiB/s
    slowest allocation                                 0.000 s  (19661920 bytes)
    slowest fread                                      0.836 s  (R1 offset=0, bytes=19660976)

  Stage 2 worker details
    total - active merge worker                              26.279 s
      part 1 - prepare CPE task and reusable buffers            1.044 s
      part 2 - CPE FASTQ formatting and input release           0.370 s
      part 3 - CPE alignment and SAM length pass               24.203 s
      part 4 - assign slices in the shared SAM buffer           0.182 s
      part 5 - CPE SAM record generation                        0.474 s
      part 6 - release temporary worker data                    0.001 s

  Reserved allocator timers (no active timing sites)
    malloc timer                                              0.000 s
    free timer                                                0.000 s
=============
================ MPI Progress Thread Debug =================
  MPI rank: 000001 / 000006
  lifetime                                       46.620608 s
  MPI_Iprobe calls                                    4655
  MPI_Iprobe total                                0.066119 s
  MPI_Iprobe average                                14.204 us
  MPI_Iprobe maximum                              0.000071 s
  calls >= 1 ms                                          0
  calls >= 10 ms                                         0
  calls >= 100 ms                                        0
  calls >= 1 s                                           0
============================================================


================ SWBWA CPE/MPI Progress Debug ================
  MPI rank: 000001 / 000006

    phase                      waits     probes   total(s)    avg(us)    max(s)   >=1ms   >=10ms   >=100ms    >=1s  completed
    FASTQ formatting              39          0      0.000      0.000     0.000       0        0         0       0          0
    alignment and SAM length      39          0      0.000      0.000     0.000       0        0         0       0          0
    SAM record generation         39          0      0.000      0.000     0.000       0        0         0       0          0
    all CPE phases               117          0      0.000      0.000     0.000       0        0         0       0          0

  Probes marked 'completed' returned with the CPE completion
  flag set. Their full call duration bounds the possible delay.
    completion-observing probe total               0.000000 s
    slowest completion-observing probe             0.000000 s
==============================================================


======================= SWBWA Timing Report =======================
  MPI rank: 000001 / 000006
  Accumulated wall-clock time; indented rows are included in
  their parent row and must not be added to it.

  Pipeline
    total - complete three-stage pipeline                    46.621 s
    stage 1 - allocate and read raw FASTQ blocks             14.995 s
    stage 2 - align reads and generate SAM records           26.915 s
    stage 3 - write SAM and release batch data                4.701 s
      SAM output writes                                         3.679 s
      batch cleanup and loop overhead (derived)                 1.022 s

  Stage 1 input details
    batches completed / stage calls                      39 / 40
    input-buffer and batch allocations                        0.000 s  (79 calls, max 0.000 s)
    aggregate requested allocation bytes            589866432
    FASTQ fseeko calls                                        1.736 s  (39 calls, max 0.176 s)
    FASTQ fread calls                                        13.244 s  (39 calls, max 0.817 s)
    align chunk ends to FASTQ record boundaries               0.000 s  (0 calls, max 0.000 s)
    scheduler, checks and bookkeeping (derived)               0.015 s
    raw FASTQ bytes read                            589823936  (562.500 MiB)
    effective fread bandwidth                         42.474 MiB/s
    slowest allocation                                 0.000 s  (19661676 bytes)
    slowest fread                                      0.817 s  (R1 offset=19660976, bytes=19660652)

  Stage 2 worker details
    total - active merge worker                              26.906 s
      part 1 - prepare CPE task and reusable buffers            0.996 s
      part 2 - CPE FASTQ formatting and input release           0.358 s
      part 3 - CPE alignment and SAM length pass               24.887 s
      part 4 - assign slices in the shared SAM buffer           0.184 s
      part 5 - CPE SAM record generation                        0.470 s
      part 6 - release temporary worker data                    0.002 s

  Reserved allocator timers (no active timing sites)
    malloc timer                                              0.000 s
    free timer                                                0.000 s
======
================ MPI Progress Thread Debug =================
  MPI rank: 000002 / 000006
  lifetime                                       46.624435 s
  MPI_Iprobe calls                                    4654
  MPI_Iprobe total                                0.063327 s
  MPI_Iprobe average                                13.607 us
  MPI_Iprobe maximum                              0.000083 s
  calls >= 1 ms                                          0
  calls >= 10 ms                                         0
  calls >= 100 ms                                        0
  calls >= 1 s                                           0
============================================================


================ SWBWA CPE/MPI Progress Debug ================
  MPI rank: 000002 / 000006

    phase                      waits     probes   total(s)    avg(us)    max(s)   >=1ms   >=10ms   >=100ms    >=1s  completed
    FASTQ formatting              38          0      0.000      0.000     0.000       0        0         0       0          0
    alignment and SAM length      38          0      0.000      0.000     0.000       0        0         0       0          0
    SAM record generation         38          0      0.000      0.000     0.000       0        0         0       0          0
    all CPE phases               114          0      0.000      0.000     0.000       0        0         0       0          0

  Probes marked 'completed' returned with the CPE completion
  flag set. Their full call duration bounds the possible delay.
    completion-observing probe total               0.000000 s
    slowest completion-observing probe             0.000000 s
==============================================================


======================= SWBWA Timing Report =======================
  MPI rank: 000002 / 000006
  Accumulated wall-clock time; indented rows are included in
  their parent row and must not be added to it.

  Pipeline
    total - complete three-stage pipeline                    46.626 s
    stage 1 - allocate and read raw FASTQ blocks             15.516 s
    stage 2 - align reads and generate SAM records           26.430 s
    stage 3 - write SAM and release batch data                4.667 s
      SAM output writes                                         3.670 s
      batch cleanup and loop overhead (derived)                 0.997 s

  Stage 1 input details
    batches completed / stage calls                      38 / 39
    input-buffer and batch allocations                        0.000 s  (77 calls, max 0.000 s)
    aggregate requested allocation bytes            584950764
    FASTQ fseeko calls                                        2.856 s  (38 calls, max 0.243 s)
    FASTQ fread calls                                        12.649 s  (38 calls, max 0.869 s)
    align chunk ends to FASTQ record boundaries               0.000 s  (0 calls, max 0.000 s)
    scheduler, checks and bookkeeping (derived)               0.010 s
    raw FASTQ bytes read                            584909356  (557.813 MiB)
    effective fread bandwidth                         44.099 MiB/s
    slowest allocation                                 0.000 s  (19661920 bytes)
    slowest fread                                      0.869 s  (R1 offset=39321628, bytes=19660928)

  Stage 2 worker details
    total - active merge worker                              26.420 s
      part 1 - prepare CPE task and reusable buffers            1.060 s
      part 2 - CPE FASTQ formatting and input release           0.360 s
      part 3 - CPE alignment and SAM length pass               24.348 s
      part 4 - assign slices in the shared SAM buffer           0.190 s
      part 5 - CPE SAM record generation                        0.453 s
      part 6 - release temporary worker data                    0.001 s

  Reserved allocator timers (no active timing sites)
    malloc timer                                              0.000 s
    free timer                                                0.000 s
============================================================

=============================================================

=============================================================


================ MPI Progress Thread Debug =================
  MPI rank: 000003 / 000006
  lifetime                                       46.627153 s
  MPI_Iprobe calls                                    4656
  MPI_Iprobe total                                0.055413 s
  MPI_Iprobe average                                11.901 us
  MPI_Iprobe maximum                              0.000065 s
  calls >= 1 ms                                          0
  calls >= 10 ms                                         0
  calls >= 100 ms                                        0
  calls >= 1 s                                           0
============================================================


================ SWBWA CPE/MPI Progress Debug ================
  MPI rank: 000003 / 000006

    phase                      waits     probes   total(s)    avg(us)    max(s)   >=1ms   >=10ms   >=100ms    >=1s  completed
    FASTQ formatting              38          0      0.000      0.000     0.000       0        0         0       0          0
    alignment and SAM length      38          0      0.000      0.000     0.000       0        0         0       0          0
    SAM record generation         38          0      0.000      0.000     0.000       0        0         0       0          0
    all CPE phases               114          0      0.000      0.000     0.000       0        0         0       0          0

  Probes marked 'completed' returned with the CPE completion
  flag set. Their full call duration bounds the possible delay.
    completion-observing probe total               0.000000 s
    slowest completion-observing probe             0.000000 s
==============================================================


======================= SWBWA Timing Report =======================
  MPI rank: 000003 / 000006
  Accumulated wall-clock time; indented rows are included in
  their parent row and must not be added to it.

  Pipeline
    total - complete three-stage pipeline                    46.628 s
    stage 1 - allocate and read raw FASTQ blocks             15.382 s
    stage 2 - align reads and generate SAM records           25.326 s
    stage 3 - write SAM and release batch data                4.526 s
      SAM output writes                                         3.550 s
      batch cleanup and loop overhead (derived)                 0.976 s

  Stage 1 input details
    batches completed / stage calls                      38 / 39
    input-buffer and batch allocations                        0.000 s  (77 calls, max 0.000 s)
    aggregate requested allocation bytes            584950532
    FASTQ fseeko calls                                        3.184 s  (38 calls, max 0.184 s)
    FASTQ fread calls                                        12.081 s  (38 calls, max 0.826 s)
    align chunk ends to FASTQ record boundaries               0.000 s  (0 calls, max 0.000 s)
    scheduler, checks and bookkeeping (derived)               0.116 s
    raw FASTQ bytes read                            584909124  (557.813 MiB)
    effective fread bandwidth                         46.171 MiB/s
    slowest allocation                                 0.000 s  (19661692 bytes)
    slowest fread                                      0.826 s  (R1 offset=58982556, bytes=19660704)

  Stage 2 worker details
    total - active merge worker                              25.312 s
      part 1 - prepare CPE task and reusable buffers            0.979 s
      part 2 - CPE FASTQ formatting and input release           0.361 s
      part 3 - CPE alignment and SAM length pass               23.318 s
      part 4 - assign slices in the shared SAM buffer           0.187 s
      part 5 - CPE SAM record generation                        0.452 s
      part 6 - release temporary worker data                    0.001 s

  Reserved allocator timers (no active timing sites)
    malloc timer                                              0.000 s
    free timer                                                0.000 s
======
================ MPI Progress Thread Debug =================
  MPI rank: 000004 / 000006
  lifetime                                       46.627631 s
  MPI_Iprobe calls                                    4662
  MPI_Iprobe total                                0.078400 s
  MPI_Iprobe average                                16.817 us
  MPI_Iprobe maximum                              0.000356 s
  calls >= 1 ms                                          0
  calls >= 10 ms                                         0
  calls >= 100 ms                                        0
  calls >= 1 s                                           0
============================================================


================ SWBWA CPE/MPI Progress Debug ================
  MPI rank: 000004 / 000006

    phase                      waits     probes   total(s)    avg(us)    max(s)   >=1ms   >=10ms   >=100ms    >=1s  completed
    FASTQ formatting              39          0      0.000      0.000     0.000       0        0         0       0          0
    alignment and SAM length      39          0      0.000      0.000     0.000       0        0         0       0          0
    SAM record generation         39          0      0.000      0.000     0.000       0        0         0       0          0
    all CPE phases               117          0      0.000      0.000     0.000       0        0         0       0          0

  Probes marked 'completed' returned with the CPE completion
  flag set. Their full call duration bounds the possible delay.
    completion-observing probe total               0.000000 s
    slowest completion-observing probe             0.000000 s
==============================================================


======================= SWBWA Timing Report =======================
  MPI rank: 000004 / 000006
  Accumulated wall-clock time; indented rows are included in
  their parent row and must not be added to it.

  Pipeline
    total - complete three-stage pipeline                    46.628 s
    stage 1 - allocate and read raw FASTQ blocks             15.213 s
    stage 2 - align reads and generate SAM records           24.769 s
    stage 3 - write SAM and release batch data                5.018 s
      SAM output writes                                         3.947 s
      batch cleanup and loop overhead (derived)                 1.071 s

  Stage 1 input details
    batches completed / stage calls                      39 / 40
    input-buffer and batch allocations                        0.000 s  (79 calls, max 0.000 s)
    aggregate requested allocation bytes            575121316
    FASTQ fseeko calls                                        3.128 s  (39 calls, max 0.261 s)
    FASTQ fread calls                                        11.842 s  (39 calls, max 0.810 s)
    align chunk ends to FASTQ record boundaries               0.000 s  (0 calls, max 0.000 s)
    scheduler, checks and bookkeeping (derived)               0.242 s
    raw FASTQ bytes read                            575078820  (548.438 MiB)
    effective fread bandwidth                         46.311 MiB/s
    slowest allocation                                 0.000 s  (19661864 bytes)
    slowest fread                                      0.810 s  (R1 offset=78643260, bytes=19660928)

  Stage 2 worker details
    total - active merge worker                              24.753 s
      part 1 - prepare CPE task and reusable buffers            1.048 s
      part 2 - CPE FASTQ formatting and input release           0.345 s
      part 3 - CPE alignment and SAM length pass               22.703 s
      part 4 - assign slices in the shared SAM buffer           0.216 s
      part 5 - CPE SAM record generation                        0.426 s
      part 6 - release temporary worker data                    0.001 s

  Reserved allocator timers (no active timing sites)
    malloc timer                                              0.000 s
    free timer                                                0.000 s
======[main] Version: 0.0.1
[main] CMD: ./SWBWA mem -v 4 -t 1 -1 -o correctness_results/mpi_discard_hash_stage2_std_20260824/ERR1203383_SE.run03.discard.sam -I 170,80,500,1 ../data/GRCh38.d1.vd1.fa ../data/bwa_test_big_data/ERR1203383_1.fastq
=============================================================

=============================================================


================ MPI Progress Thread Debug =================
  MPI rank: 000005 / 000006
  lifetime                                       46.620637 s
  MPI_Iprobe calls                                    4657
  MPI_Iprobe total                                0.057357 s
  MPI_Iprobe average                                12.316 us
  MPI_Iprobe maximum                              0.000066 s
  calls >= 1 ms                                          0
  calls >= 10 ms                                         0
  calls >= 100 ms                                        0
  calls >= 1 s                                           0
============================================================


================ SWBWA CPE/MPI Progress Debug ================
  MPI rank: 000005 / 000006

    phase                      waits     probes   total(s)    avg(us)    max(s)   >=1ms   >=10ms   >=100ms    >=1s  completed
    FASTQ formatting              39          0      0.000      0.000     0.000       0        0         0       0          0
    alignment and SAM length      39          0      0.000      0.000     0.000       0        0         0       0          0
    SAM record generation         39          0      0.000      0.000     0.000       0        0         0       0          0
    all CPE phases               117          0      0.000      0.000     0.000       0        0         0       0          0

  Probes marked 'completed' returned with the CPE completion
  flag set. Their full call duration bounds the possible delay.
    completion-observing probe total               0.000000 s
    slowest completion-observing probe             0.000000 s
==============================================================


======================= SWBWA Timing Report =======================
  MPI rank: 000005 / 000006
  Accumulated wall-clock time; indented rows are included in
  their parent row and must not be added to it.

  Pipeline
    total - complete three-stage pipeline                    46.621 s
    stage 1 - allocate and read raw FASTQ blocks             15.585 s
    stage 2 - align reads and generate SAM records           26.359 s
    stage 3 - write SAM and release batch data                4.590 s
      SAM output writes                                         3.576 s
      batch cleanup and loop overhead (derived)                 1.014 s

  Stage 1 input details
    batches completed / stage calls                      39 / 40
    input-buffer and batch allocations                        0.000 s  (79 calls, max 0.000 s)
    aggregate requested allocation bytes            574778696
    FASTQ fseeko calls                                        2.996 s  (39 calls, max 0.248 s)
    FASTQ fread calls                                        12.424 s  (39 calls, max 0.918 s)
    align chunk ends to FASTQ record boundaries               0.000 s  (0 calls, max 0.000 s)
    scheduler, checks and bookkeeping (derived)               0.165 s
    raw FASTQ bytes read                            574736200  (548.111 MiB)
    effective fread bandwidth                         44.116 MiB/s
    slowest allocation                                 0.000 s  (19661692 bytes)
    slowest fread                                      0.918 s  (R1 offset=98304188, bytes=19660704)

  Stage 2 worker details
    total - active merge worker                              26.346 s
      part 1 - prepare CPE task and reusable buffers            0.969 s
      part 2 - CPE FASTQ formatting and input release           0.369 s
      part 3 - CPE alignment and SAM length pass               24.341 s
      part 4 - assign slices in the shared SAM buffer           0.183 s
      part 5 - CPE SAM record generation                        0.468 s
      part 6 - release temporary worker data                    0.001 s

  Reserved allocator timers (no active timing sites)
    malloc timer                                              0.000 s
    free timer                                                0.000 s
===================================================================

