[M::main_mem] mean insert size: 170.000, stddev: 80.000, max: 500, min: 1
[MPI input] mode=dynamic chunks=254 bytes_per_cg=19660800 cg_count=1 chunk_bytes=19660800 micro_chunk_bytes=4915200 tail_percent=10 file_bytes=3795555588 scheduler=distributed read_index=exact
malloc bwt->bwt 3107576584, 0x500008804020
malloc bwt->bwt 3107576584, 0x500008804020
malloc bwt->bwt 3107576584, 0x500008804020
malloc bwt->bwt 3107576584, 0x500008804020
malloc bwt->bwt 3107576584, 0x500008804020
malloc bwt->bwt 3107576584, 0x500008804020
malloc bwt->sa 1553788264, 0x5000c1ba1b40
malloc bwt->sa 1553788264, 0x5000c1ba1b40
malloc bwt->sa 1553788264, 0x5000c1ba1b40
malloc bwt->sa 1553788264, 0x5000c1ba1b40
malloc bwt->sa 1553788264, 0x5000c1ba1b40
malloc bwt->sa 1553788264, 0x5000c1ba1b40
[M::bwa_idx_load_from_disk] read 0 ALT contigs
[M::bwa_idx_load_from_disk] read 0 ALT contigs
[M::bwa_idx_load_from_disk] read 0 ALT contigs
[M::bwa_idx_load_from_disk] read 0 ALT contigs
[M::bwa_idx_load_from_disk] read 0 ALT contigs
[M::bwa_idx_load_from_disk] read 0 ALT contigs
malloc pac 776894131, 0x50011e5708c0
malloc pac 776894131, 0x50011e5708c0
malloc pac 776894131, 0x50011e5708c0
malloc pac 776894131, 0x50011e5708c0
malloc pac 776894131, 0x50011e5708c0
malloc pac 776894131, 0x50011e5708c0
the input file is ../data/bwa_test_big_data/small_SRR7963242_1.fastq
the input file is ../data/bwa_test_big_data/small_SRR7963242_2.fastq
[MPI rank 000002/000006] output: (discard)
[MPI rank 000005/000006] output: (discard)
[MPI rank 000001/000006] output: (discard)
[MPI rank 000003/000006] output: (discard)
[MPI rank 000004/000006] output: (discard)
[MPI rank 000000/000006] output: (discard)
[M::process] read chunk (19660800 bytes/CG x 1 CGs, 19661160 bytes)...
[M::process] read chunk (19660800 bytes/CG x 1 CGs, 19660556 bytes)...
[M::process] read chunk (19660800 bytes/CG x 1 CGs, 19661040 bytes)...
[M::process] read chunk (19660800 bytes/CG x 1 CGs, 19660664 bytes)...
[M::process] read chunk (19660800 bytes/CG x 1 CGs, 19660664 bytes)...
[M::process] read chunk (19660800 bytes/CG x 1 CGs, 19661040 bytes)...
[M::mem_process_seqs_merge2] CPE FASTQ formatting done
[M::mem_process_seqs_merge2] CPE FASTQ formatting done
[M::mem_process_seqs_merge2] CPE FASTQ formatting done
[M::mem_process_seqs_merge2] CPE FASTQ formatting done
[M::mem_process_seqs_merge2] CPE FASTQ formatting done
[M::mem_process_seqs_merge2] CPE FASTQ formatting done
slave pre done
now n is 104578
processed 104578
[M::mem_process_seqs_merge2] Processed 104578 reads in 3.320 CPU sec, 8.348 real sec
slave pre done
now n is 104580
[M::process] read chunk (19660800 bytes/CG x 1 CGs, 19660664 bytes)...
processed 104580
[M::mem_process_seqs_merge2] Processed 104580 reads in 3.500 CPU sec, 8.237 real sec
slave pre done
now n is 104578
processed 104578
[M::mem_process_seqs_merge2] Processed 104578 reads in 3.140 CPU sec, 8.404 real sec
slave pre done
now n is 105578
processed 105578
[M::mem_process_seqs_merge2] Processed 105578 reads in 3.450 CPU sec, 8.509 real sec
[M::process] read chunk (19660800 bytes/CG x 1 CGs, 19661040 bytes)...
[M::process] read chunk (19660800 bytes/CG x 1 CGs, 19660664 bytes)...
[M::process] read chunk (19660800 bytes/CG x 1 CGs, 19660664 bytes)...
slave pre done
now n is 104580
processed 104580
[M::mem_process_seqs_merge2] Processed 104580 reads in 3.710 CPU sec, 8.948 real sec
[M::process] read chunk (19660800 bytes/CG x 1 CGs, 19661040 bytes)...
[M::mem_process_seqs_merge2] CPE FASTQ formatting done
[M::mem_process_seqs_merge2] CPE FASTQ formatting done
slave pre done
now n is 105944
processed 105944
[M::mem_process_seqs_merge2] Processed 105944 reads in 3.300 CPU sec, 10.273 real sec
[M::mem_process_seqs_merge2] CPE FASTQ formatting done
[M::mem_process_seqs_merge2] CPE FASTQ formatting done
[M::mem_process_seqs_merge2] CPE FASTQ formatting done
[M::process] read chunk (19660800 bytes/CG x 1 CGs, 19660664 bytes)...
[M::mem_process_seqs_merge2] CPE FASTQ formatting done
slave pre done
now n is 104578
processed 104578
[M::mem_process_seqs_merge2] Processed 104578 reads in 3.020 CPU sec, 6.854 real sec
[M::process] read chunk (19660800 bytes/CG x 1 CGs, 19660664 bytes)...
slave pre done
now n is 104580
processed 104580
[M::mem_process_seqs_merge2] Processed 104580 reads in 2.940 CPU sec, 6.689 real sec
slave pre done
now n is 104578
slave pre done
now n is 104578
processed 104578
[M::mem_process_seqs_merge2] Processed 104578 reads in 2.820 CPU sec, 7.009 real sec
processed 104578
[M::mem_process_seqs_merge2] Processed 104578 reads in 2.880 CPU sec, 7.073 real sec
slave pre done
now n is 104580
processed 104580
[M::mem_process_seqs_merge2] Processed 104580 reads in 2.900 CPU sec, 7.023 real sec
[M::mem_process_seqs_merge2] CPE FASTQ formatting done
[M::process] read chunk (19660800 bytes/CG x 1 CGs, 19660664 bytes)...
[M::process] read chunk (19660800 bytes/CG x 1 CGs, 19661040 bytes)...
slave pre done
now n is 104578
[M::process] read chunk (19660800 bytes/CG x 1 CGs, 19661040 bytes)...
processed 104578
[M::mem_process_seqs_merge2] Processed 104578 reads in 2.420 CPU sec, 6.613 real sec
[M::process] read chunk (19660800 bytes/CG x 1 CGs, 19660664 bytes)...
[M::process] read chunk (19660800 bytes/CG x 1 CGs, 19660664 bytes)...
[M::mem_process_seqs_merge2] CPE FASTQ formatting done
[M::mem_process_seqs_merge2] CPE FASTQ formatting done
[M::mem_process_seqs_merge2] CPE FASTQ formatting done
[M::mem_process_seqs_merge2] CPE FASTQ formatting done
[M::mem_process_seqs_merge2] CPE FASTQ formatting done
slave pre done
now n is 104578
processed 104578
[M::mem_process_seqs_merge2] Processed 104578 reads in 2.790 CPU sec, 6.625 real sec
[M::process] read chunk (19660800 bytes/CG x 1 CGs, 19660820 bytes)...
[M::mem_process_seqs_merge2] CPE FASTQ formatting done
slave pre done
now n is 104580
processed 104580
[M::mem_process_seqs_merge2] Processed 104580 reads in 3.160 CPU sec, 6.849 real sec
slave pre done
now n is 104578
[M::process] read chunk (19660800 bytes/CG x 1 CGs, 19660820 bytes)...
processed 104578
[M::mem_process_seqs_merge2] Processed 104578 reads in 2.480 CPU sec, 6.922 real sec
slave pre done
now n is 104578
processed 104578
[M::mem_process_seqs_merge2] Processed 104578 reads in 3.150 CPU sec, 6.930 real sec
slave pre done
now n is 104580
processed 104580
[M::mem_process_seqs_merge2] Processed 104580 reads in 2.830 CPU sec, 7.009 real sec
[M::process] read chunk (19660800 bytes/CG x 1 CGs, 19660664 bytes)...
[M::process] read chunk (19660800 bytes/CG x 1 CGs, 19660820 bytes)...
[M::mem_process_seqs_merge2] CPE FASTQ formatting done
slave pre done
now n is 104578
[M::process] read chunk (19660800 bytes/CG x 1 CGs, 19660824 bytes)...
processed 104578
[M::mem_process_seqs_merge2] Processed 104578 reads in 3.250 CPU sec, 7.114 real sec
[M::process] read chunk (19660800 bytes/CG x 1 CGs, 19660820 bytes)...
[M::mem_process_seqs_merge2] CPE FASTQ formatting done
[M::mem_process_seqs_merge2] CPE FASTQ formatting done
[M::mem_process_seqs_merge2] CPE FASTQ formatting done
[M::mem_process_seqs_merge2] CPE FASTQ formatting done
slave pre done
now n is 103478
processed 103478
[M::mem_process_seqs_merge2] Processed 103478 reads in 2.800 CPU sec, 6.538 real sec
[M::process] read chunk (19660800 bytes/CG x 1 CGs, 19660820 bytes)...
[M::mem_process_seqs_merge2] CPE FASTQ formatting done
slave pre done
now n is 103478
processed 103478
[M::mem_process_seqs_merge2] Processed 103478 reads in 2.710 CPU sec, 6.772 real sec
[M::process] read chunk (19660800 bytes/CG x 1 CGs, 19660820 bytes)...
[M::mem_process_seqs_merge2] CPE FASTQ formatting done
slave pre done
now n is 104578
processed 104578
[M::mem_process_seqs_merge2] Processed 104578 reads in 2.440 CPU sec, 6.747 real sec
slave pre done
now n is 103590
processed 103590
[M::mem_process_seqs_merge2] Processed 103590 reads in 2.660 CPU sec, 6.701 real sec
[M::process] read chunk (19660800 bytes/CG x 1 CGs, 19660820 bytes)...
[M::process] read chunk (19660800 bytes/CG x 1 CGs, 19660820 bytes)...
slave pre done
now n is 103478
processed 103478
[M::mem_process_seqs_merge2] Processed 103478 reads in 2.960 CPU sec, 6.831 real sec
slave pre done
now n is 103478
processed 103478
[M::mem_process_seqs_merge2] Processed 103478 reads in 2.960 CPU sec, 7.042 real sec
[M::process] read chunk (19660800 bytes/CG x 1 CGs, 19660820 bytes)...
[M::process] read chunk (19660800 bytes/CG x 1 CGs, 19660820 bytes)...
[M::mem_process_seqs_merge2] CPE FASTQ formatting done
[M::mem_process_seqs_merge2] CPE FASTQ formatting done
[M::mem_process_seqs_merge2] CPE FASTQ formatting done
[M::mem_process_seqs_merge2] CPE FASTQ formatting done
slave pre done
now n is 103478
processed 103478
[M::mem_process_seqs_merge2] Processed 103478 reads in 2.760 CPU sec, 6.907 real sec
[M::process] read chunk (19660800 bytes/CG x 1 CGs, 19660820 bytes)...
slave pre done
now n is 103478
processed 103478
[M::mem_process_seqs_merge2] Processed 103478 reads in 2.790 CPU sec, 6.617 real sec
[M::mem_process_seqs_merge2] CPE FASTQ formatting done
[M::process] read chunk (19660800 bytes/CG x 1 CGs, 19660440 bytes)...
[M::mem_process_seqs_merge2] CPE FASTQ formatting done
slave pre done
now n is 103478
processed 103478
[M::mem_process_seqs_merge2] Processed 103478 reads in 2.460 CPU sec, 6.759 real sec
[M::process] read chunk (19660800 bytes/CG x 1 CGs, 19660820 bytes)...
slave pre done
now n is 103478
processed 103478
[M::mem_process_seqs_merge2] Processed 103478 reads in 2.970 CPU sec, 6.675 real sec
[M::process] read chunk (19660800 bytes/CG x 1 CGs, 19660820 bytes)...
slave pre done
now n is 103478
processed 103478
[M::mem_process_seqs_merge2] Processed 103478 reads in 2.850 CPU sec, 6.745 real sec
[M::mem_process_seqs_merge2] CPE FASTQ formatting done
[M::process] read chunk (19660800 bytes/CG x 1 CGs, 19660820 bytes)...
slave pre done
now n is 103478
processed 103478
[M::mem_process_seqs_merge2] Processed 103478 reads in 3.420 CPU sec, 7.127 real sec
[M::mem_process_seqs_merge2] CPE FASTQ formatting done
[M::process] read chunk (19660800 bytes/CG x 1 CGs, 19660820 bytes)...
[M::mem_process_seqs_merge2] CPE FASTQ formatting done
[M::mem_process_seqs_merge2] CPE FASTQ formatting done
slave pre done
now n is 103478
processed 103478
[M::mem_process_seqs_merge2] Processed 103478 reads in 3.090 CPU sec, 6.918 real sec
[M::process] read chunk (19660800 bytes/CG x 1 CGs, 19660820 bytes)...
slave pre done
now n is 103476
processed 103476
[M::mem_process_seqs_merge2] Processed 103476 reads in 3.060 CPU sec, 6.998 real sec
[M::mem_process_seqs_merge2] CPE FASTQ formatting done
[M::process] read chunk (19660800 bytes/CG x 1 CGs, 19660820 bytes)...
[M::mem_process_seqs_merge2] CPE FASTQ formatting done
slave pre done
now n is 103478
processed 103478
[M::mem_process_seqs_merge2] Processed 103478 reads in 2.450 CPU sec, 6.635 real sec
[M::process] read chunk (19660800 bytes/CG x 1 CGs, 19660820 bytes)...
slave pre done
now n is 103478
processed 103478
[M::mem_process_seqs_merge2] Processed 103478 reads in 2.830 CPU sec, 6.491 real sec
[M::process] read chunk (19660800 bytes/CG x 1 CGs, 19660820 bytes)...
[M::mem_process_seqs_merge2] CPE FASTQ formatting done
slave pre done
now n is 103478
processed 103478
[M::mem_process_seqs_merge2] Processed 103478 reads in 3.000 CPU sec, 6.565 real sec
[M::mem_process_seqs_merge2] CPE FASTQ formatting done
[M::process] read chunk (19660800 bytes/CG x 1 CGs, 19660820 bytes)...
slave pre done
now n is 103478
processed 103478
[M::mem_process_seqs_merge2] Processed 103478 reads in 3.270 CPU sec, 7.575 real sec
[M::process] read chunk (19660800 bytes/CG x 1 CGs, 19660820 bytes)...
[M::mem_process_seqs_merge2] CPE FASTQ formatting done
[M::mem_process_seqs_merge2] CPE FASTQ formatting done
slave pre done
now n is 103478
processed 103478
[M::mem_process_seqs_merge2] Processed 103478 reads in 3.230 CPU sec, 7.212 real sec
[M::process] read chunk (19660800 bytes/CG x 1 CGs, 19660820 bytes)...
slave pre done
now n is 103478
processed 103478
[M::mem_process_seqs_merge2] Processed 103478 reads in 2.940 CPU sec, 6.794 real sec
[M::process] read chunk (19660800 bytes/CG x 1 CGs, 19660820 bytes)...
[M::mem_process_seqs_merge2] CPE FASTQ formatting done
[M::mem_process_seqs_merge2] CPE FASTQ formatting done
slave pre done
now n is 103478
processed 103478
[M::mem_process_seqs_merge2] Processed 103478 reads in 2.680 CPU sec, 7.178 real sec
slave pre done
now n is 103478
processed 103478
[M::mem_process_seqs_merge2] Processed 103478 reads in 3.070 CPU sec, 7.022 real sec
[M::process] read chunk (19660800 bytes/CG x 1 CGs, 19660820 bytes)...
[M::process] read chunk (19660800 bytes/CG x 1 CGs, 19660820 bytes)...
slave pre done
now n is 103478
processed 103478
[M::mem_process_seqs_merge2] Processed 103478 reads in 3.110 CPU sec, 6.968 real sec
[M::mem_process_seqs_merge2] CPE FASTQ formatting done
[M::mem_process_seqs_merge2] CPE FASTQ formatting done
slave pre done
now n is 103478
processed 103478
[M::mem_process_seqs_merge2] Processed 103478 reads in 2.930 CPU sec, 6.783 real sec
[M::process] read chunk (19660800 bytes/CG x 1 CGs, 19660820 bytes)...
[M::process] read chunk (19660800 bytes/CG x 1 CGs, 19660820 bytes)...
[M::mem_process_seqs_merge2] CPE FASTQ formatting done
[M::mem_process_seqs_merge2] CPE FASTQ formatting done
slave pre done
now n is 103478
processed 103478
[M::mem_process_seqs_merge2] Processed 103478 reads in 2.800 CPU sec, 6.681 real sec
[M::process] read chunk (19660800 bytes/CG x 1 CGs, 19660820 bytes)...
slave pre done
now n is 103478
processed 103478
[M::mem_process_seqs_merge2] Processed 103478 reads in 3.110 CPU sec, 7.012 real sec
[M::mem_process_seqs_merge2] CPE FASTQ formatting done
[M::process] read chunk (19660800 bytes/CG x 1 CGs, 19660820 bytes)...
[M::mem_process_seqs_merge2] CPE FASTQ formatting done
slave pre done
now n is 103478
processed 103478
[M::mem_process_seqs_merge2] Processed 103478 reads in 2.790 CPU sec, 6.536 real sec
[M::process] read chunk (19660800 bytes/CG x 1 CGs, 19660820 bytes)...
slave pre done
now n is 103478
processed 103478
[M::mem_process_seqs_merge2] Processed 103478 reads in 2.770 CPU sec, 6.909 real sec
[M::process] read chunk (19660800 bytes/CG x 1 CGs, 19660820 bytes)...
[M::mem_process_seqs_merge2] CPE FASTQ formatting done
[M::mem_process_seqs_merge2] CPE FASTQ formatting done
slave pre done
now n is 103478
processed 103478
[M::mem_process_seqs_merge2] Processed 103478 reads in 3.010 CPU sec, 6.776 real sec
slave pre done
[M::process] read chunk (19660800 bytes/CG x 1 CGs, 19660440 bytes)...
now n is 103478
processed 103478
[M::mem_process_seqs_merge2] Processed 103478 reads in 3.170 CPU sec, 7.019 real sec
[M::process] read chunk (19660800 bytes/CG x 1 CGs, 19660820 bytes)...
[M::mem_process_seqs_merge2] CPE FASTQ formatting done
[M::mem_process_seqs_merge2] CPE FASTQ formatting done
slave pre done
now n is 103478
processed 103478
[M::mem_process_seqs_merge2] Processed 103478 reads in 2.750 CPU sec, 6.760 real sec
[M::process] read chunk (19660800 bytes/CG x 1 CGs, 19660820 bytes)...
[M::mem_process_seqs_merge2] CPE FASTQ formatting done
slave pre done
now n is 103478
processed 103478
[M::mem_process_seqs_merge2] Processed 103478 reads in 3.240 CPU sec, 7.012 real sec
[M::process] read chunk (19660800 bytes/CG x 1 CGs, 19660820 bytes)...
[M::mem_process_seqs_merge2] CPE FASTQ formatting done
slave pre done
now n is 103478
processed 103478
[M::mem_process_seqs_merge2] Processed 103478 reads in 2.910 CPU sec, 7.009 real sec
[M::process] read chunk (19660800 bytes/CG x 1 CGs, 19660820 bytes)...
slave pre done
now n is 103478
processed 103478
[M::mem_process_seqs_merge2] Processed 103478 reads in 3.220 CPU sec, 7.667 real sec
[M::mem_process_seqs_merge2] CPE FASTQ formatting done
[M::process] read chunk (19660800 bytes/CG x 1 CGs, 19660820 bytes)...
slave pre done
now n is 103478
processed 103478
[M::mem_process_seqs_merge2] Processed 103478 reads in 3.190 CPU sec, 6.740 real sec
[M::process] read chunk (19660800 bytes/CG x 1 CGs, 19660820 bytes)...
[M::mem_process_seqs_merge2] CPE FASTQ formatting done
slave pre done
now n is 103476
processed 103476
[M::mem_process_seqs_merge2] Processed 103476 reads in 2.870 CPU sec, 7.558 real sec
[M::mem_process_seqs_merge2] CPE FASTQ formatting done
[M::process] read chunk (19660800 bytes/CG x 1 CGs, 19660820 bytes)...
[M::mem_process_seqs_merge2] CPE FASTQ formatting done
slave pre done
now n is 103478
processed 103478
[M::mem_process_seqs_merge2] Processed 103478 reads in 2.940 CPU sec, 6.885 real sec
[M::process] read chunk (19660800 bytes/CG x 1 CGs, 19660820 bytes)...
[M::mem_process_seqs_merge2] CPE FASTQ formatting done
slave pre done
now n is 103478
processed 103478
[M::mem_process_seqs_merge2] Processed 103478 reads in 3.130 CPU sec, 7.176 real sec
[M::process] read chunk (19660800 bytes/CG x 1 CGs, 19660820 bytes)...
[M::mem_process_seqs_merge2] CPE FASTQ formatting done
slave pre done
now n is 103478
processed 103478
[M::mem_process_seqs_merge2] Processed 103478 reads in 2.690 CPU sec, 7.536 real sec
slave pre done
now n is 103478
processed 103478
[M::mem_process_seqs_merge2] Processed 103478 reads in 3.080 CPU sec, 7.034 real sec
[M::process] read chunk (19660800 bytes/CG x 1 CGs, 19660820 bytes)...
[M::process] read chunk (19660800 bytes/CG x 1 CGs, 19660820 bytes)...
slave pre done
now n is 103478
processed 103478
[M::mem_process_seqs_merge2] Processed 103478 reads in 2.940 CPU sec, 7.087 real sec
[M::process] read chunk (19660800 bytes/CG x 1 CGs, 19660820 bytes)...
[M::mem_process_seqs_merge2] CPE FASTQ formatting done
slave pre done
now n is 103478
processed 103478
[M::mem_process_seqs_merge2] Processed 103478 reads in 3.020 CPU sec, 6.921 real sec
[M::mem_process_seqs_merge2] CPE FASTQ formatting done
[M::process] read chunk (19660800 bytes/CG x 1 CGs, 19660820 bytes)...
[M::mem_process_seqs_merge2] CPE FASTQ formatting done
[M::mem_process_seqs_merge2] CPE FASTQ formatting done
slave pre done
now n is 103478
processed 103478
[M::mem_process_seqs_merge2] Processed 103478 reads in 3.270 CPU sec, 7.390 real sec
[M::process] read chunk (19660800 bytes/CG x 1 CGs, 19660820 bytes)...
slave pre done
now n is 103478
processed 103478
[M::mem_process_seqs_merge2] Processed 103478 reads in 3.130 CPU sec, 6.887 real sec
[M::mem_process_seqs_merge2] CPE FASTQ formatting done
[M::process] read chunk (19660800 bytes/CG x 1 CGs, 19660820 bytes)...
[M::mem_process_seqs_merge2] CPE FASTQ formatting done
slave pre done
now n is 103478
processed 103478
[M::mem_process_seqs_merge2] Processed 103478 reads in 2.770 CPU sec, 6.702 real sec
[M::process] read chunk (19660800 bytes/CG x 1 CGs, 19660820 bytes)...
slave pre done
now n is 103478
processed 103478
[M::mem_process_seqs_merge2] Processed 103478 reads in 2.600 CPU sec, 7.413 real sec
slave pre done
now n is 103478
processed 103478
[M::mem_process_seqs_merge2] Processed 103478 reads in 2.770 CPU sec, 6.839 real sec
[M::process] read chunk (19660800 bytes/CG x 1 CGs, 19660820 bytes)...
[M::process] read chunk (19660800 bytes/CG x 1 CGs, 19660820 bytes)...
[M::mem_process_seqs_merge2] CPE FASTQ formatting done
[M::mem_process_seqs_merge2] CPE FASTQ formatting done
[M::mem_process_seqs_merge2] CPE FASTQ formatting done
slave pre done
now n is 103478
processed 103478
[M::mem_process_seqs_merge2] Processed 103478 reads in 3.030 CPU sec, 7.772 real sec
[M::process] read chunk (19660800 bytes/CG x 1 CGs, 19660820 bytes)...
[M::mem_process_seqs_merge2] CPE FASTQ formatting done
slave pre done
now n is 103478
processed 103478
[M::mem_process_seqs_merge2] Processed 103478 reads in 2.800 CPU sec, 6.831 real sec
[M::process] read chunk (19660800 bytes/CG x 1 CGs, 19660820 bytes)...
slave pre done
now n is 103478
processed 103478
[M::mem_process_seqs_merge2] Processed 103478 reads in 3.090 CPU sec, 6.785 real sec
[M::process] read chunk (19660800 bytes/CG x 1 CGs, 19660820 bytes)...
[M::mem_process_seqs_merge2] CPE FASTQ formatting done
[M::mem_process_seqs_merge2] CPE FASTQ formatting done
slave pre done
now n is 103478
processed 103478
[M::mem_process_seqs_merge2] Processed 103478 reads in 3.040 CPU sec, 6.682 real sec
[M::process] read chunk (19660800 bytes/CG x 1 CGs, 19660820 bytes)...
slave pre done
now n is 103478
processed 103478
[M::mem_process_seqs_merge2] Processed 103478 reads in 2.610 CPU sec, 6.998 real sec
slave pre done
now n is 103478
processed 103478
[M::mem_process_seqs_merge2] Processed 103478 reads in 3.020 CPU sec, 7.507 real sec
[M::process] read chunk (19660800 bytes/CG x 1 CGs, 19660440 bytes)...
[M::process] read chunk (19660800 bytes/CG x 1 CGs, 19660820 bytes)...
[M::mem_process_seqs_merge2] CPE FASTQ formatting done
[M::mem_process_seqs_merge2] CPE FASTQ formatting done
[M::mem_process_seqs_merge2] CPE FASTQ formatting done
slave pre done
now n is 103478
processed 103478
[M::mem_process_seqs_merge2] Processed 103478 reads in 3.100 CPU sec, 6.989 real sec
[M::process] read chunk (19660800 bytes/CG x 1 CGs, 19660820 bytes)...
[M::mem_process_seqs_merge2] CPE FASTQ formatting done
slave pre done
now n is 103478
processed 103478
[M::mem_process_seqs_merge2] Processed 103478 reads in 2.990 CPU sec, 6.799 real sec
[M::process] read chunk (19660800 bytes/CG x 1 CGs, 19660820 bytes)...
slave pre done
now n is 103478
processed 103478
[M::mem_process_seqs_merge2] Processed 103478 reads in 3.230 CPU sec, 6.816 real sec
[M::process] read chunk (19660800 bytes/CG x 1 CGs, 19660820 bytes)...
[M::mem_process_seqs_merge2] CPE FASTQ formatting done
[M::mem_process_seqs_merge2] CPE FASTQ formatting done
slave pre done
now n is 103478
processed 103478
[M::mem_process_seqs_merge2] Processed 103478 reads in 2.900 CPU sec, 6.799 real sec
[M::process] read chunk (19660800 bytes/CG x 1 CGs, 19660820 bytes)...
slave pre done
now n is 103476
processed 103476
[M::mem_process_seqs_merge2] Processed 103476 reads in 2.770 CPU sec, 6.873 real sec
[M::process] read chunk (19660800 bytes/CG x 1 CGs, 19660820 bytes)...
slave pre done
now n is 103478
processed 103478
[M::mem_process_seqs_merge2] Processed 103478 reads in 3.320 CPU sec, 7.134 real sec
[M::mem_process_seqs_merge2] CPE FASTQ formatting done
[M::process] read chunk (19660800 bytes/CG x 1 CGs, 19660820 bytes)...
[M::mem_process_seqs_merge2] CPE FASTQ formatting done
[M::mem_process_seqs_merge2] CPE FASTQ formatting done
slave pre done
now n is 103478
processed 103478
[M::mem_process_seqs_merge2] Processed 103478 reads in 2.990 CPU sec, 6.955 real sec
[M::process] read chunk (19660800 bytes/CG x 1 CGs, 19660820 bytes)...
[M::mem_process_seqs_merge2] CPE FASTQ formatting done
slave pre done
now n is 103478
processed 103478
[M::mem_process_seqs_merge2] Processed 103478 reads in 2.980 CPU sec, 6.732 real sec
[M::process] read chunk (19660800 bytes/CG x 1 CGs, 19660820 bytes)...
slave pre done
now n is 103478
processed 103478
[M::mem_process_seqs_merge2] Processed 103478 reads in 3.010 CPU sec, 6.867 real sec
[M::process] read chunk (19660800 bytes/CG x 1 CGs, 19660820 bytes)...
[M::mem_process_seqs_merge2] CPE FASTQ formatting done
[M::mem_process_seqs_merge2] CPE FASTQ formatting done
slave pre done
now n is 103478
processed 103478
[M::mem_process_seqs_merge2] Processed 103478 reads in 2.900 CPU sec, 6.796 real sec
[M::process] read chunk (19660800 bytes/CG x 1 CGs, 19660820 bytes)...
slave pre done
now n is 103478
processed 103478
[M::mem_process_seqs_merge2] Processed 103478 reads in 2.480 CPU sec, 6.824 real sec
[M::process] read chunk (19660800 bytes/CG x 1 CGs, 19660820 bytes)...
slave pre done
now n is 103478
[M::mem_process_seqs_merge2] CPE FASTQ formatting done
processed 103478
[M::mem_process_seqs_merge2] Processed 103478 reads in 3.270 CPU sec, 7.148 real sec
slave pre done
now n is 103478
processed 103478
[M::mem_process_seqs_merge2] Processed 103478 reads in 2.990 CPU sec, 6.519 real sec
[M::process] read chunk (19660800 bytes/CG x 1 CGs, 19660820 bytes)...
[M::mem_process_seqs_merge2] CPE FASTQ formatting done
[M::process] read chunk (19660800 bytes/CG x 1 CGs, 19660820 bytes)...
[M::mem_process_seqs_merge2] CPE FASTQ formatting done
[M::mem_process_seqs_merge2] CPE FASTQ formatting done
slave pre done
now n is 103478
slave pre done
now n is 103478
processed 103478
[M::mem_process_seqs_merge2] Processed 103478 reads in 3.130 CPU sec, 6.851 real sec
processed 103478
[M::mem_process_seqs_merge2] Processed 103478 reads in 3.250 CPU sec, 6.517 real sec
[M::process] read chunk (19660800 bytes/CG x 1 CGs, 19660820 bytes)...
[M::process] read chunk (19660800 bytes/CG x 1 CGs, 19660820 bytes)...
[M::mem_process_seqs_merge2] CPE FASTQ formatting done
[M::mem_process_seqs_merge2] CPE FASTQ formatting done
slave pre done
now n is 103478
processed 103478
[M::mem_process_seqs_merge2] Processed 103478 reads in 3.220 CPU sec, 6.779 real sec
[M::process] read chunk (19660800 bytes/CG x 1 CGs, 19660440 bytes)...
slave pre done
now n is 103478
slave pre done
now n is 103478
processed 103478
[M::mem_process_seqs_merge2] Processed 103478 reads in 2.880 CPU sec, 6.487 real sec
processed 103478
[M::mem_process_seqs_merge2] Processed 103478 reads in 2.590 CPU sec, 6.993 real sec
[M::mem_process_seqs_merge2] CPE FASTQ formatting done
[M::process] read chunk (19660800 bytes/CG x 1 CGs, 19660820 bytes)...
[M::process] read chunk (19660800 bytes/CG x 1 CGs, 19660820 bytes)...
slave pre done
now n is 103478
processed 103478
[M::mem_process_seqs_merge2] Processed 103478 reads in 3.210 CPU sec, 6.909 real sec
[M::process] read chunk (19660800 bytes/CG x 1 CGs, 19660820 bytes)...
[M::mem_process_seqs_merge2] CPE FASTQ formatting done
[M::mem_process_seqs_merge2] CPE FASTQ formatting done
[M::mem_process_seqs_merge2] CPE FASTQ formatting done
slave pre done
now n is 103478
processed 103478
[M::mem_process_seqs_merge2] Processed 103478 reads in 2.820 CPU sec, 6.733 real sec
[M::process] read chunk (19660800 bytes/CG x 1 CGs, 19660820 bytes)...
slave pre done
now n is 103478
processed 103478
[M::mem_process_seqs_merge2] Processed 103478 reads in 3.120 CPU sec, 7.203 real sec
[M::process] read chunk (19660800 bytes/CG x 1 CGs, 19660820 bytes)...
[M::mem_process_seqs_merge2] CPE FASTQ formatting done
[M::mem_process_seqs_merge2] CPE FASTQ formatting done
slave pre done
now n is 103476
processed 103476
[M::mem_process_seqs_merge2] Processed 103476 reads in 3.060 CPU sec, 6.922 real sec
[M::process] read chunk (19660800 bytes/CG x 1 CGs, 19660820 bytes)...
slave pre done
now n is 103478
processed 103478
[M::mem_process_seqs_merge2] Processed 103478 reads in 2.550 CPU sec, 6.799 real sec
[M::mem_process_seqs_merge2] CPE FASTQ formatting done
[M::process] read chunk (19660800 bytes/CG x 1 CGs, 19660820 bytes)...
slave pre done
now n is 103478
processed 103478
[M::mem_process_seqs_merge2] Processed 103478 reads in 3.240 CPU sec, 7.312 real sec
slave pre done
now n is 103478
processed 103478
[M::mem_process_seqs_merge2] Processed 103478 reads in 2.960 CPU sec, 6.839 real sec
[M::mem_process_seqs_merge2] CPE FASTQ formatting done
[M::process] read chunk (19660800 bytes/CG x 1 CGs, 19660820 bytes)...
[M::process] read chunk (19660800 bytes/CG x 1 CGs, 19660820 bytes)...
[M::mem_process_seqs_merge2] CPE FASTQ formatting done
[M::mem_process_seqs_merge2] CPE FASTQ formatting done
slave pre done
now n is 103478
processed 103478
[M::mem_process_seqs_merge2] Processed 103478 reads in 3.190 CPU sec, 6.875 real sec
slave pre done
now n is 103478
processed 103478
[M::mem_process_seqs_merge2] Processed 103478 reads in 2.950 CPU sec, 6.880 real sec
[M::process] read chunk (19660800 bytes/CG x 1 CGs, 19660820 bytes)...
[M::process] read chunk (19660800 bytes/CG x 1 CGs, 19660820 bytes)...
[M::mem_process_seqs_merge2] CPE FASTQ formatting done
[M::mem_process_seqs_merge2] CPE FASTQ formatting done
slave pre done
now n is 103478
processed 103478
[M::mem_process_seqs_merge2] Processed 103478 reads in 2.980 CPU sec, 6.673 real sec
[M::process] read chunk (19660800 bytes/CG x 1 CGs, 19660820 bytes)...
slave pre done
now n is 103478
processed 103478
[M::mem_process_seqs_merge2] Processed 103478 reads in 2.760 CPU sec, 7.061 real sec
[M::mem_process_seqs_merge2] CPE FASTQ formatting done
[M::process] read chunk (19660800 bytes/CG x 1 CGs, 19660820 bytes)...
[M::mem_process_seqs_merge2] CPE FASTQ formatting done
slave pre done
now n is 103478
processed 103478
[M::mem_process_seqs_merge2] Processed 103478 reads in 2.840 CPU sec, 6.771 real sec
slave pre done
now n is 103478
processed 103478
[M::mem_process_seqs_merge2] Processed 103478 reads in 3.140 CPU sec, 7.064 real sec
[M::process] read chunk (19660800 bytes/CG x 1 CGs, 19660820 bytes)...
[M::process] read chunk (19660800 bytes/CG x 1 CGs, 19660820 bytes)...
[M::mem_process_seqs_merge2] CPE FASTQ formatting done
[M::mem_process_seqs_merge2] CPE FASTQ formatting done
slave pre done
now n is 103478
processed 103478
[M::mem_process_seqs_merge2] Processed 103478 reads in 2.840 CPU sec, 6.661 real sec
[M::process] read chunk (19660800 bytes/CG x 1 CGs, 19660820 bytes)...
slave pre done
now n is 103478
processed 103478
[M::mem_process_seqs_merge2] Processed 103478 reads in 3.150 CPU sec, 7.040 real sec
[M::process] read chunk (19660800 bytes/CG x 1 CGs, 19660820 bytes)...
[M::mem_process_seqs_merge2] CPE FASTQ formatting done
[M::mem_process_seqs_merge2] CPE FASTQ formatting done
slave pre done
now n is 103478
processed 103478
[M::mem_process_seqs_merge2] Processed 103478 reads in 2.970 CPU sec, 7.030 real sec
slave pre done
now n is 103478
processed 103478
[M::mem_process_seqs_merge2] Processed 103478 reads in 2.510 CPU sec, 6.747 real sec
[M::process] read chunk (19660800 bytes/CG x 1 CGs, 19660820 bytes)...
[M::process] read chunk (19660800 bytes/CG x 1 CGs, 19660820 bytes)...
[M::mem_process_seqs_merge2] CPE FASTQ formatting done
[M::mem_process_seqs_merge2] CPE FASTQ formatting done
slave pre done
now n is 103478
processed 103478
[M::mem_process_seqs_merge2] Processed 103478 reads in 2.920 CPU sec, 6.842 real sec
[M::process] read chunk (19660800 bytes/CG x 1 CGs, 19660820 bytes)...
slave pre done
now n is 103478
processed 103478
[M::mem_process_seqs_merge2] Processed 103478 reads in 3.330 CPU sec, 7.142 real sec
[M::process] read chunk (19660800 bytes/CG x 1 CGs, 19660440 bytes)...
[M::mem_process_seqs_merge2] CPE FASTQ formatting done
[M::mem_process_seqs_merge2] CPE FASTQ formatting done
slave pre done
now n is 103478
processed 103478
[M::mem_process_seqs_merge2] Processed 103478 reads in 3.160 CPU sec, 6.779 real sec
[M::process] read chunk (19660800 bytes/CG x 1 CGs, 19660820 bytes)...
slave pre done
now n is 103478
processed 103478
[M::mem_process_seqs_merge2] Processed 103478 reads in 2.960 CPU sec, 6.691 real sec
[M::process] read chunk (19660800 bytes/CG x 1 CGs, 19660820 bytes)...
[M::mem_process_seqs_merge2] CPE FASTQ formatting done
[M::mem_process_seqs_merge2] CPE FASTQ formatting done
slave pre done
now n is 103478
processed 103478
[M::mem_process_seqs_merge2] Processed 103478 reads in 2.670 CPU sec, 6.742 real sec
slave pre done
now n is 103478
[M::process] read chunk (19660800 bytes/CG x 1 CGs, 19660820 bytes)...
processed 103478
[M::mem_process_seqs_merge2] Processed 103478 reads in 3.150 CPU sec, 6.944 real sec
[M::process] read chunk (19660800 bytes/CG x 1 CGs, 19660820 bytes)...
[M::mem_process_seqs_merge2] CPE FASTQ formatting done
[M::mem_process_seqs_merge2] CPE FASTQ formatting done
slave pre done
now n is 103478
processed 103478
[M::mem_process_seqs_merge2] Processed 103478 reads in 3.250 CPU sec, 6.967 real sec
[M::process] read chunk (19660800 bytes/CG x 1 CGs, 19660820 bytes)...
slave pre done
now n is 103476
processed 103476
[M::mem_process_seqs_merge2] Processed 103476 reads in 2.890 CPU sec, 7.218 real sec
[M::process] read chunk (19660800 bytes/CG x 1 CGs, 19660820 bytes)...
[M::mem_process_seqs_merge2] CPE FASTQ formatting done
[M::mem_process_seqs_merge2] CPE FASTQ formatting done
slave pre done
now n is 103478
processed 103478
[M::mem_process_seqs_merge2] Processed 103478 reads in 2.950 CPU sec, 6.660 real sec
slave pre done
now n is 103478
processed 103478
[M::mem_process_seqs_merge2] Processed 103478 reads in 3.460 CPU sec, 7.223 real sec
[M::process] read chunk (19660800 bytes/CG x 1 CGs, 19660820 bytes)...
[M::process] read chunk (19660800 bytes/CG x 1 CGs, 19660820 bytes)...
[M::mem_process_seqs_merge2] CPE FASTQ formatting done
[M::mem_process_seqs_merge2] CPE FASTQ formatting done
slave pre done
now n is 103478
processed 103478
[M::mem_process_seqs_merge2] Processed 103478 reads in 3.160 CPU sec, 6.709 real sec
slave pre done
now n is 103478
processed 103478
[M::mem_process_seqs_merge2] Processed 103478 reads in 2.690 CPU sec, 7.138 real sec
[M::process] read chunk (19660800 bytes/CG x 1 CGs, 19660820 bytes)...
[M::process] read chunk (19660800 bytes/CG x 1 CGs, 19660820 bytes)...
[M::mem_process_seqs_merge2] CPE FASTQ formatting done
[M::mem_process_seqs_merge2] CPE FASTQ formatting done
slave pre done
now n is 103478
processed 103478
[M::mem_process_seqs_merge2] Processed 103478 reads in 2.900 CPU sec, 6.995 real sec
slave pre done
now n is 103478
processed 103478
[M::mem_process_seqs_merge2] Processed 103478 reads in 3.080 CPU sec, 7.471 real sec
[M::process] read chunk (19660800 bytes/CG x 1 CGs, 19660820 bytes)...
[M::process] read chunk (19660800 bytes/CG x 1 CGs, 19660820 bytes)...
[M::mem_process_seqs_merge2] CPE FASTQ formatting done
[M::mem_process_seqs_merge2] CPE FASTQ formatting done
slave pre done
now n is 103478
processed 103478
[M::mem_process_seqs_merge2] Processed 103478 reads in 3.060 CPU sec, 7.116 real sec
slave pre done
now n is 103478
processed 103478
[M::mem_process_seqs_merge2] Processed 103478 reads in 3.160 CPU sec, 7.184 real sec
[M::process] read chunk (19660800 bytes/CG x 1 CGs, 19660440 bytes)...
[M::process] read chunk (19660800 bytes/CG x 1 CGs, 19660820 bytes)...
[M::mem_process_seqs_merge2] CPE FASTQ formatting done
[M::mem_process_seqs_merge2] CPE FASTQ formatting done
slave pre done
now n is 103478
processed 103478
[M::mem_process_seqs_merge2] Processed 103478 reads in 3.360 CPU sec, 6.865 real sec
[M::process] read chunk (19660800 bytes/CG x 1 CGs, 19660820 bytes)...
slave pre done
now n is 103478
processed 103478
[M::mem_process_seqs_merge2] Processed 103478 reads in 2.970 CPU sec, 7.069 real sec
[M::process] read chunk (19660800 bytes/CG x 1 CGs, 19660820 bytes)...
[M::mem_process_seqs_merge2] CPE FASTQ formatting done
[M::mem_process_seqs_merge2] CPE FASTQ formatting done
slave pre done
now n is 103478
processed 103478
[M::mem_process_seqs_merge2] Processed 103478 reads in 3.040 CPU sec, 6.996 real sec
slave pre done
now n is 103478
processed 103478
[M::mem_process_seqs_merge2] Processed 103478 reads in 3.290 CPU sec, 7.030 real sec
[M::process] read chunk (19660800 bytes/CG x 1 CGs, 19660820 bytes)...
[M::process] read chunk (19660800 bytes/CG x 1 CGs, 19660820 bytes)...
[M::mem_process_seqs_merge2] CPE FASTQ formatting done
[M::mem_process_seqs_merge2] CPE FASTQ formatting done
slave pre done
now n is 103476
slave pre done
now n is 103478
processed 103476
[M::mem_process_seqs_merge2] Processed 103476 reads in 2.980 CPU sec, 6.965 real sec
processed 103478
[M::mem_process_seqs_merge2] Processed 103478 reads in 3.090 CPU sec, 6.675 real sec
[M::process] read chunk (19660800 bytes/CG x 1 CGs, 19660820 bytes)...
[M::process] read chunk (19660800 bytes/CG x 1 CGs, 19660820 bytes)...
slave pre done
now n is 103478
processed 103478
[M::mem_process_seqs_merge2] Processed 103478 reads in 3.130 CPU sec, 6.738 real sec
[M::mem_process_seqs_merge2] CPE FASTQ formatting done
[M::mem_process_seqs_merge2] CPE FASTQ formatting done
[M::process] read chunk (19660800 bytes/CG x 1 CGs, 19660820 bytes)...
slave pre done
now n is 103478
processed 103478
[M::mem_process_seqs_merge2] Processed 103478 reads in 2.490 CPU sec, 6.900 real sec
[M::process] read chunk (19660800 bytes/CG x 1 CGs, 19660820 bytes)...
[M::mem_process_seqs_merge2] CPE FASTQ formatting done
[M::mem_process_seqs_merge2] CPE FASTQ formatting done
slave pre done
now n is 103478
processed 103478
[M::mem_process_seqs_merge2] Processed 103478 reads in 3.470 CPU sec, 7.419 real sec
[M::process] read chunk (19660800 bytes/CG x 1 CGs, 19660820 bytes)...
slave pre done
now n is 103478
processed 103478
[M::mem_process_seqs_merge2] Processed 103478 reads in 3.160 CPU sec, 7.634 real sec
[M::mem_process_seqs_merge2] CPE FASTQ formatting done
[M::process] read chunk (19660800 bytes/CG x 1 CGs, 19660820 bytes)...
[M::mem_process_seqs_merge2] CPE FASTQ formatting done
slave pre done
now n is 103478
processed 103478
[M::mem_process_seqs_merge2] Processed 103478 reads in 2.740 CPU sec, 6.769 real sec
[M::process] read chunk (19660800 bytes/CG x 1 CGs, 19660820 bytes)...
slave pre done
now n is 103478
processed 103478
[M::mem_process_seqs_merge2] Processed 103478 reads in 3.280 CPU sec, 7.584 real sec
slave pre done
now n is 103478
processed 103478
[M::mem_process_seqs_merge2] Processed 103478 reads in 2.930 CPU sec, 6.508 real sec
[M::process] read chunk (19660800 bytes/CG x 1 CGs, 19660820 bytes)...
[M::process] read chunk (19660800 bytes/CG x 1 CGs, 19660820 bytes)...
[M::mem_process_seqs_merge2] CPE FASTQ formatting done
slave pre done
now n is 103478
processed 103478
[M::mem_process_seqs_merge2] Processed 103478 reads in 2.740 CPU sec, 6.913 real sec
[M::process] read chunk (19660800 bytes/CG x 1 CGs, 19660820 bytes)...
[M::mem_process_seqs_merge2] CPE FASTQ formatting done
[M::mem_process_seqs_merge2] CPE FASTQ formatting done
[M::mem_process_seqs_merge2] CPE FASTQ formatting done
slave pre done
now n is 103478
processed 103478
[M::mem_process_seqs_merge2] Processed 103478 reads in 3.120 CPU sec, 7.151 real sec
[M::process] read chunk (19660800 bytes/CG x 1 CGs, 19660820 bytes)...
slave pre done
now n is 103478
processed 103478
[M::mem_process_seqs_merge2] Processed 103478 reads in 3.080 CPU sec, 6.836 real sec
[M::process] read chunk (19660800 bytes/CG x 1 CGs, 19660820 bytes)...
[M::mem_process_seqs_merge2] CPE FASTQ formatting done
[M::mem_process_seqs_merge2] CPE FASTQ formatting done
slave pre done
now n is 103478
processed 103478
[M::mem_process_seqs_merge2] Processed 103478 reads in 2.970 CPU sec, 6.676 real sec
[M::process] read chunk (19660800 bytes/CG x 1 CGs, 19660440 bytes)...
slave pre done
now n is 103478
[M::mem_process_seqs_merge2] CPE FASTQ formatting done
processed 103478
[M::mem_process_seqs_merge2] Processed 103478 reads in 2.890 CPU sec, 6.921 real sec
[M::process] read chunk (19660800 bytes/CG x 1 CGs, 19660820 bytes)...
slave pre done
now n is 103478
processed 103478
[M::mem_process_seqs_merge2] Processed 103478 reads in 2.930 CPU sec, 7.190 real sec
slave pre done
now n is 103478
processed 103478
[M::mem_process_seqs_merge2] Processed 103478 reads in 2.900 CPU sec, 7.164 real sec
[M::mem_process_seqs_merge2] CPE FASTQ formatting done
[M::process] read chunk (19660800 bytes/CG x 1 CGs, 19660820 bytes)...
[M::process] read chunk (19660800 bytes/CG x 1 CGs, 19660820 bytes)...
[M::mem_process_seqs_merge2] CPE FASTQ formatting done
[M::mem_process_seqs_merge2] CPE FASTQ formatting done
slave pre done
now n is 103478
processed 103478
[M::mem_process_seqs_merge2] Processed 103478 reads in 2.660 CPU sec, 6.681 real sec
[M::process] read chunk (19660800 bytes/CG x 1 CGs, 19660820 bytes)...
[M::mem_process_seqs_merge2] CPE FASTQ formatting done
slave pre done
now n is 103478
processed 103478
[M::mem_process_seqs_merge2] Processed 103478 reads in 3.300 CPU sec, 7.068 real sec
[M::process] read chunk (19660800 bytes/CG x 1 CGs, 19660820 bytes)...
[M::mem_process_seqs_merge2] CPE FASTQ formatting done
slave pre done
now n is 103476
processed 103476
[M::mem_process_seqs_merge2] Processed 103476 reads in 2.950 CPU sec, 6.808 real sec
[M::process] read chunk (19660800 bytes/CG x 1 CGs, 19660820 bytes)...
slave pre done
now n is 103478
processed 103478
[M::mem_process_seqs_merge2] Processed 103478 reads in 2.810 CPU sec, 6.717 real sec
[M::process] read chunk (19660800 bytes/CG x 1 CGs, 19660820 bytes)...
[M::mem_process_seqs_merge2] CPE FASTQ formatting done
slave pre done
now n is 103478
processed 103478
[M::mem_process_seqs_merge2] Processed 103478 reads in 2.660 CPU sec, 6.607 real sec
[M::mem_process_seqs_merge2] CPE FASTQ formatting done
[M::process] read chunk (19660800 bytes/CG x 1 CGs, 19660820 bytes)...
[M::mem_process_seqs_merge2] CPE FASTQ formatting done
slave pre done
now n is 103478
processed 103478
[M::mem_process_seqs_merge2] Processed 103478 reads in 3.190 CPU sec, 7.244 real sec
[M::process] read chunk (19660800 bytes/CG x 1 CGs, 19660820 bytes)...
[M::mem_process_seqs_merge2] CPE FASTQ formatting done
slave pre done
now n is 103478
processed 103478
[M::mem_process_seqs_merge2] Processed 103478 reads in 2.730 CPU sec, 7.017 real sec
[M::process] read chunk (19660800 bytes/CG x 1 CGs, 19660820 bytes)...
[M::mem_process_seqs_merge2] CPE FASTQ formatting done
slave pre done
now n is 103478
processed 103478
[M::mem_process_seqs_merge2] Processed 103478 reads in 3.030 CPU sec, 6.900 real sec
[M::process] read chunk (19660800 bytes/CG x 1 CGs, 19660820 bytes)...
[M::mem_process_seqs_merge2] CPE FASTQ formatting done
slave pre done
now n is 103478
processed 103478
[M::mem_process_seqs_merge2] Processed 103478 reads in 3.320 CPU sec, 7.020 real sec
[M::process] read chunk (19660800 bytes/CG x 1 CGs, 19660820 bytes)...
slave pre done
now n is 103478
processed 103478
[M::mem_process_seqs_merge2] Processed 103478 reads in 2.930 CPU sec, 6.987 real sec
[M::process] read chunk (19660800 bytes/CG x 1 CGs, 19660820 bytes)...
slave pre done
now n is 103478
processed 103478
[M::mem_process_seqs_merge2] Processed 103478 reads in 2.730 CPU sec, 6.800 real sec
[M::process] read chunk (19660800 bytes/CG x 1 CGs, 19660820 bytes)...
[M::mem_process_seqs_merge2] CPE FASTQ formatting done
[M::mem_process_seqs_merge2] CPE FASTQ formatting done
slave pre done
now n is 103478
[M::mem_process_seqs_merge2] CPE FASTQ formatting done
processed 103478
[M::mem_process_seqs_merge2] Processed 103478 reads in 3.090 CPU sec, 6.835 real sec
[M::process] read chunk (19660800 bytes/CG x 1 CGs, 19660820 bytes)...
[M::mem_process_seqs_merge2] CPE FASTQ formatting done
slave pre done
now n is 103478
processed 103478
[M::mem_process_seqs_merge2] Processed 103478 reads in 3.250 CPU sec, 7.772 real sec
slave pre done
now n is 103478
processed 103478
[M::mem_process_seqs_merge2] Processed 103478 reads in 3.000 CPU sec, 6.909 real sec
[M::process] read chunk (19660800 bytes/CG x 1 CGs, 19660820 bytes)...
[M::process] read chunk (19660800 bytes/CG x 1 CGs, 19660820 bytes)...
[M::mem_process_seqs_merge2] CPE FASTQ formatting done
[M::mem_process_seqs_merge2] CPE FASTQ formatting done
slave pre done
now n is 103478
processed 103478
[M::mem_process_seqs_merge2] Processed 103478 reads in 3.110 CPU sec, 6.787 real sec
[M::process] read chunk (19660800 bytes/CG x 1 CGs, 19660820 bytes)...
slave pre done
now n is 103478
slave pre done
now n is 103478
processed 103478
[M::mem_process_seqs_merge2] Processed 103478 reads in 3.250 CPU sec, 6.847 real sec
processed 103478
[M::mem_process_seqs_merge2] Processed 103478 reads in 2.650 CPU sec, 6.754 real sec
[M::process] read chunk (19660800 bytes/CG x 1 CGs, 19660820 bytes)...
[M::process] read chunk (19660800 bytes/CG x 1 CGs, 19660820 bytes)...
[M::mem_process_seqs_merge2] CPE FASTQ formatting done
slave pre done
now n is 103478
processed 103478
[M::mem_process_seqs_merge2] Processed 103478 reads in 2.730 CPU sec, 6.747 real sec
[M::process] read chunk (19660800 bytes/CG x 1 CGs, 19660820 bytes)...
[M::mem_process_seqs_merge2] CPE FASTQ formatting done
[M::mem_process_seqs_merge2] CPE FASTQ formatting done
[M::mem_process_seqs_merge2] CPE FASTQ formatting done
slave pre done
now n is 103478
processed 103478
[M::mem_process_seqs_merge2] Processed 103478 reads in 3.310 CPU sec, 7.354 real sec
slave pre done
now n is 103478
processed 103478
[M::mem_process_seqs_merge2] Processed 103478 reads in 3.370 CPU sec, 7.249 real sec
[M::process] read chunk (19660800 bytes/CG x 1 CGs, 19660820 bytes)...
[M::process] read chunk (19660800 bytes/CG x 1 CGs, 19660440 bytes)...
[M::mem_process_seqs_merge2] CPE FASTQ formatting done
[M::mem_process_seqs_merge2] CPE FASTQ formatting done
slave pre done
now n is 103478
processed 103478
[M::mem_process_seqs_merge2] Processed 103478 reads in 3.000 CPU sec, 6.996 real sec
[M::process] read chunk (19660800 bytes/CG x 1 CGs, 19660820 bytes)...
slave pre done
now n is 103478
processed 103478
[M::mem_process_seqs_merge2] Processed 103478 reads in 2.610 CPU sec, 6.712 real sec
[M::mem_process_seqs_merge2] CPE FASTQ formatting done
slave pre done
now n is 103478
processed 103478
[M::mem_process_seqs_merge2] Processed 103478 reads in 3.070 CPU sec, 6.917 real sec
[M::process] read chunk (19660800 bytes/CG x 1 CGs, 19660820 bytes)...
[M::process] read chunk (19660800 bytes/CG x 1 CGs, 19660820 bytes)...
slave pre done
now n is 103478
processed 103478
[M::mem_process_seqs_merge2] Processed 103478 reads in 2.990 CPU sec, 6.824 real sec
[M::process] read chunk (19660800 bytes/CG x 1 CGs, 19660820 bytes)...
[M::mem_process_seqs_merge2] CPE FASTQ formatting done
[M::mem_process_seqs_merge2] CPE FASTQ formatting done
[M::mem_process_seqs_merge2] CPE FASTQ formatting done
slave pre done
now n is 103476
processed 103476
[M::mem_process_seqs_merge2] Processed 103476 reads in 3.180 CPU sec, 6.649 real sec
[M::process] read chunk (19660800 bytes/CG x 1 CGs, 4915300 bytes)...
[M::mem_process_seqs_merge2] CPE FASTQ formatting done
slave pre done
now n is 103478
processed 103478
[M::mem_process_seqs_merge2] Processed 103478 reads in 3.330 CPU sec, 7.413 real sec
[M::process] read chunk (19660800 bytes/CG x 1 CGs, 19660820 bytes)...
[M::mem_process_seqs_merge2] CPE FASTQ formatting done
slave pre done
now n is 25870
processed 25870
[M::mem_process_seqs_merge2] Processed 25870 reads in 0.830 CPU sec, 2.005 real sec
[M::process] read chunk (19660800 bytes/CG x 1 CGs, 4914920 bytes)...
[M::mem_process_seqs_merge2] CPE FASTQ formatting done
slave pre done
now n is 103478
processed 103478
[M::mem_process_seqs_merge2] Processed 103478 reads in 2.980 CPU sec, 6.799 real sec
[M::process] read chunk (19660800 bytes/CG x 1 CGs, 4915300 bytes)...
[M::mem_process_seqs_merge2] CPE FASTQ formatting done
slave pre done
now n is 25868
processed 25868
[M::mem_process_seqs_merge2] Processed 25868 reads in 0.730 CPU sec, 1.873 real sec
[M::process] read chunk (19660800 bytes/CG x 1 CGs, 4915300 bytes)...
[M::mem_process_seqs_merge2] CPE FASTQ formatting done
slave pre done
now n is 103478
processed 103478
[M::mem_process_seqs_merge2] Processed 103478 reads in 2.650 CPU sec, 6.940 real sec
[M::process] read chunk (19660800 bytes/CG x 1 CGs, 4915300 bytes)...
slave pre done
now n is 103478
processed 103478
[M::mem_process_seqs_merge2] Processed 103478 reads in 3.180 CPU sec, 6.724 real sec
[M::mem_process_seqs_merge2] CPE FASTQ formatting done
slave pre done
now n is 103478
processed 103478
[M::mem_process_seqs_merge2] Processed 103478 reads in 2.920 CPU sec, 6.882 real sec
[M::process] read chunk (19660800 bytes/CG x 1 CGs, 4914920 bytes)...
[M::process] read chunk (19660800 bytes/CG x 1 CGs, 4915300 bytes)...
[M::mem_process_seqs_merge2] CPE FASTQ formatting done
[M::mem_process_seqs_merge2] CPE FASTQ formatting done
slave pre done
now n is 25870
processed 25870
[M::mem_process_seqs_merge2] Processed 25870 reads in 0.770 CPU sec, 1.671 real sec
slave pre done
now n is 25870
processed 25870
[M::mem_process_seqs_merge2] Processed 25870 reads in 0.780 CPU sec, 2.275 real sec
[M::process] read chunk (19660800 bytes/CG x 1 CGs, 4915300 bytes)...
[M::process] read chunk (19660800 bytes/CG x 1 CGs, 4915300 bytes)...
[M::mem_process_seqs_merge2] CPE FASTQ formatting done
[M::mem_process_seqs_merge2] CPE FASTQ formatting done
slave pre done
now n is 25870
slave pre done
now n is 25868
processed 25870
[M::mem_process_seqs_merge2] Processed 25870 reads in 0.740 CPU sec, 2.189 real sec
processed 25868
[M::mem_process_seqs_merge2] Processed 25868 reads in 0.730 CPU sec, 1.891 real sec
[M::process] read chunk (19660800 bytes/CG x 1 CGs, 4915300 bytes)...
[M::process] read chunk (19660800 bytes/CG x 1 CGs, 4915300 bytes)...
slave pre done
now n is 25870
processed 25870
[M::mem_process_seqs_merge2] Processed 25870 reads in 0.720 CPU sec, 1.955 real sec
[M::mem_process_seqs_merge2] CPE FASTQ formatting done
[M::process] read chunk (19660800 bytes/CG x 1 CGs, 4914920 bytes)...
[M::mem_process_seqs_merge2] CPE FASTQ formatting done
[M::mem_process_seqs_merge2] CPE FASTQ formatting done
slave pre done
now n is 103478
processed 103478
[M::mem_process_seqs_merge2] Processed 103478 reads in 3.100 CPU sec, 7.152 real sec
[M::process] read chunk (19660800 bytes/CG x 1 CGs, 4915300 bytes)...
[M::mem_process_seqs_merge2] CPE FASTQ formatting done
slave pre done
now n is 25870
processed 25870
slave pre done
now n is 25870
[M::mem_process_seqs_merge2] Processed 25870 reads in 0.680 CPU sec, 2.093 real sec
processed 25870
[M::mem_process_seqs_merge2] Processed 25870 reads in 0.770 CPU sec, 2.148 real sec
[M::process] read chunk (19660800 bytes/CG x 1 CGs, 4914920 bytes)...
[M::process] read chunk (19660800 bytes/CG x 1 CGs, 4915300 bytes)...
[M::mem_process_seqs_merge2] CPE FASTQ formatting done
[M::mem_process_seqs_merge2] CPE FASTQ formatting done
slave pre done
now n is 25870
processed 25870
[M::mem_process_seqs_merge2] Processed 25870 reads in 0.780 CPU sec, 1.985 real sec
[M::process] read chunk (19660800 bytes/CG x 1 CGs, 4914920 bytes)...
slave pre done
now n is 25870
processed 25870
[M::mem_process_seqs_merge2] Processed 25870 reads in 0.580 CPU sec, 2.210 real sec
[M::process] read chunk (19660800 bytes/CG x 1 CGs, 4915300 bytes)...
[M::mem_process_seqs_merge2] CPE FASTQ formatting done
[M::mem_process_seqs_merge2] CPE FASTQ formatting done
slave pre done
now n is 25868
processed 25868
[M::mem_process_seqs_merge2] Processed 25868 reads in 0.710 CPU sec, 2.192 real sec
[M::process] read chunk (19660800 bytes/CG x 1 CGs, 4915300 bytes)...
[M::mem_process_seqs_merge2] CPE FASTQ formatting done
slave pre done
now n is 25870
processed 25870
[M::mem_process_seqs_merge2] Processed 25870 reads in 0.760 CPU sec, 1.951 real sec
[M::process] read chunk (19660800 bytes/CG x 1 CGs, 4915300 bytes)...
[M::mem_process_seqs_merge2] CPE FASTQ formatting done
slave pre done
now n is 25868
processed 25868
slave pre done
now n is 25870
[M::mem_process_seqs_merge2] Processed 25868 reads in 0.820 CPU sec, 1.966 real sec
processed 25870
[M::mem_process_seqs_merge2] Processed 25870 reads in 0.860 CPU sec, 1.985 real sec
[M::process] read chunk (19660800 bytes/CG x 1 CGs, 4915300 bytes)...
[M::process] read chunk (19660800 bytes/CG x 1 CGs, 4915300 bytes)...
slave pre done
now n is 25868
processed 25868
[M::mem_process_seqs_merge2] Processed 25868 reads in 0.870 CPU sec, 1.816 real sec
[M::process] read chunk (19660800 bytes/CG x 1 CGs, 4915300 bytes)...
[M::mem_process_seqs_merge2] CPE FASTQ formatting done
[M::mem_process_seqs_merge2] CPE FASTQ formatting done
slave pre done
now n is 25870
processed 25870
[M::mem_process_seqs_merge2] Processed 25870 reads in 0.770 CPU sec, 1.789 real sec
[M::process] read chunk (19660800 bytes/CG x 1 CGs, 4915300 bytes)...
[M::mem_process_seqs_merge2] CPE FASTQ formatting done
[M::mem_process_seqs_merge2] CPE FASTQ formatting done
slave pre done
now n is 25870
processed 25870
[M::mem_process_seqs_merge2] Processed 25870 reads in 0.590 CPU sec, 2.282 real sec
[M::process] read chunk (19660800 bytes/CG x 1 CGs, 4915300 bytes)...
[M::mem_process_seqs_merge2] CPE FASTQ formatting done
slave pre done
now n is 25870
processed 25870
[M::mem_process_seqs_merge2] Processed 25870 reads in 0.770 CPU sec, 1.954 real sec
[M::process] read chunk (19660800 bytes/CG x 1 CGs, 4915300 bytes)...
[M::mem_process_seqs_merge2] CPE FASTQ formatting done
slave pre done
now n is 25870
processed 25870
[M::mem_process_seqs_merge2] Processed 25870 reads in 0.650 CPU sec, 1.767 real sec
[M::process] read chunk (19660800 bytes/CG x 1 CGs, 4914920 bytes)...
slave pre done
now n is 25870
slave pre done
now n is 25870
processed 25870
[M::mem_process_seqs_merge2] Processed 25870 reads in 0.670 CPU sec, 1.984 real sec
processed 25870
[M::mem_process_seqs_merge2] Processed 25870 reads in 0.850 CPU sec, 1.806 real sec
[M::mem_process_seqs_merge2] CPE FASTQ formatting done
[M::process] read chunk (19660800 bytes/CG x 1 CGs, 4914920 bytes)...
[M::process] read chunk (19660800 bytes/CG x 1 CGs, 4915300 bytes)...
slave pre done
now n is 25870
processed 25870
[M::mem_process_seqs_merge2] Processed 25870 reads in 0.780 CPU sec, 1.914 real sec
[M::process] read chunk (19660800 bytes/CG x 1 CGs, 4915300 bytes)...
slave pre done
now n is 25870
processed 25870
[M::mem_process_seqs_merge2] Processed 25870 reads in 0.710 CPU sec, 1.884 real sec
[M::mem_process_seqs_merge2] CPE FASTQ formatting done
[M::mem_process_seqs_merge2] CPE FASTQ formatting done
[M::process] read chunk (19660800 bytes/CG x 1 CGs, 4914920 bytes)...
[M::mem_process_seqs_merge2] CPE FASTQ formatting done
[M::mem_process_seqs_merge2] CPE FASTQ formatting done
slave pre done
now n is 25870
processed 25870
[M::mem_process_seqs_merge2] Processed 25870 reads in 0.740 CPU sec, 1.854 real sec
[M::process] read chunk (19660800 bytes/CG x 1 CGs, 4914920 bytes)...
[M::mem_process_seqs_merge2] CPE FASTQ formatting done
slave pre done
now n is 25868
processed 25868
[M::mem_process_seqs_merge2] Processed 25868 reads in 0.760 CPU sec, 1.887 real sec
[M::process] read chunk (19660800 bytes/CG x 1 CGs, 4915300 bytes)...
slave pre done
now n is 25870
processed 25870
[M::mem_process_seqs_merge2] Processed 25870 reads in 0.890 CPU sec, 1.791 real sec
[M::mem_process_seqs_merge2] CPE FASTQ formatting done
[M::process] read chunk (19660800 bytes/CG x 1 CGs, 4915300 bytes)...
slave pre done
now n is 25868
processed 25868
[M::mem_process_seqs_merge2] Processed 25868 reads in 0.780 CPU sec, 1.847 real sec
[M::process] read chunk (19660800 bytes/CG x 1 CGs, 4915300 bytes)...
slave pre done
now n is 25870
processed 25870
[M::mem_process_seqs_merge2] Processed 25870 reads in 0.820 CPU sec, 1.990 real sec
slave pre done
now n is 25868
processed 25868
[M::mem_process_seqs_merge2] Processed 25868 reads in 0.770 CPU sec, 1.825 real sec
[M::mem_process_seqs_merge2] CPE FASTQ formatting done
[M::process] read chunk (19660800 bytes/CG x 1 CGs, 4915300 bytes)...
[M::process] read chunk (19660800 bytes/CG x 1 CGs, 4915300 bytes)...
slave pre done
now n is 25868
processed 25868
[M::mem_process_seqs_merge2] Processed 25868 reads in 0.760 CPU sec, 2.123 real sec
[M::mem_process_seqs_merge2] CPE FASTQ formatting done
[M::mem_process_seqs_merge2] CPE FASTQ formatting done
[M::process] read chunk (19660800 bytes/CG x 1 CGs, 4915300 bytes)...
[M::mem_process_seqs_merge2] CPE FASTQ formatting done
[M::mem_process_seqs_merge2] CPE FASTQ formatting done
slave pre done
now n is 25870
processed 25870
[M::mem_process_seqs_merge2] Processed 25870 reads in 0.920 CPU sec, 1.889 real sec
[M::process] read chunk (19660800 bytes/CG x 1 CGs, 4915300 bytes)...
slave pre done
now n is 25870
processed 25870
[M::mem_process_seqs_merge2] Processed 25870 reads in 0.670 CPU sec, 1.840 real sec
[M::mem_process_seqs_merge2] CPE FASTQ formatting done
slave pre done
now n is 25870
[M::process] read chunk (19660800 bytes/CG x 1 CGs, 4915300 bytes)...
processed 25870
[M::mem_process_seqs_merge2] Processed 25870 reads in 0.750 CPU sec, 1.784 real sec
[M::process] read chunk (19660800 bytes/CG x 1 CGs, 4914920 bytes)...
[M::mem_process_seqs_merge2] CPE FASTQ formatting done
[M::mem_process_seqs_merge2] CPE FASTQ formatting done
slave pre done
now n is 25870
processed 25870
[M::mem_process_seqs_merge2] Processed 25870 reads in 0.660 CPU sec, 2.009 real sec
[M::process] read chunk (19660800 bytes/CG x 1 CGs, 4914920 bytes)...
slave pre done
now n is 25870
processed 25870
[M::mem_process_seqs_merge2] Processed 25870 reads in 0.690 CPU sec, 2.079 real sec
[M::process] read chunk (19660800 bytes/CG x 1 CGs, 4915300 bytes)...
slave pre done
now n is 25870
processed 25870
[M::mem_process_seqs_merge2] Processed 25870 reads in 0.870 CPU sec, 2.217 real sec
[M::mem_process_seqs_merge2] CPE FASTQ formatting done
[M::mem_process_seqs_merge2] CPE FASTQ formatting done
[M::process] read chunk (19660800 bytes/CG x 1 CGs, 4914920 bytes)...
[M::mem_process_seqs_merge2] CPE FASTQ formatting done
slave pre done
now n is 25870
processed 25870
[M::mem_process_seqs_merge2] Processed 25870 reads in 0.880 CPU sec, 1.940 real sec
[M::process] read chunk (19660800 bytes/CG x 1 CGs, 4915300 bytes)...
slave pre done
now n is 25868
processed 25868
[M::mem_process_seqs_merge2] Processed 25868 reads in 0.740 CPU sec, 1.916 real sec
[M::process] read chunk (19660800 bytes/CG x 1 CGs, 4915300 bytes)...
[M::mem_process_seqs_merge2] CPE FASTQ formatting done
[M::mem_process_seqs_merge2] CPE FASTQ formatting done
slave pre done
now n is 25870
processed 25870
[M::mem_process_seqs_merge2] Processed 25870 reads in 0.710 CPU sec, 2.117 real sec
slave pre done
now n is 25868
processed 25868
[M::mem_process_seqs_merge2] Processed 25868 reads in 0.790 CPU sec, 1.810 real sec
[M::process] read chunk (19660800 bytes/CG x 1 CGs, 4914920 bytes)...
[M::process] read chunk (19660800 bytes/CG x 1 CGs, 4915300 bytes)...
slave pre done
now n is 25868
processed 25868
[M::mem_process_seqs_merge2] Processed 25868 reads in 0.750 CPU sec, 1.928 real sec
[M::mem_process_seqs_merge2] CPE FASTQ formatting done
[M::mem_process_seqs_merge2] CPE FASTQ formatting done
[M::process] read chunk (19660800 bytes/CG x 1 CGs, 4915300 bytes)...
[M::mem_process_seqs_merge2] CPE FASTQ formatting done
slave pre done
now n is 25870
processed 25870
[M::mem_process_seqs_merge2] Processed 25870 reads in 0.630 CPU sec, 2.542 real sec
[M::process] read chunk (19660800 bytes/CG x 1 CGs, 4915300 bytes)...
[M::mem_process_seqs_merge2] CPE FASTQ formatting done
slave pre done
now n is 25870
processed 25870
[M::mem_process_seqs_merge2] Processed 25870 reads in 0.910 CPU sec, 1.977 real sec
[M::process] read chunk (19660800 bytes/CG x 1 CGs, 4915300 bytes)...
[M::mem_process_seqs_merge2] CPE FASTQ formatting done
slave pre done
now n is 25870
processed 25870
[M::mem_process_seqs_merge2] Processed 25870 reads in 0.820 CPU sec, 2.140 real sec
[M::process] read chunk (19660800 bytes/CG x 1 CGs, 4915300 bytes)...
[M::mem_process_seqs_merge2] CPE FASTQ formatting done
slave pre done
now n is 25868
processed 25868
[M::mem_process_seqs_merge2] Processed 25868 reads in 0.730 CPU sec, 1.982 real sec
[M::process] read chunk (19660800 bytes/CG x 1 CGs, 4915300 bytes)...
slave pre done
now n is 25870
processed 25870
[M::mem_process_seqs_merge2] Processed 25870 reads in 0.670 CPU sec, 1.831 real sec
[M::process] read chunk (19660800 bytes/CG x 1 CGs, 4914920 bytes)...
[M::mem_process_seqs_merge2] CPE FASTQ formatting done
slave pre done
now n is 25870
processed 25870
[M::mem_process_seqs_merge2] Processed 25870 reads in 0.880 CPU sec, 2.296 real sec
[M::process] read chunk (19660800 bytes/CG x 1 CGs, 4915300 bytes)...
[M::mem_process_seqs_merge2] CPE FASTQ formatting done
slave pre done
now n is 25870
processed 25870
[M::mem_process_seqs_merge2] Processed 25870 reads in 0.740 CPU sec, 1.955 real sec
[M::process] read chunk (19660800 bytes/CG x 1 CGs, 4915300 bytes)...
[M::mem_process_seqs_merge2] CPE FASTQ formatting done
[M::mem_process_seqs_merge2] CPE FASTQ formatting done
slave pre done
now n is 25870
processed 25870
[M::mem_process_seqs_merge2] Processed 25870 reads in 0.800 CPU sec, 1.788 real sec
[M::process] read chunk (19660800 bytes/CG x 1 CGs, 4914920 bytes)...
slave pre done
now n is 25870
processed 25870
[M::mem_process_seqs_merge2] Processed 25870 reads in 0.790 CPU sec, 2.124 real sec
[M::process] read chunk (19660800 bytes/CG x 1 CGs, 4915300 bytes)...
[M::mem_process_seqs_merge2] CPE FASTQ formatting done
[M::mem_process_seqs_merge2] CPE FASTQ formatting done
slave pre done
now n is 25870
processed 25870
[M::mem_process_seqs_merge2] Processed 25870 reads in 0.750 CPU sec, 1.828 real sec
[M::process] read chunk (19660800 bytes/CG x 1 CGs, 4915300 bytes)...
slave pre done
now n is 25868
processed 25868
[M::mem_process_seqs_merge2] Processed 25868 reads in 0.770 CPU sec, 1.841 real sec
[M::process] read chunk (19660800 bytes/CG x 1 CGs, 4915300 bytes)...
[M::mem_process_seqs_merge2] CPE FASTQ formatting done
[M::mem_process_seqs_merge2] CPE FASTQ formatting done
slave pre done
now n is 25870
processed 25870
[M::mem_process_seqs_merge2] Processed 25870 reads in 0.670 CPU sec, 1.959 real sec
[M::process] read chunk (19660800 bytes/CG x 1 CGs, 4914920 bytes)...
slave pre done
now n is 25870
processed 25870
[M::mem_process_seqs_merge2] Processed 25870 reads in 0.750 CPU sec, 2.019 real sec
[M::mem_process_seqs_merge2] CPE FASTQ formatting done
[M::process] read chunk (19660800 bytes/CG x 1 CGs, 4915300 bytes)...
[M::mem_process_seqs_merge2] CPE FASTQ formatting done
slave pre done
now n is 25868
processed 25868
[M::mem_process_seqs_merge2] Processed 25868 reads in 0.870 CPU sec, 1.876 real sec
[M::process] read chunk (19660800 bytes/CG x 1 CGs, 4915300 bytes)...
slave pre done
now n is 25870
processed 25870
[M::mem_process_seqs_merge2] Processed 25870 reads in 0.790 CPU sec, 2.033 real sec
[M::mem_process_seqs_merge2] CPE FASTQ formatting done
[M::process] read chunk (19660800 bytes/CG x 1 CGs, 4915300 bytes)...
[M::mem_process_seqs_merge2] CPE FASTQ formatting done
slave pre done
now n is 25870
processed 25870
[M::mem_process_seqs_merge2] Processed 25870 reads in 0.750 CPU sec, 2.068 real sec
[M::process] read chunk (19660800 bytes/CG x 1 CGs, 4915300 bytes)...
slave pre done
now n is 25868
processed 25868
[M::mem_process_seqs_merge2] Processed 25868 reads in 0.760 CPU sec, 1.865 real sec
[M::process] read chunk (19660800 bytes/CG x 1 CGs, 4915300 bytes)...
[M::mem_process_seqs_merge2] CPE FASTQ formatting done
[M::mem_process_seqs_merge2] CPE FASTQ formatting done
slave pre done
now n is 25870
processed 25870
[M::mem_process_seqs_merge2] Processed 25870 reads in 0.820 CPU sec, 2.165 real sec
slave pre done
now n is 25870
processed 25870
[M::mem_process_seqs_merge2] Processed 25870 reads in 0.820 CPU sec, 1.851 real sec
[M::process] read chunk (19660800 bytes/CG x 1 CGs, 4915300 bytes)...
[M::process] read chunk (19660800 bytes/CG x 1 CGs, 4915300 bytes)...
[M::mem_process_seqs_merge2] CPE FASTQ formatting done
[M::mem_process_seqs_merge2] CPE FASTQ formatting done
slave pre done
now n is 25870
processed 25870
[M::mem_process_seqs_merge2] Processed 25870 reads in 0.780 CPU sec, 1.893 real sec
[M::process] read chunk (19660800 bytes/CG x 1 CGs, 4914920 bytes)...
[M::mem_process_seqs_merge2] CPE FASTQ formatting done
slave pre done
now n is 25870
processed 25870
[M::mem_process_seqs_merge2] Processed 25870 reads in 0.900 CPU sec, 2.074 real sec
[M::process] read chunk (19660800 bytes/CG x 1 CGs, 4914920 bytes)...
[M::mem_process_seqs_merge2] CPE FASTQ formatting done
slave pre done
now n is 25870
processed 25870
[M::mem_process_seqs_merge2] Processed 25870 reads in 0.810 CPU sec, 1.990 real sec
[M::process] read chunk (19660800 bytes/CG x 1 CGs, 4915300 bytes)...
slave pre done
now n is 25870
processed 25870
[M::mem_process_seqs_merge2] Processed 25870 reads in 0.680 CPU sec, 2.137 real sec
[M::process] read chunk (19660800 bytes/CG x 1 CGs, 4914920 bytes)...
[M::mem_process_seqs_merge2] CPE FASTQ formatting done
[M::mem_process_seqs_merge2] CPE FASTQ formatting done
slave pre done
now n is 25870
processed 25870
[M::mem_process_seqs_merge2] Processed 25870 reads in 0.870 CPU sec, 1.976 real sec
slave pre done
now n is 25870
processed 25870
[M::mem_process_seqs_merge2] Processed 25870 reads in 0.760 CPU sec, 2.022 real sec
[M::process] read chunk (19660800 bytes/CG x 1 CGs, 4914920 bytes)...
[M::process] read chunk (19660800 bytes/CG x 1 CGs, 4915300 bytes)...
[M::mem_process_seqs_merge2] CPE FASTQ formatting done
[M::mem_process_seqs_merge2] CPE FASTQ formatting done
slave pre done
now n is 25868
processed 25868
[M::mem_process_seqs_merge2] Processed 25868 reads in 0.790 CPU sec, 1.884 real sec
[M::process] read chunk (19660800 bytes/CG x 1 CGs, 4915300 bytes)...
slave pre done
now n is 25868
processed 25868
[M::mem_process_seqs_merge2] Processed 25868 reads in 0.840 CPU sec, 2.168 real sec
[M::mem_process_seqs_merge2] CPE FASTQ formatting done
[M::process] read chunk (19660800 bytes/CG x 1 CGs, 4915300 bytes)...
[M::mem_process_seqs_merge2] CPE FASTQ formatting done
slave pre done
now n is 25868
processed 25868
[M::mem_process_seqs_merge2] Processed 25868 reads in 0.670 CPU sec, 1.947 real sec
[M::process] read chunk (19660800 bytes/CG x 1 CGs, 4915300 bytes)...
slave pre done
now n is 25870
processed 25870
[M::mem_process_seqs_merge2] Processed 25870 reads in 0.720 CPU sec, 2.061 real sec
[M::mem_process_seqs_merge2] CPE FASTQ formatting done
[M::process] read chunk (19660800 bytes/CG x 1 CGs, 4914920 bytes)...
[M::mem_process_seqs_merge2] CPE FASTQ formatting done
slave pre done
now n is 25870
processed 25870
[M::mem_process_seqs_merge2] Processed 25870 reads in 0.670 CPU sec, 1.902 real sec
[M::process] read chunk (19660800 bytes/CG x 1 CGs, 4915300 bytes)...
[M::mem_process_seqs_merge2] CPE FASTQ formatting done
slave pre done
now n is 25868
processed 25868
[M::mem_process_seqs_merge2] Processed 25868 reads in 0.960 CPU sec, 2.371 real sec
[M::process] read chunk (19660800 bytes/CG x 1 CGs, 4915300 bytes)...
[M::mem_process_seqs_merge2] CPE FASTQ formatting done
slave pre done
now n is 25870
processed 25870
[M::mem_process_seqs_merge2] Processed 25870 reads in 0.880 CPU sec, 2.013 real sec
[M::process] read chunk (19660800 bytes/CG x 1 CGs, 4915300 bytes)...
[M::mem_process_seqs_merge2] CPE FASTQ formatting done
slave pre done
now n is 25870
processed 25870
[M::mem_process_seqs_merge2] Processed 25870 reads in 0.890 CPU sec, 2.053 real sec
[M::process] read chunk (19660800 bytes/CG x 1 CGs, 1021064 bytes)...
[M::mem_process_seqs_merge2] CPE FASTQ formatting done
slave pre done
now n is 25868
processed 25868
[M::mem_process_seqs_merge2] Processed 25868 reads in 0.740 CPU sec, 1.946 real sec
slave pre done
now n is 25870
processed 25870
[M::mem_process_seqs_merge2] Processed 25870 reads in 0.570 CPU sec, 2.159 real sec
[MPI rank 000001/000006] input work: chunks=42 records=1670788 bytes=634060584
[MPI rank 000000/000006] input work: chunks=42 records=1671465 bytes=634061032
slave pre done
now n is 5374
processed 5374
[M::mem_process_seqs_merge2] Processed 5374 reads in 0.160 CPU sec, 1.136 real sec
slave pre done
now n is 25870
processed 25870
[M::mem_process_seqs_merge2] Processed 25870 reads in 0.790 CPU sec, 2.176 real sec
[MPI rank 000004/000006] input work: chunks=43 records=1672918 bytes=635081372
[MPI rank 000003/000006] input work: chunks=42 records=1670232 bytes=634060692
slave pre done
now n is 25870
processed 25870
[M::mem_process_seqs_merge2] Processed 25870 reads in 0.720 CPU sec, 2.079 real sec
[MPI rank 000005/000006] input work: chunks=43 records=1644363 bytes=624230464
slave pre done
now n is 25870
processed 25870
[M::mem_process_seqs_merge2] Processed 25870 reads in 0.630 CPU sec, 1.959 real sec
[MPI rank 000002/000006] input work: chunks=42 records=1670234 bytes=634061444

================ MPI Dynamic Scheduler Debug =================
  MPI rank: 000000 / 000006

  Work summary
    claimed chunks                                         42
    claimed from this rank's queue                         42
    claimed from another rank's queue                       0
    completed FASTQ records                           1671465
    claimed input bytes                             634061032

  Scheduler counters
    scheduler_next calls                                   43
    RMA ticket attempts                                    48
    attempts against another rank's queue                   5
    tickets beyond the final chunk                          6
    empty aligned chunks                                    0

  Scheduler timing
    MPI_Win_create (setup)                       0.000177 s  (1 calls,   176.552 us/call)
    MPI_Barrier after setup                      0.000010 s  (1 calls,    10.300 us/call)
    scheduler_next total                         0.137547 s  (43 calls,  3198.773 us/call)
      RMA ticket path total                        0.137387 s  (48 calls,  2862.219 us/call)
        MPI_Win_lock                                 0.000624 s  (48 calls,    13.006 us/call)
        MPI_Fetch_and_op                             0.000218 s  (48 calls,     4.532 us/call)
        MPI_Win_unlock                               0.136470 s  (48 calls,  2843.126 us/call)
        RMA call overhead (derived)                  0.000075 s  (48 calls,     1.554 us/call)
      align nominal offsets to FASTQ records       0.000042 s  (42 calls,     1.004 us/call)
      scheduler loop/bookkeeping (derived)         0.000119 s  (43 calls,     2.758 us/call)

  Scheduler teardown timing
    MPI_Barrier (wait for other ranks)           0.966999 s  (1 calls, 966998.796 us/call)
    MPI_Win_free                                 0.000048 s  (1 calls,    47.950 us/call)

  Stage 2 by chunk
    completed chunks                                       42
    accumulated stage 2                            231.374294 s
    average stage 2 per chunk                        5.508912 s
    slowest chunk                                           0
    slowest chunk stage 2                           10.273796 s

    order   chunk  queue        byte range                       bytes      records   stage2(s)
        0       0      0  [           0,     19661160)     19661160        52972   10.273796
        1       6      0  [   117965124,    137625788)     19660664        52289    6.612834
        2      12      0  [   235929860,    255590524)     19660664        52289    6.922853
        3      18      0  [   353894596,    373555260)     19660664        52289    6.746695
        4      24      0  [   471859364,    491520184)     19660820        51739    6.759825
        5      30      0  [   589824284,    609485104)     19660820        51739    6.635607
        6      36      0  [   707788824,    727449644)     19660820        51739    7.177709
        7      42      0  [   825753744,    845414564)     19660820        51739    6.909022
        8      48      0  [   943718664,    963379484)     19660820        51739    7.008939
        9      54      0  [  1061683204,   1081344024)     19660820        51739    7.536922
       10      60      0  [  1179648124,   1199308944)     19660820        51739    7.413058
       11      66      0  [  1297613044,   1317273864)     19660820        51739    6.997769
       12      72      0  [  1415577964,   1435238404)     19660440        51738    6.873507
       13      78      0  [  1533542504,   1553203324)     19660820        51739    6.824236
       14      84      0  [  1651507424,   1671168244)     19660820        51739    6.993139
       15      90      0  [  1769472344,   1789133164)     19660820        51739    6.799282
       16      96      0  [  1887436884,   1907097704)     19660820        51739    7.061871
       17     102      0  [  2005401804,   2025062624)     19660820        51739    6.748063
       18     108      0  [  2123366724,   2143027544)     19660820        51739    6.742338
       19     114      0  [  2241331264,   2260992084)     19660820        51739    7.138529
       20     120      0  [  2359296184,   2378957004)     19660820        51739    7.069848
       21     126      0  [  2477261104,   2496921924)     19660820        51739    6.900382
       22     132      0  [  2595225644,   2614886464)     19660820        51739    6.913672
       23     138      0  [  2713190564,   2732851384)     19660820        51739    7.164385
       24     144      0  [  2831155484,   2850816304)     19660820        51739    6.606967
       25     150      0  [  2949120024,   2968780844)     19660820        51739    6.800190
       26     156      0  [  3067084944,   3086745764)     19660820        51739    6.754200
       27     162      0  [  3185049864,   3204710684)     19660820        51739    6.712526
       28     168      0  [  3303014404,   3322675224)     19660820        51739    6.940357
       29     174      0  [  3406233804,   3411149104)      4915300        12935    2.189959
       30     180      0  [  3435724844,   3440640144)      4915300        12935    2.209869
       31     186      0  [  3465216264,   3470131564)      4915300        12935    2.281753
       32     192      0  [  3494707304,   3499622604)      4915300        12935    1.884071
       33     198      0  [  3524198724,   3529113644)      4914920        12934    2.123993
       34     204      0  [  3553689764,   3558605064)      4915300        12935    2.078836
       35     210      0  [  3583180804,   3588096104)      4915300        12935    2.542489
       36     216      0  [  3612672224,   3617587524)      4915300        12935    1.955677
       37     222      0  [  3642163264,   3647078564)      4915300        12935    1.959380
       38     228      0  [  3671654684,   3676569604)      4914920        12934    1.865555
       39     234      0  [  3701145724,   3706061024)      4915300        12935    2.137248
       40     240      0  [  3730637144,   3735552064)      4914920        12934    1.947777
       41     246      0  [  3760128184,   3765043484)      4915300        12935    2.159166
==============================================================


================ MPI Dynamic Scheduler Debug =================
  MPI rank: 000001 / 000006

  Work summary
    claimed chunks                                         42
    claimed from this rank's queue                         42
    claimed from another rank's queue                       0
    completed FASTQ records                           1670788
    claimed input bytes                             634060584

  Scheduler counters
    scheduler_next calls                                   43
    RMA ticket attempts                                    48
    attempts against another rank's queue                   5
    tickets beyond the final chunk                          6
    empty aligned chunks                                    0

  Scheduler timing
    MPI_Win_create (setup)                       0.000196 s  (1 calls,   195.702 us/call)
    MPI_Barrier after setup                      0.000011 s  (1 calls,    10.700 us/call)
    scheduler_next total                         0.117201 s  (43 calls,  2725.600 us/call)
      RMA ticket path total                        0.117043 s  (48 calls,  2438.404 us/call)
        MPI_Win_lock                                 0.000275 s  (48 calls,     5.739 us/call)
        MPI_Fetch_and_op                             0.000222 s  (48 calls,     4.634 us/call)
        MPI_Win_unlock                               0.116459 s  (48 calls,  2426.230 us/call)
        RMA call overhead (derived)                  0.000086 s  (48 calls,     1.801 us/call)
      align nominal offsets to FASTQ records       0.000043 s  (42 calls,     1.034 us/call)
      scheduler loop/bookkeeping (derived)         0.000114 s  (43 calls,     2.650 us/call)

  Scheduler teardown timing
    MPI_Barrier (wait for other ranks)           1.026908 s  (1 calls, 1026908.184 us/call)
    MPI_Win_free                                 0.000071 s  (1 calls,    71.201 us/call)

  Stage 2 by chunk
    completed chunks                                       42
    accumulated stage 2                            226.094579 s
    average stage 2 per chunk                        5.383204 s
    slowest chunk                                           1
    slowest chunk stage 2                            8.510036 s

    order   chunk  queue        byte range                       bytes      records   stage2(s)
        0       1      1  [    19661160,     39321716)     19660556        52789    8.510036
        1       7      1  [   137625788,    157286452)     19660664        52289    7.009693
        2      13      1  [   255590524,    275251564)     19661040        52290    7.009281
        3      19      1  [   373555260,    393216084)     19660824        51795    6.701674
        4      25      1  [   491520184,    511181004)     19660820        51739    6.674810
        5      31      1  [   609485104,    629145924)     19660820        51739    7.575237
        6      37      1  [   727449644,    747110464)     19660820        51739    6.783511
        7      43      1  [   845414564,    865075384)     19660820        51739    7.019707
        8      49      1  [   963379484,    983040304)     19660820        51739    6.740724
        9      55      1  [  1081344024,   1101004844)     19660820        51739    7.087135
       10      61      1  [  1199308944,   1218969764)     19660820        51739    6.839629
       11      67      1  [  1317273864,   1336934684)     19660820        51739    6.682647
       12      73      1  [  1435238404,   1454899224)     19660820        51739    6.800034
       13      79      1  [  1553203324,   1572864144)     19660820        51739    6.796804
       14      85      1  [  1671168244,   1690829064)     19660820        51739    6.780021
       15      91      1  [  1789133164,   1808793604)     19660440        51738    6.923084
       16      97      1  [  1907097704,   1926758524)     19660820        51739    6.673874
       17     103      1  [  2025062624,   2044723444)     19660820        51739    7.030671
       18     109      1  [  2143027544,   2162688364)     19660820        51739    6.945963
       19     115      1  [  2260992084,   2280652904)     19660820        51739    6.709184
       20     121      1  [  2378957004,   2398617824)     19660820        51739    6.865397
       21     127      1  [  2496921924,   2516582744)     19660820        51739    6.738811
       22     133      1  [  2614886464,   2634547284)     19660820        51739    6.507864
       23     139      1  [  2732851384,   2752512204)     19660820        51739    7.189599
       24     145      1  [  2850816304,   2870477124)     19660820        51739    7.244313
       25     151      1  [  2968780844,   2988441664)     19660820        51739    6.834823
       26     157      1  [  3086745764,   3106406584)     19660820        51739    6.746572
       27     163      1  [  3204710684,   3224371504)     19660820        51739    6.824686
       28     169      1  [  3322675224,   3342336044)     19660820        51739    6.724255
       29     175      1  [  3411149104,   3416064024)      4914920        12934    1.891093
       30     181      1  [  3440640144,   3445555444)      4915300        12935    1.985430
       31     187      1  [  3470131564,   3475046484)      4914920        12934    1.816336
       32     193      1  [  3499622604,   3504537904)      4915300        12935    1.806441
       33     199      1  [  3529113644,   3534028944)      4915300        12935    1.790906
       34     205      1  [  3558605064,   3563520364)      4915300        12935    1.839759
       35     211      1  [  3588096104,   3593011404)      4915300        12935    2.117075
       36     217      1  [  3617587524,   3622502444)      4914920        12934    1.982121
       37     223      1  [  3647078564,   3651993864)      4915300        12935    1.828519
       38     229      1  [  3676569604,   3681484904)      4915300        12935    2.068747
       39     235      1  [  3706061024,   3710976324)      4915300        12935    1.990319
       40     241      1  [  3735552064,   3740467364)      4915300        12935    2.061298
       41     247      1  [  3765043484,   3769958404)      4914920        12934    1.946496
==============================================================


================ MPI Dynamic Scheduler Debug =================
  MPI rank: 000002 / 000006

  Work summary
    claimed chunks                                         42
    claimed from this rank's queue                         42
    claimed from another rank's queue                       0
    completed FASTQ records                           1670234
    claimed input bytes                             634061444

  Scheduler counters
    scheduler_next calls                                   43
    RMA ticket attempts                                    48
    attempts against another rank's queue                   5
    tickets beyond the final chunk                          6
    empty aligned chunks                                    0

  Scheduler timing
    MPI_Win_create (setup)                       0.000337 s  (1 calls,   336.703 us/call)
    MPI_Barrier after setup                      0.000011 s  (1 calls,    10.900 us/call)[SWBWA output hash rank 000000/000006] calls=3342930 bytes=1409877231 sum=0x773b09255f7d099c xor=0xed424339c6b1790a
[SWBWA output hash rank 000001/000006] calls=3341576 bytes=1409236088 sum=0x8500e7499250f28c xor=0x47b3a9157b4b6f66

    scheduler_next total                         0.001353 s  (43 calls,    31.465 us/call)
      RMA ticket path total                        0.001190 s  (48 calls,    24.798 us/call)
        MPI_Win_lock                                 0.000274 s  (48 calls,     5.702 us/call)
        MPI_Fetch_and_op                             0.000218 s  (48 calls,     4.551 us/call)
        MPI_Win_unlock                               0.000608 s  (48 calls,    12.665 us/call)
        RMA call overhead (derived)                  0.000090 s  (48 calls,     1.880 us/call)
      align nominal offsets to FASTQ records       0.000044 s  (42 calls,     1.048 us/call)
      scheduler loop/bookkeeping (derived)         0.000119 s  (43 calls,     2.760 us/call)

  Scheduler teardown timing
    MPI_Barrier (wait for other ranks)           0.000032 s  (1 calls,    31.600 us/call)
    MPI_Win_free                                 0.000059 s  (1 calls,    58.951 us/call)

  Stage 2 by chunk
    completed chunks                                       42
    accumulated stage 2                            232.130729 s
    average stage 2 per chunk                        5.526922 s
    slowest chunk                                           2
    slowest chunk stage 2                            8.948543 s

    order   chunk  queue        byte range                       bytes      records   stage2(s)
        0       2      2  [    39321716,     58982756)     19661040        52290    8.948543
        1       8      2  [   157286452,    176947492)     19661040        52290    6.688641
        2      14      2  [   275251564,    294912228)     19660664        52289    6.930715
        3      20      2  [   393216084,    412876904)     19660820        51739    7.042080
        4      26      2  [   511181004,    530841824)     19660820        51739    6.744707
        5      32      2  [   629145924,    648806744)     19660820        51739    6.491469
        6      38      2  [   747110464,    766771284)     19660820        51739    7.022431
        7      44      2  [   865075384,    884736204)     19660820        51739    6.536434
        8      50      2  [   983040304,   1002701124)     19660820        51739    7.667006
        9      56      2  [  1101004844,   1120665664)     19660820        51739    7.033634
       10      62      2  [  1218969764,   1238630584)     19660820        51739    6.702652
       11      68      2  [  1336934684,   1356595504)     19660820        51739    7.507365
       12      74      2  [  1454899224,   1474560044)     19660820        51739    7.134474
       13      80      2  [  1572864144,   1592524964)     19660820        51739    7.147583
       14      86      2  [  1690829064,   1710489884)     19660820        51739    6.487503
       15      92      2  [  1808793604,   1828454424)     19660820        51739    7.313522
       16      98      2  [  1926758524,   1946419344)     19660820        51739    7.064274
       17     104      2  [  2044723444,   2064384264)     19660820        51739    7.142164
       18     110      2  [  2162688364,   2182348804)     19660440        51738    7.218667
       19     116      2  [  2280652904,   2300313724)     19660820        51739    6.994677
       20     122      2  [  2398617824,   2418278644)     19660820        51739    6.996254
       21     128      2  [  2516582744,   2536243564)     19660820        51739    7.419481
       22     134      2  [  2634547284,   2654208104)     19660820        51739    7.151652
       23     140      2  [  2752512204,   2772173024)     19660820        51739    6.681218
       24     146      2  [  2870477124,   2890137944)     19660820        51739    7.017571
       25     152      2  [  2988441664,   3008102484)     19660820        51739    7.772288
       26     158      2  [  3106406584,   3126067404)     19660820        51739    7.353586
       27     164      2  [  3224371504,   3244032324)     19660820        51739    7.413338
       28     170      2  [  3342336044,   33619
================ MPI Dynamic Scheduler Debug =================
  MPI rank: 000003 / 000006

  Work summary
    claimed chunks                                         42
    claimed from this rank's queue                         42
    claimed from another rank's queue                       0
    completed FASTQ records                           1670232
    claimed input bytes                             634060692

  Scheduler counters
    scheduler_next calls                                   43
    RMA ticket attempts                                    48
    attempts against another rank's queue                   5
    tickets beyond the final chunk                          6
    empty aligned chunks                                    0

  Scheduler timing
    MPI_Win_create (setup)                       0.000316 s  (1 calls,   315.803 us/call)
    MPI_Barrier after setup                      0.000013 s  (1 calls,    13.500 us/call)
    scheduler_next total                         0.056819 s  (43 calls,  1321.382 us/call)
      RMA ticket path total                        0.056658 s  (48 calls,  1180.376 us/call)
        MPI_Win_lock                                 0.000273 s  (48 calls,     5.687 us/call)
        MPI_Fetch_and_op                             0.000226 s  (48 calls,     4.699 us/call)
        MPI_Win_unlock                               0.056069 s  (48 calls,  1168.094 us/call)
        RMA call overhead (derived)                  0.000091 s  (48 calls,     1.897 us/call)
      align nominal offsets to FASTQ records       0.000045 s  (42 calls,     1.074 us/call)
      scheduler loop/bookkeeping (derived)         0.000116 s  (43 calls,     2.704 us/call)

  Scheduler teardown timing
    MPI_Barrier (wait for other ranks)           0.459134 s  (1 calls, 459133.868 us/call)
    MPI_Win_free                                 0.000069 s  (1 calls,    69.001 us/call)

  Stage 2 by chunk
    completed chunks                                       42
    accumulated stage 2                            227.680756 s
    average stage 2 per chunk                        5.420970 s
    slowest chunk                                           3
    slowest chunk stage 2                            8.348809 s

    order   chunk  queue        byte range                       bytes      records   stage2(s)
        0       3      3  [    58982756,     78643420)     19660664        52289    8.348809
        1       9      3  [   176947492,    196608156)     19660664        52289    6.853726
        2      15      3  [   294912228,    314572892)     19660664        52289    6.625104
        3      21      3  [   412876904,    432537724)     19660820        51739    6.537980
        4      27      3  [   530841824,    550502644)     19660820        51739    6.907874
        5      33      3  [   648806744,    668467564)     19660820        51739    6.918518
        6      39      3  [   766771284,    786432104)     19660820        51739    7.212874
        7      45      3  [   884736204,    904397024)     19660820        51739    6.681380
        8      51      3  [  1002701124,   1022361944)     19660820        51739    6.760267
        9      57      3  [  1120665664,   1140326484)     19660820        51739    6.885449
       10      63      3  [  1238630584,   1258291404)     19660820        51739    7.390744
       11      69      3  [  1356595504,   1376256324)     19660820        51739    6.831575
       12      75      3  [  1474560044,   1494220864)     19660820        51739    6.799229
       13      81      3  [  1592524964,   1612185784)     19660820        51739    6.732158
       14      87      3  [  1710489884,   1730150704)     19660820        51739    6.851161
       15      93      3  [  1828454424,   1848115244)     19660820        51739    7.203145
       16      99      3  [  1946419344,   1966080164)     19660820        51739    6.880771
       17     105      3  [  2064384264,   2084045084)     19660820        51739    7.040521
       18     111 96864)     19660820        51739    7.152413
       29     176      2  [  3416064024,   3420979324)      4915300        12935    1.951933
       30     182      2  [  3445555444,   3450470744)      4915300        12935    1.954851
       31     188      2  [  3475046484,   3479961784)      4915300        12935    1.854094
       32     194      2  [  3504537904,   3509452824)      4914920        12934    1.825215
       33     200      2  [  3534028944,   3538944244)      4915300        12935    1.784467
       34     206      2  [  3563520364,   3568435284)      4914920        12934    1.916700
       35     212      2  [  3593011404,   3597926704)      4915300        12935    1.977765
       36     218      2  [  3622502444,   3627417744)      4915300        12935    2.124411
       37     224      2  [  3651993864,   3656909164)      4915300        12935    2.033600
       38     230      2  [  3681484904,   3686400204)      4915300        12935    2.074189
       39     236      2  [  3710976324,   3715891244)      4914920        12934    1.884589
       40     242      2  [  3740467364,   3745382664)      4915300        12935    2.012646
       41     248      2  [  3769958404,   3774873704)      4915300        12935    1.959926
==============================================================

[SWBWA output hash rank 000002/000006] calls=3340468 bytes=1408697473 sum=0x73f6cf3b7fe123b2 xor=0x49717d6051da027c
     3  [  2182348804,   2202009624)     19660820        51739    6.690841
       19     117      3  [  2300313724,   2319974544)     19660820        51739    6.660396
       20     123      3  [  2418278644,   2437939464)     19660820        51739    7.115697
       21     129      3  [  2536243564,   2555904004)     19660440        51738    6.965214
       22     135      3  [  2654208104,   2673868924)     19660820        51739    7.583783
       23     141      3  [  2772173024,   2791833844)     19660820        51739    6.921358
       24     147      3  [  2890137944,   2909798764)     19660820        51739    6.718300
       25     153      3  [  3008102484,   3027763304)     19660820        51739    6.986944
       26     159      3  [  3126067404,   3145728224)     19660820        51739    6.848335
       27     165      3  [  3244032324,   3263693144)     19660820        51739    6.917304
       28     171      3  [  3361996864,   3381657684)     19660820        51739    6.882197
       29     177      3  [  3420979324,   3425894624)      4915300        12935    1.955860
       30     183      3  [  3450470744,   3455385664)      4914920        12934    2.192818
       31     189      3  [  3479961784,   3484877084)      4915300        12935    1.789796
       32     195      3  [  3509452824,   3514368124)      4915300        12935    1.914310
       33     201      3  [  3538944244,   3543859544)      4915300        12935    1.990392
       34     207      3  [  3568435284,   3573350584)      4915300        12935    2.217867
       35     213      3  [  3597926704,   3602841624)      4914920        12934    1.928298
       36     219      3  [  3627417744,   3632333044)      4915300        12935    1.831041
       37     225      3  [  3656909164,   3661824084)      4914920        12934    1.840751
       38     231      3  [  3686400204,   3691315504)      4915300        12935    2.165938
       39     237      3  [  3715891244,   3720806544)      4915300        12935    2.022733
       40     243      3  [  3745382664,   3750297964)      4915300        12935    1.902328
       41     249      3  [  3774873704,   3779789004)      4915300        12935    2.176969
==============================================================

[SWBWA output hash rank 000003/000006] calls=3340464 bytes=1408616936 sum=0x21ee37825be31765 xor=0xa9dd72fa9cbc3d3b

================ MPI Dynamic Scheduler Debug =================
  MPI rank: 000004 / 000006

  Work summary
    claimed chunks                                         43
    claimed from this rank's queue                         42
    claimed from another rank's queue                       1
    completed FASTQ records                           1672918
    claimed input bytes                             635081372

  Scheduler counters
    scheduler_next calls                                   44
    RMA ticket attempts                                    52
    attempts against another rank's queue                   8
    tickets beyond the final chunk                          9
    empty aligned chunks                                    0

  Scheduler timing
    MPI_Win_create (setup)                       0.000371 s  (1 calls,   371.053 us/call)
    MPI_Barrier after setup                      0.000011 s  (1 calls,    10.750 us/call)
    scheduler_next total                         0.165115 s  (44 calls,  3752.609 us/call)
      RMA ticket path total                        0.164949 s  (52 calls,  3172.105 us/call)
        MPI_Win_lock                                 0.000273 s  (52 calls,     5.252 us/call)
        MPI_Fetch_and_op                             0.000321 s  (52 calls,     6.171 us/call)
        MPI_Win_unlock                               0.164255 s  (52 calls,  3158.743 us/call)
        RMA call overhead (derived)                  0.000101 s  (52 calls,     1.938 us/call)
      align nominal offsets to FASTQ records       0.000047 s  (43 calls,     1.094 us/call)
      scheduler loop/bookkeeping (derived)         0.000118 s  (44 calls,     2.689 us/call)

  Scheduler teardown timing
    MPI_Barrier (wait for other ranks)           0.567379 s  (1 calls, 567379.163 us/call)
    MPI_Win_free                                 0.000065 s  (1 calls,    65.151 us/call)

  Stage 2 by chunk
    completed chunks                                       43
    accumulated stage 2                            227.452473 s
    average stage 2 per chunk                        5.289592 s
    slowest chunk                                           4
    slowest chunk stage 2                            8.404210 s

    order   chunk  queue        byte range                       bytes      records   stage2(s)
        0       4      4  [    78643420,     98304084)     19660664        52289    8.404210
        1      10      4  [   196608156,    216268820)     19660664        52289    7.073460
        2      16      4  [   314572892,    334233932)     19661040        52290    6.849097
        3      22      4  [   432537724,    452198544)     19660820        51739    6.772872
        4      28      4  [   550502644,    570163464)     19660820        51739    6.617658
        5      34      4  [   668467564,    688128004)     19660440        51738    6.998181
        6      40      4  [   786432104,    806092924)     19660820        51739    6.793740
        7      46      4  [   904397024,    924057844)     19660820        51739    7.012343
        8      52      4  [  1022361944,   1042022764)     19660820        51739    7.012315
        9      58      4  [  1140326484,   1159987304)     19660820        51739    7.176697
       10      64      4  [  1258291404,   1277952224)     19660820        51739    6.887083
       11      70      4  [  1376256324,   1395917144)     19660820        51739    6.785253
       12      76      4  [  1494220864,   1513881684)     19660820        51739    6.816868
       13      82      4  [  1612185784,   1631846604)     19660820        51739    6.867661
       14      88      4  [  1730150704,   1749811524)     19660820        51739    6.517832
       15      94      4  [  1848115244,   1867776064)     19660820        51739    6.733484
       16     100      4  [  1966080164,   1985740984)     19660820        51739    6.875426
       17     106      4  [  2084045084,   2103705904)     19660820        51739    6.661761
       18     112 
================ MPI Dynamic Scheduler Debug =================
  MPI rank: 000005 / 000006

  Work summary
    claimed chunks                                         43
    claimed from this rank's queue                         42
    claimed from another rank's queue                       1
    completed FASTQ records                           1644363
    claimed input bytes                             624230464

  Scheduler counters
    scheduler_next calls                                   44
    RMA ticket attempts                                    50
    attempts against another rank's queue                   6
    tickets beyond the final chunk                          7
    empty aligned chunks                                    0

  Scheduler timing
    MPI_Win_create (setup)                       0.000418 s  (1 calls,   418.254 us/call)
    MPI_Barrier after setup                      0.000012 s  (1 calls,    12.200 us/call)
    scheduler_next total                         0.053333 s  (44 calls,  1212.120 us/call)
      RMA ticket path total                        0.053169 s  (50 calls,  1063.373 us/call)
        MPI_Win_lock                                 0.000278 s  (50 calls,     5.567 us/call)
        MPI_Fetch_and_op                             0.000299 s  (50 calls,     5.987 us/call)
        MPI_Win_unlock                               0.052497 s  (50 calls,  1049.932 us/call)
        RMA call overhead (derived)                  0.000094 s  (50 calls,     1.887 us/call)
      align nominal offsets to FASTQ records       0.000043 s  (43 calls,     1.012 us/call)
      scheduler loop/bookkeeping (derived)         0.000121 s  (44 calls,     2.753 us/call)

  Scheduler teardown timing
    MPI_Barrier (wait for other ranks)           0.099100 s  (1 calls, 99100.127 us/call)
    MPI_Win_free                                 0.000067 s  (1 calls,    66.901 us/call)

  Stage 2 by chunk
    completed chunks                                       43
    accumulated stage 2                            227.369576 s
    average stage 2 per chunk                        5.287665 s
    slowest chunk                                           5
    slowest chunk stage 2                            8.237354 s

    order   chunk  queue        byte range                       bytes      records   stage2(s)
        0       5      5  [    98304084,    117965124)     19661040        52290    8.237354
        1      11      5  [   216268820,    235929860)     19661040        52290    7.023888
        2      17      5  [   334233932,    353894596)     19660664        52289    7.113829
        3      23      5  [   452198544,    471859364)     19660820        51739    6.831882
        4      29      5  [   570163464,    589824284)     19660820        51739    7.127362
        5      35      5  [   688128004,    707788824)     19660820        51739    6.564660
        6      41      5  [   806092924,    825753744)     19660820        51739    6.968399
        7      47      5  [   924057844,    943718664)     19660820        51739    6.776695
        8      53      5  [  1042022764,   1061683204)     19660440        51738    7.558133
        9      59      5  [  1159987304,   1179648124)     19660820        51739    6.921178
       10      65      5  [  1277952224,   1297613044)     19660820        51739    7.772279
       11      71      5  [  1395917144,   1415577964)     19660820        51739    6.990005
       12      77      5  [  1513881684,   1533542504)     19660820        51739    6.955881
       13      83      5  [  1631846604,   1651507424)     19660820        51739    6.519769
       14      89      5  [  1749811524,   1769472344)     19660820        51739    6.909380
       15      95      5  [  1867776064,   1887436884)     19660820        51739    6.839174
       16     101      5  [  1985740984,   2005401804)     19660820        51739    6.770597
       17     107      5  [  2103705904,   2123366724)     19660820        51739    6.842408
       18     113       4  [  2202009624,   2221670444)     19660820        51739    6.778878
       19     118      4  [  2319974544,   2339635364)     19660820        51739    7.223323
       20     124      4  [  2437939464,   2457600284)     19660820        51739    7.184700
       21     130      4  [  2555904004,   2575564824)     19660820        51739    6.675212
       22     136      4  [  2673868924,   2693529744)     19660820        51739    6.769271
       23     142      4  [  2791833844,   2811494664)     19660820        51739    6.676936
       24     148      4  [  2909798764,   2929459204)     19660440        51738    6.807619
       25     154      4  [  3027763304,   3047424124)     19660820        51739    7.020271
       26     160      4  [  3145728224,   3165389044)     19660820        51739    6.787164
       27     166      4  [  3263693144,   3283353964)     19660820        51739    6.996163
       28     172      4  [  3381657684,   3401318504)     19660820        51739    6.799174
       29     178      4  [  3425894624,   3430809924)      4915300        12935    2.275091
       30     184      4  [  3455385664,   3460300964)      4915300        12935    2.093539
       31     190      4  [  3484877084,   3489792004)      4914920        12934    1.966461
       32     196      4  [  3514368124,   3519283424)      4915300        12935    1.767372
       33     202      4  [  3543859544,   3548774464)      4914920        12934    1.887920
       34     208      4  [  3573350584,   3578265884)      4915300        12935    1.890068
       35     214      4  [  3602841624,   3607756924)      4915300        12935    1.940603
       36     220      4  [  3632333044,   3637248344)      4915300        12935    2.140140
       37     226      4  [  3661824084,   3666739384)      4915300        12935    1.787968
       38     232      4  [  3691315504,   3696230424)      4914920        12934    1.876209
       39     238      4  [  3720806544,   3725721844)      4915300        12935    1.893461
       40     244      4  [  3750297964,   3755212884)      4914920        12934    2.168818
       41     250      4  [  3779789004,   3784704304)      4915300        12935    2.053285
       42     253      1  [  3794534524,   3795555588)      1021064         2687    1.136886
==============================================================

[SWBWA output hash rank 000004/000006] calls=3345836 bytes=1410905744 sum=0x00ade83bd918b465 xor=0x6aa299b664ec739d
    5  [  2221670444,   2241331264)     19660820        51739    6.967609
       19     119      5  [  2339635364,   2359296184)     19660820        51739    7.471371
       20     125      5  [  2457600284,   2477261104)     19660820        51739    7.030934
       21     131      5  [  2575564824,   2595225644)     19660820        51739    7.633569
       22     137      5  [  2693529744,   2713190564)     19660820        51739    6.836527
       23     143      5  [  2811494664,   2831155484)     19660820        51739    7.068914
       24     149      5  [  2929459204,   2949120024)     19660820        51739    6.900568
       25     155      5  [  3047424124,   3067084944)     19660820        51739    6.909382
       26     161      5  [  3165389044,   3185049864)     19660820        51739    7.249416
       27     167      5  [  3283353964,   3303014404)     19660440        51738    6.648903
       28     173      5  [  3401318504,   3406233804)      4915300        12935    2.005541
       29     179      5  [  3430809924,   3435724844)      4914920        12934    1.873274
       30     185      5  [  3460300964,   3465216264)      4915300        12935    1.670877
       31     191      5  [  3489792004,   3494707304)      4915300        12935    2.148585
       32     197      5  [  3519283424,   3524198724)      4915300        12935    1.985529
       33     203      5  [  3548774464,   3553689764)      4915300        12935    1.984699
       34     209      5  [  3578265884,   3583180804)      4914920        12934    1.847324
       35     215      5  [  3607756924,   3612672224)      4915300        12935    2.009421
       36     221      5  [  3637248344,   3642163264)      4914920        12934    1.810799
       37     227      5  [  3666739384,   3671654684)      4915300        12935    2.296205
       38     233      5  [  3696230424,   3701145724)      4915300        12935    2.018923
       39     239      5  [  3725721844,   3730637144)      4915300        12935    1.851383
       40     245      5  [  3755212884,   3760128184)      4915300        12935    1.976471
       41     251      5  [  3784704304,   3789619224)      4914920        12934    2.370674
       42     252      0  [  3789619224,   3794534524)      4915300        12935    2.079805
==============================================================

[SWBWA output hash rank 000005/000006] calls=3288726 bytes=1386991314 sum=0x5046855f87fc8eff xor=0x19514b9a6549d5f7

================ MPI Progress Thread Debug =================
  MPI rank: 000000 / 000006
  lifetime                                      260.543796 s
  MPI_Iprobe calls                                   26051
  MPI_Iprobe total                                0.271242 s
  MPI_Iprobe average                                10.412 us
  MPI_Iprobe maximum                              0.000177 s
  calls >= 1 ms                                          0
  calls >= 10 ms                                         0
  calls >= 100 ms                                        0
  calls >= 1 s                                           0
============================================================


================ SWBWA CPE/MPI Progress Debug ================
  MPI rank: 000000 / 000006

    phase                      waits     probes   total(s)    avg(us)    max(s)   >=1ms   >=10ms   >=100ms    >=1s  completed
    FASTQ formatting              42          0      0.000      0.000     0.000       0        0         0       0          0
    alignment and SAM length      42          0      0.000      0.000     0.000       0        0         0       0          0
    SAM record generation         42          0      0.000      0.000     0.000       0        0         0       0          0
    all CPE phases               126          0      0.000      0.000     0.000       0        0         0       0          0

  Probes marked 'completed' returned with the CPE completion
  flag set. Their full call duration bounds the possible delay.
    completion-observing probe total               0.000000 s
    slowest completion-observing probe             0.000000 s
==============================================================


======================= SWBWA Timing Report =======================
  MPI rank: 000000 / 000006
  Accumulated wall-clock time; indented rows are included in
  their parent row and must not be added to it.

  Pipeline
    total - complete three-stage pipeline                   260.545 s
    stage 1 - allocate and read raw FASTQ blocks             19.999 s
    stage 2 - align reads and generate SAM records          231.374 s
    stage 3 - write SAM and release batch data                8.187 s
      SAM output writes                                         6.914 s
      batch cleanup and loop overhead (derived)                 1.273 s

  Stage 1 input details
    batches completed / stage calls                      42 / 43
    input-buffer and batch allocations                        0.000 s  (127 calls, max 0.000 s)
    aggregate requested allocation bytes           1268210832
    FASTQ fseeko calls                                        0.783 s  (84 calls, max 0.053 s)
    FASTQ fread calls                                        19.065 s  (84 calls, max 0.698 s)
    align chunk ends to FASTQ record boundaries               0.000 s  (0 calls, max 0.000 s)
    scheduler, checks and bookkeeping (derived)               0.150 s
    raw FASTQ bytes read                           1268122064  (1209.375 MiB)
    effective fread bandwidth                         63.435 MiB/s
    slowest allocation                                 0.000 s  (4916324 bytes)
    slowest fread                                      0.698 s  (R2 offset=0, bytes=19661160)

  Stage 2 worker details
    total - active merge worker                             231.360 s
      part 1 - prepare CPE task and reusable buffers            1.079 s
      part 2 - CPE FASTQ formatting and input release           0.482 s
      part 3 - CPE alignment and SAM length pass              228.864 s
      part 4 - assign slices in the shared SAM buffer           0.250 s
      part 5 - CPE SAM record generation                        0.669 s
      part 6 - release temporary worker data                    0.003 s

  Reserved allocator timers (no active timing sites)
    malloc timer                                              0.000 s
    free timer                                                0.000 s
============
================ MPI Progress Thread Debug =================
  MPI rank: 000001 / 000006
  lifetime                                      260.546177 s
  MPI_Iprobe calls                                   26051
  MPI_Iprobe total                                0.227383 s
  MPI_Iprobe average                                 8.728 us
  MPI_Iprobe maximum                              0.000073 s
  calls >= 1 ms                                          0
  calls >= 10 ms                                         0
  calls >= 100 ms                                        0
  calls >= 1 s                                           0
============================================================


================ SWBWA CPE/MPI Progress Debug ================
  MPI rank: 000001 / 000006

    phase                      waits     probes   total(s)    avg(us)    max(s)   >=1ms   >=10ms   >=100ms    >=1s  completed
    FASTQ formatting              42          0      0.000      0.000     0.000       0        0         0       0          0
    alignment and SAM length      42          0      0.000      0.000     0.000       0        0         0       0          0
    SAM record generation         42          0      0.000      0.000     0.000       0        0         0       0          0
    all CPE phases               126          0      0.000      0.000     0.000       0        0         0       0          0

  Probes marked 'completed' returned with the CPE completion
  flag set. Their full call duration bounds the possible delay.
    completion-observing probe total               0.000000 s
    slowest completion-observing probe             0.000000 s
==============================================================


======================= SWBWA Timing Report =======================
  MPI rank: 000001 / 000006
  Accumulated wall-clock time; indented rows are included in
  their parent row and must not be added to it.

  Pipeline
    total - complete three-stage pipeline                   260.547 s
    stage 1 - allocate and read raw FASTQ blocks             25.761 s
    stage 2 - align reads and generate SAM records          226.095 s
    stage 3 - write SAM and release batch data                7.645 s
      SAM output writes                                         6.461 s
      batch cleanup and loop overhead (derived)                 1.184 s

  Stage 1 input details
    batches completed / stage calls                      42 / 43
    input-buffer and batch allocations                        0.000 s  (127 calls, max 0.000 s)
    aggregate requested allocation bytes           1268209936
    FASTQ fseeko calls                                        4.350 s  (84 calls, max 0.273 s)
    FASTQ fread calls                                        21.277 s  (84 calls, max 0.717 s)
    align chunk ends to FASTQ record boundaries               0.000 s  (0 calls, max 0.000 s)
    scheduler, checks and bookkeeping (derived)               0.133 s
    raw FASTQ bytes read                           1268121168  (1209.375 MiB)
    effective fread bandwidth                         56.839 MiB/s
    slowest allocation                                 0.000 s  (19661844 bytes)
    slowest fread                                      0.717 s  (R1 offset=19661160, bytes=19660556)

  Stage 2 worker details
    total - active merge worker                             226.077 s
      part 1 - prepare CPE task and reusable buffers            1.008 s
      part 2 - CPE FASTQ formatting and input release           0.496 s
      part 3 - CPE alignment and SAM length pass              223.657 s
      part 4 - assign slices in the shared SAM buffer           0.239 s
      part 5 - CPE SAM record generation                        0.657 s
      part 6 - release temporary worker data                    0.002 s

  Reserved allocator timers (no active timing sites)
    malloc timer                                              0.000 s
    free timer                                                0.000 s
====
================ MPI Progress Thread Debug =================
  MPI rank: 000002 / 000006
  lifetime                                      260.548341 s
  MPI_Iprobe calls                                   26041
  MPI_Iprobe total                                0.260546 s
  MPI_Iprobe average                                10.005 us
  MPI_Iprobe maximum                              0.000129 s
  calls >= 1 ms                                          0
  calls >= 10 ms                                         0
  calls >= 100 ms                                        0
  calls >= 1 s                                           0
============================================================


================ SWBWA CPE/MPI Progress Debug ================
  MPI rank: 000002 / 000006

    phase                      waits     probes   total(s)    avg(us)    max(s)   >=1ms   >=10ms   >=100ms    >=1s  completed
    FASTQ formatting              42          0      0.000      0.000     0.000       0        0         0       0          0
    alignment and SAM length      42          0      0.000      0.000     0.000       0        0         0       0          0
    SAM record generation         42          0      0.000      0.000     0.000       0        0         0       0          0
    all CPE phases               126          0      0.000      0.000     0.000       0        0         0       0          0

  Probes marked 'completed' returned with the CPE completion
  flag set. Their full call duration bounds the possible delay.
    completion-observing probe total               0.000000 s
    slowest completion-observing probe             0.000000 s
==============================================================


======================= SWBWA Timing Report =======================
  MPI rank: 000002 / 000006
  Accumulated wall-clock time; indented rows are included in
  their parent row and must not be added to it.

  Pipeline
    total - complete three-stage pipeline                   260.549 s
    stage 1 - allocate and read raw FASTQ blocks             20.131 s
    stage 2 - align reads and generate SAM records          232.131 s
    stage 3 - write SAM and release batch data                8.266 s
      SAM output writes                                         6.994 s
      batch cleanup and loop overhead (derived)                 1.272 s

  Stage 1 input details
    batches completed / stage calls                      42 / 43
    input-buffer and batch allocations                        0.000 s  (127 calls, max 0.000 s)
    aggregate requested allocation bytes           1268211656
    FASTQ fseeko calls                                        2.284 s  (84 calls, max 0.142 s)
    FASTQ fread calls                                        17.829 s  (84 calls, max 0.761 s)
    align chunk ends to FASTQ record boundaries               0.000 s  (0 calls, max 0.000 s)
    scheduler, checks and bookkeeping (derived)               0.018 s
    raw FASTQ bytes read                           1268122888  (1209.376 MiB)
    effective fread bandwidth                         67.834 MiB/s
    slowest allocation                                 0.000 s  (19662064 bytes)
    slowest fread                                      0.761 s  (R1 offset=39321716, bytes=19661040)

  Stage 2 worker details
    total - active merge worker                             232.115 s
      part 1 - prepare CPE task and reusable buffers            1.021 s
      part 2 - CPE FASTQ formatting and input release           0.484 s
      part 3 - CPE alignment and SAM length pass              229.771 s
      part 4 - assign slices in the shared SAM buffer           0.240 s
      part 5 - CPE SAM record generation                        0.583 s
      part 6 - release temporary worker data                    0.001 s

  Reserved allocator timers (no active timing sites)
    malloc timer                                              0.000 s
    free timer                                                0.000 s
===========================================================

===============================================================

===============================================================


================ MPI Progress Thread Debug =================
  MPI rank: 000003 / 000006
  lifetime                                      260.542898 s
  MPI_Iprobe calls                                   26050
  MPI_Iprobe total                                0.236430 s
  MPI_Iprobe average                                 9.076 us
  MPI_Iprobe maximum                              0.000095 s
  calls >= 1 ms                                          0
  calls >= 10 ms                                         0
  calls >= 100 ms                                        0
  calls >= 1 s                                           0
============================================================


================ SWBWA CPE/MPI Progress Debug ================
  MPI rank: 000003 / 000006

    phase                      waits     probes   total(s)    avg(us)    max(s)   >=1ms   >=10ms   >=100ms    >=1s  completed
    FASTQ formatting              42          0      0.000      0.000     0.000       0        0         0       0          0
    alignment and SAM length      42          0      0.000      0.000     0.000       0        0         0       0          0
    SAM record generation         42          0      0.000      0.000     0.000       0        0         0       0          0
    all CPE phases               126          0      0.000      0.000     0.000       0        0         0       0          0

  Probes marked 'completed' returned with the CPE completion
  flag set. Their full call duration bounds the possible delay.
    completion-observing probe total               0.000000 s
    slowest completion-observing probe             0.000000 s
==============================================================


======================= SWBWA Timing Report =======================
  MPI rank: 000003 / 000006
  Accumulated wall-clock time; indented rows are included in
  their parent row and must not be added to it.

  Pipeline
    total - complete three-stage pipeline                   260.543 s
    stage 1 - allocate and read raw FASTQ blocks             24.748 s
    stage 2 - align reads and generate SAM records          227.681 s
    stage 3 - write SAM and release batch data                7.639 s
      SAM output writes                                         6.473 s
      batch cleanup and loop overhead (derived)                 1.165 s

  Stage 1 input details
    batches completed / stage calls                      42 / 43
    input-buffer and batch allocations                        0.000 s  (127 calls, max 0.000 s)
    aggregate requested allocation bytes           1268210152
    FASTQ fseeko calls                                        5.403 s  (84 calls, max 0.132 s)
    FASTQ fread calls                                        19.271 s  (84 calls, max 0.699 s)
    align chunk ends to FASTQ record boundaries               0.000 s  (0 calls, max 0.000 s)
    scheduler, checks and bookkeeping (derived)               0.075 s
    raw FASTQ bytes read                           1268121384  (1209.375 MiB)
    effective fread bandwidth                         62.758 MiB/s
    slowest allocation                                 0.000 s  (19661844 bytes)
    slowest fread                                      0.699 s  (R2 offset=58982756, bytes=19660664)

  Stage 2 worker details
    total - active merge worker                             227.662 s
      part 1 - prepare CPE task and reusable buffers            1.024 s
      part 2 - CPE FASTQ formatting and input release           0.489 s
      part 3 - CPE alignment and SAM length pass              225.236 s
      part 4 - assign slices in the shared SAM buffer           0.248 s
      part 5 - CPE SAM record generation                        0.647 s
      part 6 - release temporary worker data                    0.001 s

  Reserved allocator timers (no active timing sites)
    malloc timer                                              0.000 s
    free timer                                                0.000 s
====
================ MPI Progress Thread Debug =================
  MPI rank: 000004 / 000006
  lifetime                                      260.539935 s
  MPI_Iprobe calls                                   26052
  MPI_Iprobe total                                0.295700 s
  MPI_Iprobe average                                11.350 us
  MPI_Iprobe maximum                              0.000268 s
  calls >= 1 ms                                          0
  calls >= 10 ms                                         0
  calls >= 100 ms                                        0
  calls >= 1 s                                           0
============================================================


================ SWBWA CPE/MPI Progress Debug ================
  MPI rank: 000004 / 000006

    phase                      waits     probes   total(s)    avg(us)    max(s)   >=1ms   >=10ms   >=100ms    >=1s  completed
    FASTQ formatting              43          0      0.000      0.000     0.000       0        0         0       0          0
    alignment and SAM length      43          0      0.000      0.000     0.000       0        0         0       0          0
    SAM record generation         43          0      0.000      0.000     0.000       0        0         0       0          0
    all CPE phases               129          0      0.000      0.000     0.000       0        0         0       0          0

  Probes marked 'completed' returned with the CPE completion
  flag set. Their full call duration bounds the possible delay.
    completion-observing probe total               0.000000 s
    slowest completion-observing probe             0.000000 s
==============================================================


======================= SWBWA Timing Report =======================
  MPI rank: 000004 / 000006
  Accumulated wall-clock time; indented rows are included in
  their parent row and must not be added to it.

  Pipeline
    total - complete three-stage pipeline                   260.540 s
    stage 1 - allocate and read raw FASTQ blocks             24.601 s
    stage 2 - align reads and generate SAM records          227.452 s
    stage 3 - write SAM and release batch data                7.907 s
      SAM output writes                                         6.673 s
      batch cleanup and loop overhead (derived)                 1.234 s

  Stage 1 input details
    batches completed / stage calls                      43 / 44
    input-buffer and batch allocations                        0.000 s  (130 calls, max 0.000 s)
    aggregate requested allocation bytes           1270253624
    FASTQ fseeko calls                                        4.158 s  (86 calls, max 0.145 s)
    FASTQ fread calls                                        20.258 s  (86 calls, max 0.708 s)
    align chunk ends to FASTQ record boundaries               0.000 s  (0 calls, max 0.000 s)
    scheduler, checks and bookkeeping (derived)               0.185 s
    raw FASTQ bytes read                           1270162744  (1211.322 MiB)
    effective fread bandwidth                         59.795 MiB/s
    slowest allocation                                 0.000 s  (19661844 bytes)
    slowest fread                                      0.708 s  (R1 offset=78643420, bytes=19660664)

  Stage 2 worker details
    total - active merge worker                             227.432 s
      part 1 - prepare CPE task and reusable buffers            1.053 s
      part 2 - CPE FASTQ formatting and input release           0.497 s
      part 3 - CPE alignment and SAM length pass              224.976 s
      part 4 - assign slices in the shared SAM buffer           0.250 s
      part 5 - CPE SAM record generation                        0.635 s
      part 6 - release temporary worker data                    0.001 s

  Reserved allocator timers (no active timing sites)
    malloc timer                                              0.000 s
    free timer                                                0.000 s
===================================================================

===============================================================


================ MPI Progress Thread Debug =================
  MPI rank: 000005 / 000006
  lifetime                                      260.540028 s
  MPI_Iprobe calls                                   26046
  MPI_Iprobe total                                0.238709 s
  MPI_Iprobe average                                 9.165 us
  MPI_Iprobe maximum                              0.000136 s
  calls >= 1 ms                                          0
  calls >= 10 ms                                         0
  calls >= 100 ms                                        0
  calls >= 1 s                                           0
============================================================


================ SWBWA CPE/MPI Progress Debug ================
  MPI rank: 000005 / 000006

    phase                      waits     probes   total(s)    avg(us)    max(s)   >=1ms   >=10ms   >=100ms    >=1s  completed
    FASTQ formatting              43          0      0.000      0.000     0.000       0        0         0       0          0
    alignment and SAM length      43          0      0.000      0.000     0.000       0        0         0       0          0
    SAM record generation         43          0      0.000      0.000     0.000       0        0         0       0          0
    all CPE phases               129          0      0.000      0.000     0.000       0        0         0       0          0

  Probes marked 'completed' returned with the CPE completion
  flag set. Their full call duration bounds the possible delay.
    completion-observing probe total               0.000000 s
    slowest completion-observing probe             0.000000 s
==============================================================


======================= SWBWA Timing Report =======================
  MPI rank: 000005 / 000006
  Accumulated wall-clock time; indented rows are included in
  their parent row and must not be added to it.

  Pipeline
    total - complete three-stage pipeline                   260.541 s
    stage 1 - allocate and read raw FASTQ blocks             25.221 s
    stage 2 - align reads and generate SAM records          227.370 s
    stage 3 - write SAM and release batch data                7.838 s
      SAM output writes                                         6.608 s
      batch cleanup and loop overhead (derived)                 1.230 s

  Stage 1 input details
    batches completed / stage calls                      43 / 44
    input-buffer and batch allocations                        0.000 s  (130 calls, max 0.000 s)
    aggregate requested allocation bytes           1248551808
    FASTQ fseeko calls                                        2.906 s  (86 calls, max 0.130 s)
    FASTQ fread calls                                        22.243 s  (86 calls, max 0.835 s)
    align chunk ends to FASTQ record boundaries               0.000 s  (0 calls, max 0.000 s)
    scheduler, checks and bookkeeping (derived)               0.072 s
    raw FASTQ bytes read                           1248460928  (1190.625 MiB)
    effective fread bandwidth                         53.529 MiB/s
    slowest allocation                                 0.000 s  (19661844 bytes)
    slowest fread                                      0.835 s  (R1 offset=98304084, bytes=19661040)

  Stage 2 worker details
    total - active merge worker                             227.352 s
      part 1 - prepare CPE task and reusable buffers            1.032 s
      part 2 - CPE FASTQ formatting and input release           0.489 s
      part 3 - CPE alignment and SAM length pass              224.908 s
      part 4 - assign slices in the shared SAM buffer           0.240 s
      part 5 - CPE SAM record generation                        0.657 s
      part 6 - release temporary worker data                    0.001 s

  Reserved allocator timers (no active timing sites)
    malloc timer                                              0.000 s
    free timer                                                0.000 s
===================================================================

[main] Version: 0.0.1
[main] CMD: ./SWBWA mem -v 4 -t 1 -1 -o correctness_results/mpi_discard_hash_stage2_std_20260824/small_SRR7963242_PE.run02.discard.sam -I 170,80,500,1 ../data/GRCh38.d1.vd1.fa ../data/bwa_test_big_data/small_SRR7963242_1.fastq ../data/bwa_test_big_data/small_SRR7963242_2.fastq
