[M::main_mem] mean insert size: 170.000, stddev: 80.000, max: 500, min: 1
[MPI input] mode=dynamic chunks=274 bytes_per_cg=19660800 cg_count=1 chunk_bytes=19660800 micro_chunk_bytes=4915200 fine_chunk_bytes=1228800 tail_percent=10 fine_tail_waves=2 file_bytes=3536060312 scheduler=distributed read_index=exact
malloc bwt->bwt 3107576584, 0x500008804020
malloc bwt->bwt 3107576584, 0x500008804020
malloc bwt->bwt 3107576584, 0x500008804020
malloc bwt->bwt 3107576584, 0x500008804020
malloc bwt->bwt 3107576584, 0x500008804020
malloc bwt->bwt 3107576584, 0x500008804020
malloc bwt->sa 1553788264, 0x5000c1ba1b40
malloc bwt->sa 1553788264, 0x5000c1ba1b40
malloc bwt->sa 1553788264, 0x5000c1ba1b40
malloc bwt->sa 1553788264, 0x5000c1ba1b40
malloc bwt->sa 1553788264, 0x5000c1ba1b40
malloc bwt->sa 1553788264, 0x5000c1ba1b40
[M::bwa_idx_load_from_disk] read 0 ALT contigs
[M::bwa_idx_load_from_disk] read 0 ALT contigs
[M::bwa_idx_load_from_disk] read 0 ALT contigs
[M::bwa_idx_load_from_disk] read 0 ALT contigs
[M::bwa_idx_load_from_disk] read 0 ALT contigs
[M::bwa_idx_load_from_disk] read 0 ALT contigs
malloc pac 776894131, 0x50011e5708c0
malloc pac 776894131, 0x50011e5708c0
malloc pac 776894131, 0x50011e5708c0
malloc pac 776894131, 0x50011e5708c0
malloc pac 776894131, 0x50011e5708c0
malloc pac 776894131, 0x50011e5708c0
the input file is ../data/bwa_test_big_data/SRR2496709_1.fastq
[MPI rank 000000/000006] output: bigdata_mpi_results/mpi_dynamic_split/has1/SRR2496709_SE.rank000000.sam
[MPI rank 000004/000006] output: bigdata_mpi_results/mpi_dynamic_split/has1/SRR2496709_SE.rank000004.sam
[MPI rank 000001/000006] output: bigdata_mpi_results/mpi_dynamic_split/has1/SRR2496709_SE.rank000001.sam
[MPI rank 000003/000006] output: bigdata_mpi_results/mpi_dynamic_split/has1/SRR2496709_SE.rank000003.sam
[MPI rank 000005/000006] output: bigdata_mpi_results/mpi_dynamic_split/has1/SRR2496709_SE.rank000005.sam
[MPI rank 000002/000006] output: bigdata_mpi_results/mpi_dynamic_split/has1/SRR2496709_SE.rank000002.sam
[M::process] read chunk (19660800 bytes/CG x 1 CGs, 19660888 bytes)...
[M::process] read chunk (19660800 bytes/CG x 1 CGs, 19660772 bytes)...
[M::process] read chunk (19660800 bytes/CG x 1 CGs, 19660860 bytes)...
[M::process] read chunk (19660800 bytes/CG x 1 CGs, 19660860 bytes)...
[M::process] read chunk (19660800 bytes/CG x 1 CGs, 19660860 bytes)...
[M::process] read chunk (19660800 bytes/CG x 1 CGs, 19660584 bytes)...
[M::mem_process_seqs_merge2] CPE FASTQ formatting done
[M::mem_process_seqs_merge2] CPE FASTQ formatting done
[M::mem_process_seqs_merge2] CPE FASTQ formatting done
[M::mem_process_seqs_merge2] CPE FASTQ formatting done
[M::mem_process_seqs_merge2] CPE FASTQ formatting done
[M::mem_process_seqs_merge2] CPE FASTQ formatting done
slave pre done
now n is 71235
slave pre done
now n is 72446
processed 71235
[M::mem_process_seqs_merge2] Processed 71235 reads in 0.020 CPU sec, 0.737 real sec
processed 72446
[M::mem_process_seqs_merge2] Processed 72446 reads in 0.020 CPU sec, 0.741 real sec
slave pre done
now n is 71634
processed 71634
[M::mem_process_seqs_merge2] Processed 71634 reads in 0.020 CPU sec, 0.622 real sec
slave pre done
now n is 71235
processed 71235
[M::mem_process_seqs_merge2] Processed 71235 reads in 0.010 CPU sec, 0.663 real sec
[M::process] read chunk (19660800 bytes/CG x 1 CGs, 19660584 bytes)...
[M::process] read chunk (19660800 bytes/CG x 1 CGs, 19660860 bytes)...
[M::process] read chunk (19660800 bytes/CG x 1 CGs, 19660860 bytes)...
[M::process] read chunk (19660800 bytes/CG x 1 CGs, 19660860 bytes)...
slave pre done
now n is 71235
processed 71235
[M::mem_process_seqs_merge2] Processed 71235 reads in 0.010 CPU sec, 0.819 real sec
slave pre done
now n is 71234
processed 71234
[M::mem_process_seqs_merge2] Processed 71234 reads in 0.020 CPU sec, 0.814 real sec
[M::process] read chunk (19660800 bytes/CG x 1 CGs, 19660860 bytes)...
[M::process] read chunk (19660800 bytes/CG x 1 CGs, 19660860 bytes)...
[M::mem_process_seqs_merge2] CPE FASTQ formatting done
[M::mem_process_seqs_merge2] CPE FASTQ formatting done
[M::mem_process_seqs_merge2] CPE FASTQ formatting done
[M::mem_process_seqs_merge2] CPE FASTQ formatting done
[M::mem_process_seqs_merge2] CPE FASTQ formatting done
[M::mem_process_seqs_merge2] CPE FASTQ formatting done
slave pre done
now n is 71234
processed 71234
[M::mem_process_seqs_merge2] Processed 71234 reads in 0.010 CPU sec, 0.645 real sec
slave pre done
now n is 71235
slave pre done
now n is 71235
processed 71235
[M::mem_process_seqs_merge2] Processed 71235 reads in 0.010 CPU sec, 0.674 real sec
[M::process] read chunk (19660800 bytes/CG x 1 CGs, 19660760 bytes)...
processed 71235
[M::mem_process_seqs_merge2] Processed 71235 reads in 0.030 CPU sec, 0.652 real sec
[M::process] read chunk (19660800 bytes/CG x 1 CGs, 19660760 bytes)...
slave pre done
now n is 71235
processed 71235
[M::mem_process_seqs_merge2] Processed 71235 reads in 0.010 CPU sec, 0.800 real sec
[M::process] read chunk (19660800 bytes/CG x 1 CGs, 19660760 bytes)...
slave pre done
now n is 71235
processed 71235
[M::mem_process_seqs_merge2] Processed 71235 reads in 0.010 CPU sec, 0.673 real sec
slave pre done
now n is 71235
[M::process] read chunk (19660800 bytes/CG x 1 CGs, 19660836 bytes)...
processed 71235
[M::mem_process_seqs_merge2] Processed 71235 reads in 0.010 CPU sec, 0.812 real sec
[M::process] read chunk (19660800 bytes/CG x 1 CGs, 19660860 bytes)...
[M::process] read chunk (19660800 bytes/CG x 1 CGs, 19660860 bytes)...
[M::mem_process_seqs_merge2] CPE FASTQ formatting done
[M::mem_process_seqs_merge2] CPE FASTQ formatting done
[M::mem_process_seqs_merge2] CPE FASTQ formatting done
[M::mem_process_seqs_merge2] CPE FASTQ formatting done
[M::mem_process_seqs_merge2] CPE FASTQ formatting done
[M::mem_process_seqs_merge2] CPE FASTQ formatting done
slave pre done
now n is 70217
slave pre done
now n is 70233
slave pre done
now n is 71235
processed 70217
[M::mem_process_seqs_merge2] Processed 70217 reads in 0.050 CPU sec, 0.870 real sec
slave pre done
now n is 70217
processed 70233
[M::mem_process_seqs_merge2] Processed 70233 reads in 0.020 CPU sec, 0.591 real sec
processed 70217
[M::mem_process_seqs_merge2] Processed 70217 reads in 0.010 CPU sec, 0.705 real sec
processed 71235
[M::mem_process_seqs_merge2] Processed 71235 reads in 0.020 CPU sec, 0.715 real sec
[M::process] read chunk (19660800 bytes/CG x 1 CGs, 19661040 bytes)...
[M::process] read chunk (19660800 bytes/CG x 1 CGs, 19660760 bytes)...
[M::process] read chunk (19660800 bytes/CG x 1 CGs, 19660760 bytes)...
[M::process] read chunk (19660800 bytes/CG x 1 CGs, 19660760 bytes)...
slave pre done
now n is 71235
processed 71235
[M::mem_process_seqs_merge2] Processed 71235 reads in 0.020 CPU sec, 0.824 real sec
[M::mem_process_seqs_merge2] CPE FASTQ formatting done
[M::mem_process_seqs_merge2] CPE FASTQ formatting done
[M::mem_process_seqs_merge2] CPE FASTQ formatting done
[M::mem_process_seqs_merge2] CPE FASTQ formatting done
slave pre done
now n is 70217
processed 70217
[M::mem_process_seqs_merge2] Processed 70217 reads in 0.080 CPU sec, 1.596 real sec
[M::process] read chunk (19660800 bytes/CG x 1 CGs, 19660760 bytes)...
slave pre done
now n is 70217
processed 70217
[M::mem_process_seqs_merge2] Processed 70217 reads in 0.040 CPU sec, 0.759 real sec
[M::mem_process_seqs_merge2] CPE FASTQ formatting done
slave pre done
now n is 70217
processed 70217
[M::mem_process_seqs_merge2] Processed 70217 reads in 0.010 CPU sec, 0.684 real sec
slave pre done
now n is 70217
processed 70217
[M::mem_process_seqs_merge2] Processed 70217 reads in 0.030 CPU sec, 0.788 real sec
slave pre done
now n is 70218
processed 70218
[M::mem_process_seqs_merge2] Processed 70218 reads in 0.010 CPU sec, 0.807 real sec
slave pre done
now n is 70217
processed 70217
[M::mem_process_seqs_merge2] Processed 70217 reads in 0.030 CPU sec, 0.685 real sec
[M::process] read chunk (19660800 bytes/CG x 1 CGs, 19660760 bytes)...
[M::mem_process_seqs_merge2] CPE FASTQ formatting done
slave pre done
now n is 70217
processed 70217
[M::mem_process_seqs_merge2] Processed 70217 reads in 0.020 CPU sec, 0.792 real sec
[M::process] read chunk (19660800 bytes/CG x 1 CGs, 19660760 bytes)...
[M::process] read chunk (19660800 bytes/CG x 1 CGs, 19660760 bytes)...
[M::mem_process_seqs_merge2] CPE FASTQ formatting done
[M::process] read chunk (19660800 bytes/CG x 1 CGs, 19660760 bytes)...
[M::process] read chunk (19660800 bytes/CG x 1 CGs, 19661040 bytes)...
[M::process] read chunk (19660800 bytes/CG x 1 CGs, 19660760 bytes)...
[M::mem_process_seqs_merge2] CPE FASTQ formatting done
[M::mem_process_seqs_merge2] CPE FASTQ formatting done
[M::mem_process_seqs_merge2] CPE FASTQ formatting done
[M::mem_process_seqs_merge2] CPE FASTQ formatting done
[M::process] read chunk (19660800 bytes/CG x 1 CGs, 19660760 bytes)...
[M::mem_process_seqs_merge2] CPE FASTQ formatting done
slave pre done
now n is 70217
processed 70217
[M::mem_process_seqs_merge2] Processed 70217 reads in 0.020 CPU sec, 0.669 real sec
slave pre done
now n is 70217
processed 70217
[M::mem_process_seqs_merge2] Processed 70217 reads in 0.030 CPU sec, 0.805 real sec
[M::process] read chunk (19660800 bytes/CG x 1 CGs, 19660760 bytes)...
[M::process] read chunk (19660800 bytes/CG x 1 CGs, 19660760 bytes)...
slave pre done
now n is 70218
processed 70218
[M::mem_process_seqs_merge2] Processed 70218 reads in 0.010 CPU sec, 0.733 real sec
[M::process] read chunk (19660800 bytes/CG x 1 CGs, 19661040 bytes)...
slave pre done
now n is 70217
processed 70217
[M::mem_process_seqs_merge2] Processed 70217 reads in 0.010 CPU sec, 0.825 real sec
[M::process] read chunk (19660800 bytes/CG x 1 CGs, 19660760 bytes)...
slave pre done
now n is 70217
processed 70217
[M::mem_process_seqs_merge2] Processed 70217 reads in 0.140 CPU sec, 1.888 real sec
[M::mem_process_seqs_merge2] CPE FASTQ formatting done
[M::mem_process_seqs_merge2] CPE FASTQ formatting done
slave pre done
now n is 70217
processed 70217
[M::mem_process_seqs_merge2] Processed 70217 reads in 0.020 CPU sec, 0.796 real sec
[M::process] read chunk (19660800 bytes/CG x 1 CGs, 19660760 bytes)...
[M::process] read chunk (19660800 bytes/CG x 1 CGs, 19660760 bytes)...
[M::mem_process_seqs_merge2] CPE FASTQ formatting done
[M::mem_process_seqs_merge2] CPE FASTQ formatting done
[M::mem_process_seqs_merge2] CPE FASTQ formatting done
[M::mem_process_seqs_merge2] CPE FASTQ formatting done
slave pre done
now n is 70217
slave pre done
now n is 70217
processed 70217
[M::mem_process_seqs_merge2] Processed 70217 reads in 0.010 CPU sec, 0.842 real sec
processed 70217
[M::mem_process_seqs_merge2] Processed 70217 reads in 0.030 CPU sec, 0.825 real sec
[M::process] read chunk (19660800 bytes/CG x 1 CGs, 19660760 bytes)...
[M::process] read chunk (19660800 bytes/CG x 1 CGs, 19660760 bytes)...
slave pre done
now n is 70218
processed 70218
[M::mem_process_seqs_merge2] Processed 70218 reads in 0.020 CPU sec, 0.816 real sec
[M::process] read chunk (19660800 bytes/CG x 1 CGs, 19660760 bytes)...
slave pre done
now n is 70217
processed 70217
[M::mem_process_seqs_merge2] Processed 70217 reads in 0.010 CPU sec, 0.672 real sec
[M::mem_process_seqs_merge2] CPE FASTQ formatting done
[M::process] read chunk (19660800 bytes/CG x 1 CGs, 19660760 bytes)...
slave pre done
now n is 70217
processed 70217
[M::mem_process_seqs_merge2] Processed 70217 reads in 0.030 CPU sec, 0.676 real sec
slave pre done
now n is 70217
[M::process] read chunk (19660800 bytes/CG x 1 CGs, 19660760 bytes)...
processed 70217
[M::mem_process_seqs_merge2] Processed 70217 reads in 0.020 CPU sec, 0.745 real sec
[M::mem_process_seqs_merge2] CPE FASTQ formatting done
[M::process] read chunk (19660800 bytes/CG x 1 CGs, 19660760 bytes)...
[M::mem_process_seqs_merge2] CPE FASTQ formatting done
[M::mem_process_seqs_merge2] CPE FASTQ formatting done
slave pre done
now n is 70217
processed 70217
[M::mem_process_seqs_merge2] Processed 70217 reads in 0.030 CPU sec, 0.741 real sec
slave pre done
now n is 70217
processed 70217
[M::mem_process_seqs_merge2] Processed 70217 reads in 0.010 CPU sec, 0.581 real sec
[M::mem_process_seqs_merge2] CPE FASTQ formatting done
[M::mem_process_seqs_merge2] CPE FASTQ formatting done
slave pre done
now n is 70217
processed 70217
[M::mem_process_seqs_merge2] Processed 70217 reads in 0.010 CPU sec, 0.672 real sec
slave pre done
now n is 70217
processed 70217
[M::mem_process_seqs_merge2] Processed 70217 reads in 0.020 CPU sec, 0.675 real sec
slave pre done
now n is 70217
slave pre done
now n is 70217
processed 70217
[M::mem_process_seqs_merge2] Processed 70217 reads in 0.020 CPU sec, 0.740 real sec
processed 70217
[M::mem_process_seqs_merge2] Processed 70217 reads in 0.020 CPU sec, 0.822 real sec
[M::process] read chunk (19660800 bytes/CG x 1 CGs, 19660760 bytes)...
[M::process] read chunk (19660800 bytes/CG x 1 CGs, 19660760 bytes)...
[M::process] read chunk (19660800 bytes/CG x 1 CGs, 19660760 bytes)...
[M::mem_process_seqs_merge2] CPE FASTQ formatting done
[M::mem_process_seqs_merge2] CPE FASTQ formatting done
[M::mem_process_seqs_merge2] CPE FASTQ formatting done
[M::process] read chunk (19660800 bytes/CG x 1 CGs, 19660760 bytes)...
[M::process] read chunk (19660800 bytes/CG x 1 CGs, 19661040 bytes)...
[M::process] read chunk (19660800 bytes/CG x 1 CGs, 19660760 bytes)...
slave pre done
now n is 70217
processed 70217
[M::mem_process_seqs_merge2] Processed 70217 reads in 0.010 CPU sec, 0.620 real sec
slave pre done
now n is 70217
processed 70217
[M::mem_process_seqs_merge2] Processed 70217 reads in 0.060 CPU sec, 0.890 real sec
[M::process] read chunk (19660800 bytes/CG x 1 CGs, 19660760 bytes)...
[M::process] read chunk (19660800 bytes/CG x 1 CGs, 19660760 bytes)...
[M::mem_process_seqs_merge2] CPE FASTQ formatting done
slave pre done
now n is 70217
processed 70217
[M::mem_process_seqs_merge2] Processed 70217 reads in 0.020 CPU sec, 0.740 real sec
[M::mem_process_seqs_merge2] CPE FASTQ formatting done
[M::process] read chunk (19660800 bytes/CG x 1 CGs, 19660760 bytes)...
[M::mem_process_seqs_merge2] CPE FASTQ formatting done
[M::mem_process_seqs_merge2] CPE FASTQ formatting done
[M::mem_process_seqs_merge2] CPE FASTQ formatting done
[M::mem_process_seqs_merge2] CPE FASTQ formatting done
slave pre done
now n is 70217
processed 70217
[M::mem_process_seqs_merge2] Processed 70217 reads in 0.020 CPU sec, 0.799 real sec
[M::process] read chunk (19660800 bytes/CG x 1 CGs, 19660760 bytes)...
slave pre done
now n is 70217
processed 70217
[M::mem_process_seqs_merge2] Processed 70217 reads in 0.020 CPU sec, 0.668 real sec
[M::process] read chunk (19660800 bytes/CG x 1 CGs, 19660760 bytes)...
slave pre done
now n is 70218
processed 70218
[M::mem_process_seqs_merge2] Processed 70218 reads in 0.020 CPU sec, 0.821 real sec
[M::process] read chunk (19660800 bytes/CG x 1 CGs, 19661040 bytes)...
[M::mem_process_seqs_merge2] CPE FASTQ formatting done
slave pre done
now n is 70217
processed 70217
[M::mem_process_seqs_merge2] Processed 70217 reads in 0.010 CPU sec, 0.734 real sec
slave pre done
now n is 70217
[M::mem_process_seqs_merge2] CPE FASTQ formatting done
processed 70217
[M::mem_process_seqs_merge2] Processed 70217 reads in 0.010 CPU sec, 0.884 real sec
slave pre done
now n is 70217
processed 70217
[M::mem_process_seqs_merge2] Processed 70217 reads in 0.020 CPU sec, 0.705 real sec
[M::process] read chunk (19660800 bytes/CG x 1 CGs, 19660760 bytes)...
[M::process] read chunk (19660800 bytes/CG x 1 CGs, 19660760 bytes)...
[M::process] read chunk (19660800 bytes/CG x 1 CGs, 19660760 bytes)...
[M::mem_process_seqs_merge2] CPE FASTQ formatting done
[M::mem_process_seqs_merge2] CPE FASTQ formatting done
[M::mem_process_seqs_merge2] CPE FASTQ formatting done
[M::mem_process_seqs_merge2] CPE FASTQ formatting done
slave pre done
now n is 70217
processed 70217
[M::mem_process_seqs_merge2] Processed 70217 reads in 0.010 CPU sec, 0.922 real sec
slave pre done
now n is 70217
[M::process] read chunk (19660800 bytes/CG x 1 CGs, 19660760 bytes)...
processed 70217
[M::mem_process_seqs_merge2] Processed 70217 reads in 0.050 CPU sec, 0.886 real sec
[M::process] read chunk (19660800 bytes/CG x 1 CGs, 19660760 bytes)...
slave pre done
now n is 70217
slave pre done
now n is 70218
processed 70217
[M::mem_process_seqs_merge2] Processed 70217 reads in 0.020 CPU sec, 0.714 real sec
processed 70218
[M::mem_process_seqs_merge2] Processed 70218 reads in 0.020 CPU sec, 0.986 real sec
[M::mem_process_seqs_merge2] CPE FASTQ formatting done
[M::process] read chunk (19660800 bytes/CG x 1 CGs, 19661040 bytes)...
slave pre done
now n is 70217
[M::mem_process_seqs_merge2] CPE FASTQ formatting done
processed 70217
[M::mem_process_seqs_merge2] Processed 70217 reads in 0.010 CPU sec, 0.796 real sec
slave pre done
now n is 70217
processed 70217
[M::mem_process_seqs_merge2] Processed 70217 reads in 0.010 CPU sec, 0.854 real sec
[M::mem_process_seqs_merge2] CPE FASTQ formatting done
slave pre done
now n is 70217
processed 70217
[M::mem_process_seqs_merge2] Processed 70217 reads in 0.010 CPU sec, 0.819 real sec
slave pre done
now n is 70217
processed 70217
[M::mem_process_seqs_merge2] Processed 70217 reads in 0.030 CPU sec, 0.766 real sec
slave pre done
now n is 70218
processed 70218
[M::mem_process_seqs_merge2] Processed 70218 reads in 0.030 CPU sec, 0.740 real sec
[M::process] read chunk (19660800 bytes/CG x 1 CGs, 19660760 bytes)...
[M::process] read chunk (19660800 bytes/CG x 1 CGs, 19660760 bytes)...
[M::process] read chunk (19660800 bytes/CG x 1 CGs, 19660760 bytes)...
[M::mem_process_seqs_merge2] CPE FASTQ formatting done
[M::mem_process_seqs_merge2] CPE FASTQ formatting done
[M::mem_process_seqs_merge2] CPE FASTQ formatting done
slave pre done
now n is 70217
processed 70217
[M::mem_process_seqs_merge2] Processed 70217 reads in 0.090 CPU sec, 0.623 real sec
[M::process] read chunk (19660800 bytes/CG x 1 CGs, 19660760 bytes)...
[M::process] read chunk (19660800 bytes/CG x 1 CGs, 19660760 bytes)...
[M::process] read chunk (19660800 bytes/CG x 1 CGs, 19660760 bytes)...
slave pre done
now n is 70217
processed 70217
[M::mem_process_seqs_merge2] Processed 70217 reads in 0.010 CPU sec, 0.818 real sec
[M::process] read chunk (19660800 bytes/CG x 1 CGs, 19661040 bytes)...
slave pre done
now n is 70217
processed 70217
[M::mem_process_seqs_merge2] Processed 70217 reads in 0.010 CPU sec, 0.794 real sec
[M::process] read chunk (19660800 bytes/CG x 1 CGs, 19660760 bytes)...
[M::process] read chunk (19660800 bytes/CG x 1 CGs, 19660760 bytes)...
[M::mem_process_seqs_merge2] CPE FASTQ formatting done
[M::mem_process_seqs_merge2] CPE FASTQ formatting done
[M::mem_process_seqs_merge2] CPE FASTQ formatting done
[M::mem_process_seqs_merge2] CPE FASTQ formatting done
[M::mem_process_seqs_merge2] CPE FASTQ formatting done
[M::mem_process_seqs_merge2] CPE FASTQ formatting done
slave pre done
now n is 70217
processed 70217
[M::mem_process_seqs_merge2] Processed 70217 reads in 0.010 CPU sec, 0.631 real sec
slave pre done
now n is 70217
processed 70217
[M::mem_process_seqs_merge2] Processed 70217 reads in 0.020 CPU sec, 0.610 real sec
[M::process] read chunk (19660800 bytes/CG x 1 CGs, 19660760 bytes)...
slave pre done
now n is 70217
processed 70217
[M::mem_process_seqs_merge2] Processed 70217 reads in 0.020 CPU sec, 0.854 real sec
[M::process] read chunk (19660800 bytes/CG x 1 CGs, 19660760 bytes)...
[M::process] read chunk (19660800 bytes/CG x 1 CGs, 19660760 bytes)...
slave pre done
now n is 70218
processed 70218
[M::mem_process_seqs_merge2] Processed 70218 reads in 0.020 CPU sec, 0.634 real sec
[M::process] read chunk (19660800 bytes/CG x 1 CGs, 19661040 bytes)...
slave pre done
now n is 70217
slave pre done
now n is 70217
processed 70217
[M::mem_process_seqs_merge2] Processed 70217 reads in 0.020 CPU sec, 0.653 real sec
processed 70217
[M::mem_process_seqs_merge2] Processed 70217 reads in 0.010 CPU sec, 0.697 real sec
[M::process] read chunk (19660800 bytes/CG x 1 CGs, 19660760 bytes)...
[M::process] read chunk (19660800 bytes/CG x 1 CGs, 19660760 bytes)...
[M::mem_process_seqs_merge2] CPE FASTQ formatting done
[M::mem_process_seqs_merge2] CPE FASTQ formatting done
[M::mem_process_seqs_merge2] CPE FASTQ formatting done
[M::mem_process_seqs_merge2] CPE FASTQ formatting done
[M::mem_process_seqs_merge2] CPE FASTQ formatting done
[M::mem_process_seqs_merge2] CPE FASTQ formatting done
slave pre done
now n is 70217
processed 70217
[M::mem_process_seqs_merge2] Processed 70217 reads in 0.010 CPU sec, 0.721 real sec
[M::process] read chunk (19660800 bytes/CG x 1 CGs, 19660760 bytes)...
slave pre done
now n is 70217
processed 70217
[M::mem_process_seqs_merge2] Processed 70217 reads in 0.020 CPU sec, 0.684 real sec
[M::mem_process_seqs_merge2] CPE FASTQ formatting done
[M::process] read chunk (19660800 bytes/CG x 1 CGs, 19660760 bytes)...
slave pre done
now n is 70217
[M::mem_process_seqs_merge2] CPE FASTQ formatting done
processed 70217
[M::mem_process_seqs_merge2] Processed 70217 reads in 0.020 CPU sec, 0.693 real sec
slave pre done
now n is 70217
processed 70217
[M::mem_process_seqs_merge2] Processed 70217 reads in 0.020 CPU sec, 0.673 real sec
[M::process] read chunk (19660800 bytes/CG x 1 CGs, 19660760 bytes)...
slave pre done
now n is 70217
processed 70217
[M::mem_process_seqs_merge2] Processed 70217 reads in 0.020 CPU sec, 0.773 real sec
slave pre done
now n is 70218
processed 70218
[M::mem_process_seqs_merge2] Processed 70218 reads in 0.040 CPU sec, 1.017 real sec
[M::process] read chunk (19660800 bytes/CG x 1 CGs, 19660760 bytes)...
[M::process] read chunk (19660800 bytes/CG x 1 CGs, 19661040 bytes)...
slave pre done
now n is 70217
processed 70217
[M::mem_process_seqs_merge2] Processed 70217 reads in 0.010 CPU sec, 0.657 real sec
slave pre done
now n is 70217
processed 70217
[M::mem_process_seqs_merge2] Processed 70217 reads in 0.020 CPU sec, 0.654 real sec
[M::mem_process_seqs_merge2] CPE FASTQ formatting done
[M::mem_process_seqs_merge2] CPE FASTQ formatting done
[M::mem_process_seqs_merge2] CPE FASTQ formatting done
slave pre done
now n is 70218
processed 70218
[M::mem_process_seqs_merge2] Processed 70218 reads in 0.020 CPU sec, 0.693 real sec
slave pre done
now n is 70217
processed 70217
[M::mem_process_seqs_merge2] Processed 70217 reads in 0.020 CPU sec, 0.896 real sec
slave pre done
now n is 70217
processed 70217
[M::mem_process_seqs_merge2] Processed 70217 reads in 0.030 CPU sec, 0.823 real sec
[M::process] read chunk (19660800 bytes/CG x 1 CGs, 19660760 bytes)...
[M::process] read chunk (19660800 bytes/CG x 1 CGs, 19660760 bytes)...
[M::mem_process_seqs_merge2] CPE FASTQ formatting done
[M::process] read chunk (19660800 bytes/CG x 1 CGs, 19660760 bytes)...
[M::mem_process_seqs_merge2] CPE FASTQ formatting done
[M::mem_process_seqs_merge2] CPE FASTQ formatting done
[M::process] read chunk (19660800 bytes/CG x 1 CGs, 19660760 bytes)...
[M::process] read chunk (19660800 bytes/CG x 1 CGs, 19660760 bytes)...
[M::process] read chunk (19660800 bytes/CG x 1 CGs, 19660760 bytes)...
slave pre done
now n is 70217
processed 70217
[M::mem_process_seqs_merge2] Processed 70217 reads in 0.020 CPU sec, 0.739 real sec
slave pre done
now n is 70217
processed 70217
[M::mem_process_seqs_merge2] Processed 70217 reads in 0.020 CPU sec, 0.656 real sec
[M::process] read chunk (19660800 bytes/CG x 1 CGs, 19661040 bytes)...
[M::process] read chunk (19660800 bytes/CG x 1 CGs, 19660760 bytes)...
[M::mem_process_seqs_merge2] CPE FASTQ formatting done
[M::mem_process_seqs_merge2] CPE FASTQ formatting done
[M::mem_process_seqs_merge2] CPE FASTQ formatting done
[M::mem_process_seqs_merge2] CPE FASTQ formatting done
slave pre done
now n is 70217
processed 70217
[M::mem_process_seqs_merge2] Processed 70217 reads in 0.110 CPU sec, 1.772 real sec
[M::process] read chunk (19660800 bytes/CG x 1 CGs, 19660760 bytes)...
[M::mem_process_seqs_merge2] CPE FASTQ formatting done
[M::mem_process_seqs_merge2] CPE FASTQ formatting done
slave pre done
now n is 70217
processed 70217
[M::mem_process_seqs_merge2] Processed 70217 reads in 0.010 CPU sec, 0.656 real sec
slave pre done
now n is 70217
processed 70217
[M::mem_process_seqs_merge2] Processed 70217 reads in 0.020 CPU sec, 0.820 real sec
[M::process] read chunk (19660800 bytes/CG x 1 CGs, 19660760 bytes)...
[M::process] read chunk (19660800 bytes/CG x 1 CGs, 19660760 bytes)...
slave pre done
now n is 70218
processed 70218
[M::mem_process_seqs_merge2] Processed 70218 reads in 0.040 CPU sec, 0.822 real sec
slave pre done
now n is 70217
processed 70217
[M::mem_process_seqs_merge2] Processed 70217 reads in 0.020 CPU sec, 0.724 real sec
[M::process] read chunk (19660800 bytes/CG x 1 CGs, 19661040 bytes)...
[M::mem_process_seqs_merge2] CPE FASTQ formatting done
[M::mem_process_seqs_merge2] CPE FASTQ formatting done
[M::process] read chunk (19660800 bytes/CG x 1 CGs, 19660760 bytes)...
slave pre done
now n is 70217
processed 70217
[M::mem_process_seqs_merge2] Processed 70217 reads in 0.090 CPU sec, 0.853 real sec
slave pre done
now n is 70217
processed 70217
[M::mem_process_seqs_merge2] Processed 70217 reads in 0.040 CPU sec, 1.363 real sec
[M::process] read chunk (19660800 bytes/CG x 1 CGs, 19660760 bytes)...
[M::process] read chunk (19660800 bytes/CG x 1 CGs, 19660760 bytes)...
[M::mem_process_seqs_merge2] CPE FASTQ formatting done
[M::mem_process_seqs_merge2] CPE FASTQ formatting done
slave pre done
now n is 70217
processed 70217
[M::mem_process_seqs_merge2] Processed 70217 reads in 0.020 CPU sec, 0.776 real sec
[M::process] read chunk (19660800 bytes/CG x 1 CGs, 19660760 bytes)...
[M::mem_process_seqs_merge2] CPE FASTQ formatting done
[M::mem_process_seqs_merge2] CPE FASTQ formatting done
[M::mem_process_seqs_merge2] CPE FASTQ formatting done
slave pre done
now n is 70217
slave pre done
now n is 70217
processed 70217
[M::mem_process_seqs_merge2] Processed 70217 reads in 0.030 CPU sec, 1.261 real sec
slave pre done
now n is 70218
processed 70217
[M::mem_process_seqs_merge2] Processed 70217 reads in 0.050 CPU sec, 0.720 real sec
processed 70218
[M::mem_process_seqs_merge2] Processed 70218 reads in 0.020 CPU sec, 0.703 real sec
[M::process] read chunk (19660800 bytes/CG x 1 CGs, 19660760 bytes)...
[M::process] read chunk (19660800 bytes/CG x 1 CGs, 19660760 bytes)...
[M::process] read chunk (19660800 bytes/CG x 1 CGs, 19661040 bytes)...
slave pre done
now n is 70217
processed 70217
[M::mem_process_seqs_merge2] Processed 70217 reads in 0.020 CPU sec, 0.667 real sec
slave pre done
now n is 70217
processed 70217
[M::mem_process_seqs_merge2] Processed 70217 reads in 0.020 CPU sec, 0.625 real sec
[M::process] read chunk (19660800 bytes/CG x 1 CGs, 19660760 bytes)...
[M::process] read chunk (19660800 bytes/CG x 1 CGs, 19660760 bytes)...
slave pre done
now n is 70217
processed 70217
[M::mem_process_seqs_merge2] Processed 70217 reads in 0.020 CPU sec, 0.929 real sec
[M::process] read chunk (19660800 bytes/CG x 1 CGs, 19660760 bytes)...
[M::mem_process_seqs_merge2] CPE FASTQ formatting done
[M::mem_process_seqs_merge2] CPE FASTQ formatting done
[M::mem_process_seqs_merge2] CPE FASTQ formatting done
[M::mem_process_seqs_merge2] CPE FASTQ formatting done
[M::mem_process_seqs_merge2] CPE FASTQ formatting done
[M::mem_process_seqs_merge2] CPE FASTQ formatting done
slave pre done
now n is 70218
processed 70218
[M::mem_process_seqs_merge2] Processed 70218 reads in 0.010 CPU sec, 0.613 real sec
slave pre done
now n is 70217
processed 70217
[M::mem_process_seqs_merge2] Processed 70217 reads in 0.030 CPU sec, 0.598 real sec
slave pre done
now n is 70217
slave pre done
now n is 70217
processed 70217
[M::mem_process_seqs_merge2] Processed 70217 reads in 0.020 CPU sec, 0.615 real sec
processed 70217
[M::mem_process_seqs_merge2] Processed 70217 reads in 0.010 CPU sec, 0.804 real sec
slave pre done
now n is 70217
processed 70217
[M::mem_process_seqs_merge2] Processed 70217 reads in 0.010 CPU sec, 0.634 real sec
slave pre done
now n is 70217
processed 70217
[M::mem_process_seqs_merge2] Processed 70217 reads in 0.050 CPU sec, 2.041 real sec
[M::process] read chunk (19660800 bytes/CG x 1 CGs, 19661040 bytes)...
[M::process] read chunk (19660800 bytes/CG x 1 CGs, 19660760 bytes)...
[M::mem_process_seqs_merge2] CPE FASTQ formatting done
[M::process] read chunk (19660800 bytes/CG x 1 CGs, 19660760 bytes)...
[M::mem_process_seqs_merge2] CPE FASTQ formatting done
[M::process] read chunk (19660800 bytes/CG x 1 CGs, 19660760 bytes)...
[M::process] read chunk (19660800 bytes/CG x 1 CGs, 19660760 bytes)...
[M::mem_process_seqs_merge2] CPE FASTQ formatting done
slave pre done
now n is 70218
processed 70218
[M::mem_process_seqs_merge2] Processed 70218 reads in 0.010 CPU sec, 0.665 real sec
[M::mem_process_seqs_merge2] CPE FASTQ formatting done
[M::process] read chunk (19660800 bytes/CG x 1 CGs, 19661040 bytes)...
[M::mem_process_seqs_merge2] CPE FASTQ formatting done
slave pre done
now n is 70217
processed 70217
[M::mem_process_seqs_merge2] Processed 70217 reads in 0.030 CPU sec, 0.768 real sec
[M::process] read chunk (19660800 bytes/CG x 1 CGs, 19660760 bytes)...
[M::process] read chunk (19660800 bytes/CG x 1 CGs, 19660760 bytes)...
[M::mem_process_seqs_merge2] CPE FASTQ formatting done
slave pre done
now n is 70217
processed 70217
[M::mem_process_seqs_merge2] Processed 70217 reads in 0.020 CPU sec, 0.787 real sec
[M::process] read chunk (19660800 bytes/CG x 1 CGs, 19660760 bytes)...
slave pre done
now n is 70217
processed 70217
[M::mem_process_seqs_merge2] Processed 70217 reads in 0.040 CPU sec, 0.795 real sec
[M::mem_process_seqs_merge2] CPE FASTQ formatting done
[M::process] read chunk (19660800 bytes/CG x 1 CGs, 19660760 bytes)...
[M::mem_process_seqs_merge2] CPE FASTQ formatting done
slave pre done
now n is 70217
processed 70217
[M::mem_process_seqs_merge2] Processed 70217 reads in 0.040 CPU sec, 0.932 real sec
[M::process] read chunk (19660800 bytes/CG x 1 CGs, 19660760 bytes)...
[M::mem_process_seqs_merge2] CPE FASTQ formatting done
slave pre done
now n is 70218
processed 70218
[M::mem_process_seqs_merge2] Processed 70218 reads in 0.020 CPU sec, 0.706 real sec
[M::mem_process_seqs_merge2] CPE FASTQ formatting done
[M::process] read chunk (19660800 bytes/CG x 1 CGs, 19661040 bytes)...
slave pre done
now n is 70217
[M::mem_process_seqs_merge2] CPE FASTQ formatting done
processed 70217
[M::mem_process_seqs_merge2] Processed 70217 reads in 0.020 CPU sec, 0.652 real sec
[M::process] read chunk (19660800 bytes/CG x 1 CGs, 19660760 bytes)...
slave pre done
now n is 70217
processed 70217
[M::mem_process_seqs_merge2] Processed 70217 reads in 0.020 CPU sec, 0.759 real sec
[M::process] read chunk (19660800 bytes/CG x 1 CGs, 19660760 bytes)...
[M::mem_process_seqs_merge2] CPE FASTQ formatting done
slave pre done
now n is 70217
processed 70217
[M::mem_process_seqs_merge2] Processed 70217 reads in 0.010 CPU sec, 0.738 real sec
[M::mem_process_seqs_merge2] CPE FASTQ formatting done
[M::mem_process_seqs_merge2] CPE FASTQ formatting done
slave pre done
now n is 70217
processed 70217
[M::mem_process_seqs_merge2] Processed 70217 reads in 0.040 CPU sec, 0.737 real sec
[M::process] read chunk (19660800 bytes/CG x 1 CGs, 19660760 bytes)...
slave pre done
now n is 70217
processed 70217
[M::mem_process_seqs_merge2] Processed 70217 reads in 0.020 CPU sec, 0.694 real sec
[M::process] read chunk (19660800 bytes/CG x 1 CGs, 19660760 bytes)...
[M::process] read chunk (19660800 bytes/CG x 1 CGs, 19660760 bytes)...
[M::mem_process_seqs_merge2] CPE FASTQ formatting done
slave pre done
now n is 70218
processed 70218
[M::mem_process_seqs_merge2] Processed 70218 reads in 0.020 CPU sec, 0.775 real sec
slave pre done
now n is 70217
processed 70217
[M::mem_process_seqs_merge2] Processed 70217 reads in 0.030 CPU sec, 0.730 real sec
[M::mem_process_seqs_merge2] CPE FASTQ formatting done
[M::mem_process_seqs_merge2] CPE FASTQ formatting done
slave pre done
now n is 70217
processed 70217
[M::mem_process_seqs_merge2] Processed 70217 reads in 0.070 CPU sec, 1.249 real sec
slave pre done
now n is 70217
processed 70217
[M::mem_process_seqs_merge2] Processed 70217 reads in 0.020 CPU sec, 0.716 real sec
slave pre done
now n is 70217
processed 70217
[M::mem_process_seqs_merge2] Processed 70217 reads in 0.020 CPU sec, 0.611 real sec
slave pre done
now n is 70217
[M::process] read chunk (19660800 bytes/CG x 1 CGs, 19660760 bytes)...
processed 70217
[M::mem_process_seqs_merge2] Processed 70217 reads in 0.010 CPU sec, 0.673 real sec
[M::mem_process_seqs_merge2] CPE FASTQ formatting done
slave pre done
now n is 70217
processed 70217
[M::mem_process_seqs_merge2] Processed 70217 reads in 0.010 CPU sec, 0.754 real sec
[M::process] read chunk (19660800 bytes/CG x 1 CGs, 19660760 bytes)...
[M::process] read chunk (19660800 bytes/CG x 1 CGs, 19660760 bytes)...
[M::mem_process_seqs_merge2] CPE FASTQ formatting done
[M::mem_process_seqs_merge2] CPE FASTQ formatting done
[M::process] read chunk (19660800 bytes/CG x 1 CGs, 19660760 bytes)...
[M::process] read chunk (19660800 bytes/CG x 1 CGs, 19660760 bytes)...
[M::process] read chunk (19660800 bytes/CG x 1 CGs, 19660760 bytes)...
slave pre done
now n is 70217
processed 70217
[M::mem_process_seqs_merge2] Processed 70217 reads in 0.050 CPU sec, 0.810 real sec
[M::mem_process_seqs_merge2] CPE FASTQ formatting done
slave pre done
now n is 70217
processed 70217
[M::mem_process_seqs_merge2] Processed 70217 reads in 0.020 CPU sec, 0.673 real sec
[M::process] read chunk (19660800 bytes/CG x 1 CGs, 19660760 bytes)...
[M::process] read chunk (19660800 bytes/CG x 1 CGs, 19660760 bytes)...
[M::mem_process_seqs_merge2] CPE FASTQ formatting done
[M::mem_process_seqs_merge2] CPE FASTQ formatting done
slave pre done
now n is 70217
processed 70217
[M::mem_process_seqs_merge2] Processed 70217 reads in 0.020 CPU sec, 0.658 real sec
[M::process] read chunk (19660800 bytes/CG x 1 CGs, 19660760 bytes)...
[M::mem_process_seqs_merge2] CPE FASTQ formatting done
[M::mem_process_seqs_merge2] CPE FASTQ formatting done
[M::process] read chunk (19660800 bytes/CG x 1 CGs, 19660760 bytes)...
slave pre done
now n is 70217
processed 70217
[M::mem_process_seqs_merge2] Processed 70217 reads in 0.040 CPU sec, 0.665 real sec
[M::mem_process_seqs_merge2] CPE FASTQ formatting done
slave pre done
now n is 70217
[M::process] read chunk (19660800 bytes/CG x 1 CGs, 19660760 bytes)...
processed 70217
[M::mem_process_seqs_merge2] Processed 70217 reads in 0.010 CPU sec, 0.597 real sec
[M::mem_process_seqs_merge2] CPE FASTQ formatting done
[M::process] read chunk (19660800 bytes/CG x 1 CGs, 19661040 bytes)...
[M::mem_process_seqs_merge2] CPE FASTQ formatting done
slave pre done
now n is 70217
processed 70217
[M::mem_process_seqs_merge2] Processed 70217 reads in 0.020 CPU sec, 0.650 real sec
slave pre done
now n is 70217
processed 70217
[M::mem_process_seqs_merge2] Processed 70217 reads in 0.020 CPU sec, 0.656 real sec
[M::process] read chunk (19660800 bytes/CG x 1 CGs, 19660760 bytes)...
[M::mem_process_seqs_merge2] CPE FASTQ formatting done
[M::process] read chunk (19660800 bytes/CG x 1 CGs, 19660760 bytes)...
slave pre done
now n is 70217
processed 70217
[M::mem_process_seqs_merge2] Processed 70217 reads in 0.010 CPU sec, 0.681 real sec
slave pre done
now n is 70217
processed 70217
[M::mem_process_seqs_merge2] Processed 70217 reads in 0.020 CPU sec, 0.625 real sec
[M::process] read chunk (19660800 bytes/CG x 1 CGs, 19660760 bytes)...
[M::process] read chunk (19660800 bytes/CG x 1 CGs, 19660760 bytes)...
slave pre done
now n is 70217
processed 70217
[M::mem_process_seqs_merge2] Processed 70217 reads in 0.020 CPU sec, 0.752 real sec
[M::mem_process_seqs_merge2] CPE FASTQ formatting done
[M::mem_process_seqs_merge2] CPE FASTQ formatting done
[M::process] read chunk (19660800 bytes/CG x 1 CGs, 19660760 bytes)...
[M::mem_process_seqs_merge2] CPE FASTQ formatting done
[M::mem_process_seqs_merge2] CPE FASTQ formatting done
slave pre done
now n is 70218
processed 70218
[M::mem_process_seqs_merge2] Processed 70218 reads in 0.020 CPU sec, 0.946 real sec
[M::mem_process_seqs_merge2] CPE FASTQ formatting done
[M::process] read chunk (19660800 bytes/CG x 1 CGs, 19661040 bytes)...
[M::mem_process_seqs_merge2] CPE FASTQ formatting done
slave pre done
now n is 70217
processed 70217
[M::mem_process_seqs_merge2] Processed 70217 reads in 0.020 CPU sec, 0.596 real sec
slave pre done
now n is 70217
processed 70217
[M::mem_process_seqs_merge2] Processed 70217 reads in 0.010 CPU sec, 0.665 real sec
slave pre done
now n is 70217
processed 70217
[M::mem_process_seqs_merge2] Processed 70217 reads in 0.010 CPU sec, 0.921 real sec
[M::process] read chunk (19660800 bytes/CG x 1 CGs, 19660760 bytes)...
slave pre done
now n is 70217
processed 70217
[M::mem_process_seqs_merge2] Processed 70217 reads in 0.030 CPU sec, 0.989 real sec
slave pre done
now n is 70217
processed 70217
[M::mem_process_seqs_merge2] Processed 70217 reads in 0.020 CPU sec, 0.760 real sec
[M::mem_process_seqs_merge2] CPE FASTQ formatting done
slave pre done
now n is 70218
processed 70218
[M::mem_process_seqs_merge2] Processed 70218 reads in 0.010 CPU sec, 0.654 real sec
[M::process] read chunk (19660800 bytes/CG x 1 CGs, 19661040 bytes)...
[M::mem_process_seqs_merge2] CPE FASTQ formatting done
slave pre done
now n is 70217
processed 70217
[M::mem_process_seqs_merge2] Processed 70217 reads in 0.020 CPU sec, 0.933 real sec
slave pre done
now n is 70218
processed 70218
[M::mem_process_seqs_merge2] Processed 70218 reads in 0.020 CPU sec, 0.923 real sec
[M::process] read chunk (19660800 bytes/CG x 1 CGs, 19660760 bytes)...
[M::process] read chunk (19660800 bytes/CG x 1 CGs, 19660760 bytes)...
[M::process] read chunk (19660800 bytes/CG x 1 CGs, 19660760 bytes)...
[M::mem_process_seqs_merge2] CPE FASTQ formatting done
[M::process] read chunk (19660800 bytes/CG x 1 CGs, 19660696 bytes)...
[M::mem_process_seqs_merge2] CPE FASTQ formatting done
[M::mem_process_seqs_merge2] CPE FASTQ formatting done
[M::mem_process_seqs_merge2] CPE FASTQ formatting done
[M::process] read chunk (19660800 bytes/CG x 1 CGs, 19660752 bytes)...
slave pre done
now n is 70217
processed 70217
[M::mem_process_seqs_merge2] Processed 70217 reads in 0.020 CPU sec, 0.922 real sec
slave pre done
now n is 70217
processed 70217
[M::mem_process_seqs_merge2] Processed 70217 reads in 0.020 CPU sec, 0.630 real sec
[M::process] read chunk (19660800 bytes/CG x 1 CGs, 19660752 bytes)...
[M::process] read chunk (19660800 bytes/CG x 1 CGs, 19660752 bytes)...
slave pre done
now n is 69415
slave pre done
now n is 70217
processed 69415
[M::mem_process_seqs_merge2] Processed 69415 reads in 0.030 CPU sec, 0.587 real sec
processed 70217
[M::mem_process_seqs_merge2] Processed 70217 reads in 0.060 CPU sec, 0.823 real sec
[M::process] read chunk (19660800 bytes/CG x 1 CGs, 19660752 bytes)...
[M::process] read chunk (19660800 bytes/CG x 1 CGs, 19661036 bytes)...
[M::mem_process_seqs_merge2] CPE FASTQ formatting done
[M::process] read chunk (19660800 bytes/CG x 1 CGs, 19660752 bytes)...
[M::mem_process_seqs_merge2] CPE FASTQ formatting done
[M::mem_process_seqs_merge2] CPE FASTQ formatting done
[M::mem_process_seqs_merge2] CPE FASTQ formatting done
[M::mem_process_seqs_merge2] CPE FASTQ formatting done
[M::mem_process_seqs_merge2] CPE FASTQ formatting done
slave pre done
now n is 69228
processed 69228
[M::mem_process_seqs_merge2] Processed 69228 reads in 0.020 CPU sec, 0.775 real sec
[M::process] read chunk (19660800 bytes/CG x 1 CGs, 19660752 bytes)...
slave pre done
now n is 69228
slave pre done
now n is 69228
processed 69228
[M::mem_process_seqs_merge2] Processed 69228 reads in 0.010 CPU sec, 0.592 real sec
processed 69228
[M::mem_process_seqs_merge2] Processed 69228 reads in 0.030 CPU sec, 0.667 real sec
[M::mem_process_seqs_merge2] CPE FASTQ formatting done
[M::process] read chunk (19660800 bytes/CG x 1 CGs, 19660752 bytes)...
[M::process] read chunk (19660800 bytes/CG x 1 CGs, 19660752 bytes)...
slave pre done
now n is 69229
processed 69229
[M::mem_process_seqs_merge2] Processed 69229 reads in 0.020 CPU sec, 0.629 real sec
slave pre done
now n is 69228
processed 69228
[M::mem_process_seqs_merge2] Processed 69228 reads in 0.020 CPU sec, 0.582 real sec
slave pre done
now n is 69228
processed 69228
[M::mem_process_seqs_merge2] Processed 69228 reads in 0.030 CPU sec, 0.668 real sec
[M::process] read chunk (19660800 bytes/CG x 1 CGs, 19660752 bytes)...
[M::process] read chunk (19660800 bytes/CG x 1 CGs, 19660752 bytes)...
[M::process] read chunk (19660800 bytes/CG x 1 CGs, 19660752 bytes)...
[M::mem_process_seqs_merge2] CPE FASTQ formatting done
slave pre done
now n is 69228
processed 69228
[M::mem_process_seqs_merge2] Processed 69228 reads in 0.020 CPU sec, 0.804 real sec
[M::mem_process_seqs_merge2] CPE FASTQ formatting done
[M::process] read chunk (19660800 bytes/CG x 1 CGs, 19661036 bytes)...
[M::mem_process_seqs_merge2] CPE FASTQ formatting done
[M::mem_process_seqs_merge2] CPE FASTQ formatting done
[M::mem_process_seqs_merge2] CPE FASTQ formatting done
slave pre done
now n is 69228
processed 69228
[M::mem_process_seqs_merge2] Processed 69228 reads in 0.020 CPU sec, 0.676 real sec
[M::mem_process_seqs_merge2] CPE FASTQ formatting done
[M::process] read chunk (19660800 bytes/CG x 1 CGs, 19660752 bytes)...
slave pre done
now n is 69228
processed 69228
[M::mem_process_seqs_merge2] Processed 69228 reads in 0.010 CPU sec, 0.581 real sec
[M::process] read chunk (19660800 bytes/CG x 1 CGs, 19660752 bytes)...
slave pre done
now n is 69228
processed 69228
[M::mem_process_seqs_merge2] Processed 69228 reads in 0.020 CPU sec, 0.676 real sec
[M::mem_process_seqs_merge2] CPE FASTQ formatting done
slave pre done
now n is 69228
processed 69228
[M::mem_process_seqs_merge2] Processed 69228 reads in 0.010 CPU sec, 0.706 real sec
[M::mem_process_seqs_merge2] CPE FASTQ formatting done
[M::process] read chunk (19660800 bytes/CG x 1 CGs, 4915188 bytes)...
[M::mem_process_seqs_merge2] CPE FASTQ formatting done
slave pre done
now n is 69229
processed 69229
[M::mem_process_seqs_merge2] Processed 69229 reads in 0.030 CPU sec, 0.867 real sec
slave pre done
now n is 69228
processed 69228
[M::mem_process_seqs_merge2] Processed 69228 reads in 0.030 CPU sec, 1.054 real sec
slave pre done
now n is 17307
processed 17307
[M::mem_process_seqs_merge2] Processed 17307 reads in 0.010 CPU sec, 0.179 real sec
[M::process] read chunk (19660800 bytes/CG x 1 CGs, 4915188 bytes)...
[M::process] read chunk (19660800 bytes/CG x 1 CGs, 19660752 bytes)...
[M::process] read chunk (19660800 bytes/CG x 1 CGs, 19660752 bytes)...
slave pre done
now n is 69228
processed 69228
[M::mem_process_seqs_merge2] Processed 69228 reads in 0.020 CPU sec, 0.578 real sec
slave pre done
now n is 69228
[M::mem_process_seqs_merge2] CPE FASTQ formatting done
processed 69228
[M::mem_process_seqs_merge2] Processed 69228 reads in 0.010 CPU sec, 0.573 real sec
slave pre done
now n is 17307
processed 17307
[M::mem_process_seqs_merge2] Processed 17307 reads in 0.010 CPU sec, 0.194 real sec
[M::mem_process_seqs_merge2] CPE FASTQ formatting done
[M::mem_process_seqs_merge2] CPE FASTQ formatting done
slave pre done
now n is 69228
processed 69228
[M::mem_process_seqs_merge2] Processed 69228 reads in 0.030 CPU sec, 0.667 real sec
slave pre done
now n is 69228
processed 69228
[M::mem_process_seqs_merge2] Processed 69228 reads in 0.010 CPU sec, 0.686 real sec
[M::process] read chunk (19660800 bytes/CG x 1 CGs, 19661036 bytes)...
[M::mem_process_seqs_merge2] CPE FASTQ formatting done
[M::process] read chunk (19660800 bytes/CG x 1 CGs, 4915188 bytes)...
slave pre done
now n is 69229
processed 69229
[M::mem_process_seqs_merge2] Processed 69229 reads in 0.020 CPU sec, 0.582 real sec
[M::process] read chunk (19660800 bytes/CG x 1 CGs, 4915188 bytes)...
[M::mem_process_seqs_merge2] CPE FASTQ formatting done
[M::process] read chunk (19660800 bytes/CG x 1 CGs, 4915188 bytes)...
[M::process] read chunk (19660800 bytes/CG x 1 CGs, 4915188 bytes)...
slave pre done
now n is 17307
processed 17307
[M::mem_process_seqs_merge2] Processed 17307 reads in 0.020 CPU sec, 0.184 real sec
[M::mem_process_seqs_merge2] CPE FASTQ formatting done
[M::mem_process_seqs_merge2] CPE FASTQ formatting done
[M::process] read chunk (19660800 bytes/CG x 1 CGs, 4915188 bytes)...
[M::mem_process_seqs_merge2] CPE FASTQ formatting done
[M::mem_process_seqs_merge2] CPE FASTQ formatting done
slave pre done
now n is 17307
slave pre done
now n is 17307
processed 17307
[M::mem_process_seqs_merge2] Processed 17307 reads in 0.010 CPU sec, 0.170 real sec
processed 17307
[M::mem_process_seqs_merge2] Processed 17307 reads in 0.010 CPU sec, 0.158 real sec
[M::process] read chunk (19660800 bytes/CG x 1 CGs, 4915472 bytes)...
[M::process] read chunk (19660800 bytes/CG x 1 CGs, 4915188 bytes)...
[M::mem_process_seqs_merge2] CPE FASTQ formatting done
[M::mem_process_seqs_merge2] CPE FASTQ formatting done
slave pre done
now n is 17307
processed 17307
[M::mem_process_seqs_merge2] Processed 17307 reads in 0.010 CPU sec, 0.203 real sec
slave pre done
now n is 17307
[M::process] read chunk (19660800 bytes/CG x 1 CGs, 4915188 bytes)...
processed 17307
[M::mem_process_seqs_merge2] Processed 17307 reads in 0.010 CPU sec, 0.257 real sec
[M::process] read chunk (19660800 bytes/CG x 1 CGs, 4915188 bytes)...
slave pre done
now n is 17307
processed 17307
[M::mem_process_seqs_merge2] Processed 17307 reads in 0.020 CPU sec, 0.187 real sec
[M::process] read chunk (19660800 bytes/CG x 1 CGs, 4915188 bytes)...
slave pre done
now n is 17308
[M::mem_process_seqs_merge2] CPE FASTQ formatting done
[M::mem_process_seqs_merge2] CPE FASTQ formatting done
processed 17308
[M::mem_process_seqs_merge2] Processed 17308 reads in 0.010 CPU sec, 0.249 real sec
[M::process] read chunk (19660800 bytes/CG x 1 CGs, 4915188 bytes)...
[M::process] read chunk (19660800 bytes/CG x 1 CGs, 4915188 bytes)...
[M::mem_process_seqs_merge2] CPE FASTQ formatting done
[M::mem_process_seqs_merge2] CPE FASTQ formatting done
[M::process] read chunk (19660800 bytes/CG x 1 CGs, 4915188 bytes)...
[M::mem_process_seqs_merge2] CPE FASTQ formatting done
slave pre done
now n is 17307
slave pre done
now n is 17307
processed 17307
[M::mem_process_seqs_merge2] Processed 17307 reads in 0.010 CPU sec, 0.195 real sec
processed 17307
[M::mem_process_seqs_merge2] Processed 17307 reads in 0.050 CPU sec, 0.196 real sec
[M::mem_process_seqs_merge2] CPE FASTQ formatting done
[M::process] read chunk (19660800 bytes/CG x 1 CGs, 4915188 bytes)...
[M::process] read chunk (19660800 bytes/CG x 1 CGs, 4915188 bytes)...
slave pre done
now n is 17307
processed 17307
[M::mem_process_seqs_merge2] Processed 17307 reads in 0.010 CPU sec, 0.167 real sec
[M::process] read chunk (19660800 bytes/CG x 1 CGs, 4915188 bytes)...
slave pre done
now n is 17307
slave pre done
now n is 17307
processed 17307
[M::mem_process_seqs_merge2] Processed 17307 reads in 0.010 CPU sec, 0.185 real sec
processed 17307
[M::mem_process_seqs_merge2] Processed 17307 reads in 0.010 CPU sec, 0.226 real sec
[M::process] read chunk (19660800 bytes/CG x 1 CGs, 4915188 bytes)...
slave pre done
now n is 17307
processed 17307
[M::mem_process_seqs_merge2] Processed 17307 reads in 0.020 CPU sec, 0.171 real sec
[M::process] read chunk (19660800 bytes/CG x 1 CGs, 4915188 bytes)...
[M::mem_process_seqs_merge2] CPE FASTQ formatting done
[M::process] read chunk (19660800 bytes/CG x 1 CGs, 4915188 bytes)...
[M::mem_process_seqs_merge2] CPE FASTQ formatting done
[M::mem_process_seqs_merge2] CPE FASTQ formatting done
[M::mem_process_seqs_merge2] CPE FASTQ formatting done
[M::mem_process_seqs_merge2] CPE FASTQ formatting done
slave pre done
now n is 17307
processed 17307
[M::mem_process_seqs_merge2] Processed 17307 reads in 0.010 CPU sec, 0.178 real sec
[M::mem_process_seqs_merge2] CPE FASTQ formatting done
[M::process] read chunk (19660800 bytes/CG x 1 CGs, 4915188 bytes)...
slave pre done
now n is 17307
processed 17307
[M::mem_process_seqs_merge2] Processed 17307 reads in 0.020 CPU sec, 0.226 real sec
slave pre done
now n is 17307
processed 17307
[M::mem_process_seqs_merge2] Processed 17307 reads in 0.020 CPU sec, 0.213 real sec
[M::process] read chunk (19660800 bytes/CG x 1 CGs, 4915188 bytes)...
[M::mem_process_seqs_merge2] CPE FASTQ formatting done
slave pre done
now n is 17307
processed 17307
[M::process] read chunk (19660800 bytes/CG x 1 CGs, 4915188 bytes)...
[M::mem_process_seqs_merge2] Processed 17307 reads in 0.010 CPU sec, 0.186 real sec
slave pre done
now n is 17307
slave pre done
now n is 17307
processed 17307
[M::mem_process_seqs_merge2] Processed 17307 reads in 0.020 CPU sec, 0.242 real sec
processed 17307
[M::mem_process_seqs_merge2] Processed 17307 reads in 0.010 CPU sec, 0.178 real sec
[M::process] read chunk (19660800 bytes/CG x 1 CGs, 4915188 bytes)...
[M::process] read chunk (19660800 bytes/CG x 1 CGs, 4915188 bytes)...
[M::process] read chunk (19660800 bytes/CG x 1 CGs, 4915188 bytes)...
[M::mem_process_seqs_merge2] CPE FASTQ formatting done
slave pre done
now n is 17307
[M::mem_process_seqs_merge2] CPE FASTQ formatting done
processed 17307
[M::mem_process_seqs_merge2] Processed 17307 reads in 0.010 CPU sec, 0.219 real sec
[M::mem_process_seqs_merge2] CPE FASTQ formatting done
[M::process] read chunk (19660800 bytes/CG x 1 CGs, 4915188 bytes)...
[M::mem_process_seqs_merge2] CPE FASTQ formatting done
[M::mem_process_seqs_merge2] CPE FASTQ formatting done
slave pre done
now n is 17307
slave pre done
now n is 17307
[M::mem_process_seqs_merge2] CPE FASTQ formatting done
processed 17307
[M::mem_process_seqs_merge2] Processed 17307 reads in 0.010 CPU sec, 0.168 real sec
processed 17307
[M::mem_process_seqs_merge2] Processed 17307 reads in 0.010 CPU sec, 0.200 real sec
slave pre done
now n is 17307
processed 17307
[M::mem_process_seqs_merge2] Processed 17307 reads in 0.010 CPU sec, 0.208 real sec
[M::process] read chunk (19660800 bytes/CG x 1 CGs, 4915188 bytes)...
[M::process] read chunk (19660800 bytes/CG x 1 CGs, 4915188 bytes)...
[M::process] read chunk (19660800 bytes/CG x 1 CGs, 4915188 bytes)...
slave pre done
now n is 17307
processed 17307
[M::mem_process_seqs_merge2] Processed 17307 reads in 0.020 CPU sec, 0.181 real sec
slave pre done
now n is 17307
[M::process] read chunk (19660800 bytes/CG x 1 CGs, 4915188 bytes)...
processed 17307
[M::mem_process_seqs_merge2] Processed 17307 reads in 0.040 CPU sec, 0.247 real sec
[M::mem_process_seqs_merge2] CPE FASTQ formatting done
[M::process] read chunk (19660800 bytes/CG x 1 CGs, 4915188 bytes)...
[M::mem_process_seqs_merge2] CPE FASTQ formatting done
[M::mem_process_seqs_merge2] CPE FASTQ formatting done
slave pre done
now n is 17307
processed 17307
[M::mem_process_seqs_merge2] Processed 17307 reads in 0.030 CPU sec, 0.192 real sec
[M::mem_process_seqs_merge2] CPE FASTQ formatting done
[M::mem_process_seqs_merge2] CPE FASTQ formatting done
[M::process] read chunk (19660800 bytes/CG x 1 CGs, 4915188 bytes)...
slave pre done
now n is 17307
processed 17307
[M::mem_process_seqs_merge2] Processed 17307 reads in 0.010 CPU sec, 0.169 real sec
slave pre done
now n is 17307
[M::process] read chunk (19660800 bytes/CG x 1 CGs, 4915188 bytes)...
processed 17307
[M::mem_process_seqs_merge2] Processed 17307 reads in 0.010 CPU sec, 0.231 real sec
slave pre done
now n is 17307
processed 17307
[M::mem_process_seqs_merge2] Processed 17307 reads in 0.010 CPU sec, 0.212 real sec
[M::mem_process_seqs_merge2] CPE FASTQ formatting done
[M::mem_process_seqs_merge2] CPE FASTQ formatting done
slave pre done
now n is 17307
[M::process] read chunk (19660800 bytes/CG x 1 CGs, 4915472 bytes)...
processed 17307
[M::mem_process_seqs_merge2] Processed 17307 reads in 0.010 CPU sec, 0.204 real sec
[M::process] read chunk (19660800 bytes/CG x 1 CGs, 4915188 bytes)...
[M::process] read chunk (19660800 bytes/CG x 1 CGs, 4915188 bytes)...
[M::mem_process_seqs_merge2] CPE FASTQ formatting done
slave pre done
now n is 17307
processed 17307
[M::mem_process_seqs_merge2] Processed 17307 reads in 0.020 CPU sec, 0.193 real sec
slave pre done
now n is 17307
[M::mem_process_seqs_merge2] CPE FASTQ formatting done
[M::mem_process_seqs_merge2] CPE FASTQ formatting done
processed 17307
[M::mem_process_seqs_merge2] Processed 17307 reads in 0.010 CPU sec, 0.206 real sec
[M::process] read chunk (19660800 bytes/CG x 1 CGs, 4915188 bytes)...
[M::process] read chunk (19660800 bytes/CG x 1 CGs, 4915188 bytes)...
[M::mem_process_seqs_merge2] CPE FASTQ formatting done
[M::mem_process_seqs_merge2] CPE FASTQ formatting done
slave pre done
now n is 17308
processed 17308
[M::mem_process_seqs_merge2] Processed 17308 reads in 0.020 CPU sec, 0.192 real sec
slave pre done
now n is 17307
[M::process] read chunk (19660800 bytes/CG x 1 CGs, 4915188 bytes)...
processed 17307
[M::mem_process_seqs_merge2] Processed 17307 reads in 0.010 CPU sec, 0.174 real sec
slave pre done
now n is 17307
processed 17307
[M::mem_process_seqs_merge2] Processed 17307 reads in 0.010 CPU sec, 0.188 real sec
slave pre done
now n is 17307
processed 17307
[M::mem_process_seqs_merge2] Processed 17307 reads in 0.110 CPU sec, 1.040 real sec
[M::process] read chunk (19660800 bytes/CG x 1 CGs, 4915188 bytes)...
slave pre done
now n is 17307
[M::process] read chunk (19660800 bytes/CG x 1 CGs, 4915188 bytes)...
processed 17307
[M::mem_process_seqs_merge2] Processed 17307 reads in 0.010 CPU sec, 0.157 real sec
[M::process] read chunk (19660800 bytes/CG x 1 CGs, 4915188 bytes)...
slave pre done
now n is 17307
processed 17307
[M::mem_process_seqs_merge2] Processed 17307 reads in 0.020 CPU sec, 0.163 real sec
[M::mem_process_seqs_merge2] CPE FASTQ formatting done
[M::process] read chunk (19660800 bytes/CG x 1 CGs, 4915188 bytes)...
[M::process] read chunk (19660800 bytes/CG x 1 CGs, 4915188 bytes)...
[M::mem_process_seqs_merge2] CPE FASTQ formatting done
[M::mem_process_seqs_merge2] CPE FASTQ formatting done
[M::mem_process_seqs_merge2] CPE FASTQ formatting done
[M::mem_process_seqs_merge2] CPE FASTQ formatting done
slave pre done
now n is 17307
processed 17307
[M::mem_process_seqs_merge2] Processed 17307 reads in 0.010 CPU sec, 0.186 real sec
[M::mem_process_seqs_merge2] CPE FASTQ formatting done
[M::process] read chunk (19660800 bytes/CG x 1 CGs, 4915188 bytes)...
slave pre done
now n is 17307
slave pre done
now n is 17307
processed 17307
[M::mem_process_seqs_merge2] Processed 17307 reads in 0.010 CPU sec, 0.182 real sec
processed 17307
[M::mem_process_seqs_merge2] Processed 17307 reads in 0.010 CPU sec, 0.178 real sec
slave pre done
now n is 17307
slave pre done
now n is 17307
processed 17307
[M::mem_process_seqs_merge2] Processed 17307 reads in 0.010 CPU sec, 0.199 real sec
[M::mem_process_seqs_merge2] CPE FASTQ formatting done
processed 17307
[M::mem_process_seqs_merge2] Processed 17307 reads in 0.010 CPU sec, 0.198 real sec
[M::process] read chunk (19660800 bytes/CG x 1 CGs, 4915188 bytes)...
[M::process] read chunk (19660800 bytes/CG x 1 CGs, 4915188 bytes)...
slave pre done
now n is 17307
[M::process] read chunk (19660800 bytes/CG x 1 CGs, 4915188 bytes)...
processed 17307
[M::mem_process_seqs_merge2] Processed 17307 reads in 0.020 CPU sec, 0.169 real sec
[M::process] read chunk (19660800 bytes/CG x 1 CGs, 4915188 bytes)...
[M::mem_process_seqs_merge2] CPE FASTQ formatting done
slave pre done
now n is 17307
processed 17307
[M::mem_process_seqs_merge2] Processed 17307 reads in 0.010 CPU sec, 0.159 real sec
[M::process] read chunk (19660800 bytes/CG x 1 CGs, 4915188 bytes)...
[M::mem_process_seqs_merge2] CPE FASTQ formatting done
[M::mem_process_seqs_merge2] CPE FASTQ formatting done
slave pre done
now n is 17307
processed 17307
[M::mem_process_seqs_merge2] Processed 17307 reads in 0.010 CPU sec, 0.193 real sec
[M::process] read chunk (19660800 bytes/CG x 1 CGs, 4915188 bytes)...
[M::mem_process_seqs_merge2] CPE FASTQ formatting done
[M::mem_process_seqs_merge2] CPE FASTQ formatting done
slave pre done
now n is 17307
slave pre done
now n is 17307
processed 17307
[M::mem_process_seqs_merge2] Processed 17307 reads in 0.010 CPU sec, 0.204 real sec
processed 17307
[M::mem_process_seqs_merge2] Processed 17307 reads in 0.010 CPU sec, 0.169 real sec
[M::process] read chunk (19660800 bytes/CG x 1 CGs, 4915188 bytes)...
[M::mem_process_seqs_merge2] CPE FASTQ formatting done
[M::process] read chunk (19660800 bytes/CG x 1 CGs, 4915188 bytes)...
slave pre done
now n is 17307
processed 17307
[M::mem_process_seqs_merge2] Processed 17307 reads in 0.010 CPU sec, 0.165 real sec
slave pre done
now n is 17307
processed 17307
[M::mem_process_seqs_merge2] Processed 17307 reads in 0.020 CPU sec, 0.172 real sec
[M::process] read chunk (19660800 bytes/CG x 1 CGs, 4915188 bytes)...
[M::mem_process_seqs_merge2] CPE FASTQ formatting done
slave pre done
now n is 17307
processed 17307
[M::mem_process_seqs_merge2] Processed 17307 reads in 0.020 CPU sec, 0.183 real sec
[M::process] read chunk (19660800 bytes/CG x 1 CGs, 4915188 bytes)...
[M::mem_process_seqs_merge2] CPE FASTQ formatting done
slave pre done
now n is 17307
processed 17307
[M::mem_process_seqs_merge2] Processed 17307 reads in 0.010 CPU sec, 0.205 real sec
[M::mem_process_seqs_merge2] CPE FASTQ formatting done
[M::process] read chunk (19660800 bytes/CG x 1 CGs, 1228868 bytes)...
[M::mem_process_seqs_merge2] CPE FASTQ formatting done
slave pre done
now n is 17307
processed 17307
[M::mem_process_seqs_merge2] Processed 17307 reads in 0.010 CPU sec, 0.223 real sec
[M::mem_process_seqs_merge2] CPE FASTQ formatting done
[M::process] read chunk (19660800 bytes/CG x 1 CGs, 4915188 bytes)...
[M::mem_process_seqs_merge2] CPE FASTQ formatting done
slave pre done
now n is 4327
processed 4327
[M::mem_process_seqs_merge2] Processed 4327 reads in 0.010 CPU sec, 0.090 real sec
slave pre done
now n is 17307
processed 17307
[M::mem_process_seqs_merge2] Processed 17307 reads in 0.020 CPU sec, 0.231 real sec
slave pre done
now n is 17307
processed 17307
[M::mem_process_seqs_merge2] Processed 17307 reads in 0.010 CPU sec, 0.166 real sec
[M::process] read chunk (19660800 bytes/CG x 1 CGs, 4915188 bytes)...
[M::process] read chunk (19660800 bytes/CG x 1 CGs, 1228868 bytes)...
[M::mem_process_seqs_merge2] CPE FASTQ formatting done
slave pre done
now n is 17307
processed 17307
[M::mem_process_seqs_merge2] Processed 17307 reads in 0.020 CPU sec, 0.202 real sec
slave pre done
now n is 4327
[M::mem_process_seqs_merge2] CPE FASTQ formatting done
processed 4327
[M::mem_process_seqs_merge2] Processed 4327 reads in 0.010 CPU sec, 0.076 real sec
[M::process] read chunk (19660800 bytes/CG x 1 CGs, 4915188 bytes)...
[M::process] read chunk (19660800 bytes/CG x 1 CGs, 4915472 bytes)...
[M::mem_process_seqs_merge2] CPE FASTQ formatting done
[M::mem_process_seqs_merge2] CPE FASTQ formatting done
slave pre done
now n is 17307
processed 17307
[M::mem_process_seqs_merge2] Processed 17307 reads in 0.010 CPU sec, 0.173 real sec
[M::process] read chunk (19660800 bytes/CG x 1 CGs, 4915188 bytes)...
slave pre done
now n is 17307
processed 17307
[M::mem_process_seqs_merge2] Processed 17307 reads in 0.020 CPU sec, 0.172 real sec
slave pre done
now n is 17308
processed 17308
[M::mem_process_seqs_merge2] Processed 17308 reads in 0.010 CPU sec, 0.203 real sec
[M::process] read chunk (19660800 bytes/CG x 1 CGs, 4915188 bytes)...
[M::mem_process_seqs_merge2] CPE FASTQ formatting done
[M::mem_process_seqs_merge2] CPE FASTQ formatting done
slave pre done
now n is 17307
processed 17307
[M::mem_process_seqs_merge2] Processed 17307 reads in 0.010 CPU sec, 0.195 real sec
[M::process] read chunk (19660800 bytes/CG x 1 CGs, 1228584 bytes)...
slave pre done
now n is 17307
processed 17307
[M::mem_process_seqs_merge2] Processed 17307 reads in 0.010 CPU sec, 0.219 real sec
[M::mem_process_seqs_merge2] CPE FASTQ formatting done
[M::process] read chunk (19660800 bytes/CG x 1 CGs, 1228868 bytes)...
[M::mem_process_seqs_merge2] CPE FASTQ formatting done
slave pre done
now n is 4326
processed 4326
[M::mem_process_seqs_merge2] Processed 4326 reads in 0.010 CPU sec, 0.081 real sec
[M::process] read chunk (19660800 bytes/CG x 1 CGs, 1228868 bytes)...
[M::mem_process_seqs_merge2] CPE FASTQ formatting done
slave pre done
now n is 4327
slave pre done
now n is 4327
processed 4327
[M::mem_process_seqs_merge2] Processed 4327 reads in 0.010 CPU sec, 0.141 real sec
processed 4327
[M::mem_process_seqs_merge2] Processed 4327 reads in 0.010 CPU sec, 0.076 real sec
[M::process] read chunk (19660800 bytes/CG x 1 CGs, 1228584 bytes)...
[M::mem_process_seqs_merge2] CPE FASTQ formatting done
slave pre done
now n is 4326
processed 4326
[M::mem_process_seqs_merge2] Processed 4326 reads in 0.010 CPU sec, 0.101 real sec
[M::process] read chunk (19660800 bytes/CG x 1 CGs, 1228868 bytes)...
[M::mem_process_seqs_merge2] CPE FASTQ formatting done
slave pre done
now n is 4327
processed 4327
[M::mem_process_seqs_merge2] Processed 4327 reads in 0.020 CPU sec, 0.066 real sec
[M::process] read chunk (19660800 bytes/CG x 1 CGs, 1228584 bytes)...
[M::mem_process_seqs_merge2] CPE FASTQ formatting done
slave pre done
now n is 4326
processed 4326
[M::mem_process_seqs_merge2] Processed 4326 reads in 0.010 CPU sec, 0.120 real sec
[M::process] read chunk (19660800 bytes/CG x 1 CGs, 1228868 bytes)...
[M::mem_process_seqs_merge2] CPE FASTQ formatting done
slave pre done
now n is 4327
processed 4327
[M::mem_process_seqs_merge2] Processed 4327 reads in 0.010 CPU sec, 0.070 real sec
[M::process] read chunk (19660800 bytes/CG x 1 CGs, 1228868 bytes)...
[M::mem_process_seqs_merge2] CPE FASTQ formatting done
slave pre done
now n is 4327
processed 4327
[M::mem_process_seqs_merge2] Processed 4327 reads in 0.010 CPU sec, 0.070 real sec
[M::process] read chunk (19660800 bytes/CG x 1 CGs, 1228868 bytes)...
[M::mem_process_seqs_merge2] CPE FASTQ formatting done
slave pre done
now n is 4327
processed 4327
[M::mem_process_seqs_merge2] Processed 4327 reads in 0.010 CPU sec, 0.099 real sec
[M::process] read chunk (19660800 bytes/CG x 1 CGs, 1228868 bytes)...
[M::mem_process_seqs_merge2] CPE FASTQ formatting done
slave pre done
now n is 4327
processed 4327
[M::mem_process_seqs_merge2] Processed 4327 reads in 0.010 CPU sec, 0.069 real sec
[M::process] read chunk (19660800 bytes/CG x 1 CGs, 1228584 bytes)...
[M::mem_process_seqs_merge2] CPE FASTQ formatting done
slave pre done
now n is 4326
processed 4326
[M::mem_process_seqs_merge2] Processed 4326 reads in 0.010 CPU sec, 0.064 real sec
[M::process] read chunk (19660800 bytes/CG x 1 CGs, 1228868 bytes)...
[M::mem_process_seqs_merge2] CPE FASTQ formatting done
[M::process] read chunk (19660800 bytes/CG x 1 CGs, 1228868 bytes)...
slave pre done
now n is 4327
[M::mem_process_seqs_merge2] CPE FASTQ formatting done
processed 4327
[M::mem_process_seqs_merge2] Processed 4327 reads in 0.010 CPU sec, 0.078 real sec
slave pre done
now n is 4327
processed 4327
[M::mem_process_seqs_merge2] Processed 4327 reads in 0.020 CPU sec, 0.072 real sec
[M::process] read chunk (19660800 bytes/CG x 1 CGs, 1228584 bytes)...
[M::mem_process_seqs_merge2] CPE FASTQ formatting done
[M::process] read chunk (19660800 bytes/CG x 1 CGs, 1228868 bytes)...
slave pre done
now n is 4326
processed 4326
[M::mem_process_seqs_merge2] Processed 4326 reads in 0.010 CPU sec, 0.065 real sec
[M::mem_process_seqs_merge2] CPE FASTQ formatting done
[M::process] read chunk (19660800 bytes/CG x 1 CGs, 1228868 bytes)...
slave pre done
now n is 4327
processed 4327
[M::mem_process_seqs_merge2] Processed 4327 reads in 0.030 CPU sec, 0.071 real sec
[M::process] read chunk (19660800 bytes/CG x 1 CGs, 1228868 bytes)...
[M::mem_process_seqs_merge2] CPE FASTQ formatting done
[M::mem_process_seqs_merge2] CPE FASTQ formatting done
slave pre done
now n is 4327
processed 4327
[M::mem_process_seqs_merge2] Processed 4327 reads in 0.010 CPU sec, 0.071 real sec
[M::process] read chunk (19660800 bytes/CG x 1 CGs, 1228868 bytes)...
slave pre done
now n is 4327
processed 4327
[M::mem_process_seqs_merge2] Processed 4327 reads in 0.020 CPU sec, 0.115 real sec
[M::process] read chunk (19660800 bytes/CG x 1 CGs, 1228868 bytes)...
[M::mem_process_seqs_merge2] CPE FASTQ formatting done
[M::mem_process_seqs_merge2] CPE FASTQ formatting done
[M::process] read chunk (19660800 bytes/CG x 1 CGs, 1228584 bytes)...
slave pre done
now n is 4327
processed 4327
[M::mem_process_seqs_merge2] Processed 4327 reads in 0.020 CPU sec, 0.112 real sec
[M::process] read chunk (19660800 bytes/CG x 1 CGs, 1228868 bytes)...
slave pre done
now n is 4327
[M::mem_process_seqs_merge2] CPE FASTQ formatting done
processed 4327
[M::mem_process_seqs_merge2] Processed 4327 reads in 0.010 CPU sec, 0.131 real sec
[M::mem_process_seqs_merge2] CPE FASTQ formatting done
[M::process] read chunk (19660800 bytes/CG x 1 CGs, 1228868 bytes)...
slave pre done
now n is 4326
slave pre done
now n is 4327
processed 4326
[M::mem_process_seqs_merge2] Processed 4326 reads in 0.020 CPU sec, 0.065 real sec
processed 4327
[M::mem_process_seqs_merge2] Processed 4327 reads in 0.020 CPU sec, 0.066 real sec
[M::process] read chunk (19660800 bytes/CG x 1 CGs, 1228868 bytes)...
[M::process] read chunk (19660800 bytes/CG x 1 CGs, 1228868 bytes)...
[M::mem_process_seqs_merge2] CPE FASTQ formatting done
[M::mem_process_seqs_merge2] CPE FASTQ formatting done
[M::mem_process_seqs_merge2] CPE FASTQ formatting done
slave pre done
now n is 4327
processed 4327
[M::mem_process_seqs_merge2] Processed 4327 reads in 0.010 CPU sec, 0.072 real sec
slave pre done
now n is 4327
[M::process] read chunk (19660800 bytes/CG x 1 CGs, 1228868 bytes)...
processed 4327
[M::mem_process_seqs_merge2] Processed 4327 reads in 0.010 CPU sec, 0.107 real sec
slave pre done
now n is 4327
processed 4327
[M::mem_process_seqs_merge2] Processed 4327 reads in 0.030 CPU sec, 0.140 real sec
[M::process] read chunk (19660800 bytes/CG x 1 CGs, 1228868 bytes)...
[M::process] read chunk (19660800 bytes/CG x 1 CGs, 1228584 bytes)...
[M::process] read chunk (19660800 bytes/CG x 1 CGs, 1228868 bytes)...
[M::mem_process_seqs_merge2] CPE FASTQ formatting done
[M::mem_process_seqs_merge2] CPE FASTQ formatting done
[M::mem_process_seqs_merge2] CPE FASTQ formatting done
slave pre done
now n is 4327
slave pre done
now n is 4327
processed 4327
[M::mem_process_seqs_merge2] Processed 4327 reads in 0.020 CPU sec, 0.068 real sec
processed 4327
[M::mem_process_seqs_merge2] Processed 4327 reads in 0.010 CPU sec, 0.069 real sec
[M::process] read chunk (19660800 bytes/CG x 1 CGs, 1228584 bytes)...
[M::process] read chunk (19660800 bytes/CG x 1 CGs, 1228868 bytes)...
[M::mem_process_seqs_merge2] CPE FASTQ formatting done
[M::mem_process_seqs_merge2] CPE FASTQ formatting done
[M::mem_process_seqs_merge2] CPE FASTQ formatting done
slave pre done
now n is 4326
processed 4326
[M::mem_process_seqs_merge2] Processed 4326 reads in 0.010 CPU sec, 0.077 real sec
slave pre done
now n is 4326
slave pre done
now n is 4327
processed 4326
[M::mem_process_seqs_merge2] Processed 4326 reads in 0.020 CPU sec, 0.174 real sec
processed 4327
[M::mem_process_seqs_merge2] Processed 4327 reads in 0.010 CPU sec, 0.065 real sec
[M::process] read chunk (19660800 bytes/CG x 1 CGs, 1228868 bytes)...
[M::process] read chunk (19660800 bytes/CG x 1 CGs, 1228868 bytes)...
[M::process] read chunk (19660800 bytes/CG x 1 CGs, 1228868 bytes)...
[M::mem_process_seqs_merge2] CPE FASTQ formatting done
[M::mem_process_seqs_merge2] CPE FASTQ formatting done
slave pre done
now n is 4327
[M::mem_process_seqs_merge2] CPE FASTQ formatting done
processed 4327
[M::mem_process_seqs_merge2] Processed 4327 reads in 0.010 CPU sec, 0.131 real sec
[M::process] read chunk (19660800 bytes/CG x 1 CGs, 1228868 bytes)...
slave pre done
now n is 4327
processed 4327
[M::mem_process_seqs_merge2] Processed 4327 reads in 0.020 CPU sec, 0.066 real sec
slave pre done
now n is 4327
processed 4327
[M::mem_process_seqs_merge2] Processed 4327 reads in 0.010 CPU sec, 0.091 real sec
[M::process] read chunk (19660800 bytes/CG x 1 CGs, 1228868 bytes)...
[M::mem_process_seqs_merge2] CPE FASTQ formatting done
[M::process] read chunk (19660800 bytes/CG x 1 CGs, 1228868 bytes)...
slave pre done
now n is 4327
[M::process] read chunk (19660800 bytes/CG x 1 CGs, 1228584 bytes)...
processed 4327
[M::mem_process_seqs_merge2] Processed 4327 reads in 0.030 CPU sec, 0.098 real sec
[M::mem_process_seqs_merge2] CPE FASTQ formatting done
[M::mem_process_seqs_merge2] CPE FASTQ formatting done
slave pre done
now n is 4327
[M::process] read chunk (19660800 bytes/CG x 1 CGs, 1228584 bytes)...
processed 4327
[M::mem_process_seqs_merge2] Processed 4327 reads in 0.020 CPU sec, 0.073 real sec
slave pre done
now n is 4327
slave pre done
now n is 4326
processed 4327
[M::mem_process_seqs_merge2] Processed 4327 reads in 0.010 CPU sec, 0.065 real sec
[M::process] read chunk (19660800 bytes/CG x 1 CGs, 1228868 bytes)...
[M::process] read chunk (19660800 bytes/CG x 1 CGs, 1228868 bytes)...
[M::mem_process_seqs_merge2] CPE FASTQ formatting done
processed 4326
[M::mem_process_seqs_merge2] Processed 4326 reads in 0.010 CPU sec, 0.064 real sec
[M::mem_process_seqs_merge2] CPE FASTQ formatting done
[M::mem_process_seqs_merge2] CPE FASTQ formatting done
[M::process] read chunk (19660800 bytes/CG x 1 CGs, 1228868 bytes)...
slave pre done
now n is 4326
processed 4326
[M::mem_process_seqs_merge2] Processed 4326 reads in 0.020 CPU sec, 0.076 real sec
[M::mem_process_seqs_merge2] CPE FASTQ formatting done
[M::process] read chunk (19660800 bytes/CG x 1 CGs, 1228868 bytes)...
[M::mem_process_seqs_merge2] CPE FASTQ formatting done
slave pre done
now n is 4327
slave pre done
now n is 4327
[M::mem_process_seqs_merge2] CPE FASTQ formatting done
slave pre done
now n is 4327
processed 4327
[M::mem_process_seqs_merge2] Processed 4327 reads in 0.010 CPU sec, 0.097 real sec
processed 4327
[M::mem_process_seqs_merge2] Processed 4327 reads in 0.010 CPU sec, 0.111 real sec
processed 4327
[M::mem_process_seqs_merge2] Processed 4327 reads in 0.010 CPU sec, 0.063 real sec
[M::process] read chunk (19660800 bytes/CG x 1 CGs, 1228584 bytes)...
slave pre done
now n is 4327
[M::mem_process_seqs_merge2] CPE FASTQ formatting done
slave pre done
now n is 4327
processed 4327
[M::mem_process_seqs_merge2] Processed 4327 reads in 0.020 CPU sec, 0.072 real sec
[M::process] read chunk (19660800 bytes/CG x 1 CGs, 1228868 bytes)...
[M::process] read chunk (19660800 bytes/CG x 1 CGs, 1228868 bytes)...
processed 4327
[M::mem_process_seqs_merge2] Processed 4327 reads in 0.010 CPU sec, 0.095 real sec
[M::mem_process_seqs_merge2] CPE FASTQ formatting done
[M::process] read chunk (19660800 bytes/CG x 1 CGs, 1228584 bytes)...
slave pre done
now n is 4326
processed 4326
[M::mem_process_seqs_merge2] Processed 4326 reads in 0.010 CPU sec, 0.078 real sec
[M::mem_process_seqs_merge2] CPE FASTQ formatting done
slave pre done
now n is 4327
[M::mem_process_seqs_merge2] CPE FASTQ formatting done
[M::process] read chunk (19660800 bytes/CG x 1 CGs, 802584 bytes)...
processed 4327
[M::mem_process_seqs_merge2] Processed 4327 reads in 0.020 CPU sec, 0.072 real sec
[M::mem_process_seqs_merge2] CPE FASTQ formatting done
slave pre done
now n is 4327
processed 4327
[M::mem_process_seqs_merge2] Processed 4327 reads in 0.020 CPU sec, 0.112 real sec
slave pre done
now n is 4326
[M::process] read chunk (19660800 bytes/CG x 1 CGs, 1228868 bytes)...
processed 4326
[M::mem_process_seqs_merge2] Processed 4326 reads in 0.010 CPU sec, 0.138 real sec
[M::mem_process_seqs_merge2] CPE FASTQ formatting done
slave pre done
now n is 2826
processed 2826
[M::mem_process_seqs_merge2] Processed 2826 reads in 0.010 CPU sec, 0.132 real sec
slave pre done
now n is 4327
processed 4327
[M::mem_process_seqs_merge2] Processed 4327 reads in 0.010 CPU sec, 0.140 real sec
[MPI rank 000003/000006] input work: chunks=45 records=2089635 bytes=586137480
[MPI rank 000001/000006] input work: chunks=44 records=2072724 bytes=581221356
[MPI rank 000004/000006] input work: chunks=44 records=2112292 bytes=592283036
[MPI rank 000000/000006] input work: chunks=43 records=2107181 bytes=591053040
[MPI rank 000002/000006] input work: chunks=50 records=2122745 bytes=595540724
[MPI rank 000005/000006] input work: chunks=48 records=2102834 bytes=589824676

================ MPI Dynamic Scheduler Debug =================
  MPI rank: 000000 / 000006

  Work summary
    claimed chunks                                         43
    claimed from this rank's queue                          8
    claimed from another rank's queue                      35
    completed FASTQ records                           2107181
    claimed input bytes                             591053040

  Scheduler counters
    scheduler_next calls                                   44
    RMA ticket attempts                                    49
    attempts against another rank's queue                  40
    tickets beyond the final chunk                          6
    empty aligned chunks                                    0

  Scheduler timing
    MPI_Win_create (setup)                       0.000225 s  (1 calls,   225.202 us/call)
    MPI_Barrier after setup                      0.000090 s  (1 calls,    90.500 us/call)
    scheduler_next total                         1.046257 s  (44 calls, 23778.577 us/call)
      RMA ticket path total                        1.045931 s  (49 calls, 21345.523 us/call)
        MPI_Win_lock                                 0.000206 s  (49 calls,     4.200 us/call)
        MPI_Fetch_and_op                             0.000951 s  (49 calls,    19.418 us/call)
        MPI_Win_unlock                               1.043116 s  (49 calls, 21288.091 us/call)
        RMA call overhead (derived)                  0.001657 s  (49 calls,    33.814 us/call)
      align nominal offsets to FASTQ records       0.000043 s  (43 calls,     1.009 us/call)
      scheduler loop/bookkeeping (derived)         0.000283 s  (44 calls,     6.441 us/call)

  Scheduler teardown timing
    MPI_Barrier (wait for other ranks)           0.335164 s  (1 calls, 335164.122 us/call)
    MPI_Win_free                                 0.000514 s  (1 calls,   514.404 us/call)

  Stage 2 by chunk
    completed chunks                                       43
    accumulated stage 2                             25.068432 s
    average stage 2 per chunk                        0.582987 s
    slowest chunk                                         100
    slowest chunk stage 2                            2.041113 s

    order   chunk  queue        byte range                       bytes      records   stage2(s)
        0       0      0  [           0,     19660888)     19660888        72446    0.741341
        1       7      1  [   137625684,    157286544)     19660860        71235    0.800729
        2      14      2  [   275251428,    294912264)     19660836        70233    0.591562
        3      21      3  [   412876824,    432537864)     19661040        70218    0.807928
        4      28      4  [   550502424,    570163464)     19661040        70218    0.732657
        5      35      5  [   688128024,    707789064)     19661040        70218    0.816165
        6      36      0  [   707789064,    727449824)     19660760        70217    0.672381
        7      43      1  [   845414664,    865075424)     19660760        70217    0.739716
        8      50      2  [   983040264,   1002701024)     19660760        70217    0.705378
        9      57      3  [  1120665864,   1140326624)     19660760        70217    0.796260
       10      64      4  [  1258291464,   1277952224)     19660760        70217    0.794173
       11      71      5  [  1395917064,   1415577824)     19660760        70217    0.652793
       12      72      0  [  1415577824,   1435238584)     19660760        70217    0.673165
       13      79      1  [  1553203424,   1572864184)     19660760        70217    0.895832
       14      86      2  [  1690829024,   1710489784)     19660760        70217    0.656130
       15      93      3  [  1828454624,   1848115384)     19660760        70217    1.260961
       16     100      4  [  1966080224,   1985740984)     19660760        70217    2.041113
       17     107      5  [  2103705824,   2123366584)     19660760        70217    0.759922
       18     108      0  [  2123366584,   2143027344)     19660760        70217    1.249179
       19     115      1  [  2260992184,   2280652944)     19660760        70217    0.753705
       20     122      2  [  2398617784,   2418278544)     19660760        70217    0.624662
       21     129      3  [  2536243384,   2555904144)     19660760        70217    0.665086
       22     136      4  [  2673868984,   2693529744)     19660760        70217    0.932810
       23     143      5  [  2811494520,   2831155272)     19660752        69228    0.775263
       24     144      0  [  2831155272,   2850816024)     19660752        69228    0.803720
       25     151      1  [  2968780820,   2988441856)     19661036        69229    0.866589
       26     158      2  [  3106406652,   3126067404)     19660752        69228    0.686983
       27     177      3  [  3244032200,   3248947388)      4915188        17307    0.170846
       28     184      4  [  3278438516,   3283353704)      4915188        17307    0.178003
       29     191      5  [  3312844832,   3317760020)      4915188        17307    0.180792
       30     192      0  [  3317760020,   3322675208)      4915188        17307    0.169063
       31     187      1  [  3293184080,   3298099268)      4915188        17307    0.206276
       32     194      2  [  3327590680,   3332505868)      4915188        17307    0.157879
       33     201      3  [  3361996996,   3366912184)      4915188        17307    0.177864
       34     208      4  [  3396403312,   3401318500)      4915188        17307    0.169313
       35     209      5  [  3401318500,   3406233688)      4915188        17307    0.223799
       36     210      0  [  3406233688,   3411148876)      4915188        17307    0.202530
       37     217      1  [  3440640004,   3445555476)      4915472        17308    0.203556
       38     254      2  [  3511910656,   3513139240)      1228584         4326    0.174161
       39     255      3  [  3513139240,   3514368108)      1228868         4327    0.098235
       40     262      4  [  3521741032,   3522969616)      1228584         4326    0.076227
       41     269      5  [  3530342540,   3531571408)      1228868         4327    0.071762
       42     270      0  [  3531571408,   3532800276)      1228868         4327    0.111923
==============================================================


================ MPI Dynamic Scheduler Debug =================
  MPI rank: 000001 / 000006

  Work summary
    claimed chunks                                         44
    claimed from this rank's queue                          8
    claimed from another rank's queue                      36
    completed FASTQ records                           2072724
    claimed input bytes                             581221356

  Scheduler counters
    scheduler_next calls                                   45
    RMA ticket attempts                                    50
    attempts against another rank's queue                  41
    tickets beyond the final chunk                          6
    empty aligned chunks                                    0

  Scheduler timing
    MPI_Win_create (setup)                       0.002759 s  (1 calls,  2759.424 us/call)
    MPI_Barrier after setup                      0.000093 s  (1 calls,    92.900 us/call)
    scheduler_next total                         1.196331 s  (45 calls, 26585.128 us/call)
      RMA ticket path total                        1.196142 s  (50 calls, 23922.837 us/call)
        MPI_Win_lock                                 0.000204 s  (50 calls,     4.089 us/call)
        MPI_Fetch_and_op                             0.001249 s  (50 calls,    24.985 us/call)
        MPI_Win_unlock                               1.194606 s  (50 calls, 23892.110 us/call)
        RMA call overhead (derived)                  0.000083 s  (50 calls,     1.653 us/call)
      align nominal offsets to FASTQ records       0.000046 s  (44 calls,     1.037 us/call)
      scheduler loop/bookkeeping (derived)         0.000143 s  (45 calls,     3.183 us/call)

  Scheduler teardown timing
    MPI_Barrier (wait for other ranks)           0.449762 s  (1 calls, 449761.786 us/call)
    MPI_Win_free                                 0.000505 s  (1 calls,   505.404 us/call)

  Stage 2 by chunk
    completed chunks                                       44
    accumulated stage 2                             23.671061 s
    average stage 2 per chunk                        0.537979 s
    slowest chunk                                          15
    slowest chunk stage 2                            1.596505 s

    order   chunk  queue        byte range                       bytes      records   stage2(s)
        0       1      1  [    19660888,     39321660)     19660772        71634    0.622891
        1       8      2  [   157286544,    176947404)     19660860        71235    0.651839
        2      15      3  [   294912264,    314573024)     19660760        70217    1.596505
        3      22      4  [   432537864,    452198624)     19660760        70217    0.685528
        4      29      5  [   570163464,    589824224)     19660760        70217    0.796248
        5      30      0  [   589824224,    609484984)     19660760        70217    0.677025
        6      37      1  [   727449824,    747110584)     19660760        70217    0.822668
        7      44      2  [   865075424,    884736184)     19660760        70217    0.669010
        8      51      3  [  1002701024,   1022361784)     19660760        70217    0.886706
        9      58      4  [  1140326624,   1159987384)     19660760        70217    0.766090
       10      65      5  [  1277952224,   1297612984)     19660760        70217    0.610865
       11      66      0  [  1297612984,   1317273744)     19660760        70217    0.683667
       12      73      1  [  1435238584,   1454899344)     19660760        70217    0.654655
       13      80      2  [  1572864184,   1592524944)     19660760        70217    0.655782
       14      87      3  [  1710489784,   1730150544)     19660760        70217    0.724616
       15      94      4  [  1848115384,   1867776144)     19660760        70217    0.720368
       16     101      5  [  1985740984,   2005401744)     19660760        70217    0.598233
       17     102      0  [  2005401744,   2025062504)     19660760        70217    0.768062
       18     109      1  [  2143027344,   2162688104)     19660760        70217    0.651710
       19     116      2  [  2280652944,   2300313704)     19660760        70217    0.730597
       20     123      3  [  2418278544,   2437939304)     19660760        70217    0.673188
       21     130      4  [  2555904144,   2575564904)     19660760        70217    0.655662
       22     137      5  [  2693529744,   2713190504)     19660760        70217    0.989542
       23     138      0  [  2713190504,   2732851264)     19660760        70217    0.823044
       24     145      1  [  2850816024,   2870477060)     19661036        69229    0.630183
       25     152      2  [  2988441856,   3008102608)     19660752        69228    1.053619
       26     159      3  [  3126067404,   3145728156)     19660752        69228    0.668013
       27     172      4  [  3219456260,   3224371448)      4915188        17307    0.184861
       28     179      5  [  3253862576,   3258777764)      4915188        17307    0.187082
       29     180      0  [  3258777764,   3263692952)      4915188        17307    1.039932
       30     205      1  [  3381657748,   3386572936)      4915188        17307    0.199301
       31     212      2  [  3416064064,   3420979252)      4915188        17307    0.204448
       32     219      3  [  3450470664,   3455385852)      4915188        17307    0.205484
       33     226      4  [  3477504056,   3478732924)      1228868         4327    0.090265
       34     221      5  [  3460301040,   3465216228)      4915188        17307    0.173940
       35     222      0  [  3465216228,   3470131416)      4915188        17307    0.195374
       36     229      1  [  3481190660,   3482419244)      1228584         4326    0.081051
       37     230      2  [  3482419244,   3483648112)      1228868         4327    0.075823
       38     225      3  [  3476275472,   3477504056)      1228584         4326    0.101405
       39     232      4  [  3484876980,   3486105848)      1228868         4327    0.066433
       40     233      5  [  3486105848,   3487334432)      1228584         4326    0.119568
       41     228      0  [  3479961792,   3481190660)      1228868         4327    0.069748
       42     235      1  [  3488563300,   3489792168)      1228868         4327    0.069820
       43     272      2  [  3534028860,   3535257728)      1228868         4327    0.140210
==============================================================


================ MPI Dynamic Scheduler Debug =================
  MPI rank: 000002 / 000006

  Work summary
    claimed chunks                                         50
    claimed from this rank's queue                          9
    claimed from another rank's queue                      41
    completed FASTQ records                           2122745
    claimed input bytes                             595540724

  Scheduler counters
    scheduler_next calls                                   51
    RMA ticket attempts                                    56
    attempts against another rank's queue                  46
    tickets beyond the final chunk                          6
    empty aligned chunks                                    0

  Scheduler timing
    MPI_Win_create (setup)                       0.002850 s  (1 calls,  2849.874 us/call)
    MPI_Barrier after setup                      0.000090 s  (1 calls,    89.850 us/call)
    scheduler_next total                         1.037569 s  (51 calls, 20344.499 us/call)
      RMA ticket path total                        1.037374 s  (56 calls, 18524.527 us/call)
        MPI_Win_lock                                 0.000342 s  (56 calls,     6.103 us/call)
        MPI_Fetch_and_op                             0.001362 s  (56 calls,    24.329 us/call)
        MPI_Win_unlock                               1.035580 s  (56 calls, 18492.491 us/call)
================ MPI Dynamic Scheduler Debug =================
  MPI rank: 000003 / 000006

  Work summary
    claimed chunks                                         45
    claimed from this rank's queue                          8
    claimed from another rank's queue                      37
    completed FASTQ records                           2089635
    claimed input bytes                             586137480

  Scheduler counters
    scheduler_next calls                                   46
    RMA ticket attempts                                    52
    attempts against another rank's queue                  43
    tickets beyond the final chunk                          7
    empty aligned chunks                                    0

  Scheduler timing
    MPI_Win_create (setup)                       0.002689 s  (1 calls,  2688.573 us/call)
    MPI_Barrier after setup                      0.000092 s  (1 calls,    92.450 us/call)
    scheduler_next total                         1.002969 s  (46 calls, 21803.685 us/call)
      RMA ticket path total                        1.002786 s  (52 calls, 19284.353 us/call)
        MPI_Win_lock                                 0.000206 s  (52 calls,     3.955 us/call)
        MPI_Fetch_and_op                             0.001260 s  (52 calls,    24.234 us/call)
        MPI_Win_unlock                               1.001239 s  (52 calls, 19254.603 us/call)
        RMA call overhead (derived)                  0.000081 s  (52 calls,     1.561 us/call)
      align nominal offsets to FASTQ records       0.000048 s  (45 calls,     1.058 us/call)
      scheduler loop/bookkeeping (derived)         0.000136 s  (46 calls,     2.947 us/call)

  Scheduler teardown timing
    MPI_Barrier (wait for other ranks)           0.633293 s  (1 calls, 633293.031 us/call)
    MPI_Win_free                                 0.000511 s  (1 calls,   511.054 us/call)

  Stage 2 by chunk
    completed chunks                                       45
    accumulated stage 2                             23.044342 s
    average stage 2 per chunk                        0.512096 s
    slowest chunk                                          89
    slowest chunk stage 2                            1.363335 s

    order   chunk  queue        byte range                       bytes      records   stage2(s)
        0       3      3  [    58982520,     78643380)     19660860        71235    0.736747
        1      10      4  [   196608264,    216268848)     19660584        71234    0.645377
        2      17      5  [   334233784,    353894544)     19660760        70217    0.704736
        3      18      0  [   353894544,    373555304)     19660760        70217    0.758992
        4      25      1  [   491520144,    511180904)     19660760        70217    0.805424
        5      32      2  [   629145744,    648806504)     19660760        70217    0.825514
        6      39      3  [   766771344,    786432104)     19660760        70217    0.580987
        7      46      4  [   904396944,    924057704)     19660760        70217    0.619882
        8      53      5  [  1042022544,   1061683304)     19660760        70217    0.734451
        9      54      0  [  1061683304,   1081344064)     19660760        70217    0.714392
       10      61      1  [  1199308904,   1218969664)     19660760        70217    0.817886
       11      68      2  [  1336934504,   1356595264)     19660760        70217    0.697871
       12      75      3  [  1474560104,   1494220864)     19660760        70217    0.772868
       13      82      4  [  1612185704,   1631846464)     19660760        70217    0.822577
       14      89      5  [  1749811304,   1769472064)     19660760        70217    1.363335
       15      90      0  [  1769472064,   1789132824)     19660760        70217    0.929016
       16      97      1  [  1907097664,   1926758424)     19660760        70217    0.634468
       17     104      2  [  2044723264,   2064384024)     19660760        70217    0.932309
       18     111 
================ MPI Dynamic Scheduler Debug =================
  MPI rank: 000004 / 000006

  Work summary
    claimed chunks                                         44
    claimed from this rank's queue                          8
    claimed from another rank's queue                      36
    completed FASTQ records                           2112292
    claimed input bytes                             592283036

  Scheduler counters
    scheduler_next calls                                   45
    RMA ticket attempts                                    50
    attempts against another rank's queue                  41
    tickets beyond the final chunk                          6
    empty aligned chunks                                    0

  Scheduler timing
    MPI_Win_create (setup)                       0.002851 s  (1 calls,  2851.174 us/call)
    MPI_Barrier after setup                      0.000014 s  (1 calls,    14.450 us/call)
    scheduler_next total                         1.172300 s  (45 calls, 26051.116 us/call)
      RMA ticket path total                        1.171763 s  (50 calls, 23435.251 us/call)
        MPI_Win_lock                                 0.000206 s  (50 calls,     4.112 us/call)
        MPI_Fetch_and_op                             0.001161 s  (50 calls,    23.212 us/call)
        MPI_Win_unlock                               1.169446 s  (50 calls, 23388.929 us/call)
        RMA call overhead (derived)                  0.000950 s  (50 calls,    18.998 us/call)
      align nominal offsets to FASTQ records       0.000053 s  (44 calls,     1.207 us/call)
      scheduler loop/bookkeeping (derived)         0.000485 s  (45 calls,    10.768 us/call)

  Scheduler teardown timing
    MPI_Barrier (wait for other ranks)           0.369807 s  (1 calls, 369806.963 us/call)
    MPI_Win_free                                 0.000513 s  (1 calls,   512.554 us/call)

  Stage 2 by chunk
    completed chunks                                       44
    accumulated stage 2                             22.269612 s
    average stage 2 per chunk                        0.506128 s
    slowest chunk                                          48
    slowest chunk stage 2                            0.922541 s

    order   chunk  queue        byte range                       bytes      records   stage2(s)
        0       4      4  [    78643380,     98304240)     19660860        71235    0.819498
        1      11      5  [   216268848,    235929708)     19660860        71235    0.673550
        2      12      0  [   235929708,    255590568)     19660860        71235    0.714944
        3      19      1  [   373555304,    393216064)     19660760        70217    0.788831
        4      26      2  [   511180904,    530841664)     19660760        70217    0.825405
        5      33      3  [   648806504,    668467264)     19660760        70217    0.671792
        6      40      4  [   786432104,    806092864)     19660760        70217    0.675308
        7      47      5  [   924057704,    943718464)     19660760        70217    0.798701
        8      48      0  [   943718464,    963379224)     19660760        70217    0.922541
        9      55      1  [  1081344064,   1101004824)     19660760        70217    0.819426
       10      62      2  [  1218969664,   1238630424)     19660760        70217    0.632234
       11      69      3  [  1356595264,   1376256024)     19660760        70217    0.721704
       12      76      4  [  1494220864,   1513881624)     19660760        70217    0.656549
       13      83      5  [  1631846464,   1651507224)     19660760        70217    0.739474
       14      84      0  [  1651507224,   1671168264)     19661040        70218    0.822253
       15      91      1  [  1789132824,   1808793864)     19661040        70218    0.704069
       16      98      2  [  1926758424,   1946419464)     19661040        70218    0.613235
       17     105      3  [  2064384024,   2084045064)     19661040        70218    0.664666
       18     112 
================ MPI Dynamic Scheduler Debug =================
  MPI rank: 000005 / 000006

  Work summary
    claimed chunks                                         48
    claimed from this rank's queue                          8
    claimed from another rank's queue                      40
    completed FASTQ records                           2102834
    claimed input bytes                             589824676

  Scheduler counters
    scheduler_next calls                                   49
    RMA ticket attempts                                    57
    attempts against another rank's queue                  47
    tickets beyond the final chunk                          9
    empty aligned chunks                                    0

  Scheduler timing
    MPI_Win_create (setup)                       0.002807 s  (1 calls,  2806.774 us/call)
    MPI_Barrier after setup                      0.000094 s  (1 calls,    93.850 us/call)
    scheduler_next total                         1.374996 s  (49 calls, 28061.152 us/call)
      RMA ticket path total                        1.374788 s  (57 calls, 24119.083 us/call)
        MPI_Win_lock                                 0.000223 s  (57 calls,     3.906 us/call)
        MPI_Fetch_and_op                             0.001053 s  (57 calls,    18.465 us/call)
        MPI_Win_unlock                               1.369673 s  (57 calls, 24029.353 us/call)
        RMA call overhead (derived)                  0.003839 s  (57 calls,    67.358 us/call)
      align nominal offsets to FASTQ records       0.000048 s  (48 calls,     1.000 us/call)
      scheduler loop/bookkeeping (derived)         0.000161 s  (49 calls,     3.281 us/call)

  Scheduler teardown timing
    MPI_Barrier (wait for other ranks)           0.000020 s  (1 calls,    20.500 us/call)
    MPI_Win_free                                 0.000507 s  (1 calls,   507.204 us/call)

  Stage 2 by chunk
    completed chunks                                       48
    accumulated stage 2                             23.984722 s
    average stage 2 per chunk                        0.499682 s
    slowest chunk                                          27
    slowest chunk stage 2                            1.888222 s

    order   chunk  queue        byte range                       bytes      records   stage2(s)
        0       5      5  [    98304240,    117964824)     19660584        71234    0.813946
        1       6      0  [   117964824,    137625684)     19660860        71235    0.812180
        2      13      1  [   255590568,    275251428)     19660860        71235    0.824386
        3      20      2  [   393216064,    412876824)     19660760        70217    0.793142
        4      27      3  [   530841664,    550502424)     19660760        70217    1.888222
        5      34      4  [   668467264,    688128024)     19660760        70217    0.745565
        6      41      5  [   806092864,    825753624)     19660760        70217    0.739884
        7      42      0  [   825753624,    845414664)     19661040        70218    0.822078
        8      49      1  [   963379224,    983040264)     19661040        70218    0.986300
        9      56      2  [  1101004824,   1120665864)     19661040        70218    0.739644
       10      63      3  [  1238630424,   1258291464)     19661040        70218    0.633653
       11      70      4  [  1376256024,   1395917064)     19661040        70218    1.017104
       12      77      5  [  1513881624,   1533542664)     19661040        70218    0.693288
       13      78      0  [  1533542664,   1553203424)     19660760        70217    0.820924
       14      85      1  [  1671168264,   1690829024)     19660760        70217    0.776165
       15      92      2  [  1808793864,   1828454624)     19660760        70217    0.625995
       16      99      3  [  1946419464,   1966080224)     19660760        70217    0.614759
       17     106      4  [  2084045064,   2103705824)     19660760        70217    0.795335
       18     113  
        RMA call overhead (derived)                  0.000090 s  (56 calls,     1.604 us/call)
      align nominal offsets to FASTQ records       0.000050 s  (50 calls,     0.993 us/call)
      scheduler loop/bookkeeping (derived)         0.000146 s  (51 calls,     2.868 us/call)

  Scheduler teardown timing
    MPI_Barrier (wait for other ranks)           0.063687 s  (1 calls, 63686.736 us/call)
    MPI_Win_free                                 0.000054 s  (1 calls,    53.850 us/call)

  Stage 2 by chunk
    completed chunks                                       50
    accumulated stage 2                             24.115486 s
    average stage 2 per chunk                        0.482310 s
    slowest chunk                                          81
    slowest chunk stage 2                            1.771916 s

    order   chunk  queue        byte range                       bytes      records   stage2(s)
        0       2      2  [    39321660,     58982520)     19660860        71235    0.662913
        1       9      3  [   176947404,    196608264)     19660860        71235    0.674045
        2      16      4  [   314573024,    334233784)     19660760        70217    0.869974
        3      23      5  [   452198624,    471859384)     19660760        70217    0.684129
        4      24      0  [   471859384,    491520144)     19660760        70217    0.669355
        5      31      1  [   609484984,    629145744)     19660760        70217    0.842221
        6      38      2  [   747110584,    766771344)     19660760        70217    0.741258
        7      45      3  [   884736184,    904396944)     19660760        70217    0.889591
        8      52      4  [  1022361784,   1042022544)     19660760        70217    0.883934
        9      59      5  [  1159987384,   1179648144)     19660760        70217    0.854148
       10      60      0  [  1179648144,   1199308904)     19660760        70217    0.622936
       11      67      1  [  1317273744,   1336934504)     19660760        70217    0.854161
       12      74      2  [  1454899344,   1474560104)     19660760        70217    0.692932
       13      81      3  [  1592524944,   1612185704)     19660760        70217    1.771916
       14      88      4  [  1730150544,   1749811304)     19660760        70217    0.852798
       15      95      5  [  1867776144,   1887436904)     19660760        70217    0.667066
       16      96      0  [  1887436904,   1907097664)     19660760        70217    0.804223
       17     103      1  [  2025062504,   2044723264)     19660760        70217    0.787357
       18     110      2  [  2162688104,   2182348864)     19660760        70217    0.738033
       19     117      3  [  2300313704,   2319974464)     19660760        70217    0.715858
       20     124      4  [  2437939304,   2457600064)     19660760        70217    0.658744
       21     131      5  [  2575564904,   2595225664)     19660760        70217    0.681441
       22     132      0  [  2595225664,   2614886424)     19660760        70217    0.596074
       23     139      1  [  2732851264,   2752512024)     19660760        70217    0.921629
       24     146      2  [  2870477060,   2890137812)     19660752        69228    0.667392
       25     153      3  [  3008102608,   3027763360)     19660752        69228    0.676296
       26     160      4  [  3145728156,   3165388908)     19660752        69228    0.578016
       27     167      5  [  3194880036,   3199795224)      4915188        17307    0.183826
       28     168      0  [  3199795224,   3204710412)      4915188        17307    0.202963
       29     175      1  [  3234201824,   3239117012)      4915188        17307    0.195718
       30     182      2  [  3268608140,   3273523328)      4915188        17307    0.226517
       31     189      3  [  3303014456,   3307929644)      4915188        17307    0.207794
       32     196      4  [  3337421056,   3342336244)      4915188        17307    0.192418
       33     203      5  [  3371827372,   337674256     3  [  2182348864,   2202009624)     19660760        70217    0.694432
       19     118      4  [  2319974464,   2339635224)     19660760        70217    0.673138
       20     125      5  [  2457600064,   2477260824)     19660760        70217    0.597279
       21     126      0  [  2477260824,   2496921864)     19661040        70218    0.946248
       22     133      1  [  2614886424,   2634547464)     19661040        70218    0.653888
       23     140      2  [  2752512024,   2772173064)     19661040        70218    0.922931
       24     147      3  [  2890137812,   2909798564)     19660752        69228    0.582814
       25     154      4  [  3027763360,   3047424112)     19660752        69228    0.706795
       26     161      5  [  3165388908,   3170304096)      4915188        17307    0.179454
       27     162      0  [  3170304096,   3175219284)      4915188        17307    0.194414
       28     169      1  [  3204710412,   3209625600)      4915188        17307    0.256892
       29     176      2  [  3239117012,   3244032200)      4915188        17307    0.167153
       30     183      3  [  3273523328,   3278438516)      4915188        17307    0.241977
       31     190      4  [  3307929644,   3312844832)      4915188        17307    0.167823
       32     197      5  [  3342336244,   3347251432)      4915188        17307    0.204905
       33     198      0  [  3347251432,   3352166620)      4915188        17307    0.173922
       34     199      1  [  3352166620,   3357081808)      4915188        17307    0.185995
       35     206      2  [  3386572936,   3391488124)      4915188        17307    0.159477
       36     213      3  [  3420979252,   3425894440)      4915188        17307    0.165299
       37     220      4  [  3455385852,   3460301040)      4915188        17307    0.231456
       38     227      5  [  3478732924,   3479961792)      1228868         4327    0.075664
       39     216      0  [  3435724816,   3440640004)      4915188        17307    0.171710
       40     223      1  [  3470131416,   3475046604)      4915188        17307    0.218972
       41     224      2  [  3475046604,   3476275472)      1228868         4327    0.140719
       42     261      3  [  3520512164,   3521741032)      1228868         4327    0.064778
       43     268      4  [  3529113672,   3530342540)      1228868         4327    0.097447
       44     264      0  [  3524198484,   3525427352)      1228868         4327    0.071928
==============================================================


====================== SWBWA Output Debug =====================
  MPI rank: 000003 / 000006
  mode:     MPI split
  path:     bigdata_mpi_results/mpi_dynamic_split/has1/SRR2496709_SE.rank000003.sam

  Output volume
    output buffer capacity                           67108864
    swbwa_output_write calls                         2089635
    submitted SAM bytes                            608686029
    buffered flushes                                      10
    buffered flush bytes                           608686029
    direct oversized writes                                0
    direct oversized bytes                                 0

  Buffering
    buffered flush total                        28.271670 s  (10 calls, 2827167.043 us/call)

  POSIX file writes
    write system calls                                     10
    write system-call bytes                         608686029
    POSIX write system calls                    28.271648 s  (10 calls, 2827164.767 us/call)
    POSIX write effective bandwidth                20.533 MiB/s

  Output close timing
    POSIX close                                  0.000835 s  (1 calls,   835.107 us/call)
================================================================

     4  [  2202009624,   2221670664)     19661040        70218    0.705619
       19     119      5  [  2339635224,   2359296264)     19661040        70218    0.775296
       20     120      0  [  2359296264,   2378957024)     19660760        70217    0.810343
       21     127      1  [  2496921864,   2516582624)     19660760        70217    0.650675
       22     134      2  [  2634547464,   2654208224)     19660760        70217    0.921652
       23     141      3  [  2772173064,   2791833824)     19660760        70217    0.629673
       24     148      4  [  2909798564,   2929459316)     19660752        69228    0.592870
       25     155      5  [  3047424112,   3067084864)     19660752        69228    0.580646
       26     156      0  [  3067084864,   3086745616)     19660752        69228    0.573342
       27     163      1  [  3175219284,   3180134472)      4915188        17307    0.169597
       28     170      2  [  3209625600,   3214541072)      4915472        17308    0.249398
       29     171      3  [  3214541072,   3219456260)      4915188        17307    0.226539
       30     178      4  [  3248947388,   3253862576)      4915188        17307    0.213907
       31     185      5  [  3283353704,   3288268892)      4915188        17307    0.200361
       32     186      0  [  3288268892,   3293184080)      4915188        17307    0.232275
       33     193      1  [  3322675208,   3327590680)      4915472        17308    0.192243
       34     200      2  [  3357081808,   3361996996)      4915188        17307    0.197547
       35     207      3  [  3391488124,   3396403312)      4915188        17307    0.192810
       36     214      4  [  3425894440,   3430809628)      4915188        17307    0.182991
       37     215      5  [  3430809628,   3435724816)      4915188        17307    0.166294
       38     246      0  [  3502080280,   3503308864)      1228584         4326    0.064952
       39     253      1  [  3510681788,   3511910656)      1228868         4327    0.107906
       40     248      2  [  3504537732,   3505766600)      1228868         4327    0.069208
       41     249      3  [  3505766600,   3506995468)      1228868         4327    0.131318
       42     256      4  [  3514368108,   3515596976)      1228868         4327    0.072651
       43     263      5  [  3522969616,   3524198484)      1228868         4327    0.095320
==============================================================


====================== SWBWA Output Debug =====================
  MPI rank: 000004 / 000006
  mode:     MPI split
  path:     bigdata_mpi_results/mpi_dynamic_split/has1/SRR2496709_SE.rank000004.sam

  Output volume
    output buffer capacity                           67108864
    swbwa_output_write calls                         2112292
    submitted SAM bytes                            616334542
    buffered flushes                                      10
    buffered flush bytes                           616334542
    direct oversized writes                                0
    direct oversized bytes                                 0

  Buffering
    buffered flush total                        29.934194 s  (10 calls, 2993419.407 us/call)

  POSIX file writes
    write system calls                                     10
    write system-call bytes                         616334542
    POSIX write system calls                    29.934169 s  (10 calls, 2993416.892 us/call)
    POSIX write effective bandwidth                19.636 MiB/s

  Output close timing
    POSIX close                                  0.000848 s  (1 calls,   848.257 us/call)
================================================================


====================== SWBWA Output Debug =====================
  MPI rank: 000000 / 000006
  mode:     MPI split
  path:     bigdata_mpi_results/mpi_dynamic_split/has1/SRR2496709_SE.rank000000.sam

  Output volume
    output buffer capacity                           67108864
    swbwa_output_write calls                         2107181
    submitted SAM bytes                            613255377
    buffered flushes                                      10
    buffered flush bytes                           613255377
    direct oversized writes                                0
    direct oversized bytes                                 0

  Buffering
    buffered flush total                        28.713766 s  (10 calls, 2871376.634 us/call)

  POSIX file writes
    write system calls                                     10
    write system-call bytes                         613255377
    POSIX write system calls                    28.713744 s  (10 calls, 2871374.369 us/call)
    POSIX write effective bandwidth                20.368 MiB/s

  Output close timing
    POSIX close                                  0.001754 s  (1 calls,  1754.415 us/call)
================================================================


====================== SWBWA Output Debug =====================
  MPI rank: 000001 / 000006
  mode:     MPI split
  path:     bigdata_mpi_results/mpi_dynamic_split/has1/SRR2496709_SE.rank000001.sam

  Output volume
    output buffer capacity                           67108864
    swbwa_output_write calls                         2072724
    submitted SAM bytes                            605536020
    buffered flushes                                      10
    buffered flush bytes                           605536020
    direct oversized writes                                0
    direct oversized bytes                                 0

  Buffering
    buffered flush total                        28.702819 s  (10 calls, 2870281.895 us/call)

  POSIX file writes
    write system calls                                     10
    write system-call bytes                         605536020
    POSIX write system calls                    28.702797 s  (10 calls, 2870279.660 us/call)
    POSIX write effective bandwidth                20.119 MiB/s

  Output close timing
    POSIX close                                  0.000862 s  (1 calls,   862.258 us/call)
================================================================

0)      4915188        17307    0.192797
       34     204      0  [  3376742560,   3381657748)      4915188        17307    0.163406
       35     211      1  [  3411148876,   3416064064)      4915188        17307    0.169379
       36     218      2  [  3445555476,   3450470664)      4915188        17307    0.172262
       37     231      3  [  3483648112,   3484876980)      1228868         4327    0.071746
       38     238      4  [  3492249620,   3493478488)      1228868         4327    0.071026
       39     245      5  [  3500851412,   3502080280)      1228868         4327    0.114739
       40     240      0  [  3494707356,   3495936224)      1228868         4327    0.112272
       41     247      1  [  3503308864,   3504537732)      1228868         4327    0.065944
       42     242      2  [  3497164808,   3498393676)      1228868         4327    0.139956
       43     243      3  [  3498393676,   3499622544)      1228868         4327    0.068298
       44     250      4  [  3506995468,   3508224052)      1228584         4326    0.077335
       45     257      5  [  3515596976,   3516825844)      1228868         4327    0.091482
       46     258      0  [  3516825844,   3518054428)      1228584         4326    0.064203
       47     265      1  [  3525427352,   3526656220)      1228868         4327    0.063118
       48     266      2  [  3526656220,   3527884804)      1228584         4326    0.077761
       49     273      3  [  3535257728,   3536060312)       802584         2826    0.132085
==============================================================


====================== SWBWA Output Debug =====================
  MPI rank: 000002 / 000006
  mode:     MPI split
  path:     bigdata_mpi_results/mpi_dynamic_split/has1/SRR2496709_SE.rank000002.sam

  Output volume
    output buffer capacity                           67108864
    swbwa_output_write calls                         2122745
    submitted SAM bytes                            622848446
    buffered flushes                                      10
    buffered flush bytes                           622848446
    direct oversized writes                                0
    direct oversized bytes                                 0

  Buffering
    buffered flush total                        29.229981 s  (10 calls, 2922998.129 us/call)

  POSIX file writes
    write system calls                                     10
    write system-call bytes                         622848446
    POSIX write system calls                    29.229956 s  (10 calls, 2922995.619 us/call)
    POSIX write effective bandwidth                20.321 MiB/s

  Output close timing
    POSIX close                                  0.001474 s  (1 calls,  1473.913 us/call)
================================================================

    5  [  2221670664,   2241331424)     19660760        70217    0.736966
       19     114      0  [  2241331424,   2260992184)     19660760        70217    0.611414
       20     121      1  [  2378957024,   2398617784)     19660760        70217    0.665494
       21     128      2  [  2516582624,   2536243384)     19660760        70217    0.753015
       22     135      3  [  2654208224,   2673868984)     19660760        70217    0.760374
       23     142      4  [  2791833824,   2811494520)     19660696        69415    0.587779
       24     149      5  [  2929459316,   2949120068)     19660752        69228    0.668370
       25     150      0  [  2949120068,   2968780820)     19660752        69228    0.676871
       26     157      1  [  3086745616,   3106406652)     19661036        69229    0.581893
       27     164      2  [  3180134472,   3185049660)      4915188        17307    0.158411
       28     165      3  [  3185049660,   3189964848)      4915188        17307    0.187377
       29     166      4  [  3189964848,   3194880036)      4915188        17307    0.195296
       30     173      5  [  3224371448,   3229286636)      4915188        17307    0.178544
       31     174      0  [  3229286636,   3234201824)      4915188        17307    0.219177
       32     181      1  [  3263692952,   3268608140)      4915188        17307    0.247335
       33     188      2  [  3298099268,   3303014456)      4915188        17307    0.212490
       34     195      3  [  3332505868,   3337421056)      4915188        17307    0.188544
       35     202      4  [  3366912184,   3371827372)      4915188        17307    0.182020
       36     239      5  [  3493478488,   3494707356)      1228868         4327    0.099602
       37     234      0  [  3487334432,   3488563300)      1228868         4327    0.069151
       38     241      1  [  3495936224,   3497164808)      1228584         4326    0.064161
       39     236      2  [  3489792168,   3491021036)      1228868         4327    0.078530
       40     237      3  [  3491021036,   3492249620)      1228584         4326    0.065416
       41     244      4  [  3499622544,   3500851412)      1228868         4327    0.071063
       42     251      5  [  3508224052,   3509452920)      1228868         4327    0.130614
       43     252      0  [  3509452920,   3510681788)      1228868         4327    0.072024
       44     259      1  [  3518054428,   3519283296)      1228868         4327    0.065005
       45     260      2  [  3519283296,   3520512164)      1228868         4327    0.066123
       46     267      3  [  3527884804,   3529113672)      1228868         4327    0.111339
       47     271      1  [  3532800276,   3534028860)      1228584         4326    0.137755
==============================================================


====================== SWBWA Output Debug =====================
  MPI rank: 000005 / 000006
  mode:     MPI split
  path:     bigdata_mpi_results/mpi_dynamic_split/has1/SRR2496709_SE.rank000005.sam

  Output volume
    output buffer capacity                           67108864
    swbwa_output_write calls                         2102834
    submitted SAM bytes                            619129605
    buffered flushes                                      10
    buffered flush bytes                           619129605
    direct oversized writes                                0
    direct oversized bytes                                 0

  Buffering
    buffered flush total                        28.907670 s  (10 calls, 2890766.983 us/call)

  POSIX file writes
    write system calls                                     10
    write system-call bytes                         619129605
    POSIX write system calls                    28.907645 s  (10 calls, 2890764.528 us/call)
    POSIX write effective bandwidth                20.425 MiB/s

  Output close timing
    POSIX close                                  0.000685 s  (1 calls,   684.506 us/call)
================================================================


================ MPI Progress Thread Debug =================
  MPI rank: 000005 / 000006
  lifetime                                       72.370417 s
  MPI_Iprobe calls                                    7229
  MPI_Iprobe total                                0.093454 s
  MPI_Iprobe average                                12.928 us
  MPI_Iprobe maximum                              0.001750 s
  calls >= 1 ms                                          6
  calls >= 10 ms                                         0
  calls >= 100 ms                                        0
  calls >= 1 s                                           0
============================================================


================ SWBWA CPE/MPI Progress Debug ================
  MPI rank: 000005 / 000006

    phase                      waits     probes   total(s)    avg(us)    max(s)   >=1ms   >=10ms   >=100ms    >=1s  completed
    FASTQ formatting              48          0      0.000      0.000     0.000       0        0         0       0          0
    alignment and SAM length      48          0      0.000      0.000     0.000       0        0         0       0          0
    SAM record generation         48          0      0.000      0.000     0.000       0        0         0       0          0
    all CPE phases               144          0      0.000      0.000     0.000       0        0         0       0          0

  Probes marked 'completed' returned with the CPE completion
  flag set. Their full call duration bounds the possible delay.
    completion-observing probe total               0.000000 s
    slowest completion-observing probe             0.000000 s
==============================================================


======================= SWBWA Timing Report =======================
  MPI rank: 000005 / 000006
  Accumulated wall-clock time; indented rows are included in
  their parent row and must not be added to it.

  Pipeline
    total - complete three-stage pipeline                    72.371 s
    stage 1 - allocate and read raw FASTQ blocks             17.193 s
    stage 2 - align reads and generate SAM records           23.985 s
    stage 3 - write SAM and release batch data               30.703 s
      SAM output writes                                        29.908 s
      batch cleanup and loop overhead (derived)                 0.795 s

  Stage 1 input details
    batches completed / stage calls                      48 / 49
    input-buffer and batch allocations                        0.000 s  (97 calls, max 0.000 s)
    aggregate requested allocation bytes            589876964
    FASTQ fseeko calls                                        2.365 s  (48 calls, max 0.213 s)
    FASTQ fread calls                                        13.440 s  (48 calls, max 0.913 s)
    align chunk ends to FASTQ record boundaries               0.000 s  (0 calls, max 0.000 s)
    scheduler, checks and bookkeeping (derived)               1.388 s
    raw FASTQ bytes read                            589824676  (562.501 MiB)
    effective fread bandwidth                         41.854 MiB/s
    slowest allocation                                 0.000 s  (4916212 bytes)
    slowest fread                                      0.913 s  (R1 offset=98304240, bytes=19660584)

  Stage 2 worker details
    total - active merge worker                              23.970 s
      part 1 - prepare CPE task and reusable buffers            0.567 s
      part 2 - CPE FASTQ formatting and input release           0.464 s
      part 3 - CPE alignment and SAM length pass               22.188 s
      part 4 - assign slices in the shared SAM buffer           0.158 s
      part 5 - CPE SAM record generation                        0.578 s
      part 6 - release temporary worker data                    0.003 s

  Reserved allocator timers (no active timing sites)
    malloc timer                                              0.000 s
    free timer                                 
================ MPI Progress Thread Debug =================
  MPI rank: 000000 / 000006
  lifetime                                       72.364745 s
  MPI_Iprobe calls                                    7232
  MPI_Iprobe total                                0.141862 s
  MPI_Iprobe average                                19.616 us
  MPI_Iprobe maximum                              0.002784 s
  calls >= 1 ms                                         14
  calls >= 10 ms                                         0
  calls >= 100 ms                                        0
  calls >= 1 s                                           0
============================================================


================ SWBWA CPE/MPI Progress Debug ================
  MPI rank: 000000 / 000006

    phase                      waits     probes   total(s)    avg(us)    max(s)   >=1ms   >=10ms   >=100ms    >=1s  completed
    FASTQ formatting              43          0      0.000      0.000     0.000       0        0         0       0          0
    alignment and SAM length      43          0      0.000      0.000     0.000       0        0         0       0          0
    SAM record generation         43          0      0.000      0.000     0.000       0        0         0       0          0
    all CPE phases               129          0      0.000      0.000     0.000       0        0         0       0          0

  Probes marked 'completed' returned with the CPE completion
  flag set. Their full call duration bounds the possible delay.
    completion-observing probe total               0.000000 s
    slowest completion-observing probe             0.000000 s
==============================================================


======================= SWBWA Timing Report =======================
  MPI rank: 000000 / 000006
  Accumulated wall-clock time; indented rows are included in
  their parent row and must not be added to it.

  Pipeline
    total - complete three-stage pipeline                    72.365 s
    stage 1 - allocate and read raw FASTQ blocks             15.602 s
    stage 2 - align reads and generate SAM records           25.068 s
    stage 3 - write SAM and release batch data               31.038 s
      SAM output writes                                        30.086 s
      batch cleanup and loop overhead (derived)                 0.952 s

  Stage 1 input details
    batches completed / stage calls                      43 / 44
    input-buffer and batch allocations                        0.002 s  (87 calls, max 0.002 s)
    aggregate requested allocation bytes            591099888
    FASTQ fseeko calls                                        2.112 s  (43 calls, max 0.170 s)
    FASTQ fread calls                                        12.431 s  (43 calls, max 0.829 s)
    align chunk ends to FASTQ record boundaries               0.000 s  (0 calls, max 0.000 s)
    scheduler, checks and bookkeeping (derived)               1.056 s
    raw FASTQ bytes read                            591053040  (563.672 MiB)
    effective fread bandwidth                         45.343 MiB/s
    slowest allocation                                 0.002 s  (19661784 bytes)
    slowest fread                                      0.829 s  (R1 offset=0, bytes=19660888)

  Stage 2 worker details
    total - active merge worker                              25.060 s
      part 1 - prepare CPE task and reusable buffers            0.594 s
      part 2 - CPE FASTQ formatting and input release           0.408 s
      part 3 - CPE alignment and SAM length pass               23.357 s
      part 4 - assign slices in the shared SAM buffer           0.153 s
      part 5 - CPE SAM record generation                        0.541 s
      part 6 - release temporary worker data                    0.001 s

  Reserved allocator timers (no active timing sites)
    malloc timer                                              0.000 s
    free timer                                                0.000 s
=============
================ MPI Progress Thread Debug =================
  MPI rank: 000001 / 000006
  lifetime                                       72.370313 s
  MPI_Iprobe calls                                    7229
  MPI_Iprobe total                                0.101389 s
  MPI_Iprobe average                                14.025 us
  MPI_Iprobe maximum                              0.001618 s
  calls >= 1 ms                                          3
  calls >= 10 ms                                         0
  calls >= 100 ms                                        0
  calls >= 1 s                                           0
============================================================


================ SWBWA CPE/MPI Progress Debug ================
  MPI rank: 000001 / 000006

    phase                      waits     probes   total(s)    avg(us)    max(s)   >=1ms   >=10ms   >=100ms    >=1s  completed
    FASTQ formatting              44          0      0.000      0.000     0.000       0        0         0       0          0
    alignment and SAM length      44          0      0.000      0.000     0.000       0        0         0       0          0
    SAM record generation         44          0      0.000      0.000     0.000       0        0         0       0          0
    all CPE phases               132          0      0.000      0.000     0.000       0        0         0       0          0

  Probes marked 'completed' returned with the CPE completion
  flag set. Their full call duration bounds the possible delay.
    completion-observing probe total               0.000000 s
    slowest completion-observing probe             0.000000 s
==============================================================


======================= SWBWA Timing Report =======================
  MPI rank: 000001 / 000006
  Accumulated wall-clock time; indented rows are included in
  their parent row and must not be added to it.

  Pipeline
    total - complete three-stage pipeline                    72.371 s
    stage 1 - allocate and read raw FASTQ blocks             17.246 s
    stage 2 - align reads and generate SAM records           23.671 s
    stage 3 - write SAM and release batch data               30.917 s
      SAM output writes                                        30.120 s
      batch cleanup and loop overhead (derived)                 0.797 s

  Stage 1 input details
    batches completed / stage calls                      44 / 45
    input-buffer and batch allocations                        0.000 s  (89 calls, max 0.000 s)
    aggregate requested allocation bytes            581269292
    FASTQ fseeko calls                                        2.178 s  (44 calls, max 0.161 s)
    FASTQ fread calls                                        13.862 s  (44 calls, max 0.819 s)
    align chunk ends to FASTQ record boundaries               0.000 s  (0 calls, max 0.000 s)
    scheduler, checks and bookkeeping (derived)               1.206 s
    raw FASTQ bytes read                            581221356  (554.296 MiB)
    effective fread bandwidth                         39.987 MiB/s
    slowest allocation                                 0.000 s  (19661784 bytes)
    slowest fread                                      0.819 s  (R1 offset=19660888, bytes=19660772)

  Stage 2 worker details
    total - active merge worker                              23.658 s
      part 1 - prepare CPE task and reusable buffers            0.536 s
      part 2 - CPE FASTQ formatting and input release           0.418 s
      part 3 - CPE alignment and SAM length pass               21.990 s
      part 4 - assign slices in the shared SAM buffer           0.152 s
      part 5 - CPE SAM record generation                        0.550 s
      part 6 - release temporary worker data                    0.002 s

  Reserved allocator timers (no active timing sites)
    malloc timer                                              0.000 s
    free timer                                                0.000 s
======
================ MPI Progress Thread Debug =================
  MPI rank: 000002 / 000006
  lifetime                                       72.365201 s
  MPI_Iprobe calls                                    7226
  MPI_Iprobe total                                0.093155 s
  MPI_Iprobe average                                12.892 us
  MPI_Iprobe maximum                              0.002147 s
  calls >= 1 ms                                          4
  calls >= 10 ms                                         0
  calls >= 100 ms                                        0
  calls >= 1 s                                           0
============================================================


================ SWBWA CPE/MPI Progress Debug ================
  MPI rank: 000002 / 000006

    phase                      waits     probes   total(s)    avg(us)    max(s)   >=1ms   >=10ms   >=100ms    >=1s  completed
    FASTQ formatting              50          0      0.000      0.000     0.000       0        0         0       0          0
    alignment and SAM length      50          0      0.000      0.000     0.000       0        0         0       0          0
    SAM record generation         50          0      0.000      0.000     0.000       0        0         0       0          0
    all CPE phases               150          0      0.000      0.000     0.000       0        0         0       0          0

  Probes marked 'completed' returned with the CPE completion
  flag set. Their full call duration bounds the possible delay.
    completion-observing probe total               0.000000 s
    slowest completion-observing probe             0.000000 s
==============================================================


======================= SWBWA Timing Report =======================
  MPI rank: 000002 / 000006
  Accumulated wall-clock time; indented rows are included in
  their parent row and must not be added to it.

  Pipeline
    total - complete three-stage pipeline                    72.366 s
    stage 1 - allocate and read raw FASTQ blocks             16.782 s
    stage 2 - align reads and generate SAM records           24.115 s
    stage 3 - write SAM and release batch data               30.810 s
      SAM output writes                                        30.059 s
      batch cleanup and loop overhead (derived)                 0.751 s

  Stage 1 input details
    batches completed / stage calls                      50 / 51
    input-buffer and batch allocations                        0.003 s  (101 calls, max 0.002 s)
    aggregate requested allocation bytes            595595188
    FASTQ fseeko calls                                        2.885 s  (50 calls, max 0.223 s)
    FASTQ fread calls                                        12.845 s  (50 calls, max 0.903 s)
    align chunk ends to FASTQ record boundaries               0.000 s  (0 calls, max 0.000 s)
    scheduler, checks and bookkeeping (derived)               1.049 s
    raw FASTQ bytes read                            595540724  (567.952 MiB)
    effective fread bandwidth                         44.215 MiB/s
    slowest allocation                                 0.002 s  (19661784 bytes)
    slowest fread                                      0.903 s  (R1 offset=39321660, bytes=19660860)

  Stage 2 worker details
    total - active merge worker                              24.111 s
      part 1 - prepare CPE task and reusable buffers            0.591 s
      part 2 - CPE FASTQ formatting and input release           0.435 s
      part 3 - CPE alignment and SAM length pass               22.318 s
      part 4 - assign slices in the shared SAM buffer           0.150 s
      part 5 - CPE SAM record generation                        0.611 s
      part 6 - release temporary worker data                    0.001 s

  Reserved allocator timers (no active timing sites)
    malloc timer                                              0.000 s
    free timer                                                0.000 s
===========================================================

[main] Version: 0.0.1
[main] CMD:=============================================================

==============================================================


================ MPI Progress Thread Debug =================
  MPI rank: 000003 / 000006
  lifetime                                       72.365708 s
  MPI_Iprobe calls                                    7230
  MPI_Iprobe total                                0.104945 s
  MPI_Iprobe average                                14.515 us
  MPI_Iprobe maximum                              0.001116 s
  calls >= 1 ms                                          2
  calls >= 10 ms                                         0
  calls >= 100 ms                                        0
  calls >= 1 s                                           0
============================================================


================ SWBWA CPE/MPI Progress Debug ================
  MPI rank: 000003 / 000006

    phase                      waits     probes   total(s)    avg(us)    max(s)   >=1ms   >=10ms   >=100ms    >=1s  completed
    FASTQ formatting              45          0      0.000      0.000     0.000       0        0         0       0          0
    alignment and SAM length      45          0      0.000      0.000     0.000       0        0         0       0          0
    SAM record generation         45          0      0.000      0.000     0.000       0        0         0       0          0
    all CPE phases               135          0      0.000      0.000     0.000       0        0         0       0          0

  Probes marked 'completed' returned with the CPE completion
  flag set. Their full call duration bounds the possible delay.
    completion-observing probe total               0.000000 s
    slowest completion-observing probe             0.000000 s
==============================================================


======================= SWBWA Timing Report =======================
  MPI rank: 000003 / 000006
  Accumulated wall-clock time; indented rows are included in
  their parent row and must not be added to it.

  Pipeline
    total - complete three-stage pipeline                    72.366 s
    stage 1 - allocate and read raw FASTQ blocks             17.963 s
    stage 2 - align reads and generate SAM records           23.044 s
    stage 3 - write SAM and release batch data               30.567 s
      SAM output writes                                        29.704 s
      batch cleanup and loop overhead (derived)                 0.864 s

  Stage 1 input details
    batches completed / stage calls                      45 / 46
    input-buffer and batch allocations                        0.000 s  (91 calls, max 0.000 s)
    aggregate requested allocation bytes            586186504
    FASTQ fseeko calls                                        3.210 s  (45 calls, max 0.187 s)
    FASTQ fread calls                                        13.734 s  (45 calls, max 0.799 s)
    align chunk ends to FASTQ record boundaries               0.000 s  (0 calls, max 0.000 s)
    scheduler, checks and bookkeeping (derived)               1.018 s
    raw FASTQ bytes read                            586137480  (558.984 MiB)
    effective fread bandwidth                         40.702 MiB/s
    slowest allocation                                 0.000 s  (19661784 bytes)
    slowest fread                                      0.799 s  (R1 offset=58982520, bytes=19660860)

  Stage 2 worker details
    total - active merge worker                              23.038 s
      part 1 - prepare CPE task and reusable buffers            0.630 s
      part 2 - CPE FASTQ formatting and input release           0.406 s
      part 3 - CPE alignment and SAM length pass               21.290 s
      part 4 - assign slices in the shared SAM buffer           0.150 s
      part 5 - CPE SAM record generation                        0.554 s
      part 6 - release temporary worker data                    0.001 s

  Reserved allocator timers (no active timing sites)
    malloc timer                                              0.000 s
    free timer                                                0.000 s
======
================ MPI Progress Thread Debug =================
  MPI rank: 000004 / 000006
  lifetime                                       72.366439 s
  MPI_Iprobe calls                                    7226
  MPI_Iprobe total                                0.152025 s
  MPI_Iprobe average                                21.039 us
  MPI_Iprobe maximum                              0.007599 s
  calls >= 1 ms                                         10
  calls >= 10 ms                                         0
  calls >= 100 ms                                        0
  calls >= 1 s                                           0
============================================================


================ SWBWA CPE/MPI Progress Debug ================
  MPI rank: 000004 / 000006

    phase                      waits     probes   total(s)    avg(us)    max(s)   >=1ms   >=10ms   >=100ms    >=1s  completed
    FASTQ formatting              44          0      0.000      0.000     0.000       0        0         0       0          0
    alignment and SAM length      44          0      0.000      0.000     0.000       0        0         0       0          0
    SAM record generation         44          0      0.000      0.000     0.000       0        0         0       0          0
    all CPE phases               132          0      0.000      0.000     0.000       0        0         0       0          0

  Probes marked 'completed' returned with the CPE completion
  flag set. Their full call duration bounds the possible delay.
    completion-observing probe total               0.000000 s
    slowest completion-observing probe             0.000000 s
==============================================================


======================= SWBWA Timing Report =======================
  MPI rank: 000004 / 000006
  Accumulated wall-clock time; indented rows are included in
  their parent row and must not be added to it.

  Pipeline
    total - complete three-stage pipeline                    72.367 s
    stage 1 - allocate and read raw FASTQ blocks             17.083 s
    stage 2 - align reads and generate SAM records           22.270 s
    stage 3 - write SAM and release batch data               32.253 s
      SAM output writes                                        31.307 s
      batch cleanup and loop overhead (derived)                 0.946 s

  Stage 1 input details
    batches completed / stage calls                      44 / 45
    input-buffer and batch allocations                        0.000 s  (89 calls, max 0.000 s)
    aggregate requested allocation bytes            592330972
    FASTQ fseeko calls                                        2.022 s  (44 calls, max 0.178 s)
    FASTQ fread calls                                        13.876 s  (44 calls, max 0.798 s)
    align chunk ends to FASTQ record boundaries               0.000 s  (0 calls, max 0.000 s)
    scheduler, checks and bookkeeping (derived)               1.184 s
    raw FASTQ bytes read                            592283036  (564.845 MiB)
    effective fread bandwidth                         40.705 MiB/s
    slowest allocation                                 0.000 s  (19661784 bytes)
    slowest fread                                      0.798 s  (R1 offset=78643380, bytes=19660860)

  Stage 2 worker details
    total - active merge worker                              22.255 s
      part 1 - prepare CPE task and reusable buffers            0.609 s
      part 2 - CPE FASTQ formatting and input release           0.353 s
      part 3 - CPE alignment and SAM length pass               20.570 s
      part 4 - assign slices in the shared SAM buffer           0.170 s
      part 5 - CPE SAM record generation                        0.540 s
      part 6 - release temporary worker data                    0.001 s

  Reserved allocator timers (no active timing sites)
    malloc timer                                              0.000 s
    free timer                                                0.000 s
====== ./SWBWA mem -v 4 -t 1 -1 -o bigdata_mpi_results/mpi_dynamic_split/has1/SRR2496709_SE.sam -I 170,80,500,1 ../data/GRCh38.d1.vd1.fa ../data/bwa_test_big_data/SRR2496709_1.fastq
=============================================================

=============================================================

               0.000 s
===================================================================

