[M::main_mem] mean insert size: 170.000, stddev: 80.000, max: 500, min: 1
[MPI input] mode=dynamic chunks=194 bytes_per_cg=19660800 cg_count=1 chunk_bytes=19660800 file_bytes=3795555588 scheduler=distributed read_index=exact
malloc bwt->bwt 3107576584, 0x500008804020
malloc bwt->bwt 3107576584, 0x500008804020
malloc bwt->bwt 3107576584, 0x500008804020
malloc bwt->bwt 3107576584, 0x500008804020
malloc bwt->bwt 3107576584, 0x500008804020
malloc bwt->bwt 3107576584, 0x500008804020
malloc bwt->sa 1553788264, 0x5000c1ba1b40
malloc bwt->sa 1553788264, 0x5000c1ba1b40
malloc bwt->sa 1553788264, 0x5000c1ba1b40
malloc bwt->sa 1553788264, 0x5000c1ba1b40
malloc bwt->sa 1553788264, 0x5000c1ba1b40
malloc bwt->sa 1553788264, 0x5000c1ba1b40
[M::bwa_idx_load_from_disk] read 0 ALT contigs
[M::bwa_idx_load_from_disk] read 0 ALT contigs
[M::bwa_idx_load_from_disk] read 0 ALT contigs
[M::bwa_idx_load_from_disk] read 0 ALT contigs
[M::bwa_idx_load_from_disk] read 0 ALT contigs
[M::bwa_idx_load_from_disk] read 0 ALT contigs
malloc pac 776894131, 0x50011e5708c0
malloc pac 776894131, 0x50011e5708c0
malloc pac 776894131, 0x50011e5708c0
malloc pac 776894131, 0x50011e5708c0
malloc pac 776894131, 0x50011e5708c0
malloc pac 776894131, 0x50011e5708c0
the input file is ../data/bwa_test_big_data/small_SRR7963242_1.fastq
the input file is ../data/bwa_test_big_data/small_SRR7963242_2.fastq
[MPI rank 000000/000006] output: correctness_results/bigdata_mpi_lwpf_off_20260823/mpi_dynamic_single/no1/small_SRR7963242_PE.sam
[MPI rank 000001/000006] output: correctness_results/bigdata_mpi_lwpf_off_20260823/mpi_dynamic_single/no1/small_SRR7963242_PE.sam
[MPI rank 000002/000006] output: correctness_results/bigdata_mpi_lwpf_off_20260823/mpi_dynamic_single/no1/small_SRR7963242_PE.sam
[MPI rank 000003/000006] output: correctness_results/bigdata_mpi_lwpf_off_20260823/mpi_dynamic_single/no1/small_SRR7963242_PE.sam
[MPI rank 000004/000006] output: correctness_results/bigdata_mpi_lwpf_off_20260823/mpi_dynamic_single/no1/small_SRR7963242_PE.sam
[MPI rank 000005/000006] output: correctness_results/bigdata_mpi_lwpf_off_20260823/mpi_dynamic_single/no1/small_SRR7963242_PE.sam
[M::process] read chunk (19660800 bytes/CG x 1 CGs, 19661160 bytes)...
[M::process] read chunk (19660800 bytes/CG x 1 CGs, 19660664 bytes)...
[M::process] read chunk (19660800 bytes/CG x 1 CGs, 19661040 bytes)...
[M::process] read chunk (19660800 bytes/CG x 1 CGs, 19661040 bytes)...
[M::process] read chunk (19660800 bytes/CG x 1 CGs, 19660556 bytes)...
[M::process] read chunk (19660800 bytes/CG x 1 CGs, 19660664 bytes)...
step1 0x50000201d8e0
step1 0x50000201d8e0
step2 get 0x50000201d8e0
[M::process] read chunk (19660800 bytes/CG x 1 CGs, 19660664 bytes)...
step2 get 0x50000201d8e0
[M::process] read chunk (19660800 bytes/CG x 1 CGs, 19660664 bytes)...
step1 0x50000201d8e0
step1 0x50000201d8e0
step2 get 0x50000201d8e0
[M::process] read chunk (19660800 bytes/CG x 1 CGs, 19660664 bytes)...
step1 0x50000201d8e0
step2 get 0x50000201d8e0
[M::process] read chunk (19660800 bytes/CG x 1 CGs, 19660664 bytes)...
step2 get 0x50000201d8e0
[M::process] read chunk (19660800 bytes/CG x 1 CGs, 19661040 bytes)...
step1 0x50000201d8e0
step2 get 0x50000201d8e0
[M::process] read chunk (19660800 bytes/CG x 1 CGs, 19661040 bytes)...
[M::mem_process_seqs_merge2] CPE FASTQ formatting done
[M::mem_process_seqs_merge2] CPE FASTQ formatting done
[M::mem_process_seqs_merge2] CPE FASTQ formatting done
[M::mem_process_seqs_merge2] CPE FASTQ formatting done
[M::mem_process_seqs_merge2] CPE FASTQ formatting done
[M::mem_process_seqs_merge2] CPE FASTQ formatting done
[DBG stage1] slow fread: R1 offset=196608156 requested=19660664 read=19660664 elapsed=1.260 s
[DBG stage1] slow fread: R1 offset=157286452 requested=19661040 read=19661040 elapsed=1.220 s
[DBG stage1] slow fread: R1 offset=137625788 requested=19660664 read=19660664 elapsed=1.285 s
[DBG stage1] slow fread: R2 offset=117965124 requested=19660664 read=19660664 elapsed=1.107 s
step1 0x50000201d930
step1 0x50000201d930
[DBG stage1] slow fread: R1 offset=216268820 requested=19661040 read=19661040 elapsed=1.455 s
[DBG stage1] slow fread: R2 offset=196608156 requested=19660664 read=19660664 elapsed=1.131 s
step1 0x50000201d930
[DBG stage1] slow fread: R2 offset=157286452 requested=19661040 read=19661040 elapsed=1.140 s
step1 0x50000201d930
[DBG stage1] slow fread: R2 offset=137625788 requested=19660664 read=19660664 elapsed=1.144 s
step1 0x50000201d930
step1 0x50000201d930
slave pre done
now n is 104578
processed 104578
[M::mem_process_seqs_merge2] Processed 104578 reads in 3.630 CPU sec, 9.350 real sec
step2 put 0x50000201d8e0
step2 get 0x50000201d930
step3 0x50000201d8e0
[M::process] read chunk (19660800 bytes/CG x 1 CGs, 19660664 bytes)...
[M::mem_process_seqs_merge2] CPE FASTQ formatting done
slave pre done
now n is 104580
processed 104580
[M::mem_process_seqs_merge2] Processed 104580 reads in 3.720 CPU sec, 9.251 real sec
step2 put 0x50000201d8e0
step2 get 0x50000201d930
[M::process] read chunk (19660800 bytes/CG x 1 CGs, 19660664 bytes)...
step3 0x50000201d8e0
[M::mem_process_seqs_merge2] CPE FASTQ formatting done
slave pre done
now n is 104578
processed 104578
[M::mem_process_seqs_merge2] Processed 104578 reads in 3.630 CPU sec, 9.511 real sec
step2 put 0x50000201d8e0
step2 get 0x50000201d930
step3 0x50000201d8e0
[M::process] read chunk (19660800 bytes/CG x 1 CGs, 19661040 bytes)...
[M::mem_process_seqs_merge2] CPE FASTQ formatting done
slave pre done
now n is 105578
processed 105578
[M::mem_process_seqs_merge2] Processed 105578 reads in 3.450 CPU sec, 9.661 real sec
step2 put 0x50000201d8e0
step2 get 0x50000201d930
step3 0x50000201d8e0
[M::process] read chunk (19660800 bytes/CG x 1 CGs, 19661040 bytes)...
[M::mem_process_seqs_merge2] CPE FASTQ formatting done
slave pre done
now n is 104580
processed 104580
[M::mem_process_seqs_merge2] Processed 104580 reads in 4.330 CPU sec, 10.241 real sec
step2 put 0x50000201d8e0
step2 get 0x50000201d930
step3 0x50000201d8e0
[M::process] read chunk (19660800 bytes/CG x 1 CGs, 19660664 bytes)...
[M::mem_process_seqs_merge2] CPE FASTQ formatting done
[DBG stage1] slow fread: R1 offset=334233932 requested=19660664 read=19660664 elapsed=1.092 s
step1 0x50000201eba0
step1 0x50000201eba0
slave pre done
now n is 105944
processed 105944
[M::mem_process_seqs_merge2] Processed 105944 reads in 3.440 CPU sec, 11.531 real sec
step2 put 0x50000201d8e0
step2 get 0x50000201d930
[M::process] read chunk (19660800 bytes/CG x 1 CGs, 19660664 bytes)...
step3 0x50000201d8e0
[M::mem_process_seqs_merge2] CPE FASTQ formatting done
step1 0x50000201eba0
step1 0x50000201eba0
step1 0x50000201eba0
step1 0x50000201eba0
slave pre done
now n is 104578
processed 104578
[M::mem_process_seqs_merge2] Processed 104578 reads in 3.420 CPU sec, 7.560 real sec
step2 put 0x50000201d930
step2 get 0x50000201eba0
step3 0x50000201d930
[M::process] read chunk (19660800 bytes/CG x 1 CGs, 19660820 bytes)...
[M::mem_process_seqs_merge2] CPE FASTQ formatting done
slave pre done
now n is 104578
processed 104578
[M::mem_process_seqs_merge2] Processed 104578 reads in 3.100 CPU sec, 7.610 real sec
step2 put 0x50000201d930
step2 get 0x50000201eba0
slave pre done
now n is 104580
[M::process] read chunk (19660800 bytes/CG x 1 CGs, 19660820 bytes)...
step3 0x50000201d930
processed 104580
[M::mem_process_seqs_merge2] Processed 104580 reads in 3.150 CPU sec, 7.718 real sec
step2 put 0x50000201d930
step2 get 0x50000201eba0
[M::process] read chunk (19660800 bytes/CG x 1 CGs, 19660820 bytes)...
slave pre done
now n is 104578
step3 0x50000201d930
[M::mem_process_seqs_merge2] CPE FASTQ formatting done
[M::mem_process_seqs_merge2] CPE FASTQ formatting done
processed 104578
[M::mem_process_seqs_merge2] Processed 104578 reads in 3.080 CPU sec, 7.520 real sec
step2 put 0x50000201d930
step2 get 0x50000201eba0
step3 0x50000201d930
[M::process] read chunk (19660800 bytes/CG x 1 CGs, 19660824 bytes)...
[M::mem_process_seqs_merge2] CPE FASTQ formatting done
slave pre done
now n is 104580
processed 104580
[M::mem_process_seqs_merge2] Processed 104580 reads in 3.300 CPU sec, 7.350 real sec
step2 put 0x50000201d930
step2 get 0x50000201eba0
step3 0x50000201d930
[M::process] read chunk (19660800 bytes/CG x 1 CGs, 19660820 bytes)...
[M::mem_process_seqs_merge2] CPE FASTQ formatting done
[DBG stage1] slow fread: R2 offset=412876904 requested=19660820 read=19660820 elapsed=1.039 s
step1 0x50000201d8e0
slave pre done
now n is 104578
processed 104578
[M::mem_process_seqs_merge2] Processed 104578 reads in 2.740 CPU sec, 7.181 real sec
step2 put 0x50000201d930
step2 get 0x50000201eba0
step3 0x50000201d930
[M::process] read chunk (19660800 bytes/CG x 1 CGs, 19660664 bytes)...
[M::mem_process_seqs_merge2] CPE FASTQ formatting done
[DBG stage1] slow fread: R1 offset=452198544 requested=19660820 read=19660820 elapsed=1.204 s
[DBG stage1] slow fread: R1 offset=393216084 requested=19660820 read=19660820 elapsed=1.038 s
step1 0x50000201d8e0
step1 0x50000201d8e0
step1 0x50000201d8e0
step1 0x50000201d8e0
step1 0x50000201d8e0
slave pre done
now n is 104578
processed 104578
[M::mem_process_seqs_merge2] Processed 104578 reads in 3.520 CPU sec, 7.880 real sec
step2 put 0x50000201eba0
step2 get 0x50000201d8e0
[M::process] read chunk (19660800 bytes/CG x 1 CGs, 19660820 bytes)...
step3 0x50000201eba0
[M::mem_process_seqs_merge2] CPE FASTQ formatting done
slave pre done
now n is 104580
processed 104580
[M::mem_process_seqs_merge2] Processed 104580 reads in 3.570 CPU sec, 8.061 real sec
step2 put 0x50000201eba0
step2 get 0x50000201d8e0
[M::process] read chunk (19660800 bytes/CG x 1 CGs, 19660820 bytes)...
step3 0x50000201eba0
[M::mem_process_seqs_merge2] CPE FASTQ formatting done
slave pre done
now n is 104580
processed 104580
[M::mem_process_seqs_merge2] Processed 104580 reads in 3.300 CPU sec, 8.199 real sec
step2 put 0x50000201eba0
step2 get 0x50000201d8e0
[M::process] read chunk (19660800 bytes/CG x 1 CGs, 19660820 bytes)...
[M::mem_process_seqs_merge2] CPE FASTQ formatting done
step1 0x50000201d930
slave pre done
now n is 104578
processed 104578
[M::mem_process_seqs_merge2] Processed 104578 reads in 3.910 CPU sec, 8.661 real sec
step2 put 0x50000201eba0
step2 get 0x50000201d8e0
[M::process] read chunk (19660800 bytes/CG x 1 CGs, 19660820 bytes)...
step3 0x50000201eba0
[M::mem_process_seqs_merge2] CPE FASTQ formatting done
step3 0x50000201eba0
slave pre done
now n is 104578
processed 104578
[M::mem_process_seqs_merge2] Processed 104578 reads in 3.980 CPU sec, 8.561 real sec
step2 put 0x50000201eba0
step2 get 0x50000201d8e0
[M::process] read chunk (19660800 bytes/CG x 1 CGs, 19660820 bytes)...
[M::mem_process_seqs_merge2] CPE FASTQ formatting done
step1 0x50000201d930
slave pre done
now n is 104578
processed 104578
[M::mem_process_seqs_merge2] Processed 104578 reads in 3.000 CPU sec, 8.150 real sec
step2 put 0x50000201eba0
step2 get 0x50000201d8e0
[M::process] read chunk (19660800 bytes/CG x 1 CGs, 19660820 bytes)...
[M::mem_process_seqs_merge2] CPE FASTQ formatting done
[DBG stage1] slow fread: R1 offset=570163464 requested=19660820 read=19660820 elapsed=1.043 s
step1 0x50000201ebf0
step1 0x50000201d930
step1 0x50000201ebf0
step1 0x50000201ebf0
step3 0x50000201eba0
step3 0x50000201eba0
slave pre done
now n is 103478
processed 103478
[M::mem_process_seqs_merge2] Processed 103478 reads in 3.060 CPU sec, 7.610 real sec
step2 put 0x50000201d8e0
step2 get 0x50000201d930
step3 0x50000201d8e0
[M::process] read chunk (19660800 bytes/CG x 1 CGs, 19660820 bytes)...
[M::mem_process_seqs_merge2] CPE FASTQ formatting done
slave pre done
now n is 103478
processed 103478
[M::mem_process_seqs_merge2] Processed 103478 reads in 3.230 CPU sec, 7.689 real sec
step2 put 0x50000201d8e0
step2 get 0x50000201d930
step3 0x50000201d8e0
[M::process] read chunk (19660800 bytes/CG x 1 CGs, 19660440 bytes)...
[M::mem_process_seqs_merge2] CPE FASTQ formatting done
slave pre done
now n is 103590
processed 103590
[M::mem_process_seqs_merge2] Processed 103590 reads in 3.320 CPU sec, 7.748 real sec
step2 put 0x50000201d8e0
step2 get 0x50000201ebf0
step3 0x50000201d8e0
[M::process] read chunk (19660800 bytes/CG x 1 CGs, 19660820 bytes)...
[M::mem_process_seqs_merge2] CPE FASTQ formatting done
step1 0x50000201eba0
slave pre done
now n is 103478
processed 103478
[M::mem_process_seqs_merge2] Processed 103478 reads in 3.390 CPU sec, 8.280 real sec
step2 put 0x50000201d8e0
step2 get 0x50000201d930
step3 0x50000201d8e0
step1 0x50000201eba0
[M::process] read chunk (19660800 bytes/CG x 1 CGs, 19660820 bytes)...
[M::mem_process_seqs_merge2] CPE FASTQ formatting done
step1 0x50000201eba0
slave pre done
slave pre done
now n is 104578
now n is 103478
processed 104578
[M::mem_process_seqs_merge2] Processed 104578 reads in 3.360 CPU sec, 8.060 real sec
step2 put 0x50000201d8e0
step2 get 0x50000201ebf0
step3 0x50000201d8e0
[M::process] read chunk (19660800 bytes/CG x 1 CGs, 19660820 bytes)...
processed 103478
[M::mem_process_seqs_merge2] Processed 103478 reads in 3.870 CPU sec, 8.460 real sec
step2 put 0x50000201d8e0
step2 get 0x50000201ebf0
step3 0x50000201d8e0
[M::process] read chunk (19660800 bytes/CG x 1 CGs, 19660820 bytes)...
[M::mem_process_seqs_merge2] CPE FASTQ formatting done
[M::mem_process_seqs_merge2] CPE FASTQ formatting done
step1 0x50000201eba0
step1 0x50000201eba0
step1 0x50000201eba0
slave pre done
now n is 103478
processed 103478
[M::mem_process_seqs_merge2] Processed 103478 reads in 3.410 CPU sec, 8.180 real sec
step2 put 0x50000201d930
step2 get 0x50000201eba0
step3 0x50000201d930
[M::process] read chunk (19660800 bytes/CG x 1 CGs, 19660820 bytes)...
[M::mem_process_seqs_merge2] CPE FASTQ formatting done
slave pre done
now n is 103478
processed 103478
[M::mem_process_seqs_merge2] Processed 103478 reads in 3.150 CPU sec, 7.729 real sec
step2 put 0x50000201d930
step2 get 0x50000201eba0
[M::process] read chunk (19660800 bytes/CG x 1 CGs, 19660820 bytes)...
step3 0x50000201d930
[M::mem_process_seqs_merge2] CPE FASTQ formatting done
slave pre done
now n is 103478
processed 103478
[M::mem_process_seqs_merge2] Processed 103478 reads in 3.270 CPU sec, 7.829 real sec
step2 put 0x50000201ebf0
step2 get 0x50000201eba0
[M::process] read chunk (19660800 bytes/CG x 1 CGs, 19660820 bytes)...
step3 0x50000201ebf0
[M::mem_process_seqs_merge2] CPE FASTQ formatting done
step1 0x50000201d8e0
step1 0x50000201d8e0
step1 0x50000201d8e0
slave pre done
now n is 103478
processed 103478
[M::mem_process_seqs_merge2] Processed 103478 reads in 2.820 CPU sec, 8.030 real sec
step2 put 0x50000201ebf0
step2 get 0x50000201eba0
[M::process] read chunk (19660800 bytes/CG x 1 CGs, 19660820 bytes)...
slave pre done
now n is 103478
[M::mem_process_seqs_merge2] CPE FASTQ formatting done
processed 103478
[M::mem_process_seqs_merge2] Processed 103478 reads in 3.750 CPU sec, 8.611 real sec
step2 put 0x50000201d930
step2 get 0x50000201eba0
step3 0x50000201d930
[M::process] read chunk (19660800 bytes/CG x 1 CGs, 19660820 bytes)...
[M::mem_process_seqs_merge2] CPE FASTQ formatting done
slave pre done
now n is 103478
processed 103478
[M::mem_process_seqs_merge2] Processed 103478 reads in 3.560 CPU sec, 8.212 real sec
step2 put 0x50000201ebf0
step2 get 0x50000201eba0
[M::process] read chunk (19660800 bytes/CG x 1 CGs, 19660820 bytes)...
[M::mem_process_seqs_merge2] CPE FASTQ formatting done
step1 0x50000201d930
step1 0x50000201d8e0
step1 0x50000201d930
step3 0x50000201ebf0
step3 0x50000201ebf0
slave pre done
now n is 103478
processed 103478
[M::mem_process_seqs_merge2] Processed 103478 reads in 3.750 CPU sec, 8.330 real sec
step2 put 0x50000201eba0
step2 get 0x50000201d8e0
[M::process] read chunk (19660800 bytes/CG x 1 CGs, 19660820 bytes)...
step3 0x50000201eba0
[M::mem_process_seqs_merge2] CPE FASTQ formatting done
slave pre done
now n is 103476
processed 103476
[M::mem_process_seqs_merge2] Processed 103476 reads in 3.750 CPU sec, 8.309 real sec
step2 put 0x50000201eba0
step2 get 0x50000201d8e0
[M::process] read chunk (19660800 bytes/CG x 1 CGs, 19660820 bytes)...
step3 0x50000201eba0
[M::mem_process_seqs_merge2] CPE FASTQ formatting done
slave pre done
now n is 103478
processed 103478
[M::mem_process_seqs_merge2] Processed 103478 reads in 3.060 CPU sec, 8.289 real sec
step2 put 0x50000201eba0
step2 get 0x50000201d8e0
[M::process] read chunk (19660800 bytes/CG x 1 CGs, 19660820 bytes)...
[M::mem_process_seqs_merge2] CPE FASTQ formatting done
step1 0x50000201d930
step1 0x50000201d930
slave pre done
now n is 103478
processed 103478
[M::mem_process_seqs_merge2] Processed 103478 reads in 3.060 CPU sec, 7.971 real sec
step2 put 0x50000201eba0
step2 get 0x50000201d930
[M::process] read chunk (19660800 bytes/CG x 1 CGs, 19660820 bytes)...
[M::mem_process_seqs_merge2] CPE FASTQ formatting done
step1 0x50000201d930
slave pre done
now n is 103478
processed 103478
[M::mem_process_seqs_merge2] Processed 103478 reads in 4.540 CPU sec, 8.316 real sec
step2 put 0x50000201eba0
step2 get 0x50000201d930
[M::process] read chunk (19660800 bytes/CG x 1 CGs, 19660820 bytes)...
[M::mem_process_seqs_merge2] CPE FASTQ formatting done
slave pre done
now n is 103478
processed 103478
[M::mem_process_seqs_merge2] Processed 103478 reads in 4.080 CPU sec, 8.799 real sec
step2 put 0x50000201eba0
step2 get 0x50000201d8e0
[M::process] read chunk (19660800 bytes/CG x 1 CGs, 19660820 bytes)...
[M::mem_process_seqs_merge2] CPE FASTQ formatting done
step3 0x50000201eba0
step1 0x50000201d8e0
step1 0x50000201d8e0
step1 0x50000201ebf0
step3 0x50000201eba0
step3 0x50000201eba0
step3 0x50000201eba0
slave pre done
now n is 103478
processed 103478
[M::mem_process_seqs_merge2] Processed 103478 reads in 3.000 CPU sec, 8.380 real sec
step2 put 0x50000201d8e0
step2 get 0x50000201d930
[M::process] read chunk (19660800 bytes/CG x 1 CGs, 19660820 bytes)...
step3 0x50000201d8e0
[M::mem_process_seqs_merge2] CPE FASTQ formatting done
slave pre done
now n is 103478
processed 103478
[M::mem_process_seqs_merge2] Processed 103478 reads in 3.230 CPU sec, 7.930 real sec
step2 put 0x50000201d8e0
step2 get 0x50000201d930
[M::process] read chunk (19660800 bytes/CG x 1 CGs, 19660820 bytes)...
step3 0x50000201d8e0
[M::mem_process_seqs_merge2] CPE FASTQ formatting done
slave pre done
now n is 103478
processed 103478
[M::mem_process_seqs_merge2] Processed 103478 reads in 3.650 CPU sec, 8.449 real sec
step2 put 0x50000201d8e0
step2 get 0x50000201d930
[M::process] read chunk (19660800 bytes/CG x 1 CGs, 19660820 bytes)...
step3 0x50000201d8e0
[M::mem_process_seqs_merge2] CPE FASTQ formatting done
step1 0x50000201eba0
step1 0x50000201eba0
step1 0x50000201eba0
slave pre done
now n is 103478
processed 103478
[M::mem_process_seqs_merge2] Processed 103478 reads in 3.360 CPU sec, 8.431 real sec
step2 put 0x50000201d930
step2 get 0x50000201d8e0
[M::process] read chunk (19660800 bytes/CG x 1 CGs, 19660820 bytes)...
step3 0x50000201d930
[M::mem_process_seqs_merge2] CPE FASTQ formatting done
step1 0x50000201eba0
slave pre done
now n is 103478
processed 103478
[M::mem_process_seqs_merge2] Processed 103478 reads in 3.650 CPU sec, 8.250 real sec
step2 put 0x50000201d8e0
step2 get 0x50000201ebf0
[M::process] read chunk (19660800 bytes/CG x 1 CGs, 19660440 bytes)...
step3 0x50000201d8e0
[M::mem_process_seqs_merge2] CPE FASTQ formatting done
slave pre done
now n is 103478
processed 103478
[M::mem_process_seqs_merge2] Processed 103478 reads in 5.000 CPU sec, 8.771 real sec
step2 put 0x50000201d930
step2 get 0x50000201d8e0
[M::process] read chunk (19660800 bytes/CG x 1 CGs, 19660820 bytes)...
step3 0x50000201d930
[M::mem_process_seqs_merge2] CPE FASTQ formatting done
step1 0x50000201eba0
step1 0x50000201eba0
slave pre done
now n is 103478
processed 103478
[M::mem_process_seqs_merge2] Processed 103478 reads in 3.760 CPU sec, 8.121 real sec
step2 put 0x50000201d930
step2 get 0x50000201eba0
[M::process] read chunk (19660800 bytes/CG x 1 CGs, 19660820 bytes)...
step3 0x50000201d930
[M::mem_process_seqs_merge2] CPE FASTQ formatting done
slave pre done
now n is 103478
processed 103478
[M::mem_process_seqs_merge2] Processed 103478 reads in 3.550 CPU sec, 8.591 real sec
step2 put 0x50000201d930
step2 get 0x50000201eba0
step3 0x50000201d930
[M::process] read chunk (19660800 bytes/CG x 1 CGs, 19660820 bytes)...
[M::mem_process_seqs_merge2] CPE FASTQ formatting done
slave pre done
now n is 103478
processed 103478
[M::mem_process_seqs_merge2] Processed 103478 reads in 3.700 CPU sec, 8.511 real sec
step2 put 0x50000201d930
step2 get 0x50000201eba0
[M::process] read chunk (19660800 bytes/CG x 1 CGs, 19660820 bytes)...
step3 0x50000201d930
[M::mem_process_seqs_merge2] CPE FASTQ formatting done
step1 0x50000201d8e0
step1 0x50000201d8e0
step1 0x50000201d8e0
slave pre done
now n is 103478
processed 103478
[M::mem_process_seqs_merge2] Processed 103478 reads in 3.280 CPU sec, 8.608 real sec
step2 put 0x50000201d8e0
step2 get 0x50000201eba0
[M::process] read chunk (19660800 bytes/CG x 1 CGs, 19660820 bytes)...
step3 0x50000201d8e0
[M::mem_process_seqs_merge2] CPE FASTQ formatting done
slave pre done
now n is 103478
processed 103478
[M::mem_process_seqs_merge2] Processed 103478 reads in 3.280 CPU sec, 8.091 real sec
step2 put 0x50000201ebf0
step2 get 0x50000201eba0
[M::process] read chunk (19660800 bytes/CG x 1 CGs, 19660820 bytes)...
step3 0x50000201ebf0
[M::mem_process_seqs_merge2] CPE FASTQ formatting done
slave pre done
now n is 103478
processed 103478
[M::mem_process_seqs_merge2] Processed 103478 reads in 5.310 CPU sec, 8.549 real sec
step2 put 0x50000201d8e0
step2 get 0x50000201eba0
[M::process] read chunk (19660800 bytes/CG x 1 CGs, 19660820 bytes)...
[M::mem_process_seqs_merge2] CPE FASTQ formatting done
step1 0x50000201d930
step1 0x50000201d8e0
step1 0x50000201ebf0
step3 0x50000201d8e0
slave pre done
now n is 103478
processed 103478
[M::mem_process_seqs_merge2] Processed 103478 reads in 3.510 CPU sec, 8.219 real sec
step2 put 0x50000201eba0
step2 get 0x50000201d8e0
[M::process] read chunk (19660800 bytes/CG x 1 CGs, 19660820 bytes)...
step3 0x50000201eba0
[M::mem_process_seqs_merge2] CPE FASTQ formatting done
slave pre done
now n is 103478
processed 103478
[M::mem_process_seqs_merge2] Processed 103478 reads in 3.520 CPU sec, 8.158 real sec
step2 put 0x50000201eba0
step2 get 0x50000201d8e0
[M::process] read chunk (19660800 bytes/CG x 1 CGs, 19660820 bytes)...
step3 0x50000201eba0
[M::mem_process_seqs_merge2] CPE FASTQ formatting done
slave pre done
now n is 103478
processed 103478
[M::mem_process_seqs_merge2] Processed 103478 reads in 3.180 CPU sec, 8.350 real sec
step2 put 0x50000201eba0
step2 get 0x50000201d8e0
[M::process] read chunk (19660800 bytes/CG x 1 CGs, 19660820 bytes)...
[M::mem_process_seqs_merge2] CPE FASTQ formatting done
step1 0x50000201d930
step1 0x50000201ebf0
step1 0x50000201d930
step3 0x50000201eba0
slave pre done
now n is 103476
processed 103476
[M::mem_process_seqs_merge2] Processed 103476 reads in 3.180 CPU sec, 8.840 real sec
step2 put 0x50000201eba0
step2 get 0x50000201d8e0
slave pre done
now n is 103478
[M::process] read chunk (19660800 bytes/CG x 1 CGs, 19660820 bytes)...
processed 103478
[M::mem_process_seqs_merge2] Processed 103478 reads in 3.330 CPU sec, 9.051 real sec
step2 put 0x50000201eba0
step2 get 0x50000201d930
[M::process] read chunk (19660800 bytes/CG x 1 CGs, 19660820 bytes)...
[M::mem_process_seqs_merge2] CPE FASTQ formatting done
[M::mem_process_seqs_merge2] CPE FASTQ formatting done
slave pre done
now n is 103478
processed 103478
[M::mem_process_seqs_merge2] Processed 103478 reads in 5.780 CPU sec, 8.412 real sec
step2 put 0x50000201eba0
step2 get 0x50000201ebf0
[M::process] read chunk (19660800 bytes/CG x 1 CGs, 19660820 bytes)...
[M::mem_process_seqs_merge2] CPE FASTQ formatting done
step1 0x50000201ebf0
step3 0x50000201eba0
step1 0x50000201d930
step1 0x50000201d930
step3 0x50000201eba0
step3 0x50000201eba0
slave pre done
now n is 103478
processed 103478
[M::mem_process_seqs_merge2] Processed 103478 reads in 3.340 CPU sec, 8.009 real sec
step2 put 0x50000201d8e0
step2 get 0x50000201d930
step3 0x50000201d8e0
[M::process] read chunk (19660800 bytes/CG x 1 CGs, 19660820 bytes)...
[M::mem_process_seqs_merge2] CPE FASTQ formatting done
slave pre done
now n is 103478
processed 103478
[M::mem_process_seqs_merge2] Processed 103478 reads in 3.300 CPU sec, 8.231 real sec
step2 put 0x50000201d8e0
step2 get 0x50000201d930
step3 0x50000201d8e0
[M::process] read chunk (19660800 bytes/CG x 1 CGs, 19660820 bytes)...
[M::mem_process_seqs_merge2] CPE FASTQ formatting done
step1 0x50000201eba0
slave pre done
now n is 103478
processed 103478
[M::mem_process_seqs_merge2] Processed 103478 reads in 3.460 CPU sec, 8.310 real sec
step2 put 0x50000201d8e0
step2 get 0x50000201ebf0
[M::process] read chunk (19660800 bytes/CG x 1 CGs, 19660820 bytes)...
step3 0x50000201d8e0
[M::mem_process_seqs_merge2] CPE FASTQ formatting done
step1 0x50000201eba0
step1 0x50000201eba0
slave pre done
now n is 103478
processed 103478
[M::mem_process_seqs_merge2] Processed 103478 reads in 3.740 CPU sec, 8.268 real sec
step2 put 0x50000201d8e0
step2 get 0x50000201d930
[M::process] read chunk (19660800 bytes/CG x 1 CGs, 19660820 bytes)...
step3 0x50000201d8e0
[M::mem_process_seqs_merge2] CPE FASTQ formatting done
slave pre done
now n is 103478
processed 103478
[M::mem_process_seqs_merge2] Processed 103478 reads in 3.030 CPU sec, 8.921 real sec
step2 put 0x50000201d930
step2 get 0x50000201ebf0
step3 0x50000201d930
[M::process] read chunk (19660800 bytes/CG x 1 CGs, 19660820 bytes)...
[M::mem_process_seqs_merge2] CPE FASTQ formatting done
step1 0x50000201eba0
slave pre done
now n is 103478
processed 103478
[M::mem_process_seqs_merge2] Processed 103478 reads in 5.150 CPU sec, 9.437 real sec
step2 put 0x50000201ebf0
step2 get 0x50000201d930
step3 0x50000201ebf0
[M::process] read chunk (19660800 bytes/CG x 1 CGs, 19660820 bytes)...
[M::mem_process_seqs_merge2] CPE FASTQ formatting done
step1 0x50000201eba0
step1 0x50000201eba0
slave pre done
now n is 103478
processed 103478
[M::mem_process_seqs_merge2] Processed 103478 reads in 3.400 CPU sec, 8.519 real sec
step2 put 0x50000201d930
step2 get 0x50000201eba0
step3 0x50000201d930
[M::process] read chunk (19660800 bytes/CG x 1 CGs, 19660820 bytes)...
[M::mem_process_seqs_merge2] CPE FASTQ formatting done
slave pre done
now n is 103478
processed 103478
[M::mem_process_seqs_merge2] Processed 103478 reads in 3.620 CPU sec, 8.369 real sec
step2 put 0x50000201d930
step2 get 0x50000201eba0
[M::process] read chunk (19660800 bytes/CG x 1 CGs, 19660820 bytes)...
step3 0x50000201d930
[M::mem_process_seqs_merge2] CPE FASTQ formatting done
slave pre done
now n is 103478
processed 103478
[M::mem_process_seqs_merge2] Processed 103478 reads in 3.310 CPU sec, 8.259 real sec
step2 put 0x50000201ebf0
step2 get 0x50000201eba0
[M::process] read chunk (19660800 bytes/CG x 1 CGs, 19660820 bytes)...
step3 0x50000201ebf0
[M::mem_process_seqs_merge2] CPE FASTQ formatting done
step1 0x50000201d8e0
step1 0x50000201d8e0
step1 0x50000201d8e0
slave pre done
now n is 103478
processed 103478
[M::mem_process_seqs_merge2] Processed 103478 reads in 3.650 CPU sec, 9.201 real sec
step2 put 0x50000201d930
step2 get 0x50000201eba0
[M::process] read chunk (19660800 bytes/CG x 1 CGs, 19660820 bytes)...
step3 0x50000201d930
[M::mem_process_seqs_merge2] CPE FASTQ formatting done
slave pre done
now n is 103478
processed 103478
[M::mem_process_seqs_merge2] Processed 103478 reads in 3.320 CPU sec, 8.801 real sec
step2 put 0x50000201ebf0
step2 get 0x50000201eba0
[M::process] read chunk (19660800 bytes/CG x 1 CGs, 19660440 bytes)...
step3 0x50000201ebf0
[M::mem_process_seqs_merge2] CPE FASTQ formatting done
slave pre done
now n is 103478
processed 103478
[M::mem_process_seqs_merge2] Processed 103478 reads in 5.160 CPU sec, 8.891 real sec
step2 put 0x50000201d930
step2 get 0x50000201eba0
[M::process] read chunk (19660800 bytes/CG x 1 CGs, 19660820 bytes)...
step3 0x50000201d930
[M::mem_process_seqs_merge2] CPE FASTQ formatting done
step1 0x50000201d8e0
step1 0x50000201d930
step1 0x50000201ebf0
slave pre done
now n is 103478
processed 103478
[M::mem_process_seqs_merge2] Processed 103478 reads in 3.490 CPU sec, 8.358 real sec
step2 put 0x50000201eba0
step2 get 0x50000201d8e0
[M::process] read chunk (19660800 bytes/CG x 1 CGs, 19660820 bytes)...
step3 0x50000201eba0
[M::mem_process_seqs_merge2] CPE FASTQ formatting done
slave pre done
now n is 103478
processed 103478
[M::mem_process_seqs_merge2] Processed 103478 reads in 3.570 CPU sec, 7.999 real sec
step2 put 0x50000201eba0
step2 get 0x50000201d8e0
[M::process] read chunk (19660800 bytes/CG x 1 CGs, 19660820 bytes)...
step3 0x50000201eba0
[M::mem_process_seqs_merge2] CPE FASTQ formatting done
slave pre done
now n is 103478
processed 103478
[M::mem_process_seqs_merge2] Processed 103478 reads in 3.510 CPU sec, 8.389 real sec
step2 put 0x50000201eba0
step2 get 0x50000201d8e0
step3 0x50000201eba0
[M::process] read chunk (19660800 bytes/CG x 1 CGs, 19660820 bytes)...
[M::mem_process_seqs_merge2] CPE FASTQ formatting done
step1 0x50000201d930
step1 0x50000201ebf0
step1 0x50000201d930
slave pre done
now n is 103478
processed 103478
[M::mem_process_seqs_merge2] Processed 103478 reads in 3.930 CPU sec, 8.541 real sec
step2 put 0x50000201eba0
step2 get 0x50000201d8e0
[M::process] read chunk (19660800 bytes/CG x 1 CGs, 19660820 bytes)...
step3 0x50000201eba0
[M::mem_process_seqs_merge2] CPE FASTQ formatting done
slave pre done
now n is 103478
processed 103478
[M::mem_process_seqs_merge2] Processed 103478 reads in 3.280 CPU sec, 8.680 real sec
step2 put 0x50000201eba0
step2 get 0x50000201d930
[M::process] read chunk (19660800 bytes/CG x 1 CGs, 19660820 bytes)...
step3 0x50000201eba0
[M::mem_process_seqs_merge2] CPE FASTQ formatting done
step1 0x50000201d930
step1 0x50000201ebf0
slave pre done
now n is 103478
processed 103478
[M::mem_process_seqs_merge2] Processed 103478 reads in 5.890 CPU sec, 9.781 real sec
step2 put 0x50000201eba0
step2 get 0x50000201ebf0
[M::process] read chunk (19660800 bytes/CG x 1 CGs, 19660820 bytes)...
step3 0x50000201eba0
[M::mem_process_seqs_merge2] CPE FASTQ formatting done
step1 0x50000201d930
slave pre done
now n is 103478
processed 103478
[M::mem_process_seqs_merge2] Processed 103478 reads in 3.240 CPU sec, 8.011 real sec
step2 put 0x50000201d8e0
step2 get 0x50000201d930
[M::process] read chunk (19660800 bytes/CG x 1 CGs, 19660820 bytes)...
step3 0x50000201d8e0
[M::mem_process_seqs_merge2] CPE FASTQ formatting done
slave pre done
now n is 103478
processed 103478
[M::mem_process_seqs_merge2] Processed 103478 reads in 3.350 CPU sec, 7.948 real sec
step2 put 0x50000201d8e0
step2 get 0x50000201ebf0
step3 0x50000201d8e0
[M::process] read chunk (19660800 bytes/CG x 1 CGs, 19660820 bytes)...
slave pre done
now n is 103478
[M::mem_process_seqs_merge2] CPE FASTQ formatting done
processed 103478
[M::mem_process_seqs_merge2] Processed 103478 reads in 3.310 CPU sec, 7.879 real sec
step2 put 0x50000201d8e0
step2 get 0x50000201d930
step3 0x50000201d8e0
[M::process] read chunk (19660800 bytes/CG x 1 CGs, 19660820 bytes)...
[M::mem_process_seqs_merge2] CPE FASTQ formatting done
step1 0x50000201eba0
step1 0x50000201eba0
step1 0x50000201eba0
slave pre done
now n is 103478
processed 103478
[M::mem_process_seqs_merge2] Processed 103478 reads in 3.290 CPU sec, 8.138 real sec
step2 put 0x50000201d8e0
step2 get 0x50000201d930
step3 0x50000201d8e0
[M::process] read chunk (19660800 bytes/CG x 1 CGs, 19660820 bytes)...
[M::mem_process_seqs_merge2] CPE FASTQ formatting done
slave pre done
now n is 103476
step1 0x50000201eba0
processed 103476
[M::mem_process_seqs_merge2] Processed 103476 reads in 3.110 CPU sec, 8.300 real sec
step2 put 0x50000201d930
step2 get 0x50000201ebf0
step3 0x50000201d930
[M::process] read chunk (19660800 bytes/CG x 1 CGs, 19660820 bytes)...
[M::mem_process_seqs_merge2] CPE FASTQ formatting done
step1 0x50000201eba0
slave pre done
now n is 103478
processed 103478
[M::mem_process_seqs_merge2] Processed 103478 reads in 4.940 CPU sec, 8.391 real sec
step2 put 0x50000201ebf0
step2 get 0x50000201d930
[M::process] read chunk (19660800 bytes/CG x 1 CGs, 19660820 bytes)...
step3 0x50000201ebf0
[M::mem_process_seqs_merge2] CPE FASTQ formatting done
step1 0x50000201eba0
slave pre done
now n is 103478
processed 103478
[M::mem_process_seqs_merge2] Processed 103478 reads in 3.530 CPU sec, 8.068 real sec
step2 put 0x50000201d930
step2 get 0x50000201eba0
[M::process] read chunk (19660800 bytes/CG x 1 CGs, 19660820 bytes)...
step3 0x50000201d930
[M::mem_process_seqs_merge2] CPE FASTQ formatting done
slave pre done
now n is 103478
processed 103478
[M::mem_process_seqs_merge2] Processed 103478 reads in 3.550 CPU sec, 8.231 real sec
step2 put 0x50000201ebf0
step2 get 0x50000201eba0
slave pre done
now n is 103478
step3 0x50000201ebf0
[M::process] read chunk (19660800 bytes/CG x 1 CGs, 19660820 bytes)...
processed 103478
[M::mem_process_seqs_merge2] Processed 103478 reads in 3.450 CPU sec, 8.210 real sec
step2 put 0x50000201d930
step2 get 0x50000201eba0
[M::mem_process_seqs_merge2] CPE FASTQ formatting done
[M::process] read chunk (19660800 bytes/CG x 1 CGs, 19660440 bytes)...
step3 0x50000201d930
[M::mem_process_seqs_merge2] CPE FASTQ formatting done
step1 0x50000201d8e0
step1 0x50000201d8e0
step1 0x50000201d8e0
slave pre done
now n is 103478
processed 103478
[M::mem_process_seqs_merge2] Processed 103478 reads in 3.260 CPU sec, 7.890 real sec
step2 put 0x50000201d930
step2 get 0x50000201eba0
[M::process] read chunk (19660800 bytes/CG x 1 CGs, 19660820 bytes)...
step3 0x50000201d930
[M::mem_process_seqs_merge2] CPE FASTQ formatting done
step1 0x50000201d8e0
slave pre done
now n is 103478
processed 103478
[M::mem_process_seqs_merge2] Processed 103478 reads in 3.170 CPU sec, 8.921 real sec
step2 put 0x50000201ebf0
step2 get 0x50000201eba0
step3 0x50000201ebf0
[M::process] read chunk (19660800 bytes/CG x 1 CGs, 19660820 bytes)...
[M::mem_process_seqs_merge2] CPE FASTQ formatting done
step1 0x50000201d930
slave pre done
now n is 103478
processed 103478
[M::mem_process_seqs_merge2] Processed 103478 reads in 5.440 CPU sec, 8.821 real sec
step2 put 0x50000201d930
step2 get 0x50000201eba0
step3 0x50000201d930
[M::process] read chunk (19660800 bytes/CG x 1 CGs, 19660820 bytes)...
[M::mem_process_seqs_merge2] CPE FASTQ formatting done
slave pre done
now n is 103478
processed 103478
[M::mem_process_seqs_merge2] Processed 103478 reads in 3.600 CPU sec, 8.301 real sec
step2 put 0x50000201eba0
step2 get 0x50000201d8e0
[M::process] read chunk (19660800 bytes/CG x 1 CGs, 19660820 bytes)...
step3 0x50000201eba0
[M::mem_process_seqs_merge2] CPE FASTQ formatting done
slave pre done
now n is 103478
processed 103478
[M::mem_process_seqs_merge2] Processed 103478 reads in 3.370 CPU sec, 7.809 real sec
step2 put 0x50000201eba0
step2 get 0x50000201d8e0
[M::process] read chunk (19660800 bytes/CG x 1 CGs, 19660820 bytes)...
step3 0x50000201eba0
[M::mem_process_seqs_merge2] CPE FASTQ formatting done
slave pre done
now n is 103478
processed 103478
[M::mem_process_seqs_merge2] Processed 103478 reads in 3.240 CPU sec, 7.939 real sec
step2 put 0x50000201eba0
step2 get 0x50000201d8e0
[M::process] read chunk (19660800 bytes/CG x 1 CGs, 19660820 bytes)...
[M::mem_process_seqs_merge2] CPE FASTQ formatting done
step1 0x50000201ebf0
step1 0x50000201d930
step1 0x50000201ebf0
step1 0x50000201ebf0
step3 0x50000201eba0
slave pre done
now n is 103478
processed 103478
[M::mem_process_seqs_merge2] Processed 103478 reads in 3.400 CPU sec, 8.451 real sec
step2 put 0x50000201eba0
step2 get 0x50000201d8e0
[M::process] read chunk (19660800 bytes/CG x 1 CGs, 19660820 bytes)...
step3 0x50000201eba0
[M::mem_process_seqs_merge2] CPE FASTQ formatting done
step1 0x50000201d930
slave pre done
now n is 103478
processed 103478
[M::mem_process_seqs_merge2] Processed 103478 reads in 3.290 CPU sec, 8.880 real sec
step2 put 0x50000201eba0
step2 get 0x50000201d930
[M::process] read chunk (19660800 bytes/CG x 1 CGs, 19660820 bytes)...
step3 0x50000201eba0
[M::mem_process_seqs_merge2] CPE FASTQ formatting done
step1 0x50000201ebf0
slave pre done
now n is 103478
processed 103478
[M::mem_process_seqs_merge2] Processed 103478 reads in 4.910 CPU sec, 8.360 real sec
step2 put 0x50000201eba0
step2 get 0x50000201ebf0
step3 0x50000201eba0
[M::process] read chunk (19660800 bytes/CG x 1 CGs, 19660820 bytes)...
[M::mem_process_seqs_merge2] CPE FASTQ formatting done
slave pre done
now n is 103478
processed 103478
[M::mem_process_seqs_merge2] Processed 103478 reads in 3.270 CPU sec, 8.089 real sec
step2 put 0x50000201d8e0
step2 get 0x50000201d930
step3 0x50000201d8e0
[M::process] read chunk (19660800 bytes/CG x 1 CGs, 19660820 bytes)...
slave pre done
now n is 103478
[M::mem_process_seqs_merge2] CPE FASTQ formatting done
processed 103478
[M::mem_process_seqs_merge2] Processed 103478 reads in 3.390 CPU sec, 7.980 real sec
step2 put 0x50000201d8e0
step2 get 0x50000201ebf0
step3 0x50000201d8e0
[M::process] read chunk (19660800 bytes/CG x 1 CGs, 19660820 bytes)...
[M::mem_process_seqs_merge2] CPE FASTQ formatting done
slave pre done
now n is 103476
processed 103476
[M::mem_process_seqs_merge2] Processed 103476 reads in 3.350 CPU sec, 8.189 real sec
step2 put 0x50000201d8e0
step2 get 0x50000201ebf0
[M::process] read chunk (19660800 bytes/CG x 1 CGs, 19660820 bytes)...
step3 0x50000201d8e0
[M::mem_process_seqs_merge2] CPE FASTQ formatting done
step1 0x50000201eba0
step1 0x50000201d930
step1 0x50000201eba0
step1 0x50000201eba0
slave pre done
now n is 103478
processed 103478
[M::mem_process_seqs_merge2] Processed 103478 reads in 3.570 CPU sec, 8.330 real sec
step2 put 0x50000201d8e0
step2 get 0x50000201d930
step3 0x50000201d8e0
[M::process] read chunk (19660800 bytes/CG x 1 CGs, 19660820 bytes)...
[M::mem_process_seqs_merge2] CPE FASTQ formatting done
step1 0x50000201eba0
slave pre done
now n is 103478
processed 103478
[M::mem_process_seqs_merge2] Processed 103478 reads in 2.930 CPU sec, 8.311 real sec
step2 put 0x50000201d930
step2 get 0x50000201ebf0
[M::process] read chunk (19660800 bytes/CG x 1 CGs, 19660820 bytes)...
step3 0x50000201d930
[M::mem_process_seqs_merge2] CPE FASTQ formatting done
step1 0x50000201eba0
slave pre done
now n is 103478
processed 103478
[M::mem_process_seqs_merge2] Processed 103478 reads in 3.730 CPU sec, 8.537 real sec
step2 put 0x50000201ebf0
step2 get 0x50000201eba0
[M::process] read chunk (19660800 bytes/CG x 1 CGs, 19660820 bytes)...
step3 0x50000201ebf0
[M::mem_process_seqs_merge2] CPE FASTQ formatting done
slave pre done
now n is 103478
slave pre done
now n is 103478
slave pre done
now n is 103478
processed 103478
[M::mem_process_seqs_merge2] Processed 103478 reads in 4.870 CPU sec, 8.901 real sec
step2 put 0x50000201ebf0
step2 get 0x50000201d930
processed 103478
[M::mem_process_seqs_merge2] Processed 103478 reads in 3.700 CPU sec, 8.780 real sec
step2 put 0x50000201d930
step2 get 0x50000201eba0
processed 103478
[M::mem_process_seqs_merge2] Processed 103478 reads in 3.480 CPU sec, 8.340 real sec
step2 put 0x50000201ebf0
step2 get 0x50000201eba0
step3 0x50000201d930
[M::process] read chunk (19660800 bytes/CG x 1 CGs, 19660820 bytes)...
step3 0x50000201ebf0
[M::process] read chunk (19660800 bytes/CG x 1 CGs, 19660820 bytes)...
[M::process] read chunk (19660800 bytes/CG x 1 CGs, 19660820 bytes)...
step3 0x50000201ebf0
[M::mem_process_seqs_merge2] CPE FASTQ formatting done
[M::mem_process_seqs_merge2] CPE FASTQ formatting done
[M::mem_process_seqs_merge2] CPE FASTQ formatting done
step1 0x50000201d8e0
step1 0x50000201d8e0
step1 0x50000201eba0
step1 0x50000201d8e0
slave pre done
now n is 103478
processed 103478
[M::mem_process_seqs_merge2] Processed 103478 reads in 3.220 CPU sec, 8.419 real sec
step2 put 0x50000201d930
step2 get 0x50000201eba0
[M::process] read chunk (19660800 bytes/CG x 1 CGs, 19660820 bytes)...
step3 0x50000201d930
[M::mem_process_seqs_merge2] CPE FASTQ formatting done
step1 0x50000201d8e0
slave pre done
now n is 103478
processed 103478
[M::mem_process_seqs_merge2] Processed 103478 reads in 3.520 CPU sec, 8.969 real sec
step2 put 0x50000201ebf0
step2 get 0x50000201eba0
[M::process] read chunk (19660800 bytes/CG x 1 CGs, 19660820 bytes)...
step3 0x50000201ebf0
[M::mem_process_seqs_merge2] CPE FASTQ formatting done
step1 0x50000201d930
slave pre done
now n is 103478
processed 103478
[M::mem_process_seqs_merge2] Processed 103478 reads in 3.340 CPU sec, 8.209 real sec
step2 put 0x50000201eba0
step2 get 0x50000201d8e0
[M::process] read chunk (19660800 bytes/CG x 1 CGs, 19660820 bytes)...
step3 0x50000201eba0
[M::mem_process_seqs_merge2] CPE FASTQ formatting done
step1 0x50000201ebf0
slave pre done
now n is 103478
processed 103478
[M::mem_process_seqs_merge2] Processed 103478 reads in 4.790 CPU sec, 8.880 real sec
step2 put 0x50000201d930
step2 get 0x50000201eba0
slave pre done
now n is 103478
processed 103478
[M::mem_process_seqs_merge2] Processed 103478 reads in 3.720 CPU sec, 8.889 real sec
step2 put 0x50000201eba0
step2 get 0x50000201d8e0
[M::process] read chunk (19660800 bytes/CG x 1 CGs, 19660440 bytes)...
step3 0x50000201d930
step3 0x50000201eba0
[M::process] read chunk (19660800 bytes/CG x 1 CGs, 19660820 bytes)...
slave pre done
now n is 103478
processed 103478
[M::mem_process_seqs_merge2] Processed 103478 reads in 3.620 CPU sec, 8.910 real sec
step2 put 0x50000201eba0
step2 get 0x50000201d8e0
[M::mem_process_seqs_merge2] CPE FASTQ formatting done
[M::process] read chunk (19660800 bytes/CG x 1 CGs, 19660820 bytes)...
step3 0x50000201eba0
[M::mem_process_seqs_merge2] CPE FASTQ formatting done
[M::mem_process_seqs_merge2] CPE FASTQ formatting done
step1 0x50000201ebf0
step1 0x50000201d930
step1 0x50000201ebf0
slave pre done
now n is 103478
processed 103478
[M::mem_process_seqs_merge2] Processed 103478 reads in 3.410 CPU sec, 8.280 real sec
step2 put 0x50000201eba0
step2 get 0x50000201d8e0
[M::process] read chunk (19660800 bytes/CG x 1 CGs, 19660820 bytes)...
step3 0x50000201eba0
[M::mem_process_seqs_merge2] CPE FASTQ formatting done
step1 0x50000201d930
slave pre done
now n is 103478
processed 103478
[M::mem_process_seqs_merge2] Processed 103478 reads in 3.130 CPU sec, 8.381 real sec
step2 put 0x50000201eba0
step2 get 0x50000201d930
[M::process] read chunk (19660800 bytes/CG x 1 CGs, 19660820 bytes)...
step3 0x50000201eba0
[M::mem_process_seqs_merge2] CPE FASTQ formatting done
slave pre done
now n is 103478
processed 103478
[M::mem_process_seqs_merge2] Processed 103478 reads in 2.990 CPU sec, 7.999 real sec
step2 put 0x50000201d8e0
step2 get 0x50000201ebf0
step1 0x50000201ebf0
step3 0x50000201d8e0
[M::process] read chunk (19660800 bytes/CG x 1 CGs, 19660820 bytes)...
[M::mem_process_seqs_merge2] CPE FASTQ formatting done
step1 0x50000201eba0
slave pre done
now n is 103478
slave pre done
now n is 103478
processed 103478
[M::mem_process_seqs_merge2] Processed 103478 reads in 4.300 CPU sec, 8.190 real sec
step2 put 0x50000201eba0
step2 get 0x50000201ebf0
processed 103478
[M::mem_process_seqs_merge2] Processed 103478 reads in 3.460 CPU sec, 8.160 real sec
step2 put 0x50000201d8e0
step2 get 0x50000201ebf0
step3 0x50000201eba0
[M::process] read chunk (19660800 bytes/CG x 1 CGs, 19660820 bytes)...
[M::mem_process_seqs_merge2] CPE FASTQ formatting done
step3 0x50000201d8e0
[M::process] read chunk (19660800 bytes/CG x 1 CGs, 19660820 bytes)...
[M::mem_process_seqs_merge2] CPE FASTQ formatting done
slave pre done
now n is 103478
processed 103478
[M::mem_process_seqs_merge2] Processed 103478 reads in 3.750 CPU sec, 8.581 real sec
step2 put 0x50000201d8e0
step2 get 0x50000201d930
[M::process] read chunk (19660800 bytes/CG x 1 CGs, 19660820 bytes)...
step3 0x50000201d8e0
[M::mem_process_seqs_merge2] CPE FASTQ formatting done
step1 0x50000201eba0
step1 0x50000201d930
step1 0x50000201eba0
slave pre done
now n is 103478
processed 103478
[M::mem_process_seqs_merge2] Processed 103478 reads in 3.180 CPU sec, 8.060 real sec
step2 put 0x50000201d8e0
step2 get 0x50000201d930
[M::process] read chunk (19660800 bytes/CG x 1 CGs, 19660820 bytes)...
step3 0x50000201d8e0
[M::mem_process_seqs_merge2] CPE FASTQ formatting done
step1 0x50000201eba0
slave pre done
now n is 103478
processed 103478
[M::mem_process_seqs_merge2] Processed 103478 reads in 3.070 CPU sec, 8.219 real sec
step2 put 0x50000201d930
step2 get 0x50000201ebf0
[M::process] read chunk (19660800 bytes/CG x 1 CGs, 19660820 bytes)...
step3 0x50000201d930
[M::mem_process_seqs_merge2] CPE FASTQ formatting done
step1 0x50000201eba0
slave pre done
now n is 103478
processed 103478
[M::mem_process_seqs_merge2] Processed 103478 reads in 3.540 CPU sec, 8.519 real sec
step2 put 0x50000201ebf0
step2 get 0x50000201eba0
step3 0x50000201ebf0
[M::process] read chunk (19660800 bytes/CG x 1 CGs, 19660820 bytes)...
[M::mem_process_seqs_merge2] CPE FASTQ formatting done
slave pre done
now n is 103476
processed 103476
[M::mem_process_seqs_merge2] Processed 103476 reads in 4.300 CPU sec, 8.320 real sec
step2 put 0x50000201ebf0
step2 get 0x50000201d930
[M::process] read chunk (19660800 bytes/CG x 1 CGs, 19660820 bytes)...
step3 0x50000201ebf0
[M::mem_process_seqs_merge2] CPE FASTQ formatting done
step1 0x50000201d8e0
slave pre done
now n is 103478
processed 103478
[M::mem_process_seqs_merge2] Processed 103478 reads in 3.850 CPU sec, 8.622 real sec
step2 put 0x50000201ebf0
step2 get 0x50000201eba0
[M::process] read chunk (19660800 bytes/CG x 1 CGs, 19660820 bytes)...
step3 0x50000201ebf0
[M::mem_process_seqs_merge2] CPE FASTQ formatting done
slave pre done
now n is 103478
processed 103478
[M::mem_process_seqs_merge2] Processed 103478 reads in 4.010 CPU sec, 8.743 real sec
step2 put 0x50000201d930
step2 get 0x50000201eba0
step3 0x50000201d930
[M::process] read chunk (19660800 bytes/CG x 1 CGs, 19660440 bytes)...
[M::mem_process_seqs_merge2] CPE FASTQ formatting done
step1 0x50000201eba0
step1 0x50000201d8e0
step1 0x50000201d8e0
slave pre done
now n is 103478
processed 103478
[M::mem_process_seqs_merge2] Processed 103478 reads in 3.470 CPU sec, 8.851 real sec
step2 put 0x50000201d930
step2 get 0x50000201eba0
[M::process] read chunk (19660800 bytes/CG x 1 CGs, 19660820 bytes)...
step3 0x50000201d930
[M::mem_process_seqs_merge2] CPE FASTQ formatting done
step1 0x50000201d8e0
slave pre done
now n is 103478
processed 103478
[M::mem_process_seqs_merge2] Processed 103478 reads in 3.170 CPU sec, 8.899 real sec
step2 put 0x50000201ebf0
step2 get 0x50000201eba0
[M::process] read chunk (19660800 bytes/CG x 1 CGs, 19660820 bytes)...
step3 0x50000201ebf0
[M::mem_process_seqs_merge2] CPE FASTQ formatting done
slave pre done
now n is 103478
processed 103478
[M::mem_process_seqs_merge2] Processed 103478 reads in 3.600 CPU sec, 8.378 real sec
step2 put 0x50000201eba0
step2 get 0x50000201d8e0
[M::process] read chunk (19660800 bytes/CG x 1 CGs, 19660820 bytes)...
step3 0x50000201eba0
[M::mem_process_seqs_merge2] CPE FASTQ formatting done
step1 0x50000201d930
slave pre done
now n is 103478
processed 103478
[M::mem_process_seqs_merge2] Processed 103478 reads in 3.820 CPU sec, 8.570 real sec
step2 put 0x50000201d930
step2 get 0x50000201eba0
[M::process] read chunk (19660800 bytes/CG x 1 CGs, 19660820 bytes)...
step3 0x50000201d930
[M::mem_process_seqs_merge2] CPE FASTQ formatting done
step1 0x50000201ebf0
slave pre done
now n is 103478
processed 103478
[M::mem_process_seqs_merge2] Processed 103478 reads in 3.950 CPU sec, 8.827 real sec
step2 put 0x50000201eba0
step2 get 0x50000201d8e0
[M::process] read chunk (19660800 bytes/CG x 1 CGs, 19660820 bytes)...
step3 0x50000201eba0
[M::mem_process_seqs_merge2] CPE FASTQ formatting done
step1 0x50000201ebf0
step1 0x50000201ebf0
slave pre done
now n is 103478
processed 103478
[M::mem_process_seqs_merge2] Processed 103478 reads in 4.280 CPU sec, 9.558 real sec
step2 put 0x50000201eba0
step2 get 0x50000201d8e0
[M::process] read chunk (19660800 bytes/CG x 1 CGs, 19660820 bytes)...
step3 0x50000201eba0
[M::mem_process_seqs_merge2] CPE FASTQ formatting done
step1 0x50000201d930
slave pre done
now n is 103478
processed 103478
[M::mem_process_seqs_merge2] Processed 103478 reads in 3.580 CPU sec, 8.589 real sec
step2 put 0x50000201eba0
step2 get 0x50000201d8e0
[M::process] read chunk (19660800 bytes/CG x 1 CGs, 19660820 bytes)...
step3 0x50000201eba0
[M::mem_process_seqs_merge2] CPE FASTQ formatting done
step1 0x50000201d930
slave pre done
now n is 103478
processed 103478
[M::mem_process_seqs_merge2] Processed 103478 reads in 3.520 CPU sec, 8.031 real sec
step2 put 0x50000201d8e0
step2 get 0x50000201ebf0
[M::process] read chunk (19660800 bytes/CG x 1 CGs, 19660820 bytes)...
step3 0x50000201d8e0
[M::mem_process_seqs_merge2] CPE FASTQ formatting done
slave pre done
now n is 103478
processed 103478
[M::mem_process_seqs_merge2] Processed 103478 reads in 3.340 CPU sec, 8.679 real sec
step2 put 0x50000201eba0
step2 get 0x50000201d930
[M::process] read chunk (19660800 bytes/CG x 1 CGs, 19660820 bytes)...
step3 0x50000201eba0
[M::mem_process_seqs_merge2] CPE FASTQ formatting done
slave pre done
now n is 103478
processed 103478
[M::mem_process_seqs_merge2] Processed 103478 reads in 3.690 CPU sec, 8.171 real sec
step2 put 0x50000201eba0
step2 get 0x50000201ebf0
[M::process] read chunk (19660800 bytes/CG x 1 CGs, 19660820 bytes)...
step3 0x50000201eba0
[M::mem_process_seqs_merge2] CPE FASTQ formatting done
step1 0x50000201eba0
step1 0x50000201ebf0
slave pre done
now n is 103478
processed 103478
[M::mem_process_seqs_merge2] Processed 103478 reads in 3.230 CPU sec, 8.201 real sec
step2 put 0x50000201d8e0
step2 get 0x50000201ebf0
step3 0x50000201d8e0
[M::process] read chunk (19660800 bytes/CG x 1 CGs, 19660820 bytes)...
[M::mem_process_seqs_merge2] CPE FASTQ formatting done
step1 0x50000201d930
step1 0x50000201eba0
slave pre done
now n is 103476
processed 103476
[M::mem_process_seqs_merge2] Processed 103476 reads in 3.740 CPU sec, 8.697 real sec
step2 put 0x50000201d8e0
step2 get 0x50000201d930
step3 0x50000201d8e0
[M::process] read chunk (19660800 bytes/CG x 1 CGs, 19660820 bytes)...
[M::mem_process_seqs_merge2] CPE FASTQ formatting done
step1 0x50000201eba0
slave pre done
now n is 103478
processed 103478
[M::mem_process_seqs_merge2] Processed 103478 reads in 3.280 CPU sec, 8.849 real sec
step2 put 0x50000201d8e0
step2 get 0x50000201d930
step3 0x50000201d8e0
[M::process] read chunk (19660800 bytes/CG x 1 CGs, 19660820 bytes)...
[M::mem_process_seqs_merge2] CPE FASTQ formatting done
step1 0x50000201eba0
slave pre done
now n is 103478
processed 103478
[M::mem_process_seqs_merge2] Processed 103478 reads in 3.680 CPU sec, 8.499 real sec
step2 put 0x50000201ebf0
step2 get 0x50000201eba0
[M::process] read chunk (19660800 bytes/CG x 1 CGs, 19660440 bytes)...
step3 0x50000201ebf0
[M::mem_process_seqs_merge2] CPE FASTQ formatting done
slave pre done
now n is 103478
processed 103478
[M::mem_process_seqs_merge2] Processed 103478 reads in 2.730 CPU sec, 8.370 real sec
step2 put 0x50000201d930
step2 get 0x50000201ebf0
step3 0x50000201d930
[M::process] read chunk (19660800 bytes/CG x 1 CGs, 19660820 bytes)...
[M::mem_process_seqs_merge2] CPE FASTQ formatting done
slave pre done
now n is 103478
processed 103478
[M::mem_process_seqs_merge2] Processed 103478 reads in 3.770 CPU sec, 8.360 real sec
step2 put 0x50000201ebf0
step2 get 0x50000201d930
step3 0x50000201ebf0
[M::process] read chunk (19660800 bytes/CG x 1 CGs, 19660820 bytes)...
[M::mem_process_seqs_merge2] CPE FASTQ formatting done
step1 0x50000201d8e0
slave pre done
now n is 103478
processed 103478
[M::mem_process_seqs_merge2] Processed 103478 reads in 3.550 CPU sec, 8.380 real sec
step2 put 0x50000201ebf0
step2 get 0x50000201eba0
[M::process] read chunk (19660800 bytes/CG x 1 CGs, 19660820 bytes)...
step3 0x50000201ebf0
[M::mem_process_seqs_merge2] CPE FASTQ formatting done
step1 0x50000201eba0
step1 0x50000201eba0
step1 0x50000201d8e0
slave pre done
now n is 103478
processed 103478
[M::mem_process_seqs_merge2] Processed 103478 reads in 3.880 CPU sec, 9.281 real sec
step2 put 0x50000201d930
step2 get 0x50000201eba0
[M::process] read chunk (19660800 bytes/CG x 1 CGs, 19660820 bytes)...
step3 0x50000201d930
[M::mem_process_seqs_merge2] CPE FASTQ formatting done
step1 0x50000201d8e0
slave pre done
now n is 103478
processed 103478
[M::mem_process_seqs_merge2] Processed 103478 reads in 3.640 CPU sec, 8.560 real sec
step2 put 0x50000201d930
step2 get 0x50000201eba0
step3 0x50000201d930
[M::process] read chunk (19660800 bytes/CG x 1 CGs, 19660820 bytes)...
[M::mem_process_seqs_merge2] CPE FASTQ formatting done
step1 0x50000201d8e0
slave pre done
now n is 103478
processed 103478
[M::mem_process_seqs_merge2] Processed 103478 reads in 3.420 CPU sec, 7.929 real sec
step2 put 0x50000201eba0
step2 get 0x50000201d8e0
step3 0x50000201eba0
[M::process] read chunk (19660800 bytes/CG x 1 CGs, 19660820 bytes)...
[M::mem_process_seqs_merge2] CPE FASTQ formatting done
slave pre done
now n is 103478
processed 103478
[M::mem_process_seqs_merge2] Processed 103478 reads in 3.280 CPU sec, 8.309 real sec
step2 put 0x50000201ebf0
step2 get 0x50000201eba0
[M::process] read chunk (19660800 bytes/CG x 1 CGs, 19660820 bytes)...
step3 0x50000201ebf0
[M::mem_process_seqs_merge2] CPE FASTQ formatting done
step1 0x50000201ebf0
slave pre done
now n is 103478
processed 103478
[M::mem_process_seqs_merge2] Processed 103478 reads in 3.710 CPU sec, 8.278 real sec
step2 put 0x50000201d930
step2 get 0x50000201eba0
step3 0x50000201d930
[M::process] read chunk (19660800 bytes/CG x 1 CGs, 19660820 bytes)...
[M::mem_process_seqs_merge2] CPE FASTQ formatting done
step1 0x50000201d930
slave pre done
now n is 103478
processed 103478
[M::mem_process_seqs_merge2] Processed 103478 reads in 3.400 CPU sec, 7.851 real sec
step2 put 0x50000201eba0
step2 get 0x50000201d8e0
step3 0x50000201eba0
[M::mem_process_seqs_merge2] CPE FASTQ formatting done
[M::process] read chunk (19660800 bytes/CG x 1 CGs, 19660820 bytes)...
step1 0x50000201ebf0
step1 0x50000201ebf0
slave pre done
now n is 103478
processed 103478
[M::mem_process_seqs_merge2] Processed 103478 reads in 3.580 CPU sec, 8.211 real sec
step2 put 0x50000201eba0
step2 get 0x50000201d8e0
[M::process] read chunk (19660800 bytes/CG x 1 CGs, 19660820 bytes)...
step3 0x50000201eba0
[M::mem_process_seqs_merge2] CPE FASTQ formatting done
step1 0x50000201d930
slave pre done
now n is 103478
processed 103478
[M::mem_process_seqs_merge2] Processed 103478 reads in 3.370 CPU sec, 8.239 real sec
step2 put 0x50000201eba0
step2 get 0x50000201d8e0
[M::process] read chunk (19660800 bytes/CG x 1 CGs, 19660820 bytes)...
step3 0x50000201eba0
[M::mem_process_seqs_merge2] CPE FASTQ formatting done
step1 0x50000201d930
slave pre done
now n is 103476
processed 103476
[M::mem_process_seqs_merge2] Processed 103476 reads in 3.570 CPU sec, 8.329 real sec
step2 put 0x50000201d8e0
step2 get 0x50000201ebf0
step3 0x50000201d8e0
[M::process] read chunk (19660800 bytes/CG x 1 CGs, 19660820 bytes)...
[M::mem_process_seqs_merge2] CPE FASTQ formatting done
slave pre done
now n is 103478
processed 103478
[M::mem_process_seqs_merge2] Processed 103478 reads in 2.970 CPU sec, 8.408 real sec
step2 put 0x50000201eba0
step2 get 0x50000201d930
step3 0x50000201eba0
[M::process] read chunk (19660800 bytes/CG x 1 CGs, 19660820 bytes)...
[M::mem_process_seqs_merge2] CPE FASTQ formatting done
step1 0x50000201eba0
slave pre done
now n is 103478
processed 103478
[M::mem_process_seqs_merge2] Processed 103478 reads in 3.490 CPU sec, 7.851 real sec
step2 put 0x50000201eba0
step2 get 0x50000201ebf0
[M::process] read chunk (19660800 bytes/CG x 1 CGs, 19660820 bytes)...
step3 0x50000201eba0
[M::mem_process_seqs_merge2] CPE FASTQ formatting done
step1 0x50000201ebf0
slave pre done
now n is 103478
processed 103478
[M::mem_process_seqs_merge2] Processed 103478 reads in 3.900 CPU sec, 8.530 real sec
step2 put 0x50000201d8e0
step2 get 0x50000201ebf0
[M::process] read chunk (19660800 bytes/CG x 1 CGs, 19660820 bytes)...
step3 0x50000201d8e0
[M::mem_process_seqs_merge2] CPE FASTQ formatting done
step1 0x50000201d930
step1 0x50000201eba0
slave pre done
now n is 103478
processed 103478
[M::mem_process_seqs_merge2] Processed 103478 reads in 3.970 CPU sec, 8.408 real sec
step2 put 0x50000201d8e0
step2 get 0x50000201d930
[M::process] read chunk (19660800 bytes/CG x 1 CGs, 19660820 bytes)...
step3 0x50000201d8e0
[M::mem_process_seqs_merge2] CPE FASTQ formatting done
step1 0x50000201eba0
slave pre done
now n is 103478
processed 103478
[M::mem_process_seqs_merge2] Processed 103478 reads in 3.440 CPU sec, 8.449 real sec
step2 put 0x50000201d8e0
step2 get 0x50000201d930
step3 0x50000201d8e0
[M::process] read chunk (19660800 bytes/CG x 1 CGs, 19660820 bytes)...
[M::mem_process_seqs_merge2] CPE FASTQ formatting done
step1 0x50000201eba0
slave pre done
now n is 103478
processed 103478
[M::mem_process_seqs_merge2] Processed 103478 reads in 3.000 CPU sec, 8.070 real sec
step2 put 0x50000201d930
step2 get 0x50000201ebf0
[M::process] read chunk (19660800 bytes/CG x 1 CGs, 19660820 bytes)...
step3 0x50000201d930
[M::mem_process_seqs_merge2] CPE FASTQ formatting done
slave pre done
now n is 103478
step1 0x50000201eba0
processed 103478
[M::mem_process_seqs_merge2] Processed 103478 reads in 4.200 CPU sec, 9.339 real sec
step2 put 0x50000201ebf0
step2 get 0x50000201eba0
[M::process] read chunk (19660800 bytes/CG x 1 CGs, 19660820 bytes)...
step3 0x50000201ebf0
[M::mem_process_seqs_merge2] CPE FASTQ formatting done
slave pre done
now n is 103478
processed 103478
[M::mem_process_seqs_merge2] Processed 103478 reads in 3.950 CPU sec, 8.599 real sec
step2 put 0x50000201ebf0
step2 get 0x50000201d930
[M::process] read chunk (19660800 bytes/CG x 1 CGs, 19660820 bytes)...
step3 0x50000201ebf0
[M::mem_process_seqs_merge2] CPE FASTQ formatting done
slave pre done
now n is 103478
processed 103478
[M::mem_process_seqs_merge2] Processed 103478 reads in 3.770 CPU sec, 8.581 real sec
step2 put 0x50000201ebf0
step2 get 0x50000201eba0
step3 0x50000201ebf0
[M::process] read chunk (19660800 bytes/CG x 1 CGs, 19660820 bytes)...
[M::mem_process_seqs_merge2] CPE FASTQ formatting done
step1 0x50000201d8e0
step1 0x50000201eba0
step1 0x50000201d8e0
slave pre done
now n is 103478
processed 103478
[M::mem_process_seqs_merge2] Processed 103478 reads in 3.810 CPU sec, 8.920 real sec
step2 put 0x50000201d930
step2 get 0x50000201eba0
[M::process] read chunk (19660800 bytes/CG x 1 CGs, 19660820 bytes)...
step3 0x50000201d930
[M::mem_process_seqs_merge2] CPE FASTQ formatting done
step1 0x50000201d8e0
slave pre done
now n is 103478
processed 103478
[M::mem_process_seqs_merge2] Processed 103478 reads in 3.440 CPU sec, 8.478 real sec
step2 put 0x50000201d930
step2 get 0x50000201eba0
[M::process] read chunk (19660800 bytes/CG x 1 CGs, 19660440 bytes)...
step3 0x50000201d930
[M::mem_process_seqs_merge2] CPE FASTQ formatting done
step1 0x50000201d8e0
slave pre done
now n is 103478
processed 103478
[M::mem_process_seqs_merge2] Processed 103478 reads in 3.250 CPU sec, 8.351 real sec
step2 put 0x50000201ebf0
step2 get 0x50000201eba0
[M::process] read chunk (19660800 bytes/CG x 1 CGs, 19660820 bytes)...
step3 0x50000201ebf0
[M::mem_process_seqs_merge2] CPE FASTQ formatting done
slave pre done
now n is 103478
processed 103478
[M::mem_process_seqs_merge2] Processed 103478 reads in 3.440 CPU sec, 8.240 real sec
step2 put 0x50000201eba0
step2 get 0x50000201d8e0
step3 0x50000201eba0
[M::process] read chunk (19660800 bytes/CG x 1 CGs, 19660820 bytes)...
[M::mem_process_seqs_merge2] CPE FASTQ formatting done
step1 0x50000201d930
slave pre done
now n is 103478
slave pre done
now n is 103478
processed 103478
[M::mem_process_seqs_merge2] Processed 103478 reads in 3.930 CPU sec, 8.768 real sec
step2 put 0x50000201d930
step2 get 0x50000201eba0
processed 103478
[M::mem_process_seqs_merge2] Processed 103478 reads in 3.360 CPU sec, 7.940 real sec
step2 put 0x50000201eba0
step2 get 0x50000201d8e0
[M::process] read chunk (19660800 bytes/CG x 1 CGs, 19660820 bytes)...
step3 0x50000201d930
step3 0x50000201eba0
[M::process] read chunk (19660800 bytes/CG x 1 CGs, 19660820 bytes)...
[M::mem_process_seqs_merge2] CPE FASTQ formatting done
[M::mem_process_seqs_merge2] CPE FASTQ formatting done
step1 0x50000201ebf0
step1 0x50000201ebf0
step1 0x50000201ebf0
slave pre done
now n is 103478
processed 103478
[M::mem_process_seqs_merge2] Processed 103478 reads in 3.690 CPU sec, 8.461 real sec
step2 put 0x50000201eba0
step2 get 0x50000201d8e0
step3 0x50000201eba0
[M::process] read chunk (19660800 bytes/CG x 1 CGs, 19660820 bytes)...
[M::mem_process_seqs_merge2] CPE FASTQ formatting done
step1 0x50000201d930
slave pre done
now n is 103478
processed 103478
[M::mem_process_seqs_merge2] Processed 103478 reads in 3.390 CPU sec, 8.409 real sec
step2 put 0x50000201eba0
step2 get 0x50000201d8e0
step3 0x50000201eba0
[M::process] read chunk (19660800 bytes/CG x 1 CGs, 19660820 bytes)...
[M::mem_process_seqs_merge2] CPE FASTQ formatting done
step1 0x50000201d930
slave pre done
now n is 103478
processed 103478
[M::mem_process_seqs_merge2] Processed 103478 reads in 3.110 CPU sec, 8.159 real sec
step2 put 0x50000201eba0
step2 get 0x50000201d930
step3 0x50000201eba0
[M::process] read chunk (19660800 bytes/CG x 1 CGs, 19660820 bytes)...
[M::mem_process_seqs_merge2] CPE FASTQ formatting done
step1 0x50000201ebf0
slave pre done
now n is 103478
processed 103478
[M::mem_process_seqs_merge2] Processed 103478 reads in 3.760 CPU sec, 8.790 real sec
step2 put 0x50000201d8e0
step2 get 0x50000201ebf0
[M::process] read chunk (19660800 bytes/CG x 1 CGs, 19660820 bytes)...
step3 0x50000201d8e0
[M::mem_process_seqs_merge2] CPE FASTQ formatting done
slave pre done
now n is 103478
processed 103478
[M::mem_process_seqs_merge2] Processed 103478 reads in 3.830 CPU sec, 8.601 real sec
step2 put 0x50000201eba0
step2 get 0x50000201ebf0
step3 0x50000201eba0
[M::process] read chunk (19660800 bytes/CG x 1 CGs, 19660820 bytes)...
[M::mem_process_seqs_merge2] CPE FASTQ formatting done
slave pre done
now n is 103478
processed 103478
[M::mem_process_seqs_merge2] Processed 103478 reads in 3.750 CPU sec, 9.041 real sec
step2 put 0x50000201d8e0
step2 get 0x50000201ebf0
step3 0x50000201d8e0
[M::process] read chunk (19660800 bytes/CG x 1 CGs, 19660820 bytes)...
[M::mem_process_seqs_merge2] CPE FASTQ formatting done
step1 0x50000201eba0
step1 0x50000201d930
step1 0x50000201eba0
slave pre done
now n is 103478
processed 103478
[M::mem_process_seqs_merge2] Processed 103478 reads in 4.210 CPU sec, 9.060 real sec
step2 put 0x50000201d8e0
step2 get 0x50000201d930
[M::process] read chunk (19660800 bytes/CG x 1 CGs, 19660820 bytes)...
step3 0x50000201d8e0
[M::mem_process_seqs_merge2] CPE FASTQ formatting done
slave pre done
now n is 103476
step1 0x50000201eba0
processed 103476
[M::mem_process_seqs_merge2] Processed 103476 reads in 3.850 CPU sec, 8.609 real sec
step2 put 0x50000201d8e0
step2 get 0x50000201d930
[M::process] read chunk (19660800 bytes/CG x 1 CGs, 19660820 bytes)...
step3 0x50000201d8e0
[M::mem_process_seqs_merge2] CPE FASTQ formatting done
step1 0x50000201eba0
slave pre done
now n is 103478
processed 103478
[M::mem_process_seqs_merge2] Processed 103478 reads in 3.330 CPU sec, 8.609 real sec
step2 put 0x50000201d930
step2 get 0x50000201ebf0
step3 0x50000201d930
[M::process] read chunk (19660800 bytes/CG x 1 CGs, 19660820 bytes)...
[M::mem_process_seqs_merge2] CPE FASTQ formatting done
step1 0x50000201eba0
slave pre done
now n is 103478
processed 103478
[M::mem_process_seqs_merge2] Processed 103478 reads in 3.920 CPU sec, 8.801 real sec
step2 put 0x50000201ebf0
step2 get 0x50000201eba0
step3 0x50000201ebf0
[M::process] read chunk (19660800 bytes/CG x 1 CGs, 19660820 bytes)...
[M::mem_process_seqs_merge2] CPE FASTQ formatting done
slave pre done
now n is 103478
processed 103478
[M::mem_process_seqs_merge2] Processed 103478 reads in 3.970 CPU sec, 8.788 real sec
step2 put 0x50000201ebf0
step2 get 0x50000201d930
[M::process] read chunk (19660800 bytes/CG x 1 CGs, 19660820 bytes)...
step3 0x50000201ebf0
[M::mem_process_seqs_merge2] CPE FASTQ formatting done
slave pre done
now n is 103478
processed 103478
[M::mem_process_seqs_merge2] Processed 103478 reads in 3.440 CPU sec, 8.489 real sec
step2 put 0x50000201ebf0
step2 get 0x50000201eba0
step3 0x50000201ebf0
[M::process] read chunk (19660800 bytes/CG x 1 CGs, 19660820 bytes)...
[M::mem_process_seqs_merge2] CPE FASTQ formatting done
step1 0x50000201d8e0
step1 0x50000201eba0
step1 0x50000201d8e0
slave pre done
now n is 103478
processed 103478
[M::mem_process_seqs_merge2] Processed 103478 reads in 3.570 CPU sec, 8.540 real sec
step2 put 0x50000201d930
step2 get 0x50000201eba0
[M::process] read chunk (19660800 bytes/CG x 1 CGs, 19660820 bytes)...
step3 0x50000201d930
[M::mem_process_seqs_merge2] CPE FASTQ formatting done
slave pre done
now n is 103478
processed 103478
[M::mem_process_seqs_merge2] Processed 103478 reads in 4.120 CPU sec, 9.639 real sec
step2 put 0x50000201d930
step2 get 0x50000201eba0
step3 0x50000201d930
[M::process] read chunk (19660800 bytes/CG x 1 CGs, 19660820 bytes)...
[M::mem_process_seqs_merge2] CPE FASTQ formatting done
step1 0x50000201d8e0
step1 0x50000201d8e0
slave pre done
now n is 103478
processed 103478
[M::mem_process_seqs_merge2] Processed 103478 reads in 3.370 CPU sec, 8.479 real sec
step2 put 0x50000201ebf0
step2 get 0x50000201eba0
[M::process] read chunk (19660800 bytes/CG x 1 CGs, 19660820 bytes)...
step3 0x50000201ebf0
[M::mem_process_seqs_merge2] CPE FASTQ formatting done
step1 0x50000201d930
slave pre done
now n is 103478
processed 103478
[M::mem_process_seqs_merge2] Processed 103478 reads in 3.620 CPU sec, 7.931 real sec
step2 put 0x50000201eba0
step2 get 0x50000201d8e0
step3 0x50000201eba0
[M::process] read chunk (19660800 bytes/CG x 1 CGs, 19660820 bytes)...
[M::mem_process_seqs_merge2] CPE FASTQ formatting done
slave pre done
now n is 103478
processed 103478
[M::mem_process_seqs_merge2] Processed 103478 reads in 3.150 CPU sec, 7.789 real sec
step2 put 0x50000201eba0
step2 get 0x50000201d8e0
[M::process] read chunk (19660800 bytes/CG x 1 CGs, 19660820 bytes)...
step3 0x50000201eba0
[M::mem_process_seqs_merge2] CPE FASTQ formatting done
slave pre done
now n is 103478
processed 103478
[M::mem_process_seqs_merge2] Processed 103478 reads in 4.010 CPU sec, 8.041 real sec
step2 put 0x50000201d930
step2 get 0x50000201eba0
[M::process] read chunk (19660800 bytes/CG x 1 CGs, 19660820 bytes)...
step3 0x50000201d930
[M::mem_process_seqs_merge2] CPE FASTQ formatting done
step1 0x50000201ebf0
step1 0x50000201ebf0
step1 0x50000201ebf0
slave pre done
now n is 103478
processed 103478
[M::mem_process_seqs_merge2] Processed 103478 reads in 3.240 CPU sec, 7.719 real sec
step2 put 0x50000201eba0
step2 get 0x50000201d8e0
[M::process] read chunk (19660800 bytes/CG x 1 CGs, 19660820 bytes)...
step3 0x50000201eba0
[M::mem_process_seqs_merge2] CPE FASTQ formatting done
slave pre done
now n is 103478
processed 103478
[M::mem_process_seqs_merge2] Processed 103478 reads in 3.630 CPU sec, 8.098 real sec
step2 put 0x50000201eba0
step2 get 0x50000201d8e0
step3 0x50000201eba0
[M::process] read chunk (19660800 bytes/CG x 1 CGs, 19660820 bytes)...
[M::mem_process_seqs_merge2] CPE FASTQ formatting done
step1 0x50000201d930
step1 0x50000201d930
slave pre done
now n is 103478
processed 103478
[M::mem_process_seqs_merge2] Processed 103478 reads in 2.890 CPU sec, 8.068 real sec
step2 put 0x50000201eba0
step2 get 0x50000201d930
step3 0x50000201eba0
[M::process] read chunk (19660800 bytes/CG x 1 CGs, 19660440 bytes)...
[M::mem_process_seqs_merge2] CPE FASTQ formatting done
step1 0x50000201ebf0
slave pre done
now n is 103478
processed 103478
[M::mem_process_seqs_merge2] Processed 103478 reads in 3.450 CPU sec, 7.908 real sec
step2 put 0x50000201eba0
step2 get 0x50000201ebf0
step3 0x50000201eba0
[M::process] read chunk (19660800 bytes/CG x 1 CGs, 19660820 bytes)...
[M::mem_process_seqs_merge2] CPE FASTQ formatting done
slave pre done
now n is 103478
slave pre done
now n is 103478
processed 103478
[M::mem_process_seqs_merge2] Processed 103478 reads in 3.780 CPU sec, 8.738 real sec
step2 put 0x50000201d8e0
step2 get 0x50000201ebf0
step3 0x50000201d8e0
processed 103478
[M::mem_process_seqs_merge2] Processed 103478 reads in 3.440 CPU sec, 8.268 real sec
step2 put 0x50000201d8e0
step2 get 0x50000201ebf0
step3 0x50000201d8e0
[M::mem_process_seqs_merge2] CPE FASTQ formatting done
[M::process] read chunk (19660800 bytes/CG x 1 CGs, 1021064 bytes)...
[M::mem_process_seqs_merge2] CPE FASTQ formatting done
[M::process] read chunk (19660800 bytes/CG x 1 CGs, 19660820 bytes)...
step1 0x50000201eba0
step1 0x50000201d930
step1 0x50000201eba0
slave pre done
now n is 103478
processed 103478
[M::mem_process_seqs_merge2] Processed 103478 reads in 3.650 CPU sec, 8.309 real sec
step2 put 0x50000201d8e0
step2 get 0x50000201d930
step3 0x50000201d8e0
[M::mem_process_seqs_merge2] CPE FASTQ formatting done
slave pre done
now n is 103478
processed 103478
[M::mem_process_seqs_merge2] Processed 103478 reads in 3.450 CPU sec, 8.120 real sec
step2 put 0x50000201d8e0
step2 get 0x50000201d930
step3 0x50000201d8e0
[M::mem_process_seqs_merge2] CPE FASTQ formatting done
slave pre done
now n is 103478
processed 103478
[M::mem_process_seqs_merge2] Processed 103478 reads in 3.050 CPU sec, 7.721 real sec
step2 put 0x50000201d930
step2 get 0x50000201ebf0
step3 0x50000201d930
[M::mem_process_seqs_merge2] CPE FASTQ formatting done
slave pre done
now n is 103478
processed 103478
[M::mem_process_seqs_merge2] Processed 103478 reads in 3.770 CPU sec, 7.718 real sec
step2 put 0x50000201ebf0
step2 get 0x50000201d930
step3 0x50000201ebf0
[M::mem_process_seqs_merge2] CPE FASTQ formatting done
slave pre done
now n is 103478
processed 103478
[M::mem_process_seqs_merge2] Processed 103478 reads in 3.470 CPU sec, 7.671 real sec
step2 put 0x50000201ebf0
step2 get 0x50000201eba0
step3 0x50000201ebf0
[M::mem_process_seqs_merge2] CPE FASTQ formatting done
slave pre done
now n is 103478
processed 103478
[M::mem_process_seqs_merge2] Processed 103478 reads in 4.000 CPU sec, 8.751 real sec
step2 put 0x50000201ebf0
step2 get 0x50000201eba0
step3 0x50000201ebf0
[M::mem_process_seqs_merge2] CPE FASTQ formatting done
slave pre done
now n is 5374
processed 5374
[M::mem_process_seqs_merge2] Processed 5374 reads in 0.310 CPU sec, 1.269 real sec
step2 put 0x50000201eba0
step3 0x50000201eba0
[MPI rank 000001/000006] input work: chunks=33 records=1660541 bytes=630166728
slave pre done
now n is 103478
processed 103478
[M::mem_process_seqs_merge2] Processed 103478 reads in 3.790 CPU sec, 7.310 real sec
step2 put 0x50000201d930
step3 0x50000201d930
slave pre done
now n is 103478
processed 103478
[M::mem_process_seqs_merge2] Processed 103478 reads in 3.520 CPU sec, 7.659 real sec
step2 put 0x50000201d930
step3 0x50000201d930
slave pre done
now n is 103476
processed 103476
[M::mem_process_seqs_merge2] Processed 103476 reads in 3.130 CPU sec, 7.058 real sec
step2 put 0x50000201ebf0
step3 0x50000201ebf0
[MPI rank 000003/000006] input work: chunks=32 records=1657297 bytes=629145392
[MPI rank 000005/000006] input work: chunks=32 records=1657298 bytes=629145764
slave pre done
now n is 103478
processed 103478
[M::mem_process_seqs_merge2] Processed 103478 reads in 4.090 CPU sec, 7.021 real sec
step2 put 0x50000201d930
step3 0x50000201d930
[MPI rank 000000/000006] input work: chunks=32 records=1658529 bytes=629145352
[MPI rank 000002/000006] input work: chunks=32 records=1657299 bytes=629146144
slave pre done
now n is 103478
processed 103478
[M::mem_process_seqs_merge2] Processed 103478 reads in 3.550 CPU sec, 7.441 real sec
step2 put 0x50000201eba0
step3 0x50000201eba0

================ MPI Dynamic Scheduler Debug =================
  MPI rank: 000000 / 000006

  Work summary
    claimed chunks                                         32
    claimed from this rank's queue                         32
    claimed from another rank's queue                       0
    completed FASTQ records                           1658529
    claimed input bytes                             629145352

  Scheduler counters
    scheduler_next calls                                   33
    RMA ticket attempts                                    38
    attempts against another rank's queue                   5
    tickets beyond the final chunk                          6
    empty aligned chunks                                    0

  Scheduler timing
    MPI_Win_create (setup)                       0.000220 s  (1 calls,   220.351 us/call)
    MPI_Barrier after setup                      0.000014 s  (1 calls,    13.650 us/call)
    scheduler_next total                         0.139013 s  (33 calls,  4212.526 us/call)
      RMA ticket path total                        0.138850 s  (38 calls,  3653.953 us/call)
        MPI_Win_lock                                 0.000308 s  (38 calls,     8.113 us/call)
        MPI_Fetch_and_op                             0.000618 s  (38 calls,    16.251 us/call)
        MPI_Win_unlock                               0.137736 s  (38 calls,  3624.622 us/call)
        RMA call overhead (derived)                  0.000189 s  (38 calls,     4.966 us/call)
      align nominal offsets to FASTQ records       0.000051 s  (32 calls,     1.588 us/call)
      scheduler loop/bookkeeping (derived)         0.000112 s  (33 calls,     3.405 us/call)

  Scheduler teardown timing
    MPI_Barrier (wait for other ranks)           2.724154 s  (1 calls, 2724153.905 us/call)
    MPI_Win_free                                 0.000073 s  (1 calls,    73.100 us/call)

  Stage 2 by chunk
    completed chunks                                       32
    accumulated stage 2                            270.583098 s
    average stage 2 per chunk                        8.455722 s
    slowest chunk                                           0
    slowest chunk stage 2                           11.530628 s

    order   chunk  queue        byte range                       bytes      records   stage2(s)
        0       0      0  [           0,     19661160)     19661160        52972   11.530628
        1       6      0  [   117965124,    137625788)     19660664        52289    7.180829
        2      12      0  [   235929860,    255590524)     19660664        52289    8.150106
        3      18      0  [   353894596,    373555260)     19660664        52289    8.060355
        4      24      0  [   471859364,    491520184)     19660820        51739    8.030293
        5      30      0  [   589824284,    609485104)     19660820        51739    7.970700
        6      36      0  [   707788824,    727449644)     19660820        51739    8.431356
        7      42      0  [   825753744,    845414564)     19660820        51739    8.608459
        8      48      0  [   943718664,    963379484)     19660820        51739    9.050658
        9      54      0  [  1061683204,   1081344024)     19660820        51739    8.920722
       10      60      0  [  1179648124,   1199308944)     19660820        51739    8.800656
       11      66      0  [  1297613044,   1317273864)     19660820        51739    8.680489
       12      72      0  [  1415577964,   1435238404)     19660440        51738    8.300443
       13      78      0  [  1533542504,   1553203324)     19660820        51739    8.920899
       14      84      0  [  1651507424,   1671168244)     19660820        51739    8.880496
       15      90      0  [  1769472344,   1789133164)     19660820        51739    8.311547
       16      96      0  [  1887436884,   1907097704)     19660820        51739    8.968746
       17     102      0  [  2005401804,   2025062624)     19660820        51739    8.381132
       18     108
================ MPI Dynamic Scheduler Debug =================
  MPI rank: 000001 / 000006

  Work summary
    claimed chunks                                         33
    claimed from this rank's queue                         33
    claimed from another rank's queue                       0
    completed FASTQ records                           1660541
    claimed input bytes                             630166728

  Scheduler counters
    scheduler_next calls                                   34
    RMA ticket attempts                                    39
    attempts against another rank's queue                   5
    tickets beyond the final chunk                          6
    empty aligned chunks                                    0

  Scheduler timing
    MPI_Win_create (setup)                       0.002496 s  (1 calls,  2495.510 us/call)
    MPI_Barrier after setup                      0.000018 s  (1 calls,    17.800 us/call)
    scheduler_next total                         0.138445 s  (34 calls,  4071.913 us/call)
      RMA ticket path total                        0.138142 s  (39 calls,  3542.113 us/call)
        MPI_Win_lock                                 0.004471 s  (39 calls,   114.650 us/call)
        MPI_Fetch_and_op                             0.000468 s  (39 calls,    12.009 us/call)
        MPI_Win_unlock                               0.133139 s  (39 calls,  3413.818 us/call)
        RMA call overhead (derived)                  0.000064 s  (39 calls,     1.636 us/call)
      align nominal offsets to FASTQ records       0.000048 s  (33 calls,     1.464 us/call)
      scheduler loop/bookkeeping (derived)         0.000254 s  (34 calls,     7.481 us/call)

  Scheduler teardown timing
    MPI_Barrier (wait for other ranks)           5.377548 s  (1 calls, 5377547.801 us/call)
    MPI_Win_free                                 0.000065 s  (1 calls,    64.550 us/call)

  Stage 2 by chunk
    completed chunks                                       33
    accumulated stage 2                            266.011149 s
    average stage 2 per chunk                        8.060944 s
    slowest chunk                                           1
    slowest chunk stage 2                            9.661574 s

    order   chunk  queue        byte range                       bytes      records   stage2(s)
        0       1      1  [    19661160,     39321716)     19660556        52789    9.661574
        1       7      1  [   137625788,    157286452)     19660664        52289    7.520696
        2      13      1  [   255590524,    275251564)     19661040        52290    8.199889
        3      19      1  [   373555260,    393216084)     19660824        51795    7.749245
        4      25      1  [   491520184,    511181004)     19660820        51739    7.829785
        5      31      1  [   609485104,    629145924)     19660820        51739    8.288828
        6      37      1  [   727449644,    747110464)     19660820        51739    7.930357
        7      43      1  [   845414564,    865075384)     19660820        51739    8.591388
        8      49      1  [   963379484,    983040304)     19660820        51739    8.158311
        9      55      1  [  1081344024,   1101004844)     19660820        51739    8.231406
       10      61      1  [  1199308944,   1218969764)     19660820        51739    8.369462
       11      67      1  [  1317273864,   1336934684)     19660820        51739    8.389393
       12      73      1  [  1435238404,   1454899224)     19660820        51739    7.879286
       13      79      1  [  1553203324,   1572864144)     19660820        51739    8.210972
       14      85      1  [  1671168244,   1690829064)     19660820        51739    7.939411
       15      91      1  [  1789133164,   1808793604)     19660440        51738    8.188636
       16      97      1  [  1907097704,   1926758524)     19660820        51739    8.340290
       17     103      1  [  2025062624,   2044723444)     19660820        51739    8.910521
       18     109
================ MPI Dynamic Scheduler Debug =================
  MPI rank: 000002 / 000006

  Work summary
    claimed chunks                                         32
    claimed from this rank's queue                         32
    claimed from another rank's queue                       0
    completed FASTQ records                           1657299
    claimed input bytes                             629146144

  Scheduler counters
    scheduler_next calls                                   33
    RMA ticket attempts                                    38
    attempts against another rank's queue                   5
    tickets beyond the final chunk                          6
    empty aligned chunks                                    0

  Scheduler timing
    MPI_Win_create (setup)                       0.002394 s  (1 calls,  2393.859 us/call)
    MPI_Barrier after setup                      0.000010 s  (1 calls,     9.750 us/call)
    scheduler_next total                         0.141265 s  (33 calls,  4280.750 us/call)
      RMA ticket path total                        0.141100 s  (38 calls,  3713.166 us/call)
        MPI_Win_lock                                 0.000268 s  (38 calls,     7.051 us/call)
        MPI_Fetch_and_op                             0.000267 s  (38 calls,     7.018 us/call)
        MPI_Win_unlock                               0.140506 s  (38 calls,  3697.533 us/call)
        RMA call overhead (derived)                  0.000059 s  (38 calls,     1.563 us/call)
      align nominal offsets to FASTQ records       0.000046 s  (32 calls,     1.442 us/call)
      scheduler loop/bookkeeping (derived)         0.000118 s  (33 calls,     3.585 us/call)

  Scheduler teardown timing
    MPI_Barrier (wait for other ranks)           1.920252 s  (1 calls, 1920252.117 us/call)
    MPI_Win_free                                 0.000070 s  (1 calls,    69.800 us/call)

  Stage 2 by chunk
    completed chunks                                       32
    accumulated stage 2                            271.525860 s
    average stage 2 per chunk                        8.485183 s
    slowest chunk                                           2
    slowest chunk stage 2                           10.240562 s

    order   chunk  queue        byte range                       bytes      records   stage2(s)
        0       2      2  [    39321716,     58982756)     19661040        52290   10.240562
        1       8      2  [   157286452,    176947492)     19661040        52290    7.350493
        2      14      2  [   275251564,    294912228)     19660664        52289    8.561300
        3      20      2  [   393216084,    412876904)     19660820        51739    8.459720
        4      26      2  [   511181004,    530841824)     19660820        51739    8.213040
        5      32      2  [   629145924,    648806744)     19660820        51739    8.316123
        6      38      2  [   747110464,    766771284)     19660820        51739    8.771615
        7      44      2  [   865075384,    884736204)     19660820        51739    8.548640
        8      50      2  [   983040304,   1002701124)     19660820        51739    8.412270
        9      56      2  [  1101004844,   1120665664)     19660820        51739    9.436850
       10      62      2  [  1218969764,   1238630584)     19660820        51739    8.890608
       11      68      2  [  1336934684,   1356595504)     19660820        51739    9.780602
       12      74      2  [  1454899224,   1474560044)     19660820        51739    8.390569
       13      80      2  [  1572864144,   1592524964)     19660820        51739    8.820666
       14      86      2  [  1690829064,   1710489884)     19660820        51739    8.360420
       15      92      2  [  1808793604,   1828454424)     19660820        51739    8.900607
       16      98      2  [  1926758524,   1946419344)     19660820        51739    8.880499
       17     104      2  [  2044723444,   2064384264)     19660820        51739    8.190515
       18     110      0  [  2123366724,   2143027544)     19660820        51739    8.219357
       19     114      0  [  2241331264,   2260992084)     19660820        51739    8.899593
       20     120      0  [  2359296184,   2378957004)     19660820        51739    8.679480
       21     126      0  [  2477261104,   2496921924)     19660820        51739    8.370168
       22     132      0  [  2595225644,   2614886464)     19660820        51739    8.309402
       23     138      0  [  2713190564,   2732851384)     19660820        51739    8.408461
       24     144      0  [  2831155484,   2850816304)     19660820        51739    8.070186
       25     150      0  [  2949120024,   2968780844)     19660820        51739    8.351411
       26     156      0  [  3067084944,   3086745764)     19660820        51739    8.159415
       27     162      0  [  3185049864,   3204710684)     19660820        51739    8.609281
       28     168      0  [  3303014404,   3322675224)     19660820        51739    8.479376
       29     174      0  [  3420979324,   3440640144)     19660820        51739    8.068859
       30     180      0  [  3538944244,   3558605064)     19660820        51739    7.721421
       31     186      0  [  3656909164,   3676569604)     19660440        51738    7.058175
==============================================================


====================== SWBWA Output Debug =====================
  MPI rank: 000000 / 000006
  mode:     MPI single_unordered
  path:     correctness_results/bigdata_mpi_lwpf_off_20260823/mpi_dynamic_single/no1/small_SRR7963242_PE.sam

  Output volume
    output buffer capacity                           67108864
    swbwa_output_write calls                         3317058
    submitted SAM bytes                           1398962871
    buffered flushes                                      21
    buffered flush bytes                          1398962871
    direct oversized writes                                0
    direct oversized bytes                                 0

  Buffering
    buffered flush total                       119.918812 s  (21 calls, 5710419.625 us/call)

  Global offset reservation
    target rank                                             0
    target relationship                                 local
    reservations                                           21
    reservation total                            0.000735 s  (21 calls,    35.017 us/call)
      MPI_Fetch_and_op                             0.000278 s  (21 calls,    13.255 us/call)
      MPI_Win_flush(target rank 0)                 0.000410 s  (21 calls,    19.531 us/call)
      reservation call overhead (derived)          0.000047 s  (21 calls,     2.231 us/call)

  POSIX positioned writes
    pwrite system calls                                    21
    pwrite system-call bytes                       1398962871
    POSIX pwrite system calls                  119.917984 s  (21 calls, 5710380.175 us/call)
    POSIX pwrite effective bandwidth               11.126 MiB/s

  Output close timing
    MPI_Win_unlock_all                           0.000006 s  (1 calls,     6.000 us/call)
    MPI_Win_free                                 0.000045 s  (1 calls,    44.750 us/call)
    POSIX close                                  0.001942 s  (1 calls,  1942.057 us/call)
================================================================

      1  [  2143027544,   2162688364)     19660820        51739    8.160402
       19     115      1  [  2260992084,   2280652904)     19660820        51739    8.623224
       20     121      1  [  2378957004,   2398617824)     19660820        51739    8.826880
       21     127      1  [  2496921924,   2516582744)     19660820        51739    8.200633
       22     133      1  [  2614886464,   2634547284)     19660820        51739    8.380301
       23     139      1  [  2732851384,   2752512204)     19660820        51739    7.850663
       24     145      1  [  2850816304,   2870477124)     19660820        51739    8.530149
       25     151      1  [  2968780844,   2988441664)     19660820        51739    8.581349
       26     157      1  [  3086745764,   3106406584)     19660820        51739    7.939726
       27     163      1  [  3204710684,   3224371504)     19660820        51739    9.041210
       28     169      1  [  3322675224,   3342336044)     19660820        51739    8.489312
       29     175      1  [  3440640144,   3460300964)     19660820        51739    7.789406
       30     181      1  [  3558605064,   3578265884)     19660820        51739    8.268367
       31     187      1  [  3676569604,   3696230424)     19660820        51739    7.671336
       32     193      1  [  3794534524,   3795555588)      1021064         2687    1.268741
==============================================================


====================== SWBWA Output Debug =====================
  MPI rank: 000001 / 000006
  mode:     MPI single_unordered
  path:     correctness_results/bigdata_mpi_lwpf_off_20260823/mpi_dynamic_single/no1/small_SRR7963242_PE.sam

  Output volume
    output buffer capacity                           67108864
    swbwa_output_write calls                         3321082
    submitted SAM bytes                           1400662165
    buffered flushes                                      21
    buffered flush bytes                          1400662165
    direct oversized writes                                0
    direct oversized bytes                                 0

  Buffering
    buffered flush total                       115.533322 s  (21 calls, 5501586.751 us/call)

  Global offset reservation
    target rank                                             0
    target relationship                                remote
    reservations                                           21
    reservation total                            0.148369 s  (21 calls,  7065.197 us/call)
      MPI_Fetch_and_op                             0.001774 s  (21 calls,    84.479 us/call)
      MPI_Win_flush(target rank 0)                 0.146536 s  (21 calls,  6977.911 us/call)
      reservation call overhead (derived)          0.000059 s  (21 calls,     2.807 us/call)

  POSIX positioned writes
    pwrite system calls                                    21
    pwrite system-call bytes                       1400662165
    POSIX pwrite system calls                  115.384280 s  (21 calls, 5494489.532 us/call)
    POSIX pwrite effective bandwidth               11.577 MiB/s

  Output close timing
    MPI_Win_unlock_all                           0.000010 s  (1 calls,    10.500 us/call)
    MPI_Win_free                                 0.000038 s  (1 calls,    37.800 us/call)
    POSIX close                                  0.012577 s  (1 calls, 12576.896 us/call)
================================================================

      2  [  2162688364,   2182348804)     19660440        51738    8.320469
       19     116      2  [  2280652904,   2300313724)     19660820        51739    8.570517
       20     122      2  [  2398617824,   2418278644)     19660820        51739    8.171170
       21     128      2  [  2516582744,   2536243564)     19660820        51739    8.360823
       22     134      2  [  2634547284,   2654208104)     19660820        51739    8.278150
       23     140      2  [  2752512204,   2772173024)     19660820        51739    7.851492
       24     146      2  [  2870477124,   2890137944)     19660820        51739    8.599676
       25     152      2  [  2988441664,   3008102484)     19660820        51739    8.768408
       26     158      2  [  3106406584,   3126067404)     19660820        51739    8.601790
       27     164      2  [  3224371504,   3244032324)     19660820        51739    8.788577
       28     170      2  [  3342336044,   3361996864)     19660820        51739    8.041073
       29     176      2  [  3460300964,   3479961784)     19660820        51739    7.909018
       30     182      2  [  3578265884,   3597926704)     19660820        51739    7.718113
       31     188      2  [  3696230424,   3715891244)     19660820        51739    7.021484
==============================================================


====================== SWBWA Output Debug =====================
  MPI rank: 000002 / 000006
  mode:     MPI single_unordered
  path:     correctness_results/bigdata_mpi_lwpf_off_20260823/mpi_dynamic_single/no1/small_SRR7963242_PE.sam

  Output volume
    output buffer capacity                           67108864
    swbwa_output_write calls                         3314598
    submitted SAM bytes                           1397752806
    buffered flushes                                      21
    buffered flush bytes                          1397752806
    direct oversized writes                                0
    direct oversized bytes                                 0

  Buffering
    buffered flush total                       131.851512 s  (21 calls, 6278643.417 us/call)

  Global offset reservation
    target rank                                             0
    target relationship                                remote
    reservations                                           21
    reservation total                            0.161169 s  (21 calls,  7674.707 us/call)
      MPI_Fetch_and_op                             0.001860 s  (21 calls,    88.560 us/call)
      MPI_Win_flush(target rank 0)                 0.159281 s  (21 calls,  7584.787 us/call)
      reservation call overhead (derived)          0.000029 s  (21 calls,     1.360 us/call)

  POSIX positioned writes
    pwrite system calls                                    21
    pwrite system-call bytes                       1397752806
    POSIX pwrite system calls                  131.690253 s  (21 calls, 6270964.446 us/call)
    POSIX pwrite effective bandwidth               10.122 MiB/s

  Output close timing
    MPI_Win_unlock_all                           0.000011 s  (1 calls,    10.800 us/call)
    MPI_Win_free                                 0.000035 s  (1 calls,    35.150 us/call)
    POSIX close                                  0.012008 s  (1 calls, 12008.394 us/call)
================================================================


================ MPI Dynamic Scheduler Debug =================
  MPI rank: 000003 / 000006

  Work summary
    claimed chunks                                         32
    claimed from this rank's queue                         32
    claimed from another rank's queue                       0
    completed FASTQ records                           1657297
    claimed input bytes                             629145392

  Scheduler counters
    scheduler_next calls                                   33
    RMA ticket attempts                                    38
    attempts against another rank's queue                   5
    tickets beyond the final chunk                          6
    empty aligned chunks                                    0

  Scheduler timing
    MPI_Win_create (setup)                       0.000640 s  (1 calls,   640.453 us/call)
    MPI_Barrier after setup                      0.000018 s  (1 calls,    18.100 us/call)
    scheduler_next total                         0.133903 s  (33 calls,  4057.654 us/call)
      RMA ticket path total                        0.133754 s  (38 calls,  3519.830 us/call)
        MPI_Win_lock                                 0.000296 s  (38 calls,     7.788 us/call)
        MPI_Fetch_and_op                             0.001035 s  (38 calls,    27.246 us/call)
        MPI_Win_unlock                               0.132364 s  (38 calls,  3483.256 us/call)
        RMA call overhead (derived)                  0.000059 s  (38 calls,     1.540 us/call)
      align nominal offsets to FASTQ records       0.000044 s  (32 calls,     1.373 us/call)
      scheduler loop/bookkeeping (derived)         0.000105 s  (33 calls,     3.185 us/call)

  Scheduler teardown timing
    MPI_Barrier (wait for other ranks)           4.424004 s  (1 calls, 4424004.467 us/call)
    MPI_Win_free                                 0.000065 s  (1 calls,    64.900 us/call)

  Stage 2 by chunk
    completed chunks                                       32
    accumulated stage 2                            269.753614 s
    average stage 2 per chunk                        8.429800 s
    slowest chunk                                         171
    slowest chunk stage 2                            9.640903 s

    order   chunk  queue        byte range                       bytes      records   stage2(s)
        0       3      3  [    58982756,     78643420)     19660664        52289    9.350547
        1       9      3  [   176947492,    196608156)     19660664        52289    7.560290
        2      15      3  [   294912228,    314572892)     19660664        52289    7.880285
        3      21      3  [   412876904,    432537724)     19660820        51739    7.610227
        4      27      3  [   530841824,    550502644)     19660820        51739    8.180360
        5      33      3  [   648806744,    668467564)     19660820        51739    8.330330
        6      39      3  [   766771284,    786432104)     19660820        51739    8.380284
        7      45      3  [   884736204,    904397024)     19660820        51739    8.121471
        8      51      3  [  1002701124,   1022361944)     19660820        51739    8.219227
        9      57      3  [  1120665664,   1140326484)     19660820        51739    8.009788
       10      63      3  [  1238630584,   1258291404)     19660820        51739    8.519231
       11      69      3  [  1356595504,   1376256324)     19660820        51739    8.358440
       12      75      3  [  1474560044,   1494220864)     19660820        51739    8.011294
       13      81      3  [  1592524964,   1612185784)     19660820        51739    8.068293
       14      87      3  [  1710489884,   1730150704)     19660820        51739    8.301419
       15      93      3  [  1828454424,   1848115244)     19660820        51739    8.089285
       16      99      3  [  1946419344,   1966080164)     19660820        51739    8.779917
       17     105      3  [  2064384264,   2084045084)     19660820        51739    8.888837
       18     111[MPI rank 000004/000006] input work: chunks=33 records=1709036 bytes=648806208

================ MPI Dynamic Scheduler Debug =================
  MPI rank: 000004 / 000006

  Work summary
    claimed chunks                                         33
    claimed from this rank's queue                         32
    claimed from another rank's queue                       1
    completed FASTQ records                           1709036
    claimed input bytes                             648806208

  Scheduler counters
    scheduler_next calls                                   34
    RMA ticket attempts                                    41
    attempts against another rank's queue                   7
    tickets beyond the final chunk                          8
    empty aligned chunks                                    0

  Scheduler timing
    MPI_Win_create (setup)                       0.002541 s  (1 calls,  2540.960 us/call)
    MPI_Barrier after setup                      0.000013 s  (1 calls,    13.050 us/call)
    scheduler_next total                         0.206444 s  (34 calls,  6071.880 us/call)
      RMA ticket path total                        0.206279 s  (41 calls,  5031.196 us/call)
        MPI_Win_lock                                 0.000267 s  (41 calls,     6.515 us/call)
        MPI_Fetch_and_op                             0.000536 s  (41 calls,    13.071 us/call)
        MPI_Win_unlock                               0.205416 s  (41 calls,  5010.134 us/call)
        RMA call overhead (derived)                  0.000061 s  (41 calls,     1.477 us/call)
      align nominal offsets to FASTQ records       0.000048 s  (33 calls,     1.447 us/call)
      scheduler loop/bookkeeping (derived)         0.000117 s  (34 calls,     3.444 us/call)

  Scheduler teardown timing
    MPI_Barrier (wait for other ranks)           0.000029 s  (1 calls,    28.600 us/call)
    MPI_Win_free                                 0.000055 s  (1 calls,    55.200 us/call)

  Stage 2 by chunk
    completed chunks                                       33
    accumulated stage 2                            273.225945 s
    average stage 2 per chunk                        8.279574 s
    slowest chunk                                           4
    slowest chunk stage 2                            9.510637 s

    order   chunk  queue        byte range                       bytes      records   stage2(s)
        0       4      4  [    78643420,     98304084)     19660664        52289    9.510637
        1      10      4  [   196608156,    216268820)     19660664        52289    7.610282
        2      16      4  [   314572892,    334233932)     19661040        52290    8.061433
        3      22      4  [   432537724,    452198544)     19660820        51739    7.689263
        4      28      4  [   550502644,    570163464)     19660820        51739    7.729704
        5      34      4  [   668467564,    688128004)     19660440        51738    8.309297
        6      40      4  [   786432104,    806092924)     19660820        51739    8.448788
        7      46      4  [   904397024,    924057844)     19660820        51739    8.511410
        8      52      4  [  1022361944,   1042022764)     19660820        51739    8.349816
        9      58      4  [  1140326484,   1159987304)     19660820        51739    8.310777
       10      64      4  [  1258291404,   1277952224)     19660820        51739    8.259318
       11      70      4  [  1376256324,   1395917144)     19660820        51739    7.999647
       12      76      4  [  1494220864,   1513881684)     19660820        51739    7.948412
       13      82      4  [  1612185784,   1631846604)     19660820        51739    8.231324
       14      88      4  [  1730150704,   1749811524)     19660820        51739    7.809872
       15      94      4  [  1848115244,   1867776064)     19660820        51739    7.980915
       16     100      4  [  1966080164,   1985740984)     19660820        51739    8.537631
       17     106      4  [  2084
================ MPI Dynamic Scheduler Debug =================
  MPI rank: 000005 / 000006

  Work summary
    claimed chunks                                         32
    claimed from this rank's queue                         32
    claimed from another rank's queue                       0
    completed FASTQ records                           1657298
    claimed input bytes                             629145764

  Scheduler counters
    scheduler_next calls                                   33
    RMA ticket attempts                                    38
    attempts against another rank's queue                   5
    tickets beyond the final chunk                          6
    empty aligned chunks                                    0

  Scheduler timing
    MPI_Win_create (setup)                       0.002425 s  (1 calls,  2424.959 us/call)
    MPI_Barrier after setup                      0.000019 s  (1 calls,    19.400 us/call)
    scheduler_next total                         0.173131 s  (33 calls,  5246.390 us/call)
      RMA ticket path total                        0.172963 s  (38 calls,  4551.659 us/call)
        MPI_Win_lock                                 0.002165 s  (38 calls,    56.973 us/call)
        MPI_Fetch_and_op                             0.000464 s  (38 calls,    12.220 us/call)
        MPI_Win_unlock                               0.170269 s  (38 calls,  4480.751 us/call)
        RMA call overhead (derived)                  0.000065 s  (38 calls,     1.716 us/call)
      align nominal offsets to FASTQ records       0.000053 s  (32 calls,     1.648 us/call)
      scheduler loop/bookkeeping (derived)         0.000115 s  (33 calls,     3.488 us/call)

  Scheduler teardown timing
    MPI_Barrier (wait for other ranks)           3.459390 s  (1 calls, 3459390.042 us/call)
    MPI_Win_free                                 0.000059 s  (1 calls,    58.750 us/call)

  Stage 2 by chunk
    completed chunks                                       32
    accumulated stage 2                            269.348581 s
    average stage 2 per chunk                        8.417143 s
    slowest chunk                                           5
    slowest chunk stage 2                            9.251522 s

    order   chunk  queue        byte range                       bytes      records   stage2(s)
        0       5      5  [    98304084,    117965124)     19661040        52290    9.251522
        1      11      5  [   216268820,    235929860)     19661040        52290    7.718366
        2      17      5  [   334233932,    353894596)     19660664        52289    8.660571
        3      23      5  [   452198544,    471859364)     19660820        51739    8.280485
        4      29      5  [   570163464,    589824284)     19660820        51739    8.611738
        5      35      5  [   688128004,    707788824)     19660820        51739    8.799403
        6      41      5  [   806092924,    825753744)     19660820        51739    8.249702
        7      47      5  [   924057844,    943718664)     19660820        51739    8.091403
        8      53      5  [  1042022764,   1061683204)     19660440        51738    8.840262
        9      59      5  [  1159987304,   1179648124)     19660820        51739    8.269206
       10      65      5  [  1277952224,   1297613044)     19660820        51739    9.200579
       11      71      5  [  1395917144,   1415577964)     19660820        51739    8.541106
       12      77      5  [  1513881684,   1533542504)     19660820        51739    8.138329
       13      83      5  [  1631846604,   1651507424)     19660820        51739    7.890351
       14      89      5  [  1749811524,   1769472344)     19660820        51739    8.451505
       15      95      5  [  1867776064,   1887436884)     19660820        51739    8.330291
       16     101      5  [  1985740984,   2005401804)     19660820        51739    8.418880
       17     107      5  [  2103705904,   2123366724)     19660820        51739    8.280122
       18     113      3  [  2182348804,   2202009624)     19660820        51739    8.580890
       19     117      3  [  2300313724,   2319974544)     19660820        51739    8.744012
       20     123      3  [  2418278644,   2437939464)     19660820        51739    9.559091
       21     129      3  [  2536243564,   2555904004)     19660440        51738    8.696542
       22     135      3  [  2654208104,   2673868924)     19660820        51739    9.280980
       23     141      3  [  2772173024,   2791833844)     19660820        51739    8.211275
       24     147      3  [  2890137944,   2909798764)     19660820        51739    8.408275
       25     153      3  [  3008102484,   3027763304)     19660820        51739    8.920448
       26     159      3  [  3126067404,   3145728224)     19660820        51739    8.461552
       27     165      3  [  3244032324,   3263693144)     19660820        51739    9.060803
       28     171      3  [  3361996864,   3381657684)     19660820        51739    9.640903
       29     177      3  [  3479961784,   3499622604)     19660820        51739    8.098028
       30     183      3  [  3597926704,   3617587524)     19660820        51739    8.121088
       31     189      3  [  3715891244,   3735552064)     19660820        51739    7.310201
==============================================================


====================== SWBWA Output Debug =====================
  MPI rank: 000003 / 000006
  mode:     MPI single_unordered
  path:     correctness_results/bigdata_mpi_lwpf_off_20260823/mpi_dynamic_single/no1/small_SRR7963242_PE.sam

  Output volume
    output buffer capacity                           67108864
    swbwa_output_write calls                         3314594
    submitted SAM bytes                           1397758220
    buffered flushes                                      21
    buffered flush bytes                          1397758220
    direct oversized writes                                0
    direct oversized bytes                                 0

  Buffering
    buffered flush total                        82.906878 s  (21 calls, 3947946.571 us/call)

  Global offset reservation
    target rank                                             0
    target relationship                                remote
    reservations                                           21
    reservation total                            0.137813 s  (21 calls,  6562.538 us/call)
      MPI_Fetch_and_op                             0.002150 s  (21 calls,   102.377 us/call)
      MPI_Win_flush(target rank 0)                 0.135629 s  (21 calls,  6458.540 us/call)
      reservation call overhead (derived)          0.000034 s  (21 calls,     1.621 us/call)

  POSIX positioned writes
    pwrite system calls                                    21
    pwrite system-call bytes                       1397758220
    POSIX pwrite system calls                   82.768974 s  (21 calls, 3941379.695 us/call)
    POSIX pwrite effective bandwidth               16.105 MiB/s

  Output close timing
    MPI_Win_unlock_all                           0.000011 s  (1 calls,    10.950 us/call)
    MPI_Win_free                                 0.000038 s  (1 calls,    38.300 us/call)
    POSIX close                                  0.002059 s  (1 calls,  2059.007 us/call)
================================================================

045084,   2103705904)     19660820        51739    8.209126
       18     112      4  [  2202009624,   2221670444)     19660820        51739    7.999368
       19     118      4  [  2319974544,   2339635364)     19660820        51739    8.519404
       20     124      4  [  2437939464,   2457600284)     19660820        51739    8.378228
       21     130      4  [  2555904004,   2575564824)     19660820        51739    8.031246
       22     136      4  [  2673868924,   2693529744)     19660820        51739    8.499448
       23     142      4  [  2791833844,   2811494664)     19660820        51739    7.929597
       24     148      4  [  2909798764,   2929459204)     19660440        51738    8.329257
       25     154      4  [  3027763304,   3047424124)     19660820        51739    9.338605
       26     160      4  [  3145728224,   3165389044)     19660820        51739    8.240444
       27     166      4  [  3263693144,   3283353964)     19660820        51739    8.790398
       28     172      4  [  3381657684,   3401318504)     19660820        51739    8.800538
       29     178      4  [  3499622604,   3519283424)     19660820        51739    7.931574
       30     184      4  [  3617587524,   3637248344)     19660820        51739    8.738353
       31     190      4  [  3735552064,   3755212884)     19660820        51739    8.750589
       32     192      0  [  3774873704,   3794534524)     19660820        51739    7.441245
==============================================================


====================== SWBWA Output Debug =====================
  MPI rank: 000004 / 000006
  mode:     MPI single_unordered
  path:     correctness_results/bigdata_mpi_lwpf_off_20260823/mpi_dynamic_single/no1/small_SRR7963242_PE.sam

  Output volume
    output buffer capacity                           67108864
    swbwa_output_write calls                         3418072
    submitted SAM bytes                           1441350625
    buffered flushes                                      22
    buffered flush bytes                          1441350625
    direct oversized writes                                0
    direct oversized bytes                                 0

  Buffering
    buffered flush total                        96.194526 s  (22 calls, 4372478.453 us/call)

  Global offset reservation
    target rank                                             0
    target relationship                                remote
    reservations                                           22
    reservation total                            0.126623 s  (22 calls,  5755.596 us/call)
      MPI_Fetch_and_op                             0.002004 s  (22 calls,    91.107 us/call)
      MPI_Win_flush(target rank 0)                 0.124585 s  (22 calls,  5662.957 us/call)
      reservation call overhead (derived)          0.000034 s  (22 calls,     1.532 us/call)

  POSIX positioned writes
    pwrite system calls                                    22
    pwrite system-call bytes                       1441350625
    POSIX pwrite system calls                   96.067814 s  (22 calls, 4366718.798 us/call)
    POSIX pwrite effective bandwidth               14.308 MiB/s

  Output close timing
    MPI_Win_unlock_all                           0.000009 s  (1 calls,     8.950 us/call)
    MPI_Win_free                                 0.000038 s  (1 calls,    38.100 us/call)
    POSIX close                                  0.002073 s  (1 calls,  2072.957 us/call)
================================================================

      5  [  2221670444,   2241331264)     19660820        51739    8.060305
       19     119      5  [  2339635364,   2359296184)     19660820        51739    8.851421
       20     125      5  [  2457600284,   2477261104)     19660820        51739    8.589433
       21     131      5  [  2575564824,   2595225644)     19660820        51739    8.848776
       22     137      5  [  2693529744,   2713190564)     19660820        51739    8.560801
       23     143      5  [  2811494664,   2831155484)     19660820        51739    8.239330
       24     149      5  [  2929459204,   2949120024)     19660820        51739    8.449266
       25     155      5  [  3047424124,   3067084944)     19660820        51739    8.478255
       26     161      5  [  3165389044,   3185049864)     19660820        51739    8.409392
       27     167      5  [  3283353964,   3303014404)     19660440        51738    8.608856
       28     173      5  [  3401318504,   3420979324)     19660820        51739    8.541063
       29     179      5  [  3519283424,   3538944244)     19660820        51739    7.719456
       30     185      5  [  3637248344,   3656909164)     19660820        51739    8.309251
       31     191      5  [  3755212884,   3774873704)     19660820        51739    7.659155
==============================================================


====================== SWBWA Output Debug =====================
  MPI rank: 000005 / 000006
  mode:     MPI single_unordered
  path:     correctness_results/bigdata_mpi_lwpf_off_20260823/mpi_dynamic_single/no1/small_SRR7963242_PE.sam

  Output volume
    output buffer capacity                           67108864
    swbwa_output_write calls                         3314596
    submitted SAM bytes                           1397838099
    buffered flushes                                      21
    buffered flush bytes                          1397838099
    direct oversized writes                                0
    direct oversized bytes                                 0

  Buffering
    buffered flush total                       105.330499 s  (21 calls, 5015738.061 us/call)

  Global offset reservation
    target rank                                             0
    target relationship                                remote
    reservations                                           21
    reservation total                            0.153854 s  (21 calls,  7326.374 us/call)
      MPI_Fetch_and_op                             0.001199 s  (21 calls,    57.088 us/call)
      MPI_Win_flush(target rank 0)                 0.152628 s  (21 calls,  7267.986 us/call)
      reservation call overhead (derived)          0.000027 s  (21 calls,     1.300 us/call)

  POSIX positioned writes
    pwrite system calls                                    21
    pwrite system-call bytes                       1397838099
    POSIX pwrite system calls                  105.176568 s  (21 calls, 5008407.992 us/call)
    POSIX pwrite effective bandwidth               12.675 MiB/s

  Output close timing
    MPI_Win_unlock_all                           0.000015 s  (1 calls,    15.450 us/call)
    MPI_Win_free                                 0.000032 s  (1 calls,    32.450 us/call)
    POSIX close                                  0.002021 s  (1 calls,  2021.057 us/call)
================================================================


================ MPI Progress Thread Debug =================
  MPI rank: 000000 / 000006
  lifetime                                      276.515582 s
  MPI_Iprobe calls                                   27617
  MPI_Iprobe total                                0.489615 s
  MPI_Iprobe average                                17.729 us
  MPI_Iprobe maximum                              0.010597 s
  calls >= 1 ms                                          2
  calls >= 10 ms                                         1
  calls >= 100 ms                                        0
  calls >= 1 s                                           0
============================================================


================ SWBWA CPE/MPI Progress Debug ================
  MPI rank: 000000 / 000006

    phase                      waits     probes   total(s)    avg(us)    max(s)   >=1ms   >=10ms   >=100ms    >=1s  completed
    FASTQ formatting              32          0      0.000      0.000     0.000       0        0         0       0          0
    alignment and SAM length      32          0      0.000      0.000     0.000       0        0         0       0          0
    SAM record generation         32          0      0.000      0.000     0.000       0        0         0       0          0
    all CPE phases                96          0      0.000      0.000     0.000       0        0         0       0          0

  Probes marked 'completed' returned with the CPE completion
  flag set. Their full call duration bounds the possible delay.
    completion-observing probe total               0.000000 s
    slowest completion-observing probe             0.000000 s
==============================================================


======================= SWBWA Timing Report =======================
  MPI rank: 000000 / 000006
  Accumulated wall-clock time; indented rows are included in
  their parent row and must not be added to it.

  Pipeline
    total - complete three-stage pipeline                   276.524 s
    stage 1 - allocate and read raw FASTQ blocks             35.057 s
    stage 2 - align reads and generate SAM records          270.583 s
    stage 3 - write SAM and release batch data              124.950 s
      SAM output writes                                       122.516 s
      batch cleanup and loop overhead (derived)                 2.434 s

  Stage 1 input details
    batches completed / stage calls                      32 / 33
    input-buffer and batch allocations                        0.000 s  (97 calls, max 0.000 s)
    aggregate requested allocation bytes           1258358352
    FASTQ fseeko calls                                        5.732 s  (64 calls, max 0.266 s)
    FASTQ fread calls                                        29.183 s  (64 calls, max 1.107 s)
    align chunk ends to FASTQ record boundaries               0.000 s  (0 calls, max 0.000 s)
    scheduler, checks and bookkeeping (derived)               0.142 s
    raw FASTQ bytes read                           1258290704  (1200.000 MiB)
    effective fread bandwidth                         41.120 MiB/s
    slowest allocation                                 0.000 s  (19661844 bytes)
    slowest fread                                      1.107 s  (R2 offset=117965124, bytes=19660664)

  Stage 2 worker details
    total - active merge worker                             270.574 s
      part 1 - prepare CPE task and reusable buffers            1.152 s
      part 2 - CPE FASTQ formatting and input release           0.528 s
      part 3 - CPE alignment and SAM length pass              268.089 s
      part 4 - assign slices in the shared SAM buffer           0.238 s
      part 5 - CPE SAM record generation                        0.558 s
      part 6 - release temporary worker data                    0.001 s

  Reserved allocator timers (no active timing sites)
    malloc timer                                              0.000 s
    free timer                                                0.000 s
====
================ MPI Progress Thread Debug =================
  MPI rank: 000001 / 000006
  lifetime                                      276.503778 s
  MPI_Iprobe calls                                   27610
  MPI_Iprobe total                                0.536922 s
  MPI_Iprobe average                                19.447 us
  MPI_Iprobe maximum                              0.020698 s
  calls >= 1 ms                                         12
  calls >= 10 ms                                         3
  calls >= 100 ms                                        0
  calls >= 1 s                                           0
============================================================


================ SWBWA CPE/MPI Progress Debug ================
  MPI rank: 000001 / 000006

    phase                      waits     probes   total(s)    avg(us)    max(s)   >=1ms   >=10ms   >=100ms    >=1s  completed
    FASTQ formatting              33          0      0.000      0.000     0.000       0        0         0       0          0
    alignment and SAM length      33          0      0.000      0.000     0.000       0        0         0       0          0
    SAM record generation         33          0      0.000      0.000     0.000       0        0         0       0          0
    all CPE phases                99          0      0.000      0.000     0.000       0        0         0       0          0

  Probes marked 'completed' returned with the CPE completion
  flag set. Their full call duration bounds the possible delay.
    completion-observing probe total               0.000000 s
    slowest completion-observing probe             0.000000 s
==============================================================


======================= SWBWA Timing Report =======================
  MPI rank: 000001 / 000006
  Accumulated wall-clock time; indented rows are included in
  their parent row and must not be added to it.

  Pipeline
    total - complete three-stage pipeline                   276.521 s
    stage 1 - allocate and read raw FASTQ blocks             50.660 s
    stage 2 - align reads and generate SAM records          266.011 s
    stage 3 - write SAM and release batch data              117.614 s
      SAM output writes                                       115.747 s
      batch cleanup and loop overhead (derived)                 1.867 s

  Stage 1 input details
    batches completed / stage calls                      33 / 34
    input-buffer and batch allocations                        0.000 s  (100 calls, max 0.000 s)
    aggregate requested allocation bytes           1260403216
    FASTQ fseeko calls                                       10.328 s  (66 calls, max 0.285 s)
    FASTQ fread calls                                        40.191 s  (66 calls, max 1.285 s)
    align chunk ends to FASTQ record boundaries               0.000 s  (0 calls, max 0.000 s)
    scheduler, checks and bookkeeping (derived)               0.141 s
    raw FASTQ bytes read                           1260333456  (1201.948 MiB)
    effective fread bandwidth                         29.906 MiB/s
    slowest allocation                                 0.000 s  (19661844 bytes)
    slowest fread                                      1.285 s  (R1 offset=137625788, bytes=19660664)

  Stage 2 worker details
    total - active merge worker                             265.999 s
      part 1 - prepare CPE task and reusable buffers            1.108 s
      part 2 - CPE FASTQ formatting and input release           0.517 s
      part 3 - CPE alignment and SAM length pass              263.519 s
      part 4 - assign slices in the shared SAM buffer           0.237 s
      part 5 - CPE SAM record generation                        0.606 s
      part 6 - release temporary worker data                    0.001 s

  Reserved allocator timers (no active timing sites)
    malloc timer                                              0.000 s
    free timer                                                0.000 s
===
================ MPI Progress Thread Debug =================
  MPI rank: 000002 / 000006
  lifetime                                      276.507370 s
  MPI_Iprobe calls                                   27553
  MPI_Iprobe total                                0.730386 s
  MPI_Iprobe average                                26.508 us
  MPI_Iprobe maximum                              0.021613 s
  calls >= 1 ms                                         28
  calls >= 10 ms                                         3
  calls >= 100 ms                                        0
  calls >= 1 s                                           0
============================================================


================ SWBWA CPE/MPI Progress Debug ================
  MPI rank: 000002 / 000006

    phase                      waits     probes   total(s)    avg(us)    max(s)   >=1ms   >=10ms   >=100ms    >=1s  completed
    FASTQ formatting              32          0      0.000      0.000     0.000       0        0         0       0          0
    alignment and SAM length      32          0      0.000      0.000     0.000       0        0         0       0          0
    SAM record generation         32          0      0.000      0.000     0.000       0        0         0       0          0
    all CPE phases                96          0      0.000      0.000     0.000       0        0         0       0          0

  Probes marked 'completed' returned with the CPE completion
  flag set. Their full call duration bounds the possible delay.
    completion-observing probe total               0.000000 s
    slowest completion-observing probe             0.000000 s
==============================================================


======================= SWBWA Timing Report =======================
  MPI rank: 000002 / 000006
  Accumulated wall-clock time; indented rows are included in
  their parent row and must not be added to it.

  Pipeline
    total - complete three-stage pipeline                   276.526 s
    stage 1 - allocate and read raw FASTQ blocks             44.391 s
    stage 2 - align reads and generate SAM records          271.526 s
    stage 3 - write SAM and release batch data              136.132 s
      SAM output writes                                       134.168 s
      batch cleanup and loop overhead (derived)                 1.964 s

  Stage 1 input details
    batches completed / stage calls                      32 / 33
    input-buffer and batch allocations                        0.000 s  (97 calls, max 0.000 s)
    aggregate requested allocation bytes           1258359936
    FASTQ fseeko calls                                        5.118 s  (64 calls, max 0.288 s)
    FASTQ fread calls                                        39.059 s  (64 calls, max 1.220 s)
    align chunk ends to FASTQ record boundaries               0.000 s  (0 calls, max 0.000 s)
    scheduler, checks and bookkeeping (derived)               0.213 s
    raw FASTQ bytes read                           1258292288  (1200.001 MiB)
    effective fread bandwidth                         30.723 MiB/s
    slowest allocation                                 0.000 s  (19661844 bytes)
    slowest fread                                      1.220 s  (R1 offset=157286452, bytes=19661040)

  Stage 2 worker details
    total - active merge worker                             271.518 s
      part 1 - prepare CPE task and reusable buffers            1.270 s
      part 2 - CPE FASTQ formatting and input release           0.711 s
      part 3 - CPE alignment and SAM length pass              268.635 s
      part 4 - assign slices in the shared SAM buffer           0.262 s
      part 5 - CPE SAM record generation                        0.628 s
      part 6 - release temporary worker data                    0.001 s

  Reserved allocator timers (no active timing sites)
    malloc timer                                              0.000 s
    free timer                                                0.000 s
===================================================================

[main] Version: 0.0.1
[main] CMD: ./SWBWA mem -v 4 -t 1 -o correctness_results/bigdata_mpi_lwpf_off_20260823/mpi_dynamic_single/no1/small_SRR7963242_PE.sam -I 170,80,500,1 ../data/GRCh38.d1.vd1.fa ../data/bwa_test_big_data/small_SRR7963242_1.fastq ../data/bwa_test_big_data/small_SRR7963242_2.fastq
================================================================

===============================================================


================ MPI Progress Thread Debug =================
  MPI rank: 000003 / 000006
  lifetime                                      276.504328 s
  MPI_Iprobe calls                                   27608
  MPI_Iprobe total                                0.503745 s
  MPI_Iprobe average                                18.246 us
  MPI_Iprobe maximum                              0.010417 s
  calls >= 1 ms                                          7
  calls >= 10 ms                                         2
  calls >= 100 ms                                        0
  calls >= 1 s                                           0
============================================================


================ SWBWA CPE/MPI Progress Debug ================
  MPI rank: 000003 / 000006

    phase                      waits     probes   total(s)    avg(us)    max(s)   >=1ms   >=10ms   >=100ms    >=1s  completed
    FASTQ formatting              32          0      0.000      0.000     0.000       0        0         0       0          0
    alignment and SAM length      32          0      0.000      0.000     0.000       0        0         0       0          0
    SAM record generation         32          0      0.000      0.000     0.000       0        0         0       0          0
    all CPE phases                96          0      0.000      0.000     0.000       0        0         0       0          0

  Probes marked 'completed' returned with the CPE completion
  flag set. Their full call duration bounds the possible delay.
    completion-observing probe total               0.000000 s
    slowest completion-observing probe             0.000000 s
==============================================================


======================= SWBWA Timing Report =======================
  MPI rank: 000003 / 000006
  Accumulated wall-clock time; indented rows are included in
  their parent row and must not be added to it.

  Pipeline
    total - complete three-stage pipeline                   276.523 s
    stage 1 - allocate and read raw FASTQ blocks             40.337 s
    stage 2 - align reads and generate SAM records          269.754 s
    stage 3 - write SAM and release batch data               87.499 s
      SAM output writes                                        85.663 s
      batch cleanup and loop overhead (derived)                 1.836 s

  Stage 1 input details
    batches completed / stage calls                      32 / 33
    input-buffer and batch allocations                        0.000 s  (97 calls, max 0.000 s)
    aggregate requested allocation bytes           1258358432
    FASTQ fseeko calls                                        7.280 s  (64 calls, max 0.349 s)
    FASTQ fread calls                                        32.921 s  (64 calls, max 1.039 s)
    align chunk ends to FASTQ record boundaries               0.000 s  (0 calls, max 0.000 s)
    scheduler, checks and bookkeeping (derived)               0.136 s
    raw FASTQ bytes read                           1258290784  (1200.000 MiB)
    effective fread bandwidth                         36.451 MiB/s
    slowest allocation                                 0.000 s  (19661844 bytes)
    slowest fread                                      1.039 s  (R2 offset=412876904, bytes=19660820)

  Stage 2 worker details
    total - active merge worker                             269.741 s
      part 1 - prepare CPE task and reusable buffers            1.201 s
      part 2 - CPE FASTQ formatting and input release           0.519 s
      part 3 - CPE alignment and SAM length pass              267.202 s
      part 4 - assign slices in the shared SAM buffer           0.238 s
      part 5 - CPE SAM record generation                        0.566 s
      part 6 - release temporary worker data                    0.001 s

  Reserved allocator timers (no active timing sites)
    malloc timer                                              0.000 s
    free timer                                                0.000 s
====
================ MPI Progress Thread Debug =================
  MPI rank: 000004 / 000006
  lifetime                                      276.513407 s
  MPI_Iprobe calls                                   27599
  MPI_Iprobe total                                0.461847 s
  MPI_Iprobe average                                16.734 us
  MPI_Iprobe maximum                              0.011743 s
  calls >= 1 ms                                          6
  calls >= 10 ms                                         2
  calls >= 100 ms                                        0
  calls >= 1 s                                           0
============================================================


================ SWBWA CPE/MPI Progress Debug ================
  MPI rank: 000004 / 000006

    phase                      waits     probes   total(s)    avg(us)    max(s)   >=1ms   >=10ms   >=100ms    >=1s  completed
    FASTQ formatting              33          0      0.000      0.000     0.000       0        0         0       0          0
    alignment and SAM length      33          0      0.000      0.000     0.000       0        0         0       0          0
    SAM record generation         33          0      0.000      0.000     0.000       0        0         0       0          0
    all CPE phases                99          0      0.000      0.000     0.000       0        0         0       0          0

  Probes marked 'completed' returned with the CPE completion
  flag set. Their full call duration bounds the possible delay.
    completion-observing probe total               0.000000 s
    slowest completion-observing probe             0.000000 s
==============================================================


======================= SWBWA Timing Report =======================
  MPI rank: 000004 / 000006
  Accumulated wall-clock time; indented rows are included in
  their parent row and must not be added to it.

  Pipeline
    total - complete three-stage pipeline                   276.526 s
    stage 1 - allocate and read raw FASTQ blocks             45.298 s
    stage 2 - align reads and generate SAM records          273.226 s
    stage 3 - write SAM and release batch data              102.271 s
      SAM output writes                                        99.959 s
      batch cleanup and loop overhead (derived)                 2.312 s

  Stage 1 input details
    batches completed / stage calls                      33 / 34
    input-buffer and batch allocations                        0.000 s  (100 calls, max 0.000 s)
    aggregate requested allocation bytes           1297682176
    FASTQ fseeko calls                                        5.622 s  (66 calls, max 0.280 s)
    FASTQ fread calls                                        39.466 s  (66 calls, max 1.260 s)
    align chunk ends to FASTQ record boundaries               0.000 s  (0 calls, max 0.000 s)
    scheduler, checks and bookkeeping (derived)               0.209 s
    raw FASTQ bytes read                           1297612416  (1237.500 MiB)
    effective fread bandwidth                         31.356 MiB/s
    slowest allocation                                 0.000 s  (19661844 bytes)
    slowest fread                                      1.260 s  (R1 offset=196608156, bytes=19660664)

  Stage 2 worker details
    total - active merge worker                             273.212 s
      part 1 - prepare CPE task and reusable buffers            1.254 s
      part 2 - CPE FASTQ formatting and input release           0.552 s
      part 3 - CPE alignment and SAM length pass              270.484 s
      part 4 - assign slices in the shared SAM buffer           0.252 s
      part 5 - CPE SAM record generation                        0.654 s
      part 6 - release temporary worker data                    0.001 s

  Reserved allocator timers (no active timing sites)
    malloc timer                                              0.000 s
    free timer                                                0.000 s
==================================================================

================================================================


================ MPI Progress Thread Debug =================
  MPI rank: 000005 / 000006
  lifetime                                      276.513158 s
  MPI_Iprobe calls                                   27589
  MPI_Iprobe total                                0.484891 s
  MPI_Iprobe average                                17.576 us
  MPI_Iprobe maximum                              0.020783 s
  calls >= 1 ms                                          9
  calls >= 10 ms                                         4
  calls >= 100 ms                                        0
  calls >= 1 s                                           0
============================================================


================ SWBWA CPE/MPI Progress Debug ================
  MPI rank: 000005 / 000006

    phase                      waits     probes   total(s)    avg(us)    max(s)   >=1ms   >=10ms   >=100ms    >=1s  completed
    FASTQ formatting              32          0      0.000      0.000     0.000       0        0         0       0          0
    alignment and SAM length      32          0      0.000      0.000     0.000       0        0         0       0          0
    SAM record generation         32          0      0.000      0.000     0.000       0        0         0       0          0
    all CPE phases                96          0      0.000      0.000     0.000       0        0         0       0          0

  Probes marked 'completed' returned with the CPE completion
  flag set. Their full call duration bounds the possible delay.
    completion-observing probe total               0.000000 s
    slowest completion-observing probe             0.000000 s
==============================================================


======================= SWBWA Timing Report =======================
  MPI rank: 000005 / 000006
  Accumulated wall-clock time; indented rows are included in
  their parent row and must not be added to it.

  Pipeline
    total - complete three-stage pipeline                   276.522 s
    stage 1 - allocate and read raw FASTQ blocks             37.035 s
    stage 2 - align reads and generate SAM records          269.349 s
    stage 3 - write SAM and release batch data              109.557 s
      SAM output writes                                       107.435 s
      batch cleanup and loop overhead (derived)                 2.122 s

  Stage 1 input details
    batches completed / stage calls                      32 / 33
    input-buffer and batch allocations                        0.000 s  (97 calls, max 0.000 s)
    aggregate requested allocation bytes           1258359176
    FASTQ fseeko calls                                        2.922 s  (64 calls, max 0.351 s)
    FASTQ fread calls                                        33.936 s  (64 calls, max 1.455 s)
    align chunk ends to FASTQ record boundaries               0.000 s  (0 calls, max 0.000 s)
    scheduler, checks and bookkeeping (derived)               0.177 s
    raw FASTQ bytes read                           1258291528  (1200.000 MiB)
    effective fread bandwidth                         35.360 MiB/s
    slowest allocation                                 0.000 s  (19661844 bytes)
    slowest fread                                      1.455 s  (R1 offset=216268820, bytes=19661040)

  Stage 2 worker details
    total - active merge worker                             269.336 s
      part 1 - prepare CPE task and reusable buffers            1.355 s
      part 2 - CPE FASTQ formatting and input release           0.601 s
      part 3 - CPE alignment and SAM length pass              266.520 s
      part 4 - assign slices in the shared SAM buffer           0.241 s
      part 5 - CPE SAM record generation                        0.607 s
      part 6 - release temporary worker data                    0.001 s

  Reserved allocator timers (no active timing sites)
    malloc timer                                              0.000 s
    free timer                                                0.000 s
===================================================================

