[M::main_mem] mean insert size: 170.000, stddev: 80.000, max: 500, min: 1
[MPI input] mode=dynamic chunks=254 bytes_per_cg=19660800 cg_count=1 chunk_bytes=19660800 micro_chunk_bytes=4915200 tail_percent=10 file_bytes=3795555588 scheduler=distributed read_index=exact
malloc bwt->bwt 3107576584, 0x500008804020
malloc bwt->bwt 3107576584, 0x500008804020
malloc bwt->bwt 3107576584, 0x500008804020
malloc bwt->bwt 3107576584, 0x500008804020
malloc bwt->bwt 3107576584, 0x500008804020
malloc bwt->bwt 3107576584, 0x500008804020
malloc bwt->sa 1553788264, 0x5000c1ba1b40
malloc bwt->sa 1553788264, 0x5000c1ba1b40
malloc bwt->sa 1553788264, 0x5000c1ba1b40
malloc bwt->sa 1553788264, 0x5000c1ba1b40
malloc bwt->sa 1553788264, 0x5000c1ba1b40
malloc bwt->sa 1553788264, 0x5000c1ba1b40
[M::bwa_idx_load_from_disk] read 0 ALT contigs
[M::bwa_idx_load_from_disk] read 0 ALT contigs
[M::bwa_idx_load_from_disk] read 0 ALT contigs
[M::bwa_idx_load_from_disk] read 0 ALT contigs
[M::bwa_idx_load_from_disk] read 0 ALT contigs
[M::bwa_idx_load_from_disk] read 0 ALT contigs
malloc pac 776894131, 0x50011e5708c0
malloc pac 776894131, 0x50011e5708c0
malloc pac 776894131, 0x50011e5708c0
malloc pac 776894131, 0x50011e5708c0
malloc pac 776894131, 0x50011e5708c0
malloc pac 776894131, 0x50011e5708c0
the input file is ../data/bwa_test_big_data/small_SRR7963242_1.fastq
the input file is ../data/bwa_test_big_data/small_SRR7963242_2.fastq
[MPI rank 000005/000006] output: correctness_results/mpi_tail10_bigdata_dynamic_no1_20260824/mpi_dynamic_split/no1/small_SRR7963242_PE.rank000005.sam
[MPI rank 000004/000006] output: correctness_results/mpi_tail10_bigdata_dynamic_no1_20260824/mpi_dynamic_split/no1/small_SRR7963242_PE.rank000004.sam
[MPI rank 000002/000006] output: correctness_results/mpi_tail10_bigdata_dynamic_no1_20260824/mpi_dynamic_split/no1/small_SRR7963242_PE.rank000002.sam
[MPI rank 000000/000006] output: correctness_results/mpi_tail10_bigdata_dynamic_no1_20260824/mpi_dynamic_split/no1/small_SRR7963242_PE.rank000000.sam
[MPI rank 000003/000006] output: correctness_results/mpi_tail10_bigdata_dynamic_no1_20260824/mpi_dynamic_split/no1/small_SRR7963242_PE.rank000003.sam
[MPI rank 000001/000006] output: correctness_results/mpi_tail10_bigdata_dynamic_no1_20260824/mpi_dynamic_split/no1/small_SRR7963242_PE.rank000001.sam
[M::process] read chunk (19660800 bytes/CG x 1 CGs, 19661160 bytes)...
[M::process] read chunk (19660800 bytes/CG x 1 CGs, 19661040 bytes)...
[M::process] read chunk (19660800 bytes/CG x 1 CGs, 19660664 bytes)...
[M::process] read chunk (19660800 bytes/CG x 1 CGs, 19660556 bytes)...
[M::process] read chunk (19660800 bytes/CG x 1 CGs, 19660664 bytes)...
[M::process] read chunk (19660800 bytes/CG x 1 CGs, 19661040 bytes)...
step1 0x50000201d8e0
step1 0x50000201d8e0
step2 get 0x50000201d8e0
[M::process] read chunk (19660800 bytes/CG x 1 CGs, 19660664 bytes)...
step2 get 0x50000201d8e0
[M::process] read chunk (19660800 bytes/CG x 1 CGs, 19660664 bytes)...
step1 0x50000201d8e0
step2 get 0x50000201d8e0
[M::process] read chunk (19660800 bytes/CG x 1 CGs, 19660664 bytes)...
step1 0x50000201d8e0
step2 get 0x50000201d8e0
[M::process] read chunk (19660800 bytes/CG x 1 CGs, 19661040 bytes)...
step1 0x50000201d8e0
step2 get 0x50000201d8e0
[M::process] read chunk (19660800 bytes/CG x 1 CGs, 19660664 bytes)...
[M::mem_process_seqs_merge2] CPE FASTQ formatting done
[M::mem_process_seqs_merge2] CPE FASTQ formatting done
[DBG stage1] slow fread: R2 offset=98304084 requested=19661040 read=19661040 elapsed=1.029 s
step1 0x50000201d8e0
step2 get 0x50000201d8e0
[M::process] read chunk (19660800 bytes/CG x 1 CGs, 19661040 bytes)...
[M::mem_process_seqs_merge2] CPE FASTQ formatting done
[M::mem_process_seqs_merge2] CPE FASTQ formatting done
[M::mem_process_seqs_merge2] CPE FASTQ formatting done
[M::mem_process_seqs_merge2] CPE FASTQ formatting done
[DBG stage1] slow fread: R1 offset=157286452 requested=19661040 read=19661040 elapsed=1.260 s
[DBG stage1] slow fread: R1 offset=137625788 requested=19660664 read=19660664 elapsed=1.290 s
[DBG stage1] slow fread: R1 offset=196608156 requested=19660664 read=19660664 elapsed=1.280 s
[DBG stage1] slow fread: R2 offset=117965124 requested=19660664 read=19660664 elapsed=1.047 s
step1 0x50000201d930
step1 0x50000201d930
[DBG stage1] slow fread: R1 offset=216268820 requested=19661040 read=19661040 elapsed=1.413 s
step1 0x50000201d930
step1 0x50000201d930
step1 0x50000201d930
step1 0x50000201d930
slave pre done
now n is 104578
processed 104578
[M::mem_process_seqs_merge2] Processed 104578 reads in 3.610 CPU sec, 8.791 real sec
step2 put 0x50000201d8e0
step2 get 0x50000201d930
[M::process] read chunk (19660800 bytes/CG x 1 CGs, 19660664 bytes)...
step3 0x50000201d8e0
[M::mem_process_seqs_merge2] CPE FASTQ formatting done
slave pre done
now n is 104580
processed 104580
[M::mem_process_seqs_merge2] Processed 104580 reads in 3.460 CPU sec, 8.610 real sec
step2 put 0x50000201d8e0
step2 get 0x50000201d930
[M::process] read chunk (19660800 bytes/CG x 1 CGs, 19660664 bytes)...
step3 0x50000201d8e0
[M::mem_process_seqs_merge2] CPE FASTQ formatting done
slave pre done
now n is 104578
processed 104578
[M::mem_process_seqs_merge2] Processed 104578 reads in 3.800 CPU sec, 9.031 real sec
step2 put 0x50000201d8e0
step2 get 0x50000201d930
step3 0x50000201d8e0
[M::process] read chunk (19660800 bytes/CG x 1 CGs, 19661040 bytes)...
[M::mem_process_seqs_merge2] CPE FASTQ formatting done
slave pre done
now n is 105578
processed 105578
[M::mem_process_seqs_merge2] Processed 105578 reads in 3.850 CPU sec, 9.232 real sec
step2 put 0x50000201d8e0
step2 get 0x50000201d930
[M::process] read chunk (19660800 bytes/CG x 1 CGs, 19661040 bytes)...
step3 0x50000201d8e0
[M::mem_process_seqs_merge2] CPE FASTQ formatting done
slave pre done
now n is 104580
processed 104580
[M::mem_process_seqs_merge2] Processed 104580 reads in 3.710 CPU sec, 9.410 real sec
step2 put 0x50000201d8e0
step2 get 0x50000201d930
step3 0x50000201d8e0
[M::process] read chunk (19660800 bytes/CG x 1 CGs, 19660664 bytes)...
[M::mem_process_seqs_merge2] CPE FASTQ formatting done
step1 0x500002771d00
[DBG stage1] slow fread: R1 offset=334233932 requested=19660664 read=19660664 elapsed=1.013 s
step1 0x500002771d00
slave pre done
now n is 105944
processed 105944
[M::mem_process_seqs_merge2] Processed 105944 reads in 3.500 CPU sec, 10.941 real sec
step2 put 0x50000201d8e0
step2 get 0x50000201d930
[M::process] read chunk (19660800 bytes/CG x 1 CGs, 19660664 bytes)...
step3 0x50000201d8e0
[M::mem_process_seqs_merge2] CPE FASTQ formatting done
step1 0x500002771d00
step1 0x500002771d00
step1 0x500002771d00
step1 0x500002771d00
slave pre done
now n is 104578
processed 104578
[M::mem_process_seqs_merge2] Processed 104578 reads in 3.230 CPU sec, 7.519 real sec
step2 put 0x50000201d930
step2 get 0x500002771d00
step3 0x50000201d930
[M::process] read chunk (19660800 bytes/CG x 1 CGs, 19660820 bytes)...
[M::mem_process_seqs_merge2] CPE FASTQ formatting done
slave pre done
now n is 104580
processed 104580
[M::mem_process_seqs_merge2] Processed 104580 reads in 3.030 CPU sec, 7.150 real sec
step2 put 0x50000201d930
step2 get 0x500002771d00
step3 0x50000201d930
[M::process] read chunk (19660800 bytes/CG x 1 CGs, 19660820 bytes)...
[M::mem_process_seqs_merge2] CPE FASTQ formatting done
slave pre done
now n is 104578
slave pre done
now n is 104580
processed 104578
[M::mem_process_seqs_merge2] Processed 104578 reads in 2.880 CPU sec, 7.581 real sec
step2 put 0x50000201d930
step2 get 0x500002771d00
[M::process] read chunk (19660800 bytes/CG x 1 CGs, 19660820 bytes)...
processed 104580
[M::mem_process_seqs_merge2] Processed 104580 reads in 3.420 CPU sec, 7.761 real sec
step2 put 0x50000201d930
step2 get 0x500002771d00
[M::process] read chunk (19660800 bytes/CG x 1 CGs, 19660820 bytes)...
step3 0x50000201d930
step3 0x50000201d930
[M::mem_process_seqs_merge2] CPE FASTQ formatting done
[M::mem_process_seqs_merge2] CPE FASTQ formatting done
slave pre done
now n is 104578
processed 104578
[M::mem_process_seqs_merge2] Processed 104578 reads in 3.340 CPU sec, 7.797 real sec
step2 put 0x50000201d930
step2 get 0x500002771d00
step3 0x50000201d930
[M::process] read chunk (19660800 bytes/CG x 1 CGs, 19660824 bytes)...
[M::mem_process_seqs_merge2] CPE FASTQ formatting done
[DBG stage1] slow fread: R2 offset=412876904 requested=19660820 read=19660820 elapsed=1.268 s
step1 0x50000201d8e0
[DBG stage1] slow fread: R1 offset=393216084 requested=19660820 read=19660820 elapsed=1.145 s
slave pre done
now n is 104578
processed 104578
[M::mem_process_seqs_merge2] Processed 104578 reads in 2.560 CPU sec, 7.461 real sec
step2 put 0x50000201d930
step2 get 0x500002771d00
step3 0x50000201d930
[M::process] read chunk (19660800 bytes/CG x 1 CGs, 19660664 bytes)...
[M::mem_process_seqs_merge2] CPE FASTQ formatting done
[DBG stage1] slow fread: R1 offset=452198544 requested=19660820 read=19660820 elapsed=1.596 s
[DBG stage1] slow fread: R2 offset=432537724 requested=19660820 read=19660820 elapsed=1.141 s
step1 0x50000201d8e0
[DBG stage1] slow fread: R2 offset=393216084 requested=19660820 read=19660820 elapsed=1.392 s
step1 0x50000201d8e0
[DBG stage1] slow fread: R2 offset=373555260 requested=19660824 read=19660824 elapsed=1.025 s
step1 0x50000201d8e0
[DBG stage1] slow fread: R1 offset=353894596 requested=19660664 read=19660664 elapsed=1.300 s
[DBG stage1] slow fread: R2 offset=452198544 requested=19660820 read=19660820 elapsed=1.382 s
step1 0x50000201d8e0
step1 0x50000201d8e0
slave pre done
now n is 104578
processed 104578
[M::mem_process_seqs_merge2] Processed 104578 reads in 3.480 CPU sec, 9.579 real sec
step2 put 0x500002771d00
step2 get 0x50000201d8e0
[M::process] read chunk (19660800 bytes/CG x 1 CGs, 19660820 bytes)...
step3 0x500002771d00
[M::mem_process_seqs_merge2] CPE FASTQ formatting done
slave pre done
now n is 104578
slave pre done
now n is 104580
processed 104578
[M::mem_process_seqs_merge2] Processed 104578 reads in 3.750 CPU sec, 9.790 real sec
step2 put 0x500002771d00
step2 get 0x50000201d8e0
[M::process] read chunk (19660800 bytes/CG x 1 CGs, 19660820 bytes)...
step3 0x500002771d00
processed 104580
[M::mem_process_seqs_merge2] Processed 104580 reads in 3.430 CPU sec, 9.648 real sec
step2 put 0x500002771d00
step2 get 0x50000201d8e0
step3 0x500002771d00
[M::process] read chunk (19660800 bytes/CG x 1 CGs, 19660820 bytes)...
[M::mem_process_seqs_merge2] CPE FASTQ formatting done
[M::mem_process_seqs_merge2] CPE FASTQ formatting done
step1 0x50000201d930
slave pre done
now n is 104578
processed 104578
[M::mem_process_seqs_merge2] Processed 104578 reads in 3.840 CPU sec, 10.021 real sec
step2 put 0x500002771d00
step2 get 0x50000201d8e0
step3 0x500002771d00
[M::process] read chunk (19660800 bytes/CG x 1 CGs, 19660820 bytes)...
[M::mem_process_seqs_merge2] CPE FASTQ formatting done
slave pre done
now n is 104578
processed 104578
[M::mem_process_seqs_merge2] Processed 104578 reads in 3.250 CPU sec, 9.280 real sec
step2 put 0x500002771d00
step2 get 0x50000201d8e0
step3 0x500002771d00
[M::process] read chunk (19660800 bytes/CG x 1 CGs, 19660820 bytes)...
[M::mem_process_seqs_merge2] CPE FASTQ formatting done
slave pre done
now n is 104580
processed 104580
[M::mem_process_seqs_merge2] Processed 104580 reads in 4.510 CPU sec, 10.551 real sec
step2 put 0x500002771d00
step2 get 0x50000201d8e0
step3 0x500002771d00
[M::process] read chunk (19660800 bytes/CG x 1 CGs, 19660820 bytes)...
[M::mem_process_seqs_merge2] CPE FASTQ formatting done
step1 0x50000201d930
[DBG stage1] slow fread: R1 offset=570163464 requested=19660820 read=19660820 elapsed=1.050 s
[DBG stage1] slow fread: R2 offset=511181004 requested=19660820 read=19660820 elapsed=1.096 s
step1 0x50000201d930
[DBG stage1] slow fread: R2 offset=570163464 requested=19660820 read=19660820 elapsed=1.184 s
step1 0x50000201d930
step1 0x50000201d930
step1 0x50000201d930
slave pre done
now n is 103478
processed 103478
[M::mem_process_seqs_merge2] Processed 103478 reads in 3.180 CPU sec, 7.708 real sec
step2 put 0x50000201d8e0
step2 get 0x50000201d930
step3 0x50000201d8e0
[M::process] read chunk (19660800 bytes/CG x 1 CGs, 19660820 bytes)...
[M::mem_process_seqs_merge2] CPE FASTQ formatting done
step1 0x500002771d00
slave pre done
now n is 103478
slave pre done
now n is 103478
processed 103478
[M::mem_process_seqs_merge2] Processed 103478 reads in 3.200 CPU sec, 8.070 real sec
step2 put 0x50000201d8e0
step2 get 0x50000201d930
processed 103478
[M::mem_process_seqs_merge2] Processed 103478 reads in 3.320 CPU sec, 8.100 real sec
step2 put 0x50000201d8e0
step2 get 0x50000201d930
step3 0x50000201d8e0
[M::process] read chunk (19660800 bytes/CG x 1 CGs, 19660440 bytes)...
[M::process] read chunk (19660800 bytes/CG x 1 CGs, 19660820 bytes)...
step3 0x50000201d8e0
[M::mem_process_seqs_merge2] CPE FASTQ formatting done
[M::mem_process_seqs_merge2] CPE FASTQ formatting done
slave pre done
now n is 103478
processed 103478
[M::mem_process_seqs_merge2] Processed 103478 reads in 3.550 CPU sec, 8.330 real sec
step2 put 0x50000201d8e0
step2 get 0x50000201d930
step3 0x50000201d8e0
[M::process] read chunk (19660800 bytes/CG x 1 CGs, 19660820 bytes)...
[M::mem_process_seqs_merge2] CPE FASTQ formatting done
slave pre done
now n is 104578
processed 104578
[M::mem_process_seqs_merge2] Processed 104578 reads in 2.840 CPU sec, 7.941 real sec
step2 put 0x50000201d8e0
step2 get 0x50000201d930
step3 0x50000201d8e0
[M::process] read chunk (19660800 bytes/CG x 1 CGs, 19660820 bytes)...
[M::mem_process_seqs_merge2] CPE FASTQ formatting done
slave pre done
now n is 103590
processed 103590
[M::mem_process_seqs_merge2] Processed 103590 reads in 3.580 CPU sec, 8.300 real sec
step2 put 0x50000201d8e0
step2 get 0x50000201d930
step3 0x50000201d8e0
[M::process] read chunk (19660800 bytes/CG x 1 CGs, 19660820 bytes)...
[M::mem_process_seqs_merge2] CPE FASTQ formatting done
[DBG stage1] slow fread: R2 offset=629145924 requested=19660820 read=19660820 elapsed=1.010 s
step1 0x500002771d00
[DBG stage1] slow fread: R1 offset=688128004 requested=19660820 read=19660820 elapsed=1.350 s
[DBG stage1] slow fread: R1 offset=589824284 requested=19660820 read=19660820 elapsed=1.290 s
[DBG stage1] slow fread: R2 offset=668467564 requested=19660440 read=19660440 elapsed=1.624 s
step1 0x500002771d00
[DBG stage1] slow fread: R1 offset=609485104 requested=19660820 read=19660820 elapsed=1.157 s
[DBG stage1] slow fread: R2 offset=589824284 requested=19660820 read=19660820 elapsed=1.119 s
step1 0x500002771d00
[DBG stage1] slow fread: R2 offset=688128004 requested=19660820 read=19660820 elapsed=1.039 s
step1 0x500002771d00
step1 0x500002771d00
slave pre done
now n is 103478
processed 103478
[M::mem_process_seqs_merge2] Processed 103478 reads in 3.630 CPU sec, 10.021 real sec
step2 put 0x50000201d930
step2 get 0x500002771d00
[M::process] read chunk (19660800 bytes/CG x 1 CGs, 19660820 bytes)...
step3 0x50000201d930
[M::mem_process_seqs_merge2] CPE FASTQ formatting done
slave pre done
now n is 103478
processed 103478
[M::mem_process_seqs_merge2] Processed 103478 reads in 3.250 CPU sec, 9.511 real sec
step2 put 0x50000201d930
step2 get 0x500002771d00
[M::process] read chunk (19660800 bytes/CG x 1 CGs, 19660820 bytes)...
step3 0x50000201d930
[M::mem_process_seqs_merge2] CPE FASTQ formatting done
slave pre done
now n is 103478
processed 103478
[M::mem_process_seqs_merge2] Processed 103478 reads in 3.610 CPU sec, 9.791 real sec
step2 put 0x50000201d930
step2 get 0x500002771d00
step3 0x50000201d930
[M::process] read chunk (19660800 bytes/CG x 1 CGs, 19660820 bytes)...
[M::mem_process_seqs_merge2] CPE FASTQ formatting done
step1 0x50000201d8e0
slave pre done
now n is 103478
processed 103478
[M::mem_process_seqs_merge2] Processed 103478 reads in 3.440 CPU sec, 9.679 real sec
step2 put 0x50000201d930
step2 get 0x500002771d00
[M::process] read chunk (19660800 bytes/CG x 1 CGs, 19660820 bytes)...
step3 0x50000201d930
[M::mem_process_seqs_merge2] CPE FASTQ formatting done
slave pre done
now n is 103478
processed 103478
[M::mem_process_seqs_merge2] Processed 103478 reads in 3.920 CPU sec, 10.002 real sec
step2 put 0x50000201d930
step2 get 0x500002771d00
step3 0x50000201d930
[M::process] read chunk (19660800 bytes/CG x 1 CGs, 19660820 bytes)...
[M::mem_process_seqs_merge2] CPE FASTQ formatting done
[DBG stage1] slow fread: R2 offset=786432104 requested=19660820 read=19660820 elapsed=1.220 s
step1 0x50000201d8e0
slave pre done
now n is 103478
processed 103478
[M::mem_process_seqs_merge2] Processed 103478 reads in 4.170 CPU sec, 10.181 real sec
step2 put 0x50000201d930
step2 get 0x500002771d00
[M::process] read chunk (19660800 bytes/CG x 1 CGs, 19660820 bytes)...
step3 0x50000201d930
[M::mem_process_seqs_merge2] CPE FASTQ formatting done
[DBG stage1] slow fread: R2 offset=747110464 requested=19660820 read=19660820 elapsed=1.022 s
step1 0x50000201d8e0
[DBG stage1] slow fread: R1 offset=806092924 requested=19660820 read=19660820 elapsed=1.212 s
[DBG stage1] slow fread: R1 offset=707788824 requested=19660820 read=19660820 elapsed=1.248 s
[DBG stage1] slow fread: R2 offset=806092924 requested=19660820 read=19660820 elapsed=1.182 s
step1 0x50000201d8e0
[DBG stage1] slow fread: R1 offset=727449644 requested=19660820 read=19660820 elapsed=1.325 s
[DBG stage1] slow fread: R2 offset=707788824 requested=19660820 read=19660820 elapsed=1.133 s
step1 0x50000201d8e0
step1 0x50000201d8e0
slave pre done
now n is 103478
processed 103478
[M::mem_process_seqs_merge2] Processed 103478 reads in 3.630 CPU sec, 9.679 real sec
step2 put 0x500002771d00
step2 get 0x50000201d8e0
step3 0x500002771d00
[M::process] read chunk (19660800 bytes/CG x 1 CGs, 19660820 bytes)...
[M::mem_process_seqs_merge2] CPE FASTQ formatting done
slave pre done
now n is 103478
processed 103478
[M::mem_process_seqs_merge2] Processed 103478 reads in 3.490 CPU sec, 9.180 real sec
step2 put 0x500002771d00
step2 get 0x50000201d8e0
[M::process] read chunk (19660800 bytes/CG x 1 CGs, 19660820 bytes)...
step3 0x500002771d00
[M::mem_process_seqs_merge2] CPE FASTQ formatting done
slave pre done
now n is 103476
processed 103476
[M::mem_process_seqs_merge2] Processed 103476 reads in 3.560 CPU sec, 9.609 real sec
step2 put 0x500002771d00
step2 get 0x50000201d8e0
[M::process] read chunk (19660800 bytes/CG x 1 CGs, 19660820 bytes)...
step3 0x500002771d00
[M::mem_process_seqs_merge2] CPE FASTQ formatting done
slave pre done
now n is 103478
processed 103478
[M::mem_process_seqs_merge2] Processed 103478 reads in 3.300 CPU sec, 8.920 real sec
step2 put 0x500002771d00
step2 get 0x50000201d8e0
[M::process] read chunk (19660800 bytes/CG x 1 CGs, 19660820 bytes)...
step3 0x500002771d00
[M::mem_process_seqs_merge2] CPE FASTQ formatting done
step1 0x50000201d930
slave pre done
now n is 103478
processed 103478
[M::mem_process_seqs_merge2] Processed 103478 reads in 3.870 CPU sec, 9.259 real sec
step2 put 0x500002771d00
step2 get 0x50000201d8e0
[M::process] read chunk (19660800 bytes/CG x 1 CGs, 19660820 bytes)...
step3 0x500002771d00
[M::mem_process_seqs_merge2] CPE FASTQ formatting done
step1 0x50000201d930
step1 0x50000201d930
slave pre done
now n is 103478
processed 103478
[M::mem_process_seqs_merge2] Processed 103478 reads in 3.780 CPU sec, 9.271 real sec
step2 put 0x500002771d00
step2 get 0x50000201d8e0
step3 0x500002771d00
[M::process] read chunk (19660800 bytes/CG x 1 CGs, 19660820 bytes)...
[M::mem_process_seqs_merge2] CPE FASTQ formatting done
step1 0x50000201d930
step1 0x50000201d930
step1 0x50000201d930
slave pre done
now n is 103478
processed 103478
[M::mem_process_seqs_merge2] Processed 103478 reads in 3.400 CPU sec, 7.749 real sec
step2 put 0x50000201d8e0
step2 get 0x50000201d930
step3 0x50000201d8e0
[M::process] read chunk (19660800 bytes/CG x 1 CGs, 19660820 bytes)...
[M::mem_process_seqs_merge2] CPE FASTQ formatting done
slave pre done
now n is 103478
processed 103478
[M::mem_process_seqs_merge2] Processed 103478 reads in 3.310 CPU sec, 7.289 real sec
step2 put 0x50000201d8e0
step2 get 0x50000201d930
step3 0x50000201d8e0
[M::process] read chunk (19660800 bytes/CG x 1 CGs, 19660820 bytes)...
[M::mem_process_seqs_merge2] CPE FASTQ formatting done
slave pre done
now n is 103478
processed 103478
[M::mem_process_seqs_merge2] Processed 103478 reads in 3.260 CPU sec, 7.599 real sec
step2 put 0x50000201d8e0
step2 get 0x50000201d930
step3 0x50000201d8e0
[M::process] read chunk (19660800 bytes/CG x 1 CGs, 19660820 bytes)...
[M::mem_process_seqs_merge2] CPE FASTQ formatting done
slave pre done
now n is 103478
processed 103478
[M::mem_process_seqs_merge2] Processed 103478 reads in 2.930 CPU sec, 7.481 real sec
step2 put 0x50000201d8e0
step2 get 0x50000201d930
step3 0x50000201d8e0
[M::process] read chunk (19660800 bytes/CG x 1 CGs, 19660820 bytes)...
[M::mem_process_seqs_merge2] CPE FASTQ formatting done
[DBG stage1] slow fread: R1 offset=1022361944 requested=19660820 read=19660820 elapsed=1.051 s
step1 0x500002771d00
slave pre done
now n is 103478
processed 103478
[M::mem_process_seqs_merge2] Processed 103478 reads in 3.770 CPU sec, 8.081 real sec
step2 put 0x50000201d8e0
step2 get 0x50000201d930
[DBG stage1] slow fread: R1 offset=943718664 requested=19660820 read=19660820 elapsed=1.008 s
step3 0x50000201d8e0
[M::process] read chunk (19660800 bytes/CG x 1 CGs, 19660440 bytes)...
[M::mem_process_seqs_merge2] CPE FASTQ formatting done
slave pre done
now n is 103478
processed 103478
[M::mem_process_seqs_merge2] Processed 103478 reads in 3.580 CPU sec, 7.868 real sec
step2 put 0x50000201d8e0
step2 get 0x50000201d930
[M::process] read chunk (19660800 bytes/CG x 1 CGs, 19660820 bytes)...
step3 0x50000201d8e0
[M::mem_process_seqs_merge2] CPE FASTQ formatting done
[DBG stage1] slow fread: R2 offset=983040304 requested=19660820 read=19660820 elapsed=1.214 s
step1 0x500002771d00
[DBG stage1] slow fread: R2 offset=943718664 requested=19660820 read=19660820 elapsed=1.259 s
step1 0x500002771d00
[DBG stage1] slow fread: R2 offset=1022361944 requested=19660820 read=19660820 elapsed=1.580 s
step1 0x500002771d00
[DBG stage1] slow fread: R1 offset=1042022764 requested=19660440 read=19660440 elapsed=1.469 s
[DBG stage1] slow fread: R1 offset=963379484 requested=19660820 read=19660820 elapsed=1.338 s
[DBG stage1] slow fread: R2 offset=1042022764 requested=19660440 read=19660440 elapsed=1.203 s
step1 0x500002771d00
step1 0x500002771d00
slave pre done
now n is 103478
processed 103478
[M::mem_process_seqs_merge2] Processed 103478 reads in 3.680 CPU sec, 9.529 real sec
step2 put 0x50000201d930
step2 get 0x500002771d00
slave pre done
now n is 103478
step3 0x50000201d930
[M::process] read chunk (19660800 bytes/CG x 1 CGs, 19660820 bytes)...
processed 103478
[M::mem_process_seqs_merge2] Processed 103478 reads in 3.930 CPU sec, 9.828 real sec
step2 put 0x50000201d930
step2 get 0x500002771d00
[M::process] read chunk (19660800 bytes/CG x 1 CGs, 19660820 bytes)...
step3 0x50000201d930
[M::mem_process_seqs_merge2] CPE FASTQ formatting done
[M::mem_process_seqs_merge2] CPE FASTQ formatting done
slave pre done
now n is 103478
slave pre done
now n is 103478
processed 103478
[M::mem_process_seqs_merge2] Processed 103478 reads in 3.610 CPU sec, 10.019 real sec
step2 put 0x50000201d930
step2 get 0x500002771d00
processed 103478
[M::mem_process_seqs_merge2] Processed 103478 reads in 3.190 CPU sec, 9.481 real sec
step2 put 0x50000201d930
step2 get 0x500002771d00
step3 0x50000201d930
[M::process] read chunk (19660800 bytes/CG x 1 CGs, 19660820 bytes)...
[M::process] read chunk (19660800 bytes/CG x 1 CGs, 19660820 bytes)...
step3 0x50000201d930
[M::mem_process_seqs_merge2] CPE FASTQ formatting done
[M::mem_process_seqs_merge2] CPE FASTQ formatting done
[DBG stage1] slow fread: R1 offset=1061683204 requested=19660820 read=19660820 elapsed=1.189 s
slave pre done
now n is 103478
processed 103478
[M::mem_process_seqs_merge2] Processed 103478 reads in 4.070 CPU sec, 10.100 real sec
step2 put 0x50000201d930
step2 get 0x500002771d00
[M::process] read chunk (19660800 bytes/CG x 1 CGs, 19660820 bytes)...
step3 0x50000201d930
[M::mem_process_seqs_merge2] CPE FASTQ formatting done
[DBG stage1] slow fread: R1 offset=1140326484 requested=19660820 read=19660820 elapsed=1.451 s
slave pre done
now n is 103478
processed 103478
[M::mem_process_seqs_merge2] Processed 103478 reads in 4.080 CPU sec, 9.721 real sec
step2 put 0x50000201d930
step2 get 0x500002771d00
step3 0x50000201d930
[M::process] read chunk (19660800 bytes/CG x 1 CGs, 19660820 bytes)...
[DBG stage1] slow fread: R2 offset=1120665664 requested=19660820 read=19660820 elapsed=1.346 s
step1 0x50000201d8e0
[M::mem_process_seqs_merge2] CPE FASTQ formatting done
[DBG stage1] slow fread: R2 offset=1101004844 requested=19660820 read=19660820 elapsed=1.348 s
step1 0x50000201d8e0
[DBG stage1] slow fread: R2 offset=1061683204 requested=19660820 read=19660820 elapsed=1.349 s
step1 0x50000201d8e0
[DBG stage1] slow fread: R1 offset=1159987304 requested=19660820 read=19660820 elapsed=1.640 s
[DBG stage1] slow fread: R1 offset=1081344024 requested=19660820 read=19660820 elapsed=1.478 s
[DBG stage1] slow fread: R2 offset=1140326484 requested=19660820 read=19660820 elapsed=1.561 s
step1 0x50000201d8e0
step1 0x50000201d8e0
[DBG stage1] slow fread: R2 offset=1159987304 requested=19660820 read=19660820 elapsed=1.202 s
step1 0x50000201d8e0
slave pre done
now n is 103478
processed 103478
[M::mem_process_seqs_merge2] Processed 103478 reads in 3.320 CPU sec, 9.411 real sec
step2 put 0x500002771d00
step2 get 0x50000201d8e0
[M::process] read chunk (19660800 bytes/CG x 1 CGs, 19660820 bytes)...
step3 0x500002771d00
[M::mem_process_seqs_merge2] CPE FASTQ formatting done
slave pre done
now n is 103478
processed 103478
[M::mem_process_seqs_merge2] Processed 103478 reads in 3.550 CPU sec, 9.831 real sec
step2 put 0x500002771d00
step2 get 0x50000201d8e0
[M::process] read chunk (19660800 bytes/CG x 1 CGs, 19660820 bytes)...
step3 0x500002771d00
[M::mem_process_seqs_merge2] CPE FASTQ formatting done
slave pre done
now n is 103478
slave pre done
now n is 103478
processed 103478
[M::mem_process_seqs_merge2] Processed 103478 reads in 3.790 CPU sec, 9.730 real sec
step2 put 0x500002771d00
step2 get 0x50000201d8e0
processed 103478
[M::mem_process_seqs_merge2] Processed 103478 reads in 3.400 CPU sec, 9.721 real sec
step2 put 0x500002771d00
step2 get 0x50000201d8e0
[M::process] read chunk (19660800 bytes/CG x 1 CGs, 19660820 bytes)...
step3 0x500002771d00
[M::process] read chunk (19660800 bytes/CG x 1 CGs, 19660820 bytes)...
step3 0x500002771d00
[M::mem_process_seqs_merge2] CPE FASTQ formatting done
[M::mem_process_seqs_merge2] CPE FASTQ formatting done
[DBG stage1] slow fread: R1 offset=1218969764 requested=19660820 read=19660820 elapsed=1.067 s
[DBG stage1] slow fread: R1 offset=1258291404 requested=19660820 read=19660820 elapsed=1.016 s
[DBG stage1] slow fread: R1 offset=1179648124 requested=19660820 read=19660820 elapsed=1.027 s
slave pre done
now n is 103478
processed 103478
[M::mem_process_seqs_merge2] Processed 103478 reads in 4.050 CPU sec, 9.099 real sec
step2 put 0x500002771d00
step2 get 0x50000201d8e0
[M::process] read chunk (19660800 bytes/CG x 1 CGs, 19660820 bytes)...
step3 0x500002771d00
[M::mem_process_seqs_merge2] CPE FASTQ formatting done
slave pre done
now n is 103476
processed 103476
[M::mem_process_seqs_merge2] Processed 103476 reads in 4.080 CPU sec, 10.120 real sec
step2 put 0x500002771d00
step2 get 0x50000201d8e0
[M::process] read chunk (19660800 bytes/CG x 1 CGs, 19660820 bytes)...
step3 0x500002771d00
[M::mem_process_seqs_merge2] CPE FASTQ formatting done
[DBG stage1] slow fread: R2 offset=1238630584 requested=19660820 read=19660820 elapsed=1.301 s
step1 0x50000201d930
[DBG stage1] slow fread: R2 offset=1179648124 requested=19660820 read=19660820 elapsed=1.304 s
step1 0x50000201d930
[DBG stage1] slow fread: R2 offset=1218969764 requested=19660820 read=19660820 elapsed=1.246 s
step1 0x50000201d930
[DBG stage1] slow fread: R1 offset=1199308944 requested=19660820 read=19660820 elapsed=1.240 s
[DBG stage1] slow fread: R2 offset=1258291404 requested=19660820 read=19660820 elapsed=1.225 s
step1 0x50000201d930
[DBG stage1] slow fread: R1 offset=1277952224 requested=19660820 read=19660820 elapsed=1.078 s
step1 0x50000201d930
step1 0x50000201d930
slave pre done
now n is 103478
processed 103478
[M::mem_process_seqs_merge2] Processed 103478 reads in 3.400 CPU sec, 7.309 real sec
step2 put 0x50000201d8e0
step2 get 0x50000201d930
step3 0x50000201d8e0
[M::process] read chunk (19660800 bytes/CG x 1 CGs, 19660820 bytes)...
[M::mem_process_seqs_merge2] CPE FASTQ formatting done
slave pre done
now n is 103478
processed 103478
[M::mem_process_seqs_merge2] Processed 103478 reads in 3.520 CPU sec, 7.499 real sec
step2 put 0x50000201d8e0
step2 get 0x50000201d930
[M::process] read chunk (19660800 bytes/CG x 1 CGs, 19660820 bytes)...
step3 0x50000201d8e0
[M::mem_process_seqs_merge2] CPE FASTQ formatting done
slave pre done
now n is 103478
processed 103478
[M::mem_process_seqs_merge2] Processed 103478 reads in 3.490 CPU sec, 7.581 real sec
step2 put 0x50000201d8e0
step2 get 0x50000201d930
[M::process] read chunk (19660800 bytes/CG x 1 CGs, 19660820 bytes)...
step3 0x50000201d8e0
[M::mem_process_seqs_merge2] CPE FASTQ formatting done
slave pre done
now n is 103478
processed 103478
[M::mem_process_seqs_merge2] Processed 103478 reads in 3.200 CPU sec, 7.789 real sec
step2 put 0x50000201d8e0
step2 get 0x50000201d930
[M::process] read chunk (19660800 bytes/CG x 1 CGs, 19660820 bytes)...
step3 0x50000201d8e0
[M::mem_process_seqs_merge2] CPE FASTQ formatting done
step1 0x500002771d00
[DBG stage1] slow fread: R1 offset=1297613044 requested=19660820 read=19660820 elapsed=1.152 s
step1 0x500002771d00
step1 0x500002771d00
slave pre done
now n is 103478
processed 103478
[M::mem_process_seqs_merge2] Processed 103478 reads in 3.420 CPU sec, 8.090 real sec
step2 put 0x50000201d8e0
step2 get 0x50000201d930
step3 0x50000201d8e0
[M::process] read chunk (19660800 bytes/CG x 1 CGs, 19660820 bytes)...
[M::mem_process_seqs_merge2] CPE FASTQ formatting done
[DBG stage1] slow fread: R2 offset=1297613044 requested=19660820 read=19660820 elapsed=1.092 s
step1 0x500002771d00
slave pre done
now n is 103478
processed 103478
[M::mem_process_seqs_merge2] Processed 103478 reads in 3.760 CPU sec, 8.651 real sec
step2 put 0x50000201d8e0
step2 get 0x50000201d930
step3 0x50000201d8e0
[M::process] read chunk (19660800 bytes/CG x 1 CGs, 19660820 bytes)...
[M::mem_process_seqs_merge2] CPE FASTQ formatting done
step1 0x500002771d00
[DBG stage1] slow fread: R1 offset=1395917144 requested=19660820 read=19660820 elapsed=1.066 s
step1 0x500002771d00
slave pre done
now n is 103478
processed 103478
[M::mem_process_seqs_merge2] Processed 103478 reads in 3.340 CPU sec, 9.559 real sec
step2 put 0x50000201d930
step2 get 0x500002771d00
[M::process] read chunk (19660800 bytes/CG x 1 CGs, 19660820 bytes)...
step3 0x50000201d930
[M::mem_process_seqs_merge2] CPE FASTQ formatting done
slave pre done
now n is 103478
processed 103478
[M::mem_process_seqs_merge2] Processed 103478 reads in 3.760 CPU sec, 9.290 real sec
step2 put 0x50000201d930
step2 get 0x500002771d00
[M::process] read chunk (19660800 bytes/CG x 1 CGs, 19660820 bytes)...
step3 0x50000201d930
[M::mem_process_seqs_merge2] CPE FASTQ formatting done
slave pre done
now n is 103478
processed 103478
[M::mem_process_seqs_merge2] Processed 103478 reads in 3.430 CPU sec, 9.400 real sec
step2 put 0x50000201d930
step2 get 0x500002771d00
step3 0x50000201d930
[M::process] read chunk (19660800 bytes/CG x 1 CGs, 19660820 bytes)...
[M::mem_process_seqs_merge2] CPE FASTQ formatting done
slave pre done
now n is 103478
processed 103478
[M::mem_process_seqs_merge2] Processed 103478 reads in 3.470 CPU sec, 9.791 real sec
step2 put 0x50000201d930
step2 get 0x500002771d00
[M::process] read chunk (19660800 bytes/CG x 1 CGs, 19660440 bytes)...
step3 0x50000201d930
[M::mem_process_seqs_merge2] CPE FASTQ formatting done
step1 0x50000201d8e0
step1 0x50000201d8e0
step1 0x50000201d8e0
slave pre done
now n is 103478
processed 103478
[M::mem_process_seqs_merge2] Processed 103478 reads in 3.920 CPU sec, 9.871 real sec
step2 put 0x50000201d930
step2 get 0x500002771d00
step3 0x50000201d930
[M::process] read chunk (19660800 bytes/CG x 1 CGs, 19660820 bytes)...
[M::mem_process_seqs_merge2] CPE FASTQ formatting done
step1 0x50000201d8e0
step1 0x50000201d8e0
slave pre done
now n is 103478
processed 103478
[M::mem_process_seqs_merge2] Processed 103478 reads in 4.280 CPU sec, 10.911 real sec
step2 put 0x50000201d930
step2 get 0x500002771d00
[M::process] read chunk (19660800 bytes/CG x 1 CGs, 19660820 bytes)...
step3 0x50000201d930
[M::mem_process_seqs_merge2] CPE FASTQ formatting done
step1 0x50000201d8e0
slave pre done
now n is 103478
processed 103478
[M::mem_process_seqs_merge2] Processed 103478 reads in 3.390 CPU sec, 9.409 real sec
step2 put 0x500002771d00
step2 get 0x50000201d8e0
[M::process] read chunk (19660800 bytes/CG x 1 CGs, 19660820 bytes)...
step3 0x500002771d00
[M::mem_process_seqs_merge2] CPE FASTQ formatting done
slave pre done
now n is 103478
processed 103478
[M::mem_process_seqs_merge2] Processed 103478 reads in 3.610 CPU sec, 9.251 real sec
step2 put 0x500002771d00
step2 get 0x50000201d8e0
step3 0x500002771d00
[M::process] read chunk (19660800 bytes/CG x 1 CGs, 19660820 bytes)...
[M::mem_process_seqs_merge2] CPE FASTQ formatting done
slave pre done
now n is 103478
processed 103478
[M::mem_process_seqs_merge2] Processed 103478 reads in 3.540 CPU sec, 9.889 real sec
step2 put 0x500002771d00
step2 get 0x50000201d8e0
[M::process] read chunk (19660800 bytes/CG x 1 CGs, 19660820 bytes)...
step3 0x500002771d00
[M::mem_process_seqs_merge2] CPE FASTQ formatting done
slave pre done
now n is 103478
processed 103478
[M::mem_process_seqs_merge2] Processed 103478 reads in 3.500 CPU sec, 8.960 real sec
step2 put 0x500002771d00
step2 get 0x50000201d8e0
[M::process] read chunk (19660800 bytes/CG x 1 CGs, 19660820 bytes)...
step3 0x500002771d00
[M::mem_process_seqs_merge2] CPE FASTQ formatting done
step1 0x50000201d930
step1 0x50000201d930
slave pre done
now n is 103478
step1 0x50000201d930
processed 103478
[M::mem_process_seqs_merge2] Processed 103478 reads in 3.950 CPU sec, 8.418 real sec
step2 put 0x500002771d00
step2 get 0x50000201d8e0
[M::process] read chunk (19660800 bytes/CG x 1 CGs, 19660820 bytes)...
step3 0x500002771d00
[M::mem_process_seqs_merge2] CPE FASTQ formatting done
step1 0x50000201d930
step1 0x50000201d930
slave pre done
now n is 103478
processed 103478
[M::mem_process_seqs_merge2] Processed 103478 reads in 3.900 CPU sec, 8.661 real sec
step2 put 0x500002771d00
step2 get 0x50000201d8e0
[M::process] read chunk (19660800 bytes/CG x 1 CGs, 19660820 bytes)...
step3 0x500002771d00
[M::mem_process_seqs_merge2] CPE FASTQ formatting done
step1 0x50000201d930
slave pre done
now n is 103478
processed 103478
[M::mem_process_seqs_merge2] Processed 103478 reads in 3.320 CPU sec, 7.289 real sec
step2 put 0x50000201d8e0
step2 get 0x50000201d930
step3 0x50000201d8e0
[M::process] read chunk (19660800 bytes/CG x 1 CGs, 19660820 bytes)...
[M::mem_process_seqs_merge2] CPE FASTQ formatting done
slave pre done
now n is 103478
processed 103478
[M::mem_process_seqs_merge2] Processed 103478 reads in 3.350 CPU sec, 7.418 real sec
step2 put 0x50000201d8e0
step2 get 0x50000201d930
[M::process] read chunk (19660800 bytes/CG x 1 CGs, 19660820 bytes)...
step3 0x50000201d8e0
[M::mem_process_seqs_merge2] CPE FASTQ formatting done
slave pre done
now n is 103478
processed 103478
[M::mem_process_seqs_merge2] Processed 103478 reads in 3.380 CPU sec, 7.329 real sec
step2 put 0x50000201d8e0
step2 get 0x50000201d930
[M::process] read chunk (19660800 bytes/CG x 1 CGs, 19660820 bytes)...
step3 0x50000201d8e0
[M::mem_process_seqs_merge2] CPE FASTQ formatting done
slave pre done
now n is 103476
processed 103476
[M::mem_process_seqs_merge2] Processed 103476 reads in 2.840 CPU sec, 7.541 real sec
step2 put 0x50000201d8e0
step2 get 0x50000201d930
step3 0x50000201d8e0
[M::process] read chunk (19660800 bytes/CG x 1 CGs, 19660820 bytes)...
[M::mem_process_seqs_merge2] CPE FASTQ formatting done
step1 0x500002771d00
[DBG stage1] slow fread: R1 offset=1651507424 requested=19660820 read=19660820 elapsed=1.019 s
step1 0x500002771d00
slave pre done
now n is 103478
processed 103478
[M::mem_process_seqs_merge2] Processed 103478 reads in 3.500 CPU sec, 7.821 real sec
step2 put 0x50000201d8e0
step2 get 0x50000201d930
step3 0x50000201d8e0
[M::process] read chunk (19660800 bytes/CG x 1 CGs, 19660820 bytes)...
[DBG stage1] slow fread: R2 offset=1730150704 requested=19660820 read=19660820 elapsed=1.098 s
step1 0x500002771d00
[M::mem_process_seqs_merge2] CPE FASTQ formatting done
[DBG stage1] slow fread: R2 offset=1651507424 requested=19660820 read=19660820 elapsed=1.209 s
step1 0x500002771d00
step1 0x500002771d00
slave pre done
now n is 103478
processed 103478
[M::mem_process_seqs_merge2] Processed 103478 reads in 3.720 CPU sec, 9.518 real sec
step2 put 0x50000201d8e0
step2 get 0x50000201d930
step3 0x50000201d8e0
[M::process] read chunk (19660800 bytes/CG x 1 CGs, 19660820 bytes)...
[M::mem_process_seqs_merge2] CPE FASTQ formatting done
step1 0x500002771d00
slave pre done
now n is 103478
processed 103478
[M::mem_process_seqs_merge2] Processed 103478 reads in 3.440 CPU sec, 8.919 real sec
step2 put 0x50000201d930
step2 get 0x500002771d00
[M::process] read chunk (19660800 bytes/CG x 1 CGs, 19660820 bytes)...
step3 0x50000201d930
[M::mem_process_seqs_merge2] CPE FASTQ formatting done
slave pre done
now n is 103478
slave pre done
now n is 103478
processed 103478
[M::mem_process_seqs_merge2] Processed 103478 reads in 3.580 CPU sec, 8.958 real sec
step2 put 0x50000201d930
step2 get 0x500002771d00
processed 103478
[M::process] read chunk (19660800 bytes/CG x 1 CGs, 19660820 bytes)...
[M::mem_process_seqs_merge2] Processed 103478 reads in 3.600 CPU sec, 9.121 real sec
step2 put 0x50000201d930
step2 get 0x500002771d00
step3 0x50000201d930
[M::mem_process_seqs_merge2] CPE FASTQ formatting done
[M::process] read chunk (19660800 bytes/CG x 1 CGs, 19660820 bytes)...
step3 0x50000201d930
[M::mem_process_seqs_merge2] CPE FASTQ formatting done
step1 0x50000201d8e0
slave pre done
now n is 103478
processed 103478
[M::mem_process_seqs_merge2] Processed 103478 reads in 3.520 CPU sec, 9.170 real sec
step2 put 0x50000201d930
step2 get 0x500002771d00
[M::process] read chunk (19660800 bytes/CG x 1 CGs, 19660820 bytes)...
step3 0x50000201d930
[M::mem_process_seqs_merge2] CPE FASTQ formatting done
[DBG stage1] slow fread: R1 offset=1769472344 requested=19660820 read=19660820 elapsed=1.080 s
step1 0x50000201d8e0
slave pre done
now n is 103478
processed 103478
[M::mem_process_seqs_merge2] Processed 103478 reads in 3.820 CPU sec, 9.178 real sec
step2 put 0x50000201d930
step2 get 0x500002771d00
[M::process] read chunk (19660800 bytes/CG x 1 CGs, 19660440 bytes)...
step3 0x50000201d930
[M::mem_process_seqs_merge2] CPE FASTQ formatting done
[DBG stage1] slow fread: R2 offset=1848115244 requested=19660820 read=19660820 elapsed=1.123 s
step1 0x50000201d8e0
[DBG stage1] slow fread: R2 offset=1769472344 requested=19660820 read=19660820 elapsed=1.035 s
step1 0x50000201d8e0
step1 0x50000201d8e0
slave pre done
now n is 103478
processed 103478
[M::mem_process_seqs_merge2] Processed 103478 reads in 3.910 CPU sec, 9.651 real sec
step2 put 0x50000201d930
step2 get 0x500002771d00
step3 0x50000201d930
[M::process] read chunk (19660800 bytes/CG x 1 CGs, 19660820 bytes)...
[M::mem_process_seqs_merge2] CPE FASTQ formatting done
step1 0x50000201d8e0
slave pre done
now n is 103478
processed 103478
[M::mem_process_seqs_merge2] Processed 103478 reads in 3.790 CPU sec, 9.449 real sec
step2 put 0x500002771d00
step2 get 0x50000201d8e0
[M::process] read chunk (19660800 bytes/CG x 1 CGs, 19660820 bytes)...
step3 0x500002771d00
[M::mem_process_seqs_merge2] CPE FASTQ formatting done
slave pre done
now n is 103478
processed 103478
[M::mem_process_seqs_merge2] Processed 103478 reads in 3.430 CPU sec, 8.751 real sec
step2 put 0x500002771d00
step2 get 0x50000201d8e0
[M::process] read chunk (19660800 bytes/CG x 1 CGs, 19660820 bytes)...
step3 0x500002771d00
[M::mem_process_seqs_merge2] CPE FASTQ formatting done
slave pre done
now n is 103478
processed 103478
[M::mem_process_seqs_merge2] Processed 103478 reads in 3.520 CPU sec, 8.880 real sec
step2 put 0x500002771d00
step2 get 0x50000201d8e0
step3 0x500002771d00
[M::process] read chunk (19660800 bytes/CG x 1 CGs, 19660820 bytes)...
[M::mem_process_seqs_merge2] CPE FASTQ formatting done
slave pre done
now n is 103478
processed 103478
[M::mem_process_seqs_merge2] Processed 103478 reads in 3.400 CPU sec, 8.881 real sec
step2 put 0x500002771d00
step2 get 0x50000201d8e0
step3 0x500002771d00
[M::process] read chunk (19660800 bytes/CG x 1 CGs, 19660820 bytes)...
[M::mem_process_seqs_merge2] CPE FASTQ formatting done
step1 0x50000201d930
step1 0x50000201d930
step1 0x50000201d930
step1 0x50000201d930
slave pre done
now n is 103478
processed 103478
[M::mem_process_seqs_merge2] Processed 103478 reads in 3.670 CPU sec, 8.641 real sec
step2 put 0x500002771d00
step2 get 0x50000201d8e0
[M::process] read chunk (19660800 bytes/CG x 1 CGs, 19660820 bytes)...
step3 0x500002771d00
[M::mem_process_seqs_merge2] CPE FASTQ formatting done
step1 0x50000201d930
slave pre done
now n is 103478
processed 103478
[M::mem_process_seqs_merge2] Processed 103478 reads in 3.940 CPU sec, 8.049 real sec
step2 put 0x500002771d00
step2 get 0x50000201d8e0
[M::process] read chunk (19660800 bytes/CG x 1 CGs, 19660820 bytes)...
step3 0x500002771d00
[M::mem_process_seqs_merge2] CPE FASTQ formatting done
step1 0x50000201d930
slave pre done
now n is 103478
processed 103478
[M::mem_process_seqs_merge2] Processed 103478 reads in 3.330 CPU sec, 7.469 real sec
step2 put 0x50000201d8e0
step2 get 0x50000201d930
step3 0x50000201d8e0
[M::process] read chunk (19660800 bytes/CG x 1 CGs, 19660820 bytes)...
[M::mem_process_seqs_merge2] CPE FASTQ formatting done
slave pre done
now n is 103478
processed 103478
[M::mem_process_seqs_merge2] Processed 103478 reads in 3.140 CPU sec, 7.519 real sec
step2 put 0x50000201d8e0
step2 get 0x50000201d930
[M::process] read chunk (19660800 bytes/CG x 1 CGs, 19660820 bytes)...
step3 0x50000201d8e0
[M::mem_process_seqs_merge2] CPE FASTQ formatting done
slave pre done
now n is 103478
processed 103478
[M::mem_process_seqs_merge2] Processed 103478 reads in 3.100 CPU sec, 7.450 real sec
step2 put 0x50000201d8e0
step2 get 0x50000201d930
[M::process] read chunk (19660800 bytes/CG x 1 CGs, 19660820 bytes)...
step3 0x50000201d8e0
[M::mem_process_seqs_merge2] CPE FASTQ formatting done
slave pre done
now n is 103478
processed 103478
[M::mem_process_seqs_merge2] Processed 103478 reads in 2.990 CPU sec, 7.231 real sec
step2 put 0x50000201d8e0
step2 get 0x50000201d930
step3 0x50000201d8e0
[M::process] read chunk (19660800 bytes/CG x 1 CGs, 19660820 bytes)...
[M::mem_process_seqs_merge2] CPE FASTQ formatting done
[DBG stage1] slow fread: R1 offset=2084045084 requested=19660820 read=19660820 elapsed=1.220 s
[DBG stage1] slow fread: R2 offset=2064384264 requested=19660820 read=19660820 elapsed=1.116 s
step1 0x500002771d00
[DBG stage1] slow fread: R1 offset=2005401804 requested=19660820 read=19660820 elapsed=1.089 s
slave pre done
now n is 103476
processed 103476
[M::mem_process_seqs_merge2] Processed 103476 reads in 3.320 CPU sec, 7.809 real sec
step2 put 0x50000201d8e0
step2 get 0x50000201d930
[M::process] read chunk (19660800 bytes/CG x 1 CGs, 19660820 bytes)...
step3 0x50000201d8e0
[M::mem_process_seqs_merge2] CPE FASTQ formatting done
step1 0x500002771d00
step1 0x500002771d00
[DBG stage1] slow fread: R2 offset=2084045084 requested=19660820 read=19660820 elapsed=1.089 s
step1 0x500002771d00
step1 0x500002771d00
slave pre done
now n is 103478
processed 103478
[M::mem_process_seqs_merge2] Processed 103478 reads in 3.780 CPU sec, 9.369 real sec
step2 put 0x50000201d8e0
step2 get 0x50000201d930
step3 0x50000201d8e0
[M::process] read chunk (19660800 bytes/CG x 1 CGs, 19660820 bytes)...
[M::mem_process_seqs_merge2] CPE FASTQ formatting done
step1 0x500002771d00
slave pre done
now n is 103478
processed 103478
[M::mem_process_seqs_merge2] Processed 103478 reads in 3.430 CPU sec, 9.329 real sec
step2 put 0x50000201d930
step2 get 0x500002771d00
step3 0x50000201d930
[M::process] read chunk (19660800 bytes/CG x 1 CGs, 19660820 bytes)...
[M::mem_process_seqs_merge2] CPE FASTQ formatting done
slave pre done
now n is 103478
processed 103478
[M::mem_process_seqs_merge2] Processed 103478 reads in 3.590 CPU sec, 9.281 real sec
step2 put 0x50000201d930
step2 get 0x500002771d00
[M::process] read chunk (19660800 bytes/CG x 1 CGs, 19660440 bytes)...
step3 0x50000201d930
[M::mem_process_seqs_merge2] CPE FASTQ formatting done
slave pre done
now n is 103478
slave pre done
now n is 103478
processed 103478
[M::mem_process_seqs_merge2] Processed 103478 reads in 3.890 CPU sec, 9.701 real sec
step2 put 0x50000201d930
step2 get 0x500002771d00
[M::process] read chunk (19660800 bytes/CG x 1 CGs, 19660820 bytes)...
step3 0x50000201d930
processed 103478
[M::mem_process_seqs_merge2] Processed 103478 reads in 3.310 CPU sec, 9.470 real sec
step2 put 0x50000201d930
step2 get 0x500002771d00
[M::process] read chunk (19660800 bytes/CG x 1 CGs, 19660820 bytes)...
[M::mem_process_seqs_merge2] CPE FASTQ formatting done
step3 0x50000201d930
[M::mem_process_seqs_merge2] CPE FASTQ formatting done
[DBG stage1] slow fread: R1 offset=2123366724 requested=19660820 read=19660820 elapsed=1.007 s
[DBG stage1] slow fread: R1 offset=2202009624 requested=19660820 read=19660820 elapsed=1.049 s
slave pre done
now n is 103478
processed 103478
[M::mem_process_seqs_merge2] Processed 103478 reads in 3.680 CPU sec, 9.070 real sec
step2 put 0x50000201d930
step2 get 0x500002771d00
[M::process] read chunk (19660800 bytes/CG x 1 CGs, 19660820 bytes)...
step3 0x50000201d930
[DBG stage1] slow fread: R2 offset=2182348804 requested=19660820 read=19660820 elapsed=1.088 s
step1 0x50000201d8e0
[M::mem_process_seqs_merge2] CPE FASTQ formatting done
[DBG stage1] slow fread: R2 offset=2162688364 requested=19660440 read=19660440 elapsed=1.139 s
step1 0x50000201d8e0
[DBG stage1] slow fread: R2 offset=2123366724 requested=19660820 read=19660820 elapsed=1.063 s
step1 0x50000201d8e0
step1 0x50000201d8e0
[DBG stage1] slow fread: R1 offset=2143027544 requested=19660820 read=19660820 elapsed=1.044 s
step1 0x50000201d8e0
slave pre done
now n is 103478
processed 103478
[M::mem_process_seqs_merge2] Processed 103478 reads in 4.020 CPU sec, 9.509 real sec
step2 put 0x50000201d930
step2 get 0x500002771d00
step3 0x50000201d930
[M::process] read chunk (19660800 bytes/CG x 1 CGs, 19660820 bytes)...
[M::mem_process_seqs_merge2] CPE FASTQ formatting done
step1 0x50000201d8e0
slave pre done
now n is 103478
slave pre done
now n is 103478
processed 103478
[M::mem_process_seqs_merge2] Processed 103478 reads in 3.590 CPU sec, 9.346 real sec
step2 put 0x500002771d00
step2 get 0x50000201d8e0
[M::process] read chunk (19660800 bytes/CG x 1 CGs, 19660820 bytes)...
processed 103478
[M::mem_process_seqs_merge2] Processed 103478 reads in 3.700 CPU sec, 9.529 real sec
step2 put 0x500002771d00
step2 get 0x50000201d8e0
step3 0x500002771d00
[M::process] read chunk (19660800 bytes/CG x 1 CGs, 19660820 bytes)...
step3 0x500002771d00
[M::mem_process_seqs_merge2] CPE FASTQ formatting done
[M::mem_process_seqs_merge2] CPE FASTQ formatting done
slave pre done
now n is 103478
processed 103478
[M::mem_process_seqs_merge2] Processed 103478 reads in 3.650 CPU sec, 9.221 real sec
step2 put 0x500002771d00
step2 get 0x50000201d8e0
[M::process] read chunk (19660800 bytes/CG x 1 CGs, 19660820 bytes)...
slave pre done
now n is 103478
step3 0x500002771d00
[M::mem_process_seqs_merge2] CPE FASTQ formatting done
processed 103478
[M::mem_process_seqs_merge2] Processed 103478 reads in 3.400 CPU sec, 9.240 real sec
step2 put 0x500002771d00
step2 get 0x50000201d8e0
[M::process] read chunk (19660800 bytes/CG x 1 CGs, 19660820 bytes)...
step3 0x500002771d00
[M::mem_process_seqs_merge2] CPE FASTQ formatting done
[DBG stage1] slow fread: R1 offset=2241331264 requested=19660820 read=19660820 elapsed=1.008 s
slave pre done
now n is 103478
processed 103478
[M::mem_process_seqs_merge2] Processed 103478 reads in 3.870 CPU sec, 9.109 real sec
step2 put 0x500002771d00
step2 get 0x50000201d8e0
step3 0x500002771d00
[M::process] read chunk (19660800 bytes/CG x 1 CGs, 19660820 bytes)...
[M::mem_process_seqs_merge2] CPE FASTQ formatting done
step1 0x50000201d930
step1 0x50000201d930
step1 0x50000201d930
step1 0x50000201d930
step1 0x50000201d930
slave pre done
now n is 103478
processed 103478
[M::mem_process_seqs_merge2] Processed 103478 reads in 3.600 CPU sec, 8.069 real sec
step2 put 0x500002771d00
step2 get 0x50000201d8e0
[M::process] read chunk (19660800 bytes/CG x 1 CGs, 19660820 bytes)...
step3 0x500002771d00
[M::mem_process_seqs_merge2] CPE FASTQ formatting done
step1 0x50000201d930
slave pre done
now n is 103478
processed 103478
[M::mem_process_seqs_merge2] Processed 103478 reads in 3.310 CPU sec, 7.611 real sec
step2 put 0x50000201d8e0
step2 get 0x50000201d930
step3 0x50000201d8e0
[M::process] read chunk (19660800 bytes/CG x 1 CGs, 19660820 bytes)...
[M::mem_process_seqs_merge2] CPE FASTQ formatting done
slave pre done
now n is 103478
processed 103478
[M::mem_process_seqs_merge2] Processed 103478 reads in 2.790 CPU sec, 7.561 real sec
step2 put 0x50000201d8e0
step2 get 0x50000201d930
step3 0x50000201d8e0
[M::process] read chunk (19660800 bytes/CG x 1 CGs, 19660820 bytes)...
slave pre done
now n is 103476
slave pre done
now n is 103478
processed 103478
[M::mem_process_seqs_merge2] Processed 103478 reads in 3.270 CPU sec, 7.661 real sec
step2 put 0x50000201d8e0
step2 get 0x50000201d930
processed 103476
[M::mem_process_seqs_merge2] Processed 103476 reads in 3.350 CPU sec, 8.021 real sec
step2 put 0x50000201d8e0
step2 get 0x50000201d930
[M::process] read chunk (19660800 bytes/CG x 1 CGs, 19660820 bytes)...
[M::mem_process_seqs_merge2] CPE FASTQ formatting done
step3 0x50000201d8e0
[M::process] read chunk (19660800 bytes/CG x 1 CGs, 19660820 bytes)...
[M::mem_process_seqs_merge2] CPE FASTQ formatting done
step3 0x50000201d8e0
[M::mem_process_seqs_merge2] CPE FASTQ formatting done
[DBG stage1] slow fread: R1 offset=2437939464 requested=19660820 read=19660820 elapsed=1.055 s
[DBG stage1] slow fread: R1 offset=2359296184 requested=19660820 read=19660820 elapsed=1.278 s
[DBG stage1] slow fread: R2 offset=2418278644 requested=19660820 read=19660820 elapsed=1.076 s
step1 0x500002771d00
slave pre done
now n is 103478
[DBG stage1] slow fread: R1 offset=2398617824 requested=19660820 read=19660820 elapsed=1.082 s
processed 103478
[M::mem_process_seqs_merge2] Processed 103478 reads in 3.390 CPU sec, 7.688 real sec
step2 put 0x50000201d8e0
step2 get 0x50000201d930
step3 0x50000201d8e0
[M::process] read chunk (19660800 bytes/CG x 1 CGs, 19660820 bytes)...
[M::mem_process_seqs_merge2] CPE FASTQ formatting done
[DBG stage1] slow fread: R2 offset=2437939464 requested=19660820 read=19660820 elapsed=1.158 s
step1 0x500002771d00
[DBG stage1] slow fread: R2 offset=2359296184 requested=19660820 read=19660820 elapsed=1.260 s
step1 0x500002771d00
[DBG stage1] slow fread: R2 offset=2398617824 requested=19660820 read=19660820 elapsed=1.013 s
step1 0x500002771d00
step1 0x500002771d00
slave pre done
now n is 103478
processed 103478
[M::mem_process_seqs_merge2] Processed 103478 reads in 3.930 CPU sec, 9.449 real sec
step2 put 0x50000201d8e0
step2 get 0x50000201d930
step3 0x50000201d8e0
[M::process] read chunk (19660800 bytes/CG x 1 CGs, 19660820 bytes)...
[M::mem_process_seqs_merge2] CPE FASTQ formatting done
slave pre done
now n is 103478
processed 103478
[M::mem_process_seqs_merge2] Processed 103478 reads in 3.510 CPU sec, 8.969 real sec
step2 put 0x50000201d930
step2 get 0x500002771d00
[M::process] read chunk (19660800 bytes/CG x 1 CGs, 19660440 bytes)...
step3 0x50000201d930
[M::mem_process_seqs_merge2] CPE FASTQ formatting done
slave pre done
now n is 103478
processed 103478
[M::mem_process_seqs_merge2] Processed 103478 reads in 3.650 CPU sec, 9.323 real sec
step2 put 0x50000201d930
step2 get 0x500002771d00
[M::process] read chunk (19660800 bytes/CG x 1 CGs, 19660820 bytes)...
step3 0x50000201d930
[M::mem_process_seqs_merge2] CPE FASTQ formatting done
slave pre done
now n is 103478
processed 103478
[M::mem_process_seqs_merge2] Processed 103478 reads in 3.310 CPU sec, 9.528 real sec
step2 put 0x50000201d930
step2 get 0x500002771d00
[M::process] read chunk (19660800 bytes/CG x 1 CGs, 19660820 bytes)...
step3 0x50000201d930
step1 0x500002771d00
[M::mem_process_seqs_merge2] CPE FASTQ formatting done
slave pre done
now n is 103478
processed 103478
[M::mem_process_seqs_merge2] Processed 103478 reads in 3.660 CPU sec, 9.569 real sec
step2 put 0x50000201d930
step2 get 0x500002771d00
[M::process] read chunk (19660800 bytes/CG x 1 CGs, 19660820 bytes)...
step3 0x50000201d930
[M::mem_process_seqs_merge2] CPE FASTQ formatting done
slave pre done
now n is 103478
processed 103478
[M::mem_process_seqs_merge2] Processed 103478 reads in 3.830 CPU sec, 8.991 real sec
step2 put 0x50000201d930
step2 get 0x500002771d00
step3 0x50000201d930
[M::process] read chunk (19660800 bytes/CG x 1 CGs, 19660820 bytes)...
[M::mem_process_seqs_merge2] CPE FASTQ formatting done
[DBG stage1] slow fread: R1 offset=2477261104 requested=19660820 read=19660820 elapsed=1.250 s
[DBG stage1] slow fread: R2 offset=2536243564 requested=19660440 read=19660440 elapsed=1.653 s
step1 0x50000201d8e0
[DBG stage1] slow fread: R1 offset=2555904004 requested=19660820 read=19660820 elapsed=1.533 s
[DBG stage1] slow fread: R2 offset=2516582744 requested=19660820 read=19660820 elapsed=1.031 s
step1 0x50000201d8e0
[DBG stage1] slow fread: R1 offset=2496921924 requested=19660820 read=19660820 elapsed=1.223 s
[DBG stage1] slow fread: R2 offset=2477261104 requested=19660820 read=19660820 elapsed=1.446 s
step1 0x50000201d8e0
[DBG stage1] slow fread: R2 offset=2555904004 requested=19660820 read=19660820 elapsed=1.368 s
step1 0x50000201d8e0
step1 0x50000201d8e0
slave pre done
now n is 103478
processed 103478
[M::mem_process_seqs_merge2] Processed 103478 reads in 3.600 CPU sec, 9.739 real sec
step2 put 0x500002771d00
step2 get 0x50000201d8e0
step3 0x500002771d00
[M::process] read chunk (19660800 bytes/CG x 1 CGs, 19660820 bytes)...
[M::mem_process_seqs_merge2] CPE FASTQ formatting done
slave pre done
now n is 103478
processed 103478
[M::mem_process_seqs_merge2] Processed 103478 reads in 3.810 CPU sec, 10.269 real sec
step2 put 0x50000201d930
step2 get 0x500002771d00
[M::process] read chunk (19660800 bytes/CG x 1 CGs, 19660820 bytes)...
step3 0x50000201d930
[M::mem_process_seqs_merge2] CPE FASTQ formatting done
slave pre done
now n is 103478
slave pre done
now n is 103478
slave pre done
now n is 103478
processed 103478
[M::mem_process_seqs_merge2] Processed 103478 reads in 3.890 CPU sec, 9.796 real sec
step2 put 0x500002771d00
step2 get 0x50000201d8e0
step3 0x500002771d00
[M::process] read chunk (19660800 bytes/CG x 1 CGs, 19660820 bytes)...
processed 103478
[M::mem_process_seqs_merge2] Processed 103478 reads in 3.550 CPU sec, 9.568 real sec
step2 put 0x500002771d00
step2 get 0x50000201d8e0
processed 103478
[M::mem_process_seqs_merge2] Processed 103478 reads in 3.360 CPU sec, 9.661 real sec
step2 put 0x500002771d00
step2 get 0x50000201d8e0
[M::process] read chunk (19660800 bytes/CG x 1 CGs, 19660820 bytes)...
step3 0x500002771d00
[M::mem_process_seqs_merge2] CPE FASTQ formatting done
step3 0x500002771d00
[M::process] read chunk (19660800 bytes/CG x 1 CGs, 19660820 bytes)...
[M::mem_process_seqs_merge2] CPE FASTQ formatting done
[M::mem_process_seqs_merge2] CPE FASTQ formatting done
step1 0x50000201d8e0
slave pre done
now n is 103478
processed 103478
[M::mem_process_seqs_merge2] Processed 103478 reads in 4.200 CPU sec, 9.610 real sec
step2 put 0x500002771d00
step2 get 0x50000201d8e0
[M::process] read chunk (19660800 bytes/CG x 1 CGs, 19660820 bytes)...
step3 0x500002771d00
[M::mem_process_seqs_merge2] CPE FASTQ formatting done
[DBG stage1] slow fread: R2 offset=2654208104 requested=19660820 read=19660820 elapsed=1.155 s
step1 0x50000201d930
[DBG stage1] slow fread: R1 offset=2595225644 requested=19660820 read=19660820 elapsed=1.116 s
[DBG stage1] slow fread: R1 offset=2673868924 requested=19660820 read=19660820 elapsed=1.152 s
step1 0x50000201d930
[DBG stage1] slow fread: R2 offset=2595225644 requested=19660820 read=19660820 elapsed=1.060 s
step1 0x50000201d930
[DBG stage1] slow fread: R2 offset=2673868924 requested=19660820 read=19660820 elapsed=1.060 s
step1 0x50000201d930
step1 0x50000201d930
slave pre done
now n is 103476
processed 103476
[M::mem_process_seqs_merge2] Processed 103476 reads in 3.470 CPU sec, 7.829 real sec
step2 put 0x50000201d8e0
step2 get 0x50000201d930
step3 0x50000201d8e0
[M::process] read chunk (19660800 bytes/CG x 1 CGs, 19660820 bytes)...
[M::mem_process_seqs_merge2] CPE FASTQ formatting done
slave pre done
now n is 103478
processed 103478
[M::mem_process_seqs_merge2] Processed 103478 reads in 3.480 CPU sec, 8.041 real sec
step2 put 0x500002771d00
step2 get 0x50000201d8e0
[M::process] read chunk (19660800 bytes/CG x 1 CGs, 19660820 bytes)...
step3 0x500002771d00
[M::mem_process_seqs_merge2] CPE FASTQ formatting done
slave pre done
now n is 103478
processed 103478
[M::mem_process_seqs_merge2] Processed 103478 reads in 3.220 CPU sec, 7.461 real sec
step2 put 0x50000201d8e0
step2 get 0x50000201d930
step3 0x50000201d8e0
[M::process] read chunk (19660800 bytes/CG x 1 CGs, 19660820 bytes)...
[M::mem_process_seqs_merge2] CPE FASTQ formatting done
slave pre done
now n is 103478
processed 103478
[M::mem_process_seqs_merge2] Processed 103478 reads in 2.860 CPU sec, 7.750 real sec
step2 put 0x50000201d8e0
step2 get 0x50000201d930
step3 0x50000201d8e0
[M::process] read chunk (19660800 bytes/CG x 1 CGs, 19660820 bytes)...
[M::mem_process_seqs_merge2] CPE FASTQ formatting done
slave pre done
now n is 103478
processed 103478
[M::mem_process_seqs_merge2] Processed 103478 reads in 3.650 CPU sec, 8.201 real sec
step2 put 0x50000201d8e0
step2 get 0x50000201d930
[M::process] read chunk (19660800 bytes/CG x 1 CGs, 19660820 bytes)...
step3 0x50000201d8e0
[M::mem_process_seqs_merge2] CPE FASTQ formatting done
slave pre done
now n is 103478
processed 103478
[M::mem_process_seqs_merge2] Processed 103478 reads in 3.240 CPU sec, 7.390 real sec
step2 put 0x50000201d8e0
step2 get 0x50000201d930
step3 0x50000201d8e0
[M::process] read chunk (19660800 bytes/CG x 1 CGs, 19660820 bytes)...
[M::mem_process_seqs_merge2] CPE FASTQ formatting done
[DBG stage1] slow fread: R1 offset=2791833844 requested=19660820 read=19660820 elapsed=1.240 s
[DBG stage1] slow fread: R2 offset=2772173024 requested=19660820 read=19660820 elapsed=1.429 s
step1 0x500002771d00
[DBG stage1] slow fread: R1 offset=2713190564 requested=19660820 read=19660820 elapsed=1.186 s
[DBG stage1] slow fread: R2 offset=2693529744 requested=19660820 read=19660820 elapsed=1.346 s
step1 0x50000201d930
[DBG stage1] slow fread: R1 offset=2732851384 requested=19660820 read=19660820 elapsed=1.122 s
[DBG stage1] slow fread: R2 offset=2791833844 requested=19660820 read=19660820 elapsed=1.427 s
step1 0x500002771d00
[DBG stage1] slow fread: R2 offset=2713190564 requested=19660820 read=19660820 elapsed=1.174 s
step1 0x500002771d00
step1 0x500002771d00
step1 0x500002771d00
slave pre done
now n is 103478
processed 103478
[M::mem_process_seqs_merge2] Processed 103478 reads in 3.540 CPU sec, 9.249 real sec
step2 put 0x50000201d930
step2 get 0x500002771d00
[M::process] read chunk (19660800 bytes/CG x 1 CGs, 19660440 bytes)...
step3 0x50000201d930
[M::mem_process_seqs_merge2] CPE FASTQ formatting done
slave pre done
now n is 103478
processed 103478
[M::mem_process_seqs_merge2] Processed 103478 reads in 3.250 CPU sec, 9.271 real sec
step2 put 0x50000201d930
step2 get 0x500002771d00
[M::process] read chunk (19660800 bytes/CG x 1 CGs, 19660820 bytes)...
step3 0x50000201d930
[M::mem_process_seqs_merge2] CPE FASTQ formatting done
slave pre done
now n is 103478
processed 103478
[M::mem_process_seqs_merge2] Processed 103478 reads in 3.660 CPU sec, 8.990 real sec
step2 put 0x50000201d930
step2 get 0x500002771d00
[M::process] read chunk (19660800 bytes/CG x 1 CGs, 19660820 bytes)...
step3 0x50000201d930
[M::mem_process_seqs_merge2] CPE FASTQ formatting done
slave pre done
now n is 103478
processed 103478
[M::mem_process_seqs_merge2] Processed 103478 reads in 4.060 CPU sec, 10.349 real sec
step2 put 0x50000201d930
step2 get 0x500002771d00
[M::process] read chunk (19660800 bytes/CG x 1 CGs, 19660820 bytes)...
step3 0x50000201d930
[M::mem_process_seqs_merge2] CPE FASTQ formatting done
slave pre done
now n is 103478
processed 103478
[M::mem_process_seqs_merge2] Processed 103478 reads in 3.920 CPU sec, 9.371 real sec
step2 put 0x50000201d930
step2 get 0x500002771d00
[M::process] read chunk (19660800 bytes/CG x 1 CGs, 19660820 bytes)...
step3 0x50000201d930
[M::mem_process_seqs_merge2] CPE FASTQ formatting done
slave pre done
now n is 103478
processed 103478
[M::mem_process_seqs_merge2] Processed 103478 reads in 3.790 CPU sec, 10.369 real sec
step2 put 0x50000201d8e0
step2 get 0x50000201d930
[M::process] read chunk (19660800 bytes/CG x 1 CGs, 19660820 bytes)...
step3 0x50000201d8e0
[M::mem_process_seqs_merge2] CPE FASTQ formatting done
[DBG stage1] slow fread: R2 offset=2909798764 requested=19660440 read=19660440 elapsed=1.075 s
step1 0x50000201d8e0
step1 0x50000201d8e0
[DBG stage1] slow fread: R1 offset=2870477124 requested=19660820 read=19660820 elapsed=1.072 s
step1 0x50000201d8e0
step1 0x50000201d8e0
step1 0x50000201d8e0
step1 0x500002771d00
slave pre done
now n is 103478
processed 103478
[M::mem_process_seqs_merge2] Processed 103478 reads in 3.260 CPU sec, 7.419 real sec
step2 put 0x500002771d00
step2 get 0x50000201d8e0
[M::process] read chunk (19660800 bytes/CG x 1 CGs, 19660820 bytes)...
step3 0x500002771d00
[M::mem_process_seqs_merge2] CPE FASTQ formatting done
slave pre done
now n is 103478
processed 103478
[M::mem_process_seqs_merge2] Processed 103478 reads in 3.750 CPU sec, 7.600 real sec
step2 put 0x500002771d00
step2 get 0x50000201d8e0
step3 0x500002771d00
[M::process] read chunk (19660800 bytes/CG x 1 CGs, 19660820 bytes)...
[M::mem_process_seqs_merge2] CPE FASTQ formatting done
slave pre done
now n is 103478
slave pre done
now n is 103478
processed 103478
[M::mem_process_seqs_merge2] Processed 103478 reads in 2.890 CPU sec, 7.938 real sec
step2 put 0x500002771d00
step2 get 0x50000201d8e0
processed 103478
[M::mem_process_seqs_merge2] Processed 103478 reads in 3.460 CPU sec, 7.618 real sec
step2 put 0x500002771d00
step2 get 0x50000201d8e0
[M::process] read chunk (19660800 bytes/CG x 1 CGs, 19660820 bytes)...
step3 0x500002771d00
step3 0x500002771d00
[M::process] read chunk (19660800 bytes/CG x 1 CGs, 19660820 bytes)...
[M::mem_process_seqs_merge2] CPE FASTQ formatting done
[M::mem_process_seqs_merge2] CPE FASTQ formatting done
step1 0x50000201d930
slave pre done
now n is 103478
processed 103478
[M::mem_process_seqs_merge2] Processed 103478 reads in 3.640 CPU sec, 7.899 real sec
step2 put 0x500002771d00
step2 get 0x50000201d8e0
step3 0x500002771d00
[M::process] read chunk (19660800 bytes/CG x 1 CGs, 19660820 bytes)...
[M::mem_process_seqs_merge2] CPE FASTQ formatting done
slave pre done
now n is 103478
processed 103478
[M::mem_process_seqs_merge2] Processed 103478 reads in 3.680 CPU sec, 8.221 real sec
step2 put 0x50000201d930
step2 get 0x500002771d00
step3 0x50000201d930
[M::process] read chunk (19660800 bytes/CG x 1 CGs, 19660820 bytes)...
[M::mem_process_seqs_merge2] CPE FASTQ formatting done
[DBG stage1] slow fread: R1 offset=2968780844 requested=19660820 read=19660820 elapsed=1.052 s
[DBG stage1] slow fread: R1 offset=2988441664 requested=19660820 read=19660820 elapsed=1.310 s
[DBG stage1] slow fread: R2 offset=3008102484 requested=19660820 read=19660820 elapsed=1.043 s
step1 0x50000201d930
[DBG stage1] slow fread: R2 offset=2949120024 requested=19660820 read=19660820 elapsed=1.045 s
step1 0x50000201d930
[DBG stage1] slow fread: R1 offset=2929459204 requested=19660820 read=19660820 elapsed=1.228 s
[DBG stage1] slow fread: R2 offset=2968780844 requested=19660820 read=19660820 elapsed=1.293 s
step1 0x50000201d930
step1 0x50000201d930
step1 0x50000201d8e0
slave pre done
now n is 103476
processed 103476
[M::mem_process_seqs_merge2] Processed 103476 reads in 3.640 CPU sec, 9.389 real sec
step2 put 0x50000201d8e0
step2 get 0x50000201d930
[M::process] read chunk (19660800 bytes/CG x 1 CGs, 19660820 bytes)...
step3 0x50000201d8e0
[M::mem_process_seqs_merge2] CPE FASTQ formatting done
slave pre done
now n is 103478
processed 103478
[M::mem_process_seqs_merge2] Processed 103478 reads in 3.240 CPU sec, 9.030 real sec
step2 put 0x50000201d8e0
step2 get 0x50000201d930
[M::process] read chunk (19660800 bytes/CG x 1 CGs, 19660820 bytes)...
step3 0x50000201d8e0
[M::mem_process_seqs_merge2] CPE FASTQ formatting done
slave pre done
now n is 103478
slave pre done
now n is 103478
processed 103478
[M::mem_process_seqs_merge2] Processed 103478 reads in 3.640 CPU sec, 9.161 real sec
step2 put 0x50000201d8e0
step2 get 0x50000201d930
[M::process] read chunk (19660800 bytes/CG x 1 CGs, 19660820 bytes)...
step3 0x50000201d8e0
processed 103478
[M::mem_process_seqs_merge2] Processed 103478 reads in 3.860 CPU sec, 9.291 real sec
step2 put 0x50000201d8e0
step2 get 0x50000201d930
[M::process] read chunk (19660800 bytes/CG x 1 CGs, 19660820 bytes)...
[M::mem_process_seqs_merge2] CPE FASTQ formatting done
step3 0x50000201d8e0
[M::mem_process_seqs_merge2] CPE FASTQ formatting done
step1 0x500002771d00
slave pre done
now n is 103478
processed 103478
[M::mem_process_seqs_merge2] Processed 103478 reads in 3.850 CPU sec, 9.792 real sec
step2 put 0x50000201d8e0
step2 get 0x50000201d930
[M::process] read chunk (19660800 bytes/CG x 1 CGs, 19660820 bytes)...
step3 0x50000201d8e0
[M::mem_process_seqs_merge2] CPE FASTQ formatting done
[DBG stage1] slow fread: R1 offset=3086745764 requested=19660820 read=19660820 elapsed=1.135 s
step1 0x500002771d00
slave pre done
now n is 103478
processed 103478
[M::mem_process_seqs_merge2] Processed 103478 reads in 3.830 CPU sec, 10.012 real sec
step2 put 0x500002771d00
step2 get 0x50000201d8e0
[M::process] read chunk (19660800 bytes/CG x 1 CGs, 19660820 bytes)...
step3 0x500002771d00
[M::mem_process_seqs_merge2] CPE FASTQ formatting done
[DBG stage1] slow fread: R1 offset=3106406584 requested=19660820 read=19660820 elapsed=1.186 s
[DBG stage1] slow fread: R2 offset=3126067404 requested=19660820 read=19660820 elapsed=1.237 s
step1 0x500002771d00
[DBG stage1] slow fread: R2 offset=3086745764 requested=19660820 read=19660820 elapsed=1.289 s
step1 0x500002771d00
[DBG stage1] slow fread: R1 offset=3047424124 requested=19660820 read=19660820 elapsed=1.315 s
[DBG stage1] slow fread: R2 offset=3106406584 requested=19660820 read=19660820 elapsed=1.045 s
step1 0x500002771d00
step1 0x50000201d930
slave pre done
now n is 103478
processed 103478
[M::mem_process_seqs_merge2] Processed 103478 reads in 3.520 CPU sec, 9.999 real sec
step2 put 0x50000201d930
step2 get 0x500002771d00
[M::process] read chunk (19660800 bytes/CG x 1 CGs, 19660820 bytes)...
step3 0x50000201d930
[M::mem_process_seqs_merge2] CPE FASTQ formatting done
slave pre done
now n is 103478
processed 103478
[M::mem_process_seqs_merge2] Processed 103478 reads in 3.440 CPU sec, 9.681 real sec
step2 put 0x50000201d930
step2 get 0x500002771d00
step3 0x50000201d930
[M::process] read chunk (19660800 bytes/CG x 1 CGs, 19660820 bytes)...
[M::mem_process_seqs_merge2] CPE FASTQ formatting done
slave pre done
now n is 103478
processed 103478
[M::mem_process_seqs_merge2] Processed 103478 reads in 3.850 CPU sec, 9.799 real sec
step2 put 0x50000201d930
step2 get 0x500002771d00
[M::process] read chunk (19660800 bytes/CG x 1 CGs, 19660820 bytes)...
step3 0x50000201d930
[M::mem_process_seqs_merge2] CPE FASTQ formatting done
slave pre done
now n is 103478
processed 103478
[M::mem_process_seqs_merge2] Processed 103478 reads in 3.980 CPU sec, 9.830 real sec
step2 put 0x50000201d930
step2 get 0x500002771d00
[M::process] read chunk (19660800 bytes/CG x 1 CGs, 19660820 bytes)...
step3 0x50000201d930
[M::mem_process_seqs_merge2] CPE FASTQ formatting done
step1 0x50000201d8e0
step1 0x50000201d8e0
slave pre done
now n is 103478
processed 103478
[M::mem_process_seqs_merge2] Processed 103478 reads in 3.640 CPU sec, 9.286 real sec
step2 put 0x50000201d8e0
step2 get 0x50000201d930
step3 0x50000201d8e0
[M::process] read chunk (19660800 bytes/CG x 1 CGs, 19660820 bytes)...
[M::mem_process_seqs_merge2] CPE FASTQ formatting done
slave pre done
now n is 103478
processed 103478
[M::mem_process_seqs_merge2] Processed 103478 reads in 4.230 CPU sec, 10.088 real sec
step2 put 0x50000201d930
step2 get 0x500002771d00
[M::process] read chunk (19660800 bytes/CG x 1 CGs, 19660820 bytes)...
step3 0x50000201d930
[M::mem_process_seqs_merge2] CPE FASTQ formatting done
step1 0x50000201d8e0
step1 0x50000201d8e0
step1 0x50000201d8e0
step1 0x500002771d00
slave pre done
now n is 103478
processed 103478
[M::mem_process_seqs_merge2] Processed 103478 reads in 3.190 CPU sec, 7.509 real sec
step2 put 0x500002771d00
step2 get 0x50000201d8e0
[M::process] read chunk (19660800 bytes/CG x 1 CGs, 19660820 bytes)...
step3 0x500002771d00
[M::mem_process_seqs_merge2] CPE FASTQ formatting done
slave pre done
now n is 103478
processed 103478
[M::mem_process_seqs_merge2] Processed 103478 reads in 2.900 CPU sec, 7.501 real sec
step2 put 0x500002771d00
step2 get 0x50000201d8e0
step3 0x500002771d00
[M::process] read chunk (19660800 bytes/CG x 1 CGs, 19660820 bytes)...
[M::mem_process_seqs_merge2] CPE FASTQ formatting done
slave pre done
now n is 103478
processed 103478
[M::mem_process_seqs_merge2] Processed 103478 reads in 3.370 CPU sec, 7.620 real sec
step2 put 0x500002771d00
step2 get 0x50000201d8e0
[M::process] read chunk (19660800 bytes/CG x 1 CGs, 19660820 bytes)...
step3 0x500002771d00
[M::mem_process_seqs_merge2] CPE FASTQ formatting done
slave pre done
now n is 103478
processed 103478
[M::mem_process_seqs_merge2] Processed 103478 reads in 3.560 CPU sec, 8.019 real sec
step2 put 0x500002771d00
step2 get 0x50000201d8e0
[M::process] read chunk (19660800 bytes/CG x 1 CGs, 19660820 bytes)...
step3 0x500002771d00
[M::mem_process_seqs_merge2] CPE FASTQ formatting done
step1 0x50000201d930
step1 0x50000201d930
step1 0x50000201d930
step1 0x50000201d930
slave pre done
now n is 103478
processed 103478
[M::mem_process_seqs_merge2] Processed 103478 reads in 3.730 CPU sec, 8.711 real sec
step2 put 0x500002771d00
step2 get 0x50000201d8e0
[M::process] read chunk (19660800 bytes/CG x 1 CGs, 19660820 bytes)...
step3 0x500002771d00
[M::mem_process_seqs_merge2] CPE FASTQ formatting done
slave pre done
now n is 103478
processed 103478
[M::mem_process_seqs_merge2] Processed 103478 reads in 3.970 CPU sec, 8.941 real sec
step2 put 0x50000201d930
step2 get 0x500002771d00
step3 0x50000201d930
[M::process] read chunk (19660800 bytes/CG x 1 CGs, 19660440 bytes)...
[M::mem_process_seqs_merge2] CPE FASTQ formatting done
[DBG stage1] slow fread: R1 offset=3342336044 requested=19660820 read=19660820 elapsed=1.058 s
[DBG stage1] slow fread: R1 offset=3283353964 requested=19660440 read=19660440 elapsed=1.017 s
step1 0x50000201d930
step1 0x50000201d8e0
slave pre done
now n is 103478
processed 103478
[M::mem_process_seqs_merge2] Processed 103478 reads in 3.400 CPU sec, 9.299 real sec
step2 put 0x50000201d8e0
step2 get 0x50000201d930
[M::process] read chunk (19660800 bytes/CG x 1 CGs, 4915300 bytes)...
step3 0x50000201d8e0
[M::mem_process_seqs_merge2] CPE FASTQ formatting done
slave pre done
now n is 103478
processed 103478
[M::mem_process_seqs_merge2] Processed 103478 reads in 3.480 CPU sec, 9.649 real sec
step2 put 0x50000201d8e0
step2 get 0x50000201d930
[M::process] read chunk (19660800 bytes/CG x 1 CGs, 4915300 bytes)...
step3 0x50000201d8e0
[M::mem_process_seqs_merge2] CPE FASTQ formatting done
step1 0x500002771d00
slave pre done
now n is 103478
processed 103478
[M::mem_process_seqs_merge2] Processed 103478 reads in 3.820 CPU sec, 9.449 real sec
step2 put 0x50000201d8e0
step2 get 0x50000201d930
step3 0x50000201d8e0
[M::process] read chunk (19660800 bytes/CG x 1 CGs, 4915300 bytes)...
[M::mem_process_seqs_merge2] CPE FASTQ formatting done
step1 0x500002771d00
step1 0x500002771d00
slave pre done
now n is 103478
processed 103478
[M::mem_process_seqs_merge2] Processed 103478 reads in 4.050 CPU sec, 9.640 real sec
step2 put 0x50000201d8e0
step2 get 0x50000201d930
[M::process] read chunk (19660800 bytes/CG x 1 CGs, 4914920 bytes)...
step3 0x50000201d8e0
[M::mem_process_seqs_merge2] CPE FASTQ formatting done
step1 0x500002771d00
slave pre done
now n is 103478
processed 103478
[M::mem_process_seqs_merge2] Processed 103478 reads in 4.010 CPU sec, 9.570 real sec
step2 put 0x50000201d8e0
step2 get 0x50000201d930
[M::process] read chunk (19660800 bytes/CG x 1 CGs, 4915300 bytes)...
step3 0x50000201d8e0
[M::mem_process_seqs_merge2] CPE FASTQ formatting done
step1 0x500002771d00
slave pre done
now n is 103478
processed 103478
[M::mem_process_seqs_merge2] Processed 103478 reads in 3.830 CPU sec, 9.820 real sec
step2 put 0x500002771d00
step2 get 0x50000201d8e0
step3 0x500002771d00
[M::process] read chunk (19660800 bytes/CG x 1 CGs, 4915300 bytes)...
[M::mem_process_seqs_merge2] CPE FASTQ formatting done
step1 0x50000201d930
slave pre done
now n is 103478
processed 103478
[M::mem_process_seqs_merge2] Processed 103478 reads in 3.170 CPU sec, 8.968 real sec
step2 put 0x50000201d930
step2 get 0x500002771d00
[M::process] read chunk (19660800 bytes/CG x 1 CGs, 4915300 bytes)...
step3 0x50000201d930
slave pre done
now n is 103478
[M::mem_process_seqs_merge2] CPE FASTQ formatting done
processed 103478
[M::mem_process_seqs_merge2] Processed 103478 reads in 3.440 CPU sec, 8.810 real sec
step2 put 0x50000201d930
step2 get 0x500002771d00
[M::process] read chunk (19660800 bytes/CG x 1 CGs, 4915300 bytes)...
step3 0x50000201d930
[M::mem_process_seqs_merge2] CPE FASTQ formatting done
step1 0x50000201d8e0
slave pre done
now n is 103478
processed 103478
[M::mem_process_seqs_merge2] Processed 103478 reads in 3.440 CPU sec, 8.870 real sec
step2 put 0x50000201d930
step2 get 0x500002771d00
[M::process] read chunk (19660800 bytes/CG x 1 CGs, 4914920 bytes)...
step3 0x50000201d930
[M::mem_process_seqs_merge2] CPE FASTQ formatting done
step1 0x50000201d8e0
step1 0x50000201d8e0
slave pre done
now n is 103478
processed 103478
[M::mem_process_seqs_merge2] Processed 103478 reads in 3.840 CPU sec, 8.770 real sec
step2 put 0x50000201d930
step2 get 0x500002771d00
step3 0x50000201d930
[M::process] read chunk (19660800 bytes/CG x 1 CGs, 4915300 bytes)...
[M::mem_process_seqs_merge2] CPE FASTQ formatting done
step1 0x50000201d8e0
slave pre done
now n is 103478
processed 103478
[M::mem_process_seqs_merge2] Processed 103478 reads in 3.490 CPU sec, 8.120 real sec
step2 put 0x50000201d930
step2 get 0x500002771d00
[M::process] read chunk (19660800 bytes/CG x 1 CGs, 4915300 bytes)...
step3 0x50000201d930
[M::mem_process_seqs_merge2] CPE FASTQ formatting done
slave pre done
now n is 25870
processed 25870
[M::mem_process_seqs_merge2] Processed 25870 reads in 0.970 CPU sec, 2.401 real sec
step2 put 0x500002771d00
step2 get 0x50000201d8e0
[M::process] read chunk (19660800 bytes/CG x 1 CGs, 4915300 bytes)...
step3 0x500002771d00
step1 0x50000201d8e0
[M::mem_process_seqs_merge2] CPE FASTQ formatting done
slave pre done
now n is 103476
processed 103476
[M::mem_process_seqs_merge2] Processed 103476 reads in 3.500 CPU sec, 7.911 real sec
step2 put 0x50000201d8e0
step2 get 0x50000201d930
[M::process] read chunk (19660800 bytes/CG x 1 CGs, 4914920 bytes)...
step3 0x50000201d8e0
[M::mem_process_seqs_merge2] CPE FASTQ formatting done
slave pre done
now n is 25870
processed 25870
[M::mem_process_seqs_merge2] Processed 25870 reads in 1.020 CPU sec, 2.540 real sec
step2 put 0x500002771d00
step2 get 0x50000201d8e0
slave pre done
now n is 25870
[M::process] read chunk (19660800 bytes/CG x 1 CGs, 4914920 bytes)...
processed 25870
[M::mem_process_seqs_merge2] Processed 25870 reads in 1.010 CPU sec, 2.178 real sec
step2 put 0x500002771d00
step2 get 0x50000201d8e0
step3 0x500002771d00
[M::mem_process_seqs_merge2] CPE FASTQ formatting done
step3 0x500002771d00
[M::process] read chunk (19660800 bytes/CG x 1 CGs, 4915300 bytes)...
[M::mem_process_seqs_merge2] CPE FASTQ formatting done
step1 0x50000201d930
slave pre done
now n is 25868
processed 25868
[M::mem_process_seqs_merge2] Processed 25868 reads in 1.150 CPU sec, 2.250 real sec
step2 put 0x500002771d00
step2 get 0x50000201d8e0
[M::process] read chunk (19660800 bytes/CG x 1 CGs, 4914920 bytes)...
step3 0x500002771d00
[M::mem_process_seqs_merge2] CPE FASTQ formatting done
step1 0x50000201d930
step1 0x500002771d00
step1 0x50000201d930
step1 0x50000201d930
slave pre done
now n is 25870
processed 25870
[M::mem_process_seqs_merge2] Processed 25870 reads in 1.020 CPU sec, 2.780 real sec
step2 put 0x500002771d00
step2 get 0x50000201d8e0
[M::process] read chunk (19660800 bytes/CG x 1 CGs, 4915300 bytes)...
step3 0x500002771d00
[M::mem_process_seqs_merge2] CPE FASTQ formatting done
step1 0x50000201d930
slave pre done
now n is 25870
processed 25870
[M::mem_process_seqs_merge2] Processed 25870 reads in 0.840 CPU sec, 2.989 real sec
step2 put 0x50000201d8e0
step2 get 0x50000201d930
[M::process] read chunk (19660800 bytes/CG x 1 CGs, 4915300 bytes)...
[M::mem_process_seqs_merge2] CPE FASTQ formatting done
slave pre done
now n is 25870
processed 25870
[M::mem_process_seqs_merge2] Processed 25870 reads in 1.200 CPU sec, 2.999 real sec
step2 put 0x50000201d930
step2 get 0x500002771d00
[M::process] read chunk (19660800 bytes/CG x 1 CGs, 4915300 bytes)...
[M::mem_process_seqs_merge2] CPE FASTQ formatting done
slave pre done
now n is 25870
processed 25870
[M::mem_process_seqs_merge2] Processed 25870 reads in 0.960 CPU sec, 2.970 real sec
step2 put 0x50000201d8e0
step2 get 0x50000201d930
[M::process] read chunk (19660800 bytes/CG x 1 CGs, 4915300 bytes)...
[M::mem_process_seqs_merge2] CPE FASTQ formatting done
slave pre done
now n is 25868
processed 25868
[M::mem_process_seqs_merge2] Processed 25868 reads in 0.860 CPU sec, 3.041 real sec
step2 put 0x50000201d8e0
step2 get 0x50000201d930
[M::process] read chunk (19660800 bytes/CG x 1 CGs, 4915300 bytes)...
[M::mem_process_seqs_merge2] CPE FASTQ formatting done
slave pre done
now n is 25870
processed 25870
[M::mem_process_seqs_merge2] Processed 25870 reads in 1.170 CPU sec, 2.880 real sec
step2 put 0x50000201d8e0
step2 get 0x50000201d930
[M::process] read chunk (19660800 bytes/CG x 1 CGs, 4915300 bytes)...
[M::mem_process_seqs_merge2] CPE FASTQ formatting done
step1 0x500002771d50
step1 0x500002771d50
step1 0x500002771d50
step1 0x500002771d50
step1 0x500002771d50
slave pre done
now n is 25870
processed 25870
[M::mem_process_seqs_merge2] Processed 25870 reads in 1.030 CPU sec, 2.823 real sec
step2 put 0x50000201d8e0
step2 get 0x50000201d930
[M::process] read chunk (19660800 bytes/CG x 1 CGs, 4914920 bytes)...
[M::mem_process_seqs_merge2] CPE FASTQ formatting done
step1 0x500002771d50
step3 0x50000201d8e0
step3 0x50000201d8e0
step3 0x50000201d930
step3 0x50000201d8e0
slave pre done
now n is 25870
processed 25870
[M::mem_process_seqs_merge2] Processed 25870 reads in 0.990 CPU sec, 2.739 real sec
step2 put 0x50000201d930
step2 get 0x500002771d50
[M::process] read chunk (19660800 bytes/CG x 1 CGs, 4915300 bytes)...
step3 0x50000201d930
[M::mem_process_seqs_merge2] CPE FASTQ formatting done
slave pre done
now n is 25868
processed 25868
[M::mem_process_seqs_merge2] Processed 25868 reads in 1.160 CPU sec, 2.950 real sec
step2 put 0x500002771d00
step2 get 0x500002771d50
[M::process] read chunk (19660800 bytes/CG x 1 CGs, 4915300 bytes)...
step3 0x500002771d00
[M::mem_process_seqs_merge2] CPE FASTQ formatting done
step3 0x50000201d8e0
slave pre done
now n is 25868
processed 25868
[M::mem_process_seqs_merge2] Processed 25868 reads in 1.160 CPU sec, 3.028 real sec
step2 put 0x50000201d930
step2 get 0x500002771d50
step3 0x50000201d930
[M::process] read chunk (19660800 bytes/CG x 1 CGs, 4914920 bytes)...
[M::mem_process_seqs_merge2] CPE FASTQ formatting done
slave pre done
now n is 25870
processed 25870
[M::mem_process_seqs_merge2] Processed 25870 reads in 1.010 CPU sec, 3.280 real sec
step2 put 0x50000201d930
step2 get 0x500002771d50
step3 0x50000201d930
[M::process] read chunk (19660800 bytes/CG x 1 CGs, 4914920 bytes)...
step1 0x50000201d930
[M::mem_process_seqs_merge2] CPE FASTQ formatting done
slave pre done
now n is 25868
processed 25868
[M::mem_process_seqs_merge2] Processed 25868 reads in 1.170 CPU sec, 2.653 real sec
step2 put 0x50000201d930
step2 get 0x500002771d50
step3 0x50000201d930
[M::process] read chunk (19660800 bytes/CG x 1 CGs, 4915300 bytes)...
[M::mem_process_seqs_merge2] CPE FASTQ formatting done
step1 0x50000201d8e0
step1 0x50000201d8e0
step1 0x50000201d8e0
step1 0x50000201d8e0
step3 0x50000201d8e0
slave pre done
now n is 25870
processed 25870
[M::mem_process_seqs_merge2] Processed 25870 reads in 1.070 CPU sec, 2.285 real sec
step2 put 0x50000201d930
step2 get 0x500002771d50
[M::process] read chunk (19660800 bytes/CG x 1 CGs, 4915300 bytes)...
step3 0x50000201d930
[M::mem_process_seqs_merge2] CPE FASTQ formatting done
step1 0x50000201d8e0
slave pre done
now n is 25870
processed 25870
[M::mem_process_seqs_merge2] Processed 25870 reads in 0.900 CPU sec, 2.001 real sec
step2 put 0x500002771d50
step2 get 0x50000201d930
[M::process] read chunk (19660800 bytes/CG x 1 CGs, 4915300 bytes)...
step3 0x500002771d50
[M::mem_process_seqs_merge2] CPE FASTQ formatting done
step1 0x500002771d00
slave pre done
now n is 25870
slave pre done
now n is 25870
processed 25870
[M::mem_process_seqs_merge2] Processed 25870 reads in 0.910 CPU sec, 2.231 real sec
step2 put 0x500002771d50
processed 25870
[M::mem_process_seqs_merge2] Processed 25870 reads in 0.840 CPU sec, 2.028 real sec
step2 put 0x500002771d50
step2 get 0x50000201d8e0
step2 get 0x50000201d8e0
step3 0x500002771d50
[M::process] read chunk (19660800 bytes/CG x 1 CGs, 4915300 bytes)...
step3 0x500002771d50
[M::process] read chunk (19660800 bytes/CG x 1 CGs, 4915300 bytes)...
[M::mem_process_seqs_merge2] CPE FASTQ formatting done
[M::mem_process_seqs_merge2] CPE FASTQ formatting done
slave pre done
now n is 25870
processed 25870
[M::mem_process_seqs_merge2] Processed 25870 reads in 0.740 CPU sec, 2.140 real sec
step2 put 0x500002771d50
step2 get 0x50000201d8e0
step3 0x500002771d50
[M::process] read chunk (19660800 bytes/CG x 1 CGs, 4915300 bytes)...
slave pre done
now n is 25870
processed 25870
[M::mem_process_seqs_merge2] Processed 25870 reads in 0.850 CPU sec, 2.077 real sec
step2 put 0x500002771d50
step2 get 0x50000201d8e0
[M::mem_process_seqs_merge2] CPE FASTQ formatting done
step3 0x500002771d50
[M::process] read chunk (19660800 bytes/CG x 1 CGs, 4915300 bytes)...
[M::mem_process_seqs_merge2] CPE FASTQ formatting done
step1 0x50000201d930
step1 0x50000201d930
step1 0x50000201d930
step1 0x50000201d930
slave pre done
now n is 25868
processed 25868
[M::mem_process_seqs_merge2] Processed 25868 reads in 0.790 CPU sec, 1.961 real sec
step2 put 0x500002771d50
step2 get 0x50000201d8e0
[M::process] read chunk (19660800 bytes/CG x 1 CGs, 4914920 bytes)...
step3 0x500002771d50
[M::mem_process_seqs_merge2] CPE FASTQ formatting done
step1 0x50000201d930
slave pre done
now n is 25868
processed 25868
[M::mem_process_seqs_merge2] Processed 25868 reads in 0.820 CPU sec, 2.010 real sec
step2 put 0x50000201d8e0
step2 get 0x50000201d930
step3 0x50000201d8e0
[M::process] read chunk (19660800 bytes/CG x 1 CGs, 4915300 bytes)...
[M::mem_process_seqs_merge2] CPE FASTQ formatting done
slave pre done
now n is 25870
processed 25870
[M::mem_process_seqs_merge2] Processed 25870 reads in 0.900 CPU sec, 1.890 real sec
step2 put 0x50000201d8e0
step2 get 0x50000201d930
slave pre done
now n is 25870
[M::process] read chunk (19660800 bytes/CG x 1 CGs, 4915300 bytes)...
processed 25870
[M::mem_process_seqs_merge2] Processed 25870 reads in 0.850 CPU sec, 2.118 real sec
step2 put 0x50000201d8e0
step2 get 0x50000201d930
step3 0x50000201d8e0
[M::mem_process_seqs_merge2] CPE FASTQ formatting done
[M::process] read chunk (19660800 bytes/CG x 1 CGs, 4914920 bytes)...
step3 0x50000201d8e0
[M::mem_process_seqs_merge2] CPE FASTQ formatting done
slave pre done
now n is 25870
processed 25870
[M::mem_process_seqs_merge2] Processed 25870 reads in 0.950 CPU sec, 2.368 real sec
step2 put 0x50000201d930
step2 get 0x500002771d00
[M::process] read chunk (19660800 bytes/CG x 1 CGs, 4915300 bytes)...
step3 0x50000201d930
[M::mem_process_seqs_merge2] CPE FASTQ formatting done
step1 0x500002771d50
slave pre done
now n is 25868
processed 25868
[M::mem_process_seqs_merge2] Processed 25868 reads in 0.830 CPU sec, 2.190 real sec
step2 put 0x50000201d8e0
step2 get 0x50000201d930
step3 0x50000201d8e0
[M::process] read chunk (19660800 bytes/CG x 1 CGs, 4915300 bytes)...
[M::mem_process_seqs_merge2] CPE FASTQ formatting done
step1 0x500002771d50
step1 0x500002771d50
step1 0x500002771d50
step1 0x500002771d50
slave pre done
now n is 25870
processed 25870
[M::mem_process_seqs_merge2] Processed 25870 reads in 0.770 CPU sec, 1.929 real sec
step2 put 0x50000201d8e0
step2 get 0x50000201d930
[M::process] read chunk (19660800 bytes/CG x 1 CGs, 4915300 bytes)...
step3 0x50000201d8e0
[M::mem_process_seqs_merge2] CPE FASTQ formatting done
step1 0x500002771d50
slave pre done
now n is 25870
processed 25870
[M::mem_process_seqs_merge2] Processed 25870 reads in 0.770 CPU sec, 2.011 real sec
step2 put 0x50000201d930
step2 get 0x500002771d50
step3 0x50000201d930
[M::process] read chunk (19660800 bytes/CG x 1 CGs, 4915300 bytes)...
[M::mem_process_seqs_merge2] CPE FASTQ formatting done
slave pre done
now n is 25870
processed 25870
[M::mem_process_seqs_merge2] Processed 25870 reads in 0.860 CPU sec, 1.990 real sec
step2 put 0x50000201d930
step2 get 0x500002771d50
step3 0x50000201d930
[M::process] read chunk (19660800 bytes/CG x 1 CGs, 4914920 bytes)...
[M::mem_process_seqs_merge2] CPE FASTQ formatting done
step1 0x50000201d8e0
step1 0x50000201d8e0
slave pre done
now n is 25870
processed 25870
[M::mem_process_seqs_merge2] Processed 25870 reads in 0.980 CPU sec, 2.170 real sec
step2 put 0x500002771d00
step2 get 0x500002771d50
step3 0x500002771d00
[M::process] read chunk (19660800 bytes/CG x 1 CGs, 4914920 bytes)...
[M::mem_process_seqs_merge2] CPE FASTQ formatting done
step1 0x50000201d930
slave pre done
now n is 25870
processed 25870
[M::mem_process_seqs_merge2] Processed 25870 reads in 0.940 CPU sec, 2.351 real sec
step2 put 0x50000201d930
step2 get 0x500002771d50
step3 0x50000201d930
[M::process] read chunk (19660800 bytes/CG x 1 CGs, 4915300 bytes)...
[M::mem_process_seqs_merge2] CPE FASTQ formatting done
slave pre done
now n is 25870
processed 25870
[M::mem_process_seqs_merge2] Processed 25870 reads in 0.690 CPU sec, 2.141 real sec
step2 put 0x50000201d930
step2 get 0x500002771d50
step3 0x50000201d930
[M::process] read chunk (19660800 bytes/CG x 1 CGs, 4915300 bytes)...
[M::mem_process_seqs_merge2] CPE FASTQ formatting done
step1 0x50000201d8e0
step1 0x50000201d8e0
slave pre done
now n is 25868
processed 25868
[M::mem_process_seqs_merge2] Processed 25868 reads in 0.920 CPU sec, 2.160 real sec
step2 put 0x50000201d930
step2 get 0x500002771d50
step3 0x50000201d930
[M::process] read chunk (19660800 bytes/CG x 1 CGs, 4915300 bytes)...
[M::mem_process_seqs_merge2] CPE FASTQ formatting done
step1 0x50000201d8e0
slave pre done
now n is 25870
processed 25870
[M::mem_process_seqs_merge2] Processed 25870 reads in 0.870 CPU sec, 2.208 real sec
step2 put 0x500002771d50
step2 get 0x50000201d8e0
step3 0x500002771d50
[M::process] read chunk (19660800 bytes/CG x 1 CGs, 4915300 bytes)...
[M::mem_process_seqs_merge2] CPE FASTQ formatting done
step1 0x50000201d930
slave pre done
now n is 25870
processed 25870
[M::mem_process_seqs_merge2] Processed 25870 reads in 1.090 CPU sec, 2.481 real sec
step2 put 0x500002771d50
step2 get 0x50000201d8e0
step3 0x500002771d50
[M::process] read chunk (19660800 bytes/CG x 1 CGs, 4915300 bytes)...
[M::mem_process_seqs_merge2] CPE FASTQ formatting done
slave pre done
now n is 25868
processed 25868
[M::mem_process_seqs_merge2] Processed 25868 reads in 0.760 CPU sec, 2.148 real sec
step2 put 0x500002771d50
step2 get 0x50000201d8e0
step3 0x500002771d50
[M::process] read chunk (19660800 bytes/CG x 1 CGs, 4914920 bytes)...
[M::mem_process_seqs_merge2] CPE FASTQ formatting done
slave pre done
now n is 25870
processed 25870
[M::mem_process_seqs_merge2] Processed 25870 reads in 1.150 CPU sec, 2.480 real sec
step2 put 0x500002771d50
step2 get 0x50000201d930
[M::process] read chunk (19660800 bytes/CG x 1 CGs, 4915300 bytes)...
step3 0x500002771d50
[M::mem_process_seqs_merge2] CPE FASTQ formatting done
step1 0x500002771d00
step1 0x50000201d930
slave pre done
now n is 25870
processed 25870
[M::mem_process_seqs_merge2] Processed 25870 reads in 0.760 CPU sec, 2.778 real sec
step2 put 0x500002771d50
step2 get 0x50000201d8e0
step3 0x500002771d50
[M::process] read chunk (19660800 bytes/CG x 1 CGs, 4915300 bytes)...
[M::mem_process_seqs_merge2] CPE FASTQ formatting done
step1 0x50000201d930
step1 0x50000201d930
slave pre done
now n is 25870
processed 25870
[M::mem_process_seqs_merge2] Processed 25870 reads in 0.940 CPU sec, 2.360 real sec
step2 put 0x500002771d50
step2 get 0x50000201d8e0
[M::process] read chunk (19660800 bytes/CG x 1 CGs, 4915300 bytes)...
step3 0x500002771d50
[M::mem_process_seqs_merge2] CPE FASTQ formatting done
step1 0x50000201d930
slave pre done
now n is 25870
processed 25870
[M::mem_process_seqs_merge2] Processed 25870 reads in 1.100 CPU sec, 2.860 real sec
step2 put 0x50000201d8e0
step2 get 0x50000201d930
[M::process] read chunk (19660800 bytes/CG x 1 CGs, 4914920 bytes)...
[M::mem_process_seqs_merge2] CPE FASTQ formatting done
slave pre done
now n is 25870
processed 25870
[M::mem_process_seqs_merge2] Processed 25870 reads in 1.030 CPU sec, 2.649 real sec
step2 put 0x50000201d8e0
step2 get 0x50000201d930
[M::process] read chunk (19660800 bytes/CG x 1 CGs, 4915300 bytes)...
[M::mem_process_seqs_merge2] CPE FASTQ formatting done
slave pre done
now n is 25868
processed 25868
[M::mem_process_seqs_merge2] Processed 25868 reads in 1.090 CPU sec, 2.930 real sec
step2 put 0x50000201d8e0
step2 get 0x50000201d930
[M::process] read chunk (19660800 bytes/CG x 1 CGs, 4915300 bytes)...
[M::mem_process_seqs_merge2] CPE FASTQ formatting done
slave pre done
now n is 25868
processed 25868
[M::mem_process_seqs_merge2] Processed 25868 reads in 1.050 CPU sec, 2.950 real sec
step2 put 0x50000201d930
step2 get 0x500002771d00
step3 0x50000201d930
[M::process] read chunk (19660800 bytes/CG x 1 CGs, 4914920 bytes)...
[M::mem_process_seqs_merge2] CPE FASTQ formatting done
step1 0x500002771d00
slave pre done
now n is 25870
processed 25870
[M::mem_process_seqs_merge2] Processed 25870 reads in 0.990 CPU sec, 2.730 real sec
step2 put 0x50000201d8e0
step2 get 0x50000201d930
[M::process] read chunk (19660800 bytes/CG x 1 CGs, 4914920 bytes)...
[M::mem_process_seqs_merge2] CPE FASTQ formatting done
step1 0x500002771d00
step1 0x500002771d50
step1 0x500002771d00
step1 0x500002771d00
step3 0x50000201d8e0
slave pre done
now n is 25870
processed 25870
[M::mem_process_seqs_merge2] Processed 25870 reads in 1.110 CPU sec, 2.981 real sec
step2 put 0x50000201d8e0
step2 get 0x50000201d930
[M::process] read chunk (19660800 bytes/CG x 1 CGs, 4915300 bytes)...
[M::mem_process_seqs_merge2] CPE FASTQ formatting done
step1 0x500002771d00
step3 0x50000201d8e0
step3 0x50000201d8e0
slave pre done
now n is 25870
processed 25870
[M::mem_process_seqs_merge2] Processed 25870 reads in 0.920 CPU sec, 2.650 real sec
step2 put 0x50000201d930
step2 get 0x500002771d00
[M::process] read chunk (19660800 bytes/CG x 1 CGs, 4915300 bytes)...
step3 0x50000201d930
[M::mem_process_seqs_merge2] CPE FASTQ formatting done
step3 0x50000201d8e0
slave pre done
now n is 25868
processed 25868
[M::mem_process_seqs_merge2] Processed 25868 reads in 0.940 CPU sec, 2.690 real sec
step2 put 0x50000201d930
step2 get 0x500002771d00
[M::process] read chunk (19660800 bytes/CG x 1 CGs, 4915300 bytes)...
step3 0x50000201d930
[M::mem_process_seqs_merge2] CPE FASTQ formatting done
slave pre done
now n is 25870
processed 25870
[M::mem_process_seqs_merge2] Processed 25870 reads in 1.150 CPU sec, 2.650 real sec
step2 put 0x50000201d930
step2 get 0x500002771d00
[M::process] read chunk (19660800 bytes/CG x 1 CGs, 4915300 bytes)...
step3 0x50000201d930
[M::mem_process_seqs_merge2] CPE FASTQ formatting done
step1 0x50000201d8e0
step3 0x50000201d8e0
step1 0x50000201d8e0
step1 0x50000201d8e0
slave pre done
now n is 25870
processed 25870
[M::mem_process_seqs_merge2] Processed 25870 reads in 1.030 CPU sec, 2.890 real sec
step2 put 0x500002771d00
step2 get 0x500002771d50
[M::process] read chunk (19660800 bytes/CG x 1 CGs, 4915300 bytes)...
step3 0x500002771d00
[M::mem_process_seqs_merge2] CPE FASTQ formatting done
slave pre done
now n is 25870
processed 25870
[M::mem_process_seqs_merge2] Processed 25870 reads in 0.930 CPU sec, 2.720 real sec
step2 put 0x50000201d930
step2 get 0x500002771d00
[M::process] read chunk (19660800 bytes/CG x 1 CGs, 4915300 bytes)...
step3 0x50000201d930
[M::mem_process_seqs_merge2] CPE FASTQ formatting done
step1 0x50000201d930
step1 0x50000201d8e0
slave pre done
now n is 25870
processed 25870
[M::mem_process_seqs_merge2] Processed 25870 reads in 1.030 CPU sec, 2.599 real sec
step2 put 0x50000201d930
step2 get 0x500002771d00
step3 0x50000201d930
[M::process] read chunk (19660800 bytes/CG x 1 CGs, 4914920 bytes)...
[M::mem_process_seqs_merge2] CPE FASTQ formatting done
step1 0x50000201d8e0
slave pre done
now n is 25868
processed 25868
[M::mem_process_seqs_merge2] Processed 25868 reads in 0.960 CPU sec, 2.111 real sec
step2 put 0x500002771d00
step2 get 0x50000201d8e0
step3 0x500002771d00
[M::process] read chunk (19660800 bytes/CG x 1 CGs, 4914920 bytes)...
[M::mem_process_seqs_merge2] CPE FASTQ formatting done
step1 0x50000201d930
slave pre done
now n is 25870
processed 25870
[M::mem_process_seqs_merge2] Processed 25870 reads in 0.910 CPU sec, 2.379 real sec
step2 put 0x500002771d00
step2 get 0x50000201d8e0
step3 0x500002771d00
[M::process] read chunk (19660800 bytes/CG x 1 CGs, 4915300 bytes)...
[M::mem_process_seqs_merge2] CPE FASTQ formatting done
slave pre done
now n is 25870
processed 25870
[M::mem_process_seqs_merge2] Processed 25870 reads in 0.910 CPU sec, 2.240 real sec
step2 put 0x500002771d00
step2 get 0x50000201d8e0
step3 0x500002771d00
[M::process] read chunk (19660800 bytes/CG x 1 CGs, 4915300 bytes)...
[M::mem_process_seqs_merge2] CPE FASTQ formatting done
step1 0x50000201d930
slave pre done
now n is 25868
processed 25868
[M::mem_process_seqs_merge2] Processed 25868 reads in 0.840 CPU sec, 1.990 real sec
step2 put 0x500002771d50
step2 get 0x50000201d930
slave pre done
now n is 25868
[M::process] read chunk (19660800 bytes/CG x 1 CGs, 4915300 bytes)...
step3 0x500002771d50
[M::mem_process_seqs_merge2] CPE FASTQ formatting done
processed 25868
[M::mem_process_seqs_merge2] Processed 25868 reads in 0.680 CPU sec, 1.951 real sec
step2 put 0x500002771d00
step2 get 0x50000201d8e0
step3 0x500002771d00
[M::process] read chunk (19660800 bytes/CG x 1 CGs, 4914920 bytes)...
[M::mem_process_seqs_merge2] CPE FASTQ formatting done
step1 0x500002771d00
step1 0x50000201d930
step1 0x50000201d930
slave pre done
now n is 25870
processed 25870
[M::mem_process_seqs_merge2] Processed 25870 reads in 0.700 CPU sec, 2.230 real sec
step2 put 0x500002771d00
step2 get 0x50000201d8e0
[M::process] read chunk (19660800 bytes/CG x 1 CGs, 4915300 bytes)...
step3 0x500002771d00
step1 0x50000201d930
[M::mem_process_seqs_merge2] CPE FASTQ formatting done
slave pre done
now n is 25870
processed 25870
[M::mem_process_seqs_merge2] Processed 25870 reads in 0.870 CPU sec, 2.028 real sec
step2 put 0x50000201d8e0
step2 get 0x50000201d930
step3 0x50000201d8e0
[M::process] read chunk (19660800 bytes/CG x 1 CGs, 4915300 bytes)...
[M::mem_process_seqs_merge2] CPE FASTQ formatting done
step1 0x500002771d00
slave pre done
now n is 25870
slave pre done
now n is 25870
processed 25870
[M::mem_process_seqs_merge2] Processed 25870 reads in 0.820 CPU sec, 2.179 real sec
step2 put 0x50000201d8e0
step2 get 0x50000201d930
processed 25870
[M::mem_process_seqs_merge2] Processed 25870 reads in 0.900 CPU sec, 2.130 real sec
step2 put 0x50000201d8e0
step2 get 0x50000201d930
[M::process] read chunk (19660800 bytes/CG x 1 CGs, 4914920 bytes)...
[M::process] read chunk (19660800 bytes/CG x 1 CGs, 4915300 bytes)...
step3 0x50000201d8e0
step3 0x50000201d8e0
[M::mem_process_seqs_merge2] CPE FASTQ formatting done
[M::mem_process_seqs_merge2] CPE FASTQ formatting done
step1 0x500002771d00
step1 0x500002771d00
slave pre done
now n is 25870
processed 25870
[M::mem_process_seqs_merge2] Processed 25870 reads in 0.840 CPU sec, 2.218 real sec
step2 put 0x50000201d8e0
step2 get 0x50000201d930
step3 0x50000201d8e0
[M::process] read chunk (19660800 bytes/CG x 1 CGs, 4915300 bytes)...
[M::mem_process_seqs_merge2] CPE FASTQ formatting done
step1 0x500002771d00
slave pre done
now n is 25870
processed 25870
[M::mem_process_seqs_merge2] Processed 25870 reads in 0.810 CPU sec, 2.420 real sec
step2 put 0x50000201d930
step2 get 0x500002771d00
step3 0x50000201d930
[M::process] read chunk (19660800 bytes/CG x 1 CGs, 4915300 bytes)...
[M::mem_process_seqs_merge2] CPE FASTQ formatting done
step1 0x500002771d50
slave pre done
now n is 25868
processed 25868
[M::mem_process_seqs_merge2] Processed 25868 reads in 0.770 CPU sec, 1.970 real sec
step2 put 0x50000201d8e0
step2 get 0x50000201d930
step3 0x50000201d8e0
[M::process] read chunk (19660800 bytes/CG x 1 CGs, 4915300 bytes)...
[M::mem_process_seqs_merge2] CPE FASTQ formatting done
step1 0x500002771d00
slave pre done
now n is 25868
processed 25868
[M::mem_process_seqs_merge2] Processed 25868 reads in 0.850 CPU sec, 2.241 real sec
step2 put 0x50000201d930
step2 get 0x500002771d00
step3 0x50000201d930
[M::process] read chunk (19660800 bytes/CG x 1 CGs, 4915300 bytes)...
[M::mem_process_seqs_merge2] CPE FASTQ formatting done
step1 0x50000201d8e0
slave pre done
now n is 25870
processed 25870
[M::mem_process_seqs_merge2] Processed 25870 reads in 0.850 CPU sec, 1.969 real sec
step2 put 0x50000201d930
step2 get 0x500002771d00
step3 0x50000201d930
[M::mem_process_seqs_merge2] CPE FASTQ formatting done
[M::process] read chunk (19660800 bytes/CG x 1 CGs, 4914920 bytes)...
step1 0x50000201d8e0
slave pre done
now n is 25870
processed 25870
[M::mem_process_seqs_merge2] Processed 25870 reads in 0.920 CPU sec, 2.180 real sec
step2 put 0x50000201d930
step2 get 0x500002771d00
step3 0x50000201d930
[M::process] read chunk (19660800 bytes/CG x 1 CGs, 1021064 bytes)...
[M::mem_process_seqs_merge2] CPE FASTQ formatting done
step1 0x50000201d8e0
slave pre done
now n is 25868
processed 25868
[M::mem_process_seqs_merge2] Processed 25868 reads in 0.820 CPU sec, 1.998 real sec
step2 put 0x50000201d930
step2 get 0x500002771d00
step3 0x50000201d930
[M::process] read chunk (19660800 bytes/CG x 1 CGs, 4915300 bytes)...
[M::mem_process_seqs_merge2] CPE FASTQ formatting done
step1 0x50000201d8e0
slave pre done
now n is 25870
processed 25870
[M::mem_process_seqs_merge2] Processed 25870 reads in 0.800 CPU sec, 2.000 real sec
step2 put 0x500002771d00
step2 get 0x500002771d50
step3 0x500002771d00
[M::mem_process_seqs_merge2] CPE FASTQ formatting done
slave pre done
now n is 25870
processed 25870
[M::mem_process_seqs_merge2] Processed 25870 reads in 0.860 CPU sec, 2.070 real sec
step2 put 0x50000201d930
step2 get 0x500002771d00
step3 0x50000201d930
[M::mem_process_seqs_merge2] CPE FASTQ formatting done
slave pre done
now n is 25870
processed 25870
[M::mem_process_seqs_merge2] Processed 25870 reads in 0.900 CPU sec, 2.108 real sec
step2 put 0x500002771d00
step2 get 0x50000201d8e0
step3 0x500002771d00
[M::mem_process_seqs_merge2] CPE FASTQ formatting done
slave pre done
now n is 25870
processed 25870
[M::mem_process_seqs_merge2] Processed 25870 reads in 0.960 CPU sec, 2.328 real sec
step2 put 0x500002771d00
step2 get 0x50000201d8e0
step3 0x500002771d00
[M::mem_process_seqs_merge2] CPE FASTQ formatting done
slave pre done
now n is 25868
processed 25868
[M::mem_process_seqs_merge2] Processed 25868 reads in 1.040 CPU sec, 2.200 real sec
step2 put 0x500002771d00
step2 get 0x50000201d8e0
step3 0x500002771d00
[M::mem_process_seqs_merge2] CPE FASTQ formatting done
slave pre done
now n is 25870
processed 25870
[M::mem_process_seqs_merge2] Processed 25870 reads in 0.730 CPU sec, 2.259 real sec
step2 put 0x500002771d00
step2 get 0x50000201d8e0
slave pre done
now n is 25870
processed 25870
[M::mem_process_seqs_merge2] Processed 25870 reads in 1.310 CPU sec, 2.111 real sec
step2 put 0x500002771d50
step3 0x500002771d00
step3 0x500002771d50
[M::mem_process_seqs_merge2] CPE FASTQ formatting done
[MPI rank 000005/000006] input work: chunks=40 records=1605559 bytes=609484944
slave pre done
now n is 25870
processed 25870
[M::mem_process_seqs_merge2] Processed 25870 reads in 0.840 CPU sec, 2.060 real sec
step2 put 0x500002771d00
step3 0x500002771d00
slave pre done
now n is 5374
processed 5374
[M::mem_process_seqs_merge2] Processed 5374 reads in 0.380 CPU sec, 1.200 real sec
step2 put 0x50000201d8e0
step3 0x50000201d8e0
slave pre done
now n is 25870
processed 25870
[M::mem_process_seqs_merge2] Processed 25870 reads in 0.830 CPU sec, 2.058 real sec
step2 put 0x50000201d8e0
step3 0x50000201d8e0
slave pre done
now n is 25868
processed 25868
[M::mem_process_seqs_merge2] Processed 25868 reads in 1.000 CPU sec, 2.548 real sec
step2 put 0x50000201d8e0
step3 0x50000201d8e0
slave pre done
now n is 25870
processed 25870
[M::mem_process_seqs_merge2] Processed 25870 reads in 0.990 CPU sec, 2.238 real sec
step2 put 0x50000201d8e0
step3 0x50000201d8e0
[MPI rank 000000/000006] input work: chunks=43 records=1684400 bytes=638976332
[MPI rank 000002/000006] input work: chunks=42 records=1670234 bytes=634061444
[MPI rank 000001/000006] input work: chunks=43 records=1673475 bytes=635081648
[MPI rank 000004/000006] input work: chunks=43 records=1683166 bytes=638975608

================ MPI Dynamic Scheduler Debug =================
  MPI rank: 000000 / 000006

  Work summary
    claimed chunks                                         43
    claimed from this rank's queue                         43
    claimed from another rank's queue                       0
    completed FASTQ records                           1684400
    claimed input bytes                             638976332

  Scheduler counters
    scheduler_next calls                                   44
    RMA ticket attempts                                    49
    attempts against another rank's queue                   5
    tickets beyond the final chunk                          6
    empty aligned chunks                                    0

  Scheduler timing
    MPI_Win_create (setup)                       0.000444 s  (1 calls,   444.404 us/call)
    MPI_Barrier after setup                      0.000010 s  (1 calls,    10.500 us/call)
    scheduler_next total                         0.127964 s  (44 calls,  2908.268 us/call)
      RMA ticket path total                        0.127793 s  (49 calls,  2608.012 us/call)
        MPI_Win_lock                                 0.000354 s  (49 calls,     7.217 us/call)
        MPI_Fetch_and_op                             0.000398 s  (49 calls,     8.125 us/call)
        MPI_Win_unlock                               0.126970 s  (49 calls,  2591.217 us/call)
        RMA call overhead (derived)                  0.000071 s  (49 calls,     1.453 us/call)
      align nominal offsets to FASTQ records       0.000049 s  (43 calls,     1.147 us/call)
      scheduler loop/bookkeeping (derived)         0.000122 s  (44 calls,     2.770 us/call)

  Scheduler teardown timing
    MPI_Barrier (wait for other ranks)           1.776191 s  (1 calls, 1776191.364 us/call)
    MPI_Win_free                                 0.000064 s  (1 calls,    63.601 us/call)

  Stage 2 by chunk
    completed chunks                                       43
    accumulated stage 2                            289.203919 s
    average stage 2 per chunk                        6.725673 s
    slowest chunk                                           0
    slowest chunk stage 2                           10.940634 s

    order   chunk  queue        byte range                       bytes      records   stage2(s)
        0       0      0  [           0,     19661160)     19661160        52972   10.940634
        1       6      0  [   117965124,    137625788)     19660664        52289    7.460592
        2      12      0  [   235929860,    255590524)     19660664        52289    9.280335
        3      18      0  [   353894596,    373555260)     19660664        52289    7.941392
        4      24      0  [   471859364,    491520184)     19660820        51739    9.678894
        5      30      0  [   589824284,    609485104)     19660820        51739    8.920377
        6      36      0  [   707788824,    727449644)     19660820        51739    7.480574
        7      42      0  [   825753744,    845414564)     19660820        51739    9.480534
        8      48      0  [   943718664,    963379484)     19660820        51739    9.721199
        9      54      0  [  1061683204,   1081344024)     19660820        51739    7.789494
       10      60      0  [  1179648124,   1199308944)     19660820        51739    9.790744
       11      66      0  [  1297613044,   1317273864)     19660820        51739    8.960276
       12      72      0  [  1415577964,   1435238404)     19660440        51738    7.540585
       13      78      0  [  1533542504,   1553203324)     19660820        51739    9.170342
       14      84      0  [  1651507424,   1671168244)     19660820        51739    8.880550
       15      90      0  [  1769472344,   1789133164)     19660820        51739    7.230649
       16      96      0  [  1887436884,   1907097704)     19660820        51739    9.470335
       17     102      0  [  2005401804,   2025062624)     19660820        51739    9.240232
       18     108[MPI rank 000003/000006] input work: chunks=43 records=1683166 bytes=638975612

================ MPI Dynamic Scheduler Debug =================
  MPI rank: 000003 / 000006

  Work summary
    claimed chunks                                         43
    claimed from this rank's queue                         42
    claimed from another rank's queue                       1
    completed FASTQ records                           1683166
    claimed input bytes                             638975612

  Scheduler counters
    scheduler_next calls                                   44
    RMA ticket attempts                                    51
    attempts against another rank's queue                   7
    tickets beyond the final chunk                          8
    empty aligned chunks                                    0

  Scheduler timing
    MPI_Win_create (setup)                       0.002063 s  (1 calls,  2062.669 us/call)
    MPI_Barrier after setup                      0.000021 s  (1 calls,    21.200 us/call)
    scheduler_next total                         0.228321 s  (44 calls,  5189.116 us/call)
      RMA ticket path total                        0.228075 s  (51 calls,  4472.060 us/call)
        MPI_Win_lock                                 0.000324 s  (51 calls,     6.361 us/call)
        MPI_Fetch_and_op                             0.000379 s  (51 calls,     7.430 us/call)
        MPI_Win_unlock                               0.227296 s  (51 calls,  4456.786 us/call)
        RMA call overhead (derived)                  0.000076 s  (51 calls,     1.482 us/call)
      align nominal offsets to FASTQ records       0.000048 s  (43 calls,     1.109 us/call)
      scheduler loop/bookkeeping (derived)         0.000198 s  (44 calls,     4.508 us/call)

  Scheduler teardown timing
    MPI_Barrier (wait for other ranks)           0.000027 s  (1 calls,    26.800 us/call)
    MPI_Win_free                                 0.000055 s  (1 calls,    54.500 us/call)

  Stage 2 by chunk
    completed chunks                                       43
    accumulated stage 2                            289.122680 s
    average stage 2 per chunk                        6.723783 s
    slowest chunk                                         135
    slowest chunk stage 2                           10.349446 s

    order   chunk  queue        byte range                       bytes      records   stage2(s)
        0       3      3  [    58982756,     78643420)     19660664        52289    8.791711
        1       9      3  [   176947492,    196608156)     19660664        52289    7.519376
        2      15      3  [   294912228,    314572892)     19660664        52289    9.579362
        3      21      3  [   412876904,    432537724)     19660820        51739    7.708145
        4      27      3  [   530841824,    550502644)     19660820        51739   10.021555
        5      33      3  [   648806744,    668467564)     19660820        51739    9.679393
        6      39      3  [   766771284,    786432104)     19660820        51739    7.749184
        7      45      3  [   884736204,    904397024)     19660820        51739    9.828761
        8      51      3  [  1002701124,   1022361944)     19660820        51739    9.411563
        9      57      3  [  1120665664,   1140326484)     19660820        51739    7.309266
       10      63      3  [  1238630584,   1258291404)     19660820        51739    9.559329
       11      69      3  [  1356595504,   1376256324)     19660820        51739    9.409434
       12      75      3  [  1474560044,   1494220864)     19660820        51739    7.288764
       13      81      3  [  1592524964,   1612185784)     19660820        51739    8.919381
       14      87      3  [  1710489884,   1730150704)     19660820        51739    9.449408
       15      93      3  [  1828454424,   1848115244)     19660820        51739    7.469243
       16      99      3  [  1946419344,   1966080164)     19660820        51739    9.329623
       17     105      3  [  2064
================ MPI Dynamic Scheduler Debug =================
  MPI rank: 000004 / 000006

  Work summary
    claimed chunks                                         43
    claimed from this rank's queue                         42
    claimed from another rank's queue                       1
    completed FASTQ records                           1683166
    claimed input bytes                             638975608

  Scheduler counters
    scheduler_next calls                                   44
    RMA ticket attempts                                    50
    attempts against another rank's queue                   6
    tickets beyond the final chunk                          7
    empty aligned chunks                                    0

  Scheduler timing
    MPI_Win_create (setup)                       0.002129 s  (1 calls,  2129.270 us/call)
    MPI_Barrier after setup                      0.000012 s  (1 calls,    11.800 us/call)
    scheduler_next total                         0.170147 s  (44 calls,  3866.980 us/call)
      RMA ticket path total                        0.169986 s  (50 calls,  3399.721 us/call)
        MPI_Win_lock                                 0.000325 s  (50 calls,     6.499 us/call)
        MPI_Fetch_and_op                             0.000322 s  (50 calls,     6.445 us/call)
        MPI_Win_unlock                               0.169247 s  (50 calls,  3384.947 us/call)
        RMA call overhead (derived)                  0.000092 s  (50 calls,     1.830 us/call)
      align nominal offsets to FASTQ records       0.000044 s  (43 calls,     1.013 us/call)
      scheduler loop/bookkeeping (derived)         0.000118 s  (44 calls,     2.672 us/call)

  Scheduler teardown timing
    MPI_Barrier (wait for other ranks)           0.763309 s  (1 calls, 763308.510 us/call)
    MPI_Win_free                                 0.000066 s  (1 calls,    66.401 us/call)

  Stage 2 by chunk
    completed chunks                                       43
    accumulated stage 2                            287.657960 s
    average stage 2 per chunk                        6.689720 s
    slowest chunk                                          46
    slowest chunk stage 2                           10.018862 s

    order   chunk  queue        byte range                       bytes      records   stage2(s)
        0       4      4  [    78643420,     98304084)     19660664        52289    9.030916
        1      10      4  [   196608156,    216268820)     19660664        52289    7.581220
        2      16      4  [   314572892,    334233932)     19661040        52290    9.648498
        3      22      4  [   432537724,    452198544)     19660820        51739    8.070339
        4      28      4  [   550502644,    570163464)     19660820        51739    9.511365
        5      34      4  [   668467564,    688128004)     19660440        51738    9.609401
        6      40      4  [   786432104,    806092924)     19660820        51739    7.289440
        7      46      4  [   904397024,    924057844)     19660820        51739   10.018862
        8      52      4  [  1022361944,   1042022764)     19660820        51739    9.730427
        9      58      4  [  1140326484,   1159987304)     19660820        51739    7.580845
       10      64      4  [  1258291404,   1277952224)     19660820        51739    9.399983
       11      70      4  [  1376256324,   1395917144)     19660820        51739    9.251498
       12      76      4  [  1494220864,   1513881684)     19660820        51739    7.418420
       13      82      4  [  1612185784,   1631846604)     19660820        51739    9.121289
       14      88      4  [  1730150704,   1749811524)     19660820        51739    8.879683
       15      94      4  [  1848115244,   1867776064)     19660820        51739    7.450352
       16     100      4  [  1966080164,   1985740984)     19660820        51739    9.700595
       17     106      4  [  2084045084,   2103705904)     19660820        51739    9.220543
       18     112       0  [  2123366724,   2143027544)     19660820        51739    7.561435
       19     114      0  [  2241331264,   2260992084)     19660820        51739    9.528418
       20     120      0  [  2359296184,   2378957004)     19660820        51739    9.660666
       21     126      0  [  2477261104,   2496921924)     19660820        51739    7.750350
       22     132      0  [  2595225644,   2614886464)     19660820        51739    9.271274
       23     138      0  [  2713190564,   2732851384)     19660820        51739    7.938433
       24     144      0  [  2831155484,   2850816304)     19660820        51739    9.030247
       25     150      0  [  2949120024,   2968780844)     19660820        51739    9.680735
       26     156      0  [  3067084944,   3086745764)     19660820        51739    7.501196
       27     162      0  [  3185049864,   3204710684)     19660820        51739    9.299388
       28     168      0  [  3303014404,   3322675224)     19660820        51739    8.968381
       29     174      0  [  3406233804,   3411149104)      4915300        12935    2.401161
       30     180      0  [  3435724844,   3440640144)      4915300        12935    2.988543
       31     186      0  [  3465216264,   3470131564)      4915300        12935    3.280302
       32     192      0  [  3494707304,   3499622604)      4915300        12935    2.139932
       33     198      0  [  3524198724,   3529113644)      4914920        12934    2.190083
       34     204      0  [  3553689764,   3558605064)      4915300        12935    2.141125
       35     210      0  [  3583180804,   3588096104)      4915300        12935    2.778025
       36     216      0  [  3612672224,   3617587524)      4915300        12935    2.730094
       37     222      0  [  3642163264,   3647078564)      4915300        12935    2.720120
       38     228      0  [  3671654684,   3676569604)      4914920        12934    1.951215
       39     234      0  [  3701145724,   3706061024)      4915300        12935    2.218856
       40     240      0  [  3730637144,   3735552064)      4914920        12934    1.999029
       41     246      0  [  3760128184,   3765043484)      4915300        12935    2.259167
       42     252      0  [  3789619224,   3794534524)      4915300        12935    2.238005
==============================================================


================ MPI Dynamic Scheduler Debug =================
  MPI rank: 000001 / 000006

  Work summary
    claimed chunks                                         43
    claimed from this rank's queue                         43
    claimed from another rank's queue                       0
    completed FASTQ records                           1673475
    claimed input bytes                             635081648

  Scheduler counters
    scheduler_next calls                                   44
    RMA ticket attempts                                    49
    attempts against another rank's queue                   5
    tickets beyond the final chunk                          6
    empty aligned chunks                                    0

  Scheduler timing
    MPI_Win_create (setup)                       0.002127 s  (1 calls,  2127.420 us/call)
    MPI_Barrier after setup                      0.000022 s  (1 calls,    21.950 us/call)
    scheduler_next total                         0.122211 s  (44 calls,  2777.520 us/call)
      RMA ticket path total                        0.122048 s  (49 calls,  2490.766 us/call)
        MPI_Win_lock                                 0.000333 s  (49 calls,     6.802 us/call)
        MPI_Fetch_and_op                             0.000237 s  (49 calls,     4.834 us/call)
        MPI_Win_unlock                               0.121326 s  (49 calls,  2476.033 us/call)
        RMA call overhead (derived)                  0.000152 s  (49 calls,     3.097 us/call)
      align nominal offsets to FASTQ records       0.000043 s  (43 calls,     1.005 us/call)
      scheduler loop/bookkeeping (derived)         0.000120 s  (44 calls,     2.731 us/call)

  Scheduler teardown timing
    MPI_Barrier (wait for other ranks)           1.105567 s  (1 calls, 1105567.487 us/call)
    MPI_Win_free                                 0.000059 s  (1 calls,    59.200 us/call)

  Stage 2 by chunk
    completed chunks                                       43
    accumulated stage 2                            287.607333 s
    average stage 2 per chunk                        6.688543 s
    slowest chunk                                          13
    slowest chunk stage 2                           10.550596 s

    order   chunk  queue        byte range                       bytes      records   stage2(s)
        0       1      1  [    19661160,     39321716)     19660556        52789    9.232322
        1       7      1  [   137625788,    157286452)     19660664        52289    7.797426
        2      13      1  [   255590524,    275251564)     19661040        52290   10.550596
        3      19      1  [   373555260,    393216084)     19660824        51795    8.300517
        4      25      1  [   491520184,    511181004)     19660820        51739   10.180944
        5      31      1  [   609485104,    629145924)     19660820        51739    9.271596
        6      37      1  [   727449644,    747110464)     19660820        51739    7.867915
        7      43      1  [   845414564,    865075384)     19660820        51739    9.721757
        8      49      1  [   963379484,    983040304)     19660820        51739    9.098558
        9      55      1  [  1081344024,   1101004844)     19660820        51739    8.090261
       10      61      1  [  1199308944,   1218969764)     19660820        51739    9.871682
       11      67      1  [  1317273864,   1336934684)     19660820        51739    8.418344
       12      73      1  [  1435238404,   1454899224)     19660820        51739    7.821491
       13      79      1  [  1553203324,   1572864144)     19660820        51739    9.178175
       14      85      1  [  1671168244,   1690829064)     19660820        51739    8.641599
       15      91      1  [  1789133164,   1808793604)     19660440        51738    7.809098
       16      97      1  [  1907097704,   1926758524)     19660820        51739    9.070811
       17     103      1  [  2025062624,   2044723444)     19660820        51739    9.109590
       18     109
================ MPI Dynamic Scheduler Debug =================
  MPI rank: 000002 / 000006

  Work summary
    claimed chunks                                         42
    claimed from this rank's queue                         42
    claimed from another rank's queue                       0
    completed FASTQ records                           1670234
    claimed input bytes                             634061444

  Scheduler counters
    scheduler_next calls                                   43
    RMA ticket attempts                                    48
    attempts against another rank's queue                   5
    tickets beyond the final chunk                          6
    empty aligned chunks                                    0

  Scheduler timing
    MPI_Win_create (setup)                       0.002103 s  (1 calls,  2102.670 us/call)
    MPI_Barrier after setup                      0.000010 s  (1 calls,    10.400 us/call)
    scheduler_next total                         0.112114 s  (43 calls,  2607.294 us/call)
      RMA ticket path total                        0.111948 s  (48 calls,  2332.260 us/call)
        MPI_Win_lock                                 0.000329 s  (48 calls,     6.854 us/call)
        MPI_Fetch_and_op                             0.000251 s  (48 calls,     5.224 us/call)
        MPI_Win_unlock                               0.111296 s  (48 calls,  2318.657 us/call)
        RMA call overhead (derived)                  0.000073 s  (48 calls,     1.524 us/call)
      align nominal offsets to FASTQ records       0.000048 s  (42 calls,     1.143 us/call)
      scheduler loop/bookkeeping (derived)         0.000117 s  (43 calls,     2.726 us/call)

  Scheduler teardown timing
    MPI_Barrier (wait for other ranks)           1.348994 s  (1 calls, 1348993.725 us/call)
    MPI_Win_free                                 0.000066 s  (1 calls,    66.051 us/call)

  Stage 2 by chunk
    completed chunks                                       42
    accumulated stage 2                            287.353298 s
    average stage 2 per chunk                        6.841745 s
    slowest chunk                                         152
    slowest chunk stage 2                           10.087842 s

    order   chunk  queue        byte range                       bytes      records   stage2(s)
        0       2      2  [    39321716,     58982756)     19661040        52290    9.410462
        1       8      2  [   157286452,    176947492)     19661040        52290    7.150303
        2      14      2  [   275251564,    294912228)     19660664        52289    9.790413
        3      20      2  [   393216084,    412876904)     19660820        51739    8.100368
        4      26      2  [   511181004,    530841824)     19660820        51739    9.791407
        5      32      2  [   629145924,    648806744)     19660820        51739    9.180421
        6      38      2  [   747110464,    766771284)     19660820        51739    7.599788
        7      44      2  [   865075384,    884736204)     19660820        51739    9.528810
        8      50      2  [   983040304,   1002701124)     19660820        51739    9.831435
        9      56      2  [  1101004844,   1120665664)     19660820        51739    7.499820
       10      62      2  [  1218969764,   1238630584)     19660820        51739    9.290414
       11      68      2  [  1336934684,   1356595504)     19660820        51739    9.889750
       12      74      2  [  1454899224,   1474560044)     19660820        51739    7.329431
       13      80      2  [  1572864144,   1592524964)     19660820        51739    8.958457
       14      86      2  [  1690829064,   1710489884)     19660820        51739    8.751464
       15      92      2  [  1808793604,   1828454424)     19660820        51739    7.519280
       16      98      2  [  1926758524,   1946419344)     19660820        51739    9.281784
       17     104      2  [  2044723444,   2064384264)     19660820        51739    9.346347
       18     110      1  [  2143027544,   2162688364)     19660820        51739    7.688235
       19     115      1  [  2260992084,   2280652904)     19660820        51739    8.991176
       20     121      1  [  2378957004,   2398617824)     19660820        51739    9.609797
       21     127      1  [  2496921924,   2516582744)     19660820        51739    7.390414
       22     133      1  [  2614886464,   2634547284)     19660820        51739    8.990515
       23     139      1  [  2732851384,   2752512204)     19660820        51739    7.600480
       24     145      1  [  2850816304,   2870477124)     19660820        51739    9.291913
       25     151      1  [  2968780844,   2988441664)     19660820        51739    9.830490
       26     157      1  [  3086745764,   3106406584)     19660820        51739    8.019134
       27     163      1  [  3204710684,   3224371504)     19660820        51739    9.640534
       28     169      1  [  3322675224,   3342336044)     19660820        51739    8.770529
       29     175      1  [  3411149104,   3416064024)      4914920        12934    2.250102
       30     181      1  [  3440640144,   3445555444)      4915300        12935    2.880266
       31     187      1  [  3470131564,   3475046484)      4914920        12934    2.653136
       32     193      1  [  3499622604,   3504537904)      4915300        12935    2.077059
       33     199      1  [  3529113644,   3534028944)      4915300        12935    1.890086
       34     205      1  [  3558605064,   3563520364)      4915300        12935    1.989889
       35     211      1  [  3588096104,   3593011404)      4915300        12935    2.480575
       36     217      1  [  3617587524,   3622502444)      4914920        12934    2.929760
       37     223      1  [  3647078564,   3651993864)      4915300        12935    2.650109
       38     229      1  [  3676569604,   3681484904)      4915300        12935    2.240186
       39     235      1  [  3706061024,   3710976324)      4915300        12935    2.129977
       40     241      1  [  3735552064,   3740467364)      4915300        12935    2.180069
       41     247      1  [  3765043484,   3769958404)      4914920        12934    2.200164
       42     253      1  [  3794534524,   3795555588)      1021064         2687    1.200056
==============================================================

      2  [  2162688364,   2182348804)     19660440        51738    8.020760
       19     116      2  [  2280652904,   2300313724)     19660820        51739    9.323400
       20     122      2  [  2398617824,   2418278644)     19660820        51739    9.796336
       21     128      2  [  2516582744,   2536243564)     19660820        51739    8.200719
       22     134      2  [  2634547284,   2654208104)     19660820        51739    9.371537
       23     140      2  [  2752512204,   2772173024)     19660820        51739    7.899019
       24     146      2  [  2870477124,   2890137944)     19660820        51739    9.792235
       25     152      2  [  2988441664,   3008102484)     19660820        51739   10.087842
       26     158      2  [  3106406584,   3126067404)     19660820        51739    8.710698
       27     164      2  [  3224371504,   3244032324)     19660820        51739    9.570126
       28     170      2  [  3342336044,   3361996864)     19660820        51739    8.120398
       29     176      2  [  3416064024,   3420979324)      4915300        12935    2.780272
       30     182      2  [  3445555444,   3450470744)      4915300        12935    2.823883
       31     188      2  [  3475046484,   3479961784)      4915300        12935    2.285161
       32     194      2  [  3504537904,   3509452824)      4914920        12934    1.961189
       33     200      2  [  3534028944,   3538944244)      4915300        12935    1.928942
       34     206      2  [  3563520364,   3568435284)      4914920        12934    2.160095
       35     212      2  [  3593011404,   3597926704)      4915300        12935    2.360061
       36     218      2  [  3622502444,   3627417744)      4915300        12935    2.981227
       37     224      2  [  3651993864,   3656909164)      4915300        12935    2.598960
       38     230      2  [  3681484904,   3686400204)      4915300        12935    2.230078
       39     236      2  [  3710976324,   3715891244)      4914920        12934    1.970075
       40     242      2  [  3740467364,   3745382664)      4915300        12935    2.070028
       41     248      2  [  3769958404,   3774873704)      4915300        12935    2.060103
==============================================================

384264,   2084045084)     19660820        51739    9.529160
       18     111      3  [  2182348804,   2202009624)     19660820        51739    7.611369
       19     117      3  [  2300313724,   2319974544)     19660820        51739    8.969491
       20     123      3  [  2418278644,   2437939464)     19660820        51739    9.739308
       21     129      3  [  2536243564,   2555904004)     19660440        51738    7.829303
       22     135      3  [  2654208104,   2673868924)     19660820        51739   10.349446
       23     141      3  [  2772173024,   2791833844)     19660820        51739    7.618405
       24     147      3  [  2890137944,   2909798764)     19660820        51739    9.161229
       25     153      3  [  3008102484,   3027763304)     19660820        51739    9.798998
       26     159      3  [  3126067404,   3145728224)     19660820        51739    7.620716
       27     165      3  [  3244032324,   3263693144)     19660820        51739    9.449779
       28     171      3  [  3361996864,   3381657684)     19660820        51739    8.869955
       29     177      3  [  3420979324,   3425894624)      4915300        12935    2.178209
       30     183      3  [  3450470744,   3455385664)      4914920        12934    3.040956
       31     189      3  [  3479961784,   3484877084)      4915300        12935    2.739165
       32     195      3  [  3509452824,   3514368124)      4915300        12935    2.231169
       33     201      3  [  3538944244,   3543859544)      4915300        12935    2.117717
       34     207      3  [  3568435284,   3573350584)      4915300        12935    2.350717
       35     213      3  [  3597926704,   3602841624)      4914920        12934    2.148994
       36     219      3  [  3627417744,   3632333044)      4915300        12935    2.649064
       37     225      3  [  3656909164,   3661824084)      4914920        12934    2.691171
       38     231      3  [  3686400204,   3691315504)      4915300        12935    2.379201
       39     237      3  [  3715891244,   3720806544)      4915300        12935    2.179351
       40     243      3  [  3745382664,   3750297964)      4915300        12935    1.969189
       41     249      3  [  3774873704,   3779789004)      4915300        12935    2.329045
       42     251      5  [  3784704304,   3789619224)      4914920        12934    2.548076
==============================================================

     4  [  2202009624,   2221670444)     19660820        51739    7.661699
       19     118      4  [  2319974544,   2339635364)     19660820        51739    9.570136
       20     124      4  [  2437939464,   2457600284)     19660820        51739    9.568471
       21     130      4  [  2555904004,   2575564824)     19660820        51739    7.461177
       22     136      4  [  2673868924,   2693529744)     19660820        51739    9.249861
       23     142      4  [  2791833844,   2811494664)     19660820        51739    7.419566
       24     148      4  [  2909798764,   2929459204)     19660440        51738    9.389286
       25     154      4  [  3027763304,   3047424124)     19660820        51739    9.999361
       26     160      4  [  3145728224,   3165389044)     19660820        51739    7.509519
       27     166      4  [  3263693144,   3283353964)     19660820        51739    9.649060
       28     172      4  [  3381657684,   3401318504)     19660820        51739    8.809884
       29     178      4  [  3425894624,   3430809924)      4915300        12935    2.541015
       30     184      4  [  3455385664,   3460300964)      4915300        12935    2.970548
       31     190      4  [  3484877084,   3489792004)      4914920        12934    3.028633
       32     196      4  [  3514368124,   3519283424)      4915300        12935    2.028196
       33     202      4  [  3543859544,   3548774464)      4914920        12934    2.010069
       34     208      4  [  3573350584,   3578265884)      4915300        12935    2.011021
       35     214      4  [  3602841624,   3607756924)      4915300        12935    2.208226
       36     220      4  [  3632333044,   3637248344)      4915300        12935    2.860076
       37     226      4  [  3661824084,   3666739384)      4915300        12935    2.650043
       38     232      4  [  3691315504,   3696230424)      4914920        12934    2.111159
       39     238      4  [  3720806544,   3725721844)      4915300        12935    2.028015
       40     244      4  [  3750297964,   3755212884)      4914920        12934    2.241148
       41     250      4  [  3779789004,   3784704304)      4915300        12935    2.109060
       42     245      5  [  3755212884,   3760128184)      4915300        12935    2.059054
==============================================================


================ MPI Dynamic Scheduler Debug =================
  MPI rank: 000005 / 000006

  Work summary
    claimed chunks                                         40
    claimed from this rank's queue                         40
    claimed from another rank's queue                       0
    completed FASTQ records                           1605559
    claimed input bytes                             609484944

  Scheduler counters
    scheduler_next calls                                   41
    RMA ticket attempts                                    46
    attempts against another rank's queue                   5
    tickets beyond the final chunk                          6
    empty aligned chunks                                    0

  Scheduler timing
    MPI_Win_create (setup)                       0.002011 s  (1 calls,  2011.369 us/call)
    MPI_Barrier after setup                      0.000021 s  (1 calls,    20.850 us/call)
    scheduler_next total                         0.143990 s  (41 calls,  3511.945 us/call)
      RMA ticket path total                        0.143829 s  (46 calls,  3126.720 us/call)
        MPI_Win_lock                                 0.000369 s  (46 calls,     8.017 us/call)
        MPI_Fetch_and_op                             0.000289 s  (46 calls,     6.286 us/call)
        MPI_Win_unlock                               0.143017 s  (46 calls,  3109.076 us/call)
        RMA call overhead (derived)                  0.000154 s  (46 calls,     3.341 us/call)
      align nominal offsets to FASTQ records       0.000045 s  (40 calls,     1.113 us/call)
      scheduler loop/bookkeeping (derived)         0.000116 s  (41 calls,     2.832 us/call)

  Scheduler teardown timing
    MPI_Barrier (wait for other ranks)           4.217446 s  (1 calls, 4217445.610 us/call)
    MPI_Win_free                                 0.000066 s  (1 calls,    66.301 us/call)

  Stage 2 by chunk
    completed chunks                                       40
    accumulated stage 2                            286.325754 s
    average stage 2 per chunk                        7.158144 s
    slowest chunk                                          65
    slowest chunk stage 2                           10.910728 s

    order   chunk  queue        byte range                       bytes      records   stage2(s)
        0       5      5  [    98304084,    117965124)     19661040        52290    8.610158
        1      11      5  [   216268820,    235929860)     19661040        52290    7.760611
        2      17      5  [   334233932,    353894596)     19660664        52289   10.020892
        3      23      5  [   452198544,    471859364)     19660820        51739    8.330269
        4      29      5  [   570163464,    589824284)     19660820        51739   10.001563
        5      35      5  [   688128004,    707788824)     19660820        51739    9.259406
        6      41      5  [   806092924,    825753744)     19660820        51739    8.080701
        7      47      5  [   924057844,    943718664)     19660820        51739   10.100511
        8      53      5  [  1042022764,   1061683204)     19660440        51738   10.120436
        9      59      5  [  1159987304,   1179648124)     19660820        51739    8.650557
       10      65      5  [  1277952224,   1297613044)     19660820        51739   10.910728
       11      71      5  [  1395917144,   1415577964)     19660820        51739    8.661599
       12      77      5  [  1513881684,   1533542504)     19660820        51739    9.518430
       13      83      5  [  1631846604,   1651507424)     19660820        51739    9.651753
       14      89      5  [  1749811524,   1769472344)     19660820        51739    8.049597
       15      95      5  [  1867776064,   1887436884)     19660820        51739    9.369595
       16     101      5  [  1985740984,   2005401804)     19660820        51739    9.509572
       17     107      5  [  2103705904,   2123366724)     19660820        51739    8.069501
       18     113      5  [  2221670444,   2241331264)     19660820        51739    9.449547
       19     119      5  [  2339635364,   2359296184)     19660820        51739   10.268718
       20     125      5  [  2457600284,   2477261104)     19660820        51739    8.041136
       21     131      5  [  2575564824,   2595225644)     19660820        51739   10.368774
       22     137      5  [  2693529744,   2713190564)     19660820        51739    8.220677
       23     143      5  [  2811494664,   2831155484)     19660820        51739   10.012658
       24     149      5  [  2929459204,   2949120024)     19660820        51739    9.286078
       25     155      5  [  3047424124,   3067084944)     19660820        51739    8.940730
       26     161      5  [  3165389044,   3185049864)     19660820        51739    9.820117
       27     167      5  [  3283353964,   3303014404)     19660440        51738    7.911298
       28     173      5  [  3401318504,   3406233804)      4915300        12935    2.998608
       29     179      5  [  3430809924,   3435724844)      4914920        12934    2.950141
       30     185      5  [  3460300964,   3465216264)      4915300        12935    2.001100
       31     191      5  [  3489792004,   3494707304)      4915300        12935    2.368305
       32     197      5  [  3519283424,   3524198724)      4915300        12935    2.170076
       33     203      5  [  3548774464,   3553689764)      4915300        12935    2.480408
       34     209      5  [  3578265884,   3583180804)      4914920        12934    2.950142
       35     215      5  [  3607756924,   3612672224)      4915300        12935    2.889919
       36     221      5  [  3637248344,   3642163264)      4914920        12934    1.990275
       37     227      5  [  3666739384,   3671654684)      4915300        12935    2.419960
       38     233      5  [  3696230424,   3701145724)      4915300        12935    2.000123
       39     239      5  [  3725721844,   3730637144)      4915300        12935    2.111085
==============================================================


====================== SWBWA Output Debug =====================
  MPI rank: 000000 / 000006
  mode:     MPI split
  path:     correctness_results/mpi_tail10_bigdata_dynamic_no1_20260824/mpi_dynamic_split/no1/small_SRR7963242_PE.rank000000.sam

  Output volume
    output buffer capacity                           67108864
    swbwa_output_write calls                         3368800
    submitted SAM bytes                           1420793504
    buffered flushes                                      22
    buffered flush bytes                          1420793504
    direct oversized writes                                0
    direct oversized bytes                                 0

  Buffering
    buffered flush total                       115.620379 s  (22 calls, 5255471.787 us/call)

  POSIX file writes
    write system calls                                     22
    write system-call bytes                        1420793504
    POSIX write system calls                   115.620317 s  (22 calls, 5255468.946 us/call)
    POSIX write effective bandwidth                11.719 MiB/s

  Output close timing
    POSIX close                                  0.005760 s  (1 calls,  5759.701 us/call)
================================================================


====================== SWBWA Output Debug =====================
  MPI rank: 000001 / 000006
  mode:     MPI split
  path:     correctness_results/mpi_tail10_bigdata_dynamic_no1_20260824/mpi_dynamic_split/no1/small_SRR7963242_PE.rank000001.sam

  Output volume
    output buffer capacity                           67108864
    swbwa_output_write calls                         3346950
    submitted SAM bytes                           1411508996
    buffered flushes                                      22
    buffered flush bytes                          1411508996
    direct oversized writes                                0
    direct oversized bytes                                 0

  Buffering
    buffered flush total                       102.936326 s  (22 calls, 4678923.916 us/call)

  POSIX file writes
    write system calls                                     22
    write system-call bytes                        1411508996
    POSIX write system calls                   102.936267 s  (22 calls, 4678921.239 us/call)
    POSIX write effective bandwidth                13.077 MiB/s

  Output close timing
    POSIX close                                  0.005849 s  (1 calls,  5849.202 us/call)
================================================================


====================== SWBWA Output Debug =====================
  MPI rank: 000002 / 000006
  mode:     MPI split
  path:     correctness_results/mpi_tail10_bigdata_dynamic_no1_20260824/mpi_dynamic_split/no1/small_SRR7963242_PE.rank000002.sam

  Output volume
    output buffer capacity                           67108864
    swbwa_output_write calls                         3340468
    submitted SAM bytes                           1408697473
    buffered flushes                                      21
    buffered flush bytes                          1408697473
    direct oversized writes                                0
    direct oversized bytes                                 0

  Buffering
    buffered flush total                       113.345482 s  (21 calls, 5397403.883 us/call)

  POSIX file writes
    write system calls                                     21
    write system-call bytes                        1408697473
    POSIX write system calls                   113.345418 s  (21 calls, 5397400.880 us/call)
    POSIX write effective bandwidth                11.853 MiB/s

  Output close timing
    POSIX close                                  0.005621 s  (1 calls,  5620.600 us/call)
================================================================


====================== SWBWA Output Debug =====================
  MPI rank: 000003 / 000006
  mode:     MPI split
  path:     correctness_results/mpi_tail10_bigdata_dynamic_no1_20260824/mpi_dynamic_split/no1/small_SRR7963242_PE.rank000003.sam

  Output volume
    output buffer capacity                           67108864
    swbwa_output_write calls                         3366332
    submitted SAM bytes                           1419512255
    buffered flushes                                      22
    buffered flush bytes                          1419512255
    direct oversized writes                                0
    direct oversized bytes                                 0

  Buffering
    buffered flush total                       113.443728 s  (22 calls, 5156533.088 us/call)

  POSIX file writes
    write system calls                                     22
    write system-call bytes                        1419512255
    POSIX write system calls                   113.443622 s  (22 calls, 5156528.261 us/call)
    POSIX write effective bandwidth                11.933 MiB/s

  Output close timing
    POSIX close                                  0.009739 s  (1 calls,  9738.787 us/call)
================================================================


====================== SWBWA Output Debug =====================
  MPI rank: 000004 / 000006
  mode:     MPI split
  path:     correctness_results/mpi_tail10_bigdata_dynamic_no1_20260824/mpi_dynamic_split/no1/small_SRR7963242_PE.rank000004.sam

  Output volume
    output buffer capacity                           67108864
    swbwa_output_write calls                         3366332
    submitted SAM bytes                           1419546154
    buffered flushes                                      22
    buffered flush bytes                          1419546154
    direct oversized writes                                0
    direct oversized bytes                                 0

  Buffering
    buffered flush total                       116.467064 s  (22 calls, 5293957.457 us/call)

  POSIX file writes
    write system calls                                     22
    write system-call bytes                        1419546154
    POSIX write system calls                   116.467004 s  (22 calls, 5293954.725 us/call)
    POSIX write effective bandwidth                11.624 MiB/s

  Output close timing
    POSIX close                                  0.005719 s  (1 calls,  5718.801 us/call)
================================================================


====================== SWBWA Output Debug =====================
  MPI rank: 000005 / 000006
  mode:     MPI split
  path:     correctness_results/mpi_tail10_bigdata_dynamic_no1_20260824/mpi_dynamic_split/no1/small_SRR7963242_PE.rank000005.sam

  Output volume
    output buffer capacity                           67108864
    swbwa_output_write calls                         3211118
    submitted SAM bytes                           1354266404
    buffered flushes                                      21
    buffered flush bytes                          1354266404
    direct oversized writes                                0
    direct oversized bytes                                 0

  Buffering
    buffered flush total                        79.945486 s  (21 calls, 3806927.927 us/call)

  POSIX file writes
    write system calls                                     21
    write system-call bytes                        1354266404
    POSIX write system calls                    79.945426 s  (21 calls, 3806925.061 us/call)
    POSIX write effective bandwidth                16.155 MiB/s

  Output close timing
    POSIX close                                  0.009530 s  (1 calls,  9529.785 us/call)
================================================================


================ MPI Progress Thread Debug =================
  MPI rank: 000000 / 000006
  lifetime                                      293.155179 s
  MPI_Iprobe calls                                   29258
  MPI_Iprobe total                                0.442987 s
  MPI_Iprobe average                                15.141 us
  MPI_Iprobe maximum                              0.010336 s
  calls >= 1 ms                                          2
  calls >= 10 ms                                         1
  calls >= 100 ms                                        0
  calls >= 1 s                                           0
============================================================


================ MPI Progress Thread Debug =================
  MPI rank: 000001 / 000006
  lifetime                                      293.147790 s
  MPI_Iprobe calls                                   29246
  MPI_Iprobe total                                0.476149 s
  MPI_Iprobe average                                16.281 us
  MPI_Iprobe maximum                              0.000427 s
  calls >= 1 ms                                          0
  calls >= 10 ms                                         0
  calls >= 100 ms                                        0
  calls >= 1 s                                           0
============================================================


================ MPI Progress Thread Debug =================
  MPI rank: 000002 / 000006
  lifetime                                      293.145257 s
  MPI_Iprobe calls                                   29255
  MPI_Iprobe total                                0.404919 s
  MPI_Iprobe average                                13.841 us
  MPI_Iprobe maximum                              0.010067 s
  calls >= 1 ms                                          2
  calls >= 10 ms                                         1
  calls >= 100 ms                                        0
  calls >= 1 s                                           0
============================================================


================ MPI Progress Thread Debug =================
  MPI rank: 000003 / 000006
  lifetime                                      293.143773 s
  MPI_Iprobe calls                                   29272
  MPI_Iprobe total                                0.366342 s
  MPI_Iprobe average                                12.515 us
  MPI_Iprobe maximum                              0.010268 s
  calls >= 1 ms                                          2
  calls >= 10 ms                                         1
  calls >= 100 ms                                        0
  calls >= 1 s                                           0
============================================================


================ MPI Progress Thread Debug =================
  MPI rank: 000004 / 000006
  lifetime                                      293.144567 s
  MPI_Iprobe calls                                   29251
  MPI_Iprobe total                                0.464703 s
  MPI_Iprobe average                                15.887 us
  MPI_Iprobe maximum                              0.020080 s
  calls >= 1 ms                                          2
  calls >= 10 ms                                         2
  calls >= 100 ms                                        0
  calls >= 1 s                                           0
============================================================


================ MPI Progress Thread Debug =================
  MPI rank: 000005 / 000006
  lifetime                                      293.147634 s
  MPI_Iprobe calls                                   29251
  MPI_Iprobe total                                0.462494 s
  MPI_Iprobe average                                15.811 us
  MPI_Iprobe maximum                              0.010248 s
  calls >= 1 ms                                          5
  calls >= 10 ms                                         1
  calls >= 100 ms                                        0
  calls >= 1 s                                           0
============================================================


================ SWBWA CPE/MPI Progress Debug ================
  MPI rank: 000000 / 000006

    phase                      waits     probes   total(s)    avg(us)    max(s)   >=1ms   >=10ms   >=100ms    >=1s  completed
    FASTQ formatting              43          0      0.000      0.000     0.000       0        0         0       0          0
    alignment and SAM length      43          0      0.000      0.000     0.000       0        0         0       0          0
    SAM record generation         43          0      0.000      0.000     0.000       0        0         0       0          0
    all CPE phases               129          0      0.000      0.000     0.000       0        0         0       0          0

  Probes marked 'completed' returned with the CPE completion
  flag set. Their full call duration bounds the possible delay.
    completion-observing probe total               0.000000 s
    slowest completion-observing probe             0.000000 s
==============================================================


================ SWBWA CPE/MPI Progress Debug ================
  MPI rank: 000001 / 000006

    phase                      waits     probes   total(s)    avg(us)    max(s)   >=1ms   >=10ms   >=100ms    >=1s  completed
    FASTQ formatting              43          0      0.000      0.000     0.000       0        0         0       0          0
    alignment and SAM length      43          0      0.000      0.000     0.000       0        0         0       0          0
    SAM record generation         43          0      0.000      0.000     0.000       0        0         0       0          0
    all CPE phases               129          0      0.000      0.000     0.000       0        0         0       0          0

  Probes marked 'completed' returned with the CPE completion
  flag set. Their full call duration bounds the possible delay.
    completion-observing probe total               0.000000 s
    slowest completion-observing probe             0.000000 s
==============================================================


================ SWBWA CPE/MPI Progress Debug ================
  MPI rank: 000002 / 000006

    phase                      waits     probes   total(s)    avg(us)    max(s)   >=1ms   >=10ms   >=100ms    >=1s  completed
    FASTQ formatting              42          0      0.000      0.000     0.000       0        0         0       0          0
    alignment and SAM length      42          0      0.000      0.000     0.000       0        0         0       0          0
    SAM record generation         42          0      0.000      0.000     0.000       0        0         0       0          0
    all CPE phases               126          0      0.000      0.000     0.000       0        0         0       0          0

  Probes marked 'completed' returned with the CPE completion
  flag set. Their full call duration bounds the possible delay.
    completion-observing probe total               0.000000 s
    slowest completion-observing probe             0.000000 s
==============================================================


================ SWBWA CPE/MPI Progress Debug ================
  MPI rank: 000003 / 000006

    phase                      waits     probes   total(s)    avg(us)    max(s)   >=1ms   >=10ms   >=100ms    >=1s  completed
    FASTQ formatting              43          0      0.000      0.000     0.000       0        0         0       0          0
    alignment and SAM length      43          0      0.000      0.000     0.000       0        0         0       0          0
    SAM record generation         43          0      0.000      0.000     0.000       0        0         0       0          0
    all CPE phases               129          0      0.000      0.000     0.000       0        0         0       0          0

  Probes marked 'completed' returned with the CPE completion
  flag set. Their full call duration bounds the possible delay.
    completion-observing probe total               0.000000 s
    slowest completion-observing probe             0.000000 s
==============================================================


================ SWBWA CPE/MPI Progress Debug ================
  MPI rank: 000004 / 000006

    phase                      waits     probes   total(s)    avg(us)    max(s)   >=1ms   >=10ms   >=100ms    >=1s  completed
    FASTQ formatting              43          0      0.000      0.000     0.000       0        0         0       0          0
    alignment and SAM length      43          0      0.000      0.000     0.000       0        0         0       0          0
    SAM record generation         43          0      0.000      0.000     0.000       0        0         0       0          0
    all CPE phases               129          0      0.000      0.000     0.000       0        0         0       0          0

  Probes marked 'completed' returned with the CPE completion
  flag set. Their full call duration bounds the possible delay.
    completion-observing probe total               0.000000 s
    slowest completion-observing probe             0.000000 s
==============================================================


================ SWBWA CPE/MPI Progress Debug ================
  MPI rank: 000005 / 000006

    phase                      waits     probes   total(s)    avg(us)    max(s)   >=1ms   >=10ms   >=100ms    >=1s  completed
    FASTQ formatting              40          0      0.000      0.000     0.000       0        0         0       0          0
    alignment and SAM length      40          0      0.000      0.000     0.000       0        0         0       0          0
    SAM record generation         40          0      0.000      0.000     0.000       0        0         0       0          0
    all CPE phases               120          0      0.000      0.000     0.000       0        0         0       0          0

  Probes marked 'completed' returned with the CPE completion
  flag set. Their full call duration bounds the possible delay.
    completion-observing probe total               0.000000 s
    slowest completion-observing probe             0.000000 s
==============================================================


======================= SWBWA Timing Report =======================
  MPI rank: 000000 / 000006
  Accumulated wall-clock time; indented rows are included in
  their parent row and must not be added to it.

  Pipeline
    total - complete three-stage pipeline                   293.164 s
    stage 1 - allocate and read raw FASTQ blocks             67.885 s
    stage 2 - align reads and generate SAM records          289.204 s
    stage 3 - write SAM and release batch data              121.511 s
      SAM output writes                                       119.208 s
      batch cleanup and loop overhead (derived)                 2.303 s

  Stage 1 input details
    batches completed / stage calls                      43 / 44
    input-buffer and batch allocations                        0.001 s  (130 calls, max 0.000 s)
    aggregate requested allocation bytes           1278043544
    FASTQ fseeko calls                                       10.235 s  (86 calls, max 0.370 s)
    FASTQ fread calls                                        57.510 s  (86 calls, max 1.446 s)
    align chunk ends to FASTQ record boundaries               0.000 s  (0 calls, max 0.000 s)
    scheduler, checks and bookkeeping (derived)               0.140 s
    raw FASTQ bytes read                           1277952664  (1218.751 MiB)
    effective fread bandwidth                         21.192 MiB/s
    slowest allocation                                 0.000 s  (19661844 bytes)
    slowest fread                                      1.446 s  (R2 offset=2477261104, bytes=19660820)

  Stage 2 worker details
    total - active merge worker                             289.196 s
      part 1 - prepare CPE task and reusable buffers            1.511 s
      part 2 - CPE FASTQ formatting and input release           0.615 s
      part 3 - CPE alignment and SAM length pass              286.203 s
      part 4 - assign slices in the shared SAM buffer           0.243 s
      part 5 - CPE SAM record generation                        0.613 s
      part 6 - release temporary worker data                    0.001 s

  Reserved allocator timers (no active timing sites)
    malloc timer                                              0.000 s
    free timer                                                0.000 s
===================================================================


======================= SWBWA Timing Report =======================
  MPI rank: 000001 / 000006
  Accumulated wall-clock time; indented rows are included in
  their parent row and must not be added to it.

  Pipeline
    total - complete three-stage pipeline                   293.164 s
    stage 1 - allocate and read raw FASTQ blocks             61.614 s
    stage 2 - align reads and generate SAM records          287.607 s
    stage 3 - write SAM and release batch data              109.039 s
      SAM output writes                                       106.885 s
      batch cleanup and loop overhead (derived)                 2.154 s

  Stage 1 input details
    batches completed / stage calls                      43 / 44
    input-buffer and batch allocations                        0.001 s  (130 calls, max 0.000 s)
    aggregate requested allocation bytes           1270254176
    FASTQ fseeko calls                                       10.871 s  (86 calls, max 0.397 s)
    FASTQ fread calls                                        50.612 s  (86 calls, max 1.478 s)
    align chunk ends to FASTQ record boundaries               0.000 s  (0 calls, max 0.000 s)
    scheduler, checks and bookkeeping (derived)               0.130 s
    raw FASTQ bytes read                           1270163296  (1211.322 MiB)
    effective fread bandwidth                         23.933 MiB/s
    slowest allocation                                 0.000 s  (19661844 bytes)
    slowest fread                                      1.478 s  (R1 offset=1081344024, bytes=19660820)

  Stage 2 worker details
    total - active merge worker                             287.599 s
      part 1 - prepare CPE task and reusable buffers            1.682 s
      part 2 - CPE FASTQ formatting and input release           0.590 s
      part 3 - CPE alignment and SAM length pass              284.343 s
      part 4 - assign slices in the shared SAM buffer           0.266 s
      part 5 - CPE SAM record generation                        0.706 s
      part 6 - release temporary worker data                    0.001 s

  Reserved allocator timers (no active timing sites)
    malloc timer                                              0.000 s
    free timer                                                0.000 s
===================================================================


======================= SWBWA Timing Report =======================
  MPI rank: 000002 / 000006
  Accumulated wall-clock time; indented rows are included in
  their parent row and must not be added to it.

  Pipeline
    total - complete three-stage pipeline                   293.163 s
    stage 1 - allocate and read raw FASTQ blocks             62.524 s
    stage 2 - align reads and generate SAM records          287.353 s
    stage 3 - write SAM and release batch data              116.523 s
      SAM output writes                                       114.527 s
      batch cleanup and loop overhead (derived)                 1.996 s

  Stage 1 input details
    batches completed / stage calls                      42 / 43
    input-buffer and batch allocations                        0.001 s  (127 calls, max 0.000 s)
    aggregate requested allocation bytes           1268211656
    FASTQ fseeko calls                                       12.903 s  (84 calls, max 0.419 s)
    FASTQ fread calls                                        49.496 s  (84 calls, max 1.392 s)
    align chunk ends to FASTQ record boundaries               0.000 s  (0 calls, max 0.000 s)
    scheduler, checks and bookkeeping (derived)               0.125 s
    raw FASTQ bytes read                           1268122888  (1209.376 MiB)
    effective fread bandwidth                         24.434 MiB/s
    slowest allocation                                 0.000 s  (19661844 bytes)
    slowest fread                                      1.392 s  (R2 offset=393216084, bytes=19660820)

  Stage 2 worker details
    total - active merge worker                             287.342 s
      part 1 - prepare CPE task and reusable buffers            1.570 s
      part 2 - CPE FASTQ formatting and input release           0.752 s
      part 3 - CPE alignment and SAM length pass              284.121 s
      part 4 - assign slices in the shared SAM buffer           0.247 s
      part 5 - CPE SAM record generation                        0.635 s
      part 6 - release temporary worker data                    0.001 s

  Reserved allocator timers (no active timing sites)
    malloc timer                                              0.000 s
    free timer                                                0.000 s
===================================================================


======================= SWBWA Timing Report =======================
  MPI rank: 000003 / 000006
  Accumulated wall-clock time; indented rows are included in
  their parent row and must not be added to it.

  Pipeline
    total - complete three-stage pipeline                   293.159 s
    stage 1 - allocate and read raw FASTQ blocks             58.028 s
    stage 2 - align reads and generate SAM records          289.123 s
    stage 3 - write SAM and release batch data              119.522 s
      SAM output writes                                       117.286 s
      batch cleanup and loop overhead (derived)                 2.236 s

  Stage 1 input details
    batches completed / stage calls                      43 / 44
    input-buffer and batch allocations                        0.001 s  (130 calls, max 0.000 s)
    aggregate requested allocation bytes           1278042104
    FASTQ fseeko calls                                       13.157 s  (86 calls, max 0.392 s)
    FASTQ fread calls                                        44.635 s  (86 calls, max 1.653 s)
    align chunk ends to FASTQ record boundaries               0.000 s  (0 calls, max 0.000 s)
    scheduler, checks and bookkeeping (derived)               0.236 s
    raw FASTQ bytes read                           1277951224  (1218.749 MiB)
    effective fread bandwidth                         27.305 MiB/s
    slowest allocation                                 0.000 s  (4915944 bytes)
    slowest fread                                      1.653 s  (R2 offset=2536243564, bytes=19660440)

  Stage 2 worker details
    total - active merge worker                             289.103 s
      part 1 - prepare CPE task and reusable buffers            1.523 s
      part 2 - CPE FASTQ formatting and input release           0.629 s
      part 3 - CPE alignment and SAM length pass              286.005 s
      part 4 - assign slices in the shared SAM buffer           0.250 s
      part 5 - CPE SAM record generation                        0.673 s
      part 6 - release temporary worker data                    0.002 s

  Reserved allocator timers (no active timing sites)
    malloc timer                                              0.000 s
    free timer                                                0.000 s
===================================================================


======================= SWBWA Timing Report =======================
  MPI rank: 000004 / 000006
  Accumulated wall-clock time; indented rows are included in
  their parent row and must not be added to it.

  Pipeline
    total - complete three-stage pipeline                   293.160 s
    stage 1 - allocate and read raw FASTQ blocks             69.120 s
    stage 2 - align reads and generate SAM records          287.658 s
    stage 3 - write SAM and release batch data              122.029 s
      SAM output writes                                       120.025 s
      batch cleanup and loop overhead (derived)                 2.003 s

  Stage 1 input details
    batches completed / stage calls                      43 / 44
    input-buffer and batch allocations                        0.000 s  (130 calls, max 0.000 s)
    aggregate requested allocation bytes           1278042096
    FASTQ fseeko calls                                        9.597 s  (86 calls, max 0.340 s)
    FASTQ fread calls                                        59.346 s  (86 calls, max 1.624 s)
    align chunk ends to FASTQ record boundaries               0.000 s  (0 calls, max 0.000 s)
    scheduler, checks and bookkeeping (derived)               0.176 s
    raw FASTQ bytes read                           1277951216  (1218.749 MiB)
    effective fread bandwidth                         20.536 MiB/s
    slowest allocation                                 0.000 s  (64 bytes)
    slowest fread                                      1.624 s  (R2 offset=668467564, bytes=19660440)

  Stage 2 worker details
    total - active merge worker                             287.644 s
      part 1 - prepare CPE task and reusable buffers            1.547 s
      part 2 - CPE FASTQ formatting and input release           0.675 s
      part 3 - CPE alignment and SAM length pass              284.513 s
      part 4 - assign slices in the shared SAM buffer           0.253 s
      part 5 - CPE SAM record generation                        0.640 s
      part 6 - release temporary worker data                    0.001 s

  Reserved allocator timers (no active timing sites)
    malloc timer                                              0.000 s
    free timer                                                0.000 s
===================================================================

[main] Version: 0.0.1
[main] CMD: ./SWBWA mem -v 4 -t 1 -o correctness_results/mpi_tail10_bigdata_dynamic_no1_20260824/mpi_dynamic_split/no1/small_SRR7963242_PE.sam -I 170,80,500,1 ../data/GRCh38.d1.vd1.fa ../data/bwa_test_big_data/small_SRR7963242_1.fastq ../data/bwa_test_big_data/small_SRR7963242_2.fastq

======================= SWBWA Timing Report =======================
  MPI rank: 000005 / 000006
  Accumulated wall-clock time; indented rows are included in
  their parent row and must not be added to it.

  Pipeline
    total - complete three-stage pipeline                   293.161 s
    stage 1 - allocate and read raw FASTQ blocks             56.656 s
    stage 2 - align reads and generate SAM records          286.326 s
    stage 3 - write SAM and release batch data               85.900 s
      SAM output writes                                        83.564 s
      batch cleanup and loop overhead (derived)                 2.336 s

  Stage 1 input details
    batches completed / stage calls                      40 / 41
    input-buffer and batch allocations                        0.000 s  (121 calls, max 0.000 s)
    aggregate requested allocation bytes           1219054432
    FASTQ fseeko calls                                        8.434 s  (80 calls, max 0.386 s)
    FASTQ fread calls                                        48.071 s  (80 calls, max 1.640 s)
    align chunk ends to FASTQ record boundaries               0.000 s  (0 calls, max 0.000 s)
    scheduler, checks and bookkeeping (derived)               0.151 s
    raw FASTQ bytes read                           1218969888  (1162.500 MiB)
    effective fread bandwidth                         24.183 MiB/s
    slowest allocation                                 0.000 s  (64 bytes)
    slowest fread                                      1.640 s  (R1 offset=1159987304, bytes=19660820)

  Stage 2 worker details
    total - active merge worker                             286.317 s
      part 1 - prepare CPE task and reusable buffers            1.379 s
      part 2 - CPE FASTQ formatting and input release           0.668 s
      part 3 - CPE alignment and SAM length pass              283.501 s
      part 4 - assign slices in the shared SAM buffer           0.227 s
      part 5 - CPE SAM record generation                        0.531 s
      part 6 - release temporary worker data                    0.001 s

  Reserved allocator timers (no active timing sites)
    malloc timer                                              0.000 s
    free timer                                                0.000 s
===================================================================

