[M::main_mem] mean insert size: 170.000, stddev: 80.000, max: 500, min: 1
[MPI input] mode=dynamic chunks=254 bytes_per_cg=19660800 cg_count=1 chunk_bytes=19660800 micro_chunk_bytes=4915200 tail_percent=10 file_bytes=3795555588 scheduler=distributed read_index=exact
malloc bwt->bwt 3107576584, 0x500008804020
malloc bwt->bwt 3107576584, 0x500008804020
malloc bwt->bwt 3107576584, 0x500008804020
malloc bwt->bwt 3107576584, 0x500008804020
malloc bwt->bwt 3107576584, 0x500008804020
malloc bwt->bwt 3107576584, 0x500008804020
malloc bwt->sa 1553788264, 0x5000c1ba1b40
malloc bwt->sa 1553788264, 0x5000c1ba1b40
malloc bwt->sa 1553788264, 0x5000c1ba1b40
malloc bwt->sa 1553788264, 0x5000c1ba1b40
malloc bwt->sa 1553788264, 0x5000c1ba1b40
malloc bwt->sa 1553788264, 0x5000c1ba1b40
[M::bwa_idx_load_from_disk] read 0 ALT contigs
[M::bwa_idx_load_from_disk] read 0 ALT contigs
[M::bwa_idx_load_from_disk] read 0 ALT contigs
[M::bwa_idx_load_from_disk] read 0 ALT contigs
[M::bwa_idx_load_from_disk] read 0 ALT contigs
[M::bwa_idx_load_from_disk] read 0 ALT contigs
malloc pac 776894131, 0x50011e5708c0
malloc pac 776894131, 0x50011e5708c0
malloc pac 776894131, 0x50011e5708c0
malloc pac 776894131, 0x50011e5708c0
malloc pac 776894131, 0x50011e5708c0
malloc pac 776894131, 0x50011e5708c0
the input file is ../data/bwa_test_big_data/small_SRR7963242_1.fastq
[MPI rank 000005/000006] output: correctness_results/mpi_tail10_bigdata_dynamic_no1_20260824/mpi_dynamic_split/no1/small_SRR7963242_SE.rank000005.sam
[MPI rank 000001/000006] output: correctness_results/mpi_tail10_bigdata_dynamic_no1_20260824/mpi_dynamic_split/no1/small_SRR7963242_SE.rank000001.sam
[MPI rank 000003/000006] output: correctness_results/mpi_tail10_bigdata_dynamic_no1_20260824/mpi_dynamic_split/no1/small_SRR7963242_SE.rank000003.sam
[MPI rank 000002/000006] output: correctness_results/mpi_tail10_bigdata_dynamic_no1_20260824/mpi_dynamic_split/no1/small_SRR7963242_SE.rank000002.sam
[MPI rank 000004/000006] output: correctness_results/mpi_tail10_bigdata_dynamic_no1_20260824/mpi_dynamic_split/no1/small_SRR7963242_SE.rank000004.sam
[MPI rank 000000/000006] output: correctness_results/mpi_tail10_bigdata_dynamic_no1_20260824/mpi_dynamic_split/no1/small_SRR7963242_SE.rank000000.sam
[M::process] read chunk (19660800 bytes/CG x 1 CGs, 19661160 bytes)...
[M::process] read chunk (19660800 bytes/CG x 1 CGs, 19660664 bytes)...
[M::process] read chunk (19660800 bytes/CG x 1 CGs, 19661040 bytes)...
[M::process] read chunk (19660800 bytes/CG x 1 CGs, 19661040 bytes)...
[M::process] read chunk (19660800 bytes/CG x 1 CGs, 19660556 bytes)...
[M::process] read chunk (19660800 bytes/CG x 1 CGs, 19660664 bytes)...
step1 0x50000201d8e0
step1 0x50000201d8e0
step2 get 0x50000201d8e0
step2 get 0x50000201d8e0
[M::process] read chunk (19660800 bytes/CG x 1 CGs, 19660664 bytes)...
[M::process] read chunk (19660800 bytes/CG x 1 CGs, 19660664 bytes)...
step1 0x50000201d8e0
step1 0x50000201d8e0
step1 0x50000201d8e0
step2 get 0x50000201d8e0
step2 get 0x50000201d8e0
[M::process] read chunk (19660800 bytes/CG x 1 CGs, 19661040 bytes)...
step2 get 0x50000201d8e0
[M::process] read chunk (19660800 bytes/CG x 1 CGs, 19661040 bytes)...
[M::process] read chunk (19660800 bytes/CG x 1 CGs, 19660664 bytes)...
step1 0x50000201d8e0
step2 get 0x50000201d8e0
[M::process] read chunk (19660800 bytes/CG x 1 CGs, 19660664 bytes)...
[M::mem_process_seqs_merge2] CPE FASTQ formatting done
[M::mem_process_seqs_merge2] CPE FASTQ formatting done
[M::mem_process_seqs_merge2] CPE FASTQ formatting done
[M::mem_process_seqs_merge2] CPE FASTQ formatting done
[M::mem_process_seqs_merge2] CPE FASTQ formatting done
[M::mem_process_seqs_merge2] CPE FASTQ formatting done
[DBG stage1] slow fread: R1 offset=176947492 requested=19660664 read=19660664 elapsed=1.148 s
step1 0x50000201d930
[DBG stage1] slow fread: R1 offset=117965124 requested=19660664 read=19660664 elapsed=1.150 s
step1 0x50000201d930
step1 0x50000201d930
step1 0x50000201d930
step1 0x50000201d930
step1 0x50000201d930
slave pre done
now n is 52289
processed 52289
[M::mem_process_seqs_merge2] Processed 52289 reads in 0.620 CPU sec, 2.459 real sec
step2 put 0x50000201d8e0
step2 get 0x50000201d930
step3 0x50000201d8e0
[M::process] read chunk (19660800 bytes/CG x 1 CGs, 19660664 bytes)...
[M::mem_process_seqs_merge2] CPE FASTQ formatting done
slave pre done
now n is 52290
processed 52290
[M::mem_process_seqs_merge2] Processed 52290 reads in 0.670 CPU sec, 2.380 real sec
step2 put 0x50000201d8e0
step2 get 0x50000201d930
step3 0x50000201d8e0
[M::process] read chunk (19660800 bytes/CG x 1 CGs, 19660664 bytes)...
[M::mem_process_seqs_merge2] CPE FASTQ formatting done
slave pre done
now n is 52789
processed 52789
[M::mem_process_seqs_merge2] Processed 52789 reads in 0.710 CPU sec, 2.550 real sec
step2 put 0x50000201d8e0
step2 get 0x50000201d930
[M::process] read chunk (19660800 bytes/CG x 1 CGs, 19661040 bytes)...
step3 0x50000201d8e0
[M::mem_process_seqs_merge2] CPE FASTQ formatting done
slave pre done
now n is 52289
processed 52289
[M::mem_process_seqs_merge2] Processed 52289 reads in 0.430 CPU sec, 2.571 real sec
step2 put 0x50000201d8e0
step2 get 0x50000201d930
step3 0x50000201d8e0
[M::process] read chunk (19660800 bytes/CG x 1 CGs, 19661040 bytes)...
step1 0x500002771a80
[M::mem_process_seqs_merge2] CPE FASTQ formatting done
slave pre done
now n is 52290
slave pre done
now n is 52972
processed 52290
[M::mem_process_seqs_merge2] Processed 52290 reads in 0.680 CPU sec, 2.700 real sec
step2 put 0x50000201d8e0
step2 get 0x50000201d930
step3 0x50000201d8e0
[M::process] read chunk (19660800 bytes/CG x 1 CGs, 19660664 bytes)...
[M::mem_process_seqs_merge2] CPE FASTQ formatting done
processed 52972
[M::mem_process_seqs_merge2] Processed 52972 reads in 0.660 CPU sec, 2.980 real sec
step2 put 0x50000201d8e0
step2 get 0x50000201d930
[M::process] read chunk (19660800 bytes/CG x 1 CGs, 19660664 bytes)...
step3 0x50000201d8e0
[M::mem_process_seqs_merge2] CPE FASTQ formatting done
step1 0x500002771a80
step1 0x500002771a80
step1 0x500002771a80
step1 0x500002771a80
step1 0x500002771a80
slave pre done
now n is 52289
processed 52289
[M::mem_process_seqs_merge2] Processed 52289 reads in 0.210 CPU sec, 1.601 real sec
step2 put 0x50000201d930
step2 get 0x500002771a80
step3 0x50000201d930
[M::process] read chunk (19660800 bytes/CG x 1 CGs, 19660820 bytes)...
[M::mem_process_seqs_merge2] CPE FASTQ formatting done
slave pre done
now n is 52290
processed 52290
[M::mem_process_seqs_merge2] Processed 52290 reads in 0.170 CPU sec, 1.640 real sec
step2 put 0x50000201d930
step2 get 0x500002771a80
step3 0x50000201d930
[M::process] read chunk (19660800 bytes/CG x 1 CGs, 19660820 bytes)...
[M::mem_process_seqs_merge2] CPE FASTQ formatting done
slave pre done
now n is 52289
processed 52289
[M::mem_process_seqs_merge2] Processed 52289 reads in 0.270 CPU sec, 1.607 real sec
step2 put 0x50000201d930
step2 get 0x500002771a80
step3 0x50000201d930
[M::process] read chunk (19660800 bytes/CG x 1 CGs, 19660824 bytes)...
[M::mem_process_seqs_merge2] CPE FASTQ formatting done
slave pre done
now n is 52290
processed 52290
[M::mem_process_seqs_merge2] Processed 52290 reads in 0.190 CPU sec, 1.550 real sec
step2 put 0x50000201d930
step2 get 0x500002771a80
step3 0x50000201d930
[M::process] read chunk (19660800 bytes/CG x 1 CGs, 19660820 bytes)...
[M::mem_process_seqs_merge2] CPE FASTQ formatting done
slave pre done
now n is 52289
processed 52289
[M::mem_process_seqs_merge2] Processed 52289 reads in 0.210 CPU sec, 1.689 real sec
step2 put 0x50000201d930
step2 get 0x500002771a80
step3 0x50000201d930
[M::process] read chunk (19660800 bytes/CG x 1 CGs, 19660820 bytes)...
slave pre done
now n is 52289
[M::mem_process_seqs_merge2] CPE FASTQ formatting done
processed 52289
[M::mem_process_seqs_merge2] Processed 52289 reads in 0.190 CPU sec, 1.610 real sec
step2 put 0x50000201d930
step2 get 0x500002771a80
step3 0x50000201d930
[M::process] read chunk (19660800 bytes/CG x 1 CGs, 19660664 bytes)...
[M::mem_process_seqs_merge2] CPE FASTQ formatting done
step1 0x50000201d8e0
step1 0x50000201d8e0
step1 0x50000201d8e0
[DBG stage1] slow fread: R1 offset=452198544 requested=19660820 read=19660820 elapsed=1.031 s
step1 0x50000201d8e0
step1 0x50000201d8e0
step1 0x50000201d8e0
slave pre done
now n is 52289
processed 52289
[M::mem_process_seqs_merge2] Processed 52289 reads in 0.270 CPU sec, 1.658 real sec
step2 put 0x500002771a80
step2 get 0x50000201d8e0
step3 0x500002771a80
[M::process] read chunk (19660800 bytes/CG x 1 CGs, 19660820 bytes)...
[M::mem_process_seqs_merge2] CPE FASTQ formatting done
slave pre done
now n is 52289
processed 52289
[M::mem_process_seqs_merge2] Processed 52289 reads in 0.220 CPU sec, 1.550 real sec
step2 put 0x500002771a80
step2 get 0x50000201d8e0
[M::process] read chunk (19660800 bytes/CG x 1 CGs, 19660820 bytes)...
step3 0x500002771a80
[M::mem_process_seqs_merge2] CPE FASTQ formatting done
slave pre done
now n is 52290
slave pre done
now n is 52289
processed 52290
[M::mem_process_seqs_merge2] Processed 52290 reads in 0.160 CPU sec, 1.610 real sec
step2 put 0x500002771a80
step2 get 0x50000201d8e0
step3 0x500002771a80
[M::process] read chunk (19660800 bytes/CG x 1 CGs, 19660820 bytes)...
processed 52289
[M::mem_process_seqs_merge2] Processed 52289 reads in 0.170 CPU sec, 1.530 real sec
step2 put 0x500002771a80
step2 get 0x50000201d8e0
step3 0x500002771a80
[M::process] read chunk (19660800 bytes/CG x 1 CGs, 19660820 bytes)...
[M::mem_process_seqs_merge2] CPE FASTQ formatting done
[M::mem_process_seqs_merge2] CPE FASTQ formatting done
slave pre done
now n is 52290
processed 52290
[M::mem_process_seqs_merge2] Processed 52290 reads in 0.230 CPU sec, 1.620 real sec
step2 put 0x500002771a80
step2 get 0x50000201d8e0
step3 0x500002771a80
[M::process] read chunk (19660800 bytes/CG x 1 CGs, 19660820 bytes)...
[M::mem_process_seqs_merge2] CPE FASTQ formatting done
slave pre done
now n is 52289
processed 52289
[M::mem_process_seqs_merge2] Processed 52289 reads in 0.200 CPU sec, 1.649 real sec
step2 put 0x500002771a80
step2 get 0x50000201d8e0
step3 0x500002771a80
[M::process] read chunk (19660800 bytes/CG x 1 CGs, 19660820 bytes)...
[M::mem_process_seqs_merge2] CPE FASTQ formatting done
step1 0x50000201d930
step1 0x50000201d930
step1 0x50000201d930
step1 0x50000201d930
step1 0x50000201d930
step1 0x50000201d930
slave pre done
now n is 51739
processed 51739
[M::mem_process_seqs_merge2] Processed 51739 reads in 0.340 CPU sec, 1.510 real sec
step2 put 0x50000201d8e0
step2 get 0x50000201d930
step3 0x50000201d8e0
[M::process] read chunk (19660800 bytes/CG x 1 CGs, 19660820 bytes)...
[M::mem_process_seqs_merge2] CPE FASTQ formatting done
slave pre done
now n is 51739
processed 51739
[M::mem_process_seqs_merge2] Processed 51739 reads in 0.190 CPU sec, 1.530 real sec
step2 put 0x50000201d8e0
step2 get 0x50000201d930
step3 0x50000201d8e0
[M::process] read chunk (19660800 bytes/CG x 1 CGs, 19660820 bytes)...
[M::mem_process_seqs_merge2] CPE FASTQ formatting done
slave pre done
now n is 51739
processed 51739
[M::mem_process_seqs_merge2] Processed 51739 reads in 0.220 CPU sec, 1.470 real sec
step2 put 0x50000201d8e0
step2 get 0x50000201d930
[M::process] read chunk (19660800 bytes/CG x 1 CGs, 19660820 bytes)...
step3 0x50000201d8e0
[M::mem_process_seqs_merge2] CPE FASTQ formatting done
slave pre done
now n is 51795
processed 51795
[M::mem_process_seqs_merge2] Processed 51795 reads in 0.280 CPU sec, 1.581 real sec
step2 put 0x50000201d8e0
step2 get 0x50000201d930
step3 0x50000201d8e0
[M::process] read chunk (19660800 bytes/CG x 1 CGs, 19660820 bytes)...
[M::mem_process_seqs_merge2] CPE FASTQ formatting done
slave pre done
now n is 51739
processed 51739
[M::mem_process_seqs_merge2] Processed 51739 reads in 0.270 CPU sec, 1.510 real sec
step2 put 0x50000201d8e0
step2 get 0x50000201d930
step3 0x50000201d8e0
[M::process] read chunk (19660800 bytes/CG x 1 CGs, 19660440 bytes)...
[M::mem_process_seqs_merge2] CPE FASTQ formatting done
slave pre done
now n is 52289
processed 52289
[M::mem_process_seqs_merge2] Processed 52289 reads in 0.250 CPU sec, 1.589 real sec
step2 put 0x50000201d8e0
step2 get 0x50000201d930
step3 0x50000201d8e0
[M::process] read chunk (19660800 bytes/CG x 1 CGs, 19660820 bytes)...
[M::mem_process_seqs_merge2] CPE FASTQ formatting done
step1 0x500002771a80
[DBG stage1] slow fread: R1 offset=629145924 requested=19660820 read=19660820 elapsed=1.011 s
step1 0x500002771a80
[DBG stage1] slow fread: R1 offset=688128004 requested=19660820 read=19660820 elapsed=1.182 s
step1 0x500002771a80
slave pre done
now n is 51739
processed 51739
[M::mem_process_seqs_merge2] Processed 51739 reads in 0.210 CPU sec, 1.580 real sec
step2 put 0x50000201d930
step2 get 0x500002771a80
[M::process] read chunk (19660800 bytes/CG x 1 CGs, 19660820 bytes)...
[M::mem_process_seqs_merge2] CPE FASTQ formatting done
slave pre done
now n is 51739
processed 51739
[M::mem_process_seqs_merge2] Processed 51739 reads in 0.180 CPU sec, 1.590 real sec
step2 put 0x50000201d930
step2 get 0x500002771a80
[M::process] read chunk (19660800 bytes/CG x 1 CGs, 19660820 bytes)...
[M::mem_process_seqs_merge2] CPE FASTQ formatting done
slave pre done
now n is 51739
processed 51739
[M::mem_process_seqs_merge2] Processed 51739 reads in 0.240 CPU sec, 1.590 real sec
step2 put 0x50000201d930
step2 get 0x500002771a80
[M::process] read chunk (19660800 bytes/CG x 1 CGs, 19660820 bytes)...
[M::mem_process_seqs_merge2] CPE FASTQ formatting done
[DBG stage1] slow fread: R1 offset=589824284 requested=19660820 read=19660820 elapsed=1.237 s
step1 0x500002771a80
[DBG stage1] slow fread: R1 offset=609485104 requested=19660820 read=19660820 elapsed=1.238 s
step1 0x500002771a80
slave pre done
now n is 51739
slave pre done
now n is 51739
processed 51739
[M::mem_process_seqs_merge2] Processed 51739 reads in 0.220 CPU sec, 1.489 real sec
step2 put 0x50000201d930
processed 51739
[M::mem_process_seqs_merge2] Processed 51739 reads in 0.250 CPU sec, 1.578 real sec
step2 put 0x50000201d930
step2 get 0x500002771a80
[M::process] read chunk (19660800 bytes/CG x 1 CGs, 19660820 bytes)...
[M::mem_process_seqs_merge2] CPE FASTQ formatting done
[DBG stage1] slow fread: R1 offset=668467564 requested=19660440 read=19660440 elapsed=1.198 s
step1 0x500002771a80
step2 get 0x500002771a80
[M::process] read chunk (19660800 bytes/CG x 1 CGs, 19660820 bytes)...
[M::mem_process_seqs_merge2] CPE FASTQ formatting done
slave pre done
now n is 51739
processed 51739
[M::mem_process_seqs_merge2] Processed 51739 reads in 0.260 CPU sec, 1.590 real sec
step2 put 0x50000201d930
step2 get 0x500002771a80
[M::process] read chunk (19660800 bytes/CG x 1 CGs, 19660820 bytes)...
[M::mem_process_seqs_merge2] CPE FASTQ formatting done
slave pre done
now n is 51739
processed 51739
[M::mem_process_seqs_merge2] Processed 51739 reads in 0.160 CPU sec, 1.530 real sec
step2 put 0x500002771a80
slave pre done
now n is 51739
processed 51739
[M::mem_process_seqs_merge2] Processed 51739 reads in 0.160 CPU sec, 1.510 real sec
step2 put 0x500002771a80
[DBG stage1] slow fread: R1 offset=766771284 requested=19660820 read=19660820 elapsed=1.405 s
step1 0x500002771ad0
[DBG stage1] slow fread: R1 offset=747110464 requested=19660820 read=19660820 elapsed=1.151 s
step1 0x500002771ad0
step2 get 0x500002771ad0
[M::process] read chunk (19660800 bytes/CG x 1 CGs, 19660820 bytes)...
[M::mem_process_seqs_merge2] CPE FASTQ formatting done
slave pre done
now n is 51739
processed 51739
[M::mem_process_seqs_merge2] Processed 51739 reads in 0.220 CPU sec, 1.480 real sec
step2 put 0x500002771a80
step2 get 0x500002771ad0
[M::process] read chunk (19660800 bytes/CG x 1 CGs, 19660820 bytes)...
[M::mem_process_seqs_merge2] CPE FASTQ formatting done
[DBG stage1] slow fread: R1 offset=806092924 requested=19660820 read=19660820 elapsed=1.455 s
step1 0x500002771ad0
slave pre done
now n is 51739
step2 get 0x500002771ad0
[M::process] read chunk (19660800 bytes/CG x 1 CGs, 19660820 bytes)...
[M::mem_process_seqs_merge2] CPE FASTQ formatting done
processed 51739
[M::mem_process_seqs_merge2] Processed 51739 reads in 0.230 CPU sec, 1.570 real sec
step2 put 0x500002771a80
slave pre done
now n is 51738
processed 51738
[M::mem_process_seqs_merge2] Processed 51738 reads in 0.230 CPU sec, 1.541 real sec
step2 put 0x500002771a80
[DBG stage1] slow fread: R1 offset=707788824 requested=19660820 read=19660820 elapsed=1.478 s
step1 0x500002771ad0
slave pre done
now n is 51739
[DBG stage1] slow fread: R1 offset=727449644 requested=19660820 read=19660820 elapsed=1.474 s
step1 0x500002771ad0
processed 51739
[M::mem_process_seqs_merge2] Processed 51739 reads in 0.120 CPU sec, 1.530 real sec
step2 put 0x500002771a80
step2 get 0x500002771ad0
[M::process] read chunk (19660800 bytes/CG x 1 CGs, 19660820 bytes)...
step2 get 0x500002771ad0
[M::process] read chunk (19660800 bytes/CG x 1 CGs, 19660820 bytes)...
[M::mem_process_seqs_merge2] CPE FASTQ formatting done
[M::mem_process_seqs_merge2] CPE FASTQ formatting done
[DBG stage1] slow fread: R1 offset=786432104 requested=19660820 read=19660820 elapsed=1.427 s
step1 0x500002771ad0
step2 get 0x500002771ad0
[M::process] read chunk (19660800 bytes/CG x 1 CGs, 19660820 bytes)...
[M::mem_process_seqs_merge2] CPE FASTQ formatting done
[DBG stage1] slow fread: R1 offset=865075384 requested=19660820 read=19660820 elapsed=1.110 s
step1 0x500002771b20
slave pre done
now n is 51739
processed 51739
[M::mem_process_seqs_merge2] Processed 51739 reads in 0.150 CPU sec, 1.521 real sec
step2 put 0x500002771ad0
slave pre done
now n is 51739
processed 51739
[M::mem_process_seqs_merge2] Processed 51739 reads in 0.300 CPU sec, 1.580 real sec
step2 put 0x500002771ad0
step2 get 0x500002771b20
[M::process] read chunk (19660800 bytes/CG x 1 CGs, 19660820 bytes)...
[M::mem_process_seqs_merge2] CPE FASTQ formatting done
slave pre done
now n is 51739
processed 51739
[M::mem_process_seqs_merge2] Processed 51739 reads in 0.120 CPU sec, 1.531 real sec
step2 put 0x500002771ad0
[DBG stage1] slow fread: R1 offset=884736204 requested=19660820 read=19660820 elapsed=1.425 s
step1 0x500002771b20
step2 get 0x500002771b20
[M::process] read chunk (19660800 bytes/CG x 1 CGs, 19660820 bytes)...
[M::mem_process_seqs_merge2] CPE FASTQ formatting done
[DBG stage1] slow fread: R1 offset=825753744 requested=19660820 read=19660820 elapsed=1.467 s
step1 0x500002771b20
slave pre done
now n is 51739
processed 51739
[M::mem_process_seqs_merge2] Processed 51739 reads in 0.180 CPU sec, 1.530 real sec
step2 put 0x500002771ad0
slave pre done
now n is 51739
processed 51739
[M::mem_process_seqs_merge2] Processed 51739 reads in 0.150 CPU sec, 1.570 real sec
step2 put 0x500002771ad0
step2 get 0x500002771b20
[M::process] read chunk (19660800 bytes/CG x 1 CGs, 19660820 bytes)...
[M::mem_process_seqs_merge2] CPE FASTQ formatting done
slave pre done
now n is 51739
processed 51739
[M::mem_process_seqs_merge2] Processed 51739 reads in 0.230 CPU sec, 1.600 real sec
step2 put 0x500002771ad0
[DBG stage1] slow fread: R1 offset=845414564 requested=19660820 read=19660820 elapsed=1.400 s
step1 0x500002771b20
step2 get 0x500002771b20
[M::process] read chunk (19660800 bytes/CG x 1 CGs, 19660820 bytes)...
[M::mem_process_seqs_merge2] CPE FASTQ formatting done
[DBG stage1] slow fread: R1 offset=924057844 requested=19660820 read=19660820 elapsed=1.731 s
step1 0x500002771b20
step2 get 0x500002771b20
[M::process] read chunk (19660800 bytes/CG x 1 CGs, 19660440 bytes)...
[M::mem_process_seqs_merge2] CPE FASTQ formatting done
[DBG stage1] slow fread: R1 offset=904397024 requested=19660820 read=19660820 elapsed=1.379 s
step1 0x500002771b20
step2 get 0x500002771b20
[M::process] read chunk (19660800 bytes/CG x 1 CGs, 19660820 bytes)...
[M::mem_process_seqs_merge2] CPE FASTQ formatting done
slave pre done
now n is 51739
processed 51739
[M::mem_process_seqs_merge2] Processed 51739 reads in 0.100 CPU sec, 1.470 real sec
step2 put 0x500002771b20
[DBG stage1] slow fread: R1 offset=1002701124 requested=19660820 read=19660820 elapsed=1.056 s
step1 0x500002771b70
slave pre done
now n is 51739
processed 51739
[M::mem_process_seqs_merge2] Processed 51739 reads in 0.250 CPU sec, 1.510 real sec
step2 put 0x500002771b20
step2 get 0x500002771b70
[M::process] read chunk (19660800 bytes/CG x 1 CGs, 19660820 bytes)...
[DBG stage1] slow fread: R1 offset=983040304 requested=19660820 read=19660820 elapsed=1.365 s
[DBG stage1] slow fread: R1 offset=943718664 requested=19660820 read=19660820 elapsed=1.092 s
step1 0x500002771b70
step1 0x500002771b70
step2 get 0x500002771b70
[M::process] read chunk (19660800 bytes/CG x 1 CGs, 19660820 bytes)...
slave pre done
now n is 51739
processed 51739
[M::mem_process_seqs_merge2] Processed 51739 reads in 0.140 CPU sec, 1.600 real sec
step2 put 0x500002771b20
step2 get 0x500002771b70
[M::process] read chunk (19660800 bytes/CG x 1 CGs, 19660820 bytes)...
slave pre done
now n is 51739
processed 51739
[M::mem_process_seqs_merge2] Processed 51739 reads in 0.240 CPU sec, 1.510 real sec
step2 put 0x500002771b20
slave pre done
now n is 51739
processed 51739
[M::mem_process_seqs_merge2] Processed 51739 reads in 0.230 CPU sec, 1.560 real sec
step2 put 0x500002771b20
[DBG stage1] slow fread: R1 offset=963379484 requested=19660820 read=19660820 elapsed=1.261 s
step1 0x500002771b70
step2 get 0x500002771b70
[M::process] read chunk (19660800 bytes/CG x 1 CGs, 19660820 bytes)...
[DBG stage1] slow fread: R1 offset=1042022764 requested=19660440 read=19660440 elapsed=1.246 s
step1 0x500002771b70
step2 get 0x500002771b70
[M::process] read chunk (19660800 bytes/CG x 1 CGs, 19660820 bytes)...
[DBG stage1] slow fread: R1 offset=1022361944 requested=19660820 read=19660820 elapsed=1.190 s
slave pre done
now n is 51739
step1 0x500002771b70
processed 51739
[M::mem_process_seqs_merge2] Processed 51739 reads in 0.180 CPU sec, 1.571 real sec
step2 put 0x500002771b20
step2 get 0x500002771b70
[M::process] read chunk (19660800 bytes/CG x 1 CGs, 19660820 bytes)...
step1 0x500002771bc0
step1 0x500002771bc0
step1 0x500002771bc0
step1 0x500002771bc0
step1 0x500002771bc0
step1 0x500002771bc0
step3 0x50000201d930
[M::mem_process_seqs_merge2] CPE FASTQ formatting done
step3 0x500002771a80
step3 0x500002771ad0
step3 0x50000201d930
[M::mem_process_seqs_merge2] CPE FASTQ formatting done
step3 0x500002771a80
step3 0x50000201d930
[M::mem_process_seqs_merge2] CPE FASTQ formatting done
step3 0x500002771ad0
step3 0x50000201d930
step3 0x500002771a80
step3 0x50000201d930
step3 0x50000201d930
[M::mem_process_seqs_merge2] CPE FASTQ formatting done
[M::mem_process_seqs_merge2] CPE FASTQ formatting done
step3 0x500002771ad0
[M::mem_process_seqs_merge2] CPE FASTQ formatting done
step3 0x500002771a80
step3 0x500002771a80
step3 0x500002771a80
step3 0x500002771ad0
step3 0x500002771ad0
step3 0x500002771ad0
slave pre done
now n is 51739
processed 51739
[M::mem_process_seqs_merge2] Processed 51739 reads in 0.480 CPU sec, 1.530 real sec
step2 put 0x500002771b70
step2 get 0x500002771bc0
[M::process] read chunk (19660800 bytes/CG x 1 CGs, 19660820 bytes)...
[M::mem_process_seqs_merge2] CPE FASTQ formatting done
slave pre done
now n is 51738
processed 51738
[M::mem_process_seqs_merge2] Processed 51738 reads in 0.330 CPU sec, 1.640 real sec
step2 put 0x500002771b70
step2 get 0x500002771bc0
[M::process] read chunk (19660800 bytes/CG x 1 CGs, 19660820 bytes)...
slave pre done
now n is 51739
[M::mem_process_seqs_merge2] CPE FASTQ formatting done
slave pre done
now n is 51739
processed 51739
[M::mem_process_seqs_merge2] Processed 51739 reads in 0.340 CPU sec, 1.600 real sec
step2 put 0x500002771b70
step2 get 0x500002771bc0
[M::process] read chunk (19660800 bytes/CG x 1 CGs, 19660820 bytes)...
processed 51739
[M::mem_process_seqs_merge2] Processed 51739 reads in 0.380 CPU sec, 1.540 real sec
step2 put 0x500002771b70
step2 get 0x500002771bc0
[M::mem_process_seqs_merge2] CPE FASTQ formatting done
[M::process] read chunk (19660800 bytes/CG x 1 CGs, 19660820 bytes)...
[M::mem_process_seqs_merge2] CPE FASTQ formatting done
slave pre done
now n is 51739
processed 51739
[M::mem_process_seqs_merge2] Processed 51739 reads in 0.320 CPU sec, 1.600 real sec
step2 put 0x500002771b70
step2 get 0x500002771bc0
[M::process] read chunk (19660800 bytes/CG x 1 CGs, 19660820 bytes)...
slave pre done
now n is 51739
processed 51739
[M::mem_process_seqs_merge2] Processed 51739 reads in 0.330 CPU sec, 1.641 real sec
step2 put 0x500002771b70
step2 get 0x500002771bc0
[M::process] read chunk (19660800 bytes/CG x 1 CGs, 19660820 bytes)...
[M::mem_process_seqs_merge2] CPE FASTQ formatting done
[M::mem_process_seqs_merge2] CPE FASTQ formatting done
[DBG stage1] slow fread: R1 offset=1238630584 requested=19660820 read=19660820 elapsed=1.177 s
step1 0x500002771a80
[DBG stage1] slow fread: R1 offset=1179648124 requested=19660820 read=19660820 elapsed=1.141 s
step1 0x500002771a80
slave pre done
now n is 51739
processed 51739
[M::mem_process_seqs_merge2] Processed 51739 reads in 0.210 CPU sec, 1.661 real sec
step2 put 0x500002771bc0
step2 get 0x500002771a80
[M::process] read chunk (19660800 bytes/CG x 1 CGs, 19660820 bytes)...
[M::mem_process_seqs_merge2] CPE FASTQ formatting done
slave pre done
now n is 51739
processed 51739
[M::mem_process_seqs_merge2] Processed 51739 reads in 0.250 CPU sec, 1.521 real sec
step2 put 0x500002771bc0
slave pre done
now n is 51739
slave pre done
now n is 51739
processed 51739
[M::mem_process_seqs_merge2] Processed 51739 reads in 0.150 CPU sec, 1.590 real sec
step2 put 0x500002771bc0
processed 51739
[M::mem_process_seqs_merge2] Processed 51739 reads in 0.130 CPU sec, 1.640 real sec
step2 put 0x500002771bc0
[DBG stage1] slow fread: R1 offset=1258291404 requested=19660820 read=19660820 elapsed=1.101 s
step1 0x500002771a80
slave pre done
now n is 51739
slave pre done
now n is 51739
[DBG stage1] slow fread: R1 offset=1218969764 requested=19660820 read=19660820 elapsed=1.407 s
step1 0x500002771a80
processed 51739
[M::mem_process_seqs_merge2] Processed 51739 reads in 0.160 CPU sec, 1.600 real sec
step2 put 0x500002771bc0
step2 get 0x500002771a80
[M::process] read chunk (19660800 bytes/CG x 1 CGs, 19660820 bytes)...
step2 get 0x500002771a80
[M::process] read chunk (19660800 bytes/CG x 1 CGs, 19660820 bytes)...
processed 51739
[M::mem_process_seqs_merge2] Processed 51739 reads in 0.260 CPU sec, 1.589 real sec
step2 put 0x500002771bc0
step2 get 0x500002771a80
[DBG stage1] slow fread: R1 offset=1199308944 requested=19660820 read=19660820 elapsed=1.390 s
step1 0x500002771a80
[M::mem_process_seqs_merge2] CPE FASTQ formatting done
[M::process] read chunk (19660800 bytes/CG x 1 CGs, 19660820 bytes)...
[M::mem_process_seqs_merge2] CPE FASTQ formatting done
step2 get 0x500002771a80
[M::process] read chunk (19660800 bytes/CG x 1 CGs, 19660820 bytes)...
[M::mem_process_seqs_merge2] CPE FASTQ formatting done
[M::mem_process_seqs_merge2] CPE FASTQ formatting done
[DBG stage1] slow fread: R1 offset=1277952224 requested=19660820 read=19660820 elapsed=1.732 s
step1 0x500002771a80
step2 get 0x500002771a80
[M::process] read chunk (19660800 bytes/CG x 1 CGs, 19660820 bytes)...
[M::mem_process_seqs_merge2] CPE FASTQ formatting done
slave pre done
now n is 51739
processed 51739
[M::mem_process_seqs_merge2] Processed 51739 reads in 0.190 CPU sec, 1.628 real sec
step2 put 0x500002771a80
[DBG stage1] slow fread: R1 offset=1356595504 requested=19660820 read=19660820 elapsed=1.463 s
step1 0x50000201d930
step2 get 0x50000201d930
[M::process] read chunk (19660800 bytes/CG x 1 CGs, 19660820 bytes)...
slave pre done
now n is 51739
processed 51739
[M::mem_process_seqs_merge2] Processed 51739 reads in 0.250 CPU sec, 1.491 real sec
step2 put 0x500002771a80
[DBG stage1] slow fread: R1 offset=1376256324 requested=19660820 read=19660820 elapsed=1.149 s
step1 0x50000201d930
[DBG stage1] slow fread: R1 offset=1317273864 requested=19660820 read=19660820 elapsed=1.146 s
step1 0x50000201d930
slave pre done
now n is 51739
processed 51739
[M::mem_process_seqs_merge2] Processed 51739 reads in 0.290 CPU sec, 1.570 real sec
step2 put 0x500002771a80
step2 get 0x50000201d930
[M::process] read chunk (19660800 bytes/CG x 1 CGs, 19660820 bytes)...
slave pre done
now n is 51739
[DBG stage1] slow fread: R1 offset=1297613044 requested=19660820 read=19660820 elapsed=1.426 s
step1 0x50000201d930
processed 51739
[M::mem_process_seqs_merge2] Processed 51739 reads in 0.140 CPU sec, 1.670 real sec
step2 put 0x500002771a80
step2 get 0x50000201d930
[M::process] read chunk (19660800 bytes/CG x 1 CGs, 19660440 bytes)...
[DBG stage1] slow fread: R1 offset=1336934684 requested=19660820 read=19660820 elapsed=1.368 s
step1 0x50000201d930
step2 get 0x50000201d930
[M::process] read chunk (19660800 bytes/CG x 1 CGs, 19660820 bytes)...
slave pre done
now n is 51739
processed 51739
[M::mem_process_seqs_merge2] Processed 51739 reads in 0.180 CPU sec, 1.820 real sec
step2 put 0x500002771a80
step2 get 0x50000201d930
[M::process] read chunk (19660800 bytes/CG x 1 CGs, 19660820 bytes)...
[DBG stage1] slow fread: R1 offset=1395917144 requested=19660820 read=19660820 elapsed=1.250 s
step1 0x50000201d930
slave pre done
now n is 51739
processed 51739
[M::mem_process_seqs_merge2] Processed 51739 reads in 0.230 CPU sec, 1.760 real sec
step2 put 0x500002771a80
step2 get 0x50000201d930
[M::process] read chunk (19660800 bytes/CG x 1 CGs, 19660820 bytes)...
step1 0x50000201d8e0
step1 0x50000201d8e0
step1 0x50000201d8e0
step1 0x50000201d8e0
step1 0x50000201d8e0
step1 0x50000201d8e0
step3 0x500002771b20
[M::mem_process_seqs_merge2] CPE FASTQ formatting done
step3 0x500002771b70
step3 0x500002771bc0
step3 0x500002771b20
[M::mem_process_seqs_merge2] CPE FASTQ formatting done
step3 0x500002771b70
step3 0x500002771bc0
step3 0x500002771b20
[M::mem_process_seqs_merge2] CPE FASTQ formatting done
step3 0x500002771b20
step3 0x500002771b70
[M::mem_process_seqs_merge2] CPE FASTQ formatting done
step3 0x500002771b20
step3 0x500002771bc0
step3 0x500002771b20
step3 0x500002771b70
[M::mem_process_seqs_merge2] CPE FASTQ formatting done
[M::mem_process_seqs_merge2] CPE FASTQ formatting done
step3 0x500002771b70
step3 0x500002771b70
step3 0x500002771bc0
step3 0x500002771bc0
step3 0x500002771bc0
slave pre done
now n is 51739
processed 51739
[M::mem_process_seqs_merge2] Processed 51739 reads in 0.320 CPU sec, 1.520 real sec
step2 put 0x50000201d930
step2 get 0x50000201d8e0
[M::process] read chunk (19660800 bytes/CG x 1 CGs, 19660820 bytes)...
[M::mem_process_seqs_merge2] CPE FASTQ formatting done
slave pre done
now n is 51739
processed 51739
[M::mem_process_seqs_merge2] Processed 51739 reads in 0.410 CPU sec, 1.580 real sec
step2 put 0x50000201d930
step2 get 0x50000201d8e0
[M::process] read chunk (19660800 bytes/CG x 1 CGs, 19660820 bytes)...
[M::mem_process_seqs_merge2] CPE FASTQ formatting done
slave pre done
now n is 51739
slave pre done
now n is 51739
processed 51739
[M::mem_process_seqs_merge2] Processed 51739 reads in 0.450 CPU sec, 1.610 real sec
step2 put 0x50000201d930
step2 get 0x50000201d8e0
processed 51739
[M::mem_process_seqs_merge2] Processed 51739 reads in 0.390 CPU sec, 1.540 real sec
step2 put 0x50000201d930
step2 get 0x50000201d8e0
[M::process] read chunk (19660800 bytes/CG x 1 CGs, 19660820 bytes)...
[M::mem_process_seqs_merge2] CPE FASTQ formatting done
[M::process] read chunk (19660800 bytes/CG x 1 CGs, 19660820 bytes)...
[M::mem_process_seqs_merge2] CPE FASTQ formatting done
slave pre done
now n is 51739
processed 51739
[M::mem_process_seqs_merge2] Processed 51739 reads in 0.350 CPU sec, 1.920 real sec
step2 put 0x50000201d930
step2 get 0x50000201d8e0
[M::process] read chunk (19660800 bytes/CG x 1 CGs, 19660820 bytes)...
[M::mem_process_seqs_merge2] CPE FASTQ formatting done
slave pre done
now n is 51739
processed 51739
[M::mem_process_seqs_merge2] Processed 51739 reads in 0.270 CPU sec, 1.640 real sec
step2 put 0x50000201d930
step2 get 0x50000201d8e0
[M::process] read chunk (19660800 bytes/CG x 1 CGs, 19660820 bytes)...
[M::mem_process_seqs_merge2] CPE FASTQ formatting done
[DBG stage1] slow fread: R1 offset=1592524964 requested=19660820 read=19660820 elapsed=1.036 s
step1 0x500002771b70
slave pre done
now n is 51739
processed 51739
[M::mem_process_seqs_merge2] Processed 51739 reads in 0.240 CPU sec, 1.520 real sec
step2 put 0x50000201d8e0
step2 get 0x500002771b70
[M::process] read chunk (19660800 bytes/CG x 1 CGs, 19660820 bytes)...
[M::mem_process_seqs_merge2] CPE FASTQ formatting done
[DBG stage1] slow fread: R1 offset=1572864144 requested=19660820 read=19660820 elapsed=1.154 s
step1 0x500002771b70
slave pre done
now n is 51739
processed 51739
[M::mem_process_seqs_merge2] Processed 51739 reads in 0.160 CPU sec, 1.590 real sec
step2 put 0x50000201d8e0
step2 get 0x500002771b70
[M::process] read chunk (19660800 bytes/CG x 1 CGs, 19660820 bytes)...
[M::mem_process_seqs_merge2] CPE FASTQ formatting done
slave pre done
now n is 51739
slave pre done
now n is 51739
processed 51739
[M::mem_process_seqs_merge2] Processed 51739 reads in 0.250 CPU sec, 1.570 real sec
step2 put 0x50000201d8e0
processed 51739
[M::mem_process_seqs_merge2] Processed 51739 reads in 0.260 CPU sec, 1.571 real sec
step2 put 0x50000201d8e0
[DBG stage1] slow fread: R1 offset=1533542504 requested=19660820 read=19660820 elapsed=1.475 s
step1 0x500002771b70
slave pre done
now n is 51738
processed 51738
[M::mem_process_seqs_merge2] Processed 51738 reads in 0.150 CPU sec, 1.550 real sec
step2 put 0x50000201d8e0
step2 get 0x500002771b70
[M::process] read chunk (19660800 bytes/CG x 1 CGs, 19660820 bytes)...
[M::mem_process_seqs_merge2] CPE FASTQ formatting done
slave pre done
now n is 51739
processed 51739
[M::mem_process_seqs_merge2] Processed 51739 reads in 0.110 CPU sec, 1.661 real sec
step2 put 0x50000201d8e0
[DBG stage1] slow fread: R1 offset=1612185784 requested=19660820 read=19660820 elapsed=1.398 s
step1 0x500002771b70
step2 get 0x500002771b70
[M::process] read chunk (19660800 bytes/CG x 1 CGs, 19660820 bytes)...
[DBG stage1] slow fread: R1 offset=1553203324 requested=19660820 read=19660820 elapsed=1.405 s
step1 0x500002771b70
[M::mem_process_seqs_merge2] CPE FASTQ formatting done
step2 get 0x500002771b70
[M::process] read chunk (19660800 bytes/CG x 1 CGs, 19660820 bytes)...
[M::mem_process_seqs_merge2] CPE FASTQ formatting done
[DBG stage1] slow fread: R1 offset=1631846604 requested=19660820 read=19660820 elapsed=1.387 s
step1 0x500002771b70
step2 get 0x500002771b70
[M::process] read chunk (19660800 bytes/CG x 1 CGs, 19660820 bytes)...
[M::mem_process_seqs_merge2] CPE FASTQ formatting done
slave pre done
now n is 51739
processed 51739
[M::mem_process_seqs_merge2] Processed 51739 reads in 0.220 CPU sec, 1.560 real sec
step2 put 0x500002771b70
[DBG stage1] slow fread: R1 offset=1710489884 requested=19660820 read=19660820 elapsed=1.444 s
step1 0x500002771b20
step2 get 0x500002771b20
[M::process] read chunk (19660800 bytes/CG x 1 CGs, 19660820 bytes)...
[DBG stage1] slow fread: R1 offset=1690829064 requested=19660820 read=19660820 elapsed=1.177 s
step1 0x500002771b20
slave pre done
now n is 51739
processed 51739
[M::mem_process_seqs_merge2] Processed 51739 reads in 0.130 CPU sec, 1.560 real sec
step2 put 0x500002771b70
step2 get 0x500002771b20
[M::process] read chunk (19660800 bytes/CG x 1 CGs, 19660820 bytes)...
slave pre done
now n is 51739
slave pre done
now n is 51739
processed 51739
processed 51739
[M::mem_process_seqs_merge2] Processed 51739 reads in 0.190 CPU sec, 1.630 real sec
step2 put 0x500002771b70
[M::mem_process_seqs_merge2] Processed 51739 reads in 0.280 CPU sec, 1.530 real sec
step2 put 0x500002771b70
[DBG stage1] slow fread: R1 offset=1651507424 requested=19660820 read=19660820 elapsed=1.470 s
step1 0x500002771b20
step2 get 0x500002771b20
[M::process] read chunk (19660800 bytes/CG x 1 CGs, 19660820 bytes)...
slave pre done
now n is 51739
slave pre done
now n is 51739
processed 51739
[M::mem_process_seqs_merge2] Processed 51739 reads in 0.190 CPU sec, 1.510 real sec
step2 put 0x500002771b70
processed 51739
[M::mem_process_seqs_merge2] Processed 51739 reads in 0.250 CPU sec, 1.581 real sec
step2 put 0x500002771b70
[DBG stage1] slow fread: R1 offset=1730150704 requested=19660820 read=19660820 elapsed=1.308 s
step1 0x500002771b20
step2 get 0x500002771b20
[DBG stage1] slow fread: R1 offset=1671168244 requested=19660820 read=19660820 elapsed=1.284 s
[M::process] read chunk (19660800 bytes/CG x 1 CGs, 19660820 bytes)...
step1 0x500002771b20
step2 get 0x500002771b20
[M::process] read chunk (19660800 bytes/CG x 1 CGs, 19660440 bytes)...
[DBG stage1] slow fread: R1 offset=1749811524 requested=19660820 read=19660820 elapsed=1.242 s
step1 0x500002771b20
step2 get 0x500002771b20
[M::process] read chunk (19660800 bytes/CG x 1 CGs, 19660820 bytes)...
step1 0x500002771ad0
step1 0x500002771ad0
step1 0x500002771ad0
step1 0x500002771ad0
step1 0x500002771ad0
step1 0x500002771ad0
step3 0x500002771a80
[M::mem_process_seqs_merge2] CPE FASTQ formatting done
step3 0x50000201d930
step3 0x500002771a80
step3 0x50000201d8e0
[M::mem_process_seqs_merge2] CPE FASTQ formatting done
step3 0x500002771b70
step3 0x50000201d930
step3 0x500002771a80
step3 0x50000201d8e0
[M::mem_process_seqs_merge2] CPE FASTQ formatting done
step3 0x500002771a80
step3 0x50000201d930
step3 0x500002771b70
[M::mem_process_seqs_merge2] CPE FASTQ formatting done
step3 0x500002771a80
step3 0x50000201d930
step3 0x500002771a80
step3 0x50000201d8e0
[M::mem_process_seqs_merge2] CPE FASTQ formatting done
[M::mem_process_seqs_merge2] CPE FASTQ formatting done
step3 0x50000201d930
step3 0x50000201d8e0
step3 0x500002771b70
step3 0x500002771b70
step3 0x50000201d8e0
step3 0x50000201d930
step3 0x500002771b70
step3 0x50000201d8e0
step3 0x500002771b70
slave pre done
now n is 51739
processed 51739
[M::mem_process_seqs_merge2] Processed 51739 reads in 0.440 CPU sec, 1.560 real sec
step2 put 0x500002771b20
step2 get 0x500002771ad0
[M::process] read chunk (19660800 bytes/CG x 1 CGs, 19660820 bytes)...
[M::mem_process_seqs_merge2] CPE FASTQ formatting done
slave pre done
now n is 51739
processed 51739
[M::mem_process_seqs_merge2] Processed 51739 reads in 0.290 CPU sec, 1.570 real sec
step2 put 0x500002771b20
step2 get 0x500002771ad0
[M::process] read chunk (19660800 bytes/CG x 1 CGs, 19660820 bytes)...
[M::mem_process_seqs_merge2] CPE FASTQ formatting done
slave pre done
now n is 51739
processed 51739
[M::mem_process_seqs_merge2] Processed 51739 reads in 0.420 CPU sec, 1.530 real sec
step2 put 0x500002771b20
step2 get 0x500002771ad0
[M::process] read chunk (19660800 bytes/CG x 1 CGs, 19660820 bytes)...
[M::mem_process_seqs_merge2] CPE FASTQ formatting done
slave pre done
now n is 51739
processed 51739
[M::mem_process_seqs_merge2] Processed 51739 reads in 0.390 CPU sec, 1.561 real sec
step2 put 0x500002771b20
step2 get 0x500002771ad0
[M::process] read chunk (19660800 bytes/CG x 1 CGs, 19660820 bytes)...
[M::mem_process_seqs_merge2] CPE FASTQ formatting done
slave pre done
now n is 51739
processed 51739
[M::mem_process_seqs_merge2] Processed 51739 reads in 0.320 CPU sec, 1.560 real sec
step2 put 0x500002771b20
step2 get 0x500002771ad0
[M::process] read chunk (19660800 bytes/CG x 1 CGs, 19660820 bytes)...
slave pre done
now n is 51739
processed 51739
[M::mem_process_seqs_merge2] Processed 51739 reads in 0.370 CPU sec, 1.570 real sec
step2 put 0x500002771b20
step2 get 0x500002771ad0
[M::mem_process_seqs_merge2] CPE FASTQ formatting done
[M::process] read chunk (19660800 bytes/CG x 1 CGs, 19660820 bytes)...
[M::mem_process_seqs_merge2] CPE FASTQ formatting done
step1 0x50000201d8e0
slave pre done
now n is 51739
processed 51739
[M::mem_process_seqs_merge2] Processed 51739 reads in 0.260 CPU sec, 1.604 real sec
step2 put 0x500002771ad0
step2 get 0x50000201d8e0
[DBG stage1] slow fread: R1 offset=1887436884 requested=19660820 read=19660820 elapsed=1.148 s
step1 0x50000201d8e0
[M::process] read chunk (19660800 bytes/CG x 1 CGs, 19660820 bytes)...
[M::mem_process_seqs_merge2] CPE FASTQ formatting done
slave pre done
now n is 51739
processed 51739
[M::mem_process_seqs_merge2] Processed 51739 reads in 0.230 CPU sec, 1.630 real sec
step2 put 0x500002771ad0
slave pre done
now n is 51739
processed 51739
[M::mem_process_seqs_merge2] Processed 51739 reads in 0.280 CPU sec, 1.600 real sec
step2 put 0x500002771ad0
slave pre done
now n is 51739
processed 51739
[M::mem_process_seqs_merge2] Processed 51739 reads in 0.150 CPU sec, 1.510 real sec
step2 put 0x500002771ad0
step2 get 0x50000201d8e0
[DBG stage1] slow fread: R1 offset=1926758524 requested=19660820 read=19660820 elapsed=1.408 s
step1 0x50000201d8e0
[M::process] read chunk (19660800 bytes/CG x 1 CGs, 19660820 bytes)...
[M::mem_process_seqs_merge2] CPE FASTQ formatting done
step2 get 0x50000201d8e0
[M::process] read chunk (19660800 bytes/CG x 1 CGs, 19660820 bytes)...
[M::mem_process_seqs_merge2] CPE FASTQ formatting done
slave pre done
now n is 51738
slave pre done
now n is 51739
processed 51738
[M::mem_process_seqs_merge2] Processed 51738 reads in 0.270 CPU sec, 1.550 real sec
step2 put 0x500002771ad0
processed 51739
[M::mem_process_seqs_merge2] Processed 51739 reads in 0.310 CPU sec, 1.629 real sec
step2 put 0x500002771ad0
[DBG stage1] slow fread: R1 offset=1985740984 requested=19660820 read=19660820 elapsed=1.695 s
step1 0x50000201d8e0
step2 get 0x50000201d8e0
[M::process] read chunk (19660800 bytes/CG x 1 CGs, 19660820 bytes)...
[M::mem_process_seqs_merge2] CPE FASTQ formatting done
[DBG stage1] slow fread: R1 offset=1966080164 requested=19660820 read=19660820 elapsed=1.395 s
step1 0x50000201d8e0
step2 get 0x50000201d8e0
[M::process] read chunk (19660800 bytes/CG x 1 CGs, 19660820 bytes)...
[M::mem_process_seqs_merge2] CPE FASTQ formatting done
[DBG stage1] slow fread: R1 offset=1907097704 requested=19660820 read=19660820 elapsed=1.398 s
step1 0x50000201d8e0
step2 get 0x50000201d8e0
[M::process] read chunk (19660800 bytes/CG x 1 CGs, 19660820 bytes)...
[M::mem_process_seqs_merge2] CPE FASTQ formatting done
[DBG stage1] slow fread: R1 offset=2064384264 requested=19660820 read=19660820 elapsed=1.123 s
step1 0x50000201d930
[DBG stage1] slow fread: R1 offset=2005401804 requested=19660820 read=19660820 elapsed=1.128 s
step1 0x50000201d930
slave pre done
now n is 51739
processed 51739
[M::mem_process_seqs_merge2] Processed 51739 reads in 0.170 CPU sec, 1.587 real sec
step2 put 0x50000201d8e0
step2 get 0x50000201d930
[M::process] read chunk (19660800 bytes/CG x 1 CGs, 19660820 bytes)...
[M::mem_process_seqs_merge2] CPE FASTQ formatting done
slave pre done
now n is 51739
processed 51739
[M::mem_process_seqs_merge2] Processed 51739 reads in 0.220 CPU sec, 1.590 real sec
step2 put 0x50000201d8e0
slave pre done
now n is 51739
slave pre done
now n is 51739
processed 51739
[M::mem_process_seqs_merge2] Processed 51739 reads in 0.130 CPU sec, 1.560 real sec
step2 put 0x50000201d8e0
processed 51739
[M::mem_process_seqs_merge2] Processed 51739 reads in 0.140 CPU sec, 1.650 real sec
step2 put 0x50000201d8e0
step2 get 0x50000201d930
[M::process] read chunk (19660800 bytes/CG x 1 CGs, 19660820 bytes)...
[M::mem_process_seqs_merge2] CPE FASTQ formatting done
slave pre done
now n is 51739
processed 51739
[M::mem_process_seqs_merge2] Processed 51739 reads in 0.200 CPU sec, 1.530 real sec
step2 put 0x50000201d8e0
[DBG stage1] slow fread: R1 offset=2044723444 requested=19660820 read=19660820 elapsed=1.406 s
step1 0x50000201d930
step2 get 0x50000201d930
[M::process] read chunk (19660800 bytes/CG x 1 CGs, 19660440 bytes)...
[M::mem_process_seqs_merge2] CPE FASTQ formatting done
slave pre done
now n is 51739
processed 51739
[M::mem_process_seqs_merge2] Processed 51739 reads in 0.280 CPU sec, 1.571 real sec
step2 put 0x50000201d8e0
[DBG stage1] slow fread: R1 offset=2084045084 requested=19660820 read=19660820 elapsed=1.346 s
step1 0x50000201d930
step2 get 0x50000201d930
[M::process] read chunk (19660800 bytes/CG x 1 CGs, 19660820 bytes)...
[M::mem_process_seqs_merge2] CPE FASTQ formatting done
[DBG stage1] slow fread: R1 offset=2103705904 requested=19660820 read=19660820 elapsed=1.543 s
step1 0x50000201d930
step2 get 0x50000201d930
[M::process] read chunk (19660800 bytes/CG x 1 CGs, 19660820 bytes)...
[M::mem_process_seqs_merge2] CPE FASTQ formatting done
[DBG stage1] slow fread: R1 offset=2025062624 requested=19660820 read=19660820 elapsed=1.336 s
step1 0x50000201d930
step2 get 0x50000201d930
[M::process] read chunk (19660800 bytes/CG x 1 CGs, 19660820 bytes)...
[M::mem_process_seqs_merge2] CPE FASTQ formatting done
slave pre done
now n is 51739
processed 51739
[M::mem_process_seqs_merge2] Processed 51739 reads in 0.260 CPU sec, 1.580 real sec
step2 put 0x50000201d930
[DBG stage1] slow fread: R1 offset=2182348804 requested=19660820 read=19660820 elapsed=1.383 s
step1 0x500002771a80
step2 get 0x500002771a80
[M::process] read chunk (19660800 bytes/CG x 1 CGs, 19660820 bytes)...
[DBG stage1] slow fread: R1 offset=2123366724 requested=19660820 read=19660820 elapsed=1.116 s
step1 0x500002771a80
slave pre done
now n is 51739
processed 51739
[M::mem_process_seqs_merge2] Processed 51739 reads in 0.110 CPU sec, 1.650 real sec
step2 put 0x50000201d930
step2 get 0x500002771a80
[M::process] read chunk (19660800 bytes/CG x 1 CGs, 19660820 bytes)...
[DBG stage1] slow fread: R1 offset=2202009624 requested=19660820 read=19660820 elapsed=1.044 s
step1 0x500002771a80
slave pre done
now n is 51739
processed 51739
[M::mem_process_seqs_merge2] Processed 51739 reads in 0.130 CPU sec, 1.660 real sec
step2 put 0x50000201d930
slave pre done
now n is 51739
processed 51739
[M::mem_process_seqs_merge2] Processed 51739 reads in 0.340 CPU sec, 1.511 real sec
step2 put 0x50000201d930
step2 get 0x500002771a80
[DBG stage1] slow fread: R1 offset=2162688364 requested=19660440 read=19660440 elapsed=1.358 s
step1 0x500002771a80
[M::process] read chunk (19660800 bytes/CG x 1 CGs, 19660820 bytes)...
step2 get 0x500002771a80
[M::process] read chunk (19660800 bytes/CG x 1 CGs, 19660820 bytes)...
slave pre done
now n is 51739
processed 51739
[M::mem_process_seqs_merge2] Processed 51739 reads in 0.220 CPU sec, 1.570 real sec
step2 put 0x50000201d930
slave pre done
now n is 51739
processed 51739
[M::mem_process_seqs_merge2] Processed 51739 reads in 0.170 CPU sec, 1.550 real sec
step2 put 0x50000201d930
[DBG stage1] slow fread: R1 offset=2221670444 requested=19660820 read=19660820 elapsed=1.270 s
step1 0x500002771a80
step2 get 0x500002771a80
[M::process] read chunk (19660800 bytes/CG x 1 CGs, 19660820 bytes)...
[DBG stage1] slow fread: R1 offset=2143027544 requested=19660820 read=19660820 elapsed=1.236 s
step1 0x500002771a80
step2 get 0x500002771a80
[M::process] read chunk (19660800 bytes/CG x 1 CGs, 19660820 bytes)...
step1 0x500002771bc0
step1 0x500002771bc0
step1 0x500002771bc0
step1 0x500002771bc0
step1 0x500002771bc0
step3 0x500002771b20
[M::mem_process_seqs_merge2] CPE FASTQ formatting done
step1 0x500002771bc0
step3 0x500002771ad0
step3 0x50000201d8e0
step3 0x500002771b20
[M::mem_process_seqs_merge2] CPE FASTQ formatting done
step3 0x500002771ad0
step3 0x500002771b20
step3 0x50000201d8e0
step3 0x500002771b20
[M::mem_process_seqs_merge2] CPE FASTQ formatting done
step3 0x500002771b20
[M::mem_process_seqs_merge2] CPE FASTQ formatting done
step3 0x500002771ad0
[M::mem_process_seqs_merge2] CPE FASTQ formatting done
step3 0x500002771ad0
step3 0x500002771b20
step3 0x500002771ad0
[M::mem_process_seqs_merge2] CPE FASTQ formatting done
step3 0x50000201d8e0
step3 0x50000201d8e0
step3 0x50000201d8e0
step3 0x500002771ad0
step3 0x50000201d8e0
slave pre done
now n is 51739
processed 51739
[M::mem_process_seqs_merge2] Processed 51739 reads in 0.290 CPU sec, 1.550 real sec
step2 put 0x500002771a80
step2 get 0x500002771bc0
[M::process] read chunk (19660800 bytes/CG x 1 CGs, 19660820 bytes)...
[M::mem_process_seqs_merge2] CPE FASTQ formatting done
slave pre done
now n is 51739
processed 51739
[M::mem_process_seqs_merge2] Processed 51739 reads in 0.290 CPU sec, 1.590 real sec
step2 put 0x500002771a80
step2 get 0x500002771bc0
[M::process] read chunk (19660800 bytes/CG x 1 CGs, 19660820 bytes)...
[M::mem_process_seqs_merge2] CPE FASTQ formatting done
slave pre done
now n is 51739
processed 51739
[M::mem_process_seqs_merge2] Processed 51739 reads in 0.490 CPU sec, 1.550 real sec
step2 put 0x500002771a80
step2 get 0x500002771bc0
[M::process] read chunk (19660800 bytes/CG x 1 CGs, 19660820 bytes)...
[M::mem_process_seqs_merge2] CPE FASTQ formatting done
slave pre done
now n is 51739
processed 51739
[M::mem_process_seqs_merge2] Processed 51739 reads in 0.380 CPU sec, 1.512 real sec
step2 put 0x500002771a80
step2 get 0x500002771bc0
slave pre done
now n is 51739
[M::process] read chunk (19660800 bytes/CG x 1 CGs, 19660820 bytes)...
slave pre done
now n is 51738
processed 51739
[M::mem_process_seqs_merge2] Processed 51739 reads in 0.350 CPU sec, 1.611 real sec
step2 put 0x500002771a80
step2 get 0x500002771bc0
[M::mem_process_seqs_merge2] CPE FASTQ formatting done
processed 51738
[M::mem_process_seqs_merge2] Processed 51738 reads in 0.320 CPU sec, 1.651 real sec
step2 put 0x500002771a80
step2 get 0x500002771bc0
[M::process] read chunk (19660800 bytes/CG x 1 CGs, 19660820 bytes)...
[M::process] read chunk (19660800 bytes/CG x 1 CGs, 19660820 bytes)...
[M::mem_process_seqs_merge2] CPE FASTQ formatting done
[M::mem_process_seqs_merge2] CPE FASTQ formatting done
[DBG stage1] slow fread: R1 offset=2418278644 requested=19660820 read=19660820 elapsed=1.152 s
step1 0x500002771ad0
slave pre done
now n is 51739
processed 51739
[M::mem_process_seqs_merge2] Processed 51739 reads in 0.210 CPU sec, 1.561 real sec
step2 put 0x500002771bc0
step2 get 0x500002771ad0
[M::process] read chunk (19660800 bytes/CG x 1 CGs, 19660440 bytes)...
[M::mem_process_seqs_merge2] CPE FASTQ formatting done
slave pre done
now n is 51739
[DBG stage1] slow fread: R1 offset=2437939464 requested=19660820 read=19660820 elapsed=1.120 s
step1 0x500002771ad0
processed 51739
[M::mem_process_seqs_merge2] Processed 51739 reads in 0.240 CPU sec, 1.641 real sec
step2 put 0x500002771bc0
[DBG stage1] slow fread: R1 offset=2378957004 requested=19660820 read=19660820 elapsed=1.103 s
step1 0x500002771ad0
[DBG stage1] slow fread: R1 offset=2359296184 requested=19660820 read=19660820 elapsed=1.468 s
step1 0x500002771ad0
slave pre done
now n is 51739
processed 51739
[M::mem_process_seqs_merge2] Processed 51739 reads in 0.230 CPU sec, 1.650 real sec
step2 put 0x500002771bc0
step2 get 0x500002771ad0
slave pre done
now n is 51739
slave pre done
now n is 51739
[M::process] read chunk (19660800 bytes/CG x 1 CGs, 19660820 bytes)...
[M::mem_process_seqs_merge2] CPE FASTQ formatting done
processed 51739
[M::mem_process_seqs_merge2] Processed 51739 reads in 0.130 CPU sec, 1.580 real sec
step2 put 0x500002771bc0
step2 get 0x500002771ad0
[M::process] read chunk (19660800 bytes/CG x 1 CGs, 19660820 bytes)...
slave pre done
now n is 51739
processed 51739
[M::mem_process_seqs_merge2] Processed 51739 reads in 0.230 CPU sec, 1.580 real sec
step2 put 0x500002771bc0
[DBG stage1] slow fread: R1 offset=2457600284 requested=19660820 read=19660820 elapsed=1.667 s
step1 0x500002771ad0
step2 get 0x500002771ad0
processed 51739
[M::mem_process_seqs_merge2] Processed 51739 reads in 0.230 CPU sec, 1.628 real sec
step2 put 0x500002771bc0
step2 get 0x500002771ad0
[M::mem_process_seqs_merge2] CPE FASTQ formatting done
[M::process] read chunk (19660800 bytes/CG x 1 CGs, 19660820 bytes)...
[M::mem_process_seqs_merge2] CPE FASTQ formatting done
[M::process] read chunk (19660800 bytes/CG x 1 CGs, 19660820 bytes)...
[M::mem_process_seqs_merge2] CPE FASTQ formatting done
[DBG stage1] slow fread: R1 offset=2398617824 requested=19660820 read=19660820 elapsed=1.331 s
step1 0x500002771ad0
step2 get 0x500002771ad0
[M::process] read chunk (19660800 bytes/CG x 1 CGs, 19660820 bytes)...
[M::mem_process_seqs_merge2] CPE FASTQ formatting done
slave pre done
now n is 51739
processed 51739
[M::mem_process_seqs_merge2] Processed 51739 reads in 0.230 CPU sec, 1.578 real sec
step2 put 0x500002771ad0
[DBG stage1] slow fread: R1 offset=2536243564 requested=19660440 read=19660440 elapsed=1.427 s
step1 0x500002771b20
step2 get 0x500002771b20
[M::process] read chunk (19660800 bytes/CG x 1 CGs, 19660820 bytes)...
slave pre done
now n is 51739
processed 51739
[M::mem_process_seqs_merge2] Processed 51739 reads in 0.250 CPU sec, 1.570 real sec
step2 put 0x500002771ad0
[DBG stage1] slow fread: R1 offset=2477261104 requested=19660820 read=19660820 elapsed=1.546 s
slave pre done
now n is 51739
step1 0x500002771b20
processed 51739
[M::mem_process_seqs_merge2] Processed 51739 reads in 0.170 CPU sec, 1.570 real sec
step2 put 0x500002771ad0
slave pre done
now n is 51739
processed 51739
[M::mem_process_seqs_merge2] Processed 51739 reads in 0.160 CPU sec, 1.601 real sec
step2 put 0x500002771ad0
step2 get 0x500002771b20
slave pre done
now n is 51739
processed 51739
[M::mem_process_seqs_merge2] Processed 51739 reads in 0.270 CPU sec, 1.590 real sec
step2 put 0x500002771ad0
[M::process] read chunk (19660800 bytes/CG x 1 CGs, 19660820 bytes)...
[DBG stage1] slow fread: R1 offset=2516582744 requested=19660820 read=19660820 elapsed=1.118 s
step1 0x500002771b20
slave pre done
now n is 51739
processed 51739
[M::mem_process_seqs_merge2] Processed 51739 reads in 0.190 CPU sec, 1.600 real sec
step2 put 0x500002771ad0
step2 get 0x500002771b20
[M::process] read chunk (19660800 bytes/CG x 1 CGs, 19660820 bytes)...
[DBG stage1] slow fread: R1 offset=2555904004 requested=19660820 read=19660820 elapsed=1.452 s
step1 0x500002771b20
step2 get 0x500002771b20
[M::process] read chunk (19660800 bytes/CG x 1 CGs, 19660820 bytes)...
[DBG stage1] slow fread: R1 offset=2575564824 requested=19660820 read=19660820 elapsed=1.410 s
step1 0x500002771b20
step2 get 0x500002771b20
[DBG stage1] slow fread: R1 offset=2496921924 requested=19660820 read=19660820 elapsed=1.419 s
step1 0x500002771b20
[M::process] read chunk (19660800 bytes/CG x 1 CGs, 19660820 bytes)...
step2 get 0x500002771b20
[M::process] read chunk (19660800 bytes/CG x 1 CGs, 19660820 bytes)...
step1 0x500002771b70
step1 0x500002771b70
step1 0x500002771b70
step1 0x500002771b70
step1 0x500002771b70
step1 0x500002771b70
step3 0x50000201d930
[M::mem_process_seqs_merge2] CPE FASTQ formatting done
step3 0x500002771a80
step3 0x500002771bc0
step3 0x50000201d930
[M::mem_process_seqs_merge2] CPE FASTQ formatting done
step3 0x50000201d930
step3 0x500002771a80
[M::mem_process_seqs_merge2] CPE FASTQ formatting done
step3 0x50000201d930
step3 0x50000201d930
step3 0x500002771a80
[M::mem_process_seqs_merge2] CPE FASTQ formatting done
[M::mem_process_seqs_merge2] CPE FASTQ formatting done
step3 0x500002771bc0
step3 0x500002771a80
step3 0x500002771a80
step3 0x500002771bc0
step3 0x50000201d930
[M::mem_process_seqs_merge2] CPE FASTQ formatting done
step3 0x500002771bc0
step3 0x500002771bc0
step3 0x500002771a80
step3 0x500002771bc0
slave pre done
now n is 51738
processed 51738
[M::mem_process_seqs_merge2] Processed 51738 reads in 0.350 CPU sec, 1.597 real sec
step2 put 0x500002771b20
step2 get 0x500002771b70
[M::process] read chunk (19660800 bytes/CG x 1 CGs, 19660820 bytes)...
[M::mem_process_seqs_merge2] CPE FASTQ formatting done
slave pre done
now n is 51739
processed 51739
[M::mem_process_seqs_merge2] Processed 51739 reads in 0.300 CPU sec, 1.530 real sec
step2 put 0x500002771b20
step2 get 0x500002771b70
[M::process] read chunk (19660800 bytes/CG x 1 CGs, 19660820 bytes)...
[M::mem_process_seqs_merge2] CPE FASTQ formatting done
slave pre done
now n is 51739
slave pre done
now n is 51739
processed 51739
[M::mem_process_seqs_merge2] Processed 51739 reads in 0.340 CPU sec, 1.570 real sec
step2 put 0x500002771b20
step2 get 0x500002771b70
[M::process] read chunk (19660800 bytes/CG x 1 CGs, 19660820 bytes)...
processed 51739
[M::mem_process_seqs_merge2] Processed 51739 reads in 0.290 CPU sec, 1.570 real sec
step2 put 0x500002771b20
step2 get 0x500002771b70
[M::process] read chunk (19660800 bytes/CG x 1 CGs, 19660820 bytes)...
[M::mem_process_seqs_merge2] CPE FASTQ formatting done
[M::mem_process_seqs_merge2] CPE FASTQ formatting done
slave pre done
now n is 51739
slave pre done
now n is 51739
processed 51739
[M::mem_process_seqs_merge2] Processed 51739 reads in 0.410 CPU sec, 1.780 real sec
step2 put 0x500002771b20
step2 get 0x500002771b70
[M::process] read chunk (19660800 bytes/CG x 1 CGs, 19660820 bytes)...
processed 51739
[M::mem_process_seqs_merge2] Processed 51739 reads in 0.430 CPU sec, 1.570 real sec
step2 put 0x500002771b20
step2 get 0x500002771b70
[M::mem_process_seqs_merge2] CPE FASTQ formatting done
[M::process] read chunk (19660800 bytes/CG x 1 CGs, 19660820 bytes)...
[M::mem_process_seqs_merge2] CPE FASTQ formatting done
[DBG stage1] slow fread: R1 offset=2772173024 requested=19660820 read=19660820 elapsed=1.322 s
step1 0x500002771a80
slave pre done
now n is 51739
processed 51739
[M::mem_process_seqs_merge2] Processed 51739 reads in 0.290 CPU sec, 1.803 real sec
step2 put 0x500002771b70
step2 get 0x500002771a80
[M::process] read chunk (19660800 bytes/CG x 1 CGs, 19660820 bytes)...
slave pre done
now n is 51739
[M::mem_process_seqs_merge2] CPE FASTQ formatting done
processed 51739
[M::mem_process_seqs_merge2] Processed 51739 reads in 0.210 CPU sec, 1.540 real sec
step2 put 0x500002771b70
slave pre done
now n is 51739
processed 51739
[M::mem_process_seqs_merge2] Processed 51739 reads in 0.160 CPU sec, 1.520 real sec
step2 put 0x500002771b70
[DBG stage1] slow fread: R1 offset=2713190564 requested=19660820 read=19660820 elapsed=1.513 s
step1 0x500002771a80
[DBG stage1] slow fread: R1 offset=2752512204 requested=19660820 read=19660820 elapsed=1.149 s
step1 0x500002771a80
step2 get 0x500002771a80
[M::process] read chunk (19660800 bytes/CG x 1 CGs, 19660820 bytes)...
[M::mem_process_seqs_merge2] CPE FASTQ formatting done
slave pre done
now n is 51739
processed 51739
[M::mem_process_seqs_merge2] Processed 51739 reads in 0.210 CPU sec, 1.510 real sec
step2 put 0x500002771b70
slave pre done
now n is 51739
[DBG stage1] slow fread: R1 offset=2791833844 requested=19660820 read=19660820 elapsed=1.460 s
step1 0x500002771a80
processed 51739
[M::mem_process_seqs_merge2] Processed 51739 reads in 0.210 CPU sec, 1.570 real sec
step2 put 0x500002771b70
slave pre done
now n is 51739
step2 get 0x500002771a80
[M::process] read chunk (19660800 bytes/CG x 1 CGs, 19660440 bytes)...
processed 51739
[M::mem_process_seqs_merge2] Processed 51739 reads in 0.180 CPU sec, 1.670 real sec
step2 put 0x500002771b70
step2 get 0x500002771a80
[M::process] read chunk (19660800 bytes/CG x 1 CGs, 19660820 bytes)...
[M::mem_process_seqs_merge2] CPE FASTQ formatting done
[M::mem_process_seqs_merge2] CPE FASTQ formatting done
[DBG stage1] slow fread: R1 offset=2732851384 requested=19660820 read=19660820 elapsed=1.437 s
step1 0x500002771a80
step2 get 0x500002771a80
[M::process] read chunk (19660800 bytes/CG x 1 CGs, 19660820 bytes)...
[M::mem_process_seqs_merge2] CPE FASTQ formatting done
[DBG stage1] slow fread: R1 offset=2811494664 requested=19660820 read=19660820 elapsed=1.555 s
step1 0x500002771a80
step2 get 0x500002771a80
[M::process] read chunk (19660800 bytes/CG x 1 CGs, 19660820 bytes)...
[M::mem_process_seqs_merge2] CPE FASTQ formatting done
[DBG stage1] slow fread: R1 offset=2890137944 requested=19660820 read=19660820 elapsed=1.080 s
step1 0x50000201d930
slave pre done
now n is 51739
[DBG stage1] slow fread: R1 offset=2831155484 requested=19660820 read=19660820 elapsed=1.087 s
step1 0x50000201d930
processed 51739
[M::mem_process_seqs_merge2] Processed 51739 reads in 0.220 CPU sec, 1.693 real sec
step2 put 0x500002771a80
step2 get 0x50000201d930
[M::process] read chunk (19660800 bytes/CG x 1 CGs, 19660820 bytes)...
slave pre done
now n is 51739
processed 51739
[M::mem_process_seqs_merge2] Processed 51739 reads in 0.190 CPU sec, 1.580 real sec
step2 put 0x500002771a80
slave pre done
now n is 51739
processed 51739
[M::mem_process_seqs_merge2] Processed 51739 reads in 0.210 CPU sec, 1.530 real sec
step2 put 0x500002771a80
[DBG stage1] slow fread: R1 offset=2870477124 requested=19660820 read=19660820 elapsed=1.386 s
step1 0x50000201d930
step2 get 0x50000201d930
[M::process] read chunk (19660800 bytes/CG x 1 CGs, 19660820 bytes)...
slave pre done
now n is 51739
[DBG stage1] slow fread: R1 offset=2909798764 requested=19660440 read=19660440 elapsed=1.382 s
step1 0x50000201d930
step2 get 0x50000201d930
[M::process] read chunk (19660800 bytes/CG x 1 CGs, 19660820 bytes)...
processed 51739
[M::mem_process_seqs_merge2] Processed 51739 reads in 0.130 CPU sec, 1.720 real sec
step2 put 0x500002771a80
step2 get 0x50000201d930
[M::process] read chunk (19660800 bytes/CG x 1 CGs, 19660820 bytes)...
slave pre done
now n is 51739
processed 51739
[M::mem_process_seqs_merge2] Processed 51739 reads in 0.210 CPU sec, 1.540 real sec
step2 put 0x500002771a80
[DBG stage1] slow fread: R1 offset=2850816304 requested=19660820 read=19660820 elapsed=1.264 s
step1 0x50000201d930
slave pre done
now n is 51739
processed 51739
[M::mem_process_seqs_merge2] Processed 51739 reads in 0.190 CPU sec, 1.541 real sec
step2 put 0x500002771a80
step2 get 0x50000201d930
[M::process] read chunk (19660800 bytes/CG x 1 CGs, 19660820 bytes)...
[DBG stage1] slow fread: R1 offset=2929459204 requested=19660820 read=19660820 elapsed=1.254 s
step1 0x50000201d930
step2 get 0x50000201d930
[M::process] read chunk (19660800 bytes/CG x 1 CGs, 19660820 bytes)...
step1 0x50000201d8e0
step1 0x50000201d8e0
step1 0x50000201d8e0
step1 0x50000201d8e0
step1 0x50000201d8e0
step1 0x50000201d8e0
step3 0x500002771ad0
[M::mem_process_seqs_merge2] CPE FASTQ formatting done
step3 0x500002771b20
step3 0x500002771b70
step3 0x500002771a80
step3 0x500002771ad0
step3 0x500002771ad0
[M::mem_process_seqs_merge2] CPE FASTQ formatting done
[M::mem_process_seqs_merge2] CPE FASTQ formatting done
step3 0x500002771b20
step3 0x500002771ad0
step3 0x500002771b20
step3 0x500002771ad0
[M::mem_process_seqs_merge2] CPE FASTQ formatting done
step3 0x500002771b70
step3 0x500002771b20
[M::mem_process_seqs_merge2] CPE FASTQ formatting done
step3 0x500002771b70
step3 0x500002771b20
step3 0x500002771ad0
step3 0x500002771a80
step3 0x500002771b70
step3 0x500002771a80
[M::mem_process_seqs_merge2] CPE FASTQ formatting done
step3 0x500002771b70
step3 0x500002771a80
step3 0x500002771a80
step3 0x500002771b20
step3 0x500002771b70
step3 0x500002771a80
slave pre done
now n is 51739
processed 51739
[M::mem_process_seqs_merge2] Processed 51739 reads in 0.340 CPU sec, 1.580 real sec
step2 put 0x50000201d930
step2 get 0x50000201d8e0
[M::process] read chunk (19660800 bytes/CG x 1 CGs, 19660820 bytes)...
[M::mem_process_seqs_merge2] CPE FASTQ formatting done
slave pre done
now n is 51738
processed 51738
[M::mem_process_seqs_merge2] Processed 51738 reads in 0.430 CPU sec, 1.556 real sec
step2 put 0x50000201d930
step2 get 0x50000201d8e0
[M::process] read chunk (19660800 bytes/CG x 1 CGs, 19660820 bytes)...
[M::mem_process_seqs_merge2] CPE FASTQ formatting done
slave pre done
now n is 51739
processed 51739
[M::mem_process_seqs_merge2] Processed 51739 reads in 0.360 CPU sec, 1.570 real sec
step2 put 0x50000201d930
step2 get 0x50000201d8e0
[M::process] read chunk (19660800 bytes/CG x 1 CGs, 19660820 bytes)...
[M::mem_process_seqs_merge2] CPE FASTQ formatting done
slave pre done
now n is 51739
slave pre done
now n is 51739
processed 51739
[M::mem_process_seqs_merge2] Processed 51739 reads in 0.330 CPU sec, 1.590 real sec
step2 put 0x50000201d930
step2 get 0x50000201d8e0
processed 51739
[M::mem_process_seqs_merge2] Processed 51739 reads in 0.410 CPU sec, 1.570 real sec
step2 put 0x50000201d930
step2 get 0x50000201d8e0
[M::process] read chunk (19660800 bytes/CG x 1 CGs, 19660820 bytes)...
[M::mem_process_seqs_merge2] CPE FASTQ formatting done
[M::process] read chunk (19660800 bytes/CG x 1 CGs, 19660820 bytes)...
[M::mem_process_seqs_merge2] CPE FASTQ formatting done
slave pre done
now n is 51739
processed 51739
[M::mem_process_seqs_merge2] Processed 51739 reads in 0.450 CPU sec, 1.560 real sec
step2 put 0x50000201d930
step2 get 0x50000201d8e0
[M::process] read chunk (19660800 bytes/CG x 1 CGs, 19660820 bytes)...
[M::mem_process_seqs_merge2] CPE FASTQ formatting done
[DBG stage1] slow fread: R1 offset=3126067404 requested=19660820 read=19660820 elapsed=1.277 s
step1 0x500002771b70
[DBG stage1] slow fread: R1 offset=3067084944 requested=19660820 read=19660820 elapsed=1.097 s
step1 0x500002771b70
slave pre done
now n is 51739
processed 51739
[M::mem_process_seqs_merge2] Processed 51739 reads in 0.140 CPU sec, 1.630 real sec
step2 put 0x50000201d8e0
step2 get 0x500002771b70
[DBG stage1] slow fread: R1 offset=3145728224 requested=19660820 read=19660820 elapsed=1.101 s
step1 0x500002771b70
[M::process] read chunk (19660800 bytes/CG x 1 CGs, 19660820 bytes)...
[M::mem_process_seqs_merge2] CPE FASTQ formatting done
slave pre done
now n is 51739
processed 51739
[M::mem_process_seqs_merge2] Processed 51739 reads in 0.270 CPU sec, 1.560 real sec
step2 put 0x50000201d8e0
step2 get 0x500002771b70
[M::process] read chunk (19660800 bytes/CG x 1 CGs, 19660820 bytes)...
[M::mem_process_seqs_merge2] CPE FASTQ formatting done
slave pre done
now n is 51739
slave pre done
now n is 51739
processed 51739
[M::mem_process_seqs_merge2] Processed 51739 reads in 0.190 CPU sec, 1.660 real sec
step2 put 0x50000201d8e0
processed 51739
[M::mem_process_seqs_merge2] Processed 51739 reads in 0.140 CPU sec, 1.570 real sec
step2 put 0x50000201d8e0
step2 get 0x500002771b70
[M::process] read chunk (19660800 bytes/CG x 1 CGs, 19660820 bytes)...
[M::mem_process_seqs_merge2] CPE FASTQ formatting done
slave pre done
now n is 51739
processed 51739
[M::mem_process_seqs_merge2] Processed 51739 reads in 0.210 CPU sec, 1.630 real sec
step2 put 0x50000201d8e0
slave pre done
now n is 51739
processed 51739
[M::mem_process_seqs_merge2] Processed 51739 reads in 0.210 CPU sec, 1.620 real sec
step2 put 0x50000201d8e0
[DBG stage1] slow fread: R1 offset=3106406584 requested=19660820 read=19660820 elapsed=1.367 s
step1 0x500002771b70
step2 get 0x500002771b70
[M::process] read chunk (19660800 bytes/CG x 1 CGs, 19660820 bytes)...
[M::mem_process_seqs_merge2] CPE FASTQ formatting done
[DBG stage1] slow fread: R1 offset=3086745764 requested=19660820 read=19660820 elapsed=1.358 s
step1 0x500002771b70
step2 get 0x500002771b70
[M::process] read chunk (19660800 bytes/CG x 1 CGs, 19660820 bytes)...
[M::mem_process_seqs_merge2] CPE FASTQ formatting done
[DBG stage1] slow fread: R1 offset=3165389044 requested=19660820 read=19660820 elapsed=1.694 s
step1 0x500002771b70
step2 get 0x500002771b70
[M::process] read chunk (19660800 bytes/CG x 1 CGs, 19660440 bytes)...
[M::mem_process_seqs_merge2] CPE FASTQ formatting done
slave pre done
now n is 51739
processed 51739
[M::mem_process_seqs_merge2] Processed 51739 reads in 0.200 CPU sec, 1.540 real sec
step2 put 0x500002771b70
[DBG stage1] slow fread: R1 offset=3263693144 requested=19660820 read=19660820 elapsed=1.084 s
step1 0x500002771b20
slave pre done
now n is 51739
processed 51739
[M::mem_process_seqs_merge2] Processed 51739 reads in 0.140 CPU sec, 1.549 real sec
step2 put 0x500002771b70
step2 get 0x500002771b20
[DBG stage1] slow fread: R1 offset=3244032324 requested=19660820 read=19660820 elapsed=1.404 s
step1 0x500002771b20
[M::process] read chunk (19660800 bytes/CG x 1 CGs, 19660820 bytes)...
[M::mem_process_seqs_merge2] CPE FASTQ formatting done
step2 get 0x500002771b20
[M::process] read chunk (19660800 bytes/CG x 1 CGs, 19660820 bytes)...
[M::mem_process_seqs_merge2] CPE FASTQ formatting done
slave pre done
now n is 51739
processed 51739
[M::mem_process_seqs_merge2] Processed 51739 reads in 0.200 CPU sec, 1.560 real sec
step2 put 0x500002771b70
[DBG stage1] slow fread: R1 offset=3204710684 requested=19660820 read=19660820 elapsed=1.028 s
step1 0x500002771b20
slave pre done
now n is 51739
[DBG stage1] slow fread: R1 offset=3185049864 requested=19660820 read=19660820 elapsed=1.376 s
step1 0x500002771b20
step2 get 0x500002771b20
processed 51739
[M::mem_process_seqs_merge2] Processed 51739 reads in 0.230 CPU sec, 1.550 real sec
step2 put 0x500002771b70
[M::process] read chunk (19660800 bytes/CG x 1 CGs, 19660820 bytes)...
[M::mem_process_seqs_merge2] CPE FASTQ formatting done
slave pre done
now n is 51739
processed 51739
[M::mem_process_seqs_merge2] Processed 51739 reads in 0.250 CPU sec, 1.601 real sec
step2 put 0x500002771b70
step2 get 0x500002771b20
[M::process] read chunk (19660800 bytes/CG x 1 CGs, 19660820 bytes)...
[M::mem_process_seqs_merge2] CPE FASTQ formatting done
[DBG stage1] slow fread: R1 offset=3224371504 requested=19660820 read=19660820 elapsed=1.343 s
step1 0x500002771b20
step2 get 0x500002771b20
[M::process] read chunk (19660800 bytes/CG x 1 CGs, 19660820 bytes)...
[M::mem_process_seqs_merge2] CPE FASTQ formatting done
slave pre done
now n is 51739
processed 51739
[M::mem_process_seqs_merge2] Processed 51739 reads in 0.160 CPU sec, 1.620 real sec
step2 put 0x500002771b70
[DBG stage1] slow fread: R1 offset=3283353964 requested=19660440 read=19660440 elapsed=1.373 s
step1 0x500002771b20
step2 get 0x500002771b20
[M::process] read chunk (19660800 bytes/CG x 1 CGs, 4915300 bytes)...
[M::mem_process_seqs_merge2] CPE FASTQ formatting done
[DBG stage1] slow fread: R1 offset=3381657684 requested=19660820 read=19660820 elapsed=1.105 s
step1 0x500002771ad0
slave pre done
now n is 51739
processed 51739
[M::mem_process_seqs_merge2] Processed 51739 reads in 0.160 CPU sec, 1.520 real sec
step2 put 0x500002771b20
slave pre done
now n is 51739
processed 51739
[M::mem_process_seqs_merge2] Processed 51739 reads in 0.170 CPU sec, 1.620 real sec
step2 put 0x500002771b20
step2 get 0x500002771ad0
[M::process] read chunk (19660800 bytes/CG x 1 CGs, 4915300 bytes)...
[DBG stage1] slow fread: R1 offset=3361996864 requested=19660820 read=19660820 elapsed=1.471 s
step1 0x500002771ad0
step2 get 0x500002771ad0
[M::process] read chunk (19660800 bytes/CG x 1 CGs, 4915300 bytes)...
step1 0x500002771ad0
slave pre done
now n is 51739
processed 51739
[M::mem_process_seqs_merge2] Processed 51739 reads in 0.160 CPU sec, 1.530 real sec
step2 put 0x500002771b20
[DBG stage1] slow fread: R1 offset=3322675224 requested=19660820 read=19660820 elapsed=1.080 s
step1 0x500002771ad0
slave pre done
now n is 51739
processed 51739
[M::mem_process_seqs_merge2] Processed 51739 reads in 0.330 CPU sec, 1.558 real sec
step2 put 0x500002771b20
step2 get 0x500002771ad0
[DBG stage1] slow fread: R1 offset=3303014404 requested=19660820 read=19660820 elapsed=1.340 s
step1 0x500002771ad0
step2 get 0x500002771ad0
[M::process] read chunk (19660800 bytes/CG x 1 CGs, 4914920 bytes)...
step1 0x500002771bc0
[M::process] read chunk (19660800 bytes/CG x 1 CGs, 4915300 bytes)...
slave pre done
now n is 51739
processed 51739
[M::mem_process_seqs_merge2] Processed 51739 reads in 0.160 CPU sec, 1.560 real sec
step2 put 0x500002771b20
step1 0x500002771bc0
[DBG stage1] slow fread: R1 offset=3342336044 requested=19660820 read=19660820 elapsed=1.226 s
step1 0x500002771ad0
step2 get 0x500002771ad0
[M::process] read chunk (19660800 bytes/CG x 1 CGs, 4915300 bytes)...
step1 0x500002771bc0
slave pre done
now n is 51738
processed 51738
[M::mem_process_seqs_merge2] Processed 51738 reads in 0.150 CPU sec, 1.560 real sec
step2 put 0x500002771b20
step2 get 0x500002771ad0
step1 0x500002771bc0
step1 0x500002771bc0
[M::process] read chunk (19660800 bytes/CG x 1 CGs, 4914920 bytes)...
step1 0x500002771bc0
step3 0x50000201d930
[M::mem_process_seqs_merge2] CPE FASTQ formatting done
step3 0x50000201d8e0
step3 0x500002771b70
step3 0x50000201d930
step3 0x50000201d930
[M::mem_process_seqs_merge2] CPE FASTQ formatting done
[M::mem_process_seqs_merge2] CPE FASTQ formatting done
step3 0x50000201d930
step3 0x50000201d8e0
[M::mem_process_seqs_merge2] CPE FASTQ formatting done
step3 0x50000201d8e0
step3 0x50000201d930
[M::mem_process_seqs_merge2] CPE FASTQ formatting done
step3 0x500002771b70
step3 0x500002771b70
step3 0x50000201d8e0
step3 0x50000201d8e0
step3 0x500002771b70
step3 0x50000201d930
[M::mem_process_seqs_merge2] CPE FASTQ formatting done
step3 0x500002771b70
step3 0x50000201d8e0
slave pre done
now n is 12935
processed 12935
[M::mem_process_seqs_merge2] Processed 12935 reads in 0.210 CPU sec, 0.420 real sec
step2 put 0x500002771ad0
step2 get 0x500002771bc0
[M::process] read chunk (19660800 bytes/CG x 1 CGs, 4915300 bytes)...
[M::mem_process_seqs_merge2] CPE FASTQ formatting done
step3 0x500002771b70
step1 0x50000201d8e0
slave pre done
now n is 12934
processed 12934
[M::mem_process_seqs_merge2] Processed 12934 reads in 0.140 CPU sec, 0.460 real sec
step2 put 0x500002771bc0
step2 get 0x50000201d8e0
[M::process] read chunk (19660800 bytes/CG x 1 CGs, 4915300 bytes)...
[M::mem_process_seqs_merge2] CPE FASTQ formatting done
step1 0x50000201d930
slave pre done
now n is 51739
processed 51739
[M::mem_process_seqs_merge2] Processed 51739 reads in 0.280 CPU sec, 1.620 real sec
step2 put 0x500002771ad0
step2 get 0x500002771bc0
slave pre done
now n is 12935
processed 12935
[M::mem_process_seqs_merge2] Processed 12935 reads in 0.070 CPU sec, 0.430 real sec
step2 put 0x50000201d8e0
step2 get 0x50000201d930
[M::process] read chunk (19660800 bytes/CG x 1 CGs, 4914920 bytes)...
[M::mem_process_seqs_merge2] CPE FASTQ formatting done
[M::process] read chunk (19660800 bytes/CG x 1 CGs, 4915300 bytes)...
slave pre done
now n is 51739
processed 51739
[M::mem_process_seqs_merge2] Processed 51739 reads in 0.260 CPU sec, 1.540 real sec
step2 put 0x500002771ad0
step2 get 0x500002771bc0
[M::process] read chunk (19660800 bytes/CG x 1 CGs, 4915300 bytes)...
[M::mem_process_seqs_merge2] CPE FASTQ formatting done
slave pre done
now n is 51739
processed 51739
[M::mem_process_seqs_merge2] Processed 51739 reads in 0.290 CPU sec, 1.620 real sec
step2 put 0x500002771ad0
step2 get 0x500002771bc0
[M::process] read chunk (19660800 bytes/CG x 1 CGs, 4915300 bytes)...
[M::mem_process_seqs_merge2] CPE FASTQ formatting done
slave pre done
now n is 51739
processed 51739
[M::mem_process_seqs_merge2] Processed 51739 reads in 0.260 CPU sec, 1.620 real sec
step2 put 0x500002771ad0
step2 get 0x500002771bc0
[M::process] read chunk (19660800 bytes/CG x 1 CGs, 4915300 bytes)...
step1 0x500002771a80
[M::mem_process_seqs_merge2] CPE FASTQ formatting done
step1 0x50000201d8e0
slave pre done
now n is 12935
processed 12935
[M::mem_process_seqs_merge2] Processed 12935 reads in 0.060 CPU sec, 0.550 real sec
step2 put 0x500002771bc0
step2 get 0x50000201d8e0
[M::process] read chunk (19660800 bytes/CG x 1 CGs, 4915300 bytes)...
[M::mem_process_seqs_merge2] CPE FASTQ formatting done
slave pre done
now n is 51739
processed 51739
[M::mem_process_seqs_merge2] Processed 51739 reads in 0.390 CPU sec, 1.642 real sec
step2 put 0x500002771ad0
step2 get 0x500002771bc0
[M::process] read chunk (19660800 bytes/CG x 1 CGs, 4915300 bytes)...
[M::mem_process_seqs_merge2] CPE FASTQ formatting done
step1 0x50000201d8e0
slave pre done
now n is 12935
processed 12935
[M::mem_process_seqs_merge2] Processed 12935 reads in 0.110 CPU sec, 0.461 real sec
step2 put 0x500002771bc0
step1 0x50000201d8e0
step1 0x50000201d8e0
step1 0x50000201d8e0
step2 get 0x50000201d8e0
[M::process] read chunk (19660800 bytes/CG x 1 CGs, 4914920 bytes)...
[M::mem_process_seqs_merge2] CPE FASTQ formatting done
slave pre done
now n is 12935
processed 12935
[M::mem_process_seqs_merge2] Processed 12935 reads in 0.110 CPU sec, 0.500 real sec
step2 put 0x500002771bc0
step2 get 0x50000201d8e0
[M::process] read chunk (19660800 bytes/CG x 1 CGs, 4915300 bytes)...
[M::mem_process_seqs_merge2] CPE FASTQ formatting done
step1 0x50000201d930
slave pre done
now n is 12935
processed 12935
[M::mem_process_seqs_merge2] Processed 12935 reads in 0.030 CPU sec, 0.570 real sec
step2 put 0x500002771bc0
step2 get 0x50000201d8e0
[M::process] read chunk (19660800 bytes/CG x 1 CGs, 4915300 bytes)...
[M::mem_process_seqs_merge2] CPE FASTQ formatting done
step1 0x50000201d930
step1 0x50000201d930
slave pre done
now n is 12934
processed 12934
[M::mem_process_seqs_merge2] Processed 12934 reads in 0.070 CPU sec, 0.508 real sec
step2 put 0x500002771bc0
step2 get 0x50000201d8e0
slave pre done
now n is 12934
[M::process] read chunk (19660800 bytes/CG x 1 CGs, 4914920 bytes)...
[M::mem_process_seqs_merge2] CPE FASTQ formatting done
processed 12934
[M::mem_process_seqs_merge2] Processed 12934 reads in 0.100 CPU sec, 0.590 real sec
step2 put 0x50000201d8e0
step2 get 0x50000201d930
[M::process] read chunk (19660800 bytes/CG x 1 CGs, 4915300 bytes)...
step1 0x50000201d930
step1 0x50000201d930
slave pre done
now n is 12935
processed 12935
[M::mem_process_seqs_merge2] Processed 12935 reads in 0.080 CPU sec, 0.506 real sec
step2 put 0x50000201d8e0
step2 get 0x50000201d930
[M::process] read chunk (19660800 bytes/CG x 1 CGs, 4915300 bytes)...
step1 0x500002771a80
slave pre done
now n is 12935
processed 12935
[M::mem_process_seqs_merge2] Processed 12935 reads in 0.100 CPU sec, 0.540 real sec
step2 put 0x50000201d8e0
step2 get 0x50000201d930
[M::process] read chunk (19660800 bytes/CG x 1 CGs, 4914920 bytes)...
step1 0x500002771a80
step1 0x500002771a80
slave pre done
now n is 12935
processed 12935
[M::mem_process_seqs_merge2] Processed 12935 reads in 0.100 CPU sec, 0.460 real sec
step2 put 0x50000201d8e0
step2 get 0x50000201d930
slave pre done
now n is 12935
processed 12935
[M::mem_process_seqs_merge2] Processed 12935 reads in 0.090 CPU sec, 0.600 real sec
step2 put 0x50000201d8e0
step2 get 0x50000201d930
[M::process] read chunk (19660800 bytes/CG x 1 CGs, 4915300 bytes)...
[M::process] read chunk (19660800 bytes/CG x 1 CGs, 4915300 bytes)...
step1 0x500002771a80
step1 0x500002771a80
step3 0x500002771b20
[M::mem_process_seqs_merge2] CPE FASTQ formatting done
step3 0x500002771ad0
step3 0x500002771bc0
step3 0x50000201d8e0
step3 0x500002771b20
step3 0x500002771b20
[M::mem_process_seqs_merge2] CPE FASTQ formatting done
step3 0x500002771ad0
step3 0x500002771b20
[M::mem_process_seqs_merge2] CPE FASTQ formatting done
step3 0x500002771ad0
[M::mem_process_seqs_merge2] CPE FASTQ formatting done
step3 0x500002771bc0
step3 0x500002771bc0
step3 0x500002771b20
step3 0x50000201d8e0
step3 0x500002771b20
step3 0x50000201d8e0
step3 0x500002771ad0
slave pre done
now n is 12935
processed 12935
[M::mem_process_seqs_merge2] Processed 12935 reads in 0.170 CPU sec, 0.430 real sec
step2 put 0x50000201d930
step2 get 0x500002771a80
[M::mem_process_seqs_merge2] CPE FASTQ formatting done
[M::mem_process_seqs_merge2] CPE FASTQ formatting done
[M::process] read chunk (19660800 bytes/CG x 1 CGs, 4915300 bytes)...
step3 0x50000201d930
[M::mem_process_seqs_merge2] CPE FASTQ formatting done
step3 0x500002771ad0
step3 0x500002771bc0
step3 0x50000201d8e0
step3 0x500002771ad0
step3 0x500002771bc0
step3 0x50000201d8e0
step1 0x50000201d8e0
step3 0x500002771bc0
step3 0x50000201d8e0
slave pre done
now n is 12934
processed 12934
[M::mem_process_seqs_merge2] Processed 12934 reads in 0.190 CPU sec, 0.500 real sec
step2 put 0x50000201d930
step2 get 0x500002771a80
[M::process] read chunk (19660800 bytes/CG x 1 CGs, 4914920 bytes)...
step3 0x50000201d930
slave pre done
now n is 12935
[M::mem_process_seqs_merge2] CPE FASTQ formatting done
processed 12935
[M::mem_process_seqs_merge2] Processed 12935 reads in 0.130 CPU sec, 0.500 real sec
step2 put 0x50000201d930
step2 get 0x500002771a80
[M::process] read chunk (19660800 bytes/CG x 1 CGs, 4915300 bytes)...
step3 0x50000201d930
[M::mem_process_seqs_merge2] CPE FASTQ formatting done
slave pre done
now n is 12935
processed 12935
[M::mem_process_seqs_merge2] Processed 12935 reads in 0.180 CPU sec, 0.510 real sec
step2 put 0x50000201d930
step2 get 0x500002771a80
step3 0x50000201d930
[M::process] read chunk (19660800 bytes/CG x 1 CGs, 4914920 bytes)...
slave pre done
now n is 12934
[M::mem_process_seqs_merge2] CPE FASTQ formatting done
processed 12934
[M::mem_process_seqs_merge2] Processed 12934 reads in 0.230 CPU sec, 0.480 real sec
step2 put 0x50000201d930
step2 get 0x500002771a80
[M::process] read chunk (19660800 bytes/CG x 1 CGs, 4915300 bytes)...
step3 0x50000201d930
[M::mem_process_seqs_merge2] CPE FASTQ formatting done
slave pre done
now n is 12935
processed 12935
[M::mem_process_seqs_merge2] Processed 12935 reads in 0.170 CPU sec, 0.570 real sec
step2 put 0x50000201d930
step2 get 0x500002771a80
[M::process] read chunk (19660800 bytes/CG x 1 CGs, 4915300 bytes)...
step3 0x50000201d930
slave pre done
now n is 12935
step1 0x50000201d8e0
[M::mem_process_seqs_merge2] CPE FASTQ formatting done
processed 12935
[M::mem_process_seqs_merge2] Processed 12935 reads in 0.160 CPU sec, 0.590 real sec
step2 put 0x500002771a80
step2 get 0x50000201d8e0
[M::process] read chunk (19660800 bytes/CG x 1 CGs, 4915300 bytes)...
[M::mem_process_seqs_merge2] CPE FASTQ formatting done
slave pre done
now n is 12935
processed 12935
[M::mem_process_seqs_merge2] Processed 12935 reads in 0.090 CPU sec, 0.450 real sec
step2 put 0x500002771a80
step2 get 0x50000201d8e0
[M::process] read chunk (19660800 bytes/CG x 1 CGs, 4915300 bytes)...
step1 0x50000201d8e0
[M::mem_process_seqs_merge2] CPE FASTQ formatting done
slave pre done
now n is 12935
processed 12935
[M::mem_process_seqs_merge2] Processed 12935 reads in 0.050 CPU sec, 0.460 real sec
step2 put 0x500002771a80
step3 0x500002771a80
step1 0x50000201d8e0
step1 0x50000201d8e0
slave pre done
now n is 12935
step1 0x50000201d8e0
step2 get 0x50000201d8e0
[M::process] read chunk (19660800 bytes/CG x 1 CGs, 4914920 bytes)...
processed 12935
[M::mem_process_seqs_merge2] Processed 12935 reads in 0.050 CPU sec, 0.480 real sec
step2 put 0x500002771a80
step2 get 0x50000201d8e0
[M::process] read chunk (19660800 bytes/CG x 1 CGs, 4915300 bytes)...
[M::mem_process_seqs_merge2] CPE FASTQ formatting done
[M::mem_process_seqs_merge2] CPE FASTQ formatting done
slave pre done
now n is 12935
processed 12935
[M::mem_process_seqs_merge2] Processed 12935 reads in 0.120 CPU sec, 0.490 real sec
step2 put 0x500002771a80
step2 get 0x50000201d8e0
[M::process] read chunk (19660800 bytes/CG x 1 CGs, 4915300 bytes)...
[M::mem_process_seqs_merge2] CPE FASTQ formatting done
slave pre done
now n is 12934
processed 12934
[M::mem_process_seqs_merge2] Processed 12934 reads in 0.100 CPU sec, 0.490 real sec
step2 put 0x500002771a80
step2 get 0x50000201d8e0
step1 0x500002771bc0
[M::process] read chunk (19660800 bytes/CG x 1 CGs, 4914920 bytes)...
[M::mem_process_seqs_merge2] CPE FASTQ formatting done
slave pre done
now n is 12935
processed 12935
[M::mem_process_seqs_merge2] Processed 12935 reads in 0.080 CPU sec, 0.520 real sec
step2 put 0x50000201d8e0
step2 get 0x500002771bc0
[M::process] read chunk (19660800 bytes/CG x 1 CGs, 4914920 bytes)...
[M::mem_process_seqs_merge2] CPE FASTQ formatting done
step1 0x500002771bc0
slave pre done
now n is 12934
processed 12934
[M::mem_process_seqs_merge2] Processed 12934 reads in 0.080 CPU sec, 0.450 real sec
step2 put 0x50000201d8e0
step1 0x500002771bc0
step1 0x500002771bc0
step1 0x500002771bc0
step2 get 0x500002771bc0
[M::process] read chunk (19660800 bytes/CG x 1 CGs, 4915300 bytes)...
slave pre done
now n is 12935
processed 12935
[M::mem_process_seqs_merge2] Processed 12935 reads in 0.030 CPU sec, 0.480 real sec
step2 put 0x50000201d8e0
[M::mem_process_seqs_merge2] CPE FASTQ formatting done
step3 0x50000201d8e0
step1 0x500002771a80
slave pre done
now n is 12934
step2 get 0x500002771a80
processed 12934
[M::mem_process_seqs_merge2] Processed 12934 reads in 0.070 CPU sec, 0.520 real sec
step2 put 0x50000201d8e0
step2 get 0x500002771bc0
[M::process] read chunk (19660800 bytes/CG x 1 CGs, 4915300 bytes)...
slave pre done
now n is 12935
[M::process] read chunk (19660800 bytes/CG x 1 CGs, 4915300 bytes)...
[M::mem_process_seqs_merge2] CPE FASTQ formatting done
[M::mem_process_seqs_merge2] CPE FASTQ formatting done
processed 12935
[M::mem_process_seqs_merge2] Processed 12935 reads in 0.110 CPU sec, 0.500 real sec
step2 put 0x50000201d8e0
step2 get 0x500002771bc0
[M::process] read chunk (19660800 bytes/CG x 1 CGs, 4915300 bytes)...
[M::mem_process_seqs_merge2] CPE FASTQ formatting done
slave pre done
now n is 12935
processed 12935
[M::mem_process_seqs_merge2] Processed 12935 reads in 0.100 CPU sec, 0.450 real sec
step2 put 0x50000201d8e0
step2 get 0x500002771bc0
[M::process] read chunk (19660800 bytes/CG x 1 CGs, 4915300 bytes)...
[M::mem_process_seqs_merge2] CPE FASTQ formatting done
slave pre done
now n is 12935
processed 12935
[M::mem_process_seqs_merge2] Processed 12935 reads in 0.130 CPU sec, 0.460 real sec
step2 put 0x500002771bc0
step1 0x500002771ad0
step2 get 0x500002771ad0
[M::process] read chunk (19660800 bytes/CG x 1 CGs, 4915300 bytes)...
[M::mem_process_seqs_merge2] CPE FASTQ formatting done
step1 0x500002771ad0
slave pre done
now n is 12935
processed 12935
[M::mem_process_seqs_merge2] Processed 12935 reads in 0.100 CPU sec, 0.430 real sec
step2 put 0x500002771bc0
step1 0x500002771ad0
step1 0x500002771ad0
slave pre done
now n is 12934
processed 12934
[M::mem_process_seqs_merge2] Processed 12934 reads in 0.030 CPU sec, 0.430 real sec
step2 put 0x500002771a80
step1 0x500002771ad0
step3 0x500002771a80
slave pre done
now n is 12935
step2 get 0x500002771ad0
[M::process] read chunk (19660800 bytes/CG x 1 CGs, 4915300 bytes)...
processed 12935
[M::mem_process_seqs_merge2] Processed 12935 reads in 0.030 CPU sec, 0.470 real sec
step2 put 0x500002771bc0
step2 get 0x500002771ad0
[M::mem_process_seqs_merge2] CPE FASTQ formatting done
[M::process] read chunk (19660800 bytes/CG x 1 CGs, 4915300 bytes)...
[M::mem_process_seqs_merge2] CPE FASTQ formatting done
slave pre done
now n is 12935
processed 12935
[M::mem_process_seqs_merge2] Processed 12935 reads in 0.110 CPU sec, 0.490 real sec
step2 put 0x500002771bc0
step2 get 0x500002771ad0
[M::process] read chunk (19660800 bytes/CG x 1 CGs, 4914920 bytes)...
slave pre done
now n is 12934
[M::mem_process_seqs_merge2] CPE FASTQ formatting done
processed 12934
[M::mem_process_seqs_merge2] Processed 12934 reads in 0.060 CPU sec, 0.470 real sec
step2 put 0x500002771bc0
step2 get 0x500002771ad0
step1 0x50000201d8e0
[M::process] read chunk (19660800 bytes/CG x 1 CGs, 4915300 bytes)...
step2 get 0x50000201d8e0
[M::process] read chunk (19660800 bytes/CG x 1 CGs, 4914920 bytes)...
[M::mem_process_seqs_merge2] CPE FASTQ formatting done
[M::mem_process_seqs_merge2] CPE FASTQ formatting done
step1 0x500002771b20
slave pre done
now n is 12934
processed 12934
[M::mem_process_seqs_merge2] Processed 12934 reads in 0.120 CPU sec, 0.650 real sec
step2 put 0x500002771ad0
step2 get 0x500002771b20
[M::process] read chunk (19660800 bytes/CG x 1 CGs, 4914920 bytes)...
step1 0x500002771b20
step1 0x500002771b20
step1 0x500002771b20
step1 0x500002771b20
slave pre done
now n is 12935
processed 12935
[M::mem_process_seqs_merge2] Processed 12935 reads in 0.080 CPU sec, 0.450 real sec
step2 put 0x500002771ad0
step2 get 0x500002771b20
[M::process] read chunk (19660800 bytes/CG x 1 CGs, 4915300 bytes)...
slave pre done
now n is 12935
slave pre done
now n is 12935
processed 12935
[M::mem_process_seqs_merge2] Processed 12935 reads in 0.100 CPU sec, 0.540 real sec
step2 put 0x500002771ad0
step2 get 0x500002771b20
processed 12935
[M::mem_process_seqs_merge2] Processed 12935 reads in 0.050 CPU sec, 0.470 real sec
step2 put 0x500002771ad0
step2 get 0x500002771b20
[M::process] read chunk (19660800 bytes/CG x 1 CGs, 4915300 bytes)...
[M::process] read chunk (19660800 bytes/CG x 1 CGs, 4915300 bytes)...
step1 0x50000201d930
slave pre done
now n is 12935
processed 12935
[M::mem_process_seqs_merge2] Processed 12935 reads in 0.040 CPU sec, 0.530 real sec
step2 put 0x50000201d8e0
step2 get 0x50000201d930
slave pre done
now n is 12935
[M::process] read chunk (19660800 bytes/CG x 1 CGs, 4915300 bytes)...
processed 12935
[M::mem_process_seqs_merge2] Processed 12935 reads in 0.110 CPU sec, 0.580 real sec
step2 put 0x500002771ad0
step2 get 0x500002771b20
[M::mem_process_seqs_merge2] CPE FASTQ formatting done
[M::process] read chunk (19660800 bytes/CG x 1 CGs, 4915300 bytes)...
step1 0x500002771b70
step1 0x500002771b70
step1 0x500002771b70
step1 0x500002771b70
step1 0x500002771b70
step1 0x500002771bc0
slave pre done
now n is 12934
processed 12934
[M::mem_process_seqs_merge2] Processed 12934 reads in 0.070 CPU sec, 0.440 real sec
step2 put 0x50000201d930
step2 get 0x500002771bc0
[M::process] read chunk (19660800 bytes/CG x 1 CGs, 4915300 bytes)...
[M::mem_process_seqs_merge2] CPE FASTQ formatting done
step1 0x500002771ad0
slave pre done
now n is 12935
processed 12935
[M::mem_process_seqs_merge2] Processed 12935 reads in 0.100 CPU sec, 0.590 real sec
step2 put 0x500002771bc0
step2 get 0x500002771ad0
[M::process] read chunk (19660800 bytes/CG x 1 CGs, 4915300 bytes)...
[M::mem_process_seqs_merge2] CPE FASTQ formatting done
step1 0x500002771b20
slave pre done
now n is 12935
processed 12935
[M::mem_process_seqs_merge2] Processed 12935 reads in 0.110 CPU sec, 0.510 real sec
step2 put 0x500002771ad0
step2 get 0x500002771b20
[M::process] read chunk (19660800 bytes/CG x 1 CGs, 4915300 bytes)...
step1 0x500002771b70
step3 0x500002771a80
step3 0x50000201d8e0
step3 0x500002771bc0
[M::mem_process_seqs_merge2] CPE FASTQ formatting done
step3 0x500002771ad0
step3 0x500002771a80
step3 0x50000201d8e0
[M::mem_process_seqs_merge2] CPE FASTQ formatting done
step3 0x500002771bc0
step3 0x500002771ad0
step3 0x500002771a80
step3 0x50000201d8e0
step3 0x500002771bc0
[M::mem_process_seqs_merge2] CPE FASTQ formatting done
step3 0x500002771a80
step3 0x500002771ad0
step3 0x50000201d8e0
slave pre done
now n is 12935
processed 12935
[M::mem_process_seqs_merge2] Processed 12935 reads in 0.070 CPU sec, 0.461 real sec
step2 put 0x500002771b20
step2 get 0x500002771b70
[M::mem_process_seqs_merge2] CPE FASTQ formatting done
step3 0x500002771a80
[M::process] read chunk (19660800 bytes/CG x 1 CGs, 4915300 bytes)...
step3 0x500002771b20
[M::mem_process_seqs_merge2] CPE FASTQ formatting done
step3 0x500002771bc0
step3 0x50000201d8e0
[M::mem_process_seqs_merge2] CPE FASTQ formatting done
step3 0x500002771bc0
step3 0x500002771ad0
step3 0x500002771ad0
step1 0x500002771ad0
step3 0x50000201d8e0
step3 0x50000201d930
[M::mem_process_seqs_merge2] CPE FASTQ formatting done
step3 0x500002771bc0
slave pre done
now n is 12935
step3 0x500002771ad0
processed 12935
[M::mem_process_seqs_merge2] Processed 12935 reads in 0.070 CPU sec, 0.560 real sec
step2 put 0x500002771b20
step2 get 0x500002771b70
slave pre done
now n is 12935
[M::process] read chunk (19660800 bytes/CG x 1 CGs, 4914920 bytes)...
processed 12935
[M::mem_process_seqs_merge2] Processed 12935 reads in 0.080 CPU sec, 0.470 real sec
step2 put 0x500002771b20
step2 get 0x500002771b70
step3 0x500002771b20
step3 0x500002771b20
[M::process] read chunk (19660800 bytes/CG x 1 CGs, 4914920 bytes)...
[M::mem_process_seqs_merge2] CPE FASTQ formatting done
[M::mem_process_seqs_merge2] CPE FASTQ formatting done
slave pre done
now n is 12934
processed 12934
[M::mem_process_seqs_merge2] Processed 12934 reads in 0.130 CPU sec, 0.438 real sec
step2 put 0x500002771b70
step2 get 0x500002771ad0
[M::process] read chunk (19660800 bytes/CG x 1 CGs, 4915300 bytes)...
step3 0x500002771b70
[M::mem_process_seqs_merge2] CPE FASTQ formatting done
slave pre done
now n is 12934
step1 0x500002771ad0
processed 12934
[M::mem_process_seqs_merge2] Processed 12934 reads in 0.090 CPU sec, 0.470 real sec
step2 put 0x500002771b20
step2 get 0x500002771b70
[M::process] read chunk (19660800 bytes/CG x 1 CGs, 4915300 bytes)...
step3 0x500002771b20
[M::mem_process_seqs_merge2] CPE FASTQ formatting done
slave pre done
now n is 12935
processed 12935
[M::mem_process_seqs_merge2] Processed 12935 reads in 0.100 CPU sec, 0.580 real sec
step2 put 0x500002771b20
step2 get 0x500002771b70
[M::process] read chunk (19660800 bytes/CG x 1 CGs, 4915300 bytes)...
step3 0x500002771b20
[M::mem_process_seqs_merge2] CPE FASTQ formatting done
step1 0x500002771ad0
step1 0x500002771ad0
step1 0x500002771ad0
step1 0x500002771b20
slave pre done
now n is 12935
processed 12935
[M::mem_process_seqs_merge2] Processed 12935 reads in 0.070 CPU sec, 0.510 real sec
step2 put 0x500002771b20
step2 get 0x500002771b70
step3 0x500002771b20
[M::process] read chunk (19660800 bytes/CG x 1 CGs, 4914920 bytes)...
slave pre done
now n is 12935
[M::mem_process_seqs_merge2] CPE FASTQ formatting done
processed 12935
[M::mem_process_seqs_merge2] Processed 12935 reads in 0.070 CPU sec, 0.481 real sec
step2 put 0x500002771b70
step2 get 0x500002771ad0
step3 0x500002771b70
[M::process] read chunk (19660800 bytes/CG x 1 CGs, 4915300 bytes)...
slave pre done
now n is 12935
processed 12935
[M::mem_process_seqs_merge2] Processed 12935 reads in 0.060 CPU sec, 0.500 real sec
step2 put 0x500002771b70
step2 get 0x500002771ad0
[M::process] read chunk (19660800 bytes/CG x 1 CGs, 4915300 bytes)...
step1 0x500002771b20
[M::mem_process_seqs_merge2] CPE FASTQ formatting done
step3 0x500002771b70
slave pre done
now n is 12935
[M::mem_process_seqs_merge2] CPE FASTQ formatting done
processed 12935
[M::mem_process_seqs_merge2] Processed 12935 reads in 0.110 CPU sec, 0.488 real sec
step2 put 0x500002771ad0
step2 get 0x500002771b20
step3 0x500002771ad0
[M::process] read chunk (19660800 bytes/CG x 1 CGs, 4915300 bytes)...
[M::mem_process_seqs_merge2] CPE FASTQ formatting done
step1 0x500002771ad0
slave pre done
now n is 12935
processed 12935
[M::mem_process_seqs_merge2] Processed 12935 reads in 0.090 CPU sec, 0.550 real sec
step2 put 0x500002771b70
step2 get 0x500002771ad0
step3 0x500002771b70
[M::process] read chunk (19660800 bytes/CG x 1 CGs, 4915300 bytes)...
[M::mem_process_seqs_merge2] CPE FASTQ formatting done
slave pre done
now n is 12935
processed 12935
[M::mem_process_seqs_merge2] Processed 12935 reads in 0.060 CPU sec, 0.557 real sec
step2 put 0x500002771b70
step2 get 0x500002771ad0
step3 0x500002771b70
[M::process] read chunk (19660800 bytes/CG x 1 CGs, 4914920 bytes)...
[M::mem_process_seqs_merge2] CPE FASTQ formatting done
step1 0x500002771b20
slave pre done
now n is 12935
step1 0x500002771b20
processed 12935
[M::mem_process_seqs_merge2] Processed 12935 reads in 0.080 CPU sec, 0.470 real sec
step2 put 0x500002771b70
step2 get 0x500002771ad0
step1 0x500002771b20
step1 0x500002771b70
step3 0x500002771b70
[M::process] read chunk (19660800 bytes/CG x 1 CGs, 4914920 bytes)...
[M::mem_process_seqs_merge2] CPE FASTQ formatting done
slave pre done
now n is 12934
processed 12934
[M::mem_process_seqs_merge2] Processed 12934 reads in 0.070 CPU sec, 0.488 real sec
step2 put 0x500002771ad0
step2 get 0x500002771b20
slave pre done
now n is 12934
processed 12934
[M::mem_process_seqs_merge2] Processed 12934 reads in 0.060 CPU sec, 0.460 real sec
step2 put 0x500002771ad0
step2 get 0x500002771b20
[M::process] read chunk (19660800 bytes/CG x 1 CGs, 4915300 bytes)...
step3 0x500002771ad0
[M::process] read chunk (19660800 bytes/CG x 1 CGs, 4914920 bytes)...
step3 0x500002771ad0
step1 0x500002771b70
[M::mem_process_seqs_merge2] CPE FASTQ formatting done
step1 0x500002771b20
[M::mem_process_seqs_merge2] CPE FASTQ formatting done
step1 0x500002771b70
slave pre done
now n is 12935
processed 12935
[M::mem_process_seqs_merge2] Processed 12935 reads in 0.090 CPU sec, 0.567 real sec
step2 put 0x500002771b20
step2 get 0x500002771b70
[M::process] read chunk (19660800 bytes/CG x 1 CGs, 4915300 bytes)...
step3 0x500002771b20
[M::mem_process_seqs_merge2] CPE FASTQ formatting done
slave pre done
now n is 12935
processed 12935
[M::mem_process_seqs_merge2] Processed 12935 reads in 0.080 CPU sec, 0.520 real sec
step2 put 0x500002771ad0
step2 get 0x500002771b20
step3 0x500002771ad0
[M::process] read chunk (19660800 bytes/CG x 1 CGs, 4915300 bytes)...
[M::mem_process_seqs_merge2] CPE FASTQ formatting done
slave pre done
now n is 12935
processed 12935
[M::mem_process_seqs_merge2] Processed 12935 reads in 0.050 CPU sec, 0.570 real sec
step2 put 0x500002771ad0
step2 get 0x500002771b20
step3 0x500002771ad0
[M::process] read chunk (19660800 bytes/CG x 1 CGs, 4915300 bytes)...
step1 0x500002771ad0
step1 0x500002771b70
[M::mem_process_seqs_merge2] CPE FASTQ formatting done
step1 0x500002771b70
slave pre done
now n is 12935
processed 12935
[M::mem_process_seqs_merge2] Processed 12935 reads in 0.070 CPU sec, 0.480 real sec
step2 put 0x500002771b20
step2 get 0x500002771b70
slave pre done
now n is 12935
processed 12935
[M::mem_process_seqs_merge2] Processed 12935 reads in 0.080 CPU sec, 0.490 real sec
step2 put 0x500002771b20
step2 get 0x500002771b70
[M::process] read chunk (19660800 bytes/CG x 1 CGs, 4915300 bytes)...
step3 0x500002771b20
[M::mem_process_seqs_merge2] CPE FASTQ formatting done
step3 0x500002771b20
[M::process] read chunk (19660800 bytes/CG x 1 CGs, 4915300 bytes)...
[M::mem_process_seqs_merge2] CPE FASTQ formatting done
step1 0x500002771ad0
step1 0x500002771ad0
slave pre done
now n is 12935
processed 12935
[M::mem_process_seqs_merge2] Processed 12935 reads in 0.070 CPU sec, 0.500 real sec
step2 put 0x500002771b70
step2 get 0x500002771ad0
step3 0x500002771b70
slave pre done
now n is 12934
[M::mem_process_seqs_merge2] CPE FASTQ formatting done
processed 12934
[M::mem_process_seqs_merge2] Processed 12934 reads in 0.070 CPU sec, 0.749 real sec
step2 put 0x500002771ad0
step2 get 0x500002771b20
step3 0x500002771ad0
[M::mem_process_seqs_merge2] CPE FASTQ formatting done
slave pre done
now n is 12935
processed 12935
[M::mem_process_seqs_merge2] Processed 12935 reads in 0.090 CPU sec, 0.540 real sec
step2 put 0x500002771b20
step2 get 0x500002771b70
[M::process] read chunk (19660800 bytes/CG x 1 CGs, 4914920 bytes)...
step3 0x500002771b20
[M::process] read chunk (19660800 bytes/CG x 1 CGs, 1021064 bytes)...
[M::mem_process_seqs_merge2] CPE FASTQ formatting done
step1 0x500002771ad0
slave pre done
now n is 12934
processed 12934
[M::mem_process_seqs_merge2] Processed 12934 reads in 0.050 CPU sec, 0.470 real sec
step2 put 0x500002771b20
step2 get 0x500002771b70
[M::process] read chunk (19660800 bytes/CG x 1 CGs, 4915300 bytes)...
step3 0x500002771b20
step1 0x500002771b70
[M::mem_process_seqs_merge2] CPE FASTQ formatting done
step1 0x500002771ad0
slave pre done
now n is 12934
processed 12934
[M::mem_process_seqs_merge2] Processed 12934 reads in 0.080 CPU sec, 0.520 real sec
step2 put 0x500002771b70
step2 get 0x500002771ad0
step3 0x500002771b70
slave pre done
now n is 12935
processed 12935
[M::mem_process_seqs_merge2] Processed 12935 reads in 0.050 CPU sec, 0.550 real sec
step2 put 0x500002771b70
step2 get 0x500002771ad0
step3 0x500002771b70
[M::mem_process_seqs_merge2] CPE FASTQ formatting done
[M::mem_process_seqs_merge2] CPE FASTQ formatting done
slave pre done
now n is 12934
processed 12934
[M::mem_process_seqs_merge2] Processed 12934 reads in 0.090 CPU sec, 0.480 real sec
step2 put 0x500002771b20
step2 get 0x500002771b70
step3 0x500002771b20
[M::mem_process_seqs_merge2] CPE FASTQ formatting done
slave pre done
now n is 12935
slave pre done
now n is 12935
processed 12935
[M::mem_process_seqs_merge2] Processed 12935 reads in 0.180 CPU sec, 0.610 real sec
step2 put 0x500002771ad0
processed 12935
[M::mem_process_seqs_merge2] Processed 12935 reads in 0.050 CPU sec, 0.510 real sec
step2 put 0x500002771b70
step2 get 0x500002771ad0
step3 0x500002771b70
[M::mem_process_seqs_merge2] CPE FASTQ formatting done
step3 0x500002771ad0
slave pre done
now n is 12935
processed 12935
[M::mem_process_seqs_merge2] Processed 12935 reads in 0.080 CPU sec, 0.520 real sec
step2 put 0x500002771b70
step2 get 0x500002771ad0
step3 0x500002771b70
[M::mem_process_seqs_merge2] CPE FASTQ formatting done
slave pre done
now n is 2687
processed 2687
[M::mem_process_seqs_merge2] Processed 2687 reads in 0.140 CPU sec, 0.250 real sec
step2 put 0x500002771ad0
step3 0x500002771ad0
slave pre done
now n is 12935
processed 12935
[M::mem_process_seqs_merge2] Processed 12935 reads in 0.250 CPU sec, 0.550 real sec
step2 put 0x500002771ad0
step3 0x500002771ad0
slave pre done
now n is 12935
processed 12935
[M::mem_process_seqs_merge2] Processed 12935 reads in 0.150 CPU sec, 0.539 real sec
step2 put 0x500002771ad0
step3 0x500002771ad0
slave pre done
now n is 12934
processed 12934
[M::mem_process_seqs_merge2] Processed 12934 reads in 0.140 CPU sec, 0.590 real sec
step2 put 0x500002771b70
step3 0x500002771b70
slave pre done
now n is 12935
processed 12935
[M::mem_process_seqs_merge2] Processed 12935 reads in 0.160 CPU sec, 0.480 real sec
step2 put 0x500002771ad0
step3 0x500002771ad0
[MPI rank 000003/000006] input work: chunks=42 records=1670232 bytes=634060692
[MPI rank 000001/000006] input work: chunks=42 records=1660541 bytes=630166728
[MPI rank 000004/000006] input work: chunks=42 records=1670231 bytes=634060308
[MPI rank 000005/000006] input work: chunks=44 records=1657296 bytes=629145004
[MPI rank 000000/000006] input work: chunks=42 records=1671466 bytes=634061412

================ MPI Dynamic Scheduler Debug =================
  MPI rank: 000000 / 000006

  Work summary
    claimed chunks                                         42
    claimed from this rank's queue                         42
    claimed from another rank's queue                       0
    completed FASTQ records                           1671466
    claimed input bytes                             634061412

  Scheduler counters
    scheduler_next calls                                   43
    RMA ticket attempts                                    48
    attempts against another rank's queue                   5
    tickets beyond the final chunk                          6
    empty aligned chunks                                    0

  Scheduler timing
    MPI_Win_create (setup)                       0.001589 s  (1 calls,  1589.464 us/call)
    MPI_Barrier after setup                      0.000012 s  (1 calls,    12.300 us/call)
    scheduler_next total                         0.125260 s  (43 calls,  2913.018 us/call)
      RMA ticket path total                        0.125050 s  (48 calls,  2605.208 us/call)
        MPI_Win_lock                                 0.000314 s  (48 calls,     6.542 us/call)
        MPI_Fetch_and_op                             0.000221 s  (48 calls,     4.600 us/call)
        MPI_Win_unlock                               0.124446 s  (48 calls,  2592.622 us/call)
        RMA call overhead (derived)                  0.000069 s  (48 calls,     1.444 us/call)
      align nominal offsets to FASTQ records       0.000045 s  (42 calls,     1.071 us/call)
      scheduler loop/bookkeeping (derived)         0.000165 s  (43 calls,     3.833 us/call)

  Scheduler teardown timing
    MPI_Barrier (wait for other ranks)           0.115265 s  (1 calls, 115264.988 us/call)
    MPI_Win_free                                 0.000064 s  (1 calls,    64.200 us/call)

  Stage 2 by chunk
    completed chunks                                       42
    accumulated stage 2                             54.484320 s
    average stage 2 per chunk                        1.297246 s
    slowest chunk                                           0
    slowest chunk stage 2                            2.980286 s

    order   chunk  queue        byte range                       bytes      records   stage2(s)
        0       0      0  [           0,     19661160)     19661160        52972    2.980286
        1       6      0  [   117965124,    137625788)     19660664        52289    1.610677
        2      12      0  [   235929860,    255590524)     19660664        52289    1.649330
        3      18      0  [   353894596,    373555260)     19660664        52289    1.588920
        4      24      0  [   471859364,    491520184)     19660820        51739    1.590222
        5      30      0  [   589824284,    609485104)     19660820        51739    1.530062
        6      36      0  [   707788824,    727449644)     19660820        51739    1.570360
        7      42      0  [   825753744,    845414564)     19660820        51739    1.600843
        8      48      0  [   943718664,    963379484)     19660820        51739    1.600169
        9      54      0  [  1061683204,   1081344024)     19660820        51739    1.600066
       10      60      0  [  1179648124,   1199308944)     19660820        51739    1.670069
       11      66      0  [  1297613044,   1317273864)     19660820        51739    1.640230
       12      72      0  [  1415577964,   1435238404)     19660440        51738    1.550022
       13      78      0  [  1533542504,   1553203324)     19660820        51739    1.630085
       14      84      0  [  1651507424,   1671168244)     19660820        51739    1.560213
       15      90      0  [  1769472344,   1789133164)     19660820        51739    1.510091
       16      96      0  [  1887436884,   1907097704)     19660820        51739    1.650191
       17     102      0  [  2005401804,   2025062624)     19660820        51739    1.650049
       18     108 [MPI rank 000002/000006] input work: chunks=42 records=1670234 bytes=634061444

================ MPI Dynamic Scheduler Debug =================
  MPI rank: 000002 / 000006

  Work summary
    claimed chunks                                         42
    claimed from this rank's queue                         42
    claimed from another rank's queue                       0
    completed FASTQ records                           1670234
    claimed input bytes                             634061444

  Scheduler counters
    scheduler_next calls                                   43
    RMA ticket attempts                                    48
    attempts against another rank's queue                   5
    tickets beyond the final chunk                          6
    empty aligned chunks                                    0

  Scheduler timing
    MPI_Win_create (setup)                       0.000993 s  (1 calls,   993.259 us/call)
    MPI_Barrier after setup                      0.000012 s  (1 calls,    11.750 us/call)
    scheduler_next total                         0.145421 s  (43 calls,  3381.877 us/call)
      RMA ticket path total                        0.145269 s  (48 calls,  3026.432 us/call)
        MPI_Win_lock                                 0.000299 s  (48 calls,     6.236 us/call)
        MPI_Fetch_and_op                             0.000218 s  (48 calls,     4.551 us/call)
        MPI_Win_unlock                               0.144684 s  (48 calls,  3014.251 us/call)
        RMA call overhead (derived)                  0.000067 s  (48 calls,     1.394 us/call)
      align nominal offsets to FASTQ records       0.000044 s  (42 calls,     1.044 us/call)
      scheduler loop/bookkeeping (derived)         0.000108 s  (43 calls,     2.514 us/call)

  Scheduler teardown timing
    MPI_Barrier (wait for other ranks)           0.000022 s  (1 calls,    22.001 us/call)
    MPI_Win_free                                 0.000061 s  (1 calls,    60.550 us/call)

  Stage 2 by chunk
    completed chunks                                       42
    accumulated stage 2                             53.283674 s
    average stage 2 per chunk                        1.268659 s
    slowest chunk                                           2
    slowest chunk stage 2                            2.700286 s

    order   chunk  queue        byte range                       bytes      records   stage2(s)
        0       2      2  [    39321716,     58982756)     19661040        52290    2.700286
        1       8      2  [   157286452,    176947492)     19661040        52290    1.550026
        2      14      2  [   275251564,    294912228)     19660664        52289    1.530088
        3      20      2  [   393216084,    412876904)     19660820        51739    1.470078
        4      26      2  [   511181004,    530841824)     19660820        51739    1.590170
        5      32      2  [   629145924,    648806744)     19660820        51739    1.480518
        6      38      2  [   747110464,    766771284)     19660820        51739    1.579769
        7      44      2  [   865075384,    884736204)     19660820        51739    1.470090
        8      50      2  [   983040304,   1002701124)     19660820        51739    1.600306
        9      56      2  [  1101004844,   1120665664)     19660820        51739    1.590096
       10      62      2  [  1218969764,   1238630584)     19660820        51739    1.490656
       11      68      2  [  1336934684,   1356595504)     19660820        51739    1.580285
       12      74      2  [  1454899224,   1474560044)     19660820        51739    1.590071
       13      80      2  [  1572864144,   1592524964)     19660820        51739    1.560123
       14      86      2  [  1690829064,   1710489884)     19660820        51739    1.530224
       15      92      2  [  1808793604,   1828454424)     19660820        51739    1.600136
       16      98      2  [  1926758524,   1946419344)     19660820        51739    1.590204
       17     104      2  [  2044
================ MPI Dynamic Scheduler Debug =================
  MPI rank: 000003 / 000006

  Work summary
    claimed chunks                                         42
    claimed from this rank's queue                         42
    claimed from another rank's queue                       0
    completed FASTQ records                           1670232
    claimed input bytes                             634060692

  Scheduler counters
    scheduler_next calls                                   43
    RMA ticket attempts                                    48
    attempts against another rank's queue                   5
    tickets beyond the final chunk                          6
    empty aligned chunks                                    0

  Scheduler timing
    MPI_Win_create (setup)                       0.001955 s  (1 calls,  1955.117 us/call)
    MPI_Barrier after setup                      0.000013 s  (1 calls,    13.450 us/call)
    scheduler_next total                         0.159558 s  (43 calls,  3710.655 us/call)
      RMA ticket path total                        0.159400 s  (48 calls,  3320.829 us/call)
        MPI_Win_lock                                 0.000308 s  (48 calls,     6.425 us/call)
        MPI_Fetch_and_op                             0.000331 s  (48 calls,     6.900 us/call)
        MPI_Win_unlock                               0.158687 s  (48 calls,  3305.988 us/call)
        RMA call overhead (derived)                  0.000073 s  (48 calls,     1.517 us/call)
      align nominal offsets to FASTQ records       0.000045 s  (42 calls,     1.067 us/call)
      scheduler loop/bookkeeping (derived)         0.000114 s  (43 calls,     2.641 us/call)

  Scheduler teardown timing
    MPI_Barrier (wait for other ranks)           0.839076 s  (1 calls, 839076.341 us/call)
    MPI_Win_free                                 0.000060 s  (1 calls,    59.650 us/call)

  Stage 2 by chunk
    completed chunks                                       42
    accumulated stage 2                             53.652242 s
    average stage 2 per chunk                        1.277434 s
    slowest chunk                                           3
    slowest chunk stage 2                            2.459317 s

    order   chunk  queue        byte range                       bytes      records   stage2(s)
        0       3      3  [    58982756,     78643420)     19660664        52289    2.459317
        1       9      3  [   176947492,    196608156)     19660664        52289    1.601403
        2      15      3  [   294912228,    314572892)     19660664        52289    1.657726
        3      21      3  [   412876904,    432537724)     19660820        51739    1.510164
        4      27      3  [   530841824,    550502644)     19660820        51739    1.580040
        5      33      3  [   648806744,    668467564)     19660820        51739    1.530091
        6      39      3  [   766771284,    786432104)     19660820        51739    1.520989
        7      45      3  [   884736204,    904397024)     19660820        51739    1.510306
        8      51      3  [  1002701124,   1022361944)     19660820        51739    1.530446
        9      57      3  [  1120665664,   1140326484)     19660820        51739    1.661260
       10      63      3  [  1238630584,   1258291404)     19660820        51739    1.627642
       11      69      3  [  1356595504,   1376256324)     19660820        51739    1.520303
       12      75      3  [  1474560044,   1494220864)     19660820        51739    1.520091
       13      81      3  [  1592524964,   1612185784)     19660820        51739    1.560073
       14      87      3  [  1710489884,   1730150704)     19660820        51739    1.560222
       15      93      3  [  1828454424,   1848115244)     19660820        51739    1.603663
       16      99      3  [  1946419344,   1966080164)     19660820        51739    1.588152
       17     105      3  [  2064384264,   2084045084)     19660820        51739    1.579727
       18     111      0  [  2123366724,   2143027544)     19660820        51739    1.610553
       19     114      0  [  2241331264,   2260992084)     19660820        51739    1.579777
       20     120      0  [  2359296184,   2378957004)     19660820        51739    1.600715
       21     126      0  [  2477261104,   2496921924)     19660820        51739    1.570247
       22     132      0  [  2595225644,   2614886464)     19660820        51739    1.670090
       23     138      0  [  2713190564,   2732851384)     19660820        51739    1.720174
       24     144      0  [  2831155484,   2850816304)     19660820        51739    1.570290
       25     150      0  [  2949120024,   2968780844)     19660820        51739    1.570086
       26     156      0  [  3067084944,   3086745764)     19660820        51739    1.560140
       27     162      0  [  3185049864,   3204710684)     19660820        51739    1.530181
       28     168      0  [  3303014404,   3322675224)     19660820        51739    1.620221
       29     174      0  [  3406233804,   3411149104)      4915300        12935    0.570040
       30     180      0  [  3435724844,   3440640144)      4915300        12935    0.600031
       31     186      0  [  3465216264,   3470131564)      4915300        12935    0.510172
       32     192      0  [  3494707304,   3499622604)      4915300        12935    0.480018
       33     198      0  [  3524198724,   3529113644)      4914920        12934    0.520024
       34     204      0  [  3553689764,   3558605064)      4915300        12935    0.470143
       35     210      0  [  3583180804,   3588096104)      4915300        12935    0.539902
       36     216      0  [  3612672224,   3617587524)      4915300        12935    0.470223
       37     222      0  [  3642163264,   3647078564)      4915300        12935    0.499972
       38     228      0  [  3671654684,   3676569604)      4914920        12934    0.459998
       39     234      0  [  3701145724,   3706061024)      4915300        12935    0.490019
       40     246      0  [  3760128184,   3765043484)      4915300        12935    0.550531
       41     252      0  [  3789619224,   3794534524)      4915300        12935    0.538888
==============================================================


================ MPI Dynamic Scheduler Debug =================
  MPI rank: 000001 / 000006

  Work summary
    claimed chunks                                         42
    claimed from this rank's queue                         42
    claimed from another rank's queue                       0
    completed FASTQ records                           1660541
    claimed input bytes                             630166728

  Scheduler counters
    scheduler_next calls                                   43
    RMA ticket attempts                                    48
    attempts against another rank's queue                   5
    tickets beyond the final chunk                          6
    empty aligned chunks                                    0

  Scheduler timing
    MPI_Win_create (setup)                       0.001919 s  (1 calls,  1918.917 us/call)
    MPI_Barrier after setup                      0.000011 s  (1 calls,    10.700 us/call)
    scheduler_next total                         0.124480 s  (43 calls,  2894.881 us/call)
      RMA ticket path total                        0.124330 s  (48 calls,  2590.209 us/call)
        MPI_Win_lock                                 0.000304 s  (48 calls,     6.326 us/call)
        MPI_Fetch_and_op                             0.000249 s  (48 calls,     5.177 us/call)
        MPI_Win_unlock                               0.123633 s  (48 calls,  2575.693 us/call)
        RMA call overhead (derived)                  0.000145 s  (48 calls,     3.013 us/call)
      align nominal offsets to FASTQ records       0.000043 s  (42 calls,     1.025 us/call)
      scheduler loop/bookkeeping (derived)         0.000107 s  (43 calls,     2.484 us/call)

  Scheduler teardown timing
    MPI_Barrier (wait for other ranks)           0.402299 s  (1 calls, 402298.748 us/call)
    MPI_Win_free                                 0.000063 s  (1 calls,    62.800 us/call)

  Stage 2 by chunk
    completed chunks                                       42
    accumulated stage 2                             53.037921 s
    average stage 2 per chunk                        1.262808 s
    slowest chunk                                           1
    slowest chunk stage 2                            2.550811 s

    order   chunk  queue        byte range                       bytes      records   stage2(s)
        0       1      1  [    19661160,     39321716)     19660556        52789    2.550811
        1       7      1  [   137625788,    157286452)     19660664        52289    1.607179
        2      13      1  [   255590524,    275251564)     19661040        52290    1.609994
        3      19      1  [   373555260,    393216084)     19660824        51795    1.581705
        4      25      1  [   491520184,    511181004)     19660820        51739    1.578472
        5      31      1  [   609485104,    629145924)     19660820        51739    1.570081
        6      37      1  [   727449644,    747110464)     19660820        51739    1.530259
        7      43      1  [   845414564,    865075384)     19660820        51739    1.510209
        8      49      1  [   963379484,    983040304)     19660820        51739    1.540244
        9      55      1  [  1081344024,   1101004844)     19660820        51739    1.520529
       10      61      1  [  1199308944,   1218969764)     19660820        51739    1.820254
       11      67      1  [  1317273864,   1336934684)     19660820        51739    1.540234
       12      73      1  [  1435238404,   1454899224)     19660820        51739    1.571414
       13      79      1  [  1553203324,   1572864144)     19660820        51739    1.581774
       14      85      1  [  1671168244,   1690829064)     19660820        51739    1.570237
       15      91      1  [  1789133164,   1808793604)     19660440        51738    1.550176
       16      97      1  [  1907097704,   1926758524)     19660820        51739    1.571650
       17     103      1  [  2025062624,   2044723444)     19660820        51739    1.550184
       18     109 723444,   2064384264)     19660820        51739    1.660224
       18     110      2  [  2162688364,   2182348804)     19660440        51738    1.650823
       19     116      2  [  2280652904,   2300313724)     19660820        51739    1.579577
       20     122      2  [  2398617824,   2418278644)     19660820        51739    1.599866
       21     128      2  [  2516582744,   2536243564)     19660820        51739    1.570178
       22     134      2  [  2634547284,   2654208104)     19660820        51739    1.520032
       23     140      2  [  2752512204,   2772173024)     19660820        51739    1.580274
       24     146      2  [  2870477124,   2890137944)     19660820        51739    1.590225
       25     152      2  [  2988441664,   3008102484)     19660820        51739    1.630121
       26     158      2  [  3106406584,   3126067404)     19660820        51739    1.550216
       27     164      2  [  3224371504,   3244032324)     19660820        51739    1.560267
       28     170      2  [  3342336044,   3361996864)     19660820        51739    1.620240
       29     176      2  [  3416064024,   3420979324)      4915300        12935    0.499982
       30     182      2  [  3445555444,   3450470744)      4915300        12935    0.540168
       31     188      2  [  3475046484,   3479961784)      4915300        12935    0.570122
       32     194      2  [  3504537904,   3509452824)      4914920        12934    0.490020
       33     200      2  [  3534028944,   3538944244)      4915300        12935    0.450020
       34     206      2  [  3563520364,   3568435284)      4914920        12934    0.470013
       35     212      2  [  3593011404,   3597926704)      4915300        12935    0.469996
       36     218      2  [  3622502444,   3627417744)      4915300        12935    0.581045
       37     224      2  [  3651993864,   3656909164)      4915300        12935    0.557205
       38     230      2  [  3681484904,   3686400204)      4915300        12935    0.570024
       39     236      2  [  3710976324,   3715891244)      4914920        12934    0.470001
       40     242      2  [  3740467364,   3745382664)      4915300        12935    0.519967
       41     248      2  [  3769958404,   3774873704)      4915300        12935    0.479942
==============================================================

     1  [  2143027544,   2162688364)     19660820        51739    1.512142
       19     115      1  [  2260992084,   2280652904)     19660820        51739    1.628242
       20     121      1  [  2378957004,   2398617824)     19660820        51739    1.590155
       21     127      1  [  2496921924,   2516582744)     19660820        51739    1.570164
       22     133      1  [  2614886464,   2634547284)     19660820        51739    1.510413
       23     139      1  [  2732851384,   2752512204)     19660820        51739    1.540256
       24     145      1  [  2850816304,   2870477124)     19660820        51739    1.560346
       25     151      1  [  2968780844,   2988441664)     19660820        51739    1.620114
       26     157      1  [  3086745764,   3106406584)     19660820        51739    1.601376
       27     163      1  [  3204710684,   3224371504)     19660820        51739    1.558514
       28     169      1  [  3322675224,   3342336044)     19660820        51739    1.641992
       29     175      1  [  3411149104,   3416064024)      4914920        12934    0.508349
       30     181      1  [  3440640144,   3445555444)      4915300        12935    0.459818
       31     187      1  [  3470131564,   3475046484)      4914920        12934    0.480371
       32     193      1  [  3499622604,   3504537904)      4915300        12935    0.489821
       33     199      1  [  3529113644,   3534028944)      4915300        12935    0.500033
       34     205      1  [  3558605064,   3563520364)      4915300        12935    0.490073
       35     211      1  [  3588096104,   3593011404)      4915300        12935    0.580124
       36     217      1  [  3617587524,   3622502444)      4914920        12934    0.470243
       37     223      1  [  3647078564,   3651993864)      4915300        12935    0.549960
       38     229      1  [  3676569604,   3681484904)      4915300        12935    0.520102
       39     235      1  [  3706061024,   3710976324)      4915300        12935    0.540024
       40     241      1  [  3735552064,   3740467364)      4915300        12935    0.510019
       41     253      1  [  3794534524,   3795555588)      1021064         2687    0.249863
==============================================================

     3  [  2182348804,   2202009624)     19660820        51739    1.550283
       19     117      3  [  2300313724,   2319974544)     19660820        51739    1.560929
       20     123      3  [  2418278644,   2437939464)     19660820        51739    1.577874
       21     129      3  [  2536243564,   2555904004)     19660440        51738    1.596969
       22     135      3  [  2654208104,   2673868924)     19660820        51739    1.803331
       23     141      3  [  2772173024,   2791833844)     19660820        51739    1.692814
       24     147      3  [  2890137944,   2909798764)     19660820        51739    1.580298
       25     153      3  [  3008102484,   3027763304)     19660820        51739    1.630084
       26     159      3  [  3126067404,   3145728224)     19660820        51739    1.539998
       27     165      3  [  3244032324,   3263693144)     19660820        51739    1.520214
       28     171      3  [  3361996864,   3381657684)     19660820        51739    1.620228
       29     177      3  [  3420979324,   3425894624)      4915300        12935    0.550306
       30     183      3  [  3450470744,   3455385664)      4914920        12934    0.590463
       31     189      3  [  3479961784,   3484877084)      4915300        12935    0.430200
       32     195      3  [  3509452824,   3514368124)      4915300        12935    0.590011
       33     201      3  [  3538944244,   3543859544)      4915300        12935    0.519986
       34     207      3  [  3568435284,   3573350584)      4915300        12935    0.460038
       35     213      3  [  3597926704,   3602841624)      4914920        12934    0.650223
       36     219      3  [  3627417744,   3632333044)      4915300        12935    0.461486
       37     225      3  [  3656909164,   3661824084)      4914920        12934    0.438660
       38     231      3  [  3686400204,   3691315504)      4915300        12935    0.489097
       39     237      3  [  3715891244,   3720806544)      4915300        12935    0.567137
       40     243      3  [  3745382664,   3750297964)      4915300        12935    0.500021
       41     249      3  [  3774873704,   3779789004)      4915300        12935    0.609976
==============================================================


================ MPI Dynamic Scheduler Debug =================
  MPI rank: 000004 / 000006

  Work summary
    claimed chunks                                         42
    claimed from this rank's queue                         42
    claimed from another rank's queue                       0
    completed FASTQ records                           1670231
    claimed input bytes                             634060308

  Scheduler counters
    scheduler_next calls                                   43
    RMA ticket attempts                                    48
    attempts against another rank's queue                   5
    tickets beyond the final chunk                          6
    empty aligned chunks                                    0

  Scheduler timing
    MPI_Win_create (setup)                       0.004532 s  (1 calls,  4531.989 us/call)
    MPI_Barrier after setup                      0.000014 s  (1 calls,    14.350 us/call)
    scheduler_next total                         0.198074 s  (43 calls,  4606.364 us/call)
      RMA ticket path total                        0.197920 s  (48 calls,  4123.324 us/call)
        MPI_Win_lock                                 0.000300 s  (48 calls,     6.243 us/call)
        MPI_Fetch_and_op                             0.000220 s  (48 calls,     4.592 us/call)
        MPI_Win_unlock                               0.197327 s  (48 calls,  4110.974 us/call)
        RMA call overhead (derived)                  0.000073 s  (48 calls,     1.516 us/call)
      align nominal offsets to FASTQ records       0.000045 s  (42 calls,     1.073 us/call)
      scheduler loop/bookkeeping (derived)         0.000109 s  (43 calls,     2.536 us/call)

  Scheduler teardown timing
    MPI_Barrier (wait for other ranks)           0.226704 s  (1 calls, 226703.643 us/call)
    MPI_Win_free                                 0.000066 s  (1 calls,    65.550 us/call)

  Stage 2 by chunk
    completed chunks                                       42
    accumulated stage 2                             52.860744 s
    average stage 2 per chunk                        1.258589 s
    slowest chunk                                           4
    slowest chunk stage 2                            2.570772 s

    order   chunk  queue        byte range                       bytes      records   stage2(s)
        0       4      4  [    78643420,     98304084)     19660664        52289    2.570772
        1      10      4  [   196608156,    216268820)     19660664        52289    1.688907
        2      16      4  [   314572892,    334233932)     19661040        52290    1.620140
        3      22      4  [   432537724,    452198544)     19660820        51739    1.511271
        4      28      4  [   550502644,    570163464)     19660820        51739    1.488936
        5      34      4  [   668467564,    688128004)     19660440        51738    1.540692
        6      40      4  [   786432104,    806092924)     19660820        51739    1.600239
        7      46      4  [   904397024,    924057844)     19660820        51739    1.571982
        8      52      4  [  1022361944,   1042022764)     19660820        51739    1.640701
        9      58      4  [  1140326484,   1159987304)     19660820        51739    1.589522
       10      64      4  [  1258291404,   1277952224)     19660820        51739    1.570101
       11      70      4  [  1376256324,   1395917144)     19660820        51739    1.610248
       12      76      4  [  1494220864,   1513881684)     19660820        51739    1.570025
       13      82      4  [  1612185784,   1631846604)     19660820        51739    1.531483
       14      88      4  [  1730150704,   1749811524)     19660820        51739    1.560793
       15      94      4  [  1848115244,   1867776064)     19660820        51739    1.629532
       16     100      4  [  1966080164,   1985740984)     19660820        51739    1.530255
       17     106      4  [  2084045084,   2103705904)     19660820        51739    1.510841
       18     112      4  [  2202009624,   2221670444)     19660820        51739    1.550364
       19     118      4  [  2319974544,   2339635364)     19660820        51739    1.650068
       20     124      4  [  2437939464,   2457600284)     19660820        51739    1.570129
       21     130      4  [  2555904004,   2575564824)     19660820        51739    1.530196
       22     136      4  [  2673868924,   2693529744)     19660820        51739    1.540075
       23     142      4  [  2791833844,   2811494664)     19660820        51739    1.530130
       24     148      4  [  2909798764,   2929459204)     19660440        51738    1.555869
       25     154      4  [  3027763304,   3047424124)     19660820        51739    1.559915
       26     160      4  [  3145728224,   3165389044)     19660820        51739    1.549435
       27     166      4  [  3263693144,   3283353964)     19660820        51739    1.620046
       28     172      4  [  3381657684,   3401318504)     19660820        51739    1.540550
       29     178      4  [  3425894624,   3430809924)      4915300        12935    0.461785
       30     184      4  [  3455385664,   3460300964)      4915300        12935    0.506019
       31     190      4  [  3484877084,   3489792004)      4914920        12934    0.500141
       32     196      4  [  3514368124,   3519283424)      4915300        12935    0.450030
       33     202      4  [  3543859544,   3548774464)      4914920        12934    0.450009
       34     208      4  [  3573350584,   3578265884)      4915300        12935    0.430189
       35     214      4  [  3602841624,   3607756924)      4915300        12935    0.450209
       36     220      4  [  3632333044,   3637248344)      4915300        12935    0.560159
       37     226      4  [  3661824084,   3666739384)      4915300        12935    0.481131
       38     232      4  [  3691315504,   3696230424)      4914920        12934    0.487917
       39     238      4  [  3720806544,   3725721844)      4915300        12935    0.479977
       40     244      4  [  3750297964,   3755212884)      4914920        12934    0.519985
       41     250      4  [  3779789004,   3784704304)      4915300        12935    0.549975
==============================================================


================ MPI Dynamic Scheduler Debug =================
  MPI rank: 000005 / 000006

  Work summary
    claimed chunks                                         44
    claimed from this rank's queue                         42
    claimed from another rank's queue                       2
    completed FASTQ records                           1657296
    claimed input bytes                             629145004

  Scheduler counters
    scheduler_next calls                                   45
    RMA ticket attempts                                    52
    attempts against another rank's queue                   8
    tickets beyond the final chunk                          8
    empty aligned chunks                                    0

  Scheduler timing
    MPI_Win_create (setup)                       0.001076 s  (1 calls,  1076.109 us/call)
    MPI_Barrier after setup                      0.000012 s  (1 calls,    11.850 us/call)
    scheduler_next total                         0.208457 s  (45 calls,  4632.367 us/call)
      RMA ticket path total                        0.208291 s  (52 calls,  4005.588 us/call)
        MPI_Win_lock                                 0.000320 s  (52 calls,     6.162 us/call)
        MPI_Fetch_and_op                             0.000340 s  (52 calls,     6.543 us/call)
        MPI_Win_unlock                               0.207551 s  (52 calls,  3991.364 us/call)
        RMA call overhead (derived)                  0.000079 s  (52 calls,     1.519 us/call)
      align nominal offsets to FASTQ records       0.000048 s  (44 calls,     1.095 us/call)
      scheduler loop/bookkeeping (derived)         0.000118 s  (45 calls,     2.617 us/call)

  Scheduler teardown timing
    MPI_Barrier (wait for other ranks)           0.151668 s  (1 calls, 151668.000 us/call)
    MPI_Win_free                                 0.000066 s  (1 calls,    66.500 us/call)

  Stage 2 by chunk
    completed chunks                                       44
    accumulated stage 2                             53.907229 s
    average stage 2 per chunk                        1.225164 s
    slowest chunk                                           5
    slowest chunk stage 2                            2.380283 s

    order   chunk  queue        byte range                       bytes      records   stage2(s)
        0       5      5  [    98304084,    117965124)     19661040        52290    2.380283
        1      11      5  [   216268820,    235929860)     19661040        52290    1.639967
        2      17      5  [   334233932,    353894596)     19660664        52289    1.550046
        3      23      5  [   452198544,    471859364)     19660820        51739    1.530438
        4      29      5  [   570163464,    589824284)     19660820        51739    1.589750
        5      35      5  [   688128004,    707788824)     19660820        51739    1.509935
        6      41      5  [   806092924,    825753744)     19660820        51739    1.530994
        7      47      5  [   924057844,    943718664)     19660820        51739    1.560184
        8      53      5  [  1042022764,   1061683204)     19660440        51738    1.640516
        9      59      5  [  1159987304,   1179648124)     19660820        51739    1.639823
       10      65      5  [  1277952224,   1297613044)     19660820        51739    1.760109
       11      71      5  [  1395917144,   1415577964)     19660820        51739    1.920217
       12      77      5  [  1513881684,   1533542504)     19660820        51739    1.660923
       13      83      5  [  1631846604,   1651507424)     19660820        51739    1.510185
       14      89      5  [  1749811524,   1769472344)     19660820        51739    1.570242
       15      95      5  [  1867776064,   1887436884)     19660820        51739    1.630099
       16     101      5  [  1985740984,   2005401804)     19660820        51739    1.560154
       17     107      5  [  2103705904,   2123366724)     19660820        51739    1.570088
       18     113      5  [  2221670444,   2241331264)     19660820        51739    1.590252
       19     119      5  [  2339635364,   2359296184)     19660820        51739    1.641354
       20     125      5  [  2457600284,   2477261104)     19660820        51739    1.569982
       21     131      5  [  2575564824,   2595225644)     19660820        51739    1.780298
       22     137      5  [  2693529744,   2713190564)     19660820        51739    1.570017
       23     143      5  [  2811494664,   2831155484)     19660820        51739    1.540755
       24     149      5  [  2929459204,   2949120024)     19660820        51739    1.570315
       25     155      5  [  3047424124,   3067084944)     19660820        51739    1.660059
       26     161      5  [  3165389044,   3185049864)     19660820        51739    1.620158
       27     167      5  [  3283353964,   3303014404)     19660440        51738    1.560059
       28     173      5  [  3401318504,   3406233804)      4915300        12935    0.420191
       29     179      5  [  3430809924,   3435724844)      4914920        12934    0.460028
       30     185      5  [  3460300964,   3465216264)      4915300        12935    0.430013
       31     191      5  [  3489792004,   3494707304)      4915300        12935    0.500112
       32     197      5  [  3519283424,   3524198724)      4915300        12935    0.460042
       33     203      5  [  3548774464,   3553689764)      4915300        12935    0.480173
       34     209      5  [  3578265884,   3583180804)      4914920        12934    0.430135
       35     215      5  [  3607756924,   3612672224)      4915300        12935    0.530097
       36     221      5  [  3637248344,   3642163264)      4914920        12934    0.440008
       37     227      5  [  3666739384,   3671654684)      4915300        12935    0.589948
       38     233      5  [  3696230424,   3701145724)      4915300        12935    0.510052
       39     239      5  [  3725721844,   3730637144)      4915300        12935    0.510131
       40     245      5  [  3755212884,   3760128184)      4915300        12935    0.470532
       41     251      5  [  3784704304,   3789619224)      4914920        12934    0.748603
       42     240      0  [  3730637144,   3735552064)      4914920        12934    0.479996
       43     247      1  [  3765043484,   3769958404)      4914920        12934    0.589967
==============================================================


====================== SWBWA Output Debug =====================
  MPI rank: 000000 / 000006
  mode:     MPI split
  path:     correctness_results/mpi_tail10_bigdata_dynamic_no1_20260824/mpi_dynamic_split/no1/small_SRR7963242_SE.rank000000.sam

  Output volume
    output buffer capacity                           67108864
    swbwa_output_write calls                         1671466
    submitted SAM bytes                            655327968
    buffered flushes                                      10
    buffered flush bytes                           655327968
    direct oversized writes                                0
    direct oversized bytes                                 0

  Buffering
    buffered flush total                        61.450234 s  (10 calls, 6145023.438 us/call)

  POSIX file writes
    write system calls                                     10
    write system-call bytes                         655327968
    POSIX write system calls                    61.450209 s  (10 calls, 6145020.933 us/call)
    POSIX write effective bandwidth                10.170 MiB/s

  Output close timing
    POSIX close                                  0.001167 s  (1 calls,  1166.810 us/call)
================================================================


====================== SWBWA Output Debug =====================
  MPI rank: 000001 / 000006
  mode:     MPI split
  path:     correctness_results/mpi_tail10_bigdata_dynamic_no1_20260824/mpi_dynamic_split/no1/small_SRR7963242_SE.rank000001.sam

  Output volume
    output buffer capacity                           67108864
    swbwa_output_write calls                         1660541
    submitted SAM bytes                            651074377
    buffered flushes                                      10
    buffered flush bytes                           651074377
    direct oversized writes                                0
    direct oversized bytes                                 0

  Buffering
    buffered flush total                        61.092824 s  (10 calls, 6109282.447 us/call)

  POSIX file writes
    write system calls                                     10
    write system-call bytes                         651074377
    POSIX write system calls                    61.092798 s  (10 calls, 6109279.756 us/call)
    POSIX write effective bandwidth                10.163 MiB/s

  Output close timing
    POSIX close                                  0.000781 s  (1 calls,   781.406 us/call)
================================================================


====================== SWBWA Output Debug =====================
  MPI rank: 000002 / 000006
  mode:     MPI split
  path:     correctness_results/mpi_tail10_bigdata_dynamic_no1_20260824/mpi_dynamic_split/no1/small_SRR7963242_SE.rank000002.sam

  Output volume
    output buffer capacity                           67108864
    swbwa_output_write calls                         1670234
    submitted SAM bytes                            654812054
    buffered flushes                                      10
    buffered flush bytes                           654812054
    direct oversized writes                                0
    direct oversized bytes                                 0

  Buffering
    buffered flush total                        61.643935 s  (10 calls, 6164393.450 us/call)

  POSIX file writes
    write system calls                                     10
    write system-call bytes                         654812054
    POSIX write system calls                    61.643905 s  (10 calls, 6164390.490 us/call)
    POSIX write effective bandwidth                10.130 MiB/s

  Output close timing
    POSIX close                                  0.004944 s  (1 calls,  4943.792 us/call)
================================================================


====================== SWBWA Output Debug =====================
  MPI rank: 000003 / 000006
  mode:     MPI split
  path:     correctness_results/mpi_tail10_bigdata_dynamic_no1_20260824/mpi_dynamic_split/no1/small_SRR7963242_SE.rank000003.sam

  Output volume
    output buffer capacity                           67108864
    swbwa_output_write calls                         1670232
    submitted SAM bytes                            654781552
    buffered flushes                                      10
    buffered flush bytes                           654781552
    direct oversized writes                                0
    direct oversized bytes                                 0

  Buffering
    buffered flush total                        61.473819 s  (10 calls, 6147381.886 us/call)

  POSIX file writes
    write system calls                                     10
    write system-call bytes                         654781552
    POSIX write system calls                    61.473790 s  (10 calls, 6147379.016 us/call)
    POSIX write effective bandwidth                10.158 MiB/s

  Output close timing
    POSIX close                                  0.000654 s  (1 calls,   654.305 us/call)
================================================================


====================== SWBWA Output Debug =====================
  MPI rank: 000004 / 000006
  mode:     MPI split
  path:     correctness_results/mpi_tail10_bigdata_dynamic_no1_20260824/mpi_dynamic_split/no1/small_SRR7963242_SE.rank000004.sam

  Output volume
    output buffer capacity                           67108864
    swbwa_output_write calls                         1670231
    submitted SAM bytes                            654806800
    buffered flushes                                      10
    buffered flush bytes                           654806800
    direct oversized writes                                0
    direct oversized bytes                                 0

  Buffering
    buffered flush total                        61.492927 s  (10 calls, 6149292.665 us/call)

  POSIX file writes
    write system calls                                     10
    write system-call bytes                         654806800
    POSIX write system calls                    61.492896 s  (10 calls, 6149289.635 us/call)
    POSIX write effective bandwidth                10.155 MiB/s

  Output close timing
    POSIX close                                  0.000781 s  (1 calls,   780.806 us/call)
================================================================


====================== SWBWA Output Debug =====================
  MPI rank: 000005 / 000006
  mode:     MPI split
  path:     correctness_results/mpi_tail10_bigdata_dynamic_no1_20260824/mpi_dynamic_split/no1/small_SRR7963242_SE.rank000005.sam

  Output volume
    output buffer capacity                           67108864
    swbwa_output_write calls                         1657296
    submitted SAM bytes                            649792394
    buffered flushes                                      10
    buffered flush bytes                           649792394
    direct oversized writes                                0
    direct oversized bytes                                 0

  Buffering
    buffered flush total                        60.578081 s  (10 calls, 6057808.112 us/call)

  POSIX file writes
    write system calls                                     10
    write system-call bytes                         649792394
    POSIX write system calls                    60.578054 s  (10 calls, 6057805.422 us/call)
    POSIX write effective bandwidth                10.230 MiB/s

  Output close timing
    POSIX close                                  0.001023 s  (1 calls,  1023.208 us/call)
================================================================


================ MPI Progress Thread Debug =================
  MPI rank: 000000 / 000006
  lifetime                                       75.675146 s
  MPI_Iprobe calls                                    7522
  MPI_Iprobe total                                0.157367 s
  MPI_Iprobe average                                20.921 us
  MPI_Iprobe maximum                              0.006955 s
  calls >= 1 ms                                          1
  calls >= 10 ms                                         0
  calls >= 100 ms                                        0
  calls >= 1 s                                           0
============================================================


================ MPI Progress Thread Debug =================
  MPI rank: 000001 / 000006
  lifetime                                       75.669150 s
  MPI_Iprobe calls                                    7532
  MPI_Iprobe total                                0.181635 s
  MPI_Iprobe average                                24.115 us
  MPI_Iprobe maximum                              0.006027 s
  calls >= 1 ms                                          1
  calls >= 10 ms                                         0
  calls >= 100 ms                                        0
  calls >= 1 s                                           0
============================================================


================ MPI Progress Thread Debug =================
  MPI rank: 000002 / 000006
  lifetime                                       75.675412 s
  MPI_Iprobe calls                                    7530
  MPI_Iprobe total                                0.139079 s
  MPI_Iprobe average                                18.470 us
  MPI_Iprobe maximum                              0.005388 s
  calls >= 1 ms                                          1
  calls >= 10 ms                                         0
  calls >= 100 ms                                        0
  calls >= 1 s                                           0
============================================================


================ MPI Progress Thread Debug =================
  MPI rank: 000003 / 000006
  lifetime                                       75.665283 s
  MPI_Iprobe calls                                    7534
  MPI_Iprobe total                                0.138279 s
  MPI_Iprobe average                                18.354 us
  MPI_Iprobe maximum                              0.005432 s
  calls >= 1 ms                                          1
  calls >= 10 ms                                         0
  calls >= 100 ms                                        0
  calls >= 1 s                                           0
============================================================


================ MPI Progress Thread Debug =================
  MPI rank: 000004 / 000006
  lifetime                                       75.665238 s
  MPI_Iprobe calls                                    7537
  MPI_Iprobe total                                0.138703 s
  MPI_Iprobe average                                18.403 us
  MPI_Iprobe maximum                              0.003653 s
  calls >= 1 ms                                          2
  calls >= 10 ms                                         0
  calls >= 100 ms                                        0
  calls >= 1 s                                           0
============================================================


================ MPI Progress Thread Debug =================
  MPI rank: 000005 / 000006
  lifetime                                       75.674877 s
  MPI_Iprobe calls                                    7526
  MPI_Iprobe total                                0.151707 s
  MPI_Iprobe average                                20.158 us
  MPI_Iprobe maximum                              0.006319 s
  calls >= 1 ms                                          3
  calls >= 10 ms                                         0
  calls >= 100 ms                                        0
  calls >= 1 s                                           0
============================================================


================ SWBWA CPE/MPI Progress Debug ================
  MPI rank: 000000 / 000006

    phase                      waits     probes   total(s)    avg(us)    max(s)   >=1ms   >=10ms   >=100ms    >=1s  completed
    FASTQ formatting              42          0      0.000      0.000     0.000       0        0         0       0          0
    alignment and SAM length      42          0      0.000      0.000     0.000       0        0         0       0          0
    SAM record generation         42          0      0.000      0.000     0.000       0        0         0       0          0
    all CPE phases               126          0      0.000      0.000     0.000       0        0         0       0          0

  Probes marked 'completed' returned with the CPE completion
  flag set. Their full call duration bounds the possible delay.
    completion-observing probe total               0.000000 s
    slowest completion-observing probe             0.000000 s
==============================================================


================ SWBWA CPE/MPI Progress Debug ================
  MPI rank: 000001 / 000006

    phase                      waits     probes   total(s)    avg(us)    max(s)   >=1ms   >=10ms   >=100ms    >=1s  completed
    FASTQ formatting              42          0      0.000      0.000     0.000       0        0         0       0          0
    alignment and SAM length      42          0      0.000      0.000     0.000       0        0         0       0          0
    SAM record generation         42          0      0.000      0.000     0.000       0        0         0       0          0
    all CPE phases               126          0      0.000      0.000     0.000       0        0         0       0          0

  Probes marked 'completed' returned with the CPE completion
  flag set. Their full call duration bounds the possible delay.
    completion-observing probe total               0.000000 s
    slowest completion-observing probe             0.000000 s
==============================================================


================ SWBWA CPE/MPI Progress Debug ================
  MPI rank: 000002 / 000006

    phase                      waits     probes   total(s)    avg(us)    max(s)   >=1ms   >=10ms   >=100ms    >=1s  completed
    FASTQ formatting              42          0      0.000      0.000     0.000       0        0         0       0          0
    alignment and SAM length      42          0      0.000      0.000     0.000       0        0         0       0          0
    SAM record generation         42          0      0.000      0.000     0.000       0        0         0       0          0
    all CPE phases               126          0      0.000      0.000     0.000       0        0         0       0          0

======================= SWBWA Timing Report =======================
  MPI rank: 000000 / 000006
  Accumulated wall-clock time; indented rows are included in
  their parent row and must not be added to it.

  Pipeline
    total - complete three-stage pipeline                    75.682 s
    stage 1 - allocate and read raw FASTQ blocks             39.313 s
    stage 2 - align reads and generate SAM records           54.484 s
    stage 3 - write SAM and release batch data               61.428 s
      SAM output writes                                        60.628 s
      batch cleanup and loop overhead (derived)                 0.800 s

  Stage 1 input details
    batches completed / stage calls                      42 / 43
    input-buffer and batch allocations                        0.001 s  (85 calls, max 0.000 s)
    aggregate requested allocation bytes            634107172
    FASTQ fseeko calls                                        4.579 s  (42 calls, max 0.355 s)
    FASTQ fread calls                                        34.599 s  (42 calls, max 1.546 s)
    align chunk ends to FASTQ record boundaries               0.000 s  (0 calls, max 0.000 s)
    scheduler, checks and bookkeeping (derived)               0.136 s
    raw FASTQ bytes read                            634061412  (604.688 MiB)
    effective fread bandwidth                         17.477 MiB/s
    slowest allocation                                 0.000 s  (64 bytes)
    slowest fread                                      1.546 s  (R1 offset=2477261104, bytes=19660820)

  Stage 2 worker details
    total - active merge worker                              54.480 s
      part 1 - prepare CPE task and reusable buffers            1.390 s
      part 2 - CPE FASTQ formatting and input release           0.409 s
      part 3 - CPE alignment and SAM length pass               51.979 s
      part 4 - assign slices in the shared SAM buffer           0.120 s
      part 5 - CPE SAM record generation                        0.579 s
      part 6 - release temporary worker data                    0.001 s

  Reserved allocator timers (no active timing sites)
    malloc timer                                              0.000 s
    free timer                                                0.000 s
===================================================================


======================= SWBWA Timing Report =======================
  MPI rank: 000001 / 000006
  Accumulated wall-clock time; indented rows are included in
  their parent row and must not be added to it.

  Pipeline
    total - complete three-stage pipeline                    75.680 s
    stage 1 - allocate and read raw FASTQ blocks             43.193 s
    stage 2 - align reads and generate SAM records           53.038 s
    stage 3 - write SAM and release batch data               62.005 s
      SAM output writes                                        60.809 s
      batch cleanup and loop overhead (derived)                 1.196 s

  Stage 1 input details
    batches completed / stage calls                      42 / 43
    input-buffer and batch allocations                        0.000 s  (85 calls, max 0.000 s)
    aggregate requested allocation bytes            630212488
    FASTQ fseeko calls                                       11.067 s  (42 calls, max 0.678 s)
    FASTQ fread calls                                        31.989 s  (42 calls, max 1.474 s)
    align chunk ends to FASTQ record boundaries               0.000 s  (0 calls, max 0.000 s)
    scheduler, checks and bookkeeping (derived)               0.136 s
    raw FASTQ bytes read                            630166728  (600.974 MiB)
    effective fread bandwidth                         18.787 MiB/s
    slowest allocation                                 0.000 s  (19661844 bytes)
    slowest fread                                      1.474 s  (R1 offset=727449644, bytes=19660820)

  Stage 2 worker details
    total - active merge worker                              53.029 s
      part 1 - prepare CPE task and reusable buffers            1.243 s
      part 2 - CPE FASTQ formatting and input release           0.444 s
      part 3 - CPE alignment and SAM length pass               50.644 s
      part 4 - assign slices in the shared SAM buffer           0.146 s
      part 5 - CPE SAM record generation                        0.543 s
      part 6 - release temporary worker data                    0.001 s

  Reserved allocator timers (no active timing sites)
    malloc timer                                              0.000 s
    free timer                                                0.000 s
===================================================================


  Probes marked 'completed' returned with the CPE completion
  flag set. Their full call duration bounds the possible delay.
    completion-observing probe total               0.000000 s
    slowest completion-observing probe             0.000000 s
==============================================================


======================= SWBWA Timing Report =======================
  MPI rank: 000002 / 000006
  Accumulated wall-clock time; indented rows are included in
  their parent row and must not be added to it.

  Pipeline
    total - complete three-stage pipeline                    75.686 s
    stage 1 - allocate and read raw FASTQ blocks             42.630 s
    stage 2 - align reads and generate SAM records           53.284 s
    stage 3 - write SAM and release batch data               61.739 s
      SAM output writes                                        60.930 s
      batch cleanup and loop overhead (derived)                 0.810 s

  Stage 1 input details
    batches completed / stage calls                      42 / 43
    input-buffer and batch allocations                        0.001 s  (85 calls, max 0.001 s)
    aggregate requested allocation bytes            634107204
    FASTQ fseeko calls                                       10.902 s  (42 calls, max 0.676 s)
    FASTQ fread calls                                        31.560 s  (42 calls, max 1.408 s)
    align chunk ends to FASTQ record boundaries               0.000 s  (0 calls, max 0.000 s)
    scheduler, checks and bookkeeping (derived)               0.167 s
    raw FASTQ bytes read                            634061444  (604.688 MiB)
    effective fread bandwidth                         19.160 MiB/s
    slowest allocation                                 0.001 s  (64 bytes)
    slowest fread                                      1.408 s  (R1 offset=1926758524, bytes=19660820)

  Stage 2 worker details
    total - active merge worker                              53.281 s
      part 1 - prepare CPE task and reusable buffers            1.229 s
      part 2 - CPE FASTQ formatting and input release           0.348 s
      part 3 - CPE alignment and SAM length pass               51.001 s
      part 4 - assign slices in the shared SAM buffer           0.117 s
      part 5 - CPE SAM record generation                        0.582 s
      part 6 - release temporary worker data                    0.001 s

  Reserved allocator timers (no active timing sites)
    malloc timer                                              0.000 s
    free timer                                                0.000 s
===================================================================


================ SWBWA CPE/MPI Progress Debug ================
  MPI rank: 000003 / 000006

    phase                      waits     probes   total(s)    avg(us)    max(s)   >=1ms   >=10ms   >=100ms    >=1s  completed
    FASTQ formatting              42          0      0.000      0.000     0.000       0        0         0       0          0
    alignment and SAM length      42          0      0.000      0.000     0.000       0        0         0       0          0
    SAM record generation         42          0      0.000      0.000     0.000       0        0         0       0          0
    all CPE phases               126          0      0.000      0.000     0.000       0        0         0       0          0

  Probes marked 'completed' returned with the CPE completion
  flag set. Their full call duration bounds the possible delay.
    completion-observing probe total               0.000000 s
    slowest completion-observing probe             0.000000 s
==============================================================


======================= SWBWA Timing Report =======================
  MPI rank: 000003 / 000006
  Accumulated wall-clock time; indented rows are included in
  their parent row and must not be added to it.

  Pipeline
    total - complete three-stage pipeline                    75.678 s
    stage 1 - allocate and read raw FASTQ blocks             42.493 s
    stage 2 - align reads and generate SAM records           53.652 s
    stage 3 - write SAM and release batch data               61.718 s
      SAM output writes                                        61.000 s
      batch cleanup and loop overhead (derived)                 0.718 s

  Stage 1 input details
    batches completed / stage calls                      42 / 43
    input-buffer and batch allocations                        0.000 s  (85 calls, max 0.000 s)
    aggregate requested allocation bytes            634106452
    FASTQ fseeko calls                                        9.388 s  (42 calls, max 0.386 s)
    FASTQ fread calls                                        32.921 s  (42 calls, max 1.471 s)
    align chunk ends to FASTQ record boundaries               0.000 s  (0 calls, max 0.000 s)
    scheduler, checks and bookkeeping (derived)               0.183 s
    raw FASTQ bytes read                            634060692  (604.687 MiB)
    effective fread bandwidth                         18.368 MiB/s
    slowest allocation                                 0.000 s  (64 bytes)
    slowest fread                                      1.471 s  (R1 offset=3361996864, bytes=19660820)

  Stage 2 worker details
    total - active merge worker                              53.644 s
      part 1 - prepare CPE task and reusable buffers            1.213 s
      part 2 - CPE FASTQ formatting and input release           0.437 s
      part 3 - CPE alignment and SAM length pass               51.305 s
      part 4 - assign slices in the shared SAM buffer           0.118 s
      part 5 - CPE SAM record generation                        0.557 s
      part 6 - release temporary worker data                    0.001 s

  Reserved allocator timers (no active timing sites)
    malloc timer                                              0.000 s
    free timer                                                0.000 s
===================================================================


================ SWBWA CPE/MPI Progress Debug ================
  MPI rank: 000004 / 000006

    phase                      waits     probes   total(s)    avg(us)    max(s)   >=1ms   >=10ms   >=100ms    >=1s  completed
    FASTQ formatting              42          0      0.000      0.000     0.000       0        0         0       0          0
    alignment and SAM length      42          0      0.000      0.000     0.000       0        0         0       0          0
    SAM record generation         42          0      0.000      0.000     0.000       0        0         0       0          0
    all CPE phases               126          0      0.000      0.000     0.000       0        0         0       0          0

  Probes marked 'completed' returned with the CPE completion
  flag set. Their full call duration bounds the possible delay.
    completion-observing probe total               0.000000 s
    slowest completion-observing probe             0.000000 s
==============================================================


======================= SWBWA Timing Report =======================
  MPI rank: 000004 / 000006
  Accumulated wall-clock time; indented rows are included in
  their parent row and must not be added to it.

  Pipeline
    total - complete three-stage pipeline                    75.682 s
    stage 1 - allocate and read raw FASTQ blocks             43.290 s
    stage 2 - align reads and generate SAM records           52.861 s
    stage 3 - write SAM and release batch data               61.455 s
      SAM output writes                                        60.671 s
      batch cleanup and loop overhead (derived)                 0.784 s

  Stage 1 input details
    batches completed / stage calls                      42 / 43
    input-buffer and batch allocations                        0.000 s  (85 calls, max 0.000 s)
    aggregate requested allocation bytes            634106068
    FASTQ fseeko calls                                       10.578 s  (42 calls, max 0.674 s)
    FASTQ fread calls                                        32.498 s  (42 calls, max 1.460 s)
    align chunk ends to FASTQ record boundaries               0.000 s  (0 calls, max 0.000 s)
    scheduler, checks and bookkeeping (derived)               0.213 s
    raw FASTQ bytes read                            634060308  (604.687 MiB)
    effective fread bandwidth                         18.607 MiB/s
    slowest allocation                                 0.000 s  (19661844 bytes)
    slowest fread                                      1.460 s  (R1 offset=2791833844, bytes=19660820)

  Stage 2 worker details
    total - active merge worker                              52.853 s
      part 1 - prepare CPE task and reusable buffers            1.374 s
      part 2 - CPE FASTQ formatting and input release           0.482 s
      part 3 - CPE alignment and SAM length pass               50.310 s
      part 4 - assign slices in the shared SAM buffer           0.118 s
      part 5 - CPE SAM record generation                        0.561 s
      part 6 - release temporary worker data                    0.001 s

  Reserved allocator timers (no active timing sites)
    malloc timer                                              0.000 s
    free timer                                                0.000 s
===================================================================


================ SWBWA CPE/MPI Progress Debug ================
  MPI rank: 000005 / 000006

    phase                      waits     probes   total(s)    avg(us)    max(s)   >=1ms   >=10ms   >=100ms    >=1s  completed
    FASTQ formatting              44          0      0.000      0.000     0.000       0        0         0       0          0
    alignment and SAM length      44          0      0.000      0.000     0.000       0        0         0       0          0
    SAM record generation         44          0      0.000      0.000     0.000       0        0         0       0          0
    all CPE phases               132          0      0.000      0.000     0.000       0        0         0       0          0

  Probes marked 'completed' returned with the CPE completion
  flag set. Their full call duration bounds the possible delay.
    completion-observing probe total               0.000000 s
    slowest completion-observing probe             0.000000 s
==============================================================


======================= SWBWA Timing Report =======================
  MPI rank: 000005 / 000006
  Accumulated wall-clock time; indented rows are included in
  their parent row and must not be added to it.

  Pipeline
    total - complete three-stage pipeline                    75.685 s
    stage 1 - allocate and read raw FASTQ blocks             47.480 s
    stage 2 - align reads and generate SAM records           53.907 s
    stage 3 - write SAM and release batch data               60.786 s
      SAM output writes                                        59.953 s
      batch cleanup and loop overhead (derived)                 0.833 s

  Stage 1 input details
    batches completed / stage calls                      44 / 45
    input-buffer and batch allocations                        0.000 s  (89 calls, max 0.000 s)
    aggregate requested allocation bytes            629192940
    FASTQ fseeko calls                                       10.440 s  (44 calls, max 0.684 s)
    FASTQ fread calls                                        36.820 s  (44 calls, max 1.732 s)
    align chunk ends to FASTQ record boundaries               0.000 s  (0 calls, max 0.000 s)
    scheduler, checks and bookkeeping (derived)               0.220 s
    raw FASTQ bytes read                            629145004  (599.999 MiB)
    effective fread bandwidth                         16.296 MiB/s
    slowest allocation                                 0.000 s  (4915944 bytes)
    slowest fread                                      1.732 s  (R1 offset=1277952224, bytes=19660820)

  Stage 2 worker details
    total - active merge worker                              53.904 s
      part 1 - prepare CPE task and reusable buffers            1.312 s
      part 2 - CPE FASTQ formatting and input release           0.370 s
      part 3 - CPE alignment and SAM length pass               51.517 s
      part 4 - assign slices in the shared SAM buffer           0.118 s
      part 5 - CPE SAM record generation                        0.582 s
      part 6 - release temporary worker data                    0.001 s

  Reserved allocator timers (no active timing sites)
    malloc timer                                              0.000 s
    free timer                                                0.000 s
===================================================================

[main] Version: 0.0.1
[main] CMD: ./SWBWA mem -v 4 -t 1 -o correctness_results/mpi_tail10_bigdata_dynamic_no1_20260824/mpi_dynamic_split/no1/small_SRR7963242_SE.sam -I 170,80,500,1 ../data/GRCh38.d1.vd1.fa ../data/bwa_test_big_data/small_SRR7963242_1.fastq
