[M::main_mem] mean insert size: 170.000, stddev: 80.000, max: 500, min: 1
[MPI input] mode=dynamic chunks=180 bytes_per_cg=19660800 cg_count=1 chunk_bytes=19660800 file_bytes=3536060312 scheduler=distributed read_index=exact
malloc bwt->bwt 3107576584, 0x500008804020
malloc bwt->bwt 3107576584, 0x500008804020
malloc bwt->bwt 3107576584, 0x500008804020
malloc bwt->bwt 3107576584, 0x500008804020
malloc bwt->bwt 3107576584, 0x500008804020
malloc bwt->bwt 3107576584, 0x500008804020
malloc bwt->sa 1553788264, 0x5000c1ba1b40
malloc bwt->sa 1553788264, 0x5000c1ba1b40
malloc bwt->sa 1553788264, 0x5000c1ba1b40
malloc bwt->sa 1553788264, 0x5000c1ba1b40
malloc bwt->sa 1553788264, 0x5000c1ba1b40
malloc bwt->sa 1553788264, 0x5000c1ba1b40
[M::bwa_idx_load_from_disk] read 0 ALT contigs
[M::bwa_idx_load_from_disk] read 0 ALT contigs
[M::bwa_idx_load_from_disk] read 0 ALT contigs
[M::bwa_idx_load_from_disk] read 0 ALT contigs
[M::bwa_idx_load_from_disk] read 0 ALT contigs
[M::bwa_idx_load_from_disk] read 0 ALT contigs
malloc pac 776894131, 0x50011e5708c0
malloc pac 776894131, 0x50011e5708c0
malloc pac 776894131, 0x50011e5708c0
malloc pac 776894131, 0x50011e5708c0
malloc pac 776894131, 0x50011e5708c0
malloc pac 776894131, 0x50011e5708c0
the input file is ../data/bwa_test_big_data/SRR2496709_1.fastq
[MPI rank 000000/000006] output: correctness_results/bigdata_mpi_lwpf_off_20260823/mpi_dynamic_single/has1/SRR2496709_SE.sam
[MPI rank 000001/000006] output: correctness_results/bigdata_mpi_lwpf_off_20260823/mpi_dynamic_single/has1/SRR2496709_SE.sam
[MPI rank 000002/000006] output: correctness_results/bigdata_mpi_lwpf_off_20260823/mpi_dynamic_single/has1/SRR2496709_SE.sam
[MPI rank 000003/000006] output: correctness_results/bigdata_mpi_lwpf_off_20260823/mpi_dynamic_single/has1/SRR2496709_SE.sam
[MPI rank 000004/000006] output: correctness_results/bigdata_mpi_lwpf_off_20260823/mpi_dynamic_single/has1/SRR2496709_SE.sam
[MPI rank 000005/000006] output: correctness_results/bigdata_mpi_lwpf_off_20260823/mpi_dynamic_single/has1/SRR2496709_SE.sam
[M::process] read chunk (19660800 bytes/CG x 1 CGs, 19660888 bytes)...
[M::process] read chunk (19660800 bytes/CG x 1 CGs, 19660772 bytes)...
[M::process] read chunk (19660800 bytes/CG x 1 CGs, 19660860 bytes)...
[M::process] read chunk (19660800 bytes/CG x 1 CGs, 19660860 bytes)...
[M::process] read chunk (19660800 bytes/CG x 1 CGs, 19660860 bytes)...
[M::process] read chunk (19660800 bytes/CG x 1 CGs, 19660584 bytes)...
[M::mem_process_seqs_merge2] CPE FASTQ formatting done
[M::mem_process_seqs_merge2] CPE FASTQ formatting done
[M::mem_process_seqs_merge2] CPE FASTQ formatting done
[M::mem_process_seqs_merge2] CPE FASTQ formatting done
[M::mem_process_seqs_merge2] CPE FASTQ formatting done
[M::mem_process_seqs_merge2] CPE FASTQ formatting done
slave pre done
now n is 71235
slave pre done
now n is 72446
slave pre done
now n is 71634
processed 71235
[M::mem_process_seqs_merge2] Processed 71235 reads in 0.520 CPU sec, 1.308 real sec
processed 72446
[M::mem_process_seqs_merge2] Processed 72446 reads in 0.530 CPU sec, 1.321 real sec
processed 71634
[M::mem_process_seqs_merge2] Processed 71634 reads in 0.470 CPU sec, 1.201 real sec
[M::process] read chunk (19660800 bytes/CG x 1 CGs, 19660860 bytes)...
slave pre done
now n is 71235
[M::process] read chunk (19660800 bytes/CG x 1 CGs, 19660860 bytes)...
processed 71235
[M::mem_process_seqs_merge2] Processed 71235 reads in 0.530 CPU sec, 1.253 real sec
[M::process] read chunk (19660800 bytes/CG x 1 CGs, 19660860 bytes)...
[M::process] read chunk (19660800 bytes/CG x 1 CGs, 19660860 bytes)...
slave pre done
now n is 71235
processed 71235
[M::mem_process_seqs_merge2] Processed 71235 reads in 0.520 CPU sec, 1.396 real sec
[M::process] read chunk (19660800 bytes/CG x 1 CGs, 19660584 bytes)...
slave pre done
now n is 71234
processed 71234
[M::mem_process_seqs_merge2] Processed 71234 reads in 0.520 CPU sec, 1.384 real sec
[M::process] read chunk (19660800 bytes/CG x 1 CGs, 19660860 bytes)...
[M::mem_process_seqs_merge2] CPE FASTQ formatting done
[M::mem_process_seqs_merge2] CPE FASTQ formatting done
[M::mem_process_seqs_merge2] CPE FASTQ formatting done
[M::mem_process_seqs_merge2] CPE FASTQ formatting done
[M::mem_process_seqs_merge2] CPE FASTQ formatting done
[M::mem_process_seqs_merge2] CPE FASTQ formatting done
slave pre done
now n is 71235
processed 71235
[M::mem_process_seqs_merge2] Processed 71235 reads in 0.010 CPU sec, 0.738 real sec
[M::process] read chunk (19660800 bytes/CG x 1 CGs, 19660760 bytes)...
slave pre done
now n is 71235
processed 71235
[M::mem_process_seqs_merge2] Processed 71235 reads in 0.010 CPU sec, 0.903 real sec
slave pre done
now n is 71235
[M::process] read chunk (19660800 bytes/CG x 1 CGs, 19660860 bytes)...
processed 71235
[M::mem_process_seqs_merge2] Processed 71235 reads in 0.030 CPU sec, 0.712 real sec
slave pre done
now n is 71235
slave pre done
now n is 71234
processed 71235
[M::mem_process_seqs_merge2] Processed 71235 reads in 0.010 CPU sec, 0.863 real sec
processed 71234
[M::mem_process_seqs_merge2] Processed 71234 reads in 0.010 CPU sec, 0.707 real sec
[M::process] read chunk (19660800 bytes/CG x 1 CGs, 19660836 bytes)...
[M::process] read chunk (19660800 bytes/CG x 1 CGs, 19660860 bytes)...
[M::process] read chunk (19660800 bytes/CG x 1 CGs, 19660760 bytes)...
slave pre done
now n is 71235
processed 71235
[M::mem_process_seqs_merge2] Processed 71235 reads in 0.020 CPU sec, 0.746 real sec
[M::process] read chunk (19660800 bytes/CG x 1 CGs, 19660760 bytes)...
[M::mem_process_seqs_merge2] CPE FASTQ formatting done
[M::mem_process_seqs_merge2] CPE FASTQ formatting done
[M::mem_process_seqs_merge2] CPE FASTQ formatting done
[M::mem_process_seqs_merge2] CPE FASTQ formatting done
[M::mem_process_seqs_merge2] CPE FASTQ formatting done
[M::mem_process_seqs_merge2] CPE FASTQ formatting done
slave pre done
now n is 71235
processed 71235
[M::mem_process_seqs_merge2] Processed 71235 reads in 0.020 CPU sec, 0.788 real sec
[M::process] read chunk (19660800 bytes/CG x 1 CGs, 19660760 bytes)...
slave pre done
now n is 70233
[M::mem_process_seqs_merge2] CPE FASTQ formatting done
processed 70233
[M::mem_process_seqs_merge2] Processed 70233 reads in 0.020 CPU sec, 0.651 real sec
[M::process] read chunk (19660800 bytes/CG x 1 CGs, 19660760 bytes)...
slave pre done
now n is 70217
processed 70217
[M::mem_process_seqs_merge2] Processed 70217 reads in 0.010 CPU sec, 0.940 real sec
slave pre done
now n is 70217
slave pre done
now n is 71235
processed 70217
[M::mem_process_seqs_merge2] Processed 70217 reads in 0.010 CPU sec, 0.771 real sec
processed 71235
[M::mem_process_seqs_merge2] Processed 71235 reads in 0.010 CPU sec, 0.913 real sec
[M::process] read chunk (19660800 bytes/CG x 1 CGs, 19660760 bytes)...
[M::process] read chunk (19660800 bytes/CG x 1 CGs, 19660760 bytes)...
[M::mem_process_seqs_merge2] CPE FASTQ formatting done
slave pre done
now n is 70217
processed 70217
[M::mem_process_seqs_merge2] Processed 70217 reads in 0.100 CPU sec, 1.749 real sec
[M::mem_process_seqs_merge2] CPE FASTQ formatting done
slave pre done
now n is 70217
processed 70217
[M::mem_process_seqs_merge2] Processed 70217 reads in 0.030 CPU sec, 0.844 real sec
[M::mem_process_seqs_merge2] CPE FASTQ formatting done
slave pre done
now n is 70217
processed 70217
[M::mem_process_seqs_merge2] Processed 70217 reads in 0.010 CPU sec, 0.879 real sec
slave pre done
now n is 70217
processed 70217
[M::mem_process_seqs_merge2] Processed 70217 reads in 0.020 CPU sec, 0.874 real sec
slave pre done
now n is 70217
processed 70217
[M::mem_process_seqs_merge2] Processed 70217 reads in 0.030 CPU sec, 0.751 real sec
[M::process] read chunk (19660800 bytes/CG x 1 CGs, 19660760 bytes)...
[M::mem_process_seqs_merge2] CPE FASTQ formatting done
slave pre done
now n is 70217
processed 70217
[M::mem_process_seqs_merge2] Processed 70217 reads in 0.010 CPU sec, 0.757 real sec
[M::process] read chunk (19660800 bytes/CG x 1 CGs, 19661040 bytes)...
[M::process] read chunk (19660800 bytes/CG x 1 CGs, 19661040 bytes)...
[M::mem_process_seqs_merge2] CPE FASTQ formatting done
[M::mem_process_seqs_merge2] CPE FASTQ formatting done
slave pre done
now n is 70218
processed 70218
[M::mem_process_seqs_merge2] Processed 70218 reads in 0.010 CPU sec, 0.799 real sec
[M::process] read chunk (19660800 bytes/CG x 1 CGs, 19660760 bytes)...
slave pre done
now n is 70218
processed 70218
[M::mem_process_seqs_merge2] Processed 70218 reads in 0.010 CPU sec, 0.877 real sec
[M::process] read chunk (19660800 bytes/CG x 1 CGs, 19660760 bytes)...
[M::process] read chunk (19660800 bytes/CG x 1 CGs, 19660760 bytes)...
[M::mem_process_seqs_merge2] CPE FASTQ formatting done
[M::mem_process_seqs_merge2] CPE FASTQ formatting done
[M::mem_process_seqs_merge2] CPE FASTQ formatting done
slave pre done
now n is 70217
processed 70217
[M::mem_process_seqs_merge2] Processed 70217 reads in 0.010 CPU sec, 0.808 real sec
[M::process] read chunk (19660800 bytes/CG x 1 CGs, 19660760 bytes)...
slave pre done
now n is 70217
processed 70217
[M::mem_process_seqs_merge2] Processed 70217 reads in 0.010 CPU sec, 0.728 real sec
[M::process] read chunk (19660800 bytes/CG x 1 CGs, 19660760 bytes)...
[M::mem_process_seqs_merge2] CPE FASTQ formatting done
[M::mem_process_seqs_merge2] CPE FASTQ formatting done
[M::process] read chunk (19660800 bytes/CG x 1 CGs, 19660760 bytes)...
[M::mem_process_seqs_merge2] CPE FASTQ formatting done
slave pre done
now n is 70217
processed 70217
[M::mem_process_seqs_merge2] Processed 70217 reads in 0.010 CPU sec, 0.737 real sec
slave pre done
now n is 70217
processed 70217
[M::mem_process_seqs_merge2] Processed 70217 reads in 0.030 CPU sec, 0.763 real sec
[M::process] read chunk (19660800 bytes/CG x 1 CGs, 19660760 bytes)...
slave pre done
now n is 70217
processed 70217
[M::mem_process_seqs_merge2] Processed 70217 reads in 0.070 CPU sec, 2.156 real sec
[M::process] read chunk (19660800 bytes/CG x 1 CGs, 19660760 bytes)...
[M::mem_process_seqs_merge2] CPE FASTQ formatting done
slave pre done
now n is 70217
processed 70217
[M::mem_process_seqs_merge2] Processed 70217 reads in 0.050 CPU sec, 0.917 real sec
[M::mem_process_seqs_merge2] CPE FASTQ formatting done
[M::process] read chunk (19660800 bytes/CG x 1 CGs, 19660760 bytes)...
[M::mem_process_seqs_merge2] CPE FASTQ formatting done
[M::process] read chunk (19660800 bytes/CG x 1 CGs, 19660760 bytes)...
slave pre done
now n is 70217
processed 70217
[M::mem_process_seqs_merge2] Processed 70217 reads in 0.020 CPU sec, 0.744 real sec
[M::mem_process_seqs_merge2] CPE FASTQ formatting done
slave pre done
now n is 70217
processed 70217
[M::mem_process_seqs_merge2] Processed 70217 reads in 0.020 CPU sec, 0.748 real sec
[M::process] read chunk (19660800 bytes/CG x 1 CGs, 19660760 bytes)...
[M::mem_process_seqs_merge2] CPE FASTQ formatting done
slave pre done
now n is 70217
processed 70217
[M::mem_process_seqs_merge2] Processed 70217 reads in 0.020 CPU sec, 0.896 real sec
[M::process] read chunk (19660800 bytes/CG x 1 CGs, 19660760 bytes)...
[M::mem_process_seqs_merge2] CPE FASTQ formatting done
slave pre done
now n is 70217
processed 70217
[M::mem_process_seqs_merge2] Processed 70217 reads in 0.050 CPU sec, 0.892 real sec
[M::process] read chunk (19660800 bytes/CG x 1 CGs, 19660760 bytes)...
slave pre done
now n is 70217
processed 70217
[M::mem_process_seqs_merge2] Processed 70217 reads in 0.010 CPU sec, 0.631 real sec
[M::mem_process_seqs_merge2] CPE FASTQ formatting done
[M::process] read chunk (19660800 bytes/CG x 1 CGs, 19660760 bytes)...
[M::mem_process_seqs_merge2] CPE FASTQ formatting done
slave pre done
now n is 70217
processed 70217
[M::mem_process_seqs_merge2] Processed 70217 reads in 0.010 CPU sec, 0.809 real sec
slave pre done
now n is 70217
processed 70217
[M::mem_process_seqs_merge2] Processed 70217 reads in 0.050 CPU sec, 0.924 real sec
[M::process] read chunk (19660800 bytes/CG x 1 CGs, 19660760 bytes)...
[M::mem_process_seqs_merge2] CPE FASTQ formatting done
slave pre done
now n is 70217
processed 70217
[M::mem_process_seqs_merge2] Processed 70217 reads in 0.010 CPU sec, 0.871 real sec
[M::process] read chunk (19660800 bytes/CG x 1 CGs, 19661040 bytes)...
[M::process] read chunk (19660800 bytes/CG x 1 CGs, 19660760 bytes)...
[M::mem_process_seqs_merge2] CPE FASTQ formatting done
[M::mem_process_seqs_merge2] CPE FASTQ formatting done
slave pre done
now n is 70217
processed 70217
[M::mem_process_seqs_merge2] Processed 70217 reads in 0.030 CPU sec, 0.963 real sec
slave pre done
now n is 70218
processed 70218
[M::mem_process_seqs_merge2] Processed 70218 reads in 0.050 CPU sec, 0.887 real sec
slave pre done
now n is 70217
processed 70217
[M::mem_process_seqs_merge2] Processed 70217 reads in 0.010 CPU sec, 0.679 real sec
[M::process] read chunk (19660800 bytes/CG x 1 CGs, 19660760 bytes)...
[M::process] read chunk (19660800 bytes/CG x 1 CGs, 19660760 bytes)...
[M::mem_process_seqs_merge2] CPE FASTQ formatting done
[M::mem_process_seqs_merge2] CPE FASTQ formatting done
[M::process] read chunk (19660800 bytes/CG x 1 CGs, 19661040 bytes)...
[M::mem_process_seqs_merge2] CPE FASTQ formatting done
slave pre done
now n is 70217
processed 70217
[M::mem_process_seqs_merge2] Processed 70217 reads in 0.020 CPU sec, 0.820 real sec
slave pre done
now n is 70217
processed 70217
[M::mem_process_seqs_merge2] Processed 70217 reads in 0.010 CPU sec, 0.969 real sec
[M::process] read chunk (19660800 bytes/CG x 1 CGs, 19660760 bytes)...
slave pre done
now n is 70218
processed 70218
[M::mem_process_seqs_merge2] Processed 70218 reads in 0.010 CPU sec, 0.917 real sec
[M::process] read chunk (19660800 bytes/CG x 1 CGs, 19660760 bytes)...
[M::mem_process_seqs_merge2] CPE FASTQ formatting done
[M::process] read chunk (19660800 bytes/CG x 1 CGs, 19660760 bytes)...
[M::mem_process_seqs_merge2] CPE FASTQ formatting done
[M::mem_process_seqs_merge2] CPE FASTQ formatting done
slave pre done
now n is 70217
processed 70217
[M::mem_process_seqs_merge2] Processed 70217 reads in 0.010 CPU sec, 0.833 real sec
slave pre done
now n is 70217
processed 70217
[M::mem_process_seqs_merge2] Processed 70217 reads in 0.030 CPU sec, 1.021 real sec
[M::process] read chunk (19660800 bytes/CG x 1 CGs, 19660760 bytes)...
[M::process] read chunk (19660800 bytes/CG x 1 CGs, 19660760 bytes)...
slave pre done
now n is 70217
processed 70217
[M::mem_process_seqs_merge2] Processed 70217 reads in 0.010 CPU sec, 0.977 real sec
[M::process] read chunk (19660800 bytes/CG x 1 CGs, 19660760 bytes)...
[M::mem_process_seqs_merge2] CPE FASTQ formatting done
[M::mem_process_seqs_merge2] CPE FASTQ formatting done
[M::mem_process_seqs_merge2] CPE FASTQ formatting done
slave pre done
now n is 70217
processed 70217
[M::mem_process_seqs_merge2] Processed 70217 reads in 0.010 CPU sec, 0.770 real sec
slave pre done
now n is 70217
processed 70217
[M::mem_process_seqs_merge2] Processed 70217 reads in 0.030 CPU sec, 0.742 real sec
[M::process] read chunk (19660800 bytes/CG x 1 CGs, 19660760 bytes)...
[M::mem_process_seqs_merge2] CPE FASTQ formatting done
slave pre done
now n is 70217
processed 70217
[M::mem_process_seqs_merge2] Processed 70217 reads in 0.010 CPU sec, 0.982 real sec
[M::process] read chunk (19660800 bytes/CG x 1 CGs, 19660760 bytes)...
[M::process] read chunk (19660800 bytes/CG x 1 CGs, 19660760 bytes)...
[M::mem_process_seqs_merge2] CPE FASTQ formatting done
[M::mem_process_seqs_merge2] CPE FASTQ formatting done
slave pre done
now n is 70217
processed 70217
[M::mem_process_seqs_merge2] Processed 70217 reads in 0.040 CPU sec, 0.775 real sec
[M::process] read chunk (19660800 bytes/CG x 1 CGs, 19661040 bytes)...
[M::mem_process_seqs_merge2] CPE FASTQ formatting done
slave pre done
now n is 70217
processed 70217
[M::mem_process_seqs_merge2] Processed 70217 reads in 0.020 CPU sec, 0.798 real sec
slave pre done
now n is 70217
[M::process] read chunk (19660800 bytes/CG x 1 CGs, 19661040 bytes)...
processed 70217
[M::mem_process_seqs_merge2] Processed 70217 reads in 0.030 CPU sec, 0.863 real sec
[M::mem_process_seqs_merge2] CPE FASTQ formatting done
[M::process] read chunk (19660800 bytes/CG x 1 CGs, 19660760 bytes)...
slave pre done
now n is 70218
[M::mem_process_seqs_merge2] CPE FASTQ formatting done
processed 70218
[M::mem_process_seqs_merge2] Processed 70218 reads in 0.020 CPU sec, 0.824 real sec
slave pre done
now n is 70218
processed 70218
[M::mem_process_seqs_merge2] Processed 70218 reads in 0.010 CPU sec, 1.074 real sec
[M::process] read chunk (19660800 bytes/CG x 1 CGs, 19660760 bytes)...
slave pre done
now n is 70217
processed 70217
[M::mem_process_seqs_merge2] Processed 70217 reads in 0.010 CPU sec, 0.859 real sec
[M::mem_process_seqs_merge2] CPE FASTQ formatting done
[M::process] read chunk (19660800 bytes/CG x 1 CGs, 19660760 bytes)...
[M::mem_process_seqs_merge2] CPE FASTQ formatting done
[M::process] read chunk (19660800 bytes/CG x 1 CGs, 19660760 bytes)...
[M::mem_process_seqs_merge2] CPE FASTQ formatting done
slave pre done
now n is 70217
processed 70217
[M::mem_process_seqs_merge2] Processed 70217 reads in 0.020 CPU sec, 0.915 real sec
slave pre done
now n is 70217
processed 70217
[M::mem_process_seqs_merge2] Processed 70217 reads in 0.010 CPU sec, 0.806 real sec
[M::process] read chunk (19660800 bytes/CG x 1 CGs, 19660760 bytes)...
[M::mem_process_seqs_merge2] CPE FASTQ formatting done
slave pre done
now n is 70217
processed 70217
[M::mem_process_seqs_merge2] Processed 70217 reads in 0.010 CPU sec, 0.866 real sec
[M::process] read chunk (19660800 bytes/CG x 1 CGs, 19661040 bytes)...
[M::process] read chunk (19660800 bytes/CG x 1 CGs, 19660760 bytes)...
[M::mem_process_seqs_merge2] CPE FASTQ formatting done
[M::mem_process_seqs_merge2] CPE FASTQ formatting done
slave pre done
now n is 70217
processed 70217
[M::mem_process_seqs_merge2] Processed 70217 reads in 0.030 CPU sec, 0.942 real sec
slave pre done
now n is 70217
processed 70217
[M::mem_process_seqs_merge2] Processed 70217 reads in 0.010 CPU sec, 0.693 real sec
[M::process] read chunk (19660800 bytes/CG x 1 CGs, 19660760 bytes)...
slave pre done
now n is 70218
processed 70218
[M::mem_process_seqs_merge2] Processed 70218 reads in 0.020 CPU sec, 1.126 real sec
[M::process] read chunk (19660800 bytes/CG x 1 CGs, 19660760 bytes)...
[M::mem_process_seqs_merge2] CPE FASTQ formatting done
[M::mem_process_seqs_merge2] CPE FASTQ formatting done
[M::process] read chunk (19660800 bytes/CG x 1 CGs, 19661040 bytes)...
[M::mem_process_seqs_merge2] CPE FASTQ formatting done
slave pre done
now n is 70217
processed 70217
[M::mem_process_seqs_merge2] Processed 70217 reads in 0.020 CPU sec, 0.765 real sec
[M::process] read chunk (19660800 bytes/CG x 1 CGs, 19660760 bytes)...
slave pre done
now n is 70217
processed 70217
[M::mem_process_seqs_merge2] Processed 70217 reads in 0.010 CPU sec, 0.719 real sec
[M::mem_process_seqs_merge2] CPE FASTQ formatting done
slave pre done
now n is 70218
processed 70218
[M::mem_process_seqs_merge2] Processed 70218 reads in 0.010 CPU sec, 0.690 real sec
[M::process] read chunk (19660800 bytes/CG x 1 CGs, 19660760 bytes)...
[M::mem_process_seqs_merge2] CPE FASTQ formatting done
slave pre done
now n is 70217
processed 70217
[M::mem_process_seqs_merge2] Processed 70217 reads in 0.040 CPU sec, 0.751 real sec
[M::process] read chunk (19660800 bytes/CG x 1 CGs, 19660760 bytes)...
[M::mem_process_seqs_merge2] CPE FASTQ formatting done
slave pre done
now n is 70217
processed 70217
[M::mem_process_seqs_merge2] Processed 70217 reads in 0.010 CPU sec, 0.788 real sec
[M::process] read chunk (19660800 bytes/CG x 1 CGs, 19660760 bytes)...
slave pre done
now n is 70217
[M::mem_process_seqs_merge2] CPE FASTQ formatting done
processed 70217
[M::mem_process_seqs_merge2] Processed 70217 reads in 0.020 CPU sec, 0.704 real sec
[M::process] read chunk (19660800 bytes/CG x 1 CGs, 19660760 bytes)...
[M::mem_process_seqs_merge2] CPE FASTQ formatting done
[M::process] read chunk (19660800 bytes/CG x 1 CGs, 19660760 bytes)...
[M::mem_process_seqs_merge2] CPE FASTQ formatting done
slave pre done
now n is 70217
processed 70217
[M::mem_process_seqs_merge2] Processed 70217 reads in 0.010 CPU sec, 0.856 real sec
slave pre done
now n is 70217
processed 70217
[M::mem_process_seqs_merge2] Processed 70217 reads in 0.020 CPU sec, 0.765 real sec
[M::process] read chunk (19660800 bytes/CG x 1 CGs, 19660760 bytes)...
[M::mem_process_seqs_merge2] CPE FASTQ formatting done
slave pre done
now n is 70217
processed 70217
[M::mem_process_seqs_merge2] Processed 70217 reads in 0.010 CPU sec, 0.910 real sec
[M::process] read chunk (19660800 bytes/CG x 1 CGs, 19660760 bytes)...
[M::process] read chunk (19660800 bytes/CG x 1 CGs, 19660760 bytes)...
[M::mem_process_seqs_merge2] CPE FASTQ formatting done
[M::mem_process_seqs_merge2] CPE FASTQ formatting done
slave pre done
now n is 70217
processed 70217
[M::mem_process_seqs_merge2] Processed 70217 reads in 0.030 CPU sec, 0.770 real sec
[M::process] read chunk (19660800 bytes/CG x 1 CGs, 19660760 bytes)...
[M::mem_process_seqs_merge2] CPE FASTQ formatting done
slave pre done
now n is 70217
processed 70217
[M::mem_process_seqs_merge2] Processed 70217 reads in 0.010 CPU sec, 0.671 real sec
slave pre done
now n is 70217
processed 70217
[M::mem_process_seqs_merge2] Processed 70217 reads in 0.030 CPU sec, 0.939 real sec
[M::process] read chunk (19660800 bytes/CG x 1 CGs, 19660760 bytes)...
[M::process] read chunk (19660800 bytes/CG x 1 CGs, 19660760 bytes)...
[M::mem_process_seqs_merge2] CPE FASTQ formatting done
slave pre done
now n is 70217
processed 70217
[M::mem_process_seqs_merge2] Processed 70217 reads in 0.030 CPU sec, 0.720 real sec
[M::mem_process_seqs_merge2] CPE FASTQ formatting done
[M::process] read chunk (19660800 bytes/CG x 1 CGs, 19660760 bytes)...
[M::mem_process_seqs_merge2] CPE FASTQ formatting done
slave pre done
now n is 70217
processed 70217
[M::mem_process_seqs_merge2] Processed 70217 reads in 0.020 CPU sec, 0.720 real sec
slave pre done
now n is 70217
processed 70217
[M::mem_process_seqs_merge2] Processed 70217 reads in 0.020 CPU sec, 0.721 real sec
[M::process] read chunk (19660800 bytes/CG x 1 CGs, 19661040 bytes)...
[M::mem_process_seqs_merge2] CPE FASTQ formatting done
slave pre done
now n is 70217
processed 70217
[M::mem_process_seqs_merge2] Processed 70217 reads in 0.020 CPU sec, 0.906 real sec
[M::process] read chunk (19660800 bytes/CG x 1 CGs, 19660760 bytes)...
[M::process] read chunk (19660800 bytes/CG x 1 CGs, 19660760 bytes)...
slave pre done
now n is 70218
processed 70218
[M::mem_process_seqs_merge2] Processed 70218 reads in 0.020 CPU sec, 0.771 real sec
[M::mem_process_seqs_merge2] CPE FASTQ formatting done
[M::mem_process_seqs_merge2] CPE FASTQ formatting done
slave pre done
now n is 70217
slave pre done
now n is 70217
processed 70217
[M::mem_process_seqs_merge2] Processed 70217 reads in 0.020 CPU sec, 0.933 real sec
processed 70217
[M::mem_process_seqs_merge2] Processed 70217 reads in 0.020 CPU sec, 0.913 real sec
[M::process] read chunk (19660800 bytes/CG x 1 CGs, 19660760 bytes)...
[M::process] read chunk (19660800 bytes/CG x 1 CGs, 19661040 bytes)...
[M::process] read chunk (19660800 bytes/CG x 1 CGs, 19660760 bytes)...
[M::mem_process_seqs_merge2] CPE FASTQ formatting done
[M::mem_process_seqs_merge2] CPE FASTQ formatting done
[M::mem_process_seqs_merge2] CPE FASTQ formatting done
slave pre done
now n is 70217
processed 70217
[M::mem_process_seqs_merge2] Processed 70217 reads in 0.020 CPU sec, 0.794 real sec
[M::process] read chunk (19660800 bytes/CG x 1 CGs, 19660760 bytes)...
slave pre done
now n is 70218
processed 70218
[M::mem_process_seqs_merge2] Processed 70218 reads in 0.020 CPU sec, 0.916 real sec
[M::process] read chunk (19660800 bytes/CG x 1 CGs, 19660760 bytes)...
[M::mem_process_seqs_merge2] CPE FASTQ formatting done
[M::mem_process_seqs_merge2] CPE FASTQ formatting done
[M::process] read chunk (19660800 bytes/CG x 1 CGs, 19660760 bytes)...
[M::mem_process_seqs_merge2] CPE FASTQ formatting done
slave pre done
now n is 70217
processed 70217
[M::mem_process_seqs_merge2] Processed 70217 reads in 0.050 CPU sec, 1.969 real sec
[M::process] read chunk (19660800 bytes/CG x 1 CGs, 19660760 bytes)...
slave pre done
now n is 70217
processed 70217
[M::mem_process_seqs_merge2] Processed 70217 reads in 0.020 CPU sec, 1.019 real sec
[M::process] read chunk (19660800 bytes/CG x 1 CGs, 19660760 bytes)...
[M::mem_process_seqs_merge2] CPE FASTQ formatting done
slave pre done
now n is 70217
processed 70217
[M::mem_process_seqs_merge2] Processed 70217 reads in 0.010 CPU sec, 0.718 real sec
[M::mem_process_seqs_merge2] CPE FASTQ formatting done
[M::process] read chunk (19660800 bytes/CG x 1 CGs, 19660760 bytes)...
[M::mem_process_seqs_merge2] CPE FASTQ formatting done
[M::process] read chunk (19660800 bytes/CG x 1 CGs, 19660760 bytes)...
slave pre done
now n is 70217
processed 70217
[M::mem_process_seqs_merge2] Processed 70217 reads in 0.010 CPU sec, 0.798 real sec
slave pre done
now n is 70217
[M::process] read chunk (19660800 bytes/CG x 1 CGs, 19660760 bytes)...
processed 70217
[M::mem_process_seqs_merge2] Processed 70217 reads in 0.100 CPU sec, 2.220 real sec
slave pre done
now n is 70217
processed 70217
[M::mem_process_seqs_merge2] Processed 70217 reads in 0.020 CPU sec, 0.902 real sec
[M::mem_process_seqs_merge2] CPE FASTQ formatting done
slave pre done
now n is 70217
processed 70217
[M::mem_process_seqs_merge2] Processed 70217 reads in 0.030 CPU sec, 0.690 real sec
[M::mem_process_seqs_merge2] CPE FASTQ formatting done
[M::process] read chunk (19660800 bytes/CG x 1 CGs, 19661040 bytes)...
[M::mem_process_seqs_merge2] CPE FASTQ formatting done
slave pre done
now n is 70217
processed 70217
[M::mem_process_seqs_merge2] Processed 70217 reads in 0.020 CPU sec, 0.977 real sec
[M::process] read chunk (19660800 bytes/CG x 1 CGs, 19660760 bytes)...
slave pre done
now n is 70218
processed 70218
[M::mem_process_seqs_merge2] Processed 70218 reads in 0.020 CPU sec, 0.664 real sec
[M::process] read chunk (19660800 bytes/CG x 1 CGs, 19660760 bytes)...
[M::mem_process_seqs_merge2] CPE FASTQ formatting done
[M::mem_process_seqs_merge2] CPE FASTQ formatting done
slave pre done
now n is 70217
processed 70217
[M::mem_process_seqs_merge2] Processed 70217 reads in 0.040 CPU sec, 1.388 real sec
[M::process] read chunk (19660800 bytes/CG x 1 CGs, 19660760 bytes)...
[M::mem_process_seqs_merge2] CPE FASTQ formatting done
slave pre done
now n is 70217
processed 70217
[M::mem_process_seqs_merge2] Processed 70217 reads in 0.020 CPU sec, 0.860 real sec
[M::process] read chunk (19660800 bytes/CG x 1 CGs, 19661040 bytes)...
slave pre done
now n is 70217
processed 70217
[M::mem_process_seqs_merge2] Processed 70217 reads in 0.010 CPU sec, 0.800 real sec
[M::process] read chunk (19660800 bytes/CG x 1 CGs, 19660760 bytes)...
[M::mem_process_seqs_merge2] CPE FASTQ formatting done
slave pre done
now n is 70217
processed 70217
[M::mem_process_seqs_merge2] Processed 70217 reads in 0.010 CPU sec, 0.687 real sec
[M::mem_process_seqs_merge2] CPE FASTQ formatting done
[M::process] read chunk (19660800 bytes/CG x 1 CGs, 19660760 bytes)...
[M::mem_process_seqs_merge2] CPE FASTQ formatting done
slave pre done
now n is 70218
processed 70218
[M::mem_process_seqs_merge2] Processed 70218 reads in 0.010 CPU sec, 0.777 real sec
[M::process] read chunk (19660800 bytes/CG x 1 CGs, 19660760 bytes)...
[M::mem_process_seqs_merge2] CPE FASTQ formatting done
slave pre done
now n is 70217
processed 70217
[M::mem_process_seqs_merge2] Processed 70217 reads in 0.010 CPU sec, 0.889 real sec
slave pre done
now n is 70217
[M::process] read chunk (19660800 bytes/CG x 1 CGs, 19661040 bytes)...
processed 70217
[M::mem_process_seqs_merge2] Processed 70217 reads in 0.070 CPU sec, 1.512 real sec
slave pre done
now n is 70217
processed 70217
[M::mem_process_seqs_merge2] Processed 70217 reads in 0.010 CPU sec, 0.705 real sec
[M::process] read chunk (19660800 bytes/CG x 1 CGs, 19660760 bytes)...
[M::process] read chunk (19660800 bytes/CG x 1 CGs, 19660760 bytes)...
[M::mem_process_seqs_merge2] CPE FASTQ formatting done
[M::mem_process_seqs_merge2] CPE FASTQ formatting done
[M::mem_process_seqs_merge2] CPE FASTQ formatting done
slave pre done
now n is 70218
processed 70218
[M::mem_process_seqs_merge2] Processed 70218 reads in 0.030 CPU sec, 0.776 real sec
[M::process] read chunk (19660800 bytes/CG x 1 CGs, 19660760 bytes)...
slave pre done
now n is 70217
processed 70217
[M::mem_process_seqs_merge2] Processed 70217 reads in 0.040 CPU sec, 0.745 real sec
[M::process] read chunk (19660800 bytes/CG x 1 CGs, 19660760 bytes)...
slave pre done
now n is 70217
processed 70217
[M::mem_process_seqs_merge2] Processed 70217 reads in 0.020 CPU sec, 0.863 real sec
[M::process] read chunk (19660800 bytes/CG x 1 CGs, 19660760 bytes)...
[M::mem_process_seqs_merge2] CPE FASTQ formatting done
[M::mem_process_seqs_merge2] CPE FASTQ formatting done
[M::mem_process_seqs_merge2] CPE FASTQ formatting done
[M::process] read chunk (19660800 bytes/CG x 1 CGs, 19660760 bytes)...
[M::mem_process_seqs_merge2] CPE FASTQ formatting done
slave pre done
now n is 70217
processed 70217
[M::mem_process_seqs_merge2] Processed 70217 reads in 0.030 CPU sec, 0.757 real sec
slave pre done
now n is 70217
processed 70217
[M::mem_process_seqs_merge2] Processed 70217 reads in 0.030 CPU sec, 0.655 real sec
[M::process] read chunk (19660800 bytes/CG x 1 CGs, 19661040 bytes)...
slave pre done
now n is 70217
processed 70217
[M::mem_process_seqs_merge2] Processed 70217 reads in 0.020 CPU sec, 1.374 real sec
slave pre done
[M::process] read chunk (19660800 bytes/CG x 1 CGs, 19660760 bytes)...
now n is 70217
processed 70217
[M::mem_process_seqs_merge2] Processed 70217 reads in 0.050 CPU sec, 1.027 real sec
[M::mem_process_seqs_merge2] CPE FASTQ formatting done
[M::process] read chunk (19660800 bytes/CG x 1 CGs, 19660760 bytes)...
[M::mem_process_seqs_merge2] CPE FASTQ formatting done
[M::mem_process_seqs_merge2] CPE FASTQ formatting done
slave pre done
now n is 70218
processed 70218
[M::mem_process_seqs_merge2] Processed 70218 reads in 0.020 CPU sec, 0.715 real sec
[M::process] read chunk (19660800 bytes/CG x 1 CGs, 19660760 bytes)...
slave pre done
now n is 70217
processed 70217
[M::mem_process_seqs_merge2] Processed 70217 reads in 0.020 CPU sec, 0.687 real sec
[M::mem_process_seqs_merge2] CPE FASTQ formatting done
slave pre done
[M::process] read chunk (19660800 bytes/CG x 1 CGs, 19660760 bytes)...
now n is 70217
processed 70217
[M::mem_process_seqs_merge2] Processed 70217 reads in 0.030 CPU sec, 0.816 real sec
[M::process] read chunk (19660800 bytes/CG x 1 CGs, 19660760 bytes)...
[M::mem_process_seqs_merge2] CPE FASTQ formatting done
[M::mem_process_seqs_merge2] CPE FASTQ formatting done
slave pre done
now n is 70217
processed 70217
[M::mem_process_seqs_merge2] Processed 70217 reads in 0.010 CPU sec, 0.759 real sec
[M::process] read chunk (19660800 bytes/CG x 1 CGs, 19660760 bytes)...
[M::mem_process_seqs_merge2] CPE FASTQ formatting done
slave pre done
now n is 70217
processed 70217
[M::mem_process_seqs_merge2] Processed 70217 reads in 0.010 CPU sec, 0.863 real sec
[M::process] read chunk (19660800 bytes/CG x 1 CGs, 19660760 bytes)...
slave pre done
now n is 70217
processed 70217
[M::mem_process_seqs_merge2] Processed 70217 reads in 0.010 CPU sec, 0.813 real sec
[M::process] read chunk (19660800 bytes/CG x 1 CGs, 19660760 bytes)...
[M::mem_process_seqs_merge2] CPE FASTQ formatting done
slave pre done
now n is 70217
processed 70217
[M::mem_process_seqs_merge2] Processed 70217 reads in 0.010 CPU sec, 0.788 real sec
[M::mem_process_seqs_merge2] CPE FASTQ formatting done
slave pre done
now n is 70217
processed 70217
[M::mem_process_seqs_merge2] Processed 70217 reads in 0.020 CPU sec, 0.727 real sec
[M::process] read chunk (19660800 bytes/CG x 1 CGs, 19660760 bytes)...
slave pre done
now n is 70217
processed 70217
[M::mem_process_seqs_merge2] Processed 70217 reads in 0.010 CPU sec, 0.736 real sec
[M::mem_process_seqs_merge2] CPE FASTQ formatting done
[M::process] read chunk (19660800 bytes/CG x 1 CGs, 19660760 bytes)...
[M::process] read chunk (19660800 bytes/CG x 1 CGs, 19660760 bytes)...
[M::mem_process_seqs_merge2] CPE FASTQ formatting done
[M::mem_process_seqs_merge2] CPE FASTQ formatting done
slave pre done
now n is 70217
processed 70217
[M::mem_process_seqs_merge2] Processed 70217 reads in 0.010 CPU sec, 0.808 real sec
slave pre done
now n is 70217
processed 70217
[M::mem_process_seqs_merge2] Processed 70217 reads in 0.020 CPU sec, 0.724 real sec
[M::process] read chunk (19660800 bytes/CG x 1 CGs, 19660760 bytes)...
slave pre done
now n is 70217
processed 70217
[M::mem_process_seqs_merge2] Processed 70217 reads in 0.020 CPU sec, 0.820 real sec
[M::mem_process_seqs_merge2] CPE FASTQ formatting done
[M::process] read chunk (19660800 bytes/CG x 1 CGs, 19660760 bytes)...
[M::process] read chunk (19660800 bytes/CG x 1 CGs, 19660760 bytes)...
[M::mem_process_seqs_merge2] CPE FASTQ formatting done
[M::mem_process_seqs_merge2] CPE FASTQ formatting done
slave pre done
now n is 70217
processed 70217
[M::mem_process_seqs_merge2] Processed 70217 reads in 0.010 CPU sec, 0.988 real sec
slave pre done
now n is 70217
processed 70217
[M::mem_process_seqs_merge2] Processed 70217 reads in 0.020 CPU sec, 0.808 real sec
[M::process] read chunk (19660800 bytes/CG x 1 CGs, 19660760 bytes)...
slave pre done
now n is 70217
[M::process] read chunk (19660800 bytes/CG x 1 CGs, 19661040 bytes)...
processed 70217
[M::mem_process_seqs_merge2] Processed 70217 reads in 0.020 CPU sec, 0.910 real sec
[M::process] read chunk (19660800 bytes/CG x 1 CGs, 19661040 bytes)...
[M::mem_process_seqs_merge2] CPE FASTQ formatting done
[M::mem_process_seqs_merge2] CPE FASTQ formatting done
[M::mem_process_seqs_merge2] CPE FASTQ formatting done
slave pre done
now n is 70217
processed 70217
[M::mem_process_seqs_merge2] Processed 70217 reads in 0.040 CPU sec, 0.673 real sec
[M::process] read chunk (19660800 bytes/CG x 1 CGs, 19660760 bytes)...
slave pre done
now n is 70218
processed 70218
[M::mem_process_seqs_merge2] Processed 70218 reads in 0.020 CPU sec, 0.854 real sec
[M::mem_process_seqs_merge2] CPE FASTQ formatting done
[M::process] read chunk (19660800 bytes/CG x 1 CGs, 19660760 bytes)...
slave pre done
now n is 70218
processed 70218
[M::mem_process_seqs_merge2] Processed 70218 reads in 0.010 CPU sec, 1.057 real sec
[M::process] read chunk (19660800 bytes/CG x 1 CGs, 19660760 bytes)...
[M::mem_process_seqs_merge2] CPE FASTQ formatting done
[M::mem_process_seqs_merge2] CPE FASTQ formatting done
slave pre done
now n is 70217
processed 70217
[M::mem_process_seqs_merge2] Processed 70217 reads in 0.020 CPU sec, 0.846 real sec
[M::process] read chunk (19660800 bytes/CG x 1 CGs, 19660760 bytes)...
slave pre done
now n is 70217
processed 70217
[M::mem_process_seqs_merge2] Processed 70217 reads in 0.020 CPU sec, 0.747 real sec
slave pre done
now n is 70217
[M::process] read chunk (19660800 bytes/CG x 1 CGs, 19660760 bytes)...
processed 70217
[M::mem_process_seqs_merge2] Processed 70217 reads in 0.010 CPU sec, 0.675 real sec
[M::mem_process_seqs_merge2] CPE FASTQ formatting done
[M::mem_process_seqs_merge2] CPE FASTQ formatting done
[M::process] read chunk (19660800 bytes/CG x 1 CGs, 19660760 bytes)...
[M::mem_process_seqs_merge2] CPE FASTQ formatting done
slave pre done
now n is 70217
processed 70217
[M::mem_process_seqs_merge2] Processed 70217 reads in 0.020 CPU sec, 0.709 real sec
slave pre done
now n is 70217
[M::process] read chunk (19660800 bytes/CG x 1 CGs, 19660760 bytes)...
processed 70217
[M::mem_process_seqs_merge2] Processed 70217 reads in 0.040 CPU sec, 1.017 real sec
[M::process] read chunk (19660800 bytes/CG x 1 CGs, 19661040 bytes)...
slave pre done
now n is 70217
processed 70217
[M::mem_process_seqs_merge2] Processed 70217 reads in 0.030 CPU sec, 0.730 real sec
[M::mem_process_seqs_merge2] CPE FASTQ formatting done
[M::process] read chunk (19660800 bytes/CG x 1 CGs, 19660760 bytes)...
[M::mem_process_seqs_merge2] CPE FASTQ formatting done
[M::mem_process_seqs_merge2] CPE FASTQ formatting done
[M::process] read chunk (19660800 bytes/CG x 1 CGs, 19660696 bytes)...
slave pre done
now n is 70217
processed 70217
[M::mem_process_seqs_merge2] Processed 70217 reads in 0.010 CPU sec, 0.847 real sec
[M::mem_process_seqs_merge2] CPE FASTQ formatting done
slave pre done
now n is 70217
processed 70217
[M::mem_process_seqs_merge2] Processed 70217 reads in 0.010 CPU sec, 0.734 real sec
slave pre done
now n is 70218
processed 70218
[M::mem_process_seqs_merge2] Processed 70218 reads in 0.040 CPU sec, 0.998 real sec
[M::process] read chunk (19660800 bytes/CG x 1 CGs, 19661040 bytes)...
[M::mem_process_seqs_merge2] CPE FASTQ formatting done
slave pre done
now n is 69415
processed 69415
[M::mem_process_seqs_merge2] Processed 69415 reads in 0.010 CPU sec, 0.645 real sec
[M::process] read chunk (19660800 bytes/CG x 1 CGs, 19660752 bytes)...
[M::mem_process_seqs_merge2] CPE FASTQ formatting done
[M::process] read chunk (19660800 bytes/CG x 1 CGs, 19660760 bytes)...
slave pre done
now n is 70218
processed 70218
[M::mem_process_seqs_merge2] Processed 70218 reads in 0.010 CPU sec, 0.732 real sec
[M::mem_process_seqs_merge2] CPE FASTQ formatting done
slave pre done
now n is 69228
processed 69228
[M::mem_process_seqs_merge2] Processed 69228 reads in 0.010 CPU sec, 0.652 real sec
[M::process] read chunk (19660800 bytes/CG x 1 CGs, 19660752 bytes)...
slave pre done
now n is 70217
processed 70217
[M::mem_process_seqs_merge2] Processed 70217 reads in 0.020 CPU sec, 0.668 real sec
[M::mem_process_seqs_merge2] CPE FASTQ formatting done
[M::process] read chunk (19660800 bytes/CG x 1 CGs, 19660760 bytes)...
[M::mem_process_seqs_merge2] CPE FASTQ formatting done
[M::process] read chunk (19660800 bytes/CG x 1 CGs, 19660760 bytes)...
[M::mem_process_seqs_merge2] CPE FASTQ formatting done
slave pre done
now n is 69228
processed 69228
[M::mem_process_seqs_merge2] Processed 69228 reads in 0.020 CPU sec, 0.776 real sec
[M::process] read chunk (19660800 bytes/CG x 1 CGs, 19660752 bytes)...
slave pre done
now n is 70217
processed 70217
[M::mem_process_seqs_merge2] Processed 70217 reads in 0.020 CPU sec, 0.750 real sec
[M::process] read chunk (19660800 bytes/CG x 1 CGs, 19660760 bytes)...
[M::mem_process_seqs_merge2] CPE FASTQ formatting done
[M::mem_process_seqs_merge2] CPE FASTQ formatting done
slave pre done
now n is 70217
processed 70217
[M::mem_process_seqs_merge2] Processed 70217 reads in 0.010 CPU sec, 0.953 real sec
[M::process] read chunk (19660800 bytes/CG x 1 CGs, 19660752 bytes)...
[M::process] read chunk (19660800 bytes/CG x 1 CGs, 19660760 bytes)...
slave pre done
now n is 69228
processed 69228
[M::mem_process_seqs_merge2] Processed 69228 reads in 0.010 CPU sec, 0.645 real sec
[M::mem_process_seqs_merge2] CPE FASTQ formatting done
[M::mem_process_seqs_merge2] CPE FASTQ formatting done
slave pre done
now n is 70217
processed 70217
[M::mem_process_seqs_merge2] Processed 70217 reads in 0.020 CPU sec, 1.099 real sec
slave pre done
now n is 69228
processed 69228
[M::mem_process_seqs_merge2] Processed 69228 reads in 0.010 CPU sec, 0.889 real sec
slave pre done
now n is 70217
processed 70217
[M::mem_process_seqs_merge2] Processed 70217 reads in 0.010 CPU sec, 0.702 real sec
[M::process] read chunk (19660800 bytes/CG x 1 CGs, 19660752 bytes)...
[M::process] read chunk (19660800 bytes/CG x 1 CGs, 19660752 bytes)...
[M::mem_process_seqs_merge2] CPE FASTQ formatting done
[M::mem_process_seqs_merge2] CPE FASTQ formatting done
[M::process] read chunk (19660800 bytes/CG x 1 CGs, 19660752 bytes)...
[M::mem_process_seqs_merge2] CPE FASTQ formatting done
slave pre done
now n is 69228
processed 69228
[M::mem_process_seqs_merge2] Processed 69228 reads in 0.010 CPU sec, 0.642 real sec
slave pre done
now n is 69228
processed 69228
[M::mem_process_seqs_merge2] Processed 69228 reads in 0.030 CPU sec, 0.753 real sec
[M::process] read chunk (19660800 bytes/CG x 1 CGs, 19660752 bytes)...
[M::process] read chunk (19660800 bytes/CG x 1 CGs, 19660752 bytes)...
[M::mem_process_seqs_merge2] CPE FASTQ formatting done
slave pre done
now n is 69228
[M::mem_process_seqs_merge2] CPE FASTQ formatting done
processed 69228
[M::mem_process_seqs_merge2] Processed 69228 reads in 0.010 CPU sec, 0.743 real sec
[M::process] read chunk (19660800 bytes/CG x 1 CGs, 19660752 bytes)...
[M::mem_process_seqs_merge2] CPE FASTQ formatting done
slave pre done
now n is 69228
slave pre done
now n is 69228
processed 69228
[M::mem_process_seqs_merge2] Processed 69228 reads in 0.010 CPU sec, 0.658 real sec
processed 69228
[M::mem_process_seqs_merge2] Processed 69228 reads in 0.020 CPU sec, 0.736 real sec
[M::process] read chunk (19660800 bytes/CG x 1 CGs, 19660760 bytes)...
[M::process] read chunk (19660800 bytes/CG x 1 CGs, 19660752 bytes)...
[M::mem_process_seqs_merge2] CPE FASTQ formatting done
[M::mem_process_seqs_merge2] CPE FASTQ formatting done
slave pre done
now n is 69228
processed 69228
[M::mem_process_seqs_merge2] Processed 69228 reads in 0.040 CPU sec, 1.157 real sec
[M::process] read chunk (19660800 bytes/CG x 1 CGs, 19660752 bytes)...
slave pre done
now n is 69228
[M::mem_process_seqs_merge2] CPE FASTQ formatting done
processed 69228
[M::mem_process_seqs_merge2] Processed 69228 reads in 0.010 CPU sec, 0.735 real sec
slave pre done
now n is 70217
processed 70217
[M::mem_process_seqs_merge2] Processed 70217 reads in 0.030 CPU sec, 0.991 real sec
[M::process] read chunk (19660800 bytes/CG x 1 CGs, 19660752 bytes)...
[M::process] read chunk (19660800 bytes/CG x 1 CGs, 19661036 bytes)...
slave pre done
now n is 69228
processed 69228
[M::mem_process_seqs_merge2] Processed 69228 reads in 0.030 CPU sec, 0.745 real sec
[M::mem_process_seqs_merge2] CPE FASTQ formatting done
[M::mem_process_seqs_merge2] CPE FASTQ formatting done
slave pre done
now n is 69229
processed 69229
[M::mem_process_seqs_merge2] Processed 69229 reads in 0.020 CPU sec, 0.710 real sec
[M::process] read chunk (19660800 bytes/CG x 1 CGs, 19660752 bytes)...
[M::process] read chunk (19660800 bytes/CG x 1 CGs, 19661036 bytes)...
slave pre done
now n is 69228
processed 69228
[M::mem_process_seqs_merge2] Processed 69228 reads in 0.010 CPU sec, 0.846 real sec
[M::process] read chunk (19660800 bytes/CG x 1 CGs, 19660752 bytes)...
[M::mem_process_seqs_merge2] CPE FASTQ formatting done
[M::mem_process_seqs_merge2] CPE FASTQ formatting done
[M::mem_process_seqs_merge2] CPE FASTQ formatting done
slave pre done
now n is 69228
processed 69228
[M::mem_process_seqs_merge2] Processed 69228 reads in 0.010 CPU sec, 0.659 real sec
[M::process] read chunk (19660800 bytes/CG x 1 CGs, 19660752 bytes)...
slave pre done
now n is 69229
[M::process] read chunk (19660800 bytes/CG x 1 CGs, 19660752 bytes)...
processed 69229
[M::mem_process_seqs_merge2] Processed 69229 reads in 0.010 CPU sec, 0.964 real sec
slave pre done
now n is 69228
processed 69228
[M::mem_process_seqs_merge2] Processed 69228 reads in 0.020 CPU sec, 0.855 real sec
[M::process] read chunk (19660800 bytes/CG x 1 CGs, 19661036 bytes)...
[M::process] read chunk (19660800 bytes/CG x 1 CGs, 19660752 bytes)...
[M::mem_process_seqs_merge2] CPE FASTQ formatting done
[M::mem_process_seqs_merge2] CPE FASTQ formatting done
[M::mem_process_seqs_merge2] CPE FASTQ formatting done
[M::mem_process_seqs_merge2] CPE FASTQ formatting done
slave pre done
now n is 69229
slave pre done
now n is 69228
processed 69229
[M::mem_process_seqs_merge2] Processed 69229 reads in 0.010 CPU sec, 0.642 real sec
processed 69228
[M::mem_process_seqs_merge2] Processed 69228 reads in 0.010 CPU sec, 0.764 real sec
[M::process] read chunk (19660800 bytes/CG x 1 CGs, 19660752 bytes)...
slave pre done
now n is 69228
processed 69228
[M::mem_process_seqs_merge2] Processed 69228 reads in 0.010 CPU sec, 0.771 real sec
slave pre done
now n is 69228
processed 69228
[M::mem_process_seqs_merge2] Processed 69228 reads in 0.010 CPU sec, 0.731 real sec
[M::process] read chunk (19660800 bytes/CG x 1 CGs, 19660752 bytes)...
[M::process] read chunk (19660800 bytes/CG x 1 CGs, 19660752 bytes)...
[M::mem_process_seqs_merge2] CPE FASTQ formatting done
[M::mem_process_seqs_merge2] CPE FASTQ formatting done
[M::mem_process_seqs_merge2] CPE FASTQ formatting done
slave pre done
now n is 69228
processed 69228
[M::mem_process_seqs_merge2] Processed 69228 reads in 0.020 CPU sec, 0.702 real sec
[M::process] read chunk (19660800 bytes/CG x 1 CGs, 19660752 bytes)...
slave pre done
now n is 69228
processed 69228
[M::mem_process_seqs_merge2] Processed 69228 reads in 0.010 CPU sec, 0.638 real sec
[M::mem_process_seqs_merge2] CPE FASTQ formatting done
[M::process] read chunk (19660800 bytes/CG x 1 CGs, 19660752 bytes)...
[M::mem_process_seqs_merge2] CPE FASTQ formatting done
slave pre done
now n is 69228
processed 69228
[M::mem_process_seqs_merge2] Processed 69228 reads in 0.010 CPU sec, 0.660 real sec
[M::process] read chunk (19660800 bytes/CG x 1 CGs, 19660752 bytes)...
[M::mem_process_seqs_merge2] CPE FASTQ formatting done
slave pre done
now n is 69228
processed 69228
[M::mem_process_seqs_merge2] Processed 69228 reads in 0.010 CPU sec, 0.682 real sec
slave pre done
now n is 69228
processed 69228
[M::mem_process_seqs_merge2] Processed 69228 reads in 0.020 CPU sec, 1.721 real sec
[M::process] read chunk (19660800 bytes/CG x 1 CGs, 19660752 bytes)...
[M::mem_process_seqs_merge2] CPE FASTQ formatting done
slave pre done
now n is 69228
processed 69228
[M::mem_process_seqs_merge2] Processed 69228 reads in 0.010 CPU sec, 0.745 real sec
[M::process] read chunk (19660800 bytes/CG x 1 CGs, 19660752 bytes)...
[M::process] read chunk (19660800 bytes/CG x 1 CGs, 19661036 bytes)...
[M::mem_process_seqs_merge2] CPE FASTQ formatting done
[M::mem_process_seqs_merge2] CPE FASTQ formatting done
slave pre done
now n is 69228
processed 69228
[M::mem_process_seqs_merge2] Processed 69228 reads in 0.010 CPU sec, 0.689 real sec
[M::process] read chunk (19660800 bytes/CG x 1 CGs, 19660752 bytes)...
[M::mem_process_seqs_merge2] CPE FASTQ formatting done
slave pre done
now n is 69228
processed 69228
[M::mem_process_seqs_merge2] Processed 69228 reads in 0.010 CPU sec, 0.748 real sec
[M::process] read chunk (19660800 bytes/CG x 1 CGs, 19660752 bytes)...
slave pre done
now n is 69229
processed 69229
[M::mem_process_seqs_merge2] Processed 69229 reads in 0.020 CPU sec, 0.869 real sec
[M::process] read chunk (19660800 bytes/CG x 1 CGs, 19661036 bytes)...
[M::mem_process_seqs_merge2] CPE FASTQ formatting done
[M::mem_process_seqs_merge2] CPE FASTQ formatting done
[M::process] read chunk (19660800 bytes/CG x 1 CGs, 19660752 bytes)...
slave pre done
now n is 69228
processed 69228
[M::mem_process_seqs_merge2] Processed 69228 reads in 0.010 CPU sec, 0.747 real sec
slave pre done
now n is 69228
slave pre done
now n is 69229
processed 69228
[M::mem_process_seqs_merge2] Processed 69228 reads in 0.010 CPU sec, 0.754 real sec
[M::mem_process_seqs_merge2] CPE FASTQ formatting done
processed 69229
[M::mem_process_seqs_merge2] Processed 69229 reads in 0.010 CPU sec, 0.689 real sec
[M::process] read chunk (19660800 bytes/CG x 1 CGs, 19661036 bytes)...
[M::mem_process_seqs_merge2] CPE FASTQ formatting done
slave pre done
now n is 69228
processed 69228
[M::mem_process_seqs_merge2] Processed 69228 reads in 0.010 CPU sec, 0.781 real sec
[M::process] read chunk (19660800 bytes/CG x 1 CGs, 19660752 bytes)...
[M::process] read chunk (19660800 bytes/CG x 1 CGs, 16777016 bytes)...
slave pre done
now n is 69229
processed 69229
[M::mem_process_seqs_merge2] Processed 69229 reads in 0.020 CPU sec, 0.785 real sec
[M::mem_process_seqs_merge2] CPE FASTQ formatting done
[M::mem_process_seqs_merge2] CPE FASTQ formatting done
slave pre done
now n is 69228
processed 69228
[M::mem_process_seqs_merge2] Processed 69228 reads in 0.010 CPU sec, 0.745 real sec
slave pre done
now n is 59074
processed 59074
[M::mem_process_seqs_merge2] Processed 59074 reads in 0.020 CPU sec, 0.797 real sec
[MPI rank 000004/000006] input work: chunks=32 records=2240268 bytes=629144956
[MPI rank 000000/000006] input work: chunks=31 records=2163918 bytes=606600936
[MPI rank 000005/000006] input work: chunks=27 records=1893941 bytes=530841252
[MPI rank 000003/000006] input work: chunks=30 records=2102615 bytes=589823792
[MPI rank 000002/000006] input work: chunks=30 records=2102631 bytes=589823868

================ MPI Dynamic Scheduler Debug =================
  MPI rank: 000000 / 000006

  Work summary
    claimed chunks                                         31
    claimed from this rank's queue                         30
    claimed from another rank's queue                       1
    completed FASTQ records                           2163918
    claimed input bytes                             606600936

  Scheduler counters
    scheduler_next calls                                   32
    RMA ticket attempts                                    42
    attempts against another rank's queue                  10
    tickets beyond the final chunk                         11
    empty aligned chunks                                    0

  Scheduler timing
    MPI_Win_create (setup)                       0.000245 s  (1 calls,   244.701 us/call)
    MPI_Barrier after setup                      0.000012 s  (1 calls,    12.100 us/call)
    scheduler_next total                         0.253643 s  (32 calls,  7926.329 us/call)
      RMA ticket path total                        0.253499 s  (42 calls,  6035.689 us/call)
        MPI_Win_lock                                 0.000230 s  (42 calls,     5.468 us/call)
        MPI_Fetch_and_op                             0.000273 s  (42 calls,     6.492 us/call)
        MPI_Win_unlock                               0.252933 s  (42 calls,  6022.216 us/call)
        RMA call overhead (derived)                  0.000064 s  (42 calls,     1.513 us/call)
      align nominal offsets to FASTQ records       0.000042 s  (31 calls,     1.339 us/call)
      scheduler loop/bookkeeping (derived)         0.000102 s  (32 calls,     3.191 us/call)

  Scheduler teardown timing
    MPI_Barrier (wait for other ranks)           0.668334 s  (1 calls, 668334.131 us/call)
    MPI_Win_free                                 0.000061 s  (1 calls,    60.650 us/call)

  Stage 2 by chunk
    completed chunks                                       31
    accumulated stage 2                             26.507781 s
    average stage 2 per chunk                        0.855090 s
    slowest chunk                                         108
    slowest chunk stage 2                            1.374490 s

    order   chunk  queue        byte range                       bytes      records   stage2(s)
        0       0      0  [           0,     19660888)     19660888        72446    1.321404
        1       6      0  [   117964824,    137625684)     19660860        71235    0.902799
        2      12      0  [   235929708,    255590568)     19660860        71235    0.788426
        3      18      0  [   353894544,    373555304)     19660760        70217    0.843583
        4      24      0  [   471859384,    491520144)     19660760        70217    0.728339
        5      30      0  [   589824224,    609484984)     19660760        70217    0.762588
        6      36      0  [   707789064,    727449824)     19660760        70217    0.744015
        7      42      0  [   825753624,    845414664)     19661040        70218    0.917931
        8      48      0  [   943718464,    963379224)     19660760        70217    1.021316
        9      54      0  [  1061683304,   1081344064)     19660760        70217    0.770525
       10      60      0  [  1179648144,   1199308904)     19660760        70217    0.693314
       11      66      0  [  1297612984,   1317273744)     19660760        70217    0.765344
       12      72      0  [  1415577824,   1435238584)     19660760        70217    0.751334
       13      78      0  [  1533542664,   1553203424)     19660760        70217    0.912756
       14      84      0  [  1651507224,   1671168264)     19661040        70218    0.916263
       15      90      0  [  1769472064,   1789132824)     19660760        70217    1.019357
       16      96      0  [  1887436904,   1907097664)     19660760        70217    0.902571
       17     102      0  [  2005401744,   2025062504)     19660760        70217    0.863525
       18     108 [MPI rank 000001/000006] input work: chunks=30 records=2104038 bytes=589825508

================ MPI Dynamic Scheduler Debug =================
  MPI rank: 000001 / 000006

  Work summary
    claimed chunks                                         30
    claimed from this rank's queue                         30
    claimed from another rank's queue                       0
    completed FASTQ records                           2104038
    claimed input bytes                             589825508

  Scheduler counters
    scheduler_next calls                                   31
    RMA ticket attempts                                    36
    attempts against another rank's queue                   5
    tickets beyond the final chunk                          6
    empty aligned chunks                                    0

  Scheduler timing
    MPI_Win_create (setup)                       0.002191 s  (1 calls,  2190.608 us/call)
    MPI_Barrier after setup                      0.000012 s  (1 calls,    11.550 us/call)
    scheduler_next total                         0.118298 s  (31 calls,  3816.057 us/call)
      RMA ticket path total                        0.118168 s  (36 calls,  3282.431 us/call)
        MPI_Win_lock                                 0.000201 s  (36 calls,     5.592 us/call)
        MPI_Fetch_and_op                             0.000162 s  (36 calls,     4.511 us/call)
        MPI_Win_unlock                               0.117749 s  (36 calls,  3270.819 us/call)
        RMA call overhead (derived)                  0.000054 s  (36 calls,     1.510 us/call)
      align nominal offsets to FASTQ records       0.000039 s  (30 calls,     1.307 us/call)
      scheduler loop/bookkeeping (derived)         0.000091 s  (31 calls,     2.937 us/call)

  Scheduler teardown timing
    MPI_Barrier (wait for other ranks)           0.000031 s  (1 calls,    30.950 us/call)
    MPI_Win_free                                 0.000056 s  (1 calls,    55.700 us/call)

  Stage 2 by chunk
    completed chunks                                       30
    accumulated stage 2                             25.552875 s
    average stage 2 per chunk                        0.851763 s
    slowest chunk                                           1
    slowest chunk stage 2                            1.200810 s

    order   chunk  queue        byte range                       bytes      records   stage2(s)
        0       1      1  [    19660888,     39321660)     19660772        71634    1.200810
        1       7      1  [   137625684,    157286544)     19660860        71235    0.863175
        2      13      1  [   255590568,    275251428)     19660860        71235    0.913785
        3      19      1  [   373555304,    393216064)     19660760        70217    0.873573
        4      25      1  [   491520144,    511180904)     19660760        70217    0.891740
        5      31      1  [   609484984,    629145744)     19660760        70217    0.923964
        6      37      1  [   727449824,    747110584)     19660760        70217    0.963711
        7      43      1  [   845414664,    865075424)     19660760        70217    0.798266
        8      49      1  [   963379224,    983040264)     19661040        70218    1.073623
        9      55      1  [  1081344064,   1101004824)     19660760        70217    0.915467
       10      61      1  [  1199308904,   1218969664)     19660760        70217    0.909608
       11      67      1  [  1317273744,   1336934504)     19660760        70217    0.940010
       12      73      1  [  1435238584,   1454899344)     19660760        70217    0.720113
       13      79      1  [  1553203424,   1572864184)     19660760        70217    0.976556
       14      85      1  [  1671168264,   1690829024)     19660760        70217    0.859844
       15      91      1  [  1789132824,   1808793864)     19661040        70218    0.777544
       16      97      1  [  1907097664,   1926758424)     19660760        70217    0.705324
       17     103      1  [  2025
================ MPI Dynamic Scheduler Debug =================
  MPI rank: 000002 / 000006

  Work summary
    claimed chunks                                         30
    claimed from this rank's queue                         30
    claimed from another rank's queue                       0
    completed FASTQ records                           2102631
    claimed input bytes                             589823868

  Scheduler counters
    scheduler_next calls                                   31
    RMA ticket attempts                                    36
    attempts against another rank's queue                   5
    tickets beyond the final chunk                          6
    empty aligned chunks                                    0

  Scheduler timing
    MPI_Win_create (setup)                       0.002096 s  (1 calls,  2096.457 us/call)
    MPI_Barrier after setup                      0.000009 s  (1 calls,     9.150 us/call)
    scheduler_next total                         0.118947 s  (31 calls,  3836.991 us/call)
      RMA ticket path total                        0.118810 s  (36 calls,  3300.280 us/call)
        MPI_Win_lock                                 0.000239 s  (36 calls,     6.628 us/call)
        MPI_Fetch_and_op                             0.000181 s  (36 calls,     5.039 us/call)
        MPI_Win_unlock                               0.118332 s  (36 calls,  3286.999 us/call)
        RMA call overhead (derived)                  0.000058 s  (36 calls,     1.614 us/call)
      align nominal offsets to FASTQ records       0.000037 s  (30 calls,     1.233 us/call)
      scheduler loop/bookkeeping (derived)         0.000100 s  (31 calls,     3.215 us/call)

  Scheduler teardown timing
    MPI_Barrier (wait for other ranks)           0.195127 s  (1 calls, 195126.810 us/call)
    MPI_Win_free                                 0.000058 s  (1 calls,    58.150 us/call)

  Stage 2 by chunk
    completed chunks                                       30
    accumulated stage 2                             24.573918 s
    average stage 2 per chunk                        0.819131 s
    slowest chunk                                           2
    slowest chunk stage 2                            1.252664 s

    order   chunk  queue        byte range                       bytes      records   stage2(s)
        0       2      2  [    39321660,     58982520)     19660860        71235    1.252664
        1       8      2  [   157286544,    176947404)     19660860        71235    0.711746
        2      14      2  [   275251428,    294912264)     19660836        70233    0.651369
        3      20      2  [   393216064,    412876824)     19660760        70217    0.878564
        4      26      2  [   511180904,    530841664)     19660760        70217    0.916654
        5      32      2  [   629145744,    648806504)     19660760        70217    0.896125
        6      38      2  [   747110584,    766771344)     19660760        70217    0.809451
        7      44      2  [   865075424,    884736184)     19660760        70217    0.742867
        8      50      2  [   983040264,   1002701024)     19660760        70217    0.774753
        9      56      2  [  1101004824,   1120665864)     19661040        70218    0.824360
       10      62      2  [  1218969664,   1238630424)     19660760        70217    0.704351
       11      68      2  [  1336934504,   1356595264)     19660760        70217    0.765250
       12      74      2  [  1454899344,   1474560104)     19660760        70217    0.770574
       13      80      2  [  1572864184,   1592524944)     19660760        70217    0.720523
       14      86      2  [  1690829024,   1710489784)     19660760        70217    0.717915
       15      92      2  [  1808793864,   1828454624)     19660760        70217    0.689982
       16      98      2  [  1926758424,   1946419464)     19661040        70218    0.664028
       17     104      2  [  2044723264,   2064384024)     19660760        70217    1.026955
       18     110      0  [  2123366584,   2143027344)     19660760        70217    1.374490
       19     114      0  [  2241331424,   2260992184)     19660760        70217    0.687661
       20     120      0  [  2359296264,   2378957024)     19660760        70217    0.909590
       21     126      0  [  2477260824,   2496921864)     19661040        70218    1.056569
       22     132      0  [  2595225664,   2614886424)     19660760        70217    0.675884
       23     138      0  [  2713190504,   2732851264)     19660760        70217    0.953233
       24     144      0  [  2831155272,   2850816024)     19660752        69228    0.888938
       25     150      0  [  2949120068,   2968780820)     19660752        69228    0.752687
       26     156      0  [  3067084864,   3086745616)     19660752        69228    0.658493
       27     162      0  [  3185049660,   3204710412)     19660752        69228    0.764431
       28     168      0  [  3303014456,   3322675208)     19660752        69228    0.702565
       29     174      0  [  3420979252,   3440640004)     19660752        69228    0.660528
       30     179      5  [  3519283296,   3536060312)     16777016        59074    0.797321
==============================================================

062504,   2044723264)     19660760        70217    0.863167
       18     109      1  [  2143027344,   2162688104)     19660760        70217    0.727141
       19     115      1  [  2260992184,   2280652944)     19660760        70217    0.808095
       20     121      1  [  2378957024,   2398617784)     19660760        70217    0.729830
       21     127      1  [  2496921864,   2516582624)     19660760        70217    0.733561
       22     133      1  [  2614886424,   2634547464)     19661040        70218    0.732417
       23     139      1  [  2732851264,   2752512024)     19660760        70217    0.991628
       24     145      1  [  2850816024,   2870477060)     19661036        69229    0.710271
       25     151      1  [  2968780820,   2988441856)     19661036        69229    0.964064
       26     157      1  [  3086745616,   3106406652)     19661036        69229    0.642348
       27     163      1  [  3204710412,   3224371448)     19661036        69229    0.869314
       28     169      1  [  3322675208,   3342336244)     19661036        69229    0.689254
       29     175      1  [  3440640004,   3460301040)     19661036        69229    0.784673
==============================================================

     2  [  2162688104,   2182348864)     19660760        70217    0.815619
       19     116      2  [  2280652944,   2300313704)     19660760        70217    0.813413
       20     122      2  [  2398617784,   2418278544)     19660760        70217    0.673187
       21     128      2  [  2516582624,   2536243384)     19660760        70217    0.845572
       22     134      2  [  2634547464,   2654208224)     19660760        70217    1.016581
       23     140      2  [  2752512024,   2772173064)     19661040        70218    0.998506
       24     146      2  [  2870477060,   2890137812)     19660752        69228    0.743387
       25     152      2  [  2988441856,   3008102608)     19660752        69228    1.156764
       26     158      2  [  3106406652,   3126067404)     19660752        69228    0.745504
       27     164      2  [  3224371448,   3244032200)     19660752        69228    0.745266
       28     170      2  [  3342336244,   3361996996)     19660752        69228    0.747919
       29     176      2  [  3460301040,   3479961792)     19660752        69228    0.754069
==============================================================


================ MPI Dynamic Scheduler Debug =================
  MPI rank: 000003 / 000006

  Work summary
    claimed chunks                                         30
    claimed from this rank's queue                         30
    claimed from another rank's queue                       0
    completed FASTQ records                           2102615
    claimed input bytes                             589823792

  Scheduler counters
    scheduler_next calls                                   31
    RMA ticket attempts                                    36
    attempts against another rank's queue                   5
    tickets beyond the final chunk                          6
    empty aligned chunks                                    0

  Scheduler timing
    MPI_Win_create (setup)                       0.001198 s  (1 calls,  1197.904 us/call)
    MPI_Barrier after setup                      0.000014 s  (1 calls,    13.900 us/call)
    scheduler_next total                         0.122502 s  (31 calls,  3951.685 us/call)
      RMA ticket path total                        0.122367 s  (36 calls,  3399.089 us/call)
        MPI_Win_lock                                 0.000208 s  (36 calls,     5.790 us/call)
        MPI_Fetch_and_op                             0.000166 s  (36 calls,     4.608 us/call)
        MPI_Win_unlock                               0.121937 s  (36 calls,  3387.128 us/call)
        RMA call overhead (derived)                  0.000056 s  (36 calls,     1.562 us/call)
      align nominal offsets to FASTQ records       0.000041 s  (30 calls,     1.373 us/call)
      scheduler loop/bookkeeping (derived)         0.000094 s  (31 calls,     3.027 us/call)

  Scheduler teardown timing
    MPI_Barrier (wait for other ranks)           0.294681 s  (1 calls, 294680.822 us/call)
    MPI_Win_free                                 0.000064 s  (1 calls,    64.300 us/call)

  Stage 2 by chunk
    completed chunks                                       30
    accumulated stage 2                             28.754144 s
    average stage 2 per chunk                        0.958471 s
    slowest chunk                                          27
    slowest chunk stage 2                            2.156985 s

    order   chunk  queue        byte range                       bytes      records   stage2(s)
        0       3      3  [    58982520,     78643380)     19660860        71235    1.308443
        1       9      3  [   176947404,    196608264)     19660860        71235    0.738946
        2      15      3  [   294912264,    314573024)     19660760        70217    1.748603
        3      21      3  [   412876824,    432537864)     19661040        70218    0.877144
        4      27      3  [   530841664,    550502424)     19660760        70217    2.156985
        5      33      3  [   648806504,    668467264)     19660760        70217    0.748204
        6      39      3  [   766771344,    786432104)     19660760        70217    0.631291
        7      45      3  [   884736184,    904396944)     19660760        70217    0.977537
        8      51      3  [  1002701024,   1022361784)     19660760        70217    0.982339
        9      57      3  [  1120665864,   1140326624)     19660760        70217    0.862967
       10      63      3  [  1238630424,   1258291464)     19661040        70218    0.690242
       11      69      3  [  1356595264,   1376256024)     19660760        70217    0.788819
       12      75      3  [  1474560104,   1494220864)     19660760        70217    0.856219
       13      81      3  [  1592524944,   1612185704)     19660760        70217    1.968984
       14      87      3  [  1710489784,   1730150544)     19660760        70217    0.798144
       15      93      3  [  1828454624,   1848115384)     19660760        70217    1.387557
       16      99      3  [  1946419464,   1966080224)     19660760        70217    0.688053
       17     105      3  [  2064384024,   2084045064)     19661040        70218    0.715140
       18     111 
================ MPI Dynamic Scheduler Debug =================
  MPI rank: 000004 / 000006

  Work summary
    claimed chunks                                         32
    claimed from this rank's queue                         30
    claimed from another rank's queue                       2
    completed FASTQ records                           2240268
    claimed input bytes                             629144956

  Scheduler counters
    scheduler_next calls                                   33
    RMA ticket attempts                                    39
    attempts against another rank's queue                   7
    tickets beyond the final chunk                          7
    empty aligned chunks                                    0

  Scheduler timing
    MPI_Win_create (setup)                       0.002076 s  (1 calls,  2076.407 us/call)
    MPI_Barrier after setup                      0.000012 s  (1 calls,    11.900 us/call)
    scheduler_next total                         0.140236 s  (33 calls,  4249.590 us/call)
      RMA ticket path total                        0.140090 s  (39 calls,  3592.039 us/call)
        MPI_Win_lock                                 0.000212 s  (39 calls,     5.437 us/call)
        MPI_Fetch_and_op                             0.000307 s  (39 calls,     7.876 us/call)
        MPI_Win_unlock                               0.139509 s  (39 calls,  3577.144 us/call)
        RMA call overhead (derived)                  0.000062 s  (39 calls,     1.582 us/call)
      align nominal offsets to FASTQ records       0.000043 s  (32 calls,     1.337 us/call)
      scheduler loop/bookkeeping (derived)         0.000104 s  (33 calls,     3.156 us/call)

  Scheduler teardown timing
    MPI_Barrier (wait for other ranks)           0.990913 s  (1 calls, 990913.454 us/call)
    MPI_Win_free                                 0.000062 s  (1 calls,    61.600 us/call)

  Stage 2 by chunk
    completed chunks                                       32
    accumulated stage 2                             27.590083 s
    average stage 2 per chunk                        0.862190 s
    slowest chunk                                         100
    slowest chunk stage 2                            2.221120 s

    order   chunk  queue        byte range                       bytes      records   stage2(s)
        0       4      4  [    78643380,     98304240)     19660860        71235    1.396179
        1      10      4  [   196608264,    216268848)     19660584        71234    0.706631
        2      16      4  [   314573024,    334233784)     19660760        70217    0.939847
        3      22      4  [   432537864,    452198624)     19660760        70217    0.757564
        4      28      4  [   550502424,    570163464)     19661040        70218    0.798575
        5      34      4  [   668467264,    688128024)     19660760        70217    0.808665
        6      40      4  [   786432104,    806092864)     19660760        70217    0.737354
        7      46      4  [   904396944,    924057704)     19660760        70217    0.679631
        8      52      4  [  1022361784,   1042022544)     19660760        70217    0.969453
        9      58      4  [  1140326624,   1159987384)     19660760        70217    0.833328
       10      64      4  [  1258291464,   1277952224)     19660760        70217    0.866108
       11      70      4  [  1376256024,   1395917064)     19661040        70218    1.126147
       12      76      4  [  1494220864,   1513881624)     19660760        70217    0.719774
       13      82      4  [  1612185704,   1631846464)     19660760        70217    0.905988
       14      88      4  [  1730150544,   1749811304)     19660760        70217    0.933642
       15      94      4  [  1848115384,   1867776144)     19660760        70217    0.793674
       16     100      4  [  1966080224,   1985740984)     19660760        70217    2.221120
       17     106      4  [  2084045064,   2103705824)     19660760        70217    0.888902
       18     112      3  [  2182348864,   2202009624)     19660760        70217    0.759796
       19     117      3  [  2300313704,   2319974464)     19660760        70217    0.787833
       20     123      3  [  2418278544,   2437939304)     19660760        70217    0.747339
       21     129      3  [  2536243384,   2555904144)     19660760        70217    0.710110
       22     135      3  [  2654208224,   2673868984)     19660760        70217    0.847535
       23     141      3  [  2772173064,   2791833824)     19660760        70217    0.702646
       24     147      3  [  2890137812,   2909798564)     19660752        69228    0.643133
       25     153      3  [  3008102608,   3027763360)     19660752        69228    0.736392
       26     159      3  [  3126067404,   3145728156)     19660752        69228    0.735500
       27     165      3  [  3244032200,   3263692952)     19660752        69228    1.721742
       28     171      3  [  3361996996,   3381657748)     19660752        69228    0.689092
       29     177      3  [  3479961792,   3499622544)     19660752        69228    0.747409
==============================================================

     4  [  2202009624,   2221670664)     19661040        70218    0.775900
       19     118      4  [  2319974464,   2339635224)     19660760        70217    0.757085
       20     124      4  [  2437939304,   2457600064)     19660760        70217    0.736260
       21     130      4  [  2555904144,   2575564904)     19660760        70217    0.724136
       22     136      4  [  2673868984,   2693529744)     19660760        70217    0.989173
       23     142      4  [  2791833824,   2811494520)     19660696        69415    0.645190
       24     148      4  [  2909798564,   2929459316)     19660752        69228    0.652465
       25     154      4  [  3027763360,   3047424112)     19660752        69228    0.776771
       26     160      4  [  3145728156,   3165388908)     19660752        69228    0.645825
       27     166      4  [  3263692952,   3283353704)     19660752        69228    0.846342
       28     172      4  [  3381657748,   3401318500)     19660752        69228    0.659183
       29     178      4  [  3499622544,   3519283296)     19660752        69228    0.771355
       30     167      5  [  3283353704,   3303014456)     19660752        69228    0.781820
       31     173      5  [  3401318500,   3420979252)     19660752        69228    0.745996
==============================================================


================ MPI Dynamic Scheduler Debug =================
  MPI rank: 000005 / 000006

  Work summary
    claimed chunks                                         27
    claimed from this rank's queue                         27
    claimed from another rank's queue                       0
    completed FASTQ records                           1893941
    claimed input bytes                             530841252

  Scheduler counters
    scheduler_next calls                                   28
    RMA ticket attempts                                    33
    attempts against another rank's queue                   5
    tickets beyond the final chunk                          6
    empty aligned chunks                                    0

  Scheduler timing
    MPI_Win_create (setup)                       0.002160 s  (1 calls,  2160.358 us/call)
    MPI_Barrier after setup                      0.000013 s  (1 calls,    13.350 us/call)
    scheduler_next total                         0.092124 s  (28 calls,  3290.153 us/call)
      RMA ticket path total                        0.091998 s  (33 calls,  2787.816 us/call)
        MPI_Win_lock                                 0.000188 s  (33 calls,     5.698 us/call)
        MPI_Fetch_and_op                             0.000412 s  (33 calls,    12.488 us/call)
        MPI_Win_unlock                               0.091341 s  (33 calls,  2767.913 us/call)
        RMA call overhead (derived)                  0.000057 s  (33 calls,     1.717 us/call)
      align nominal offsets to FASTQ records       0.000039 s  (27 calls,     1.430 us/call)
      scheduler loop/bookkeeping (derived)         0.000088 s  (28 calls,     3.134 us/call)

  Scheduler teardown timing
    MPI_Barrier (wait for other ranks)           0.448273 s  (1 calls, 448273.430 us/call)
    MPI_Win_free                                 0.000065 s  (1 calls,    65.450 us/call)

  Stage 2 by chunk
    completed chunks                                       27
    accumulated stage 2                             22.625100 s
    average stage 2 per chunk                        0.837967 s
    slowest chunk                                          89
    slowest chunk stage 2                            1.512571 s

    order   chunk  queue        byte range                       bytes      records   stage2(s)
        0       5      5  [    98304240,    117964824)     19660584        71234    1.383545
        1      11      5  [   216268848,    235929708)     19660860        71235    0.746063
        2      17      5  [   334233784,    353894544)     19660760        70217    0.771242
        3      23      5  [   452198624,    471859384)     19660760        70217    0.750582
        4      29      5  [   570163464,    589824224)     19660760        70217    0.871140
        5      35      5  [   688128024,    707789064)     19661040        70218    0.887256
        6      41      5  [   806092864,    825753624)     19660760        70217    0.820814
        7      47      5  [   924057704,    943718464)     19660760        70217    0.859239
        8      53      5  [  1042022544,   1061683304)     19660760        70217    0.806059
        9      59      5  [  1159987384,   1179648144)     19660760        70217    0.941575
       10      65      5  [  1277952224,   1297612984)     19660760        70217    0.670574
       11      71      5  [  1395917064,   1415577824)     19660760        70217    0.721728
       12      77      5  [  1513881624,   1533542664)     19661040        70218    0.771531
       13      83      5  [  1631846464,   1651507224)     19660760        70217    0.800198
       14      89      5  [  1749811304,   1769472064)     19660760        70217    1.512571
       15      95      5  [  1867776144,   1887436904)     19660760        70217    0.745860
       16     101      5  [  1985740984,   2005401744)     19660760        70217    0.654748
       17     107      5  [  2103705824,   2123366584)     19660760        70217    0.819807
       18     113      5  [  2221670664,   2241331424)     19660760        70217    0.809083
       19     119      5  [  2339635224,   2359296264)     19661040        70218    0.854887
       20     125      5  [  2457600064,   2477260824)     19660760        70217    0.668936
       21     131      5  [  2575564904,   2595225664)     19660760        70217    0.750703
       22     137      5  [  2693529744,   2713190504)     19660760        70217    1.099695
       23     143      5  [  2811494520,   2831155272)     19660752        69228    0.855165
       24     149      5  [  2929459316,   2949120068)     19660752        69228    0.731295
       25     155      5  [  3047424112,   3067084864)     19660752        69228    0.639011
       26     161      5  [  3165388908,   3185049660)     19660752        69228    0.681793
==============================================================


====================== SWBWA Output Debug =====================
  MPI rank: 000000 / 000006
  mode:     MPI single_unordered
  path:     correctness_results/bigdata_mpi_lwpf_off_20260823/mpi_dynamic_single/has1/SRR2496709_SE.sam

  Output volume
    output buffer capacity                           67108864
    swbwa_output_write calls                         2163918
    submitted SAM bytes                            631033523
    buffered flushes                                      10
    buffered flush bytes                           631033523
    direct oversized writes                                0
    direct oversized bytes                                 0

  Buffering
    buffered flush total                        42.280130 s  (10 calls, 4228013.032 us/call)

  Global offset reservation
    target rank                                             0
    target relationship                                 local
    reservations                                           10
    reservation total                            0.000169 s  (10 calls,    16.915 us/call)
      MPI_Fetch_and_op                             0.000054 s  (10 calls,     5.410 us/call)
      MPI_Win_flush(target rank 0)                 0.000106 s  (10 calls,    10.595 us/call)
      reservation call overhead (derived)          0.000009 s  (10 calls,     0.910 us/call)

  POSIX positioned writes
    pwrite system calls                                    10
    pwrite system-call bytes                        631033523
    POSIX pwrite system calls                   42.279930 s  (10 calls, 4227993.007 us/call)
    POSIX pwrite effective bandwidth               14.234 MiB/s

  Output close timing
    MPI_Win_unlock_all                           0.000006 s  (1 calls,     5.900 us/call)
    MPI_Win_free                                 0.000045 s  (1 calls,    45.001 us/call)
    POSIX close                                  0.001789 s  (1 calls,  1788.556 us/call)
================================================================


====================== SWBWA Output Debug =====================
  MPI rank: 000001 / 000006
  mode:     MPI single_unordered
  path:     correctness_results/bigdata_mpi_lwpf_off_20260823/mpi_dynamic_single/has1/SRR2496709_SE.sam

  Output volume
    output buffer capacity                           67108864
    swbwa_output_write calls                         2104038
    submitted SAM bytes                            615838445
    buffered flushes                                      10
    buffered flush bytes                           615838445
    direct oversized writes                                0
    direct oversized bytes                                 0

  Buffering
    buffered flush total                        46.324964 s  (10 calls, 4632496.418 us/call)

  Global offset reservation
    target rank                                             0
    target relationship                                remote
    reservations                                           10
    reservation total                            0.097154 s  (10 calls,  9715.440 us/call)
      MPI_Fetch_and_op                             0.000461 s  (10 calls,    46.125 us/call)
      MPI_Win_flush(target rank 0)                 0.096682 s  (10 calls,  9668.205 us/call)
      reservation call overhead (derived)          0.000011 s  (10 calls,     1.110 us/call)

  POSIX positioned writes
    pwrite system calls                                    10
    pwrite system-call bytes                        615838445
    POSIX pwrite system calls                   46.227780 s  (10 calls, 4622778.038 us/call)
    POSIX pwrite effective bandwidth               12.705 MiB/s

  Output close timing
    MPI_Win_unlock_all                           0.000009 s  (1 calls,     9.100 us/call)
    MPI_Win_free                                 0.000036 s  (1 calls,    35.801 us/call)
    POSIX close                                  0.001718 s  (1 calls,  1718.456 us/call)
================================================================


====================== SWBWA Output Debug =====================
  MPI rank: 000002 / 000006
  mode:     MPI single_unordered
  path:     correctness_results/bigdata_mpi_lwpf_off_20260823/mpi_dynamic_single/has1/SRR2496709_SE.sam

  Output volume
    output buffer capacity                           67108864
    swbwa_output_write calls                         2102631
    submitted SAM bytes                            611953054
    buffered flushes                                      10
    buffered flush bytes                           611953054
    direct oversized writes                                0
    direct oversized bytes                                 0

  Buffering
    buffered flush total                        45.612013 s  (10 calls, 4561201.294 us/call)

  Global offset reservation
    target rank                                             0
    target relationship                                remote
    reservations                                           10
    reservation total                            0.071404 s  (10 calls,  7140.406 us/call)
      MPI_Fetch_and_op                             0.000718 s  (10 calls,    71.845 us/call)
      MPI_Win_flush(target rank 0)                 0.070674 s  (10 calls,  7067.386 us/call)
      reservation call overhead (derived)          0.000012 s  (10 calls,     1.175 us/call)

  POSIX positioned writes
    pwrite system calls                                    10
    pwrite system-call bytes                        611953054
    POSIX pwrite system calls                   45.540574 s  (10 calls, 4554057.428 us/call)
    POSIX pwrite effective bandwidth               12.815 MiB/s

  Output close timing
    MPI_Win_unlock_all                           0.000013 s  (1 calls,    12.750 us/call)
    MPI_Win_free                                 0.000037 s  (1 calls,    36.801 us/call)
    POSIX close                                  0.004670 s  (1 calls,  4670.067 us/call)
================================================================


====================== SWBWA Output Debug =====================
  MPI rank: 000003 / 000006
  mode:     MPI single_unordered
  path:     correctness_results/bigdata_mpi_lwpf_off_20260823/mpi_dynamic_single/has1/SRR2496709_SE.sam

  Output volume
    output buffer capacity                           67108864
    swbwa_output_write calls                         2102615
    submitted SAM bytes                            615675191
    buffered flushes                                      10
    buffered flush bytes                           615675191
    direct oversized writes                                0
    direct oversized bytes                                 0

  Buffering
    buffered flush total                        41.536247 s  (10 calls, 4153624.687 us/call)

  Global offset reservation
    target rank                                             0
    target relationship                                remote
    reservations                                           10
    reservation total                            0.079958 s  (10 calls,  7995.764 us/call)
      MPI_Fetch_and_op                             0.000760 s  (10 calls,    76.015 us/call)
      MPI_Win_flush(target rank 0)                 0.079185 s  (10 calls,  7918.484 us/call)
      reservation call overhead (derived)          0.000013 s  (10 calls,     1.265 us/call)

  POSIX positioned writes
    pwrite system calls                                    10
    pwrite system-call bytes                        615675191
    POSIX pwrite system calls                   41.456258 s  (10 calls, 4145625.843 us/call)
    POSIX pwrite effective bandwidth               14.163 MiB/s

  Output close timing
    MPI_Win_unlock_all                           0.000010 s  (1 calls,    10.350 us/call)
    MPI_Win_free                                 0.000037 s  (1 calls,    37.351 us/call)
    POSIX close                                  0.001767 s  (1 calls,  1766.806 us/call)
================================================================


====================== SWBWA Output Debug =====================
  MPI rank: 000004 / 000006
  mode:     MPI single_unordered
  path:     correctness_results/bigdata_mpi_lwpf_off_20260823/mpi_dynamic_single/has1/SRR2496709_SE.sam

  Output volume
    output buffer capacity                           67108864
    swbwa_output_write calls                         2240268
    submitted SAM bytes                            657874129
    buffered flushes                                      10
    buffered flush bytes                           657874129
    direct oversized writes                                0
    direct oversized bytes                                 0

  Buffering
    buffered flush total                        39.910464 s  (10 calls, 3991046.441 us/call)

  Global offset reservation
    target rank                                             0
    target relationship                                remote
    reservations                                           10
    reservation total                            0.077298 s  (10 calls,  7729.753 us/call)
      MPI_Fetch_and_op                             0.000718 s  (10 calls,    71.785 us/call)
      MPI_Win_flush(target rank 0)                 0.076569 s  (10 calls,  7656.853 us/call)
      reservation call overhead (derived)          0.000011 s  (10 calls,     1.115 us/call)

  POSIX positioned writes
    pwrite system calls                                    10
    pwrite system-call bytes                        657874129
    POSIX pwrite system calls                   39.833136 s  (10 calls, 3983313.553 us/call)
    POSIX pwrite effective bandwidth               15.751 MiB/s

  Output close timing
    MPI_Win_unlock_all                           0.000011 s  (1 calls,    11.000 us/call)
    MPI_Win_free                                 0.000037 s  (1 calls,    37.301 us/call)
    POSIX close                                  0.003267 s  (1 calls,  3266.561 us/call)
================================================================


====================== SWBWA Output Debug =====================
  MPI rank: 000005 / 000006
  mode:     MPI single_unordered
  path:     correctness_results/bigdata_mpi_lwpf_off_20260823/mpi_dynamic_single/has1/SRR2496709_SE.sam

  Output volume
    output buffer capacity                           67108864
    swbwa_output_write calls                         1893941
    submitted SAM bytes                            553415677
    buffered flushes                                       9
    buffered flush bytes                           553415677
    direct oversized writes                                0
    direct oversized bytes                                 0

  Buffering
    buffered flush total                        47.606221 s  (9 calls, 5289580.116 us/call)

  Global offset reservation
    target rank                                             0
    target relationship                                remote
    reservations                                            9
    reservation total                            0.088542 s  (9 calls,  9838.030 us/call)
      MPI_Fetch_and_op                             0.000606 s  (9 calls,    67.367 us/call)
      MPI_Win_flush(target rank 0)                 0.087925 s  (9 calls,  9769.491 us/call)
      reservation call overhead (derived)          0.000011 s  (9 calls,     1.172 us/call)

  POSIX positioned writes
    pwrite system calls                                     9
    pwrite system-call bytes                        553415677
    POSIX pwrite system calls                   47.517649 s  (9 calls, 5279738.758 us/call)
    POSIX pwrite effective bandwidth               11.107 MiB/s

  Output close timing
    MPI_Win_unlock_all                           0.000012 s  (1 calls,    11.500 us/call)
    MPI_Win_free                                 0.000028 s  (1 calls,    27.951 us/call)
    POSIX close                                  0.001738 s  (1 calls,  1737.756 us/call)
================================================================


================ MPI Progress Thread Debug =================
  MPI rank: 000000 / 000006
  lifetime                                       83.513896 s
  MPI_Iprobe calls                                    8344
  MPI_Iprobe total                                0.125209 s
  MPI_Iprobe average                                15.006 us
  MPI_Iprobe maximum                              0.002216 s
  calls >= 1 ms                                          3
  calls >= 10 ms                                         0
  calls >= 100 ms                                        0
  calls >= 1 s                                           0
============================================================


================ SWBWA CPE/MPI Progress Debug ================
  MPI rank: 000000 / 000006

    phase                      waits     probes   total(s)    avg(us)    max(s)   >=1ms   >=10ms   >=100ms    >=1s  completed
    FASTQ formatting              31          0      0.000      0.000     0.000       0        0         0       0          0
    alignment and SAM length      31          0      0.000      0.000     0.000       0        0         0       0          0
    SAM record generation         31          0      0.000      0.000     0.000       0        0         0       0          0
    all CPE phases                93          0      0.000      0.000     0.000       0        0         0       0          0

  Probes marked 'completed' returned with the CPE completion
  flag set. Their full call duration bounds the possible delay.
    completion-observing probe total               0.000000 s
    slowest completion-observing probe             0.000000 s
==============================================================


======================= SWBWA Timing Report =======================
  MPI rank: 000000 / 000006
  Accumulated wall-clock time; indented rows are included in
  their parent row and must not be added to it.

  Pipeline
    total - complete three-stage pipeline                    83.514 s
    stage 1 - allocate and read raw FASTQ blocks             11.416 s
    stage 2 - align reads and generate SAM records           26.508 s
    stage 3 - write SAM and release batch data               41.263 s
      SAM output writes                                        40.340 s
      batch cleanup and loop overhead (derived)                 0.923 s

  Stage 1 input details
    batches completed / stage calls                      31 / 32
    input-buffer and batch allocations                        0.000 s  (63 calls, max 0.000 s)
    aggregate requested allocation bytes            606634728
    FASTQ fseeko calls                                        1.695 s  (31 calls, max 0.131 s)
    FASTQ fread calls                                         9.459 s  (31 calls, max 0.679 s)
    align chunk ends to FASTQ record boundaries               0.000 s  (0 calls, max 0.000 s)
    scheduler, checks and bookkeeping (derived)               0.262 s
    raw FASTQ bytes read                            606600936  (578.500 MiB)
    effective fread bandwidth                         61.162 MiB/s
    slowest allocation                                 0.000 s  (19661784 bytes)
    slowest fread                                      0.679 s  (R1 offset=0, bytes=19660888)

  Stage 2 worker details
    total - active merge worker                              26.499 s
      part 1 - prepare CPE task and reusable buffers            0.914 s
      part 2 - CPE FASTQ formatting and input release           0.339 s
      part 3 - CPE alignment and SAM length pass               24.622 s
      part 4 - assign slices in the shared SAM buffer           0.160 s
      part 5 - CPE SAM record generation                        0.456 s
      part 6 - release temporary worker data                    0.001 s

  Reserved allocator timers (no active timing sites)
    malloc timer                                              0.000 s
    free timer                                                0.000 s
=============
================ MPI Progress Thread Debug =================
  MPI rank: 000001 / 000006
  lifetime                                       83.513234 s
  MPI_Iprobe calls                                    8347
  MPI_Iprobe total                                0.102828 s
  MPI_Iprobe average                                12.319 us
  MPI_Iprobe maximum                              0.001998 s
  calls >= 1 ms                                          1
  calls >= 10 ms                                         0
  calls >= 100 ms                                        0
  calls >= 1 s                                           0
============================================================


================ SWBWA CPE/MPI Progress Debug ================
  MPI rank: 000001 / 000006

    phase                      waits     probes   total(s)    avg(us)    max(s)   >=1ms   >=10ms   >=100ms    >=1s  completed
    FASTQ formatting              30          0      0.000      0.000     0.000       0        0         0       0          0
    alignment and SAM length      30          0      0.000      0.000     0.000       0        0         0       0          0
    SAM record generation         30          0      0.000      0.000     0.000       0        0         0       0          0
    all CPE phases                90          0      0.000      0.000     0.000       0        0         0       0          0

  Probes marked 'completed' returned with the CPE completion
  flag set. Their full call duration bounds the possible delay.
    completion-observing probe total               0.000000 s
    slowest completion-observing probe             0.000000 s
==============================================================


======================= SWBWA Timing Report =======================
  MPI rank: 000001 / 000006
  Accumulated wall-clock time; indented rows are included in
  their parent row and must not be added to it.

  Pipeline
    total - complete three-stage pipeline                    83.514 s
    stage 1 - allocate and read raw FASTQ blocks              9.445 s
    stage 2 - align reads and generate SAM records           25.553 s
    stage 3 - write SAM and release batch data               46.966 s
      SAM output writes                                        46.213 s
      batch cleanup and loop overhead (derived)                 0.754 s

  Stage 1 input details
    batches completed / stage calls                      30 / 31
    input-buffer and batch allocations                        0.000 s  (61 calls, max 0.000 s)
    aggregate requested allocation bytes            589858212
    FASTQ fseeko calls                                        0.650 s  (30 calls, max 0.145 s)
    FASTQ fread calls                                         8.671 s  (30 calls, max 0.701 s)
    align chunk ends to FASTQ record boundaries               0.000 s  (0 calls, max 0.000 s)
    scheduler, checks and bookkeeping (derived)               0.124 s
    raw FASTQ bytes read                            589825508  (562.501 MiB)
    effective fread bandwidth                         64.875 MiB/s
    slowest allocation                                 0.000 s  (19661784 bytes)
    slowest fread                                      0.701 s  (R1 offset=19660888, bytes=19660772)

  Stage 2 worker details
    total - active merge worker                              25.548 s
      part 1 - prepare CPE task and reusable buffers            0.877 s
      part 2 - CPE FASTQ formatting and input release           0.304 s
      part 3 - CPE alignment and SAM length pass               23.770 s
      part 4 - assign slices in the shared SAM buffer           0.153 s
      part 5 - CPE SAM record generation                        0.439 s
      part 6 - release temporary worker data                    0.000 s

  Reserved allocator timers (no active timing sites)
    malloc timer                                              0.000 s
    free timer                                                0.000 s
======
================ MPI Progress Thread Debug =================
  MPI rank: 000002 / 000006
  lifetime                                       83.513614 s
  MPI_Iprobe calls                                    8345
  MPI_Iprobe total                                0.152478 s
  MPI_Iprobe average                                18.272 us
  MPI_Iprobe maximum                              0.004955 s
  calls >= 1 ms                                          1
  calls >= 10 ms                                         0
  calls >= 100 ms                                        0
  calls >= 1 s                                           0
============================================================


================ SWBWA CPE/MPI Progress Debug ================
  MPI rank: 000002 / 000006

    phase                      waits     probes   total(s)    avg(us)    max(s)   >=1ms   >=10ms   >=100ms    >=1s  completed
    FASTQ formatting              30          0      0.000      0.000     0.000       0        0         0       0          0
    alignment and SAM length      30          0      0.000      0.000     0.000       0        0         0       0          0
    SAM record generation         30          0      0.000      0.000     0.000       0        0         0       0          0
    all CPE phases                90          0      0.000      0.000     0.000       0        0         0       0          0

  Probes marked 'completed' returned with the CPE completion
  flag set. Their full call duration bounds the possible delay.
    completion-observing probe total               0.000000 s
    slowest completion-observing probe             0.000000 s
==============================================================


======================= SWBWA Timing Report =======================
  MPI rank: 000002 / 000006
  Accumulated wall-clock time; indented rows are included in
  their parent row and must not be added to it.

  Pipeline
    total - complete three-stage pipeline                    83.514 s
    stage 1 - allocate and read raw FASTQ blocks             10.707 s
    stage 2 - align reads and generate SAM records           24.574 s
    stage 3 - write SAM and release batch data               45.743 s
      SAM output writes                                        44.894 s
      batch cleanup and loop overhead (derived)                 0.849 s

  Stage 1 input details
    batches completed / stage calls                      30 / 31
    input-buffer and batch allocations                        0.000 s  (61 calls, max 0.000 s)
    aggregate requested allocation bytes            589856572
    FASTQ fseeko calls                                        1.899 s  (30 calls, max 0.142 s)
    FASTQ fread calls                                         8.680 s  (30 calls, max 0.771 s)
    align chunk ends to FASTQ record boundaries               0.000 s  (0 calls, max 0.000 s)
    scheduler, checks and bookkeeping (derived)               0.127 s
    raw FASTQ bytes read                            589823868  (562.500 MiB)
    effective fread bandwidth                         64.804 MiB/s
    slowest allocation                                 0.000 s  (19661784 bytes)
    slowest fread                                      0.771 s  (R1 offset=39321660, bytes=19660860)

  Stage 2 worker details
    total - active merge worker                              24.571 s
      part 1 - prepare CPE task and reusable buffers            0.910 s
      part 2 - CPE FASTQ formatting and input release           0.341 s
      part 3 - CPE alignment and SAM length pass               22.726 s
      part 4 - assign slices in the shared SAM buffer           0.171 s
      part 5 - CPE SAM record generation                        0.418 s
      part 6 - release temporary worker data                    0.000 s

  Reserved allocator timers (no active timing sites)
    malloc timer                                              0.000 s
    free timer                                                0.000 s
============================================================

[main] Version: 0.0.1
[main] CMD: ./SWBWA mem -v 4 -t 1 -1 -o correctness_results/bigdata_mpi_lwpf_off_20260823/mpi_dynamic_single/has1/SRR2496709_SE.sam -I 170,80,500,1 ../data/GRCh38.d1.vd1.fa ../data/bwa_test_big_data/SRR2496709_1.fastq
=============================================================

=============================================================


================ MPI Progress Thread Debug =================
  MPI rank: 000003 / 000006
  lifetime                                       83.515981 s
  MPI_Iprobe calls                                    8347
  MPI_Iprobe total                                0.095669 s
  MPI_Iprobe average                                11.462 us
  MPI_Iprobe maximum                              0.000818 s
  calls >= 1 ms                                          0
  calls >= 10 ms                                         0
  calls >= 100 ms                                        0
  calls >= 1 s                                           0
============================================================


================ SWBWA CPE/MPI Progress Debug ================
  MPI rank: 000003 / 000006

    phase                      waits     probes   total(s)    avg(us)    max(s)   >=1ms   >=10ms   >=100ms    >=1s  completed
    FASTQ formatting              30          0      0.000      0.000     0.000       0        0         0       0          0
    alignment and SAM length      30          0      0.000      0.000     0.000       0        0         0       0          0
    SAM record generation         30          0      0.000      0.000     0.000       0        0         0       0          0
    all CPE phases                90          0      0.000      0.000     0.000       0        0         0       0          0

  Probes marked 'completed' returned with the CPE completion
  flag set. Their full call duration bounds the possible delay.
    completion-observing probe total               0.000000 s
    slowest completion-observing probe             0.000000 s
==============================================================


======================= SWBWA Timing Report =======================
  MPI rank: 000003 / 000006
  Accumulated wall-clock time; indented rows are included in
  their parent row and must not be added to it.

  Pipeline
    total - complete three-stage pipeline                    83.516 s
    stage 1 - allocate and read raw FASTQ blocks             10.675 s
    stage 2 - align reads and generate SAM records           28.754 s
    stage 3 - write SAM and release batch data               40.734 s
      SAM output writes                                        39.952 s
      batch cleanup and loop overhead (derived)                 0.782 s

  Stage 1 input details
    batches completed / stage calls                      30 / 31
    input-buffer and batch allocations                        0.000 s  (61 calls, max 0.000 s)
    aggregate requested allocation bytes            589856496
    FASTQ fseeko calls                                        1.426 s  (30 calls, max 0.137 s)
    FASTQ fread calls                                         9.116 s  (30 calls, max 0.661 s)
    align chunk ends to FASTQ record boundaries               0.000 s  (0 calls, max 0.000 s)
    scheduler, checks and bookkeeping (derived)               0.132 s
    raw FASTQ bytes read                            589823792  (562.500 MiB)
    effective fread bandwidth                         61.702 MiB/s
    slowest allocation                                 0.000 s  (19661784 bytes)
    slowest fread                                      0.661 s  (R1 offset=58982520, bytes=19660860)

  Stage 2 worker details
    total - active merge worker                              28.744 s
      part 1 - prepare CPE task and reusable buffers            0.879 s
      part 2 - CPE FASTQ formatting and input release           0.316 s
      part 3 - CPE alignment and SAM length pass               26.947 s
      part 4 - assign slices in the shared SAM buffer           0.154 s
      part 5 - CPE SAM record generation                        0.441 s
      part 6 - release temporary worker data                    0.000 s

  Reserved allocator timers (no active timing sites)
    malloc timer                                              0.000 s
    free timer                                                0.000 s
======
================ MPI Progress Thread Debug =================
  MPI rank: 000004 / 000006
  lifetime                                       83.516296 s
  MPI_Iprobe calls                                    8346
  MPI_Iprobe total                                0.100623 s
  MPI_Iprobe average                                12.056 us
  MPI_Iprobe maximum                              0.001661 s
  calls >= 1 ms                                          1
  calls >= 10 ms                                         0
  calls >= 100 ms                                        0
  calls >= 1 s                                           0
============================================================


================ SWBWA CPE/MPI Progress Debug ================
  MPI rank: 000004 / 000006

    phase                      waits     probes   total(s)    avg(us)    max(s)   >=1ms   >=10ms   >=100ms    >=1s  completed
    FASTQ formatting              32          0      0.000      0.000     0.000       0        0         0       0          0
    alignment and SAM length      32          0      0.000      0.000     0.000       0        0         0       0          0
    SAM record generation         32          0      0.000      0.000     0.000       0        0         0       0          0
    all CPE phases                96          0      0.000      0.000     0.000       0        0         0       0          0

  Probes marked 'completed' returned with the CPE completion
  flag set. Their full call duration bounds the possible delay.
    completion-observing probe total               0.000000 s
    slowest completion-observing probe             0.000000 s
==============================================================


======================= SWBWA Timing Report =======================
  MPI rank: 000004 / 000006
  Accumulated wall-clock time; indented rows are included in
  their parent row and must not be added to it.

  Pipeline
    total - complete three-stage pipeline                    83.517 s
    stage 1 - allocate and read raw FASTQ blocks             12.563 s
    stage 2 - align reads and generate SAM records           27.590 s
    stage 3 - write SAM and release batch data               38.963 s
      SAM output writes                                        38.092 s
      batch cleanup and loop overhead (derived)                 0.871 s

  Stage 1 input details
    batches completed / stage calls                      32 / 33
    input-buffer and batch allocations                        0.000 s  (65 calls, max 0.000 s)
    aggregate requested allocation bytes            629179836
    FASTQ fseeko calls                                        2.108 s  (32 calls, max 0.159 s)
    FASTQ fread calls                                        10.299 s  (32 calls, max 0.692 s)
    align chunk ends to FASTQ record boundaries               0.000 s  (0 calls, max 0.000 s)
    scheduler, checks and bookkeeping (derived)               0.155 s
    raw FASTQ bytes read                            629144956  (599.999 MiB)
    effective fread bandwidth                         58.259 MiB/s
    slowest allocation                                 0.000 s  (19661784 bytes)
    slowest fread                                      0.692 s  (R1 offset=78643380, bytes=19660860)

  Stage 2 worker details
    total - active merge worker                              27.575 s
      part 1 - prepare CPE task and reusable buffers            0.887 s
      part 2 - CPE FASTQ formatting and input release           0.367 s
      part 3 - CPE alignment and SAM length pass               25.680 s
      part 4 - assign slices in the shared SAM buffer           0.165 s
      part 5 - CPE SAM record generation                        0.463 s
      part 6 - release temporary worker data                    0.001 s

  Reserved allocator timers (no active timing sites)
    malloc timer                                              0.000 s
    free timer                                                0.000 s
===================================================================

=============================================================


================ MPI Progress Thread Debug =================
  MPI rank: 000005 / 000006
  lifetime                                       83.516960 s
  MPI_Iprobe calls                                    8349
  MPI_Iprobe total                                0.102839 s
  MPI_Iprobe average                                12.318 us
  MPI_Iprobe maximum                              0.000121 s
  calls >= 1 ms                                          0
  calls >= 10 ms                                         0
  calls >= 100 ms                                        0
  calls >= 1 s                                           0
============================================================


================ SWBWA CPE/MPI Progress Debug ================
  MPI rank: 000005 / 000006

    phase                      waits     probes   total(s)    avg(us)    max(s)   >=1ms   >=10ms   >=100ms    >=1s  completed
    FASTQ formatting              27          0      0.000      0.000     0.000       0        0         0       0          0
    alignment and SAM length      27          0      0.000      0.000     0.000       0        0         0       0          0
    SAM record generation         27          0      0.000      0.000     0.000       0        0         0       0          0
    all CPE phases                81          0      0.000      0.000     0.000       0        0         0       0          0

  Probes marked 'completed' returned with the CPE completion
  flag set. Their full call duration bounds the possible delay.
    completion-observing probe total               0.000000 s
    slowest completion-observing probe             0.000000 s
==============================================================


======================= SWBWA Timing Report =======================
  MPI rank: 000005 / 000006
  Accumulated wall-clock time; indented rows are included in
  their parent row and must not be added to it.

  Pipeline
    total - complete three-stage pipeline                    83.518 s
    stage 1 - allocate and read raw FASTQ blocks             10.691 s
    stage 2 - align reads and generate SAM records           22.625 s
    stage 3 - write SAM and release batch data               45.940 s
      SAM output writes                                        45.193 s
      batch cleanup and loop overhead (derived)                 0.747 s

  Stage 1 input details
    batches completed / stage calls                      27 / 28
    input-buffer and batch allocations                        0.000 s  (55 calls, max 0.000 s)
    aggregate requested allocation bytes            530870692
    FASTQ fseeko calls                                        1.919 s  (27 calls, max 0.170 s)
    FASTQ fread calls                                         8.673 s  (27 calls, max 0.891 s)
    align chunk ends to FASTQ record boundaries               0.000 s  (0 calls, max 0.000 s)
    scheduler, checks and bookkeeping (derived)               0.099 s
    raw FASTQ bytes read                            530841252  (506.250 MiB)
    effective fread bandwidth                         58.369 MiB/s
    slowest allocation                                 0.000 s  (19661784 bytes)
    slowest fread                                      0.891 s  (R1 offset=98304240, bytes=19660584)

  Stage 2 worker details
    total - active merge worker                              22.614 s
      part 1 - prepare CPE task and reusable buffers            0.831 s
      part 2 - CPE FASTQ formatting and input release           0.257 s
      part 3 - CPE alignment and SAM length pass               20.982 s
      part 4 - assign slices in the shared SAM buffer           0.141 s
      part 5 - CPE SAM record generation                        0.392 s
      part 6 - release temporary worker data                    0.001 s

  Reserved allocator timers (no active timing sites)
    malloc timer                                              0.000 s
    free timer                                                0.000 s
===================================================================

