[M::main_mem] mean insert size: 170.000, stddev: 80.000, max: 500, min: 1
[MPI input] mode=dynamic chunks=17 bytes_per_cg=19660800 cg_count=1 chunk_bytes=3675576 micro_chunk_bytes=918894 fine_chunk_bytes=229723 tail_percent=10 fine_tail_waves=2 file_bytes=3675576 scheduler=distributed read_index=exact
malloc bwt->bwt 3107576584, 0x500008804020
malloc bwt->bwt 3107576584, 0x500008804020
malloc bwt->bwt 3107576584, 0x500008804020
malloc bwt->bwt 3107576584, 0x500008804020
malloc bwt->bwt 3107576584, 0x500008804020
malloc bwt->bwt 3107576584, 0x500008804020
malloc bwt->bwt 3107576584, 0x500008804020
malloc bwt->bwt 3107576584, 0x500008804020
malloc bwt->bwt 3107576584, 0x500008804020
malloc bwt->bwt 3107576584, 0x500008804020
malloc bwt->bwt 3107576584, 0x500008804020
malloc bwt->bwt 3107576584, 0x500008804020
malloc bwt->bwt 3107576584, 0x500008804020
malloc bwt->bwt 3107576584, 0x500008804020
malloc bwt->bwt 3107576584, 0x500008804020
malloc bwt->bwt 3107576584, 0x500008804020
malloc bwt->bwt 3107576584, 0x500008804020
malloc bwt->bwt 3107576584, 0x500008804020
malloc bwt->bwt 3107576584, 0x500008804020
malloc bwt->bwt 3107576584, 0x500008804020
malloc bwt->bwt 3107576584, 0x500008804020
malloc bwt->bwt 3107576584, 0x500008804020
malloc bwt->bwt 3107576584, 0x500008804020
malloc bwt->bwt 3107576584, 0x500008804020
malloc bwt->sa 1553788264, 0x5000c1ba1b40
malloc bwt->sa 1553788264, 0x5000c1ba1b40
malloc bwt->sa 1553788264, 0x5000c1ba1b40
malloc bwt->sa 1553788264, 0x5000c1ba1b40
malloc bwt->sa 1553788264, 0x5000c1ba1b40
malloc bwt->sa 1553788264, 0x5000c1ba1b40
malloc bwt->sa 1553788264, 0x5000c1ba1b40
malloc bwt->sa 1553788264, 0x5000c1ba1b40
malloc bwt->sa 1553788264, 0x5000c1ba1b40
malloc bwt->sa 1553788264, 0x5000c1ba1b40
malloc bwt->sa 1553788264, 0x5000c1ba1b40
malloc bwt->sa 1553788264, 0x5000c1ba1b40
malloc bwt->sa 1553788264, 0x5000c1ba1b40
malloc bwt->sa 1553788264, 0x5000c1ba1b40
malloc bwt->sa 1553788264, 0x5000c1ba1b40
malloc bwt->sa 1553788264, 0x5000c1ba1b40
malloc bwt->sa 1553788264, 0x5000c1ba1b40
malloc bwt->sa 1553788264, 0x5000c1ba1b40
malloc bwt->sa 1553788264, 0x5000c1ba1b40
malloc bwt->sa 1553788264, 0x5000c1ba1b40
malloc bwt->sa 1553788264, 0x5000c1ba1b40
malloc bwt->sa 1553788264, 0x5000c1ba1b40
malloc bwt->sa 1553788264, 0x5000c1ba1b40
malloc bwt->sa 1553788264, 0x5000c1ba1b40
[M::bwa_idx_load_from_disk] read 0 ALT contigs
[M::bwa_idx_load_from_disk] read 0 ALT contigs
[M::bwa_idx_load_from_disk] read 0 ALT contigs
[M::bwa_idx_load_from_disk] read 0 ALT contigs
[M::bwa_idx_load_from_disk] read 0 ALT contigs
[M::bwa_idx_load_from_disk] read 0 ALT contigs
malloc pac 776894131, 0x50011e5708c0
malloc pac 776894131, 0x50011e5708c0
malloc pac 776894131, 0x50011e5708c0
malloc pac 776894131, 0x50011e5708c0
malloc pac 776894131, 0x50011e5708c0
malloc pac 776894131, 0x50011e5708c0
[M::bwa_idx_load_from_disk] read 0 ALT contigs
[M::bwa_idx_load_from_disk] read 0 ALT contigs
[M::bwa_idx_load_from_disk] read 0 ALT contigs
[M::bwa_idx_load_from_disk] read 0 ALT contigs
[M::bwa_idx_load_from_disk] read 0 ALT contigs
[M::bwa_idx_load_from_disk] read 0 ALT contigs
malloc pac 776894131, 0x50011e5708c0
malloc pac 776894131, 0x50011e5708c0
malloc pac 776894131, 0x50011e5708c0
malloc pac 776894131, 0x50011e5708c0
malloc pac 776894131, 0x50011e5708c0
malloc pac 776894131, 0x50011e5708c0
[M::bwa_idx_load_from_disk] read 0 ALT contigs
[M::bwa_idx_load_from_disk] read 0 ALT contigs
[M::bwa_idx_load_from_disk] read 0 ALT contigs
[M::bwa_idx_load_from_disk] read 0 ALT contigs
[M::bwa_idx_load_from_disk] read 0 ALT contigs
[M::bwa_idx_load_from_disk] read 0 ALT contigs
malloc pac 776894131, 0x50011e5708c0
malloc pac 776894131, 0x50011e5708c0
malloc pac 776894131, 0x50011e5708c0
malloc pac 776894131, 0x50011e5708c0
malloc pac 776894131, 0x50011e5708c0
malloc pac 776894131, 0x50011e5708c0
[M::bwa_idx_load_from_disk] read 0 ALT contigs
[M::bwa_idx_load_from_disk] read 0 ALT contigs
[M::bwa_idx_load_from_disk] read 0 ALT contigs
[M::bwa_idx_load_from_disk] read 0 ALT contigs
[M::bwa_idx_load_from_disk] read 0 ALT contigs
[M::bwa_idx_load_from_disk] read 0 ALT contigs
malloc pac 776894131, 0x50011e5708c0
malloc pac 776894131, 0x50011e5708c0
malloc pac 776894131, 0x50011e5708c0
malloc pac 776894131, 0x50011e5708c0
malloc pac 776894131, 0x50011e5708c0
malloc pac 776894131, 0x50011e5708c0
the input file is /home/export/online1/mdt00/shisuan/swls-CFD/guoshi/ylf/data/bwa_test_big_data/tiny_1.fastq
the input file is /home/export/online1/mdt00/shisuan/swls-CFD/guoshi/ylf/data/bwa_test_big_data/tiny_2.fastq
[MPI rank 000000/000024] output: /home/export/online1/mdt00/shisuan/swls-CFD/guoshi/ylf/SWBWA_dep_20260914/results/startup3_B_3.sam
[MPI rank 000001/000024] output: /home/export/online1/mdt00/shisuan/swls-CFD/guoshi/ylf/SWBWA_dep_20260914/results/startup3_B_3.sam
[MPI rank 000002/000024] output: /home/export/online1/mdt00/shisuan/swls-CFD/guoshi/ylf/SWBWA_dep_20260914/results/startup3_B_3.sam
[MPI rank 000003/000024] output: /home/export/online1/mdt00/shisuan/swls-CFD/guoshi/ylf/SWBWA_dep_20260914/results/startup3_B_3.sam
[MPI rank 000004/000024] output: /home/export/online1/mdt00/shisuan/swls-CFD/guoshi/ylf/SWBWA_dep_20260914/results/startup3_B_3.sam
[MPI rank 000005/000024] output: /home/export/online1/mdt00/shisuan/swls-CFD/guoshi/ylf/SWBWA_dep_20260914/results/startup3_B_3.sam
[MPI rank 000006/000024] output: /home/export/online1/mdt00/shisuan/swls-CFD/guoshi/ylf/SWBWA_dep_20260914/results/startup3_B_3.sam
[MPI rank 000007/000024] output: /home/export/online1/mdt00/shisuan/swls-CFD/guoshi/ylf/SWBWA_dep_20260914/results/startup3_B_3.sam
[MPI rank 000008/000024] output: /home/export/online1/mdt00/shisuan/swls-CFD/guoshi/ylf/SWBWA_dep_20260914/results/startup3_B_3.sam
[MPI rank 000009/000024] output: /home/export/online1/mdt00/shisuan/swls-CFD/guoshi/ylf/SWBWA_dep_20260914/results/startup3_B_3.sam
[MPI rank 000010/000024] output: /home/export/online1/mdt00/shisuan/swls-CFD/guoshi/ylf/SWBWA_dep_20260914/results/startup3_B_3.sam
[MPI rank 000011/000024] output: /home/export/online1/mdt00/shisuan/swls-CFD/guoshi/ylf/SWBWA_dep_20260914/results/startup3_B_3.sam
[M::process] read chunk (19660800 bytes/CG x 1 CGs, 229980 bytes)...
[M::process] read chunk (19660800 bytes/CG x 1 CGs, 229640 bytes)...
[M::process] read chunk (19660800 bytes/CG x 1 CGs, 229632 bytes)...
[M::process] read chunk (19660800 bytes/CG x 1 CGs, 230000 bytes)...
[M::process] read chunk (19660800 bytes/CG x 1 CGs, 229632 bytes)...
[M::process] read chunk (19660800 bytes/CG x 1 CGs, 229632 bytes)...
[M::process] read chunk (19660800 bytes/CG x 1 CGs, 229632 bytes)...
[M::process] read chunk (19660800 bytes/CG x 1 CGs, 230000 bytes)...
[M::process] read chunk (19660800 bytes/CG x 1 CGs, 229632 bytes)...
[M::process] read chunk (19660800 bytes/CG x 1 CGs, 229632 bytes)...
[M::process] read chunk (19660800 bytes/CG x 1 CGs, 229632 bytes)...
[M::process] read chunk (19660800 bytes/CG x 1 CGs, 229632 bytes)...
[MPI rank 000018/000024] output: /home/export/online1/mdt00/shisuan/swls-CFD/guoshi/ylf/SWBWA_dep_20260914/results/startup3_B_3.sam
[MPI rank 000019/000024] output: /home/export/online1/mdt00/shisuan/swls-CFD/guoshi/ylf/SWBWA_dep_20260914/results/startup3_B_3.sam
[MPI rank 000020/000024] output: /home/export/online1/mdt00/shisuan/swls-CFD/guoshi/ylf/SWBWA_dep_20260914/results/startup3_B_3.sam
[MPI rank 000021/000024] output: /home/export/online1/mdt00/shisuan/swls-CFD/guoshi/ylf/SWBWA_dep_20260914/results/startup3_B_3.sam
[MPI rank 000022/000024] output: /home/export/online1/mdt00/shisuan/swls-CFD/guoshi/ylf/SWBWA_dep_20260914/results/startup3_B_3.sam
[MPI rank 000023/000024] output: /home/export/online1/mdt00/shisuan/swls-CFD/guoshi/ylf/SWBWA_dep_20260914/results/startup3_B_3.sam
[MPI rank 000012/000024] output: /home/export/online1/mdt00/shisuan/swls-CFD/guoshi/ylf/SWBWA_dep_20260914/results/startup3_B_3.sam
[M::process] read chunk (19660800 bytes/CG x 1 CGs, 230000 bytes)...
[MPI rank 000013/000024] output: /home/export/online1/mdt00/shisuan/swls-CFD/guoshi/ylf/SWBWA_dep_20260914/results/startup3_B_3.sam
[M::process] read chunk (19660800 bytes/CG x 1 CGs, 229632 bytes)...
[MPI rank 000014/000024] output: /home/export/online1/mdt00/shisuan/swls-CFD/guoshi/ylf/SWBWA_dep_20260914/results/startup3_B_3.sam
[M::process] read chunk (19660800 bytes/CG x 1 CGs, 229632 bytes)...
[MPI rank 000015/000024] output: /home/export/online1/mdt00/shisuan/swls-CFD/guoshi/ylf/SWBWA_dep_20260914/results/startup3_B_3.sam
[M::process] read chunk (19660800 bytes/CG x 1 CGs, 229636 bytes)...
[MPI rank 000016/000024] output: /home/export/online1/mdt00/shisuan/swls-CFD/guoshi/ylf/SWBWA_dep_20260914/results/startup3_B_3.sam
[MPI rank 000017/000024] output: /home/export/online1/mdt00/shisuan/swls-CFD/guoshi/ylf/SWBWA_dep_20260914/results/startup3_B_3.sam
[M::mem_process_seqs_merge2] CPE FASTQ formatting done
[M::mem_process_seqs_merge2] CPE FASTQ formatting done
[M::mem_process_seqs_merge2] CPE FASTQ formatting done
[M::mem_process_seqs_merge2] CPE FASTQ formatting done
[M::mem_process_seqs_merge2] CPE FASTQ formatting done
[M::mem_process_seqs_merge2] CPE FASTQ formatting done
[M::mem_process_seqs_merge2] CPE FASTQ formatting done
[M::mem_process_seqs_merge2] CPE FASTQ formatting done
[M::mem_process_seqs_merge2] CPE FASTQ formatting done
[M::mem_process_seqs_merge2] CPE FASTQ formatting done
[M::mem_process_seqs_merge2] CPE FASTQ formatting done
[M::mem_process_seqs_merge2] CPE FASTQ formatting done
[M::mem_process_seqs_merge2] CPE FASTQ formatting done
[M::mem_process_seqs_merge2] CPE FASTQ formatting done
[M::mem_process_seqs_merge2] CPE FASTQ formatting done
[M::mem_process_seqs_merge2] CPE FASTQ formatting done
slave pre done
now n is 1256
slave pre done
now n is 1248
slave pre done
now n is 1248
processed 1256
[M::mem_process_seqs_merge2] Processed 1256 reads in 0.010 CPU sec, 0.287 real sec
processed 1248
[M::mem_process_seqs_merge2] Processed 1248 reads in 0.020 CPU sec, 0.297 real sec
processed 1248
[M::mem_process_seqs_merge2] Processed 1248 reads in 0.010 CPU sec, 0.302 real sec
slave pre done
now n is 1248
slave pre done
now n is 1248
slave pre done
now n is 1248
processed 1248
[M::mem_process_seqs_merge2] Processed 1248 reads in 0.010 CPU sec, 0.318 real sec
slave pre done
now n is 1248
processed 1248
[MPI rank 000022/000024] input work: chunks=0 records=0 bytes=0
[M::mem_process_seqs_merge2] Processed 1248 reads in 0.010 CPU sec, 0.321 real sec
processed 1248
[M::mem_process_seqs_merge2] Processed 1248 reads in 0.010 CPU sec, 0.315 real sec
processed 1248
[M::mem_process_seqs_merge2] Processed 1248 reads in 0.010 CPU sec, 0.330 real sec
slave pre done
now n is 1250
processed 1250
[M::mem_process_seqs_merge2] Processed 1250 reads in 0.010 CPU sec, 0.365 real sec
slave pre done
now n is 1250
processed 1250
[M::mem_process_seqs_merge2] Processed 1250 reads in 0.010 CPU sec, 0.372 real sec
slave pre done
now n is 1248
processed 1248
[M::mem_process_seqs_merge2] Processed 1248 reads in 0.010 CPU sec, 0.396 real sec
slave pre done
now n is 1248
slave pre done
now n is 1248
processed 1248
[M::mem_process_seqs_merge2] Processed 1248 reads in 0.020 CPU sec, 0.354 real sec
processed 1248
[M::mem_process_seqs_merge2] Processed 1248 reads in 0.020 CPU sec, 0.356 real sec
slave pre done
now n is 1250
slave pre done
now n is 1248
processed 1250
[M::mem_process_seqs_merge2] Processed 1250 reads in 0.020 CPU sec, 0.372 real sec
processed 1248
[M::mem_process_seqs_merge2] Processed 1248 reads in 0.020 CPU sec, 0.376 real sec
[MPI rank 000023/000024] input work: chunks=0 records=0 bytes=0
slave pre done
now n is 1248
processed 1248
[M::mem_process_seqs_merge2] Processed 1248 reads in 0.010 CPU sec, 0.482 real sec
[MPI rank 000016/000024] input work: chunks=0 records=0 bytes=0
[MPI rank 000018/000024] input work: chunks=0 records=0 bytes=0
[MPI rank 000017/000024] input work: chunks=0 records=0 bytes=0
[MPI rank 000019/000024] input work: chunks=0 records=0 bytes=0
[MPI rank 000020/000024] input work: chunks=0 records=0 bytes=0
[MPI rank 000021/000024] input work: chunks=0 records=0 bytes=0
slave pre done
now n is 1266
processed 1266
[M::mem_process_seqs_merge2] Processed 1266 reads in 0.010 CPU sec, 0.509 real sec
[MPI rank 000001/000024] input work: chunks=1 records=628 bytes=229640
[MPI rank 000011/000024] input work: chunks=1 records=624 bytes=229632
[MPI rank 000002/000024] input work: chunks=1 records=624 bytes=229632
[MPI rank 000013/000024] input work: chunks=1 records=624 bytes=229632
[MPI rank 000007/000024] input work: chunks=1 records=625 bytes=230000
[MPI rank 000015/000024] input work: chunks=1 records=624 bytes=229636
[MPI rank 000004/000024] input work: chunks=1 records=624 bytes=229632
[MPI rank 000006/000024] input work: chunks=1 records=624 bytes=229632
[MPI rank 000003/000024] input work: chunks=1 records=625 bytes=230000
[MPI rank 000009/000024] input work: chunks=1 records=624 bytes=229632
[MPI rank 000005/000024] input work: chunks=1 records=624 bytes=229632
[MPI rank 000008/000024] input work: chunks=1 records=624 bytes=229632
[MPI rank 000010/000024] input work: chunks=1 records=624 bytes=229632
[MPI rank 000012/000024] input work: chunks=1 records=625 bytes=230000
[MPI rank 000000/000024] input work: chunks=1 records=633 bytes=229980
[MPI rank 000014/000024] input work: chunks=1 records=624 bytes=229632

================ MPI Dynamic Scheduler Debug =================
  MPI rank: 000000 / 000024

  Work summary
    claimed chunks                                          1
    claimed from this rank's queue                          1
    claimed from another rank's queue                       0
    completed FASTQ records                               633
    claimed input bytes                                229980

  Scheduler counters
    scheduler_next calls                                    2
    RMA ticket attempts                                    25
    attempts against another rank's queue                  23
    tickets beyond the final chunk                         24
    empty aligned chunks                                    0

  Scheduler timing
    MPI_Win_create (setup)                       0.002050 s  (1 calls,  2049.769 us/call)
    MPI_Barrier after setup                      0.000026 s  (1 calls,    26.000 us/call)
    scheduler_next total                         0.137518 s  (2 calls, 68759.216 us/call)
      RMA ticket path total                        0.137497 s  (25 calls,  5499.869 us/call)
        MPI_Win_lock                                 0.000033 s  (25 calls,     1.314 us/call)
        MPI_Fetch_and_op                             0.000100 s  (25 calls,     3.990 us/call)
        MPI_Win_unlock                               0.137331 s  (25 calls,  5493.229 us/call)
        RMA call overhead (derived)                  0.000033 s  (25 calls,     1.336 us/call)
      align nominal offsets to FASTQ records       0.000001 s  (1 calls,     1.400 us/call)
      scheduler loop/bookkeeping (derived)         0.000020 s  (2 calls,    10.150 us/call)

  Scheduler teardown timing
    MPI_Barrier (wait for other ranks)           0.006764 s  (1 calls,  6764.111 us/call)
    MPI_Win_free                                 0.000078 s  (1 calls,    78.000 us/call)

  Stage 2 by chunk
    completed chunks                                        1
    accumulated stage 2                              0.509182 s
    average stage 2 per chunk                        0.509182 s
    slowest chunk                                           0
    slowest chunk stage 2                            0.509182 s

    order   chunk  queue        byte range                       bytes      records   stage2(s)
        0       0      0  [           0,       229980)       229980          633    0.509182
==============================================================


================ MPI Dynamic Scheduler Debug =================
  MPI rank: 000001 / 000024

  Work summary
    claimed chunks                                          1
    claimed from this rank's queue                          1
    claimed from another rank's queue                       0
    completed FASTQ records                               628
    claimed input bytes                                229640

  Scheduler counters
    scheduler_next calls                                    2
    RMA ticket attempts                                    25
    attempts against another rank's queue                  23
    tickets beyond the final chunk                         24
    empty aligned chunks                                    0

  Scheduler timing
    MPI_Win_create (setup)                       0.002375 s  (1 calls,  2375.071 us/call)
    MPI_Barrier after setup                      0.000020 s  (1 calls,    19.950 us/call)
    scheduler_next total                         0.222605 s  (2 calls, 111302.598 us/call)
      RMA ticket path total                        0.222586 s  (25 calls,  8903.434 us/call)
        MPI_Win_lock                                 0.000030 s  (25 calls,     1.196 us/call)
        MPI_Fetch_and_op                             0.000103 s  (25 calls,     4.122 us/call)
        MPI_Win_unlock                               0.222421 s  (25 calls,  8896.858 us/call)
        RMA call overhead (derived)                  0.000031 s  (25 calls,     1.258 us/call)
      align nominal offsets to FASTQ records       0.000001 s  (1 calls,     0.900 us/call)
      scheduler loop/bookkeeping (derived)         0.000018 s  (2 calls,     9.225 us/call)

  Scheduler teardown timing
    MPI_Barrier (wait for other ranks)           0.151552 s  (1 calls, 151551.659 us/call)
    MPI_Win_free                                 0.000079 s  (1 calls,    79.200 us/call)

  Stage 2 by chunk
    completed chunks                                        1
    accumulated stage 2                              0.287015 s
    average stage 2 per chunk                        0.287015 s
    slowest chunk                                           1
    slowest chunk stage 2                            0.287015 s

    order   chunk  queue        byte range                       bytes      records   stage2(s)
        0       1      1  [      229980,       459620)       229640          628    0.287015
==============================================================


================ MPI Dynamic Scheduler Debug =================
  MPI rank: 000002 / 000024

  Work summary
    claimed chunks                                          1
    claimed from this rank's queue                          1
    claimed from another rank's queue                       0
    completed FASTQ records                               624
    claimed input bytes                                229632

  Scheduler counters
    scheduler_next calls                                    2
    RMA ticket attempts                                    25
    attempts against another rank's queue                  23
    tickets beyond the final chunk                         24
    empty aligned chunks                                    0

  Scheduler timing
    MPI_Win_create (setup)                       0.002201 s  (1 calls,  2200.620 us/call)
    MPI_Barrier after setup                      0.000018 s  (1 calls,    18.500 us/call)
    scheduler_next total                         0.113762 s  (2 calls, 56881.035 us/call)
      RMA ticket path total                        0.113743 s  (25 calls,  4549.713 us/call)
        MPI_Win_lock                                 0.000029 s  (25 calls,     1.162 us/call)
        MPI_Fetch_and_op                             0.000097 s  (25 calls,     3.882 us/call)
        MPI_Win_unlock                               0.113586 s  (25 calls,  4543.451 us/call)
        RMA call overhead (derived)                  0.000030 s  (25 calls,     1.218 us/call)
      align nominal offsets to FASTQ records       0.000001 s  (1 calls,     1.050 us/call)
      scheduler loop/bookkeeping (derived)         0.000018 s  (2 calls,     9.100 us/call)

  Scheduler teardown timing
    MPI_Barrier (wait for other ranks)           0.138707 s  (1 calls, 138707.494 us/call)
    MPI_Win_free                                 0.000082 s  (1 calls,    82.050 us/call)

  Stage 2 by chunk
    completed chunks                                        1
    accumulated stage 2                              0.396086 s
    average stage 2 per chunk                        0.396086 s
    slowest chunk                                           2
    slowest chunk stage 2                            0.396086 s

    order   chunk  queue        byte range                       bytes      records   stage2(s)
        0       2      2  [      459620,       689252)       229632          624    0.396086
==============================================================


================ MPI Dynamic Scheduler Debug =================
  MPI rank: 000003 / 000024

  Work summary
    claimed chunks                                          1
    claimed from this rank's queue                          1
    claimed from another rank's queue                       0
    completed FASTQ records                               625
    claimed input bytes                                230000

  Scheduler counters
    scheduler_next calls                                    2
    RMA ticket attempts                                    25
    attempts against another rank's queue                  23
    tickets beyond the final chunk                         24
    empty aligned chunks                                    0

  Scheduler timing
    MPI_Win_create (setup)                       0.002214 s  (1 calls,  2213.620 us/call)
    MPI_Barrier after setup                      0.000018 s  (1 calls,    17.600 us/call)
    scheduler_next total                         0.137414 s  (2 calls, 68706.891 us/call)
      RMA ticket path total                        0.137393 s  (25 calls,  5495.707 us/call)
        MPI_Win_lock                                 0.000032 s  (25 calls,     1.264 us/call)
        MPI_Fetch_and_op                             0.000103 s  (25 calls,     4.102 us/call)
        MPI_Win_unlock                               0.137227 s  (25 calls,  5489.067 us/call)
        RMA call overhead (derived)                  0.000032 s  (25 calls,     1.274 us/call)
      align nominal offsets to FASTQ records       0.000001 s  (1 calls,     1.451 us/call)
      scheduler loop/bookkeeping (derived)         0.000020 s  (2 calls,     9.825 us/call)

  Scheduler teardown timing
    MPI_Barrier (wait for other ranks)           0.108748 s  (1 calls, 108748.375 us/call)
    MPI_Win_free                                 0.000077 s  (1 calls,    77.100 us/call)

  Stage 2 by chunk
    completed chunks                                        1
    accumulated stage 2                              0.372556 s
    average stage 2 per chunk                        0.372556 s
    slowest chunk                                           3
    slowest chunk stage 2                            0.372556 s

    order   chunk  queue        byte range                       bytes      records   stage2(s)
        0       3      3  [      689252,       919252)       230000          625    0.372556
==============================================================


================ MPI Dynamic Scheduler Debug =================
  MPI rank: 000006 / 000024

  Work summary
    claimed chunks                                          1
    claimed from this rank's queue                          1
    claimed from another rank's queue                       0
    completed FASTQ records                               624
    claimed input bytes                                229632

  Scheduler counters
    scheduler_next calls                                    2
    RMA ticket attempts                                    25
    attempts against another rank's queue                  23
    tickets beyond the final chunk                         24
    empty aligned chunks                                    0

  Scheduler timing
    MPI_Win_create (setup)                       0.002186 s  (1 calls,  2186.270 us/call)
    MPI_Barrier after setup                      0.000016 s  (1 calls,    16.400 us/call)
    scheduler_next total                         0.220276 s  (2 calls, 110138.087 us/call)
      RMA ticket path total                        0.220253 s  (25 calls,  8810.129 us/call)
        MPI_Win_lock                                 0.000032 s  (25 calls,     1.262 us/call)
        MPI_Fetch_and_op                             0.000106 s  (25 calls,     4.230 us/call)
        MPI_Win_unlock                               0.220085 s  (25 calls,  8803.393 us/call)
        RMA call overhead (derived)                  0.000031 s  (25 calls,     1.244 us/call)
      align nominal offsets to FASTQ records       0.000001 s  (1 calls,     0.900 us/call)
      scheduler loop/bookkeeping (derived)         0.000022 s  (2 calls,    11.026 us/call)

  Scheduler teardown timing
    MPI_Barrier (wait for other ranks)           0.113524 s  (1 calls, 113524.467 us/call)
    MPI_Win_free                                 0.000087 s  (1 calls,    87.351 us/call)

  Stage 2 by chunk
    completed chunks                                        1
    accumulated stage 2                              0.297228 s
    average stage 2 per chunk                        0.297228 s
    slowest chunk                                           6
    slowest chunk stage 2                            0.297228 s

    order   chunk  queue        byte range                       bytes      records   stage2(s)
        0       6      6  [     1378516,      1608148)       229632          624    0.297228
==============================================================


================ MPI Dynamic Scheduler Debug =================
  MPI rank: 000007 / 000024

  Work summary
    claimed chunks                                          1
    claimed from this rank's queue                          1
    claimed from another rank's queue                       0
    completed FASTQ records                               625
    claimed input bytes                                230000

  Scheduler counters
    scheduler_next calls                                    2
    RMA ticket attempts                                    25
    attempts against another rank's queue                  23
    tickets beyond the final chunk                         24
    empty aligned chunks                                    0

  Scheduler timing
    MPI_Win_create (setup)                       0.001538 s  (1 calls,  1537.614 us/call)
    MPI_Barrier after setup                      0.000015 s  (1 calls,    14.750 us/call)
    scheduler_next total                         0.152239 s  (2 calls, 76119.632 us/call)
      RMA ticket path total                        0.152220 s  (25 calls,  6088.806 us/call)
        MPI_Win_lock                                 0.000029 s  (25 calls,     1.158 us/call)
        MPI_Fetch_and_op                             0.000099 s  (25 calls,     3.966 us/call)
        MPI_Win_unlock                               0.152061 s  (25 calls,  6082.437 us/call)
        RMA call overhead (derived)                  0.000031 s  (25 calls,     1.246 us/call)
      align nominal offsets to FASTQ records       0.000001 s  (1 calls,     0.900 us/call)
      scheduler loop/bookkeeping (derived)         0.000018 s  (2 calls,     9.101 us/call)

  Scheduler teardown timing
    MPI_Barrier (wait for other ranks)           0.124143 s  (1 calls, 124142.912 us/call)
    MPI_Win_free                                 0.000078 s  (1 calls,    78.100 us/call)

  Stage 2 by chunk
    completed chunks                                        1
    accumulated stage 2                              0.365387 s
    average stage 2 per chunk                        0.365387 s
    slowest chunk                                           7
    slowest chunk stage 2                            0.365387 s

    order   chunk  queue        byte range                       bytes      records   stage2(s)
        0       7      7  [     1608148,      1838148)       230000          625    0.365387
==============================================================


================ MPI Dynamic Scheduler Debug =================
  MPI rank: 000008 / 000024

  Work summary
    claimed chunks                                          1
    claimed from this rank's queue                          1
    claimed from another rank's queue                       0
    completed FASTQ records                               624
    claimed input bytes                                229632

  Scheduler counters
    scheduler_next calls                                    2
    RMA ticket attempts                                    25
    attempts against another rank's queue                  23
    tickets beyond the final chunk                         24
    empty aligned chunks                                    0

  Scheduler timing
    MPI_Win_create (setup)                       0.001910 s  (1 calls,  1910.167 us/call)
    MPI_Barrier after setup                      0.000021 s  (1 calls,    21.200 us/call)
    scheduler_next total                         0.240106 s  (2 calls, 120053.175 us/call)
      RMA ticket path total                        0.240086 s  (25 calls,  9603.422 us/call)
================ MPI Dynamic Scheduler Debug =================
  MPI rank: 000004 / 000024

  Work summary
    claimed chunks                                          1
    claimed from this rank's queue                          1
    claimed from another rank's queue                       0
    completed FASTQ records                               624
    claimed input bytes                                229632

  Scheduler counters
    scheduler_next calls                                    2
    RMA ticket attempts                                    25
    attempts against another rank's queue                  23
    tickets beyond the final chunk                         24
    empty aligned chunks                                    0

  Scheduler timing
    MPI_Win_create (setup)                       0.001728 s  (1 calls,  1727.766 us/call)
    MPI_Barrier after setup                      0.000019 s  (1 calls,    18.950 us/call)
    scheduler_next total                         0.194281 s  (2 calls, 97140.321 us/call)
      RMA ticket path total                        0.194261 s  (25 calls,  7770.432 us/call)
        MPI_Win_lock                                 0.000030 s  (25 calls,     1.196 us/call)
        MPI_Fetch_and_op                             0.000105 s  (25 calls,     4.218 us/call)
        MPI_Win_unlock                               0.194096 s  (25 calls,  7763.822 us/call)
        RMA call overhead (derived)                  0.000030 s  (25 calls,     1.196 us/call)
      align nominal offsets to FASTQ records       0.000001 s  (1 calls,     1.050 us/call)
      scheduler loop/bookkeeping (derived)         0.000019 s  (2 calls,     9.400 us/call)

  Scheduler teardown timing
    MPI_Barrier (wait for other ranks)           0.120234 s  (1 calls, 120234.078 us/call)
    MPI_Win_free                                 0.000084 s  (1 calls,    83.750 us/call)

  Stage 2 by chunk
    completed chunks                                        1
    accumulated stage 2                              0.315684 s
    average stage 2 per chunk                        0.315684 s
    slowest chunk                                           4
    slowest chunk stage 2                            0.315684 s

    order   chunk  queue        byte range                       bytes      records   stage2(s)
        0       4      4  [      919252,      1148884)       229632          624    0.315684
==============================================================


================ MPI Dynamic Scheduler Debug =================
  MPI rank: 000005 / 000024

  Work summary
    claimed chunks                                          1
    claimed from this rank's queue                          1
    claimed from another rank's queue                       0
    completed FASTQ records                               624
    claimed input bytes                                229632

  Scheduler counters
    scheduler_next calls                                    2
    RMA ticket attempts                                    25
    attempts against another rank's queue                  23
    tickets beyond the final chunk                         24
    empty aligned chunks                                    0

  Scheduler timing
    MPI_Win_create (setup)                       0.002173 s  (1 calls,  2172.770 us/call)
    MPI_Barrier after setup                      0.000018 s  (1 calls,    17.500 us/call)
    scheduler_next total                         0.072046 s  (2 calls, 36022.824 us/call)
      RMA ticket path total                        0.072023 s  (25 calls,  2880.926 us/call)
        MPI_Win_lock                                 0.000034 s  (25 calls,     1.370 us/call)
        MPI_Fetch_and_op                             0.000107 s  (25 calls,     4.282 us/call)
        MPI_Win_unlock                               0.071848 s  (25 calls,  2873.936 us/call)
        RMA call overhead (derived)                  0.000033 s  (25 calls,     1.338 us/call)
      align nominal offsets to FASTQ records       0.000001 s  (1 calls,     0.750 us/call)
      scheduler loop/bookkeeping (derived)         0.000022 s  (2 calls,    10.874 us/call)

  Scheduler teardown timing
    MPI_Barrier (wait for other ranks)           0.075350 s  (1 calls, 75350.176 us/call)
    MPI_Win_free                                 0.000077 s  (1 calls,    76.500 us/call)

  Stage 2 by chunk
    completed chunks                                        1
    accumulated stage 2                              0.482478 s
    average stage 2 per chunk                        0.482478 s
    slowest chunk                                           5
    slowest chunk stage 2                            0.482478 s

    order   chunk  queue        byte range                       bytes      records   stage2(s)
        0       5      5  [     1148884,      1378516)       229632          624    0.482478
==============================================================


================ MPI Dynamic Scheduler Debug =================
  MPI rank: 000012 / 000024

  Work summary
    claimed chunks                                          1
    claimed from this rank's queue                          1
    claimed from another rank's queue                       0
    completed FASTQ records                               625
    claimed input bytes                                230000

  Scheduler counters
    scheduler_next calls                                    2
    RMA ticket attempts                                    25
    attempts against another rank's queue                  23
    tickets beyond the final chunk                         24
    empty aligned chunks                                    0

  Scheduler timing
    MPI_Win_create (setup)                       0.001942 s  (1 calls,  1941.759 us/call)
    MPI_Barrier after setup                      0.000021 s  (1 calls,    21.400 us/call)
    scheduler_next total                         0.186058 s  (2 calls, 93029.089 us/call)
      RMA ticket path total                        0.186035 s  (25 calls,  7441.419 us/call)
        MPI_Win_lock                                 0.000034 s  (25 calls,     1.346 us/call)
        MPI_Fetch_and_op                             0.000115 s  (25 calls,     4.612 us/call)
        MPI_Win_unlock                               0.185854 s  (25 calls,  7434.175 us/call)
        RMA call overhead (derived)                  0.000032 s  (25 calls,     1.286 us/call)
      align nominal offsets to FASTQ records       0.000001 s  (1 calls,     0.800 us/call)
      scheduler loop/bookkeeping (derived)         0.000022 s  (2 calls,    10.950 us/call)

  Scheduler teardown timing
    MPI_Barrier (wait for other ranks)           0.015469 s  (1 calls, 15468.669 us/call)
    MPI_Win_free                                 0.000120 s  (1 calls,   120.400 us/call)

  Stage 2 by chunk
    completed chunks                                        1
    accumulated stage 2                              0.372316 s
    average stage 2 per chunk                        0.372316 s
    slowest chunk                                          12
    slowest chunk stage 2                            0.372316 s

    order   chunk  queue        byte range                       bytes      records   stage2(s)
        0      12     12  [     2756676,      2986676)       230000          625    0.372316
==============================================================


================ MPI Dynamic Scheduler Debug =================
  MPI rank: 000013 / 000024

  Work summary
    claimed chunks                                          1
    claimed from this rank's queue                          1
    claimed from another rank's queue                       0
    completed FASTQ records                               624
    claimed input bytes                                229632

  Scheduler counters
    scheduler_next calls                                    2
    RMA ticket attempts                                    25
    attempts against another rank's queue                  23
    tickets beyond the final chunk                         24
    empty aligned chunks                                    0

  Scheduler timing
    MPI_Win_create (setup)                       0.002178 s  (1 calls,  2178.060 us/call)
    MPI_Barrier after setup                      0.000019 s  (1 calls,    19.400 us/call)
    scheduler_next total                         0.083266 s  (2 calls, 41632.760 us/call)
      RMA ticket path total                        0.083245 s  (25 calls,  3329.807 us/call)
        MPI_Win_lock                                 0.000030 s  (25 calls,     1.188 us/call)
        MPI_Fetch_and_op                             0.000103 s  (25 calls,     4.108 us/call)
        MPI_Win_unlock                               0.083081 s  (25 calls,  3323.251 us/call)
        RMA call overhead (derived)                  0.000031 s  (25 calls,     1.260 us/call)
      align nominal offsets to FASTQ records       0.000001 s  (1 calls,     0.900 us/call)
      scheduler loop/bookkeeping (derived)         0.000019 s  (2 calls,     9.725 us/call)

  Scheduler teardown timing
    MPI_Barrier (wait for other ranks)           0.137287 s  (1 calls, 137286.711 us/call)
    MPI_Win_free                                 0.000080 s  (1 calls,    79.700 us/call)

  Stage 2 by chunk
    completed chunks                                        1
    accumulated stage 2                              0.354394 s
    average stage 2 per chunk                        0.354394 s
    slowest chunk                                          13
    slowest chunk stage 2                            0.354394 s

    order   chunk  queue        byte range                       bytes      records   stage2(s)
        0      13     13  [     2986676,      3216308)       229632          624    0.354394
==============================================================


================ MPI Dynamic Scheduler Debug =================
  MPI rank: 000014 / 000024

  Work summary
    claimed chunks                                          1
    claimed from this rank's queue                          1
    claimed from another rank's queue                       0
    completed FASTQ records                               624
    claimed input bytes                                229632

  Scheduler counters
    scheduler_next calls                                    2
    RMA ticket attempts                                    25
    attempts against another rank's queue                  23
    tickets beyond the final chunk                         24
    empty aligned chunks                                    0

  Scheduler timing
    MPI_Win_create (setup)                       0.002199 s  (1 calls,  2199.260 us/call)
    MPI_Barrier after setup                      0.000017 s  (1 calls,    16.900 us/call)
    scheduler_next total                         0.182262 s  (2 calls, 91130.956 us/call)
      RMA ticket path total                        0.182239 s
  (25 calls,  7289.578 us/call)        MPI_Win_lock                                 0.000030 s  (25 calls,     1.216 us/call)
        MPI_Fetch_and_op                             0.000102 s  (25 calls,     4.076 us/call)
        MPI_Win_unlock                               0.239922 s  (25 calls,  9596.886 us/call)
        RMA call overhead (derived)                  0.000031 s  (25 calls,     1.244 us/call)
      align nominal offsets to FASTQ records       0.000001 s  (1 calls,     1.150 us/call)
      scheduler loop/bookkeeping (derived)         0.000020 s  (2 calls,     9.825 us/call)

  Scheduler teardown timing
    MPI_Barrier (wait for other ranks)           0.037733 s  (1 calls, 37733.438 us/call)
    MPI_Win_free                                 0.000076 s  (1 calls,    75.750 us/call)

  Stage 2 by chunk
    completed chunks                                        1
    accumulated stage 2                              0.318256 s
    average stage 2 per chunk                        0.318256 s
    slowest chunk                                           8
    slowest chunk stage 2                            0.318256 s

    order   chunk  queue        byte range                       bytes      records   stage2(s)
        0       8      8  [     1838148,      2067780)       229632          624    0.318256
==============================================================


================ MPI Dynamic Scheduler Debug =================
  MPI rank: 000009 / 000024

  Work summary
    claimed chunks                                          1
    claimed from this rank's queue                          1
    claimed from another rank's queue                       0
    completed FASTQ records                               624
    claimed input bytes                                229632

  Scheduler counters
    scheduler_next calls                                    2
    RMA ticket attempts                                    25
    attempts against another rank's queue                  23
    tickets beyond the final chunk                         24
    empty aligned chunks                                    0

  Scheduler timing
    MPI_Win_create (setup)                       0.001970 s  (1 calls,  1970.418 us/call)
    MPI_Barrier after setup                      0.000020 s  (1 calls,    20.450 us/call)
    scheduler_next total                         0.215276 s  (2 calls, 107637.789 us/call)
      RMA ticket path total                        0.215257 s  (25 calls,  8610.261 us/call)
        MPI_Win_lock                                 0.000029 s  (25 calls,     1.140 us/call)
        MPI_Fetch_and_op                             0.000100 s  (25 calls,     3.984 us/call)
        MPI_Win_unlock                               0.215098 s  (25 calls,  8603.913 us/call)
        RMA call overhead (derived)                  0.000031 s  (25 calls,     1.224 us/call)
      align nominal offsets to FASTQ records       0.000001 s  (1 calls,     1.050 us/call)
      scheduler loop/bookkeeping (derived)         0.000018 s  (2 calls,     9.000 us/call)

  Scheduler teardown timing
    MPI_Barrier (wait for other ranks)           0.079420 s  (1 calls, 79420.312 us/call)
    MPI_Win_free                                 0.000080 s  (1 calls,    79.600 us/call)

  Stage 2 by chunk
    completed chunks                                        1
    accumulated stage 2                              0.302451 s
    average stage 2 per chunk                        0.302451 s
    slowest chunk                                           9
    slowest chunk stage 2                            0.302451 s

    order   chunk  queue        byte range                       bytes      records   stage2(s)
        0       9      9  [     2067780,      2297412)       229632          624    0.302451
==============================================================


================ MPI Dynamic Scheduler Debug =================
  MPI rank: 000010 / 000024

  Work summary
    claimed chunks                                          1
    claimed from this rank's queue                          1
    claimed from another rank's queue                       0
    completed FASTQ records                               624
    claimed input bytes                                229632

  Scheduler counters
    scheduler_next calls                                    2
    RMA ticket attempts                                    25
    attempts against another rank's queue                  23
    tickets beyond the final chunk                         24
    empty aligned chunks                                    0

  Scheduler timing
    MPI_Win_create (setup)                       0.001451 s  (1 calls,  1450.663 us/call)
    MPI_Barrier after setup                      0.000018 s  (1 calls,    17.750 us/call)
    scheduler_next total                         0.250954 s  (2 calls, 125476.799 us/call)
      RMA ticket path total                        0.250934 s  (25 calls, 10037.344 us/call)
        MPI_Win_lock                                 0.000030 s  (25 calls,     1.200 us/call)
        MPI_Fetch_and_op                             0.000101 s  (25 calls,     4.030 us/call)
        MPI_Win_unlock                               0.250773 s  (25 calls, 10030.908 us/call)
        RMA call overhead (derived)                  0.000030 s  (25 calls,     1.206 us/call)
      align nominal offsets to FASTQ records       0.000001 s  (1 calls,     0.900 us/call)
      scheduler loop/bookkeeping (derived)         0.000019 s  (2 calls,     9.550 us/call)

  Scheduler teardown timing
    MPI_Barrier (wait for other ranks)           0.028353 s  (1 calls, 28353.454 us/call)
    MPI_Win_free                                 0.000082 s  (1 calls,    82.050 us/call)

  Stage 2 by chunk
    completed chunks                                        1
    accumulated stage 2                              0.330147 s
    average stage 2 per chunk                        0.330147 s
    slowest chunk                                          10
    slowest chunk stage 2                            0.330147 s

    order   chunk  queue        byte range                       bytes      records   stage2(s)
        0      10     10  [     2297412,      2527044)       229632          624    0.330147
==============================================================


================ MPI Dynamic Scheduler Debug =================
  MPI rank: 000011 / 000024

  Work summary
    claimed chunks                                          1
    claimed from this rank's queue                          1
    claimed from another rank's queue                       0
    completed FASTQ records                               624
    claimed input bytes                                229632

  Scheduler counters
    scheduler_next calls                                    2
    RMA ticket attempts                                    25
    attempts against another rank's queue                  23
    tickets beyond the final chunk                         24
    empty aligned chunks                                    0

  Scheduler timing
    MPI_Win_create (setup)                       0.001794 s  (1 calls,  1793.616 us/call)
    MPI_Barrier after setup                      0.000014 s  (1 calls,    14.350 us/call)
    scheduler_next total                         0.196184 s  (2 calls, 98091.854 us/call)
      RMA ticket path total                        0.196164 s  (25 calls,  7846.570 us/call)
        MPI_Win_lock                                 0.000028 s  (25 calls,     1.124 us/call)
        MPI_Fetch_and_op                             0.000094 s  (25 calls,     3.742 us/call)
        MPI_Win_unlock                               0.196012 s  (25 calls,  7840.466 us/call)
        RMA call overhead (derived)                  0.000031 s  (25 calls,     1.238 us/call)
      align nominal offsets to FASTQ records       0.000001 s  (1 calls,     1.050 us/call)
      scheduler loop/bookkeeping (derived)         0.000018 s  (2 calls,     9.200 us/call)

  Scheduler teardown timing
    MPI_Barrier (wait for other ranks)           0.149157 s  (1 calls, 149156.786 us/call)
    MPI_Win_free                                 0.000079 s  (1 calls,    78.600 us/call)

  Stage 2 by chunk
    completed chunks                                        1
    accumulated stage 2                              0.321003 s
    average stage 2 per chunk                        0.321003 s
    slowest chunk                                          11
    slowest chunk stage 2                            0.321003 s

    order   chunk  queue        byte range                       bytes      records   stage2(s)
        0      11     11  [     2527044,      2756676)       229632          624    0.321003
==============================================================


================ MPI Dynamic Scheduler Debug =================
  MPI rank: 000018 / 000024

  Work summary
    claimed chunks                                          0
    claimed from this rank's queue                          0
    claimed from another rank's queue                       0
    completed FASTQ records                                 0
    claimed input bytes                                     0

  Scheduler counters
    scheduler_next calls                                    1
    RMA ticket attempts                                    24
    attempts against another rank's queue                  23
    tickets beyond the final chunk                         24
    empty aligned chunks                                    0

  Scheduler timing
    MPI_Win_create (setup)                       0.002109 s  (1 calls,  2108.566 us/call)
    MPI_Barrier after setup                      0.000017 s  (1 calls,    17.100 us/call)
    scheduler_next total                         0.557947 s  (1 calls, 557946.600 us/call)
      RMA ticket path total                        0.557928 s  (24 calls, 23246.983 us/call)
        MPI_Win_lock                                 0.000028 s  (24 calls,     1.160 us/call)
        MPI_Fetch_and_op                             0.000106 s  (24 calls,     4.415 us/call)
        MPI_Win_unlock                               0.557763 s  (24 calls, 23240.113 us/call)
        RMA call overhead (derived)                  0.000031 s  (24 calls,     1.296 us/call)
      align nominal offsets to FASTQ records       0.000000 s
      scheduler loop/bookkeeping (derived)         0.000019 s  (1 calls,    19.002 us/call)

  Scheduler teardown timing
    MPI_Barrier (wait for other ranks)           0.190942 s  (1 calls, 190942.488 us/call)
    MPI_Win_free                                 0.000078 s  (1 calls,    78.050 us/call)

  Stage 2 by chunk
    completed chunks                                        0
    accumulated stage 2                              0.000000 s
    average stage 2 per chunk                        0.000000 s
    slowest chunk                                          -1
    slowest chunk stage 2                            0.000000 s

    order   chunk  queue        byte range                       bytes      records   stage2(s)
==============================================================


================ MPI Dynamic Scheduler Debug =================
  MPI rank: 000019 / 000024

  Work summary
    claimed chunks                                          0
    claimed from this rank's queue                          0
    claimed from another rank's queue                       0
    completed FASTQ records                                 0
    claimed input bytes                                     0

  Scheduler counters
    scheduler_next calls                                    1
    RMA ticket attempts                                    24
    attempts against another rank's queue                  23
    tickets beyond the final chunk                         24
    empty aligned chunks                                    0

  Scheduler timing
    MPI_Win_create (setup)                       0.002325 s  (1 calls,  2324.568 us/call)
    MPI_Barrier after setup                      0.000018 s  (1 calls,    18.100 us/call)
    scheduler_next total                         0.558564 s  (1 calls, 558564.055 us/call)
      RMA ticket path total                        0.558548 s  (24 calls, 23272.825 us/call)
        MPI_Win_lock                                 0.000026 s  (24 calls,     1.067 us/call)
        MPI_Fetch_and_op                             0.000089 s  (24 calls,     3.706 us/call)
        MPI_Win_unlock                               0.558404 s  (24 calls, 23266.815 us/call)
        RMA call overhead (derived)                  0.000030 s  (24 calls,     1.238 us/call)
      align nominal offsets to FASTQ records       0.000000 s
      scheduler loop/bookkeeping (derived)         0.000016 s  (1 calls,    16.249 us/call)

  Scheduler teardown timing
    MPI_Barrier (wait for other ranks)           0.190341 s  (1 calls, 190341.283 us/call)
    MPI_Win_free                                 0.000076 s  (1 calls,    75.750 us/call)

  Stage 2 by chunk
    completed chunks                                        0
    accumulated stage 2                              0.000000 s
    average stage 2 per chunk                        0.000000 s
    slowest chunk                                          -1
    slowest chunk stage 2                            0.000000 s

    order   chunk  queue        byte range                       bytes      records   stage2(s)
==============================================================


================ MPI Dynamic Scheduler Debug =================
  MPI rank: 000020 / 000024

  Work summary
    claimed chunks                                          0
    claimed from this rank's queue                          0
    claimed from another rank's queue                       0
    completed FASTQ records                                 0
    claimed input bytes                                     0

  Scheduler counters
    scheduler_next calls                                    1
    RMA ticket attempts                                    24
    attempts against another rank's queue                  23
    tickets beyond the final chunk                         24
    empty aligned chunks                                    0

  Scheduler timing
    MPI_Win_create (setup)                       0.002147 s  (1 calls,  2146.967 us/call)
    MPI_Barrier after setup                      0.000023 s  (1 calls,    23.349 us/call)
    scheduler_next total                         0.559156 s  (1 calls, 559156.009 us/call)
      RMA ticket path total                        0.559139 s  (24 calls, 23297.469 us/call)
        MPI_Win_lock                                 0.000025 s  (24 calls,     1.042 us/call)
        MPI_Fetch_and_op                             0.000091 s  (24 calls,     3.810 us/call)
        MPI_Win_unlock                               0.558994 s  (24 calls, 23291.419 us/call)
        RMA call overhead (derived)                  0.000029 s  (24 calls,     1.198 us/call)
      align nominal offsets to FASTQ records       0.000000 s
      scheduler loop/bookkeeping (derived)         0.000017 s  (1 calls,    16.749 us/call)

  Scheduler teardown timing
    MPI_Barrier (wait for other ranks)           0.190210 s  (1 calls, 190209.882 us/call)
    MPI_Win_free                                 0.000080 s  (1 calls,    79.800 us/call)

  Stage 2 by chunk
    completed chunks                                        0
    accumulated stage 2                              0.000000 s
    average stage 2 per chunk                        0.000000 s
    slowest chunk                                          -1
    slowest chunk stage 2                            0.000000 s

    order   chunk  queue        byte range                       bytes      records   stage2(s)
==============================================================


================ MPI Dynamic Scheduler Debug =================
  MPI rank: 000021 / 000024

  Work summary
    claimed chunks                                          0
    claimed from this rank's queue                          0
    claimed from another rank's queue                       0
    completed FASTQ records                                 0
    claimed input bytes                                     0

  Scheduler counters
    scheduler_next calls                                    1
    RMA ticket attempts                                    24
    attempts against another rank's queue                  23
    tickets beyond the final chunk                         24
    empty aligned chunks                                    0

  Scheduler timing
    MPI_Win_create (setup)                       0.001921 s  (1 calls,  1920.564 us/call)
    MPI_Barrier after setup                      0.000020 s  (1 calls,    19.901 us/call)
    scheduler_next total                         0.559266 s  (1 calls, 559266.210 us/call)
      RMA ticket path total                        0.559250 s  (24 calls, 23302.084 us/call)
        MPI_Win_lock                                 0.000026 s  (24 calls,     1.094 us/call)
        MPI_Fetch_and_op                             0.000093 s  (24 calls,     3.890 us/call)
        MPI_Win_unlock                               0.559102 s  (24 calls, 23295.898 us/call)
        RMA call overhead (derived)                  0.000029 s  (24 calls,     1.202 us/call)
      align nominal offsets to FASTQ records       0.000000 s
      scheduler loop/bookkeeping (derived)         0.000016 s  (1 calls,    16.198 us/call)

  Scheduler teardown timing
    MPI_Barrier (wait for other ranks)           0.190116 s  (1 calls, 190116.230 us/call)
    MPI_Win_free                                 0.000074 s  (1 calls,    74.450 us/call)

  Stage 2 by chunk
    completed chunks                                        0
    accumulated stage 2                              0.000000 s
    average stage 2 per chunk                        0.000000 s
    slowest chunk                                          -1
    slowest chunk stage 2                            0.000000 s

    order   chunk  queue        byte range                       bytes      records   stage2(s)
==============================================================


================ MPI Dynamic Scheduler Debug =================
  MPI rank: 000022 / 000024

  Work summary
    claimed chunks                                          0
    claimed from this rank's queue                          0
    claimed from another rank's queue                       0
    completed FASTQ records                                 0
    claimed input bytes                                     0

  Scheduler counters
    scheduler_next calls                                    1
    RMA ticket attempts                                    24
    attempts against another rank's queue                  23
    tickets beyond the final chunk                         24
    empty aligned chunks                                    0

  Scheduler timing
    MPI_Win_create (setup)                       0.001817 s  (1 calls,  1816.764 us/call)
    MPI_Barrier after setup                      0.000019 s  (1 calls,    19.100 us/call)
    scheduler_next total                         0.387064 s  (1 calls, 387064.314 us/call)
      RMA ticket path total                        0.387049 s  (24 calls, 16127.026 us/call)
        MPI_Win_lock                                 0.000028 s  (24 calls,     1.154 us/call)
        MPI_Fetch_and_op                             0.000101 s  (24 calls,     4.213 us/call)
        MPI_Win_unlock                               0.386889 s  (24 calls, 16120.392 us/call)
        RMA call overhead (derived)                  0.000030 s  (24 calls,     1.267 us/call)
      align nominal offsets to FASTQ records       0.000000 s
      scheduler loop/bookkeeping (derived)         0.000016 s  (1 calls,    15.699 us/call)

  Scheduler teardown timing
    MPI_Barrier (wait for other ranks)           0.362316 s  (1 calls, 362315.878 us/call)
    MPI_Win_free                                 0.000082 s  (1 calls,    81.650 us/call)

  Stage 2 by chunk
    completed chunks                                        0
    accumulated stage 2                              0.000000 s
    average stage 2 per chunk                        0.000000 s
    slowest chunk                                          -1
    slowest chunk stage 2                            0.000000 s

    order   chunk  queue        byte range                       bytes      records   stage2(s)
==============================================================


        MPI_Win_lock                                 0.000034 s  (25 calls,     1.352 us/call)
        MPI_Fetch_and_op                             0.000121 s  (25 calls,     4.848 us/call)
        MPI_Win_unlock                               0.182052 s  (25 calls,  7282.082 us/call)
        RMA call overhead (derived)                  0.000032 s  (25 calls,     1.296 us/call)
      align nominal offsets to FASTQ records       0.000001 s  (1 calls,     1.300 us/call)
      scheduler loop/bookkeeping (derived)         0.000021 s  (2 calls,    10.575 us/call)

  Scheduler teardown timing
    MPI_Barrier (wait for other ranks)           0.000031 s  (1 calls,    30.650 us/call)
    MPI_Win_free                                 0.000079 s  (1 calls,    79.400 us/call)

  Stage 2 by chunk
    completed chunks                                        1
    accumulated stage 2                              0.376385 s
    average stage 2 per chunk                        0.376385 s
    slowest chunk                                          14
    slowest chunk stage 2                            0.376385 s

    order   chunk  queue        byte range                       bytes      records   stage2(s)
        0      14     14  [     3216308,      3445940)       229632          624    0.376385
==============================================================


================ MPI Dynamic Scheduler Debug =================
  MPI rank: 000015 / 000024

  Work summary
    claimed chunks                                          1
    claimed from this rank's queue                          1
    claimed from another rank's queue                       0
    completed FASTQ records                               624
    claimed input bytes                                229636

  Scheduler counters
    scheduler_next calls                                    2
    RMA ticket attempts                                    25
    attempts against another rank's queue                  23
    tickets beyond the final chunk                         24
    empty aligned chunks                                    0

  Scheduler timing
    MPI_Win_create (setup)                       0.002103 s  (1 calls,  2102.859 us/call)
    MPI_Barrier after setup                      0.000013 s  (1 calls,    13.250 us/call)
    scheduler_next total                         0.081088 s  (2 calls, 40543.780 us/call)
      RMA ticket path total                        0.081068 s  (25 calls,  3242.714 us/call)
        MPI_Win_lock                                 0.000028 s  (25 calls,     1.138 us/call)
        MPI_Fetch_and_op                             0.000099 s  (25 calls,     3.946 us/call)
        MPI_Win_unlock                               0.080910 s  (25 calls,  3236.418 us/call)
        RMA call overhead (derived)                  0.000030 s  (25 calls,     1.212 us/call)
      align nominal offsets to FASTQ records       0.000001 s  (1 calls,     0.750 us/call)
      scheduler loop/bookkeeping (derived)         0.000019 s  (2 calls,     9.475 us/call)

  Scheduler teardown timing
    MPI_Barrier (wait for other ranks)           0.122404 s  (1 calls, 122404.095 us/call)
    MPI_Win_free                                 0.000082 s  (1 calls,    82.200 us/call)

  Stage 2 by chunk
    completed chunks                                        1
    accumulated stage 2                              0.356620 s
    average stage 2 per chunk                        0.356620 s
    slowest chunk                                          15
    slowest chunk stage 2                            0.356620 s

    order   chunk  queue        byte range                       bytes      records   stage2(s)
        0      15     15  [     3445940,      3675576)       229636          624    0.356620
==============================================================


================ MPI Dynamic Scheduler Debug =================
  MPI rank: 000016 / 000024

  Work summary
    claimed chunks                                          0
    claimed from this rank's queue                          0
    claimed from another rank's queue                       0
    completed FASTQ records                                 0
    claimed input bytes                                     0

  Scheduler counters
    scheduler_next calls                                    1
    RMA ticket attempts                                    25
    attempts against another rank's queue                  23
    tickets beyond the final chunk                         24
    empty aligned chunks                                    1

  Scheduler timing
    MPI_Win_create (setup)                       0.002141 s  (1 calls,  2140.910 us/call)
    MPI_Barrier after setup                      0.000022 s  (1 calls,    22.200 us/call)
    scheduler_next total                         0.557674 s  (1 calls, 557674.233 us/call)
      RMA ticket path total                        0.557656 s  (25 calls, 22306.245 us/call)
        MPI_Win_lock                                 0.000027 s  (25 calls,     1.080 us/call)
        MPI_Fetch_and_op                             0.000091 s  (25 calls,     3.646 us/call)
        MPI_Win_unlock                               0.557507 s  (25 calls, 22300.279 us/call)
        RMA call overhead (derived)                  0.000031 s  (25 calls,     1.240 us/call)
      align nominal offsets to FASTQ records       0.000001 s  (1 calls,     0.850 us/call)
      scheduler loop/bookkeeping (derived)         0.000017 s  (1 calls,    17.249 us/call)

  Scheduler teardown timing
    MPI_Barrier (wait for other ranks)           0.191703 s  (1 calls, 191703.154 us/call)
    MPI_Win_free                                 0.000075 s  (1 calls,    74.550 us/call)

  Stage 2 by chunk
    completed chunks                                        0
    accumulated stage 2                              0.000000 s
    average stage 2 per chunk                        0.000000 s
    slowest chunk                                          -1
    slowest chunk stage 2                            0.000000 s

    order   chunk  queue        byte range                       bytes      records   stage2(s)
==============================================================


================ MPI Dynamic Scheduler Debug =================
  MPI rank: 000017 / 000024

  Work summary
    claimed chunks                                          0
    claimed from this rank's queue                          0
    claimed from another rank's queue                       0
    completed FASTQ records                                 0
    claimed input bytes                                     0

  Scheduler counters
    scheduler_next calls                                    1
    RMA ticket attempts                                    24
    attempts against another rank's queue                  23
    tickets beyond the final chunk                         24
    empty aligned chunks                                    0

  Scheduler timing
    MPI_Win_create (setup)                       0.002291 s  (1 calls,  2291.360 us/call)
    MPI_Barrier after setup                      0.000022 s  (1 calls,    21.650 us/call)
    scheduler_next total                         0.557797 s  (1 calls, 557796.783 us/call)
      RMA ticket path total                        0.557781 s  (24 calls, 23240.864 us/call)
        MPI_Win_lock                                 0.000026 s  (24 calls,     1.100 us/call)
        MPI_Fetch_and_op                             0.000097 s  (24 calls,     4.048 us/call)
        MPI_Win_unlock                               0.557627 s  (24 calls, 23234.460 us/call)
        RMA call overhead (derived)                  0.000030 s  (24 calls,     1.256 us/call)
      align nominal offsets to FASTQ records       0.000000 s
      scheduler loop/bookkeeping (derived)         0.000016 s  (1 calls,    16.050 us/call)

  Scheduler teardown timing
    MPI_Barrier (wait for other ranks)           0.191593 s  (1 calls, 191593.453 us/call)
    MPI_Win_free                                 0.000077 s  (1 calls,    76.650 us/call)

  Stage 2 by chunk
    completed chunks                                        0
    accumulated stage 2                              0.000000 s
    average stage 2 per chunk                        0.000000 s
    slowest chunk                                          -1
    slowest chunk stage 2                            0.000000 s

    order   chunk  queue        byte range                       bytes      records   stage2(s)
==============================================================


================ MPI Dynamic Scheduler Debug =================
  MPI rank: 000023 / 000024

  Work summary
    claimed chunks                                          0
    claimed from this rank's queue                          0
    claimed from another rank's queue                       0
    completed FASTQ records                                 0
    claimed input bytes                                     0

  Scheduler counters
    scheduler_next calls                                    1
    RMA ticket attempts                                    24
    attempts against another rank's queue                  23
    tickets beyond the final chunk                         24
    empty aligned chunks                                    0

  Scheduler timing
    MPI_Win_create (setup)                       0.001771 s  (1 calls,  1771.213 us/call)
    MPI_Barrier after setup                      0.000013 s  (1 calls,    13.200 us/call)
    scheduler_next total                         0.539768 s  (1 calls, 539768.012 us/call)
      RMA ticket path total                        0.539752 s  (24 calls, 22489.651 us/call)
        MPI_Win_lock                                 0.000026 s  (24 calls,     1.073 us/call)
        MPI_Fetch_and_op                             0.000096 s  (24 calls,     3.994 us/call)
        MPI_Win_unlock                               0.539599 s  (24 calls, 22483.278 us/call)
        RMA call overhead (derived)                  0.000031 s  (24 calls,     1.306 us/call)
      align nominal offsets to FASTQ records       0.000000 s
      scheduler loop/bookkeeping (derived)         0.000016 s  (1 calls,    16.398 us/call)

  Scheduler teardown timing
    MPI_Barrier (wait for other ranks)           0.209123 s  (1 calls, 209123.275 us/call)
    MPI_Win_free                                 0.000082 s  (1 calls,    81.800 us/call)

  Stage 2 by chunk
    completed chunks                                        0
    accumulated stage 2                              0.000000 s
    average stage 2 per chunk                        0.000000 s
    slowest chunk                                          -1
    slowest chunk stage 2                            0.000000 s

    order   chunk  queue        byte range                       bytes      records   stage2(s)
==============================================================


====================== SWBWA Output Debug =====================
  MPI rank: 000000 / 000024
  mode:     MPI single_unordered
  path:     /home/export/online1/mdt00/shisuan/swls-CFD/guoshi/ylf/SWBWA_dep_20260914/results/startup3_B_3.sam

  Output volume
    output buffer capacity                           67108864
    swbwa_output_write calls                            1266
    submitted SAM bytes                               542931
    buffered flushes                                       1
    buffered flush bytes                              542931
    direct oversized writes                                0
    direct oversized bytes                                 0

  Buffering
    buffered flush total                         0.021008 s  (1 calls, 21007.689 us/call)

  Global offset reservation
    target rank                                             0
    target relationship                                 local
    reservations                                            1
    reservation total                            0.000005 s  (1 calls,     5.500 us/call)
      MPI_Fetch_and_op                             0.000001 s  (1 calls,     1.350 us/call)
      MPI_Win_flush(target rank 0)                 0.000003 s  (1 calls,     3.250 us/call)
      reservation call overhead (derived)          0.000001 s  (1 calls,     0.900 us/call)

  POSIX positioned writes
    pwrite system calls                                     1
    pwrite system-call bytes                           542931
    POSIX pwrite system calls                    0.021000 s  (1 calls, 21000.288 us/call)
    POSIX pwrite effective bandwidth               24.656 MiB/s

  Output close timing
    MPI_Win_unlock_all                           0.000015 s  (1 calls,    14.600 us/call)
    MPI_Win_free                                 0.000104 s  (1 calls,   103.801 us/call)
    POSIX close                                  0.001374 s  (1 calls,  1374.212 us/call)
================================================================


====================== SWBWA Output Debug =====================
  MPI rank: 000001 / 000024
  mode:     MPI single_unordered
  path:     /home/export/online1/mdt00/shisuan/swls-CFD/guoshi/ylf/SWBWA_dep_20260914/results/startup3_B_3.sam

  Output volume
    output buffer capacity                           67108864
    swbwa_output_write calls                            1256
    submitted SAM bytes                               531367
    buffered flushes                                       1
    buffered flush bytes                              531367
    direct oversized writes                                0
    direct oversized bytes                                 0

  Buffering
    buffered flush total                         0.013377 s  (1 calls, 13377.320 us/call)

  Global offset reservation
    target rank                                             0
    target relationship                                remote
    reservations                                            1
    reservation total                            0.000156 s  (1 calls,   156.151 us/call)
      MPI_Fetch_and_op                             0.000005 s  (1 calls,     4.950 us/call)
      MPI_Win_flush(target rank 0)                 0.000150 s  (1 calls,   150.151 us/call)
      reservation call overhead (derived)          0.000001 s  (1 calls,     1.050 us/call)

  POSIX positioned writes
    pwrite system calls                                     1
    pwrite system-call bytes                           531367
    POSIX pwrite system calls                    0.013218 s  (1 calls, 13218.419 us/call)
    POSIX pwrite effective bandwidth               38.337 MiB/s

  Output close timing
    MPI_Win_unlock_all                           0.000010 s  (1 calls,    10.100 us/call)
    MPI_Win_free                                 0.000107 s  (1 calls,   106.851 us/call)
    POSIX close                                  0.000682 s  (1 calls,   681.556 us/call)
================================================================


====================== SWBWA Output Debug =====================
  MPI rank: 000002 / 000024
  mode:     MPI single_unordered
  path:     /home/export/online1/mdt00/shisuan/swls-CFD/guoshi/ylf/SWBWA_dep_20260914/results/startup3_B_3.sam

  Output volume
    output buffer capacity                           67108864
    swbwa_output_write calls                            1248
    submitted SAM bytes                               534831
    buffered flushes                                       1
    buffered flush bytes                              534831
    direct oversized writes                                0
    direct oversized bytes                                 0

  Buffering
    buffered flush total                         0.025543 s  (1 calls, 25542.879 us/call)

  Global offset reservation
    target rank                                             0
    target relationship                                remote
    reservations                                            1
    reservation total                            0.000048 s  (1 calls,    47.501 us/call)
      MPI_Fetch_and_op                             0.000004 s  (1 calls,     3.850 us/call)
      MPI_Win_flush(target rank 0)                 0.000043 s  (1 calls,    42.701 us/call)
      reservation call overhead (derived)          0.000001 s  (1 calls,     0.950 us/call)

  POSIX positioned writes
    pwrite system calls                                     1
    pwrite system-call bytes                           534831
    POSIX pwrite system calls                    0.025493 s  (1 calls, 25493.378 us/call)
    POSIX pwrite effective bandwidth               20.007 MiB/s

  Output close timing
    MPI_Win_unlock_all                           0.000011 s  (1 calls,    11.400 us/call)
    MPI_Win_free                                 0.000101 s  (1 calls,   101.251 us/call)
    POSIX close                                  0.000692 s  (1 calls,   692.406 us/call)
================================================================


====================== SWBWA Output Debug =====================
  MPI rank: 000003 / 000024
  mode:     MPI single_unordered
  path:     /home/export/online1/mdt00/shisuan/swls-CFD/guoshi/ylf/SWBWA_dep_20260914/results/startup3_B_3.sam

  Output volume
    output buffer capacity                           67108864
    swbwa_output_write calls                            1250
    submitted SAM bytes                               532104
    buffered flushes                                       1
    buffered flush bytes                              532104
    direct oversized writes                                0
    direct oversized bytes                                 0

  Buffering
    buffered flush total                         0.055816 s  (1 calls, 55815.600 us/call)

  Global offset reservation
    target rank                                             0
    target relationship                                remote
    reservations                                            1
    reservation total                            0.000042 s  (1 calls,    41.551 us/call)
      MPI_Fetch_and_op                             0.000006 s  (1 calls,     5.650 us/call)
      MPI_Win_flush(target rank 0)                 0.000035 s  (1 calls,    35.101 us/call)
      reservation call overhead (derived)          0.000001 s  (1 calls,     0.800 us/call)

  POSIX positioned writes
    pwrite system calls                                     1
    pwrite system-call bytes                           532104
    POSIX pwrite system calls                    0.055771 s  (1 calls, 55771.149 us/call)
    POSIX pwrite effective bandwidth                9.099 MiB/s

  Output close timing
    MPI_Win_unlock_all                           0.000011 s  (1 calls,    11.450 us/call)
    MPI_Win_free                                 0.000111 s  (1 calls,   110.701 us/call)
    POSIX close                                  0.000743 s  (1 calls,   743.257 us/call)
================================================================


====================== SWBWA Output Debug =====================
  MPI rank: 000004 / 000024
  mode:     MPI single_unordered
  path:     /home/export/online1/mdt00/shisuan/swls-CFD/guoshi/ylf/SWBWA_dep_20260914/results/startup3_B_3.sam

  Output volume
    output buffer capacity                           67108864
    swbwa_output_write calls                            1248
    submitted SAM bytes                               533378
    buffered flushes                                       1
    buffered flush bytes                              533378
    direct oversized writes                                0
    direct oversized bytes                                 0

  Buffering
    buffered flush total                         0.043857 s  (1 calls, 43856.793 us/call)

  Global offset reservation
    target rank                                             0
    target relationship                                remote
    reservations                                            1
    reservation total                            0.000035 s  (1 calls,    34.500 us/call)
      MPI_Fetch_and_op                             0.000005 s  (1 calls,     4.700 us/call)
      MPI_Win_flush(target rank 0)                 0.000029 s  (1 calls,    29.000 us/call)
      reservation call overhead (derived)          0.000001 s  (1 calls,     0.800 us/call)

  POSIX positioned writes
    pwrite system calls                                     1
    pwrite system-call bytes                           533378
    POSIX pwrite system calls                    0.043820 s  (1 calls, 43820.243 us/call)
    POSIX pwrite effective bandwidth               11.608 MiB/s

  Output close timing
    MPI_Win_unlock_all                           0.000011 s  (1 calls,    11.200 us/call)
    MPI_Win_free                                 0.000103 s  (1 calls,   102.651 us/call)
    POSIX close                                  0.000943 s  (1 calls,   942.559 us/call)
================================================================


====================== SWBWA Output Debug =====================
  MPI rank: 000006 / 000024
  mode:     MPI single_unordered
  path:     /home/export/online1/mdt00/shisuan/swls-CFD/guoshi/ylf/SWBWA_dep_20260914/results/startup3_B_3.sam

  Output volume
    output buffer capacity                           67108864
    swbwa_output_write calls                            1248
    submitted SAM bytes                               527767
    buffered flushes                                       1
    buffered flush bytes                              527767
    direct oversized writes                                0
    direct oversized bytes                                 0

  Buffering
    buffered flush total                         0.050662 s  (1 calls, 50662.354 us/call)

  Global offset reservation
    target rank                                             0
    target relationship                                remote
    reservations                                            1
    reservation total                            0.000031 s  (1 calls,    30.801 us/call)
      MPI_Fetch_and_op                             0.000005 s  (1 calls,     4.500 us/call)
      MPI_Win_flush(target rank 0)                 0.000025 s  (1 calls,    25.351 us/call)
      reservation call overhead (derived)          0.000001 s  (1 calls,     0.950 us/call)

  POSIX positioned writes
    pwrite system calls                                     1
    pwrite system-call bytes                           527767
    POSIX pwrite system calls                    0.050630 s  (1 calls, 50629.503 us/call)
    POSIX pwrite effective bandwidth                9.941 MiB/s

  Output close timing
    MPI_Win_unlock_all                           0.000014 s  (1 calls,    13.950 us/call)
    MPI_Win_free                                 0.000096 s  (1 calls,    95.801 us/call)
    POSIX close                                  0.017739 s  (1 calls, 17739.059 us/call)
================================================================


====================== SWBWA Output Debug =====================
  MPI rank: 000007 / 000024
  mode:     MPI single_unordered
  path:     /home/export/online1/mdt00/shisuan/swls-CFD/guoshi/ylf/SWBWA_dep_20260914/results/startup3_B_3.sam

  Output volume
    output buffer capacity                           67108864
    swbwa_output_write calls                            1250
    submitted SAM bytes                               534552
    buffered flushes                                       1
    buffered flush bytes                              534552
    direct oversized writes                                0
    direct oversized bytes                                 0

  Buffering
    buffered flush total                         0.039139 s  (1 calls, 39138.551 us/call)

  Global offset reservation
    target rank                                             0
    target relationship                                remote
    reservations                                            1
    reservation total                            0.000024 s  (1 calls,    24.250 us/call)
      MPI_Fetch_and_op                             0.000004 s  (1 calls,     3.700 us/call)
      MPI_Win_flush(target rank 0)                 0.000020 s  (1 calls,    19.750 us/call)
      reservation call overhead (derived)          0.000001 s  (1 calls,     0.800 us/call)

  POSIX positioned writes
    pwrite system calls                                     1
    pwrite system-call bytes                           534552
    POSIX pwrite system calls                    0.039112 s  (1 calls, 39112.101 us/call)
    POSIX pwrite effective bandwidth               13.034 MiB/s

  Output close timing
    MPI_Win_unlock_all                           0.000012 s  (1 calls,    11.750 us/call)
    MPI_Win_free                                 0.000105 s  (1 calls,   105.201 us/call)
    POSIX close                                  0.001069 s  (1 calls,  1068.910 us/call)
================================================================


====================== SWBWA Output Debug =====================
  MPI rank: 000008 / 000024
  mode:     MPI single_unordered
  path:     /home/export/online1/mdt00/shisuan/swls-CFD/guoshi/ylf/SWBWA_dep_20260914/results/startup3_B_3.sam

  Output volume
    output buffer capacity                           67108864
    swbwa_output_write calls                            1248
    submitted SAM bytes                               526230
    buffered flushes                                       1
    buffered flush bytes                              526230
    direct oversized writes                                0
    direct oversized bytes                                 0

  Buffering
    buffered flush total                         0.085778 s  (1 calls, 85778.219 us/call)

  Global offset reservation
    target rank                                             0
    target relationship                                remote
    reservations                                            1
    reservation total                            0.000042 s  (1 calls,    42.451 us/call)
      MPI_Fetch_and_op                             0.000009 s  (1 calls,     9.101 us/call)
      MPI_Win_flush(target rank 0)                 0.000032 s  (1 calls,    32.400 us/call)

====================== SWBWA Output Debug =====================
  MPI rank: 000012 / 000024
  mode:     MPI single_unordered
  path:     /home/export/online1/mdt00/shisuan/swls-CFD/guoshi/ylf/SWBWA_dep_20260914/results/startup3_B_3.sam

  Output volume
    output buffer capacity                           67108864
    swbwa_output_write calls                            1250
    submitted SAM bytes                               523835
    buffered flushes                                       1
    buffered flush bytes                              523835
    direct oversized writes                                0
    direct oversized bytes                                 0

  Buffering
    buffered flush total                         0.012225 s
====================== SWBWA Output Debug =====================
  MPI rank: 000005 / 000024
  mode:     MPI single_unordered
  path:     /home/export/online1/mdt00/shisuan/swls-CFD/guoshi/ylf/SWBWA_dep_20260914/results/startup3_B_3.sam

  Output volume
    output buffer capacity                           67108864
    swbwa_output_write calls                            1248
    submitted SAM bytes                               534584
    buffered flushes                                       1
    buffered flush bytes                              534584
    direct oversized writes                                0
    direct oversized bytes                                 0

  Buffering
    buffered flush total                         0.044248 s  (1 calls, 44248.046 us/call)

  Global offset reservation
    target rank                                             0
    target relationship                                remote
    reservations                                            1
    reservation total                            0.000042 s  (1 calls,    42.450 us/call)
      MPI_Fetch_and_op                             0.000009 s  (1 calls,     9.150 us/call)
      MPI_Win_flush(target rank 0)                 0.000032 s  (1 calls,    32.450 us/call)
      reservation call overhead (derived)          0.000001 s  (1 calls,     0.850 us/call)

  POSIX positioned writes
    pwrite system calls                                     1
    pwrite system-call bytes                           534584
    POSIX pwrite system calls                    0.044203 s  (1 calls, 44202.746 us/call)
    POSIX pwrite effective bandwidth               11.534 MiB/s

  Output close timing
    MPI_Win_unlock_all                           0.000015 s  (1 calls,    14.750 us/call)
    MPI_Win_free                                 0.000101 s  (1 calls,   101.301 us/call)
    POSIX close                                  0.000825 s  (1 calls,   824.508 us/call)
================================================================

  (1 calls, 12224.954 us/call)

  Global offset reservation
    target rank                                             0
    target relationship                                remote
    reservations                                            1
    reservation total                            0.000036 s  (1 calls,    36.450 us/call)
      MPI_Fetch_and_op                             0.000004 s  (1 calls,     4.300 us/call)
      MPI_Win_flush(target rank 0)                 0.000031 s  (1 calls,    31.000 us/call)
      reservation call overhead (derived)          0.000001 s  (1 calls,     1.150 us/call)

  POSIX positioned writes
    pwrite system calls                                     1
    pwrite system-call bytes                           523835
    POSIX pwrite system calls                    0.012187 s  (1 calls, 12186.504 us/call)
    POSIX pwrite effective bandwidth               40.994 MiB/s

  Output close timing
    MPI_Win_unlock_all                           0.000014 s  (1 calls,    13.750 us/call)
    MPI_Win_free                                 0.000097 s  (1 calls,    96.951 us/call)
    POSIX close                                  0.002186 s  (1 calls,  2186.410 us/call)
================================================================


====================== SWBWA Output Debug =====================
  MPI rank: 000013 / 000024
  mode:     MPI single_unordered
  path:     /home/export/online1/mdt00/shisuan/swls-CFD/guoshi/ylf/SWBWA_dep_20260914/results/startup3_B_3.sam

  Output volume
    output buffer capacity                           67108864
    swbwa_output_write calls                            1248
    submitted SAM bytes                               531200
    buffered flushes                                       1
    buffered flush bytes                              531200
    direct oversized writes                                0
    direct oversized bytes                                 0

  Buffering
    buffered flush total                         0.010296 s  (1 calls, 10296.496 us/call)

  Global offset reservation
    target rank                                             0
    target relationship                                remote
    reservations                                            1
    reservation total                            0.000029 s  (1 calls,    29.000 us/call)
      MPI_Fetch_and_op                             0.000004 s  (1 calls,     4.100 us/call)
      MPI_Win_flush(target rank 0)                 0.000024 s  (1 calls,    24.050 us/call)
      reservation call overhead (derived)          0.000001 s  (1 calls,     0.850 us/call)

  POSIX positioned writes
    pwrite system calls                                     1
    pwrite system-call bytes                           531200
    POSIX pwrite system calls                    0.010265 s  (1 calls, 10264.946 us/call)
    POSIX pwrite effective bandwidth               49.352 MiB/s

  Output close timing
    MPI_Win_unlock_all                           0.000013 s  (1 calls,    12.800 us/call)
    MPI_Win_free                                 0.000104 s  (1 calls,   103.601 us/call)
    POSIX close                                  0.002283 s  (1 calls,  2282.560 us/call)
================================================================


====================== SWBWA Output Debug =====================
  MPI rank: 000014 / 000024
  mode:     MPI single_unordered
  path:     /home/export/online1/mdt00/shisuan/swls-CFD/guoshi/ylf/SWBWA_dep_20260914/results/startup3_B_3.sam

  Output volume
    output buffer capacity                           67108864
    swbwa_output_write calls                            1248
    submitted SAM bytes                               528609
    buffered flushes                                       1
    buffered flush bytes                              528609
    direct oversized writes                                0
    direct oversized bytes                                 0

  Buffering
    buffered flush total                         0.027497 s  (1 calls, 27496.872 us/call)

  Global offset reservation
    target rank                                             0
    target relationship                                remote
    reservations                                            1
    reservation total                            0.000025 s  (1 calls,    24.650 us/call)
      MPI_Fetch_and_op                             0.000004 s  (1 calls,     4.450 us/call)
      MPI_Win_flush(target rank 0)                 0.000019 s  (1 calls,    19.250 us/call)
      reservation call overhead (derived)          0.000001 s  (1 calls,     0.950 us/call)

  POSIX positioned writes
    pwrite system calls                                     1
    pwrite system-call bytes                           526230
    POSIX pwrite system calls                    0.085734 s  (1 calls, 85733.818 us/call)
    POSIX pwrite effective bandwidth                5.854 MiB/s

  Output close timing
    MPI_Win_unlock_all                           0.000016 s  (1 calls,    16.200 us/call)
    MPI_Win_free                                 0.000098 s  (1 calls,    97.751 us/call)
    POSIX close                                  0.000897 s  (1 calls,   897.208 us/call)
================================================================


====================== SWBWA Output Debug =====================
  MPI rank: 000009 / 000024
  mode:     MPI single_unordered
  path:     /home/export/online1/mdt00/shisuan/swls-CFD/guoshi/ylf/SWBWA_dep_20260914/results/startup3_B_3.sam

  Output volume
    output buffer capacity                           67108864
    swbwa_output_write calls                            1248
    submitted SAM bytes                               535648
    buffered flushes                                       1
    buffered flush bytes                              535648
    direct oversized writes                                0
    direct oversized bytes                                 0

  Buffering
    buffered flush total                         0.084712 s  (1 calls, 84712.059 us/call)

  Global offset reservation
    target rank                                             0
    target relationship                                remote
    reservations                                            1
    reservation total                            0.000027 s  (1 calls,    27.251 us/call)
      MPI_Fetch_and_op                             0.000004 s  (1 calls,     3.700 us/call)
      MPI_Win_flush(target rank 0)                 0.000023 s  (1 calls,    22.751 us/call)
      reservation call overhead (derived)          0.000001 s  (1 calls,     0.800 us/call)

  POSIX positioned writes
    pwrite system calls                                     1
    pwrite system-call bytes                           535648
    POSIX pwrite system calls                    0.084683 s  (1 calls, 84682.758 us/call)
    POSIX pwrite effective bandwidth                6.032 MiB/s

  Output close timing
    MPI_Win_unlock_all                           0.000012 s  (1 calls,    11.900 us/call)
    MPI_Win_free                                 0.000101 s  (1 calls,   101.301 us/call)
    POSIX close                                  0.000798 s  (1 calls,   797.557 us/call)
================================================================


====================== SWBWA Output Debug =====================
  MPI rank: 000010 / 000024
  mode:     MPI single_unordered
  path:     /home/export/online1/mdt00/shisuan/swls-CFD/guoshi/ylf/SWBWA_dep_20260914/results/startup3_B_3.sam

  Output volume
    output buffer capacity                           67108864
    swbwa_output_write calls                            1248
    submitted SAM bytes                               526531
    buffered flushes                                       1
    buffered flush bytes                              526531
    direct oversized writes                                0
    direct oversized bytes                                 0

  Buffering
    buffered flush total                         0.072444 s  (1 calls, 72444.499 us/call)

  Global offset reservation
    target rank                                             0
    target relationship                                remote
    reservations                                            1
    reservation total                            0.000023 s  (1 calls,    23.250 us/call)
      MPI_Fetch_and_op                             0.000005 s  (1 calls,     4.850 us/call)
      MPI_Win_flush(target rank 0)                 0.000017 s  (1 calls,    17.450 us/call)
      reservation call overhead (derived)          0.000001 s  (1 calls,     0.950 us/call)

  POSIX positioned writes
    pwrite system calls                                     1
    pwrite system-call bytes                           526531
    POSIX pwrite system calls                    0.072419 s  (1 calls, 72418.949 us/call)
    POSIX pwrite effective bandwidth                6.934 MiB/s

  Output close timing
    MPI_Win_unlock_all                           0.000014 s  (1 calls,    13.650 us/call)
    MPI_Win_free                                 0.000093 s  (1 calls,    92.651 us/call)
    POSIX close                                  0.000862 s  (1 calls,   862.008 us/call)
================================================================


====================== SWBWA Output Debug =====================
  MPI rank: 000011 / 000024
  mode:     MPI single_unordered
  path:     /home/export/online1/mdt00/shisuan/swls-CFD/guoshi/ylf/SWBWA_dep_20260914/results/startup3_B_3.sam

  Output volume
    output buffer capacity                           67108864
    swbwa_output_write calls                            1248
    submitted SAM bytes                               533942
    buffered flushes                                       1
    buffered flush bytes                              533942
    direct oversized writes                                0
    direct oversized bytes                                 0

  Buffering
    buffered flush total                         0.015520 s  (1 calls, 15519.789 us/call)

  Global offset reservation
    target rank                                             0
    target relationship                                remote
    reservations                                            1
    reservation total                            0.000020 s  (1 calls,    20.150 us/call)
      MPI_Fetch_and_op                             0.000004 s  (1 calls,     4.100 us/call)
      MPI_Win_flush(target rank 0)                 0.000015 s  (1 calls,    15.100 us/call)
      reservation call overhead (derived)          0.000001 s  (1 calls,     0.950 us/call)

  POSIX positioned writes
    pwrite system calls                                     1
    pwrite system-call bytes                           533942
    POSIX pwrite system calls                    0.015497 s  (1 calls, 15497.339 us/call)
    POSIX pwrite effective bandwidth               32.858 MiB/s

  Output close timing
    MPI_Win_unlock_all                           0.000012 s  (1 calls,    11.800 us/call)
    MPI_Win_free                                 0.000110 s  (1 calls,   109.801 us/call)
    POSIX close                                  0.001060 s  (1 calls,  1059.959 us/call)
================================================================


====================== SWBWA Output Debug =====================
  MPI rank: 000018 / 000024
  mode:     MPI single_unordered
  path:     /home/export/online1/mdt00/shisuan/swls-CFD/guoshi/ylf/SWBWA_dep_20260914/results/startup3_B_3.sam

  Output volume
    output buffer capacity                           67108864
    swbwa_output_write calls                               0
    submitted SAM bytes                                    0
    buffered flushes                                       0
    buffered flush bytes                                   0
    direct oversized writes                                0
    direct oversized bytes                                 0

  Buffering
    buffered flush total                         0.000000 s

  Global offset reservation
    target rank                                             0
    target relationship                                remote
    reservations                                            0
    reservation total                            0.000000 s
      MPI_Fetch_and_op                             0.000000 s
      MPI_Win_flush(target rank 0)                 0.000000 s
      reservation call overhead (derived)          0.000000 s

  POSIX positioned writes
    pwrite system calls                                     0
    pwrite system-call bytes                                0
    POSIX pwrite system calls                    0.000000 s
    POSIX pwrite effective bandwidth                0.000 MiB/s

  Output close timing
    MPI_Win_unlock_all                           0.000007 s  (1 calls,     7.200 us/call)
    MPI_Win_free                                 0.000099 s  (1 calls,    99.051 us/call)
    POSIX close                                  0.001482 s  (1 calls,  1482.361 us/call)
================================================================


====================== SWBWA Output Debug =====================
  MPI rank: 000019 / 000024
  mode:     MPI single_unordered
  path:     /home/export/online1/mdt00/shisuan/swls-CFD/guoshi/ylf/SWBWA_dep_20260914/results/startup3_B_3.sam

  Output volume
    output buffer capacity                           67108864
    swbwa_output_write calls                               0
    submitted SAM bytes                                    0
    buffered flushes                                       0
    buffered flush bytes                                   0
    direct oversized writes                                0
    direct oversized bytes                                 0

  Buffering
    buffered flush total                         0.000000 s

  Global offset reservation
    target rank                                             0
    target relationship                                remote
    reservations                                            0
    reservation total                            0.000000 s
      MPI_Fetch_and_op                             0.000000 s
      MPI_Win_flush(target rank 0)                 0.000000 s      reservation call overhead (derived)          0.000001 s  (1 calls,     0.950 us/call)

  POSIX positioned writes
    pwrite system calls                                     1
    pwrite system-call bytes                           528609
    POSIX pwrite system calls                    0.027470 s  (1 calls, 27469.872 us/call)
    POSIX pwrite effective bandwidth               18.352 MiB/s

  Output close timing
    MPI_Win_unlock_all                           0.000018 s  (1 calls,    17.801 us/call)
    MPI_Win_free                                 0.000091 s  (1 calls,    91.050 us/call)
    POSIX close                                  0.002545 s  (1 calls,  2545.161 us/call)
================================================================


====================== SWBWA Output Debug =====================
  MPI rank: 000015 / 000024
  mode:     MPI single_unordered
  path:     /home/export/online1/mdt00/shisuan/swls-CFD/guoshi/ylf/SWBWA_dep_20260914/results/startup3_B_3.sam

  Output volume
    output buffer capacity                           67108864
    swbwa_output_write calls                            1248
    submitted SAM bytes                               530765
    buffered flushes                                       1
    buffered flush bytes                              530765
    direct oversized writes                                0
    direct oversized bytes                                 0

  Buffering
    buffered flush total                         0.025940 s  (1 calls, 25939.716 us/call)

  Global offset reservation
    target rank                                             0
    target relationship                                remote
    reservations                                            1
    reservation total                            0.000022 s  (1 calls,    21.650 us/call)
      MPI_Fetch_and_op                             0.000004 s  (1 calls,     4.150 us/call)
      MPI_Win_flush(target rank 0)                 0.000017 s  (1 calls,    16.550 us/call)
      reservation call overhead (derived)          0.000001 s  (1 calls,     0.950 us/call)

  POSIX positioned writes
    pwrite system calls                                     1
    pwrite system-call bytes                           530765
    POSIX pwrite system calls                    0.025915 s  (1 calls, 25915.366 us/call)
    POSIX pwrite effective bandwidth               19.532 MiB/s

  Output close timing
    MPI_Win_unlock_all                           0.000010 s  (1 calls,    10.400 us/call)
    MPI_Win_free                                 0.000106 s  (1 calls,   106.101 us/call)
    POSIX close                                  0.001643 s  (1 calls,  1643.007 us/call)
================================================================


====================== SWBWA Output Debug =====================
  MPI rank: 000016 / 000024
  mode:     MPI single_unordered
  path:     /home/export/online1/mdt00/shisuan/swls-CFD/guoshi/ylf/SWBWA_dep_20260914/results/startup3_B_3.sam

  Output volume
    output buffer capacity                           67108864
    swbwa_output_write calls                               0
    submitted SAM bytes                                    0
    buffered flushes                                       0
    buffered flush bytes                                   0
    direct oversized writes                                0
    direct oversized bytes                                 0

  Buffering
    buffered flush total                         0.000000 s

  Global offset reservation
    target rank                                             0
    target relationship                                remote
    reservations                                            0
    reservation total                            0.000000 s
      MPI_Fetch_and_op                             0.000000 s
      MPI_Win_flush(target rank 0)                 0.000000 s
      reservation call overhead (derived)          0.000000 s

  POSIX positioned writes
    pwrite system calls                                     0
    pwrite system-call bytes                                0
    POSIX pwrite system calls                    0.000000 s
    POSIX pwrite effective bandwidth                0.000 MiB/s

  Output close timing
    MPI_Win_unlock_all                           0.000006 s  (1 calls,     5.950 us/call)
    MPI_Win_free                                 0.000110 s  (1 calls,   110.101 us/call)
    POSIX close                                  0.002023 s  (1 calls,  2023.459 us/call)
================================================================


====================== SWBWA Output Debug =====================
  MPI rank: 000017 / 000024
  mode:     MPI single_unordered
  path:     /home/export/online1/mdt00/shisuan/swls-CFD/guoshi/ylf/SWBWA_dep_20260914/results/startup3_B_3.sam

  Output volume
    output buffer capacity                           67108864
    swbwa_output_write calls                               0
    submitted SAM bytes                                    0
    buffered flushes                                       0
    buffered flush bytes                                   0
    direct oversized writes                                0
    direct oversized bytes                                 0

  Buffering
    buffered flush total                         0.000000 s

  Global offset reservation
    target rank                                             0
    target relationship                                remote
    reservations                                            0
    reservation total                            0.000000 s
      MPI_Fetch_and_op                             0.000000 s
      MPI_Win_flush(target rank 0)                 0.000000 s
      reservation call overhead (derived)          0.000000 s

  POSIX positioned writes
    pwrite system calls                                     0
    pwrite system-call bytes                                0
    POSIX pwrite system calls                    0.000000 s
    POSIX pwrite effective bandwidth                0.000 MiB/s

  Output close timing
    MPI_Win_unlock_all                           0.000005 s  (1 calls,     5.350 us/call)
    MPI_Win_free                                 0.000105 s  (1 calls,   105.351 us/call)
    POSIX close                                  0.001517 s  (1 calls,  1516.807 us/call)
================================================================


================ MPI Progress Thread Debug =================
  MPI rank: 000000 / 000024
  lifetime                                        0.831784 s
  MPI_Iprobe calls                                      84
  MPI_Iprobe total                                0.001019 s
  MPI_Iprobe average                                12.135 us
  MPI_Iprobe maximum                              0.000080 s
  calls >= 1 ms                                          0
  calls >= 10 ms                                         0
  calls >= 100 ms                                        0
  calls >= 1 s                                           0
============================================================


================ MPI Progress Thread Debug =================
  MPI rank: 000001 / 000024
  lifetime                                        0.840137 s
  MPI_Iprobe calls                                      84
  MPI_Iprobe total                                0.000817 s
  MPI_Iprobe average                                 9.725 us
  MPI_Iprobe maximum                              0.000034 s
  calls >= 1 ms                                          0
  calls >= 10 ms                                         0
  calls >= 100 ms                                        0
  calls >= 1 s                                           0
============================================================


      reservation call overhead (derived)          0.000000 s

  POSIX positioned writes
    pwrite system calls                                     0
    pwrite system-call bytes                                0
    POSIX pwrite system calls                    0.000000 s
    POSIX pwrite effective bandwidth                0.000 MiB/s

  Output close timing
    MPI_Win_unlock_all                           0.000009 s  (1 calls,     9.201 us/call)
    MPI_Win_free                                 0.000060 s  (1 calls,    60.351 us/call)
    POSIX close                                  0.001006 s  (1 calls,  1006.407 us/call)
================================================================


====================== SWBWA Output Debug =====================
  MPI rank: 000020 / 000024
  mode:     MPI single_unordered
  path:     /home/export/online1/mdt00/shisuan/swls-CFD/guoshi/ylf/SWBWA_dep_20260914/results/startup3_B_3.sam

  Output volume
    output buffer capacity                           67108864
    swbwa_output_write calls                               0
    submitted SAM bytes                                    0
    buffered flushes                                       0
    buffered flush bytes                                   0
    direct oversized writes                                0
    direct oversized bytes                                 0

  Buffering
    buffered flush total                         0.000000 s

  Global offset reservation
    target rank                                             0
    target relationship                                remote
    reservations                                            0
    reservation total                            0.000000 s
      MPI_Fetch_and_op                             0.000000 s
      MPI_Win_flush(target rank 0)                 0.000000 s
      reservation call overhead (derived)          0.000000 s

  POSIX positioned writes
    pwrite system calls                                     0
    pwrite system-call bytes                                0
    POSIX pwrite system calls                    0.000000 s
    POSIX pwrite effective bandwidth                0.000 MiB/s

  Output close timing
    MPI_Win_unlock_all                           0.000006 s  (1 calls,     5.550 us/call)
    MPI_Win_free                                 0.000108 s  (1 calls,   108.451 us/call)
    POSIX close                                  0.001051 s  (1 calls,  1050.957 us/call)
================================================================


====================== SWBWA Output Debug =====================
  MPI rank: 000021 / 000024
  mode:     MPI single_unordered
  path:     /home/export/online1/mdt00/shisuan/swls-CFD/guoshi/ylf/SWBWA_dep_20260914/results/startup3_B_3.sam

  Output volume
    output buffer capacity                           67108864
    swbwa_output_write calls                               0
    submitted SAM bytes                                    0
    buffered flushes                                       0
    buffered flush bytes                                   0
    direct oversized writes                                0
    direct oversized bytes                                 0

  Buffering
    buffered flush total                         0.000000 s

  Global offset reservation
    target rank                                             0
    target relationship                                remote
    reservations                                            0
    reservation total                            0.000000 s
      MPI_Fetch_and_op                             0.000000 s
      MPI_Win_flush(target rank 0)                 0.000000 s
      reservation call overhead (derived)          0.000000 s

  POSIX positioned writes
    pwrite system calls                                     0
    pwrite system-call bytes                                0
    POSIX pwrite system calls                    0.000000 s
    POSIX pwrite effective bandwidth                0.000 MiB/s

  Output close timing
    MPI_Win_unlock_all                           0.000006 s  (1 calls,     6.450 us/call)
    MPI_Win_free                                 0.000109 s  (1 calls,   108.501 us/call)
    POSIX close                                  0.000731 s  (1 calls,   730.755 us/call)
================================================================


====================== SWBWA Output Debug =====================
  MPI rank: 000022 / 000024
  mode:     MPI single_unordered
  path:     /home/export/online1/mdt00/shisuan/swls-CFD/guoshi/ylf/SWBWA_dep_20260914/results/startup3_B_3.sam

  Output volume
    output buffer capacity                           67108864
    swbwa_output_write calls                               0
    submitted SAM bytes                                    0
    buffered flushes                                       0
    buffered flush bytes                                   0
    direct oversized writes                                0
    direct oversized bytes                                 0

  Buffering
    buffered flush total                         0.000000 s

  Global offset reservation
    target rank                                             0
    target relationship                                remote
    reservations                                            0
    reservation total                            0.000000 s
      MPI_Fetch_and_op                             0.000000 s
      MPI_Win_flush(target rank 0)                 0.000000 s
      reservation call overhead (derived)          0.000000 s

  POSIX positioned writes
    pwrite system calls                                     0
    pwrite system-call bytes                                0
    POSIX pwrite system calls                    0.000000 s
    POSIX pwrite effective bandwidth                0.000 MiB/s

  Output close timing
    MPI_Win_unlock_all                           0.000006 s  (1 calls,     6.000 us/call)
    MPI_Win_free                                 0.000108 s  (1 calls,   108.151 us/call)
    POSIX close                                  0.010713 s  (1 calls, 10713.280 us/call)
================================================================


====================== SWBWA Output Debug =====================
  MPI rank: 000023 / 000024
  mode:     MPI single_unordered
  path:     /home/export/online1/mdt00/shisuan/swls-CFD/guoshi/ylf/SWBWA_dep_20260914/results/startup3_B_3.sam

  Output volume
    output buffer capacity                           67108864
    swbwa_output_write calls                               0
    submitted SAM bytes                                    0
    buffered flushes                                       0
    buffered flush bytes                                   0
    direct oversized writes                                0
    direct oversized bytes                                 0

  Buffering
    buffered flush total                         0.000000 s

  Global offset reservation
    target rank                                             0
    target relationship                                remote
    reservations                                            0
    reservation total                            0.000000 s
      MPI_Fetch_and_op                             0.000000 s
      MPI_Win_flush(target rank 0)                 0.000000 s
      reservation call overhead (derived)          0.000000 s

  POSIX positioned writes
    pwrite system calls                                     0
    pwrite system-call bytes                                0
    POSIX pwrite system calls                    0.000000 s
    POSIX pwrite effective bandwidth                0.000 MiB/s

  Output close timing
    MPI_Win_unlock_all                           0.000006 s  (1 calls,     6.400 us/call)
    MPI_Win_free                                 0.000108 s  (1 calls,   108.101 us/call)
    POSIX close                                  0.000826 s  (1 calls,   826.156 us/call)
================================================================


================ MPI Progress Thread Debug =================
  MPI rank: 000002 / 000024
  lifetime                                        0.838216 s
  MPI_Iprobe calls                                      84
  MPI_Iprobe total                                0.000839 s
  MPI_Iprobe average                                 9.991 us
  MPI_Iprobe maximum                              0.000033 s
  calls >= 1 ms                                          0
  calls >= 10 ms                                         0
  calls >= 100 ms                                        0
  calls >= 1 s                                           0
============================================================


================ MPI Progress Thread Debug =================
  MPI rank: 000003 / 000024
  lifetime                                        0.834735 s
  MPI_Iprobe calls                                      84
  MPI_Iprobe total                                0.001923 s
  MPI_Iprobe average                                22.892 us
  MPI_Iprobe maximum                              0.000934 s
  calls >= 1 ms                                          0
  calls >= 10 ms                                         0
  calls >= 100 ms                                        0
  calls >= 1 s                                           0
============================================================


================ MPI Progress Thread Debug =================
  MPI rank: 000006 / 000024
  lifetime                                        0.831026 s
  MPI_Iprobe calls                                      83
  MPI_Iprobe total                                0.002317 s
  MPI_Iprobe average                                27.915 us
  MPI_Iprobe maximum                              0.001450 s
  calls >= 1 ms                                          1
  calls >= 10 ms                                         0
  calls >= 100 ms                                        0
  calls >= 1 s                                           0
============================================================


================ MPI Progress Thread Debug =================
  MPI rank: 000007 / 000024
  lifetime                                        0.839384 s
  MPI_Iprobe calls                                      84
  MPI_Iprobe total                                0.002661 s
  MPI_Iprobe average                                31.678 us
  MPI_Iprobe maximum                              0.000776 s
  calls >= 1 ms                                          0
  calls >= 10 ms                                         0
  calls >= 100 ms                                        0
  calls >= 1 s                                           0
============================================================


================ MPI Progress Thread Debug =================
  MPI rank: 000008 / 000024
  lifetime                                        0.832658 s
  MPI_Iprobe calls                                      84
  MPI_Iprobe total                                0.003058 s
  MPI_Iprobe average                                36.405 us
  MPI_Iprobe maximum                              0.001040 s
  calls >= 1 ms                                          1
  calls >= 10 ms                                         0
  calls >= 100 ms                                        0
  calls >= 1 s                                           0
============================================================


================ MPI Progress Thread Debug =================
  MPI rank: 000009 / 000024
  lifetime                                        0.837781 s
  MPI_Iprobe calls                                      83
  MPI_Iprobe total                                0.000707 s
  MPI_Iprobe average                                 8.515 us
  MPI_Iprobe maximum                              0.000032 s
  calls >= 1 ms                                          0
  calls >= 10 ms                                         0
  calls >= 100 ms                                        0
  calls >= 1 s                                           0
============================================================


================ MPI Progress Thread Debug =================
  MPI rank: 000010 / 000024
  lifetime                                        0.834485 s
  MPI_Iprobe calls                                      84
  MPI_Iprobe total                                0.000715 s
  MPI_Iprobe average                                 8.508 us
  MPI_Iprobe maximum                              0.000037 s
  calls >= 1 ms                                          0
  calls >= 10 ms                                         0
  calls >= 100 ms                                        0
  calls >= 1 s                                           0
============================================================


================ MPI Progress Thread Debug =================
  MPI rank: 000011 / 000024
  lifetime                                        0.836807 s
  MPI_Iprobe calls                                      84
  MPI_Iprobe total                                0.000916 s
  MPI_Iprobe average                                10.906 us
  MPI_Iprobe maximum                              0.000155 s
  calls >= 1 ms                                          0
  calls >= 10 ms                                         0
  calls >= 100 ms                                        0
  calls >= 1 s                                           0
============================================================


================ MPI Progress Thread Debug =================
  MPI rank: 000012 / 000024
  lifetime                                        0.832536 s
  MPI_Iprobe calls                                      84
  MPI_Iprobe total                                0.000899 s
  MPI_Iprobe average                                10.707 us
  MPI_Iprobe maximum                              0.000045 s
  calls >= 1 ms                                          0
  calls >= 10 ms                                         0
  calls >= 100 ms                                        0
  calls >= 1 s                                           0
============================================================


================ MPI Progress Thread Debug =================
  MPI rank: 000013 / 000024
  lifetime                                        0.834506 s
  MPI_Iprobe calls                                      84
  MPI_Iprobe total                                0.000855 s
  MPI_Iprobe average                                10.175 us
  MPI_Iprobe maximum                              0.000064 s
  calls >= 1 ms                                          0
  calls >= 10 ms                                         0
  calls >= 100 ms                                        0
  calls >= 1 s                                           0
============================================================


================ MPI Progress Thread Debug =================
  MPI rank: 000014 / 000024
  lifetime                                        0.836536 s
  MPI_Iprobe calls                                      84
  MPI_Iprobe total                                0.001970 s
  MPI_Iprobe average                                23.451 us
  MPI_Iprobe maximum                              0.001076 s
  calls >= 1 ms                                          1
  calls >= 10 ms                                         0
  calls >= 100 ms                                        0
  calls >= 1 s                                           0
============================================================


================ MPI Progress Thread Debug =================
  MPI rank: 000015 / 000024
  lifetime                                        0.836710 s
  MPI_Iprobe calls                                      84
  MPI_Iprobe total                                0.000738 s
  MPI_Iprobe average                                 8.790 us
  MPI_Iprobe maximum                              0.000047 s
  calls >= 1 ms                                          0
  calls >= 10 ms                                         0
  calls >= 100 ms                                        0
  calls >= 1 s                                           0
============================================================


================ MPI Progress Thread Debug =================
  MPI rank: 000016 / 000024
  lifetime                                        0.820005 s
  MPI_Iprobe calls                                      82
  MPI_Iprobe total                                0.000691 s
  MPI_Iprobe average                                 8.428 us
  MPI_Iprobe maximum                              0.000045 s
  calls >= 1 ms                                          0
  calls >= 10 ms                                         0
  calls >= 100 ms                                        0
  calls >= 1 s                                           0
============================================================


================ MPI Progress Thread Debug =================
  MPI rank: 000017 / 000024
  lifetime                                        0.827696 s
  MPI_Iprobe calls                                      82
  MPI_Iprobe total                                0.011540 s
  MPI_Iprobe average                               140.732 us
  MPI_Iprobe maximum                              0.001513 s
  calls >= 1 ms                                          7
  calls >= 10 ms                                         0
  calls >= 100 ms                                        0
  calls >= 1 s                                           0
============================================================


================ MPI Progress Thread Debug =================
  MPI rank: 000018 / 000024
  lifetime                                        0.829118 s
  MPI_Iprobe calls                                      83
  MPI_Iprobe total                                0.000736 s
  MPI_Iprobe average                                 8.868 us
  MPI_Iprobe maximum                              0.000036 s
  calls >= 1 ms                                          0
  calls >= 10 ms                                         0
  calls >= 100 ms                                        0
  calls >= 1 s                                           0
============================================================


================ MPI Progress Thread Debug =================
  MPI rank: 000019 / 000024
  lifetime                                        0.820036 s
  MPI_Iprobe calls                                      81
  MPI_Iprobe total                                0.011343 s
  MPI_Iprobe average                               140.041 us
  MPI_Iprobe maximum                              0.010002 s
  calls >= 1 ms                                          1
  calls >= 10 ms                                         1
  calls >= 100 ms                                        0
  calls >= 1 s                                           0
============================================================


================ SWBWA CPE/MPI Progress Debug ================
  MPI rank: 000006 / 000024

    phase                      waits     probes   total(s)    avg(us)    max(s)   >=1ms   >=10ms   >=100ms    >=1s  completed
    FASTQ formatting               1          0      0.000      0.000     0.000       0        0         0       0          0
    alignment and SAM length       1          0      0.000      0.000     0.000       0        0         0       0          0
    SAM record generation          1          0      0.000      0.000     0.000       0        0         0       0          0
    all CPE phases                 3          0      0.000      0.000     0.000       0        0         0       0          0

  Probes marked 'completed' returned with the CPE completion
  flag set. Their full call duration bounds the possible delay.
    completion-observing probe total               0.000000 s
    slowest completion-observing probe             0.000000 s
==============================================================


================ SWBWA CPE/MPI Progress Debug ================
  MPI rank: 000007 / 000024

    phase                      waits     probes   total(s)    avg(us)    max(s)   >=1ms   >=10ms   >=100ms    >=1s  completed
    FASTQ formatting               1          0      0.000      0.000     0.000       0        0         0       0          0
    alignment and SAM length       1          0      0.000      0.000     0.000       0        0         0       0          0
    SAM record generation          1          0      0.000      0.000     0.000       0        0         0       0          0
    all CPE phases                 3          0      0.000      0.000     0.000       0        0         0       0          0

  Probes marked 'completed' returned with the CPE completion
  flag set. Their full call duration bounds the possible delay.
    completion-observing probe total               0.000000 s
    slowest completion-observing probe             0.000000 s
==============================================================


================ SWBWA CPE/MPI Progress Debug ================
  MPI rank: 000008 / 000024

    phase                      waits     probes   total(s)    avg(us)    max(s)   >=1ms   >=10ms   >=100ms    >=1s  completed

================ SWBWA CPE/MPI Progress Debug ================
  MPI rank: 000012 / 000024

    phase                      waits     probes   total(s)    avg(us)    max(s)   >=1ms   >=10ms   >=100ms    >=1s  completed
    FASTQ formatting               1          0      0.000      0.000     0.000       0        0         0       0          0
    alignment and SAM length       1          0      0.000      0.000     0.000       0        0         0       0          0
    SAM record generation          1          0      0.000      0.000     0.000       0        0         0       0          0
    all CPE phases                 3          0      0.000      0.000     0.000       0        0         0       0          0

  Probes marked 'completed' returned with the CPE completion
  flag set. Their full call duration bounds the possible delay.
    completion-observing probe total               0.000000 s
    slowest completion-observing probe             0.000000 s
==============================================================


================ SWBWA CPE/MPI Progress Debug ================
  MPI rank: 000013 / 000024

    phase                      waits     probes   total(s)    avg(us)    max(s)   >=1ms   >=10ms   >=100ms    >=1s  completed
    FASTQ formatting               1          0      0.000      0.000     0.000       0        0         0       0          0
    alignment and SAM length       1          0      0.000      0.000     0.000       0        0         0       0          0
    SAM record generation          1          0      0.000      0.000     0.000       0        0         0       0          0
    all CPE phases                 3          0      0.000      0.000     0.000       0        0         0       0          0

  Probes marked 'completed' returned with the CPE completion
  flag set. Their full call duration bounds the possible delay.
    completion-observing probe total               0.000000 s
    slowest completion-observing probe             0.000000 s
==============================================================


================ SWBWA CPE/MPI Progress Debug ================
  MPI rank: 000014 / 000024

    phase                      waits     probes   total(s)    avg(us)    max(s)   >=1ms   >=10ms   >=100ms    >=1s  completed
    FASTQ formatting               1          0      0.000      0.000     0.000       0        0         0       0          0

================ SWBWA CPE/MPI Progress Debug ================
  MPI rank: 000000 / 000024

    phase                      waits     probes   total(s)    avg(us)    max(s)   >=1ms   >=10ms   >=100ms    >=1s  completed
    FASTQ formatting               1          0      0.000      0.000     0.000       0        0         0       0          0
    alignment and SAM length       1          0      0.000      0.000     0.000       0        0         0       0          0
    SAM record generation          1          0      0.000      0.000     0.000       0        0         0       0          0
    all CPE phases                 3          0      0.000      0.000     0.000       0        0         0       0          0

  Probes marked 'completed' returned with the CPE completion
  flag set. Their full call duration bounds the possible delay.
    completion-observing probe total               0.000000 s
    slowest completion-observing probe             0.000000 s
==============================================================


================ SWBWA CPE/MPI Progress Debug ================
  MPI rank: 000001 / 000024

    phase                      waits     probes   total(s)    avg(us)    max(s)   >=1ms   >=10ms   >=100ms    >=1s  completed
    FASTQ formatting               1          0      0.000      0.000     0.000       0        0         0       0          0
    alignment and SAM length       1          0      0.000      0.000     0.000       0        0         0       0          0
    SAM record generation          1          0      0.000      0.000     0.000       0        0         0       0          0
    all CPE phases                 3          0      0.000      0.000     0.000       0        0         0       0          0

  Probes marked 'completed' returned with the CPE completion
  flag set. Their full call duration bounds the possible delay.
    completion-observing probe total               0.000000 s
    slowest completion-observing probe             0.000000 s
==============================================================


================ SWBWA CPE/MPI Progress Debug ================
  MPI rank: 000002 / 000024

    phase                      waits     probes   total(s)    avg(us)    max(s)   >=1ms   >=10ms   >=100ms    >=1s  completed
    FASTQ formatting               1          0      0.000      0.000     0.000       0        0         0       0          0
    alignment and SAM length       1          0      0.000      0.000     0.000       0        0         0       0          0
    SAM record generation          1          0      0.000      0.000     0.000       0        0         0       0          0
    all CPE phases                 3          0      0.000      0.000     0.000       0        0         0       0          0

  Probes marked 'completed' returned with the CPE completion
  flag set. Their full call duration bounds the possible delay.
    completion-observing probe total               0.000000 s
    slowest completion-observing probe             0.000000 s
==============================================================


================ SWBWA CPE/MPI Progress Debug ================
  MPI rank: 000003 / 000024

    phase                      waits     probes   total(s)    avg(us)    max(s)   >=1ms   >=10ms   >=100ms    >=1s  completed
    FASTQ formatting               1          0      0.000      0.000     0.000       0        0         0       0          0
    alignment and SAM length       1          0      0.000      0.000     0.000       0        0         0       0          0
    SAM record generation          1          0      0.000      0.000     0.000       0        0         0       0          0
    all CPE phases                 3          0      0.000      0.000     0.000       0        0         0       0          0

  Probes marked 'completed' returned with the CPE completion
  flag set. Their full call duration bounds the possible delay.
    completion-observing probe total               0.000000 s
    slowest completion-observing probe             0.000000 s
==============================================================


================ MPI Progress Thread Debug =================
  MPI rank: 000004 / 000024
  lifetime                                        0.837849 s
  MPI_Iprobe calls                                      84
  MPI_Iprobe total                                0.000730 s
  MPI_Iprobe average                                 8.695 us
  MPI_Iprobe maximum                              0.000023 s
  calls >= 1 ms                                          0
  calls >= 10 ms                                         0
  calls >= 100 ms                                        0
  calls >= 1 s                                           0
============================================================


================ SWBWA CPE/MPI Progress Debug ================
  MPI rank: 000004 / 000024

    phase                      waits     probes   total(s)    avg(us)    max(s)   >=1ms   >=10ms   >=100ms    >=1s  completed
    FASTQ formatting               1          0      0.000      0.000     0.000       0        0         0       0          0
    alignment and SAM length       1          0      0.000      0.000     0.000       0        0         0       0          0
    SAM record generation          1          0      0.000      0.000     0.000       0        0         0       0          0
    all CPE phases                 3          0      0.000      0.000     0.000       0        0         0       0          0

  Probes marked 'completed' returned with the CPE completion
  flag set. Their full call duration bounds the possible delay.
    completion-observing probe total               0.000000 s
    slowest completion-observing probe             0.000000 s
==============================================================


================ MPI Progress Thread Debug =================
  MPI rank: 000005 / 000024
  lifetime                                        0.834559 s
  MPI_Iprobe calls                                      83
  MPI_Iprobe total                                0.002248 s
  MPI_Iprobe average                                27.090 us
  MPI_Iprobe maximum                              0.000760 s
  calls >= 1 ms                                          0
  calls >= 10 ms                                         0
  calls >= 100 ms                                        0
  calls >= 1 s                                           0
============================================================


================ SWBWA CPE/MPI Progress Debug ================
  MPI rank: 000005 / 000024

    phase                      waits     probes   total(s)    avg(us)    max(s)   >=1ms   >=10ms   >=100ms    >=1s  completed
    FASTQ formatting               1          0      0.000      0.000     0.000       0        0         0       0          0
    alignment and SAM length       1          0      0.000      0.000     0.000       0        0         0       0          0
    SAM record generation          1          0      0.000      0.000     0.000       0        0         0       0          0
    all CPE phases                 3          0      0.000      0.000     0.000       0        0         0       0          0

  Probes marked 'completed' returned with the CPE completion
  flag set. Their full call duration bounds the possible delay.
    completion-observing probe total               0.000000 s
    slowest completion-observing probe             0.000000 s
==============================================================

    alignment and SAM length       1          0      0.000      0.000     0.000       0        0         0       0          0
    SAM record generation          1          0      0.000      0.000     0.000       0        0         0       0          0
    all CPE phases                 3          0      0.000      0.000     0.000       0        0         0       0          0

  Probes marked 'completed' returned with the CPE completion
  flag set. Their full call duration bounds the possible delay.
    completion-observing probe total               0.000000 s
    slowest completion-observing probe             0.000000 s
==============================================================


================ SWBWA CPE/MPI Progress Debug ================
  MPI rank: 000015 / 000024

    phase                      waits     probes   total(s)    avg(us)    max(s)   >=1ms   >=10ms   >=100ms    >=1s  completed
    FASTQ formatting               1          0      0.000      0.000     0.000       0        0         0       0          0
    alignment and SAM length       1          0      0.000      0.000     0.000       0        0         0       0          0
    SAM record generation          1          0      0.000      0.000     0.000       0        0         0       0          0
    all CPE phases                 3          0      0.000      0.000     0.000       0        0         0       0          0

  Probes marked 'completed' returned with the CPE completion
  flag set. Their full call duration bounds the possible delay.
    completion-observing probe total               0.000000 s
    slowest completion-observing probe             0.000000 s
==============================================================


================ SWBWA CPE/MPI Progress Debug ================
  MPI rank: 000016 / 000024

    phase                      waits     probes   total(s)    avg(us)    max(s)   >=1ms   >=10ms   >=100ms    >=1s  completed
    FASTQ formatting               0          0      0.000      0.000     0.000       0        0         0       0          0
    alignment and SAM length       0          0      0.000      0.000     0.000       0        0         0       0          0
    SAM record generation          0          0      0.000      0.000     0.000       0        0         0       0          0
    all CPE phases                 0          0      0.000      0.000     0.000       0        0         0       0          0

  Probes marked 'completed' returned with the CPE completion
  flag set. Their full call duration bounds the possible delay.
    completion-observing probe total               0.000000 s
    slowest completion-observing probe             0.000000 s
==============================================================


================ SWBWA CPE/MPI Progress Debug ================
  MPI rank: 000017 / 000024

    phase                      waits     probes   total(s)    avg(us)    max(s)   >=1ms   >=10ms   >=100ms    >=1s  completed
    FASTQ formatting               0          0      0.000      0.000     0.000       0        0         0       0          0
    alignment and SAM length       0          0      0.000      0.000     0.000       0        0         0       0          0
    SAM record generation          0          0      0.000      0.000     0.000       0        0         0       0          0
    all CPE phases                 0          0      0.000      0.000     0.000       0        0         0       0          0

  Probes marked 'completed' returned with the CPE completion
  flag set. Their full call duration bounds the possible delay.
    completion-observing probe total               0.000000 s
    slowest completion-observing probe             0.000000 s
==============================================================


================ SWBWA CPE/MPI Progress Debug ================
  MPI rank: 000018 / 000024

    phase                      waits     probes   total(s)    avg(us)    max(s)   >=1ms   >=10ms   >=100ms    >=1s  completed
    FASTQ formatting               0          0      0.000      0.000     0.000       0        0         0       0          0
    alignment and SAM length       0          0      0.000      0.000     0.000       0        0         0       0          0
    SAM record generation          0          0      0.000      0.000     0.000       0        0         0       0          0
    all CPE phases                 0          0      0.000      0.000     0.000       0        0         0       0          0

  Probes marked 'completed' returned with the CPE completion
  flag set. Their full call duration bounds the possible delay.
    completion-observing probe total               0.000000 s
    slowest completion-observing probe             0.000000 s
==============================================================


================ SWBWA CPE/MPI Progress Debug ================
  MPI rank: 000019 / 000024

    phase                      waits     probes   total(s)    avg(us)    max(s)   >=1ms   >=10ms   >=100ms    >=1s  completed

================ MPI Progress Thread Debug =================
  MPI rank: 000020 / 000024
  lifetime                                        0.830004 s
  MPI_Iprobe calls                                      82
  MPI_Iprobe total                                0.010626 s
  MPI_Iprobe average                               129.586 us
  MPI_Iprobe maximum                              0.009989 s
  calls >= 1 ms                                          1
  calls >= 10 ms                                         0
  calls >= 100 ms                                        0
  calls >= 1 s                                           0
============================================================


================ MPI Progress Thread Debug =================
  MPI rank: 000021 / 000024
  lifetime                                        0.830012 s
  MPI_Iprobe calls                                      82
  MPI_Iprobe total                                0.010669 s
  MPI_Iprobe average                               130.107 us
  MPI_Iprobe maximum                              0.010006 s
  calls >= 1 ms                                          1
  calls >= 10 ms                                         1
  calls >= 100 ms                                        0
  calls >= 1 s                                           0
============================================================


================ MPI Progress Thread Debug =================
  MPI rank: 000022 / 000024
  lifetime                                        0.820013 s
  MPI_Iprobe calls                                      81
  MPI_Iprobe total                                0.010635 s
  MPI_Iprobe average                               131.302 us
  MPI_Iprobe maximum                              0.010002 s
  calls >= 1 ms                                          1
  calls >= 10 ms                                         1
  calls >= 100 ms                                        0
  calls >= 1 s                                           0
============================================================


================ MPI Progress Thread Debug =================
  MPI rank: 000023 / 000024
  lifetime                                        0.820015 s
  MPI_Iprobe calls                                      81
  MPI_Iprobe total                                0.010713 s
  MPI_Iprobe average                               132.262 us
  MPI_Iprobe maximum                              0.010003 s
  calls >= 1 ms                                          1
  calls >= 10 ms                                         1
  calls >= 100 ms                                        0
  calls >= 1 s                                           0
============================================================

    FASTQ formatting               0          0      0.000      0.000     0.000       0        0         0       0          0
    alignment and SAM length       0          0      0.000      0.000     0.000       0        0         0       0          0
    SAM record generation          0          0      0.000      0.000     0.000       0        0         0       0          0
    all CPE phases                 0          0      0.000      0.000     0.000       0        0         0       0          0

  Probes marked 'completed' returned with the CPE completion
  flag set. Their full call duration bounds the possible delay.
    completion-observing probe total               0.000000 s
    slowest completion-observing probe             0.000000 s
==============================================================

    FASTQ formatting               1          0      0.000      0.000     0.000       0        0         0       0          0

================ SWBWA CPE/MPI Progress Debug ================
  MPI rank: 000020 / 000024

    phase                      waits     probes   total(s)    avg(us)    max(s)   >=1ms   >=10ms   >=100ms    >=1s  completed
    FASTQ formatting               0          0      0.000      0.000     0.000       0        0         0       0          0
    alignment and SAM length       1          0      0.000      0.000     0.000       0        0         0       0          0
    SAM record generation          1          0      0.000      0.000     0.000       0        0         0       0          0
    all CPE phases                 3          0      0.000      0.000     0.000       0        0         0       0          0

  Probes marked 'completed' returned with the CPE completion
  flag set. Their full call duration bounds the possible delay.
    completion-observing probe total               0.000000 s
    slowest completion-observing probe             0.000000 s
==============================================================


================ SWBWA CPE/MPI Progress Debug ================
  MPI rank: 000009 / 000024

    phase                      waits     probes   total(s)    avg(us)    max(s)   >=1ms   >=10ms   >=100ms    >=1s  completed
    FASTQ formatting               1          0      0.000      0.000     0.000       0        0         0       0          0
    alignment and SAM length       1          0      0.000      0.000     0.000       0        0         0       0          0
    SAM record generation          1          0      0.000      0.000     0.000       0        0         0       0          0
    all CPE phases                 3          0      0.000      0.000     0.000       0        0         0       0          0

  Probes marked 'completed' returned with the CPE completion
  flag set. Their full call duration bounds the possible delay.
    completion-observing probe total               0.000000 s
    slowest completion-observing probe             0.000000 s
==============================================================


================ SWBWA CPE/MPI Progress Debug ================
  MPI rank: 000010 / 000024

    phase                      waits     probes   total(s)    avg(us)    max(s)   >=1ms   >=10ms   >=100ms    >=1s  completed
    FASTQ formatting               1          0      0.000      0.000     0.000       0        0         0       0          0
    alignment and SAM length       1          0      0.000      0.000     0.000       0        0         0       0          0
    SAM record generation          1          0      0.000      0.000     0.000       0        0         0       0          0
    all CPE phases                 3          0      0.000      0.000     0.000       0        0         0       0          0

  Probes marked 'completed' returned with the CPE completion
  flag set. Their full call duration bounds the possible delay.
    completion-observing probe total               0.000000 s
    slowest completion-observing probe             0.000000 s
==============================================================


================ SWBWA CPE/MPI Progress Debug ================
  MPI rank: 000011 / 000024

    phase                      waits     probes   total(s)    avg(us)    max(s)   >=1ms   >=10ms   >=100ms    >=1s  completed
    FASTQ formatting               1          0      0.000      0.000     0.000       0        0         0       0          0
    alignment and SAM length       1          0      0.000      0.000     0.000       0        0         0       0          0
    SAM record generation          1          0      0.000      0.000     0.000       0        0         0       0          0
    all CPE phases                 3          0      0.000      0.000     0.000       0        0         0       0          0

  Probes marked 'completed' returned with the CPE completion
  flag set. Their full call duration bounds the possible delay.
    completion-observing probe total               0.000000 s
    slowest completion-observing probe             0.000000 s
==============================================================

    alignment and SAM length       0          0      0.000      0.000     0.000       0        0         0       0          0
    SAM record generation          0          0      0.000      0.000     0.000       0        0         0       0          0
    all CPE phases                 0          0      0.000      0.000     0.000       0        0         0       0          0

  Probes marked 'completed' returned with the CPE completion
  flag set. Their full call duration bounds the possible delay.
    completion-observing probe total               0.000000 s
    slowest completion-observing probe             0.000000 s
==============================================================


================ SWBWA CPE/MPI Progress Debug ================
  MPI rank: 000021 / 000024

    phase                      waits     probes   total(s)    avg(us)    max(s)   >=1ms   >=10ms   >=100ms    >=1s  completed
    FASTQ formatting               0          0      0.000      0.000     0.000       0        0         0       0          0
    alignment and SAM length       0          0      0.000      0.000     0.000       0        0         0       0          0
    SAM record generation          0          0      0.000      0.000     0.000       0        0         0       0          0
    all CPE phases                 0          0      0.000      0.000     0.000       0        0         0       0          0

  Probes marked 'completed' returned with the CPE completion
  flag set. Their full call duration bounds the possible delay.
    completion-observing probe total               0.000000 s
    slowest completion-observing probe             0.000000 s
==============================================================


================ SWBWA CPE/MPI Progress Debug ================
  MPI rank: 000022 / 000024

    phase                      waits     probes   total(s)    avg(us)    max(s)   >=1ms   >=10ms   >=100ms    >=1s  completed
    FASTQ formatting               0          0      0.000      0.000     0.000       0        0         0       0          0
    alignment and SAM length       0          0      0.000      0.000     0.000       0        0         0       0          0
    SAM record generation          0          0      0.000      0.000     0.000       0        0         0       0          0
    all CPE phases                 0          0      0.000      0.000     0.000       0        0         0       0          0

  Probes marked 'completed' returned with the CPE completion
  flag set. Their full call duration bounds the possible delay.
    completion-observing probe total               0.000000 s
    slowest completion-observing probe             0.000000 s
==============================================================


================ SWBWA CPE/MPI Progress Debug ================
  MPI rank: 000023 / 000024

    phase                      waits     probes   total(s)    avg(us)    max(s)   >=1ms   >=10ms   >=100ms    >=1s  completed
    FASTQ formatting               0          0      0.000      0.000     0.000       0        0         0       0          0
    alignment and SAM length       0          0      0.000      0.000     0.000       0        0         0       0          0
    SAM record generation          0          0      0.000      0.000     0.000       0        0         0       0          0
    all CPE phases                 0          0      0.000      0.000     0.000       0        0         0       0          0

  Probes marked 'completed' returned with the CPE completion
  flag set. Their full call duration bounds the possible delay.
    completion-observing probe total               0.000000 s
    slowest completion-observing probe             0.000000 s
==============================================================


======================= SWBWA Timing Report =======================
  MPI rank: 000000 / 000024
  Accumulated wall-clock time; indented rows are included in
  their parent row and must not be added to it.

  Pipeline
    total - complete three-stage pipeline                     0.833 s
    stage 1 - allocate and read raw FASTQ blocks              0.211 s
    stage 2 - align reads and generate SAM records            0.509 s
    stage 3 - write SAM and release batch data                0.002 s
      SAM output writes                                         0.001 s
      batch cleanup and loop overhead (derived)                 0.001 s

  Stage 1 input details
    batches completed / stage calls                       1 / 2
    input-buffer and batch allocations                        0.000 s  (4 calls, max 0.000 s)
    aggregate requested allocation bytes               462136
    FASTQ fseeko calls                                        0.000 s  (2 calls, max 0.000 s)
    FASTQ fread calls                                         0.073 s  (2 calls, max 0.040 s)
    align chunk ends to FASTQ record boundaries               0.000 s  (0 calls, max 0.000 s)
    scheduler, checks and bookkeeping (derived)               0.138 s
    raw FASTQ bytes read                               459960  (0.439 MiB)
    effective fread bandwidth                          6.029 MiB/s
    slowest allocation                                 0.000 s  (231004 bytes)
    slowest fread                                      0.040 s  (R1 offset=0, bytes=229980)

  Stage 2 worker details
    total - active merge worker                               0.509 s
      part 1 - prepare CPE task and reusable buffers            0.012 s
      part 2 - CPE FASTQ formatting and input release           0.008 s
      part 3 - CPE alignment and SAM length pass                0.479 s
      part 4 - assign slices in the shared SAM buffer           0.000 s
      part 5 - CPE SAM record generation                        0.010 s
      part 6 - release temporary worker data                    0.000 s

  Reserved allocator timers (no active timing sites)
    malloc timer                                              0.000 s
    free timer                                                0.000 s
===================================================================


======================= SWBWA Timing Report =======================
  MPI rank: 000001 / 000024
  Accumulated wall-clock time; indented rows are included in
  their parent row and must not be added to it.

  Pipeline
    total - complete three-stage pipeline                     0.841 s
    stage 1 - allocate and read raw FASTQ blocks              0.296 s
    stage 2 - align reads and generate SAM records            0.287 s
    stage 3 - write SAM and release batch data                0.001 s
      SAM output writes                                         0.001 s
      batch cleanup and loop overhead (derived)                 0.000 s

  Stage 1 input details
    batches completed / stage calls                       1 / 2
    input-buffer and batch allocations                        0.000 s  (4 calls, max 0.000 s)
    aggregate requested allocation bytes               461456
    FASTQ fseeko calls                                        0.011 s  (2 calls, max 0.008 s)
    FASTQ fread calls                                         0.062 s  (2 calls, max 0.032 s)
    align chunk ends to FASTQ record boundaries               0.000 s  (0 calls, max 0.000 s)
    scheduler, checks and bookkeeping (derived)               0.223 s
    raw FASTQ bytes read                               459280  (0.438 MiB)
    effective fread bandwidth                          7.027 MiB/s
    slowest allocation                                 0.000 s  (230664 bytes)
    slowest fread                                      0.032 s  (R1 offset=229980, bytes=229640)

  Stage 2 worker details
    total - active merge worker                               0.287 s
      part 1 - prepare CPE task and reusable buffers            0.011 s
      part 2 - CPE FASTQ formatting and input release           0.006 s
      part 3 - CPE alignment and SAM length pass                0.260 s
      part 4 - assign slices in the shared SAM buffer           0.000 s
      part 5 - CPE SAM record generation                        0.010 s
      part 6 - release temporary worker data                    0.000 s

  Reserved allocator timers (no active timing sites)
    malloc timer                                              0.000 s
    free timer                                                0.000 s
===================================================================


======================= SWBWA Timing Report =======================
  MPI rank: 000002 / 000024
  Accumulated wall-clock time; indented rows are included in
  their parent row and must not be added to it.

  Pipeline
    total - complete three-stage pipeline                     0.839 s
    stage 1 - allocate and read raw FASTQ blocks              0.187 s
    stage 2 - align reads and generate SAM records            0.396 s
    stage 3 - write SAM and release batch data                0.001 s
      SAM output writes                                         0.001 s
      batch cleanup and loop overhead (derived)                 0.000 s

  Stage 1 input details
    batches completed / stage calls                       1 / 2
    input-buffer and batch allocations                        0.000 s  (4 calls, max 0.000 s)
    aggregate requested allocation bytes               461440
    FASTQ fseeko calls                                        0.016 s  (2 calls, max 0.011 s)
    FASTQ fread calls                                         0.058 s  (2 calls, max 0.030 s)
    align chunk ends to FASTQ record boundaries               0.000 s  (0 calls, max 0.000 s)
    scheduler, checks and bookkeeping (derived)               0.114 s
    raw FASTQ bytes read                               459264  (0.438 MiB)
    effective fread bandwidth                          7.595 MiB/s
    slowest allocation                                 0.000 s  (230656 bytes)
    slowest fread                                      0.030 s  (R1 offset=459620, bytes=229632)

  Stage 2 worker details
    total - active merge worker                               0.396 s
      part 1 - prepare CPE task and reusable buffers            0.012 s
      part 2 - CPE FASTQ formatting and input release           0.004 s
      part 3 - CPE alignment and SAM length pass                0.370 s
      part 4 - assign slices in the shared SAM buffer           0.001 s
      part 5 - CPE SAM record generation                        0.009 s
      part 6 - release temporary worker data                    0.000 s

  Reserved allocator timers (no active timing sites)
    malloc timer                                              0.000 s
    free timer                                                0.000 s
===================================================================


======================= SWBWA Timing Report =======================
  MPI rank: 000003 / 000024
  Accumulated wall-clock time; indented rows are included in
  their parent row and must not be added to it.

  Pipeline
    total - complete three-stage pipeline                     0.835 s
    stage 1 - allocate and read raw FASTQ blocks              0.211 s
    stage 2 - align reads and generate SAM records            0.373 s
    stage 3 - write SAM and release batch data                0.001 s
      SAM output writes                                         0.001 s
      batch cleanup and loop overhead (derived)                 0.000 s

  Stage 1 input details
    batches completed / stage calls                       1 / 2
    input-buffer and batch allocations                        0.000 s  (4 calls, max 0.000 s)
    aggregate requested allocation bytes               462176
    FASTQ fseeko calls                                        0.020 s  (2 calls, max 0.013 s)
    FASTQ fread calls                                         0.054 s  (2 calls, max 0.027 s)
    align chunk ends to FASTQ record boundaries               0.000 s  (0 calls, max 0.000 s)
    scheduler, checks and bookkeeping (derived)               0.137 s
    raw FASTQ bytes read                               460000  (0.439 MiB)
    effective fread bandwidth                          8.182 MiB/s
    slowest allocation                                 0.000 s  (64 bytes)
    slowest fread                                      0.027 s  (R1 offset=689252, bytes=230000)

  Stage 2 worker details
    total - active merge worker                               0.372 s
      part 1 - prepare CPE task and reusable buffers            0.012 s
      part 2 - CPE FASTQ formatting and input release           0.010 s
      part 3 - CPE alignment and SAM length pass                0.340 s
      part 4 - assign slices in the shared SAM buffer           0.001 s
      part 5 - CPE SAM record generation                        0.009 s
      part 6 - release temporary worker data                    0.000 s

  Reserved allocator timers (no active timing sites)
    malloc timer                                              0.000 s
    free timer                                                0.000 s
===================================================================


======================= SWBWA Timing Report =======================
  MPI rank: 000004 / 000024
  Accumulated wall-clock time; indented rows are included in
  their parent row and must not be added to it.

  Pipeline
    total - complete three-stage pipeline                     0.838 s
    stage 1 - allocate and read raw FASTQ blocks              0.268 s
    stage 2 - align reads and generate SAM records            0.316 s
    stage 3 - write SAM and release batch data                0.001 s
      SAM output writes                                         0.001 s
      batch cleanup and loop overhead (derived)                 0.000 s

  Stage 1 input details
    batches completed / stage calls                       1 / 2
    input-buffer and batch allocations                        0.000 s  (4 calls, max 0.000 s)
    aggregate requested allocation bytes               461440
    FASTQ fseeko calls                                        0.025 s  (2 calls, max 0.015 s)
    FASTQ fread calls                                         0.048 s  (2 calls, max 0.025 s)
    align chunk ends to FASTQ record boundaries               0.000 s  (0 calls, max 0.000 s)
    scheduler, checks and bookkeeping (derived)               0.194 s
    raw FASTQ bytes read                               459264  (0.438 MiB)
    effective fread bandwidth                          9.077 MiB/s
    slowest allocation                                 0.000 s  (230656 bytes)
    slowest fread                                      0.025 s  (R1 offset=919252, bytes=229632)

  Stage 2 worker details
    total - active merge worker                               0.315 s
      part 1 - prepare CPE task and reusable buffers            0.011 s
      part 2 - CPE FASTQ formatting and input release           0.003 s
      part 3 - CPE alignment and SAM length pass                0.290 s
      part 4 - assign slices in the shared SAM buffer           0.001 s
      part 5 - CPE SAM record generation                        0.009 s
      part 6 - release temporary worker data                    0.000 s

  Reserved allocator timers (no active timing sites)
    malloc timer                                              0.000 s
    free timer                                                0.000 s
===================================================================


======================= SWBWA Timing Report =======================
  MPI rank: 000005 / 000024
  Accumulated wall-clock time; indented rows are included in
  their parent row and must not be added to it.

  Pipeline
    total - complete three-stage pipeline                     0.835 s
    stage 1 - allocate and read raw FASTQ blocks              0.145 s
    stage 2 - align reads and generate SAM records            0.482 s
    stage 3 - write SAM and release batch data                0.001 s
      SAM output writes                                         0.001 s

======================= SWBWA Timing Report =======================
  MPI rank: 000006 / 000024
  Accumulated wall-clock time; indented rows are included in
  their parent row and must not be added to it.

  Pipeline
    total - complete three-stage pipeline                     0.833 s
    stage 1 - allocate and read raw FASTQ blocks              0.286 s
    stage 2 - align reads and generate SAM records            0.297 s
    stage 3 - write SAM and release batch data                0.001 s
      SAM output writes                                         0.001 s
      batch cleanup and loop overhead (derived)                 0.000 s

  Stage 1 input details
    batches completed / stage calls                       1 / 2
    input-buffer and batch allocations                        0.000 s  (4 calls, max 0.000 s)
    aggregate requested allocation bytes               461440
    FASTQ fseeko calls                                        0.026 s  (2 calls, max 0.015 s)
    FASTQ fread calls                                         0.040 s  (2 calls, max 0.022 s)
    align chunk ends to FASTQ record boundaries               0.000 s  (0 calls, max 0.000 s)
    scheduler, checks and bookkeeping (derived)               0.220 s
    raw FASTQ bytes read                               459264  (0.438 MiB)
    effective fread bandwidth                         10.912 MiB/s
    slowest allocation                                 0.000 s  (230656 bytes)
    slowest fread                                      0.022 s  (R1 offset=1378516, bytes=229632)

  Stage 2 worker details
    total - active merge worker                               0.297 s
      part 1 - prepare CPE task and reusable buffers            0.012 s
      part 2 - CPE FASTQ formatting and input release           0.006 s
      part 3 - CPE alignment and SAM length pass                0.270 s
      part 4 - assign slices in the shared SAM buffer           0.000 s
      part 5 - CPE SAM record generation                        0.010 s
      part 6 - release temporary worker data                    0.000 s

  Reserved allocator timers (no active timing sites)
    malloc timer                                              0.000 s
    free timer                                                0.000 s
===================================================================


======================= SWBWA Timing Report =======================
  MPI rank: 000007 / 000024
  Accumulated wall-clock time; indented rows are included in
  their parent row and must not be added to it.

  Pipeline
    total - complete three-stage pipeline                     0.840 s
    stage 1 - allocate and read raw FASTQ blocks              0.218 s
    stage 2 - align reads and generate SAM records            0.365 s
    stage 3 - write SAM and release batch data                0.001 s
      SAM output writes                                         0.001 s
      batch cleanup and loop overhead (derived)                 0.000 s

  Stage 1 input details
    batches completed / stage calls                       1 / 2
    input-buffer and batch allocations                        0.000 s  (4 calls, max 0.000 s)
    aggregate requested allocation bytes               462176
    FASTQ fseeko calls                                        0.029 s  (2 calls, max 0.017 s)
    FASTQ fread calls                                         0.037 s  (2 calls, max 0.020 s)
    align chunk ends to FASTQ record boundaries               0.000 s  (0 calls, max 0.000 s)
    scheduler, checks and bookkeeping (derived)               0.153 s
    raw FASTQ bytes read                               460000  (0.439 MiB)
    effective fread bandwidth                         11.993 MiB/s
    slowest allocation                                 0.000 s  (231024 bytes)
    slowest fread                                      0.020 s  (R1 offset=1608148, bytes=230000)

  Stage 2 worker details
    total - active merge worker                               0.365 s
      part 1 - prepare CPE task and reusable buffers            0.012 s
      part 2 - CPE FASTQ formatting and input release           0.003 s
      part 3 - CPE alignment and SAM length pass                0.340 s
      part 4 - assign slices in the shared SAM buffer           0.001 s
      part 5 - CPE SAM record generation                        0.009 s
      part 6 - release temporary worker data                    0.000 s

  Reserved allocator timers (no active timing sites)
    malloc timer                                              0.000 s
    free timer                                                0.000 s
===================================================================


======================= SWBWA Timing Report =======================
  MPI rank: 000008 / 000024
  Accumulated wall-clock time; indented rows are included in
  their parent row and must not be added to it.

  Pipeline
    total - complete three-stage pipeline                     0.833 s
    stage 1 - allocate and read raw FASTQ blocks              0.306 s
    stage 2 - align reads and generate SAM records            0.318 s
    stage 3 - write SAM and release batch data                0.001 s
      SAM output writes                                         0.001 s
      batch cleanup and loop overhead (derived)                 0.000 s

  Stage 1 input details
    batches completed / stage calls                       1 / 2
    input-buffer and batch allocations                        0.000 s  (4 calls, max 0.000 s)
    aggregate requested allocation bytes               461440
    FASTQ fseeko calls                                        0.033 s  (2 calls, max 0.019 s)
    FASTQ fread calls                                         0.033 s  (2 calls, max 0.018 s)
    align chunk ends to FASTQ record boundaries               0.000 s  (0 calls, max 0.000 s)
    scheduler, checks and bookkeeping (derived)               0.240 s

======================= SWBWA Timing Report =======================
  MPI rank: 000012 / 000024
  Accumulated wall-clock time; indented rows are included in
  their parent row and must not be added to it.

  Pipeline
    total - complete three-stage pipeline                     0.833 s
    stage 1 - allocate and read raw FASTQ blocks              0.348 s
    stage 2 - align reads and generate SAM records            0.372 s
    stage 3 - write SAM and release batch data                0.001 s
      SAM output writes                                         0.001 s
      batch cleanup and loop overhead (derived)                 0.000 s

  Stage 1 input details
    batches completed / stage calls                       1 / 2
    input-buffer and batch allocations                        0.000 s  (4 calls, max 0.000 s)
    aggregate requested allocation bytes               462176
    FASTQ fseeko calls                                        0.129 s  (2 calls, max 0.069 s)
    FASTQ fread calls                                         0.032 s  (2 calls, max 0.022 s)
    align chunk ends to FASTQ record boundaries               0.000 s  (0 calls, max 0.000 s)
    scheduler, checks and bookkeeping (derived)               0.186 s
    raw FASTQ bytes read                               460000  (0.439 MiB)
    effective fread bandwidth                         13.574 MiB/s
    slowest allocation                                 0.000 s  (231024 bytes)
    slowest fread                                      0.022 s  (R2 offset=2756676, bytes=230000)

  Stage 2 worker details
    total - active merge worker                               0.372 s
      part 1 - prepare CPE task and reusable buffers            0.012 s
      part 2 - CPE FASTQ formatting and input release           0.010 s
      part 3 - CPE alignment and SAM length pass                0.340 s
      part 4 - assign slices in the shared SAM buffer           0.001 s
      part 5 - CPE SAM record generation                        0.009 s
      part 6 - release temporary worker data                    0.000 s

  Reserved allocator timers (no active timing sites)
    malloc timer                                              0.000 s
    free timer                                                0.000 s
      batch cleanup and loop overhead (derived)                 0.000 s

  Stage 1 input details
    batches completed / stage calls                       1 / 2
    input-buffer and batch allocations                        0.000 s  (4 calls, max 0.000 s)
    aggregate requested allocation bytes               461440
    FASTQ fseeko calls                                        0.028 s  (2 calls, max 0.017 s)
    FASTQ fread calls                                         0.046 s  (2 calls, max 0.024 s)
    align chunk ends to FASTQ record boundaries               0.000 s  (0 calls, max 0.000 s)
    scheduler, checks and bookkeeping (derived)               0.072 s
    raw FASTQ bytes read                               459264  (0.438 MiB)
    effective fread bandwidth                          9.560 MiB/s
    slowest allocation                                 0.000 s  (230656 bytes)
    slowest fread                                      0.024 s  (R1 offset=1148884, bytes=229632)

  Stage 2 worker details
    total - active merge worker                               0.482 s
      part 1 - prepare CPE task and reusable buffers            0.012 s
      part 2 - CPE FASTQ formatting and input release           0.010 s
      part 3 - CPE alignment and SAM length pass                0.450 s
      part 4 - assign slices in the shared SAM buffer           0.001 s
      part 5 - CPE SAM record generation                        0.009 s
      part 6 - release temporary worker data                    0.000 s

  Reserved allocator timers (no active timing sites)
    malloc timer                                              0.000 s
    free timer                                                0.000 s
===================================================================

===================================================================


======================= SWBWA Timing Report =======================
  MPI rank: 000013 / 000024
  Accumulated wall-clock time; indented rows are included in
  their parent row and must not be added to it.

  Pipeline
    total - complete three-stage pipeline                     0.835 s
    stage 1 - allocate and read raw FASTQ blocks              0.245 s
    stage 2 - align reads and generate SAM records            0.354 s
    stage 3 - write SAM and release batch data                0.001 s
      SAM output writes                                         0.001 s
      batch cleanup and loop overhead (derived)                 0.000 s

  Stage 1 input details
    batches completed / stage calls                       1 / 2
    input-buffer and batch allocations                        0.000 s  (4 calls, max 0.000 s)
    aggregate requested allocation bytes               461440
    FASTQ fseeko calls                                        0.132 s  (2 calls, max 0.070 s)
    FASTQ fread calls                                         0.029 s  (2 calls, max 0.020 s)
    align chunk ends to FASTQ record boundaries               0.000 s  (0 calls, max 0.000 s)
    scheduler, checks and bookkeeping (derived)               0.083 s
    raw FASTQ bytes read                               459264  (0.438 MiB)
    effective fread bandwidth                         14.893 MiB/s
    slowest allocation                                 0.000 s  (230656 bytes)
    slowest fread                                      0.020 s  (R2 offset=2986676, bytes=229632)

  Stage 2 worker details
    total - active merge worker                               0.354 s
      part 1 - prepare CPE task and reusable buffers            0.012 s
      part 2 - CPE FASTQ formatting and input release           0.002 s
      part 3 - CPE alignment and SAM length pass                0.330 s
      part 4 - assign slices in the shared SAM buffer           0.001 s
      part 5 - CPE SAM record generation                        0.009 s
      part 6 - release temporary worker data                    0.000 s

  Reserved allocator timers (no active timing sites)
    malloc timer                                              0.000 s
    free timer                                                0.000 s
===================================================================


======================= SWBWA Timing Report =======================
  MPI rank: 000014 / 000024
  Accumulated wall-clock time; indented rows are included in
  their parent row and must not be added to it.

  Pipeline
    total - complete three-stage pipeline                     0.837 s
    stage 1 - allocate and read raw FASTQ blocks              0.344 s
    stage 2 - align reads and generate SAM records            0.376 s
    stage 3 - write SAM and release batch data                0.001 s
      SAM output writes                                         0.001 s
      batch cleanup and loop overhead (derived)                 0.000 s

  Stage 1 input details
    batches completed / stage calls                       1 / 2
    input-buffer and batch allocations                        0.000 s  (4 calls, max 0.000 s)
    aggregate requested allocation bytes               461440
    FASTQ fseeko calls                                        0.135 s  (2 calls, max 0.072 s)
    FASTQ fread calls                                         0.026 s  (2 calls, max 0.019 s)
    align chunk ends to FASTQ record boundaries               0.000 s  (0 calls, max 0.000 s)
    raw FASTQ bytes read                               459264  (0.438 MiB)
    effective fread bandwidth                         13.396 MiB/s
    slowest allocation                                 0.000 s  (230656 bytes)
    slowest fread                                      0.018 s  (R1 offset=1838148, bytes=229632)

  Stage 2 worker details
    total - active merge worker                               0.318 s
      part 1 - prepare CPE task and reusable buffers            0.012 s
      part 2 - CPE FASTQ formatting and input release           0.006 s
      part 3 - CPE alignment and SAM length pass                0.290 s
      part 4 - assign slices in the shared SAM buffer           0.000 s
      part 5 - CPE SAM record generation                        0.010 s
      part 6 - release temporary worker data                    0.000 s

  Reserved allocator timers (no active timing sites)
    malloc timer                                              0.000 s
    free timer                                                0.000 s
===================================================================


======================= SWBWA Timing Report =======================
  MPI rank: 000009 / 000024
  Accumulated wall-clock time; indented rows are included in
  their parent row and must not be added to it.

  Pipeline
    total - complete three-stage pipeline                     0.838 s
    stage 1 - allocate and read raw FASTQ blocks              0.281 s
    stage 2 - align reads and generate SAM records            0.302 s
    stage 3 - write SAM and release batch data                0.001 s
      SAM output writes                                         0.001 s
      batch cleanup and loop overhead (derived)                 0.001 s

  Stage 1 input details
    batches completed / stage calls                       1 / 2
    input-buffer and batch allocations                        0.000 s  (4 calls, max 0.000 s)
    aggregate requested allocation bytes               461440
    FASTQ fseeko calls                                        0.036 s  (2 calls, max 0.021 s)
    FASTQ fread calls                                         0.030 s  (2 calls, max 0.016 s)
    align chunk ends to FASTQ record boundaries               0.000 s  (0 calls, max 0.000 s)
    scheduler, checks and bookkeeping (derived)               0.215 s
    raw FASTQ bytes read                               459264  (0.438 MiB)
    effective fread bandwidth                         14.780 MiB/s
    slowest allocation                                 0.000 s  (230656 bytes)
    slowest fread                                      0.016 s  (R1 offset=2067780, bytes=229632)

  Stage 2 worker details
    total - active merge worker                               0.302 s
      part 1 - prepare CPE task and reusable buffers            0.012 s
      part 2 - CPE FASTQ formatting and input release           0.011 s
      part 3 - CPE alignment and SAM length pass                0.270 s
      part 4 - assign slices in the shared SAM buffer           0.000 s
      part 5 - CPE SAM record generation                        0.010 s
      part 6 - release temporary worker data                    0.000 s

  Reserved allocator timers (no active timing sites)
    malloc timer                                              0.000 s
    free timer                                                0.000 s
===================================================================


======================= SWBWA Timing Report =======================
  MPI rank: 000010 / 000024
  Accumulated wall-clock time; indented rows are included in
  their parent row and must not be added to it.

  Pipeline
    total - complete three-stage pipeline                     0.835 s
    stage 1 - allocate and read raw FASTQ blocks              0.317 s
    stage 2 - align reads and generate SAM records            0.330 s
    stage 3 - write SAM and release batch data                0.001 s
      SAM output writes                                         0.001 s
      batch cleanup and loop overhead (derived)                 0.000 s

  Stage 1 input details
    batches completed / stage calls                       1 / 2
    input-buffer and batch allocations                        0.000 s  (4 calls, max 0.000 s)
    aggregate requested allocation bytes               461440
    FASTQ fseeko calls                                        0.041 s  (2 calls, max 0.023 s)
    FASTQ fread calls                                         0.025 s  (2 calls, max 0.014 s)
    align chunk ends to FASTQ record boundaries               0.000 s  (0 calls, max 0.000 s)
    scheduler, checks and bookkeeping (derived)               0.251 s
    raw FASTQ bytes read                               459264  (0.438 MiB)
    effective fread bandwidth                         17.476 MiB/s
    slowest allocation                                 0.000 s  (230656 bytes)
    slowest fread                                      0.014 s  (R1 offset=2297412, bytes=229632)

  Stage 2 worker details
    total - active merge worker                               0.330 s
      part 1 - prepare CPE task and reusable buffers            0.012 s
      part 2 - CPE FASTQ formatting and input release           0.008 s
      part 3 - CPE alignment and SAM length pass                0.300 s
      part 4 - assign slices in the shared SAM buffer           0.001 s
      part 5 - CPE SAM record generation                        0.009 s
      part 6 - release temporary worker data                    0.000 s

  Reserved allocator timers (no active timing sites)
    malloc timer                                              0.000 s
    free timer                                                0.000 s
===================================================================


======================= SWBWA Timing Report =======================
  MPI rank: 000011 / 000024
  Accumulated wall-clock time; indented rows are included in
  their parent row and must not be added to it.

  Pipeline
    total - complete three-stage pipeline                     0.837 s
    stage 1 - allocate and read raw FASTQ blocks              0.262 s
    stage 2 - align reads and generate SAM records            0.321 s
    stage 3 - write SAM and release batch data                0.001 s
      SAM output writes                                         0.001 s
      batch cleanup and loop overhead (derived)                 0.000 s

  Stage 1 input details
    batches completed / stage calls                       1 / 2
    input-buffer and batch allocations                        0.000 s  (4 calls, max 0.000 s)
    aggregate requested allocation bytes               461440
    FASTQ fseeko calls                                        0.045 s  (2 calls, max 0.025 s)
    FASTQ fread calls                                         0.021 s  (2 calls, max 0.012 s)
    align chunk ends to FASTQ record boundaries               0.000 s  (0 calls, max 0.000 s)
    scheduler, checks and bookkeeping (derived)               0.196 s
    raw FASTQ bytes read                               459264  (0.438 MiB)
    effective fread bandwidth                         21.096 MiB/s
    slowest allocation                                 0.000 s  (230656 bytes)
    slowest fread                                      0.012 s  (R1 offset=2527044, bytes=229632)

  Stage 2 worker details
    total - active merge worker                               0.321 s
      part 1 - prepare CPE task and reusable buffers            0.012 s
      part 2 - CPE FASTQ formatting and input release           0.009 s
      part 3 - CPE alignment and SAM length pass                0.290 s
      part 4 - assign slices in the shared SAM buffer           0.000 s
      part 5 - CPE SAM record generation                        0.010 s
      part 6 - release temporary worker data                    0.000 s

  Reserved allocator timers (no active timing sites)
    malloc timer                                              0.000 s
    free timer                                                0.000 s
===================================================================


======================= SWBWA Timing Report =======================
  MPI rank: 000018 / 000024
  Accumulated wall-clock time; indented rows are included in
  their parent row and must not be added to it.

  Pipeline
    total - complete three-stage pipeline                     0.840 s
    stage 1 - allocate and read raw FASTQ blocks              0.558 s
    stage 2 - align reads and generate SAM records            0.000 s
    stage 3 - write SAM and release batch data                0.000 s
      SAM output writes                                         0.000 s
      batch cleanup and loop overhead (derived)                 0.000 s

  Stage 1 input details
    batches completed / stage calls                       0 / 1
    input-buffer and batch allocations                        0.000 s  (1 calls, max 0.000 s)
    aggregate requested allocation bytes                   64
    FASTQ fseeko calls                                        0.000 s  (0 calls, max 0.000 s)
    FASTQ fread calls                                         0.000 s  (0 calls, max 0.000 s)
    align chunk ends to FASTQ record boundaries               0.000 s  (0 calls, max 0.000 s)
    scheduler, checks and bookkeeping (derived)               0.558 s
    raw FASTQ bytes read                                    0  (0.000 MiB)
    slowest allocation                                 0.000 s  (64 bytes)

  Stage 2 worker details
    total - active merge worker                               0.000 s
      part 1 - prepare CPE task and reusable buffers            0.000 s
      part 2 - CPE FASTQ formatting and input release           0.000 s
      part 3 - CPE alignment and SAM length pass                0.000 s
      part 4 - assign slices in the shared SAM buffer           0.000 s
      part 5 - CPE SAM record generation                        0.000 s
      part 6 - release temporary worker data                    0.000 s

  Reserved allocator timers (no active timing sites)
    malloc timer                                              0.000 s
    free timer                                                0.000 s
===================================================================


======================= SWBWA Timing Report =======================
  MPI rank: 000019 / 000024
  Accumulated wall-clock time; indented rows are included in
  their parent row and must not be added to it.

  Pipeline
    total - complete three-stage pipeline                     0.833 s
    stage 1 - allocate and read raw FASTQ blocks              0.559 s
    stage 2 - align reads and generate SAM records            0.000 s
    stage 3 - write SAM and release batch data                0.000 s
      SAM output writes                                         0.000 s
      batch cleanup and loop overhead (derived)                 0.000 s
    scheduler, checks and bookkeeping (derived)               0.182 s
    raw FASTQ bytes read                               459264  (0.438 MiB)
    effective fread bandwidth                         16.846 MiB/s
    slowest allocation                                 0.000 s  (230656 bytes)
    slowest fread                                      0.019 s  (R2 offset=3216308, bytes=229632)

  Stage 2 worker details
    total - active merge worker                               0.376 s
      part 1 - prepare CPE task and reusable buffers            0.012 s
      part 2 - CPE FASTQ formatting and input release           0.004 s
      part 3 - CPE alignment and SAM length pass                0.350 s
      part 4 - assign slices in the shared SAM buffer           0.001 s
      part 5 - CPE SAM record generation                        0.009 s
      part 6 - release temporary worker data                    0.000 s

  Reserved allocator timers (no active timing sites)
    malloc timer                                              0.000 s
    free timer                                                0.000 s
===================================================================


======================= SWBWA Timing Report =======================
  MPI rank: 000015 / 000024
  Accumulated wall-clock time; indented rows are included in
  their parent row and must not be added to it.

  Pipeline
    total - complete three-stage pipeline                     0.837 s
    stage 1 - allocate and read raw FASTQ blocks              0.242 s
    stage 2 - align reads and generate SAM records            0.357 s
    stage 3 - write SAM and release batch data                0.001 s
      SAM output writes                                         0.001 s
      batch cleanup and loop overhead (derived)                 0.000 s

  Stage 1 input details
    batches completed / stage calls                       1 / 2
    input-buffer and batch allocations                        0.000 s  (4 calls, max 0.000 s)
    aggregate requested allocation bytes               461448
    FASTQ fseeko calls                                        0.153 s  (2 calls, max 0.080 s)
    FASTQ fread calls                                         0.008 s  (2 calls, max 0.006 s)
    align chunk ends to FASTQ record boundaries               0.000 s  (0 calls, max 0.000 s)
    scheduler, checks and bookkeeping (derived)               0.081 s
    raw FASTQ bytes read                               459272  (0.438 MiB)
    effective fread bandwidth                         55.852 MiB/s
    slowest allocation                                 0.000 s  (230660 bytes)
    slowest fread                                      0.006 s  (R1 offset=3445940, bytes=229636)

  Stage 2 worker details
    total - active merge worker                               0.356 s
      part 1 - prepare CPE task and reusable buffers            0.012 s
      part 2 - CPE FASTQ formatting and input release           0.004 s
      part 3 - CPE alignment and SAM length pass                0.330 s
      part 4 - assign slices in the shared SAM buffer           0.001 s
      part 5 - CPE SAM record generation                        0.009 s
      part 6 - release temporary worker data                    0.000 s

  Reserved allocator timers (no active timing sites)
    malloc timer                                              0.000 s
    free timer                                                0.000 s
===================================================================


======================= SWBWA Timing Report =======================
  MPI rank: 000016 / 000024
  Accumulated wall-clock time; indented rows are included in
  their parent row and must not be added to it.

  Pipeline
    total - complete three-stage pipeline                     0.840 s
    stage 1 - allocate and read raw FASTQ blocks              0.558 s
    stage 2 - align reads and generate SAM records            0.000 s
    stage 3 - write SAM and release batch data                0.000 s
      SAM output writes                                         0.000 s
      batch cleanup and loop overhead (derived)                 0.000 s

  Stage 1 input details
    batches completed / stage calls                       0 / 1
    input-buffer and batch allocations                        0.000 s  (1 calls, max 0.000 s)
    aggregate requested allocation bytes                   64
    FASTQ fseeko calls                                        0.000 s  (0 calls, max 0.000 s)
    FASTQ fread calls                                         0.000 s  (0 calls, max 0.000 s)
    align chunk ends to FASTQ record boundaries               0.000 s  (0 calls, max 0.000 s)
    scheduler, checks and bookkeeping (derived)               0.558 s
    raw FASTQ bytes read                                    0  (0.000 MiB)
    slowest allocation                                 0.000 s  (64 bytes)

  Stage 2 worker details
    total - active merge worker                               0.000 s
      part 1 - prepare CPE task and reusable buffers            0.000 s
      part 2 - CPE FASTQ formatting and input release           0.000 s
      part 3 - CPE alignment and SAM length pass                0.000 s
      part 4 - assign slices in the shared SAM buffer           0.000 s
      part 5 - CPE SAM record generation                        0.000 s
      part 6 - release temporary worker data                    0.000 s

  Reserved allocator timers (no active timing sites)
    malloc timer                                              0.000 s
    free timer                                                0.000 s
===================================================================


======================= SWBWA Timing Report =======================
  MPI rank: 000017 / 000024
  Accumulated wall-clock time; indented rows are included in
  their parent row and must not be added to it.

  Pipeline
    total - complete three-stage pipeline                     0.839 s
    stage 1 - allocate and read raw FASTQ blocks              0.558 s
    stage 2 - align reads and generate SAM records            0.000 s
    stage 3 - write SAM and release batch data                0.000 s
      SAM output writes                                         0.000 s
      batch cleanup and loop overhead (derived)                 0.000 s

  Stage 1 input details
    batches completed / stage calls                       0 / 1
    input-buffer and batch allocations                        0.000 s  (1 calls, max 0.000 s)
    aggregate requested allocation bytes                   64
    FASTQ fseeko calls                                        0.000 s  (0 calls, max 0.000 s)
    FASTQ fread calls                                         0.000 s  (0 calls, max 0.000 s)
    align chunk ends to FASTQ record boundaries               0.000 s  (0 calls, max 0.000 s)
    scheduler, checks and bookkeeping (derived)               0.558 s
    raw FASTQ bytes read                                    0  (0.000 MiB)
    slowest allocation                                 0.000 s  (64 bytes)

  Stage 2 worker details
    total - active merge worker                               0.000 s
      part 1 - prepare CPE task and reusable buffers            0.000 s
      part 2 - CPE FASTQ formatting and input release           0.000 s
      part 3 - CPE alignment and SAM length pass                0.000 s
      part 4 - assign slices in the shared SAM buffer           0.000 s
      part 5 - CPE SAM record generation                        0.000 s
      part 6 - release temporary worker data                    0.000 s

  Reserved allocator timers (no active timing sites)
    malloc timer                                              0.000 s
    free timer                                                0.000 s
===================================================================


  Stage 1 input details
    batches completed / stage calls                       0 / 1
    input-buffer and batch allocations                        0.000 s  (1 calls, max 0.000 s)
    aggregate requested allocation bytes                   64
    FASTQ fseeko calls                                        0.000 s  (0 calls, max 0.000 s)
    FASTQ fread calls                                         0.000 s  (0 calls, max 0.000 s)
    align chunk ends to FASTQ record boundaries               0.000 s  (0 calls, max 0.000 s)
    scheduler, checks and bookkeeping (derived)               0.559 s
    raw FASTQ bytes read                                    0  (0.000 MiB)
    slowest allocation                                 0.000 s  (64 bytes)

  Stage 2 worker details
    total - active merge worker                               0.000 s
      part 1 - prepare CPE task and reusable buffers            0.000 s
      part 2 - CPE FASTQ formatting and input release           0.000 s
      part 3 - CPE alignment and SAM length pass                0.000 s
      part 4 - assign slices in the shared SAM buffer           0.000 s
      part 5 - CPE SAM record generation                        0.000 s
      part 6 - release temporary worker data                    0.000 s

  Reserved allocator timers (no active timing sites)
    malloc timer                                              0.000 s
    free timer                                                0.000 s
===================================================================


======================= SWBWA Timing Report =======================
  MPI rank: 000020 / 000024
  Accumulated wall-clock time; indented rows are included in
  their parent row and must not be added to it.

  Pipeline
    total - complete three-stage pipeline                     0.840 s
    stage 1 - allocate and read raw FASTQ blocks              0.559 s
    stage 2 - align reads and generate SAM records            0.000 s
    stage 3 - write SAM and release batch data                0.000 s
      SAM output writes                                         0.000 s
      batch cleanup and loop overhead (derived)                 0.000 s

  Stage 1 input details
    batches completed / stage calls                       0 / 1
    input-buffer and batch allocations                        0.000 s  (1 calls, max 0.000 s)
    aggregate requested allocation bytes                   64
    FASTQ fseeko calls                                        0.000 s  (0 calls, max 0.000 s)
    FASTQ fread calls                                         0.000 s  (0 calls, max 0.000 s)
    align chunk ends to FASTQ record boundaries               0.000 s  (0 calls, max 0.000 s)
    scheduler, checks and bookkeeping (derived)               0.559 s
    raw FASTQ bytes read                                    0  (0.000 MiB)
    slowest allocation                                 0.000 s  (64 bytes)

  Stage 2 worker details
    total - active merge worker                               0.000 s
      part 1 - prepare CPE task and reusable buffers            0.000 s
      part 2 - CPE FASTQ formatting and input release           0.000 s
      part 3 - CPE alignment and SAM length pass                0.000 s
      part 4 - assign slices in the shared SAM buffer           0.000 s
      part 5 - CPE SAM record generation                        0.000 s
      part 6 - release temporary worker data                    0.000 s

  Reserved allocator timers (no active timing sites)
    malloc timer                                              0.000 s
    free timer                                                0.000 s
===================================================================


======================= SWBWA Timing Report =======================
  MPI rank: 000021 / 000024
  Accumulated wall-clock time; indented rows are included in
  their parent row and must not be added to it.

  Pipeline
    total - complete three-stage pipeline                     0.841 s
    stage 1 - allocate and read raw FASTQ blocks              0.559 s
    stage 2 - align reads and generate SAM records            0.000 s
    stage 3 - write SAM and release batch data                0.000 s
      SAM output writes                                         0.000 s
      batch cleanup and loop overhead (derived)                 0.000 s

  Stage 1 input details
    batches completed / stage calls                       0 / 1
    input-buffer and batch allocations                        0.000 s  (1 calls, max 0.000 s)
    aggregate requested allocation bytes                   64
    FASTQ fseeko calls                                        0.000 s  (0 calls, max 0.000 s)
    FASTQ fread calls                                         0.000 s  (0 calls, max 0.000 s)
    align chunk ends to FASTQ record boundaries               0.000 s  (0 calls, max 0.000 s)
    scheduler, checks and bookkeeping (derived)               0.559 s
    raw FASTQ bytes read                                    0  (0.000 MiB)
    slowest allocation                                 0.000 s  (64 bytes)

  Stage 2 worker details
    total - active merge worker                               0.000 s
      part 1 - prepare CPE task and reusable buffers            0.000 s
      part 2 - CPE FASTQ formatting and input release           0.000 s
      part 3 - CPE alignment and SAM length pass                0.000 s
      part 4 - assign slices in the shared SAM buffer           0.000 s
      part 5 - CPE SAM record generation                        0.000 s
      part 6 - release temporary worker data                    0.000 s

  Reserved allocator timers (no active timing sites)
    malloc timer                                              0.000 s
    free timer                                                0.000 s
===================================================================


======================= SWBWA Timing Report =======================
  MPI rank: 000022 / 000024
  Accumulated wall-clock time; indented rows are included in
  their parent row and must not be added to it.

  Pipeline
    total - complete three-stage pipeline                     0.836 s
    stage 1 - allocate and read raw FASTQ blocks              0.387 s
    stage 2 - align reads and generate SAM records            0.000 s
    stage 3 - write SAM and release batch data                0.000 s
      SAM output writes                                         0.000 s
      batch cleanup and loop overhead (derived)                 0.000 s

  Stage 1 input details
    batches completed / stage calls                       0 / 1
    input-buffer and batch allocations                        0.000 s  (1 calls, max 0.000 s)
    aggregate requested allocation bytes                   64
    FASTQ fseeko calls                                        0.000 s  (0 calls, max 0.000 s)
    FASTQ fread calls                                         0.000 s  (0 calls, max 0.000 s)
    align chunk ends to FASTQ record boundaries               0.000 s  (0 calls, max 0.000 s)
    scheduler, checks and bookkeeping (derived)               0.387 s
    raw FASTQ bytes read                                    0  (0.000 MiB)
    slowest allocation                                 0.000 s  (64 bytes)

  Stage 2 worker details
    total - active merge worker                               0.000 s
      part 1 - prepare CPE task and reusable buffers            0.000 s
      part 2 - CPE FASTQ formatting and input release           0.000 s
      part 3 - CPE alignment and SAM length pass                0.000 s
      part 4 - assign slices in the shared SAM buffer           0.000 s
      part 5 - CPE SAM record generation                        0.000 s
      part 6 - release temporary worker data                    0.000 s

  Reserved allocator timers (no active timing sites)
    malloc timer                                              0.000 s
    free timer                                                0.000 s
===================================================================


======================= SWBWA Timing Report =======================
  MPI rank: 000023 / 000024
  Accumulated wall-clock time; indented rows are included in
  their parent row and must not be added to it.

  Pipeline
    total - complete three-stage pipeline                     0.834 s
    stage 1 - allocate and read raw FASTQ blocks              0.540 s
    stage 2 - align reads and generate SAM records            0.000 s
    stage 3 - write SAM and release batch data                0.000 s
      SAM output writes                                         0.000 s
      batch cleanup and loop overhead (derived)                 0.000 s

  Stage 1 input details
    batches completed / stage calls                       0 / 1
    input-buffer and batch allocations                        0.000 s  (1 calls, max 0.000 s)
    aggregate requested allocation bytes                   64
    FASTQ fseeko calls                                        0.000 s  (0 calls, max 0.000 s)
    FASTQ fread calls                                         0.000 s  (0 calls, max 0.000 s)
    align chunk ends to FASTQ record boundaries               0.000 s  (0 calls, max 0.000 s)
    scheduler, checks and bookkeeping (derived)               0.540 s
    raw FASTQ bytes read                                    0  (0.000 MiB)
    slowest allocation                                 0.000 s  (64 bytes)

  Stage 2 worker details
    total - active merge worker                               0.000 s
      part 1 - prepare CPE task and reusable buffers            0.000 s
      part 2 - CPE FASTQ formatting and input release           0.000 s
      part 3 - CPE alignment and SAM length pass                0.000 s
      part 4 - assign slices in the shared SAM buffer           0.000 s
      part 5 - CPE SAM record generation                        0.000 s
      part 6 - release temporary worker data                    0.000 s

  Reserved allocator timers (no active timing sites)
    malloc timer                                              0.000 s
    free timer                                                0.000 s
===================================================================

[main] Version: 0.0.1
[main] CMD: ./SWBWA mem -v 4 -t 1 -1 -o /home/export/online1/mdt00/shisuan/swls-CFD/guoshi/ylf/SWBWA_dep_20260914/results/startup3_B_3.sam -I 170,80,500,1 /home/export/online1/mdt00/shisuan/swls-CFD/guoshi/ylf/data/GRCh38.d1.vd1.fa /home/export/online1/mdt00/shisuan/swls-CFD/guoshi/ylf/data/bwa_test_big_data/tiny_1.fastq /home/export/online1/mdt00/shisuan/swls-CFD/guoshi/ylf/data/bwa_test_big_data/tiny_2.fastq
