[M::main_mem] mean insert size: 170.000, stddev: 80.000, max: 500, min: 1
[CPE input] bytes_per_cg=19660800 cg_count=1 chunk_bytes=19660800 file_bytes=3499281348
[MPI rank 000000/000006] input range: records=[0, 2577448) bytes=[0, 583213728)
[MPI rank 000001/000006] input range: records=[2577448, 5135402) bytes=[583213728, 1166427240)
[MPI rank 000002/000006] input range: records=[5135402, 7693356) bytes=[1166427240, 1749640752)
[MPI rank 000003/000006] input range: records=[7693356, 10246977) bytes=[1749640752, 2332854252)
[MPI rank 000004/000006] input range: records=[10246977, 12760829) bytes=[2332854252, 2916067916)
[MPI rank 000005/000006] input range: records=[12760829, 15274680) bytes=[2916067916, 3499281348)
malloc bwt->bwt 3107576584, 0x500008804020
malloc bwt->bwt 3107576584, 0x500008804020
malloc bwt->bwt 3107576584, 0x500008804020
malloc bwt->bwt 3107576584, 0x500008804020
malloc bwt->bwt 3107576584, 0x500008804020
malloc bwt->bwt 3107576584, 0x500008804020
malloc bwt->sa 1553788264, 0x5000c1ba1b40
malloc bwt->sa 1553788264, 0x5000c1ba1b40
malloc bwt->sa 1553788264, 0x5000c1ba1b40
malloc bwt->sa 1553788264, 0x5000c1ba1b40
malloc bwt->sa 1553788264, 0x5000c1ba1b40
malloc bwt->sa 1553788264, 0x5000c1ba1b40
[M::bwa_idx_load_from_disk] read 0 ALT contigs
[M::bwa_idx_load_from_disk] read 0 ALT contigs
[M::bwa_idx_load_from_disk] read 0 ALT contigs
[M::bwa_idx_load_from_disk] read 0 ALT contigs
[M::bwa_idx_load_from_disk] read 0 ALT contigs
[M::bwa_idx_load_from_disk] read 0 ALT contigs
malloc pac 776894131, 0x50011e5708c0
malloc pac 776894131, 0x50011e5708c0
malloc pac 776894131, 0x50011e5708c0
malloc pac 776894131, 0x50011e5708c0
malloc pac 776894131, 0x50011e5708c0
malloc pac 776894131, 0x50011e5708c0
the input file is ../data/bwa_test_big_data/ERR1203383_1.fastq
the input file is ../data/bwa_test_big_data/ERR1203383_2.fastq
[MPI rank 000000/000006] output: correctness_results/bigdata_mpi_lwpf_off_20260823/mpi_static_split/no1/ERR1203383_PE.rank000000.sam
[M::process] read chunk (19660800 bytes/CG x 1 CGs, 19660800 bytes)...
[MPI rank 000004/000006] output: correctness_results/bigdata_mpi_lwpf_off_20260823/mpi_static_split/no1/ERR1203383_PE.rank000004.sam
[MPI rank 000002/000006] output: correctness_results/bigdata_mpi_lwpf_off_20260823/mpi_static_split/no1/ERR1203383_PE.rank000002.sam
[M::process] read chunk (19660800 bytes/CG x 1 CGs, 19660800 bytes)...
[MPI rank 000003/000006] output: correctness_results/bigdata_mpi_lwpf_off_20260823/mpi_static_split/no1/ERR1203383_PE.rank000003.sam
[M::process] read chunk (19660800 bytes/CG x 1 CGs, 19660800 bytes)...
[M::process] read chunk (19660800 bytes/CG x 1 CGs, 19660800 bytes)...
[MPI rank 000001/000006] output: correctness_results/bigdata_mpi_lwpf_off_20260823/mpi_static_split/no1/ERR1203383_PE.rank000001.sam
[M::process] read chunk (19660800 bytes/CG x 1 CGs, 19660800 bytes)...
[MPI rank 000005/000006] output: correctness_results/bigdata_mpi_lwpf_off_20260823/mpi_static_split/no1/ERR1203383_PE.rank000005.sam
[M::process] read chunk (19660800 bytes/CG x 1 CGs, 19660800 bytes)...
step1 0x50000201d8e0
[M::process] read chunk (19660800 bytes/CG x 1 CGs, 19660800 bytes)...
step2 get 0x50000201d8e0
step1 0x50000201d8e0
[M::process] read chunk (19660800 bytes/CG x 1 CGs, 19660800 bytes)...
step2 get 0x50000201d8e0
step1 0x50000201d8e0
[M::process] read chunk (19660800 bytes/CG x 1 CGs, 19660800 bytes)...
step2 get 0x50000201d8e0
step1 0x50000201d8e0
[M::process] read chunk (19660800 bytes/CG x 1 CGs, 19660800 bytes)...
step2 get 0x50000201d8e0
step1 0x50000201d8e0
[M::process] read chunk (19660800 bytes/CG x 1 CGs, 19660800 bytes)...
step2 get 0x50000201d8e0
step1 0x50000201d8e0
[M::process] read chunk (19660800 bytes/CG x 1 CGs, 19660800 bytes)...
step2 get 0x50000201d8e0
[M::mem_process_seqs_merge2] CPE FASTQ formatting done
[M::mem_process_seqs_merge2] CPE FASTQ formatting done
[M::mem_process_seqs_merge2] CPE FASTQ formatting done
[M::mem_process_seqs_merge2] CPE FASTQ formatting done
[M::mem_process_seqs_merge2] CPE FASTQ formatting done
[M::mem_process_seqs_merge2] CPE FASTQ formatting done
[DBG stage1] slow fread: R1 offset=19659876 requested=19660800 read=19660800 elapsed=1.687 s
[DBG stage1] slow fread: R1 offset=2352514164 requested=19660800 read=19660800 elapsed=1.711 s
[DBG stage1] slow fread: R1 offset=1769300736 requested=19660800 read=19660800 elapsed=1.717 s
[DBG stage1] slow fread: R1 offset=1186087224 requested=19660800 read=19660800 elapsed=1.704 s
[DBG stage1] slow fread: R1 offset=2935727828 requested=19660800 read=19660800 elapsed=1.721 s
[DBG stage1] slow fread: R1 offset=602873712 requested=19660800 read=19660800 elapsed=1.703 s
slave pre done
now n is 179130
processed 179130
[M::mem_process_seqs_merge2] Processed 179130 reads in 0.670 CPU sec, 2.221 real sec
step2 put 0x50000201d8e0
step3 0x50000201d8e0
slave pre done
now n is 169482
slave pre done
now n is 172456
processed 169482
[M::mem_process_seqs_merge2] Processed 169482 reads in 0.700 CPU sec, 2.340 real sec
step2 put 0x50000201d8e0
step3 0x50000201d8e0
processed 172456
[M::mem_process_seqs_merge2] Processed 172456 reads in 0.650 CPU sec, 2.310 real sec
step2 put 0x50000201d8e0
step3 0x50000201d8e0
slave pre done
now n is 169482
processed 169482
[M::mem_process_seqs_merge2] Processed 169482 reads in 0.720 CPU sec, 2.391 real sec
step2 put 0x50000201d8e0
step3 0x50000201d8e0
slave pre done
now n is 172456
processed 172456
[M::mem_process_seqs_merge2] Processed 172456 reads in 0.600 CPU sec, 2.600 real sec
step2 put 0x50000201d8e0
step3 0x50000201d8e0
[DBG stage1] slow fread: R2 offset=19659876 requested=19660800 read=19660800 elapsed=1.283 s
step1 0x50000201d930
[M::process] read chunk (19660800 bytes/CG x 1 CGs, 19660800 bytes)...
step2 get 0x50000201d930
[DBG stage1] slow fread: R2 offset=2352514164 requested=19660800 read=19660800 elapsed=1.259 s
step1 0x50000201d930
[M::process] read chunk (19660800 bytes/CG x 1 CGs, 19660800 bytes)...
[M::mem_process_seqs_merge2] CPE FASTQ formatting done
step2 get 0x50000201d930
[M::mem_process_seqs_merge2] CPE FASTQ formatting done
[DBG stage1] slow fread: R2 offset=1769300736 requested=19660800 read=19660800 elapsed=1.240 s
step1 0x50000201d930
[M::process] read chunk (19660800 bytes/CG x 1 CGs, 19660800 bytes)...
step2 get 0x50000201d930
[M::mem_process_seqs_merge2] CPE FASTQ formatting done
[DBG stage1] slow fread: R2 offset=1186087224 requested=19660800 read=19660800 elapsed=1.252 s
step1 0x50000201d930
[M::process] read chunk (19660800 bytes/CG x 1 CGs, 19660800 bytes)...
[DBG stage1] slow fread: R2 offset=2935727828 requested=19660800 read=19660800 elapsed=1.316 s
step1 0x50000201d930
[M::process] read chunk (19660800 bytes/CG x 1 CGs, 19660800 bytes)...
[DBG stage1] slow fread: R2 offset=602873712 requested=19660800 read=19660800 elapsed=1.223 s
step1 0x50000201d930
[M::process] read chunk (19660800 bytes/CG x 1 CGs, 19660800 bytes)...
step2 get 0x50000201d930
step2 get 0x50000201d930
[M::mem_process_seqs_merge2] CPE FASTQ formatting done
[M::mem_process_seqs_merge2] CPE FASTQ formatting done
slave pre done
now n is 172456
processed 172456
[M::mem_process_seqs_merge2] Processed 172456 reads in 0.840 CPU sec, 3.140 real sec
step2 put 0x50000201d8e0
step2 get 0x50000201d930
step3 0x50000201d8e0
[M::mem_process_seqs_merge2] CPE FASTQ formatting done
[DBG stage1] slow fread: R1 offset=39319836 requested=19660800 read=19660800 elapsed=1.472 s
[DBG stage1] slow fread: R1 offset=2372174076 requested=19660800 read=19660800 elapsed=1.479 s
[DBG stage1] slow fread: R1 offset=1788960720 requested=19660800 read=19660800 elapsed=1.474 s
[DBG stage1] slow fread: R1 offset=1205747208 requested=19660800 read=19660800 elapsed=1.480 s
[DBG stage1] slow fread: R1 offset=2955387740 requested=19660800 read=19660800 elapsed=1.498 s
[DBG stage1] slow fread: R1 offset=622533696 requested=19660800 read=19660800 elapsed=1.497 s
slave pre done
now n is 169482
slave pre done
now n is 175908
slave pre done
now n is 172456
processed 169482
[M::mem_process_seqs_merge2] Processed 169482 reads in 0.190 CPU sec, 1.830 real sec
step2 put 0x50000201d930
processed 175908
[M::mem_process_seqs_merge2] Processed 175908 reads in 0.140 CPU sec, 1.870 real sec
step2 put 0x50000201d930
step3 0x50000201d930
step3 0x50000201d930
processed 172456
[M::mem_process_seqs_merge2] Processed 172456 reads in 0.130 CPU sec, 1.820 real sec
step2 put 0x50000201d930
step3 0x50000201d930
slave pre done
now n is 172456
processed 172456
[M::mem_process_seqs_merge2] Processed 172456 reads in 0.150 CPU sec, 1.790 real sec
step2 put 0x50000201d930
slave pre done
now n is 169482
step3 0x50000201d930
processed 169482
[M::mem_process_seqs_merge2] Processed 169482 reads in 0.240 CPU sec, 1.822 real sec
step2 put 0x50000201d930
step3 0x50000201d930
slave pre done
now n is 172456
processed 172456
[M::mem_process_seqs_merge2] Processed 172456 reads in 0.450 CPU sec, 2.041 real sec
step2 put 0x50000201d930
step3 0x50000201d930
[DBG stage1] slow fread: R2 offset=39319836 requested=19660800 read=19660800 elapsed=1.227 s
step1 0x50000201eba0
[M::process] read chunk (19660800 bytes/CG x 1 CGs, 19660800 bytes)...
[DBG stage1] slow fread: R2 offset=2372174076 requested=19660800 read=19660800 elapsed=1.192 s
step1 0x50000201eba0
[M::process] read chunk (19660800 bytes/CG x 1 CGs, 19660800 bytes)...
step2 get 0x50000201eba0
step2 get 0x50000201eba0
[M::mem_process_seqs_merge2] CPE FASTQ formatting done
[M::mem_process_seqs_merge2] CPE FASTQ formatting done
[DBG stage1] slow fread: R2 offset=1788960720 requested=19660800 read=19660800 elapsed=1.206 s
step1 0x50000201eba0
[M::process] read chunk (19660800 bytes/CG x 1 CGs, 19660800 bytes)...
step2 get 0x50000201eba0
[M::mem_process_seqs_merge2] CPE FASTQ formatting done
[DBG stage1] slow fread: R2 offset=1205747208 requested=19660800 read=19660800 elapsed=1.242 s
step1 0x50000201eba0
[M::process] read chunk (19660800 bytes/CG x 1 CGs, 19660800 bytes)...
step2 get 0x50000201eba0
[M::mem_process_seqs_merge2] CPE FASTQ formatting done
[DBG stage1] slow fread: R2 offset=2955387740 requested=19660800 read=19660800 elapsed=1.286 s
step1 0x50000201eba0
[M::process] read chunk (19660800 bytes/CG x 1 CGs, 19660800 bytes)...
step2 get 0x50000201eba0
[M::mem_process_seqs_merge2] CPE FASTQ formatting done
[DBG stage1] slow fread: R2 offset=622533696 requested=19660800 read=19660800 elapsed=1.371 s
step1 0x50000201eba0
[M::process] read chunk (19660800 bytes/CG x 1 CGs, 19660800 bytes)...
step2 get 0x50000201eba0
[M::mem_process_seqs_merge2] CPE FASTQ formatting done
[DBG stage1] slow fread: R1 offset=58979644 requested=19660800 read=19660800 elapsed=1.637 s
[DBG stage1] slow fread: R1 offset=2391833988 requested=19660800 read=19660800 elapsed=1.647 s
[DBG stage1] slow fread: R1 offset=1808620704 requested=19660800 read=19660800 elapsed=1.638 s
slave pre done
now n is 172456
[DBG stage1] slow fread: R1 offset=1225407192 requested=19660800 read=19660800 elapsed=1.632 s
processed 172456
[M::mem_process_seqs_merge2] Processed 172456 reads in 0.230 CPU sec, 1.720 real sec
step2 put 0x50000201eba0
slave pre done
now n is 169482
processed 169482
[M::mem_process_seqs_merge2] Processed 169482 reads in 0.200 CPU sec, 1.811 real sec
step2 put 0x50000201eba0
slave pre done
now n is 175534
processed 175534
[M::mem_process_seqs_merge2] Processed 175534 reads in 0.190 CPU sec, 1.870 real sec
step2 put 0x50000201eba0
[DBG stage1] slow fread: R1 offset=2975047652 requested=19660800 read=19660800 elapsed=1.588 s
[DBG stage1] slow fread: R1 offset=642193680 requested=19660800 read=19660800 elapsed=1.556 s
slave pre done
now n is 172456
processed 172456
[M::mem_process_seqs_merge2] Processed 172456 reads in 0.210 CPU sec, 1.610 real sec
step2 put 0x50000201eba0
slave pre done
now n is 169482
processed 169482
[M::mem_process_seqs_merge2] Processed 169482 reads in 0.190 CPU sec, 1.741 real sec
step2 put 0x50000201eba0
slave pre done
now n is 172456
processed 172456
[M::mem_process_seqs_merge2] Processed 172456 reads in 0.290 CPU sec, 2.090 real sec
step2 put 0x50000201eba0
[DBG stage1] slow fread: R2 offset=58979644 requested=19660800 read=19660800 elapsed=1.159 s
step1 0x50000201d8e0
[M::process] read chunk (19660800 bytes/CG x 1 CGs, 19660800 bytes)...
step2 get 0x50000201d8e0
[DBG stage1] slow fread: R2 offset=2391833988 requested=19660800 read=19660800 elapsed=1.150 s
step1 0x50000201d8e0
[M::process] read chunk (19660800 bytes/CG x 1 CGs, 19660800 bytes)...
[M::mem_process_seqs_merge2] CPE FASTQ formatting done
step2 get 0x50000201d8e0
[M::mem_process_seqs_merge2] CPE FASTQ formatting done
[DBG stage1] slow fread: R2 offset=1808620704 requested=19660800 read=19660800 elapsed=1.156 s
step1 0x50000201d8e0
[M::process] read chunk (19660800 bytes/CG x 1 CGs, 19660800 bytes)...
step2 get 0x50000201d8e0
[M::mem_process_seqs_merge2] CPE FASTQ formatting done
[DBG stage1] slow fread: R2 offset=1225407192 requested=19660800 read=19660800 elapsed=1.155 s
step1 0x50000201d8e0
[M::process] read chunk (19660800 bytes/CG x 1 CGs, 19660800 bytes)...
step2 get 0x50000201d8e0
[M::mem_process_seqs_merge2] CPE FASTQ formatting done
[DBG stage1] slow fread: R2 offset=2975047652 requested=19660800 read=19660800 elapsed=1.179 s
step1 0x50000201d8e0
[M::process] read chunk (19660800 bytes/CG x 1 CGs, 19660800 bytes)...
step2 get 0x50000201d8e0
[M::mem_process_seqs_merge2] CPE FASTQ formatting done
[DBG stage1] slow fread: R2 offset=642193680 requested=19660800 read=19660800 elapsed=1.219 s
step1 0x50000201d8e0
[M::process] read chunk (19660800 bytes/CG x 1 CGs, 19660800 bytes)...
step2 get 0x50000201d8e0
[M::mem_process_seqs_merge2] CPE FASTQ formatting done
slave pre done
now n is 175534
processed 175534
[M::mem_process_seqs_merge2] Processed 175534 reads in 0.110 CPU sec, 1.720 real sec
step2 put 0x50000201d8e0
slave pre done
now n is 172456
[DBG stage1] slow fread: R1 offset=78639452 requested=19660800 read=19660800 elapsed=1.922 s
slave pre done
now n is 172456
[DBG stage1] slow fread: R1 offset=2411493900 requested=19660800 read=19660800 elapsed=1.922 s
processed 172456
[M::mem_process_seqs_merge2] Processed 172456 reads in 0.160 CPU sec, 1.870 real sec
step2 put 0x50000201d8e0
slave pre done
now n is 172456
slave pre done
now n is 169482
processed 172456
[M::mem_process_seqs_merge2] Processed 172456 reads in 0.130 CPU sec, 1.540 real sec
step2 put 0x50000201d8e0
processed 169482
[M::mem_process_seqs_merge2] Processed 169482 reads in 0.210 CPU sec, 1.950 real sec
step2 put 0x50000201d8e0
processed 172456
[M::mem_process_seqs_merge2] Processed 172456 reads in 0.260 CPU sec, 1.830 real sec
step2 put 0x50000201d8e0
[DBG stage1] slow fread: R1 offset=1828280688 requested=19660800 read=19660800 elapsed=1.931 s
[DBG stage1] slow fread: R1 offset=1245067176 requested=19660800 read=19660800 elapsed=1.893 s
slave pre done
now n is 169482
processed 169482
[M::mem_process_seqs_merge2] Processed 169482 reads in 0.250 CPU sec, 1.800 real sec
step2 put 0x50000201d8e0
[DBG stage1] slow fread: R1 offset=2994707564 requested=19660800 read=19660800 elapsed=1.815 s
[DBG stage1] slow fread: R1 offset=661853664 requested=19660800 read=19660800 elapsed=1.778 s
[DBG stage1] slow fread: R2 offset=2411493900 requested=19660800 read=19660800 elapsed=1.071 s
step1 0x50000201ebf0
[M::process] read chunk (19660800 bytes/CG x 1 CGs, 19660800 bytes)...
[DBG stage1] slow fread: R2 offset=78639452 requested=19660800 read=19660800 elapsed=1.093 s
step1 0x50000201ebf0
[M::process] read chunk (19660800 bytes/CG x 1 CGs, 19660800 bytes)...
step2 get 0x50000201ebf0
step2 get 0x50000201ebf0
[M::mem_process_seqs_merge2] CPE FASTQ formatting done
[M::mem_process_seqs_merge2] CPE FASTQ formatting done
[DBG stage1] slow fread: R2 offset=1828280688 requested=19660800 read=19660800 elapsed=1.116 s
step1 0x50000201ebf0
[M::process] read chunk (19660800 bytes/CG x 1 CGs, 19660800 bytes)...
step2 get 0x50000201ebf0
[M::mem_process_seqs_merge2] CPE FASTQ formatting done
[DBG stage1] slow fread: R2 offset=1245067176 requested=19660800 read=19660800 elapsed=1.143 s
step1 0x50000201ebf0
[M::process] read chunk (19660800 bytes/CG x 1 CGs, 19660800 bytes)...
step2 get 0x50000201ebf0
[M::mem_process_seqs_merge2] CPE FASTQ formatting done
[DBG stage1] slow fread: R2 offset=2994707564 requested=19660800 read=19660800 elapsed=1.200 s
step1 0x50000201ebf0
[M::process] read chunk (19660800 bytes/CG x 1 CGs, 19660800 bytes)...
step2 get 0x50000201ebf0
[M::mem_process_seqs_merge2] CPE FASTQ formatting done
[DBG stage1] slow fread: R2 offset=661853664 requested=19660800 read=19660800 elapsed=1.330 s
step1 0x50000201ebf0
[M::process] read chunk (19660800 bytes/CG x 1 CGs, 19660800 bytes)...
step2 get 0x50000201ebf0
[M::mem_process_seqs_merge2] CPE FASTQ formatting done
slave pre done
now n is 172456
slave pre done
now n is 175534
processed 172456
[M::mem_process_seqs_merge2] Processed 172456 reads in 0.160 CPU sec, 1.600 real sec
step2 put 0x50000201ebf0
processed 175534
[M::mem_process_seqs_merge2] Processed 175534 reads in 0.150 CPU sec, 1.730 real sec
step2 put 0x50000201ebf0
slave pre done
now n is 172456
slave pre done
now n is 169482
slave pre done
now n is 169482
processed 172456
[M::mem_process_seqs_merge2] Processed 172456 reads in 0.340 CPU sec, 1.800 real sec
step2 put 0x50000201ebf0
processed 169482
[M::mem_process_seqs_merge2] Processed 169482 reads in 0.160 CPU sec, 1.650 real sec
step2 put 0x50000201ebf0
processed 169482
[M::mem_process_seqs_merge2] Processed 169482 reads in 0.160 CPU sec, 1.983 real sec
step2 put 0x50000201ebf0
[DBG stage1] slow fread: R1 offset=2431153812 requested=19660800 read=19660800 elapsed=2.056 s
[DBG stage1] slow fread: R1 offset=98299260 requested=19660800 read=19660800 elapsed=2.055 s
[DBG stage1] slow fread: R1 offset=1847940672 requested=19660800 read=19660800 elapsed=2.004 s
[DBG stage1] slow fread: R1 offset=1264727160 requested=19660800 read=19660800 elapsed=1.984 s
[DBG stage1] slow fread: R1 offset=3014367476 requested=19660800 read=19660800 elapsed=1.909 s
[DBG stage1] slow fread: R1 offset=681513648 requested=19660800 read=19660800 elapsed=1.822 s
slave pre done
now n is 172456
processed 172456
[M::mem_process_seqs_merge2] Processed 172456 reads in 0.170 CPU sec, 2.300 real sec
step2 put 0x50000201ebf0
[DBG stage1] slow fread: R2 offset=2431153812 requested=19660800 read=19660800 elapsed=1.129 s
step1 0x50000201eec0
[M::process] read chunk (19660800 bytes/CG x 1 CGs, 19660800 bytes)...
[DBG stage1] slow fread: R2 offset=98299260 requested=19660800 read=19660800 elapsed=1.122 s
step1 0x50000201eec0
[M::process] read chunk (19660800 bytes/CG x 1 CGs, 19660800 bytes)...
step2 get 0x50000201eec0
step2 get 0x50000201eec0
[M::mem_process_seqs_merge2] CPE FASTQ formatting done
[M::mem_process_seqs_merge2] CPE FASTQ formatting done
[DBG stage1] slow fread: R2 offset=1847940672 requested=19660800 read=19660800 elapsed=1.156 s
step1 0x50000201eec0
[M::process] read chunk (19660800 bytes/CG x 1 CGs, 19660800 bytes)...
step2 get 0x50000201eec0
[M::mem_process_seqs_merge2] CPE FASTQ formatting done
[DBG stage1] slow fread: R2 offset=1264727160 requested=19660800 read=19660800 elapsed=1.199 s
step1 0x50000201eec0
[M::process] read chunk (19660800 bytes/CG x 1 CGs, 19660800 bytes)...
step2 get 0x50000201eec0
[M::mem_process_seqs_merge2] CPE FASTQ formatting done
step3 0x50000201eba0
step3 0x50000201eba0
[DBG stage1] slow fread: R2 offset=3014367476 requested=19660800 read=19660800 elapsed=1.227 s
step1 0x50000201eec0
[M::process] read chunk (19660800 bytes/CG x 1 CGs, 19660800 bytes)...
step2 get 0x50000201eec0
[M::mem_process_seqs_merge2] CPE FASTQ formatting done
step3 0x50000201eba0
step3 0x50000201eba0
step3 0x50000201d8e0
step3 0x50000201eba0
[DBG stage1] slow fread: R2 offset=681513648 requested=19660800 read=19660800 elapsed=1.447 s
step1 0x50000201eec0
[M::process] read chunk (19660800 bytes/CG x 1 CGs, 19660800 bytes)...
step2 get 0x50000201eec0
[M::mem_process_seqs_merge2] CPE FASTQ formatting done
step3 0x50000201d8e0
step3 0x50000201eba0
slave pre done
now n is 169482
processed 169482
[M::mem_process_seqs_merge2] Processed 169482 reads in 0.480 CPU sec, 1.591 real sec
step2 put 0x50000201eec0
[DBG stage1] slow fread: R1 offset=117959068 requested=19660800 read=19660800 elapsed=1.691 s
slave pre done
now n is 172456
processed 172456
[M::mem_process_seqs_merge2] Processed 172456 reads in 0.530 CPU sec, 1.653 real sec
step2 put 0x50000201eec0
[DBG stage1] slow fread: R1 offset=1867600656 requested=19660800 read=19660800 elapsed=1.705 s
[DBG stage1] slow fread: R1 offset=1284387144 requested=19660800 read=19660800 elapsed=1.683 s
slave pre done
now n is 175534
processed 175534
[M::mem_process_seqs_merge2] Processed 175534 reads in 0.560 CPU sec, 1.920 real sec
step2 put 0x50000201eec0
[DBG stage1] slow fread: R1 offset=2450813724 requested=19660800 read=19660800 elapsed=2.020 s
[DBG stage1] slow fread: R1 offset=701173632 requested=19660800 read=19660800 elapsed=1.506 s
slave pre done
now n is 172456
processed 172456
[M::mem_process_seqs_merge2] Processed 172456 reads in 0.590 CPU sec, 2.010 real sec
step2 put 0x50000201eec0
[DBG stage1] slow fread: R1 offset=3034027388 requested=19660800 read=19660800 elapsed=1.972 s
slave pre done
now n is 169482
processed 169482
[M::mem_process_seqs_merge2] Processed 169482 reads in 0.510 CPU sec, 2.210 real sec
step2 put 0x50000201eec0
slave pre done
now n is 172456
processed 172456
[M::mem_process_seqs_merge2] Processed 172456 reads in 0.370 CPU sec, 1.940 real sec
step2 put 0x50000201eec0
[DBG stage1] slow fread: R2 offset=117959068 requested=19660800 read=19660800 elapsed=1.149 s
step1 0x50000201ef10
[M::process] read chunk (19660800 bytes/CG x 1 CGs, 19660800 bytes)...
step2 get 0x50000201ef10
[M::mem_process_seqs_merge2] CPE FASTQ formatting done
[DBG stage1] slow fread: R2 offset=1867600656 requested=19660800 read=19660800 elapsed=1.119 s
step1 0x50000201ef10
[M::process] read chunk (19660800 bytes/CG x 1 CGs, 19660800 bytes)...
step2 get 0x50000201ef10
[M::mem_process_seqs_merge2] CPE FASTQ formatting done
[DBG stage1] slow fread: R2 offset=1284387144 requested=19660800 read=19660800 elapsed=1.103 s
step1 0x50000201ef10
[M::process] read chunk (19660800 bytes/CG x 1 CGs, 19660800 bytes)...
step2 get 0x50000201ef10
[M::mem_process_seqs_merge2] CPE FASTQ formatting done
[DBG stage1] slow fread: R2 offset=701173632 requested=19660800 read=19660800 elapsed=1.133 s
step1 0x50000201ef10
[M::process] read chunk (19660800 bytes/CG x 1 CGs, 19660800 bytes)...
step2 get 0x50000201ef10
[M::mem_process_seqs_merge2] CPE FASTQ formatting done
[DBG stage1] slow fread: R2 offset=2450813724 requested=19660800 read=19660800 elapsed=1.475 s
step1 0x50000201ef10
[M::process] read chunk (19660800 bytes/CG x 1 CGs, 19660800 bytes)...
step2 get 0x50000201ef10
[M::mem_process_seqs_merge2] CPE FASTQ formatting done
[DBG stage1] slow fread: R2 offset=3034027388 requested=19660800 read=19660800 elapsed=1.522 s
step1 0x50000201ef10
[M::process] read chunk (19660800 bytes/CG x 1 CGs, 19660800 bytes)...
step2 get 0x50000201ef10
[M::mem_process_seqs_merge2] CPE FASTQ formatting done
[DBG stage1] slow fread: R1 offset=137618876 requested=19660800 read=19660800 elapsed=1.835 s
[DBG stage1] slow fread: R1 offset=1887260640 requested=19660800 read=19660800 elapsed=1.828 s
[DBG stage1] slow fread: R1 offset=1304047128 requested=19660800 read=19660800 elapsed=1.856 s
slave pre done
now n is 172456
processed 172456
[M::mem_process_seqs_merge2] Processed 172456 reads in 0.240 CPU sec, 1.924 real sec
step2 put 0x50000201ef10
slave pre done
now n is 172456
processed 172456
[M::mem_process_seqs_merge2] Processed 172456 reads in 0.240 CPU sec, 1.990 real sec
step2 put 0x50000201ef10
slave pre done
now n is 172456
[DBG stage1] slow fread: R1 offset=2470473636 requested=19660800 read=19660800 elapsed=1.488 s
processed 172456
[M::mem_process_seqs_merge2] Processed 172456 reads in 0.220 CPU sec, 1.760 real sec
step2 put 0x50000201ef10
slave pre done
now n is 175534
[DBG stage1] slow fread: R1 offset=720833616 requested=19660800 read=19660800 elapsed=1.824 s
processed 175534
[M::mem_process_seqs_merge2] Processed 175534 reads in 0.230 CPU sec, 2.210 real sec
step2 put 0x50000201ef10
[DBG stage1] slow fread: R1 offset=3053687300 requested=19660800 read=19660800 elapsed=1.396 s
slave pre done
now n is 169482
processed 169482
[M::mem_process_seqs_merge2] Processed 169482 reads in 0.120 CPU sec, 1.930 real sec
step2 put 0x50000201ef10
slave pre done
now n is 169482
processed 169482
[M::mem_process_seqs_merge2] Processed 169482 reads in 0.250 CPU sec, 1.721 real sec
step2 put 0x50000201ef10
step1 0x50000201eba0
[M::process] read chunk (19660800 bytes/CG x 1 CGs, 19660800 bytes)...
step2 get 0x50000201eba0
[DBG stage1] slow fread: R2 offset=137618876 requested=19660800 read=19660800 elapsed=1.327 s
step1 0x50000201d930
[M::process] read chunk (19660800 bytes/CG x 1 CGs, 19660800 bytes)...
[M::mem_process_seqs_merge2] CPE FASTQ formatting done
step2 get 0x50000201d930
[DBG stage1] slow fread: R2 offset=1887260640 requested=19660800 read=19660800 elapsed=1.302 s
step1 0x50000201d930
[M::process] read chunk (19660800 bytes/CG x 1 CGs, 19660800 bytes)...
step2 get 0x50000201d930
[DBG stage1] slow fread: R2 offset=1304047128 requested=19660800 read=19660800 elapsed=1.279 s
step1 0x50000201d930
[M::process] read chunk (19660800 bytes/CG x 1 CGs, 19660800 bytes)...
step2 get 0x50000201d930
step1 0x50000201eba0
[M::process] read chunk (19660800 bytes/CG x 1 CGs, 19660800 bytes)...
step2 get 0x50000201eba0
[M::mem_process_seqs_merge2] CPE FASTQ formatting done
[DBG stage1] slow fread: R2 offset=720833616 requested=19660800 read=19660800 elapsed=1.187 s
step1 0x50000201d930
[M::process] read chunk (19660800 bytes/CG x 1 CGs, 19660800 bytes)...
step2 get 0x50000201d930
[DBG stage1] slow fread: R1 offset=2490133548 requested=19660800 read=19660800 elapsed=1.409 s
[DBG stage1] slow fread: R1 offset=157278684 requested=19660800 read=19660800 elapsed=1.417 s
[DBG stage1] slow fread: R1 offset=1906920624 requested=19660800 read=19660800 elapsed=1.418 s
[DBG stage1] slow fread: R1 offset=1323707112 requested=19660800 read=19660800 elapsed=1.434 s
[DBG stage1] slow fread: R1 offset=3073347212 requested=19660800 read=19660800 elapsed=1.464 s
[DBG stage1] slow fread: R1 offset=740493600 requested=19660800 read=19660800 elapsed=1.460 s
slave pre done
now n is 169482
processed 169482
[M::mem_process_seqs_merge2] Processed 169482 reads in 0.240 CPU sec, 1.830 real sec
step2 put 0x50000201eba0
slave pre done
now n is 169482
processed 169482
[M::mem_process_seqs_merge2] Processed 169482 reads in 0.210 CPU sec, 1.740 real sec
step2 put 0x50000201eba0
[DBG stage1] slow fread: R2 offset=2490133548 requested=19660800 read=19660800 elapsed=1.313 s
step1 0x50000201d930
[M::process] read chunk (19660800 bytes/CG x 1 CGs, 19660800 bytes)...
step2 get 0x50000201d930
[DBG stage1] slow fread: R2 offset=157278684 requested=19660800 read=19660800 elapsed=1.303 s
step1 0x50000201ef60
[M::process] read chunk (19660800 bytes/CG x 1 CGs, 19660800 bytes)...
[DBG stage1] slow fread: R2 offset=1906920624 requested=19660800 read=19660800 elapsed=1.295 s
step1 0x50000201ef60
[M::process] read chunk (19660800 bytes/CG x 1 CGs, 19660800 bytes)...
[DBG stage1] slow fread: R2 offset=1323707112 requested=19660800 read=19660800 elapsed=1.290 s
step1 0x50000201ef60
[M::process] read chunk (19660800 bytes/CG x 1 CGs, 19660800 bytes)...
[DBG stage1] slow fread: R2 offset=3073347212 requested=19660800 read=19660800 elapsed=1.240 s
step1 0x50000201d930
[M::process] read chunk (19660800 bytes/CG x 1 CGs, 19660800 bytes)...
step2 get 0x50000201d930
[DBG stage1] slow fread: R2 offset=740493600 requested=19660800 read=19660800 elapsed=1.250 s
step1 0x50000201ef60
[M::process] read chunk (19660800 bytes/CG x 1 CGs, 19660800 bytes)...
step3 0x50000201d8e0
[M::mem_process_seqs_merge2] CPE FASTQ formatting done
[DBG stage1] slow fread: R1 offset=2509793460 requested=19660800 read=19660800 elapsed=1.197 s
step3 0x50000201d8e0
step3 0x50000201d8e0
[M::mem_process_seqs_merge2] CPE FASTQ formatting done
[DBG stage1] slow fread: R1 offset=760153584 requested=19660800 read=19660800 elapsed=1.015 s
[M::mem_process_seqs_merge2] CPE FASTQ formatting done
[DBG stage1] slow fread: R1 offset=1926580608 requested=19660800 read=19660800 elapsed=1.269 s
step3 0x50000201ebf0
step3 0x50000201ebf0
[M::mem_process_seqs_merge2] CPE FASTQ formatting done
step3 0x50000201ebf0
step3 0x50000201ebf0
[DBG stage1] slow fread: R1 offset=3093007124 requested=19660800 read=19660800 elapsed=1.382 s
step3 0x50000201ebf0
[M::mem_process_seqs_merge2] CPE FASTQ formatting done
step3 0x50000201d8e0
[M::mem_process_seqs_merge2] CPE FASTQ formatting done
step3 0x50000201ebf0
[DBG stage1] slow fread: R2 offset=176938492 requested=19660800 read=19660800 elapsed=1.601 s
step1 0x50000201efb0
[M::process] read chunk (19660800 bytes/CG x 1 CGs, 19660800 bytes)...
[DBG stage1] slow fread: R2 offset=1343367096 requested=19660800 read=19660800 elapsed=1.641 s
step1 0x50000201efb0
[M::process] read chunk (19660800 bytes/CG x 1 CGs, 19660800 bytes)...
[DBG stage1] slow fread: R2 offset=760153584 requested=19660800 read=19660800 elapsed=1.688 s
step1 0x50000201efb0
[M::process] read chunk (19660800 bytes/CG x 1 CGs, 19660800 bytes)...
slave pre done
now n is 175534
slave pre done
now n is 172456
processed 175534
[M::mem_process_seqs_merge2] Processed 175534 reads in 0.520 CPU sec, 1.981 real sec
step2 put 0x50000201d930
step2 get 0x50000201ef60
processed 172456
slave pre done
now n is 172456
[M::mem_process_seqs_merge2] Processed 172456 reads in 0.490 CPU sec, 1.911 real sec
step2 put 0x50000201d930
step2 get 0x50000201ef60
[M::mem_process_seqs_merge2] CPE FASTQ formatting done
slave pre done
now n is 169482
[M::mem_process_seqs_merge2] CPE FASTQ formatting done
processed 172456
[M::mem_process_seqs_merge2] Processed 172456 reads in 0.500 CPU sec, 1.930 real sec
step2 put 0x50000201d930
step2 get 0x50000201ef60
processed 169482
[M::mem_process_seqs_merge2] Processed 169482 reads in 0.320 CPU sec, 1.810 real sec
step2 put 0x50000201d930
[M::mem_process_seqs_merge2] CPE FASTQ formatting done
[DBG stage1] slow fread: R2 offset=2509793460 requested=19660800 read=19660800 elapsed=2.075 s
step1 0x50000201ef60
[M::process] read chunk (19660800 bytes/CG x 1 CGs, 19660800 bytes)...
step2 get 0x50000201ef60
slave pre done
now n is 169482
processed 169482
[M::mem_process_seqs_merge2] Processed 169482 reads in 0.290 CPU sec, 1.691 real sec
step2 put 0x50000201d930
[DBG stage1] slow fread: R2 offset=1926580608 requested=19660800 read=19660800 elapsed=2.066 s
step1 0x50000201efb0
[M::process] read chunk (19660800 bytes/CG x 1 CGs, 19660800 bytes)...
[DBG stage1] slow fread: R2 offset=3093007124 requested=19660800 read=19660800 elapsed=2.034 s
step1 0x50000201ef60
[M::process] read chunk (19660800 bytes/CG x 1 CGs, 19660800 bytes)...
step2 get 0x50000201ef60
[DBG stage1] slow fread: R1 offset=196598300 requested=19660800 read=19660800 elapsed=1.953 s
[DBG stage1] slow fread: R1 offset=1363027080 requested=19660800 read=19660800 elapsed=1.931 s
slave pre done
now n is 172456
[DBG stage1] slow fread: R1 offset=2529453372 requested=19660800 read=19660800 elapsed=1.476 s
processed 172456
[M::mem_process_seqs_merge2] Processed 172456 reads in 0.590 CPU sec, 2.591 real sec
step2 put 0x50000201d930
step2 get 0x50000201ef60
[M::mem_process_seqs_merge2] CPE FASTQ formatting done
[DBG stage1] slow fread: R1 offset=779813568 requested=19660800 read=19660800 elapsed=1.856 s
[DBG stage1] slow fread: R1 offset=1946240592 requested=19660800 read=19660800 elapsed=1.433 s
slave pre done
now n is 172456
processed 172456
[M::mem_process_seqs_merge2] Processed 172456 reads in 0.240 CPU sec, 1.729 real sec
step2 put 0x50000201ef60
step2 get 0x50000201efb0
[DBG stage1] slow fread: R1 offset=3112667036 requested=19660800 read=19660800 elapsed=1.392 s
slave pre done
now n is 172456
processed 172456
[M::mem_process_seqs_merge2] Processed 172456 reads in 0.210 CPU sec, 2.139 real sec
step2 put 0x50000201ef60
step2 get 0x50000201efb0
slave pre done
now n is 175534
processed 175534
[M::mem_process_seqs_merge2] Processed 175534 reads in 0.250 CPU sec, 2.278 real sec
step2 put 0x50000201ef60
step2 get 0x50000201efb0
[DBG stage1] slow fread: R2 offset=2529453372 requested=19660800 read=19660800 elapsed=1.230 s
step1 0x50000201d8e0
[M::process] read chunk (19660800 bytes/CG x 1 CGs, 19660800 bytes)...
[DBG stage1] slow fread: R2 offset=1946240592 requested=19660800 read=19660800 elapsed=1.203 s
step1 0x50000201d8e0
[M::process] read chunk (19660800 bytes/CG x 1 CGs, 19660800 bytes)...
[DBG stage1] slow fread: R2 offset=196598300 requested=19660800 read=19660800 elapsed=1.510 s
step1 0x50000201eba0
[M::process] read chunk (19660800 bytes/CG x 1 CGs, 19660800 bytes)...
[DBG stage1] slow fread: R2 offset=1363027080 requested=19660800 read=19660800 elapsed=1.476 s
step1 0x50000201eba0
[M::process] read chunk (19660800 bytes/CG x 1 CGs, 19660800 bytes)...
[DBG stage1] slow fread: R2 offset=3112667036 requested=19660800 read=19660800 elapsed=1.166 s
step1 0x50000201d8e0
[M::process] read chunk (19660800 bytes/CG x 1 CGs, 19660800 bytes)...
[DBG stage1] slow fread: R2 offset=779813568 requested=19660800 read=19660800 elapsed=1.453 s
step1 0x50000201eba0
[M::process] read chunk (19660800 bytes/CG x 1 CGs, 19660800 bytes)...
slave pre done
now n is 172456
processed 172456
[M::mem_process_seqs_merge2] Processed 172456 reads in 0.320 CPU sec, 2.117 real sec
step2 put 0x50000201ef60
step2 get 0x50000201efb0
[DBG stage1] slow fread: R1 offset=2549113284 requested=19660800 read=19660800 elapsed=1.276 s
[DBG stage1] slow fread: R1 offset=1965900576 requested=19660800 read=19660800 elapsed=1.271 s
[DBG stage1] slow fread: R1 offset=216258108 requested=19660800 read=19660800 elapsed=1.276 s
[DBG stage1] slow fread: R1 offset=1382687064 requested=19660800 read=19660800 elapsed=1.295 s
[DBG stage1] slow fread: R1 offset=3132326948 requested=19660800 read=19660800 elapsed=1.283 s
[DBG stage1] slow fread: R1 offset=799473552 requested=19660800 read=19660800 elapsed=1.269 s
[DBG stage1] slow fread: R2 offset=2549113284 requested=19660800 read=19660800 elapsed=1.218 s
step1 0x50000201efb0
[M::process] read chunk (19660800 bytes/CG x 1 CGs, 19660800 bytes)...
[DBG stage1] slow fread: R2 offset=1965900576 requested=19660800 read=19660800 elapsed=1.188 s
step1 0x50000201eba0
[M::process] read chunk (19660800 bytes/CG x 1 CGs, 19660800 bytes)...
[DBG stage1] slow fread: R2 offset=216258108 requested=19660800 read=19660800 elapsed=1.194 s
step1 0x50000201d8e0
[M::process] read chunk (19660800 bytes/CG x 1 CGs, 19660800 bytes)...
[DBG stage1] slow fread: R2 offset=3132326948 requested=19660800 read=19660800 elapsed=1.176 s
step1 0x50000201efb0
[M::process] read chunk (19660800 bytes/CG x 1 CGs, 19660800 bytes)...
[DBG stage1] slow fread: R2 offset=1382687064 requested=19660800 read=19660800 elapsed=1.194 s
step1 0x50000201d8e0
[M::process] read chunk (19660800 bytes/CG x 1 CGs, 19660800 bytes)...
[DBG stage1] slow fread: R2 offset=799473552 requested=19660800 read=19660800 elapsed=1.160 s
step1 0x50000201d8e0
[M::process] read chunk (19660800 bytes/CG x 1 CGs, 19660800 bytes)...
[DBG stage1] slow fread: R1 offset=2568773196 requested=19660800 read=19660800 elapsed=1.075 s
[DBG stage1] slow fread: R1 offset=1985560560 requested=19660800 read=19660800 elapsed=1.075 s
[DBG stage1] slow fread: R1 offset=3151986860 requested=19660800 read=19660800 elapsed=1.060 s
[DBG stage1] slow fread: R1 offset=1402347048 requested=19660800 read=19660800 elapsed=1.063 s
step1 0x500002755a80
[M::process] read chunk (19660800 bytes/CG x 1 CGs, 19660800 bytes)...
step1 0x500002755a80
[M::process] read chunk (19660800 bytes/CG x 1 CGs, 19660800 bytes)...
step3 0x50000201eec0
step3 0x50000201eec0
step3 0x50000201eec0
[M::mem_process_seqs_merge2] CPE FASTQ formatting done
step3 0x50000201eec0
[M::mem_process_seqs_merge2] CPE FASTQ formatting done
[M::mem_process_seqs_merge2] CPE FASTQ formatting done
step3 0x50000201eec0
[M::mem_process_seqs_merge2] CPE FASTQ formatting done
[M::mem_process_seqs_merge2] CPE FASTQ formatting done
[DBG stage1] slow fread: R2 offset=2568773196 requested=19660800 read=19660800 elapsed=1.206 s
step1 0x500002755a80
[M::process] read chunk (19660800 bytes/CG x 1 CGs, 19660800 bytes)...
[DBG stage1] slow fread: R2 offset=1985560560 requested=19660800 read=19660800 elapsed=1.204 s
step1 0x500002755a80
[M::process] read chunk (19660800 bytes/CG x 1 CGs, 19660800 bytes)...
[DBG stage1] slow fread: R2 offset=3151986860 requested=19660800 read=19660800 elapsed=1.277 s
step3 0x50000201ef10
step1 0x500002755a80
[M::process] read chunk (19660800 bytes/CG x 1 CGs, 19660800 bytes)...
[DBG stage1] slow fread: R2 offset=1402347048 requested=19660800 read=19660800 elapsed=1.369 s
step1 0x500002755d00
[M::process] read chunk (19660800 bytes/CG x 1 CGs, 19660800 bytes)...
step3 0x50000201eec0
[M::mem_process_seqs_merge2] CPE FASTQ formatting done
[DBG stage1] slow fread: R1 offset=255577956 requested=19660800 read=19660800 elapsed=1.845 s
slave pre done
now n is 172456
processed 172456
[M::mem_process_seqs_merge2] Processed 172456 reads in 0.380 CPU sec, 1.531 real sec
step2 put 0x50000201efb0
step2 get 0x50000201d8e0
slave pre done
now n is 172456
[DBG stage1] slow fread: R1 offset=2588433108 requested=19660800 read=19660800 elapsed=1.679 s
[DBG stage1] slow fread: R1 offset=838793520 requested=19660800 read=19660800 elapsed=2.043 s
processed 172456
[M::mem_process_seqs_merge2] Processed 172456 reads in 0.340 CPU sec, 1.791 real sec
step2 put 0x50000201efb0
step2 get 0x50000201eba0
[DBG stage1] slow fread: R1 offset=2005220544 requested=19660800 read=19660800 elapsed=1.679 s
slave pre done
now n is 169482
processed 169482
[M::mem_process_seqs_merge2] Processed 169482 reads in 0.380 CPU sec, 1.860 real sec
step2 put 0x50000201ef60
step2 get 0x50000201d8e0
[M::mem_process_seqs_merge2] CPE FASTQ formatting done
slave pre done
now n is 169482
[DBG stage1] slow fread: R1 offset=3171646772 requested=19660800 read=19660800 elapsed=1.685 s
processed 169482
[M::mem_process_seqs_merge2] Processed 169482 reads in 0.370 CPU sec, 2.020 real sec
step2 put 0x50000201ef60
step2 get 0x50000201d8e0
[DBG stage1] slow fread: R1 offset=1422007032 requested=19660800 read=19660800 elapsed=1.689 s
slave pre done
now n is 175534
processed 175534
[M::mem_process_seqs_merge2] Processed 175534 reads in 0.340 CPU sec, 2.200 real sec
step2 put 0x50000201efb0
step2 get 0x50000201eba0
slave pre done
now n is 172456
processed 172456
[M::mem_process_seqs_merge2] Processed 172456 reads in 0.440 CPU sec, 1.740 real sec
step2 put 0x50000201efb0
step2 get 0x50000201eba0
[DBG stage1] slow fread: R2 offset=2588433108 requested=19660800 read=19660800 elapsed=1.345 s
step1 0x50000201ebf0
[M::process] read chunk (19660800 bytes/CG x 1 CGs, 19660800 bytes)...
[DBG stage1] slow fread: R2 offset=2005220544 requested=19660800 read=19660800 elapsed=1.350 s
step1 0x50000201ebf0
[M::process] read chunk (19660800 bytes/CG x 1 CGs, 19660800 bytes)...
[DBG stage1] slow fread: R2 offset=255577956 requested=19660800 read=19660800 elapsed=1.765 s
step1 0x500002755ad0
[M::process] read chunk (19660800 bytes/CG x 1 CGs, 19660800 bytes)...
[DBG stage1] slow fread: R2 offset=3171646772 requested=19660800 read=19660800 elapsed=1.323 s
step1 0x50000201ebf0
[M::process] read chunk (19660800 bytes/CG x 1 CGs, 19660800 bytes)...
[DBG stage1] slow fread: R2 offset=1422007032 requested=19660800 read=19660800 elapsed=1.294 s
step1 0x500002755d50
[M::process] read chunk (19660800 bytes/CG x 1 CGs, 19660800 bytes)...
[DBG stage1] slow fread: R2 offset=838793520 requested=19660800 read=19660800 elapsed=1.671 s
step1 0x500002755ad0
[M::process] read chunk (19660800 bytes/CG x 1 CGs, 19660800 bytes)...
slave pre done
now n is 169482
processed 169482
[M::mem_process_seqs_merge2] Processed 169482 reads in 0.210 CPU sec, 1.710 real sec
step2 put 0x50000201d8e0
step2 get 0x50000201efb0
[DBG stage1] slow fread: R1 offset=2608093020 requested=19660800 read=19660800 elapsed=1.255 s
[DBG stage1] slow fread: R1 offset=2024880528 requested=19660800 read=19660800 elapsed=1.247 s
[DBG stage1] slow fread: R1 offset=275237940 requested=19660800 read=19660800 elapsed=1.244 s
[DBG stage1] slow fread: R1 offset=3191306684 requested=19660800 read=19660800 elapsed=1.260 s
[DBG stage1] slow fread: R1 offset=1441667016 requested=19660800 read=19660800 elapsed=1.278 s
[DBG stage1] slow fread: R1 offset=858453504 requested=19660800 read=19660800 elapsed=1.250 s
[DBG stage1] slow fread: R2 offset=2608093020 requested=19660800 read=19660800 elapsed=1.350 s
step1 0x500002755ad0
[DBG stage1] slow fread: R2 offset=2024880528 requested=19660800 read=19660800 elapsed=1.342 s
step1 0x500002755ad0
[DBG stage1] slow fread: R2 offset=275237940 requested=19660800 read=19660800 elapsed=1.336 s
step1 0x50000201ebf0
[DBG stage1] slow fread: R2 offset=3191306684 requested=19660800 read=19660800 elapsed=1.249 s
step1 0x50000201eec0
[M::process] read chunk (19660800 bytes/CG x 1 CGs, 19660800 bytes)...
[DBG stage1] slow fread: R2 offset=1441667016 requested=19660800 read=19660800 elapsed=1.235 s
step1 0x50000201ebf0
[DBG stage1] slow fread: R2 offset=858453504 requested=19660800 read=19660800 elapsed=1.198 s
step1 0x50000201ebf0
step1 0x500002755ad0
step3 0x50000201ef10
step3 0x50000201ef10
step3 0x50000201ef10
[M::mem_process_seqs_merge2] CPE FASTQ formatting done
[M::mem_process_seqs_merge2] CPE FASTQ formatting done
step3 0x50000201ef10
[M::mem_process_seqs_merge2] CPE FASTQ formatting done
[M::mem_process_seqs_merge2] CPE FASTQ formatting done
step3 0x50000201eba0
step3 0x50000201ef10
[M::mem_process_seqs_merge2] CPE FASTQ formatting done
[M::mem_process_seqs_merge2] CPE FASTQ formatting done
step3 0x50000201d930
step3 0x50000201eba0
step3 0x50000201d930
step3 0x50000201d930
step3 0x50000201d930
slave pre done
now n is 169482
processed 169482
[M::mem_process_seqs_merge2] Processed 169482 reads in 0.400 CPU sec, 1.640 real sec
step2 put 0x50000201d8e0
step2 get 0x50000201efb0
[M::process] read chunk (19660800 bytes/CG x 1 CGs, 19660800 bytes)...
[M::mem_process_seqs_merge2] CPE FASTQ formatting done
slave pre done
now n is 172456
processed 172456
[M::mem_process_seqs_merge2] Processed 172456 reads in 0.450 CPU sec, 1.701 real sec
step2 put 0x50000201d8e0
step2 get 0x50000201eba0
[M::process] read chunk (19660800 bytes/CG x 1 CGs, 19660800 bytes)...
[M::mem_process_seqs_merge2] CPE FASTQ formatting done
slave pre done
now n is 172456
processed 172456
[M::mem_process_seqs_merge2] Processed 172456 reads in 0.390 CPU sec, 1.800 real sec
step2 put 0x50000201eba0
step2 get 0x50000201d8e0
slave pre done
now n is 175534
[M::process] read chunk (19660800 bytes/CG x 1 CGs, 19660800 bytes)...
[M::mem_process_seqs_merge2] CPE FASTQ formatting done
processed 175534
[M::mem_process_seqs_merge2] Processed 175534 reads in 0.400 CPU sec, 1.750 real sec
step2 put 0x50000201eba0
step2 get 0x50000201d8e0
[M::process] read chunk (19660800 bytes/CG x 1 CGs, 19660800 bytes)...
[M::mem_process_seqs_merge2] CPE FASTQ formatting done
slave pre done
now n is 169482
processed 169482
[M::mem_process_seqs_merge2] Processed 169482 reads in 0.240 CPU sec, 1.890 real sec
step2 put 0x50000201efb0
step2 get 0x500002755a80
[M::process] read chunk (19660800 bytes/CG x 1 CGs, 19660800 bytes)...
slave pre done
now n is 172456
processed 172456
[M::mem_process_seqs_merge2] Processed 172456 reads in 0.480 CPU sec, 2.122 real sec
step2 put 0x50000201eba0
step2 get 0x50000201d8e0
[M::process] read chunk (19660800 bytes/CG x 1 CGs, 19660800 bytes)...
[M::mem_process_seqs_merge2] CPE FASTQ formatting done
[DBG stage1] slow fread: R1 offset=2627752932 requested=19660800 read=19660800 elapsed=1.534 s
[DBG stage1] slow fread: R1 offset=294897924 requested=19660800 read=19660800 elapsed=1.402 s
[DBG stage1] slow fread: R1 offset=2044540512 requested=19660800 read=19660800 elapsed=1.711 s
slave pre done
now n is 169482
processed 169482
[M::mem_process_seqs_merge2] Processed 169482 reads in 0.230 CPU sec, 1.870 real sec
step2 put 0x50000201efb0
step2 get 0x500002755a80
[DBG stage1] slow fread: R1 offset=3230626508 requested=19660800 read=19660800 elapsed=1.438 s
[DBG stage1] slow fread: R1 offset=878113488 requested=19660800 read=19660800 elapsed=1.760 s
slave pre done
now n is 173598
processed 173598
[M::mem_process_seqs_merge2] Processed 173598 reads in 0.180 CPU sec, 1.830 real sec
step2 put 0x50000201d8e0
step2 get 0x500002755a80
slave pre done
now n is 172456
processed 172456
[M::mem_process_seqs_merge2] Processed 172456 reads in 0.250 CPU sec, 1.999 real sec
step2 put 0x50000201eba0
step2 get 0x500002755a80
slave pre done
now n is 172456
processed 172456
[M::mem_process_seqs_merge2] Processed 172456 reads in 0.240 CPU sec, 2.150 real sec
step2 put 0x50000201d8e0
step2 get 0x500002755a80
[DBG stage1] slow fread: R1 offset=1461327000 requested=19660800 read=19660800 elapsed=1.673 s
slave pre done
now n is 172456
processed 172456
[M::mem_process_seqs_merge2] Processed 172456 reads in 0.310 CPU sec, 1.868 real sec
step2 put 0x50000201d8e0
step2 get 0x500002755d00
[DBG stage1] slow fread: R2 offset=294897924 requested=19660800 read=19660800 elapsed=1.130 s
step1 0x50000201ef10
[M::process] read chunk (19660800 bytes/CG x 1 CGs, 19660800 bytes)...
step1 0x50000201ef10
[DBG stage1] slow fread: R2 offset=2627752932 requested=19660800 read=19660800 elapsed=1.368 s
step1 0x50000201ef10
[M::process] read chunk (19660800 bytes/CG x 1 CGs, 19660800 bytes)...
[DBG stage1] slow fread: R2 offset=2044540512 requested=19660800 read=19660800 elapsed=1.232 s
step1 0x50000201ef10
[M::process] read chunk (19660800 bytes/CG x 1 CGs, 19660800 bytes)...
[DBG stage1] slow fread: R2 offset=878113488 requested=19660800 read=19660800 elapsed=1.184 s
step1 0x50000201ef10
[M::process] read chunk (19660800 bytes/CG x 1 CGs, 19660800 bytes)...
[DBG stage1] slow fread: R2 offset=1461327000 requested=19660800 read=19660800 elapsed=1.090 s
step1 0x50000201ef10
[M::process] read chunk (19660800 bytes/CG x 1 CGs, 19660800 bytes)...
[DBG stage1] slow fread: R1 offset=314557908 requested=19660800 read=19660800 elapsed=1.000 s
step1 0x50000201eec0
step1 0x50000201eec0
step1 0x50000201eec0
[DBG stage1] slow fread: R2 offset=314557908 requested=19660800 read=19660800 elapsed=1.073 s
step1 0x50000201eec0
step1 0x50000201eec0
step3 0x50000201d930
[M::mem_process_seqs_merge2] CPE FASTQ formatting done
step3 0x50000201d930
step3 0x50000201ef60
step3 0x50000201ef60
step3 0x50000201ef60
step3 0x50000201ef60
[M::mem_process_seqs_merge2] CPE FASTQ formatting done
[M::mem_process_seqs_merge2] CPE FASTQ formatting done
[M::mem_process_seqs_merge2] CPE FASTQ formatting done
[M::mem_process_seqs_merge2] CPE FASTQ formatting done
[M::mem_process_seqs_merge2] CPE FASTQ formatting done
step3 0x50000201ef60
slave pre done
now n is 172456
slave pre done
now n is 169482
processed 169482
processed 172456
[M::mem_process_seqs_merge2] Processed 172456 reads in 0.350 CPU sec, 1.750 real sec
step2 put 0x500002755d00
step2 get 0x500002755d50
[M::mem_process_seqs_merge2] Processed 169482 reads in 0.380 CPU sec, 1.861 real sec
step2 put 0x500002755a80
step2 get 0x50000201ebf0
[M::process] read chunk (19660800 bytes/CG x 1 CGs, 19660800 bytes)...
[M::process] read chunk (19660800 bytes/CG x 1 CGs, 19660800 bytes)...
[M::mem_process_seqs_merge2] CPE FASTQ formatting done
slave pre done
now n is 169482
slave pre done
now n is 172456
processed 169482
[M::mem_process_seqs_merge2] Processed 169482 reads in 0.380 CPU sec, 1.911 real sec
step2 put 0x500002755a80
step2 get 0x50000201ebf0
[M::process] read chunk (19660800 bytes/CG x 1 CGs, 19660800 bytes)...
processed 172456
[M::mem_process_seqs_merge2] Processed 172456 reads in 0.350 CPU sec, 1.940 real sec
step2 put 0x500002755a80
step2 get 0x50000201ebf0
slave pre done
now n is 172456
[M::process] read chunk (19660800 bytes/CG x 1 CGs, 19660800 bytes)...
processed 172456
[M::mem_process_seqs_merge2] Processed 172456 reads in 0.380 CPU sec, 1.930 real sec
step2 put 0x500002755a80
step2 get 0x500002755ad0
[M::process] read chunk (19660800 bytes/CG x 1 CGs, 19660800 bytes)...
slave pre done
now n is 172456
processed 172456
[M::mem_process_seqs_merge2] Processed 172456 reads in 0.360 CPU sec, 2.350 real sec
step2 put 0x500002755a80
step2 get 0x500002755ad0
[M::process] read chunk (19660800 bytes/CG x 1 CGs, 19660800 bytes)...
[DBG stage1] slow fread: R1 offset=3250286420 requested=19660800 read=19660800 elapsed=1.272 s
[DBG stage1] slow fread: R1 offset=1500646968 requested=19660800 read=19660800 elapsed=1.273 s
[DBG stage1] slow fread: R1 offset=2667072756 requested=19660800 read=19660800 elapsed=1.306 s
[DBG stage1] slow fread: R1 offset=2083860480 requested=19660800 read=19660800 elapsed=1.313 s
[DBG stage1] slow fread: R1 offset=334217892 requested=19660800 read=19660800 elapsed=1.321 s
slave pre done
now n is 169482
processed 169482
[M::mem_process_seqs_merge2] Processed 169482 reads in 0.190 CPU sec, 1.679 real sec
step2 put 0x50000201ebf0
step2 get 0x50000201eec0
[DBG stage1] slow fread: R1 offset=917433456 requested=19660800 read=19660800 elapsed=1.356 s
[DBG stage1] slow fread: R2 offset=3250286420 requested=19660800 read=19660800 elapsed=1.337 s
step1 0x50000201d930
[M::process] read chunk (19660800 bytes/CG x 1 CGs, 19660800 bytes)...
[DBG stage1] slow fread: R2 offset=1500646968 requested=19660800 read=19660800 elapsed=1.335 s
step1 0x50000201d930
[DBG stage1] slow fread: R2 offset=2667072756 requested=19660800 read=19660800 elapsed=1.299 s
step1 0x50000201eba0
[DBG stage1] slow fread: R2 offset=2083860480 requested=19660800 read=19660800 elapsed=1.297 s
step1 0x50000201d930
[DBG stage1] slow fread: R2 offset=334217892 requested=19660800 read=19660800 elapsed=1.274 s
step1 0x50000201d930
[DBG stage1] slow fread: R2 offset=917433456 requested=19660800 read=19660800 elapsed=1.038 s
step1 0x50000201d930
step1 0x50000201eba0
step3 0x50000201efb0
step3 0x50000201ef60
[M::mem_process_seqs_merge2] CPE FASTQ formatting done
step3 0x50000201efb0
[M::mem_process_seqs_merge2] CPE FASTQ formatting done
step3 0x50000201efb0
step3 0x50000201efb0
[M::mem_process_seqs_merge2] CPE FASTQ formatting done
[M::mem_process_seqs_merge2] CPE FASTQ formatting done
[M::mem_process_seqs_merge2] CPE FASTQ formatting done
step3 0x50000201d8e0
[M::mem_process_seqs_merge2] CPE FASTQ formatting done
step3 0x50000201d8e0
step3 0x50000201d8e0
step3 0x50000201eba0
step3 0x50000201eba0
step3 0x50000201eba0
slave pre done
now n is 172456
processed 172456
[M::mem_process_seqs_merge2] Processed 172456 reads in 0.430 CPU sec, 1.680 real sec
step2 put 0x50000201ebf0
step2 get 0x500002755ad0
[M::process] read chunk (19660800 bytes/CG x 1 CGs, 19660800 bytes)...
[M::mem_process_seqs_merge2] CPE FASTQ formatting done
slave pre done
now n is 172456
slave pre done
now n is 169482
slave pre done
now n is 172456
processed 172456
[M::mem_process_seqs_merge2] Processed 172456 reads in 0.470 CPU sec, 1.850 real sec
step2 put 0x500002755ad0
step2 get 0x50000201ebf0
[M::process] read chunk (19660800 bytes/CG x 1 CGs, 19660800 bytes)...
processed 169482
[M::mem_process_seqs_merge2] Processed 169482 reads in 0.410 CPU sec, 1.930 real sec
step2 put 0x50000201ebf0
step2 get 0x500002755ad0
[M::process] read chunk (19660800 bytes/CG x 1 CGs, 19660800 bytes)...
[M::mem_process_seqs_merge2] CPE FASTQ formatting done
[M::mem_process_seqs_merge2] CPE FASTQ formatting done
processed 172456
[M::mem_process_seqs_merge2] Processed 172456 reads in 0.420 CPU sec, 1.910 real sec
step2 put 0x500002755ad0
step2 get 0x50000201ebf0
[M::process] read chunk (19660800 bytes/CG x 1 CGs, 19660800 bytes)...
[M::mem_process_seqs_merge2] CPE FASTQ formatting done
slave pre done
now n is 169482
processed 169482
[M::mem_process_seqs_merge2] Processed 169482 reads in 0.310 CPU sec, 1.930 real sec
step2 put 0x50000201eec0
step2 get 0x500002755ad0
[M::process] read chunk (19660800 bytes/CG x 1 CGs, 19660800 bytes)...
slave pre done
now n is 172456
processed 172456
[M::mem_process_seqs_merge2] Processed 172456 reads in 0.440 CPU sec, 2.081 real sec
step2 put 0x500002755d50
step2 get 0x50000201ebf0
[M::process] read chunk (19660800 bytes/CG x 1 CGs, 19660800 bytes)...
[M::mem_process_seqs_merge2] CPE FASTQ formatting done
[DBG stage1] slow fread: R1 offset=2103520464 requested=19660800 read=19660800 elapsed=1.545 s
slave pre done
now n is 172456
processed 172456
[M::mem_process_seqs_merge2] Processed 172456 reads in 0.180 CPU sec, 1.781 real sec
step2 put 0x500002755ad0
step2 get 0x50000201ef10
[DBG stage1] slow fread: R1 offset=3289606244 requested=19660800 read=19660800 elapsed=1.505 s
[DBG stage1] slow fread: R1 offset=353877876 requested=19660800 read=19660800 elapsed=1.817 s
slave pre done
now n is 172456
slave pre done
now n is 169482
[DBG stage1] slow fread: R1 offset=2686732668 requested=19660800 read=19660800 elapsed=1.854 s
processed 172456
[M::mem_process_seqs_merge2] Processed 172456 reads in 0.250 CPU sec, 1.880 real sec
step2 put 0x50000201ebf0
step2 get 0x50000201ef10
processed 169482
[M::mem_process_seqs_merge2] Processed 169482 reads in 0.230 CPU sec, 1.890 real sec
step2 put 0x500002755ad0
step2 get 0x50000201ef10
[DBG stage1] slow fread: R1 offset=937093440 requested=19660800 read=19660800 elapsed=1.847 s
[DBG stage1] slow fread: R1 offset=1520306952 requested=19660800 read=19660800 elapsed=1.818 s
slave pre done
now n is 172456
processed 172456
[M::mem_process_seqs_merge2] Processed 172456 reads in 0.190 CPU sec, 1.867 real sec
step2 put 0x50000201ebf0
step2 get 0x50000201ef10
slave pre done
now n is 172456
processed 172456
[M::mem_process_seqs_merge2] Processed 172456 reads in 0.210 CPU sec, 2.162 real sec
step2 put 0x50000201ebf0
step2 get 0x50000201ef10
[DBG stage1] slow fread: R2 offset=3289606244 requested=19660800 read=19660800 elapsed=1.041 s
step1 0x50000201ef60
[DBG stage1] slow fread: R2 offset=2103520464 requested=19660800 read=19660800 elapsed=1.431 s
step1 0x50000201efb0
[M::process] read chunk (19660800 bytes/CG x 1 CGs, 19660800 bytes)...
[DBG stage1] slow fread: R2 offset=353877876 requested=19660800 read=19660800 elapsed=1.179 s
step1 0x50000201efb0
[M::process] read chunk (19660800 bytes/CG x 1 CGs, 19660800 bytes)...
[DBG stage1] slow fread: R2 offset=2686732668 requested=19660800 read=19660800 elapsed=1.151 s
step1 0x50000201ef60
[M::process] read chunk (19660800 bytes/CG x 1 CGs, 19660800 bytes)...
[DBG stage1] slow fread: R2 offset=937093440 requested=19660800 read=19660800 elapsed=1.137 s
step1 0x50000201efb0
[M::process] read chunk (19660800 bytes/CG x 1 CGs, 19660800 bytes)...
[DBG stage1] slow fread: R2 offset=1520306952 requested=19660800 read=19660800 elapsed=1.076 s
step1 0x50000201efb0
[M::process] read chunk (19660800 bytes/CG x 1 CGs, 19660800 bytes)...
step1 0x50000201ef60
step1 0x50000201ef60
step1 0x50000201ef60
step1 0x50000201d930
step1 0x50000201ef60
step3 0x50000201efb0
[M::mem_process_seqs_merge2] CPE FASTQ formatting done
step3 0x50000201eba0
step3 0x50000201d8e0
[M::mem_process_seqs_merge2] CPE FASTQ formatting done
step3 0x50000201efb0
step3 0x50000201d8e0
[M::mem_process_seqs_merge2] CPE FASTQ formatting done
[M::mem_process_seqs_merge2] CPE FASTQ formatting done
[M::mem_process_seqs_merge2] CPE FASTQ formatting done
step3 0x50000201d8e0
[M::mem_process_seqs_merge2] CPE FASTQ formatting done
step3 0x500002755a80
step3 0x500002755a80
slave pre done
now n is 172456
processed 172456
[M::mem_process_seqs_merge2] Processed 172456 reads in 0.330 CPU sec, 1.751 real sec
step2 put 0x50000201ef10
step2 get 0x50000201eec0
[M::process] read chunk (19660800 bytes/CG x 1 CGs, 19660800 bytes)...
slave pre done
now n is 169482
processed 169482
[M::mem_process_seqs_merge2] Processed 169482 reads in 0.340 CPU sec, 1.780 real sec
step2 put 0x50000201ef10
step2 get 0x50000201eec0
[M::process] read chunk (19660800 bytes/CG x 1 CGs, 19660800 bytes)...
[M::mem_process_seqs_merge2] CPE FASTQ formatting done
slave pre done
now n is 172456
processed 172456
[M::mem_process_seqs_merge2] Processed 172456 reads in 0.370 CPU sec, 1.800 real sec
step2 put 0x50000201ef10
step2 get 0x50000201eec0
[M::process] read chunk (19660800 bytes/CG x 1 CGs, 19660800 bytes)...
slave pre done
now n is 169482
processed 169482
[M::mem_process_seqs_merge2] Processed 169482 reads in 0.450 CPU sec, 2.081 real sec
step2 put 0x500002755ad0
step2 get 0x50000201ef10
[M::process] read chunk (19660800 bytes/CG x 1 CGs, 19660800 bytes)...
[M::mem_process_seqs_merge2] CPE FASTQ formatting done
slave pre done
now n is 172456
processed 172456
[M::mem_process_seqs_merge2] Processed 172456 reads in 0.390 CPU sec, 2.140 real sec
step2 put 0x50000201ef10
step2 get 0x50000201eec0
[M::process] read chunk (19660800 bytes/CG x 1 CGs, 19660800 bytes)...
[DBG stage1] slow fread: R1 offset=2142840432 requested=19660800 read=19660800 elapsed=1.044 s
[DBG stage1] slow fread: R1 offset=2726052492 requested=19660800 read=19660800 elapsed=1.082 s
[DBG stage1] slow fread: R1 offset=393197844 requested=19660800 read=19660800 elapsed=1.110 s
[DBG stage1] slow fread: R1 offset=3309266156 requested=19660800 read=19660800 elapsed=1.134 s
slave pre done
now n is 172456
processed 172456
[M::mem_process_seqs_merge2] Processed 172456 reads in 0.590 CPU sec, 3.390 real sec
step2 put 0x50000201ef10
step2 get 0x50000201eec0
[DBG stage1] slow fread: R1 offset=976413408 requested=19660800 read=19660800 elapsed=1.293 s
[M::process] read chunk (19660800 bytes/CG x 1 CGs, 19660800 bytes)...
slave pre done
now n is 169482
processed 169482
[M::mem_process_seqs_merge2] Processed 169482 reads in 0.250 CPU sec, 1.850 real sec
step2 put 0x50000201eec0
step2 get 0x50000201eba0
slave pre done
now n is 169482
processed 169482
[M::mem_process_seqs_merge2] Processed 169482 reads in 0.340 CPU sec, 1.770 real sec
step2 put 0x50000201ef10
step2 get 0x50000201d930
[DBG stage1] slow fread: R2 offset=2142840432 requested=19660800 read=19660800 elapsed=1.346 s
step1 0x50000201d8e0
[DBG stage1] slow fread: R2 offset=2726052492 requested=19660800 read=19660800 elapsed=1.323 s
step1 0x50000201efb0
[M::process] read chunk (19660800 bytes/CG x 1 CGs, 19660800 bytes)...
[DBG stage1] slow fread: R2 offset=393197844 requested=19660800 read=19660800 elapsed=1.314 s
step1 0x50000201eba0
[DBG stage1] slow fread: R2 offset=3309266156 requested=19660800 read=19660800 elapsed=1.296 s
step1 0x50000201efb0
[M::process] read chunk (19660800 bytes/CG x 1 CGs, 19660800 bytes)...
[DBG stage1] slow fread: R2 offset=976413408 requested=19660800 read=19660800 elapsed=1.098 s
step1 0x50000201eba0
[DBG stage1] slow fread: R1 offset=1559626920 requested=19660800 read=19660800 elapsed=1.101 s
step1 0x50000201eba0
step3 0x500002755a80
[M::mem_process_seqs_merge2] CPE FASTQ formatting done
step1 0x50000201d8e0
step3 0x500002755a80
[M::mem_process_seqs_merge2] CPE FASTQ formatting done
step3 0x500002755d00
step1 0x50000201d8e0
[M::mem_process_seqs_merge2] CPE FASTQ formatting done
step3 0x50000201ebf0
step3 0x500002755a80
[M::mem_process_seqs_merge2] CPE FASTQ formatting done
step3 0x50000201ebf0
step3 0x50000201ebf0
[M::mem_process_seqs_merge2] CPE FASTQ formatting done
[M::mem_process_seqs_merge2] CPE FASTQ formatting done
step3 0x500002755d50
step3 0x500002755ad0
step3 0x500002755ad0
slave pre done
now n is 169482
processed 169482
[M::mem_process_seqs_merge2] Processed 169482 reads in 0.280 CPU sec, 1.710 real sec
step2 put 0x50000201d930
step2 get 0x50000201eba0
slave pre done
now n is 172456
[M::process] read chunk (19660800 bytes/CG x 1 CGs, 19660800 bytes)...
processed 172456
[M::mem_process_seqs_merge2] Processed 172456 reads in 0.400 CPU sec, 2.080 real sec
step2 put 0x50000201eec0
step2 get 0x50000201d930
[M::process] read chunk (19660800 bytes/CG x 1 CGs, 19660800 bytes)...
[M::mem_process_seqs_merge2] CPE FASTQ formatting done
slave pre done
now n is 172456
processed 172456
[M::mem_process_seqs_merge2] Processed 172456 reads in 0.410 CPU sec, 1.930 real sec
step2 put 0x50000201eec0
step2 get 0x50000201d930
slave pre done
now n is 172456
[M::process] read chunk (19660800 bytes/CG x 1 CGs, 19660800 bytes)...
processed 172456
[M::mem_process_seqs_merge2] Processed 172456 reads in 0.520 CPU sec, 2.105 real sec
step2 put 0x50000201eec0
step2 get 0x50000201d930
[M::mem_process_seqs_merge2] CPE FASTQ formatting done
[M::process] read chunk (19660800 bytes/CG x 1 CGs, 19660800 bytes)...
[M::mem_process_seqs_merge2] CPE FASTQ formatting done
slave pre done
now n is 172456
processed 172456
[M::mem_process_seqs_merge2] Processed 172456 reads in 0.520 CPU sec, 2.150 real sec
step2 put 0x50000201eec0
step2 get 0x50000201d930
slave pre done
now n is 169482
[M::process] read chunk (19660800 bytes/CG x 1 CGs, 19660800 bytes)...
processed 169482
[M::mem_process_seqs_merge2] Processed 169482 reads in 0.200 CPU sec, 1.990 real sec
step2 put 0x50000201eba0
step2 get 0x50000201ef60
[M::mem_process_seqs_merge2] CPE FASTQ formatting done
[M::process] read chunk (19660800 bytes/CG x 1 CGs, 19660800 bytes)...
[DBG stage1] slow fread: R1 offset=3348585980 requested=19660800 read=19660800 elapsed=1.681 s
slave pre done
now n is 172456
processed 172456
[M::mem_process_seqs_merge2] Processed 172456 reads in 0.140 CPU sec, 1.700 real sec
step2 put 0x50000201d930
step2 get 0x50000201efb0
[DBG stage1] slow fread: R1 offset=2162500416 requested=19660800 read=19660800 elapsed=1.759 s
slave pre done
now n is 172456
processed 172456
[M::mem_process_seqs_merge2] Processed 172456 reads in 0.210 CPU sec, 1.760 real sec
step2 put 0x50000201d930
step2 get 0x50000201efb0
[DBG stage1] slow fread: R1 offset=412857828 requested=19660800 read=19660800 elapsed=1.786 s
[DBG stage1] slow fread: R1 offset=996073392 requested=19660800 read=19660800 elapsed=1.802 s
[DBG stage1] slow fread: R1 offset=1579286904 requested=19660800 read=19660800 elapsed=1.790 s
[DBG stage1] slow fread: R1 offset=2765372316 requested=19660800 read=19660800 elapsed=1.772 s
slave pre done
now n is 172456
processed 172456
[M::mem_process_seqs_merge2] Processed 172456 reads in 0.170 CPU sec, 2.150 real sec
step2 put 0x50000201d930
step2 get 0x50000201efb0
slave pre done
now n is 172456
processed 172456
[M::mem_process_seqs_merge2] Processed 172456 reads in 0.210 CPU sec, 2.171 real sec
step2 put 0x50000201d930
step2 get 0x50000201efb0
[DBG stage1] slow fread: R2 offset=3348585980 requested=19660800 read=19660800 elapsed=1.392 s
step1 0x500002755a80
[DBG stage1] slow fread: R2 offset=2162500416 requested=19660800 read=19660800 elapsed=1.379 s
step1 0x500002755a80
[M::process] read chunk (19660800 bytes/CG x 1 CGs, 19660800 bytes)...
[DBG stage1] slow fread: R2 offset=412857828 requested=19660800 read=19660800 elapsed=1.314 s
step1 0x500002755a80
[M::process] read chunk (19660800 bytes/CG x 1 CGs, 19660800 bytes)...
[DBG stage1] slow fread: R2 offset=996073392 requested=19660800 read=19660800 elapsed=1.297 s
step1 0x500002755a80
[M::process] read chunk (19660800 bytes/CG x 1 CGs, 19660800 bytes)...
[DBG stage1] slow fread: R2 offset=2765372316 requested=19660800 read=19660800 elapsed=1.255 s
step1 0x500002755a80
[DBG stage1] slow fread: R2 offset=1579286904 requested=19660800 read=19660800 elapsed=1.264 s
step1 0x500002755d00
[M::process] read chunk (19660800 bytes/CG x 1 CGs, 19660800 bytes)...
step1 0x50000201eba0
step1 0x50000201d8e0
step1 0x50000201d8e0
step1 0x50000201d8e0
step3 0x500002755ad0
[M::mem_process_seqs_merge2] CPE FASTQ formatting done
step3 0x50000201eec0
[M::mem_process_seqs_merge2] CPE FASTQ formatting done
step3 0x500002755ad0
step3 0x50000201ebf0
step3 0x50000201ebf0
[M::mem_process_seqs_merge2] CPE FASTQ formatting done
[M::mem_process_seqs_merge2] CPE FASTQ formatting done
[M::mem_process_seqs_merge2] CPE FASTQ formatting done
step3 0x50000201ebf0
[M::mem_process_seqs_merge2] CPE FASTQ formatting done
step3 0x500002755ad0
slave pre done
now n is 172456
processed 172456
[M::mem_process_seqs_merge2] Processed 172456 reads in 0.330 CPU sec, 1.640 real sec
step2 put 0x50000201efb0
step2 get 0x50000201ef60
[M::process] read chunk (19660800 bytes/CG x 1 CGs, 19660800 bytes)...
slave pre done
now n is 169482
processed 169482
[M::mem_process_seqs_merge2] Processed 169482 reads in 0.330 CPU sec, 1.550 real sec
step2 put 0x50000201ef60
step2 get 0x50000201d930
[M::process] read chunk (19660800 bytes/CG x 1 CGs, 19660800 bytes)...
slave pre done
now n is 169482
processed 169482
[M::mem_process_seqs_merge2] Processed 169482 reads in 0.390 CPU sec, 1.950 real sec
step2 put 0x50000201eba0
step2 get 0x50000201ef60
[M::process] read chunk (19660800 bytes/CG x 1 CGs, 19660800 bytes)...
[M::mem_process_seqs_merge2] CPE FASTQ formatting done
slave pre done
now n is 172456
processed 172456
[M::mem_process_seqs_merge2] Processed 172456 reads in 0.370 CPU sec, 1.930 real sec
step2 put 0x50000201efb0
step2 get 0x50000201ef60
[M::process] read chunk (19660800 bytes/CG x 1 CGs, 19660800 bytes)...
slave pre done
now n is 172456
processed 172456
[M::mem_process_seqs_merge2] Processed 172456 reads in 0.330 CPU sec, 2.140 real sec
step2 put 0x50000201efb0
step2 get 0x50000201ef60
[M::process] read chunk (19660800 bytes/CG x 1 CGs, 19660800 bytes)...
slave pre done
now n is 172456
processed 172456
[M::mem_process_seqs_merge2] Processed 172456 reads in 0.400 CPU sec, 2.280 real sec
step2 put 0x50000201efb0
step2 get 0x50000201ef60
[M::process] read chunk (19660800 bytes/CG x 1 CGs, 19660800 bytes)...
[DBG stage1] slow fread: R1 offset=2201820384 requested=19660800 read=19660800 elapsed=1.030 s
[DBG stage1] slow fread: R1 offset=452177796 requested=19660800 read=19660800 elapsed=1.205 s
[DBG stage1] slow fread: R2 offset=2785032228 requested=19660800 read=19660800 elapsed=1.003 s
step1 0x50000201ebf0
[DBG stage1] slow fread: R1 offset=1618606872 requested=19660800 read=19660800 elapsed=1.240 s
[DBG stage1] slow fread: R1 offset=1035393360 requested=19660800 read=19660800 elapsed=1.192 s
slave pre done
now n is 169482
processed 169482
[M::mem_process_seqs_merge2] Processed 169482 reads in 0.300 CPU sec, 1.730 real sec
step2 put 0x50000201ef60
step2 get 0x50000201efb0
[DBG stage1] slow fread: R2 offset=2201820384 requested=19660800 read=19660800 elapsed=1.158 s
step1 0x50000201ebf0
step1 0x50000201eec0
[M::process] read chunk (19660800 bytes/CG x 1 CGs, 19660800 bytes)...
step1 0x500002755ad0
step1 0x500002755d50
step1 0x500002755ad0
step1 0x50000201ebf0
step3 0x50000201ef10
[M::mem_process_seqs_merge2] CPE FASTQ formatting done
step3 0x50000201ef10
step3 0x50000201ef10
step3 0x50000201ef10
step3 0x50000201eec0
[M::mem_process_seqs_merge2] CPE FASTQ formatting done
[M::mem_process_seqs_merge2] CPE FASTQ formatting done
[M::mem_process_seqs_merge2] CPE FASTQ formatting done
step3 0x50000201ef10
step3 0x50000201ef10
[M::mem_process_seqs_merge2] CPE FASTQ formatting done
[M::mem_process_seqs_merge2] CPE FASTQ formatting done
step3 0x50000201eec0
step3 0x50000201eec0
step3 0x50000201eec0
step3 0x50000201eec0
slave pre done
now n is 172456
processed 172456
[M::mem_process_seqs_merge2] Processed 172456 reads in 0.450 CPU sec, 1.774 real sec
step2 put 0x50000201ef60
step2 get 0x50000201d8e0
[M::process] read chunk (19660800 bytes/CG x 1 CGs, 19660800 bytes)...
[M::mem_process_seqs_merge2] CPE FASTQ formatting done
slave pre done
now n is 172456
processed 172456
[M::mem_process_seqs_merge2] Processed 172456 reads in 0.450 CPU sec, 1.681 real sec
step2 put 0x50000201ef60
step2 get 0x50000201eba0
[M::process] read chunk (19660800 bytes/CG x 1 CGs, 19660800 bytes)...
slave pre done
now n is 169482
[M::mem_process_seqs_merge2] CPE FASTQ formatting done
processed 169482
[M::mem_process_seqs_merge2] Processed 169482 reads in 0.440 CPU sec, 1.740 real sec
step2 put 0x50000201d930
step2 get 0x50000201efb0
[M::process] read chunk (19660800 bytes/CG x 1 CGs, 19660800 bytes)...
[M::mem_process_seqs_merge2] CPE FASTQ formatting done
slave pre done
now n is 169482
processed 169482
[M::mem_process_seqs_merge2] Processed 169482 reads in 0.240 CPU sec, 1.780 real sec
step2 put 0x50000201efb0
step2 get 0x50000201d8e0
[M::process] read chunk (19660800 bytes/CG x 1 CGs, 19660800 bytes)...
slave pre done
now n is 172456
processed 172456
[M::mem_process_seqs_merge2] Processed 172456 reads in 0.450 CPU sec, 2.062 real sec
step2 put 0x50000201ef60
step2 get 0x50000201eba0
[M::process] read chunk (19660800 bytes/CG x 1 CGs, 19660800 bytes)...
[M::mem_process_seqs_merge2] CPE FASTQ formatting done
slave pre done
now n is 172456
processed 172456
[M::mem_process_seqs_merge2] Processed 172456 reads in 0.370 CPU sec, 2.060 real sec
step2 put 0x50000201ef60
step2 get 0x50000201eba0
[M::process] read chunk (19660800 bytes/CG x 1 CGs, 19660800 bytes)...
[M::mem_process_seqs_merge2] CPE FASTQ formatting done
[DBG stage1] slow fread: R1 offset=2221480368 requested=19660800 read=19660800 elapsed=1.612 s
[DBG stage1] slow fread: R1 offset=1638266856 requested=19660800 read=19660800 elapsed=1.683 s
[DBG stage1] slow fread: R1 offset=2804692140 requested=19660800 read=19660800 elapsed=1.739 s
slave pre done
now n is 169482
processed 169482
[M::mem_process_seqs_merge2] Processed 169482 reads in 0.280 CPU sec, 1.810 real sec
step2 put 0x50000201efb0
step2 get 0x50000201d8e0
slave pre done
now n is 172456
[DBG stage1] slow fread: R1 offset=3407565716 requested=19660800 read=19660800 elapsed=1.770 s
processed 172456
[M::mem_process_seqs_merge2] Processed 172456 reads in 0.290 CPU sec, 2.126 real sec
step2 put 0x50000201d8e0
step2 get 0x500002755a80
[DBG stage1] slow fread: R1 offset=1055053344 requested=19660800 read=19660800 elapsed=1.817 s
slave pre done
now n is 172456
processed 172456
[M::mem_process_seqs_merge2] Processed 172456 reads in 0.300 CPU sec, 2.257 real sec
step2 put 0x50000201eba0
step2 get 0x500002755d00
[DBG stage1] slow fread: R1 offset=471837780 requested=19660800 read=19660800 elapsed=1.810 s
slave pre done
now n is 172456
processed 172456
[M::mem_process_seqs_merge2] Processed 172456 reads in 0.140 CPU sec, 1.850 real sec
step2 put 0x50000201eba0
step2 get 0x500002755a80
slave pre done
now n is 172456
processed 172456
[M::mem_process_seqs_merge2] Processed 172456 reads in 0.230 CPU sec, 2.179 real sec
step2 put 0x50000201eba0
step2 get 0x500002755a80
[DBG stage1] slow fread: R2 offset=2221480368 requested=19660800 read=19660800 elapsed=1.363 s
step1 0x50000201ef10
[M::process] read chunk (19660800 bytes/CG x 1 CGs, 19660800 bytes)...
[DBG stage1] slow fread: R2 offset=1638266856 requested=19660800 read=19660800 elapsed=1.286 s
step1 0x50000201ef10
[M::process] read chunk (19660800 bytes/CG x 1 CGs, 19660800 bytes)...
[DBG stage1] slow fread: R2 offset=2804692140 requested=19660800 read=19660800 elapsed=1.297 s
step1 0x50000201ef10
[M::process] read chunk (19660800 bytes/CG x 1 CGs, 19660800 bytes)...
[DBG stage1] slow fread: R2 offset=3407565716 requested=19660800 read=19660800 elapsed=1.189 s
step1 0x500002755ad0
[DBG stage1] slow fread: R2 offset=1055053344 requested=19660800 read=19660800 elapsed=1.100 s
step1 0x50000201ef10
[M::process] read chunk (19660800 bytes/CG x 1 CGs, 19660800 bytes)...
[DBG stage1] slow fread: R2 offset=471837780 requested=19660800 read=19660800 elapsed=1.083 s
step1 0x50000201ef10
[M::process] read chunk (19660800 bytes/CG x 1 CGs, 19660800 bytes)...
step1 0x50000201ebf0
[DBG stage1] slow fread: R2 offset=2241140352 requested=19660800 read=19660800 elapsed=1.025 s
step1 0x500002755ad0
step1 0x50000201ebf0
step1 0x50000201ebf0
step1 0x500002755ad0
step3 0x50000201d930
[M::mem_process_seqs_merge2] CPE FASTQ formatting done
step3 0x50000201d930
[M::mem_process_seqs_merge2] CPE FASTQ formatting done
step3 0x50000201d930
step3 0x50000201eba0
step3 0x50000201d930
[M::mem_process_seqs_merge2] CPE FASTQ formatting done
[M::mem_process_seqs_merge2] CPE FASTQ formatting done
[M::mem_process_seqs_merge2] CPE FASTQ formatting done
step3 0x50000201eba0
step3 0x50000201d930
[M::mem_process_seqs_merge2] CPE FASTQ formatting done
slave pre done
now n is 172456
processed 172456
[M::mem_process_seqs_merge2] Processed 172456 reads in 0.360 CPU sec, 1.801 real sec
step2 put 0x500002755a80
step2 get 0x50000201eba0
[M::process] read chunk (19660800 bytes/CG x 1 CGs, 19660800 bytes)...
slave pre done
now n is 169482
processed 169482
[M::mem_process_seqs_merge2] Processed 169482 reads in 0.380 CPU sec, 1.851 real sec
step2 put 0x50000201d8e0
step2 get 0x500002755a80
[M::process] read chunk (19660800 bytes/CG x 1 CGs, 19660800 bytes)...
slave pre done
now n is 169482
processed 169482
[M::mem_process_seqs_merge2] Processed 169482 reads in 0.380 CPU sec, 2.171 real sec
step2 put 0x50000201d8e0
step2 get 0x500002755a80
slave pre done
now n is 172456
[M::process] read chunk (19660800 bytes/CG x 1 CGs, 19660800 bytes)...
[M::mem_process_seqs_merge2] CPE FASTQ formatting done
processed 172456
[M::mem_process_seqs_merge2] Processed 172456 reads in 0.420 CPU sec, 2.120 real sec
step2 put 0x500002755a80
step2 get 0x50000201d8e0
[M::process] read chunk (19660800 bytes/CG x 1 CGs, 19660800 bytes)...
slave pre done
now n is 172456
processed 172456
[M::mem_process_seqs_merge2] Processed 172456 reads in 0.370 CPU sec, 2.250 real sec
step2 put 0x500002755d00
step2 get 0x50000201d8e0
[M::process] read chunk (19660800 bytes/CG x 1 CGs, 19660800 bytes)...
slave pre done
now n is 172456
processed 172456
[M::mem_process_seqs_merge2] Processed 172456 reads in 0.270 CPU sec, 2.200 real sec
step2 put 0x500002755a80
step2 get 0x50000201d8e0
[M::process] read chunk (19660800 bytes/CG x 1 CGs, 19660800 bytes)...
[DBG stage1] slow fread: R1 offset=1094373312 requested=19660800 read=19660800 elapsed=1.038 s
step1 0x50000201eec0
[DBG stage1] slow fread: R1 offset=1677586824 requested=19660800 read=19660800 elapsed=1.073 s
[DBG stage1] slow fread: R1 offset=511157748 requested=19660800 read=19660800 elapsed=1.051 s
step1 0x50000201eec0
step1 0x50000201d930
step1 0x50000201eec0
step1 0x50000201eec0
step1 0x50000201eec0
slave pre done
now n is 169482
processed 169482
[M::mem_process_seqs_merge2] Processed 169482 reads in 0.220 CPU sec, 2.230 real sec
step2 put 0x500002755a80
step2 get 0x50000201eec0
[M::process] read chunk (19660800 bytes/CG x 1 CGs, 19660800 bytes)...
step3 0x50000201efb0
[M::mem_process_seqs_merge2] CPE FASTQ formatting done
step3 0x50000201ef60
step3 0x50000201efb0
step3 0x50000201ef60
step3 0x50000201efb0
[M::mem_process_seqs_merge2] CPE FASTQ formatting done
[M::mem_process_seqs_merge2] CPE FASTQ formatting done
[M::mem_process_seqs_merge2] CPE FASTQ formatting done
step3 0x50000201ef60
[M::mem_process_seqs_merge2] CPE FASTQ formatting done
step3 0x50000201efb0
[M::mem_process_seqs_merge2] CPE FASTQ formatting done
step1 0x50000201ef10
step3 0x50000201d930
step3 0x50000201ef60
step3 0x50000201ef60
step3 0x50000201ef60
slave pre done
now n is 172456
processed 172456
[M::mem_process_seqs_merge2] Processed 172456 reads in 0.490 CPU sec, 1.780 real sec
step2 put 0x50000201eba0
step2 get 0x50000201ebf0
[M::process] read chunk (19660800 bytes/CG x 1 CGs, 19660800 bytes)...
[M::mem_process_seqs_merge2] CPE FASTQ formatting done
slave pre done
now n is 169482
processed 169482
[M::mem_process_seqs_merge2] Processed 169482 reads in 0.460 CPU sec, 1.610 real sec
step2 put 0x500002755a80
step2 get 0x50000201ebf0
slave pre done
now n is 172456
[M::process] read chunk (19660800 bytes/CG x 1 CGs, 19660800 bytes)...
[M::mem_process_seqs_merge2] CPE FASTQ formatting done
processed 172456
[M::mem_process_seqs_merge2] Processed 172456 reads in 0.390 CPU sec, 1.640 real sec
step2 put 0x50000201d8e0
step2 get 0x500002755ad0
[M::process] read chunk (19660800 bytes/CG x 1 CGs, 19660800 bytes)...
[M::mem_process_seqs_merge2] CPE FASTQ formatting done
slave pre done
now n is 172456
processed 172456
[M::mem_process_seqs_merge2] Processed 172456 reads in 0.430 CPU sec, 2.041 real sec
step2 put 0x50000201d8e0
step2 get 0x500002755d50
[M::process] read chunk (19660800 bytes/CG x 1 CGs, 19660800 bytes)...
[M::mem_process_seqs_merge2] CPE FASTQ formatting done
slave pre done
now n is 172456
slave pre done
now n is 169482
processed 169482
[M::mem_process_seqs_merge2] Processed 169482 reads in 0.330 CPU sec, 2.010 real sec
step2 put 0x50000201eec0
step2 get 0x50000201ebf0
processed 172456
[M::mem_process_seqs_merge2] Processed 172456 reads in 0.420 CPU sec, 1.940 real sec
step2 put 0x50000201d8e0
step2 get 0x500002755ad0
[M::process] read chunk (19660800 bytes/CG x 1 CGs, 19660800 bytes)...
[M::process] read chunk (19660800 bytes/CG x 1 CGs, 19660800 bytes)...
[M::mem_process_seqs_merge2] CPE FASTQ formatting done
[DBG stage1] slow fread: R1 offset=2280460300 requested=19660800 read=19660800 elapsed=1.706 s
slave pre done
now n is 172456
processed 172456
[M::mem_process_seqs_merge2] Processed 172456 reads in 0.200 CPU sec, 1.763 real sec
step2 put 0x50000201ebf0
step2 get 0x50000201ef10
slave pre done
now n is 169482
processed 169482
[M::mem_process_seqs_merge2] Processed 169482 reads in 0.210 CPU sec, 1.701 real sec
step2 put 0x50000201ebf0
step2 get 0x50000201ef10
[DBG stage1] slow fread: R1 offset=2863671876 requested=19660800 read=19660800 elapsed=1.777 s
[DBG stage1] slow fread: R1 offset=1114033296 requested=19660800 read=19660800 elapsed=1.793 s
slave pre done
now n is 172456
processed 172456
[M::mem_process_seqs_merge2] Processed 172456 reads in 0.250 CPU sec, 1.850 real sec
step2 put 0x500002755ad0
step2 get 0x50000201ef10
slave pre done
now n is 172456
processed 172456
[M::mem_process_seqs_merge2] Processed 172456 reads in 0.250 CPU sec, 1.880 real sec
step2 put 0x500002755d50
step2 get 0x50000201ef10
[DBG stage1] slow fread: R1 offset=1697246808 requested=19660800 read=19660800 elapsed=1.873 s
[DBG stage1] slow fread: R1 offset=3466545452 requested=19660800 read=19660800 elapsed=1.843 s
[DBG stage1] slow fread: R1 offset=530817732 requested=19660800 read=19660800 elapsed=1.879 s
slave pre done
now n is 172456
processed 172456
[M::mem_process_seqs_merge2] Processed 172456 reads in 0.240 CPU sec, 2.281 real sec
step2 put 0x500002755ad0
step2 get 0x50000201ef10
[DBG stage1] slow fread: R2 offset=2280460300 requested=19660800 read=19660800 elapsed=1.481 s
step1 0x50000201efb0
[M::process] read chunk (19660800 bytes/CG x 1 CGs, 19660800 bytes)...
[DBG stage1] slow fread: R2 offset=2863671876 requested=19660800 read=19660800 elapsed=1.417 s
step1 0x50000201ef60
[M::process] read chunk (19660800 bytes/CG x 1 CGs, 19660800 bytes)...
[DBG stage1] slow fread: R2 offset=1114033296 requested=19660800 read=19660800 elapsed=1.427 s
step1 0x50000201efb0
[M::process] read chunk (19660800 bytes/CG x 1 CGs, 19660800 bytes)...
[DBG stage1] slow fread: R2 offset=1697246808 requested=19660800 read=19660800 elapsed=1.192 s
step1 0x50000201efb0
[M::process] read chunk (19660800 bytes/CG x 1 CGs, 19660800 bytes)...
[DBG stage1] slow fread: R2 offset=3466545452 requested=19660800 read=19660800 elapsed=1.202 s
step1 0x50000201eba0
[DBG stage1] slow fread: R2 offset=530817732 requested=19660800 read=19660800 elapsed=1.218 s
step1 0x50000201efb0
[M::process] read chunk (19660800 bytes/CG x 1 CGs, 19660800 bytes)...
[DBG stage1] slow fread: R1 offset=2300120212 requested=19660800 read=19660800 elapsed=1.015 s
step1 0x50000201d930
step1 0x50000201d930
step1 0x50000201eba0
step1 0x50000201d930
step1 0x50000201d930
step3 0x50000201d8e0
[M::mem_process_seqs_merge2] CPE FASTQ formatting done
step3 0x50000201efb0
[M::mem_process_seqs_merge2] CPE FASTQ formatting done
step3 0x50000201eba0
step3 0x50000201eba0
step3 0x50000201efb0
[M::mem_process_seqs_merge2] CPE FASTQ formatting done
[M::mem_process_seqs_merge2] CPE FASTQ formatting done
[M::mem_process_seqs_merge2] CPE FASTQ formatting done
step3 0x50000201d8e0
step3 0x50000201eba0
[M::mem_process_seqs_merge2] CPE FASTQ formatting done
slave pre done
now n is 172456
processed 172456
[M::mem_process_seqs_merge2] Processed 172456 reads in 0.380 CPU sec, 2.010 real sec
step2 put 0x50000201ef10
step2 get 0x500002755ad0
[M::process] read chunk (19660800 bytes/CG x 1 CGs, 13074128 bytes)...
slave pre done
now n is 172456
processed 172456
[M::mem_process_seqs_merge2] Processed 172456 reads in 0.370 CPU sec, 1.772 real sec
step2 put 0x50000201ef10
step2 get 0x50000201ebf0
[M::process] read chunk (19660800 bytes/CG x 1 CGs, 13073976 bytes)...
slave pre done
now n is 172456
slave pre done
now n is 169482
processed 172456
[M::mem_process_seqs_merge2] Processed 172456 reads in 0.290 CPU sec, 1.870 real sec
step2 put 0x50000201ef10
step2 get 0x50000201ebf0
[M::process] read chunk (19660800 bytes/CG x 1 CGs, 13073976 bytes)...
processed 169482
[M::mem_process_seqs_merge2] Processed 169482 reads in 0.350 CPU sec, 1.840 real sec
step2 put 0x50000201ef10
step2 get 0x500002755ad0
[M::process] read chunk (19660800 bytes/CG x 1 CGs, 13076216 bytes)...
slave pre done
now n is 172456
processed 172456
[M::mem_process_seqs_merge2] Processed 172456 reads in 0.260 CPU sec, 1.880 real sec
step2 put 0x50000201ef10
step2 get 0x50000201ebf0
[M::process] read chunk (19660800 bytes/CG x 1 CGs, 13076028 bytes)...
step1 0x50000201ef60
step1 0x50000201ef60
step1 0x50000201d930
step1 0x50000201ef60
step1 0x50000201ef60
step3 0x500002755a80
[M::mem_process_seqs_merge2] CPE FASTQ formatting done
step3 0x50000201eba0
slave pre done
now n is 169482
processed 169482
[M::mem_process_seqs_merge2] Processed 169482 reads in 0.740 CPU sec, 4.860 real sec
step2 put 0x50000201ebf0
step2 get 0x500002755ad0
[M::process] read chunk (19660800 bytes/CG x 1 CGs, 13075984 bytes)...
[M::mem_process_seqs_merge2] CPE FASTQ formatting done
step3 0x500002755a80
[M::mem_process_seqs_merge2] CPE FASTQ formatting done
step3 0x500002755d00
step3 0x50000201d8e0
[M::mem_process_seqs_merge2] CPE FASTQ formatting done
[M::mem_process_seqs_merge2] CPE FASTQ formatting done
step3 0x500002755a80
step3 0x50000201d8e0
step3 0x500002755a80
step3 0x500002755a80
step3 0x50000201d8e0
[M::mem_process_seqs_merge2] CPE FASTQ formatting done
step1 0x50000201efb0
step3 0x50000201d8e0
slave pre done
now n is 172456
processed 172456
[M::mem_process_seqs_merge2] Processed 172456 reads in 0.450 CPU sec, 1.660 real sec
step2 put 0x50000201ebf0
step2 get 0x50000201eec0
[M::mem_process_seqs_merge2] CPE FASTQ formatting done
slave pre done
now n is 172456
processed 172456
[M::mem_process_seqs_merge2] Processed 172456 reads in 0.470 CPU sec, 2.150 real sec
step2 put 0x500002755ad0
step2 get 0x50000201eec0
[M::mem_process_seqs_merge2] CPE FASTQ formatting done
slave pre done
now n is 172456
processed 172456
[M::mem_process_seqs_merge2] Processed 172456 reads in 0.400 CPU sec, 1.911 real sec
step2 put 0x50000201ebf0
step2 get 0x50000201eec0
[M::mem_process_seqs_merge2] CPE FASTQ formatting done
slave pre done
now n is 169482
processed 169482
[M::mem_process_seqs_merge2] Processed 169482 reads in 0.470 CPU sec, 1.930 real sec
step2 put 0x500002755ad0
step2 get 0x50000201eec0
slave pre done
now n is 172456
[M::mem_process_seqs_merge2] CPE FASTQ formatting done
processed 172456
[M::mem_process_seqs_merge2] Processed 172456 reads in 0.390 CPU sec, 1.740 real sec
step2 put 0x50000201ebf0
step2 get 0x50000201eec0
[M::mem_process_seqs_merge2] CPE FASTQ formatting done
slave pre done
now n is 169482
processed 169482
[M::mem_process_seqs_merge2] Processed 169482 reads in 0.530 CPU sec, 2.280 real sec
step2 put 0x500002755ad0
step2 get 0x50000201d930
[M::mem_process_seqs_merge2] CPE FASTQ formatting done
slave pre done
now n is 172456
processed 172456
[M::mem_process_seqs_merge2] Processed 172456 reads in 0.100 CPU sec, 1.630 real sec
step2 put 0x50000201eec0
step2 get 0x50000201efb0
slave pre done
now n is 169482
processed 169482
[M::mem_process_seqs_merge2] Processed 169482 reads in 0.090 CPU sec, 1.560 real sec
step2 put 0x50000201eec0
step2 get 0x50000201ef60
slave pre done
now n is 172456
processed 172456
[M::mem_process_seqs_merge2] Processed 172456 reads in 0.140 CPU sec, 1.998 real sec
step2 put 0x50000201eec0
step2 get 0x50000201efb0
slave pre done
now n is 171714
processed 171714
[M::mem_process_seqs_merge2] Processed 171714 reads in 0.170 CPU sec, 2.211 real sec
step2 put 0x50000201eec0
step2 get 0x50000201efb0
slave pre done
now n is 172456
processed 172456
[M::mem_process_seqs_merge2] Processed 172456 reads in 0.180 CPU sec, 2.050 real sec
step2 put 0x50000201eec0
step2 get 0x50000201efb0
slave pre done
now n is 169482
processed 169482
[M::mem_process_seqs_merge2] Processed 169482 reads in 0.210 CPU sec, 2.171 real sec
step2 put 0x50000201d930
step2 get 0x50000201ef10
step3 0x50000201ebf0
[M::mem_process_seqs_merge2] CPE FASTQ formatting done
step3 0x500002755ad0
step3 0x50000201eec0
[M::mem_process_seqs_merge2] CPE FASTQ formatting done
step3 0x50000201ebf0
[M::mem_process_seqs_merge2] CPE FASTQ formatting done
[M::mem_process_seqs_merge2] CPE FASTQ formatting done
step3 0x500002755d50
[M::mem_process_seqs_merge2] CPE FASTQ formatting done
step3 0x50000201ebf0
step3 0x500002755ad0
[M::mem_process_seqs_merge2] CPE FASTQ formatting done
slave pre done
now n is 169482
processed 169482
[M::mem_process_seqs_merge2] Processed 169482 reads in 0.320 CPU sec, 1.770 real sec
step2 put 0x50000201efb0
step2 get 0x50000201d930
slave pre done
now n is 172456
processed 172456
[M::mem_process_seqs_merge2] Processed 172456 reads in 0.370 CPU sec, 1.571 real sec
step2 put 0x50000201efb0
step2 get 0x50000201d930
slave pre done
now n is 169482
processed 169482
[M::mem_process_seqs_merge2] Processed 169482 reads in 0.380 CPU sec, 1.840 real sec
step2 put 0x50000201ef60
step2 get 0x50000201eba0
slave pre done
now n is 169482
processed 169482
[M::mem_process_seqs_merge2] Processed 169482 reads in 0.350 CPU sec, 1.950 real sec
step2 put 0x50000201ef10
step2 get 0x50000201eba0
[M::mem_process_seqs_merge2] CPE FASTQ formatting done
slave pre done
now n is 172456
processed 172456
[M::mem_process_seqs_merge2] Processed 172456 reads in 0.370 CPU sec, 2.180 real sec
step2 put 0x50000201efb0
step2 get 0x50000201d930
slave pre done
now n is 172456
processed 172456
[M::mem_process_seqs_merge2] Processed 172456 reads in 0.260 CPU sec, 1.870 real sec
step2 put 0x50000201efb0
step2 get 0x50000201d930
step3 0x50000201ef10
[M::mem_process_seqs_merge2] CPE FASTQ formatting done
step3 0x500002755ad0
step3 0x50000201ef10
[M::mem_process_seqs_merge2] CPE FASTQ formatting done
step3 0x50000201ef10
step3 0x50000201ef10
[M::mem_process_seqs_merge2] CPE FASTQ formatting done
[M::mem_process_seqs_merge2] CPE FASTQ formatting done
step3 0x50000201ebf0
step3 0x500002755ad0
step3 0x500002755ad0
step3 0x50000201ef10
step3 0x50000201ebf0
[M::mem_process_seqs_merge2] CPE FASTQ formatting done
step3 0x50000201ebf0
slave pre done
now n is 169482
processed 169482
[M::mem_process_seqs_merge2] Processed 169482 reads in 0.520 CPU sec, 1.901 real sec
step2 put 0x50000201d930
step2 get 0x50000201ef60
slave pre done
now n is 172456
[M::mem_process_seqs_merge2] CPE FASTQ formatting done
processed 172456
[M::mem_process_seqs_merge2] Processed 172456 reads in 0.440 CPU sec, 1.630 real sec
step2 put 0x50000201d930
step2 get 0x50000201ef60
[M::mem_process_seqs_merge2] CPE FASTQ formatting done
slave pre done
now n is 169482
processed 169482
[M::mem_process_seqs_merge2] Processed 169482 reads in 0.530 CPU sec, 1.980 real sec
step2 put 0x50000201eba0
step2 get 0x50000201d930
[M::mem_process_seqs_merge2] CPE FASTQ formatting done
slave pre done
now n is 172456
processed 172456
[M::mem_process_seqs_merge2] Processed 172456 reads in 0.410 CPU sec, 1.830 real sec
step2 put 0x50000201d930
step2 get 0x50000201ef60
[M::mem_process_seqs_merge2] CPE FASTQ formatting done
slave pre done
now n is 172456
processed 172456
[M::mem_process_seqs_merge2] Processed 172456 reads in 0.440 CPU sec, 2.200 real sec
step2 put 0x50000201d930
step2 get 0x50000201ef60
[M::mem_process_seqs_merge2] CPE FASTQ formatting done
slave pre done
now n is 114684
processed 114684
[M::mem_process_seqs_merge2] Processed 114684 reads in 0.110 CPU sec, 1.260 real sec
step2 put 0x50000201ef60
slave pre done
now n is 112708
processed 112708
[M::mem_process_seqs_merge2] Processed 112708 reads in 0.100 CPU sec, 1.488 real sec
step2 put 0x50000201ef60
slave pre done
now n is 112726
slave pre done
now n is 114702
processed 112726
[M::mem_process_seqs_merge2] Processed 112726 reads in 0.100 CPU sec, 1.350 real sec
step2 put 0x50000201d930
processed 114702
[M::mem_process_seqs_merge2] Processed 114702 reads in 0.100 CPU sec, 1.300 real sec
step2 put 0x50000201ef60
slave pre done
now n is 114684
processed 114684
[M::mem_process_seqs_merge2] Processed 114684 reads in 0.230 CPU sec, 1.400 real sec
step2 put 0x50000201ef60
step3 0x50000201eec0
step3 0x50000201eec0
step3 0x50000201d930
step3 0x50000201ef10
step3 0x50000201eec0
step3 0x50000201eec0
step3 0x50000201eec0
step3 0x50000201efb0
step3 0x50000201d930
step3 0x50000201efb0
step3 0x50000201d930
step3 0x50000201ef60
step3 0x50000201efb0
step3 0x50000201efb0
step3 0x50000201eba0
step3 0x50000201d930
step3 0x50000201ef60
step3 0x50000201ef60
step3 0x50000201d930
step3 0x50000201d930
slave pre done
now n is 169482
processed 169482
[M::mem_process_seqs_merge2] Processed 169482 reads in 2.310 CPU sec, 14.841 real sec
step2 put 0x50000201eba0
step2 get 0x50000201efb0
step3 0x50000201eba0
step3 0x50000201ef60
[M::mem_process_seqs_merge2] CPE FASTQ formatting done
step3 0x50000201ef60
slave pre done
now n is 112724
processed 112724
[M::mem_process_seqs_merge2] Processed 112724 reads in 1.610 CPU sec, 32.579 real sec
step2 put 0x50000201efb0
step3 0x50000201efb0

====================== SWBWA Output Debug =====================
  MPI rank: 000000 / 000006
  mode:     MPI split
  path:     correctness_results/bigdata_mpi_lwpf_off_20260823/mpi_static_split/no1/ERR1203383_PE.rank000000.sam

  Output volume
    output buffer capacity                           67108864
    swbwa_output_write calls                         5154896
    submitted SAM bytes                           1350989260
    buffered flushes                                      21
    buffered flush bytes                          1350989260
    direct oversized writes                                0
    direct oversized bytes                                 0

  Buffering
    buffered flush total                       118.526294 s  (21 calls, 5644109.239 us/call)

  POSIX file writes
    write system calls                                     21
    write system-call bytes                        1350989260
    POSIX write system calls                   118.526234 s  (21 calls, 5644106.400 us/call)
    POSIX write effective bandwidth                10.870 MiB/s

  Output close timing
    POSIX close                                  0.000414 s  (1 calls,   413.852 us/call)
================================================================


================ SWBWA CPE/MPI Progress Debug ================
  MPI rank: 000000 / 000006

    phase                      waits     probes   total(s)    avg(us)    max(s)   >=1ms   >=10ms   >=100ms    >=1s  completed
    FASTQ formatting              30         58      0.001     19.654     0.000       0        0         0       0          0
    alignment and SAM length      30       5376      0.164     30.575     0.003       1        0         0       0          0
    SAM record generation         30         68      0.006     85.582     0.002       1        0         0       0          0
    all CPE phases                90       5502      0.171     31.140     0.003       2        0         0       0          0

  Probes marked 'completed' returned with the CPE completion
  flag set. Their full call duration bounds the possible delay.
    completion-observing probe total               0.000000 s
    slowest completion-observing probe             0.000000 s
==============================================================


======================= SWBWA Timing Report =======================
  MPI rank: 000000 / 000006
  Accumulated wall-clock time; indented rows are included in
  their parent row and must not be added to it.

  Pipeline
    total - complete three-stage pipeline                   163.311 s
    stage 1 - allocate and read raw FASTQ blocks             74.579 s
    stage 2 - align reads and generate SAM records           57.671 s
    stage 3 - write SAM and release batch data              126.518 s
      SAM output writes                                       123.665 s
      batch cleanup and loop overhead (derived)                 2.854 s

  Stage 1 input details
    batches completed / stage calls                      30 / 31
    input-buffer and batch allocations                        0.001 s  (91 calls, max 0.000 s)
    aggregate requested allocation bytes           1166541880
    FASTQ fseeko calls                                        0.000 s  (60 calls, max 0.000 s)
    FASTQ fread calls                                        74.566 s  (60 calls, max 2.055 s)
    align chunk ends to FASTQ record boundaries               0.000 s  (58 calls, max 0.000 s)
    scheduler, checks and bookkeeping (derived)               0.011 s
    raw FASTQ bytes read                           1166478456  (1112.441 MiB)
    effective fread bandwidth                         14.919 MiB/s
    slowest allocation                                 0.000 s  (64 bytes)
    slowest fread                                      2.055 s  (R1 offset=98299260, bytes=19660800)

  Stage 2 worker details
    total - active merge worker                              57.666 s
      part 1 - prepare CPE task and reusable buffers            1
====================== SWBWA Output Debug =====================
  MPI rank: 000001 / 000006
  mode:     MPI split
  path:     correctness_results/bigdata_mpi_lwpf_off_20260823/mpi_static_split/no1/ERR1203383_PE.rank000001.sam

  Output volume
    output buffer capacity                           67108864
    swbwa_output_write calls                         5115908
    submitted SAM bytes                           1336924679
    buffered flushes                                      20
    buffered flush bytes                          1336924679
    direct oversized writes                                0
    direct oversized bytes                                 0

  Buffering
    buffered flush total                       119.029892 s  (20 calls, 5951494.591 us/call)

  POSIX file writes
    write system calls                                     20
    write system-call bytes                        1336924679
    POSIX write system calls                   119.029831 s  (20 calls, 5951491.561 us/call)
    POSIX write effective bandwidth                10.712 MiB/s

  Output close timing
    POSIX close                                  0.007696 s  (1 calls,  7696.228 us/call)
================================================================


================ SWBWA CPE/MPI Progress Debug ================
  MPI rank: 000001 / 000006

    phase                      waits     probes   total(s)    avg(us)    max(s)   >=1ms   >=10ms   >=100ms    >=1s  completed
    FASTQ formatting              30         53      0.001     16.728     0.000       0        0         0       0          0
    alignment and SAM length      30       5457      0.142     26.005     0.001       0        0         0       0          2
    SAM record generation         30         65      0.012    181.681     0.003       4        0         0       0          0
    all CPE phases                90       5575      0.155     27.732     0.003       4        0         0       0          2

  Probes marked 'completed' returned with the CPE completion
  flag set. Their full call duration bounds the possible delay.
    completion-observing probe total               0.000143 s
    slowest completion-observing probe             0.000087 s
==============================================================


======================= SWBWA Timing Report =======================
  MPI rank: 000001 / 000006
  Accumulated wall-clock time; indented rows are included in
  their parent row and must not be added to it.

  Pipeline
    total - complete three-stage pipeline                   163.232 s
    stage 1 - allocate and read raw FASTQ blocks             74.733 s
    stage 2 - align reads and generate SAM records           58.545 s
    stage 3 - write SAM and release batch data              122.399 s
      SAM output writes                                       120.325 s
      batch cleanup and loop overhead (derived)                 2.073 s

  Stage 1 input details
    batches completed / stage calls                      30 / 31
    input-buffer and batch allocations                        0.000 s  (91 calls, max 0.000 s)
    aggregate requested allocation bytes           1166537776
    FASTQ fseeko calls                                        0.320 s  (60 calls, max 0.170 s)
    FASTQ fread calls                                        74.402 s  (60 calls, max 2.043 s)
    align chunk ends to FASTQ record boundaries               0.000 s  (58 calls, max 0.000 s)
    scheduler, checks and bookkeeping (derived)               0.010 s
    raw FASTQ bytes read                           1166474352  (1112.437 MiB)
    effective fread bandwidth                         14.952 MiB/s
    slowest allocation                                 0.000 s  (19661824 bytes)
    slowest fread                                      2.043 s  (R1 offset=838793520, bytes=19660800)

  Stage 2 worker details
    total - active merge worker                              58.540 s
      part 1 - prepare CPE task and reusable buffers      
====================== SWBWA Output Debug =====================
  MPI rank: 000002 / 000006
  mode:     MPI split
  path:     correctness_results/bigdata_mpi_lwpf_off_20260823/mpi_static_split/no1/ERR1203383_PE.rank000002.sam

  Output volume
    output buffer capacity                           67108864
    swbwa_output_write calls                         5115908
    submitted SAM bytes                           1343202931
    buffered flushes                                      21
    buffered flush bytes                          1343202931
    direct oversized writes                                0
    direct oversized bytes                                 0

  Buffering
    buffered flush total                       119.102061 s  (21 calls, 5671526.709 us/call)

  POSIX file writes
    write system calls                                     21
    write system-call bytes                        1343202931
    POSIX write system calls                   119.101996 s  (21 calls, 5671523.642 us/call)
    POSIX write effective bandwidth                10.755 MiB/s

  Output close timing
    POSIX close                                  0.000455 s  (1 calls,   455.101 us/call)
================================================================


================ SWBWA CPE/MPI Progress Debug ================
  MPI rank: 000002 / 000006

    phase                      waits     probes   total(s)    avg(us)    max(s)   >=1ms   >=10ms   >=100ms    >=1s  completed
    FASTQ formatting              30         52      0.001     23.049     0.000       0        0         0       0          0
    alignment and SAM length      30       5742      0.188     32.705     0.001       0        0         0       0          0
    SAM record generation         30         77      0.007     97.309     0.002       2        0         0       0          0
    all CPE phases                90       5871      0.196     33.466     0.002       2        0         0       0          0

  Probes marked 'completed' returned with the CPE completion
  flag set. Their full call duration bounds the possible delay.
    completion-observing probe total               0.000000 s
    slowest completion-observing probe             0.000000 s
==============================================================


======================= SWBWA Timing Report =======================
  MPI rank: 000002 / 000006
  Accumulated wall-clock time; indented rows are included in
  their parent row and must not be added to it.

  Pipeline
    total - complete three-stage pipeline                   163.268 s
    stage 1 - allocate and read raw FASTQ blocks             73.921 s
    stage 2 - align reads and generate SAM records           61.784 s
    stage 3 - write SAM and release batch data              126.129 s
      SAM output writes                                       123.821 s
      batch cleanup and loop overhead (derived)                 2.309 s

  Stage 1 input details
    batches completed / stage calls                      30 / 31
    input-buffer and batch allocations                        0.001 s  (91 calls, max 0.000 s)
    aggregate requested allocation bytes           1166537776
    FASTQ fseeko calls                                        0.283 s  (60 calls, max 0.142 s)
    FASTQ fread calls                                        73.627 s  (60 calls, max 1.984 s)
    align chunk ends to FASTQ record boundaries               0.000 s  (58 calls, max 0.000 s)
    scheduler, checks and bookkeeping (derived)               0.010 s
    raw FASTQ bytes read                           1166474352  (1112.437 MiB)
    effective fread bandwidth                         15.109 MiB/s
    slowest allocation                                 0.000 s  (64 bytes)
    slowest fread                                      1.984 s  (R1 offset=1264727160, bytes=19660800)

  Stage 2 worker details
    total - active merge worker                              61.776 s
      part 1 - prepare CPE task and reusable buffers           .039 s
      part 2 - CPE FASTQ formatting and input release           0.513 s
      part 3 - CPE alignment and SAM length pass               55.131 s
      part 4 - assign slices in the shared SAM buffer           0.384 s
      part 5 - CPE SAM record generation                        0.594 s
      part 6 - release temporary worker data                    0.001 s

  Reserved allocator timers (no active timing sites)
    malloc timer                                              0.000 s
    free timer                                                0.000 s
===================================================================

      1.205 s
      part 2 - CPE FASTQ formatting and input release           0.492 s
      part 3 - CPE alignment and SAM length pass               55.886 s
      part 4 - assign slices in the shared SAM buffer           0.382 s
      part 5 - CPE SAM record generation                        0.570 s
      part 6 - release temporary worker data                    0.001 s

  Reserved allocator timers (no active timing sites)
    malloc timer                                              0.000 s
    free timer                                                0.000 s
===================================================================

 1.128 s
      part 2 - CPE FASTQ formatting and input release           0.479 s
      part 3 - CPE alignment and SAM length pass               59.055 s
      part 4 - assign slices in the shared SAM buffer           0.446 s
      part 5 - CPE SAM record generation                        0.660 s
      part 6 - release temporary worker data                    0.002 s

  Reserved allocator timers (no active timing sites)
    malloc timer                                              0.000 s
    free timer                                                0.000 s
===================================================================


====================== SWBWA Output Debug =====================
  MPI rank: 000003 / 000006
  mode:     MPI split
  path:     correctness_results/bigdata_mpi_lwpf_off_20260823/mpi_static_split/no1/ERR1203383_PE.rank000003.sam

  Output volume
    output buffer capacity                           67108864
    swbwa_output_write calls                         5107242
    submitted SAM bytes                           1339144592
    buffered flushes                                      20
    buffered flush bytes                          1339144592
    direct oversized writes                                0
    direct oversized bytes                                 0

  Buffering
    buffered flush total                       119.125070 s  (20 calls, 5956253.481 us/call)

  POSIX file writes
    write system calls                                     20
    write system-call bytes                        1339144592
    POSIX write system calls                   119.125012 s  (20 calls, 5956250.601 us/call)
    POSIX write effective bandwidth                10.721 MiB/s

  Output close timing
    POSIX close                                  0.004007 s  (1 calls,  4007.265 us/call)
================================================================


================ SWBWA CPE/MPI Progress Debug ================
  MPI rank: 000003 / 000006

    phase                      waits     probes   total(s)    avg(us)    max(s)   >=1ms   >=10ms   >=100ms    >=1s  completed
    FASTQ formatting              30         59      0.001     16.692     0.000       0        0         0       0          0
    alignment and SAM length      30       5150      0.129     25.084     0.001       0        0         0       0          1
    SAM record generation         30         63      0.016    259.196     0.006       4        0         0       0          2
    all CPE phases                90       5272      0.146     27.788     0.006       4        0         0       0          3

  Probes marked 'completed' returned with the CPE completion
  flag set. Their full call duration bounds the possible delay.
    completion-observing probe total               0.000305 s
    slowest completion-observing probe             0.000125 s
==============================================================


======================= SWBWA Timing Report =======================
  MPI rank: 000003 / 000006
  Accumulated wall-clock time; indented rows are included in
  their parent row and must not be added to it.

  Pipeline
    total - complete three-stage pipeline                   163.260 s
    stage 1 - allocate and read raw FASTQ blocks             75.378 s
    stage 2 - align reads and generate SAM records           55.186 s
    stage 3 - write SAM and release batch data              122.283 s
      SAM output writes                                       120.291 s
      batch cleanup and loop overhead (derived)                 1.992 s

  Stage 1 input details
    batches completed / stage calls                      30 / 31
    input-buffer and batch allocations                        0.000 s  (91 calls, max 0.000 s)
    aggregate requested allocation bytes           1166538080
    FASTQ fseeko calls                                        0.281 s  (60 calls, max 0.141 s)
    FASTQ fread calls                                        75.080 s  (60 calls, max 2.066 s)
    align chunk ends to FASTQ record boundaries               0.002 s  (58 calls, max 0.001 s)
    scheduler, checks and bookkeeping (derived)               0.015 s
    raw FASTQ bytes read                           1166474656  (1112.437 MiB)
    effective fread bandwidth                         14.817 MiB/s
    slowest allocation                                 0.000 s  (19661824 bytes)
    slowest fread                                      2.066 s  (R2 offset=1926580608, bytes=19660800)

  Stage 2 worker details
    total - active merge worker                              55.181 s
      part 1 - prepare CPE task and reusable buffers     
====================== SWBWA Output Debug =====================
  MPI rank: 000004 / 000006
  mode:     MPI split
  path:     correctness_results/bigdata_mpi_lwpf_off_20260823/mpi_static_split/no1/ERR1203383_PE.rank000004.sam

  Output volume
    output buffer capacity                           67108864
    swbwa_output_write calls                         5027704
    submitted SAM bytes                           1327230903
    buffered flushes                                      20
    buffered flush bytes                          1327230903
    direct oversized writes                                0
    direct oversized bytes                                 0

  Buffering
    buffered flush total                       119.509026 s  (20 calls, 5975451.313 us/call)

  POSIX file writes
    write system calls                                     20
    write system-call bytes                        1327230903
    POSIX write system calls                   119.508968 s  (20 calls, 5975448.386 us/call)
    POSIX write effective bandwidth                10.591 MiB/s

  Output close timing
    POSIX close                                  0.002698 s  (1 calls,  2697.609 us/call)
================================================================


================ SWBWA CPE/MPI Progress Debug ================
  MPI rank: 000004 / 000006

    phase                      waits     probes   total(s)    avg(us)    max(s)   >=1ms   >=10ms   >=100ms    >=1s  completed
    FASTQ formatting              30         58      0.001     18.189     0.000       0        0         0       0          0
    alignment and SAM length      30       5143      0.135     26.342     0.000       0        0         0       0          0
    SAM record generation         30         60      0.009    150.928     0.005       2        0         0       0          0
    all CPE phases                90       5261      0.146     27.673     0.005       2        0         0       0          0

  Probes marked 'completed' returned with the CPE completion
  flag set. Their full call duration bounds the possible delay.
    completion-observing probe total               0.000000 s
    slowest completion-observing probe             0.000000 s
==============================================================


======================= SWBWA Timing Report =======================
  MPI rank: 000004 / 000006
  Accumulated wall-clock time; indented rows are included in
  their parent row and must not be added to it.

  Pipeline
    total - complete three-stage pipeline                   163.276 s
    stage 1 - allocate and read raw FASTQ blocks             75.089 s
    stage 2 - align reads and generate SAM records           54.727 s
    stage 3 - write SAM and release batch data              123.138 s
      SAM output writes                                       121.157 s
      batch cleanup and loop overhead (derived)                 1.980 s

  Stage 1 input details
    batches completed / stage calls                      30 / 31
    input-buffer and batch allocations                        0.000 s  (91 calls, max 0.000 s)
    aggregate requested allocation bytes           1166542256
    FASTQ fseeko calls                                        0.255 s  (60 calls, max 0.132 s)
    FASTQ fread calls                                        74.822 s  (60 calls, max 2.075 s)
    align chunk ends to FASTQ record boundaries               0.000 s  (58 calls, max 0.000 s)
    scheduler, checks and bookkeeping (derived)               0.011 s
    raw FASTQ bytes read                           1166478832  (1112.441 MiB)
    effective fread bandwidth                         14.868 MiB/s
    slowest allocation                                 0.000 s  (19661824 bytes)
    slowest fread                                      2.075 s  (R2 offset=2509793460, bytes=19660800)

  Stage 2 worker details
    total - active merge worker                              54.722 s
      part 1 - prepare CPE task and reusable buffers            1.032 s
      part 2 - CPE FASTQ formatting and input release           0.533 s
      part 3 - CPE alignment and SAM length pass               52.692 s
      part 4 - assign slices in the shared SAM buffer           0.382 s
      part 5 - CPE SAM record generation                        0.533 s
      part 6 - release temporary worker data                    0.002 s

  Reserved allocator timers (no active timing sites)
    malloc timer                                              0.000 s
    free timer                                                0.000 s
===================================================================

       1.050 s
      part 2 - CPE FASTQ formatting and input release           0.524 s
      part 3 - CPE alignment and SAM length pass               52.220 s
      part 4 - assign slices in the shared SAM buffer           0.380 s
      part 5 - CPE SAM record generation                        0.542 s
      part 6 - release temporary worker data                    0.001 s

  Reserved allocator timers (no active timing sites)
    malloc timer                                              0.000 s
    free timer                                                0.000 s
===================================================================


====================== SWBWA Output Debug =====================
  MPI rank: 000005 / 000006
  mode:     MPI split
  path:     correctness_results/bigdata_mpi_lwpf_off_20260823/mpi_static_split/no1/ERR1203383_PE.rank000005.sam

  Output volume
    output buffer capacity                           67108864
    swbwa_output_write calls                         5027702
    submitted SAM bytes                           1332379036
    buffered flushes                                      20
    buffered flush bytes                          1332379036
    direct oversized writes                                0
    direct oversized bytes                                 0

  Buffering
    buffered flush total                       117.706518 s  (20 calls, 5885325.897 us/call)

  POSIX file writes
    write system calls                                     20
    write system-call bytes                        1332379036
    POSIX write system calls                   117.706452 s  (20 calls, 5885322.602 us/call)
    POSIX write effective bandwidth                10.795 MiB/s

  Output close timing
    POSIX close                                  0.000377 s  (1 calls,   377.252 us/call)
================================================================


================ SWBWA CPE/MPI Progress Debug ================
  MPI rank: 000005 / 000006

    phase                      waits     probes   total(s)    avg(us)    max(s)   >=1ms   >=10ms   >=100ms    >=1s  completed
    FASTQ formatting              30         48      0.001     18.854     0.000       0        0         0       0          0
    alignment and SAM length      30       9852      0.183     18.608     0.002       1        0         0       0          0
    SAM record generation         30         58      0.011    182.921     0.007       2        0         0       0          0
    all CPE phases                90       9958      0.195     19.567     0.007       3        0         0       0          0

  Probes marked 'completed' returned with the CPE completion
  flag set. Their full call duration bounds the possible delay.
    completion-observing probe total               0.000000 s
    slowest completion-observing probe             0.000000 s
==============================================================


======================= SWBWA Timing Report =======================
  MPI rank: 000005 / 000006
  Accumulated wall-clock time; indented rows are included in
  their parent row and must not be added to it.

  Pipeline
    total - complete three-stage pipeline                   163.209 s
    stage 1 - allocate and read raw FASTQ blocks             71.024 s
    stage 2 - align reads and generate SAM records          103.815 s
    stage 3 - write SAM and release batch data              122.827 s
      SAM output writes                                       120.750 s
      batch cleanup and loop overhead (derived)                 2.077 s

  Stage 1 input details
    batches completed / stage calls                      30 / 31
    input-buffer and batch allocations                        0.000 s  (91 calls, max 0.000 s)
    aggregate requested allocation bytes           1166541792
    FASTQ fseeko calls                                        0.263 s  (60 calls, max 0.139 s)
    FASTQ fread calls                                        70.722 s  (60 calls, max 2.034 s)
    align chunk ends to FASTQ record boundaries               0.000 s  (58 calls, max 0.000 s)
    scheduler, checks and bookkeeping (derived)               0.039 s
    raw FASTQ bytes read                           1166478368  (1112.440 MiB)
    effective fread bandwidth                         15.730 MiB/s
    slowest allocation                                 0.000 s  (19661824 bytes)
    slowest fread                                      2.034 s  (R2 offset=3093007124, bytes=19660800)

  Stage 2 worker details
    total - active merge worker                             103.809 s
      part 1 - prepare CPE task and reusable buffers            1.037 s
      part 2 - CPE FASTQ formatting and input release           0.501 s
      part 3 - CPE alignment and SAM length pass              101.351 s
      part 4 - assign slices in the shared SAM buffer           0.377 s
      part 5 - CPE SAM record generation                        0.533 s
      part 6 - release temporary worker data                    0.001 s

  Reserved allocator timers (no active timing sites)
    malloc timer                                              0.000 s
    free timer                                                0.000 s
===================================================================

[main] Version: 0.0.1
[main] CMD: ./SWBWA mem -v 4 -t 1 -o correctness_results/bigdata_mpi_lwpf_off_20260823/mpi_static_split/no1/ERR1203383_PE.sam -I 170,80,500,1 ../data/GRCh38.d1.vd1.fa ../data/bwa_test_big_data/ERR1203383_1.fastq ../data/bwa_test_big_data/ERR1203383_2.fastq
