[M::main_mem] mean insert size: 170.000, stddev: 80.000, max: 500, min: 1
[CPE input] bytes_per_cg=19660800 cg_count=1 chunk_bytes=19660800 file_bytes=3536060312
[MPI rank 000000/000006] input range: records=[0, 2120671) bytes=[0, 589343464)
[MPI rank 000001/000006] input range: records=[2120671, 4225469) bytes=[589343464, 1178686904)
[MPI rank 000002/000006] input range: records=[4225469, 6330267) bytes=[1178686904, 1768030344)
[MPI rank 000003/000006] input range: records=[6330267, 8435065) bytes=[1768030344, 2357373784)
[MPI rank 000004/000006] input range: records=[8435065, 10532259) bytes=[2357373784, 2946717144)
[MPI rank 000005/000006] input range: records=[10532259, 12607411) bytes=[2946717144, 3536060312)
malloc bwt->bwt 3107576584, 0x500008804020
malloc bwt->bwt 3107576584, 0x500008804020
malloc bwt->bwt 3107576584, 0x500008804020
malloc bwt->bwt 3107576584, 0x500008804020
malloc bwt->bwt 3107576584, 0x500008804020
malloc bwt->bwt 3107576584, 0x500008804020
malloc bwt->sa 1553788264, 0x5000c1ba1b40
malloc bwt->sa 1553788264, 0x5000c1ba1b40
malloc bwt->sa 1553788264, 0x5000c1ba1b40
malloc bwt->sa 1553788264, 0x5000c1ba1b40
malloc bwt->sa 1553788264, 0x5000c1ba1b40
malloc bwt->sa 1553788264, 0x5000c1ba1b40
[M::bwa_idx_load_from_disk] read 0 ALT contigs
[M::bwa_idx_load_from_disk] read 0 ALT contigs
[M::bwa_idx_load_from_disk] read 0 ALT contigs
[M::bwa_idx_load_from_disk] read 0 ALT contigs
[M::bwa_idx_load_from_disk] read 0 ALT contigs
[M::bwa_idx_load_from_disk] read 0 ALT contigs
malloc pac 776894131, 0x50011e5708c0
malloc pac 776894131, 0x50011e5708c0
malloc pac 776894131, 0x50011e5708c0
malloc pac 776894131, 0x50011e5708c0
malloc pac 776894131, 0x50011e5708c0
malloc pac 776894131, 0x50011e5708c0
the input file is ../data/bwa_test_big_data/SRR2496709_1.fastq
[MPI rank 000000/000006] output: correctness_results/bigdata_mpi_lwpf_off_20260823/mpi_static_split/no1/SRR2496709_SE.rank000000.sam
[M::process] read chunk (19660800 bytes/CG x 1 CGs, 19660800 bytes)...
[MPI rank 000004/000006] output: correctness_results/bigdata_mpi_lwpf_off_20260823/mpi_static_split/no1/SRR2496709_SE.rank000004.sam
[M::process] read chunk (19660800 bytes/CG x 1 CGs, 19660800 bytes)...
[MPI rank 000002/000006] output: correctness_results/bigdata_mpi_lwpf_off_20260823/mpi_static_split/no1/SRR2496709_SE.rank000002.sam
[M::process] read chunk (19660800 bytes/CG x 1 CGs, 19660800 bytes)...
[MPI rank 000005/000006] output: correctness_results/bigdata_mpi_lwpf_off_20260823/mpi_static_split/no1/SRR2496709_SE.rank000005.sam
[M::process] read chunk (19660800 bytes/CG x 1 CGs, 19660800 bytes)...
[MPI rank 000003/000006] output: correctness_results/bigdata_mpi_lwpf_off_20260823/mpi_static_split/no1/SRR2496709_SE.rank000003.sam
[M::process] read chunk (19660800 bytes/CG x 1 CGs, 19660800 bytes)...
[MPI rank 000001/000006] output: correctness_results/bigdata_mpi_lwpf_off_20260823/mpi_static_split/no1/SRR2496709_SE.rank000001.sam
[M::process] read chunk (19660800 bytes/CG x 1 CGs, 19660800 bytes)...
step1 0x50000201d8e0
[M::process] read chunk (19660800 bytes/CG x 1 CGs, 19660800 bytes)...
step2 get 0x50000201d8e0
step1 0x50000201d8e0
[M::process] read chunk (19660800 bytes/CG x 1 CGs, 19660800 bytes)...
step2 get 0x50000201d8e0
step1 0x50000201d8e0
[M::process] read chunk (19660800 bytes/CG x 1 CGs, 19660800 bytes)...
step2 get 0x50000201d8e0
step1 0x50000201d8e0
[M::process] read chunk (19660800 bytes/CG x 1 CGs, 19660800 bytes)...
step2 get 0x50000201d8e0
step1 0x50000201d8e0
[M::process] read chunk (19660800 bytes/CG x 1 CGs, 19660800 bytes)...
step2 get 0x50000201d8e0
step1 0x50000201d8e0
[M::process] read chunk (19660800 bytes/CG x 1 CGs, 19660800 bytes)...
step2 get 0x50000201d8e0
[M::mem_process_seqs_merge2] CPE FASTQ formatting done
[M::mem_process_seqs_merge2] CPE FASTQ formatting done
[M::mem_process_seqs_merge2] CPE FASTQ formatting done
[M::mem_process_seqs_merge2] CPE FASTQ formatting done
[M::mem_process_seqs_merge2] CPE FASTQ formatting done
[M::mem_process_seqs_merge2] CPE FASTQ formatting done
slave pre done
now n is 72442
processed 72442
[M::mem_process_seqs_merge2] Processed 72442 reads in 0.610 CPU sec, 1.390 real sec
step2 put 0x50000201d8e0
slave pre done
now n is 70214
step3 0x50000201d8e0
processed 70214
[M::mem_process_seqs_merge2] Processed 70214 reads in 0.750 CPU sec, 1.300 real sec
step2 put 0x50000201d8e0
step3 0x50000201d8e0
slave pre done
now n is 70214
processed 70214
[M::mem_process_seqs_merge2] Processed 70214 reads in 0.590 CPU sec, 1.421 real sec
step2 put 0x50000201d8e0
step3 0x50000201d8e0
[DBG stage1] slow fread: R1 offset=19659800 requested=19660800 read=19660800 elapsed=1.546 s
step1 0x50000201d930
[M::process] read chunk (19660800 bytes/CG x 1 CGs, 19660800 bytes)...
step2 get 0x50000201d930
[M::mem_process_seqs_merge2] CPE FASTQ formatting done
[DBG stage1] slow fread: R1 offset=2966377044 requested=19660800 read=19660800 elapsed=1.363 s
step1 0x50000201d930
[M::process] read chunk (19660800 bytes/CG x 1 CGs, 19660800 bytes)...
slave pre done
now n is 70214
processed 70214
[M::mem_process_seqs_merge2] Processed 70214 reads in 0.580 CPU sec, 1.280 real sec
step2 put 0x50000201d8e0
slave pre done
now n is 69225
step3 0x50000201d8e0
processed 69225
[M::mem_process_seqs_merge2] Processed 69225 reads in 0.600 CPU sec, 1.390 real sec
step2 put 0x50000201d8e0
step2 get 0x50000201d930
step3 0x50000201d8e0
[M::mem_process_seqs_merge2] CPE FASTQ formatting done
[DBG stage1] slow fread: R1 offset=2377033704 requested=19660800 read=19660800 elapsed=1.627 s
step1 0x50000201d930
[M::process] read chunk (19660800 bytes/CG x 1 CGs, 19660800 bytes)...
step2 get 0x50000201d930
[DBG stage1] slow fread: R1 offset=1787690264 requested=19660800 read=19660800 elapsed=1.450 s
step1 0x50000201d930
[M::process] read chunk (19660800 bytes/CG x 1 CGs, 19660800 bytes)...
[M::mem_process_seqs_merge2] CPE FASTQ formatting done
[DBG stage1] slow fread: R1 offset=1198346824 requested=19660800 read=19660800 elapsed=1.644 s
step1 0x50000201d930
[M::process] read chunk (19660800 bytes/CG x 1 CGs, 19660800 bytes)...
[DBG stage1] slow fread: R1 offset=609003384 requested=19660800 read=19660800 elapsed=1.434 s
step1 0x50000201d930
[M::process] read chunk (19660800 bytes/CG x 1 CGs, 19660800 bytes)...
step2 get 0x50000201d930
step2 get 0x50000201d930
[M::mem_process_seqs_merge2] CPE FASTQ formatting done
[M::mem_process_seqs_merge2] CPE FASTQ formatting done
slave pre done
now n is 70214
processed 70214
[M::mem_process_seqs_merge2] Processed 70214 reads in 0.620 CPU sec, 1.730 real sec
step2 put 0x50000201d8e0
step2 get 0x50000201d930
step3 0x50000201d8e0
[M::mem_process_seqs_merge2] CPE FASTQ formatting done
slave pre done
now n is 71631
processed 71631
[M::mem_process_seqs_merge2] Processed 71631 reads in 0.060 CPU sec, 0.710 real sec
step2 put 0x50000201d930
step3 0x50000201d930
slave pre done
now n is 70214
processed 70214
[M::mem_process_seqs_merge2] Processed 70214 reads in 0.070 CPU sec, 0.700 real sec
step2 put 0x50000201d930
step3 0x50000201d930
slave pre done
now n is 69225
slave pre done
now n is 70214
processed 69225
[M::mem_process_seqs_merge2] Processed 69225 reads in 0.180 CPU sec, 0.970 real sec
step2 put 0x50000201d930
processed 70214
[M::mem_process_seqs_merge2] Processed 70214 reads in 0.050 CPU sec, 0.870 real sec
step2 put 0x50000201d930
step3 0x50000201d930
step3 0x50000201d930
slave pre done
now n is 70214
processed 70214
[M::mem_process_seqs_merge2] Processed 70214 reads in 0.050 CPU sec, 0.920 real sec
step2 put 0x50000201d930
step3 0x50000201d930
slave pre done
now n is 70214
processed 70214
[M::mem_process_seqs_merge2] Processed 70214 reads in 0.160 CPU sec, 0.800 real sec
step2 put 0x50000201d930
step3 0x50000201d930
[DBG stage1] slow fread: R1 offset=39319728 requested=19660800 read=19660800 elapsed=1.397 s
step1 0x50000201ea60
[M::process] read chunk (19660800 bytes/CG x 1 CGs, 19660800 bytes)...
step2 get 0x50000201ea60
[DBG stage1] slow fread: R1 offset=2986036944 requested=19660800 read=19660800 elapsed=1.359 s
step1 0x50000201ea60
[M::process] read chunk (19660800 bytes/CG x 1 CGs, 19660800 bytes)...
[M::mem_process_seqs_merge2] CPE FASTQ formatting done
step2 get 0x50000201ea60
[M::mem_process_seqs_merge2] CPE FASTQ formatting done
[DBG stage1] slow fread: R1 offset=2396693624 requested=19660800 read=19660800 elapsed=1.292 s
step1 0x50000201ea60
[M::process] read chunk (19660800 bytes/CG x 1 CGs, 19660800 bytes)...
step2 get 0x50000201ea60
[DBG stage1] slow fread: R1 offset=1807350184 requested=19660800 read=19660800 elapsed=1.301 s
[M::mem_process_seqs_merge2] CPE FASTQ formatting done
step1 0x50000201ea60
[M::process] read chunk (19660800 bytes/CG x 1 CGs, 19660800 bytes)...
[DBG stage1] slow fread: R1 offset=1218006744 requested=19660800 read=19660800 elapsed=1.302 s
step1 0x50000201ea60
[M::process] read chunk (19660800 bytes/CG x 1 CGs, 19660800 bytes)...
step2 get 0x50000201ea60
step2 get 0x50000201ea60
[DBG stage1] slow fread: R1 offset=628663304 requested=19660800 read=19660800 elapsed=1.305 s
step1 0x50000201ea60
[M::process] read chunk (19660800 bytes/CG x 1 CGs, 19660800 bytes)...
step2 get 0x50000201ea60
[M::mem_process_seqs_merge2] CPE FASTQ formatting done
[M::mem_process_seqs_merge2] CPE FASTQ formatting done
[M::mem_process_seqs_merge2] CPE FASTQ formatting done
slave pre done
now n is 71232
slave pre done
now n is 70214
processed 71232
[M::mem_process_seqs_merge2] Processed 71232 reads in 0.090 CPU sec, 0.750 real sec
step2 put 0x50000201ea60
processed 70214
[M::mem_process_seqs_merge2] Processed 70214 reads in 0.060 CPU sec, 0.700 real sec
step2 put 0x50000201ea60
step3 0x50000201ea60
slave pre done
now n is 70214
step3 0x50000201ea60
processed 70214
[M::mem_process_seqs_merge2] Processed 70214 reads in 0.030 CPU sec, 0.690 real sec
step2 put 0x50000201ea60
slave pre done
now n is 70214
step3 0x50000201ea60
processed 70214
[M::mem_process_seqs_merge2] Processed 70214 reads in 0.020 CPU sec, 0.710 real sec
step2 put 0x50000201ea60
step3 0x50000201ea60
slave pre done
now n is 70214
processed 70214
[M::mem_process_seqs_merge2] Processed 70214 reads in 0.090 CPU sec, 0.889 real sec
step2 put 0x50000201ea60
step3 0x50000201ea60
[DBG stage1] slow fread: R1 offset=58979760 requested=19660800 read=19660800 elapsed=1.070 s
step1 0x50000201d8e0
[M::process] read chunk (19660800 bytes/CG x 1 CGs, 19660800 bytes)...
step2 get 0x50000201d8e0
slave pre done
now n is 69225
[M::mem_process_seqs_merge2] CPE FASTQ formatting done
processed 69225
[M::mem_process_seqs_merge2] Processed 69225 reads in 0.140 CPU sec, 1.080 real sec
step2 put 0x50000201ea60
step3 0x50000201ea60
[DBG stage1] slow fread: R1 offset=2416353544 requested=19660800 read=19660800 elapsed=1.108 s
step1 0x50000201d8e0
[M::process] read chunk (19660800 bytes/CG x 1 CGs, 19660800 bytes)...
step2 get 0x50000201d8e0
[M::mem_process_seqs_merge2] CPE FASTQ formatting done
[DBG stage1] slow fread: R1 offset=1237666664 requested=19660800 read=19660800 elapsed=1.118 s
step1 0x50000201d8e0
[M::process] read chunk (19660800 bytes/CG x 1 CGs, 19660800 bytes)...
step2 get 0x50000201d8e0
[M::mem_process_seqs_merge2] CPE FASTQ formatting done
[DBG stage1] slow fread: R1 offset=3005696844 requested=19660800 read=19660800 elapsed=1.388 s
step1 0x50000201d8e0
[M::process] read chunk (19660800 bytes/CG x 1 CGs, 19660800 bytes)...
step2 get 0x50000201d8e0
[M::mem_process_seqs_merge2] CPE FASTQ formatting done
[DBG stage1] slow fread: R1 offset=1827010104 requested=19660800 read=19660800 elapsed=1.401 s
step1 0x50000201d8e0
[M::process] read chunk (19660800 bytes/CG x 1 CGs, 19660800 bytes)...
step2 get 0x50000201d8e0
[M::mem_process_seqs_merge2] CPE FASTQ formatting done
[DBG stage1] slow fread: R1 offset=648323224 requested=19660800 read=19660800 elapsed=1.410 s
step1 0x50000201d8e0
[M::process] read chunk (19660800 bytes/CG x 1 CGs, 19660800 bytes)...
step2 get 0x50000201d8e0
[M::mem_process_seqs_merge2] CPE FASTQ formatting done
slave pre done
now n is 71232
slave pre done
now n is 70214
processed 71232
[M::mem_process_seqs_merge2] Processed 71232 reads in 0.070 CPU sec, 0.810 real sec
step2 put 0x50000201d8e0
processed 70214
[M::mem_process_seqs_merge2] Processed 70214 reads in 0.070 CPU sec, 0.730 real sec
step2 put 0x50000201d8e0
step3 0x50000201d8e0
step3 0x50000201d8e0
slave pre done
now n is 70214
processed 70214
[M::mem_process_seqs_merge2] Processed 70214 reads in 0.100 CPU sec, 0.710 real sec
step2 put 0x50000201d8e0
step3 0x50000201d8e0
slave pre done
now n is 69225
processed 69225
[M::mem_process_seqs_merge2] Processed 69225 reads in 0.060 CPU sec, 0.790 real sec
step2 put 0x50000201d8e0
step3 0x50000201d8e0
slave pre done
now n is 70214
processed 70214
[M::mem_process_seqs_merge2] Processed 70214 reads in 0.050 CPU sec, 0.750 real sec
step2 put 0x50000201d8e0
step3 0x50000201d8e0
slave pre done
now n is 70214
processed 70214
[M::mem_process_seqs_merge2] Processed 70214 reads in 0.060 CPU sec, 0.920 real sec
step2 put 0x50000201d8e0
step3 0x50000201d8e0
[DBG stage1] slow fread: R1 offset=78639792 requested=19660800 read=19660800 elapsed=1.515 s
step1 0x50000201d930
[M::process] read chunk (19660800 bytes/CG x 1 CGs, 19660800 bytes)...
step2 get 0x50000201d930
[DBG stage1] slow fread: R1 offset=3025356744 requested=19660800 read=19660800 elapsed=1.198 s
step1 0x50000201d930
[M::process] read chunk (19660800 bytes/CG x 1 CGs, 19660800 bytes)...
[M::mem_process_seqs_merge2] CPE FASTQ formatting done
step2 get 0x50000201d930
[M::mem_process_seqs_merge2] CPE FASTQ formatting done
[DBG stage1] slow fread: R1 offset=2436013464 requested=19660800 read=19660800 elapsed=1.534 s
step1 0x50000201d930
[M::process] read chunk (19660800 bytes/CG x 1 CGs, 19660800 bytes)...
step2 get 0x50000201d930
[M::mem_process_seqs_merge2] CPE FASTQ formatting done
[DBG stage1] slow fread: R1 offset=1846670024 requested=19660800 read=19660800 elapsed=1.242 s
step1 0x50000201d930
[M::process] read chunk (19660800 bytes/CG x 1 CGs, 19660800 bytes)...
step2 get 0x50000201d930
[M::mem_process_seqs_merge2] CPE FASTQ formatting done
[DBG stage1] slow fread: R1 offset=1257326584 requested=19660800 read=19660800 elapsed=1.553 s
step1 0x50000201d930
[M::process] read chunk (19660800 bytes/CG x 1 CGs, 19660800 bytes)...
[DBG stage1] slow fread: R1 offset=667983144 requested=19660800 read=19660800 elapsed=1.256 s
step1 0x50000201d930
[M::process] read chunk (19660800 bytes/CG x 1 CGs, 19660800 bytes)...
step2 get 0x50000201d930
step2 get 0x50000201d930
[M::mem_process_seqs_merge2] CPE FASTQ formatting done
[M::mem_process_seqs_merge2] CPE FASTQ formatting done
slave pre done
now n is 70214
processed 70214
[M::mem_process_seqs_merge2] Processed 70214 reads in 0.060 CPU sec, 0.710 real sec
step2 put 0x50000201d930
slave pre done
now n is 69225
processed 69225
[M::mem_process_seqs_merge2] Processed 69225 reads in 0.060 CPU sec, 0.840 real sec
step2 put 0x50000201d930
slave pre done
now n is 71232
processed 71232
[M::mem_process_seqs_merge2] Processed 71232 reads in 0.040 CPU sec, 0.910 real sec
step2 put 0x50000201d930
slave pre done
now n is 70214
processed 70214
[M::mem_process_seqs_merge2] Processed 70214 reads in 0.070 CPU sec, 0.830 real sec
step2 put 0x50000201d930
slave pre done
now n is 70214
processed 70214
[M::mem_process_seqs_merge2] Processed 70214 reads in 0.110 CPU sec, 0.859 real sec
step2 put 0x50000201d930
slave pre done
now n is 70214
processed 70214
[M::mem_process_seqs_merge2] Processed 70214 reads in 0.130 CPU sec, 1.210 real sec
step2 put 0x50000201d930
[DBG stage1] slow fread: R1 offset=98299824 requested=19660800 read=19660800 elapsed=1.632 s
step1 0x50000201ea60
[M::process] read chunk (19660800 bytes/CG x 1 CGs, 19660800 bytes)...
step2 get 0x50000201ea60
[M::mem_process_seqs_merge2] CPE FASTQ formatting done
[DBG stage1] slow fread: R1 offset=3045016644 requested=19660800 read=19660800 elapsed=1.651 s
step1 0x50000201ea60
[M::process] read chunk (19660800 bytes/CG x 1 CGs, 19660800 bytes)...
step2 get 0x50000201ea60
[M::mem_process_seqs_merge2] CPE FASTQ formatting done
[DBG stage1] slow fread: R1 offset=2455673384 requested=19660800 read=19660800 elapsed=1.607 s
step1 0x50000201ea60
[M::process] read chunk (19660800 bytes/CG x 1 CGs, 19660800 bytes)...
step2 get 0x50000201ea60
[M::mem_process_seqs_merge2] CPE FASTQ formatting done
[DBG stage1] slow fread: R1 offset=1866329944 requested=19660800 read=19660800 elapsed=1.614 s
step1 0x50000201ea60
[M::process] read chunk (19660800 bytes/CG x 1 CGs, 19660800 bytes)...
step2 get 0x50000201ea60
[DBG stage1] slow fread: R1 offset=1276986504 requested=19660800 read=19660800 elapsed=1.609 s
step1 0x50000201ea60
[M::process] read chunk (19660800 bytes/CG x 1 CGs, 19660800 bytes)...
[M::mem_process_seqs_merge2] CPE FASTQ formatting done
[DBG stage1] slow fread: R1 offset=687643064 requested=19660800 read=19660800 elapsed=1.596 s
step1 0x50000201ea60
[M::process] read chunk (19660800 bytes/CG x 1 CGs, 19660800 bytes)...
step2 get 0x50000201ea60
step2 get 0x50000201ea60
[M::mem_process_seqs_merge2] CPE FASTQ formatting done
[M::mem_process_seqs_merge2] CPE FASTQ formatting done
slave pre done
now n is 69225
processed 69225
[M::mem_process_seqs_merge2] Processed 69225 reads in 0.060 CPU sec, 0.660 real sec
step2 put 0x50000201ea60
slave pre done
now n is 70214
processed 70214
[M::mem_process_seqs_merge2] Processed 70214 reads in 0.070 CPU sec, 0.660 real sec
step2 put 0x50000201ea60
slave pre done
now n is 70214
slave pre done
now n is 70214
processed 70214
[M::mem_process_seqs_merge2] Processed 70214 reads in 0.080 CPU sec, 0.690 real sec
step2 put 0x50000201ea60
processed 70214
[M::mem_process_seqs_merge2] Processed 70214 reads in 0.070 CPU sec, 0.680 real sec
step2 put 0x50000201ea60
slave pre done
now n is 71232
processed 71232
[M::mem_process_seqs_merge2] Processed 71232 reads in 0.070 CPU sec, 0.910 real sec
step2 put 0x50000201ea60
slave pre done
now n is 70214
processed 70214
[M::mem_process_seqs_merge2] Processed 70214 reads in 0.070 CPU sec, 0.900 real sec
step2 put 0x50000201ea60
[DBG stage1] slow fread: R1 offset=117959856 requested=19660800 read=19660800 elapsed=1.307 s
step1 0x50000201eab0
[M::process] read chunk (19660800 bytes/CG x 1 CGs, 19660800 bytes)...
step2 get 0x50000201eab0
[M::mem_process_seqs_merge2] CPE FASTQ formatting done
[DBG stage1] slow fread: R1 offset=2475333304 requested=19660800 read=19660800 elapsed=1.285 s
step1 0x50000201eab0
[M::process] read chunk (19660800 bytes/CG x 1 CGs, 19660800 bytes)...
step2 get 0x50000201eab0
[M::mem_process_seqs_merge2] CPE FASTQ formatting done
[DBG stage1] slow fread: R1 offset=1296646424 requested=19660800 read=19660800 elapsed=1.281 s
step1 0x50000201eab0
[M::process] read chunk (19660800 bytes/CG x 1 CGs, 19660800 bytes)...
step2 get 0x50000201eab0
[M::mem_process_seqs_merge2] CPE FASTQ formatting done
[DBG stage1] slow fread: R1 offset=3064676544 requested=19660800 read=19660800 elapsed=1.595 s
step1 0x50000201eab0
[M::process] read chunk (19660800 bytes/CG x 1 CGs, 19660800 bytes)...
step2 get 0x50000201eab0
[M::mem_process_seqs_merge2] CPE FASTQ formatting done
[DBG stage1] slow fread: R1 offset=1885989864 requested=19660800 read=19660800 elapsed=1.627 s
step1 0x50000201eab0
[M::process] read chunk (19660800 bytes/CG x 1 CGs, 19660800 bytes)...
[DBG stage1] slow fread: R1 offset=707302984 requested=19660800 read=19660800 elapsed=1.609 s
step1 0x50000201eab0
[M::process] read chunk (19660800 bytes/CG x 1 CGs, 19660800 bytes)...
step2 get 0x50000201eab0
step2 get 0x50000201eab0
[M::mem_process_seqs_merge2] CPE FASTQ formatting done
[M::mem_process_seqs_merge2] CPE FASTQ formatting done
slave pre done
now n is 70214
slave pre done
now n is 71232
processed 70214
[M::mem_process_seqs_merge2] Processed 70214 reads in 0.060 CPU sec, 0.750 real sec
step2 put 0x50000201eab0
processed 71232
[M::mem_process_seqs_merge2] Processed 71232 reads in 0.090 CPU sec, 0.900 real sec
step2 put 0x50000201eab0
slave pre done
now n is 69225
processed 69225
[M::mem_process_seqs_merge2] Processed 69225 reads in 0.060 CPU sec, 0.660 real sec
step2 put 0x50000201eab0
slave pre done
now n is 70214
processed 70214
[M::mem_process_seqs_merge2] Processed 70214 reads in 0.080 CPU sec, 1.040 real sec
step2 put 0x50000201eab0
slave pre done
now n is 70214
processed 70214
[M::mem_process_seqs_merge2] Processed 70214 reads in 0.120 CPU sec, 0.730 real sec
step2 put 0x50000201eab0
slave pre done
now n is 70214
processed 70214
[M::mem_process_seqs_merge2] Processed 70214 reads in 0.080 CPU sec, 0.940 real sec
step2 put 0x50000201eab0
[DBG stage1] slow fread: R1 offset=137619888 requested=19660800 read=19660800 elapsed=1.564 s
step1 0x500002755800
[M::process] read chunk (19660800 bytes/CG x 1 CGs, 19660800 bytes)...
step2 get 0x500002755800
[M::mem_process_seqs_merge2] CPE FASTQ formatting done
[DBG stage1] slow fread: R1 offset=2494993224 requested=19660800 read=19660800 elapsed=1.556 s
step1 0x500002755800
[M::process] read chunk (19660800 bytes/CG x 1 CGs, 19660800 bytes)...
step2 get 0x500002755800
[M::mem_process_seqs_merge2] CPE FASTQ formatting done
[DBG stage1] slow fread: R1 offset=1316306344 requested=19660800 read=19660800 elapsed=1.544 s
step1 0x500002755800
[M::process] read chunk (19660800 bytes/CG x 1 CGs, 19660800 bytes)...
step2 get 0x500002755800
[M::mem_process_seqs_merge2] CPE FASTQ formatting done
[DBG stage1] slow fread: R1 offset=3084336444 requested=19660800 read=19660800 elapsed=1.558 s
step1 0x500002755800
[M::process] read chunk (19660800 bytes/CG x 1 CGs, 19660800 bytes)...
step2 get 0x500002755800
[M::mem_process_seqs_merge2] CPE FASTQ formatting done
[DBG stage1] slow fread: R1 offset=1905649784 requested=19660800 read=19660800 elapsed=1.562 s
step1 0x500002755800
[M::process] read chunk (19660800 bytes/CG x 1 CGs, 19660800 bytes)...
[DBG stage1] slow fread: R1 offset=726962904 requested=19660800 read=19660800 elapsed=1.567 s
step1 0x500002755800
[M::process] read chunk (19660800 bytes/CG x 1 CGs, 19660800 bytes)...
step2 get 0x500002755800
step2 get 0x500002755800
[M::mem_process_seqs_merge2] CPE FASTQ formatting done
[M::mem_process_seqs_merge2] CPE FASTQ formatting done
slave pre done
now n is 70214
processed 70214
[M::mem_process_seqs_merge2] Processed 70214 reads in 0.060 CPU sec, 0.740 real sec
step2 put 0x500002755800
slave pre done
now n is 71232
processed 71232
[M::mem_process_seqs_merge2] Processed 71232 reads in 0.070 CPU sec, 0.880 real sec
step2 put 0x500002755800
slave pre done
now n is 69225
processed 69225
[M::mem_process_seqs_merge2] Processed 69225 reads in 0.040 CPU sec, 0.650 real sec
step2 put 0x500002755800
slave pre done
now n is 70214
processed 70214
[M::mem_process_seqs_merge2] Processed 70214 reads in 0.140 CPU sec, 0.950 real sec
step2 put 0x500002755800
slave pre done
now n is 70214
processed 70214
[M::mem_process_seqs_merge2] Processed 70214 reads in 0.070 CPU sec, 0.710 real sec
step2 put 0x500002755800
slave pre done
now n is 70214
processed 70214
[M::mem_process_seqs_merge2] Processed 70214 reads in 0.150 CPU sec, 0.960 real sec
step2 put 0x500002755800
[DBG stage1] slow fread: R1 offset=157279920 requested=19660800 read=19660800 elapsed=1.558 s
step1 0x500002755850
[M::process] read chunk (19660800 bytes/CG x 1 CGs, 19660800 bytes)...
step2 get 0x500002755850
[DBG stage1] slow fread: R1 offset=3103996344 requested=19660800 read=19660800 elapsed=1.245 s
step1 0x500002755850
[M::process] read chunk (19660800 bytes/CG x 1 CGs, 19660800 bytes)...
step2 get 0x500002755850
[DBG stage1] slow fread: R1 offset=2514653144 requested=19660800 read=19660800 elapsed=1.546 s
step1 0x500002755850
[M::process] read chunk (19660800 bytes/CG x 1 CGs, 19660800 bytes)...
step2 get 0x500002755850
[DBG stage1] slow fread: R1 offset=1925309704 requested=19660800 read=19660800 elapsed=1.181 s
step1 0x500002755850
[M::process] read chunk (19660800 bytes/CG x 1 CGs, 19660800 bytes)...
[DBG stage1] slow fread: R1 offset=1335966264 requested=19660800 read=19660800 elapsed=1.527 s
step1 0x500002755850
[M::process] read chunk (19660800 bytes/CG x 1 CGs, 19660800 bytes)...
[DBG stage1] slow fread: R1 offset=746622824 requested=19660800 read=19660800 elapsed=1.181 s
step1 0x500002755850
[M::process] read chunk (19660800 bytes/CG x 1 CGs, 19660800 bytes)...
step2 get 0x500002755850
step2 get 0x500002755850
step2 get 0x500002755850
step1 0x5000027558a0
[M::process] read chunk (19660800 bytes/CG x 1 CGs, 19660800 bytes)...
step1 0x5000027558a0
[M::process] read chunk (19660800 bytes/CG x 1 CGs, 19660800 bytes)...
step1 0x5000027558a0
[M::process] read chunk (19660800 bytes/CG x 1 CGs, 19660800 bytes)...
[DBG stage1] slow fread: R1 offset=3123656244 requested=19660800 read=19660800 elapsed=1.071 s
step1 0x5000027558a0
[M::process] read chunk (19660800 bytes/CG x 1 CGs, 19660800 bytes)...
[DBG stage1] slow fread: R1 offset=1944969624 requested=19660800 read=19660800 elapsed=1.089 s
step1 0x5000027558a0
[M::process] read chunk (19660800 bytes/CG x 1 CGs, 19660800 bytes)...
[DBG stage1] slow fread: R1 offset=766282744 requested=19660800 read=19660800 elapsed=1.090 s
step1 0x5000027558a0
[M::process] read chunk (19660800 bytes/CG x 1 CGs, 19660800 bytes)...
[DBG stage1] slow fread: R1 offset=196599984 requested=19660800 read=19660800 elapsed=1.086 s
step1 0x5000027558f0
[M::process] read chunk (19660800 bytes/CG x 1 CGs, 19660800 bytes)...
[DBG stage1] slow fread: R1 offset=2553972984 requested=19660800 read=19660800 elapsed=1.086 s
step1 0x5000027558f0
[M::process] read chunk (19660800 bytes/CG x 1 CGs, 19660800 bytes)...
[DBG stage1] slow fread: R1 offset=1375286104 requested=19660800 read=19660800 elapsed=1.087 s
step1 0x5000027558f0
[M::process] read chunk (19660800 bytes/CG x 1 CGs, 19660800 bytes)...
[DBG stage1] slow fread: R1 offset=3143316144 requested=19660800 read=19660800 elapsed=1.086 s
step1 0x5000027558f0
[M::process] read chunk (19660800 bytes/CG x 1 CGs, 19660800 bytes)...
[DBG stage1] slow fread: R1 offset=1964629544 requested=19660800 read=19660800 elapsed=1.058 s
step1 0x5000027558f0
[M::process] read chunk (19660800 bytes/CG x 1 CGs, 19660800 bytes)...
[DBG stage1] slow fread: R1 offset=785942664 requested=19660800 read=19660800 elapsed=1.057 s
step1 0x5000027558f0
[M::process] read chunk (19660800 bytes/CG x 1 CGs, 19660800 bytes)...
step3 0x50000201d930
step3 0x50000201d930
[M::mem_process_seqs_merge2] CPE FASTQ formatting done
[M::mem_process_seqs_merge2] CPE FASTQ formatting done
step3 0x50000201d930
[M::mem_process_seqs_merge2] CPE FASTQ formatting done
step3 0x50000201ea60
step3 0x50000201ea60
step3 0x50000201ea60
step3 0x50000201eab0
step3 0x50000201d930
step3 0x50000201d930
[M::mem_process_seqs_merge2] CPE FASTQ formatting done
[M::mem_process_seqs_merge2] CPE FASTQ formatting done
step3 0x50000201eab0
step3 0x50000201ea60
step3 0x50000201ea60
step3 0x50000201eab0
step3 0x50000201eab0
step3 0x50000201d930
[M::mem_process_seqs_merge2] CPE FASTQ formatting done
step3 0x50000201ea60
slave pre done
now n is 71232
processed 71232
[M::mem_process_seqs_merge2] Processed 71232 reads in 0.260 CPU sec, 0.750 real sec
step2 put 0x500002755850
step2 get 0x5000027558a0
[M::mem_process_seqs_merge2] CPE FASTQ formatting done
step3 0x50000201eab0
slave pre done
now n is 70214
slave pre done
now n is 70214
processed 70214
[M::mem_process_seqs_merge2] Processed 70214 reads in 0.320 CPU sec, 0.851 real sec
step2 put 0x500002755850
step2 get 0x5000027558a0
processed 70214
[M::mem_process_seqs_merge2] Processed 70214 reads in 0.350 CPU sec, 0.800 real sec
step2 put 0x500002755850
step2 get 0x5000027558a0
[M::mem_process_seqs_merge2] CPE FASTQ formatting done
[M::mem_process_seqs_merge2] CPE FASTQ formatting done
slave pre done
now n is 69225
processed 69225
[M::mem_process_seqs_merge2] Processed 69225 reads in 0.350 CPU sec, 0.761 real sec
step2 put 0x500002755850
step2 get 0x5000027558a0
[M::mem_process_seqs_merge2] CPE FASTQ formatting done
slave pre done
now n is 70214
processed 70214
[M::mem_process_seqs_merge2] Processed 70214 reads in 0.310 CPU sec, 0.840 real sec
step2 put 0x500002755850
step2 get 0x5000027558a0
[M::mem_process_seqs_merge2] CPE FASTQ formatting done
[DBG stage1] slow fread: R1 offset=216260016 requested=19660800 read=19660800 elapsed=1.601 s
step1 0x500002755940
[M::process] read chunk (19660800 bytes/CG x 1 CGs, 19660800 bytes)...
[DBG stage1] slow fread: R1 offset=3162976044 requested=19660800 read=19660800 elapsed=1.389 s
step1 0x500002755940
[M::process] read chunk (19660800 bytes/CG x 1 CGs, 19660800 bytes)...
[DBG stage1] slow fread: R1 offset=2573632904 requested=19660800 read=19660800 elapsed=1.631 s
slave pre done
now n is 70214
step1 0x500002755940
[M::process] read chunk (19660800 bytes/CG x 1 CGs, 19660800 bytes)...
processed 70214
[M::mem_process_seqs_merge2] Processed 70214 reads in 0.290 CPU sec, 0.680 real sec
step2 put 0x500002755850
step2 get 0x5000027558a0
[M::mem_process_seqs_merge2] CPE FASTQ formatting done
[DBG stage1] slow fread: R1 offset=1984289464 requested=19660800 read=19660800 elapsed=1.469 s
step1 0x500002755940
[M::process] read chunk (19660800 bytes/CG x 1 CGs, 19660800 bytes)...
[DBG stage1] slow fread: R1 offset=1394946024 requested=19660800 read=19660800 elapsed=1.679 s
step1 0x500002755940
[M::process] read chunk (19660800 bytes/CG x 1 CGs, 19660800 bytes)...
[DBG stage1] slow fread: R1 offset=805602584 requested=19660800 read=19660800 elapsed=1.498 s
step1 0x500002755940
[M::process] read chunk (19660800 bytes/CG x 1 CGs, 19660800 bytes)...
slave pre done
now n is 70214
slave pre done
now n is 71232
processed 71232
[M::mem_process_seqs_merge2] Processed 71232 reads in 0.080 CPU sec, 0.760 real sec
step2 put 0x5000027558a0
step2 get 0x5000027558f0
processed 70214
[M::mem_process_seqs_merge2] Processed 70214 reads in 0.070 CPU sec, 0.667 real sec
step2 put 0x5000027558a0
step2 get 0x5000027558f0
[M::mem_process_seqs_merge2] CPE FASTQ formatting done
slave pre done
now n is 70214
processed 70214
[M::mem_process_seqs_merge2] Processed 70214 reads in 0.130 CPU sec, 0.770 real sec
step2 put 0x5000027558a0
step2 get 0x5000027558f0
[M::mem_process_seqs_merge2] CPE FASTQ formatting done
slave pre done
now n is 69225
processed 69225
[M::mem_process_seqs_merge2] Processed 69225 reads in 0.060 CPU sec, 0.649 real sec
step2 put 0x5000027558a0
step2 get 0x5000027558f0
[M::mem_process_seqs_merge2] CPE FASTQ formatting done
slave pre done
now n is 70214
processed 70214
[M::mem_process_seqs_merge2] Processed 70214 reads in 0.070 CPU sec, 0.631 real sec
step2 put 0x5000027558a0
step2 get 0x5000027558f0
[M::mem_process_seqs_merge2] CPE FASTQ formatting done
slave pre done
now n is 70214
processed 70214
[M::mem_process_seqs_merge2] Processed 70214 reads in 0.050 CPU sec, 0.660 real sec
step2 put 0x5000027558a0
step2 get 0x5000027558f0
[M::mem_process_seqs_merge2] CPE FASTQ formatting done
slave pre done
now n is 70214
processed 70214
[M::mem_process_seqs_merge2] Processed 70214 reads in 0.040 CPU sec, 0.740 real sec
step2 put 0x5000027558f0
step2 get 0x500002755940
slave pre done
now n is 69225
processed 69225
[M::mem_process_seqs_merge2] Processed 69225 reads in 0.050 CPU sec, 0.700 real sec
step2 put 0x5000027558f0
step2 get 0x500002755940
slave pre done
now n is 70214
processed 70214
[M::mem_process_seqs_merge2] Processed 70214 reads in 0.080 CPU sec, 0.748 real sec
step2 put 0x5000027558f0
step2 get 0x500002755940
[DBG stage1] slow fread: R1 offset=235920048 requested=19660800 read=19660800 elapsed=1.492 s
step1 0x50000201d930
[M::process] read chunk (19660800 bytes/CG x 1 CGs, 19660800 bytes)...
[DBG stage1] slow fread: R1 offset=2593292824 requested=19660800 read=19660800 elapsed=1.452 s
step1 0x50000201ea60
[M::process] read chunk (19660800 bytes/CG x 1 CGs, 19660800 bytes)...
[DBG stage1] slow fread: R1 offset=1414605944 requested=19660800 read=19660800 elapsed=1.422 s
step1 0x50000201ea60
[M::process] read chunk (19660800 bytes/CG x 1 CGs, 19660800 bytes)...
slave pre done
now n is 70214
processed 70214
[M::mem_process_seqs_merge2] Processed 70214 reads in 0.110 CPU sec, 1.150 real sec
step2 put 0x5000027558f0
step2 get 0x500002755940
[DBG stage1] slow fread: R1 offset=3182635944 requested=19660800 read=19660800 elapsed=1.727 s
step1 0x50000201ea60
[M::process] read chunk (19660800 bytes/CG x 1 CGs, 19660800 bytes)...
[DBG stage1] slow fread: R1 offset=2003949384 requested=19660800 read=19660800 elapsed=1.659 s
step1 0x50000201ea60
[M::process] read chunk (19660800 bytes/CG x 1 CGs, 19660800 bytes)...
[DBG stage1] slow fread: R1 offset=825262504 requested=19660800 read=19660800 elapsed=1.637 s
step1 0x50000201ea60
[M::process] read chunk (19660800 bytes/CG x 1 CGs, 19660800 bytes)...
[DBG stage1] slow fread: R1 offset=255580080 requested=19660800 read=19660800 elapsed=1.258 s
step1 0x50000201d8e0
[M::process] read chunk (19660800 bytes/CG x 1 CGs, 19660800 bytes)...
[DBG stage1] slow fread: R1 offset=2612952744 requested=19660800 read=19660800 elapsed=1.250 s
step1 0x50000201d930
[M::process] read chunk (19660800 bytes/CG x 1 CGs, 19660800 bytes)...
[DBG stage1] slow fread: R1 offset=1434265864 requested=19660800 read=19660800 elapsed=1.261 s
step1 0x50000201d930
[M::process] read chunk (19660800 bytes/CG x 1 CGs, 19660800 bytes)...
[DBG stage1] slow fread: R1 offset=3202295844 requested=19660800 read=19660800 elapsed=1.251 s
step1 0x50000201d930
[M::process] read chunk (19660800 bytes/CG x 1 CGs, 19660800 bytes)...
slave pre done
now n is 70214
[DBG stage1] slow fread: R1 offset=844922424 requested=19660800 read=19660800 elapsed=1.271 s
step1 0x50000201d930
[M::process] read chunk (19660800 bytes/CG x 1 CGs, 19660800 bytes)...
[DBG stage1] slow fread: R1 offset=2023609304 requested=19660800 read=19660800 elapsed=1.289 s
step1 0x50000201d930
[M::process] read chunk (19660800 bytes/CG x 1 CGs, 19660800 bytes)...
processed 70214
[M::mem_process_seqs_merge2] Processed 70214 reads in 0.470 CPU sec, 2.340 real sec
step2 put 0x5000027558f0
step2 get 0x500002755940
step1 0x50000201d8e0
[M::process] read chunk (19660800 bytes/CG x 1 CGs, 19660800 bytes)...
[DBG stage1] slow fread: R1 offset=275240112 requested=19660800 read=19660800 elapsed=1.172 s
step1 0x500002755990
[DBG stage1] slow fread: R1 offset=2632612664 requested=19660800 read=19660800 elapsed=1.163 s
step1 0x50000201d8e0
[M::process] read chunk (19660800 bytes/CG x 1 CGs, 19660800 bytes)...
step1 0x50000201d8e0
[M::process] read chunk (19660800 bytes/CG x 1 CGs, 19660800 bytes)...
step1 0x50000201d8e0
[M::process] read chunk (19660800 bytes/CG x 1 CGs, 19660800 bytes)...
[DBG stage1] slow fread: R1 offset=1453925784 requested=19660800 read=19660800 elapsed=1.148 s
step1 0x50000201d8e0
[M::process] read chunk (19660800 bytes/CG x 1 CGs, 19660800 bytes)...
step1 0x500002755990
step1 0x500002755990
step1 0x500002755990
step1 0x500002755990
step1 0x500002755990
step3 0x50000201eab0
step3 0x500002755800
step3 0x500002755800
step3 0x500002755800
[M::mem_process_seqs_merge2] CPE FASTQ formatting done
[M::mem_process_seqs_merge2] CPE FASTQ formatting done
step3 0x500002755800
[M::mem_process_seqs_merge2] CPE FASTQ formatting done
step3 0x500002755800
[M::mem_process_seqs_merge2] CPE FASTQ formatting done
[M::mem_process_seqs_merge2] CPE FASTQ formatting done
step3 0x500002755800
step3 0x500002755850
[M::mem_process_seqs_merge2] CPE FASTQ formatting done
step3 0x500002755850
step3 0x500002755850
step3 0x500002755850
step3 0x500002755850
step3 0x5000027558a0
step3 0x500002755850
step3 0x5000027558a0
step3 0x5000027558a0
step3 0x5000027558a0
step3 0x5000027558a0
step3 0x5000027558f0
slave pre done
now n is 71232
slave pre done
now n is 70214
processed 71232
[M::mem_process_seqs_merge2] Processed 71232 reads in 0.380 CPU sec, 0.730 real sec
step2 put 0x5000027558f0
step2 get 0x500002755940
slave pre done
now n is 69225
[M::process] read chunk (19660800 bytes/CG x 1 CGs, 19660800 bytes)...
[M::mem_process_seqs_merge2] CPE FASTQ formatting done
processed 70214
[M::mem_process_seqs_merge2] Processed 70214 reads in 0.300 CPU sec, 0.660 real sec
step2 put 0x500002755940
step2 get 0x50000201ea60
[M::process] read chunk (19660800 bytes/CG x 1 CGs, 19660800 bytes)...
[M::mem_process_seqs_merge2] CPE FASTQ formatting done
processed 69225
[M::mem_process_seqs_merge2] Processed 69225 reads in 0.300 CPU sec, 0.690 real sec
step2 put 0x500002755940
step2 get 0x50000201ea60
slave pre done
now n is 70214
[M::process] read chunk (19660800 bytes/CG x 1 CGs, 19660800 bytes)...
[M::mem_process_seqs_merge2] CPE FASTQ formatting done
slave pre done
now n is 70214
processed 70214
[M::mem_process_seqs_merge2] Processed 70214 reads in 0.310 CPU sec, 0.770 real sec
step2 put 0x500002755940
step2 get 0x50000201ea60
processed 70214
[M::mem_process_seqs_merge2] Processed 70214 reads in 0.340 CPU sec, 0.770 real sec
step2 put 0x500002755940
step2 get 0x50000201ea60
[M::process] read chunk (19660800 bytes/CG x 1 CGs, 19660800 bytes)...
[M::process] read chunk (19660800 bytes/CG x 1 CGs, 19660800 bytes)...
[M::mem_process_seqs_merge2] CPE FASTQ formatting done
[M::mem_process_seqs_merge2] CPE FASTQ formatting done
slave pre done
now n is 70214
processed 70214
[M::mem_process_seqs_merge2] Processed 70214 reads in 0.280 CPU sec, 0.860 real sec
step2 put 0x500002755940
step2 get 0x50000201ea60
[M::process] read chunk (19660800 bytes/CG x 1 CGs, 19660800 bytes)...
[M::mem_process_seqs_merge2] CPE FASTQ formatting done
slave pre done
now n is 70214
processed 70214
[M::mem_process_seqs_merge2] Processed 70214 reads in 0.040 CPU sec, 0.660 real sec
step2 put 0x50000201ea60
step2 get 0x50000201d930
slave pre done
now n is 71232
[M::mem_process_seqs_merge2] CPE FASTQ formatting done
slave pre done
now n is 69225
processed 71232
[M::mem_process_seqs_merge2] Processed 71232 reads in 0.110 CPU sec, 0.760 real sec
step2 put 0x500002755940
step2 get 0x50000201d930
slave pre done
now n is 70214
processed 69225
[M::mem_process_seqs_merge2] Processed 69225 reads in 0.090 CPU sec, 0.730 real sec
step2 put 0x50000201ea60
step2 get 0x50000201d930
[M::mem_process_seqs_merge2] CPE FASTQ formatting done
[M::mem_process_seqs_merge2] CPE FASTQ formatting done
slave pre done
now n is 70214
processed 70214
[M::mem_process_seqs_merge2] Processed 70214 reads in 0.070 CPU sec, 0.770 real sec
step2 put 0x50000201ea60
step2 get 0x50000201d930
[M::mem_process_seqs_merge2] CPE FASTQ formatting done
processed 70214
[M::mem_process_seqs_merge2] Processed 70214 reads in 0.080 CPU sec, 0.740 real sec
step2 put 0x50000201ea60
step2 get 0x50000201d930
[M::mem_process_seqs_merge2] CPE FASTQ formatting done
slave pre done
now n is 70214
processed 70214
[M::mem_process_seqs_merge2] Processed 70214 reads in 0.090 CPU sec, 0.910 real sec
step2 put 0x50000201ea60
step2 get 0x50000201d930
[M::mem_process_seqs_merge2] CPE FASTQ formatting done
slave pre done
now n is 70214
processed 70214
[M::mem_process_seqs_merge2] Processed 70214 reads in 0.070 CPU sec, 0.730 real sec
step2 put 0x50000201d930
step2 get 0x50000201d8e0
slave pre done
now n is 70214
slave pre done
now n is 71232
processed 70214
[M::mem_process_seqs_merge2] Processed 70214 reads in 0.080 CPU sec, 0.730 real sec
step2 put 0x50000201d930
step2 get 0x50000201d8e0
processed 71232
[M::mem_process_seqs_merge2] Processed 71232 reads in 0.090 CPU sec, 0.800 real sec
step2 put 0x50000201d930
step2 get 0x50000201d8e0
slave pre done
now n is 70214
processed 70214
[M::mem_process_seqs_merge2] Processed 70214 reads in 0.060 CPU sec, 0.820 real sec
step2 put 0x50000201d930
step2 get 0x50000201d8e0
slave pre done
now n is 69225
processed 69225
[M::mem_process_seqs_merge2] Processed 69225 reads in 0.080 CPU sec, 0.900 real sec
step2 put 0x50000201d930
step2 get 0x50000201d8e0
[M::mem_process_seqs_merge2] CPE FASTQ formatting done
[DBG stage1] slow fread: R1 offset=294899944 requested=19660800 read=19660800 elapsed=1.670 s
step1 0x500002755800
[M::process] read chunk (19660800 bytes/CG x 1 CGs, 19660800 bytes)...
[DBG stage1] slow fread: R1 offset=1493245624 requested=19660800 read=19660800 elapsed=1.657 s
step1 0x500002755850
[M::process] read chunk (19660800 bytes/CG x 1 CGs, 19660800 bytes)...
[DBG stage1] slow fread: R1 offset=2671932504 requested=19660800 read=19660800 elapsed=1.666 s
step1 0x500002755850
[M::process] read chunk (19660800 bytes/CG x 1 CGs, 19660800 bytes)...
slave pre done
now n is 70214
processed 70214
[M::mem_process_seqs_merge2] Processed 70214 reads in 0.080 CPU sec, 0.810 real sec
step2 put 0x50000201d930
step2 get 0x50000201d8e0
[DBG stage1] slow fread: R1 offset=2082589064 requested=19660800 read=19660800 elapsed=1.944 s
step1 0x500002755850
[M::process] read chunk (19660800 bytes/CG x 1 CGs, 19660800 bytes)...
[DBG stage1] slow fread: R1 offset=3261275544 requested=19660800 read=19660800 elapsed=1.953 s
step1 0x5000027558a0
[M::process] read chunk (19660800 bytes/CG x 1 CGs, 19660800 bytes)...
[DBG stage1] slow fread: R1 offset=903902184 requested=19660800 read=19660800 elapsed=1.890 s
step1 0x500002755850
[M::process] read chunk (19660800 bytes/CG x 1 CGs, 19660800 bytes)...
slave pre done
now n is 69225
processed 69225
[M::mem_process_seqs_merge2] Processed 69225 reads in 0.100 CPU sec, 0.740 real sec
step2 put 0x50000201d8e0
step2 get 0x500002755990
[DBG stage1] slow fread: R1 offset=314559864 requested=19660800 read=19660800 elapsed=1.188 s
step1 0x50000201eab0
[M::process] read chunk (19660800 bytes/CG x 1 CGs, 19660800 bytes)...
step1 0x500002755800
[M::process] read chunk (19660800 bytes/CG x 1 CGs, 19660800 bytes)...
step1 0x500002755850
[M::process] read chunk (19660800 bytes/CG x 1 CGs, 19660800 bytes)...
[DBG stage1] slow fread: R1 offset=1512905544 requested=19660800 read=19660800 elapsed=1.169 s
step1 0x500002755800
[M::process] read chunk (19660800 bytes/CG x 1 CGs, 19660800 bytes)...
[DBG stage1] slow fread: R1 offset=2691592424 requested=19660800 read=19660800 elapsed=1.169 s
step1 0x500002755800
[M::process] read chunk (19660800 bytes/CG x 1 CGs, 19660800 bytes)...
step1 0x500002755800
[M::process] read chunk (19660800 bytes/CG x 1 CGs, 19660800 bytes)...
[DBG stage1] slow fread: R1 offset=334219784 requested=19660800 read=19660800 elapsed=1.125 s
step1 0x50000201ea60
[DBG stage1] slow fread: R1 offset=2121908904 requested=19660800 read=19660800 elapsed=1.122 s
step1 0x50000201eab0
[DBG stage1] slow fread: R1 offset=3300595344 requested=19660800 read=19660800 elapsed=1.121 s
step1 0x500002755800
[M::process] read chunk (19660800 bytes/CG x 1 CGs, 19660800 bytes)...
[DBG stage1] slow fread: R1 offset=2711252344 requested=19660800 read=19660800 elapsed=1.117 s
step1 0x50000201eab0
[DBG stage1] slow fread: R1 offset=1532565464 requested=19660800 read=19660800 elapsed=1.125 s
step1 0x50000201eab0
[DBG stage1] slow fread: R1 offset=943222024 requested=19660800 read=19660800 elapsed=1.084 s
step1 0x50000201eab0
step1 0x50000201eab0
step3 0x5000027558f0
[M::mem_process_seqs_merge2] CPE FASTQ formatting done
step3 0x5000027558f0
step3 0x5000027558f0
[M::mem_process_seqs_merge2] CPE FASTQ formatting done
[M::mem_process_seqs_merge2] CPE FASTQ formatting done
step3 0x500002755940
step3 0x500002755940
step3 0x5000027558a0
step3 0x5000027558f0
step3 0x500002755940
[M::mem_process_seqs_merge2] CPE FASTQ formatting done
[M::mem_process_seqs_merge2] CPE FASTQ formatting done
step3 0x50000201ea60
step3 0x50000201ea60
step3 0x500002755940
step3 0x500002755940
step3 0x5000027558f0
step3 0x50000201ea60
[M::mem_process_seqs_merge2] CPE FASTQ formatting done
step3 0x50000201d930
step3 0x50000201d930
step3 0x50000201ea60
step3 0x50000201ea60
step3 0x500002755940
step3 0x50000201d930
step3 0x50000201d930
step3 0x50000201d930
step3 0x50000201d930
slave pre done
now n is 70214
processed 70214
[M::mem_process_seqs_merge2] Processed 70214 reads in 0.310 CPU sec, 0.750 real sec
step2 put 0x50000201d8e0
step2 get 0x500002755990
slave pre done
now n is 70214
[M::process] read chunk (19660800 bytes/CG x 1 CGs, 19660800 bytes)...
[M::mem_process_seqs_merge2] CPE FASTQ formatting done
processed 70214
[M::mem_process_seqs_merge2] Processed 70214 reads in 0.350 CPU sec, 0.790 real sec
step2 put 0x50000201d8e0
step2 get 0x500002755990
[M::process] read chunk (19660800 bytes/CG x 1 CGs, 19660800 bytes)...
[M::mem_process_seqs_merge2] CPE FASTQ formatting done
slave pre done
now n is 70214
processed 70214
[M::mem_process_seqs_merge2] Processed 70214 reads in 0.400 CPU sec, 0.930 real sec
step2 put 0x50000201d8e0
step2 get 0x500002755990
[M::process] read chunk (19660800 bytes/CG x 1 CGs, 19660800 bytes)...
[M::mem_process_seqs_merge2] CPE FASTQ formatting done
slave pre done
now n is 69225
slave pre done
now n is 71232
processed 69225
[M::mem_process_seqs_merge2] Processed 69225 reads in 0.240 CPU sec, 0.820 real sec
step2 put 0x500002755990
step2 get 0x5000027558a0
[M::process] read chunk (19660800 bytes/CG x 1 CGs, 19660800 bytes)...
[M::mem_process_seqs_merge2] CPE FASTQ formatting done
processed 71232
[M::mem_process_seqs_merge2] Processed 71232 reads in 0.340 CPU sec, 0.941 real sec
step2 put 0x50000201d8e0
step2 get 0x500002755990
[M::process] read chunk (19660800 bytes/CG x 1 CGs, 19660800 bytes)...
[M::mem_process_seqs_merge2] CPE FASTQ formatting done
slave pre done
now n is 70214
processed 70214
[M::mem_process_seqs_merge2] Processed 70214 reads in 0.350 CPU sec, 1.020 real sec
step2 put 0x50000201d8e0
step2 get 0x500002755990
[M::process] read chunk (19660800 bytes/CG x 1 CGs, 19660800 bytes)...
[M::mem_process_seqs_merge2] CPE FASTQ formatting done
slave pre done
now n is 70214
processed 70214
[M::mem_process_seqs_merge2] Processed 70214 reads in 0.120 CPU sec, 0.860 real sec
step2 put 0x500002755990
step2 get 0x500002755850
[M::mem_process_seqs_merge2] CPE FASTQ formatting done
slave pre done
now n is 70214
processed 70214
[M::mem_process_seqs_merge2] Processed 70214 reads in 0.090 CPU sec, 0.920 real sec
step2 put 0x500002755990
step2 get 0x500002755850
slave pre done
now n is 70230
[M::mem_process_seqs_merge2] CPE FASTQ formatting done
processed 70230
[M::mem_process_seqs_merge2] Processed 70230 reads in 0.090 CPU sec, 0.678 real sec
step2 put 0x500002755990
step2 get 0x500002755800
slave pre done
now n is 70214
[M::mem_process_seqs_merge2] CPE FASTQ formatting done
processed 70214
[M::mem_process_seqs_merge2] Processed 70214 reads in 0.080 CPU sec, 0.890 real sec
step2 put 0x500002755990
step2 get 0x500002755850
[M::mem_process_seqs_merge2] CPE FASTQ formatting done
slave pre done
now n is 70214
processed 70214
[M::mem_process_seqs_merge2] Processed 70214 reads in 0.080 CPU sec, 0.760 real sec
step2 put 0x500002755990
step2 get 0x500002755850
[M::mem_process_seqs_merge2] CPE FASTQ formatting done
[DBG stage1] slow fread: R1 offset=1552225384 requested=19660800 read=19660800 elapsed=1.488 s
step1 0x50000201ea60
[M::process] read chunk (19660800 bytes/CG x 1 CGs, 19660800 bytes)...
slave pre done
now n is 70214
processed 70214
[M::mem_process_seqs_merge2] Processed 70214 reads in 0.090 CPU sec, 0.750 real sec
step2 put 0x500002755850
step2 get 0x500002755800
[M::mem_process_seqs_merge2] CPE FASTQ formatting done
slave pre done
now n is 70214
processed 70214
[M::mem_process_seqs_merge2] Processed 70214 reads in 0.120 CPU sec, 0.710 real sec
step2 put 0x500002755850
step2 get 0x500002755800
[M::mem_process_seqs_merge2] CPE FASTQ formatting done
[DBG stage1] slow fread: R1 offset=2730912264 requested=19660800 read=19660800 elapsed=1.549 s
step1 0x50000201ea60
[M::process] read chunk (19660800 bytes/CG x 1 CGs, 19660800 bytes)...
slave pre done
now n is 70214
[DBG stage1] slow fread: R1 offset=3339915144 requested=19660800 read=19660800 elapsed=1.642 s
step1 0x50000201ea60
[DBG stage1] slow fread: R1 offset=962881944 requested=19660800 read=19660800 elapsed=1.893 s
step1 0x50000201ea60
[M::process] read chunk (19660800 bytes/CG x 1 CGs, 19660800 bytes)...
processed 70214
[M::mem_process_seqs_merge2] Processed 70214 reads in 0.090 CPU sec, 0.820 real sec
step2 put 0x500002755850
step2 get 0x500002755800
slave pre done
now n is 69225
[M::mem_process_seqs_merge2] CPE FASTQ formatting done
processed 69225
[M::mem_process_seqs_merge2] Processed 69225 reads in 0.170 CPU sec, 1.690 real sec
step2 put 0x5000027558a0
step2 get 0x500002755850
[M::process] read chunk (19660800 bytes/CG x 1 CGs, 19660800 bytes)...
[M::mem_process_seqs_merge2] CPE FASTQ formatting done
slave pre done
now n is 70214
processed 70214
[M::mem_process_seqs_merge2] Processed 70214 reads in 0.130 CPU sec, 1.010 real sec
step2 put 0x500002755850
step2 get 0x500002755800
[M::mem_process_seqs_merge2] CPE FASTQ formatting done
slave pre done
now n is 70214
[DBG stage1] slow fread: R1 offset=353879704 requested=19660800 read=19660800 elapsed=2.058 s
step1 0x500002755940
[M::process] read chunk (19660800 bytes/CG x 1 CGs, 19660800 bytes)...
processed 70214
[M::mem_process_seqs_merge2] Processed 70214 reads in 0.040 CPU sec, 0.770 real sec
step2 put 0x500002755800
step2 get 0x50000201eab0
[DBG stage1] slow fread: R1 offset=2141568824 requested=19660800 read=19660800 elapsed=2.059 s
step1 0x50000201ea60
[M::process] read chunk (19660800 bytes/CG x 1 CGs, 19660800 bytes)...
slave pre done
now n is 70214
processed 70214
[M::mem_process_seqs_merge2] Processed 70214 reads in 0.090 CPU sec, 0.870 real sec
step2 put 0x500002755800
step2 get 0x50000201eab0
slave pre done
now n is 70214
processed 70214
[M::mem_process_seqs_merge2] Processed 70214 reads in 0.130 CPU sec, 1.770 real sec
step2 put 0x500002755800
step2 get 0x50000201eab0
slave pre done
now n is 69225
slave pre done
now n is 70214
[M::mem_process_seqs_merge2] CPE FASTQ formatting done
processed 69225
[M::mem_process_seqs_merge2] Processed 69225 reads in 0.050 CPU sec, 0.810 real sec
step2 put 0x500002755850
step2 get 0x500002755800
processed 70214
[M::mem_process_seqs_merge2] Processed 70214 reads in 0.080 CPU sec, 0.840 real sec
step2 put 0x500002755800
step2 get 0x50000201eab0
slave pre done
now n is 70214
processed 70214
[M::mem_process_seqs_merge2] Processed 70214 reads in 0.110 CPU sec, 1.020 real sec
step2 put 0x500002755800
step2 get 0x50000201eab0
[DBG stage1] slow fread: R1 offset=1571885304 requested=19660800 read=19660800 elapsed=1.839 s
step1 0x500002755940
[M::process] read chunk (19660800 bytes/CG x 1 CGs, 19660800 bytes)...
[DBG stage1] slow fread: R1 offset=982541864 requested=19660800 read=19660800 elapsed=1.414 s
step1 0x500002755940
[M::process] read chunk (19660800 bytes/CG x 1 CGs, 19660800 bytes)...
[DBG stage1] slow fread: R1 offset=2750572184 requested=19660800 read=19660800 elapsed=1.804 s
step1 0x500002755940
[M::process] read chunk (19660800 bytes/CG x 1 CGs, 19660800 bytes)...
slave pre done
now n is 70214
processed 70214
[M::mem_process_seqs_merge2] Processed 70214 reads in 0.040 CPU sec, 0.960 real sec
step2 put 0x50000201eab0
step2 get 0x50000201ea60
[DBG stage1] slow fread: R1 offset=373539624 requested=19660800 read=19660800 elapsed=1.361 s
step1 0x5000027558f0
[M::process] read chunk (19660800 bytes/CG x 1 CGs, 19660800 bytes)...
[DBG stage1] slow fread: R1 offset=3359575044 requested=19660800 read=19660800 elapsed=1.752 s
step1 0x500002755940
[M::process] read chunk (19660800 bytes/CG x 1 CGs, 19660800 bytes)...
[DBG stage1] slow fread: R1 offset=2161228744 requested=19660800 read=19660800 elapsed=1.322 s
step1 0x500002755940
[M::process] read chunk (19660800 bytes/CG x 1 CGs, 19660800 bytes)...
[DBG stage1] slow fread: R1 offset=1591545224 requested=19660800 read=19660800 elapsed=1.277 s
step1 0x5000027558f0
[M::process] read chunk (19660800 bytes/CG x 1 CGs, 19660800 bytes)...
[DBG stage1] slow fread: R1 offset=1002201784 requested=19660800 read=19660800 elapsed=1.271 s
step1 0x5000027558f0
[M::process] read chunk (19660800 bytes/CG x 1 CGs, 19660800 bytes)...
[DBG stage1] slow fread: R1 offset=2770232104 requested=19660800 read=19660800 elapsed=1.229 s
step1 0x5000027558f0
[M::process] read chunk (19660800 bytes/CG x 1 CGs, 19660800 bytes)...
[DBG stage1] slow fread: R1 offset=393199544 requested=19660800 read=19660800 elapsed=1.149 s
step1 0x5000027558a0
[M::process] read chunk (19660800 bytes/CG x 1 CGs, 19660800 bytes)...
[DBG stage1] slow fread: R1 offset=3379234944 requested=19660800 read=19660800 elapsed=1.160 s
step1 0x5000027558f0
[DBG stage1] slow fread: R1 offset=2180888664 requested=19660800 read=19660800 elapsed=1.166 s
step1 0x5000027558f0
[M::process] read chunk (19660800 bytes/CG x 1 CGs, 19660800 bytes)...
step1 0x5000027558a0
step1 0x5000027558a0
[DBG stage1] slow fread: R1 offset=1021861704 requested=19660800 read=19660800 elapsed=1.066 s
step1 0x5000027558a0
step1 0x500002755850
step1 0x5000027558a0
step3 0x50000201d8e0
[M::mem_process_seqs_merge2] CPE FASTQ formatting done
step3 0x50000201d8e0
step3 0x500002755990
[M::mem_process_seqs_merge2] CPE FASTQ formatting done
step3 0x50000201d8e0
step3 0x500002755850
step3 0x500002755990
[M::mem_process_seqs_merge2] CPE FASTQ formatting done
step3 0x500002755990
step3 0x50000201d8e0
[M::mem_process_seqs_merge2] CPE FASTQ formatting done
step3 0x50000201d8e0
step3 0x500002755850
step3 0x50000201d8e0
[M::mem_process_seqs_merge2] CPE FASTQ formatting done
step3 0x500002755850
[M::mem_process_seqs_merge2] CPE FASTQ formatting done
step3 0x500002755990
step3 0x500002755990
step3 0x500002755990
step3 0x500002755850
step3 0x5000027558a0
step3 0x500002755800
slave pre done
now n is 70214
slave pre done
now n is 69225
processed 70214
[M::mem_process_seqs_merge2] Processed 70214 reads in 0.260 CPU sec, 0.900 real sec
step2 put 0x50000201eab0
step2 get 0x50000201ea60
[M::process] read chunk (19660800 bytes/CG x 1 CGs, 19660800 bytes)...
slave pre done
now n is 70214
processed 69225
[M::mem_process_seqs_merge2] Processed 69225 reads in 0.300 CPU sec, 0.730 real sec
step2 put 0x500002755800
step2 get 0x50000201eab0
[M::mem_process_seqs_merge2] CPE FASTQ formatting done
[M::process] read chunk (19660800 bytes/CG x 1 CGs, 19660800 bytes)...
processed 70214
[M::mem_process_seqs_merge2] Processed 70214 reads in 0.340 CPU sec, 1.040 real sec
step2 put 0x50000201eab0
step2 get 0x50000201ea60
[M::mem_process_seqs_merge2] CPE FASTQ formatting done
[M::process] read chunk (19660800 bytes/CG x 1 CGs, 19660800 bytes)...
[M::mem_process_seqs_merge2] CPE FASTQ formatting done
slave pre done
now n is 70214
processed 70214
[M::mem_process_seqs_merge2] Processed 70214 reads in 0.270 CPU sec, 0.810 real sec
step2 put 0x50000201ea60
step2 get 0x500002755940
[M::process] read chunk (19660800 bytes/CG x 1 CGs, 19660800 bytes)...
slave pre done
now n is 70214
[M::mem_process_seqs_merge2] CPE FASTQ formatting done
processed 70214
[M::mem_process_seqs_merge2] Processed 70214 reads in 0.260 CPU sec, 1.000 real sec
step2 put 0x50000201eab0
step2 get 0x50000201ea60
[M::process] read chunk (19660800 bytes/CG x 1 CGs, 19660800 bytes)...
[M::mem_process_seqs_merge2] CPE FASTQ formatting done
slave pre done
now n is 70214
processed 70214
[M::mem_process_seqs_merge2] Processed 70214 reads in 0.420 CPU sec, 1.390 real sec
step2 put 0x50000201eab0
step2 get 0x50000201ea60
[M::process] read chunk (19660800 bytes/CG x 1 CGs, 19660800 bytes)...
[M::mem_process_seqs_merge2] CPE FASTQ formatting done
slave pre done
now n is 69225
processed 69225
[M::mem_process_seqs_merge2] Processed 69225 reads in 0.040 CPU sec, 0.690 real sec
step2 put 0x50000201eab0
step2 get 0x50000201ea60
[M::mem_process_seqs_merge2] CPE FASTQ formatting done
slave pre done
now n is 70214
processed 70214
[M::mem_process_seqs_merge2] Processed 70214 reads in 0.050 CPU sec, 0.850 real sec
step2 put 0x500002755940
step2 get 0x5000027558f0
slave pre done
now n is 70214
slave pre done
now n is 70214
[M::mem_process_seqs_merge2] CPE FASTQ formatting done
processed 70214
[M::mem_process_seqs_merge2] Processed 70214 reads in 0.070 CPU sec, 1.010 real sec
step2 put 0x50000201ea60
step2 get 0x500002755940
processed 70214
[M::mem_process_seqs_merge2] Processed 70214 reads in 0.090 CPU sec, 0.980 real sec
step2 put 0x50000201ea60
step2 get 0x500002755940
[M::mem_process_seqs_merge2] CPE FASTQ formatting done
[M::mem_process_seqs_merge2] CPE FASTQ formatting done
slave pre done
now n is 70214
slave pre done
now n is 70214
processed 70214
[M::mem_process_seqs_merge2] Processed 70214 reads in 0.100 CPU sec, 1.200 real sec
step2 put 0x50000201ea60
step2 get 0x500002755940
[M::mem_process_seqs_merge2] CPE FASTQ formatting done
processed 70214
[M::mem_process_seqs_merge2] Processed 70214 reads in 0.050 CPU sec, 0.720 real sec
step2 put 0x50000201ea60
step2 get 0x500002755940
[M::mem_process_seqs_merge2] CPE FASTQ formatting done
slave pre done
now n is 69225
processed 69225
[M::mem_process_seqs_merge2] Processed 69225 reads in 0.090 CPU sec, 0.770 real sec
step2 put 0x50000201ea60
step2 get 0x500002755940
slave pre done
now n is 70214
processed 70214
[M::mem_process_seqs_merge2] Processed 70214 reads in 0.090 CPU sec, 0.760 real sec
step2 put 0x500002755940
step2 get 0x5000027558f0
[DBG stage1] slow fread: R1 offset=432519384 requested=19660800 read=19660800 elapsed=1.687 s
step1 0x500002755990
[M::process] read chunk (19660800 bytes/CG x 1 CGs, 19660800 bytes)...
slave pre done
now n is 70214
processed 70214
[M::mem_process_seqs_merge2] Processed 70214 reads in 0.070 CPU sec, 0.880 real sec
step2 put 0x5000027558f0
step2 get 0x5000027558a0
[DBG stage1] slow fread: R1 offset=1630865064 requested=19660800 read=19660800 elapsed=1.951 s
step1 0x500002755990
[M::process] read chunk (19660800 bytes/CG x 1 CGs, 19660800 bytes)...
[DBG stage1] slow fread: R1 offset=3398894844 requested=19660800 read=19660800 elapsed=1.977 s
step1 0x500002755990
[M::process] read chunk (19660800 bytes/CG x 1 CGs, 19660800 bytes)...
[DBG stage1] slow fread: R1 offset=2809551960 requested=19660800 read=19660800 elapsed=1.969 s
step1 0x500002755990
[M::process] read chunk (19660800 bytes/CG x 1 CGs, 19660800 bytes)...
slave pre done
now n is 70214
processed 70214
[M::mem_process_seqs_merge2] Processed 70214 reads in 0.080 CPU sec, 1.030 real sec
step2 put 0x500002755940
step2 get 0x5000027558f0
slave pre done
now n is 70214
processed 70214
[M::mem_process_seqs_merge2] Processed 70214 reads in 0.030 CPU sec, 0.730 real sec
step2 put 0x500002755940
step2 get 0x5000027558f0
slave pre done
now n is 70214
[DBG stage1] slow fread: R1 offset=1041521624 requested=19660800 read=19660800 elapsed=1.936 s
step1 0x500002755990
[M::process] read chunk (19660800 bytes/CG x 1 CGs, 19660800 bytes)...
processed 70214
[M::mem_process_seqs_merge2] Processed 70214 reads in 0.110 CPU sec, 0.770 real sec
step2 put 0x500002755940
step2 get 0x5000027558f0
[DBG stage1] slow fread: R1 offset=2220208504 requested=19660800 read=19660800 elapsed=1.712 s
step1 0x500002755990
[M::process] read chunk (19660800 bytes/CG x 1 CGs, 19660800 bytes)...
step1 0x50000201d8e0
[M::process] read chunk (19660800 bytes/CG x 1 CGs, 19660800 bytes)...
[DBG stage1] slow fread: R1 offset=452179304 requested=19660800 read=19660800 elapsed=1.122 s
step1 0x50000201d8e0
[M::process] read chunk (19660800 bytes/CG x 1 CGs, 19660800 bytes)...
step1 0x50000201d8e0
[M::process] read chunk (19660800 bytes/CG x 1 CGs, 19660800 bytes)...
[DBG stage1] slow fread: R1 offset=1650524984 requested=19660800 read=19660800 elapsed=1.096 s
step1 0x50000201d8e0
[M::process] read chunk (19660800 bytes/CG x 1 CGs, 19660800 bytes)...
[DBG stage1] slow fread: R1 offset=2829211860 requested=19660800 read=19660800 elapsed=1.095 s
step1 0x50000201d8e0
[M::process] read chunk (19660800 bytes/CG x 1 CGs, 19660800 bytes)...
step1 0x50000201d8e0
[M::process] read chunk (19660800 bytes/CG x 1 CGs, 19660800 bytes)...
step1 0x50000201d930
[DBG stage1] slow fread: R1 offset=3438214644 requested=19660800 read=19660800 elapsed=1.045 s
step1 0x50000201d930
step1 0x50000201d930
[DBG stage1] slow fread: R1 offset=471839224 requested=19660800 read=19660800 elapsed=1.032 s
step1 0x50000201d930
[DBG stage1] slow fread: R1 offset=1080841464 requested=19660800 read=19660800 elapsed=1.021 s
step1 0x50000201d930
step1 0x50000201d930
step3 0x500002755800
[M::mem_process_seqs_merge2] CPE FASTQ formatting done
step3 0x50000201eab0
step3 0x500002755800
[M::mem_process_seqs_merge2] CPE FASTQ formatting done
step3 0x500002755800
step3 0x500002755800
step3 0x50000201ea60
[M::mem_process_seqs_merge2] CPE FASTQ formatting done
step3 0x500002755850
step3 0x50000201eab0
[M::mem_process_seqs_merge2] CPE FASTQ formatting done
[M::mem_process_seqs_merge2] CPE FASTQ formatting done
step3 0x50000201eab0
step3 0x50000201eab0
step3 0x50000201eab0
[M::mem_process_seqs_merge2] CPE FASTQ formatting done
step3 0x500002755800
step3 0x50000201ea60
step3 0x50000201ea60
step3 0x50000201ea60
step3 0x50000201eab0
step3 0x50000201ea60
step3 0x50000201ea60
step3 0x500002755940
slave pre done
now n is 70214
processed 70214
[M::mem_process_seqs_merge2] Processed 70214 reads in 0.290 CPU sec, 0.710 real sec
step2 put 0x5000027558f0
step2 get 0x5000027558a0
[M::process] read chunk (19660800 bytes/CG x 1 CGs, 19660800 bytes)...
[M::mem_process_seqs_merge2] CPE FASTQ formatting done
slave pre done
now n is 69225
processed 69225
[M::mem_process_seqs_merge2] Processed 69225 reads in 0.310 CPU sec, 0.720 real sec
step2 put 0x500002755940
step2 get 0x5000027558f0
[M::process] read chunk (19660800 bytes/CG x 1 CGs, 19660800 bytes)...
[M::mem_process_seqs_merge2] CPE FASTQ formatting done
slave pre done
now n is 70214
processed 70214
[M::mem_process_seqs_merge2] Processed 70214 reads in 0.300 CPU sec, 0.830 real sec
step2 put 0x5000027558f0
step2 get 0x5000027558a0
[M::process] read chunk (19660800 bytes/CG x 1 CGs, 19660800 bytes)...
[M::mem_process_seqs_merge2] CPE FASTQ formatting done
slave pre done
now n is 70214
slave pre done
now n is 70214
processed 70214
[M::mem_process_seqs_merge2] Processed 70214 reads in 0.290 CPU sec, 1.000 real sec
step2 put 0x5000027558f0
step2 get 0x5000027558a0
processed 70214
[M::mem_process_seqs_merge2] Processed 70214 reads in 0.280 CPU sec, 0.900 real sec
step2 put 0x5000027558a0
step2 get 0x500002755850
[M::process] read chunk (19660800 bytes/CG x 1 CGs, 19660800 bytes)...
[M::process] read chunk (19660800 bytes/CG x 1 CGs, 19660800 bytes)...
[M::mem_process_seqs_merge2] CPE FASTQ formatting done
[M::mem_process_seqs_merge2] CPE FASTQ formatting done
slave pre done
now n is 69510
processed 69510
[M::mem_process_seqs_merge2] Processed 69510 reads in 0.100 CPU sec, 0.640 real sec
step2 put 0x5000027558a0
step2 get 0x500002755990
[M::mem_process_seqs_merge2] CPE FASTQ formatting done
slave pre done
now n is 69225
processed 69225
[M::mem_process_seqs_merge2] Processed 69225 reads in 0.100 CPU sec, 0.660 real sec
step2 put 0x5000027558f0
step2 get 0x500002755990
[M::mem_process_seqs_merge2] CPE FASTQ formatting done
slave pre done
now n is 70214
processed 70214
[M::mem_process_seqs_merge2] Processed 70214 reads in 0.120 CPU sec, 0.780 real sec
step2 put 0x5000027558a0
step2 get 0x500002755990
[M::mem_process_seqs_merge2] CPE FASTQ formatting done
slave pre done
now n is 70214
processed 70214
[M::mem_process_seqs_merge2] Processed 70214 reads in 0.040 CPU sec, 0.890 real sec
step2 put 0x500002755850
step2 get 0x500002755990
[M::mem_process_seqs_merge2] CPE FASTQ formatting done
slave pre done
now n is 70214
processed 70214
[M::mem_process_seqs_merge2] Processed 70214 reads in 0.410 CPU sec, 2.000 real sec
step2 put 0x5000027558f0
step2 get 0x5000027558a0
[M::process] read chunk (19660800 bytes/CG x 1 CGs, 19660800 bytes)...
slave pre done
now n is 70214
[M::mem_process_seqs_merge2] CPE FASTQ formatting done
processed 70214
[M::mem_process_seqs_merge2] Processed 70214 reads in 0.110 CPU sec, 0.980 real sec
step2 put 0x5000027558a0
step2 get 0x500002755990
[M::mem_process_seqs_merge2] CPE FASTQ formatting done
slave pre done
now n is 69225
processed 69225
[M::mem_process_seqs_merge2] Processed 69225 reads in 0.100 CPU sec, 0.860 real sec
step2 put 0x500002755990
step2 get 0x50000201d8e0
slave pre done
now n is 69225
processed 69225
[M::mem_process_seqs_merge2] Processed 69225 reads in 0.120 CPU sec, 0.750 real sec
step2 put 0x500002755990
step2 get 0x50000201d8e0
[M::mem_process_seqs_merge2] CPE FASTQ formatting done
[DBG stage1] slow fread: R1 offset=2868531660 requested=19660800 read=19660800 elapsed=1.689 s
step1 0x50000201eab0
[M::process] read chunk (19660800 bytes/CG x 1 CGs, 19660800 bytes)...
slave pre done
now n is 70214
processed 70214
[M::mem_process_seqs_merge2] Processed 70214 reads in 0.090 CPU sec, 0.860 real sec
step2 put 0x500002755990
step2 get 0x50000201d8e0
[DBG stage1] slow fread: R1 offset=491499144 requested=19660800 read=19660800 elapsed=1.573 s
step1 0x50000201ea60
[M::process] read chunk (19660800 bytes/CG x 1 CGs, 19660800 bytes)...
slave pre done
now n is 70214
processed 70214
[M::mem_process_seqs_merge2] Processed 70214 reads in 0.080 CPU sec, 0.770 real sec
step2 put 0x500002755990
step2 get 0x50000201d8e0
[DBG stage1] slow fread: R1 offset=3457874544 requested=19660800 read=19660800 elapsed=1.884 s
step1 0x50000201eab0
[M::process] read chunk (19660800 bytes/CG x 1 CGs, 19660800 bytes)...
slave pre done
now n is 70214
[DBG stage1] slow fread: R1 offset=2279188264 requested=19660800 read=19660800 elapsed=1.890 s
step1 0x50000201eab0
[M::process] read chunk (19660800 bytes/CG x 1 CGs, 19660800 bytes)...
processed 70214
[M::mem_process_seqs_merge2] Processed 70214 reads in 0.130 CPU sec, 0.810 real sec
step2 put 0x500002755990
step2 get 0x50000201d8e0
slave pre done
now n is 69225
slave pre done
now n is 70214
processed 69225
[M::mem_process_seqs_merge2] Processed 69225 reads in 0.060 CPU sec, 0.690 real sec
step2 put 0x50000201d8e0
step2 get 0x50000201d930
processed 70214
[M::mem_process_seqs_merge2] Processed 70214 reads in 0.030 CPU sec, 0.930 real sec
step2 put 0x5000027558a0
step2 get 0x500002755990
[DBG stage1] slow fread: R1 offset=1100501384 requested=19660800 read=19660800 elapsed=1.882 s
step1 0x50000201eab0
[M::process] read chunk (19660800 bytes/CG x 1 CGs, 19660800 bytes)...
[M::mem_process_seqs_merge2] CPE FASTQ formatting done
[DBG stage1] slow fread: R1 offset=1689844824 requested=19660800 read=19660800 elapsed=1.668 s
step1 0x50000201eab0
[M::process] read chunk (19660800 bytes/CG x 1 CGs, 19660800 bytes)...
slave pre done
now n is 70214
processed 70214
[M::mem_process_seqs_merge2] Processed 70214 reads in 0.070 CPU sec, 0.830 real sec
step2 put 0x500002755990
step2 get 0x50000201d8e0
[DBG stage1] slow fread: R1 offset=2888191560 requested=19660800 read=19660800 elapsed=1.529 s
step1 0x500002755800
[M::process] read chunk (19660800 bytes/CG x 1 CGs, 19660800 bytes)...
[DBG stage1] slow fread: R1 offset=3477534444 requested=19660800 read=19660800 elapsed=1.124 s
step1 0x500002755800
[M::process] read chunk (19660800 bytes/CG x 1 CGs, 19660800 bytes)...
[DBG stage1] slow fread: R1 offset=2298848184 requested=19660800 read=19660800 elapsed=1.080 s
step1 0x500002755800
[M::process] read chunk (19660800 bytes/CG x 1 CGs, 19660800 bytes)...
[DBG stage1] slow fread: R1 offset=1120161304 requested=19660800 read=19660800 elapsed=1.045 s
step1 0x500002755800
[M::process] read chunk (19660800 bytes/CG x 1 CGs, 19660800 bytes)...
[DBG stage1] slow fread: R1 offset=511159064 requested=19660800 read=19660800 elapsed=1.371 s
step1 0x50000201eab0
[M::process] read chunk (19660800 bytes/CG x 1 CGs, 19660800 bytes)...
step1 0x500002755850
[DBG stage1] slow fread: R1 offset=1709504744 requested=19660800 read=19660800 elapsed=1.128 s
step1 0x500002755800
[M::process] read chunk (19660800 bytes/CG x 1 CGs, 19660800 bytes)...
[DBG stage1] slow fread: R1 offset=3497194344 requested=19660800 read=19660800 elapsed=1.086 s
step1 0x500002755850
[M::process] read chunk (19660800 bytes/CG x 1 CGs, 19206068 bytes)...
[DBG stage1] slow fread: R1 offset=2318508104 requested=19660800 read=19660800 elapsed=1.077 s
step1 0x500002755850
[DBG stage1] slow fread: R1 offset=1139821224 requested=19660800 read=19660800 elapsed=1.061 s
step1 0x500002755850
[DBG stage1] slow fread: R1 offset=530818984 requested=19660800 read=19660800 elapsed=1.052 s
step1 0x500002755800
step1 0x500002755850
step1 0x5000027558a0
step3 0x500002755940
[M::mem_process_seqs_merge2] CPE FASTQ formatting done
step3 0x5000027558f0
step3 0x500002755940
step3 0x500002755940
step3 0x5000027558a0
[M::mem_process_seqs_merge2] CPE FASTQ formatting done
step3 0x500002755940
[M::mem_process_seqs_merge2] CPE FASTQ formatting done
[M::mem_process_seqs_merge2] CPE FASTQ formatting done
step3 0x5000027558f0
step3 0x5000027558f0
step3 0x500002755940
step3 0x5000027558f0
[M::mem_process_seqs_merge2] CPE FASTQ formatting done
step3 0x5000027558a0
step3 0x5000027558a0
step3 0x5000027558f0
step3 0x5000027558f0
step3 0x5000027558a0
[M::mem_process_seqs_merge2] CPE FASTQ formatting done
step3 0x500002755990
step3 0x500002755990
step3 0x500002755990
step3 0x5000027558a0
step3 0x500002755850
slave pre done
now n is 69225
processed 69225
[M::mem_process_seqs_merge2] Processed 69225 reads in 0.340 CPU sec, 0.901 real sec
step2 put 0x50000201d8e0
step2 get 0x50000201d930
[M::process] read chunk (19660800 bytes/CG x 1 CGs, 19205784 bytes)...
[M::mem_process_seqs_merge2] CPE FASTQ formatting done
slave pre done
now n is 70214
processed 70214
[M::mem_process_seqs_merge2] Processed 70214 reads in 0.340 CPU sec, 0.710 real sec
step2 put 0x50000201d8e0
step2 get 0x50000201d930
slave pre done
now n is 70214
[M::process] read chunk (19660800 bytes/CG x 1 CGs, 19205760 bytes)...
[M::mem_process_seqs_merge2] CPE FASTQ formatting done
processed 70214
[M::mem_process_seqs_merge2] Processed 70214 reads in 0.310 CPU sec, 0.791 real sec
step2 put 0x50000201d8e0
step2 get 0x50000201d930
[M::process] read chunk (19660800 bytes/CG x 1 CGs, 19205760 bytes)...
[M::mem_process_seqs_merge2] CPE FASTQ formatting done
slave pre done
now n is 70214
processed 70214
[M::mem_process_seqs_merge2] Processed 70214 reads in 0.600 CPU sec, 0.900 real sec
step2 put 0x50000201d8e0
step2 get 0x50000201d930
[M::process] read chunk (19660800 bytes/CG x 1 CGs, 19205760 bytes)...
[M::mem_process_seqs_merge2] CPE FASTQ formatting done
slave pre done
now n is 69225
processed 69225
[M::mem_process_seqs_merge2] Processed 69225 reads in 0.250 CPU sec, 0.800 real sec
step2 put 0x50000201d930
step2 get 0x50000201eab0
[M::mem_process_seqs_merge2] CPE FASTQ formatting done
slave pre done
now n is 70214
processed 70214
[M::mem_process_seqs_merge2] Processed 70214 reads in 0.260 CPU sec, 0.780 real sec
step2 put 0x50000201d8e0
step2 get 0x50000201d930
[M::process] read chunk (19660800 bytes/CG x 1 CGs, 19660800 bytes)...
[M::mem_process_seqs_merge2] CPE FASTQ formatting done
slave pre done
now n is 69225
processed 69225
[M::mem_process_seqs_merge2] Processed 69225 reads in 0.050 CPU sec, 0.738 real sec
step2 put 0x50000201d930
step2 get 0x50000201eab0
[M::mem_process_seqs_merge2] CPE FASTQ formatting done
slave pre done
now n is 70214
processed 70214
[M::mem_process_seqs_merge2] Processed 70214 reads in 0.100 CPU sec, 0.810 real sec
step2 put 0x50000201d930
step2 get 0x50000201eab0
[M::mem_process_seqs_merge2] CPE FASTQ formatting done
slave pre done
now n is 70214
processed 70214
[M::mem_process_seqs_merge2] Processed 70214 reads in 0.120 CPU sec, 0.898 real sec
step2 put 0x50000201d930
step2 get 0x50000201eab0
[M::mem_process_seqs_merge2] CPE FASTQ formatting done
slave pre done
now n is 69225
processed 69225
[M::mem_process_seqs_merge2] Processed 69225 reads in 0.050 CPU sec, 0.780 real sec
step2 put 0x50000201eab0
step2 get 0x500002755800
[M::mem_process_seqs_merge2] CPE FASTQ formatting done
slave pre done
now n is 70214
slave pre done
now n is 70214
processed 70214
[M::mem_process_seqs_merge2] Processed 70214 reads in 0.060 CPU sec, 0.750 real sec
step2 put 0x50000201d930
step2 get 0x50000201ea60
processed 70214
[M::mem_process_seqs_merge2] Processed 70214 reads in 0.560 CPU sec, 0.899 real sec
step2 put 0x50000201d930
step2 get 0x50000201eab0
[M::mem_process_seqs_merge2] CPE FASTQ formatting done
[M::mem_process_seqs_merge2] CPE FASTQ formatting done
slave pre done
now n is 69225
processed 69225
[M::mem_process_seqs_merge2] Processed 69225 reads in 0.080 CPU sec, 0.740 real sec
step2 put 0x50000201eab0
step2 get 0x500002755800
slave pre done
now n is 70214
processed 70214
[M::mem_process_seqs_merge2] Processed 70214 reads in 0.100 CPU sec, 0.840 real sec
step2 put 0x50000201eab0
step2 get 0x500002755800
[M::mem_process_seqs_merge2] CPE FASTQ formatting done
[DBG stage1] slow fread: R1 offset=2927511360 requested=19205784 read=19205784 elapsed=1.729 s
step1 0x5000027558f0
slave pre done
now n is 69225
processed 69225
[M::mem_process_seqs_merge2] Processed 69225 reads in 0.050 CPU sec, 0.730 real sec
step2 put 0x500002755800
step2 get 0x500002755850
slave pre done
now n is 70214
processed 70214
[M::mem_process_seqs_merge2] Processed 70214 reads in 0.440 CPU sec, 0.710 real sec
step2 put 0x50000201eab0
step2 get 0x500002755800
slave pre done
now n is 70214
processed 70214
[M::mem_process_seqs_merge2] Processed 70214 reads in 0.090 CPU sec, 0.840 real sec
step2 put 0x50000201eab0
step2 get 0x500002755800
[M::mem_process_seqs_merge2] CPE FASTQ formatting done
[DBG stage1] slow fread: R1 offset=550478904 requested=19660800 read=19660800 elapsed=1.528 s
step1 0x5000027558a0
[M::process] read chunk (19660800 bytes/CG x 1 CGs, 19204640 bytes)...
[DBG stage1] slow fread: R1 offset=2338168024 requested=19205760 read=19205760 elapsed=1.847 s
step1 0x5000027558a0
[DBG stage1] slow fread: R1 offset=1748824584 requested=19205760 read=19205760 elapsed=1.718 s
step1 0x5000027558a0
[DBG stage1] slow fread: R1 offset=1159481144 requested=19205760 read=19205760 elapsed=1.865 s
step1 0x5000027558f0
slave pre done
now n is 70214
processed 70214
[M::mem_process_seqs_merge2] Processed 70214 reads in 0.130 CPU sec, 0.910 real sec
step2 put 0x50000201ea60
step2 get 0x50000201eab0
step1 0x5000027558f0
slave pre done
now n is 70214
processed 70214
[M::mem_process_seqs_merge2] Processed 70214 reads in 0.090 CPU sec, 0.830 real sec
step2 put 0x500002755800
step2 get 0x500002755850
slave pre done
now n is 70214
processed 70214
[M::mem_process_seqs_merge2] Processed 70214 reads in 0.350 CPU sec, 0.810 real sec
step2 put 0x500002755800
step2 get 0x500002755850
step3 0x500002755990
[M::mem_process_seqs_merge2] CPE FASTQ formatting done
step3 0x50000201d8e0
step3 0x50000201d930
step3 0x500002755990
[M::mem_process_seqs_merge2] CPE FASTQ formatting done
step3 0x50000201eab0
step3 0x50000201d8e0
step3 0x50000201d8e0
[M::mem_process_seqs_merge2] CPE FASTQ formatting done
step3 0x50000201d930
step3 0x50000201d8e0
step3 0x50000201d930
[M::mem_process_seqs_merge2] CPE FASTQ formatting done
step3 0x50000201d8e0
[M::mem_process_seqs_merge2] CPE FASTQ formatting done
step3 0x500002755990
step3 0x50000201eab0
[M::mem_process_seqs_merge2] CPE FASTQ formatting done
step3 0x50000201d930
step3 0x50000201eab0
step3 0x50000201d930
slave pre done
now n is 69225
processed 69225
[M::mem_process_seqs_merge2] Processed 69225 reads in 0.310 CPU sec, 0.660 real sec
step2 put 0x500002755800
step2 get 0x500002755850
[M::mem_process_seqs_merge2] CPE FASTQ formatting done
step3 0x50000201eab0
step3 0x50000201eab0
step3 0x50000201d8e0
step3 0x50000201d930
step3 0x50000201ea60
slave pre done
now n is 70214
processed 70214
[M::mem_process_seqs_merge2] Processed 70214 reads in 0.350 CPU sec, 0.890 real sec
step2 put 0x500002755800
step2 get 0x500002755850
[M::mem_process_seqs_merge2] CPE FASTQ formatting done
slave pre done
now n is 70214
processed 70214
[M::mem_process_seqs_merge2] Processed 70214 reads in 0.290 CPU sec, 0.780 real sec
step2 put 0x500002755850
step2 get 0x5000027558a0
[M::mem_process_seqs_merge2] CPE FASTQ formatting done
slave pre done
now n is 69225
processed 69225
[M::mem_process_seqs_merge2] Processed 69225 reads in 0.060 CPU sec, 0.640 real sec
step2 put 0x500002755850
step2 get 0x5000027558f0
[M::mem_process_seqs_merge2] CPE FASTQ formatting done
slave pre done
now n is 69225
processed 69225
[M::mem_process_seqs_merge2] Processed 69225 reads in 0.290 CPU sec, 0.850 real sec
step2 put 0x500002755850
step2 get 0x5000027558a0
slave pre done
now n is 70214
[M::mem_process_seqs_merge2] CPE FASTQ formatting done
processed 70214
[M::mem_process_seqs_merge2] Processed 70214 reads in 0.380 CPU sec, 0.990 real sec
step2 put 0x500002755850
step2 get 0x5000027558a0
[M::mem_process_seqs_merge2] CPE FASTQ formatting done
slave pre done
now n is 70214
processed 70214
[M::mem_process_seqs_merge2] Processed 70214 reads in 0.330 CPU sec, 0.930 real sec
step2 put 0x50000201eab0
step2 get 0x500002755800
[M::mem_process_seqs_merge2] CPE FASTQ formatting done
slave pre done
now n is 70214
processed 70214
[M::mem_process_seqs_merge2] Processed 70214 reads in 0.110 CPU sec, 0.840 real sec
step2 put 0x500002755850
step2 get 0x5000027558f0
[M::mem_process_seqs_merge2] CPE FASTQ formatting done
slave pre done
now n is 67626
processed 67626
[M::mem_process_seqs_merge2] Processed 67626 reads in 0.080 CPU sec, 0.710 real sec
step2 put 0x5000027558f0
slave pre done
now n is 68592
processed 68592
[M::mem_process_seqs_merge2] Processed 68592 reads in 0.030 CPU sec, 0.860 real sec
step2 put 0x5000027558a0
slave pre done
now n is 67627
processed 67627
[M::mem_process_seqs_merge2] Processed 67627 reads in 0.050 CPU sec, 0.860 real sec
step2 put 0x5000027558a0
slave pre done
now n is 68592
processed 68592
[M::mem_process_seqs_merge2] Processed 68592 reads in 0.130 CPU sec, 0.920 real sec
step2 put 0x5000027558f0
slave pre done
now n is 68592
processed 68592
[M::mem_process_seqs_merge2] Processed 68592 reads in 0.280 CPU sec, 1.550 real sec
step2 put 0x5000027558a0
slave pre done
now n is 70214
processed 70214
[M::mem_process_seqs_merge2] Processed 70214 reads in 0.170 CPU sec, 2.160 real sec
step2 put 0x500002755800
step2 get 0x5000027558a0
[M::mem_process_seqs_merge2] CPE FASTQ formatting done
slave pre done
now n is 70214
processed 70214
[M::mem_process_seqs_merge2] Processed 70214 reads in 0.070 CPU sec, 0.820 real sec
step2 put 0x5000027558a0
step2 get 0x5000027558f0
[M::mem_process_seqs_merge2] CPE FASTQ formatting done
step3 0x500002755800
slave pre done
now n is 68588
processed 68588
[M::mem_process_seqs_merge2] Processed 68588 reads in 0.050 CPU sec, 0.870 real sec
step2 put 0x5000027558f0
step3 0x500002755850
step3 0x5000027558f0
step3 0x500002755800
step3 0x500002755850
step3 0x500002755800
step3 0x5000027558f0
step3 0x500002755850
step3 0x500002755800
step3 0x500002755800
step3 0x5000027558a0
step3 0x500002755850
step3 0x500002755850
step3 0x5000027558a0
step3 0x5000027558a0
step3 0x50000201eab0
step3 0x500002755800
step3 0x5000027558a0
step3 0x5000027558f0

====================== SWBWA Output Debug =====================
  MPI rank: 000000 / 000006
  mode:     MPI split
  path:     correctness_results/bigdata_mpi_lwpf_off_20260823/mpi_static_split/no1/SRR2496709_SE.rank000000.sam

  Output volume
    output buffer capacity                           67108864
    swbwa_output_write calls                         2120671
    submitted SAM bytes                            637607086
    buffered flushes                                      10
    buffered flush bytes                           637607086
    direct oversized writes                                0
    direct oversized bytes                                 0

  Buffering
    buffered flush total                        56.628149 s  (10 calls, 5662814.893 us/call)

  POSIX file writes
    write system calls                                     10
    write system-call bytes                         637607086
    POSIX write system calls                    56.628123 s  (10 calls, 5662812.273 us/call)
    POSIX write effective bandwidth                10.738 MiB/s

  Output close timing
    POSIX close                                  0.000338 s  (1 calls,   337.501 us/call)
================================================================


================ SWBWA CPE/MPI Progress Debug ================
  MPI rank: 000000 / 000006

    phase                      waits     probes   total(s)    avg(us)    max(s)   >=1ms   >=10ms   >=100ms    >=1s  completed
    FASTQ formatting              30         32      0.001     18.361     0.000       0        0         0       0          0
    alignment and SAM length      30       2555      0.080     31.283     0.001       1        0         0       0          0
    SAM record generation         30         60      0.004     59.957     0.000       0        0         0       0          0
    all CPE phases                90       2647      0.084     31.777     0.001       1        0         0       0          0

  Probes marked 'completed' returned with the CPE completion
  flag set. Their full call duration bounds the possible delay.
    completion-observing probe total               0.000000 s
    slowest completion-observing probe             0.000000 s
==============================================================


======================= SWBWA Timing Report =======================
  MPI rank: 000000 / 000006
  Accumulated wall-clock time; indented rows are included in
  their parent row and must not be added to it.

  Pipeline
    total - complete three-stage pipeline                    65.630 s
    stage 1 - allocate and read raw FASTQ blocks             39.225 s
    stage 2 - align reads and generate SAM records           27.733 s
    stage 3 - write SAM and release batch data               59.763 s
      SAM output writes                                        58.544 s
      batch cleanup and loop overhead (derived)                 1.220 s

  Stage 1 input details
    batches completed / stage calls                      30 / 31
    input-buffer and batch allocations                        0.000 s  (61 calls, max 0.000 s)
    aggregate requested allocation bytes            589400544
    FASTQ fseeko calls                                        0.000 s  (30 calls, max 0.000 s)
    FASTQ fread calls                                        39.217 s  (30 calls, max 2.058 s)
    align chunk ends to FASTQ record boundaries               0.000 s  (29 calls, max 0.000 s)
    scheduler, checks and bookkeeping (derived)               0.007 s
    raw FASTQ bytes read                            589367840  (562.065 MiB)
    effective fread bandwidth                         14.332 MiB/s
    slowest allocation                                 0.000 s  (19205664 bytes)
    slowest fread                                      2.058 s  (R1 offset=353879704, bytes=19660800)

  Stage 2 worker details
    total - active merge worker                              27.731 s
      part 1 - prepare CPE task and reusable buffers       
====================== SWBWA Output Debug =====================
  MPI rank: 000001 / 000006
  mode:     MPI split
  path:     correctness_results/bigdata_mpi_lwpf_off_20260823/mpi_static_split/no1/SRR2496709_SE.rank000001.sam

  Output volume
    output buffer capacity                           67108864
    swbwa_output_write calls                         2104798
    submitted SAM bytes                            613220080
    buffered flushes                                      10
    buffered flush bytes                           613220080
    direct oversized writes                                0
    direct oversized bytes                                 0

  Buffering
    buffered flush total                        56.425585 s  (10 calls, 5642558.470 us/call)

  POSIX file writes
    write system calls                                     10
    write system-call bytes                         613220080
    POSIX write system calls                    56.425556 s  (10 calls, 5642555.605 us/call)
    POSIX write effective bandwidth                10.364 MiB/s

  Output close timing
    POSIX close                                  0.006941 s  (1 calls,  6941.225 us/call)
================================================================


================ SWBWA CPE/MPI Progress Debug ================
  MPI rank: 000001 / 000006

    phase                      waits     probes   total(s)    avg(us)    max(s)   >=1ms   >=10ms   >=100ms    >=1s  completed
    FASTQ formatting              30         33      0.001     18.905     0.000       0        0         0       0          0
    alignment and SAM length      30       2401      0.068     28.504     0.003       2        0         0       0          0
    SAM record generation         30         60      0.003     56.909     0.001       0        0         0       0          0
    all CPE phases                90       2494      0.072     29.060     0.003       2        0         0       0          0

  Probes marked 'completed' returned with the CPE completion
  flag set. Their full call duration bounds the possible delay.
    completion-observing probe total               0.000000 s
    slowest completion-observing probe             0.000000 s
==============================================================


======================= SWBWA Timing Report =======================
  MPI rank: 000001 / 000006
  Accumulated wall-clock time; indented rows are included in
  their parent row and must not be added to it.

  Pipeline
    total - complete three-stage pipeline                    65.539 s
    stage 1 - allocate and read raw FASTQ blocks             39.861 s
    stage 2 - align reads and generate SAM records           26.242 s
    stage 3 - write SAM and release batch data               58.783 s
      SAM output writes                                        57.935 s
      batch cleanup and loop overhead (derived)                 0.847 s

  Stage 1 input details
    batches completed / stage calls                      30 / 31
    input-buffer and batch allocations                        0.000 s  (61 calls, max 0.000 s)
    aggregate requested allocation bytes            589401664
    FASTQ fseeko calls                                        0.078 s  (30 calls, max 0.078 s)
    FASTQ fread calls                                        39.775 s  (30 calls, max 1.936 s)
    align chunk ends to FASTQ record boundaries               0.000 s  (29 calls, max 0.000 s)
    scheduler, checks and bookkeeping (derived)               0.007 s
    raw FASTQ bytes read                            589368960  (562.066 MiB)
    effective fread bandwidth                         14.131 MiB/s
    slowest allocation                                 0.000 s  (19661824 bytes)
    slowest fread                                      1.936 s  (R1 offset=1041521624, bytes=19660800)

  Stage 2 worker details
    total - active merge worker                              26.239 s
      part 1 - prepare CPE task and reusable buffers      
====================== SWBWA Output Debug =====================
  MPI rank: 000002 / 000006
  mode:     MPI split
  path:     correctness_results/bigdata_mpi_lwpf_off_20260823/mpi_static_split/no1/SRR2496709_SE.rank000002.sam

  Output volume
    output buffer capacity                           67108864
    swbwa_output_write calls                         2104798
    submitted SAM bytes                            608590156
    buffered flushes                                      10
    buffered flush bytes                           608590156
    direct oversized writes                                0
    direct oversized bytes                                 0

  Buffering
    buffered flush total                        56.545104 s  (10 calls, 5654510.368 us/call)

  POSIX file writes
    write system calls                                     10
    write system-call bytes                         608590156
    POSIX write system calls                    56.545073 s  (10 calls, 5654507.283 us/call)
    POSIX write effective bandwidth                10.264 MiB/s

  Output close timing
    POSIX close                                  0.001219 s  (1 calls,  1219.155 us/call)
================================================================


================ SWBWA CPE/MPI Progress Debug ================
  MPI rank: 000002 / 000006

    phase                      waits     probes   total(s)    avg(us)    max(s)   >=1ms   >=10ms   >=100ms    >=1s  completed
    FASTQ formatting              30         42      0.001     18.257     0.000       0        0         0       0          1
    alignment and SAM length      30       2482      0.084     33.693     0.002       3        0         0       0          0
    SAM record generation         30         59      0.003     57.511     0.000       0        0         0       0          0
    all CPE phases                90       2583      0.088     33.986     0.002       3        0         0       0          1

  Probes marked 'completed' returned with the CPE completion
  flag set. Their full call duration bounds the possible delay.
    completion-observing probe total               0.000068 s
    slowest completion-observing probe             0.000068 s
==============================================================


======================= SWBWA Timing Report =======================
  MPI rank: 000002 / 000006
  Accumulated wall-clock time; indented rows are included in
  their parent row and must not be added to it.

  Pipeline
    total - complete three-stage pipeline                    65.592 s
    stage 1 - allocate and read raw FASTQ blocks             39.197 s
    stage 2 - align reads and generate SAM records           27.262 s
    stage 3 - write SAM and release batch data               59.378 s
      SAM output writes                                        58.427 s
      batch cleanup and loop overhead (derived)                 0.951 s

  Stage 1 input details
    batches completed / stage calls                      30 / 31
    input-buffer and batch allocations                        0.001 s  (61 calls, max 0.000 s)
    aggregate requested allocation bytes            589401664
    FASTQ fseeko calls                                        0.158 s  (30 calls, max 0.158 s)
    FASTQ fread calls                                        39.018 s  (30 calls, max 1.951 s)
    align chunk ends to FASTQ record boundaries               0.001 s  (29 calls, max 0.000 s)
    scheduler, checks and bookkeeping (derived)               0.020 s
    raw FASTQ bytes read                            589368960  (562.066 MiB)
    effective fread bandwidth                         14.405 MiB/s
    slowest allocation                                 0.000 s  (64 bytes)
    slowest fread                                      1.951 s  (R1 offset=1630865064, bytes=19660800)

  Stage 2 worker details
    total - active merge worker                              27.260 s
      part 1 - prepare CPE task and reusable buffers                 1.023 s
      part 2 - CPE FASTQ formatting and input release           0.240 s
      part 3 - CPE alignment and SAM length pass               25.866 s
      part 4 - assign slices in the shared SAM buffer           0.149 s
      part 5 - CPE SAM record generation                        0.451 s
      part 6 - release temporary worker data                    0.001 s

  Reserved allocator timers (no active timing sites)
    malloc timer                                              0.000 s
    free timer                                                0.000 s
===================================================================

      0.961 s
      part 2 - CPE FASTQ formatting and input release           0.309 s
      part 3 - CPE alignment and SAM length pass               24.365 s
      part 4 - assign slices in the shared SAM buffer           0.149 s
      part 5 - CPE SAM record generation                        0.450 s
      part 6 - release temporary worker data                    0.001 s

  Reserved allocator timers (no active timing sites)
    malloc timer                                              0.000 s
    free timer                                                0.000 s
===================================================================

1.122 s
      part 2 - CPE FASTQ formatting and input release           0.324 s
      part 3 - CPE alignment and SAM length pass               25.215 s
      part 4 - assign slices in the shared SAM buffer           0.176 s
      part 5 - CPE SAM record generation                        0.419 s
      part 6 - release temporary worker data                    0.001 s

  Reserved allocator timers (no active timing sites)
    malloc timer                                              0.000 s
    free timer                                                0.000 s
===================================================================


====================== SWBWA Output Debug =====================
  MPI rank: 000003 / 000006
  mode:     MPI split
  path:     correctness_results/bigdata_mpi_lwpf_off_20260823/mpi_static_split/no1/SRR2496709_SE.rank000003.sam

  Output volume
    output buffer capacity                           67108864
    swbwa_output_write calls                         2104798
    submitted SAM bytes                            608489646
    buffered flushes                                      10
    buffered flush bytes                           608489646
    direct oversized writes                                0
    direct oversized bytes                                 0

  Buffering
    buffered flush total                        56.162433 s  (10 calls, 5616243.341 us/call)

  POSIX file writes
    write system calls                                     10
    write system-call bytes                         608489646
    POSIX write system calls                    56.162404 s  (10 calls, 5616240.391 us/call)
    POSIX write effective bandwidth                10.333 MiB/s

  Output close timing
    POSIX close                                  0.000408 s  (1 calls,   407.552 us/call)
================================================================


================ SWBWA CPE/MPI Progress Debug ================
  MPI rank: 000003 / 000006

    phase                      waits     probes   total(s)    avg(us)    max(s)   >=1ms   >=10ms   >=100ms    >=1s  completed
    FASTQ formatting              30         31      0.001     19.126     0.000       0        0         0       0          0
    alignment and SAM length      30       2453      0.065     26.412     0.001       0        0         0       0          0
    SAM record generation         30         59      0.003     51.306     0.000       0        0         0       0          0
    all CPE phases                90       2543      0.068     26.900     0.001       0        0         0       0          0

  Probes marked 'completed' returned with the CPE completion
  flag set. Their full call duration bounds the possible delay.
    completion-observing probe total               0.000000 s
    slowest completion-observing probe             0.000000 s
==============================================================


======================= SWBWA Timing Report =======================
  MPI rank: 000003 / 000006
  Accumulated wall-clock time; indented rows are included in
  their parent row and must not be added to it.

  Pipeline
    total - complete three-stage pipeline                    65.559 s
    stage 1 - allocate and read raw FASTQ blocks             39.584 s
    stage 2 - align reads and generate SAM records           27.203 s
    stage 3 - write SAM and release batch data               58.938 s
      SAM output writes                                        58.066 s
      batch cleanup and loop overhead (derived)                 0.873 s

  Stage 1 input details
    batches completed / stage calls                      30 / 31
    input-buffer and batch allocations                        0.001 s  (61 calls, max 0.000 s)
    aggregate requested allocation bytes            589401664
    FASTQ fseeko calls                                        0.113 s  (30 calls, max 0.113 s)
    FASTQ fread calls                                        39.448 s  (30 calls, max 2.059 s)
    align chunk ends to FASTQ record boundaries               0.001 s  (29 calls, max 0.001 s)
    scheduler, checks and bookkeeping (derived)               0.021 s
    raw FASTQ bytes read                            589368960  (562.066 MiB)
    effective fread bandwidth                         14.248 MiB/s
    slowest allocation                                 0.000 s  (64 bytes)
    slowest fread                                      2.059 s  (R1 offset=2141568824, bytes=19660800)

  Stage 2 worker details
    total - active merge worker                              27.202 s
      part 1 - prepare CPE task and reusable buffers            
====================== SWBWA Output Debug =====================
  MPI rank: 000004 / 000006
  mode:     MPI split
  path:     correctness_results/bigdata_mpi_lwpf_off_20260823/mpi_static_split/no1/SRR2496709_SE.rank000004.sam

  Output volume
    output buffer capacity                           67108864
    swbwa_output_write calls                         2097194
    submitted SAM bytes                            614241458
    buffered flushes                                      10
    buffered flush bytes                           614241458
    direct oversized writes                                0
    direct oversized bytes                                 0

  Buffering
    buffered flush total                        56.661436 s  (10 calls, 5666143.570 us/call)

  POSIX file writes
    write system calls                                     10
    write system-call bytes                         614241458
    POSIX write system calls                    56.661408 s  (10 calls, 5666140.760 us/call)
    POSIX write effective bandwidth                10.338 MiB/s

  Output close timing
    POSIX close                                  0.003331 s  (1 calls,  3331.112 us/call)
================================================================


================ SWBWA CPE/MPI Progress Debug ================
  MPI rank: 000004 / 000006

    phase                      waits     probes   total(s)    avg(us)    max(s)   >=1ms   >=10ms   >=100ms    >=1s  completed
    FASTQ formatting              30         32      0.001     18.973     0.000       0        0         0       0          0
    alignment and SAM length      30       2255      0.060     26.579     0.000       0        0         0       0          0
    SAM record generation         30         60      0.003     45.103     0.000       0        0         0       0          0
    all CPE phases                90       2347      0.063     26.949     0.000       0        0         0       0          0

  Probes marked 'completed' returned with the CPE completion
  flag set. Their full call duration bounds the possible delay.
    completion-observing probe total               0.000000 s
    slowest completion-observing probe             0.000000 s
==============================================================


======================= SWBWA Timing Report =======================
  MPI rank: 000004 / 000006
  Accumulated wall-clock time; indented rows are included in
  their parent row and must not be added to it.

  Pipeline
    total - complete three-stage pipeline                    65.601 s
    stage 1 - allocate and read raw FASTQ blocks             39.891 s
    stage 2 - align reads and generate SAM records           24.622 s
    stage 3 - write SAM and release batch data               58.927 s
      SAM output writes                                        58.103 s
      batch cleanup and loop overhead (derived)                 0.825 s

  Stage 1 input details
    batches completed / stage calls                      30 / 31
    input-buffer and batch allocations                        0.001 s  (61 calls, max 0.000 s)
    aggregate requested allocation bytes            589401688
    FASTQ fseeko calls                                        0.125 s  (30 calls, max 0.125 s)
    FASTQ fread calls                                        39.738 s  (30 calls, max 1.969 s)
    align chunk ends to FASTQ record boundaries               0.000 s  (29 calls, max 0.000 s)
    scheduler, checks and bookkeeping (derived)               0.027 s
    raw FASTQ bytes read                            589368984  (562.066 MiB)
    effective fread bandwidth                         14.144 MiB/s
    slowest allocation                                 0.000 s  (19661824 bytes)
    slowest fread                                      1.969 s  (R1 offset=2809551960, bytes=19660800)

  Stage 2 worker details
    total - active merge worker                              24.619 s
      part 1 - prepare CPE task and reusable buffers      [main] Version: 0.0.1
[main] CMD: ./SWBWA mem -v 4 -t 1 -o correctness_results/bigdata_mpi_lwpf_off_20260823/mpi_static_split/no1/SRR2496709_SE.sam -I 170,80,500,1 ../data/GRCh38.d1.vd1.fa ../data/bwa_test_big_data/SRR2496709_1.fastq
1.212 s
      part 2 - CPE FASTQ formatting and input release           0.261 s
      part 3 - CPE alignment and SAM length pass               25.127 s
      part 4 - assign slices in the shared SAM buffer           0.147 s
      part 5 - CPE SAM record generation                        0.452 s
      part 6 - release temporary worker data                    0.001 s

  Reserved allocator timers (no active timing sites)
    malloc timer                                              0.000 s
    free timer                                                0.000 s
===================================================================

      0.980 s
      part 2 - CPE FASTQ formatting and input release           0.276 s
      part 3 - CPE alignment and SAM length pass               22.762 s
      part 4 - assign slices in the shared SAM buffer           0.146 s
      part 5 - CPE SAM record generation                        0.450 s
      part 6 - release temporary worker data                    0.001 s

  Reserved allocator timers (no active timing sites)
    malloc timer                                              0.000 s
    free timer                                                0.000 s
===================================================================


====================== SWBWA Output Debug =====================
  MPI rank: 000005 / 000006
  mode:     MPI split
  path:     correctness_results/bigdata_mpi_lwpf_off_20260823/mpi_static_split/no1/SRR2496709_SE.rank000005.sam

  Output volume
    output buffer capacity                           67108864
    swbwa_output_write calls                         2075152
    submitted SAM bytes                            603641593
    buffered flushes                                       9
    buffered flush bytes                           603641593
    direct oversized writes                                0
    direct oversized bytes                                 0

  Buffering
    buffered flush total                        56.315028 s  (9 calls, 6257225.289 us/call)

  POSIX file writes
    write system calls                                      9
    write system-call bytes                         603641593
    POSIX write system calls                    56.315003 s  (9 calls, 6257222.545 us/call)
    POSIX write effective bandwidth                10.222 MiB/s

  Output close timing
    POSIX close                                  0.002830 s  (1 calls,  2830.210 us/call)
================================================================


================ SWBWA CPE/MPI Progress Debug ================
  MPI rank: 000005 / 000006

    phase                      waits     probes   total(s)    avg(us)    max(s)   >=1ms   >=10ms   >=100ms    >=1s  completed
    FASTQ formatting              30         31      0.001     19.637     0.000       0        0         0       0          0
    alignment and SAM length      30       2237      0.055     24.785     0.001       0        0         0       0          0
    SAM record generation         30         60      0.003     50.086     0.000       0        0         0       0          0
    all CPE phases                90       2328      0.059     25.369     0.001       0        0         0       0          0

  Probes marked 'completed' returned with the CPE completion
  flag set. Their full call duration bounds the possible delay.
    completion-observing probe total               0.000000 s
    slowest completion-observing probe             0.000000 s
==============================================================


======================= SWBWA Timing Report =======================
  MPI rank: 000005 / 000006
  Accumulated wall-clock time; indented rows are included in
  their parent row and must not be added to it.

  Pipeline
    total - complete three-stage pipeline                    65.575 s
    stage 1 - allocate and read raw FASTQ blocks             38.185 s
    stage 2 - align reads and generate SAM records           24.563 s
    stage 3 - write SAM and release batch data               55.102 s
      SAM output writes                                        54.228 s
      batch cleanup and loop overhead (derived)                 0.873 s

  Stage 1 input details
    batches completed / stage calls                      30 / 31
    input-buffer and batch allocations                        0.000 s  (61 calls, max 0.000 s)
    aggregate requested allocation bytes            589401972
    FASTQ fseeko calls                                        0.097 s  (30 calls, max 0.097 s)
    FASTQ fread calls                                        38.082 s  (30 calls, max 1.977 s)
    align chunk ends to FASTQ record boundaries               0.000 s  (29 calls, max 0.000 s)
    scheduler, checks and bookkeeping (derived)               0.005 s
    raw FASTQ bytes read                            589369268  (562.066 MiB)
    effective fread bandwidth                         14.759 MiB/s
    slowest allocation                                 0.000 s  (19661824 bytes)
    slowest fread                                      1.977 s  (R1 offset=3398894844, bytes=19660800)

  Stage 2 worker details
    total - active merge worker                              24.561 s
      part 1 - prepare CPE task and reusable buffers            1.090 s
      part 2 - CPE FASTQ formatting and input release           0.252 s
      part 3 - CPE alignment and SAM length pass               22.617 s
      part 4 - assign slices in the shared SAM buffer           0.144 s
      part 5 - CPE SAM record generation                        0.455 s
      part 6 - release temporary worker data                    0.001 s

  Reserved allocator timers (no active timing sites)
    malloc timer                                              0.000 s
    free timer                                                0.000 s
===================================================================

