dataset,chunk_index,file_position_percent,read_ends,cpu_seconds_run1,real_seconds_run1,cpu_seconds_run2,real_seconds_run2,cpu_seconds_mean,real_seconds_mean
ERR1203383,0,0.0,9552,0.821,0.025,0.819,0.026,0.82,0.025500000000000002
ERR1203383,1,0.031269543464665414,9552,0.478,0.014,0.478,0.014,0.478,0.014
ERR1203383,2,0.06253908692933083,9552,0.44,0.012,0.434,0.012,0.437,0.012
ERR1203383,3,0.09380863039399624,9552,0.439,0.014,0.436,0.013,0.4375,0.0135
ERR1203383,4,0.12507817385866166,9552,0.542,0.018,0.541,0.017,0.5415000000000001,0.0175
ERR1203383,5,0.15634771732332708,9552,0.654,0.017,0.659,0.017,0.6565000000000001,0.017
ERR1203383,6,0.18761726078799248,9552,0.535,0.017,0.53,0.017,0.5325,0.017
ERR1203383,7,0.2188868042526579,9552,0.497,0.013,0.492,0.013,0.4945,0.013
ERR1203383,8,0.2501563477173233,9552,0.54,0.014,0.538,0.014,0.539,0.014
ERR1203383,9,0.28142589118198874,9552,0.468,0.013,0.462,0.012,0.465,0.0125
ERR1203383,10,0.31269543464665417,9552,0.546,0.015,0.548,0.015,0.547,0.015
ERR1203383,11,0.3439649781113196,9552,0.887,0.024,0.878,0.024,0.8825000000000001,0.024
ERR1203383,12,0.37523452157598497,9552,0.494,0.014,0.487,0.014,0.4905,0.014
ERR1203383,13,0.4065040650406504,9552,0.57,0.015,0.571,0.014,0.5705,0.014499999999999999
ERR1203383,14,0.4377736085053158,9552,0.636,0.019,0.631,0.02,0.6335,0.0195
ERR1203383,15,0.46904315196998125,9552,0.588,0.018,0.591,0.017,0.5894999999999999,0.0175
ERR1203383,16,0.5003126954346466,9552,0.848,0.024,0.856,0.024,0.852,0.024
ERR1203383,17,0.5315822388993121,9552,0.737,0.021,0.743,0.021,0.74,0.021
ERR1203383,18,0.5628517823639775,9552,0.64,0.02,0.636,0.019,0.638,0.0195
ERR1203383,19,0.5941213258286429,9552,0.648,0.02,0.647,0.02,0.6475,0.02
ERR1203383,20,0.6253908692933083,9552,0.613,0.017,0.613,0.015,0.613,0.016
ERR1203383,21,0.6566604127579737,9552,0.666,0.017,0.666,0.016,0.666,0.0165
ERR1203383,22,0.6879299562226392,9552,0.595,0.016,0.591,0.016,0.593,0.016
ERR1203383,23,0.7191994996873046,9552,0.59,0.015,0.592,0.015,0.591,0.015
ERR1203383,24,0.7504690431519699,9552,0.548,0.015,0.547,0.015,0.5475000000000001,0.015
ERR1203383,25,0.7817385866166354,9552,0.513,0.014,0.515,0.013,0.514,0.0135
ERR1203383,26,0.8130081300813008,9552,0.642,0.016,0.641,0.015,0.6415,0.0155
ERR1203383,27,0.8442776735459663,9552,0.9,0.023,0.898,0.022,0.899,0.0225
ERR1203383,28,0.8755472170106317,9552,0.892,0.026,0.895,0.025,0.8935,0.025500000000000002
ERR1203383,29,0.906816760475297,9552,0.586,0.015,0.586,0.015,0.586,0.015
ERR1203383,30,0.9380863039399625,9552,0.566,0.015,0.564,0.015,0.565,0.015
ERR1203383,31,0.9693558474046279,9552,0.472,0.013,0.468,0.013,0.47,0.013
ERR1203383,32,1.0006253908692933,9552,0.648,0.017,0.65,0.017,0.649,0.017
ERR1203383,33,1.0318949343339587,9552,1.048,0.022,1.054,0.022,1.0510000000000002,0.022
ERR1203383,34,1.0631644777986242,9552,0.746,0.02,0.753,0.02,0.7495,0.02
ERR1203383,35,1.0944340212632895,9552,0.56,0.017,0.557,0.017,0.5585,0.017
ERR1203383,36,1.125703564727955,9552,0.638,0.016,0.632,0.016,0.635,0.016
ERR1203383,37,1.1569731081926204,9552,0.654,0.016,0.649,0.015,0.6515,0.0155
ERR1203383,38,1.1882426516572857,9552,0.523,0.016,0.523,0.016,0.523,0.016
ERR1203383,39,1.2195121951219512,9552,0.51,0.016,0.509,0.015,0.5095000000000001,0.0155
ERR1203383,40,1.2507817385866167,9552,0.736,0.019,0.738,0.019,0.737,0.019
ERR1203383,41,1.2820512820512822,9552,0.561,0.015,0.562,0.015,0.5615000000000001,0.015
ERR1203383,42,1.3133208255159474,9552,0.684,0.023,0.684,0.023,0.684,0.023
ERR1203383,43,1.344590368980613,9552,0.703,0.018,0.7,0.018,0.7015,0.018
ERR1203383,44,1.3758599124452784,9552,0.511,0.015,0.513,0.014,0.512,0.014499999999999999
ERR1203383,45,1.4071294559099436,9552,0.711,0.017,0.718,0.016,0.7144999999999999,0.0165
ERR1203383,46,1.4383989993746091,9552,0.553,0.016,0.556,0.016,0.5545,0.016
ERR1203383,47,1.4696685428392746,9552,0.608,0.018,0.604,0.018,0.606,0.018
ERR1203383,48,1.5009380863039399,9552,0.674,0.02,0.673,0.02,0.6735,0.02
ERR1203383,49,1.5322076297686054,9552,0.627,0.016,0.625,0.016,0.626,0.016
ERR1203383,50,1.5634771732332708,9552,0.803,0.024,0.801,0.024,0.802,0.024
ERR1203383,51,1.594746716697936,9552,0.67,0.02,0.674,0.019,0.672,0.0195
ERR1203383,52,1.6260162601626016,9552,0.597,0.018,0.592,0.018,0.5945,0.018
ERR1203383,53,1.657285803627267,9552,0.533,0.017,0.531,0.015,0.532,0.016
ERR1203383,54,1.6885553470919326,9552,0.624,0.015,0.62,0.014,0.622,0.014499999999999999
ERR1203383,55,1.7198248905565978,9552,0.63,0.019,0.625,0.019,0.6275,0.019
ERR1203383,56,1.7510944340212633,9552,0.553,0.014,0.549,0.014,0.551,0.014
ERR1203383,57,1.7823639774859288,9552,0.612,0.019,0.611,0.019,0.6114999999999999,0.019
ERR1203383,58,1.813633520950594,9552,0.673,0.022,0.668,0.021,0.6705000000000001,0.0215
ERR1203383,59,1.8449030644152595,9552,0.803,0.022,0.801,0.021,0.802,0.0215
ERR1203383,60,1.876172607879925,9552,0.716,0.02,0.721,0.02,0.7184999999999999,0.02
ERR1203383,61,1.9074421513445903,9552,0.765,0.021,0.766,0.021,0.7655000000000001,0.021
ERR1203383,62,1.9387116948092558,9552,0.766,0.018,0.77,0.018,0.768,0.018
ERR1203383,63,1.9699812382739212,9552,0.527,0.014,0.526,0.014,0.5265,0.014
ERR1203383,64,2.0012507817385865,9552,0.625,0.018,0.623,0.018,0.624,0.018
ERR1203383,65,2.032520325203252,9552,0.526,0.014,0.526,0.014,0.526,0.014
ERR1203383,66,2.0637898686679175,9552,0.704,0.018,0.695,0.018,0.6995,0.018
ERR1203383,67,2.0950594121325827,9552,0.636,0.017,0.632,0.017,0.634,0.017
ERR1203383,68,2.1263289555972484,9552,0.494,0.018,0.493,0.017,0.4935,0.0175
ERR1203383,69,2.1575984990619137,9552,0.604,0.02,0.608,0.02,0.606,0.02
ERR1203383,70,2.188868042526579,9552,0.648,0.018,0.647,0.018,0.6475,0.018
ERR1203383,71,2.2201375859912447,9552,0.569,0.017,0.57,0.016,0.5694999999999999,0.0165
ERR1203383,72,2.25140712945591,9552,0.559,0.017,0.559,0.016,0.559,0.0165
ERR1203383,73,2.282676672920575,9552,0.557,0.014,0.555,0.014,0.556,0.014
ERR1203383,74,2.313946216385241,9552,0.631,0.02,0.631,0.02,0.631,0.02
ERR1203383,75,2.345215759849906,9552,0.621,0.017,0.624,0.016,0.6225,0.0165
ERR1203383,76,2.3764853033145714,9552,0.607,0.018,0.608,0.018,0.6074999999999999,0.018
ERR1203383,77,2.407754846779237,9552,0.842,0.021,0.846,0.021,0.844,0.021
ERR1203383,78,2.4390243902439024,9552,0.536,0.016,0.549,0.016,0.5425,0.016
ERR1203383,79,2.4702939337085676,9552,0.481,0.014,0.484,0.014,0.4825,0.014
ERR1203383,80,2.5015634771732334,9552,0.612,0.017,0.612,0.017,0.612,0.017
ERR1203383,81,2.5328330206378986,9552,0.611,0.02,0.614,0.02,0.6125,0.02
ERR1203383,82,2.5641025641025643,9552,0.657,0.02,0.678,0.021,0.6675,0.0205
ERR1203383,83,2.5953721075672296,9552,0.612,0.017,0.615,0.017,0.6134999999999999,0.017
ERR1203383,84,2.626641651031895,9552,0.757,0.021,0.756,0.021,0.7565,0.021
ERR1203383,85,2.6579111944965605,9552,0.575,0.017,0.578,0.017,0.5765,0.017
ERR1203383,86,2.689180737961226,9552,0.483,0.013,0.482,0.013,0.4825,0.013
ERR1203383,87,2.720450281425891,9552,0.421,0.012,0.421,0.012,0.421,0.012
ERR1203383,88,2.7517198248905568,9552,0.557,0.017,0.553,0.017,0.555,0.017
ERR1203383,89,2.782989368355222,9552,0.493,0.015,0.484,0.015,0.4885,0.015
ERR1203383,90,2.8142589118198873,9552,0.594,0.016,0.59,0.015,0.592,0.0155
ERR1203383,91,2.845528455284553,9552,0.524,0.015,0.514,0.014,0.519,0.014499999999999999
ERR1203383,92,2.8767979987492183,9552,0.65,0.022,0.639,0.021,0.6445000000000001,0.0215
ERR1203383,93,2.9080675422138835,9552,0.606,0.016,0.597,0.015,0.6014999999999999,0.0155
ERR1203383,94,2.9393370856785492,9552,0.655,0.019,0.653,0.019,0.654,0.019
ERR1203383,95,2.9706066291432145,9552,0.585,0.02,0.584,0.019,0.5845,0.0195
ERR1203383,96,3.0018761726078798,9552,0.568,0.019,0.571,0.018,0.5694999999999999,0.0185
ERR1203383,97,3.0331457160725455,9552,0.628,0.02,0.624,0.019,0.626,0.0195
ERR1203383,98,3.0644152595372107,9552,0.754,0.021,0.755,0.021,0.7545,0.021
ERR1203383,99,3.095684803001876,9552,1.023,0.026,1.026,0.026,1.0245,0.026
ERR1203383,100,3.1269543464665417,9552,0.631,0.017,0.636,0.018,0.6335,0.0175
ERR1203383,101,3.158223889931207,9552,0.685,0.018,0.68,0.018,0.6825000000000001,0.018
ERR1203383,102,3.189493433395872,9552,0.617,0.017,0.612,0.017,0.6145,0.017
ERR1203383,103,3.220762976860538,9552,0.575,0.017,0.579,0.016,0.577,0.0165
ERR1203383,104,3.252032520325203,9552,0.578,0.016,0.576,0.015,0.577,0.0155
ERR1203383,105,3.283302063789869,9552,0.578,0.016,0.573,0.015,0.5754999999999999,0.0155
ERR1203383,106,3.314571607254534,9552,0.624,0.017,0.624,0.017,0.624,0.017
ERR1203383,107,3.3458411507191994,9552,0.509,0.015,0.5,0.014,0.5045,0.014499999999999999
ERR1203383,108,3.377110694183865,9552,0.771,0.021,0.771,0.021,0.771,0.021
ERR1203383,109,3.4083802376485304,9552,0.74,0.021,0.742,0.021,0.741,0.021
ERR1203383,110,3.4396497811131956,9552,0.789,0.023,0.793,0.023,0.791,0.023
ERR1203383,111,3.4709193245778613,9552,0.786,0.021,0.787,0.021,0.7865,0.021
ERR1203383,112,3.5021888680425266,9552,0.631,0.016,0.631,0.016,0.631,0.016
ERR1203383,113,3.533458411507192,9552,0.82,0.024,0.813,0.024,0.8165,0.024
ERR1203383,114,3.5647279549718576,9552,0.664,0.021,0.663,0.021,0.6635,0.021
ERR1203383,115,3.595997498436523,9552,0.887,0.024,0.862,0.025,0.8745,0.0245
ERR1203383,116,3.627267041901188,9552,0.649,0.021,0.645,0.021,0.647,0.021
ERR1203383,117,3.658536585365854,9552,0.768,0.021,0.771,0.021,0.7695000000000001,0.021
ERR1203383,118,3.689806128830519,9552,0.862,0.022,0.863,0.022,0.8625,0.022
ERR1203383,119,3.7210756722951843,9552,0.921,0.024,0.919,0.024,0.92,0.024
ERR1203383,120,3.75234521575985,9552,0.689,0.019,0.69,0.019,0.6895,0.019
ERR1203383,121,3.7836147592245153,9552,0.748,0.021,0.748,0.02,0.748,0.0205
ERR1203383,122,3.8148843026891806,9552,0.866,0.023,0.872,0.024,0.869,0.0235
ERR1203383,123,3.8461538461538463,9552,0.648,0.02,0.651,0.02,0.6495,0.02
ERR1203383,124,3.8774233896185115,9552,1.042,0.026,1.046,0.025,1.044,0.025500000000000002
ERR1203383,125,3.908692933083177,9552,0.88,0.023,0.883,0.023,0.8815,0.023
ERR1203383,126,3.9399624765478425,9552,0.592,0.019,0.618,0.023,0.605,0.020999999999999998
ERR1203383,127,3.9712320200125077,9552,0.638,0.02,0.642,0.02,0.64,0.02
ERR1203383,128,4.002501563477173,9552,0.632,0.017,0.632,0.017,0.632,0.017
ERR1203383,129,4.033771106941838,9552,0.848,0.023,0.846,0.023,0.847,0.023
ERR1203383,130,4.065040650406504,9552,0.565,0.014,0.568,0.014,0.5665,0.014
ERR1203383,131,4.09631019387117,9552,0.618,0.019,0.618,0.019,0.618,0.019
ERR1203383,132,4.127579737335835,9552,0.805,0.021,0.804,0.021,0.8045,0.021
ERR1203383,133,4.1588492808005,9552,0.667,0.019,0.671,0.02,0.669,0.0195
ERR1203383,134,4.1901188242651655,9552,0.739,0.019,0.736,0.019,0.7375,0.019
ERR1203383,135,4.221388367729831,9552,0.692,0.024,0.693,0.024,0.6924999999999999,0.024
ERR1203383,136,4.252657911194497,9552,0.566,0.015,0.564,0.015,0.565,0.015
ERR1203383,137,4.283927454659162,9552,0.924,0.026,0.915,0.025,0.9195,0.025500000000000002
ERR1203383,138,4.315196998123827,9552,0.877,0.023,0.878,0.023,0.8775,0.023
ERR1203383,139,4.346466541588493,9552,0.617,0.017,0.617,0.017,0.617,0.017
ERR1203383,140,4.377736085053158,9552,0.63,0.016,0.615,0.016,0.6225,0.016
ERR1203383,141,4.409005628517824,9552,0.808,0.022,0.804,0.022,0.806,0.022
ERR1203383,142,4.440275171982489,9552,1.17,0.028,1.182,0.029,1.176,0.0285
ERR1203383,143,4.471544715447155,9552,0.776,0.021,0.776,0.021,0.776,0.021
ERR1203383,144,4.50281425891182,9552,0.53,0.014,0.536,0.014,0.533,0.014
ERR1203383,145,4.534083802376485,9552,0.611,0.017,0.619,0.017,0.615,0.017
ERR1203383,146,4.56535334584115,9552,0.448,0.014,0.447,0.013,0.4475,0.0135
ERR1203383,147,4.5966228893058165,9552,0.458,0.013,0.455,0.012,0.4565,0.0125
ERR1203383,148,4.627892432770482,9552,0.554,0.014,0.553,0.014,0.5535000000000001,0.014
ERR1203383,149,4.659161976235147,9552,0.478,0.014,0.488,0.014,0.483,0.014
ERR1203383,150,4.690431519699812,9552,0.566,0.018,0.569,0.019,0.5674999999999999,0.0185
ERR1203383,151,4.721701063164478,9552,0.593,0.018,0.6,0.018,0.5965,0.018
ERR1203383,152,4.752970606629143,9552,0.636,0.019,0.642,0.019,0.639,0.019
ERR1203383,153,4.784240150093809,9552,0.835,0.022,0.843,0.022,0.839,0.022
ERR1203383,154,4.815509693558474,9552,0.537,0.016,0.54,0.015,0.5385,0.0155
ERR1203383,155,4.8467792370231395,9552,0.632,0.019,0.636,0.019,0.634,0.019
ERR1203383,156,4.878048780487805,9552,0.593,0.018,0.59,0.018,0.5914999999999999,0.018
ERR1203383,157,4.90931832395247,9552,0.642,0.019,0.646,0.018,0.644,0.0185
ERR1203383,158,4.940587867417135,9552,0.56,0.015,0.566,0.016,0.563,0.0155
ERR1203383,159,4.971857410881801,9552,0.649,0.018,0.655,0.019,0.652,0.0185
ERR1203383,160,5.003126954346467,9552,0.77,0.021,0.78,0.022,0.775,0.0215
ERR1203383,161,5.034396497811132,9552,0.566,0.017,0.57,0.017,0.568,0.017
ERR1203383,162,5.065666041275797,9552,1.332,0.035,1.342,0.035,1.3370000000000002,0.035
ERR1203383,163,5.0969355847404625,9552,1.353,0.029,1.354,0.029,1.3535,0.029
ERR1203383,164,5.128205128205129,9552,0.653,0.023,0.664,0.022,0.6585000000000001,0.0225
ERR1203383,165,5.159474671669794,9552,1.091,0.023,1.099,0.022,1.095,0.0225
ERR1203383,166,5.190744215134459,9552,0.48,0.013,0.484,0.013,0.482,0.013
ERR1203383,167,5.222013758599124,9552,1.096,0.025,1.096,0.025,1.096,0.025
ERR1203383,168,5.25328330206379,9552,0.959,0.025,0.967,0.025,0.963,0.025
ERR1203383,169,5.284552845528455,9552,1.472,0.032,1.486,0.032,1.479,0.032
ERR1203383,170,5.315822388993121,9552,0.566,0.015,0.568,0.015,0.567,0.015
ERR1203383,171,5.347091932457786,9552,0.65,0.016,0.648,0.016,0.649,0.016
ERR1203383,172,5.378361475922452,9552,0.597,0.017,0.596,0.016,0.5965,0.0165
ERR1203383,173,5.409631019387117,9552,0.597,0.016,0.592,0.016,0.5945,0.016
ERR1203383,174,5.440900562851782,9552,0.562,0.017,0.569,0.017,0.5655,0.017
ERR1203383,175,5.472170106316447,9552,0.49,0.014,0.491,0.014,0.4905,0.014
ERR1203383,176,5.5034396497811136,9552,0.594,0.019,0.592,0.019,0.593,0.019
ERR1203383,177,5.534709193245779,9552,0.554,0.014,0.554,0.014,0.554,0.014
ERR1203383,178,5.565978736710444,9552,0.572,0.014,0.567,0.014,0.5694999999999999,0.014
ERR1203383,179,5.597248280175109,9552,0.67,0.015,0.669,0.015,0.6695,0.015
ERR1203383,180,5.628517823639775,9552,0.514,0.018,0.519,0.018,0.5165,0.018
ERR1203383,181,5.65978736710444,9552,0.719,0.022,0.725,0.022,0.722,0.022
ERR1203383,182,5.691056910569106,9552,0.502,0.013,0.506,0.013,0.504,0.013
ERR1203383,183,5.722326454033771,9552,0.542,0.015,0.539,0.015,0.5405,0.015
ERR1203383,184,5.7535959974984365,9552,0.635,0.018,0.634,0.018,0.6345000000000001,0.018
ERR1203383,185,5.784865540963102,9552,0.594,0.019,0.588,0.018,0.591,0.0185
ERR1203383,186,5.816135084427767,9552,0.516,0.016,0.515,0.016,0.5155000000000001,0.016
ERR1203383,187,5.847404627892433,9552,0.436,0.012,0.44,0.012,0.438,0.012
ERR1203383,188,5.8786741713570985,9552,0.487,0.013,0.487,0.012,0.487,0.0125
ERR1203383,189,5.909943714821764,9552,0.466,0.015,0.469,0.015,0.4675,0.015
ERR1203383,190,5.941213258286429,9552,0.529,0.016,0.527,0.015,0.528,0.0155
ERR1203383,191,5.972482801751094,9552,0.619,0.016,0.615,0.016,0.617,0.016
ERR1203383,192,6.0037523452157595,9552,0.563,0.019,0.564,0.019,0.5634999999999999,0.019
ERR1203383,193,6.035021888680426,9552,0.558,0.014,0.562,0.014,0.56,0.014
ERR1203383,194,6.066291432145091,9552,0.487,0.014,0.486,0.013,0.4865,0.0135
ERR1203383,195,6.097560975609756,9552,0.495,0.016,0.489,0.015,0.492,0.0155
ERR1203383,196,6.1288305190744214,9552,0.462,0.013,0.463,0.013,0.4625,0.013
ERR1203383,197,6.160100062539087,9552,0.437,0.013,0.436,0.012,0.4365,0.0125
ERR1203383,198,6.191369606003752,9552,0.585,0.017,0.572,0.017,0.5785,0.017
ERR1203383,199,6.222639149468418,9552,0.546,0.015,0.535,0.015,0.5405,0.015
ERR1203383,200,6.253908692933083,9552,0.609,0.017,0.604,0.017,0.6065,0.017
ERR1203383,201,6.285178236397749,9552,0.575,0.019,0.568,0.019,0.5714999999999999,0.019
ERR1203383,202,6.316447779862414,9552,0.609,0.021,0.605,0.021,0.607,0.021
ERR1203383,203,6.347717323327079,9552,0.483,0.02,0.471,0.019,0.477,0.0195
ERR1203383,204,6.378986866791744,9552,0.476,0.013,0.475,0.014,0.4755,0.0135
ERR1203383,205,6.410256410256411,9552,0.515,0.014,0.509,0.013,0.512,0.0135
ERR1203383,206,6.441525953721076,9552,0.574,0.021,0.577,0.021,0.5754999999999999,0.021
ERR1203383,207,6.472795497185741,9552,0.435,0.013,0.438,0.013,0.4365,0.013
ERR1203383,208,6.504065040650406,9552,0.618,0.015,0.612,0.015,0.615,0.015
ERR1203383,209,6.535334584115072,9552,0.566,0.014,0.558,0.014,0.562,0.014
ERR1203383,210,6.566604127579738,9552,0.621,0.02,0.622,0.02,0.6214999999999999,0.02
ERR1203383,211,6.597873671044403,9552,0.895,0.023,0.895,0.023,0.895,0.023
ERR1203383,212,6.629143214509068,9552,0.841,0.022,0.843,0.022,0.842,0.022
ERR1203383,213,6.6604127579737336,9552,0.598,0.017,0.597,0.016,0.5974999999999999,0.0165
ERR1203383,214,6.691682301438399,9552,0.569,0.015,0.569,0.015,0.569,0.015
ERR1203383,215,6.722951844903064,9552,0.753,0.024,0.751,0.024,0.752,0.024
ERR1203383,216,6.75422138836773,9552,0.502,0.015,0.496,0.015,0.499,0.015
ERR1203383,217,6.7854909318323955,9552,0.721,0.023,0.721,0.022,0.721,0.0225
ERR1203383,218,6.816760475297061,9552,0.576,0.015,0.571,0.015,0.5734999999999999,0.015
ERR1203383,219,6.848030018761726,9552,0.625,0.02,0.631,0.019,0.628,0.0195
ERR1203383,220,6.879299562226391,9552,0.713,0.02,0.706,0.02,0.7095,0.02
ERR1203383,221,6.9105691056910565,9552,0.567,0.016,0.572,0.016,0.5694999999999999,0.016
ERR1203383,222,6.941838649155723,9552,0.893,0.024,0.888,0.025,0.8905000000000001,0.0245
ERR1203383,223,6.973108192620388,9552,0.804,0.023,0.811,0.023,0.8075000000000001,0.023
ERR1203383,224,7.004377736085053,9552,0.647,0.02,0.647,0.02,0.647,0.02
ERR1203383,225,7.0356472795497185,9552,0.727,0.02,0.73,0.02,0.7284999999999999,0.02
ERR1203383,226,7.066916823014384,9552,0.662,0.02,0.665,0.02,0.6635,0.02
ERR1203383,227,7.098186366479049,9552,0.535,0.014,0.544,0.014,0.5395000000000001,0.014
ERR1203383,228,7.129455909943715,9552,0.651,0.02,0.654,0.02,0.6525000000000001,0.02
ERR1203383,229,7.16072545340838,9552,0.591,0.017,0.604,0.017,0.5974999999999999,0.017
ERR1203383,230,7.191994996873046,9552,0.664,0.019,0.663,0.019,0.6635,0.019
ERR1203383,231,7.223264540337711,9552,0.558,0.015,0.561,0.015,0.5595000000000001,0.015
ERR1203383,232,7.254534083802376,9552,0.524,0.015,0.524,0.014,0.524,0.014499999999999999
ERR1203383,233,7.285803627267042,9552,0.663,0.018,0.663,0.018,0.663,0.018
ERR1203383,234,7.317073170731708,9552,0.784,0.024,0.78,0.023,0.782,0.0235
ERR1203383,235,7.348342714196373,9552,0.458,0.019,0.46,0.018,0.459,0.0185
ERR1203383,236,7.379612257661038,9552,0.498,0.015,0.495,0.014,0.4965,0.014499999999999999
ERR1203383,237,7.410881801125703,9552,1.159,0.031,1.168,0.03,1.1635,0.0305
ERR1203383,238,7.442151344590369,9552,0.749,0.02,0.753,0.019,0.751,0.0195
ERR1203383,239,7.473420888055035,9552,1.05,0.025,1.061,0.026,1.0554999999999999,0.025500000000000002
ERR1203383,240,7.5046904315197,9552,0.531,0.014,0.53,0.013,0.5305,0.0135
ERR1203383,241,7.535959974984365,9552,0.639,0.019,0.639,0.018,0.639,0.0185
ERR1203383,242,7.567229518449031,9552,0.871,0.024,0.865,0.024,0.868,0.024
ERR1203383,243,7.598499061913696,9552,0.563,0.016,0.566,0.015,0.5645,0.0155
ERR1203383,244,7.629768605378361,9552,0.486,0.013,0.485,0.013,0.4855,0.013
ERR1203383,245,7.661038148843027,9552,0.553,0.018,0.556,0.018,0.5545,0.018
ERR1203383,246,7.6923076923076925,9552,0.586,0.017,0.588,0.016,0.587,0.0165
ERR1203383,247,7.723577235772358,9552,0.6,0.015,0.603,0.015,0.6014999999999999,0.015
ERR1203383,248,7.754846779237023,9552,0.62,0.021,0.619,0.02,0.6194999999999999,0.0205
ERR1203383,249,7.786116322701688,9552,0.574,0.015,0.575,0.015,0.5745,0.015
ERR1203383,250,7.817385866166354,9552,0.508,0.015,0.506,0.015,0.507,0.015
ERR1203383,251,7.84865540963102,9552,0.655,0.019,0.657,0.019,0.656,0.019
ERR1203383,252,7.879924953095685,9552,0.532,0.014,0.534,0.017,0.533,0.0155
ERR1203383,253,7.91119449656035,9552,0.535,0.017,0.534,0.017,0.5345,0.017
ERR1203383,254,7.9424640400250155,9552,0.552,0.017,0.503,0.014,0.5275000000000001,0.0155
ERR1203383,255,7.973733583489681,9552,0.623,0.019,0.624,0.019,0.6234999999999999,0.019
ERR1203383,256,8.005003126954346,9552,0.619,0.019,0.615,0.018,0.617,0.0185
ERR1203383,257,8.036272670419011,9552,0.495,0.014,0.503,0.014,0.499,0.014
ERR1203383,258,8.067542213883677,9552,0.509,0.014,0.507,0.014,0.508,0.014
ERR1203383,259,8.098811757348344,9552,0.619,0.017,0.616,0.017,0.6174999999999999,0.017
ERR1203383,260,8.130081300813009,9552,0.729,0.023,0.715,0.024,0.722,0.0235
ERR1203383,261,8.161350844277674,9552,0.582,0.019,0.578,0.019,0.58,0.019
ERR1203383,262,8.19262038774234,9552,0.772,0.023,0.772,0.023,0.772,0.023
ERR1203383,263,8.223889931207005,9552,0.712,0.018,0.715,0.018,0.7135,0.018
ERR1203383,264,8.25515947467167,9552,0.697,0.02,0.695,0.02,0.696,0.02
ERR1203383,265,8.286429018136335,9552,0.66,0.021,0.66,0.021,0.66,0.021
ERR1203383,266,8.317698561601,9552,0.617,0.017,0.622,0.015,0.6194999999999999,0.016
ERR1203383,267,8.348968105065666,9552,0.506,0.014,0.514,0.013,0.51,0.0135
ERR1203383,268,8.380237648530331,9552,0.877,0.024,0.873,0.022,0.875,0.023
ERR1203383,269,8.411507191994996,9552,0.734,0.02,0.742,0.021,0.738,0.0205
ERR1203383,270,8.442776735459661,9552,0.614,0.019,0.609,0.019,0.6114999999999999,0.019
ERR1203383,271,8.474046278924328,9552,0.745,0.019,0.745,0.02,0.745,0.0195
ERR1203383,272,8.505315822388994,9552,0.611,0.019,0.605,0.02,0.608,0.0195
ERR1203383,273,8.536585365853659,9552,0.617,0.017,0.617,0.018,0.617,0.0175
ERR1203383,274,8.567854909318324,9552,0.899,0.025,0.893,0.025,0.896,0.025
ERR1203383,275,8.59912445278299,9552,0.597,0.017,0.599,0.017,0.598,0.017
ERR1203383,276,8.630393996247655,9552,0.718,0.023,0.716,0.023,0.717,0.023
ERR1203383,277,8.66166353971232,9552,0.659,0.017,0.655,0.018,0.657,0.0175
ERR1203383,278,8.692933083176985,9552,0.675,0.023,0.663,0.023,0.669,0.023
ERR1203383,279,8.72420262664165,9552,0.578,0.015,0.583,0.015,0.5805,0.015
ERR1203383,280,8.755472170106316,9552,0.429,0.012,0.428,0.012,0.4285,0.012
ERR1203383,281,8.786741713570981,9552,0.519,0.015,0.521,0.015,0.52,0.015
ERR1203383,282,8.818011257035648,9552,0.761,0.021,0.763,0.021,0.762,0.021
ERR1203383,283,8.849280800500313,9552,0.675,0.021,0.675,0.019,0.675,0.02
ERR1203383,284,8.880550343964979,9552,0.572,0.016,0.567,0.015,0.5694999999999999,0.0155
ERR1203383,285,8.911819887429644,9552,0.655,0.019,0.657,0.019,0.656,0.019
ERR1203383,286,8.94308943089431,9552,0.615,0.015,0.611,0.015,0.613,0.015
ERR1203383,287,8.974358974358974,9552,0.708,0.021,0.715,0.021,0.7115,0.021
ERR1203383,288,9.00562851782364,9552,0.768,0.022,0.768,0.022,0.768,0.022
ERR1203383,289,9.036898061288305,9552,0.593,0.021,0.591,0.02,0.592,0.0205
ERR1203383,290,9.06816760475297,9552,0.676,0.019,0.677,0.019,0.6765000000000001,0.019
ERR1203383,291,9.099437148217635,9552,0.685,0.023,0.686,0.021,0.6855,0.022
ERR1203383,292,9.1307066916823,9552,0.566,0.016,0.566,0.016,0.566,0.016
ERR1203383,293,9.161976235146966,9552,0.914,0.023,0.912,0.023,0.913,0.023
ERR1203383,294,9.193245778611633,9552,0.739,0.021,0.738,0.02,0.7384999999999999,0.0205
ERR1203383,295,9.224515322076298,9552,0.903,0.021,0.904,0.021,0.9035,0.021
ERR1203383,296,9.255784865540964,9552,0.68,0.022,0.68,0.02,0.68,0.020999999999999998
ERR1203383,297,9.287054409005629,9552,0.864,0.025,0.867,0.023,0.8654999999999999,0.024
ERR1203383,298,9.318323952470294,9552,0.764,0.023,0.764,0.021,0.764,0.022
ERR1203383,299,9.34959349593496,9552,0.736,0.02,0.749,0.02,0.7424999999999999,0.02
ERR1203383,300,9.380863039399625,9552,0.618,0.02,0.613,0.019,0.6154999999999999,0.0195
ERR1203383,301,9.41213258286429,9552,0.633,0.018,0.627,0.018,0.63,0.018
ERR1203383,302,9.443402126328955,9552,0.502,0.014,0.499,0.013,0.5005,0.0135
ERR1203383,303,9.47467166979362,9552,0.678,0.021,0.678,0.02,0.678,0.0205
ERR1203383,304,9.505941213258286,9552,0.577,0.016,0.571,0.015,0.574,0.0155
ERR1203383,305,9.537210756722953,9552,0.703,0.021,0.71,0.022,0.7064999999999999,0.0215
ERR1203383,306,9.568480300187618,9552,0.912,0.022,0.901,0.022,0.9065000000000001,0.022
ERR1203383,307,9.599749843652283,9552,0.862,0.024,0.865,0.023,0.8634999999999999,0.0235
ERR1203383,308,9.631019387116948,9552,0.606,0.019,0.606,0.019,0.606,0.019
ERR1203383,309,9.662288930581614,9552,0.621,0.019,0.627,0.02,0.624,0.0195
ERR1203383,310,9.693558474046279,9552,0.673,0.017,0.67,0.016,0.6715,0.0165
ERR1203383,311,9.724828017510944,9552,0.74,0.021,0.734,0.021,0.737,0.021
ERR1203383,312,9.75609756097561,9552,0.547,0.02,0.543,0.02,0.545,0.02
ERR1203383,313,9.787367104440275,9552,0.992,0.026,0.999,0.025,0.9955,0.025500000000000002
ERR1203383,314,9.81863664790494,9552,0.761,0.022,0.753,0.022,0.757,0.022
ERR1203383,315,9.849906191369605,9552,0.721,0.022,0.761,0.026,0.741,0.024
ERR1203383,316,9.88117573483427,9552,0.676,0.021,0.673,0.021,0.6745000000000001,0.021
ERR1203383,317,9.912445278298938,9552,0.592,0.02,0.596,0.02,0.594,0.02
ERR1203383,318,9.943714821763603,9552,0.673,0.02,0.668,0.019,0.6705000000000001,0.0195
ERR1203383,319,9.974984365228268,9552,0.692,0.018,0.692,0.019,0.692,0.0185
ERR1203383,320,10.006253908692933,9552,0.604,0.019,0.595,0.019,0.5994999999999999,0.019
ERR1203383,321,10.037523452157599,9552,0.637,0.016,0.641,0.016,0.639,0.016
ERR1203383,322,10.068792995622264,9552,0.647,0.018,0.64,0.018,0.6435,0.018
ERR1203383,323,10.10006253908693,9552,0.724,0.017,0.723,0.018,0.7235,0.0175
ERR1203383,324,10.131332082551594,9552,0.52,0.014,0.521,0.014,0.5205,0.014
ERR1203383,325,10.16260162601626,9552,0.568,0.014,0.569,0.015,0.5685,0.014499999999999999
ERR1203383,326,10.193871169480925,9552,0.455,0.014,0.453,0.014,0.454,0.014
ERR1203383,327,10.22514071294559,9552,0.471,0.013,0.48,0.013,0.4755,0.013
ERR1203383,328,10.256410256410257,9552,0.493,0.014,0.504,0.016,0.4985,0.015
ERR1203383,329,10.287679799874923,9552,0.486,0.013,0.492,0.013,0.489,0.013
ERR1203383,330,10.318949343339588,9552,0.56,0.017,0.554,0.016,0.557,0.0165
ERR1203383,331,10.350218886804253,9552,0.641,0.017,0.638,0.017,0.6395,0.017
ERR1203383,332,10.381488430268918,9552,0.56,0.017,0.561,0.017,0.5605,0.017
ERR1203383,333,10.412757973733584,9552,0.77,0.024,0.777,0.023,0.7735000000000001,0.0235
ERR1203383,334,10.444027517198249,9552,0.625,0.021,0.622,0.021,0.6234999999999999,0.021
ERR1203383,335,10.475297060662914,9552,0.736,0.02,0.738,0.02,0.737,0.02
ERR1203383,336,10.50656660412758,9552,0.546,0.02,0.544,0.02,0.545,0.02
ERR1203383,337,10.537836147592245,9552,0.815,0.021,0.816,0.019,0.8154999999999999,0.02
ERR1203383,338,10.56910569105691,9552,0.992,0.024,0.991,0.025,0.9915,0.0245
ERR1203383,339,10.600375234521575,9552,0.564,0.017,0.57,0.017,0.567,0.017
ERR1203383,340,10.631644777986242,9552,0.617,0.019,0.653,0.019,0.635,0.019
ERR1203383,341,10.662914321450907,9552,0.748,0.021,0.747,0.02,0.7475,0.0205
ERR1203383,342,10.694183864915573,9552,0.598,0.021,0.592,0.02,0.595,0.0205
ERR1203383,343,10.725453408380238,9552,0.83,0.024,0.823,0.024,0.8265,0.024
ERR1203383,344,10.756722951844903,9552,0.813,0.024,0.802,0.023,0.8075,0.0235
ERR1203383,345,10.787992495309568,9552,0.718,0.021,0.718,0.021,0.718,0.021
ERR1203383,346,10.819262038774234,9552,0.586,0.018,0.579,0.018,0.5825,0.018
ERR1203383,347,10.850531582238899,9552,0.716,0.02,0.719,0.02,0.7175,0.02
ERR1203383,348,10.881801125703564,9552,0.753,0.023,0.75,0.022,0.7515000000000001,0.0225
ERR1203383,349,10.91307066916823,9552,0.648,0.02,0.648,0.022,0.648,0.020999999999999998
ERR1203383,350,10.944340212632895,9552,0.715,0.017,0.716,0.017,0.7155,0.017
ERR1203383,351,10.975609756097562,9552,0.654,0.017,0.655,0.017,0.6545000000000001,0.017
ERR1203383,352,11.006879299562227,9552,0.975,0.026,0.969,0.025,0.972,0.025500000000000002
ERR1203383,353,11.038148843026892,9552,0.701,0.019,0.706,0.02,0.7035,0.0195
ERR1203383,354,11.069418386491558,9552,0.619,0.015,0.62,0.015,0.6194999999999999,0.015
ERR1203383,355,11.100687929956223,9552,0.57,0.016,0.576,0.016,0.573,0.016
ERR1203383,356,11.131957473420888,9552,0.788,0.026,0.802,0.03,0.795,0.027999999999999997
ERR1203383,357,11.163227016885553,9552,1.119,0.029,1.122,0.03,1.1205,0.0295
ERR1203383,358,11.194496560350219,9552,0.666,0.017,0.668,0.018,0.667,0.0175
ERR1203383,359,11.225766103814884,9552,0.572,0.017,0.569,0.016,0.5705,0.0165
ERR1203383,360,11.25703564727955,9552,0.988,0.026,0.977,0.026,0.9824999999999999,0.026
ERR1203383,361,11.288305190744214,9552,0.666,0.02,0.663,0.019,0.6645000000000001,0.0195
ERR1203383,362,11.31957473420888,9552,0.725,0.021,0.715,0.02,0.72,0.0205
ERR1203383,363,11.350844277673547,9552,0.844,0.025,0.844,0.026,0.844,0.025500000000000002
ERR1203383,364,11.382113821138212,9552,0.846,0.021,0.845,0.021,0.8454999999999999,0.021
ERR1203383,365,11.413383364602877,9552,0.567,0.015,0.564,0.015,0.5654999999999999,0.015
ERR1203383,366,11.444652908067543,9552,0.652,0.016,0.651,0.016,0.6515,0.016
ERR1203383,367,11.475922451532208,9552,0.686,0.019,0.699,0.018,0.6925,0.0185
ERR1203383,368,11.507191994996873,9552,0.577,0.015,0.638,0.016,0.6074999999999999,0.0155
ERR1203383,369,11.538461538461538,9552,0.62,0.019,0.633,0.02,0.6265000000000001,0.0195
ERR1203383,370,11.569731081926204,9552,0.737,0.021,0.739,0.021,0.738,0.021
ERR1203383,371,11.601000625390869,9552,0.55,0.014,0.557,0.015,0.5535000000000001,0.014499999999999999
ERR1203383,372,11.632270168855534,9552,0.546,0.017,0.544,0.019,0.545,0.018000000000000002
ERR1203383,373,11.6635397123202,9552,0.569,0.014,0.569,0.014,0.569,0.014
ERR1203383,374,11.694809255784866,9552,0.54,0.017,0.539,0.017,0.5395000000000001,0.017
ERR1203383,375,11.726078799249532,9552,0.455,0.014,0.419,0.012,0.437,0.013000000000000001
ERR1203383,376,11.757348342714197,9552,0.519,0.018,0.516,0.018,0.5175000000000001,0.018
ERR1203383,377,11.788617886178862,9552,0.899,0.024,0.906,0.023,0.9025000000000001,0.0235
ERR1203383,378,11.819887429643527,9552,0.981,0.026,0.979,0.026,0.98,0.026
ERR1203383,379,11.851156973108193,9552,1.019,0.027,1.024,0.026,1.0215,0.0265
ERR1203383,380,11.882426516572858,9552,0.637,0.017,0.631,0.016,0.634,0.0165
ERR1203383,381,11.913696060037523,9552,0.574,0.016,0.581,0.017,0.5774999999999999,0.0165
ERR1203383,382,11.944965603502189,9552,0.546,0.015,0.538,0.014,0.542,0.014499999999999999
ERR1203383,383,11.976235146966854,9552,0.565,0.016,0.567,0.015,0.566,0.0155
ERR1203383,384,12.007504690431519,9552,0.834,0.019,0.866,0.021,0.85,0.02
ERR1203383,385,12.038774233896184,9552,0.749,0.023,0.748,0.024,0.7484999999999999,0.0235
ERR1203383,386,12.070043777360851,9552,0.814,0.023,0.81,0.023,0.812,0.023
ERR1203383,387,12.101313320825517,9552,1.135,0.024,1.15,0.026,1.1425,0.025
ERR1203383,388,12.132582864290182,9552,1.066,0.025,1.065,0.025,1.0655000000000001,0.025
ERR1203383,389,12.163852407754847,9552,0.787,0.021,0.778,0.021,0.7825,0.021
ERR1203383,390,12.195121951219512,9552,0.491,0.014,0.491,0.014,0.491,0.014
ERR1203383,391,12.226391494684178,9552,0.584,0.021,0.59,0.02,0.587,0.0205
ERR1203383,392,12.257661038148843,9552,0.478,0.013,0.474,0.013,0.476,0.013
ERR1203383,393,12.288930581613508,9552,0.799,0.02,0.81,0.021,0.8045,0.0205
ERR1203383,394,12.320200125078173,9552,0.551,0.019,0.552,0.02,0.5515000000000001,0.0195
ERR1203383,395,12.351469668542839,9552,0.546,0.015,0.541,0.015,0.5435000000000001,0.015
ERR1203383,396,12.382739212007504,9552,0.66,0.017,0.658,0.018,0.659,0.0175
ERR1203383,397,12.414008755472171,9552,0.672,0.018,0.678,0.018,0.675,0.018
ERR1203383,398,12.445278298936836,9552,0.709,0.021,0.7,0.021,0.7044999999999999,0.021
ERR1203383,399,12.476547842401501,9552,0.64,0.017,0.639,0.017,0.6395,0.017
ERR1203383,400,12.507817385866167,9552,0.571,0.021,0.568,0.02,0.5694999999999999,0.0205
ERR1203383,401,12.539086929330832,9552,0.783,0.019,0.783,0.019,0.783,0.019
ERR1203383,402,12.570356472795497,9552,0.944,0.024,0.944,0.023,0.944,0.0235
ERR1203383,403,12.601626016260163,9552,0.626,0.023,0.629,0.022,0.6275,0.0225
ERR1203383,404,12.632895559724828,9552,0.832,0.022,0.829,0.024,0.8305,0.023
ERR1203383,405,12.664165103189493,9552,0.696,0.018,0.703,0.019,0.6995,0.0185
ERR1203383,406,12.695434646654158,9552,0.734,0.021,0.728,0.021,0.731,0.021
ERR1203383,407,12.726704190118824,9552,0.662,0.02,0.659,0.019,0.6605000000000001,0.0195
ERR1203383,408,12.757973733583489,9552,0.547,0.014,0.548,0.014,0.5475000000000001,0.014
ERR1203383,409,12.789243277048156,9552,0.668,0.017,0.672,0.018,0.67,0.0175
ERR1203383,410,12.820512820512821,9552,1.124,0.028,1.116,0.028,1.12,0.028
ERR1203383,411,12.851782363977486,9552,0.778,0.022,0.784,0.021,0.781,0.0215
ERR1203383,412,12.883051907442152,9552,0.638,0.02,0.64,0.02,0.639,0.02
ERR1203383,413,12.914321450906817,9552,0.61,0.018,0.616,0.017,0.613,0.0175
ERR1203383,414,12.945590994371482,9552,0.772,0.019,0.768,0.019,0.77,0.019
ERR1203383,415,12.976860537836147,9552,1.161,0.028,1.164,0.03,1.1625,0.028999999999999998
ERR1203383,416,13.008130081300813,9552,0.59,0.018,0.598,0.018,0.594,0.018
ERR1203383,417,13.039399624765478,9552,0.443,0.013,0.445,0.013,0.444,0.013
ERR1203383,418,13.070669168230143,9552,0.63,0.017,0.624,0.015,0.627,0.016
ERR1203383,419,13.101938711694809,9552,1.052,0.024,1.051,0.024,1.0514999999999999,0.024
ERR1203383,420,13.133208255159476,9552,0.652,0.016,0.649,0.016,0.6505000000000001,0.016
ERR1203383,421,13.16447779862414,9552,0.71,0.016,0.713,0.016,0.7115,0.016
ERR1203383,422,13.195747342088806,9552,0.883,0.024,0.879,0.024,0.881,0.024
ERR1203383,423,13.227016885553471,9552,0.94,0.028,0.941,0.028,0.9404999999999999,0.028
ERR1203383,424,13.258286429018137,9552,0.643,0.019,0.633,0.018,0.638,0.0185
ERR1203383,425,13.289555972482802,9552,0.534,0.017,0.536,0.017,0.535,0.017
ERR1203383,426,13.320825515947467,9552,0.872,0.023,0.87,0.023,0.871,0.023
ERR1203383,427,13.352095059412132,9552,0.76,0.018,0.758,0.018,0.759,0.018
ERR1203383,428,13.383364602876798,9552,0.857,0.024,0.856,0.024,0.8565,0.024
ERR1203383,429,13.414634146341463,9552,0.974,0.026,0.978,0.026,0.976,0.026
ERR1203383,430,13.445903689806128,9552,0.753,0.023,0.745,0.023,0.749,0.023
ERR1203383,431,13.477173233270793,9552,0.832,0.021,0.837,0.021,0.8345,0.021
ERR1203383,432,13.50844277673546,9552,0.553,0.016,0.552,0.014,0.5525,0.015
ERR1203383,433,13.539712320200126,9552,0.455,0.013,0.457,0.013,0.456,0.013
ERR1203383,434,13.570981863664791,9552,0.66,0.019,0.66,0.019,0.66,0.019
ERR1203383,435,13.602251407129456,9552,0.864,0.025,0.871,0.025,0.8674999999999999,0.025
ERR1203383,436,13.633520950594122,9552,0.936,0.024,0.931,0.024,0.9335,0.024
ERR1203383,437,13.664790494058787,9552,0.85,0.023,0.849,0.025,0.8494999999999999,0.024
ERR1203383,438,13.696060037523452,9552,0.609,0.021,0.605,0.022,0.607,0.0215
ERR1203383,439,13.727329580988117,9552,0.532,0.015,0.532,0.015,0.532,0.015
ERR1203383,440,13.758599124452783,9552,0.777,0.022,0.774,0.021,0.7755000000000001,0.0215
ERR1203383,441,13.789868667917448,9552,0.509,0.017,0.514,0.017,0.5115000000000001,0.017
ERR1203383,442,13.821138211382113,9552,0.704,0.02,0.695,0.021,0.6995,0.0205
ERR1203383,443,13.85240775484678,9552,0.592,0.016,0.599,0.016,0.5954999999999999,0.016
ERR1203383,444,13.883677298311445,9552,0.66,0.019,0.662,0.019,0.661,0.019
ERR1203383,445,13.91494684177611,9552,0.617,0.02,0.621,0.02,0.619,0.02
ERR1203383,446,13.946216385240776,9552,0.713,0.018,0.721,0.021,0.717,0.0195
ERR1203383,447,13.977485928705441,9552,0.531,0.016,0.535,0.016,0.533,0.016
ERR1203383,448,14.008755472170106,9552,0.544,0.018,0.539,0.018,0.5415000000000001,0.018
ERR1203383,449,14.040025015634772,9552,0.668,0.017,0.67,0.016,0.669,0.0165
ERR1203383,450,14.071294559099437,9552,0.652,0.017,0.65,0.017,0.651,0.017
ERR1203383,451,14.102564102564102,9552,0.769,0.024,0.77,0.023,0.7695000000000001,0.0235
ERR1203383,452,14.133833646028767,9552,0.668,0.019,0.665,0.019,0.6665000000000001,0.019
ERR1203383,453,14.165103189493433,9552,0.729,0.023,0.728,0.023,0.7284999999999999,0.023
ERR1203383,454,14.196372732958098,9552,0.771,0.022,0.778,0.022,0.7745,0.022
ERR1203383,455,14.227642276422765,9552,0.779,0.022,0.777,0.021,0.778,0.0215
ERR1203383,456,14.25891181988743,9552,0.681,0.018,0.678,0.018,0.6795,0.018
ERR1203383,457,14.290181363352096,9552,0.662,0.021,0.663,0.023,0.6625000000000001,0.022
ERR1203383,458,14.32145090681676,9552,0.442,0.013,0.439,0.012,0.4405,0.0125
ERR1203383,459,14.352720450281426,9552,0.362,0.011,0.368,0.011,0.365,0.011
ERR1203383,460,14.383989993746091,9552,0.354,0.011,0.35,0.011,0.352,0.011
ERR1203383,461,14.415259537210757,9552,0.375,0.011,0.375,0.011,0.375,0.011
ERR1203383,462,14.446529080675422,9552,0.387,0.012,0.379,0.011,0.383,0.0115
ERR1203383,463,14.477798624140087,9552,0.465,0.013,0.47,0.013,0.4675,0.013
ERR1203383,464,14.509068167604752,9552,0.382,0.012,0.377,0.011,0.3795,0.0115
ERR1203383,465,14.540337711069418,9552,0.393,0.012,0.396,0.012,0.3945,0.012
ERR1203383,466,14.571607254534085,9552,0.63,0.02,0.627,0.019,0.6285000000000001,0.0195
ERR1203383,467,14.60287679799875,9552,0.76,0.022,0.755,0.02,0.7575000000000001,0.020999999999999998
ERR1203383,468,14.634146341463415,9552,0.747,0.02,0.744,0.02,0.7455,0.02
ERR1203383,469,14.66541588492808,9552,0.873,0.025,0.867,0.025,0.87,0.025
ERR1203383,470,14.696685428392746,9552,0.65,0.021,0.687,0.021,0.6685000000000001,0.021
ERR1203383,471,14.727954971857411,9552,0.796,0.021,0.793,0.022,0.7945,0.0215
ERR1203383,472,14.759224515322076,9552,0.596,0.019,0.599,0.02,0.5974999999999999,0.0195
ERR1203383,473,14.790494058786742,9552,0.613,0.016,0.619,0.016,0.616,0.016
ERR1203383,474,14.821763602251407,9552,0.583,0.018,0.584,0.018,0.5834999999999999,0.018
ERR1203383,475,14.853033145716072,9552,0.918,0.025,0.916,0.025,0.917,0.025
ERR1203383,476,14.884302689180737,9552,0.892,0.024,0.89,0.022,0.891,0.023
ERR1203383,477,14.915572232645403,9552,0.619,0.019,0.62,0.019,0.6194999999999999,0.019
ERR1203383,478,14.94684177611007,9552,0.64,0.021,0.645,0.021,0.6425000000000001,0.021
ERR1203383,479,14.978111319574735,9552,0.784,0.021,0.782,0.022,0.783,0.0215
ERR1203383,480,15.0093808630394,9552,0.808,0.02,0.804,0.02,0.806,0.02
ERR1203383,481,15.040650406504065,9552,0.567,0.016,0.563,0.016,0.565,0.016
ERR1203383,482,15.07191994996873,9552,0.658,0.02,0.666,0.025,0.662,0.0225
ERR1203383,483,15.103189493433396,9552,0.615,0.018,0.606,0.018,0.6105,0.018
ERR1203383,484,15.134459036898061,9552,0.562,0.015,0.553,0.015,0.5575000000000001,0.015
ERR1203383,485,15.165728580362726,9552,0.813,0.024,0.8,0.022,0.8065,0.023
ERR1203383,486,15.196998123827392,9552,0.638,0.017,0.644,0.017,0.641,0.017
ERR1203383,487,15.228267667292057,9552,0.745,0.025,0.741,0.023,0.743,0.024
ERR1203383,488,15.259537210756722,9552,0.796,0.024,0.795,0.024,0.7955000000000001,0.024
ERR1203383,489,15.29080675422139,9552,0.6,0.017,0.592,0.017,0.596,0.017
ERR1203383,490,15.322076297686055,9552,0.638,0.019,0.633,0.02,0.6355,0.0195
ERR1203383,491,15.35334584115072,9552,0.722,0.021,0.718,0.02,0.72,0.0205
ERR1203383,492,15.384615384615385,9552,0.737,0.023,0.724,0.022,0.7304999999999999,0.0225
ERR1203383,493,15.41588492808005,9552,0.528,0.017,0.526,0.016,0.527,0.0165
ERR1203383,494,15.447154471544716,9552,0.542,0.016,0.579,0.017,0.5605,0.0165
ERR1203383,495,15.47842401500938,9552,0.881,0.026,0.879,0.026,0.88,0.026
ERR1203383,496,15.509693558474046,9552,0.812,0.022,0.811,0.021,0.8115000000000001,0.0215
ERR1203383,497,15.540963101938711,9552,0.733,0.019,0.695,0.018,0.714,0.0185
ERR1203383,498,15.572232645403377,9552,0.608,0.017,0.607,0.016,0.6074999999999999,0.0165
ERR1203383,499,15.603502188868042,9552,0.598,0.015,0.593,0.015,0.5954999999999999,0.015
ERR1203383,500,15.634771732332707,9552,0.578,0.015,0.572,0.015,0.575,0.015
ERR1203383,501,15.666041275797374,9552,0.585,0.015,0.589,0.014,0.587,0.014499999999999999
ERR1203383,502,15.69731081926204,9552,0.438,0.014,0.436,0.013,0.437,0.0135
ERR1203383,503,15.728580362726705,9552,0.501,0.014,0.504,0.014,0.5025,0.014
ERR1203383,504,15.75984990619137,9552,0.455,0.013,0.452,0.013,0.4535,0.013
ERR1203383,505,15.791119449656035,9552,0.501,0.014,0.502,0.014,0.5015000000000001,0.014
ERR1203383,506,15.8223889931207,9552,0.418,0.012,0.416,0.012,0.417,0.012
ERR1203383,507,15.853658536585366,9552,0.436,0.013,0.442,0.013,0.439,0.013
ERR1203383,508,15.884928080050031,9552,0.912,0.025,0.906,0.026,0.909,0.025500000000000002
ERR1203383,509,15.916197623514696,9552,0.741,0.022,0.753,0.021,0.747,0.0215
ERR1203383,510,15.947467166979362,9552,0.699,0.019,0.703,0.019,0.701,0.019
ERR1203383,511,15.978736710444027,9552,0.709,0.02,0.761,0.024,0.735,0.022
ERR1203383,512,16.010006253908692,9552,0.614,0.016,0.613,0.016,0.6134999999999999,0.016
ERR1203383,513,16.04127579737336,9552,0.694,0.019,0.695,0.019,0.6944999999999999,0.019
ERR1203383,514,16.072545340838023,9552,0.895,0.022,0.885,0.026,0.89,0.024
ERR1203383,515,16.10381488430269,9552,0.645,0.022,0.649,0.021,0.647,0.0215
ERR1203383,516,16.135084427767353,9552,0.686,0.017,0.68,0.017,0.683,0.017
ERR1203383,517,16.16635397123202,9552,0.619,0.016,0.616,0.016,0.6174999999999999,0.016
ERR1203383,518,16.197623514696687,9552,0.816,0.022,0.806,0.022,0.8109999999999999,0.022
ERR1203383,519,16.22889305816135,9552,0.509,0.014,0.511,0.014,0.51,0.014
ERR1203383,520,16.260162601626018,9552,0.587,0.015,0.583,0.015,0.585,0.015
ERR1203383,521,16.29143214509068,9552,0.534,0.016,0.536,0.015,0.535,0.0155
ERR1203383,522,16.322701688555348,9552,0.608,0.016,0.608,0.016,0.608,0.016
ERR1203383,523,16.35397123202001,9552,0.508,0.016,0.507,0.016,0.5075000000000001,0.016
ERR1203383,524,16.38524077548468,9552,0.893,0.026,0.884,0.026,0.8885000000000001,0.026
ERR1203383,525,16.416510318949342,9552,0.663,0.019,0.658,0.019,0.6605000000000001,0.019
ERR1203383,526,16.44777986241401,9552,0.498,0.015,0.493,0.015,0.4955,0.015
ERR1203383,527,16.479049405878673,9552,0.571,0.015,0.567,0.015,0.569,0.015
ERR1203383,528,16.51031894934334,9552,0.638,0.019,0.635,0.02,0.6365000000000001,0.0195
ERR1203383,529,16.541588492808003,9552,0.609,0.017,0.606,0.016,0.6074999999999999,0.0165
ERR1203383,530,16.57285803627267,9552,0.51,0.016,0.512,0.016,0.511,0.016
ERR1203383,531,16.604127579737337,9552,0.464,0.015,0.468,0.014,0.466,0.014499999999999999
ERR1203383,532,16.635397123202,9552,0.446,0.013,0.447,0.012,0.4465,0.0125
ERR1203383,533,16.666666666666668,9552,0.501,0.016,0.5,0.015,0.5005,0.0155
ERR1203383,534,16.69793621013133,9552,0.545,0.014,0.541,0.014,0.543,0.014
ERR1203383,535,16.729205753596,9552,0.793,0.024,0.79,0.025,0.7915000000000001,0.0245
ERR1203383,536,16.760475297060662,9552,0.859,0.024,0.868,0.027,0.8634999999999999,0.025500000000000002
ERR1203383,537,16.79174484052533,9552,0.71,0.02,0.703,0.019,0.7064999999999999,0.0195
ERR1203383,538,16.823014383989992,9552,1.012,0.026,1.006,0.026,1.009,0.026
ERR1203383,539,16.85428392745466,9552,0.75,0.02,0.751,0.021,0.7505,0.0205
ERR1203383,540,16.885553470919323,9552,0.645,0.024,0.643,0.024,0.644,0.024
ERR1203383,541,16.91682301438399,9552,0.461,0.014,0.464,0.014,0.4625,0.014
ERR1203383,542,16.948092557848657,9552,0.484,0.013,0.483,0.014,0.4835,0.0135
ERR1203383,543,16.97936210131332,9552,0.702,0.019,0.706,0.019,0.704,0.019
ERR1203383,544,17.010631644777988,9552,0.565,0.018,0.563,0.019,0.564,0.0185
ERR1203383,545,17.04190118824265,9552,0.801,0.024,0.795,0.023,0.798,0.0235
ERR1203383,546,17.073170731707318,9552,0.64,0.017,0.636,0.017,0.638,0.017
ERR1203383,547,17.10444027517198,9552,0.592,0.015,0.598,0.016,0.595,0.0155
ERR1203383,548,17.13570981863665,9552,0.653,0.018,0.653,0.024,0.653,0.020999999999999998
ERR1203383,549,17.166979362101312,9552,0.566,0.017,0.557,0.018,0.5615,0.0175
ERR1203383,550,17.19824890556598,9552,0.532,0.015,0.522,0.014,0.527,0.014499999999999999
ERR1203383,551,17.229518449030643,9552,0.638,0.019,0.628,0.019,0.633,0.019
ERR1203383,552,17.26078799249531,9552,0.592,0.015,0.591,0.016,0.5914999999999999,0.0155
ERR1203383,553,17.292057535959977,9552,0.818,0.023,0.814,0.023,0.816,0.023
ERR1203383,554,17.32332707942464,9552,0.808,0.022,0.804,0.021,0.806,0.0215
ERR1203383,555,17.354596622889307,9552,1.124,0.027,1.128,0.028,1.126,0.0275
ERR1203383,556,17.38586616635397,9552,0.71,0.02,0.711,0.022,0.7104999999999999,0.020999999999999998
ERR1203383,557,17.417135709818638,9552,0.805,0.02,0.807,0.02,0.806,0.02
ERR1203383,558,17.4484052532833,9552,0.976,0.025,0.973,0.025,0.9744999999999999,0.025
ERR1203383,559,17.479674796747968,9552,0.713,0.019,0.703,0.019,0.708,0.019
ERR1203383,560,17.51094434021263,9552,0.777,0.019,0.817,0.021,0.7969999999999999,0.02
ERR1203383,561,17.5422138836773,9552,0.61,0.019,0.613,0.019,0.6114999999999999,0.019
ERR1203383,562,17.573483427141962,9552,0.871,0.028,0.86,0.026,0.8654999999999999,0.027
ERR1203383,563,17.60475297060663,9552,0.651,0.019,0.651,0.019,0.651,0.019
ERR1203383,564,17.636022514071296,9552,0.581,0.017,0.585,0.016,0.583,0.0165
ERR1203383,565,17.66729205753596,9552,0.581,0.017,0.582,0.017,0.5814999999999999,0.017
ERR1203383,566,17.698561601000627,9552,0.484,0.015,0.476,0.015,0.48,0.015
ERR1203383,567,17.72983114446529,9552,0.513,0.014,0.516,0.014,0.5145,0.014
ERR1203383,568,17.761100687929957,9552,0.497,0.016,0.496,0.016,0.4965,0.016
ERR1203383,569,17.79237023139462,9552,0.457,0.018,0.456,0.018,0.4565,0.018
ERR1203383,570,17.823639774859288,9552,0.791,0.023,0.781,0.023,0.786,0.023
ERR1203383,571,17.85490931832395,9552,0.845,0.022,0.847,0.022,0.846,0.022
ERR1203383,572,17.88617886178862,9552,0.612,0.018,0.606,0.018,0.609,0.018
ERR1203383,573,17.917448405253282,9552,0.519,0.018,0.514,0.018,0.5165,0.018
ERR1203383,574,17.94871794871795,9552,0.733,0.02,0.728,0.019,0.7304999999999999,0.0195
ERR1203383,575,17.979987492182612,9552,0.558,0.015,0.566,0.014,0.562,0.014499999999999999
ERR1203383,576,18.01125703564728,9552,0.542,0.017,0.539,0.018,0.5405,0.0175
ERR1203383,577,18.042526579111946,9552,0.646,0.025,0.668,0.027,0.657,0.026000000000000002
ERR1203383,578,18.07379612257661,9552,0.506,0.014,0.494,0.014,0.5,0.014
ERR1203383,579,18.105065666041277,9552,0.586,0.02,0.585,0.02,0.5854999999999999,0.02
ERR1203383,580,18.13633520950594,9552,0.43,0.015,0.426,0.015,0.428,0.015
ERR1203383,581,18.167604752970608,9552,0.613,0.016,0.617,0.016,0.615,0.016
ERR1203383,582,18.19887429643527,9552,0.554,0.015,0.548,0.015,0.551,0.015
ERR1203383,583,18.230143839899938,9552,0.551,0.015,0.555,0.015,0.553,0.015
ERR1203383,584,18.2614133833646,9552,0.701,0.017,0.687,0.017,0.694,0.017
ERR1203383,585,18.29268292682927,9552,0.483,0.014,0.484,0.014,0.4835,0.014
ERR1203383,586,18.323952470293932,9552,0.381,0.012,0.377,0.011,0.379,0.0115
ERR1203383,587,18.3552220137586,9552,0.392,0.012,0.393,0.011,0.3925,0.0115
ERR1203383,588,18.386491557223266,9552,0.659,0.017,0.649,0.017,0.654,0.017
ERR1203383,589,18.41776110068793,9552,0.436,0.013,0.436,0.012,0.436,0.0125
ERR1203383,590,18.449030644152597,9552,0.493,0.017,0.527,0.018,0.51,0.0175
ERR1203383,591,18.48030018761726,9552,0.655,0.02,0.653,0.019,0.654,0.0195
ERR1203383,592,18.511569731081927,9552,0.429,0.017,0.428,0.015,0.4285,0.016
ERR1203383,593,18.54283927454659,9552,0.445,0.015,0.445,0.015,0.445,0.015
ERR1203383,594,18.574108818011258,9552,0.506,0.016,0.499,0.016,0.5025,0.016
ERR1203383,595,18.60537836147592,9552,0.547,0.015,0.547,0.014,0.547,0.014499999999999999
ERR1203383,596,18.636647904940588,9552,0.438,0.015,0.436,0.016,0.437,0.0155
ERR1203383,597,18.66791744840525,9552,0.44,0.012,0.439,0.013,0.4395,0.0125
ERR1203383,598,18.69918699186992,9552,0.66,0.021,0.656,0.021,0.658,0.021
ERR1203383,599,18.730456535334586,9552,0.54,0.014,0.544,0.014,0.542,0.014
ERR1203383,600,18.76172607879925,9552,0.502,0.014,0.502,0.013,0.502,0.0135
ERR1203383,601,18.792995622263916,9552,0.477,0.014,0.476,0.013,0.4765,0.0135
ERR1203383,602,18.82426516572858,9552,0.423,0.012,0.422,0.012,0.4225,0.012
ERR1203383,603,18.855534709193247,9552,0.421,0.012,0.424,0.012,0.4225,0.012
ERR1203383,604,18.88680425265791,9552,0.411,0.012,0.462,0.013,0.4365,0.0125
ERR1203383,605,18.918073796122577,9552,0.545,0.014,0.628,0.015,0.5865,0.014499999999999999
ERR1203383,606,18.94934333958724,9552,0.484,0.018,0.55,0.019,0.517,0.0185
ERR1203383,607,18.980612883051908,9552,0.69,0.02,0.791,0.022,0.7404999999999999,0.020999999999999998
ERR1203383,608,19.01188242651657,9552,0.494,0.017,0.553,0.018,0.5235000000000001,0.0175
ERR1203383,609,19.04315196998124,9552,0.819,0.023,0.985,0.027,0.9019999999999999,0.025
ERR1203383,610,19.074421513445905,9552,0.661,0.021,0.767,0.024,0.714,0.0225
ERR1203383,611,19.10569105691057,9552,0.612,0.017,0.717,0.019,0.6645,0.018000000000000002
ERR1203383,612,19.136960600375236,9552,0.694,0.019,0.796,0.02,0.745,0.0195
ERR1203383,613,19.1682301438399,9552,0.596,0.016,0.692,0.018,0.6439999999999999,0.017
ERR1203383,614,19.199499687304566,9552,0.763,0.023,0.898,0.026,0.8305,0.0245
ERR1203383,615,19.23076923076923,9552,0.927,0.024,1.1,0.028,1.0135,0.026000000000000002
ERR1203383,616,19.262038774233897,9552,0.775,0.023,0.896,0.025,0.8355,0.024
ERR1203383,617,19.29330831769856,9552,0.548,0.016,0.635,0.019,0.5915,0.0175
ERR1203383,618,19.324577861163228,9552,0.772,0.021,0.904,0.023,0.8380000000000001,0.022
ERR1203383,619,19.35584740462789,9552,0.894,0.023,1.068,0.024,0.9810000000000001,0.0235
ERR1203383,620,19.387116948092558,9552,0.549,0.017,0.649,0.019,0.599,0.018000000000000002
ERR1203383,621,19.41838649155722,9552,0.905,0.024,1.083,0.028,0.994,0.026000000000000002
ERR1203383,622,19.44965603502189,9552,0.845,0.021,0.981,0.024,0.913,0.0225
ERR1203383,623,19.480925578486556,9552,1.137,0.03,1.45,0.032,1.2934999999999999,0.031
ERR1203383,624,19.51219512195122,9552,0.838,0.032,0.928,0.026,0.883,0.028999999999999998
ERR1203383,625,19.543464665415886,9552,1.28,0.032,1.59,0.036,1.435,0.034
ERR1203383,626,19.57473420888055,9552,1.029,0.03,1.225,0.032,1.127,0.031
ERR1203383,627,19.606003752345217,9552,1.0,0.026,1.221,0.031,1.1105,0.028499999999999998
ERR1203383,628,19.63727329580988,9552,0.959,0.023,1.126,0.026,1.0425,0.0245
ERR1203383,629,19.668542839274547,9552,0.62,0.019,0.733,0.021,0.6765,0.02
ERR1203383,630,19.69981238273921,9552,0.747,0.022,0.878,0.024,0.8125,0.023
ERR1203383,631,19.731081926203878,9552,0.62,0.021,0.695,0.023,0.6575,0.022
ERR1203383,632,19.76235146966854,9552,0.537,0.019,0.603,0.02,0.5700000000000001,0.0195
ERR1203383,633,19.793621013133208,9552,0.62,0.017,0.725,0.019,0.6725,0.018000000000000002
ERR1203383,634,19.824890556597875,9552,1.034,0.029,1.25,0.032,1.142,0.0305
ERR1203383,635,19.85616010006254,9552,0.883,0.026,1.051,0.028,0.967,0.027
ERR1203383,636,19.887429643527206,9552,0.586,0.017,0.672,0.018,0.629,0.0175
ERR1203383,637,19.91869918699187,9552,0.8,0.025,0.95,0.026,0.875,0.025500000000000002
ERR1203383,638,19.949968730456536,9552,0.879,0.028,1.074,0.032,0.9765,0.03
ERR1203383,639,19.9812382739212,9552,0.582,0.018,0.678,0.019,0.63,0.0185
ERR1203383,640,20.012507817385867,9552,0.604,0.018,0.694,0.019,0.649,0.0185
ERR1203383,641,20.04377736085053,9552,0.526,0.018,0.606,0.019,0.5660000000000001,0.0185
ERR1203383,642,20.075046904315197,9552,0.537,0.016,0.624,0.018,0.5805,0.017
ERR1203383,643,20.10631644777986,9552,0.717,0.024,0.841,0.026,0.7789999999999999,0.025
ERR1203383,644,20.137585991244528,9552,1.041,0.025,1.275,0.029,1.158,0.027000000000000003
ERR1203383,645,20.168855534709195,9552,0.515,0.014,0.585,0.015,0.55,0.014499999999999999
ERR1203383,646,20.20012507817386,9552,0.713,0.021,0.834,0.023,0.7735,0.022
ERR1203383,647,20.231394621638525,9552,0.628,0.016,0.729,0.019,0.6785,0.0175
ERR1203383,648,20.26266416510319,9552,0.519,0.019,0.592,0.018,0.5555,0.0185
ERR1203383,649,20.293933708567856,9552,0.601,0.02,0.695,0.023,0.6479999999999999,0.0215
ERR1203383,650,20.32520325203252,9552,0.538,0.016,0.622,0.017,0.5800000000000001,0.0165
ERR1203383,651,20.356472795497186,9552,0.53,0.018,0.62,0.019,0.575,0.0185
ERR1203383,652,20.38774233896185,9552,0.599,0.017,0.684,0.019,0.6415,0.018000000000000002
ERR1203383,653,20.419011882426517,9552,0.572,0.016,0.679,0.017,0.6255,0.0165
ERR1203383,654,20.45028142589118,9552,0.589,0.016,0.68,0.016,0.6345000000000001,0.016
ERR1203383,655,20.481550969355848,9552,0.627,0.021,0.727,0.024,0.677,0.0225
ERR1203383,656,20.512820512820515,9552,0.845,0.023,1.025,0.026,0.9349999999999999,0.0245
ERR1203383,657,20.544090056285178,9552,0.527,0.017,0.597,0.018,0.562,0.0175
ERR1203383,658,20.575359599749845,9552,0.542,0.018,0.623,0.02,0.5825,0.019
ERR1203383,659,20.60662914321451,9552,0.553,0.014,0.634,0.015,0.5935,0.014499999999999999
ERR1203383,660,20.637898686679176,9552,0.647,0.016,0.751,0.018,0.6990000000000001,0.017
ERR1203383,661,20.66916823014384,9552,0.608,0.016,0.706,0.018,0.657,0.017
ERR1203383,662,20.700437773608506,9552,0.44,0.013,0.501,0.013,0.47050000000000003,0.013
ERR1203383,663,20.73170731707317,9552,0.773,0.02,0.939,0.022,0.856,0.020999999999999998
ERR1203383,664,20.762976860537837,9552,0.555,0.02,0.638,0.022,0.5965,0.020999999999999998
ERR1203383,665,20.7942464040025,9552,0.785,0.021,0.94,0.024,0.8625,0.0225
ERR1203383,666,20.825515947467167,9552,0.537,0.015,0.623,0.016,0.5800000000000001,0.0155
ERR1203383,667,20.85678549093183,9552,0.716,0.02,0.841,0.021,0.7785,0.0205
ERR1203383,668,20.888055034396498,9552,0.593,0.016,0.677,0.017,0.635,0.0165
ERR1203383,669,20.919324577861165,9552,0.721,0.02,0.849,0.023,0.7849999999999999,0.0215
ERR1203383,670,20.950594121325828,9552,0.75,0.026,0.869,0.027,0.8095,0.0265
ERR1203383,671,20.981863664790495,9552,0.826,0.022,1.002,0.024,0.9139999999999999,0.023
ERR1203383,672,21.01313320825516,9552,0.594,0.017,0.672,0.019,0.633,0.018000000000000002
ERR1203383,673,21.044402751719826,9552,0.734,0.021,0.867,0.024,0.8005,0.0225
ERR1203383,674,21.07567229518449,9552,0.665,0.018,0.761,0.021,0.7130000000000001,0.0195
ERR1203383,675,21.106941838649156,9552,0.817,0.024,0.98,0.026,0.8985,0.025
ERR1203383,676,21.13821138211382,9552,0.598,0.015,0.691,0.016,0.6445,0.0155
ERR1203383,677,21.169480925578487,9552,0.595,0.016,0.681,0.017,0.638,0.0165
ERR1203383,678,21.20075046904315,9552,0.924,0.023,1.101,0.026,1.0125,0.0245
ERR1203383,679,21.232020012507817,9552,0.81,0.021,0.962,0.024,0.886,0.0225
ERR1203383,680,21.263289555972484,9552,0.585,0.015,0.666,0.016,0.6255,0.0155
ERR1203383,681,21.294559099437148,9552,0.654,0.018,0.763,0.019,0.7085,0.0185
ERR1203383,682,21.325828642901815,9552,0.657,0.018,0.751,0.021,0.704,0.0195
ERR1203383,683,21.35709818636648,9552,0.476,0.016,0.545,0.016,0.5105,0.016
ERR1203383,684,21.388367729831145,9552,0.888,0.026,1.054,0.029,0.9710000000000001,0.0275
ERR1203383,685,21.41963727329581,9552,0.751,0.024,0.878,0.025,0.8145,0.0245
ERR1203383,686,21.450906816760476,9552,0.712,0.019,0.824,0.021,0.768,0.02
ERR1203383,687,21.48217636022514,9552,0.704,0.019,0.816,0.022,0.76,0.020499999999999997
ERR1203383,688,21.513445903689806,9552,0.829,0.021,0.993,0.024,0.911,0.0225
ERR1203383,689,21.54471544715447,9552,0.727,0.019,0.851,0.021,0.7889999999999999,0.02
ERR1203383,690,21.575984990619137,9552,1.076,0.029,1.298,0.032,1.187,0.0305
ERR1203383,691,21.607254534083804,9552,0.882,0.023,1.06,0.026,0.9710000000000001,0.0245
ERR1203383,692,21.638524077548468,9552,0.791,0.023,0.922,0.027,0.8565,0.025
ERR1203383,693,21.669793621013135,9552,0.503,0.018,0.565,0.019,0.534,0.0185
ERR1203383,694,21.701063164477798,9552,0.734,0.018,0.864,0.021,0.7989999999999999,0.0195
ERR1203383,695,21.732332707942465,9552,0.651,0.019,0.748,0.02,0.6995,0.0195
ERR1203383,696,21.76360225140713,9552,0.71,0.02,0.807,0.022,0.7585,0.020999999999999998
ERR1203383,697,21.794871794871796,9552,1.169,0.031,1.442,0.035,1.3054999999999999,0.033
ERR1203383,698,21.82614133833646,9552,0.773,0.021,0.913,0.023,0.843,0.022
ERR1203383,699,21.857410881801126,9552,0.66,0.022,0.765,0.023,0.7125,0.0225
ERR1203383,700,21.88868042526579,9552,0.888,0.023,1.042,0.025,0.9650000000000001,0.024
ERR1203383,701,21.919949968730457,9552,0.643,0.018,0.762,0.02,0.7025,0.019
ERR1203383,702,21.951219512195124,9552,0.651,0.016,0.758,0.018,0.7045,0.017
ERR1203383,703,21.982489055659787,9552,0.554,0.016,0.649,0.018,0.6015,0.017
ERR1203383,704,22.013758599124454,9552,0.464,0.014,0.529,0.014,0.49650000000000005,0.014
ERR1203383,705,22.045028142589118,9552,0.437,0.013,0.501,0.014,0.469,0.0135
ERR1203383,706,22.076297686053785,9552,0.658,0.018,0.762,0.019,0.71,0.0185
ERR1203383,707,22.107567229518448,9552,0.66,0.018,0.776,0.02,0.718,0.019
ERR1203383,708,22.138836772983115,9552,0.725,0.022,0.843,0.024,0.784,0.023
ERR1203383,709,22.17010631644778,9552,0.614,0.018,0.713,0.019,0.6635,0.0185
ERR1203383,710,22.201375859912446,9552,0.832,0.023,0.993,0.029,0.9125,0.026000000000000002
ERR1203383,711,22.23264540337711,9552,0.701,0.019,0.821,0.021,0.7609999999999999,0.02
ERR1203383,712,22.263914946841776,9552,0.874,0.023,1.007,0.024,0.9404999999999999,0.0235
ERR1203383,713,22.29518449030644,9552,0.663,0.02,0.767,0.021,0.7150000000000001,0.0205
ERR1203383,714,22.326454033771107,9552,0.587,0.016,0.685,0.018,0.636,0.017
ERR1203383,715,22.357723577235774,9552,0.806,0.019,0.973,0.021,0.8895,0.02
ERR1203383,716,22.388993120700437,9552,0.616,0.016,0.733,0.017,0.6745,0.0165
ERR1203383,717,22.420262664165104,9552,0.732,0.019,0.853,0.021,0.7925,0.02
ERR1203383,718,22.451532207629768,9552,0.649,0.018,0.758,0.019,0.7035,0.0185
ERR1203383,719,22.482801751094435,9552,0.668,0.017,0.776,0.02,0.722,0.018500000000000003
ERR1203383,720,22.5140712945591,9552,0.679,0.018,0.791,0.019,0.7350000000000001,0.0185
ERR1203383,721,22.545340838023765,9552,0.891,0.026,1.121,0.029,1.006,0.0275
ERR1203383,722,22.57661038148843,9552,0.526,0.019,0.611,0.02,0.5685,0.0195
ERR1203383,723,22.607879924953096,9552,0.465,0.013,0.535,0.013,0.5,0.013
ERR1203383,724,22.63914946841776,9552,0.534,0.014,0.631,0.016,0.5825,0.015
ERR1203383,725,22.670419011882426,9552,0.571,0.016,0.668,0.017,0.6194999999999999,0.0165
ERR1203383,726,22.701688555347094,9552,0.552,0.014,0.637,0.015,0.5945,0.014499999999999999
ERR1203383,727,22.732958098811757,9552,0.609,0.019,0.708,0.021,0.6585,0.02
ERR1203383,728,22.764227642276424,9552,0.53,0.015,0.609,0.015,0.5695,0.015
ERR1203383,729,22.795497185741088,9552,0.498,0.014,0.565,0.014,0.5315,0.014
ERR1203383,730,22.826766729205755,9552,0.538,0.015,0.617,0.016,0.5775,0.0155
ERR1203383,731,22.858036272670418,9552,0.836,0.019,1.021,0.022,0.9284999999999999,0.020499999999999997
ERR1203383,732,22.889305816135085,9552,0.702,0.019,0.81,0.02,0.756,0.0195
ERR1203383,733,22.92057535959975,9552,0.586,0.016,0.69,0.018,0.6379999999999999,0.017
ERR1203383,734,22.951844903064416,9552,0.621,0.017,0.722,0.018,0.6715,0.0175
ERR1203383,735,22.98311444652908,9552,0.589,0.015,0.681,0.016,0.635,0.0155
ERR1203383,736,23.014383989993746,9552,0.566,0.014,0.645,0.016,0.6054999999999999,0.015
ERR1203383,737,23.045653533458413,9552,0.78,0.02,0.991,0.022,0.8855,0.020999999999999998
ERR1203383,738,23.076923076923077,9552,0.898,0.022,1.144,0.025,1.021,0.0235
ERR1203383,739,23.108192620387744,9552,1.03,0.026,1.267,0.029,1.1484999999999999,0.0275
ERR1203383,740,23.139462163852407,9552,0.801,0.022,0.946,0.026,0.8734999999999999,0.024
ERR1203383,741,23.170731707317074,9552,0.567,0.018,0.662,0.019,0.6145,0.0185
ERR1203383,742,23.202001250781738,9552,0.778,0.02,0.902,0.022,0.8400000000000001,0.020999999999999998
ERR1203383,743,23.233270794246405,9552,0.934,0.03,1.107,0.033,1.0205,0.0315
ERR1203383,744,23.264540337711068,9552,0.871,0.023,1.038,0.025,0.9545,0.024
ERR1203383,745,23.295809881175735,9552,0.84,0.022,1.015,0.025,0.9275,0.0235
ERR1203383,746,23.3270794246404,9552,0.647,0.019,0.744,0.021,0.6955,0.02
ERR1203383,747,23.358348968105066,9552,0.797,0.023,0.944,0.025,0.8705,0.024
ERR1203383,748,23.389618511569733,9552,1.086,0.028,1.338,0.031,1.2120000000000002,0.0295
ERR1203383,749,23.420888055034396,9552,1.101,0.028,1.324,0.031,1.2125,0.0295
ERR1203383,750,23.452157598499063,9552,0.652,0.018,0.76,0.02,0.706,0.019
ERR1203383,751,23.483427141963727,9552,0.729,0.018,0.861,0.021,0.7949999999999999,0.0195
ERR1203383,752,23.514696685428394,9552,0.61,0.021,0.713,0.021,0.6615,0.021
ERR1203383,753,23.545966228893057,9552,0.577,0.016,0.678,0.018,0.6275,0.017
ERR1203383,754,23.577235772357724,9552,0.855,0.02,1.04,0.022,0.9475,0.020999999999999998
ERR1203383,755,23.608505315822388,9552,0.882,0.023,1.064,0.026,0.9730000000000001,0.0245
ERR1203383,756,23.639774859287055,9552,0.572,0.02,0.662,0.021,0.617,0.0205
ERR1203383,757,23.67104440275172,9552,0.881,0.024,1.056,0.03,0.9685,0.027
ERR1203383,758,23.702313946216385,9552,0.854,0.021,1.012,0.023,0.933,0.022
ERR1203383,759,23.73358348968105,9552,0.518,0.015,0.592,0.015,0.5549999999999999,0.015
ERR1203383,760,23.764853033145716,9552,0.543,0.014,0.622,0.015,0.5825,0.014499999999999999
ERR1203383,761,23.796122576610383,9552,1.013,0.026,1.31,0.029,1.1615,0.0275
ERR1203383,762,23.827392120075046,9552,0.795,0.021,0.953,0.024,0.874,0.0225
ERR1203383,763,23.858661663539714,9552,0.848,0.021,1.007,0.023,0.9275,0.022
ERR1203383,764,23.889931207004377,9552,0.675,0.019,0.772,0.02,0.7235,0.0195
ERR1203383,765,23.921200750469044,9552,0.709,0.02,0.816,0.021,0.7625,0.0205
ERR1203383,766,23.952470293933708,9552,0.703,0.019,0.811,0.021,0.757,0.02
ERR1203383,767,23.983739837398375,9552,1.17,0.031,1.441,0.034,1.3054999999999999,0.0325
ERR1203383,768,24.015009380863038,9552,1.109,0.027,1.362,0.031,1.2355,0.028999999999999998
ERR1203383,769,24.046278924327705,9552,0.967,0.024,1.185,0.028,1.076,0.026000000000000002
ERR1203383,770,24.07754846779237,9552,0.606,0.018,0.697,0.02,0.6515,0.019
ERR1203383,771,24.108818011257036,9552,0.775,0.02,0.994,0.023,0.8845000000000001,0.0215
ERR1203383,772,24.140087554721703,9552,0.689,0.022,0.808,0.023,0.7484999999999999,0.0225
ERR1203383,773,24.171357098186366,9552,0.584,0.02,0.677,0.023,0.6305000000000001,0.0215
ERR1203383,774,24.202626641651033,9552,0.729,0.023,0.846,0.026,0.7875,0.0245
ERR1203383,775,24.233896185115697,9552,0.65,0.017,0.761,0.018,0.7055,0.0175
ERR1203383,776,24.265165728580364,9552,0.635,0.017,0.747,0.019,0.6910000000000001,0.018000000000000002
ERR1203383,777,24.296435272045027,9552,0.81,0.021,0.97,0.023,0.89,0.022
ERR1203383,778,24.327704815509694,9552,0.627,0.018,0.736,0.019,0.6815,0.0185
ERR1203383,779,24.358974358974358,9552,0.58,0.015,0.665,0.016,0.6225,0.0155
ERR1203383,780,24.390243902439025,9552,0.634,0.019,0.732,0.021,0.683,0.02
ERR1203383,781,24.421513445903688,9552,0.656,0.019,0.766,0.022,0.7110000000000001,0.020499999999999997
ERR1203383,782,24.452782989368355,9552,0.81,0.023,0.954,0.025,0.882,0.024
ERR1203383,783,24.484052532833022,9552,0.826,0.023,0.981,0.025,0.9035,0.024
ERR1203383,784,24.515322076297686,9552,0.721,0.02,0.837,0.022,0.7789999999999999,0.020999999999999998
ERR1203383,785,24.546591619762353,9552,0.711,0.017,0.844,0.019,0.7775,0.018000000000000002
ERR1203383,786,24.577861163227016,9552,0.677,0.02,0.774,0.021,0.7255,0.0205
ERR1203383,787,24.609130706691683,9552,0.814,0.023,0.962,0.025,0.8879999999999999,0.024
ERR1203383,788,24.640400250156347,9552,0.572,0.017,0.656,0.018,0.614,0.0175
ERR1203383,789,24.671669793621014,9552,0.641,0.018,0.76,0.02,0.7005,0.019
ERR1203383,790,24.702939337085677,9552,0.603,0.018,0.698,0.019,0.6505,0.0185
ERR1203383,791,24.734208880550344,9552,0.577,0.017,0.664,0.018,0.6205,0.0175
ERR1203383,792,24.765478424015008,9552,0.816,0.021,0.958,0.024,0.887,0.0225
ERR1203383,793,24.796747967479675,9552,1.015,0.027,1.253,0.03,1.134,0.028499999999999998
ERR1203383,794,24.828017510944342,9552,0.964,0.026,1.167,0.032,1.0655000000000001,0.028999999999999998
ERR1203383,795,24.859287054409005,9552,1.0,0.023,1.213,0.026,1.1065,0.0245
ERR1203383,796,24.890556597873672,9552,0.565,0.018,0.653,0.019,0.609,0.0185
ERR1203383,797,24.921826141338336,9552,0.702,0.02,0.82,0.022,0.7609999999999999,0.020999999999999998
ERR1203383,798,24.953095684803003,9552,0.816,0.021,0.957,0.024,0.8865,0.0225
ERR1203383,799,24.984365228267666,9552,0.888,0.023,1.071,0.026,0.9795,0.0245
ERR1203383,800,25.015634771732334,9552,0.544,0.015,0.611,0.016,0.5775,0.0155
ERR1203383,801,25.046904315196997,9552,0.827,0.025,0.978,0.027,0.9025,0.026000000000000002
ERR1203383,802,25.078173858661664,9552,0.673,0.017,0.769,0.019,0.7210000000000001,0.018000000000000002
ERR1203383,803,25.109443402126328,9552,0.668,0.019,0.777,0.02,0.7225,0.0195
ERR1203383,804,25.140712945590995,9552,0.691,0.022,0.805,0.025,0.748,0.0235
ERR1203383,805,25.171982489055658,9552,0.758,0.02,0.9,0.022,0.829,0.020999999999999998
ERR1203383,806,25.203252032520325,9552,0.682,0.019,0.786,0.02,0.734,0.0195
ERR1203383,807,25.234521575984992,9552,0.605,0.018,0.707,0.019,0.6559999999999999,0.0185
ERR1203383,808,25.265791119449656,9552,0.936,0.025,1.105,0.027,1.0205,0.026000000000000002
ERR1203383,809,25.297060662914323,9552,0.676,0.018,0.801,0.021,0.7385,0.0195
ERR1203383,810,25.328330206378986,9552,0.691,0.021,0.826,0.023,0.7585,0.022
ERR1203383,811,25.359599749843653,9552,0.752,0.018,0.89,0.02,0.821,0.019
ERR1203383,812,25.390869293308317,9552,0.513,0.016,0.585,0.018,0.5489999999999999,0.017
ERR1203383,813,25.422138836772984,9552,0.548,0.018,0.629,0.02,0.5885,0.019
ERR1203383,814,25.453408380237647,9552,0.893,0.024,1.077,0.029,0.985,0.026500000000000003
ERR1203383,815,25.484677923702314,9552,0.514,0.015,0.605,0.016,0.5595,0.0155
ERR1203383,816,25.515947467166978,9552,0.795,0.023,0.946,0.027,0.8705,0.025
ERR1203383,817,25.547217010631645,9552,0.815,0.024,0.976,0.027,0.8955,0.025500000000000002
ERR1203383,818,25.578486554096312,9552,1.231,0.028,1.547,0.034,1.389,0.031
ERR1203383,819,25.609756097560975,9552,0.991,0.026,1.175,0.03,1.083,0.027999999999999997
ERR1203383,820,25.641025641025642,9552,0.869,0.022,1.046,0.025,0.9575,0.0235
ERR1203383,821,25.672295184490306,9552,0.702,0.023,0.815,0.025,0.7585,0.024
ERR1203383,822,25.703564727954973,9552,0.893,0.026,1.049,0.028,0.971,0.027
ERR1203383,823,25.734834271419636,9552,0.538,0.015,0.618,0.015,0.5780000000000001,0.015
ERR1203383,824,25.766103814884303,9552,0.821,0.021,0.985,0.024,0.903,0.0225
ERR1203383,825,25.797373358348967,9552,0.695,0.022,0.815,0.024,0.7549999999999999,0.023
ERR1203383,826,25.828642901813634,9552,0.744,0.025,0.871,0.026,0.8075,0.025500000000000002
ERR1203383,827,25.859912445278297,9552,0.856,0.023,1.03,0.025,0.9430000000000001,0.024
ERR1203383,828,25.891181988742964,9552,0.762,0.018,0.886,0.02,0.8240000000000001,0.019
ERR1203383,829,25.92245153220763,9552,0.701,0.018,0.822,0.02,0.7615,0.019
ERR1203383,830,25.953721075672295,9552,0.668,0.016,0.774,0.018,0.7210000000000001,0.017
ERR1203383,831,25.984990619136962,9552,0.579,0.016,0.667,0.017,0.623,0.0165
ERR1203383,832,26.016260162601625,9552,0.62,0.019,0.706,0.021,0.663,0.02
ERR1203383,833,26.047529706066292,9552,0.684,0.023,0.79,0.024,0.7370000000000001,0.0235
ERR1203383,834,26.078799249530956,9552,0.723,0.02,0.851,0.022,0.7869999999999999,0.020999999999999998
ERR1203383,835,26.110068792995623,9552,0.882,0.025,1.061,0.027,0.9715,0.026000000000000002
ERR1203383,836,26.141338336460286,9552,0.878,0.024,1.046,0.027,0.962,0.025500000000000002
ERR1203383,837,26.172607879924954,9552,0.836,0.024,1.004,0.026,0.9199999999999999,0.025
ERR1203383,838,26.203877423389617,9552,0.941,0.025,1.139,0.029,1.04,0.027000000000000003
ERR1203383,839,26.235146966854284,9552,0.673,0.017,0.776,0.019,0.7245,0.018000000000000002
ERR1203383,840,26.26641651031895,9552,0.767,0.022,0.911,0.025,0.839,0.0235
ERR1203383,841,26.297686053783615,9552,0.923,0.022,1.094,0.025,1.0085000000000002,0.0235
ERR1203383,842,26.32895559724828,9552,0.904,0.024,1.088,0.029,0.996,0.026500000000000003
ERR1203383,843,26.360225140712945,9552,0.806,0.024,0.956,0.026,0.881,0.025
ERR1203383,844,26.391494684177612,9552,1.137,0.027,1.383,0.03,1.26,0.028499999999999998
ERR1203383,845,26.422764227642276,9552,0.683,0.018,0.816,0.02,0.7495,0.019
ERR1203383,846,26.454033771106943,9552,0.758,0.02,0.894,0.023,0.8260000000000001,0.0215
ERR1203383,847,26.485303314571606,9552,0.701,0.019,0.829,0.024,0.7649999999999999,0.0215
ERR1203383,848,26.516572858036273,9552,0.523,0.014,0.594,0.016,0.5585,0.015
ERR1203383,849,26.547842401500937,9552,0.577,0.018,0.663,0.019,0.62,0.0185
ERR1203383,850,26.579111944965604,9552,0.504,0.013,0.578,0.014,0.5409999999999999,0.0135
ERR1203383,851,26.610381488430267,9552,1.218,0.028,1.547,0.033,1.3824999999999998,0.0305
ERR1203383,852,26.641651031894934,9552,1.501,0.034,2.079,0.042,1.79,0.038000000000000006
ERR1203383,853,26.6729205753596,9552,0.523,0.014,0.633,0.015,0.5780000000000001,0.014499999999999999
ERR1203383,854,26.704190118824265,9552,0.561,0.015,0.659,0.015,0.6100000000000001,0.015
ERR1203383,855,26.735459662288932,9552,0.477,0.013,0.547,0.014,0.512,0.0135
ERR1203383,856,26.766729205753595,9552,0.795,0.021,0.927,0.023,0.861,0.022
ERR1203383,857,26.797998749218262,9552,0.767,0.02,0.89,0.021,0.8285,0.0205
ERR1203383,858,26.829268292682926,9552,0.809,0.021,0.958,0.024,0.8835,0.0225
ERR1203383,859,26.860537836147593,9552,0.755,0.022,0.878,0.023,0.8165,0.0225
ERR1203383,860,26.891807379612256,9552,0.705,0.021,0.824,0.023,0.7645,0.022
ERR1203383,861,26.923076923076923,9552,0.946,0.024,1.045,0.027,0.9954999999999999,0.025500000000000002
ERR1203383,862,26.954346466541587,9552,0.588,0.017,0.672,0.017,0.63,0.017
ERR1203383,863,26.985616010006254,9552,0.581,0.017,0.671,0.019,0.626,0.018000000000000002
ERR1203383,864,27.01688555347092,9552,0.798,0.02,0.946,0.022,0.872,0.020999999999999998
ERR1203383,865,27.048155096935584,9552,1.31,0.031,1.639,0.036,1.4745,0.0335
ERR1203383,866,27.07942464040025,9552,1.019,0.026,1.245,0.029,1.1320000000000001,0.0275
ERR1203383,867,27.110694183864915,9552,1.341,0.033,1.692,0.038,1.5165,0.035500000000000004
ERR1203383,868,27.141963727329582,9552,0.806,0.021,0.956,0.023,0.881,0.022
ERR1203383,869,27.173233270794245,9552,0.559,0.016,0.649,0.018,0.6040000000000001,0.017
ERR1203383,870,27.204502814258912,9552,0.815,0.022,0.961,0.024,0.8879999999999999,0.023
ERR1203383,871,27.235772357723576,9552,0.813,0.023,1.002,0.025,0.9075,0.024
ERR1203383,872,27.267041901188243,9552,0.659,0.022,0.759,0.022,0.7090000000000001,0.022
ERR1203383,873,27.298311444652906,9552,0.535,0.014,0.612,0.015,0.5735,0.014499999999999999
ERR1203383,874,27.329580988117574,9552,0.662,0.019,0.761,0.022,0.7115,0.020499999999999997
ERR1203383,875,27.36085053158224,9552,0.564,0.015,0.643,0.015,0.6034999999999999,0.015
ERR1203383,876,27.392120075046904,9552,0.78,0.02,0.918,0.022,0.849,0.020999999999999998
ERR1203383,877,27.42338961851157,9552,0.578,0.017,0.668,0.018,0.623,0.0175
ERR1203383,878,27.454659161976235,9552,0.815,0.025,0.969,0.026,0.8919999999999999,0.025500000000000002
ERR1203383,879,27.4859287054409,9552,0.585,0.02,0.679,0.02,0.632,0.02
ERR1203383,880,27.517198248905565,9552,0.817,0.023,0.973,0.025,0.895,0.024
ERR1203383,881,27.548467792370232,9552,0.881,0.024,1.076,0.027,0.9785,0.025500000000000002
ERR1203383,882,27.579737335834896,9552,1.304,0.03,1.725,0.038,1.5145,0.034
ERR1203383,883,27.611006879299563,9552,0.65,0.017,0.75,0.018,0.7,0.0175
ERR1203383,884,27.642276422764226,9552,0.756,0.019,0.887,0.022,0.8215,0.020499999999999997
ERR1203383,885,27.673545966228893,9552,0.661,0.016,0.77,0.018,0.7155,0.017
ERR1203383,886,27.70481550969356,9552,0.731,0.02,0.854,0.022,0.7925,0.020999999999999998
ERR1203383,887,27.736085053158224,9552,0.818,0.024,0.984,0.026,0.901,0.025
ERR1203383,888,27.76735459662289,9552,0.852,0.023,0.998,0.025,0.925,0.024
ERR1203383,889,27.798624140087554,9552,0.781,0.021,0.911,0.024,0.8460000000000001,0.0225
ERR1203383,890,27.82989368355222,9552,0.991,0.026,1.211,0.029,1.101,0.0275
ERR1203383,891,27.861163227016885,9552,0.625,0.017,0.728,0.019,0.6765,0.018000000000000002
ERR1203383,892,27.892432770481552,9552,0.715,0.018,0.827,0.019,0.7709999999999999,0.0185
ERR1203383,893,27.923702313946215,9552,0.677,0.021,0.779,0.021,0.728,0.021
ERR1203383,894,27.954971857410882,9552,0.767,0.019,0.891,0.02,0.829,0.0195
ERR1203383,895,27.986241400875546,9552,1.098,0.027,1.422,0.031,1.26,0.028999999999999998
ERR1203383,896,28.017510944340213,9552,0.839,0.021,1.012,0.023,0.9255,0.022
ERR1203383,897,28.048780487804876,9552,0.595,0.017,0.679,0.019,0.637,0.018000000000000002
ERR1203383,898,28.080050031269543,9552,0.745,0.018,0.872,0.021,0.8085,0.0195
ERR1203383,899,28.11131957473421,9552,0.619,0.016,0.714,0.016,0.6665,0.016
ERR1203383,900,28.142589118198874,9552,0.639,0.018,0.741,0.019,0.69,0.0185
ERR1203383,901,28.17385866166354,9552,0.657,0.02,0.765,0.021,0.7110000000000001,0.0205
ERR1203383,902,28.205128205128204,9552,0.659,0.017,0.757,0.019,0.708,0.018000000000000002
ERR1203383,903,28.23639774859287,9552,0.81,0.019,0.978,0.021,0.894,0.02
ERR1203383,904,28.267667292057535,9552,0.824,0.02,1.0,0.024,0.9119999999999999,0.022
ERR1203383,905,28.298936835522202,9552,0.554,0.017,0.642,0.019,0.5980000000000001,0.018000000000000002
ERR1203383,906,28.330206378986865,9552,0.696,0.019,0.815,0.022,0.7555,0.020499999999999997
ERR1203383,907,28.361475922451532,9552,0.636,0.017,0.736,0.019,0.6859999999999999,0.018000000000000002
ERR1203383,908,28.392745465916196,9552,0.84,0.022,0.991,0.026,0.9155,0.024
ERR1203383,909,28.424015009380863,9552,0.567,0.019,0.658,0.02,0.6125,0.0195
ERR1203383,910,28.45528455284553,9552,1.033,0.026,1.247,0.028,1.1400000000000001,0.027
ERR1203383,911,28.486554096310194,9552,0.976,0.023,1.194,0.026,1.085,0.0245
ERR1203383,912,28.51782363977486,9552,0.488,0.017,0.555,0.017,0.5215000000000001,0.017
ERR1203383,913,28.549093183239524,9552,0.95,0.026,1.141,0.029,1.0455,0.0275
ERR1203383,914,28.58036272670419,9552,0.708,0.017,0.801,0.018,0.7545,0.0175
ERR1203383,915,28.611632270168855,9552,0.515,0.015,0.591,0.015,0.5529999999999999,0.015
ERR1203383,916,28.64290181363352,9552,0.653,0.019,0.76,0.021,0.7065,0.02
ERR1203383,917,28.674171357098185,9552,0.798,0.021,0.945,0.023,0.8714999999999999,0.022
ERR1203383,918,28.705440900562852,9552,1.066,0.027,1.309,0.031,1.1875,0.028999999999999998
ERR1203383,919,28.736710444027516,9552,0.682,0.023,0.775,0.024,0.7285,0.0235
ERR1203383,920,28.767979987492183,9552,1.211,0.027,1.475,0.033,1.343,0.03
ERR1203383,921,28.79924953095685,9552,0.763,0.023,0.906,0.026,0.8345,0.0245
ERR1203383,922,28.830519074421513,9552,0.765,0.022,0.9,0.026,0.8325,0.024
ERR1203383,923,28.86178861788618,9552,0.607,0.015,0.697,0.017,0.6519999999999999,0.016
ERR1203383,924,28.893058161350844,9552,0.722,0.021,0.835,0.023,0.7785,0.022
ERR1203383,925,28.92432770481551,9552,0.678,0.019,0.778,0.021,0.728,0.02
ERR1203383,926,28.955597248280174,9552,0.813,0.025,0.945,0.026,0.879,0.025500000000000002
ERR1203383,927,28.98686679174484,9552,0.698,0.018,0.823,0.02,0.7605,0.019
ERR1203383,928,29.018136335209505,9552,0.915,0.025,1.095,0.029,1.005,0.027000000000000003
ERR1203383,929,29.049405878674172,9552,0.688,0.017,0.8,0.019,0.744,0.018000000000000002
ERR1203383,930,29.080675422138835,9552,0.958,0.024,1.136,0.027,1.047,0.025500000000000002
ERR1203383,931,29.111944965603502,9552,0.77,0.02,0.911,0.024,0.8405,0.022
ERR1203383,932,29.14321450906817,9552,0.631,0.018,0.72,0.019,0.6755,0.0185
ERR1203383,933,29.174484052532833,9552,0.672,0.022,0.786,0.024,0.7290000000000001,0.023
ERR1203383,934,29.2057535959975,9552,0.899,0.024,1.084,0.027,0.9915,0.025500000000000002
ERR1203383,935,29.237023139462163,9552,0.579,0.016,0.67,0.017,0.6245,0.0165
ERR1203383,936,29.26829268292683,9552,0.566,0.015,0.65,0.017,0.608,0.016
ERR1203383,937,29.299562226391494,9552,0.579,0.019,0.674,0.019,0.6265000000000001,0.019
ERR1203383,938,29.33083176985616,9552,0.759,0.019,0.89,0.021,0.8245,0.02
ERR1203383,939,29.362101313320824,9552,0.701,0.018,0.828,0.019,0.7645,0.0185
ERR1203383,940,29.39337085678549,9552,0.623,0.017,0.705,0.018,0.6639999999999999,0.0175
ERR1203383,941,29.424640400250155,9552,0.704,0.024,0.819,0.025,0.7615,0.0245
ERR1203383,942,29.455909943714822,9552,0.665,0.018,0.768,0.021,0.7165,0.0195
ERR1203383,943,29.487179487179485,9552,0.519,0.016,0.602,0.017,0.5605,0.0165
ERR1203383,944,29.518449030644152,9552,0.558,0.014,0.643,0.015,0.6005,0.014499999999999999
ERR1203383,945,29.54971857410882,9552,0.782,0.019,0.929,0.021,0.8555,0.02
ERR1203383,946,29.580988117573483,9552,0.63,0.016,0.731,0.017,0.6805,0.0165
ERR1203383,947,29.61225766103815,9552,0.592,0.016,0.682,0.017,0.637,0.0165
ERR1203383,948,29.643527204502814,9552,0.482,0.013,0.546,0.014,0.514,0.0135
ERR1203383,949,29.67479674796748,9552,0.497,0.013,0.594,0.014,0.5455,0.0135
ERR1203383,950,29.706066291432144,9552,0.49,0.012,0.595,0.014,0.5425,0.013000000000000001
ERR1203383,951,29.73733583489681,9552,0.46,0.012,0.544,0.013,0.502,0.0125
ERR1203383,952,29.768605378361475,9552,0.5,0.016,0.597,0.018,0.5485,0.017
ERR1203383,953,29.79987492182614,9552,0.398,0.012,0.479,0.013,0.4385,0.0125
ERR1203383,954,29.831144465290805,9552,0.428,0.012,0.505,0.013,0.4665,0.0125
ERR1203383,955,29.862414008755472,9552,0.394,0.012,0.459,0.012,0.4265,0.012
ERR1203383,956,29.89368355222014,9552,0.495,0.013,0.557,0.014,0.526,0.0135
ERR1203383,957,29.924953095684803,9552,0.507,0.014,0.585,0.015,0.546,0.014499999999999999
ERR1203383,958,29.95622263914947,9552,0.856,0.021,1.007,0.025,0.9315,0.023
ERR1203383,959,29.987492182614133,9552,0.833,0.021,0.995,0.023,0.9139999999999999,0.022
ERR1203383,960,30.0187617260788,9552,0.586,0.019,0.675,0.02,0.6305000000000001,0.0195
ERR1203383,961,30.050031269543464,9552,0.661,0.017,0.762,0.018,0.7115,0.0175
ERR1203383,962,30.08130081300813,9552,0.589,0.02,0.675,0.021,0.632,0.0205
ERR1203383,963,30.112570356472794,9552,0.625,0.02,0.74,0.024,0.6825,0.022
ERR1203383,964,30.14383989993746,9552,0.65,0.02,0.753,0.021,0.7015,0.0205
ERR1203383,965,30.175109443402125,9552,0.454,0.014,0.515,0.014,0.48450000000000004,0.014
ERR1203383,966,30.206378986866792,9552,0.495,0.015,0.559,0.016,0.527,0.0155
ERR1203383,967,30.23764853033146,9552,0.571,0.018,0.659,0.019,0.615,0.0185
ERR1203383,968,30.268918073796122,9552,0.584,0.017,0.668,0.018,0.626,0.0175
ERR1203383,969,30.30018761726079,9552,0.48,0.016,0.552,0.017,0.516,0.0165
ERR1203383,970,30.331457160725453,9552,0.941,0.029,1.148,0.031,1.0445,0.03
ERR1203383,971,30.36272670419012,9552,0.722,0.021,0.851,0.023,0.7865,0.022
ERR1203383,972,30.393996247654783,9552,0.81,0.022,0.956,0.025,0.883,0.0235
ERR1203383,973,30.42526579111945,9552,0.615,0.018,0.712,0.019,0.6635,0.0185
ERR1203383,974,30.456535334584114,9552,0.775,0.025,0.912,0.028,0.8435,0.026500000000000003
ERR1203383,975,30.48780487804878,9552,0.765,0.021,0.904,0.023,0.8345,0.022
ERR1203383,976,30.519074421513444,9552,0.551,0.02,0.624,0.021,0.5875,0.0205
ERR1203383,977,30.55034396497811,9552,0.936,0.024,1.131,0.028,1.0335,0.026000000000000002
ERR1203383,978,30.58161350844278,9552,1.177,0.027,1.428,0.031,1.3025,0.028999999999999998
ERR1203383,979,30.612883051907442,9552,0.594,0.016,0.69,0.018,0.6419999999999999,0.017
ERR1203383,980,30.64415259537211,9552,0.62,0.018,0.712,0.019,0.6659999999999999,0.0185
ERR1203383,981,30.675422138836772,9552,0.573,0.017,0.684,0.02,0.6285000000000001,0.018500000000000003
ERR1203383,982,30.70669168230144,9552,0.793,0.021,0.951,0.024,0.872,0.0225
ERR1203383,983,30.737961225766103,9552,0.719,0.018,0.848,0.02,0.7835,0.019
ERR1203383,984,30.76923076923077,9552,0.716,0.021,0.834,0.022,0.7749999999999999,0.0215
ERR1203383,985,30.800500312695434,9552,0.92,0.026,1.04,0.024,0.98,0.025
ERR1203383,986,30.8317698561601,9552,0.731,0.019,0.864,0.021,0.7975,0.02
ERR1203383,987,30.863039399624764,9552,0.551,0.016,0.642,0.017,0.5965,0.0165
ERR1203383,988,30.89430894308943,9552,0.567,0.015,0.66,0.016,0.6134999999999999,0.0155
ERR1203383,989,30.925578486554095,9552,0.546,0.016,0.637,0.016,0.5915,0.016
ERR1203383,990,30.95684803001876,9552,0.488,0.014,0.564,0.014,0.526,0.014
ERR1203383,991,30.98811757348343,9552,0.555,0.015,0.659,0.019,0.607,0.017
ERR1203383,992,31.019387116948092,9552,0.7,0.017,0.833,0.02,0.7665,0.018500000000000003
ERR1203383,993,31.05065666041276,9552,0.733,0.019,0.875,0.021,0.804,0.02
ERR1203383,994,31.081926203877423,9552,0.667,0.018,0.778,0.019,0.7225,0.0185
ERR1203383,995,31.11319574734209,9552,0.601,0.015,0.721,0.016,0.661,0.0155
ERR1203383,996,31.144465290806753,9552,0.614,0.018,0.706,0.02,0.6599999999999999,0.019
ERR1203383,997,31.17573483427142,9552,0.623,0.016,0.732,0.017,0.6775,0.0165
ERR1203383,998,31.207004377736084,9552,0.556,0.014,0.645,0.015,0.6005,0.014499999999999999
ERR1203383,999,31.23827392120075,9552,0.726,0.023,0.873,0.025,0.7995,0.024
ERR1203383,1000,31.269543464665414,9552,0.804,0.023,0.951,0.025,0.8775,0.024
ERR1203383,1001,31.30081300813008,9552,0.611,0.016,0.715,0.017,0.663,0.0165
ERR1203383,1002,31.33208255159475,9552,0.747,0.023,0.872,0.024,0.8095,0.0235
ERR1203383,1003,31.363352095059412,9552,0.858,0.023,1.018,0.025,0.938,0.024
ERR1203383,1004,31.39462163852408,9552,0.678,0.017,0.775,0.018,0.7265,0.0175
ERR1203383,1005,31.425891181988742,9552,0.539,0.017,0.616,0.018,0.5775,0.0175
ERR1203383,1006,31.45716072545341,9552,0.955,0.025,1.146,0.028,1.0505,0.026500000000000003
ERR1203383,1007,31.488430268918073,9552,0.606,0.021,0.709,0.022,0.6575,0.0215
ERR1203383,1008,31.51969981238274,9552,0.664,0.021,0.776,0.023,0.72,0.022
ERR1203383,1009,31.550969355847403,9552,0.64,0.02,0.745,0.02,0.6925,0.02
ERR1203383,1010,31.58223889931207,9552,0.713,0.018,0.825,0.02,0.7689999999999999,0.019
ERR1203383,1011,31.613508442776734,9552,1.015,0.027,1.237,0.03,1.126,0.028499999999999998
ERR1203383,1012,31.6447779862414,9552,0.814,0.021,0.932,0.026,0.873,0.0235
ERR1203383,1013,31.676047529706068,9552,0.668,0.017,0.779,0.018,0.7235,0.0175
ERR1203383,1014,31.70731707317073,9552,1.016,0.024,1.235,0.026,1.1255000000000002,0.025
ERR1203383,1015,31.7385866166354,9552,1.231,0.032,1.508,0.037,1.3695,0.0345
ERR1203383,1016,31.769856160100062,9552,0.613,0.016,0.706,0.017,0.6595,0.0165
ERR1203383,1017,31.80112570356473,9552,0.712,0.019,0.848,0.021,0.78,0.02
ERR1203383,1018,31.832395247029392,9552,0.497,0.014,0.566,0.016,0.5315,0.015
ERR1203383,1019,31.86366479049406,9552,0.498,0.015,0.598,0.015,0.548,0.015
ERR1203383,1020,31.894934333958723,9552,0.537,0.014,0.642,0.015,0.5895,0.014499999999999999
ERR1203383,1021,31.92620387742339,9552,0.695,0.018,0.836,0.02,0.7655,0.019
ERR1203383,1022,31.957473420888054,9552,0.687,0.019,0.832,0.024,0.7595000000000001,0.0215
ERR1203383,1023,31.98874296435272,9552,0.467,0.013,0.542,0.013,0.5045000000000001,0.013
ERR1203383,1024,32.020012507817384,9552,0.656,0.017,0.775,0.018,0.7155,0.0175
ERR1203383,1025,32.05128205128205,9552,0.499,0.013,0.581,0.013,0.54,0.013
ERR1203383,1026,32.08255159474672,9552,0.742,0.02,0.917,0.026,0.8295,0.023
ERR1203383,1027,32.113821138211385,9552,0.546,0.017,0.634,0.018,0.5900000000000001,0.0175
ERR1203383,1028,32.145090681676045,9552,0.561,0.017,0.65,0.016,0.6055,0.0165
ERR1203383,1029,32.17636022514071,9552,0.454,0.013,0.528,0.013,0.491,0.013
ERR1203383,1030,32.20762976860538,9552,0.58,0.015,0.713,0.016,0.6465,0.0155
ERR1203383,1031,32.238899312070046,9552,0.581,0.015,0.759,0.017,0.6699999999999999,0.016
ERR1203383,1032,32.270168855534706,9552,0.667,0.018,0.822,0.02,0.7444999999999999,0.019
ERR1203383,1033,32.30143839899937,9552,0.657,0.015,0.804,0.017,0.7305,0.016
ERR1203383,1034,32.33270794246404,9552,0.463,0.014,0.525,0.014,0.494,0.014
ERR1203383,1035,32.36397748592871,9552,0.472,0.013,0.537,0.015,0.5045,0.013999999999999999
ERR1203383,1036,32.395247029393374,9552,0.458,0.014,0.539,0.015,0.49850000000000005,0.014499999999999999
ERR1203383,1037,32.426516572858034,9552,0.465,0.014,0.523,0.014,0.494,0.014
ERR1203383,1038,32.4577861163227,9552,0.444,0.013,0.486,0.013,0.46499999999999997,0.013
ERR1203383,1039,32.48905565978737,9552,0.458,0.013,0.537,0.015,0.49750000000000005,0.013999999999999999
ERR1203383,1040,32.520325203252035,9552,0.468,0.014,0.518,0.014,0.493,0.014
ERR1203383,1041,32.551594746716695,9552,0.695,0.023,0.796,0.024,0.7455,0.0235
ERR1203383,1042,32.58286429018136,9552,0.499,0.014,0.546,0.014,0.5225,0.014
ERR1203383,1043,32.61413383364603,9552,0.548,0.015,0.619,0.015,0.5835,0.015
ERR1203383,1044,32.645403377110696,9552,0.499,0.015,0.552,0.015,0.5255000000000001,0.015
ERR1203383,1045,32.676672920575356,9552,0.48,0.013,0.55,0.014,0.515,0.0135
ERR1203383,1046,32.70794246404002,9552,0.556,0.016,0.638,0.017,0.597,0.0165
ERR1203383,1047,32.73921200750469,9552,0.725,0.021,0.844,0.023,0.7845,0.022
ERR1203383,1048,32.77048155096936,9552,0.693,0.019,0.804,0.02,0.7484999999999999,0.0195
ERR1203383,1049,32.801751094434024,9552,0.521,0.014,0.599,0.015,0.56,0.014499999999999999
ERR1203383,1050,32.833020637898684,9552,0.629,0.02,0.727,0.022,0.6779999999999999,0.020999999999999998
ERR1203383,1051,32.86429018136335,9552,0.562,0.014,0.641,0.015,0.6015,0.014499999999999999
ERR1203383,1052,32.89555972482802,9552,0.634,0.016,0.773,0.018,0.7035,0.017
ERR1203383,1053,32.926829268292686,9552,0.571,0.016,0.667,0.017,0.619,0.0165
ERR1203383,1054,32.958098811757345,9552,0.567,0.018,0.653,0.017,0.61,0.0175
ERR1203383,1055,32.98936835522201,9552,0.719,0.02,0.844,0.022,0.7815,0.020999999999999998
ERR1203383,1056,33.02063789868668,9552,0.502,0.014,0.568,0.014,0.5349999999999999,0.014
ERR1203383,1057,33.05190744215135,9552,0.641,0.019,0.746,0.021,0.6935,0.02
ERR1203383,1058,33.08317698561601,9552,0.577,0.017,0.656,0.018,0.6165,0.0175
ERR1203383,1059,33.11444652908067,9552,0.552,0.016,0.633,0.017,0.5925,0.0165
ERR1203383,1060,33.14571607254534,9552,0.635,0.016,0.739,0.017,0.687,0.0165
ERR1203383,1061,33.17698561601001,9552,0.628,0.016,0.727,0.018,0.6775,0.017
ERR1203383,1062,33.208255159474675,9552,0.55,0.015,0.629,0.015,0.5895,0.015
ERR1203383,1063,33.239524702939335,9552,0.481,0.013,0.553,0.014,0.517,0.0135
ERR1203383,1064,33.270794246404,9552,0.461,0.013,0.522,0.014,0.49150000000000005,0.0135
ERR1203383,1065,33.30206378986867,9552,0.488,0.013,0.558,0.014,0.523,0.0135
ERR1203383,1066,33.333333333333336,9552,0.539,0.016,0.631,0.017,0.585,0.0165
ERR1203383,1067,33.364602876797996,9552,0.574,0.015,0.662,0.016,0.618,0.0155
ERR1203383,1068,33.39587242026266,9552,0.475,0.013,0.542,0.013,0.5085,0.013
ERR1203383,1069,33.42714196372733,9552,0.782,0.023,0.966,0.026,0.874,0.0245
ERR1203383,1070,33.458411507192,9552,0.552,0.016,0.625,0.017,0.5885,0.0165
ERR1203383,1071,33.489681050656664,9552,0.659,0.018,0.762,0.02,0.7105,0.019
ERR1203383,1072,33.520950594121324,9552,0.72,0.019,0.831,0.022,0.7755,0.020499999999999997
ERR1203383,1073,33.55222013758599,9552,0.67,0.02,0.778,0.02,0.724,0.02
ERR1203383,1074,33.58348968105066,9552,0.646,0.018,0.746,0.02,0.696,0.019
ERR1203383,1075,33.614759224515325,9552,0.635,0.018,0.752,0.02,0.6935,0.019
ERR1203383,1076,33.646028767979985,9552,0.626,0.021,0.731,0.022,0.6785,0.0215
ERR1203383,1077,33.67729831144465,9552,0.707,0.022,0.844,0.023,0.7755,0.0225
ERR1203383,1078,33.70856785490932,9552,0.738,0.021,0.866,0.023,0.802,0.022
ERR1203383,1079,33.739837398373986,9552,0.439,0.014,0.499,0.014,0.469,0.014
ERR1203383,1080,33.771106941838646,9552,0.54,0.016,0.619,0.017,0.5795,0.0165
ERR1203383,1081,33.80237648530331,9552,1.7,0.035,2.565,0.049,2.1325,0.042
ERR1203383,1082,33.83364602876798,9552,0.929,0.026,1.155,0.029,1.042,0.0275
ERR1203383,1083,33.86491557223265,9552,0.906,0.025,1.091,0.029,0.9984999999999999,0.027000000000000003
ERR1203383,1084,33.896185115697314,9552,0.95,0.027,1.139,0.031,1.0445,0.028999999999999998
ERR1203383,1085,33.927454659161974,9552,0.633,0.022,0.734,0.022,0.6835,0.022
ERR1203383,1086,33.95872420262664,9552,0.88,0.024,1.06,0.027,0.97,0.025500000000000002
ERR1203383,1087,33.98999374609131,9552,0.645,0.016,0.78,0.018,0.7125,0.017
ERR1203383,1088,34.021263289555975,9552,0.952,0.023,1.174,0.028,1.063,0.025500000000000002
ERR1203383,1089,34.052532833020635,9552,0.535,0.015,0.612,0.015,0.5735,0.015
ERR1203383,1090,34.0838023764853,9552,1.13,0.027,1.396,0.031,1.263,0.028999999999999998
ERR1203383,1091,34.11507191994997,9552,0.653,0.017,0.753,0.018,0.7030000000000001,0.0175
ERR1203383,1092,34.146341463414636,9552,0.88,0.023,1.059,0.027,0.9695,0.025
ERR1203383,1093,34.1776110068793,9552,0.661,0.019,0.764,0.021,0.7125,0.02
ERR1203383,1094,34.20888055034396,9552,0.671,0.02,0.765,0.021,0.718,0.0205
ERR1203383,1095,34.24015009380863,9552,1.013,0.027,1.253,0.03,1.133,0.028499999999999998
ERR1203383,1096,34.2714196372733,9552,0.658,0.021,0.773,0.022,0.7155,0.0215
ERR1203383,1097,34.302689180737964,9552,0.866,0.023,1.021,0.025,0.9435,0.024
ERR1203383,1098,34.333958724202624,9552,0.619,0.02,0.716,0.02,0.6675,0.02
ERR1203383,1099,34.36522826766729,9552,0.467,0.016,0.535,0.018,0.501,0.017
ERR1203383,1100,34.39649781113196,9552,0.559,0.015,0.637,0.018,0.5980000000000001,0.0165
ERR1203383,1101,34.427767354596625,9552,1.022,0.026,1.227,0.031,1.1245,0.028499999999999998
ERR1203383,1102,34.459036898061285,9552,0.795,0.021,0.929,0.023,0.8620000000000001,0.022
ERR1203383,1103,34.49030644152595,9552,0.799,0.024,0.943,0.027,0.871,0.025500000000000002
ERR1203383,1104,34.52157598499062,9552,0.695,0.021,0.809,0.021,0.752,0.021
ERR1203383,1105,34.552845528455286,9552,1.148,0.031,1.347,0.035,1.2475,0.033
ERR1203383,1106,34.58411507191995,9552,0.743,0.021,0.872,0.026,0.8075,0.0235
ERR1203383,1107,34.61538461538461,9552,0.607,0.017,0.713,0.017,0.6599999999999999,0.017
ERR1203383,1108,34.64665415884928,9552,0.866,0.022,1.036,0.024,0.9510000000000001,0.023
ERR1203383,1109,34.67792370231395,9552,0.698,0.018,0.814,0.02,0.756,0.019
ERR1203383,1110,34.709193245778614,9552,0.567,0.017,0.644,0.018,0.6054999999999999,0.0175
ERR1203383,1111,34.740462789243274,9552,0.578,0.015,0.659,0.016,0.6185,0.0155
ERR1203383,1112,34.77173233270794,9552,0.716,0.018,0.823,0.019,0.7695,0.0185
ERR1203383,1113,34.80300187617261,9552,0.546,0.018,0.634,0.02,0.5900000000000001,0.019
ERR1203383,1114,34.834271419637275,9552,0.551,0.015,0.629,0.017,0.5900000000000001,0.016
ERR1203383,1115,34.865540963101935,9552,1.151,0.028,1.419,0.033,1.2850000000000001,0.0305
ERR1203383,1116,34.8968105065666,9552,0.526,0.017,0.599,0.017,0.5625,0.017
ERR1203383,1117,34.92808005003127,9552,0.584,0.018,0.67,0.02,0.627,0.019
ERR1203383,1118,34.959349593495936,9552,0.691,0.023,0.792,0.024,0.7415,0.0235
ERR1203383,1119,34.9906191369606,9552,0.818,0.026,0.963,0.028,0.8905,0.027
ERR1203383,1120,35.02188868042526,9552,0.907,0.021,1.087,0.024,0.997,0.0225
ERR1203383,1121,35.05315822388993,9552,0.866,0.024,1.024,0.029,0.9450000000000001,0.026500000000000003
ERR1203383,1122,35.0844277673546,9552,0.789,0.021,0.923,0.024,0.8560000000000001,0.0225
ERR1203383,1123,35.115697310819264,9552,0.561,0.017,0.641,0.019,0.601,0.018000000000000002
ERR1203383,1124,35.146966854283924,9552,0.64,0.02,0.725,0.022,0.6825,0.020999999999999998
ERR1203383,1125,35.17823639774859,9552,0.692,0.017,0.81,0.019,0.751,0.018000000000000002
ERR1203383,1126,35.20950594121326,9552,0.645,0.017,0.761,0.021,0.7030000000000001,0.019000000000000003
ERR1203383,1127,35.240775484677926,9552,0.614,0.02,0.708,0.021,0.661,0.0205
ERR1203383,1128,35.27204502814259,9552,0.61,0.019,0.711,0.02,0.6605,0.0195
ERR1203383,1129,35.30331457160725,9552,0.851,0.021,1.016,0.024,0.9335,0.0225
ERR1203383,1130,35.33458411507192,9552,0.652,0.019,0.769,0.02,0.7105,0.0195
ERR1203383,1131,35.36585365853659,9552,0.598,0.018,0.683,0.016,0.6405000000000001,0.017
ERR1203383,1132,35.397123202001254,9552,0.705,0.018,0.809,0.019,0.757,0.0185
ERR1203383,1133,35.42839274546591,9552,0.561,0.016,0.645,0.017,0.603,0.0165
ERR1203383,1134,35.45966228893058,9552,0.709,0.024,0.819,0.024,0.764,0.024
ERR1203383,1135,35.49093183239525,9552,0.827,0.023,0.968,0.025,0.8975,0.024
ERR1203383,1136,35.522201375859915,9552,0.63,0.016,0.72,0.017,0.675,0.0165
ERR1203383,1137,35.553470919324575,9552,0.593,0.016,0.677,0.016,0.635,0.016
ERR1203383,1138,35.58474046278924,9552,0.68,0.02,0.775,0.021,0.7275,0.0205
ERR1203383,1139,35.61601000625391,9552,0.63,0.02,0.723,0.02,0.6765,0.02
ERR1203383,1140,35.647279549718576,9552,0.829,0.023,0.974,0.026,0.9015,0.0245
ERR1203383,1141,35.67854909318324,9552,0.65,0.019,0.758,0.02,0.704,0.0195
ERR1203383,1142,35.7098186366479,9552,0.717,0.018,0.855,0.021,0.786,0.0195
ERR1203383,1143,35.74108818011257,9552,0.695,0.019,0.807,0.02,0.751,0.0195
ERR1203383,1144,35.77235772357724,9552,0.674,0.019,0.779,0.02,0.7265,0.0195
ERR1203383,1145,35.803627267041904,9552,0.477,0.014,0.548,0.015,0.5125,0.014499999999999999
ERR1203383,1146,35.834896810506564,9552,0.71,0.019,0.813,0.021,0.7615,0.02
ERR1203383,1147,35.86616635397123,9552,0.783,0.019,0.922,0.021,0.8525,0.02
ERR1203383,1148,35.8974358974359,9552,0.763,0.022,0.883,0.024,0.823,0.023
ERR1203383,1149,35.928705440900565,9552,0.65,0.017,0.766,0.02,0.708,0.018500000000000003
ERR1203383,1150,35.959974984365225,9552,0.661,0.021,0.762,0.024,0.7115,0.0225
ERR1203383,1151,35.99124452782989,9552,0.614,0.016,0.708,0.017,0.661,0.0165
ERR1203383,1152,36.02251407129456,9552,0.766,0.018,0.962,0.022,0.864,0.019999999999999997
ERR1203383,1153,36.053783614759226,9552,0.558,0.015,0.648,0.016,0.603,0.0155
ERR1203383,1154,36.08505315822389,9552,0.635,0.015,0.762,0.017,0.6985,0.016
ERR1203383,1155,36.11632270168855,9552,0.722,0.021,0.837,0.023,0.7795,0.022
ERR1203383,1156,36.14759224515322,9552,1.015,0.027,1.228,0.031,1.1215,0.028999999999999998
ERR1203383,1157,36.17886178861789,9552,0.671,0.019,0.776,0.02,0.7235,0.0195
ERR1203383,1158,36.210131332082554,9552,0.622,0.019,0.723,0.02,0.6725,0.0195
ERR1203383,1159,36.241400875547214,9552,0.504,0.016,0.578,0.016,0.5409999999999999,0.016
ERR1203383,1160,36.27267041901188,9552,0.749,0.02,0.865,0.022,0.8069999999999999,0.020999999999999998
ERR1203383,1161,36.30393996247655,9552,0.52,0.016,0.603,0.018,0.5615,0.017
ERR1203383,1162,36.335209505941215,9552,0.667,0.017,0.769,0.017,0.718,0.017
ERR1203383,1163,36.36647904940588,9552,0.618,0.016,0.719,0.02,0.6685,0.018000000000000002
ERR1203383,1164,36.39774859287054,9552,0.66,0.017,0.765,0.017,0.7125,0.017
ERR1203383,1165,36.42901813633521,9552,0.551,0.018,0.634,0.018,0.5925,0.018
ERR1203383,1166,36.460287679799876,9552,0.71,0.019,0.847,0.022,0.7785,0.020499999999999997
ERR1203383,1167,36.49155722326454,9552,0.552,0.019,0.636,0.021,0.5940000000000001,0.02
ERR1203383,1168,36.5228267667292,9552,0.819,0.023,0.949,0.025,0.8839999999999999,0.024
ERR1203383,1169,36.55409631019387,9552,0.762,0.022,0.889,0.026,0.8255,0.024
ERR1203383,1170,36.58536585365854,9552,0.786,0.018,0.941,0.02,0.8634999999999999,0.019
ERR1203383,1171,36.616635397123204,9552,0.779,0.022,0.92,0.024,0.8495,0.023
ERR1203383,1172,36.647904940587864,9552,0.662,0.017,0.788,0.019,0.7250000000000001,0.018000000000000002
ERR1203383,1173,36.67917448405253,9552,0.73,0.019,0.864,0.021,0.7969999999999999,0.02
ERR1203383,1174,36.7104440275172,9552,0.681,0.017,0.811,0.018,0.746,0.0175
ERR1203383,1175,36.741713570981865,9552,0.798,0.024,0.945,0.027,0.8714999999999999,0.025500000000000002
ERR1203383,1176,36.77298311444653,9552,0.995,0.024,1.205,0.027,1.1,0.025500000000000002
ERR1203383,1177,36.80425265791119,9552,0.63,0.017,0.746,0.021,0.688,0.019000000000000003
ERR1203383,1178,36.83552220137586,9552,0.917,0.024,1.078,0.027,0.9975,0.025500000000000002
ERR1203383,1179,36.866791744840526,9552,0.715,0.018,0.825,0.019,0.77,0.0185
ERR1203383,1180,36.89806128830519,9552,0.736,0.02,0.843,0.021,0.7895,0.0205
ERR1203383,1181,36.92933083176985,9552,0.82,0.023,0.973,0.025,0.8965,0.024
ERR1203383,1182,36.96060037523452,9552,0.629,0.017,0.711,0.018,0.6699999999999999,0.0175
ERR1203383,1183,36.99186991869919,9552,0.634,0.02,0.727,0.02,0.6805,0.02
ERR1203383,1184,37.023139462163854,9552,0.684,0.019,0.778,0.021,0.7310000000000001,0.02
ERR1203383,1185,37.05440900562852,9552,0.846,0.022,0.984,0.024,0.915,0.023
ERR1203383,1186,37.08567854909318,9552,0.808,0.023,0.924,0.025,0.8660000000000001,0.024
ERR1203383,1187,37.11694809255785,9552,0.655,0.018,0.752,0.02,0.7035,0.019
ERR1203383,1188,37.148217636022515,9552,0.718,0.019,0.823,0.02,0.7705,0.0195
ERR1203383,1189,37.17948717948718,9552,0.755,0.02,0.879,0.021,0.817,0.0205
ERR1203383,1190,37.21075672295184,9552,0.601,0.017,0.684,0.017,0.6425000000000001,0.017
ERR1203383,1191,37.24202626641651,9552,0.513,0.015,0.599,0.016,0.556,0.0155
ERR1203383,1192,37.273295809881176,9552,0.732,0.023,0.856,0.024,0.794,0.0235
ERR1203383,1193,37.30456535334584,9552,0.745,0.021,0.879,0.023,0.812,0.022
ERR1203383,1194,37.3358348968105,9552,0.813,0.025,0.952,0.026,0.8825,0.025500000000000002
ERR1203383,1195,37.36710444027517,9552,0.76,0.025,0.88,0.025,0.8200000000000001,0.025
ERR1203383,1196,37.39837398373984,9552,0.733,0.02,0.834,0.022,0.7835,0.020999999999999998
ERR1203383,1197,37.429643527204504,9552,0.622,0.019,0.744,0.021,0.683,0.02
ERR1203383,1198,37.46091307066917,9552,0.759,0.02,0.886,0.022,0.8225,0.020999999999999998
ERR1203383,1199,37.49218261413383,9552,0.802,0.02,0.93,0.022,0.8660000000000001,0.020999999999999998
ERR1203383,1200,37.5234521575985,9552,0.761,0.02,0.872,0.021,0.8165,0.0205
ERR1203383,1201,37.554721701063166,9552,0.621,0.016,0.722,0.016,0.6715,0.016
ERR1203383,1202,37.58599124452783,9552,0.481,0.014,0.542,0.015,0.5115000000000001,0.014499999999999999
ERR1203383,1203,37.61726078799249,9552,0.596,0.021,0.692,0.022,0.6439999999999999,0.0215
ERR1203383,1204,37.64853033145716,9552,0.602,0.015,0.712,0.017,0.657,0.016
ERR1203383,1205,37.67979987492183,9552,0.808,0.024,0.946,0.026,0.877,0.025
ERR1203383,1206,37.711069418386494,9552,0.608,0.018,0.694,0.019,0.651,0.0185
ERR1203383,1207,37.742338961851154,9552,0.532,0.015,0.604,0.015,0.5680000000000001,0.015
ERR1203383,1208,37.77360850531582,9552,0.718,0.02,0.823,0.022,0.7705,0.020999999999999998
ERR1203383,1209,37.80487804878049,9552,0.591,0.02,0.672,0.021,0.6315,0.0205
ERR1203383,1210,37.836147592245155,9552,1.121,0.028,1.347,0.032,1.234,0.03
ERR1203383,1211,37.86741713570982,9552,0.754,0.022,0.89,0.022,0.8220000000000001,0.022
ERR1203383,1212,37.89868667917448,9552,1.016,0.026,1.286,0.029,1.151,0.0275
ERR1203383,1213,37.92995622263915,9552,2.007,0.042,2.915,0.058,2.4610000000000003,0.05
ERR1203383,1214,37.961225766103816,9552,0.916,0.022,1.129,0.024,1.0225,0.023
ERR1203383,1215,37.99249530956848,9552,1.02,0.023,1.283,0.026,1.1515,0.0245
ERR1203383,1216,38.02376485303314,9552,0.969,0.024,1.157,0.026,1.063,0.025
ERR1203383,1217,38.05503439649781,9552,1.23,0.03,1.516,0.033,1.373,0.0315
ERR1203383,1218,38.08630393996248,9552,1.24,0.028,1.48,0.031,1.3599999999999999,0.0295
ERR1203383,1219,38.117573483427144,9552,1.074,0.024,1.31,0.028,1.1920000000000002,0.026000000000000002
ERR1203383,1220,38.14884302689181,9552,0.794,0.017,0.952,0.019,0.873,0.018000000000000002
ERR1203383,1221,38.18011257035647,9552,0.651,0.023,0.747,0.024,0.6990000000000001,0.0235
ERR1203383,1222,38.21138211382114,9552,0.722,0.018,0.846,0.019,0.784,0.0185
ERR1203383,1223,38.242651657285805,9552,0.821,0.022,0.969,0.024,0.895,0.023
ERR1203383,1224,38.27392120075047,9552,1.18,0.026,1.412,0.028,1.2959999999999998,0.027
ERR1203383,1225,38.30519074421513,9552,0.862,0.023,1.024,0.024,0.9430000000000001,0.0235
ERR1203383,1226,38.3364602876798,9552,0.716,0.023,0.824,0.024,0.77,0.0235
ERR1203383,1227,38.367729831144466,9552,0.858,0.024,1.044,0.025,0.9510000000000001,0.0245
ERR1203383,1228,38.39899937460913,9552,0.738,0.018,0.853,0.02,0.7955,0.019
ERR1203383,1229,38.43026891807379,9552,0.864,0.023,1.0,0.024,0.9319999999999999,0.0235
ERR1203383,1230,38.46153846153846,9552,0.799,0.028,0.911,0.03,0.855,0.028999999999999998
ERR1203383,1231,38.49280800500313,9552,0.504,0.017,0.565,0.017,0.5345,0.017
ERR1203383,1232,38.524077548467794,9552,1.018,0.025,1.23,0.029,1.124,0.027000000000000003
ERR1203383,1233,38.55534709193246,9552,0.616,0.031,0.632,0.016,0.624,0.0235
ERR1203383,1234,38.58661663539712,9552,0.643,0.018,0.729,0.019,0.6859999999999999,0.0185
ERR1203383,1235,38.61788617886179,9552,0.715,0.021,0.838,0.022,0.7765,0.0215
ERR1203383,1236,38.649155722326455,9552,0.911,0.025,1.106,0.028,1.0085000000000002,0.026500000000000003
ERR1203383,1237,38.68042526579112,9552,0.578,0.018,0.65,0.018,0.614,0.018
ERR1203383,1238,38.71169480925578,9552,0.583,0.015,0.658,0.015,0.6205,0.015
ERR1203383,1239,38.74296435272045,9552,0.592,0.017,0.682,0.018,0.637,0.0175
ERR1203383,1240,38.774233896185116,9552,0.597,0.02,0.676,0.021,0.6365000000000001,0.0205
ERR1203383,1241,38.80550343964978,9552,0.675,0.021,0.766,0.022,0.7205,0.0215
ERR1203383,1242,38.83677298311444,9552,1.002,0.023,1.228,0.028,1.115,0.025500000000000002
ERR1203383,1243,38.86804252657911,9552,0.706,0.019,0.825,0.02,0.7655,0.0195
ERR1203383,1244,38.89931207004378,9552,0.61,0.016,0.701,0.018,0.6555,0.017
ERR1203383,1245,38.930581613508444,9552,0.713,0.018,0.838,0.02,0.7755,0.019
ERR1203383,1246,38.96185115697311,9552,0.514,0.014,0.587,0.016,0.5505,0.015
ERR1203383,1247,38.99312070043777,9552,0.547,0.017,0.64,0.019,0.5935,0.018000000000000002
ERR1203383,1248,39.02439024390244,9552,0.533,0.016,0.609,0.016,0.571,0.016
ERR1203383,1249,39.055659787367105,9552,0.633,0.016,0.754,0.018,0.6935,0.017
ERR1203383,1250,39.08692933083177,9552,0.562,0.014,0.637,0.016,0.5995,0.015
ERR1203383,1251,39.11819887429643,9552,0.462,0.013,0.528,0.013,0.495,0.013
ERR1203383,1252,39.1494684177611,9552,0.586,0.017,0.702,0.019,0.6439999999999999,0.018000000000000002
ERR1203383,1253,39.180737961225766,9552,0.51,0.014,0.584,0.014,0.5469999999999999,0.014
ERR1203383,1254,39.21200750469043,9552,0.581,0.013,0.718,0.015,0.6495,0.013999999999999999
ERR1203383,1255,39.2432770481551,9552,0.656,0.014,0.892,0.018,0.774,0.016
ERR1203383,1256,39.27454659161976,9552,0.588,0.014,0.723,0.015,0.6555,0.014499999999999999
ERR1203383,1257,39.30581613508443,9552,0.71,0.017,0.822,0.019,0.766,0.018000000000000002
ERR1203383,1258,39.337085678549094,9552,0.849,0.021,0.999,0.024,0.9239999999999999,0.0225
ERR1203383,1259,39.36835522201376,9552,0.855,0.023,1.025,0.025,0.94,0.024
ERR1203383,1260,39.39962476547842,9552,0.64,0.017,0.743,0.018,0.6915,0.0175
ERR1203383,1261,39.43089430894309,9552,0.565,0.016,0.639,0.017,0.602,0.0165
ERR1203383,1262,39.462163852407755,9552,0.796,0.022,0.95,0.026,0.873,0.024
ERR1203383,1263,39.49343339587242,9552,0.753,0.021,0.888,0.022,0.8205,0.0215
ERR1203383,1264,39.52470293933708,9552,0.712,0.018,0.827,0.02,0.7695,0.019
ERR1203383,1265,39.55597248280175,9552,0.619,0.018,0.71,0.019,0.6645,0.0185
ERR1203383,1266,39.587242026266416,9552,0.5,0.014,0.564,0.015,0.532,0.014499999999999999
ERR1203383,1267,39.61851156973108,9552,0.64,0.019,0.743,0.02,0.6915,0.0195
ERR1203383,1268,39.64978111319575,9552,0.856,0.023,1.017,0.026,0.9364999999999999,0.0245
ERR1203383,1269,39.68105065666041,9552,0.686,0.022,0.786,0.024,0.736,0.023
ERR1203383,1270,39.71232020012508,9552,0.864,0.024,1.013,0.028,0.9384999999999999,0.026000000000000002
ERR1203383,1271,39.743589743589745,9552,0.654,0.017,0.749,0.019,0.7015,0.018000000000000002
ERR1203383,1272,39.77485928705441,9552,0.674,0.018,0.762,0.02,0.718,0.019
ERR1203383,1273,39.80612883051907,9552,0.768,0.022,0.889,0.023,0.8285,0.0225
ERR1203383,1274,39.83739837398374,9552,0.556,0.016,0.639,0.017,0.5975,0.0165
ERR1203383,1275,39.868667917448406,9552,0.666,0.018,0.767,0.019,0.7165,0.0185
ERR1203383,1276,39.89993746091307,9552,0.662,0.02,0.757,0.021,0.7095,0.0205
ERR1203383,1277,39.93120700437774,9552,0.906,0.027,1.062,0.027,0.984,0.027
ERR1203383,1278,39.9624765478424,9552,0.578,0.02,0.652,0.02,0.615,0.02
ERR1203383,1279,39.99374609130707,9552,0.737,0.02,0.869,0.02,0.8029999999999999,0.02
ERR1203383,1280,40.025015634771734,9552,0.44,0.014,0.493,0.015,0.4665,0.014499999999999999
ERR1203383,1281,40.0562851782364,9552,0.542,0.015,0.625,0.015,0.5835,0.015
ERR1203383,1282,40.08755472170106,9552,0.703,0.019,0.809,0.02,0.756,0.0195
ERR1203383,1283,40.11882426516573,9552,0.675,0.017,0.777,0.017,0.726,0.017
ERR1203383,1284,40.150093808630395,9552,0.698,0.018,0.805,0.02,0.7515000000000001,0.019
ERR1203383,1285,40.18136335209506,9552,0.77,0.022,0.891,0.023,0.8305,0.0225
ERR1203383,1286,40.21263289555972,9552,0.792,0.022,0.918,0.024,0.855,0.023
ERR1203383,1287,40.24390243902439,9552,0.606,0.015,0.693,0.016,0.6495,0.0155
ERR1203383,1288,40.275171982489056,9552,0.595,0.015,0.678,0.016,0.6365000000000001,0.0155
ERR1203383,1289,40.30644152595372,9552,0.848,0.024,0.991,0.025,0.9195,0.0245
ERR1203383,1290,40.33771106941839,9552,0.764,0.02,0.883,0.021,0.8235,0.0205
ERR1203383,1291,40.36898061288305,9552,0.644,0.017,0.729,0.017,0.6865,0.017
ERR1203383,1292,40.40025015634772,9552,0.643,0.019,0.735,0.02,0.6890000000000001,0.0195
ERR1203383,1293,40.431519699812384,9552,0.593,0.017,0.678,0.019,0.6355,0.018000000000000002
ERR1203383,1294,40.46278924327705,9552,0.826,0.022,0.986,0.025,0.9059999999999999,0.0235
ERR1203383,1295,40.49405878674171,9552,0.802,0.031,0.868,0.022,0.835,0.0265
ERR1203383,1296,40.52532833020638,9552,0.536,0.015,0.617,0.016,0.5765,0.0155
ERR1203383,1297,40.556597873671045,9552,0.549,0.014,0.672,0.015,0.6105,0.014499999999999999
ERR1203383,1298,40.58786741713571,9552,0.594,0.014,0.711,0.016,0.6525,0.015
ERR1203383,1299,40.61913696060037,9552,0.523,0.016,0.592,0.016,0.5575,0.016
ERR1203383,1300,40.65040650406504,9552,0.496,0.013,0.567,0.014,0.5315,0.0135
ERR1203383,1301,40.681676047529706,9552,0.615,0.015,0.741,0.016,0.6779999999999999,0.0155
ERR1203383,1302,40.71294559099437,9552,0.523,0.014,0.626,0.016,0.5745,0.015
ERR1203383,1303,40.74421513445904,9552,1.172,0.027,1.434,0.031,1.303,0.028999999999999998
ERR1203383,1304,40.7754846779237,9552,0.667,0.017,0.773,0.019,0.72,0.018000000000000002
ERR1203383,1305,40.80675422138837,9552,0.608,0.016,0.707,0.017,0.6575,0.0165
ERR1203383,1306,40.838023764853034,9552,0.513,0.013,0.581,0.015,0.5469999999999999,0.013999999999999999
ERR1203383,1307,40.8692933083177,9552,0.591,0.021,0.661,0.018,0.626,0.0195
ERR1203383,1308,40.90056285178236,9552,0.571,0.016,0.662,0.017,0.6165,0.0165
ERR1203383,1309,40.93183239524703,9552,0.476,0.013,0.539,0.013,0.5075000000000001,0.013
ERR1203383,1310,40.963101938711695,9552,0.46,0.013,0.519,0.014,0.48950000000000005,0.0135
ERR1203383,1311,40.99437148217636,9552,0.536,0.019,0.607,0.019,0.5715,0.019
ERR1203383,1312,41.02564102564103,9552,0.604,0.016,0.697,0.018,0.6505,0.017
ERR1203383,1313,41.05691056910569,9552,0.891,0.023,1.085,0.025,0.988,0.024
ERR1203383,1314,41.088180112570356,9552,0.8,0.02,0.922,0.022,0.861,0.020999999999999998
ERR1203383,1315,41.11944965603502,9552,0.683,0.018,0.78,0.019,0.7315,0.0185
ERR1203383,1316,41.15071919949969,9552,0.705,0.02,0.821,0.022,0.7629999999999999,0.020999999999999998
ERR1203383,1317,41.18198874296435,9552,0.69,0.017,0.793,0.018,0.7415,0.0175
ERR1203383,1318,41.21325828642902,9552,0.615,0.016,0.702,0.016,0.6585,0.016
ERR1203383,1319,41.244527829893684,9552,0.839,0.024,0.954,0.023,0.8965,0.0235
ERR1203383,1320,41.27579737335835,9552,0.575,0.019,0.659,0.02,0.617,0.0195
ERR1203383,1321,41.30706691682301,9552,0.798,0.021,0.929,0.023,0.8635,0.022
ERR1203383,1322,41.33833646028768,9552,0.994,0.025,1.199,0.028,1.0965,0.026500000000000003
ERR1203383,1323,41.369606003752345,9552,0.828,0.022,1.035,0.024,0.9315,0.023
ERR1203383,1324,41.40087554721701,9552,0.884,0.022,1.077,0.026,0.9804999999999999,0.024
ERR1203383,1325,41.43214509068168,9552,0.863,0.021,1.021,0.024,0.942,0.0225
ERR1203383,1326,41.46341463414634,9552,0.591,0.016,0.676,0.017,0.6335,0.0165
ERR1203383,1327,41.494684177611006,9552,0.743,0.02,0.879,0.022,0.8109999999999999,0.020999999999999998
ERR1203383,1328,41.52595372107567,9552,0.956,0.022,1.194,0.026,1.075,0.024
ERR1203383,1329,41.55722326454034,9552,1.105,0.027,1.35,0.034,1.2275,0.0305
ERR1203383,1330,41.588492808005,9552,0.645,0.023,0.693,0.018,0.669,0.020499999999999997
ERR1203383,1331,41.61976235146967,9552,0.58,0.017,0.669,0.018,0.6245,0.0175
ERR1203383,1332,41.651031894934334,9552,0.805,0.022,0.925,0.023,0.865,0.0225
ERR1203383,1333,41.682301438399,9552,0.687,0.023,0.775,0.024,0.7310000000000001,0.0235
ERR1203383,1334,41.71357098186366,9552,0.682,0.018,0.79,0.02,0.736,0.019
ERR1203383,1335,41.74484052532833,9552,0.439,0.014,0.499,0.014,0.469,0.014
ERR1203383,1336,41.776110068792995,9552,0.58,0.018,0.663,0.017,0.6214999999999999,0.0175
ERR1203383,1337,41.80737961225766,9552,0.52,0.015,0.59,0.015,0.5549999999999999,0.015
ERR1203383,1338,41.83864915572233,9552,0.545,0.015,0.632,0.016,0.5885,0.0155
ERR1203383,1339,41.86991869918699,9552,0.671,0.021,0.779,0.022,0.7250000000000001,0.0215
ERR1203383,1340,41.901188242651656,9552,0.629,0.017,0.704,0.019,0.6665,0.018000000000000002
ERR1203383,1341,41.93245778611632,9552,0.675,0.017,0.782,0.019,0.7285,0.018000000000000002
ERR1203383,1342,41.96372732958099,9552,0.718,0.024,0.799,0.023,0.7585,0.0235
ERR1203383,1343,41.99499687304565,9552,0.521,0.017,0.592,0.018,0.5565,0.0175
ERR1203383,1344,42.02626641651032,9552,0.637,0.02,0.731,0.022,0.6839999999999999,0.020999999999999998
ERR1203383,1345,42.057535959974985,9552,0.637,0.019,0.741,0.02,0.6890000000000001,0.0195
ERR1203383,1346,42.08880550343965,9552,0.73,0.017,0.842,0.019,0.786,0.018000000000000002
ERR1203383,1347,42.12007504690432,9552,0.76,0.017,0.889,0.02,0.8245,0.018500000000000003
ERR1203383,1348,42.15134459036898,9552,0.785,0.021,0.919,0.024,0.8520000000000001,0.0225
ERR1203383,1349,42.182614133833646,9552,0.836,0.024,0.994,0.026,0.915,0.025
ERR1203383,1350,42.21388367729831,9552,0.921,0.024,1.102,0.027,1.0115,0.025500000000000002
ERR1203383,1351,42.24515322076298,9552,0.613,0.018,0.709,0.018,0.661,0.018
ERR1203383,1352,42.27642276422764,9552,0.644,0.016,0.748,0.018,0.696,0.017
ERR1203383,1353,42.30769230769231,9552,0.644,0.029,0.687,0.018,0.6655,0.0235
ERR1203383,1354,42.338961851156974,9552,0.628,0.018,0.723,0.02,0.6755,0.019
ERR1203383,1355,42.37023139462164,9552,0.841,0.026,0.999,0.027,0.9199999999999999,0.0265
ERR1203383,1356,42.4015009380863,9552,0.791,0.022,0.936,0.024,0.8635,0.023
ERR1203383,1357,42.43277048155097,9552,0.535,0.017,0.603,0.016,0.569,0.0165
ERR1203383,1358,42.464040025015635,9552,0.693,0.019,0.816,0.022,0.7545,0.020499999999999997
ERR1203383,1359,42.4953095684803,9552,0.667,0.018,0.779,0.022,0.7230000000000001,0.019999999999999997
ERR1203383,1360,42.52657911194497,9552,5.382,0.1,9.203,0.157,7.2924999999999995,0.1285
ERR1203383,1361,42.55784865540963,9552,0.632,0.019,0.72,0.02,0.6759999999999999,0.0195
ERR1203383,1362,42.589118198874296,9552,0.886,0.024,1.036,0.027,0.9610000000000001,0.025500000000000002
ERR1203383,1363,42.62038774233896,9552,0.746,0.023,0.867,0.026,0.8065,0.0245
ERR1203383,1364,42.65165728580363,9552,0.805,0.02,0.934,0.022,0.8695,0.020999999999999998
ERR1203383,1365,42.68292682926829,9552,0.715,0.019,0.833,0.021,0.774,0.02
ERR1203383,1366,42.71419637273296,9552,0.706,0.019,0.823,0.02,0.7645,0.0195
ERR1203383,1367,42.745465916197624,9552,0.862,0.025,1.006,0.026,0.9339999999999999,0.025500000000000002
ERR1203383,1368,42.77673545966229,9552,0.863,0.021,1.035,0.025,0.949,0.023
ERR1203383,1369,42.80800500312696,9552,0.616,0.017,0.707,0.018,0.6615,0.0175
ERR1203383,1370,42.83927454659162,9552,0.948,0.025,1.134,0.028,1.041,0.026500000000000003
ERR1203383,1371,42.870544090056285,9552,0.804,0.022,0.943,0.024,0.8734999999999999,0.023
ERR1203383,1372,42.90181363352095,9552,0.627,0.017,0.72,0.018,0.6735,0.0175
ERR1203383,1373,42.93308317698562,9552,0.604,0.017,0.684,0.019,0.644,0.018000000000000002
ERR1203383,1374,42.96435272045028,9552,0.751,0.023,0.873,0.025,0.812,0.024
ERR1203383,1375,42.995622263914946,9552,0.857,0.024,1.022,0.027,0.9395,0.025500000000000002
ERR1203383,1376,43.02689180737961,9552,0.784,0.023,0.918,0.025,0.851,0.024
ERR1203383,1377,43.05816135084428,9552,0.75,0.021,0.882,0.023,0.8160000000000001,0.022
ERR1203383,1378,43.08943089430894,9552,0.836,0.024,0.982,0.027,0.909,0.025500000000000002
ERR1203383,1379,43.12070043777361,9552,0.721,0.019,0.83,0.02,0.7755,0.0195
ERR1203383,1380,43.151969981238274,9552,1.005,0.025,1.229,0.028,1.117,0.026500000000000003
ERR1203383,1381,43.18323952470294,9552,0.786,0.02,0.923,0.021,0.8545,0.0205
ERR1203383,1382,43.21450906816761,9552,1.103,0.031,1.373,0.036,1.238,0.0335
ERR1203383,1383,43.24577861163227,9552,0.801,0.02,0.996,0.023,0.8985000000000001,0.0215
ERR1203383,1384,43.277048155096935,9552,0.696,0.021,0.797,0.022,0.7464999999999999,0.0215
ERR1203383,1385,43.3083176985616,9552,0.993,0.025,1.219,0.029,1.106,0.027000000000000003
ERR1203383,1386,43.33958724202627,9552,0.667,0.018,0.756,0.019,0.7115,0.0185
ERR1203383,1387,43.37085678549093,9552,0.849,0.021,1.019,0.026,0.9339999999999999,0.0235
ERR1203383,1388,43.402126328955596,9552,0.669,0.017,0.777,0.019,0.7230000000000001,0.018000000000000002
ERR1203383,1389,43.43339587242026,9552,0.637,0.017,0.736,0.018,0.6865,0.0175
ERR1203383,1390,43.46466541588493,9552,0.735,0.018,0.859,0.02,0.7969999999999999,0.019
ERR1203383,1391,43.49593495934959,9552,0.955,0.023,1.154,0.026,1.0545,0.0245
ERR1203383,1392,43.52720450281426,9552,0.73,0.021,0.862,0.024,0.796,0.0225
ERR1203383,1393,43.558474046278924,9552,0.683,0.018,0.794,0.02,0.7385,0.019
ERR1203383,1394,43.58974358974359,9552,0.639,0.018,0.731,0.02,0.685,0.019
ERR1203383,1395,43.62101313320826,9552,0.903,0.023,1.074,0.025,0.9885,0.024
ERR1203383,1396,43.65228267667292,9552,0.643,0.018,0.735,0.02,0.6890000000000001,0.019
ERR1203383,1397,43.683552220137585,9552,0.731,0.023,0.844,0.025,0.7875,0.024
ERR1203383,1398,43.71482176360225,9552,0.726,0.021,0.841,0.022,0.7835,0.0215
ERR1203383,1399,43.74609130706692,9552,0.802,0.019,0.964,0.022,0.883,0.020499999999999997
ERR1203383,1400,43.77736085053158,9552,0.751,0.022,0.876,0.024,0.8135,0.023
ERR1203383,1401,43.808630393996246,9552,0.61,0.023,0.699,0.025,0.6545,0.024
ERR1203383,1402,43.83989993746091,9552,0.804,0.022,0.943,0.024,0.8734999999999999,0.023
ERR1203383,1403,43.87116948092558,9552,1.038,0.027,1.273,0.032,1.1555,0.0295
ERR1203383,1404,43.90243902439025,9552,0.844,0.025,0.993,0.027,0.9185,0.026000000000000002
ERR1203383,1405,43.93370856785491,9552,0.671,0.018,0.787,0.02,0.7290000000000001,0.019
ERR1203383,1406,43.964978111319574,9552,0.652,0.021,0.746,0.023,0.6990000000000001,0.022
ERR1203383,1407,43.99624765478424,9552,0.774,0.02,0.907,0.022,0.8405,0.020999999999999998
ERR1203383,1408,44.02751719824891,9552,0.615,0.028,0.653,0.015,0.634,0.0215
ERR1203383,1409,44.05878674171357,9552,0.613,0.019,0.707,0.022,0.6599999999999999,0.020499999999999997
ERR1203383,1410,44.090056285178235,9552,0.623,0.015,0.715,0.016,0.669,0.0155
ERR1203383,1411,44.1213258286429,9552,1.015,0.026,1.242,0.029,1.1284999999999998,0.0275
ERR1203383,1412,44.15259537210757,9552,1.043,0.026,1.284,0.029,1.1635,0.0275
ERR1203383,1413,44.18386491557223,9552,0.814,0.021,0.955,0.024,0.8845,0.0225
ERR1203383,1414,44.215134459036896,9552,0.583,0.015,0.677,0.016,0.63,0.0155
ERR1203383,1415,44.24640400250156,9552,0.48,0.015,0.537,0.015,0.5085,0.015
ERR1203383,1416,44.27767354596623,9552,0.855,0.024,1.005,0.026,0.9299999999999999,0.025
ERR1203383,1417,44.3089430894309,9552,0.906,0.023,1.083,0.026,0.9944999999999999,0.0245
ERR1203383,1418,44.34021263289556,9552,0.739,0.021,0.851,0.023,0.7949999999999999,0.022
ERR1203383,1419,44.371482176360225,9552,0.702,0.018,0.808,0.019,0.755,0.0185
ERR1203383,1420,44.40275171982489,9552,0.554,0.02,0.582,0.017,0.5680000000000001,0.018500000000000003
ERR1203383,1421,44.43402126328956,9552,0.606,0.018,0.695,0.019,0.6505,0.0185
ERR1203383,1422,44.46529080675422,9552,0.552,0.015,0.645,0.016,0.5985,0.0155
ERR1203383,1423,44.496560350218886,9552,0.553,0.015,0.637,0.015,0.595,0.015
ERR1203383,1424,44.52782989368355,9552,0.51,0.014,0.585,0.017,0.5475,0.0155
ERR1203383,1425,44.55909943714822,9552,0.457,0.013,0.526,0.014,0.49150000000000005,0.0135
ERR1203383,1426,44.59036898061288,9552,0.422,0.012,0.492,0.013,0.45699999999999996,0.0125
ERR1203383,1427,44.62163852407755,9552,0.435,0.014,0.497,0.014,0.46599999999999997,0.014
ERR1203383,1428,44.652908067542214,9552,0.478,0.014,0.547,0.014,0.5125,0.014
ERR1203383,1429,44.68417761100688,9552,0.442,0.013,0.506,0.013,0.474,0.013
ERR1203383,1430,44.71544715447155,9552,0.421,0.012,0.482,0.013,0.4515,0.0125
ERR1203383,1431,44.74671669793621,9552,0.54,0.015,0.627,0.016,0.5835,0.0155
ERR1203383,1432,44.777986241400875,9552,0.699,0.022,0.823,0.024,0.7609999999999999,0.023
ERR1203383,1433,44.80925578486554,9552,0.65,0.02,0.743,0.019,0.6965,0.0195
ERR1203383,1434,44.84052532833021,9552,0.71,0.021,0.825,0.022,0.7675,0.0215
ERR1203383,1435,44.87179487179487,9552,0.751,0.019,0.874,0.021,0.8125,0.02
ERR1203383,1436,44.903064415259536,9552,0.664,0.018,0.756,0.018,0.71,0.018
ERR1203383,1437,44.9343339587242,9552,0.557,0.019,0.636,0.021,0.5965,0.02
ERR1203383,1438,44.96560350218887,9552,0.762,0.021,0.913,0.023,0.8375,0.022
ERR1203383,1439,44.99687304565354,9552,0.762,0.022,0.9,0.024,0.831,0.023
ERR1203383,1440,45.0281425891182,9552,1.134,0.025,1.387,0.03,1.2605,0.0275
ERR1203383,1441,45.059412132582864,9552,0.697,0.019,0.811,0.021,0.754,0.02
ERR1203383,1442,45.09068167604753,9552,0.812,0.024,0.957,0.026,0.8845000000000001,0.025
ERR1203383,1443,45.1219512195122,9552,0.809,0.022,0.954,0.023,0.8815,0.0225
ERR1203383,1444,45.15322076297686,9552,0.743,0.023,0.884,0.028,0.8135,0.025500000000000002
ERR1203383,1445,45.184490306441525,9552,0.685,0.019,0.816,0.022,0.7505,0.020499999999999997
ERR1203383,1446,45.21575984990619,9552,0.825,0.026,0.947,0.024,0.8859999999999999,0.025
ERR1203383,1447,45.24702939337086,9552,0.683,0.02,0.839,0.022,0.761,0.020999999999999998
ERR1203383,1448,45.27829893683552,9552,1.142,0.032,1.398,0.032,1.27,0.032
ERR1203383,1449,45.309568480300186,9552,0.651,0.018,0.754,0.019,0.7025,0.0185
ERR1203383,1450,45.34083802376485,9552,1.244,0.029,1.546,0.035,1.395,0.032
ERR1203383,1451,45.37210756722952,9552,0.677,0.02,0.799,0.021,0.738,0.0205
ERR1203383,1452,45.40337711069419,9552,0.655,0.017,0.766,0.019,0.7105,0.018000000000000002
ERR1203383,1453,45.43464665415885,9552,0.592,0.015,0.699,0.017,0.6455,0.016
ERR1203383,1454,45.465916197623514,9552,0.802,0.02,0.953,0.022,0.8775,0.020999999999999998
ERR1203383,1455,45.49718574108818,9552,0.513,0.014,0.585,0.016,0.5489999999999999,0.015
ERR1203383,1456,45.52845528455285,9552,0.487,0.016,0.57,0.016,0.5285,0.016
ERR1203383,1457,45.55972482801751,9552,0.476,0.013,0.547,0.014,0.5115000000000001,0.0135
ERR1203383,1458,45.590994371482175,9552,0.594,0.015,0.685,0.016,0.6395,0.0155
ERR1203383,1459,45.62226391494684,9552,0.52,0.014,0.507,0.013,0.5135000000000001,0.0135
ERR1203383,1460,45.65353345841151,9552,0.486,0.013,0.477,0.013,0.4815,0.013
ERR1203383,1461,45.684803001876176,9552,0.616,0.017,0.596,0.017,0.606,0.017
ERR1203383,1462,45.716072545340836,9552,0.944,0.022,0.911,0.021,0.9275,0.0215
ERR1203383,1463,45.7473420888055,9552,0.754,0.019,0.721,0.018,0.7375,0.0185
ERR1203383,1464,45.77861163227017,9552,0.775,0.021,0.746,0.021,0.7605,0.021
ERR1203383,1465,45.80988117573484,9552,1.617,0.034,1.549,0.033,1.583,0.0335
ERR1203383,1466,45.8411507191995,9552,2.072,0.042,1.973,0.04,2.0225,0.041
ERR1203383,1467,45.872420262664164,9552,2.112,0.044,2.027,0.042,2.0695,0.043
ERR1203383,1468,45.90368980612883,9552,1.232,0.028,1.183,0.027,1.2075,0.0275
ERR1203383,1469,45.9349593495935,9552,0.853,0.023,0.82,0.022,0.8365,0.0225
ERR1203383,1470,45.96622889305816,9552,0.893,0.025,0.858,0.025,0.8755,0.025
ERR1203383,1471,45.997498436522825,9552,1.024,0.025,0.976,0.024,1.0,0.0245
ERR1203383,1472,46.02876797998749,9552,0.983,0.025,0.951,0.025,0.967,0.025
ERR1203383,1473,46.06003752345216,9552,0.925,0.025,0.87,0.025,0.8975,0.025
ERR1203383,1474,46.091307066916826,9552,0.775,0.021,0.738,0.02,0.7565,0.0205
ERR1203383,1475,46.122576610381486,9552,0.822,0.023,0.782,0.021,0.802,0.022
ERR1203383,1476,46.15384615384615,9552,1.181,0.029,1.11,0.028,1.1455000000000002,0.0285
ERR1203383,1477,46.18511569731082,9552,1.175,0.029,1.119,0.028,1.147,0.0285
ERR1203383,1478,46.21638524077549,9552,0.878,0.023,0.844,0.024,0.861,0.0235
ERR1203383,1479,46.24765478424015,9552,0.787,0.018,0.753,0.017,0.77,0.0175
ERR1203383,1480,46.278924327704814,9552,0.966,0.023,0.916,0.022,0.9410000000000001,0.0225
ERR1203383,1481,46.31019387116948,9552,0.807,0.018,0.766,0.018,0.7865,0.018
ERR1203383,1482,46.34146341463415,9552,0.969,0.022,0.917,0.021,0.9430000000000001,0.0215
ERR1203383,1483,46.37273295809881,9552,1.152,0.028,1.096,0.027,1.124,0.0275
ERR1203383,1484,46.404002501563475,9552,0.864,0.023,0.82,0.021,0.842,0.022
ERR1203383,1485,46.43527204502814,9552,0.868,0.021,0.817,0.021,0.8425,0.021
ERR1203383,1486,46.46654158849281,9552,0.652,0.017,0.626,0.016,0.639,0.0165
ERR1203383,1487,46.49781113195748,9552,0.748,0.019,0.716,0.019,0.732,0.019
ERR1203383,1488,46.529080675422136,9552,0.711,0.019,0.699,0.02,0.705,0.0195
ERR1203383,1489,46.5603502188868,9552,0.879,0.026,0.83,0.025,0.8545,0.025500000000000002
ERR1203383,1490,46.59161976235147,9552,0.908,0.02,0.861,0.02,0.8845000000000001,0.02
ERR1203383,1491,46.62288930581614,9552,0.768,0.019,0.725,0.019,0.7464999999999999,0.019
ERR1203383,1492,46.6541588492808,9552,0.909,0.02,0.855,0.019,0.882,0.0195
ERR1203383,1493,46.685428392745465,9552,0.837,0.021,0.803,0.02,0.8200000000000001,0.0205
ERR1203383,1494,46.71669793621013,9552,0.562,0.019,0.544,0.018,0.553,0.0185
ERR1203383,1495,46.7479674796748,9552,0.794,0.019,0.761,0.02,0.7775000000000001,0.0195
ERR1203383,1496,46.779237023139466,9552,0.685,0.017,0.655,0.016,0.67,0.0165
ERR1203383,1497,46.810506566604126,9552,0.892,0.022,0.841,0.022,0.8665,0.022
ERR1203383,1498,46.84177611006879,9552,0.859,0.023,0.823,0.023,0.841,0.023
ERR1203383,1499,46.87304565353346,9552,0.874,0.023,0.821,0.022,0.8474999999999999,0.0225
ERR1203383,1500,46.90431519699813,9552,0.855,0.023,0.818,0.023,0.8365,0.023
ERR1203383,1501,46.93558474046279,9552,0.78,0.022,0.743,0.021,0.7615000000000001,0.0215
ERR1203383,1502,46.966854283927454,9552,0.868,0.026,0.825,0.022,0.8465,0.024
ERR1203383,1503,46.99812382739212,9552,1.071,0.026,1.026,0.025,1.0485,0.025500000000000002
ERR1203383,1504,47.02939337085679,9552,0.621,0.017,0.606,0.017,0.6134999999999999,0.017
ERR1203383,1505,47.06066291432145,9552,0.89,0.023,0.852,0.022,0.871,0.0225
ERR1203383,1506,47.091932457786115,9552,0.616,0.017,0.593,0.017,0.6045,0.017
ERR1203383,1507,47.12320200125078,9552,0.751,0.017,0.716,0.017,0.7335,0.017
ERR1203383,1508,47.15447154471545,9552,0.876,0.021,0.837,0.021,0.8565,0.021
ERR1203383,1509,47.185741088180116,9552,0.906,0.021,0.864,0.02,0.885,0.0205
ERR1203383,1510,47.217010631644776,9552,0.641,0.017,0.617,0.016,0.629,0.0165
ERR1203383,1511,47.24828017510944,9552,0.714,0.018,0.684,0.017,0.6990000000000001,0.0175
ERR1203383,1512,47.27954971857411,9552,0.553,0.014,0.534,0.014,0.5435000000000001,0.014
ERR1203383,1513,47.31081926203878,9552,0.684,0.018,0.654,0.017,0.669,0.0175
ERR1203383,1514,47.34208880550344,9552,0.849,0.021,0.81,0.02,0.8295,0.0205
ERR1203383,1515,47.373358348968104,9552,1.072,0.026,1.017,0.024,1.0445,0.025
ERR1203383,1516,47.40462789243277,9552,0.918,0.023,0.881,0.022,0.8995,0.0225
ERR1203383,1517,47.43589743589744,9552,0.64,0.016,0.606,0.015,0.623,0.0155
ERR1203383,1518,47.4671669793621,9552,0.698,0.017,0.668,0.017,0.683,0.017
ERR1203383,1519,47.498436522826765,9552,0.683,0.017,0.653,0.016,0.668,0.0165
ERR1203383,1520,47.52970606629143,9552,0.683,0.017,0.664,0.018,0.6735,0.0175
ERR1203383,1521,47.5609756097561,9552,0.603,0.016,0.578,0.015,0.5905,0.0155
ERR1203383,1522,47.592245153220766,9552,0.925,0.026,0.88,0.025,0.9025000000000001,0.025500000000000002
ERR1203383,1523,47.623514696685426,9552,0.72,0.019,0.692,0.019,0.706,0.019
ERR1203383,1524,47.65478424015009,9552,0.79,0.019,0.762,0.019,0.776,0.019
ERR1203383,1525,47.68605378361476,9552,0.849,0.02,0.809,0.02,0.829,0.02
ERR1203383,1526,47.71732332707943,9552,0.827,0.019,0.784,0.019,0.8055,0.019
ERR1203383,1527,47.74859287054409,9552,0.591,0.015,0.569,0.014,0.58,0.014499999999999999
ERR1203383,1528,47.779862414008754,9552,0.691,0.02,0.666,0.019,0.6785,0.0195
ERR1203383,1529,47.81113195747342,9552,0.612,0.016,0.583,0.015,0.5974999999999999,0.0155
ERR1203383,1530,47.84240150093809,9552,0.677,0.016,0.65,0.015,0.6635,0.0155
ERR1203383,1531,47.873671044402755,9552,0.685,0.017,0.66,0.016,0.6725000000000001,0.0165
ERR1203383,1532,47.904940587867415,9552,0.721,0.018,0.693,0.017,0.707,0.0175
ERR1203383,1533,47.93621013133208,9552,0.656,0.016,0.625,0.015,0.6405000000000001,0.0155
ERR1203383,1534,47.96747967479675,9552,0.715,0.017,0.686,0.017,0.7005,0.017
ERR1203383,1535,47.998749218261416,9552,0.626,0.019,0.614,0.018,0.62,0.0185
ERR1203383,1536,48.030018761726076,9552,0.942,0.021,0.897,0.021,0.9195,0.021
ERR1203383,1537,48.06128830519074,9552,0.842,0.019,0.804,0.018,0.823,0.0185
ERR1203383,1538,48.09255784865541,9552,0.634,0.017,0.615,0.016,0.6245,0.0165
ERR1203383,1539,48.12382739212008,9552,0.716,0.018,0.681,0.016,0.6985,0.017
ERR1203383,1540,48.15509693558474,9552,0.761,0.021,0.733,0.02,0.747,0.0205
ERR1203383,1541,48.186366479049404,9552,0.578,0.015,0.554,0.014,0.5660000000000001,0.014499999999999999
ERR1203383,1542,48.21763602251407,9552,0.765,0.018,0.725,0.018,0.745,0.018
ERR1203383,1543,48.24890556597874,9552,0.702,0.018,0.671,0.016,0.6865,0.017
ERR1203383,1544,48.280175109443405,9552,0.609,0.015,0.588,0.014,0.5985,0.014499999999999999
ERR1203383,1545,48.311444652908065,9552,0.635,0.017,0.607,0.016,0.621,0.0165
ERR1203383,1546,48.34271419637273,9552,0.564,0.017,0.544,0.018,0.554,0.0175
ERR1203383,1547,48.3739837398374,9552,0.708,0.02,0.678,0.02,0.6930000000000001,0.02
ERR1203383,1548,48.405253283302066,9552,0.667,0.016,0.639,0.015,0.653,0.0155
ERR1203383,1549,48.436522826766726,9552,0.885,0.022,0.854,0.021,0.8694999999999999,0.0215
ERR1203383,1550,48.46779237023139,9552,0.567,0.014,0.546,0.014,0.5565,0.014
ERR1203383,1551,48.49906191369606,9552,0.718,0.017,0.682,0.016,0.7,0.0165
ERR1203383,1552,48.53033145716073,9552,0.52,0.016,0.506,0.016,0.513,0.016
ERR1203383,1553,48.561601000625394,9552,0.54,0.015,0.52,0.015,0.53,0.015
ERR1203383,1554,48.592870544090054,9552,0.595,0.015,0.579,0.015,0.587,0.015
ERR1203383,1555,48.62414008755472,9552,0.593,0.018,0.573,0.017,0.583,0.0175
ERR1203383,1556,48.65540963101939,9552,0.524,0.015,0.512,0.014,0.518,0.014499999999999999
ERR1203383,1557,48.686679174484055,9552,1.048,0.022,1.029,0.022,1.0385,0.022
ERR1203383,1558,48.717948717948715,9552,0.493,0.013,0.481,0.013,0.487,0.013
ERR1203383,1559,48.74921826141338,9552,0.622,0.016,0.6,0.015,0.611,0.0155
ERR1203383,1560,48.78048780487805,9552,0.631,0.016,0.605,0.016,0.618,0.016
ERR1203383,1561,48.81175734834272,9552,0.885,0.025,0.853,0.023,0.869,0.024
ERR1203383,1562,48.843026891807376,9552,0.746,0.02,0.721,0.019,0.7335,0.0195
ERR1203383,1563,48.87429643527204,9552,0.899,0.023,0.858,0.024,0.8785000000000001,0.0235
ERR1203383,1564,48.90556597873671,9552,0.954,0.022,0.901,0.021,0.9275,0.0215
ERR1203383,1565,48.93683552220138,9552,0.775,0.019,0.74,0.02,0.7575000000000001,0.0195
ERR1203383,1566,48.968105065666045,9552,0.669,0.017,0.646,0.016,0.6575,0.0165
ERR1203383,1567,48.999374609130705,9552,0.809,0.024,0.769,0.022,0.789,0.023
ERR1203383,1568,49.03064415259537,9552,1.039,0.027,0.982,0.026,1.0105,0.0265
ERR1203383,1569,49.06191369606004,9552,1.181,0.033,1.115,0.031,1.1480000000000001,0.032
ERR1203383,1570,49.093183239524706,9552,1.081,0.026,1.026,0.025,1.0535,0.025500000000000002
ERR1203383,1571,49.124452782989366,9552,0.908,0.027,0.875,0.028,0.8915,0.0275
ERR1203383,1572,49.15572232645403,9552,1.057,0.024,1.005,0.023,1.031,0.0235
ERR1203383,1573,49.1869918699187,9552,0.99,0.022,0.935,0.021,0.9625,0.0215
ERR1203383,1574,49.21826141338337,9552,0.785,0.02,0.754,0.02,0.7695000000000001,0.02
ERR1203383,1575,49.24953095684803,9552,1.028,0.027,0.973,0.026,1.0005,0.0265
ERR1203383,1576,49.280800500312694,9552,0.719,0.019,0.69,0.018,0.7044999999999999,0.0185
ERR1203383,1577,49.31207004377736,9552,0.808,0.018,0.764,0.019,0.786,0.0185
ERR1203383,1578,49.34333958724203,9552,1.091,0.028,1.045,0.028,1.068,0.028
ERR1203383,1579,49.374609130706695,9552,1.142,0.027,1.085,0.025,1.1135,0.026000000000000002
ERR1203383,1580,49.405878674171355,9552,0.978,0.024,0.937,0.024,0.9575,0.024
ERR1203383,1581,49.43714821763602,9552,0.849,0.02,0.802,0.019,0.8255,0.0195
ERR1203383,1582,49.46841776110069,9552,0.958,0.028,0.899,0.024,0.9285,0.026000000000000002
ERR1203383,1583,49.499687304565356,9552,0.912,0.023,0.866,0.023,0.889,0.023
ERR1203383,1584,49.530956848030016,9552,0.843,0.02,0.797,0.019,0.8200000000000001,0.0195
ERR1203383,1585,49.56222639149468,9552,0.841,0.025,0.8,0.023,0.8205,0.024
ERR1203383,1586,49.59349593495935,9552,1.04,0.025,0.981,0.024,1.0105,0.0245
ERR1203383,1587,49.62476547842402,9552,0.857,0.022,0.816,0.021,0.8365,0.0215
ERR1203383,1588,49.656035021888684,9552,1.018,0.027,0.969,0.025,0.9935,0.026000000000000002
ERR1203383,1589,49.687304565353344,9552,0.921,0.022,0.875,0.021,0.898,0.0215
ERR1203383,1590,49.71857410881801,9552,1.154,0.035,1.089,0.026,1.1215,0.0305
ERR1203383,1591,49.74984365228268,9552,1.025,0.026,0.965,0.024,0.9949999999999999,0.025
ERR1203383,1592,49.781113195747345,9552,1.349,0.03,1.291,0.029,1.3199999999999998,0.0295
ERR1203383,1593,49.812382739212005,9552,1.482,0.032,1.426,0.031,1.454,0.0315
ERR1203383,1594,49.84365228267667,9552,0.831,0.024,0.801,0.023,0.8160000000000001,0.0235
ERR1203383,1595,49.87492182614134,9552,0.958,0.024,0.907,0.023,0.9325,0.0235
ERR1203383,1596,49.906191369606006,9552,1.009,0.025,0.976,0.025,0.9924999999999999,0.025
ERR1203383,1597,49.937460913070666,9552,0.82,0.024,0.797,0.023,0.8085,0.0235
ERR1203383,1598,49.96873045653533,9552,0.827,0.018,0.805,0.018,0.8160000000000001,0.018
ERR1203383,1599,50.0,9552,0.633,0.015,0.59,0.014,0.6114999999999999,0.014499999999999999
ERR1203383,1600,50.03126954346467,9552,0.619,0.016,0.592,0.015,0.6054999999999999,0.0155
ERR1203383,1601,50.062539086929334,9552,0.659,0.018,0.626,0.017,0.6425000000000001,0.0175
ERR1203383,1602,50.093808630393994,9552,0.885,0.022,0.857,0.022,0.871,0.022
ERR1203383,1603,50.12507817385866,9552,1.058,0.028,0.994,0.027,1.026,0.0275
ERR1203383,1604,50.15634771732333,9552,1.226,0.029,1.153,0.028,1.1895,0.0285
ERR1203383,1605,50.187617260787995,9552,1.122,0.025,1.051,0.025,1.0865,0.025
ERR1203383,1606,50.218886804252655,9552,0.698,0.015,0.66,0.015,0.679,0.015
ERR1203383,1607,50.25015634771732,9552,0.727,0.02,0.687,0.019,0.7070000000000001,0.0195
ERR1203383,1608,50.28142589118199,9552,0.845,0.022,0.798,0.022,0.8215,0.022
ERR1203383,1609,50.312695434646656,9552,0.94,0.023,0.883,0.021,0.9115,0.022
ERR1203383,1610,50.343964978111316,9552,1.421,0.032,1.335,0.03,1.3780000000000001,0.031
ERR1203383,1611,50.37523452157598,9552,0.796,0.018,0.759,0.017,0.7775000000000001,0.0175
ERR1203383,1612,50.40650406504065,9552,0.78,0.02,0.749,0.02,0.7645,0.02
ERR1203383,1613,50.43777360850532,9552,0.725,0.022,0.696,0.021,0.7104999999999999,0.0215
ERR1203383,1614,50.469043151969984,9552,0.701,0.019,0.682,0.02,0.6915,0.0195
ERR1203383,1615,50.500312695434644,9552,0.779,0.018,0.731,0.016,0.755,0.017
ERR1203383,1616,50.53158223889931,9552,0.745,0.019,0.713,0.018,0.729,0.0185
ERR1203383,1617,50.56285178236398,9552,0.72,0.021,0.683,0.02,0.7015,0.0205
ERR1203383,1618,50.594121325828645,9552,0.589,0.015,0.566,0.015,0.5774999999999999,0.015
ERR1203383,1619,50.625390869293305,9552,0.65,0.019,0.626,0.018,0.638,0.0185
ERR1203383,1620,50.65666041275797,9552,0.999,0.024,0.955,0.023,0.977,0.0235
ERR1203383,1621,50.68792995622264,9552,0.685,0.021,0.661,0.02,0.673,0.0205
ERR1203383,1622,50.719199499687306,9552,0.663,0.017,0.642,0.016,0.6525000000000001,0.0165
ERR1203383,1623,50.75046904315197,9552,0.633,0.015,0.61,0.014,0.6214999999999999,0.014499999999999999
ERR1203383,1624,50.78173858661663,9552,0.829,0.021,0.798,0.021,0.8135,0.021
ERR1203383,1625,50.8130081300813,9552,0.834,0.02,0.791,0.019,0.8125,0.0195
ERR1203383,1626,50.84427767354597,9552,0.987,0.026,0.938,0.025,0.9624999999999999,0.025500000000000002
ERR1203383,1627,50.875547217010634,9552,0.726,0.017,0.688,0.016,0.707,0.0165
ERR1203383,1628,50.906816760475294,9552,0.937,0.023,0.782,0.02,0.8595,0.0215
ERR1203383,1629,50.93808630393996,9552,0.868,0.024,0.84,0.023,0.854,0.0235
ERR1203383,1630,50.96935584740463,9552,0.915,0.024,0.883,0.024,0.899,0.024
ERR1203383,1631,51.000625390869295,9552,0.967,0.023,0.918,0.025,0.9425,0.024
ERR1203383,1632,51.031894934333955,9552,1.096,0.025,1.048,0.025,1.072,0.025
ERR1203383,1633,51.06316447779862,9552,0.722,0.019,0.694,0.018,0.708,0.0185
ERR1203383,1634,51.09443402126329,9552,0.979,0.025,0.941,0.025,0.96,0.025
ERR1203383,1635,51.12570356472796,9552,0.646,0.016,0.61,0.015,0.628,0.0155
ERR1203383,1636,51.156973108192624,9552,0.607,0.017,0.584,0.016,0.5954999999999999,0.0165
ERR1203383,1637,51.18824265165728,9552,0.886,0.022,0.835,0.021,0.8605,0.0215
ERR1203383,1638,51.21951219512195,9552,0.912,0.026,0.864,0.023,0.888,0.0245
ERR1203383,1639,51.25078173858662,9552,0.898,0.024,0.857,0.023,0.8775,0.0235
ERR1203383,1640,51.282051282051285,9552,0.805,0.018,0.767,0.018,0.786,0.018
ERR1203383,1641,51.313320825515945,9552,0.677,0.018,0.651,0.017,0.664,0.0175
ERR1203383,1642,51.34459036898061,9552,0.715,0.019,0.68,0.018,0.6975,0.0185
ERR1203383,1643,51.37585991244528,9552,0.878,0.024,0.839,0.024,0.8585,0.024
ERR1203383,1644,51.407129455909946,9552,0.738,0.019,0.708,0.018,0.723,0.0185
ERR1203383,1645,51.438398999374606,9552,0.7,0.017,0.665,0.017,0.6825,0.017
ERR1203383,1646,51.46966854283927,9552,0.659,0.03,0.623,0.016,0.641,0.023
ERR1203383,1647,51.50093808630394,9552,0.798,0.021,0.763,0.02,0.7805,0.0205
ERR1203383,1648,51.53220762976861,9552,0.662,0.016,0.636,0.015,0.649,0.0155
ERR1203383,1649,51.563477173233274,9552,0.677,0.018,0.643,0.017,0.66,0.0175
ERR1203383,1650,51.594746716697934,9552,0.675,0.018,0.645,0.018,0.66,0.018
ERR1203383,1651,51.6260162601626,9552,1.014,0.023,0.961,0.022,0.9875,0.0225
ERR1203383,1652,51.65728580362727,9552,0.713,0.02,0.688,0.02,0.7004999999999999,0.02
ERR1203383,1653,51.688555347091935,9552,0.702,0.021,0.675,0.02,0.6885,0.0205
ERR1203383,1654,51.719824890556595,9552,0.636,0.016,0.606,0.016,0.621,0.016
ERR1203383,1655,51.75109443402126,9552,0.573,0.019,0.549,0.019,0.5609999999999999,0.019
ERR1203383,1656,51.78236397748593,9552,0.78,0.02,0.738,0.02,0.759,0.02
ERR1203383,1657,51.813633520950596,9552,0.652,0.016,0.623,0.015,0.6375,0.0155
ERR1203383,1658,51.84490306441526,9552,0.612,0.015,0.586,0.014,0.599,0.014499999999999999
ERR1203383,1659,51.87617260787992,9552,0.669,0.018,0.641,0.017,0.655,0.0175
ERR1203383,1660,51.90744215134459,9552,0.733,0.018,0.703,0.017,0.718,0.0175
ERR1203383,1661,51.93871169480926,9552,0.72,0.018,0.686,0.018,0.7030000000000001,0.018
ERR1203383,1662,51.969981238273924,9552,0.657,0.016,0.632,0.017,0.6445000000000001,0.0165
ERR1203383,1663,52.001250781738584,9552,0.57,0.017,0.553,0.017,0.5615,0.017
ERR1203383,1664,52.03252032520325,9552,0.796,0.02,0.76,0.02,0.778,0.02
ERR1203383,1665,52.06378986866792,9552,1.609,0.034,1.508,0.034,1.5585,0.034
ERR1203383,1666,52.095059412132585,9552,0.794,0.022,0.758,0.021,0.776,0.0215
ERR1203383,1667,52.126328955597245,9552,0.792,0.023,0.756,0.022,0.774,0.0225
ERR1203383,1668,52.15759849906191,9552,0.828,0.022,0.794,0.021,0.8109999999999999,0.0215
ERR1203383,1669,52.18886804252658,9552,0.67,0.017,0.642,0.017,0.656,0.017
ERR1203383,1670,52.220137585991246,9552,0.657,0.017,0.628,0.015,0.6425000000000001,0.016
ERR1203383,1671,52.25140712945591,9552,0.696,0.02,0.665,0.019,0.6805,0.0195
ERR1203383,1672,52.28267667292057,9552,0.958,0.024,0.907,0.023,0.9325,0.0235
ERR1203383,1673,52.31394621638524,9552,0.646,0.016,0.619,0.015,0.6325000000000001,0.0155
ERR1203383,1674,52.34521575984991,9552,0.869,0.022,0.826,0.021,0.8474999999999999,0.0215
ERR1203383,1675,52.376485303314574,9552,0.849,0.019,0.806,0.018,0.8275,0.0185
ERR1203383,1676,52.407754846779234,9552,0.835,0.024,0.791,0.023,0.813,0.0235
ERR1203383,1677,52.4390243902439,9552,0.769,0.018,0.726,0.017,0.7475,0.0175
ERR1203383,1678,52.47029393370857,9552,0.989,0.022,0.939,0.022,0.964,0.022
ERR1203383,1679,52.501563477173235,9552,0.686,0.017,0.661,0.016,0.6735,0.0165
ERR1203383,1680,52.5328330206379,9552,0.683,0.018,0.665,0.017,0.674,0.0175
ERR1203383,1681,52.56410256410256,9552,0.784,0.018,0.745,0.017,0.7645,0.0175
ERR1203383,1682,52.59537210756723,9552,0.862,0.021,0.817,0.019,0.8394999999999999,0.02
ERR1203383,1683,52.626641651031896,9552,0.768,0.017,0.718,0.017,0.743,0.017
ERR1203383,1684,52.65791119449656,9552,0.754,0.018,0.72,0.019,0.737,0.0185
ERR1203383,1685,52.68918073796122,9552,0.701,0.019,0.667,0.019,0.6839999999999999,0.019
ERR1203383,1686,52.72045028142589,9552,0.644,0.016,0.616,0.015,0.63,0.0155
ERR1203383,1687,52.75171982489056,9552,1.016,0.022,0.952,0.021,0.984,0.0215
ERR1203383,1688,52.782989368355224,9552,0.738,0.017,0.704,0.017,0.721,0.017
ERR1203383,1689,52.814258911819884,9552,0.622,0.015,0.587,0.014,0.6045,0.014499999999999999
ERR1203383,1690,52.84552845528455,9552,0.547,0.016,0.533,0.016,0.54,0.016
ERR1203383,1691,52.87679799874922,9552,0.6,0.019,0.578,0.018,0.589,0.0185
ERR1203383,1692,52.908067542213885,9552,0.734,0.018,0.717,0.018,0.7255,0.018
ERR1203383,1693,52.93933708567855,9552,0.601,0.017,0.579,0.016,0.59,0.0165
ERR1203383,1694,52.97060662914321,9552,0.576,0.015,0.557,0.015,0.5665,0.015
ERR1203383,1695,53.00187617260788,9552,0.587,0.017,0.566,0.016,0.5765,0.0165
ERR1203383,1696,53.033145716072546,9552,0.546,0.015,0.532,0.014,0.539,0.014499999999999999
ERR1203383,1697,53.06441525953721,9552,0.578,0.015,0.56,0.015,0.569,0.015
ERR1203383,1698,53.09568480300187,9552,0.693,0.016,0.68,0.015,0.6865,0.0155
ERR1203383,1699,53.12695434646654,9552,0.624,0.014,0.614,0.014,0.619,0.014
ERR1203383,1700,53.15822388993121,9552,0.766,0.018,0.739,0.017,0.7525,0.0175
ERR1203383,1701,53.189493433395874,9552,0.65,0.016,0.611,0.015,0.6305000000000001,0.0155
ERR1203383,1702,53.220762976860534,9552,0.64,0.015,0.608,0.015,0.624,0.015
ERR1203383,1703,53.2520325203252,9552,0.628,0.017,0.601,0.016,0.6145,0.0165
ERR1203383,1704,53.28330206378987,9552,0.918,0.021,0.878,0.02,0.898,0.0205
ERR1203383,1705,53.314571607254535,9552,0.865,0.022,0.829,0.022,0.847,0.022
ERR1203383,1706,53.3458411507192,9552,0.57,0.015,0.552,0.014,0.5609999999999999,0.014499999999999999
ERR1203383,1707,53.37711069418386,9552,0.626,0.019,0.609,0.018,0.6174999999999999,0.0185
ERR1203383,1708,53.40838023764853,9552,0.647,0.02,0.626,0.019,0.6365000000000001,0.0195
ERR1203383,1709,53.4396497811132,9552,0.653,0.017,0.63,0.017,0.6415,0.017
ERR1203383,1710,53.470919324577864,9552,0.561,0.017,0.545,0.016,0.553,0.0165
ERR1203383,1711,53.50218886804252,9552,0.47,0.013,0.459,0.013,0.4645,0.013
ERR1203383,1712,53.53345841150719,9552,0.451,0.014,0.444,0.013,0.4475,0.0135
ERR1203383,1713,53.56472795497186,9552,0.591,0.018,0.569,0.017,0.58,0.0175
ERR1203383,1714,53.595997498436525,9552,0.683,0.023,0.647,0.022,0.665,0.0225
ERR1203383,1715,53.62726704190119,9552,0.638,0.023,0.613,0.021,0.6255,0.022
ERR1203383,1716,53.65853658536585,9552,0.773,0.021,0.741,0.021,0.757,0.021
ERR1203383,1717,53.68980612883052,9552,0.682,0.017,0.647,0.017,0.6645000000000001,0.017
ERR1203383,1718,53.721075672295186,9552,0.981,0.023,0.93,0.022,0.9555,0.0225
ERR1203383,1719,53.75234521575985,9552,0.856,0.024,0.812,0.023,0.8340000000000001,0.0235
ERR1203383,1720,53.78361475922451,9552,0.591,0.017,0.602,0.016,0.5965,0.0165
ERR1203383,1721,53.81488430268918,9552,0.79,0.021,0.745,0.02,0.7675000000000001,0.0205
ERR1203383,1722,53.84615384615385,9552,0.744,0.022,0.714,0.021,0.729,0.0215
ERR1203383,1723,53.877423389618514,9552,0.963,0.025,0.917,0.023,0.94,0.024
ERR1203383,1724,53.908692933083174,9552,0.916,0.022,0.871,0.021,0.8935,0.0215
ERR1203383,1725,53.93996247654784,9552,0.904,0.02,0.851,0.02,0.8775,0.02
ERR1203383,1726,53.97123202001251,9552,0.683,0.018,0.662,0.017,0.6725000000000001,0.0175
ERR1203383,1727,54.002501563477175,9552,0.554,0.015,0.532,0.014,0.543,0.014499999999999999
ERR1203383,1728,54.03377110694184,9552,0.748,0.023,0.723,0.022,0.7355,0.0225
ERR1203383,1729,54.0650406504065,9552,0.763,0.02,0.732,0.02,0.7475,0.02
ERR1203383,1730,54.09631019387117,9552,0.651,0.021,0.629,0.019,0.64,0.02
ERR1203383,1731,54.127579737335836,9552,0.724,0.019,0.692,0.019,0.708,0.019
ERR1203383,1732,54.1588492808005,9552,1.061,0.025,1.014,0.025,1.0375,0.025
ERR1203383,1733,54.19011882426516,9552,1.28,0.032,1.2,0.029,1.24,0.0305
ERR1203383,1734,54.22138836772983,9552,1.015,0.027,0.969,0.027,0.992,0.027
ERR1203383,1735,54.2526579111945,9552,0.844,0.024,0.807,0.024,0.8255,0.024
ERR1203383,1736,54.283927454659164,9552,1.035,0.025,0.959,0.024,0.9969999999999999,0.0245
ERR1203383,1737,54.315196998123824,9552,1.003,0.027,0.952,0.026,0.9774999999999999,0.0265
ERR1203383,1738,54.34646654158849,9552,0.769,0.02,0.734,0.02,0.7515000000000001,0.02
ERR1203383,1739,54.37773608505316,9552,0.723,0.019,0.686,0.018,0.7045,0.0185
ERR1203383,1740,54.409005628517825,9552,0.747,0.019,0.715,0.019,0.731,0.019
ERR1203383,1741,54.44027517198249,9552,0.689,0.019,0.646,0.019,0.6675,0.019
ERR1203383,1742,54.47154471544715,9552,0.844,0.023,0.806,0.022,0.825,0.0225
ERR1203383,1743,54.50281425891182,9552,1.802,0.039,1.679,0.038,1.7405,0.0385
ERR1203383,1744,54.534083802376486,9552,1.063,0.025,1.017,0.024,1.04,0.0245
ERR1203383,1745,54.56535334584115,9552,0.689,0.016,0.654,0.015,0.6715,0.0155
ERR1203383,1746,54.59662288930581,9552,0.825,0.021,0.773,0.021,0.7989999999999999,0.021
ERR1203383,1747,54.62789243277048,9552,0.714,0.021,0.681,0.021,0.6975,0.021
ERR1203383,1748,54.65916197623515,9552,0.676,0.02,0.649,0.02,0.6625000000000001,0.02
ERR1203383,1749,54.690431519699814,9552,0.551,0.016,0.53,0.015,0.5405,0.0155
ERR1203383,1750,54.72170106316448,9552,0.768,0.02,0.738,0.019,0.753,0.0195
ERR1203383,1751,54.75297060662914,9552,0.601,0.016,0.58,0.015,0.5905,0.0155
ERR1203383,1752,54.78424015009381,9552,0.625,0.018,0.603,0.017,0.614,0.0175
ERR1203383,1753,54.815509693558475,9552,0.793,0.021,0.765,0.02,0.779,0.0205
ERR1203383,1754,54.84677923702314,9552,0.756,0.017,0.725,0.017,0.7404999999999999,0.017
ERR1203383,1755,54.8780487804878,9552,1.101,0.024,1.053,0.022,1.077,0.023
ERR1203383,1756,54.90931832395247,9552,1.559,0.035,1.386,0.031,1.4725,0.033
ERR1203383,1757,54.940587867417136,9552,0.72,0.019,0.693,0.019,0.7064999999999999,0.019
ERR1203383,1758,54.9718574108818,9552,0.613,0.02,0.6,0.019,0.6065,0.0195
ERR1203383,1759,55.00312695434646,9552,0.703,0.017,0.663,0.016,0.683,0.0165
ERR1203383,1760,55.03439649781113,9552,0.652,0.017,0.638,0.016,0.645,0.0165
ERR1203383,1761,55.0656660412758,9552,0.777,0.023,0.738,0.022,0.7575000000000001,0.0225
ERR1203383,1762,55.096935584740464,9552,0.701,0.022,0.68,0.022,0.6905,0.022
ERR1203383,1763,55.12820512820513,9552,0.66,0.016,0.628,0.015,0.644,0.0155
ERR1203383,1764,55.15947467166979,9552,0.698,0.016,0.671,0.016,0.6845,0.016
ERR1203383,1765,55.19074421513446,9552,0.713,0.023,0.682,0.022,0.6975,0.0225
ERR1203383,1766,55.222013758599125,9552,0.633,0.015,0.61,0.016,0.6214999999999999,0.0155
ERR1203383,1767,55.25328330206379,9552,0.627,0.015,0.591,0.015,0.609,0.015
ERR1203383,1768,55.28455284552845,9552,0.624,0.016,0.597,0.015,0.6105,0.0155
ERR1203383,1769,55.31582238899312,9552,0.573,0.014,0.548,0.014,0.5605,0.014
ERR1203383,1770,55.347091932457786,9552,0.678,0.016,0.651,0.016,0.6645000000000001,0.016
ERR1203383,1771,55.37836147592245,9552,0.835,0.018,0.795,0.017,0.815,0.0175
ERR1203383,1772,55.40963101938712,9552,0.621,0.016,0.617,0.016,0.619,0.016
ERR1203383,1773,55.44090056285178,9552,0.536,0.015,0.515,0.014,0.5255000000000001,0.014499999999999999
ERR1203383,1774,55.47217010631645,9552,0.567,0.016,0.553,0.015,0.56,0.0155
ERR1203383,1775,55.503439649781114,9552,0.632,0.017,0.599,0.016,0.6154999999999999,0.0165
ERR1203383,1776,55.53470919324578,9552,0.805,0.021,0.781,0.02,0.793,0.0205
ERR1203383,1777,55.56597873671044,9552,0.76,0.022,0.722,0.021,0.741,0.0215
ERR1203383,1778,55.59724828017511,9552,0.69,0.019,0.68,0.018,0.685,0.0185
ERR1203383,1779,55.628517823639775,9552,0.526,0.015,0.507,0.016,0.5165,0.0155
ERR1203383,1780,55.65978736710444,9552,0.588,0.015,0.565,0.014,0.5765,0.014499999999999999
ERR1203383,1781,55.6910569105691,9552,0.556,0.014,0.533,0.014,0.5445,0.014
ERR1203383,1782,55.72232645403377,9552,0.552,0.018,0.543,0.018,0.5475000000000001,0.018
ERR1203383,1783,55.75359599749844,9552,0.642,0.017,0.615,0.017,0.6285000000000001,0.017
ERR1203383,1784,55.784865540963104,9552,0.506,0.014,0.494,0.013,0.5,0.0135
ERR1203383,1785,55.81613508442777,9552,0.599,0.015,0.569,0.014,0.584,0.014499999999999999
ERR1203383,1786,55.84740462789243,9552,0.556,0.015,0.537,0.014,0.5465,0.014499999999999999
ERR1203383,1787,55.8786741713571,9552,0.491,0.013,0.471,0.013,0.481,0.013
ERR1203383,1788,55.909943714821765,9552,0.563,0.016,0.542,0.015,0.5525,0.0155
ERR1203383,1789,55.94121325828643,9552,0.551,0.014,0.525,0.014,0.538,0.014
ERR1203383,1790,55.97248280175109,9552,0.644,0.016,0.619,0.015,0.6315,0.0155
ERR1203383,1791,56.00375234521576,9552,0.553,0.015,0.529,0.014,0.541,0.014499999999999999
ERR1203383,1792,56.035021888680426,9552,0.632,0.016,0.609,0.015,0.6205,0.0155
ERR1203383,1793,56.06629143214509,9552,0.57,0.015,0.546,0.014,0.558,0.014499999999999999
ERR1203383,1794,56.09756097560975,9552,0.567,0.014,0.542,0.014,0.5545,0.014
ERR1203383,1795,56.12883051907442,9552,0.734,0.018,0.691,0.017,0.7124999999999999,0.0175
ERR1203383,1796,56.16010006253909,9552,0.556,0.014,0.538,0.013,0.547,0.0135
ERR1203383,1797,56.191369606003754,9552,0.598,0.015,0.566,0.014,0.582,0.014499999999999999
ERR1203383,1798,56.22263914946842,9552,0.88,0.022,0.853,0.022,0.8665,0.022
ERR1203383,1799,56.25390869293308,9552,0.688,0.017,0.653,0.017,0.6705,0.017
ERR1203383,1800,56.28517823639775,9552,0.783,0.02,0.741,0.018,0.762,0.019
ERR1203383,1801,56.316447779862415,9552,0.857,0.02,0.804,0.019,0.8305,0.0195
ERR1203383,1802,56.34771732332708,9552,0.661,0.016,0.625,0.017,0.643,0.0165
ERR1203383,1803,56.37898686679174,9552,0.754,0.02,0.707,0.019,0.7304999999999999,0.0195
ERR1203383,1804,56.41025641025641,9552,1.021,0.021,0.989,0.02,1.005,0.0205
ERR1203383,1805,56.441525953721076,9552,0.62,0.016,0.587,0.015,0.6034999999999999,0.0155
ERR1203383,1806,56.47279549718574,9552,0.676,0.016,0.649,0.015,0.6625000000000001,0.0155
ERR1203383,1807,56.50406504065041,9552,0.749,0.02,0.712,0.019,0.7304999999999999,0.0195
ERR1203383,1808,56.53533458411507,9552,0.753,0.017,0.73,0.017,0.7415,0.017
ERR1203383,1809,56.56660412757974,9552,0.647,0.018,0.614,0.018,0.6305000000000001,0.018
ERR1203383,1810,56.597873671044404,9552,0.802,0.023,0.775,0.022,0.7885,0.0225
ERR1203383,1811,56.62914321450907,9552,0.778,0.023,0.734,0.022,0.756,0.0225
ERR1203383,1812,56.66041275797373,9552,0.73,0.022,0.697,0.021,0.7135,0.0215
ERR1203383,1813,56.6916823014384,9552,0.703,0.016,0.647,0.015,0.675,0.0155
ERR1203383,1814,56.722951844903065,9552,0.665,0.016,0.638,0.015,0.6515,0.0155
ERR1203383,1815,56.75422138836773,9552,0.843,0.024,0.798,0.023,0.8205,0.0235
ERR1203383,1816,56.78549093183239,9552,0.844,0.024,0.812,0.023,0.8280000000000001,0.0235
ERR1203383,1817,56.81676047529706,9552,0.891,0.022,0.826,0.022,0.8585,0.022
ERR1203383,1818,56.848030018761726,9552,0.988,0.026,0.947,0.025,0.9675,0.025500000000000002
ERR1203383,1819,56.87929956222639,9552,0.84,0.02,0.787,0.02,0.8135,0.02
ERR1203383,1820,56.91056910569106,9552,0.745,0.018,0.727,0.018,0.736,0.018
ERR1203383,1821,56.94183864915572,9552,0.865,0.022,0.812,0.022,0.8385,0.022
ERR1203383,1822,56.97310819262039,9552,1.116,0.028,1.068,0.029,1.092,0.0285
ERR1203383,1823,57.004377736085054,9552,1.036,0.027,0.987,0.024,1.0115,0.025500000000000002
ERR1203383,1824,57.03564727954972,9552,1.199,0.028,1.169,0.03,1.1840000000000002,0.028999999999999998
ERR1203383,1825,57.06691682301438,9552,0.668,0.02,0.629,0.02,0.6485000000000001,0.02
ERR1203383,1826,57.09818636647905,9552,0.672,0.018,0.647,0.017,0.6595,0.0175
ERR1203383,1827,57.129455909943715,9552,0.872,0.025,0.822,0.021,0.847,0.023
ERR1203383,1828,57.16072545340838,9552,0.599,0.017,0.593,0.015,0.596,0.016
ERR1203383,1829,57.19199499687304,9552,0.857,0.026,0.807,0.024,0.8320000000000001,0.025
ERR1203383,1830,57.22326454033771,9552,1.55,0.035,1.485,0.034,1.5175,0.0345
ERR1203383,1831,57.254534083802376,9552,0.794,0.021,0.745,0.02,0.7695000000000001,0.0205
ERR1203383,1832,57.28580362726704,9552,0.763,0.018,0.74,0.019,0.7515000000000001,0.0185
ERR1203383,1833,57.31707317073171,9552,0.675,0.017,0.637,0.017,0.656,0.017
ERR1203383,1834,57.34834271419637,9552,0.85,0.025,0.822,0.024,0.836,0.0245
ERR1203383,1835,57.37961225766104,9552,0.735,0.017,0.693,0.017,0.714,0.017
ERR1203383,1836,57.410881801125704,9552,0.853,0.022,0.821,0.022,0.837,0.022
ERR1203383,1837,57.44215134459037,9552,0.929,0.02,0.867,0.02,0.898,0.02
ERR1203383,1838,57.47342088805503,9552,0.605,0.018,0.587,0.018,0.596,0.018
ERR1203383,1839,57.5046904315197,9552,1.17,0.029,1.089,0.027,1.1295,0.028
ERR1203383,1840,57.535959974984365,9552,0.701,0.016,0.672,0.017,0.6865,0.0165
ERR1203383,1841,57.56722951844903,9552,0.636,0.021,0.6,0.02,0.618,0.0205
ERR1203383,1842,57.5984990619137,9552,0.831,0.029,0.727,0.022,0.7789999999999999,0.025500000000000002
ERR1203383,1843,57.62976860537836,9552,0.68,0.019,0.634,0.018,0.657,0.0185
ERR1203383,1844,57.661038148843026,9552,0.637,0.017,0.622,0.017,0.6295,0.017
ERR1203383,1845,57.69230769230769,9552,0.786,0.021,0.73,0.021,0.758,0.021
ERR1203383,1846,57.72357723577236,9552,0.926,0.021,0.891,0.021,0.9085000000000001,0.021
ERR1203383,1847,57.75484677923702,9552,0.776,0.018,0.724,0.016,0.75,0.017
ERR1203383,1848,57.78611632270169,9552,0.623,0.021,0.608,0.021,0.6154999999999999,0.021
ERR1203383,1849,57.817385866166354,9552,0.736,0.018,0.685,0.017,0.7105,0.0175
ERR1203383,1850,57.84865540963102,9552,0.616,0.015,0.597,0.015,0.6065,0.015
ERR1203383,1851,57.87992495309568,9552,0.557,0.019,0.528,0.018,0.5425,0.0185
ERR1203383,1852,57.91119449656035,9552,0.714,0.02,0.687,0.02,0.7005,0.02
ERR1203383,1853,57.942464040025015,9552,0.653,0.018,0.623,0.017,0.638,0.0175
ERR1203383,1854,57.97373358348968,9552,0.557,0.016,0.543,0.014,0.55,0.015
ERR1203383,1855,58.00500312695435,9552,0.589,0.015,0.554,0.014,0.5715,0.014499999999999999
ERR1203383,1856,58.03627267041901,9552,0.746,0.03,0.704,0.018,0.725,0.024
ERR1203383,1857,58.06754221388368,9552,0.716,0.021,0.657,0.02,0.6865,0.0205
ERR1203383,1858,58.098811757348344,9552,0.541,0.014,0.524,0.014,0.5325,0.014
ERR1203383,1859,58.13008130081301,9552,0.949,0.024,0.868,0.022,0.9085,0.023
ERR1203383,1860,58.16135084427767,9552,0.904,0.022,0.887,0.021,0.8955,0.0215
ERR1203383,1861,58.19262038774234,9552,0.662,0.016,0.624,0.015,0.643,0.0155
ERR1203383,1862,58.223889931207005,9552,0.652,0.018,0.637,0.018,0.6445000000000001,0.018
ERR1203383,1863,58.25515947467167,9552,0.587,0.015,0.547,0.014,0.567,0.014499999999999999
ERR1203383,1864,58.28642901813634,9552,0.62,0.017,0.604,0.017,0.612,0.017
ERR1203383,1865,58.317698561601,9552,0.771,0.021,0.711,0.019,0.741,0.02
ERR1203383,1866,58.348968105065666,9552,0.609,0.017,0.598,0.017,0.6034999999999999,0.017
ERR1203383,1867,58.38023764853033,9552,0.992,0.024,0.9,0.023,0.946,0.0235
ERR1203383,1868,58.411507191995,9552,0.57,0.015,0.558,0.015,0.5640000000000001,0.015
ERR1203383,1869,58.44277673545966,9552,0.819,0.02,0.752,0.02,0.7855,0.02
ERR1203383,1870,58.47404627892433,9552,0.669,0.026,0.611,0.015,0.64,0.020499999999999997
ERR1203383,1871,58.505315822388994,9552,1.036,0.027,0.926,0.025,0.9810000000000001,0.026000000000000002
ERR1203383,1872,58.53658536585366,9552,0.739,0.02,0.723,0.02,0.731,0.02
ERR1203383,1873,58.56785490931832,9552,0.546,0.014,0.518,0.014,0.532,0.014
ERR1203383,1874,58.59912445278299,9552,0.844,0.023,0.828,0.023,0.836,0.023
ERR1203383,1875,58.630393996247655,9552,0.904,0.023,0.834,0.022,0.869,0.0225
ERR1203383,1876,58.66166353971232,9552,0.704,0.018,0.693,0.018,0.6984999999999999,0.018
ERR1203383,1877,58.69293308317699,9552,0.705,0.017,0.65,0.015,0.6775,0.016
ERR1203383,1878,58.72420262664165,9552,0.708,0.018,0.69,0.019,0.699,0.0185
ERR1203383,1879,58.755472170106316,9552,0.881,0.027,0.808,0.025,0.8445,0.026000000000000002
ERR1203383,1880,58.78674171357098,9552,0.815,0.021,0.801,0.021,0.808,0.021
ERR1203383,1881,58.81801125703565,9552,0.64,0.021,0.589,0.02,0.6145,0.0205
ERR1203383,1882,58.84928080050031,9552,0.702,0.019,0.691,0.019,0.6964999999999999,0.019
ERR1203383,1883,58.88055034396498,9552,0.724,0.017,0.669,0.015,0.6965,0.016
ERR1203383,1884,58.911819887429644,9552,0.685,0.019,0.668,0.016,0.6765000000000001,0.0175
ERR1203383,1885,58.94308943089431,9552,0.583,0.015,0.541,0.014,0.562,0.014499999999999999
ERR1203383,1886,58.97435897435897,9552,0.594,0.015,0.582,0.014,0.588,0.014499999999999999
ERR1203383,1887,59.00562851782364,9552,0.561,0.016,0.53,0.014,0.5455000000000001,0.015
ERR1203383,1888,59.036898061288305,9552,0.562,0.017,0.556,0.017,0.559,0.017
ERR1203383,1889,59.06816760475297,9552,0.627,0.022,0.585,0.021,0.606,0.0215
ERR1203383,1890,59.09943714821764,9552,0.823,0.022,0.802,0.022,0.8125,0.022
ERR1203383,1891,59.1307066916823,9552,1.177,0.028,1.092,0.027,1.1345,0.0275
ERR1203383,1892,59.161976235146966,9552,0.826,0.019,0.813,0.019,0.8194999999999999,0.019
ERR1203383,1893,59.19324577861163,9552,0.67,0.018,0.617,0.018,0.6435,0.018
ERR1203383,1894,59.2245153220763,9552,0.756,0.018,0.754,0.018,0.755,0.018
ERR1203383,1895,59.25578486554096,9552,0.794,0.023,0.727,0.022,0.7605,0.0225
ERR1203383,1896,59.28705440900563,9552,0.676,0.017,0.683,0.017,0.6795,0.017
ERR1203383,1897,59.318323952470294,9552,0.951,0.023,0.882,0.022,0.9165,0.0225
ERR1203383,1898,59.34959349593496,9552,0.833,0.022,0.817,0.022,0.825,0.022
ERR1203383,1899,59.38086303939963,9552,0.784,0.02,0.723,0.019,0.7535000000000001,0.0195
ERR1203383,1900,59.41213258286429,9552,0.82,0.022,0.804,0.022,0.812,0.022
ERR1203383,1901,59.443402126328955,9552,0.68,0.017,0.629,0.017,0.6545000000000001,0.017
ERR1203383,1902,59.47467166979362,9552,0.718,0.019,0.702,0.018,0.71,0.0185
ERR1203383,1903,59.50594121325829,9552,1.112,0.025,0.998,0.024,1.0550000000000002,0.0245
ERR1203383,1904,59.53721075672295,9552,0.995,0.026,0.974,0.027,0.9844999999999999,0.0265
ERR1203383,1905,59.568480300187616,9552,1.021,0.024,0.93,0.023,0.9755,0.0235
ERR1203383,1906,59.59974984365228,9552,0.623,0.018,0.617,0.018,0.62,0.018
ERR1203383,1907,59.63101938711695,9552,1.115,0.029,0.999,0.026,1.057,0.0275
ERR1203383,1908,59.66228893058161,9552,0.967,0.026,0.944,0.025,0.9555,0.025500000000000002
ERR1203383,1909,59.69355847404628,9552,0.768,0.021,0.696,0.02,0.732,0.0205
ERR1203383,1910,59.724828017510944,9552,0.785,0.02,0.771,0.019,0.778,0.0195
ERR1203383,1911,59.75609756097561,9552,0.955,0.025,0.857,0.024,0.9059999999999999,0.0245
ERR1203383,1912,59.78736710444028,9552,0.89,0.021,0.873,0.022,0.8815,0.0215
ERR1203383,1913,59.81863664790494,9552,0.73,0.018,0.673,0.017,0.7015,0.0175
ERR1203383,1914,59.849906191369605,9552,0.959,0.03,0.933,0.027,0.946,0.028499999999999998
ERR1203383,1915,59.88117573483427,9552,1.085,0.023,0.978,0.021,1.0314999999999999,0.022
ERR1203383,1916,59.91244527829894,9552,0.973,0.027,0.958,0.028,0.9655,0.0275
ERR1203383,1917,59.9437148217636,9552,1.343,0.033,1.21,0.03,1.2765,0.0315
ERR1203383,1918,59.974984365228266,9552,0.744,0.018,0.727,0.019,0.7355,0.0185
ERR1203383,1919,60.00625390869293,9552,0.605,0.015,0.56,0.014,0.5825,0.014499999999999999
ERR1203383,1920,60.0375234521576,9552,1.033,0.028,1.018,0.027,1.0255,0.0275
ERR1203383,1921,60.06879299562226,9552,0.931,0.023,0.839,0.022,0.885,0.0225
ERR1203383,1922,60.10006253908693,9552,0.946,0.026,0.93,0.024,0.938,0.025
ERR1203383,1923,60.131332082551594,9552,0.703,0.018,0.655,0.017,0.679,0.0175
ERR1203383,1924,60.16260162601626,9552,0.915,0.024,0.892,0.024,0.9035,0.024
ERR1203383,1925,60.19387116948093,9552,0.591,0.017,0.547,0.016,0.569,0.0165
ERR1203383,1926,60.22514071294559,9552,0.574,0.015,0.56,0.014,0.567,0.014499999999999999
ERR1203383,1927,60.256410256410255,9552,0.788,0.024,0.728,0.022,0.758,0.023
ERR1203383,1928,60.28767979987492,9552,0.656,0.02,0.615,0.019,0.6355,0.0195
ERR1203383,1929,60.31894934333959,9552,0.595,0.015,0.553,0.014,0.5740000000000001,0.014499999999999999
ERR1203383,1930,60.35021888680425,9552,0.472,0.013,0.465,0.013,0.4685,0.013
ERR1203383,1931,60.38148843026892,9552,0.858,0.021,0.795,0.019,0.8265,0.02
ERR1203383,1932,60.412757973733584,9552,0.498,0.014,0.499,0.014,0.4985,0.014
ERR1203383,1933,60.44402751719825,9552,0.675,0.019,0.629,0.018,0.652,0.0185
ERR1203383,1934,60.47529706066292,9552,0.658,0.023,0.651,0.023,0.6545000000000001,0.023
ERR1203383,1935,60.50656660412758,9552,0.928,0.022,0.855,0.021,0.8915,0.0215
ERR1203383,1936,60.537836147592245,9552,0.844,0.024,0.827,0.024,0.8354999999999999,0.024
ERR1203383,1937,60.56910569105691,9552,0.799,0.021,0.748,0.021,0.7735000000000001,0.021
ERR1203383,1938,60.60037523452158,9552,0.585,0.015,0.579,0.015,0.582,0.015
ERR1203383,1939,60.63164477798624,9552,0.717,0.016,0.665,0.015,0.6910000000000001,0.0155
ERR1203383,1940,60.662914321450906,9552,0.612,0.014,0.603,0.014,0.6074999999999999,0.014
ERR1203383,1941,60.69418386491557,9552,0.596,0.015,0.559,0.014,0.5775,0.014499999999999999
ERR1203383,1942,60.72545340838024,9552,0.739,0.017,0.725,0.017,0.732,0.017
ERR1203383,1943,60.7567229518449,9552,0.658,0.016,0.612,0.015,0.635,0.0155
ERR1203383,1944,60.78799249530957,9552,0.597,0.016,0.591,0.016,0.594,0.016
ERR1203383,1945,60.819262038774234,9552,0.725,0.019,0.668,0.017,0.6965,0.018000000000000002
ERR1203383,1946,60.8505315822389,9552,0.714,0.017,0.699,0.016,0.7064999999999999,0.0165
ERR1203383,1947,60.88180112570357,9552,0.688,0.023,0.65,0.023,0.669,0.023
ERR1203383,1948,60.91307066916823,9552,0.729,0.033,0.71,0.022,0.7195,0.0275
ERR1203383,1949,60.944340212632895,9552,0.76,0.022,0.712,0.021,0.736,0.0215
ERR1203383,1950,60.97560975609756,9552,0.583,0.015,0.575,0.014,0.579,0.014499999999999999
ERR1203383,1951,61.00687929956223,9552,0.647,0.019,0.61,0.017,0.6285000000000001,0.018000000000000002
ERR1203383,1952,61.03814884302689,9552,0.58,0.016,0.576,0.015,0.578,0.0155
ERR1203383,1953,61.069418386491556,9552,0.597,0.017,0.558,0.016,0.5775,0.0165
ERR1203383,1954,61.10068792995622,9552,0.594,0.015,0.581,0.015,0.5874999999999999,0.015
ERR1203383,1955,61.13195747342089,9552,0.802,0.017,0.731,0.016,0.7665,0.0165
ERR1203383,1956,61.16322701688556,9552,0.722,0.018,0.704,0.017,0.713,0.0175
ERR1203383,1957,61.19449656035022,9552,0.558,0.015,0.519,0.014,0.5385,0.014499999999999999
ERR1203383,1958,61.225766103814884,9552,0.434,0.014,0.426,0.012,0.43,0.013000000000000001
ERR1203383,1959,61.25703564727955,9552,0.692,0.017,0.636,0.015,0.6639999999999999,0.016
ERR1203383,1960,61.28830519074422,9552,0.505,0.013,0.503,0.013,0.504,0.013
ERR1203383,1961,61.31957473420888,9552,0.536,0.015,0.498,0.013,0.517,0.013999999999999999
ERR1203383,1962,61.350844277673545,9552,0.552,0.015,0.541,0.014,0.5465,0.014499999999999999
ERR1203383,1963,61.38211382113821,9552,0.874,0.027,0.802,0.024,0.8380000000000001,0.025500000000000002
ERR1203383,1964,61.41338336460288,9552,1.246,0.029,1.221,0.028,1.2335,0.0285
ERR1203383,1965,61.44465290806754,9552,0.795,0.021,0.726,0.02,0.7605,0.0205
ERR1203383,1966,61.475922451532206,9552,0.921,0.025,0.91,0.025,0.9155,0.025
ERR1203383,1967,61.50719199499687,9552,0.876,0.021,0.795,0.019,0.8355,0.02
ERR1203383,1968,61.53846153846154,9552,0.972,0.024,0.956,0.023,0.964,0.0235
ERR1203383,1969,61.56973108192621,9552,0.797,0.023,0.73,0.023,0.7635000000000001,0.023
ERR1203383,1970,61.60100062539087,9552,0.954,0.025,0.937,0.025,0.9455,0.025
ERR1203383,1971,61.632270168855534,9552,0.881,0.02,0.802,0.018,0.8415,0.019
ERR1203383,1972,61.6635397123202,9552,0.798,0.023,0.785,0.023,0.7915000000000001,0.023
ERR1203383,1973,61.69480925578487,9552,0.879,0.023,0.801,0.024,0.8400000000000001,0.0235
ERR1203383,1974,61.72607879924953,9552,0.648,0.018,0.633,0.018,0.6405000000000001,0.018
ERR1203383,1975,61.757348342714195,9552,1.327,0.031,1.193,0.029,1.26,0.03
ERR1203383,1976,61.78861788617886,9552,0.853,0.019,0.837,0.019,0.845,0.019
ERR1203383,1977,61.81988742964353,9552,1.105,0.027,0.987,0.025,1.046,0.026000000000000002
ERR1203383,1978,61.85115697310819,9552,0.953,0.025,0.932,0.024,0.9425,0.0245
ERR1203383,1979,61.882426516572856,9552,0.892,0.022,0.812,0.021,0.8520000000000001,0.0215
ERR1203383,1980,61.91369606003752,9552,0.672,0.018,0.663,0.017,0.6675,0.0175
ERR1203383,1981,61.94496560350219,9552,1.36,0.031,1.216,0.028,1.288,0.0295
ERR1203383,1982,61.97623514696686,9552,1.069,0.029,1.042,0.028,1.0554999999999999,0.0285
ERR1203383,1983,62.00750469043152,9552,0.918,0.022,0.819,0.02,0.8685,0.020999999999999998
ERR1203383,1984,62.038774233896184,9552,0.845,0.022,0.831,0.022,0.838,0.022
ERR1203383,1985,62.07004377736085,9552,1.187,0.029,1.068,0.028,1.1275,0.0285
ERR1203383,1986,62.10131332082552,9552,0.989,0.022,0.968,0.022,0.9784999999999999,0.022
ERR1203383,1987,62.13258286429018,9552,0.998,0.022,0.899,0.021,0.9485,0.0215
ERR1203383,1988,62.163852407754845,9552,0.946,0.022,0.932,0.021,0.9390000000000001,0.0215
ERR1203383,1989,62.19512195121951,9552,0.905,0.023,0.831,0.022,0.868,0.0225
ERR1203383,1990,62.22639149468418,9552,0.968,0.023,0.951,0.023,0.9595,0.023
ERR1203383,1991,62.257661038148846,9552,0.804,0.02,0.734,0.019,0.769,0.0195
ERR1203383,1992,62.288930581613506,9552,0.821,0.021,0.807,0.021,0.8140000000000001,0.021
ERR1203383,1993,62.32020012507817,9552,0.754,0.02,0.686,0.019,0.72,0.0195
ERR1203383,1994,62.35146966854284,9552,0.715,0.03,0.704,0.022,0.7095,0.026
ERR1203383,1995,62.38273921200751,9552,0.832,0.019,0.764,0.018,0.798,0.0185
ERR1203383,1996,62.41400875547217,9552,0.947,0.026,0.923,0.024,0.935,0.025
ERR1203383,1997,62.445278298936834,9552,0.594,0.016,0.548,0.015,0.571,0.0155
ERR1203383,1998,62.4765478424015,9552,0.749,0.018,0.735,0.018,0.742,0.018
ERR1203383,1999,62.50781738586617,9552,0.913,0.021,0.831,0.019,0.872,0.02
ERR1203383,2000,62.53908692933083,9552,0.782,0.018,0.765,0.019,0.7735000000000001,0.0185
ERR1203383,2001,62.570356472795496,9552,0.744,0.022,0.681,0.02,0.7125,0.020999999999999998
ERR1203383,2002,62.60162601626016,9552,0.804,0.022,0.784,0.021,0.794,0.0215
ERR1203383,2003,62.63289555972483,9552,0.631,0.02,0.589,0.016,0.61,0.018000000000000002
ERR1203383,2004,62.6641651031895,9552,0.761,0.022,0.75,0.021,0.7555000000000001,0.0215
ERR1203383,2005,62.69543464665416,9552,0.702,0.019,0.647,0.017,0.6745,0.018000000000000002
ERR1203383,2006,62.726704190118824,9552,0.614,0.015,0.597,0.015,0.6054999999999999,0.015
ERR1203383,2007,62.75797373358349,9552,0.818,0.02,0.751,0.019,0.7845,0.0195
ERR1203383,2008,62.78924327704816,9552,0.775,0.017,0.764,0.017,0.7695000000000001,0.017
ERR1203383,2009,62.82051282051282,9552,0.982,0.022,0.894,0.021,0.938,0.0215
ERR1203383,2010,62.851782363977485,9552,0.756,0.018,0.745,0.018,0.7505,0.018
ERR1203383,2011,62.88305190744215,9552,0.782,0.019,0.72,0.018,0.751,0.0185
ERR1203383,2012,62.91432145090682,9552,0.616,0.016,0.606,0.016,0.611,0.016
ERR1203383,2013,62.94559099437148,9552,0.856,0.021,0.778,0.02,0.817,0.0205
ERR1203383,2014,62.976860537836146,9552,0.638,0.015,0.624,0.015,0.631,0.015
ERR1203383,2015,63.00813008130081,9552,0.622,0.016,0.568,0.014,0.595,0.015
ERR1203383,2016,63.03939962476548,9552,0.915,0.023,0.901,0.022,0.908,0.0225
ERR1203383,2017,63.07066916823015,9552,1.167,0.025,1.042,0.023,1.1045,0.024
ERR1203383,2018,63.10193871169481,9552,0.848,0.031,0.827,0.03,0.8374999999999999,0.0305
ERR1203383,2019,63.133208255159474,9552,0.984,0.023,0.889,0.02,0.9365,0.0215
ERR1203383,2020,63.16447779862414,9552,1.067,0.027,1.043,0.027,1.055,0.027
ERR1203383,2021,63.19574734208881,9552,0.818,0.023,0.755,0.018,0.7865,0.020499999999999997
ERR1203383,2022,63.22701688555347,9552,0.553,0.017,0.553,0.017,0.553,0.017
ERR1203383,2023,63.258286429018135,9552,0.791,0.018,0.728,0.017,0.7595000000000001,0.0175
ERR1203383,2024,63.2895559724828,9552,0.794,0.019,0.781,0.02,0.7875000000000001,0.0195
ERR1203383,2025,63.32082551594747,9552,0.79,0.019,0.725,0.018,0.7575000000000001,0.0185
ERR1203383,2026,63.352095059412136,9552,0.832,0.02,0.816,0.02,0.824,0.02
ERR1203383,2027,63.383364602876796,9552,0.793,0.02,0.731,0.019,0.762,0.0195
ERR1203383,2028,63.41463414634146,9552,0.662,0.021,0.658,0.022,0.66,0.0215
ERR1203383,2029,63.44590368980613,9552,0.92,0.023,0.842,0.022,0.881,0.0225
ERR1203383,2030,63.4771732332708,9552,0.753,0.022,0.75,0.022,0.7515000000000001,0.022
ERR1203383,2031,63.50844277673546,9552,0.71,0.016,0.651,0.015,0.6805,0.0155
ERR1203383,2032,63.539712320200124,9552,0.87,0.02,0.861,0.02,0.8654999999999999,0.02
ERR1203383,2033,63.57098186366479,9552,0.701,0.016,0.644,0.015,0.6725,0.0155
ERR1203383,2034,63.60225140712946,9552,0.653,0.02,0.643,0.019,0.648,0.0195
ERR1203383,2035,63.63352095059412,9552,0.846,0.02,0.774,0.018,0.81,0.019
ERR1203383,2036,63.664790494058785,9552,0.94,0.024,0.916,0.023,0.9279999999999999,0.0235
ERR1203383,2037,63.69606003752345,9552,1.199,0.03,1.072,0.027,1.1355,0.028499999999999998
ERR1203383,2038,63.72732958098812,9552,0.905,0.025,0.873,0.024,0.889,0.0245
ERR1203383,2039,63.758599124452786,9552,0.868,0.021,0.791,0.02,0.8295,0.0205
ERR1203383,2040,63.789868667917446,9552,0.622,0.015,0.612,0.014,0.617,0.014499999999999999
ERR1203383,2041,63.82113821138211,9552,0.682,0.016,0.626,0.015,0.654,0.0155
ERR1203383,2042,63.85240775484678,9552,0.515,0.014,0.51,0.014,0.5125,0.014
ERR1203383,2043,63.88367729831145,9552,0.778,0.02,0.723,0.019,0.7505,0.0195
ERR1203383,2044,63.91494684177611,9552,1.162,0.024,1.147,0.024,1.1545,0.024
ERR1203383,2045,63.946216385240774,9552,1.228,0.028,1.129,0.027,1.1785,0.0275
ERR1203383,2046,63.97748592870544,9552,0.766,0.022,0.756,0.022,0.761,0.022
ERR1203383,2047,64.00875547217011,9552,1.071,0.024,0.978,0.023,1.0245,0.0235
ERR1203383,2048,64.04002501563477,9552,1.045,0.025,1.029,0.024,1.037,0.0245
ERR1203383,2049,64.07129455909944,9552,0.814,0.023,0.743,0.022,0.7785,0.0225
ERR1203383,2050,64.1025641025641,9552,0.741,0.017,0.718,0.016,0.7295,0.0165
ERR1203383,2051,64.13383364602876,9552,0.766,0.019,0.71,0.018,0.738,0.0185
ERR1203383,2052,64.16510318949344,9552,0.8,0.025,0.787,0.024,0.7935000000000001,0.0245
ERR1203383,2053,64.1963727329581,9552,1.045,0.023,0.935,0.022,0.99,0.0225
ERR1203383,2054,64.22764227642277,9552,0.785,0.02,0.776,0.02,0.7805,0.02
ERR1203383,2055,64.25891181988743,9552,0.86,0.023,0.779,0.022,0.8195,0.0225
ERR1203383,2056,64.29018136335209,9552,0.939,0.024,0.921,0.023,0.9299999999999999,0.0235
ERR1203383,2057,64.32145090681676,9552,0.936,0.022,0.843,0.021,0.8895,0.0215
ERR1203383,2058,64.35272045028142,9552,0.571,0.014,0.566,0.014,0.5685,0.014
ERR1203383,2059,64.38398999374608,9552,0.761,0.02,0.697,0.019,0.729,0.0195
ERR1203383,2060,64.41525953721076,9552,0.979,0.027,0.957,0.027,0.968,0.027
ERR1203383,2061,64.44652908067542,9552,0.749,0.021,0.678,0.02,0.7135,0.0205
ERR1203383,2062,64.47779862414009,9552,0.738,0.018,0.732,0.018,0.735,0.018
ERR1203383,2063,64.50906816760475,9552,0.881,0.024,0.796,0.022,0.8385,0.023
ERR1203383,2064,64.54033771106941,9552,0.729,0.018,0.711,0.018,0.72,0.018
ERR1203383,2065,64.57160725453409,9552,1.25,0.029,1.134,0.028,1.192,0.0285
ERR1203383,2066,64.60287679799875,9552,0.798,0.023,0.779,0.021,0.7885,0.022
ERR1203383,2067,64.63414634146342,9552,0.734,0.02,0.68,0.021,0.7070000000000001,0.0205
ERR1203383,2068,64.66541588492808,9552,0.943,0.022,0.913,0.021,0.9279999999999999,0.0215
ERR1203383,2069,64.69668542839274,9552,0.997,0.022,0.9,0.021,0.9485,0.0215
ERR1203383,2070,64.72795497185741,9552,0.649,0.019,0.635,0.019,0.642,0.019
ERR1203383,2071,64.75922451532207,9552,0.729,0.019,0.665,0.019,0.6970000000000001,0.019
ERR1203383,2072,64.79049405878675,9552,0.985,0.025,0.97,0.025,0.9775,0.025
ERR1203383,2073,64.82176360225141,9552,0.809,0.021,0.735,0.02,0.772,0.0205
ERR1203383,2074,64.85303314571607,9552,0.953,0.027,0.937,0.026,0.9450000000000001,0.0265
ERR1203383,2075,64.88430268918074,9552,0.94,0.025,0.857,0.024,0.8985,0.0245
ERR1203383,2076,64.9155722326454,9552,0.663,0.019,0.658,0.019,0.6605000000000001,0.019
ERR1203383,2077,64.94684177611006,9552,0.972,0.025,0.894,0.025,0.933,0.025
ERR1203383,2078,64.97811131957474,9552,1.362,0.031,1.327,0.03,1.3445,0.0305
ERR1203383,2079,65.0093808630394,9552,1.265,0.028,1.124,0.026,1.1945000000000001,0.027
ERR1203383,2080,65.04065040650407,9552,1.451,0.03,1.412,0.029,1.4315,0.0295
ERR1203383,2081,65.07191994996873,9552,1.62,0.034,1.422,0.03,1.521,0.032
ERR1203383,2082,65.10318949343339,9552,1.023,0.023,0.996,0.023,1.0095,0.023
ERR1203383,2083,65.13445903689806,9552,1.197,0.031,1.071,0.025,1.134,0.028
ERR1203383,2084,65.16572858036272,9552,0.776,0.021,0.762,0.021,0.769,0.021
ERR1203383,2085,65.1969981238274,9552,0.64,0.016,0.588,0.016,0.614,0.016
ERR1203383,2086,65.22826766729206,9552,0.926,0.023,0.91,0.023,0.918,0.023
ERR1203383,2087,65.25953721075672,9552,1.717,0.036,1.518,0.036,1.6175000000000002,0.036
ERR1203383,2088,65.29080675422139,9552,1.373,0.036,1.296,0.031,1.3345,0.0335
ERR1203383,2089,65.32207629768605,9552,1.655,0.036,1.449,0.033,1.552,0.0345
ERR1203383,2090,65.35334584115071,9552,0.915,0.022,0.897,0.022,0.906,0.022
ERR1203383,2091,65.38461538461539,9552,0.91,0.022,0.821,0.02,0.8654999999999999,0.020999999999999998
ERR1203383,2092,65.41588492808005,9552,0.925,0.023,0.912,0.024,0.9185000000000001,0.0235
ERR1203383,2093,65.44715447154472,9552,0.701,0.022,0.643,0.021,0.6719999999999999,0.0215
ERR1203383,2094,65.47842401500938,9552,0.729,0.019,0.712,0.017,0.7204999999999999,0.018000000000000002
ERR1203383,2095,65.50969355847404,9552,1.014,0.024,0.92,0.023,0.9670000000000001,0.0235
ERR1203383,2096,65.54096310193871,9552,0.854,0.021,0.842,0.022,0.848,0.0215
ERR1203383,2097,65.57223264540337,9552,0.701,0.017,0.641,0.016,0.671,0.0165
ERR1203383,2098,65.60350218886805,9552,0.511,0.013,0.509,0.013,0.51,0.013
ERR1203383,2099,65.63477173233271,9552,1.353,0.03,1.19,0.027,1.2715,0.028499999999999998
ERR1203383,2100,65.66604127579737,9552,0.998,0.027,0.977,0.026,0.9875,0.0265
ERR1203383,2101,65.69731081926204,9552,0.78,0.017,0.705,0.016,0.7424999999999999,0.0165
ERR1203383,2102,65.7285803627267,9552,0.642,0.018,0.632,0.018,0.637,0.018
ERR1203383,2103,65.75984990619136,9552,0.821,0.019,0.731,0.017,0.776,0.018000000000000002
ERR1203383,2104,65.79111944965604,9552,0.737,0.017,0.711,0.017,0.724,0.017
ERR1203383,2105,65.8223889931207,9552,0.551,0.015,0.514,0.014,0.5325,0.014499999999999999
ERR1203383,2106,65.85365853658537,9552,0.723,0.019,0.712,0.018,0.7175,0.0185
ERR1203383,2107,65.88492808005003,9552,0.636,0.016,0.591,0.016,0.6134999999999999,0.016
ERR1203383,2108,65.91619762351469,9552,1.311,0.034,1.265,0.03,1.2879999999999998,0.032
ERR1203383,2109,65.94746716697937,9552,0.764,0.022,0.731,0.021,0.7475,0.0215
ERR1203383,2110,65.97873671044402,9552,0.565,0.015,0.555,0.015,0.56,0.015
ERR1203383,2111,66.0100062539087,9552,0.673,0.02,0.622,0.02,0.6475,0.02
ERR1203383,2112,66.04127579737336,9552,0.598,0.015,0.595,0.015,0.5965,0.015
ERR1203383,2113,66.07254534083802,9552,0.791,0.02,0.728,0.019,0.7595000000000001,0.0195
ERR1203383,2114,66.1038148843027,9552,0.569,0.016,0.567,0.016,0.568,0.016
ERR1203383,2115,66.13508442776735,9552,0.698,0.017,0.644,0.016,0.671,0.0165
ERR1203383,2116,66.16635397123201,9552,0.566,0.015,0.559,0.014,0.5625,0.014499999999999999
ERR1203383,2117,66.19762351469669,9552,0.573,0.015,0.533,0.014,0.5529999999999999,0.014499999999999999
ERR1203383,2118,66.22889305816135,9552,0.667,0.018,0.654,0.018,0.6605000000000001,0.018
ERR1203383,2119,66.26016260162602,9552,0.673,0.017,0.628,0.015,0.6505000000000001,0.016
ERR1203383,2120,66.29143214509068,9552,0.639,0.015,0.625,0.015,0.632,0.015
ERR1203383,2121,66.32270168855534,9552,0.557,0.014,0.521,0.013,0.539,0.0135
ERR1203383,2122,66.35397123202002,9552,0.528,0.014,0.519,0.013,0.5235000000000001,0.0135
ERR1203383,2123,66.38524077548468,9552,0.791,0.019,0.724,0.016,0.7575000000000001,0.0175
ERR1203383,2124,66.41651031894935,9552,0.464,0.013,0.462,0.012,0.463,0.0125
ERR1203383,2125,66.44777986241401,9552,0.539,0.016,0.504,0.014,0.5215000000000001,0.015
ERR1203383,2126,66.47904940587867,9552,0.483,0.013,0.474,0.013,0.4785,0.013
ERR1203383,2127,66.51031894934334,9552,0.504,0.015,0.476,0.013,0.49,0.013999999999999999
ERR1203383,2128,66.541588492808,9552,1.125,0.031,1.099,0.031,1.112,0.031
ERR1203383,2129,66.57285803627268,9552,1.359,0.032,1.203,0.032,1.2810000000000001,0.032
ERR1203383,2130,66.60412757973734,9552,0.732,0.019,0.738,0.019,0.735,0.019
ERR1203383,2131,66.635397123202,9552,0.911,0.025,0.83,0.024,0.8705,0.0245
ERR1203383,2132,66.66666666666667,9552,0.852,0.021,0.839,0.021,0.8454999999999999,0.021
ERR1203383,2133,66.69793621013133,9552,1.238,0.028,1.112,0.026,1.175,0.027
ERR1203383,2134,66.72920575359599,9552,0.95,0.025,0.932,0.024,0.9410000000000001,0.0245
ERR1203383,2135,66.76047529706067,9552,0.929,0.023,0.832,0.022,0.8805000000000001,0.0225
ERR1203383,2136,66.79174484052533,9552,0.909,0.024,0.889,0.024,0.899,0.024
ERR1203383,2137,66.82301438399,9552,0.955,0.023,0.868,0.022,0.9115,0.0225
ERR1203383,2138,66.85428392745466,9552,1.72,0.04,1.676,0.038,1.698,0.039
ERR1203383,2139,66.88555347091932,9552,0.762,0.019,0.686,0.018,0.724,0.0185
ERR1203383,2140,66.916823014384,9552,1.309,0.032,1.292,0.033,1.3005,0.0325
ERR1203383,2141,66.94809255784865,9552,1.035,0.023,0.921,0.022,0.978,0.0225
ERR1203383,2142,66.97936210131333,9552,0.854,0.023,0.84,0.023,0.847,0.023
ERR1203383,2143,67.01063164477799,9552,0.724,0.017,0.653,0.015,0.6885,0.016
ERR1203383,2144,67.04190118824265,9552,0.612,0.018,0.606,0.018,0.609,0.018
ERR1203383,2145,67.07317073170732,9552,0.908,0.024,0.829,0.023,0.8685,0.0235
ERR1203383,2146,67.10444027517198,9552,0.841,0.02,0.831,0.02,0.836,0.02
ERR1203383,2147,67.13570981863664,9552,1.02,0.023,0.909,0.022,0.9645,0.0225
ERR1203383,2148,67.16697936210132,9552,0.846,0.025,0.84,0.025,0.843,0.025
ERR1203383,2149,67.19824890556598,9552,0.947,0.025,0.845,0.023,0.8959999999999999,0.024
ERR1203383,2150,67.22951844903065,9552,0.958,0.025,0.939,0.026,0.9484999999999999,0.025500000000000002
ERR1203383,2151,67.26078799249531,9552,0.844,0.019,0.761,0.017,0.8025,0.018000000000000002
ERR1203383,2152,67.29205753595997,9552,0.775,0.019,0.763,0.019,0.769,0.019
ERR1203383,2153,67.32332707942464,9552,0.832,0.022,0.75,0.021,0.7909999999999999,0.0215
ERR1203383,2154,67.3545966228893,9552,0.866,0.021,0.848,0.021,0.857,0.021
ERR1203383,2155,67.38586616635398,9552,1.008,0.024,0.907,0.023,0.9575,0.0235
ERR1203383,2156,67.41713570981864,9552,0.915,0.022,0.908,0.021,0.9115,0.0215
ERR1203383,2157,67.4484052532833,9552,0.571,0.015,0.529,0.014,0.55,0.014499999999999999
ERR1203383,2158,67.47967479674797,9552,0.629,0.015,0.619,0.015,0.624,0.015
ERR1203383,2159,67.51094434021263,9552,0.623,0.015,0.576,0.014,0.5994999999999999,0.014499999999999999
ERR1203383,2160,67.54221388367729,9552,0.93,0.025,0.921,0.026,0.9255,0.025500000000000002
ERR1203383,2161,67.57348342714197,9552,1.018,0.024,0.898,0.022,0.958,0.023
ERR1203383,2162,67.60475297060663,9552,0.624,0.016,0.622,0.016,0.623,0.016
ERR1203383,2163,67.6360225140713,9552,0.92,0.021,0.825,0.019,0.8725,0.02
ERR1203383,2164,67.66729205753596,9552,0.713,0.021,0.707,0.022,0.71,0.0215
ERR1203383,2165,67.69856160100062,9552,0.784,0.02,0.701,0.018,0.7424999999999999,0.019
ERR1203383,2166,67.7298311444653,9552,0.769,0.021,0.758,0.02,0.7635000000000001,0.0205
ERR1203383,2167,67.76110068792995,9552,0.887,0.025,0.805,0.024,0.8460000000000001,0.0245
ERR1203383,2168,67.79237023139463,9552,0.843,0.021,0.83,0.02,0.8365,0.0205
ERR1203383,2169,67.82363977485929,9552,0.772,0.018,0.704,0.016,0.738,0.017
ERR1203383,2170,67.85490931832395,9552,0.753,0.019,0.752,0.019,0.7525,0.019
ERR1203383,2171,67.88617886178862,9552,0.832,0.02,0.75,0.018,0.7909999999999999,0.019
ERR1203383,2172,67.91744840525328,9552,0.623,0.016,0.614,0.016,0.6185,0.016
ERR1203383,2173,67.94871794871794,9552,0.675,0.018,0.615,0.017,0.645,0.0175
ERR1203383,2174,67.97998749218262,9552,0.606,0.015,0.593,0.015,0.5994999999999999,0.015
ERR1203383,2175,68.01125703564728,9552,0.828,0.02,0.747,0.018,0.7875,0.019
ERR1203383,2176,68.04252657911195,9552,0.746,0.018,0.732,0.017,0.739,0.0175
ERR1203383,2177,68.07379612257661,9552,0.916,0.02,0.815,0.019,0.8654999999999999,0.0195
ERR1203383,2178,68.10506566604127,9552,0.626,0.017,0.627,0.018,0.6265000000000001,0.0175
ERR1203383,2179,68.13633520950594,9552,0.929,0.022,0.839,0.021,0.884,0.0215
ERR1203383,2180,68.1676047529706,9552,1.093,0.026,1.068,0.025,1.0805,0.025500000000000002
ERR1203383,2181,68.19887429643528,9552,0.765,0.018,0.699,0.019,0.732,0.0185
ERR1203383,2182,68.23014383989994,9552,1.661,0.038,1.623,0.036,1.642,0.037
ERR1203383,2183,68.2614133833646,9552,0.799,0.022,0.707,0.02,0.753,0.020999999999999998
ERR1203383,2184,68.29268292682927,9552,0.621,0.016,0.606,0.016,0.6134999999999999,0.016
ERR1203383,2185,68.32395247029393,9552,1.092,0.024,0.968,0.022,1.03,0.023
ERR1203383,2186,68.3552220137586,9552,0.857,0.023,0.842,0.023,0.8494999999999999,0.023
ERR1203383,2187,68.38649155722327,9552,0.751,0.02,0.685,0.019,0.718,0.0195
ERR1203383,2188,68.41776110068793,9552,0.833,0.023,0.824,0.023,0.8285,0.023
ERR1203383,2189,68.4490306441526,9552,0.803,0.018,0.719,0.017,0.761,0.0175
ERR1203383,2190,68.48030018761726,9552,0.757,0.02,0.743,0.02,0.75,0.02
ERR1203383,2191,68.51156973108192,9552,0.682,0.016,0.615,0.015,0.6485000000000001,0.0155
ERR1203383,2192,68.5428392745466,9552,0.578,0.015,0.566,0.015,0.572,0.015
ERR1203383,2193,68.57410881801125,9552,0.768,0.02,0.698,0.018,0.733,0.019
ERR1203383,2194,68.60537836147593,9552,0.751,0.018,0.738,0.018,0.7444999999999999,0.018
ERR1203383,2195,68.63664790494059,9552,0.736,0.022,0.67,0.02,0.7030000000000001,0.020999999999999998
ERR1203383,2196,68.66791744840525,9552,1.066,0.027,1.047,0.026,1.0565,0.0265
ERR1203383,2197,68.69918699186992,9552,0.744,0.02,0.677,0.018,0.7105,0.019
ERR1203383,2198,68.73045653533458,9552,0.707,0.017,0.699,0.017,0.703,0.017
ERR1203383,2199,68.76172607879926,9552,0.692,0.016,0.625,0.015,0.6585,0.0155
ERR1203383,2200,68.79299562226392,9552,0.684,0.02,0.672,0.02,0.678,0.02
ERR1203383,2201,68.82426516572858,9552,0.741,0.017,0.673,0.016,0.7070000000000001,0.0165
ERR1203383,2202,68.85553470919325,9552,0.622,0.016,0.626,0.016,0.624,0.016
ERR1203383,2203,68.88680425265791,9552,0.929,0.025,0.838,0.023,0.8835,0.024
ERR1203383,2204,68.91807379612257,9552,0.639,0.017,0.63,0.016,0.6345000000000001,0.0165
ERR1203383,2205,68.94934333958724,9552,0.954,0.022,0.85,0.02,0.9019999999999999,0.020999999999999998
ERR1203383,2206,68.9806128830519,9552,0.699,0.018,0.698,0.019,0.6984999999999999,0.0185
ERR1203383,2207,69.01188242651658,9552,0.746,0.017,0.67,0.016,0.708,0.0165
ERR1203383,2208,69.04315196998124,9552,0.568,0.02,0.563,0.019,0.5654999999999999,0.0195
ERR1203383,2209,69.0744215134459,9552,0.865,0.022,0.851,0.021,0.858,0.0215
ERR1203383,2210,69.10569105691057,9552,0.724,0.017,0.716,0.018,0.72,0.0175
ERR1203383,2211,69.13696060037523,9552,0.602,0.015,0.556,0.014,0.579,0.014499999999999999
ERR1203383,2212,69.1682301438399,9552,0.907,0.019,0.898,0.019,0.9025000000000001,0.019
ERR1203383,2213,69.19949968730457,9552,1.257,0.025,1.213,0.024,1.2349999999999999,0.0245
ERR1203383,2214,69.23076923076923,9552,1.43,0.031,1.411,0.031,1.4205,0.031
ERR1203383,2215,69.2620387742339,9552,1.197,0.028,1.118,0.026,1.1575000000000002,0.027
ERR1203383,2216,69.29330831769856,9552,0.987,0.021,0.98,0.021,0.9835,0.021
ERR1203383,2217,69.32457786116322,9552,1.212,0.027,1.132,0.026,1.172,0.0265
ERR1203383,2218,69.3558474046279,9552,0.976,0.023,0.968,0.023,0.972,0.023
ERR1203383,2219,69.38711694809255,9552,0.92,0.019,0.904,0.018,0.912,0.0185
ERR1203383,2220,69.41838649155723,9552,0.934,0.024,0.926,0.024,0.93,0.024
ERR1203383,2221,69.44965603502189,9552,0.82,0.02,0.747,0.018,0.7835,0.019
ERR1203383,2222,69.48092557848655,9552,1.128,0.025,1.109,0.025,1.1185,0.025
ERR1203383,2223,69.51219512195122,9552,0.949,0.023,0.857,0.021,0.903,0.022
ERR1203383,2224,69.54346466541588,9552,1.19,0.025,1.181,0.025,1.1855,0.025
ERR1203383,2225,69.57473420888056,9552,0.732,0.021,0.666,0.02,0.6990000000000001,0.0205
ERR1203383,2226,69.60600375234522,9552,1.088,0.026,1.079,0.026,1.0835,0.026
ERR1203383,2227,69.63727329580988,9552,0.872,0.021,0.785,0.019,0.8285,0.02
ERR1203383,2228,69.66854283927455,9552,0.552,0.014,0.556,0.014,0.554,0.014
ERR1203383,2229,69.69981238273921,9552,0.815,0.019,0.746,0.018,0.7805,0.0185
ERR1203383,2230,69.73108192620387,9552,0.803,0.018,0.795,0.018,0.799,0.018
ERR1203383,2231,69.76235146966854,9552,1.133,0.028,1.012,0.026,1.0725,0.027
ERR1203383,2232,69.7936210131332,9552,1.088,0.027,1.067,0.026,1.0775000000000001,0.0265
ERR1203383,2233,69.82489055659788,9552,0.653,0.016,0.592,0.015,0.6225,0.0155
ERR1203383,2234,69.85616010006254,9552,0.625,0.016,0.613,0.015,0.619,0.0155
ERR1203383,2235,69.8874296435272,9552,0.607,0.018,0.568,0.017,0.5874999999999999,0.0175
ERR1203383,2236,69.91869918699187,9552,0.775,0.025,0.803,0.024,0.789,0.0245
ERR1203383,2237,69.94996873045653,9552,0.618,0.015,0.568,0.014,0.593,0.014499999999999999
ERR1203383,2238,69.9812382739212,9552,0.796,0.019,0.78,0.018,0.788,0.0185
ERR1203383,2239,70.01250781738587,9552,0.737,0.017,0.668,0.016,0.7025,0.0165
ERR1203383,2240,70.04377736085053,9552,0.609,0.016,0.6,0.016,0.6045,0.016
ERR1203383,2241,70.0750469043152,9552,0.507,0.013,0.475,0.013,0.491,0.013
ERR1203383,2242,70.10631644777986,9552,0.582,0.017,0.571,0.017,0.5765,0.017
ERR1203383,2243,70.13758599124452,9552,0.664,0.018,0.606,0.016,0.635,0.017
ERR1203383,2244,70.1688555347092,9552,0.65,0.016,0.641,0.015,0.6455,0.0155
ERR1203383,2245,70.20012507817385,9552,0.557,0.014,0.519,0.013,0.538,0.0135
ERR1203383,2246,70.23139462163853,9552,0.761,0.019,0.748,0.019,0.7545,0.019
ERR1203383,2247,70.26266416510319,9552,0.565,0.016,0.527,0.015,0.546,0.0155
ERR1203383,2248,70.29393370856785,9552,0.53,0.015,0.521,0.014,0.5255000000000001,0.014499999999999999
ERR1203383,2249,70.32520325203252,9552,0.668,0.017,0.628,0.017,0.648,0.017
ERR1203383,2250,70.35647279549718,9552,0.607,0.02,0.602,0.019,0.6045,0.0195
ERR1203383,2251,70.38774233896186,9552,0.727,0.019,0.664,0.018,0.6955,0.0185
ERR1203383,2252,70.41901188242652,9552,0.836,0.021,0.828,0.022,0.832,0.0215
ERR1203383,2253,70.45028142589118,9552,0.751,0.019,0.689,0.018,0.72,0.0185
ERR1203383,2254,70.48155096935585,9552,0.693,0.022,0.692,0.021,0.6924999999999999,0.0215
ERR1203383,2255,70.51282051282051,9552,1.144,0.028,1.016,0.025,1.08,0.026500000000000003
ERR1203383,2256,70.54409005628519,9552,0.559,0.014,0.551,0.015,0.555,0.014499999999999999
ERR1203383,2257,70.57535959974985,9552,0.591,0.015,0.541,0.014,0.5660000000000001,0.014499999999999999
ERR1203383,2258,70.6066291432145,9552,0.8,0.021,0.788,0.02,0.794,0.0205
ERR1203383,2259,70.63789868667918,9552,0.88,0.022,0.795,0.021,0.8375,0.0215
ERR1203383,2260,70.66916823014384,9552,0.859,0.021,0.852,0.022,0.8554999999999999,0.0215
ERR1203383,2261,70.7004377736085,9552,0.664,0.017,0.61,0.017,0.637,0.017
ERR1203383,2262,70.73170731707317,9552,0.763,0.017,0.749,0.017,0.756,0.017
ERR1203383,2263,70.76297686053783,9552,0.754,0.018,0.682,0.016,0.718,0.017
ERR1203383,2264,70.79424640400251,9552,0.879,0.022,0.871,0.023,0.875,0.0225
ERR1203383,2265,70.82551594746717,9552,1.244,0.026,1.139,0.024,1.1915,0.025
ERR1203383,2266,70.85678549093183,9552,0.808,0.022,0.8,0.021,0.804,0.0215
ERR1203383,2267,70.8880550343965,9552,0.954,0.022,0.855,0.02,0.9045,0.020999999999999998
ERR1203383,2268,70.91932457786116,9552,0.702,0.017,0.686,0.016,0.694,0.0165
ERR1203383,2269,70.95059412132584,9552,0.811,0.021,0.733,0.019,0.772,0.02
ERR1203383,2270,70.9818636647905,9552,0.903,0.019,0.884,0.019,0.8935,0.019
ERR1203383,2271,71.01313320825516,9552,0.987,0.023,0.874,0.022,0.9305,0.0225
ERR1203383,2272,71.04440275171983,9552,0.908,0.024,0.891,0.024,0.8995,0.024
ERR1203383,2273,71.07567229518449,9552,0.709,0.022,0.644,0.021,0.6765,0.0215
ERR1203383,2274,71.10694183864915,9552,0.689,0.021,0.681,0.021,0.685,0.021
ERR1203383,2275,71.13821138211382,9552,0.641,0.017,0.586,0.016,0.6134999999999999,0.0165
ERR1203383,2276,71.16948092557848,9552,0.883,0.023,0.873,0.023,0.878,0.023
ERR1203383,2277,71.20075046904316,9552,0.913,0.02,0.833,0.019,0.873,0.0195
ERR1203383,2278,71.23202001250782,9552,0.645,0.017,0.638,0.018,0.6415,0.0175
ERR1203383,2279,71.26328955597248,9552,0.733,0.017,0.666,0.016,0.6995,0.0165
ERR1203383,2280,71.29455909943715,9552,0.634,0.018,0.624,0.018,0.629,0.018
ERR1203383,2281,71.32582864290181,9552,0.871,0.019,0.781,0.018,0.8260000000000001,0.0185
ERR1203383,2282,71.35709818636649,9552,0.796,0.018,0.779,0.017,0.7875000000000001,0.0175
ERR1203383,2283,71.38836772983115,9552,0.772,0.019,0.69,0.018,0.731,0.0185
ERR1203383,2284,71.4196372732958,9552,0.67,0.019,0.659,0.019,0.6645000000000001,0.019
ERR1203383,2285,71.45090681676048,9552,0.786,0.02,0.714,0.019,0.75,0.0195
ERR1203383,2286,71.48217636022514,9552,0.836,0.026,0.823,0.026,0.8294999999999999,0.026
ERR1203383,2287,71.5134459036898,9552,1.011,0.027,0.899,0.022,0.955,0.0245
ERR1203383,2288,71.54471544715447,9552,0.669,0.017,0.667,0.019,0.668,0.018000000000000002
ERR1203383,2289,71.57598499061913,9552,0.858,0.024,0.791,0.023,0.8245,0.0235
ERR1203383,2290,71.60725453408381,9552,0.772,0.022,0.767,0.024,0.7695000000000001,0.023
ERR1203383,2291,71.63852407754847,9552,0.751,0.017,0.691,0.016,0.721,0.0165
ERR1203383,2292,71.66979362101313,9552,0.568,0.019,0.552,0.018,0.56,0.0185
ERR1203383,2293,71.7010631644778,9552,0.702,0.018,0.636,0.017,0.669,0.0175
ERR1203383,2294,71.73233270794246,9552,0.74,0.019,0.73,0.019,0.735,0.019
ERR1203383,2295,71.76360225140714,9552,0.778,0.019,0.728,0.017,0.753,0.018000000000000002
ERR1203383,2296,71.7948717948718,9552,0.877,0.022,0.872,0.022,0.8745,0.022
ERR1203383,2297,71.82614133833646,9552,0.932,0.024,0.833,0.02,0.8825000000000001,0.022
ERR1203383,2298,71.85741088180113,9552,0.704,0.023,0.695,0.023,0.6995,0.023
ERR1203383,2299,71.88868042526579,9552,0.897,0.019,0.807,0.017,0.8520000000000001,0.018000000000000002
ERR1203383,2300,71.91994996873045,9552,0.685,0.02,0.678,0.02,0.6815,0.02
ERR1203383,2301,71.95121951219512,9552,0.884,0.023,0.807,0.021,0.8455,0.022
ERR1203383,2302,71.98248905565978,9552,0.714,0.02,0.705,0.02,0.7095,0.02
ERR1203383,2303,72.01375859912446,9552,0.905,0.022,0.808,0.02,0.8565,0.020999999999999998
ERR1203383,2304,72.04502814258912,9552,0.601,0.015,0.591,0.015,0.596,0.015
ERR1203383,2305,72.07629768605378,9552,1.014,0.024,0.921,0.023,0.9675,0.0235
ERR1203383,2306,72.10756722951845,9552,0.831,0.019,0.819,0.019,0.825,0.019
ERR1203383,2307,72.13883677298311,9552,1.074,0.029,0.971,0.026,1.0225,0.0275
ERR1203383,2308,72.17010631644779,9552,0.949,0.023,0.95,0.023,0.9495,0.023
ERR1203383,2309,72.20137585991245,9552,0.659,0.017,0.603,0.015,0.631,0.016
ERR1203383,2310,72.2326454033771,9552,0.862,0.022,0.849,0.021,0.8554999999999999,0.0215
ERR1203383,2311,72.26391494684178,9552,1.112,0.028,0.983,0.025,1.0475,0.026500000000000003
ERR1203383,2312,72.29518449030644,9552,0.712,0.02,0.703,0.02,0.7075,0.02
ERR1203383,2313,72.32645403377111,9552,0.817,0.021,0.734,0.019,0.7755,0.02
ERR1203383,2314,72.35772357723577,9552,0.638,0.016,0.626,0.015,0.632,0.0155
ERR1203383,2315,72.38899312070043,9552,0.793,0.02,0.721,0.019,0.757,0.0195
ERR1203383,2316,72.42026266416511,9552,0.714,0.024,0.704,0.023,0.709,0.0235
ERR1203383,2317,72.45153220762977,9552,0.756,0.02,0.687,0.019,0.7215,0.0195
ERR1203383,2318,72.48280175109443,9552,0.493,0.013,0.484,0.013,0.4885,0.013
ERR1203383,2319,72.5140712945591,9552,0.926,0.023,0.834,0.021,0.88,0.022
ERR1203383,2320,72.54534083802376,9552,0.878,0.022,0.864,0.022,0.871,0.022
ERR1203383,2321,72.57661038148844,9552,1.272,0.03,1.122,0.027,1.197,0.028499999999999998
ERR1203383,2322,72.6078799249531,9552,1.321,0.033,1.297,0.033,1.309,0.033
ERR1203383,2323,72.63914946841776,9552,0.747,0.019,0.681,0.017,0.714,0.018000000000000002
ERR1203383,2324,72.67041901188243,9552,0.881,0.022,0.872,0.022,0.8765000000000001,0.022
ERR1203383,2325,72.70168855534709,9552,0.72,0.017,0.652,0.016,0.6859999999999999,0.0165
ERR1203383,2326,72.73295809881176,9552,0.855,0.021,0.845,0.021,0.85,0.021
ERR1203383,2327,72.76422764227642,9552,0.759,0.02,0.706,0.019,0.7324999999999999,0.0195
ERR1203383,2328,72.79549718574108,9552,0.563,0.016,0.559,0.016,0.5609999999999999,0.016
ERR1203383,2329,72.82676672920576,9552,0.678,0.016,0.622,0.015,0.65,0.0155
ERR1203383,2330,72.85803627267042,9552,0.44,0.013,0.435,0.012,0.4375,0.0125
ERR1203383,2331,72.88930581613508,9552,0.477,0.015,0.45,0.014,0.4635,0.014499999999999999
ERR1203383,2332,72.92057535959975,9552,0.533,0.014,0.529,0.014,0.531,0.014
ERR1203383,2333,72.95184490306441,9552,0.609,0.015,0.563,0.014,0.586,0.014499999999999999
ERR1203383,2334,72.98311444652909,9552,0.562,0.014,0.554,0.014,0.558,0.014
ERR1203383,2335,73.01438398999375,9552,0.597,0.015,0.548,0.014,0.5725,0.014499999999999999
ERR1203383,2336,73.0456535334584,9552,0.486,0.014,0.479,0.013,0.4825,0.0135
ERR1203383,2337,73.07692307692308,9552,0.656,0.015,0.605,0.014,0.6305000000000001,0.014499999999999999
ERR1203383,2338,73.10819262038774,9552,0.53,0.019,0.526,0.019,0.528,0.019
ERR1203383,2339,73.13946216385241,9552,0.54,0.013,0.504,0.013,0.522,0.013
ERR1203383,2340,73.17073170731707,9552,0.637,0.018,0.629,0.018,0.633,0.018
ERR1203383,2341,73.20200125078173,9552,0.615,0.018,0.57,0.017,0.5925,0.0175
ERR1203383,2342,73.23327079424641,9552,0.555,0.014,0.547,0.015,0.551,0.014499999999999999
ERR1203383,2343,73.26454033771107,9552,0.602,0.016,0.556,0.015,0.579,0.0155
ERR1203383,2344,73.29580988117573,9552,0.658,0.017,0.648,0.017,0.653,0.017
ERR1203383,2345,73.3270794246404,9552,0.757,0.021,0.703,0.018,0.73,0.0195
ERR1203383,2346,73.35834896810506,9552,0.565,0.017,0.563,0.017,0.564,0.017
ERR1203383,2347,73.38961851156974,9552,0.882,0.019,0.792,0.018,0.837,0.0185
ERR1203383,2348,73.4208880550344,9552,0.708,0.018,0.701,0.019,0.7044999999999999,0.0185
ERR1203383,2349,73.45215759849906,9552,0.685,0.016,0.627,0.015,0.656,0.0155
ERR1203383,2350,73.48342714196373,9552,0.571,0.015,0.562,0.015,0.5665,0.015
ERR1203383,2351,73.51469668542839,9552,1.766,0.039,1.558,0.034,1.662,0.036500000000000005
ERR1203383,2352,73.54596622889306,9552,1.088,0.026,1.07,0.027,1.0790000000000002,0.0265
ERR1203383,2353,73.57723577235772,9552,1.371,0.031,1.214,0.028,1.2925,0.0295
ERR1203383,2354,73.60850531582238,9552,0.745,0.02,0.733,0.019,0.739,0.0195
ERR1203383,2355,73.63977485928706,9552,1.071,0.025,0.959,0.023,1.015,0.024
ERR1203383,2356,73.67104440275172,9552,0.918,0.021,0.902,0.02,0.91,0.0205
ERR1203383,2357,73.70231394621638,9552,1.298,0.027,1.141,0.025,1.2195,0.026000000000000002
ERR1203383,2358,73.73358348968105,9552,0.972,0.021,0.958,0.02,0.965,0.0205
ERR1203383,2359,73.76485303314571,9552,1.084,0.025,0.996,0.023,1.04,0.024
ERR1203383,2360,73.79612257661039,9552,0.698,0.017,0.687,0.017,0.6925,0.017
ERR1203383,2361,73.82739212007505,9552,1.272,0.031,1.14,0.028,1.206,0.0295
ERR1203383,2362,73.8586616635397,9552,1.178,0.026,1.162,0.025,1.17,0.025500000000000002
ERR1203383,2363,73.88993120700438,9552,0.899,0.025,0.816,0.023,0.8574999999999999,0.024
ERR1203383,2364,73.92120075046904,9552,0.704,0.019,0.696,0.018,0.7,0.0185
ERR1203383,2365,73.95247029393371,9552,0.818,0.022,0.734,0.021,0.776,0.0215
ERR1203383,2366,73.98373983739837,9552,0.637,0.021,0.632,0.02,0.6345000000000001,0.0205
ERR1203383,2367,74.01500938086303,9552,0.678,0.021,0.623,0.02,0.6505000000000001,0.0205
ERR1203383,2368,74.04627892432771,9552,0.846,0.021,0.836,0.019,0.841,0.02
ERR1203383,2369,74.07754846779237,9552,1.113,0.024,1.02,0.023,1.0665,0.0235
ERR1203383,2370,74.10881801125704,9552,0.667,0.017,0.658,0.016,0.6625000000000001,0.0165
ERR1203383,2371,74.1400875547217,9552,1.064,0.022,0.956,0.02,1.01,0.020999999999999998
ERR1203383,2372,74.17135709818636,9552,0.717,0.02,0.713,0.019,0.715,0.0195
ERR1203383,2373,74.20262664165104,9552,0.854,0.021,0.762,0.019,0.808,0.02
ERR1203383,2374,74.2338961851157,9552,0.846,0.02,0.837,0.02,0.8414999999999999,0.02
ERR1203383,2375,74.26516572858036,9552,0.823,0.019,0.741,0.017,0.782,0.018000000000000002
ERR1203383,2376,74.29643527204503,9552,1.167,0.026,1.139,0.026,1.153,0.026
ERR1203383,2377,74.32770481550969,9552,0.678,0.017,0.612,0.016,0.645,0.0165
ERR1203383,2378,74.35897435897436,9552,0.895,0.024,0.878,0.023,0.8865000000000001,0.0235
ERR1203383,2379,74.39024390243902,9552,1.019,0.026,0.95,0.024,0.9844999999999999,0.025
ERR1203383,2380,74.42151344590368,9552,0.557,0.015,0.551,0.015,0.554,0.015
ERR1203383,2381,74.45278298936836,9552,1.035,0.021,0.945,0.02,0.99,0.0205
ERR1203383,2382,74.48405253283302,9552,0.817,0.019,0.818,0.018,0.8174999999999999,0.0185
ERR1203383,2383,74.51532207629769,9552,0.673,0.016,0.623,0.014,0.648,0.015
ERR1203383,2384,74.54659161976235,9552,0.615,0.017,0.611,0.016,0.613,0.0165
ERR1203383,2385,74.57786116322701,9552,0.805,0.024,0.755,0.02,0.78,0.022
ERR1203383,2386,74.60913070669169,9552,0.684,0.018,0.679,0.017,0.6815,0.0175
ERR1203383,2387,74.64040025015635,9552,0.567,0.015,0.525,0.014,0.546,0.014499999999999999
ERR1203383,2388,74.671669793621,9552,0.611,0.016,0.601,0.015,0.606,0.0155
ERR1203383,2389,74.70293933708568,9552,0.612,0.015,0.568,0.014,0.59,0.014499999999999999
ERR1203383,2390,74.73420888055034,9552,0.56,0.017,0.558,0.016,0.559,0.0165
ERR1203383,2391,74.76547842401501,9552,0.763,0.019,0.702,0.018,0.7324999999999999,0.0185
ERR1203383,2392,74.79674796747967,9552,0.635,0.018,0.63,0.019,0.6325000000000001,0.0185
ERR1203383,2393,74.82801751094433,9552,1.642,0.033,1.508,0.031,1.575,0.032
ERR1203383,2394,74.85928705440901,9552,1.82,0.037,1.761,0.035,1.7905,0.036000000000000004
ERR1203383,2395,74.89055659787367,9552,1.438,0.032,1.369,0.03,1.4035,0.031
ERR1203383,2396,74.92182614133834,9552,0.914,0.026,0.902,0.025,0.908,0.025500000000000002
ERR1203383,2397,74.953095684803,9552,0.767,0.02,0.694,0.019,0.7304999999999999,0.0195
ERR1203383,2398,74.98436522826766,9552,0.877,0.024,0.866,0.023,0.8714999999999999,0.0235
ERR1203383,2399,75.01563477173234,9552,0.957,0.022,0.859,0.02,0.9079999999999999,0.020999999999999998
ERR1203383,2400,75.046904315197,9552,0.674,0.016,0.664,0.016,0.669,0.016
ERR1203383,2401,75.07817385866166,9552,1.148,0.026,1.006,0.023,1.077,0.0245
ERR1203383,2402,75.10944340212633,9552,0.736,0.02,0.73,0.019,0.733,0.0195
ERR1203383,2403,75.14071294559099,9552,0.994,0.021,0.877,0.019,0.9355,0.02
ERR1203383,2404,75.17198248905567,9552,0.773,0.02,0.69,0.016,0.7315,0.018000000000000002
ERR1203383,2405,75.20325203252033,9552,0.699,0.016,0.644,0.015,0.6715,0.0155
ERR1203383,2406,75.23452157598499,9552,0.635,0.016,0.625,0.015,0.63,0.0155
ERR1203383,2407,75.26579111944966,9552,0.598,0.019,0.556,0.018,0.577,0.0185
ERR1203383,2408,75.29706066291432,9552,0.681,0.018,0.667,0.017,0.674,0.0175
ERR1203383,2409,75.328330206379,9552,0.563,0.014,0.522,0.014,0.5425,0.014
ERR1203383,2410,75.35959974984365,9552,0.673,0.018,0.665,0.018,0.669,0.018
ERR1203383,2411,75.39086929330831,9552,0.75,0.016,0.68,0.015,0.7150000000000001,0.0155
ERR1203383,2412,75.42213883677299,9552,1.127,0.029,1.117,0.028,1.1219999999999999,0.0285
ERR1203383,2413,75.45340838023765,9552,1.667,0.036,1.459,0.034,1.5630000000000002,0.035
ERR1203383,2414,75.48467792370231,9552,0.902,0.024,0.882,0.024,0.892,0.024
ERR1203383,2415,75.51594746716698,9552,0.755,0.019,0.69,0.017,0.7224999999999999,0.018000000000000002
ERR1203383,2416,75.54721701063164,9552,0.57,0.022,0.574,0.015,0.572,0.0185
ERR1203383,2417,75.57848655409632,9552,0.515,0.014,0.483,0.013,0.499,0.0135
ERR1203383,2418,75.60975609756098,9552,0.512,0.014,0.507,0.014,0.5095000000000001,0.014
ERR1203383,2419,75.64102564102564,9552,0.601,0.015,0.552,0.014,0.5765,0.014499999999999999
ERR1203383,2420,75.67229518449031,9552,0.515,0.014,0.51,0.014,0.5125,0.014
ERR1203383,2421,75.70356472795497,9552,0.652,0.017,0.59,0.016,0.621,0.0165
ERR1203383,2422,75.73483427141964,9552,0.533,0.014,0.523,0.014,0.528,0.014
ERR1203383,2423,75.7661038148843,9552,0.695,0.016,0.635,0.015,0.665,0.0155
ERR1203383,2424,75.79737335834896,9552,0.845,0.022,0.823,0.022,0.834,0.022
ERR1203383,2425,75.82864290181364,9552,0.891,0.02,0.806,0.018,0.8485,0.019
ERR1203383,2426,75.8599124452783,9552,0.86,0.021,0.841,0.02,0.8505,0.0205
ERR1203383,2427,75.89118198874296,9552,0.869,0.024,0.804,0.022,0.8365,0.023
ERR1203383,2428,75.92245153220763,9552,0.775,0.018,0.752,0.018,0.7635000000000001,0.018
ERR1203383,2429,75.95372107567229,9552,0.714,0.017,0.643,0.015,0.6785,0.016
ERR1203383,2430,75.98499061913697,9552,0.617,0.017,0.601,0.016,0.609,0.0165
ERR1203383,2431,76.01626016260163,9552,0.686,0.018,0.629,0.016,0.6575,0.017
ERR1203383,2432,76.04752970606629,9552,0.701,0.017,0.692,0.017,0.6964999999999999,0.017
ERR1203383,2433,76.07879924953096,9552,0.695,0.015,0.63,0.015,0.6625,0.015
ERR1203383,2434,76.11006879299562,9552,0.837,0.023,0.811,0.023,0.8240000000000001,0.023
ERR1203383,2435,76.1413383364603,9552,1.275,0.029,1.138,0.026,1.2065,0.0275
ERR1203383,2436,76.17260787992495,9552,0.906,0.019,0.894,0.02,0.9,0.0195
ERR1203383,2437,76.20387742338961,9552,0.786,0.02,0.714,0.018,0.75,0.019
ERR1203383,2438,76.23514696685429,9552,0.888,0.026,0.874,0.027,0.881,0.0265
ERR1203383,2439,76.26641651031895,9552,0.989,0.023,0.868,0.02,0.9285,0.0215
ERR1203383,2440,76.29768605378362,9552,1.237,0.034,1.204,0.03,1.2205,0.032
ERR1203383,2441,76.32895559724828,9552,0.914,0.021,0.839,0.02,0.8765000000000001,0.0205
ERR1203383,2442,76.36022514071294,9552,0.775,0.019,0.752,0.019,0.7635000000000001,0.019
ERR1203383,2443,76.39149468417762,9552,1.108,0.028,0.98,0.026,1.044,0.027
ERR1203383,2444,76.42276422764228,9552,0.6,0.015,0.588,0.016,0.594,0.0155
ERR1203383,2445,76.45403377110694,9552,0.801,0.022,0.717,0.02,0.759,0.020999999999999998
ERR1203383,2446,76.48530331457161,9552,0.825,0.018,0.803,0.018,0.8140000000000001,0.018
ERR1203383,2447,76.51657285803627,9552,1.038,0.027,0.917,0.026,0.9775,0.0265
ERR1203383,2448,76.54784240150094,9552,0.825,0.018,0.805,0.019,0.815,0.0185
ERR1203383,2449,76.5791119449656,9552,0.893,0.022,0.803,0.021,0.8480000000000001,0.0215
ERR1203383,2450,76.61038148843026,9552,0.639,0.019,0.59,0.017,0.6145,0.018000000000000002
ERR1203383,2451,76.64165103189494,9552,0.586,0.016,0.542,0.014,0.5640000000000001,0.015
ERR1203383,2452,76.6729205753596,9552,0.676,0.02,0.662,0.019,0.669,0.0195
ERR1203383,2453,76.70419011882427,9552,0.666,0.019,0.622,0.018,0.644,0.0185
ERR1203383,2454,76.73545966228893,9552,0.814,0.02,0.802,0.019,0.808,0.0195
ERR1203383,2455,76.76672920575359,9552,0.661,0.016,0.608,0.015,0.6345000000000001,0.0155
ERR1203383,2456,76.79799874921827,9552,0.686,0.017,0.671,0.018,0.6785000000000001,0.0175
ERR1203383,2457,76.82926829268293,9552,0.97,0.024,0.888,0.023,0.929,0.0235
ERR1203383,2458,76.86053783614759,9552,0.858,0.022,0.843,0.023,0.8505,0.0225
ERR1203383,2459,76.89180737961226,9552,1.113,0.023,0.998,0.021,1.0554999999999999,0.022
ERR1203383,2460,76.92307692307692,9552,0.609,0.015,0.599,0.015,0.604,0.015
ERR1203383,2461,76.9543464665416,9552,0.746,0.018,0.667,0.015,0.7065,0.0165
ERR1203383,2462,76.98561601000625,9552,0.645,0.017,0.645,0.017,0.645,0.017
ERR1203383,2463,77.01688555347091,9552,0.974,0.028,0.867,0.026,0.9205,0.027
ERR1203383,2464,77.04815509693559,9552,0.781,0.026,0.773,0.026,0.777,0.026
ERR1203383,2465,77.07942464040025,9552,0.735,0.017,0.671,0.016,0.7030000000000001,0.0165
ERR1203383,2466,77.11069418386492,9552,0.651,0.018,0.643,0.018,0.647,0.018
ERR1203383,2467,77.14196372732958,9552,0.695,0.018,0.633,0.017,0.6639999999999999,0.0175
ERR1203383,2468,77.17323327079424,9552,0.747,0.018,0.738,0.018,0.7424999999999999,0.018
ERR1203383,2469,77.20450281425892,9552,0.678,0.016,0.622,0.015,0.65,0.0155
ERR1203383,2470,77.23577235772358,9552,0.601,0.017,0.59,0.017,0.5954999999999999,0.017
ERR1203383,2471,77.26704190118824,9552,0.554,0.014,0.522,0.013,0.538,0.0135
ERR1203383,2472,77.29831144465291,9552,0.832,0.02,0.785,0.018,0.8085,0.019
ERR1203383,2473,77.32958098811757,9552,0.907,0.021,0.815,0.019,0.861,0.02
ERR1203383,2474,77.36085053158224,9552,0.923,0.025,0.909,0.026,0.916,0.025500000000000002
ERR1203383,2475,77.3921200750469,9552,0.725,0.02,0.659,0.018,0.692,0.019
ERR1203383,2476,77.42338961851156,9552,0.591,0.015,0.575,0.015,0.583,0.015
ERR1203383,2477,77.45465916197624,9552,0.563,0.015,0.519,0.013,0.5409999999999999,0.013999999999999999
ERR1203383,2478,77.4859287054409,9552,0.519,0.013,0.506,0.013,0.5125,0.013
ERR1203383,2479,77.51719824890557,9552,0.563,0.014,0.529,0.013,0.546,0.0135
ERR1203383,2480,77.54846779237023,9552,0.537,0.014,0.529,0.014,0.533,0.014
ERR1203383,2481,77.57973733583489,9552,0.675,0.016,0.606,0.015,0.6405000000000001,0.0155
ERR1203383,2482,77.61100687929957,9552,0.512,0.013,0.502,0.014,0.507,0.0135
ERR1203383,2483,77.64227642276423,9552,0.624,0.017,0.571,0.016,0.5974999999999999,0.0165
ERR1203383,2484,77.67354596622889,9552,0.545,0.019,0.536,0.015,0.5405,0.017
ERR1203383,2485,77.70481550969356,9552,0.637,0.017,0.586,0.017,0.6114999999999999,0.017
ERR1203383,2486,77.73608505315822,9552,0.685,0.018,0.675,0.018,0.68,0.018
ERR1203383,2487,77.7673545966229,9552,1.004,0.024,0.891,0.021,0.9475,0.0225
ERR1203383,2488,77.79862414008755,9552,0.8,0.022,0.784,0.023,0.792,0.0225
ERR1203383,2489,77.82989368355221,9552,0.662,0.018,0.619,0.017,0.6405000000000001,0.0175
ERR1203383,2490,77.86116322701689,9552,0.637,0.015,0.62,0.015,0.6285000000000001,0.015
ERR1203383,2491,77.89243277048155,9552,0.965,0.021,0.848,0.019,0.9065,0.02
ERR1203383,2492,77.92370231394622,9552,0.81,0.021,0.792,0.021,0.801,0.021
ERR1203383,2493,77.95497185741088,9552,1.017,0.024,0.878,0.02,0.9475,0.022
ERR1203383,2494,77.98624140087554,9552,0.966,0.023,0.947,0.024,0.9564999999999999,0.0235
ERR1203383,2495,78.01751094434022,9552,0.869,0.022,0.798,0.021,0.8335,0.0215
ERR1203383,2496,78.04878048780488,9552,0.834,0.021,0.819,0.021,0.8265,0.021
ERR1203383,2497,78.08005003126955,9552,0.871,0.022,0.795,0.022,0.833,0.022
ERR1203383,2498,78.11131957473421,9552,0.715,0.017,0.711,0.018,0.713,0.0175
ERR1203383,2499,78.14258911819887,9552,0.672,0.018,0.607,0.017,0.6395,0.0175
ERR1203383,2500,78.17385866166354,9552,0.529,0.014,0.524,0.013,0.5265,0.0135
ERR1203383,2501,78.2051282051282,9552,0.538,0.014,0.499,0.013,0.5185,0.0135
ERR1203383,2502,78.23639774859286,9552,0.742,0.021,0.75,0.021,0.746,0.021
ERR1203383,2503,78.26766729205754,9552,0.8,0.018,0.744,0.017,0.772,0.0175
ERR1203383,2504,78.2989368355222,9552,0.729,0.017,0.721,0.016,0.725,0.0165
ERR1203383,2505,78.33020637898687,9552,0.754,0.018,0.693,0.016,0.7235,0.017
ERR1203383,2506,78.36147592245153,9552,0.833,0.02,0.825,0.02,0.829,0.02
ERR1203383,2507,78.39274546591619,9552,1.137,0.025,1.022,0.023,1.0795,0.024
ERR1203383,2508,78.42401500938087,9552,1.795,0.037,1.769,0.038,1.782,0.0375
ERR1203383,2509,78.45528455284553,9552,0.912,0.021,0.809,0.019,0.8605,0.02
ERR1203383,2510,78.4865540963102,9552,0.661,0.017,0.648,0.017,0.6545000000000001,0.017
ERR1203383,2511,78.51782363977486,9552,0.592,0.015,0.543,0.014,0.5675,0.014499999999999999
ERR1203383,2512,78.54909318323952,9552,0.51,0.013,0.505,0.013,0.5075000000000001,0.013
ERR1203383,2513,78.5803627267042,9552,0.707,0.016,0.637,0.015,0.6719999999999999,0.0155
ERR1203383,2514,78.61163227016885,9552,0.522,0.014,0.517,0.014,0.5195000000000001,0.014
ERR1203383,2515,78.64290181363351,9552,0.836,0.021,0.757,0.019,0.7965,0.02
ERR1203383,2516,78.67417135709819,9552,0.661,0.017,0.653,0.016,0.657,0.0165
ERR1203383,2517,78.70544090056285,9552,0.691,0.016,0.637,0.015,0.6639999999999999,0.0155
ERR1203383,2518,78.73671044402752,9552,0.973,0.023,0.966,0.023,0.9695,0.023
ERR1203383,2519,78.76797998749218,9552,0.848,0.018,0.771,0.017,0.8095,0.0175
ERR1203383,2520,78.79924953095684,9552,0.829,0.024,0.828,0.024,0.8285,0.024
ERR1203383,2521,78.83051907442152,9552,1.118,0.024,1.011,0.022,1.0645,0.023
ERR1203383,2522,78.86178861788618,9552,0.734,0.021,0.727,0.022,0.7304999999999999,0.0215
ERR1203383,2523,78.89305816135085,9552,1.101,0.026,0.969,0.024,1.035,0.025
ERR1203383,2524,78.92432770481551,9552,0.631,0.015,0.628,0.015,0.6295,0.015
ERR1203383,2525,78.95559724828017,9552,0.664,0.017,0.618,0.016,0.641,0.0165
ERR1203383,2526,78.98686679174484,9552,0.641,0.015,0.633,0.015,0.637,0.015
ERR1203383,2527,79.0181363352095,9552,1.014,0.027,0.938,0.024,0.976,0.025500000000000002
ERR1203383,2528,79.04940587867416,9552,0.673,0.017,0.678,0.018,0.6755,0.0175
ERR1203383,2529,79.08067542213884,9552,0.761,0.023,0.692,0.022,0.7264999999999999,0.0225
ERR1203383,2530,79.1119449656035,9552,0.731,0.017,0.721,0.017,0.726,0.017
ERR1203383,2531,79.14321450906817,9552,1.04,0.021,0.969,0.02,1.0045,0.0205
ERR1203383,2532,79.17448405253283,9552,0.697,0.017,0.688,0.017,0.6924999999999999,0.017
ERR1203383,2533,79.20575359599749,9552,0.781,0.018,0.713,0.018,0.747,0.018
ERR1203383,2534,79.23702313946217,9552,0.784,0.021,0.78,0.021,0.782,0.021
ERR1203383,2535,79.26829268292683,9552,0.689,0.016,0.628,0.015,0.6585,0.0155
ERR1203383,2536,79.2995622263915,9552,0.554,0.016,0.545,0.015,0.5495000000000001,0.0155
ERR1203383,2537,79.33083176985616,9552,0.739,0.018,0.68,0.016,0.7095,0.017
ERR1203383,2538,79.36210131332082,9552,0.656,0.019,0.649,0.019,0.6525000000000001,0.019
ERR1203383,2539,79.3933708567855,9552,0.67,0.016,0.603,0.015,0.6365000000000001,0.0155
ERR1203383,2540,79.42464040025015,9552,0.598,0.014,0.588,0.014,0.593,0.014
ERR1203383,2541,79.45590994371481,9552,0.898,0.023,0.842,0.022,0.87,0.0225
ERR1203383,2542,79.48717948717949,9552,0.584,0.014,0.595,0.014,0.5894999999999999,0.014
ERR1203383,2543,79.51844903064415,9552,0.811,0.02,0.746,0.019,0.7785,0.0195
ERR1203383,2544,79.54971857410882,9552,0.65,0.016,0.641,0.015,0.6455,0.0155
ERR1203383,2545,79.58098811757348,9552,0.638,0.015,0.582,0.014,0.61,0.014499999999999999
ERR1203383,2546,79.61225766103814,9552,0.734,0.023,0.725,0.023,0.7295,0.023
ERR1203383,2547,79.64352720450282,9552,0.602,0.016,0.555,0.015,0.5785,0.0155
ERR1203383,2548,79.67479674796748,9552,0.568,0.015,0.56,0.015,0.5640000000000001,0.015
ERR1203383,2549,79.70606629143215,9552,0.604,0.016,0.553,0.015,0.5785,0.0155
ERR1203383,2550,79.73733583489681,9552,0.675,0.017,0.671,0.017,0.673,0.017
ERR1203383,2551,79.76860537836147,9552,0.872,0.021,0.8,0.02,0.8360000000000001,0.0205
ERR1203383,2552,79.79987492182615,9552,0.686,0.017,0.681,0.017,0.6835,0.017
ERR1203383,2553,79.8311444652908,9552,0.741,0.018,0.673,0.016,0.7070000000000001,0.017
ERR1203383,2554,79.86241400875548,9552,0.627,0.016,0.618,0.015,0.6225,0.0155
ERR1203383,2555,79.89368355222014,9552,0.756,0.018,0.687,0.017,0.7215,0.0175
ERR1203383,2556,79.9249530956848,9552,0.624,0.015,0.615,0.015,0.6194999999999999,0.015
ERR1203383,2557,79.95622263914947,9552,0.695,0.018,0.637,0.017,0.6659999999999999,0.0175
ERR1203383,2558,79.98749218261413,9552,0.592,0.015,0.583,0.015,0.5874999999999999,0.015
ERR1203383,2559,80.0187617260788,9552,0.904,0.02,0.823,0.018,0.8634999999999999,0.019
ERR1203383,2560,80.05003126954347,9552,0.913,0.023,0.899,0.023,0.906,0.023
ERR1203383,2561,80.08130081300813,9552,1.026,0.025,0.939,0.024,0.9824999999999999,0.0245
ERR1203383,2562,80.1125703564728,9552,0.868,0.02,0.858,0.021,0.863,0.0205
ERR1203383,2563,80.14383989993746,9552,0.836,0.021,0.764,0.02,0.8,0.0205
ERR1203383,2564,80.17510944340212,9552,0.613,0.017,0.604,0.017,0.6085,0.017
ERR1203383,2565,80.2063789868668,9552,0.795,0.02,0.721,0.019,0.758,0.0195
ERR1203383,2566,80.23764853033146,9552,0.824,0.019,0.81,0.019,0.817,0.019
ERR1203383,2567,80.26891807379613,9552,0.893,0.022,0.796,0.021,0.8445,0.0215
ERR1203383,2568,80.30018761726079,9552,0.695,0.017,0.691,0.017,0.693,0.017
ERR1203383,2569,80.33145716072545,9552,0.536,0.013,0.497,0.013,0.5165,0.013
ERR1203383,2570,80.36272670419012,9552,0.625,0.016,0.615,0.016,0.62,0.016
ERR1203383,2571,80.39399624765478,9552,0.55,0.016,0.513,0.015,0.5315000000000001,0.0155
ERR1203383,2572,80.42526579111944,9552,0.541,0.014,0.537,0.013,0.539,0.0135
ERR1203383,2573,80.45653533458412,9552,0.842,0.021,0.752,0.019,0.7969999999999999,0.02
ERR1203383,2574,80.48780487804878,9552,1.207,0.028,1.183,0.029,1.195,0.0285
ERR1203383,2575,80.51907442151345,9552,0.996,0.025,0.883,0.023,0.9395,0.024
ERR1203383,2576,80.55034396497811,9552,0.735,0.018,0.733,0.017,0.734,0.0175
ERR1203383,2577,80.58161350844277,9552,0.951,0.021,0.838,0.02,0.8945,0.0205
ERR1203383,2578,80.61288305190745,9552,0.499,0.013,0.493,0.013,0.496,0.013
ERR1203383,2579,80.6441525953721,9552,0.609,0.016,0.554,0.015,0.5815,0.0155
ERR1203383,2580,80.67542213883678,9552,0.852,0.022,0.843,0.019,0.8474999999999999,0.020499999999999997
ERR1203383,2581,80.70669168230144,9552,0.847,0.02,0.759,0.019,0.8029999999999999,0.0195
ERR1203383,2582,80.7379612257661,9552,0.854,0.022,0.852,0.022,0.853,0.022
ERR1203383,2583,80.76923076923077,9552,0.79,0.021,0.724,0.019,0.757,0.02
ERR1203383,2584,80.80050031269543,9552,0.962,0.021,0.959,0.021,0.9604999999999999,0.021
ERR1203383,2585,80.8317698561601,9552,0.752,0.017,0.685,0.016,0.7185,0.0165
ERR1203383,2586,80.86303939962477,9552,0.999,0.022,0.985,0.021,0.992,0.0215
ERR1203383,2587,80.89430894308943,9552,0.831,0.021,0.745,0.02,0.788,0.0205
ERR1203383,2588,80.9255784865541,9552,0.555,0.016,0.549,0.015,0.552,0.0155
ERR1203383,2589,80.95684803001876,9552,0.637,0.016,0.578,0.015,0.6074999999999999,0.0155
ERR1203383,2590,80.98811757348342,9552,0.608,0.014,0.605,0.014,0.6065,0.014
ERR1203383,2591,81.0193871169481,9552,0.747,0.019,0.68,0.017,0.7135,0.018000000000000002
ERR1203383,2592,81.05065666041276,9552,0.646,0.018,0.641,0.018,0.6435,0.018
ERR1203383,2593,81.08192620387743,9552,1.033,0.022,0.934,0.02,0.9835,0.020999999999999998
ERR1203383,2594,81.11319574734209,9552,0.994,0.023,0.982,0.024,0.988,0.0235
ERR1203383,2595,81.14446529080675,9552,1.071,0.024,0.979,0.021,1.025,0.0225
ERR1203383,2596,81.17573483427142,9552,0.796,0.021,0.794,0.021,0.795,0.021
ERR1203383,2597,81.20700437773608,9552,0.948,0.024,0.859,0.022,0.9035,0.023
ERR1203383,2598,81.23827392120074,9552,0.788,0.025,0.784,0.025,0.786,0.025
ERR1203383,2599,81.26954346466542,9552,0.802,0.024,0.721,0.022,0.7615000000000001,0.023
ERR1203383,2600,81.30081300813008,9552,1.495,0.033,1.467,0.032,1.481,0.0325
ERR1203383,2601,81.33208255159475,9552,0.739,0.018,0.676,0.017,0.7075,0.0175
ERR1203383,2602,81.36335209505941,9552,0.812,0.02,0.801,0.02,0.8065,0.02
ERR1203383,2603,81.39462163852407,9552,0.711,0.021,0.653,0.019,0.6819999999999999,0.02
ERR1203383,2604,81.42589118198875,9552,0.574,0.015,0.571,0.014,0.5725,0.014499999999999999
ERR1203383,2605,81.4571607254534,9552,0.631,0.016,0.579,0.015,0.605,0.0155
ERR1203383,2606,81.48843026891808,9552,0.787,0.02,0.783,0.02,0.785,0.02
ERR1203383,2607,81.51969981238274,9552,0.575,0.016,0.529,0.014,0.552,0.015
ERR1203383,2608,81.5509693558474,9552,0.558,0.014,0.553,0.014,0.5555000000000001,0.014
ERR1203383,2609,81.58223889931207,9552,0.578,0.014,0.53,0.013,0.554,0.0135
ERR1203383,2610,81.61350844277673,9552,0.611,0.016,0.608,0.016,0.6094999999999999,0.016
ERR1203383,2611,81.6447779862414,9552,0.573,0.015,0.531,0.013,0.552,0.013999999999999999
ERR1203383,2612,81.67604752970607,9552,0.654,0.016,0.649,0.015,0.6515,0.0155
ERR1203383,2613,81.70731707317073,9552,0.774,0.018,0.706,0.017,0.74,0.0175
ERR1203383,2614,81.7385866166354,9552,0.886,0.021,0.873,0.021,0.8795,0.021
ERR1203383,2615,81.76985616010006,9552,0.899,0.019,0.807,0.017,0.853,0.018000000000000002
ERR1203383,2616,81.80112570356472,9552,0.731,0.024,0.723,0.024,0.727,0.024
ERR1203383,2617,81.8323952470294,9552,0.657,0.021,0.605,0.019,0.631,0.02
ERR1203383,2618,81.86366479049406,9552,0.689,0.016,0.68,0.016,0.6845,0.016
ERR1203383,2619,81.89493433395873,9552,0.8,0.018,0.708,0.016,0.754,0.017
ERR1203383,2620,81.92620387742339,9552,0.642,0.018,0.637,0.017,0.6395,0.0175
ERR1203383,2621,81.95747342088805,9552,0.614,0.019,0.565,0.018,0.5894999999999999,0.0185
ERR1203383,2622,81.98874296435272,9552,0.627,0.016,0.616,0.015,0.6214999999999999,0.0155
ERR1203383,2623,82.02001250781738,9552,0.621,0.016,0.571,0.015,0.596,0.0155
ERR1203383,2624,82.05128205128206,9552,0.632,0.018,0.629,0.018,0.6305000000000001,0.018
ERR1203383,2625,82.08255159474672,9552,0.692,0.017,0.638,0.017,0.665,0.017
ERR1203383,2626,82.11382113821138,9552,0.565,0.015,0.559,0.014,0.562,0.014499999999999999
ERR1203383,2627,82.14509068167605,9552,0.605,0.019,0.558,0.017,0.5815,0.018000000000000002
ERR1203383,2628,82.17636022514071,9552,0.477,0.013,0.466,0.013,0.47150000000000003,0.013
ERR1203383,2629,82.20762976860537,9552,0.699,0.017,0.637,0.016,0.6679999999999999,0.0165
ERR1203383,2630,82.23889931207005,9552,0.823,0.019,0.815,0.018,0.819,0.0185
ERR1203383,2631,82.2701688555347,9552,0.902,0.023,0.827,0.022,0.8645,0.0225
ERR1203383,2632,82.30143839899938,9552,0.754,0.021,0.755,0.021,0.7545,0.021
ERR1203383,2633,82.33270794246404,9552,1.244,0.028,1.103,0.026,1.1735,0.027
ERR1203383,2634,82.3639774859287,9552,0.7,0.02,0.69,0.02,0.695,0.02
ERR1203383,2635,82.39524702939337,9552,1.036,0.028,0.924,0.025,0.98,0.026500000000000003
ERR1203383,2636,82.42651657285803,9552,0.966,0.026,0.959,0.026,0.9624999999999999,0.026
ERR1203383,2637,82.45778611632271,9552,0.771,0.018,0.688,0.017,0.7295,0.0175
ERR1203383,2638,82.48905565978737,9552,0.985,0.025,0.971,0.024,0.978,0.0245
ERR1203383,2639,82.52032520325203,9552,0.866,0.024,0.777,0.025,0.8215,0.0245
ERR1203383,2640,82.5515947467167,9552,0.799,0.021,0.796,0.021,0.7975000000000001,0.021
ERR1203383,2641,82.58286429018136,9552,0.944,0.027,0.845,0.025,0.8945,0.026000000000000002
ERR1203383,2642,82.61413383364602,9552,0.802,0.023,0.796,0.022,0.799,0.0225
ERR1203383,2643,82.6454033771107,9552,0.949,0.026,0.863,0.024,0.9059999999999999,0.025
ERR1203383,2644,82.67667292057536,9552,0.736,0.021,0.719,0.021,0.7275,0.021
ERR1203383,2645,82.70794246404003,9552,1.313,0.031,1.21,0.029,1.2614999999999998,0.03
ERR1203383,2646,82.73921200750469,9552,0.8,0.019,0.788,0.019,0.794,0.019
ERR1203383,2647,82.77048155096935,9552,1.11,0.026,0.991,0.023,1.0505,0.0245
ERR1203383,2648,82.80175109443402,9552,0.786,0.021,0.777,0.021,0.7815000000000001,0.021
ERR1203383,2649,82.83302063789868,9552,0.693,0.017,0.634,0.016,0.6635,0.0165
ERR1203383,2650,82.86429018136336,9552,0.768,0.02,0.761,0.02,0.7645,0.02
ERR1203383,2651,82.89555972482802,9552,1.131,0.027,0.993,0.024,1.062,0.025500000000000002
ERR1203383,2652,82.92682926829268,9552,1.118,0.029,1.106,0.029,1.112,0.029
ERR1203383,2653,82.95809881175735,9552,0.978,0.024,0.867,0.022,0.9225,0.023
ERR1203383,2654,82.98936835522201,9552,0.637,0.016,0.631,0.016,0.634,0.016
ERR1203383,2655,83.02063789868667,9552,0.929,0.023,0.826,0.021,0.8775,0.022
ERR1203383,2656,83.05190744215135,9552,0.954,0.025,0.954,0.027,0.954,0.026000000000000002
ERR1203383,2657,83.083176985616,9552,0.739,0.018,0.673,0.017,0.706,0.0175
ERR1203383,2658,83.11444652908068,9552,0.811,0.021,0.8,0.021,0.8055000000000001,0.021
ERR1203383,2659,83.14571607254534,9552,0.833,0.023,0.744,0.022,0.7885,0.0225
ERR1203383,2660,83.17698561601,9552,1.389,0.035,1.362,0.033,1.3755000000000002,0.034
ERR1203383,2661,83.20825515947467,9552,1.29,0.029,1.124,0.027,1.207,0.028
ERR1203383,2662,83.23952470293933,9552,0.636,0.016,0.621,0.016,0.6285000000000001,0.016
ERR1203383,2663,83.27079424640401,9552,0.834,0.018,0.741,0.016,0.7875,0.017
ERR1203383,2664,83.30206378986867,9552,0.644,0.018,0.646,0.018,0.645,0.018
ERR1203383,2665,83.33333333333333,9552,1.003,0.024,0.875,0.021,0.939,0.0225
ERR1203383,2666,83.364602876798,9552,0.958,0.025,0.943,0.026,0.9504999999999999,0.025500000000000002
ERR1203383,2667,83.39587242026266,9552,0.731,0.02,0.665,0.019,0.698,0.0195
ERR1203383,2668,83.42714196372732,9552,1.023,0.027,1.008,0.027,1.0154999999999998,0.027
ERR1203383,2669,83.458411507192,9552,1.095,0.028,0.973,0.025,1.034,0.026500000000000003
ERR1203383,2670,83.48968105065666,9552,0.877,0.024,0.865,0.024,0.871,0.024
ERR1203383,2671,83.52095059412133,9552,0.808,0.02,0.726,0.019,0.767,0.0195
ERR1203383,2672,83.55222013758599,9552,0.873,0.024,0.857,0.024,0.865,0.024
ERR1203383,2673,83.58348968105065,9552,0.932,0.021,0.835,0.02,0.8835,0.0205
ERR1203383,2674,83.61475922451532,9552,1.128,0.027,1.107,0.027,1.1175,0.027
ERR1203383,2675,83.64602876797998,9552,0.772,0.019,0.69,0.018,0.731,0.0185
ERR1203383,2676,83.67729831144466,9552,0.943,0.023,0.92,0.022,0.9315,0.0225
ERR1203383,2677,83.70856785490932,9552,0.75,0.022,0.68,0.021,0.7150000000000001,0.0215
ERR1203383,2678,83.73983739837398,9552,1.154,0.026,1.126,0.026,1.14,0.026
ERR1203383,2679,83.77110694183865,9552,0.962,0.024,0.846,0.022,0.9039999999999999,0.023
ERR1203383,2680,83.80237648530331,9552,1.216,0.028,1.187,0.027,1.2015,0.0275
ERR1203383,2681,83.83364602876799,9552,0.719,0.019,0.651,0.017,0.685,0.018000000000000002
ERR1203383,2682,83.86491557223265,9552,0.901,0.021,0.871,0.021,0.886,0.021
ERR1203383,2683,83.8961851156973,9552,1.037,0.025,0.912,0.022,0.9744999999999999,0.0235
ERR1203383,2684,83.92745465916198,9552,0.678,0.02,0.667,0.021,0.6725000000000001,0.0205
ERR1203383,2685,83.95872420262664,9552,0.896,0.026,0.8,0.023,0.8480000000000001,0.0245
ERR1203383,2686,83.9899937460913,9552,0.744,0.022,0.734,0.022,0.739,0.022
ERR1203383,2687,84.02126328955598,9552,0.74,0.017,0.674,0.016,0.7070000000000001,0.0165
ERR1203383,2688,84.05253283302063,9552,0.646,0.018,0.642,0.018,0.644,0.018
ERR1203383,2689,84.08380237648531,9552,0.631,0.018,0.579,0.017,0.605,0.0175
ERR1203383,2690,84.11507191994997,9552,0.617,0.016,0.612,0.016,0.6145,0.016
ERR1203383,2691,84.14634146341463,9552,0.599,0.016,0.569,0.015,0.584,0.0155
ERR1203383,2692,84.1776110068793,9552,0.77,0.018,0.765,0.018,0.7675000000000001,0.018
ERR1203383,2693,84.20888055034396,9552,0.804,0.022,0.747,0.022,0.7755000000000001,0.022
ERR1203383,2694,84.24015009380864,9552,0.546,0.018,0.54,0.017,0.543,0.0175
ERR1203383,2695,84.2714196372733,9552,1.065,0.027,0.969,0.025,1.017,0.026000000000000002
ERR1203383,2696,84.30268918073796,9552,0.742,0.022,0.738,0.022,0.74,0.022
ERR1203383,2697,84.33395872420263,9552,1.05,0.023,0.945,0.021,0.9975,0.022
ERR1203383,2698,84.36522826766729,9552,0.601,0.018,0.599,0.019,0.6,0.0185
ERR1203383,2699,84.39649781113195,9552,0.776,0.02,0.702,0.018,0.739,0.019
ERR1203383,2700,84.42776735459663,9552,0.711,0.018,0.711,0.017,0.711,0.0175
ERR1203383,2701,84.45903689806129,9552,0.853,0.02,0.773,0.019,0.813,0.0195
ERR1203383,2702,84.49030644152596,9552,0.682,0.016,0.67,0.016,0.676,0.016
ERR1203383,2703,84.52157598499062,9552,0.775,0.02,0.706,0.018,0.7404999999999999,0.019
ERR1203383,2704,84.55284552845528,9552,0.775,0.02,0.779,0.021,0.777,0.0205
ERR1203383,2705,84.58411507191995,9552,0.902,0.021,0.791,0.02,0.8465,0.0205
ERR1203383,2706,84.61538461538461,9552,0.756,0.023,0.749,0.023,0.7525,0.023
ERR1203383,2707,84.64665415884929,9552,0.836,0.024,0.758,0.022,0.7969999999999999,0.023
ERR1203383,2708,84.67792370231395,9552,0.732,0.017,0.721,0.017,0.7264999999999999,0.017
ERR1203383,2709,84.70919324577861,9552,0.846,0.022,0.766,0.021,0.806,0.0215
ERR1203383,2710,84.74046278924328,9552,0.836,0.019,0.822,0.019,0.829,0.019
ERR1203383,2711,84.77173233270794,9552,0.955,0.02,0.851,0.018,0.903,0.019
ERR1203383,2712,84.8030018761726,9552,0.606,0.017,0.591,0.016,0.5985,0.0165
ERR1203383,2713,84.83427141963728,9552,0.777,0.018,0.712,0.017,0.7444999999999999,0.0175
ERR1203383,2714,84.86554096310194,9552,0.668,0.015,0.664,0.016,0.666,0.0155
ERR1203383,2715,84.89681050656661,9552,0.992,0.023,0.896,0.022,0.944,0.0225
ERR1203383,2716,84.92808005003127,9552,0.693,0.016,0.69,0.016,0.6915,0.016
ERR1203383,2717,84.95934959349593,9552,0.772,0.018,0.712,0.017,0.742,0.0175
ERR1203383,2718,84.9906191369606,9552,0.473,0.013,0.471,0.013,0.472,0.013
ERR1203383,2719,85.02188868042526,9552,0.813,0.018,0.75,0.017,0.7815,0.0175
ERR1203383,2720,85.05315822388994,9552,0.839,0.022,0.842,0.022,0.8405,0.022
ERR1203383,2721,85.0844277673546,9552,0.906,0.021,0.834,0.019,0.87,0.02
ERR1203383,2722,85.11569731081926,9552,0.62,0.018,0.623,0.017,0.6214999999999999,0.0175
ERR1203383,2723,85.14696685428393,9552,0.726,0.022,0.637,0.018,0.6815,0.019999999999999997
ERR1203383,2724,85.17823639774859,9552,0.586,0.016,0.587,0.015,0.5865,0.0155
ERR1203383,2725,85.20950594121325,9552,0.837,0.02,0.766,0.018,0.8015,0.019
ERR1203383,2726,85.24077548467793,9552,0.642,0.017,0.638,0.016,0.64,0.0165
ERR1203383,2727,85.27204502814259,9552,0.707,0.017,0.642,0.015,0.6745,0.016
ERR1203383,2728,85.30331457160726,9552,0.696,0.02,0.693,0.019,0.6944999999999999,0.0195
ERR1203383,2729,85.33458411507192,9552,0.716,0.017,0.663,0.016,0.6895,0.0165
ERR1203383,2730,85.36585365853658,9552,0.781,0.021,0.775,0.021,0.778,0.021
ERR1203383,2731,85.39712320200125,9552,0.925,0.024,0.879,0.023,0.902,0.0235
ERR1203383,2732,85.42839274546591,9552,0.831,0.018,0.827,0.018,0.829,0.018
ERR1203383,2733,85.45966228893059,9552,0.828,0.019,0.786,0.018,0.8069999999999999,0.0185
ERR1203383,2734,85.49093183239525,9552,0.785,0.018,0.775,0.019,0.78,0.0185
ERR1203383,2735,85.52220137585991,9552,0.597,0.016,0.553,0.015,0.575,0.0155
ERR1203383,2736,85.55347091932458,9552,0.532,0.014,0.527,0.014,0.5295000000000001,0.014
ERR1203383,2737,85.58474046278924,9552,0.663,0.018,0.61,0.016,0.6365000000000001,0.017
ERR1203383,2738,85.61601000625392,9552,1.048,0.024,1.038,0.024,1.0430000000000001,0.024
ERR1203383,2739,85.64727954971858,9552,0.739,0.019,0.681,0.018,0.71,0.0185
ERR1203383,2740,85.67854909318324,9552,0.596,0.015,0.589,0.015,0.5925,0.015
ERR1203383,2741,85.70981863664791,9552,0.877,0.021,0.792,0.019,0.8345,0.02
ERR1203383,2742,85.74108818011257,9552,0.854,0.021,0.847,0.021,0.8505,0.021
ERR1203383,2743,85.77235772357723,9552,0.836,0.018,0.771,0.017,0.8035,0.0175
ERR1203383,2744,85.8036272670419,9552,0.631,0.017,0.623,0.017,0.627,0.017
ERR1203383,2745,85.83489681050656,9552,0.744,0.022,0.695,0.021,0.7195,0.0215
ERR1203383,2746,85.86616635397124,9552,0.75,0.021,0.742,0.02,0.746,0.0205
ERR1203383,2747,85.8974358974359,9552,0.913,0.029,0.826,0.024,0.8694999999999999,0.026500000000000003
ERR1203383,2748,85.92870544090056,9552,0.678,0.018,0.673,0.018,0.6755,0.018
ERR1203383,2749,85.95997498436523,9552,0.88,0.02,0.789,0.018,0.8345,0.019
ERR1203383,2750,85.99124452782989,9552,0.72,0.017,0.715,0.018,0.7175,0.0175
ERR1203383,2751,86.02251407129457,9552,0.67,0.018,0.62,0.017,0.645,0.0175
ERR1203383,2752,86.05378361475923,9552,0.757,0.018,0.751,0.018,0.754,0.018
ERR1203383,2753,86.08505315822389,9552,0.746,0.024,0.682,0.022,0.714,0.023
ERR1203383,2754,86.11632270168856,9552,0.753,0.018,0.745,0.018,0.749,0.018
ERR1203383,2755,86.14759224515322,9552,0.702,0.017,0.641,0.016,0.6715,0.0165
ERR1203383,2756,86.17886178861788,9552,0.619,0.015,0.613,0.015,0.616,0.015
ERR1203383,2757,86.21013133208255,9552,0.761,0.018,0.694,0.017,0.7275,0.0175
ERR1203383,2758,86.24140087554721,9552,0.63,0.015,0.621,0.015,0.6255,0.015
ERR1203383,2759,86.27267041901189,9552,0.717,0.017,0.649,0.016,0.683,0.0165
ERR1203383,2760,86.30393996247655,9552,0.61,0.016,0.606,0.016,0.608,0.016
ERR1203383,2761,86.33520950594121,9552,0.555,0.015,0.509,0.014,0.532,0.014499999999999999
ERR1203383,2762,86.36647904940588,9552,1.122,0.024,1.114,0.024,1.118,0.024
ERR1203383,2763,86.39774859287054,9552,1.387,0.028,1.3,0.026,1.3435000000000001,0.027
ERR1203383,2764,86.42901813633522,9552,1.392,0.028,1.359,0.029,1.3755,0.0285
ERR1203383,2765,86.46028767979988,9552,1.51,0.031,1.424,0.029,1.467,0.03
ERR1203383,2766,86.49155722326454,9552,1.313,0.033,1.287,0.032,1.2999999999999998,0.0325
ERR1203383,2767,86.52282676672921,9552,1.556,0.032,1.426,0.029,1.491,0.0305
ERR1203383,2768,86.55409631019387,9552,1.522,0.035,1.51,0.036,1.516,0.035500000000000004
ERR1203383,2769,86.58536585365853,9552,1.131,0.025,1.008,0.023,1.0695000000000001,0.024
ERR1203383,2770,86.6166353971232,9552,0.886,0.021,0.876,0.019,0.881,0.02
ERR1203383,2771,86.64790494058786,9552,0.829,0.02,0.758,0.018,0.7935,0.019
ERR1203383,2772,86.67917448405254,9552,0.891,0.021,0.877,0.02,0.884,0.0205
ERR1203383,2773,86.7104440275172,9552,1.056,0.023,0.935,0.021,0.9955,0.022
ERR1203383,2774,86.74171357098186,9552,0.69,0.018,0.696,0.017,0.693,0.0175
ERR1203383,2775,86.77298311444653,9552,0.837,0.023,0.765,0.022,0.8009999999999999,0.0225
ERR1203383,2776,86.80425265791119,9552,0.613,0.016,0.604,0.015,0.6085,0.0155
ERR1203383,2777,86.83552220137587,9552,0.677,0.016,0.615,0.015,0.646,0.0155
ERR1203383,2778,86.86679174484053,9552,0.56,0.018,0.557,0.018,0.5585,0.018
ERR1203383,2779,86.89806128830519,9552,0.483,0.013,0.449,0.012,0.46599999999999997,0.0125
ERR1203383,2780,86.92933083176986,9552,0.581,0.015,0.561,0.014,0.571,0.014499999999999999
ERR1203383,2781,86.96060037523452,9552,0.665,0.018,0.61,0.016,0.6375,0.017
ERR1203383,2782,86.99186991869918,9552,0.93,0.021,0.931,0.021,0.9305000000000001,0.021
ERR1203383,2783,87.02313946216385,9552,0.881,0.024,0.811,0.023,0.8460000000000001,0.0235
ERR1203383,2784,87.05440900562851,9552,0.978,0.021,0.972,0.021,0.975,0.021
ERR1203383,2785,87.08567854909319,9552,0.888,0.022,0.822,0.02,0.855,0.020999999999999998
ERR1203383,2786,87.11694809255785,9552,0.736,0.021,0.734,0.021,0.735,0.021
ERR1203383,2787,87.14821763602251,9552,0.742,0.018,0.676,0.016,0.7090000000000001,0.017
ERR1203383,2788,87.17948717948718,9552,0.55,0.016,0.544,0.014,0.547,0.015
ERR1203383,2789,87.21075672295184,9552,0.678,0.017,0.62,0.016,0.649,0.0165
ERR1203383,2790,87.24202626641652,9552,0.727,0.018,0.725,0.018,0.726,0.018
ERR1203383,2791,87.27329580988118,9552,0.877,0.02,0.798,0.019,0.8375,0.0195
ERR1203383,2792,87.30456535334584,9552,0.563,0.015,0.557,0.015,0.56,0.015
ERR1203383,2793,87.33583489681051,9552,0.629,0.021,0.582,0.019,0.6054999999999999,0.02
ERR1203383,2794,87.36710444027517,9552,0.618,0.015,0.608,0.015,0.613,0.015
ERR1203383,2795,87.39837398373983,9552,0.759,0.017,0.701,0.017,0.73,0.017
ERR1203383,2796,87.4296435272045,9552,0.653,0.016,0.645,0.016,0.649,0.016
ERR1203383,2797,87.46091307066916,9552,0.613,0.015,0.559,0.014,0.5860000000000001,0.014499999999999999
ERR1203383,2798,87.49218261413384,9552,0.701,0.017,0.694,0.017,0.6975,0.017
ERR1203383,2799,87.5234521575985,9552,0.98,0.022,0.905,0.021,0.9425,0.0215
ERR1203383,2800,87.55472170106316,9552,0.607,0.017,0.601,0.017,0.604,0.017
ERR1203383,2801,87.58599124452783,9552,0.762,0.018,0.706,0.017,0.734,0.0175
ERR1203383,2802,87.61726078799249,9552,0.627,0.02,0.626,0.019,0.6265000000000001,0.0195
ERR1203383,2803,87.64853033145717,9552,0.607,0.015,0.551,0.014,0.579,0.014499999999999999
ERR1203383,2804,87.67979987492183,9552,0.499,0.015,0.495,0.014,0.497,0.014499999999999999
ERR1203383,2805,87.71106941838649,9552,1.094,0.03,1.021,0.028,1.0575,0.028999999999999998
ERR1203383,2806,87.74233896185116,9552,1.277,0.026,1.274,0.027,1.2755,0.0265
ERR1203383,2807,87.77360850531582,9552,0.671,0.017,0.614,0.015,0.6425000000000001,0.016
ERR1203383,2808,87.8048780487805,9552,0.729,0.016,0.716,0.016,0.7224999999999999,0.016
ERR1203383,2809,87.83614759224515,9552,0.725,0.017,0.644,0.016,0.6845,0.0165
ERR1203383,2810,87.86741713570981,9552,0.689,0.017,0.684,0.019,0.6865,0.018000000000000002
ERR1203383,2811,87.89868667917449,9552,0.831,0.02,0.75,0.018,0.7905,0.019
ERR1203383,2812,87.92995622263915,9552,0.803,0.023,0.801,0.019,0.802,0.020999999999999998
ERR1203383,2813,87.96122576610381,9552,0.675,0.021,0.615,0.02,0.645,0.0205
ERR1203383,2814,87.99249530956848,9552,0.698,0.018,0.696,0.018,0.697,0.018
ERR1203383,2815,88.02376485303314,9552,0.728,0.017,0.657,0.016,0.6925,0.0165
ERR1203383,2816,88.05503439649782,9552,0.58,0.015,0.573,0.014,0.5765,0.014499999999999999
ERR1203383,2817,88.08630393996248,9552,0.788,0.019,0.707,0.018,0.7475,0.0185
ERR1203383,2818,88.11757348342714,9552,0.751,0.018,0.753,0.018,0.752,0.018
ERR1203383,2819,88.14884302689181,9552,0.702,0.019,0.643,0.017,0.6725,0.018000000000000002
ERR1203383,2820,88.18011257035647,9552,0.839,0.019,0.829,0.018,0.834,0.0185
ERR1203383,2821,88.21138211382114,9552,0.69,0.019,0.63,0.018,0.6599999999999999,0.0185
ERR1203383,2822,88.2426516572858,9552,0.854,0.021,0.843,0.02,0.8485,0.0205
ERR1203383,2823,88.27392120075046,9552,0.848,0.019,0.766,0.017,0.8069999999999999,0.018000000000000002
ERR1203383,2824,88.30519074421514,9552,0.708,0.017,0.697,0.016,0.7024999999999999,0.0165
ERR1203383,2825,88.3364602876798,9552,0.681,0.017,0.619,0.016,0.65,0.0165
ERR1203383,2826,88.36772983114446,9552,0.694,0.022,0.678,0.018,0.6859999999999999,0.019999999999999997
ERR1203383,2827,88.39899937460913,9552,0.723,0.02,0.669,0.018,0.696,0.019
ERR1203383,2828,88.43026891807379,9552,0.636,0.016,0.638,0.016,0.637,0.016
ERR1203383,2829,88.46153846153847,9552,0.717,0.017,0.651,0.016,0.6839999999999999,0.0165
ERR1203383,2830,88.49280800500313,9552,0.722,0.018,0.718,0.018,0.72,0.018
ERR1203383,2831,88.52407754846779,9552,0.571,0.015,0.532,0.015,0.5515,0.015
ERR1203383,2832,88.55534709193246,9552,0.558,0.014,0.55,0.014,0.554,0.014
ERR1203383,2833,88.58661663539712,9552,0.568,0.015,0.524,0.014,0.546,0.014499999999999999
ERR1203383,2834,88.6178861788618,9552,0.797,0.018,0.786,0.019,0.7915000000000001,0.0185
ERR1203383,2835,88.64915572232646,9552,0.651,0.017,0.594,0.016,0.6225,0.0165
ERR1203383,2836,88.68042526579111,9552,0.663,0.016,0.659,0.016,0.661,0.016
ERR1203383,2837,88.71169480925579,9552,0.763,0.019,0.697,0.018,0.73,0.0185
ERR1203383,2838,88.74296435272045,9552,0.639,0.016,0.636,0.016,0.6375,0.016
ERR1203383,2839,88.77423389618511,9552,0.694,0.018,0.618,0.015,0.6559999999999999,0.0165
ERR1203383,2840,88.80550343964978,9552,0.645,0.016,0.637,0.015,0.641,0.0155
ERR1203383,2841,88.83677298311444,9552,0.796,0.018,0.736,0.018,0.766,0.018
ERR1203383,2842,88.86804252657912,9552,1.067,0.021,1.055,0.022,1.061,0.0215
ERR1203383,2843,88.89931207004378,9552,1.144,0.024,1.1,0.022,1.1219999999999999,0.023
ERR1203383,2844,88.93058161350844,9552,0.952,0.02,0.948,0.02,0.95,0.02
ERR1203383,2845,88.96185115697311,9552,0.845,0.019,0.792,0.018,0.8185,0.0185
ERR1203383,2846,88.99312070043777,9552,1.165,0.023,1.154,0.023,1.1595,0.023
ERR1203383,2847,89.02439024390245,9552,1.04,0.022,0.965,0.02,1.0025,0.020999999999999998
ERR1203383,2848,89.0556597873671,9552,0.824,0.018,0.806,0.018,0.815,0.018
ERR1203383,2849,89.08692933083177,9552,0.697,0.016,0.639,0.015,0.6679999999999999,0.0155
ERR1203383,2850,89.11819887429644,9552,0.823,0.021,0.821,0.021,0.822,0.021
ERR1203383,2851,89.1494684177611,9552,0.755,0.017,0.706,0.016,0.7304999999999999,0.0165
ERR1203383,2852,89.18073796122576,9552,0.9,0.021,0.884,0.02,0.892,0.0205
ERR1203383,2853,89.21200750469043,9552,0.959,0.021,0.88,0.019,0.9195,0.02
ERR1203383,2854,89.2432770481551,9552,0.633,0.016,0.625,0.015,0.629,0.0155
ERR1203383,2855,89.27454659161977,9552,0.716,0.016,0.662,0.015,0.6890000000000001,0.0155
ERR1203383,2856,89.30581613508443,9552,0.598,0.017,0.599,0.017,0.5985,0.017
ERR1203383,2857,89.33708567854909,9552,0.627,0.018,0.593,0.018,0.61,0.018
ERR1203383,2858,89.36835522201376,9552,0.765,0.017,0.755,0.017,0.76,0.017
ERR1203383,2859,89.39962476547842,9552,0.744,0.019,0.682,0.017,0.7130000000000001,0.018000000000000002
ERR1203383,2860,89.4308943089431,9552,0.767,0.018,0.76,0.018,0.7635000000000001,0.018
ERR1203383,2861,89.46216385240776,9552,0.688,0.018,0.64,0.017,0.6639999999999999,0.0175
ERR1203383,2862,89.49343339587242,9552,0.589,0.014,0.585,0.014,0.587,0.014
ERR1203383,2863,89.52470293933709,9552,0.623,0.018,0.59,0.017,0.6065,0.0175
ERR1203383,2864,89.55597248280175,9552,0.644,0.017,0.644,0.016,0.644,0.0165
ERR1203383,2865,89.58724202626642,9552,0.679,0.019,0.632,0.018,0.6555,0.0185
ERR1203383,2866,89.61851156973108,9552,0.691,0.017,0.684,0.017,0.6875,0.017
ERR1203383,2867,89.64978111319574,9552,0.631,0.021,0.589,0.02,0.61,0.0205
ERR1203383,2868,89.68105065666042,9552,0.744,0.023,0.737,0.023,0.7404999999999999,0.023
ERR1203383,2869,89.71232020012508,9552,0.825,0.019,0.729,0.018,0.7769999999999999,0.0185
ERR1203383,2870,89.74358974358974,9552,0.689,0.02,0.685,0.02,0.687,0.02
ERR1203383,2871,89.77485928705441,9552,0.878,0.021,0.787,0.018,0.8325,0.0195
ERR1203383,2872,89.80612883051907,9552,0.55,0.014,0.542,0.014,0.546,0.014
ERR1203383,2873,89.83739837398375,9552,0.732,0.023,0.666,0.022,0.6990000000000001,0.0225
ERR1203383,2874,89.8686679174484,9552,0.763,0.025,0.754,0.024,0.7585,0.0245
ERR1203383,2875,89.89993746091307,9552,0.55,0.014,0.507,0.013,0.5285,0.0135
ERR1203383,2876,89.93120700437774,9552,0.951,0.026,0.939,0.026,0.945,0.026
ERR1203383,2877,89.9624765478424,9552,0.971,0.024,0.869,0.022,0.9199999999999999,0.023
ERR1203383,2878,89.99374609130707,9552,0.819,0.018,0.806,0.018,0.8125,0.018
ERR1203383,2879,90.02501563477173,9552,1.274,0.031,1.135,0.029,1.2045,0.03
ERR1203383,2880,90.0562851782364,9552,0.787,0.026,0.777,0.024,0.782,0.025
ERR1203383,2881,90.08755472170107,9552,0.891,0.025,0.789,0.023,0.8400000000000001,0.024
ERR1203383,2882,90.11882426516573,9552,1.071,0.026,1.053,0.025,1.0619999999999998,0.025500000000000002
ERR1203383,2883,90.15009380863039,9552,1.097,0.024,0.962,0.021,1.0295,0.0225
ERR1203383,2884,90.18136335209506,9552,0.783,0.02,0.763,0.019,0.773,0.0195
ERR1203383,2885,90.21263289555972,9552,0.801,0.02,0.73,0.019,0.7655000000000001,0.0195
ERR1203383,2886,90.2439024390244,9552,0.715,0.023,0.709,0.023,0.712,0.023
ERR1203383,2887,90.27517198248906,9552,0.923,0.022,0.817,0.021,0.87,0.0215
ERR1203383,2888,90.30644152595372,9552,0.727,0.022,0.719,0.022,0.723,0.022
ERR1203383,2889,90.33771106941839,9552,0.982,0.023,0.863,0.021,0.9225,0.022
ERR1203383,2890,90.36898061288305,9552,0.792,0.021,0.78,0.022,0.786,0.0215
ERR1203383,2891,90.40025015634772,9552,0.841,0.02,0.749,0.019,0.7949999999999999,0.0195
ERR1203383,2892,90.43151969981238,9552,0.756,0.019,0.752,0.018,0.754,0.0185
ERR1203383,2893,90.46278924327704,9552,1.411,0.032,1.28,0.03,1.3455,0.031
ERR1203383,2894,90.49405878674172,9552,0.629,0.015,0.622,0.015,0.6255,0.015
ERR1203383,2895,90.52532833020638,9552,0.785,0.02,0.712,0.018,0.7484999999999999,0.019
ERR1203383,2896,90.55659787367104,9552,0.709,0.019,0.705,0.019,0.707,0.019
ERR1203383,2897,90.58786741713571,9552,0.645,0.016,0.586,0.015,0.6154999999999999,0.0155
ERR1203383,2898,90.61913696060037,9552,0.827,0.019,0.823,0.019,0.825,0.019
ERR1203383,2899,90.65040650406505,9552,0.984,0.026,0.884,0.026,0.9339999999999999,0.026
ERR1203383,2900,90.6816760475297,9552,0.782,0.019,0.775,0.019,0.7785,0.019
ERR1203383,2901,90.71294559099437,9552,0.694,0.016,0.632,0.015,0.663,0.0155
ERR1203383,2902,90.74421513445904,9552,0.72,0.02,0.716,0.02,0.718,0.02
ERR1203383,2903,90.7754846779237,9552,0.625,0.018,0.571,0.016,0.598,0.017
ERR1203383,2904,90.80675422138837,9552,0.675,0.017,0.663,0.016,0.669,0.0165
ERR1203383,2905,90.83802376485303,9552,0.776,0.022,0.696,0.02,0.736,0.020999999999999998
ERR1203383,2906,90.8692933083177,9552,0.725,0.017,0.715,0.016,0.72,0.0165
ERR1203383,2907,90.90056285178237,9552,0.978,0.024,0.88,0.021,0.929,0.0225
ERR1203383,2908,90.93183239524703,9552,0.807,0.019,0.794,0.019,0.8005,0.019
ERR1203383,2909,90.96310193871169,9552,0.625,0.018,0.569,0.016,0.597,0.017
ERR1203383,2910,90.99437148217636,9552,0.641,0.019,0.638,0.019,0.6395,0.019
ERR1203383,2911,91.02564102564102,9552,1.078,0.029,0.935,0.024,1.0065,0.026500000000000003
ERR1203383,2912,91.0569105691057,9552,0.618,0.02,0.614,0.019,0.616,0.0195
ERR1203383,2913,91.08818011257036,9552,0.712,0.019,0.644,0.017,0.6779999999999999,0.018000000000000002
ERR1203383,2914,91.11944965603502,9552,0.924,0.022,0.914,0.022,0.919,0.022
ERR1203383,2915,91.15071919949969,9552,0.93,0.02,0.823,0.018,0.8765000000000001,0.019
ERR1203383,2916,91.18198874296435,9552,0.724,0.02,0.712,0.02,0.718,0.02
ERR1203383,2917,91.21325828642902,9552,0.637,0.016,0.581,0.015,0.609,0.0155
ERR1203383,2918,91.24452782989368,9552,0.689,0.019,0.681,0.018,0.685,0.0185
ERR1203383,2919,91.27579737335834,9552,0.554,0.014,0.512,0.013,0.533,0.0135
ERR1203383,2920,91.30706691682302,9552,0.501,0.013,0.495,0.013,0.498,0.013
ERR1203383,2921,91.33833646028768,9552,0.707,0.016,0.633,0.015,0.6699999999999999,0.0155
ERR1203383,2922,91.36960600375235,9552,0.906,0.02,0.896,0.021,0.901,0.0205
ERR1203383,2923,91.40087554721701,9552,0.914,0.023,0.818,0.021,0.866,0.022
ERR1203383,2924,91.43214509068167,9552,0.757,0.019,0.747,0.02,0.752,0.0195
ERR1203383,2925,91.46341463414635,9552,0.817,0.024,0.754,0.022,0.7855,0.023
ERR1203383,2926,91.494684177611,9552,0.82,0.023,0.807,0.023,0.8135,0.023
ERR1203383,2927,91.52595372107567,9552,1.013,0.021,0.907,0.019,0.96,0.02
ERR1203383,2928,91.55722326454034,9552,0.737,0.017,0.722,0.017,0.7295,0.017
ERR1203383,2929,91.588492808005,9552,1.053,0.027,0.948,0.025,1.0005,0.026000000000000002
ERR1203383,2930,91.61976235146967,9552,1.197,0.027,1.181,0.026,1.189,0.0265
ERR1203383,2931,91.65103189493433,9552,1.333,0.032,1.202,0.034,1.2675,0.033
ERR1203383,2932,91.682301438399,9552,0.837,0.021,0.825,0.02,0.831,0.0205
ERR1203383,2933,91.71357098186367,9552,0.671,0.017,0.604,0.015,0.6375,0.016
ERR1203383,2934,91.74484052532833,9552,0.749,0.018,0.741,0.019,0.745,0.0185
ERR1203383,2935,91.776110068793,9552,0.659,0.016,0.593,0.014,0.626,0.015
ERR1203383,2936,91.80737961225766,9552,0.699,0.021,0.687,0.02,0.6930000000000001,0.0205
ERR1203383,2937,91.83864915572232,9552,0.979,0.024,0.866,0.022,0.9225,0.023
ERR1203383,2938,91.869918699187,9552,0.544,0.019,0.54,0.019,0.542,0.019
ERR1203383,2939,91.90118824265166,9552,0.595,0.015,0.549,0.014,0.5720000000000001,0.014499999999999999
ERR1203383,2940,91.93245778611632,9552,0.531,0.014,0.526,0.013,0.5285,0.0135
ERR1203383,2941,91.96372732958099,9552,0.588,0.015,0.543,0.014,0.5655,0.014499999999999999
ERR1203383,2942,91.99499687304565,9552,0.516,0.014,0.517,0.014,0.5165,0.014
ERR1203383,2943,92.02626641651032,9552,0.562,0.015,0.52,0.014,0.541,0.014499999999999999
ERR1203383,2944,92.05753595997498,9552,0.647,0.017,0.646,0.017,0.6465000000000001,0.017
ERR1203383,2945,92.08880550343964,9552,0.59,0.016,0.542,0.015,0.5660000000000001,0.0155
ERR1203383,2946,92.12007504690432,9552,0.813,0.02,0.811,0.019,0.812,0.0195
ERR1203383,2947,92.15134459036898,9552,1.686,0.038,1.6,0.033,1.643,0.035500000000000004
ERR1203383,2948,92.18261413383365,9552,1.461,0.031,1.441,0.031,1.451,0.031
ERR1203383,2949,92.21388367729831,9552,0.948,0.022,0.841,0.02,0.8945,0.020999999999999998
ERR1203383,2950,92.24515322076297,9552,1.305,0.029,1.289,0.028,1.297,0.0285
ERR1203383,2951,92.27642276422765,9552,1.821,0.039,1.572,0.034,1.6965,0.036500000000000005
ERR1203383,2952,92.3076923076923,9552,1.042,0.025,1.022,0.025,1.032,0.025
ERR1203383,2953,92.33896185115697,9552,1.091,0.025,0.965,0.025,1.028,0.025
ERR1203383,2954,92.37023139462164,9552,0.763,0.018,0.742,0.018,0.7525,0.018
ERR1203383,2955,92.4015009380863,9552,0.776,0.02,0.71,0.019,0.743,0.0195
ERR1203383,2956,92.43277048155097,9552,0.98,0.028,0.968,0.027,0.974,0.0275
ERR1203383,2957,92.46404002501563,9552,0.72,0.022,0.662,0.02,0.6910000000000001,0.020999999999999998
ERR1203383,2958,92.4953095684803,9552,0.735,0.017,0.724,0.017,0.7295,0.017
ERR1203383,2959,92.52657911194497,9552,0.737,0.019,0.674,0.018,0.7055,0.0185
ERR1203383,2960,92.55784865540963,9552,0.686,0.02,0.685,0.02,0.6855,0.02
ERR1203383,2961,92.5891181988743,9552,0.978,0.023,0.862,0.021,0.9199999999999999,0.022
ERR1203383,2962,92.62038774233896,9552,0.782,0.021,0.766,0.02,0.774,0.0205
ERR1203383,2963,92.65165728580362,9552,1.028,0.024,0.93,0.022,0.9790000000000001,0.023
ERR1203383,2964,92.6829268292683,9552,0.818,0.02,0.81,0.02,0.8140000000000001,0.02
ERR1203383,2965,92.71419637273296,9552,0.951,0.028,0.848,0.022,0.8995,0.025
ERR1203383,2966,92.74546591619762,9552,0.765,0.018,0.755,0.018,0.76,0.018
ERR1203383,2967,92.77673545966229,9552,1.009,0.026,0.899,0.024,0.954,0.025
ERR1203383,2968,92.80800500312695,9552,0.678,0.017,0.669,0.017,0.6735,0.017
ERR1203383,2969,92.83927454659162,9552,0.64,0.018,0.588,0.016,0.614,0.017
ERR1203383,2970,92.87054409005628,9552,0.612,0.017,0.603,0.016,0.6074999999999999,0.0165
ERR1203383,2971,92.90181363352094,9552,0.967,0.023,0.88,0.021,0.9235,0.022
ERR1203383,2972,92.93308317698562,9552,0.788,0.02,0.781,0.019,0.7845,0.0195
ERR1203383,2973,92.96435272045028,9552,0.64,0.019,0.589,0.018,0.6145,0.0185
ERR1203383,2974,92.99562226391495,9552,0.58,0.016,0.572,0.016,0.576,0.016
ERR1203383,2975,93.02689180737961,9552,0.827,0.021,0.781,0.02,0.804,0.0205
ERR1203383,2976,93.05816135084427,9552,0.629,0.016,0.614,0.016,0.6214999999999999,0.016
ERR1203383,2977,93.08943089430895,9552,0.7,0.016,0.63,0.015,0.665,0.0155
ERR1203383,2978,93.1207004377736,9552,0.564,0.014,0.556,0.014,0.56,0.014
ERR1203383,2979,93.15196998123827,9552,0.647,0.019,0.591,0.018,0.619,0.0185
ERR1203383,2980,93.18323952470294,9552,0.923,0.022,0.918,0.022,0.9205000000000001,0.022
ERR1203383,2981,93.2145090681676,9552,1.016,0.023,0.943,0.022,0.9795,0.0225
ERR1203383,2982,93.24577861163228,9552,0.934,0.022,0.926,0.022,0.93,0.022
ERR1203383,2983,93.27704815509694,9552,0.824,0.02,0.744,0.019,0.784,0.0195
ERR1203383,2984,93.3083176985616,9552,0.816,0.018,0.811,0.018,0.8135,0.018
ERR1203383,2985,93.33958724202627,9552,0.69,0.017,0.622,0.016,0.6559999999999999,0.0165
ERR1203383,2986,93.37085678549093,9552,0.643,0.016,0.63,0.016,0.6365000000000001,0.016
ERR1203383,2987,93.4021263289556,9552,0.613,0.015,0.566,0.014,0.5894999999999999,0.014499999999999999
ERR1203383,2988,93.43339587242026,9552,0.834,0.022,0.824,0.021,0.829,0.0215
ERR1203383,2989,93.46466541588492,9552,0.825,0.019,0.744,0.017,0.7845,0.018000000000000002
ERR1203383,2990,93.4959349593496,9552,0.618,0.019,0.622,0.018,0.62,0.0185
ERR1203383,2991,93.52720450281426,9552,1.007,0.023,0.924,0.022,0.9655,0.0225
ERR1203383,2992,93.55847404627893,9552,0.812,0.021,0.804,0.019,0.808,0.02
ERR1203383,2993,93.58974358974359,9552,0.814,0.018,0.767,0.017,0.7905,0.0175
ERR1203383,2994,93.62101313320825,9552,0.702,0.017,0.696,0.016,0.699,0.0165
ERR1203383,2995,93.65228267667293,9552,0.836,0.021,0.756,0.02,0.796,0.0205
ERR1203383,2996,93.68355222013759,9552,0.932,0.023,0.93,0.023,0.931,0.023
ERR1203383,2997,93.71482176360225,9552,0.676,0.017,0.617,0.016,0.6465000000000001,0.0165
ERR1203383,2998,93.74609130706692,9552,0.779,0.019,0.781,0.019,0.78,0.019
ERR1203383,2999,93.77736085053158,9552,1.002,0.023,0.905,0.022,0.9535,0.0225
ERR1203383,3000,93.80863039399625,9552,0.697,0.019,0.695,0.019,0.696,0.019
ERR1203383,3001,93.83989993746091,9552,0.835,0.02,0.745,0.018,0.79,0.019
ERR1203383,3002,93.87116948092557,9552,0.804,0.019,0.787,0.019,0.7955000000000001,0.019
ERR1203383,3003,93.90243902439025,9552,1.213,0.032,1.086,0.03,1.1495000000000002,0.031
ERR1203383,3004,93.93370856785491,9552,0.74,0.018,0.742,0.018,0.741,0.018
ERR1203383,3005,93.96497811131958,9552,0.822,0.018,0.746,0.017,0.784,0.0175
ERR1203383,3006,93.99624765478424,9552,0.661,0.016,0.648,0.015,0.6545000000000001,0.0155
ERR1203383,3007,94.0275171982489,9552,0.718,0.024,0.659,0.023,0.6885,0.0235
ERR1203383,3008,94.05878674171358,9552,0.661,0.018,0.659,0.018,0.66,0.018
ERR1203383,3009,94.09005628517824,9552,0.713,0.017,0.648,0.016,0.6805,0.0165
ERR1203383,3010,94.1213258286429,9552,0.808,0.019,0.798,0.019,0.803,0.019
ERR1203383,3011,94.15259537210757,9552,0.713,0.018,0.655,0.017,0.6839999999999999,0.0175
ERR1203383,3012,94.18386491557223,9552,0.741,0.018,0.74,0.018,0.7404999999999999,0.018
ERR1203383,3013,94.2151344590369,9552,0.879,0.021,0.804,0.02,0.8415,0.0205
ERR1203383,3014,94.24640400250156,9552,1.342,0.03,1.325,0.03,1.3335,0.03
ERR1203383,3015,94.27767354596622,9552,0.816,0.019,0.735,0.017,0.7755,0.018000000000000002
ERR1203383,3016,94.3089430894309,9552,0.722,0.022,0.721,0.022,0.7215,0.022
ERR1203383,3017,94.34021263289556,9552,0.785,0.018,0.707,0.017,0.746,0.0175
ERR1203383,3018,94.37148217636023,9552,0.611,0.015,0.6,0.015,0.6054999999999999,0.015
ERR1203383,3019,94.40275171982489,9552,0.709,0.016,0.643,0.016,0.6759999999999999,0.016
ERR1203383,3020,94.43402126328955,9552,0.668,0.016,0.652,0.015,0.66,0.0155
ERR1203383,3021,94.46529080675423,9552,0.734,0.017,0.662,0.016,0.698,0.0165
ERR1203383,3022,94.49656035021889,9552,0.714,0.017,0.704,0.017,0.709,0.017
ERR1203383,3023,94.52782989368355,9552,0.84,0.02,0.768,0.019,0.804,0.0195
ERR1203383,3024,94.55909943714822,9552,0.712,0.02,0.716,0.02,0.714,0.02
ERR1203383,3025,94.59036898061288,9552,0.888,0.021,0.81,0.019,0.849,0.02
ERR1203383,3026,94.62163852407755,9552,0.596,0.016,0.594,0.016,0.595,0.016
ERR1203383,3027,94.65290806754221,9552,0.827,0.02,0.748,0.019,0.7875,0.0195
ERR1203383,3028,94.68417761100687,9552,0.906,0.02,0.902,0.02,0.904,0.02
ERR1203383,3029,94.71544715447155,9552,0.736,0.018,0.675,0.016,0.7055,0.017
ERR1203383,3030,94.74671669793621,9552,0.703,0.017,0.689,0.016,0.696,0.0165
ERR1203383,3031,94.77798624140088,9552,0.843,0.024,0.769,0.022,0.806,0.023
ERR1203383,3032,94.80925578486554,9552,0.691,0.016,0.687,0.016,0.6890000000000001,0.016
ERR1203383,3033,94.8405253283302,9552,0.83,0.021,0.751,0.019,0.7905,0.02
ERR1203383,3034,94.87179487179488,9552,0.842,0.019,0.824,0.019,0.833,0.019
ERR1203383,3035,94.90306441525954,9552,0.733,0.017,0.653,0.016,0.6930000000000001,0.0165
ERR1203383,3036,94.9343339587242,9552,0.784,0.021,0.782,0.021,0.783,0.021
ERR1203383,3037,94.96560350218887,9552,0.968,0.021,0.859,0.019,0.9135,0.02
ERR1203383,3038,94.99687304565353,9552,0.725,0.018,0.723,0.018,0.724,0.018
ERR1203383,3039,95.0281425891182,9552,0.713,0.034,0.656,0.031,0.6845,0.0325
ERR1203383,3040,95.05941213258286,9552,0.587,0.018,0.58,0.017,0.5834999999999999,0.0175
ERR1203383,3041,95.09068167604752,9552,0.757,0.017,0.68,0.016,0.7185,0.0165
ERR1203383,3042,95.1219512195122,9552,1.032,0.022,1.012,0.022,1.022,0.022
ERR1203383,3043,95.15322076297686,9552,0.606,0.015,0.556,0.014,0.581,0.014499999999999999
ERR1203383,3044,95.18449030644153,9552,0.612,0.016,0.608,0.016,0.61,0.016
ERR1203383,3045,95.21575984990619,9552,0.527,0.015,0.498,0.013,0.5125,0.013999999999999999
ERR1203383,3046,95.24702939337085,9552,0.587,0.015,0.587,0.015,0.587,0.015
ERR1203383,3047,95.27829893683553,9552,0.602,0.015,0.552,0.014,0.577,0.014499999999999999
ERR1203383,3048,95.30956848030019,9552,0.81,0.022,0.802,0.022,0.806,0.022
ERR1203383,3049,95.34083802376486,9552,2.058,0.04,1.852,0.036,1.955,0.038
ERR1203383,3050,95.37210756722952,9552,1.529,0.031,1.503,0.031,1.516,0.031
ERR1203383,3051,95.40337711069418,9552,0.964,0.021,0.861,0.019,0.9125,0.02
ERR1203383,3052,95.43464665415885,9552,1.686,0.038,1.654,0.038,1.67,0.038
ERR1203383,3053,95.46591619762351,9552,1.32,0.028,1.162,0.026,1.241,0.027
ERR1203383,3054,95.49718574108817,9552,0.791,0.019,0.79,0.019,0.7905,0.019
ERR1203383,3055,95.52845528455285,9552,0.898,0.025,0.804,0.025,0.851,0.025
ERR1203383,3056,95.55972482801751,9552,0.723,0.022,0.715,0.021,0.719,0.0215
ERR1203383,3057,95.59099437148218,9552,0.782,0.018,0.714,0.018,0.748,0.018
ERR1203383,3058,95.62226391494684,9552,0.93,0.022,0.917,0.021,0.9235,0.0215
ERR1203383,3059,95.6535334584115,9552,0.69,0.016,0.627,0.015,0.6585,0.0155
ERR1203383,3060,95.68480300187618,9552,1.038,0.026,1.032,0.028,1.0350000000000001,0.027
ERR1203383,3061,95.71607254534084,9552,0.858,0.023,0.779,0.023,0.8185,0.023
ERR1203383,3062,95.74734208880551,9552,0.848,0.02,0.829,0.02,0.8385,0.02
ERR1203383,3063,95.77861163227017,9552,0.843,0.021,0.757,0.018,0.8,0.0195
ERR1203383,3064,95.80988117573483,9552,0.759,0.019,0.752,0.019,0.7555000000000001,0.019
ERR1203383,3065,95.8411507191995,9552,0.999,0.024,0.894,0.024,0.9465,0.024
ERR1203383,3066,95.87242026266416,9552,0.957,0.026,0.947,0.027,0.952,0.0265
ERR1203383,3067,95.90368980612882,9552,1.078,0.023,0.969,0.021,1.0235,0.022
ERR1203383,3068,95.9349593495935,9552,0.698,0.017,0.697,0.017,0.6975,0.017
ERR1203383,3069,95.96622889305816,9552,1.237,0.035,1.094,0.032,1.1655000000000002,0.0335
ERR1203383,3070,95.99749843652283,9552,1.179,0.03,1.159,0.027,1.169,0.028499999999999998
ERR1203383,3071,96.02876797998749,9552,0.96,0.026,0.864,0.025,0.9119999999999999,0.025500000000000002
ERR1203383,3072,96.06003752345215,9552,0.905,0.024,0.888,0.023,0.8965000000000001,0.0235
ERR1203383,3073,96.09130706691683,9552,1.134,0.027,1.003,0.026,1.0684999999999998,0.0265
ERR1203383,3074,96.12257661038149,9552,0.779,0.019,0.765,0.02,0.772,0.0195
ERR1203383,3075,96.15384615384616,9552,0.961,0.023,0.843,0.022,0.9019999999999999,0.0225
ERR1203383,3076,96.18511569731082,9552,0.909,0.023,0.901,0.023,0.905,0.023
ERR1203383,3077,96.21638524077548,9552,1.004,0.033,0.907,0.028,0.9555,0.0305
ERR1203383,3078,96.24765478424015,9552,1.059,0.027,1.049,0.027,1.0539999999999998,0.027
ERR1203383,3079,96.27892432770481,9552,1.168,0.026,1.045,0.024,1.1065,0.025
ERR1203383,3080,96.31019387116947,9552,0.991,0.023,0.979,0.022,0.985,0.0225
ERR1203383,3081,96.34146341463415,9552,0.664,0.017,0.608,0.015,0.636,0.016
ERR1203383,3082,96.37273295809881,9552,0.718,0.017,0.704,0.017,0.711,0.017
ERR1203383,3083,96.40400250156348,9552,1.058,0.026,0.975,0.024,1.0165,0.025
ERR1203383,3084,96.43527204502814,9552,0.872,0.019,0.863,0.019,0.8674999999999999,0.019
ERR1203383,3085,96.4665415884928,9552,0.744,0.017,0.672,0.016,0.708,0.0165
ERR1203383,3086,96.49781113195748,9552,0.605,0.017,0.602,0.017,0.6034999999999999,0.017
ERR1203383,3087,96.52908067542214,9552,0.596,0.015,0.546,0.014,0.571,0.014499999999999999
ERR1203383,3088,96.56035021888681,9552,0.997,0.026,0.995,0.025,0.996,0.025500000000000002
ERR1203383,3089,96.59161976235147,9552,0.669,0.017,0.616,0.016,0.6425000000000001,0.0165
ERR1203383,3090,96.62288930581613,9552,0.933,0.024,0.914,0.024,0.9235,0.024
ERR1203383,3091,96.6541588492808,9552,1.117,0.025,1.031,0.024,1.0739999999999998,0.0245
ERR1203383,3092,96.68542839274546,9552,0.642,0.017,0.633,0.017,0.6375,0.017
ERR1203383,3093,96.71669793621012,9552,0.74,0.019,0.673,0.018,0.7065,0.0185
ERR1203383,3094,96.7479674796748,9552,0.866,0.023,0.857,0.023,0.8614999999999999,0.023
ERR1203383,3095,96.77923702313946,9552,0.681,0.02,0.627,0.02,0.654,0.02
ERR1203383,3096,96.81050656660413,9552,1.081,0.027,1.068,0.027,1.0745,0.027
ERR1203383,3097,96.84177611006879,9552,13.51,0.229,13.454,0.228,13.482,0.2285
ERR1203383,3098,96.87304565353345,9552,3.278,0.062,3.174,0.061,3.226,0.0615
ERR1203383,3099,96.90431519699813,9552,1.267,0.033,1.121,0.028,1.194,0.0305
ERR1203383,3100,96.93558474046279,9552,0.932,0.024,0.928,0.022,0.93,0.023
ERR1203383,3101,96.96685428392746,9552,1.015,0.028,0.914,0.027,0.9644999999999999,0.0275
ERR1203383,3102,96.99812382739212,9552,0.578,0.016,0.578,0.016,0.578,0.016
ERR1203383,3103,97.02939337085678,9552,0.931,0.024,0.842,0.023,0.8865000000000001,0.0235
ERR1203383,3104,97.06066291432145,9552,0.675,0.016,0.673,0.016,0.674,0.016
ERR1203383,3105,97.09193245778611,9552,0.789,0.019,0.711,0.017,0.75,0.018000000000000002
ERR1203383,3106,97.12320200125079,9552,0.691,0.016,0.684,0.016,0.6875,0.016
ERR1203383,3107,97.15447154471545,9552,0.989,0.025,0.914,0.024,0.9515,0.0245
ERR1203383,3108,97.18574108818011,9552,0.577,0.014,0.578,0.014,0.5774999999999999,0.014
ERR1203383,3109,97.21701063164478,9552,1.159,0.028,1.048,0.026,1.1035,0.027
ERR1203383,3110,97.24828017510944,9552,1.07,0.028,1.065,0.026,1.0675,0.027
ERR1203383,3111,97.2795497185741,9552,1.355,0.03,1.223,0.026,1.2890000000000001,0.027999999999999997
ERR1203383,3112,97.31081926203878,9552,0.954,0.025,0.946,0.026,0.95,0.025500000000000002
ERR1203383,3113,97.34208880550344,9552,1.381,0.033,1.221,0.028,1.3010000000000002,0.0305
ERR1203383,3114,97.37335834896811,9552,1.076,0.024,1.059,0.024,1.0675,0.024
ERR1203383,3115,97.40462789243277,9552,1.354,0.031,1.218,0.028,1.286,0.0295
ERR1203383,3116,97.43589743589743,9552,1.279,0.03,1.259,0.03,1.269,0.03
ERR1203383,3117,97.4671669793621,9552,1.755,0.038,1.532,0.034,1.6435,0.036000000000000004
ERR1203383,3118,97.49843652282676,9552,1.476,0.032,1.444,0.031,1.46,0.0315
ERR1203383,3119,97.52970606629144,9552,0.78,0.021,0.698,0.02,0.739,0.0205
ERR1203383,3120,97.5609756097561,9552,0.702,0.017,0.695,0.017,0.6984999999999999,0.017
ERR1203383,3121,97.59224515322076,9552,0.722,0.021,0.672,0.019,0.6970000000000001,0.02
ERR1203383,3122,97.62351469668543,9552,0.795,0.025,0.791,0.025,0.793,0.025
ERR1203383,3123,97.6547842401501,9552,0.847,0.023,0.773,0.02,0.81,0.0215
ERR1203383,3124,97.68605378361475,9552,0.705,0.024,0.697,0.024,0.701,0.024
ERR1203383,3125,97.71732332707943,9552,1.01,0.031,0.899,0.029,0.9545,0.03
ERR1203383,3126,97.74859287054409,9552,0.711,0.019,0.699,0.019,0.705,0.019
ERR1203383,3127,97.77986241400876,9552,0.789,0.019,0.711,0.019,0.75,0.019
ERR1203383,3128,97.81113195747342,9552,0.625,0.018,0.618,0.018,0.6214999999999999,0.018
ERR1203383,3129,97.84240150093808,9552,0.744,0.02,0.67,0.019,0.7070000000000001,0.0195
ERR1203383,3130,97.87367104440276,9552,0.865,0.023,0.852,0.023,0.8585,0.023
ERR1203383,3131,97.90494058786742,9552,0.845,0.022,0.77,0.02,0.8075,0.020999999999999998
ERR1203383,3132,97.93621013133209,9552,1.233,0.03,1.201,0.03,1.217,0.03
ERR1203383,3133,97.96747967479675,9552,1.053,0.023,0.93,0.022,0.9915,0.0225
ERR1203383,3134,97.99874921826141,9552,1.252,0.029,1.224,0.03,1.238,0.0295
ERR1203383,3135,98.03001876172608,9552,1.038,0.025,0.924,0.022,0.9810000000000001,0.0235
ERR1203383,3136,98.06128830519074,9552,0.774,0.019,0.758,0.019,0.766,0.019
ERR1203383,3137,98.0925578486554,9552,0.91,0.026,0.816,0.025,0.863,0.025500000000000002
ERR1203383,3138,98.12382739212008,9552,1.005,0.025,0.977,0.025,0.9909999999999999,0.025
ERR1203383,3139,98.15509693558474,9552,1.252,0.029,1.107,0.026,1.1795,0.0275
ERR1203383,3140,98.18636647904941,9552,0.815,0.021,0.792,0.021,0.8035,0.021
ERR1203383,3141,98.21763602251407,9552,1.764,0.04,1.569,0.034,1.6665,0.037000000000000005
ERR1203383,3142,98.24890556597873,9552,0.693,0.019,0.675,0.019,0.6839999999999999,0.019
ERR1203383,3143,98.2801751094434,9552,0.678,0.018,0.614,0.017,0.646,0.0175
ERR1203383,3144,98.31144465290807,9552,0.87,0.025,0.855,0.024,0.8625,0.0245
ERR1203383,3145,98.34271419637274,9552,1.087,0.027,0.975,0.026,1.031,0.0265
ERR1203383,3146,98.3739837398374,9552,1.023,0.024,1.002,0.024,1.0125,0.024
ERR1203383,3147,98.40525328330206,9552,0.929,0.023,0.828,0.021,0.8785000000000001,0.022
ERR1203383,3148,98.43652282676673,9552,0.778,0.02,0.751,0.02,0.7645,0.02
ERR1203383,3149,98.4677923702314,9552,0.576,0.02,0.54,0.019,0.558,0.0195
ERR1203383,3150,98.49906191369605,9552,0.862,0.023,0.847,0.021,0.8545,0.022
ERR1203383,3151,98.53033145716073,9552,1.204,0.029,1.08,0.026,1.142,0.0275
ERR1203383,3152,98.56160100062539,9552,1.098,0.028,1.085,0.027,1.0915,0.0275
ERR1203383,3153,98.59287054409006,9552,1.347,0.032,1.203,0.03,1.275,0.031
ERR1203383,3154,98.62414008755472,9552,1.298,0.034,1.277,0.034,1.2875,0.034
ERR1203383,3155,98.65540963101938,9552,0.911,0.025,0.82,0.022,0.8654999999999999,0.0235
ERR1203383,3156,98.68667917448406,9552,0.749,0.022,0.746,0.023,0.7475,0.0225
ERR1203383,3157,98.71794871794872,9552,0.949,0.025,0.849,0.023,0.899,0.024
ERR1203383,3158,98.74921826141339,9552,0.873,0.021,0.862,0.021,0.8674999999999999,0.021
ERR1203383,3159,98.78048780487805,9552,0.651,0.017,0.597,0.016,0.624,0.0165
ERR1203383,3160,98.81175734834271,9552,0.6,0.016,0.59,0.015,0.595,0.0155
ERR1203383,3161,98.84302689180738,9552,0.507,0.013,0.474,0.013,0.4905,0.013
ERR1203383,3162,98.87429643527204,9552,0.525,0.014,0.518,0.014,0.5215000000000001,0.014
ERR1203383,3163,98.9055659787367,9552,0.697,0.019,0.651,0.017,0.6739999999999999,0.018000000000000002
ERR1203383,3164,98.93683552220138,9552,0.499,0.014,0.499,0.014,0.499,0.014
ERR1203383,3165,98.96810506566604,9552,0.697,0.019,0.638,0.019,0.6675,0.019
ERR1203383,3166,98.99937460913071,9552,0.672,0.023,0.671,0.024,0.6715,0.0235
ERR1203383,3167,99.03064415259537,9552,1.314,0.027,1.255,0.026,1.2845,0.0265
ERR1203383,3168,99.06191369606003,9552,0.713,0.015,0.697,0.015,0.705,0.015
ERR1203383,3169,99.0931832395247,9552,1.609,0.042,1.585,0.04,1.597,0.041
ERR1203383,3170,99.12445278298937,9552,9.288,0.154,9.108,0.152,9.198,0.153
ERR1203383,3171,99.15572232645404,9552,2.458,0.045,2.326,0.042,2.3920000000000003,0.0435
ERR1203383,3172,99.1869918699187,9552,1.525,0.029,1.523,0.029,1.524,0.029
ERR1203383,3173,99.21826141338336,9552,2.154,0.04,2.096,0.039,2.125,0.0395
ERR1203383,3174,99.24953095684803,9552,2.547,0.046,2.548,0.046,2.5475000000000003,0.046
ERR1203383,3175,99.2808005003127,9552,1.418,0.027,1.366,0.026,1.392,0.0265
ERR1203383,3176,99.31207004377737,9552,4.623,0.085,4.633,0.086,4.628,0.08549999999999999
ERR1203383,3177,99.34333958724203,9552,1.838,0.035,1.744,0.034,1.791,0.0345
ERR1203383,3178,99.37460913070669,9552,1.687,0.037,1.66,0.037,1.6735,0.037
ERR1203383,3179,99.40587867417136,9552,1.375,0.03,1.29,0.028,1.3325,0.028999999999999998
ERR1203383,3180,99.43714821763602,9552,4.847,0.086,4.702,0.084,4.7745,0.08499999999999999
ERR1203383,3181,99.46841776110068,9552,32.108,0.516,26.507,0.443,29.307499999999997,0.47950000000000004
ERR1203383,3182,99.49968730456536,9552,3.664,0.065,3.644,0.064,3.654,0.0645
ERR1203383,3183,99.53095684803002,9552,2.633,0.05,2.491,0.047,2.5620000000000003,0.0485
ERR1203383,3184,99.56222639149469,9552,3.651,0.07,3.591,0.069,3.621,0.0695
ERR1203383,3185,99.59349593495935,9552,15.25,0.254,15.228,0.25,15.239,0.252
ERR1203383,3186,99.62476547842401,9552,10.4,0.178,10.35,0.179,10.375,0.1785
ERR1203383,3187,99.65603502188868,9552,21.292,0.35,21.618,0.355,21.455,0.3525
ERR1203383,3188,99.68730456535334,9552,15.903,0.263,16.776,0.274,16.3395,0.2685
ERR1203383,3189,99.71857410881802,9552,16.678,0.274,17.11,0.277,16.894,0.2755
ERR1203383,3190,99.74984365228268,9552,16.956,0.273,16.865,0.273,16.9105,0.273
ERR1203383,3191,99.78111319574734,9552,15.7,0.26,15.832,0.263,15.766,0.2615
ERR1203383,3192,99.81238273921201,9552,15.432,0.254,15.865,0.259,15.6485,0.2565
ERR1203383,3193,99.84365228267667,9552,16.278,0.267,16.579,0.272,16.4285,0.2695
ERR1203383,3194,99.87492182614133,9552,18.414,0.302,18.419,0.302,18.4165,0.302
ERR1203383,3195,99.906191369606,9552,16.216,0.269,16.685,0.276,16.450499999999998,0.2725
ERR1203383,3196,99.93746091307067,9552,17.247,0.287,17.328,0.289,17.2875,0.288
ERR1203383,3197,99.96873045653534,9552,4.328,0.077,4.261,0.075,4.2945,0.076
ERR1203383,3198,100.0,2064,11.555883720930233,0.21751162790697676,11.699348837209303,0.22213953488372096,11.627616279069768,0.21982558139534886
SRR2496709,0,0.0,7724,1.741,0.039,1.728,0.039,1.7345000000000002,0.039
SRR2496709,1,0.030637254901960783,7724,0.577,0.014,0.58,0.014,0.5785,0.014
SRR2496709,2,0.061274509803921566,7724,0.35,0.011,0.35,0.011,0.35,0.011
SRR2496709,3,0.09191176470588236,7724,0.618,0.015,0.619,0.015,0.6185,0.015
SRR2496709,4,0.12254901960784313,7724,0.405,0.011,0.407,0.011,0.406,0.011
SRR2496709,5,0.15318627450980393,7724,1.025,0.028,1.027,0.028,1.0259999999999998,0.028
SRR2496709,6,0.18382352941176472,7724,0.757,0.018,0.751,0.019,0.754,0.0185
SRR2496709,7,0.21446078431372548,7724,0.283,0.009,0.285,0.01,0.284,0.0095
SRR2496709,8,0.24509803921568626,7724,0.291,0.009,0.288,0.009,0.2895,0.009
SRR2496709,9,0.2757352941176471,7724,0.308,0.009,0.308,0.01,0.308,0.0095
SRR2496709,10,0.30637254901960786,7724,0.584,0.013,0.585,0.013,0.5845,0.013
SRR2496709,11,0.33700980392156865,7724,0.32,0.01,0.329,0.01,0.3245,0.01
SRR2496709,12,0.36764705882352944,7724,0.306,0.009,0.309,0.01,0.3075,0.0095
SRR2496709,13,0.39828431372549017,7724,0.552,0.013,0.558,0.014,0.555,0.0135
SRR2496709,14,0.42892156862745096,7724,0.876,0.02,0.868,0.02,0.872,0.02
SRR2496709,15,0.45955882352941174,7724,0.459,0.016,0.463,0.017,0.461,0.0165
SRR2496709,16,0.49019607843137253,7724,0.363,0.01,0.364,0.011,0.3635,0.010499999999999999
SRR2496709,17,0.5208333333333334,7724,0.396,0.012,0.397,0.013,0.3965,0.0125
SRR2496709,18,0.5514705882352942,7724,0.486,0.012,0.488,0.012,0.487,0.012
SRR2496709,19,0.5821078431372549,7724,0.338,0.01,0.34,0.01,0.339,0.01
SRR2496709,20,0.6127450980392157,7724,0.36,0.01,0.363,0.01,0.3615,0.01
SRR2496709,21,0.6433823529411765,7724,0.4,0.01,0.399,0.011,0.3995,0.010499999999999999
SRR2496709,22,0.6740196078431373,7724,0.416,0.011,0.414,0.011,0.415,0.011
SRR2496709,23,0.7046568627450981,7724,0.43,0.016,0.43,0.016,0.43,0.016
SRR2496709,24,0.7352941176470589,7724,0.932,0.025,0.936,0.025,0.934,0.025
SRR2496709,25,0.7659313725490197,7724,0.427,0.011,0.425,0.012,0.426,0.0115
SRR2496709,26,0.7965686274509803,7724,0.422,0.011,0.421,0.011,0.4215,0.011
SRR2496709,27,0.8272058823529411,7724,0.502,0.013,0.508,0.013,0.505,0.013
SRR2496709,28,0.8578431372549019,7724,0.343,0.01,0.346,0.01,0.34450000000000003,0.01
SRR2496709,29,0.8884803921568627,7724,0.349,0.01,0.35,0.01,0.3495,0.01
SRR2496709,30,0.9191176470588235,7724,0.386,0.01,0.389,0.01,0.3875,0.01
SRR2496709,31,0.9497549019607843,7724,0.364,0.01,0.363,0.01,0.3635,0.01
SRR2496709,32,0.9803921568627451,7724,0.469,0.013,0.471,0.014,0.47,0.0135
SRR2496709,33,1.0110294117647058,7724,0.354,0.01,0.358,0.01,0.356,0.01
SRR2496709,34,1.0416666666666667,7724,0.503,0.022,0.503,0.021,0.503,0.0215
SRR2496709,35,1.0723039215686274,7724,0.386,0.01,0.388,0.011,0.387,0.010499999999999999
SRR2496709,36,1.1029411764705883,7724,0.374,0.01,0.373,0.01,0.3735,0.01
SRR2496709,37,1.133578431372549,7724,0.442,0.014,0.446,0.014,0.444,0.014
SRR2496709,38,1.1642156862745099,7724,0.39,0.011,0.393,0.011,0.3915,0.011
SRR2496709,39,1.1948529411764706,7724,0.593,0.017,0.602,0.018,0.5974999999999999,0.0175
SRR2496709,40,1.2254901960784315,7724,0.337,0.01,0.335,0.01,0.336,0.01
SRR2496709,41,1.2561274509803921,7724,0.46,0.012,0.46,0.014,0.46,0.013000000000000001
SRR2496709,42,1.286764705882353,7724,0.437,0.012,0.437,0.012,0.437,0.012
SRR2496709,43,1.3174019607843137,7724,0.426,0.013,0.429,0.013,0.4275,0.013
SRR2496709,44,1.3480392156862746,7724,0.443,0.012,0.441,0.012,0.442,0.012
SRR2496709,45,1.3786764705882353,7724,1.013,0.026,1.005,0.027,1.009,0.0265
SRR2496709,46,1.4093137254901962,7724,0.808,0.023,0.81,0.024,0.809,0.0235
SRR2496709,47,1.4399509803921569,7724,0.452,0.017,0.453,0.018,0.4525,0.0175
SRR2496709,48,1.4705882352941178,7724,0.347,0.01,0.357,0.01,0.352,0.01
SRR2496709,49,1.5012254901960784,7724,0.389,0.012,0.389,0.013,0.389,0.0125
SRR2496709,50,1.5318627450980393,7724,0.493,0.012,0.497,0.012,0.495,0.012
SRR2496709,51,1.5625,7724,0.435,0.011,0.446,0.012,0.4405,0.0115
SRR2496709,52,1.5931372549019607,7724,0.356,0.01,0.354,0.01,0.355,0.01
SRR2496709,53,1.6237745098039216,7724,0.363,0.01,0.367,0.01,0.365,0.01
SRR2496709,54,1.6544117647058822,7724,0.321,0.009,0.323,0.009,0.322,0.009
SRR2496709,55,1.6850490196078431,7724,0.349,0.01,0.36,0.01,0.3545,0.01
SRR2496709,56,1.7156862745098038,7724,0.361,0.01,0.362,0.01,0.3615,0.01
SRR2496709,57,1.7463235294117647,7724,0.399,0.013,0.398,0.013,0.3985,0.013
SRR2496709,58,1.7769607843137254,7724,0.452,0.014,0.454,0.013,0.453,0.0135
SRR2496709,59,1.8075980392156863,7724,0.345,0.009,0.343,0.01,0.344,0.0095
SRR2496709,60,1.838235294117647,7724,0.348,0.01,0.346,0.01,0.347,0.01
SRR2496709,61,1.8688725490196079,7724,0.446,0.011,0.447,0.012,0.4465,0.0115
SRR2496709,62,1.8995098039215685,7724,0.407,0.013,0.41,0.013,0.4085,0.013
SRR2496709,63,1.9301470588235294,7724,0.721,0.025,0.727,0.025,0.724,0.025
SRR2496709,64,1.9607843137254901,7724,0.452,0.011,0.451,0.011,0.4515,0.011
SRR2496709,65,1.991421568627451,7724,0.721,0.015,0.728,0.015,0.7244999999999999,0.015
SRR2496709,66,2.0220588235294117,7724,0.691,0.014,0.688,0.014,0.6895,0.014
SRR2496709,67,2.0526960784313726,7724,0.706,0.014,0.702,0.014,0.704,0.014
SRR2496709,68,2.0833333333333335,7724,0.768,0.015,0.771,0.015,0.7695000000000001,0.015
SRR2496709,69,2.113970588235294,7724,0.611,0.013,0.615,0.013,0.613,0.013
SRR2496709,70,2.144607843137255,7724,0.688,0.014,0.684,0.014,0.6859999999999999,0.014
SRR2496709,71,2.1752450980392157,7724,0.617,0.013,0.619,0.013,0.618,0.013
SRR2496709,72,2.2058823529411766,7724,0.621,0.013,0.617,0.013,0.619,0.013
SRR2496709,73,2.236519607843137,7724,0.618,0.013,0.62,0.013,0.619,0.013
SRR2496709,74,2.267156862745098,7724,0.513,0.011,0.512,0.011,0.5125,0.011
SRR2496709,75,2.297794117647059,7724,0.579,0.012,0.581,0.013,0.58,0.0125
SRR2496709,76,2.3284313725490198,7724,0.652,0.013,0.658,0.013,0.655,0.013
SRR2496709,77,2.3590686274509802,7724,0.68,0.014,0.68,0.014,0.68,0.014
SRR2496709,78,2.389705882352941,7724,0.662,0.014,0.663,0.014,0.6625000000000001,0.014
SRR2496709,79,2.420343137254902,7724,0.658,0.014,0.657,0.014,0.6575,0.014
SRR2496709,80,2.450980392156863,7724,0.828,0.016,0.819,0.016,0.8234999999999999,0.016
SRR2496709,81,2.4816176470588234,7724,0.75,0.015,0.745,0.015,0.7475,0.015
SRR2496709,82,2.5122549019607843,7724,0.704,0.015,0.711,0.015,0.7075,0.015
SRR2496709,83,2.542892156862745,7724,0.686,0.014,0.683,0.014,0.6845000000000001,0.014
SRR2496709,84,2.573529411764706,7724,0.729,0.015,0.732,0.015,0.7304999999999999,0.015
SRR2496709,85,2.6041666666666665,7724,0.772,0.015,0.774,0.016,0.773,0.0155
SRR2496709,86,2.6348039215686274,7724,0.698,0.014,0.714,0.014,0.706,0.014
SRR2496709,87,2.6654411764705883,7724,0.578,0.012,0.577,0.012,0.5774999999999999,0.012
SRR2496709,88,2.696078431372549,7724,0.754,0.015,0.759,0.015,0.7565,0.015
SRR2496709,89,2.7267156862745097,7724,0.773,0.015,0.775,0.016,0.774,0.0155
SRR2496709,90,2.7573529411764706,7724,0.679,0.014,0.68,0.014,0.6795,0.014
SRR2496709,91,2.7879901960784315,7724,0.601,0.013,0.598,0.013,0.5994999999999999,0.013
SRR2496709,92,2.8186274509803924,7724,0.746,0.015,0.742,0.015,0.744,0.015
SRR2496709,93,2.849264705882353,7724,0.696,0.014,0.696,0.014,0.696,0.014
SRR2496709,94,2.8799019607843137,7724,0.64,0.014,0.637,0.013,0.6385000000000001,0.0135
SRR2496709,95,2.9105392156862746,7724,0.671,0.014,0.662,0.014,0.6665000000000001,0.014
SRR2496709,96,2.9411764705882355,7724,0.587,0.013,0.589,0.012,0.588,0.0125
SRR2496709,97,2.971813725490196,7724,0.704,0.015,0.706,0.015,0.705,0.015
SRR2496709,98,3.002450980392157,7724,0.66,0.014,0.661,0.014,0.6605000000000001,0.014
SRR2496709,99,3.0330882352941178,7724,0.61,0.013,0.617,0.013,0.6134999999999999,0.013
SRR2496709,100,3.0637254901960786,7724,0.715,0.015,0.713,0.015,0.714,0.015
SRR2496709,101,3.094362745098039,7724,0.742,0.015,0.74,0.015,0.741,0.015
SRR2496709,102,3.125,7724,0.677,0.014,0.673,0.014,0.675,0.014
SRR2496709,103,3.155637254901961,7724,0.689,0.016,0.688,0.016,0.6884999999999999,0.016
SRR2496709,104,3.1862745098039214,7724,0.646,0.013,0.641,0.013,0.6435,0.013
SRR2496709,105,3.2169117647058822,7724,0.707,0.015,0.706,0.015,0.7064999999999999,0.015
SRR2496709,106,3.247549019607843,7724,0.441,0.011,0.441,0.011,0.441,0.011
SRR2496709,107,3.278186274509804,7724,0.822,0.017,0.829,0.017,0.8254999999999999,0.017
SRR2496709,108,3.3088235294117645,7724,0.742,0.015,0.743,0.015,0.7424999999999999,0.015
SRR2496709,109,3.3394607843137254,7724,0.647,0.014,0.647,0.014,0.647,0.014
SRR2496709,110,3.3700980392156863,7724,0.64,0.013,0.637,0.013,0.6385000000000001,0.013
SRR2496709,111,3.400735294117647,7724,0.616,0.013,0.613,0.013,0.6145,0.013
SRR2496709,112,3.4313725490196076,7724,0.669,0.014,0.664,0.014,0.6665000000000001,0.014
SRR2496709,113,3.4620098039215685,7724,0.675,0.014,0.669,0.014,0.672,0.014
SRR2496709,114,3.4926470588235294,7724,0.678,0.014,0.678,0.014,0.678,0.014
SRR2496709,115,3.5232843137254903,7724,0.602,0.013,0.606,0.013,0.604,0.013
SRR2496709,116,3.553921568627451,7724,0.706,0.014,0.709,0.014,0.7075,0.014
SRR2496709,117,3.5845588235294117,7724,0.689,0.014,0.697,0.014,0.693,0.014
SRR2496709,118,3.6151960784313726,7724,0.747,0.015,0.75,0.015,0.7484999999999999,0.015
SRR2496709,119,3.6458333333333335,7724,0.693,0.014,0.695,0.014,0.694,0.014
SRR2496709,120,3.676470588235294,7724,0.72,0.015,0.723,0.015,0.7215,0.015
SRR2496709,121,3.707107843137255,7724,0.655,0.014,0.655,0.014,0.655,0.014
SRR2496709,122,3.7377450980392157,7724,0.782,0.018,0.792,0.018,0.787,0.018
SRR2496709,123,3.7683823529411766,7724,0.679,0.014,0.682,0.014,0.6805000000000001,0.014
SRR2496709,124,3.799019607843137,7724,0.735,0.015,0.732,0.015,0.7335,0.015
SRR2496709,125,3.829656862745098,7724,0.78,0.016,0.774,0.016,0.777,0.016
SRR2496709,126,3.860294117647059,7724,0.89,0.018,0.889,0.017,0.8895,0.0175
SRR2496709,127,3.8909313725490198,7724,0.646,0.014,0.633,0.014,0.6395,0.014
SRR2496709,128,3.9215686274509802,7724,0.613,0.013,0.606,0.013,0.6094999999999999,0.013
SRR2496709,129,3.952205882352941,7724,0.544,0.012,0.536,0.012,0.54,0.012
SRR2496709,130,3.982843137254902,7724,0.668,0.014,0.659,0.014,0.6635,0.014
SRR2496709,131,4.013480392156863,7724,0.769,0.016,0.762,0.015,0.7655000000000001,0.0155
SRR2496709,132,4.044117647058823,7724,0.646,0.014,0.647,0.013,0.6465000000000001,0.0135
SRR2496709,133,4.074754901960785,7724,0.692,0.014,0.696,0.014,0.694,0.014
SRR2496709,134,4.105392156862745,7724,0.699,0.015,0.698,0.014,0.6984999999999999,0.014499999999999999
SRR2496709,135,4.136029411764706,7724,0.806,0.016,0.796,0.016,0.801,0.016
SRR2496709,136,4.166666666666667,7724,0.809,0.016,0.81,0.016,0.8095000000000001,0.016
SRR2496709,137,4.197303921568627,7724,0.771,0.016,0.77,0.015,0.7705,0.0155
SRR2496709,138,4.227941176470588,7724,0.672,0.014,0.675,0.014,0.6735,0.014
SRR2496709,139,4.258578431372549,7724,0.705,0.014,0.708,0.015,0.7064999999999999,0.014499999999999999
SRR2496709,140,4.28921568627451,7724,0.628,0.018,0.623,0.018,0.6255,0.018
SRR2496709,141,4.319852941176471,7724,0.373,0.01,0.371,0.01,0.372,0.01
SRR2496709,142,4.3504901960784315,7724,0.427,0.011,0.426,0.011,0.4265,0.011
SRR2496709,143,4.381127450980392,7724,1.016,0.025,1.005,0.024,1.0105,0.0245
SRR2496709,144,4.411764705882353,7724,1.283,0.027,1.271,0.027,1.277,0.027
SRR2496709,145,4.442401960784314,7724,0.368,0.01,0.364,0.011,0.366,0.010499999999999999
SRR2496709,146,4.473039215686274,7724,0.442,0.012,0.439,0.011,0.4405,0.0115
SRR2496709,147,4.5036764705882355,7724,0.331,0.01,0.326,0.009,0.3285,0.0095
SRR2496709,148,4.534313725490196,7724,0.341,0.009,0.344,0.009,0.3425,0.009
SRR2496709,149,4.564950980392157,7724,1.165,0.027,1.161,0.026,1.163,0.0265
SRR2496709,150,4.595588235294118,7724,0.603,0.013,0.597,0.013,0.6,0.013
SRR2496709,151,4.626225490196078,7724,0.853,0.022,0.849,0.021,0.851,0.0215
SRR2496709,152,4.6568627450980395,7724,0.385,0.01,0.405,0.015,0.395,0.0125
SRR2496709,153,4.6875,7724,0.375,0.01,0.376,0.011,0.3755,0.010499999999999999
SRR2496709,154,4.7181372549019605,7724,0.392,0.01,0.391,0.011,0.3915,0.010499999999999999
SRR2496709,155,4.748774509803922,7724,0.356,0.012,0.362,0.012,0.359,0.012
SRR2496709,156,4.779411764705882,7724,0.39,0.011,0.401,0.011,0.3955,0.011
SRR2496709,157,4.810049019607843,7724,0.414,0.016,0.415,0.016,0.4145,0.016
SRR2496709,158,4.840686274509804,7724,0.334,0.011,0.335,0.012,0.3345,0.0115
SRR2496709,159,4.8713235294117645,7724,0.355,0.01,0.355,0.01,0.355,0.01
SRR2496709,160,4.901960784313726,7724,0.371,0.01,0.372,0.01,0.3715,0.01
SRR2496709,161,4.932598039215686,7724,0.341,0.01,0.34,0.01,0.3405,0.01
SRR2496709,162,4.963235294117647,7724,0.446,0.011,0.449,0.011,0.4475,0.011
SRR2496709,163,4.993872549019608,7724,0.393,0.014,0.393,0.015,0.393,0.014499999999999999
SRR2496709,164,5.0245098039215685,7724,0.331,0.009,0.335,0.01,0.333,0.0095
SRR2496709,165,5.055147058823529,7724,0.32,0.009,0.318,0.01,0.319,0.0095
SRR2496709,166,5.08578431372549,7724,1.544,0.035,1.552,0.035,1.548,0.035
SRR2496709,167,5.116421568627451,7724,1.634,0.035,1.632,0.035,1.633,0.035
SRR2496709,168,5.147058823529412,7724,0.803,0.022,0.795,0.022,0.799,0.022
SRR2496709,169,5.177696078431373,7724,0.377,0.01,0.372,0.011,0.3745,0.010499999999999999
SRR2496709,170,5.208333333333333,7724,0.35,0.01,0.349,0.01,0.3495,0.01
SRR2496709,171,5.238970588235294,7724,0.349,0.01,0.349,0.01,0.349,0.01
SRR2496709,172,5.269607843137255,7724,0.431,0.014,0.433,0.014,0.432,0.014
SRR2496709,173,5.300245098039215,7724,0.326,0.009,0.326,0.01,0.326,0.0095
SRR2496709,174,5.330882352941177,7724,0.327,0.009,0.331,0.01,0.329,0.0095
SRR2496709,175,5.361519607843137,7724,0.309,0.009,0.314,0.009,0.3115,0.009
SRR2496709,176,5.392156862745098,7724,0.348,0.009,0.348,0.01,0.348,0.0095
SRR2496709,177,5.422794117647059,7724,0.36,0.01,0.358,0.01,0.359,0.01
SRR2496709,178,5.453431372549019,7724,0.341,0.01,0.35,0.01,0.34550000000000003,0.01
SRR2496709,179,5.484068627450981,7724,0.317,0.009,0.321,0.009,0.319,0.009
SRR2496709,180,5.514705882352941,7724,0.398,0.01,0.402,0.011,0.4,0.010499999999999999
SRR2496709,181,5.545343137254902,7724,0.388,0.01,0.389,0.01,0.3885,0.01
SRR2496709,182,5.575980392156863,7724,0.49,0.016,0.491,0.016,0.4905,0.016
SRR2496709,183,5.606617647058823,7724,0.322,0.009,0.326,0.01,0.324,0.0095
SRR2496709,184,5.637254901960785,7724,0.343,0.009,0.34,0.01,0.3415,0.0095
SRR2496709,185,5.667892156862745,7724,0.397,0.01,0.395,0.011,0.396,0.010499999999999999
SRR2496709,186,5.698529411764706,7724,0.353,0.01,0.353,0.01,0.353,0.01
SRR2496709,187,5.729166666666667,7724,0.351,0.01,0.351,0.01,0.351,0.01
SRR2496709,188,5.759803921568627,7724,0.324,0.009,0.322,0.009,0.323,0.009
SRR2496709,189,5.790441176470588,7724,0.34,0.01,0.338,0.01,0.339,0.01
SRR2496709,190,5.821078431372549,7724,0.478,0.015,0.481,0.016,0.4795,0.0155
SRR2496709,191,5.85171568627451,7724,0.372,0.01,0.372,0.011,0.372,0.010499999999999999
SRR2496709,192,5.882352941176471,7724,0.361,0.01,0.362,0.01,0.3615,0.01
SRR2496709,193,5.9129901960784315,7724,1.124,0.026,1.124,0.028,1.124,0.027
SRR2496709,194,5.943627450980392,7724,0.389,0.011,0.391,0.011,0.39,0.011
SRR2496709,195,5.974264705882353,7724,0.344,0.01,0.341,0.01,0.3425,0.01
SRR2496709,196,6.004901960784314,7724,1.2,0.028,1.198,0.028,1.1989999999999998,0.028
SRR2496709,197,6.035539215686274,7724,0.404,0.011,0.401,0.011,0.4025,0.011
SRR2496709,198,6.0661764705882355,7724,0.338,0.01,0.339,0.01,0.3385,0.01
SRR2496709,199,6.096813725490196,7724,0.329,0.009,0.327,0.01,0.328,0.0095
SRR2496709,200,6.127450980392157,7724,0.385,0.011,0.385,0.011,0.385,0.011
SRR2496709,201,6.158088235294118,7724,0.352,0.01,0.35,0.01,0.351,0.01
SRR2496709,202,6.188725490196078,7724,0.347,0.01,0.348,0.01,0.3475,0.01
SRR2496709,203,6.2193627450980395,7724,0.388,0.01,0.389,0.011,0.3885,0.010499999999999999
SRR2496709,204,6.25,7724,0.944,0.025,0.943,0.026,0.9435,0.025500000000000002
SRR2496709,205,6.2806372549019605,7724,0.497,0.015,0.498,0.016,0.4975,0.0155
SRR2496709,206,6.311274509803922,7724,0.364,0.012,0.36,0.012,0.362,0.012
SRR2496709,207,6.341911764705882,7724,0.341,0.01,0.342,0.01,0.3415,0.01
SRR2496709,208,6.372549019607843,7724,0.328,0.009,0.328,0.01,0.328,0.0095
SRR2496709,209,6.403186274509804,7724,0.363,0.01,0.361,0.011,0.362,0.010499999999999999
SRR2496709,210,6.4338235294117645,7724,0.582,0.022,0.579,0.022,0.5805,0.022
SRR2496709,211,6.464460784313726,7724,0.35,0.01,0.35,0.01,0.35,0.01
SRR2496709,212,6.495098039215686,7724,0.522,0.017,0.523,0.016,0.5225,0.0165
SRR2496709,213,6.525735294117647,7724,0.459,0.014,0.461,0.014,0.46,0.014
SRR2496709,214,6.556372549019608,7724,0.803,0.022,0.802,0.022,0.8025,0.022
SRR2496709,215,6.5870098039215685,7724,0.356,0.01,0.356,0.011,0.356,0.010499999999999999
SRR2496709,216,6.617647058823529,7724,0.458,0.012,0.456,0.012,0.457,0.012
SRR2496709,217,6.64828431372549,7724,0.395,0.012,0.394,0.013,0.3945,0.0125
SRR2496709,218,6.678921568627451,7724,0.406,0.013,0.408,0.014,0.40700000000000003,0.0135
SRR2496709,219,6.709558823529412,7724,0.372,0.01,0.372,0.011,0.372,0.010499999999999999
SRR2496709,220,6.740196078431373,7724,0.386,0.01,0.387,0.011,0.3865,0.010499999999999999
SRR2496709,221,6.770833333333333,7724,1.195,0.03,1.196,0.031,1.1955,0.0305
SRR2496709,222,6.801470588235294,7724,0.736,0.024,0.737,0.024,0.7364999999999999,0.024
SRR2496709,223,6.832107843137255,7724,1.5,0.037,1.489,0.036,1.4945,0.0365
SRR2496709,224,6.862745098039215,7724,0.448,0.011,0.452,0.012,0.45,0.0115
SRR2496709,225,6.893382352941177,7724,0.36,0.01,0.36,0.01,0.36,0.01
SRR2496709,226,6.924019607843137,7724,0.442,0.012,0.442,0.012,0.442,0.012
SRR2496709,227,6.954656862745098,7724,1.25,0.028,1.237,0.03,1.2435,0.028999999999999998
SRR2496709,228,6.985294117647059,7724,0.387,0.012,0.385,0.012,0.386,0.012
SRR2496709,229,7.015931372549019,7724,0.344,0.009,0.341,0.01,0.3425,0.0095
SRR2496709,230,7.046568627450981,7724,0.381,0.014,0.381,0.014,0.381,0.014
SRR2496709,231,7.077205882352941,7724,0.381,0.01,0.377,0.011,0.379,0.010499999999999999
SRR2496709,232,7.107843137254902,7724,0.339,0.01,0.333,0.01,0.336,0.01
SRR2496709,233,7.138480392156863,7724,0.378,0.01,0.374,0.01,0.376,0.01
SRR2496709,234,7.169117647058823,7724,0.347,0.01,0.346,0.01,0.3465,0.01
SRR2496709,235,7.199754901960785,7724,0.382,0.01,0.382,0.011,0.382,0.010499999999999999
SRR2496709,236,7.230392156862745,7724,1.47,0.033,1.474,0.033,1.472,0.033
SRR2496709,237,7.261029411764706,7724,0.335,0.01,0.331,0.01,0.333,0.01
SRR2496709,238,7.291666666666667,7724,0.436,0.011,0.438,0.011,0.437,0.011
SRR2496709,239,7.322303921568627,7724,0.396,0.012,0.395,0.012,0.3955,0.012
SRR2496709,240,7.352941176470588,7724,0.361,0.015,0.361,0.015,0.361,0.015
SRR2496709,241,7.383578431372549,7724,0.421,0.011,0.416,0.011,0.4185,0.011
SRR2496709,242,7.41421568627451,7724,0.937,0.029,0.94,0.029,0.9385,0.029
SRR2496709,243,7.444852941176471,7724,0.886,0.025,0.883,0.023,0.8845000000000001,0.024
SRR2496709,244,7.4754901960784315,7724,0.398,0.011,0.396,0.011,0.397,0.011
SRR2496709,245,7.506127450980392,7724,0.475,0.013,0.471,0.013,0.473,0.013
SRR2496709,246,7.536764705882353,7724,0.573,0.021,0.572,0.02,0.5725,0.0205
SRR2496709,247,7.567401960784314,7724,1.126,0.031,1.128,0.031,1.1269999999999998,0.031
SRR2496709,248,7.598039215686274,7724,0.411,0.012,0.412,0.012,0.4115,0.012
SRR2496709,249,7.6286764705882355,7724,0.346,0.01,0.341,0.01,0.3435,0.01
SRR2496709,250,7.659313725490196,7724,0.406,0.01,0.407,0.011,0.4065,0.010499999999999999
SRR2496709,251,7.689950980392157,7724,1.138,0.029,1.141,0.034,1.1395,0.0315
SRR2496709,252,7.720588235294118,7724,1.657,0.038,1.648,0.038,1.6524999999999999,0.038
SRR2496709,253,7.751225490196078,7724,1.542,0.035,1.543,0.034,1.5425,0.0345
SRR2496709,254,7.7818627450980395,7724,1.469,0.034,1.461,0.034,1.465,0.034
SRR2496709,255,7.8125,7724,0.625,0.016,0.625,0.017,0.625,0.0165
SRR2496709,256,7.8431372549019605,7724,0.741,0.024,0.735,0.024,0.738,0.024
SRR2496709,257,7.873774509803922,7724,0.524,0.013,0.526,0.013,0.525,0.013
SRR2496709,258,7.904411764705882,7724,0.475,0.014,0.477,0.014,0.476,0.014
SRR2496709,259,7.935049019607843,7724,0.419,0.014,0.408,0.014,0.4135,0.014
SRR2496709,260,7.965686274509804,7724,0.367,0.01,0.368,0.01,0.3675,0.01
SRR2496709,261,7.9963235294117645,7724,0.344,0.01,0.343,0.01,0.3435,0.01
SRR2496709,262,8.026960784313726,7724,0.62,0.02,0.624,0.02,0.622,0.02
SRR2496709,263,8.057598039215685,7724,0.418,0.013,0.417,0.013,0.4175,0.013
SRR2496709,264,8.088235294117647,7724,0.326,0.01,0.326,0.01,0.326,0.01
SRR2496709,265,8.118872549019608,7724,0.346,0.009,0.344,0.01,0.345,0.0095
SRR2496709,266,8.14950980392157,7724,0.363,0.01,0.359,0.01,0.361,0.01
SRR2496709,267,8.180147058823529,7724,0.369,0.01,0.368,0.01,0.3685,0.01
SRR2496709,268,8.21078431372549,7724,0.364,0.01,0.36,0.01,0.362,0.01
SRR2496709,269,8.241421568627452,7724,0.373,0.01,0.374,0.01,0.3735,0.01
SRR2496709,270,8.272058823529411,7724,0.351,0.01,0.349,0.01,0.35,0.01
SRR2496709,271,8.302696078431373,7724,0.373,0.01,0.373,0.01,0.373,0.01
SRR2496709,272,8.333333333333334,7724,0.352,0.01,0.352,0.01,0.352,0.01
SRR2496709,273,8.363970588235293,7724,0.409,0.013,0.41,0.013,0.4095,0.013
SRR2496709,274,8.394607843137255,7724,0.42,0.011,0.418,0.011,0.419,0.011
SRR2496709,275,8.425245098039216,7724,0.364,0.01,0.366,0.01,0.365,0.01
SRR2496709,276,8.455882352941176,7724,0.396,0.01,0.396,0.011,0.396,0.010499999999999999
SRR2496709,277,8.486519607843137,7724,0.419,0.01,0.413,0.011,0.416,0.010499999999999999
SRR2496709,278,8.517156862745098,7724,0.797,0.018,0.784,0.018,0.7905,0.018
SRR2496709,279,8.547794117647058,7724,0.619,0.013,0.624,0.014,0.6214999999999999,0.0135
SRR2496709,280,8.57843137254902,7724,0.762,0.02,0.762,0.02,0.762,0.02
SRR2496709,281,8.60906862745098,7724,0.841,0.018,0.837,0.018,0.839,0.018
SRR2496709,282,8.639705882352942,7724,0.874,0.017,0.87,0.017,0.872,0.017
SRR2496709,283,8.670343137254902,7724,3.064,0.064,3.036,0.067,3.05,0.0655
SRR2496709,284,8.700980392156863,7724,14.666,0.264,14.386,0.271,14.526,0.2675
SRR2496709,285,8.731617647058824,7724,4.172,0.074,4.176,0.076,4.1739999999999995,0.075
SRR2496709,286,8.762254901960784,7724,0.766,0.017,0.766,0.017,0.766,0.017
SRR2496709,287,8.792892156862745,7724,0.576,0.013,0.581,0.014,0.5785,0.0135
SRR2496709,288,8.823529411764707,7724,0.691,0.014,0.692,0.015,0.6915,0.014499999999999999
SRR2496709,289,8.854166666666666,7724,0.79,0.016,0.79,0.016,0.79,0.016
SRR2496709,290,8.884803921568627,7724,0.756,0.016,0.754,0.015,0.755,0.0155
SRR2496709,291,8.915441176470589,7724,1.064,0.029,1.069,0.029,1.0665,0.029
SRR2496709,292,8.946078431372548,7724,1.211,0.025,1.17,0.023,1.1905000000000001,0.024
SRR2496709,293,8.97671568627451,7724,1.326,0.026,1.34,0.027,1.3330000000000002,0.0265
SRR2496709,294,9.007352941176471,7724,0.88,0.018,0.885,0.018,0.8825000000000001,0.018
SRR2496709,295,9.03799019607843,7724,0.876,0.017,0.877,0.018,0.8765000000000001,0.0175
SRR2496709,296,9.068627450980392,7724,0.94,0.018,0.929,0.018,0.9345,0.018
SRR2496709,297,9.099264705882353,7724,1.187,0.023,1.178,0.028,1.1825,0.025500000000000002
SRR2496709,298,9.129901960784315,7724,0.996,0.019,1.007,0.02,1.0015,0.0195
SRR2496709,299,9.160539215686274,7724,0.971,0.022,0.974,0.022,0.9724999999999999,0.022
SRR2496709,300,9.191176470588236,7724,0.785,0.016,0.782,0.016,0.7835000000000001,0.016
SRR2496709,301,9.221813725490197,7724,0.768,0.016,0.766,0.016,0.767,0.016
SRR2496709,302,9.252450980392156,7724,0.722,0.015,0.717,0.015,0.7195,0.015
SRR2496709,303,9.283088235294118,7724,0.671,0.014,0.67,0.014,0.6705000000000001,0.014
SRR2496709,304,9.313725490196079,7724,0.844,0.017,0.855,0.017,0.8494999999999999,0.017
SRR2496709,305,9.344362745098039,7724,0.7,0.015,0.698,0.015,0.699,0.015
SRR2496709,306,9.375,7724,0.531,0.012,0.529,0.012,0.53,0.012
SRR2496709,307,9.405637254901961,7724,0.73,0.015,0.726,0.015,0.728,0.015
SRR2496709,308,9.436274509803921,7724,0.627,0.013,0.63,0.014,0.6285000000000001,0.0135
SRR2496709,309,9.466911764705882,7724,0.663,0.016,0.659,0.016,0.661,0.016
SRR2496709,310,9.497549019607844,7724,0.748,0.015,0.737,0.015,0.7424999999999999,0.015
SRR2496709,311,9.528186274509803,7724,0.475,0.011,0.48,0.011,0.4775,0.011
SRR2496709,312,9.558823529411764,7724,0.751,0.02,0.748,0.019,0.7495,0.0195
SRR2496709,313,9.589460784313726,7724,0.339,0.01,0.336,0.01,0.3375,0.01
SRR2496709,314,9.620098039215685,7724,1.492,0.037,1.492,0.036,1.492,0.0365
SRR2496709,315,9.650735294117647,7724,0.864,0.02,0.868,0.02,0.866,0.02
SRR2496709,316,9.681372549019608,7724,0.423,0.011,0.423,0.012,0.423,0.0115
SRR2496709,317,9.71200980392157,7724,0.703,0.019,0.695,0.019,0.699,0.019
SRR2496709,318,9.742647058823529,7724,0.367,0.011,0.367,0.011,0.367,0.011
SRR2496709,319,9.77328431372549,7724,0.392,0.011,0.393,0.012,0.3925,0.0115
SRR2496709,320,9.803921568627452,7724,0.47,0.013,0.463,0.013,0.4665,0.013
SRR2496709,321,9.834558823529411,7724,0.356,0.01,0.355,0.011,0.3555,0.010499999999999999
SRR2496709,322,9.865196078431373,7724,0.357,0.01,0.356,0.01,0.3565,0.01
SRR2496709,323,9.895833333333334,7724,0.409,0.011,0.409,0.011,0.409,0.011
SRR2496709,324,9.926470588235293,7724,0.336,0.009,0.337,0.01,0.3365,0.0095
SRR2496709,325,9.957107843137255,7724,0.326,0.009,0.324,0.01,0.325,0.0095
SRR2496709,326,9.987745098039216,7724,0.356,0.01,0.355,0.01,0.3555,0.01
SRR2496709,327,10.018382352941176,7724,0.531,0.013,0.536,0.013,0.5335000000000001,0.013
SRR2496709,328,10.049019607843137,7724,0.379,0.01,0.381,0.011,0.38,0.010499999999999999
SRR2496709,329,10.079656862745098,7724,0.975,0.02,0.98,0.021,0.9775,0.0205
SRR2496709,330,10.110294117647058,7724,0.321,0.011,0.32,0.011,0.3205,0.011
SRR2496709,331,10.14093137254902,7724,0.373,0.01,0.372,0.011,0.3725,0.010499999999999999
SRR2496709,332,10.17156862745098,7724,0.424,0.015,0.428,0.015,0.426,0.015
SRR2496709,333,10.202205882352942,7724,0.474,0.016,0.474,0.016,0.474,0.016
SRR2496709,334,10.232843137254902,7724,1.075,0.028,1.074,0.028,1.0745,0.028
SRR2496709,335,10.263480392156863,7724,0.711,0.018,0.714,0.02,0.7124999999999999,0.019
SRR2496709,336,10.294117647058824,7724,0.754,0.016,0.759,0.016,0.7565,0.016
SRR2496709,337,10.324754901960784,7724,0.644,0.021,0.645,0.021,0.6445000000000001,0.021
SRR2496709,338,10.355392156862745,7724,0.357,0.01,0.354,0.01,0.3555,0.01
SRR2496709,339,10.386029411764707,7724,0.334,0.01,0.336,0.01,0.335,0.01
SRR2496709,340,10.416666666666666,7724,0.4,0.012,0.396,0.012,0.398,0.012
SRR2496709,341,10.447303921568627,7724,0.399,0.011,0.395,0.011,0.397,0.011
SRR2496709,342,10.477941176470589,7724,0.37,0.01,0.369,0.011,0.3695,0.010499999999999999
SRR2496709,343,10.508578431372548,7724,0.409,0.013,0.409,0.013,0.409,0.013
SRR2496709,344,10.53921568627451,7724,1.469,0.031,1.465,0.031,1.467,0.031
SRR2496709,345,10.569852941176471,7724,0.496,0.013,0.495,0.013,0.4955,0.013
SRR2496709,346,10.60049019607843,7724,1.28,0.03,1.276,0.031,1.278,0.0305
SRR2496709,347,10.631127450980392,7724,0.572,0.019,0.571,0.017,0.5714999999999999,0.018000000000000002
SRR2496709,348,10.661764705882353,7724,0.556,0.016,0.552,0.016,0.554,0.016
SRR2496709,349,10.692401960784315,7724,0.527,0.015,0.52,0.014,0.5235000000000001,0.014499999999999999
SRR2496709,350,10.723039215686274,7724,0.499,0.013,0.494,0.013,0.4965,0.013
SRR2496709,351,10.753676470588236,7724,0.428,0.011,0.426,0.012,0.427,0.0115
SRR2496709,352,10.784313725490197,7724,1.164,0.028,1.164,0.028,1.164,0.028
SRR2496709,353,10.814950980392156,7724,1.644,0.038,1.638,0.038,1.641,0.038
SRR2496709,354,10.845588235294118,7724,0.815,0.021,0.813,0.021,0.814,0.021
SRR2496709,355,10.876225490196079,7724,0.461,0.013,0.461,0.012,0.461,0.0125
SRR2496709,356,10.906862745098039,7724,0.427,0.011,0.43,0.012,0.4285,0.0115
SRR2496709,357,10.9375,7724,0.497,0.015,0.495,0.016,0.496,0.0155
SRR2496709,358,10.968137254901961,7724,1.941,0.041,1.937,0.041,1.939,0.041
SRR2496709,359,10.998774509803921,7724,0.98,0.027,0.98,0.027,0.98,0.027
SRR2496709,360,11.029411764705882,7724,0.4,0.011,0.405,0.012,0.4025,0.0115
SRR2496709,361,11.060049019607844,7724,0.351,0.01,0.353,0.011,0.352,0.010499999999999999
SRR2496709,362,11.090686274509803,7724,0.744,0.017,0.739,0.018,0.7415,0.0175
SRR2496709,363,11.121323529411764,7724,0.397,0.011,0.399,0.011,0.398,0.011
SRR2496709,364,11.151960784313726,7724,0.34,0.01,0.341,0.011,0.3405,0.010499999999999999
SRR2496709,365,11.182598039215685,7724,0.362,0.01,0.355,0.011,0.3585,0.010499999999999999
SRR2496709,366,11.213235294117647,7724,0.373,0.01,0.372,0.011,0.3725,0.010499999999999999
SRR2496709,367,11.243872549019608,7724,0.362,0.01,0.363,0.011,0.3625,0.010499999999999999
SRR2496709,368,11.27450980392157,7724,0.418,0.011,0.417,0.011,0.4175,0.011
SRR2496709,369,11.305147058823529,7724,0.413,0.013,0.411,0.014,0.412,0.0135
SRR2496709,370,11.33578431372549,7724,0.432,0.013,0.424,0.013,0.428,0.013
SRR2496709,371,11.366421568627452,7724,0.385,0.011,0.387,0.011,0.386,0.011
SRR2496709,372,11.397058823529411,7724,1.425,0.035,1.427,0.035,1.4260000000000002,0.035
SRR2496709,373,11.427696078431373,7724,1.346,0.029,1.352,0.03,1.3490000000000002,0.0295
SRR2496709,374,11.458333333333334,7724,0.838,0.021,0.831,0.021,0.8345,0.021
SRR2496709,375,11.488970588235293,7724,1.9,0.04,1.893,0.039,1.8965,0.0395
SRR2496709,376,11.519607843137255,7724,0.858,0.025,0.858,0.024,0.858,0.0245
SRR2496709,377,11.550245098039216,7724,0.432,0.013,0.431,0.013,0.4315,0.013
SRR2496709,378,11.580882352941176,7724,0.408,0.011,0.406,0.012,0.40700000000000003,0.0115
SRR2496709,379,11.611519607843137,7724,0.391,0.013,0.385,0.013,0.388,0.013
SRR2496709,380,11.642156862745098,7724,0.421,0.011,0.423,0.011,0.422,0.011
SRR2496709,381,11.672794117647058,7724,0.451,0.012,0.45,0.013,0.4505,0.0125
SRR2496709,382,11.70343137254902,7724,0.395,0.01,0.394,0.011,0.3945,0.010499999999999999
SRR2496709,383,11.73406862745098,7724,0.378,0.01,0.376,0.011,0.377,0.010499999999999999
SRR2496709,384,11.764705882352942,7724,0.405,0.011,0.406,0.011,0.4055,0.011
SRR2496709,385,11.795343137254902,7724,0.715,0.022,0.711,0.022,0.713,0.022
SRR2496709,386,11.825980392156863,7724,0.83,0.017,0.827,0.017,0.8285,0.017
SRR2496709,387,11.856617647058824,7724,0.352,0.01,0.354,0.011,0.353,0.010499999999999999
SRR2496709,388,11.887254901960784,7724,0.407,0.011,0.407,0.012,0.407,0.0115
SRR2496709,389,11.917892156862745,7724,0.441,0.011,0.438,0.012,0.4395,0.0115
SRR2496709,390,11.948529411764707,7724,0.431,0.014,0.425,0.015,0.428,0.014499999999999999
SRR2496709,391,11.979166666666666,7724,0.379,0.012,0.376,0.012,0.3775,0.012
SRR2496709,392,12.009803921568627,7724,1.396,0.036,1.394,0.036,1.395,0.036
SRR2496709,393,12.040441176470589,7724,1.901,0.043,1.886,0.042,1.8935,0.042499999999999996
SRR2496709,394,12.071078431372548,7724,0.514,0.013,0.512,0.013,0.513,0.013
SRR2496709,395,12.10171568627451,7724,0.435,0.011,0.433,0.011,0.434,0.011
SRR2496709,396,12.132352941176471,7724,0.388,0.013,0.387,0.012,0.3875,0.0125
SRR2496709,397,12.16299019607843,7724,0.507,0.015,0.504,0.016,0.5055000000000001,0.0155
SRR2496709,398,12.193627450980392,7724,1.05,0.021,1.04,0.021,1.045,0.021
SRR2496709,399,12.224264705882353,7724,0.481,0.012,0.481,0.012,0.481,0.012
SRR2496709,400,12.254901960784315,7724,0.449,0.012,0.45,0.012,0.4495,0.012
SRR2496709,401,12.285539215686274,7724,0.902,0.028,0.899,0.028,0.9005000000000001,0.028
SRR2496709,402,12.316176470588236,7724,1.711,0.041,1.696,0.041,1.7035,0.041
SRR2496709,403,12.346813725490197,7724,0.536,0.015,0.536,0.014,0.536,0.014499999999999999
SRR2496709,404,12.377450980392156,7724,1.01,0.026,1.011,0.026,1.0105,0.026
SRR2496709,405,12.408088235294118,7724,1.253,0.031,1.254,0.032,1.2534999999999998,0.0315
SRR2496709,406,12.438725490196079,7724,0.337,0.01,0.341,0.011,0.339,0.010499999999999999
SRR2496709,407,12.469362745098039,7724,0.371,0.011,0.368,0.012,0.3695,0.0115
SRR2496709,408,12.5,7724,0.76,0.017,0.757,0.018,0.7585,0.0175
SRR2496709,409,12.530637254901961,7724,1.209,0.032,1.205,0.031,1.207,0.0315
SRR2496709,410,12.561274509803921,7724,0.846,0.025,0.826,0.026,0.836,0.025500000000000002
SRR2496709,411,12.591911764705882,7724,0.382,0.013,0.381,0.013,0.3815,0.013
SRR2496709,412,12.622549019607844,7724,0.346,0.01,0.343,0.011,0.34450000000000003,0.010499999999999999
SRR2496709,413,12.653186274509803,7724,0.349,0.01,0.339,0.01,0.344,0.01
SRR2496709,414,12.683823529411764,7724,0.37,0.01,0.365,0.01,0.3675,0.01
SRR2496709,415,12.714460784313726,7724,0.339,0.01,0.336,0.01,0.3375,0.01
SRR2496709,416,12.745098039215685,7724,0.382,0.011,0.381,0.011,0.3815,0.011
SRR2496709,417,12.775735294117647,7724,0.38,0.01,0.369,0.011,0.3745,0.010499999999999999
SRR2496709,418,12.806372549019608,7724,0.415,0.011,0.409,0.011,0.412,0.011
SRR2496709,419,12.83700980392157,7724,0.422,0.012,0.419,0.013,0.4205,0.0125
SRR2496709,420,12.867647058823529,7724,0.463,0.019,0.461,0.018,0.462,0.0185
SRR2496709,421,12.89828431372549,7724,0.346,0.01,0.344,0.01,0.345,0.01
SRR2496709,422,12.928921568627452,7724,0.335,0.009,0.336,0.01,0.3355,0.0095
SRR2496709,423,12.959558823529411,7724,0.351,0.009,0.353,0.011,0.352,0.009999999999999998
SRR2496709,424,12.990196078431373,7724,0.384,0.015,0.39,0.016,0.387,0.0155
SRR2496709,425,13.020833333333334,7724,0.355,0.009,0.352,0.01,0.3535,0.0095
SRR2496709,426,13.051470588235293,7724,0.516,0.014,0.515,0.015,0.5155000000000001,0.014499999999999999
SRR2496709,427,13.082107843137255,7724,0.58,0.02,0.578,0.021,0.579,0.0205
SRR2496709,428,13.112745098039216,7724,0.521,0.019,0.517,0.019,0.519,0.019
SRR2496709,429,13.143382352941176,7724,0.677,0.015,0.671,0.015,0.674,0.015
SRR2496709,430,13.174019607843137,7724,0.393,0.011,0.392,0.011,0.3925,0.011
SRR2496709,431,13.204656862745098,7724,0.413,0.011,0.411,0.012,0.412,0.0115
SRR2496709,432,13.235294117647058,7724,0.934,0.023,0.932,0.023,0.933,0.023
SRR2496709,433,13.26593137254902,7724,0.387,0.011,0.391,0.011,0.389,0.011
SRR2496709,434,13.29656862745098,7724,0.384,0.01,0.383,0.011,0.3835,0.010499999999999999
SRR2496709,435,13.327205882352942,7724,0.404,0.011,0.406,0.011,0.405,0.011
SRR2496709,436,13.357843137254902,7724,0.375,0.013,0.373,0.011,0.374,0.012
SRR2496709,437,13.388480392156863,7724,0.356,0.013,0.344,0.01,0.35,0.0115
SRR2496709,438,13.419117647058824,7724,0.473,0.012,0.471,0.013,0.472,0.0125
SRR2496709,439,13.449754901960784,7724,0.366,0.01,0.362,0.01,0.364,0.01
SRR2496709,440,13.480392156862745,7724,0.364,0.01,0.363,0.011,0.3635,0.010499999999999999
SRR2496709,441,13.511029411764707,7724,0.367,0.01,0.364,0.01,0.3655,0.01
SRR2496709,442,13.541666666666666,7724,0.338,0.01,0.337,0.01,0.3375,0.01
SRR2496709,443,13.572303921568627,7724,0.291,0.009,0.297,0.014,0.294,0.0115
SRR2496709,444,13.602941176470589,7724,0.296,0.009,0.303,0.01,0.2995,0.0095
SRR2496709,445,13.633578431372548,7724,0.322,0.009,0.325,0.01,0.3235,0.0095
SRR2496709,446,13.66421568627451,7724,0.315,0.009,0.316,0.01,0.3155,0.0095
SRR2496709,447,13.694852941176471,7724,0.301,0.009,0.309,0.009,0.305,0.009
SRR2496709,448,13.72549019607843,7724,0.338,0.009,0.338,0.01,0.338,0.0095
SRR2496709,449,13.756127450980392,7724,0.368,0.011,0.366,0.011,0.367,0.011
SRR2496709,450,13.786764705882353,7724,0.551,0.012,0.565,0.013,0.558,0.0125
SRR2496709,451,13.817401960784315,7724,0.456,0.012,0.458,0.012,0.457,0.012
SRR2496709,452,13.848039215686274,7724,0.366,0.01,0.367,0.011,0.3665,0.010499999999999999
SRR2496709,453,13.878676470588236,7724,0.406,0.011,0.408,0.011,0.40700000000000003,0.011
SRR2496709,454,13.909313725490197,7724,0.466,0.012,0.467,0.012,0.4665,0.012
SRR2496709,455,13.939950980392156,7724,0.401,0.014,0.403,0.015,0.402,0.014499999999999999
SRR2496709,456,13.970588235294118,7724,0.391,0.014,0.385,0.014,0.388,0.014
SRR2496709,457,14.001225490196079,7724,0.398,0.011,0.399,0.011,0.3985,0.011
SRR2496709,458,14.031862745098039,7724,1.876,0.04,1.869,0.041,1.8725,0.0405
SRR2496709,459,14.0625,7724,1.42,0.032,1.417,0.033,1.4184999999999999,0.0325
SRR2496709,460,14.093137254901961,7724,1.459,0.033,1.466,0.034,1.4625,0.0335
SRR2496709,461,14.123774509803921,7724,0.606,0.016,0.602,0.016,0.604,0.016
SRR2496709,462,14.154411764705882,7724,0.444,0.016,0.444,0.016,0.444,0.016
SRR2496709,463,14.185049019607844,7724,0.47,0.015,0.47,0.015,0.47,0.015
SRR2496709,464,14.215686274509803,7724,0.557,0.019,0.555,0.019,0.556,0.019
SRR2496709,465,14.246323529411764,7724,0.497,0.013,0.495,0.013,0.496,0.013
SRR2496709,466,14.276960784313726,7724,1.106,0.022,1.108,0.022,1.1070000000000002,0.022
SRR2496709,467,14.307598039215685,7724,0.575,0.018,0.571,0.018,0.573,0.018
SRR2496709,468,14.338235294117647,7724,0.583,0.015,0.586,0.016,0.5845,0.0155
SRR2496709,469,14.368872549019608,7724,0.425,0.011,0.42,0.012,0.4225,0.0115
SRR2496709,470,14.39950980392157,7724,0.636,0.018,0.636,0.018,0.636,0.018
SRR2496709,471,14.430147058823529,7724,0.476,0.015,0.477,0.015,0.4765,0.015
SRR2496709,472,14.46078431372549,7724,0.518,0.015,0.518,0.016,0.518,0.0155
SRR2496709,473,14.491421568627452,7724,0.342,0.01,0.339,0.01,0.3405,0.01
SRR2496709,474,14.522058823529411,7724,0.361,0.01,0.363,0.01,0.362,0.01
SRR2496709,475,14.552696078431373,7724,0.378,0.011,0.378,0.011,0.378,0.011
SRR2496709,476,14.583333333333334,7724,0.466,0.012,0.463,0.012,0.4645,0.012
SRR2496709,477,14.613970588235293,7724,1.162,0.025,1.155,0.025,1.1585,0.025
SRR2496709,478,14.644607843137255,7724,1.607,0.036,1.601,0.036,1.604,0.036
SRR2496709,479,14.675245098039216,7724,0.808,0.023,0.81,0.023,0.809,0.023
SRR2496709,480,14.705882352941176,7724,0.562,0.018,0.555,0.017,0.5585,0.0175
SRR2496709,481,14.736519607843137,7724,0.557,0.018,0.551,0.018,0.554,0.018
SRR2496709,482,14.767156862745098,7724,0.598,0.014,0.595,0.014,0.5965,0.014
SRR2496709,483,14.797794117647058,7724,0.421,0.012,0.422,0.013,0.4215,0.0125
SRR2496709,484,14.82843137254902,7724,0.465,0.012,0.461,0.013,0.463,0.0125
SRR2496709,485,14.85906862745098,7724,0.49,0.012,0.491,0.012,0.4905,0.012
SRR2496709,486,14.889705882352942,7724,0.599,0.015,0.595,0.015,0.597,0.015
SRR2496709,487,14.920343137254902,7724,1.57,0.036,1.565,0.036,1.5675,0.036
SRR2496709,488,14.950980392156863,7724,1.483,0.037,1.464,0.035,1.4735,0.036000000000000004
SRR2496709,489,14.981617647058824,7724,1.556,0.037,1.549,0.037,1.5525,0.037
SRR2496709,490,15.012254901960784,7724,0.404,0.011,0.4,0.011,0.402,0.011
SRR2496709,491,15.042892156862745,7724,0.397,0.011,0.401,0.011,0.399,0.011
SRR2496709,492,15.073529411764707,7724,0.397,0.01,0.393,0.011,0.395,0.010499999999999999
SRR2496709,493,15.104166666666666,7724,0.431,0.013,0.429,0.014,0.43,0.0135
SRR2496709,494,15.134803921568627,7724,0.41,0.011,0.404,0.011,0.40700000000000003,0.011
SRR2496709,495,15.165441176470589,7724,0.408,0.01,0.409,0.011,0.4085,0.010499999999999999
SRR2496709,496,15.196078431372548,7724,0.465,0.011,0.464,0.012,0.4645,0.0115
SRR2496709,497,15.22671568627451,7724,0.461,0.011,0.455,0.011,0.458,0.011
SRR2496709,498,15.257352941176471,7724,0.424,0.011,0.424,0.011,0.424,0.011
SRR2496709,499,15.28799019607843,7724,0.401,0.01,0.396,0.011,0.3985,0.010499999999999999
SRR2496709,500,15.318627450980392,7724,0.941,0.027,0.942,0.026,0.9415,0.0265
SRR2496709,501,15.349264705882353,7724,2.564,0.049,2.569,0.049,2.5665,0.049
SRR2496709,502,15.379901960784315,7724,1.618,0.037,1.605,0.037,1.6115,0.037
SRR2496709,503,15.410539215686274,7724,1.063,0.023,1.061,0.023,1.0619999999999998,0.023
SRR2496709,504,15.441176470588236,7724,1.068,0.02,1.061,0.021,1.0645,0.0205
SRR2496709,505,15.471813725490197,7724,0.856,0.017,0.85,0.017,0.853,0.017
SRR2496709,506,15.502450980392156,7724,1.161,0.024,1.159,0.024,1.1600000000000001,0.024
SRR2496709,507,15.533088235294118,7724,1.207,0.023,1.191,0.023,1.199,0.023
SRR2496709,508,15.563725490196079,7724,5.731,0.114,5.796,0.115,5.7635000000000005,0.1145
SRR2496709,509,15.594362745098039,7724,13.461,0.233,13.651,0.252,13.556000000000001,0.2425
SRR2496709,510,15.625,7724,0.703,0.02,0.701,0.02,0.702,0.02
SRR2496709,511,15.655637254901961,7724,0.584,0.018,0.583,0.018,0.5834999999999999,0.018
SRR2496709,512,15.686274509803921,7724,0.773,0.023,0.77,0.023,0.7715000000000001,0.023
SRR2496709,513,15.716911764705882,7724,0.348,0.01,0.346,0.011,0.347,0.010499999999999999
SRR2496709,514,15.747549019607844,7724,0.369,0.012,0.37,0.015,0.3695,0.0135
SRR2496709,515,15.778186274509803,7724,0.378,0.011,0.375,0.011,0.3765,0.011
SRR2496709,516,15.808823529411764,7724,0.371,0.01,0.367,0.011,0.369,0.010499999999999999
SRR2496709,517,15.839460784313726,7724,0.335,0.01,0.333,0.011,0.334,0.010499999999999999
SRR2496709,518,15.870098039215685,7724,0.343,0.01,0.344,0.01,0.3435,0.01
SRR2496709,519,15.900735294117647,7724,0.347,0.01,0.346,0.01,0.3465,0.01
SRR2496709,520,15.931372549019608,7724,0.368,0.01,0.372,0.01,0.37,0.01
SRR2496709,521,15.96200980392157,7724,0.428,0.014,0.432,0.015,0.43,0.014499999999999999
SRR2496709,522,15.992647058823529,7724,1.785,0.042,1.755,0.041,1.77,0.0415
SRR2496709,523,16.02328431372549,7724,0.997,0.026,0.992,0.026,0.9944999999999999,0.026
SRR2496709,524,16.05392156862745,7724,0.711,0.016,0.713,0.016,0.712,0.016
SRR2496709,525,16.084558823529413,7724,0.854,0.019,0.843,0.019,0.8485,0.019
SRR2496709,526,16.11519607843137,7724,0.378,0.011,0.377,0.011,0.3775,0.011
SRR2496709,527,16.145833333333332,7724,0.779,0.021,0.774,0.019,0.7765,0.02
SRR2496709,528,16.176470588235293,7724,0.458,0.012,0.452,0.012,0.455,0.012
SRR2496709,529,16.207107843137255,7724,0.462,0.012,0.453,0.012,0.4575,0.012
SRR2496709,530,16.237745098039216,7724,0.421,0.014,0.426,0.015,0.4235,0.014499999999999999
SRR2496709,531,16.268382352941178,7724,0.423,0.011,0.419,0.011,0.421,0.011
SRR2496709,532,16.29901960784314,7724,1.046,0.021,1.05,0.021,1.048,0.021
SRR2496709,533,16.329656862745097,7724,0.395,0.011,0.394,0.011,0.3945,0.011
SRR2496709,534,16.360294117647058,7724,0.388,0.011,0.385,0.011,0.3865,0.011
SRR2496709,535,16.39093137254902,7724,0.38,0.01,0.376,0.011,0.378,0.010499999999999999
SRR2496709,536,16.42156862745098,7724,0.516,0.015,0.515,0.016,0.5155000000000001,0.0155
SRR2496709,537,16.452205882352942,7724,0.617,0.014,0.616,0.015,0.6165,0.014499999999999999
SRR2496709,538,16.482843137254903,7724,1.152,0.032,1.147,0.032,1.1495,0.032
SRR2496709,539,16.51348039215686,7724,1.04,0.03,1.038,0.03,1.0390000000000001,0.03
SRR2496709,540,16.544117647058822,7724,1.413,0.03,1.42,0.031,1.4165,0.0305
SRR2496709,541,16.574754901960784,7724,0.357,0.011,0.356,0.011,0.3565,0.011
SRR2496709,542,16.605392156862745,7724,0.445,0.013,0.45,0.014,0.4475,0.0135
SRR2496709,543,16.636029411764707,7724,0.542,0.015,0.538,0.014,0.54,0.014499999999999999
SRR2496709,544,16.666666666666668,7724,0.45,0.011,0.453,0.012,0.4515,0.0115
SRR2496709,545,16.69730392156863,7724,0.36,0.01,0.359,0.01,0.3595,0.01
SRR2496709,546,16.727941176470587,7724,0.37,0.01,0.401,0.014,0.3855,0.012
SRR2496709,547,16.75857843137255,7724,1.474,0.031,1.475,0.036,1.4745,0.0335
SRR2496709,548,16.78921568627451,7724,1.06,0.021,1.073,0.022,1.0665,0.0215
SRR2496709,549,16.81985294117647,7724,0.781,0.025,0.789,0.026,0.785,0.025500000000000002
SRR2496709,550,16.850490196078432,7724,0.424,0.011,0.419,0.012,0.4215,0.0115
SRR2496709,551,16.881127450980394,7724,1.458,0.035,1.45,0.036,1.454,0.035500000000000004
SRR2496709,552,16.91176470588235,7724,0.35,0.01,0.344,0.011,0.347,0.010499999999999999
SRR2496709,553,16.942401960784313,7724,0.318,0.009,0.319,0.01,0.3185,0.0095
SRR2496709,554,16.973039215686274,7724,0.305,0.009,0.303,0.01,0.304,0.0095
SRR2496709,555,17.003676470588236,7724,0.288,0.008,0.291,0.01,0.2895,0.009000000000000001
SRR2496709,556,17.034313725490197,7724,0.306,0.009,0.306,0.01,0.306,0.0095
SRR2496709,557,17.064950980392158,7724,0.283,0.009,0.286,0.01,0.2845,0.0095
SRR2496709,558,17.095588235294116,7724,0.373,0.01,0.383,0.013,0.378,0.0115
SRR2496709,559,17.126225490196077,7724,0.4,0.01,0.4,0.012,0.4,0.011
SRR2496709,560,17.15686274509804,7724,0.936,0.024,0.933,0.024,0.9345000000000001,0.024
SRR2496709,561,17.1875,7724,2.034,0.045,2.0,0.042,2.017,0.0435
SRR2496709,562,17.21813725490196,7724,0.74,0.023,0.73,0.023,0.735,0.023
SRR2496709,563,17.248774509803923,7724,0.319,0.01,0.317,0.01,0.318,0.01
SRR2496709,564,17.279411764705884,7724,0.32,0.009,0.32,0.011,0.32,0.009999999999999998
SRR2496709,565,17.310049019607842,7724,0.311,0.009,0.304,0.01,0.3075,0.0095
SRR2496709,566,17.340686274509803,7724,0.415,0.011,0.414,0.012,0.4145,0.0115
SRR2496709,567,17.371323529411764,7724,0.311,0.009,0.309,0.01,0.31,0.0095
SRR2496709,568,17.401960784313726,7724,0.377,0.01,0.375,0.011,0.376,0.010499999999999999
SRR2496709,569,17.432598039215687,7724,0.665,0.016,0.666,0.015,0.6655,0.0155
SRR2496709,570,17.46323529411765,7724,1.227,0.033,1.227,0.033,1.227,0.033
SRR2496709,571,17.493872549019606,7724,1.901,0.043,1.908,0.043,1.9045,0.043
SRR2496709,572,17.524509803921568,7724,1.435,0.034,1.431,0.036,1.433,0.035
SRR2496709,573,17.55514705882353,7724,0.369,0.01,0.366,0.011,0.3675,0.010499999999999999
SRR2496709,574,17.58578431372549,7724,0.373,0.01,0.372,0.011,0.3725,0.010499999999999999
SRR2496709,575,17.61642156862745,7724,0.867,0.024,0.864,0.024,0.8654999999999999,0.024
SRR2496709,576,17.647058823529413,7724,0.82,0.028,0.803,0.024,0.8115,0.026000000000000002
SRR2496709,577,17.67769607843137,7724,1.242,0.031,1.243,0.031,1.2425000000000002,0.031
SRR2496709,578,17.708333333333332,7724,0.435,0.014,0.434,0.015,0.4345,0.014499999999999999
SRR2496709,579,17.738970588235293,7724,0.407,0.011,0.416,0.012,0.4115,0.0115
SRR2496709,580,17.769607843137255,7724,0.455,0.012,0.455,0.013,0.455,0.0125
SRR2496709,581,17.800245098039216,7724,0.657,0.016,0.647,0.016,0.652,0.016
SRR2496709,582,17.830882352941178,7724,0.419,0.011,0.433,0.017,0.426,0.014
SRR2496709,583,17.86151960784314,7724,0.448,0.011,0.456,0.015,0.452,0.013
SRR2496709,584,17.892156862745097,7724,0.441,0.011,0.442,0.013,0.4415,0.012
SRR2496709,585,17.922794117647058,7724,0.865,0.027,0.862,0.027,0.8634999999999999,0.027
SRR2496709,586,17.95343137254902,7724,0.862,0.022,0.857,0.022,0.8594999999999999,0.022
SRR2496709,587,17.98406862745098,7724,0.473,0.013,0.466,0.014,0.46950000000000003,0.0135
SRR2496709,588,18.014705882352942,7724,0.459,0.013,0.458,0.013,0.4585,0.013
SRR2496709,589,18.045343137254903,7724,0.412,0.013,0.413,0.014,0.4125,0.0135
SRR2496709,590,18.07598039215686,7724,0.419,0.011,0.418,0.012,0.4185,0.0115
SRR2496709,591,18.106617647058822,7724,0.473,0.013,0.475,0.013,0.474,0.013
SRR2496709,592,18.137254901960784,7724,0.467,0.02,0.468,0.021,0.4675,0.0205
SRR2496709,593,18.167892156862745,7724,0.86,0.023,0.854,0.023,0.857,0.023
SRR2496709,594,18.198529411764707,7724,0.392,0.011,0.39,0.012,0.391,0.0115
SRR2496709,595,18.229166666666668,7724,0.494,0.014,0.496,0.014,0.495,0.014
SRR2496709,596,18.25980392156863,7724,0.712,0.021,0.712,0.022,0.712,0.0215
SRR2496709,597,18.290441176470587,7724,0.951,0.029,0.952,0.029,0.9515,0.029
SRR2496709,598,18.32107843137255,7724,0.734,0.017,0.73,0.018,0.732,0.0175
SRR2496709,599,18.35171568627451,7724,0.398,0.011,0.405,0.012,0.4015,0.0115
SRR2496709,600,18.38235294117647,7724,1.164,0.029,1.154,0.028,1.1589999999999998,0.0285
SRR2496709,601,18.412990196078432,7724,0.415,0.011,0.412,0.012,0.4135,0.0115
SRR2496709,602,18.443627450980394,7724,0.526,0.013,0.52,0.013,0.523,0.013
SRR2496709,603,18.47426470588235,7724,0.991,0.028,0.992,0.027,0.9915,0.0275
SRR2496709,604,18.504901960784313,7724,0.36,0.011,0.351,0.012,0.3555,0.0115
SRR2496709,605,18.535539215686274,7724,0.45,0.012,0.455,0.013,0.4525,0.0125
SRR2496709,606,18.566176470588236,7724,0.477,0.013,0.483,0.014,0.48,0.0135
SRR2496709,607,18.596813725490197,7724,0.446,0.016,0.447,0.017,0.4465,0.0165
SRR2496709,608,18.627450980392158,7724,0.51,0.016,0.509,0.015,0.5095000000000001,0.0155
SRR2496709,609,18.658088235294116,7724,0.407,0.012,0.407,0.013,0.407,0.0125
SRR2496709,610,18.688725490196077,7724,0.453,0.018,0.455,0.019,0.454,0.0185
SRR2496709,611,18.71936274509804,7724,0.729,0.018,0.726,0.019,0.7275,0.0185
SRR2496709,612,18.75,7724,0.425,0.011,0.42,0.012,0.4225,0.0115
SRR2496709,613,18.78063725490196,7724,0.518,0.014,0.519,0.015,0.5185,0.014499999999999999
SRR2496709,614,18.811274509803923,7724,0.469,0.012,0.468,0.013,0.4685,0.0125
SRR2496709,615,18.841911764705884,7724,0.866,0.023,0.857,0.024,0.8614999999999999,0.0235
SRR2496709,616,18.872549019607842,7724,0.806,0.02,0.802,0.02,0.804,0.02
SRR2496709,617,18.903186274509803,7724,0.436,0.017,0.438,0.02,0.437,0.018500000000000003
SRR2496709,618,18.933823529411764,7724,0.389,0.011,0.387,0.012,0.388,0.0115
SRR2496709,619,18.964460784313726,7724,0.338,0.009,0.338,0.01,0.338,0.0095
SRR2496709,620,18.995098039215687,7724,0.395,0.011,0.397,0.012,0.396,0.0115
SRR2496709,621,19.02573529411765,7724,0.367,0.01,0.367,0.011,0.367,0.010499999999999999
SRR2496709,622,19.056372549019606,7724,0.311,0.009,0.31,0.01,0.3105,0.0095
SRR2496709,623,19.087009803921568,7724,0.361,0.009,0.358,0.011,0.3595,0.009999999999999998
SRR2496709,624,19.11764705882353,7724,0.353,0.011,0.351,0.011,0.352,0.011
SRR2496709,625,19.14828431372549,7724,0.576,0.017,0.574,0.017,0.575,0.017
SRR2496709,626,19.17892156862745,7724,0.932,0.023,0.927,0.024,0.9295,0.0235
SRR2496709,627,19.209558823529413,7724,0.417,0.013,0.421,0.014,0.419,0.0135
SRR2496709,628,19.24019607843137,7724,0.423,0.012,0.423,0.013,0.423,0.0125
SRR2496709,629,19.270833333333332,7724,0.487,0.013,0.492,0.013,0.4895,0.013
SRR2496709,630,19.301470588235293,7724,0.646,0.024,0.643,0.024,0.6445000000000001,0.024
SRR2496709,631,19.332107843137255,7724,0.484,0.015,0.484,0.015,0.484,0.015
SRR2496709,632,19.362745098039216,7724,0.485,0.012,0.483,0.013,0.484,0.0125
SRR2496709,633,19.393382352941178,7724,0.369,0.01,0.363,0.011,0.366,0.010499999999999999
SRR2496709,634,19.42401960784314,7724,0.356,0.01,0.357,0.011,0.3565,0.010499999999999999
SRR2496709,635,19.454656862745097,7724,0.352,0.01,0.352,0.01,0.352,0.01
SRR2496709,636,19.485294117647058,7724,0.362,0.01,0.36,0.011,0.361,0.010499999999999999
SRR2496709,637,19.51593137254902,7724,1.837,0.036,1.82,0.039,1.8285,0.0375
SRR2496709,638,19.54656862745098,7724,1.265,0.035,1.272,0.035,1.2685,0.035
SRR2496709,639,19.577205882352942,7724,0.788,0.023,0.785,0.024,0.7865,0.0235
SRR2496709,640,19.607843137254903,7724,0.437,0.012,0.437,0.012,0.437,0.012
SRR2496709,641,19.63848039215686,7724,0.369,0.01,0.365,0.011,0.367,0.010499999999999999
SRR2496709,642,19.669117647058822,7724,1.185,0.032,1.175,0.032,1.1800000000000002,0.032
SRR2496709,643,19.699754901960784,7724,1.189,0.029,1.182,0.028,1.1855,0.0285
SRR2496709,644,19.730392156862745,7724,0.506,0.016,0.503,0.018,0.5045,0.017
SRR2496709,645,19.761029411764707,7724,0.653,0.023,0.654,0.023,0.6535,0.023
SRR2496709,646,19.791666666666668,7724,0.629,0.015,0.626,0.015,0.6275,0.015
SRR2496709,647,19.82230392156863,7724,0.428,0.013,0.43,0.014,0.429,0.0135
SRR2496709,648,19.852941176470587,7724,0.478,0.012,0.475,0.013,0.4765,0.0125
SRR2496709,649,19.88357843137255,7724,0.414,0.016,0.416,0.017,0.415,0.0165
SRR2496709,650,19.91421568627451,7724,0.398,0.012,0.397,0.013,0.3975,0.0125
SRR2496709,651,19.94485294117647,7724,1.052,0.03,1.047,0.03,1.0495,0.03
SRR2496709,652,19.975490196078432,7724,1.429,0.034,1.415,0.036,1.4220000000000002,0.035
SRR2496709,653,20.006127450980394,7724,1.118,0.029,1.106,0.03,1.112,0.0295
SRR2496709,654,20.03676470588235,7724,0.58,0.016,0.626,0.018,0.603,0.017
SRR2496709,655,20.067401960784313,7724,0.398,0.011,0.397,0.012,0.3975,0.0115
SRR2496709,656,20.098039215686274,7724,0.347,0.01,0.349,0.011,0.348,0.010499999999999999
SRR2496709,657,20.128676470588236,7724,1.448,0.035,1.442,0.036,1.4449999999999998,0.035500000000000004
SRR2496709,658,20.159313725490197,7724,0.596,0.015,0.591,0.016,0.5934999999999999,0.0155
SRR2496709,659,20.189950980392158,7724,0.495,0.014,0.494,0.014,0.4945,0.014
SRR2496709,660,20.220588235294116,7724,0.382,0.011,0.382,0.012,0.382,0.0115
SRR2496709,661,20.251225490196077,7724,0.378,0.011,0.38,0.011,0.379,0.011
SRR2496709,662,20.28186274509804,7724,0.391,0.011,0.39,0.011,0.3905,0.011
SRR2496709,663,20.3125,7724,0.592,0.02,0.598,0.021,0.595,0.0205
SRR2496709,664,20.34313725490196,7724,0.354,0.01,0.35,0.012,0.352,0.011
SRR2496709,665,20.373774509803923,7724,0.389,0.013,0.392,0.014,0.3905,0.0135
SRR2496709,666,20.404411764705884,7724,0.916,0.022,0.915,0.022,0.9155,0.022
SRR2496709,667,20.435049019607842,7724,0.317,0.01,0.318,0.011,0.3175,0.010499999999999999
SRR2496709,668,20.465686274509803,7724,0.378,0.01,0.372,0.012,0.375,0.011
SRR2496709,669,20.496323529411764,7724,0.357,0.01,0.36,0.011,0.3585,0.010499999999999999
SRR2496709,670,20.526960784313726,7724,0.374,0.01,0.376,0.011,0.375,0.010499999999999999
SRR2496709,671,20.557598039215687,7724,1.31,0.029,1.308,0.03,1.3090000000000002,0.0295
SRR2496709,672,20.58823529411765,7724,0.432,0.012,0.437,0.013,0.4345,0.0125
SRR2496709,673,20.618872549019606,7724,0.54,0.018,0.576,0.025,0.558,0.0215
SRR2496709,674,20.649509803921568,7724,0.434,0.012,0.441,0.013,0.4375,0.0125
SRR2496709,675,20.68014705882353,7724,0.403,0.011,0.403,0.012,0.403,0.0115
SRR2496709,676,20.71078431372549,7724,0.404,0.015,0.405,0.016,0.4045,0.0155
SRR2496709,677,20.74142156862745,7724,0.461,0.011,0.456,0.012,0.4585,0.0115
SRR2496709,678,20.772058823529413,7724,0.526,0.015,0.52,0.017,0.523,0.016
SRR2496709,679,20.80269607843137,7724,0.519,0.015,0.522,0.015,0.5205,0.015
SRR2496709,680,20.833333333333332,7724,0.735,0.016,0.733,0.017,0.734,0.0165
SRR2496709,681,20.863970588235293,7724,0.349,0.01,0.348,0.011,0.3485,0.010499999999999999
SRR2496709,682,20.894607843137255,7724,0.358,0.01,0.357,0.011,0.3575,0.010499999999999999
SRR2496709,683,20.925245098039216,7724,0.361,0.009,0.366,0.011,0.3635,0.009999999999999998
SRR2496709,684,20.955882352941178,7724,0.366,0.01,0.367,0.011,0.3665,0.010499999999999999
SRR2496709,685,20.98651960784314,7724,0.417,0.014,0.42,0.015,0.4185,0.014499999999999999
SRR2496709,686,21.017156862745097,7724,1.236,0.031,1.236,0.031,1.236,0.031
SRR2496709,687,21.047794117647058,7724,0.497,0.014,0.521,0.021,0.509,0.0175
SRR2496709,688,21.07843137254902,7724,0.845,0.02,0.845,0.021,0.845,0.0205
SRR2496709,689,21.10906862745098,7724,0.965,0.036,0.977,0.037,0.971,0.0365
SRR2496709,690,21.139705882352942,7724,0.734,0.015,0.733,0.016,0.7335,0.0155
SRR2496709,691,21.170343137254903,7724,0.838,0.017,0.836,0.017,0.837,0.017
SRR2496709,692,21.20098039215686,7724,0.682,0.014,0.687,0.015,0.6845000000000001,0.014499999999999999
SRR2496709,693,21.231617647058822,7724,0.691,0.015,0.699,0.016,0.695,0.0155
SRR2496709,694,21.262254901960784,7724,0.701,0.014,0.706,0.015,0.7035,0.014499999999999999
SRR2496709,695,21.292892156862745,7724,0.867,0.021,0.871,0.022,0.869,0.0215
SRR2496709,696,21.323529411764707,7724,0.726,0.015,0.722,0.016,0.724,0.0155
SRR2496709,697,21.354166666666668,7724,0.69,0.014,0.687,0.015,0.6885,0.014499999999999999
SRR2496709,698,21.38480392156863,7724,1.073,0.021,1.087,0.021,1.08,0.021
SRR2496709,699,21.415441176470587,7724,0.773,0.016,0.777,0.017,0.775,0.0165
SRR2496709,700,21.44607843137255,7724,0.682,0.014,0.724,0.017,0.7030000000000001,0.0155
SRR2496709,701,21.47671568627451,7724,0.717,0.015,0.718,0.016,0.7175,0.0155
SRR2496709,702,21.50735294117647,7724,0.749,0.015,0.752,0.016,0.7505,0.0155
SRR2496709,703,21.537990196078432,7724,0.735,0.015,0.74,0.016,0.7375,0.0155
SRR2496709,704,21.568627450980394,7724,0.693,0.014,0.695,0.015,0.694,0.014499999999999999
SRR2496709,705,21.59926470588235,7724,0.462,0.015,0.459,0.015,0.4605,0.015
SRR2496709,706,21.629901960784313,7724,0.375,0.01,0.378,0.011,0.3765,0.010499999999999999
SRR2496709,707,21.660539215686274,7724,0.352,0.01,0.354,0.01,0.353,0.01
SRR2496709,708,21.691176470588236,7724,0.544,0.017,0.545,0.019,0.5445,0.018000000000000002
SRR2496709,709,21.721813725490197,7724,0.356,0.012,0.352,0.014,0.354,0.013000000000000001
SRR2496709,710,21.752450980392158,7724,0.354,0.016,0.361,0.017,0.3575,0.0165
SRR2496709,711,21.783088235294116,7724,0.555,0.015,0.558,0.016,0.5565,0.0155
SRR2496709,712,21.813725490196077,7724,0.442,0.014,0.445,0.015,0.4435,0.014499999999999999
SRR2496709,713,21.84436274509804,7724,0.333,0.011,0.322,0.011,0.3275,0.011
SRR2496709,714,21.875,7724,0.356,0.01,0.35,0.011,0.353,0.010499999999999999
SRR2496709,715,21.90563725490196,7724,0.361,0.01,0.336,0.01,0.34850000000000003,0.01
SRR2496709,716,21.936274509803923,7724,0.356,0.012,0.347,0.011,0.3515,0.0115
SRR2496709,717,21.966911764705884,7724,0.335,0.01,0.331,0.01,0.333,0.01
SRR2496709,718,21.997549019607842,7724,0.323,0.009,0.32,0.01,0.3215,0.0095
SRR2496709,719,22.028186274509803,7724,0.293,0.009,0.292,0.009,0.2925,0.009
SRR2496709,720,22.058823529411764,7724,0.345,0.012,0.347,0.012,0.346,0.012
SRR2496709,721,22.089460784313726,7724,0.39,0.011,0.391,0.011,0.3905,0.011
SRR2496709,722,22.120098039215687,7724,0.326,0.013,0.325,0.014,0.3255,0.0135
SRR2496709,723,22.15073529411765,7724,0.323,0.009,0.323,0.01,0.323,0.0095
SRR2496709,724,22.181372549019606,7724,0.308,0.009,0.306,0.01,0.307,0.0095
SRR2496709,725,22.212009803921568,7724,0.38,0.01,0.382,0.011,0.381,0.010499999999999999
SRR2496709,726,22.24264705882353,7724,0.371,0.01,0.375,0.011,0.373,0.010499999999999999
SRR2496709,727,22.27328431372549,7724,0.342,0.01,0.344,0.01,0.34299999999999997,0.01
SRR2496709,728,22.30392156862745,7724,0.305,0.009,0.301,0.009,0.303,0.009
SRR2496709,729,22.334558823529413,7724,0.28,0.009,0.334,0.02,0.30700000000000005,0.014499999999999999
SRR2496709,730,22.36519607843137,7724,0.28,0.009,0.279,0.01,0.2795,0.0095
SRR2496709,731,22.395833333333332,7724,0.355,0.01,0.36,0.011,0.3575,0.010499999999999999
SRR2496709,732,22.426470588235293,7724,0.312,0.009,0.305,0.01,0.3085,0.0095
SRR2496709,733,22.457107843137255,7724,0.938,0.021,0.936,0.022,0.937,0.0215
SRR2496709,734,22.487745098039216,7724,0.388,0.011,0.391,0.012,0.3895,0.0115
SRR2496709,735,22.518382352941178,7724,0.321,0.01,0.324,0.01,0.3225,0.01
SRR2496709,736,22.54901960784314,7724,0.309,0.009,0.313,0.01,0.311,0.0095
SRR2496709,737,22.579656862745097,7724,0.373,0.011,0.373,0.012,0.373,0.0115
SRR2496709,738,22.610294117647058,7724,0.38,0.01,0.385,0.011,0.3825,0.010499999999999999
SRR2496709,739,22.64093137254902,7724,0.359,0.01,0.363,0.011,0.361,0.010499999999999999
SRR2496709,740,22.67156862745098,7724,0.563,0.015,0.557,0.015,0.56,0.015
SRR2496709,741,22.702205882352942,7724,0.404,0.011,0.405,0.012,0.4045,0.0115
SRR2496709,742,22.732843137254903,7724,0.383,0.011,0.383,0.011,0.383,0.011
SRR2496709,743,22.76348039215686,7724,0.484,0.017,0.484,0.018,0.484,0.0175
SRR2496709,744,22.794117647058822,7724,0.742,0.017,0.744,0.019,0.743,0.018000000000000002
SRR2496709,745,22.824754901960784,7724,0.44,0.018,0.438,0.019,0.439,0.0185
SRR2496709,746,22.855392156862745,7724,0.46,0.013,0.466,0.013,0.463,0.013
SRR2496709,747,22.886029411764707,7724,0.444,0.012,0.45,0.013,0.447,0.0125
SRR2496709,748,22.916666666666668,7724,0.659,0.016,0.663,0.016,0.661,0.016
SRR2496709,749,22.94730392156863,7724,0.717,0.02,0.722,0.021,0.7195,0.0205
SRR2496709,750,22.977941176470587,7724,0.611,0.02,0.615,0.021,0.613,0.0205
SRR2496709,751,23.00857843137255,7724,1.897,0.043,1.906,0.043,1.9015,0.043
SRR2496709,752,23.03921568627451,7724,1.507,0.037,1.504,0.039,1.5055,0.038
SRR2496709,753,23.06985294117647,7724,0.684,0.019,0.68,0.019,0.682,0.019
SRR2496709,754,23.100490196078432,7724,0.372,0.011,0.375,0.012,0.3735,0.0115
SRR2496709,755,23.131127450980394,7724,0.447,0.012,0.455,0.012,0.451,0.012
SRR2496709,756,23.16176470588235,7724,0.353,0.01,0.365,0.015,0.359,0.0125
SRR2496709,757,23.192401960784313,7724,0.291,0.01,0.291,0.011,0.291,0.010499999999999999
SRR2496709,758,23.223039215686274,7724,0.294,0.009,0.291,0.01,0.2925,0.0095
SRR2496709,759,23.253676470588236,7724,0.839,0.017,0.848,0.018,0.8434999999999999,0.0175
SRR2496709,760,23.284313725490197,7724,0.385,0.011,0.387,0.012,0.386,0.0115
SRR2496709,761,23.314950980392158,7724,0.383,0.01,0.386,0.012,0.3845,0.011
SRR2496709,762,23.345588235294116,7724,0.385,0.011,0.381,0.011,0.383,0.011
SRR2496709,763,23.376225490196077,7724,0.364,0.01,0.366,0.011,0.365,0.010499999999999999
SRR2496709,764,23.40686274509804,7724,0.396,0.011,0.392,0.012,0.394,0.0115
SRR2496709,765,23.4375,7724,0.659,0.015,0.657,0.016,0.658,0.0155
SRR2496709,766,23.46813725490196,7724,0.551,0.015,0.552,0.016,0.5515000000000001,0.0155
SRR2496709,767,23.498774509803923,7724,0.503,0.012,0.502,0.013,0.5025,0.0125
SRR2496709,768,23.529411764705884,7724,0.552,0.015,0.557,0.017,0.5545,0.016
SRR2496709,769,23.560049019607842,7724,0.422,0.011,0.422,0.012,0.422,0.0115
SRR2496709,770,23.590686274509803,7724,0.42,0.011,0.462,0.016,0.441,0.0135
SRR2496709,771,23.621323529411764,7724,1.496,0.033,1.485,0.033,1.4905,0.033
SRR2496709,772,23.651960784313726,7724,1.211,0.029,1.214,0.029,1.2125,0.029
SRR2496709,773,23.682598039215687,7724,0.35,0.01,0.353,0.011,0.3515,0.010499999999999999
SRR2496709,774,23.71323529411765,7724,0.347,0.01,0.351,0.011,0.349,0.010499999999999999
SRR2496709,775,23.743872549019606,7724,0.414,0.015,0.416,0.015,0.415,0.015
SRR2496709,776,23.774509803921568,7724,0.332,0.01,0.332,0.01,0.332,0.01
SRR2496709,777,23.80514705882353,7724,0.397,0.011,0.391,0.011,0.394,0.011
SRR2496709,778,23.83578431372549,7724,1.62,0.035,1.608,0.036,1.614,0.035500000000000004
SRR2496709,779,23.86642156862745,7724,1.187,0.033,1.178,0.033,1.1825,0.033
SRR2496709,780,23.897058823529413,7724,0.689,0.018,0.696,0.019,0.6924999999999999,0.0185
SRR2496709,781,23.92769607843137,7724,0.694,0.022,0.691,0.023,0.6924999999999999,0.0225
SRR2496709,782,23.958333333333332,7724,1.221,0.027,1.204,0.028,1.2125,0.0275
SRR2496709,783,23.988970588235293,7724,1.188,0.03,1.177,0.03,1.1825,0.03
SRR2496709,784,24.019607843137255,7724,0.633,0.016,0.631,0.017,0.632,0.0165
SRR2496709,785,24.050245098039216,7724,0.44,0.011,0.443,0.013,0.4415,0.012
SRR2496709,786,24.080882352941178,7724,1.069,0.028,1.062,0.028,1.0655000000000001,0.028
SRR2496709,787,24.11151960784314,7724,1.378,0.034,1.367,0.035,1.3725,0.0345
SRR2496709,788,24.142156862745097,7724,0.406,0.011,0.403,0.012,0.4045,0.0115
SRR2496709,789,24.172794117647058,7724,0.384,0.011,0.387,0.012,0.3855,0.0115
SRR2496709,790,24.20343137254902,7724,1.215,0.032,1.21,0.033,1.2125,0.0325
SRR2496709,791,24.23406862745098,7724,0.8,0.024,0.792,0.024,0.796,0.024
SRR2496709,792,24.264705882352942,7724,0.397,0.011,0.395,0.012,0.396,0.0115
SRR2496709,793,24.295343137254903,7724,0.388,0.013,0.39,0.013,0.389,0.013
SRR2496709,794,24.32598039215686,7724,0.365,0.01,0.364,0.011,0.3645,0.010499999999999999
SRR2496709,795,24.356617647058822,7724,0.346,0.01,0.345,0.011,0.3455,0.010499999999999999
SRR2496709,796,24.387254901960784,7724,0.398,0.011,0.403,0.012,0.4005,0.0115
SRR2496709,797,24.417892156862745,7724,0.341,0.01,0.341,0.011,0.341,0.010499999999999999
SRR2496709,798,24.448529411764707,7724,0.363,0.01,0.36,0.011,0.3615,0.010499999999999999
SRR2496709,799,24.479166666666668,7724,1.172,0.031,1.171,0.033,1.1715,0.032
SRR2496709,800,24.50980392156863,7724,0.484,0.018,0.485,0.02,0.4845,0.019
SRR2496709,801,24.540441176470587,7724,0.409,0.011,0.408,0.012,0.4085,0.0115
SRR2496709,802,24.57107843137255,7724,0.455,0.013,0.455,0.014,0.455,0.0135
SRR2496709,803,24.60171568627451,7724,0.44,0.012,0.446,0.012,0.443,0.012
SRR2496709,804,24.63235294117647,7724,0.379,0.011,0.381,0.012,0.38,0.0115
SRR2496709,805,24.662990196078432,7724,0.597,0.016,0.599,0.016,0.598,0.016
SRR2496709,806,24.693627450980394,7724,0.517,0.018,0.516,0.019,0.5165,0.0185
SRR2496709,807,24.72426470588235,7724,0.373,0.011,0.376,0.011,0.3745,0.011
SRR2496709,808,24.754901960784313,7724,0.324,0.01,0.33,0.011,0.327,0.010499999999999999
SRR2496709,809,24.785539215686274,7724,0.347,0.01,0.347,0.011,0.347,0.010499999999999999
SRR2496709,810,24.816176470588236,7724,0.92,0.032,0.917,0.032,0.9185000000000001,0.032
SRR2496709,811,24.846813725490197,7724,0.424,0.012,0.422,0.013,0.423,0.0125
SRR2496709,812,24.877450980392158,7724,0.431,0.012,0.43,0.013,0.4305,0.0125
SRR2496709,813,24.908088235294116,7724,0.47,0.012,0.526,0.028,0.498,0.02
SRR2496709,814,24.938725490196077,7724,0.498,0.014,0.501,0.015,0.4995,0.014499999999999999
SRR2496709,815,24.96936274509804,7724,0.621,0.015,0.62,0.015,0.6205,0.015
SRR2496709,816,25.0,7724,0.441,0.014,0.447,0.014,0.444,0.014
SRR2496709,817,25.03063725490196,7724,0.435,0.011,0.435,0.012,0.435,0.0115
SRR2496709,818,25.061274509803923,7724,0.489,0.012,0.492,0.013,0.4905,0.0125
SRR2496709,819,25.091911764705884,7724,0.527,0.013,0.533,0.014,0.53,0.0135
SRR2496709,820,25.122549019607842,7724,0.49,0.013,0.493,0.014,0.4915,0.0135
SRR2496709,821,25.153186274509803,7724,0.41,0.014,0.412,0.015,0.411,0.014499999999999999
SRR2496709,822,25.183823529411764,7724,0.402,0.013,0.407,0.014,0.40449999999999997,0.0135
SRR2496709,823,25.214460784313726,7724,1.365,0.035,1.353,0.035,1.359,0.035
SRR2496709,824,25.245098039215687,7724,1.515,0.036,1.503,0.036,1.509,0.036
SRR2496709,825,25.27573529411765,7724,0.62,0.024,0.621,0.025,0.6205,0.0245
SRR2496709,826,25.306372549019606,7724,1.84,0.043,1.901,0.045,1.8705,0.044
SRR2496709,827,25.337009803921568,7724,0.976,0.029,0.974,0.029,0.975,0.029
SRR2496709,828,25.36764705882353,7724,1.412,0.031,1.411,0.032,1.4115,0.0315
SRR2496709,829,25.39828431372549,7724,0.299,0.009,0.295,0.01,0.297,0.0095
SRR2496709,830,25.42892156862745,7724,0.512,0.017,0.512,0.018,0.512,0.0175
SRR2496709,831,25.459558823529413,7724,0.471,0.012,0.475,0.013,0.473,0.0125
SRR2496709,832,25.49019607843137,7724,0.507,0.012,0.506,0.013,0.5065,0.0125
SRR2496709,833,25.520833333333332,7724,0.619,0.014,0.616,0.014,0.6174999999999999,0.014
SRR2496709,834,25.551470588235293,7724,0.394,0.011,0.4,0.012,0.397,0.0115
SRR2496709,835,25.582107843137255,7724,0.822,0.02,0.821,0.02,0.8214999999999999,0.02
SRR2496709,836,25.612745098039216,7724,0.392,0.012,0.394,0.013,0.393,0.0125
SRR2496709,837,25.643382352941178,7724,0.5,0.014,0.503,0.014,0.5015000000000001,0.014
SRR2496709,838,25.67401960784314,7724,0.604,0.02,0.609,0.02,0.6065,0.02
SRR2496709,839,25.704656862745097,7724,0.489,0.013,0.488,0.013,0.4885,0.013
SRR2496709,840,25.735294117647058,7724,1.066,0.028,1.07,0.028,1.068,0.028
SRR2496709,841,25.76593137254902,7724,0.471,0.015,0.469,0.016,0.47,0.0155
SRR2496709,842,25.79656862745098,7724,0.375,0.011,0.377,0.012,0.376,0.0115
SRR2496709,843,25.827205882352942,7724,0.444,0.015,0.449,0.016,0.4465,0.0155
SRR2496709,844,25.857843137254903,7724,0.39,0.012,0.391,0.013,0.3905,0.0125
SRR2496709,845,25.88848039215686,7724,0.314,0.01,0.313,0.011,0.3135,0.010499999999999999
SRR2496709,846,25.919117647058822,7724,0.386,0.012,0.387,0.012,0.3865,0.012
SRR2496709,847,25.949754901960784,7724,0.473,0.016,0.473,0.015,0.473,0.0155
SRR2496709,848,25.980392156862745,7724,0.653,0.019,0.655,0.022,0.654,0.020499999999999997
SRR2496709,849,26.011029411764707,7724,0.38,0.011,0.385,0.011,0.3825,0.011
SRR2496709,850,26.041666666666668,7724,0.382,0.01,0.385,0.011,0.3835,0.010499999999999999
SRR2496709,851,26.07230392156863,7724,0.426,0.011,0.426,0.011,0.426,0.011
SRR2496709,852,26.102941176470587,7724,0.414,0.011,0.42,0.011,0.417,0.011
SRR2496709,853,26.13357843137255,7724,0.395,0.011,0.4,0.014,0.3975,0.0125
SRR2496709,854,26.16421568627451,7724,0.574,0.024,0.746,0.027,0.6599999999999999,0.025500000000000002
SRR2496709,855,26.19485294117647,7724,0.401,0.011,0.402,0.011,0.4015,0.011
SRR2496709,856,26.225490196078432,7724,0.356,0.01,0.435,0.013,0.39549999999999996,0.0115
SRR2496709,857,26.256127450980394,7724,0.411,0.011,0.419,0.012,0.415,0.0115
SRR2496709,858,26.28676470588235,7724,0.588,0.024,0.736,0.026,0.6619999999999999,0.025
SRR2496709,859,26.317401960784313,7724,0.418,0.013,0.396,0.011,0.40700000000000003,0.012
SRR2496709,860,26.348039215686274,7724,0.469,0.016,0.581,0.018,0.5249999999999999,0.017
SRR2496709,861,26.378676470588236,7724,0.38,0.011,0.383,0.011,0.3815,0.011
SRR2496709,862,26.409313725490197,7724,0.456,0.012,0.574,0.016,0.515,0.014
SRR2496709,863,26.439950980392158,7724,0.371,0.01,0.376,0.011,0.3735,0.010499999999999999
SRR2496709,864,26.470588235294116,7724,1.284,0.029,1.704,0.036,1.494,0.0325
SRR2496709,865,26.501225490196077,7724,0.666,0.015,0.67,0.015,0.668,0.015
SRR2496709,866,26.53186274509804,7724,0.678,0.015,0.914,0.019,0.796,0.017
SRR2496709,867,26.5625,7724,0.732,0.016,0.738,0.016,0.735,0.016
SRR2496709,868,26.59313725490196,7724,0.916,0.029,1.294,0.036,1.105,0.0325
SRR2496709,869,26.623774509803923,7724,0.69,0.015,0.69,0.015,0.69,0.015
SRR2496709,870,26.654411764705884,7724,0.739,0.016,1.001,0.02,0.8699999999999999,0.018000000000000002
SRR2496709,871,26.685049019607842,7724,0.685,0.015,0.679,0.015,0.682,0.015
SRR2496709,872,26.715686274509803,7724,0.679,0.016,0.929,0.02,0.804,0.018000000000000002
SRR2496709,873,26.746323529411764,7724,1.222,0.023,1.21,0.024,1.216,0.0235
SRR2496709,874,26.776960784313726,7724,0.677,0.015,0.921,0.019,0.799,0.017
SRR2496709,875,26.807598039215687,7724,1.366,0.036,1.348,0.036,1.3570000000000002,0.036
SRR2496709,876,26.83823529411765,7724,0.364,0.011,0.434,0.013,0.399,0.012
SRR2496709,877,26.868872549019606,7724,0.381,0.011,0.381,0.012,0.381,0.0115
SRR2496709,878,26.899509803921568,7724,0.376,0.011,0.455,0.012,0.4155,0.0115
SRR2496709,879,26.93014705882353,7724,0.364,0.012,0.366,0.012,0.365,0.012
SRR2496709,880,26.96078431372549,7724,0.374,0.011,0.451,0.013,0.4125,0.012
SRR2496709,881,26.99142156862745,7724,0.323,0.01,0.323,0.01,0.323,0.01
SRR2496709,882,27.022058823529413,7724,0.398,0.011,0.502,0.013,0.45,0.012
SRR2496709,883,27.05269607843137,7724,0.342,0.01,0.341,0.01,0.3415,0.01
SRR2496709,884,27.083333333333332,7724,0.354,0.01,0.44,0.012,0.397,0.011
SRR2496709,885,27.113970588235293,7724,1.559,0.037,1.537,0.038,1.548,0.0375
SRR2496709,886,27.144607843137255,7724,1.742,0.042,2.396,0.05,2.069,0.046
SRR2496709,887,27.175245098039216,7724,1.607,0.034,1.609,0.035,1.608,0.0345
SRR2496709,888,27.205882352941178,7724,1.454,0.035,1.948,0.045,1.701,0.04
SRR2496709,889,27.23651960784314,7724,1.733,0.038,1.74,0.037,1.7365,0.0375
SRR2496709,890,27.267156862745097,7724,0.354,0.01,0.428,0.012,0.391,0.011
SRR2496709,891,27.297794117647058,7724,0.401,0.011,0.41,0.011,0.40549999999999997,0.011
SRR2496709,892,27.32843137254902,7724,0.335,0.01,0.408,0.012,0.3715,0.011
SRR2496709,893,27.35906862745098,7724,1.114,0.025,1.129,0.027,1.1215000000000002,0.026000000000000002
SRR2496709,894,27.389705882352942,7724,3.495,0.062,5.57,0.096,4.532500000000001,0.079
SRR2496709,895,27.420343137254903,7724,8.141,0.14,8.258,0.142,8.1995,0.14100000000000001
SRR2496709,896,27.45098039215686,7724,1.454,0.032,2.118,0.044,1.786,0.038
SRR2496709,897,27.481617647058822,7724,0.532,0.014,0.545,0.014,0.5385,0.014
SRR2496709,898,27.512254901960784,7724,0.58,0.016,0.742,0.02,0.661,0.018000000000000002
SRR2496709,899,27.542892156862745,7724,0.446,0.012,0.45,0.013,0.448,0.0125
SRR2496709,900,27.573529411764707,7724,0.365,0.01,0.464,0.013,0.4145,0.0115
SRR2496709,901,27.604166666666668,7724,0.338,0.01,0.412,0.012,0.375,0.011
SRR2496709,902,27.63480392156863,7724,0.38,0.01,0.467,0.012,0.4235,0.011
SRR2496709,903,27.665441176470587,7724,0.462,0.012,0.574,0.014,0.518,0.013000000000000001
SRR2496709,904,27.69607843137255,7724,0.398,0.011,0.498,0.014,0.448,0.0125
SRR2496709,905,27.72671568627451,7724,0.353,0.01,0.432,0.012,0.39249999999999996,0.011
SRR2496709,906,27.75735294117647,7724,0.411,0.015,0.516,0.017,0.4635,0.016
SRR2496709,907,27.787990196078432,7724,0.357,0.011,0.436,0.012,0.39649999999999996,0.0115
SRR2496709,908,27.818627450980394,7724,0.357,0.01,0.43,0.012,0.39349999999999996,0.011
SRR2496709,909,27.84926470588235,7724,0.355,0.01,0.432,0.012,0.39349999999999996,0.011
SRR2496709,910,27.879901960784313,7724,0.364,0.011,0.447,0.012,0.40549999999999997,0.0115
SRR2496709,911,27.910539215686274,7724,0.364,0.011,0.441,0.012,0.40249999999999997,0.0115
SRR2496709,912,27.941176470588236,7724,0.883,0.019,1.255,0.025,1.069,0.022
SRR2496709,913,27.971813725490197,7724,0.399,0.011,0.494,0.013,0.4465,0.012
SRR2496709,914,28.002450980392158,7724,0.402,0.016,0.487,0.017,0.4445,0.0165
SRR2496709,915,28.033088235294116,7724,0.431,0.012,0.546,0.014,0.48850000000000005,0.013000000000000001
SRR2496709,916,28.063725490196077,7724,0.372,0.011,0.457,0.012,0.4145,0.0115
SRR2496709,917,28.09436274509804,7724,0.355,0.012,0.43,0.014,0.39249999999999996,0.013000000000000001
SRR2496709,918,28.125,7724,0.369,0.011,0.447,0.012,0.40800000000000003,0.0115
SRR2496709,919,28.15563725490196,7724,0.331,0.01,0.402,0.012,0.36650000000000005,0.011
SRR2496709,920,28.186274509803923,7724,0.395,0.011,0.49,0.013,0.4425,0.012
SRR2496709,921,28.216911764705884,7724,0.337,0.01,0.409,0.011,0.373,0.010499999999999999
SRR2496709,922,28.247549019607842,7724,0.438,0.012,0.551,0.014,0.49450000000000005,0.013000000000000001
SRR2496709,923,28.278186274509803,7724,0.518,0.012,0.652,0.015,0.585,0.0135
SRR2496709,924,28.308823529411764,7724,0.428,0.012,0.535,0.014,0.48150000000000004,0.013000000000000001
SRR2496709,925,28.339460784313726,7724,1.541,0.036,2.101,0.044,1.821,0.039999999999999994
SRR2496709,926,28.370098039215687,7724,1.071,0.031,1.488,0.04,1.2795,0.035500000000000004
SRR2496709,927,28.40073529411765,7724,0.331,0.01,0.403,0.014,0.367,0.012
SRR2496709,928,28.431372549019606,7724,0.407,0.011,0.509,0.013,0.45799999999999996,0.012
SRR2496709,929,28.462009803921568,7724,0.388,0.011,0.479,0.013,0.4335,0.012
SRR2496709,930,28.49264705882353,7724,0.654,0.014,0.917,0.019,0.7855000000000001,0.0165
SRR2496709,931,28.52328431372549,7724,0.354,0.013,0.441,0.015,0.39749999999999996,0.013999999999999999
SRR2496709,932,28.55392156862745,7724,0.493,0.019,0.615,0.022,0.554,0.020499999999999997
SRR2496709,933,28.584558823529413,7724,3.136,0.065,4.782,0.091,3.959,0.078
SRR2496709,934,28.61519607843137,7724,1.446,0.038,1.939,0.045,1.6925,0.041499999999999995
SRR2496709,935,28.645833333333332,7724,0.465,0.012,0.606,0.015,0.5355,0.0135
SRR2496709,936,28.676470588235293,7724,0.774,0.018,1.035,0.022,0.9045,0.019999999999999997
SRR2496709,937,28.707107843137255,7724,0.538,0.015,0.682,0.018,0.6100000000000001,0.0165
SRR2496709,938,28.737745098039216,7724,0.931,0.027,1.198,0.032,1.0645,0.0295
SRR2496709,939,28.768382352941178,7724,2.128,0.044,2.965,0.057,2.5465,0.0505
SRR2496709,940,28.79901960784314,7724,0.496,0.013,0.649,0.016,0.5725,0.014499999999999999
SRR2496709,941,28.829656862745097,7724,0.571,0.023,0.739,0.025,0.655,0.024
SRR2496709,942,28.860294117647058,7724,1.375,0.033,1.901,0.041,1.638,0.037000000000000005
SRR2496709,943,28.89093137254902,7724,0.518,0.019,0.647,0.02,0.5825,0.0195
SRR2496709,944,28.92156862745098,7724,0.364,0.01,0.442,0.012,0.403,0.011
SRR2496709,945,28.952205882352942,7724,0.344,0.01,0.419,0.012,0.38149999999999995,0.011
SRR2496709,946,28.982843137254903,7724,0.364,0.01,0.445,0.012,0.40449999999999997,0.011
SRR2496709,947,29.01348039215686,7724,0.371,0.011,0.454,0.013,0.4125,0.012
SRR2496709,948,29.044117647058822,7724,0.379,0.012,0.467,0.014,0.42300000000000004,0.013000000000000001
SRR2496709,949,29.074754901960784,7724,0.444,0.011,0.56,0.014,0.502,0.0125
SRR2496709,950,29.105392156862745,7724,0.337,0.009,0.413,0.012,0.375,0.010499999999999999
SRR2496709,951,29.136029411764707,7724,0.681,0.024,0.872,0.027,0.7765,0.025500000000000002
SRR2496709,952,29.166666666666668,7724,0.785,0.022,1.03,0.026,0.9075,0.024
SRR2496709,953,29.19730392156863,7724,2.196,0.044,3.171,0.059,2.6835,0.0515
SRR2496709,954,29.227941176470587,7724,1.673,0.041,2.45,0.051,2.0615,0.046
SRR2496709,955,29.25857843137255,7724,1.848,0.038,2.607,0.053,2.2275,0.0455
SRR2496709,956,29.28921568627451,7724,1.677,0.041,2.287,0.052,1.982,0.0465
SRR2496709,957,29.31985294117647,7724,0.55,0.02,0.686,0.023,0.6180000000000001,0.0215
SRR2496709,958,29.350490196078432,7724,0.389,0.011,0.48,0.013,0.4345,0.012
SRR2496709,959,29.381127450980394,7724,0.388,0.011,0.477,0.013,0.4325,0.012
SRR2496709,960,29.41176470588235,7724,0.431,0.012,0.536,0.014,0.48350000000000004,0.013000000000000001
SRR2496709,961,29.442401960784313,7724,0.655,0.016,0.845,0.017,0.75,0.0165
SRR2496709,962,29.473039215686274,7724,0.429,0.011,0.536,0.013,0.48250000000000004,0.012
SRR2496709,963,29.503676470588236,7724,1.939,0.044,2.631,0.055,2.285,0.0495
SRR2496709,964,29.534313725490197,7724,0.429,0.012,0.519,0.013,0.474,0.0125
SRR2496709,965,29.564950980392158,7724,0.365,0.01,0.444,0.012,0.40449999999999997,0.011
SRR2496709,966,29.595588235294116,7724,0.491,0.012,0.606,0.014,0.5485,0.013000000000000001
SRR2496709,967,29.626225490196077,7724,0.366,0.011,0.449,0.012,0.4075,0.0115
SRR2496709,968,29.65686274509804,7724,1.007,0.026,1.311,0.036,1.1589999999999998,0.031
SRR2496709,969,29.6875,7724,1.682,0.041,2.272,0.05,1.9769999999999999,0.0455
SRR2496709,970,29.71813725490196,7724,1.938,0.044,2.668,0.057,2.303,0.0505
SRR2496709,971,29.748774509803923,7724,1.263,0.035,1.676,0.041,1.4695,0.038000000000000006
SRR2496709,972,29.779411764705884,7724,0.941,0.024,1.195,0.028,1.068,0.026000000000000002
SRR2496709,973,29.810049019607842,7724,0.336,0.01,0.41,0.012,0.373,0.011
SRR2496709,974,29.840686274509803,7724,0.333,0.01,0.402,0.011,0.36750000000000005,0.010499999999999999
SRR2496709,975,29.871323529411764,7724,0.383,0.01,0.482,0.012,0.4325,0.011
SRR2496709,976,29.901960784313726,7724,0.359,0.01,0.434,0.012,0.39649999999999996,0.011
SRR2496709,977,29.932598039215687,7724,0.32,0.009,0.404,0.012,0.362,0.010499999999999999
SRR2496709,978,29.96323529411765,7724,0.359,0.01,0.462,0.013,0.4105,0.0115
SRR2496709,979,29.993872549019606,7724,0.39,0.014,0.48,0.017,0.435,0.0155
SRR2496709,980,30.024509803921568,7724,0.488,0.016,0.622,0.019,0.5549999999999999,0.0175
SRR2496709,981,30.05514705882353,7724,0.377,0.011,0.464,0.012,0.4205,0.0115
SRR2496709,982,30.08578431372549,7724,0.384,0.01,0.487,0.013,0.4355,0.0115
SRR2496709,983,30.11642156862745,7724,0.33,0.009,0.406,0.011,0.368,0.009999999999999998
SRR2496709,984,30.147058823529413,7724,0.465,0.011,0.624,0.016,0.5445,0.0135
SRR2496709,985,30.17769607843137,7724,0.317,0.009,0.387,0.011,0.352,0.009999999999999998
SRR2496709,986,30.208333333333332,7724,0.325,0.009,0.392,0.011,0.35850000000000004,0.009999999999999998
SRR2496709,987,30.238970588235293,7724,0.354,0.01,0.431,0.012,0.39249999999999996,0.011
SRR2496709,988,30.269607843137255,7724,0.372,0.01,0.461,0.013,0.4165,0.0115
SRR2496709,989,30.300245098039216,7724,0.509,0.014,0.648,0.017,0.5785,0.0155
SRR2496709,990,30.330882352941178,7724,0.38,0.01,0.471,0.012,0.4255,0.011
SRR2496709,991,30.36151960784314,7724,0.349,0.01,0.43,0.012,0.38949999999999996,0.011
SRR2496709,992,30.392156862745097,7724,0.364,0.01,0.46,0.012,0.41200000000000003,0.011
SRR2496709,993,30.422794117647058,7724,0.352,0.01,0.429,0.011,0.39049999999999996,0.010499999999999999
SRR2496709,994,30.45343137254902,7724,1.132,0.03,1.517,0.036,1.3245,0.033
SRR2496709,995,30.48406862745098,7724,0.716,0.015,1.006,0.02,0.861,0.0175
SRR2496709,996,30.514705882352942,7724,0.673,0.015,0.935,0.02,0.804,0.0175
SRR2496709,997,30.545343137254903,7724,0.703,0.015,0.984,0.019,0.8434999999999999,0.017
SRR2496709,998,30.57598039215686,7724,0.597,0.015,0.801,0.019,0.6990000000000001,0.017
SRR2496709,999,30.606617647058822,7724,0.705,0.017,0.954,0.019,0.8294999999999999,0.018000000000000002
SRR2496709,1000,30.637254901960784,7724,0.706,0.015,1.016,0.02,0.861,0.0175
SRR2496709,1001,30.667892156862745,7724,0.814,0.022,1.119,0.028,0.9664999999999999,0.025
SRR2496709,1002,30.698529411764707,7724,0.34,0.01,0.406,0.011,0.373,0.010499999999999999
SRR2496709,1003,30.729166666666668,7724,0.314,0.01,0.392,0.012,0.353,0.011
SRR2496709,1004,30.75980392156863,7724,0.377,0.01,0.467,0.012,0.42200000000000004,0.011
SRR2496709,1005,30.790441176470587,7724,0.348,0.01,0.429,0.012,0.38849999999999996,0.011
SRR2496709,1006,30.82107843137255,7724,0.349,0.014,0.429,0.014,0.389,0.014
SRR2496709,1007,30.85171568627451,7724,0.375,0.01,0.47,0.012,0.4225,0.011
SRR2496709,1008,30.88235294117647,7724,0.338,0.01,0.415,0.012,0.3765,0.011
SRR2496709,1009,30.912990196078432,7724,0.378,0.01,0.486,0.013,0.432,0.0115
SRR2496709,1010,30.943627450980394,7724,0.343,0.01,0.436,0.013,0.3895,0.0115
SRR2496709,1011,30.97426470588235,7724,0.67,0.015,0.897,0.019,0.7835000000000001,0.017
SRR2496709,1012,31.004901960784313,7724,0.732,0.024,1.025,0.028,0.8785,0.026000000000000002
SRR2496709,1013,31.035539215686274,7724,0.685,0.02,0.933,0.025,0.809,0.0225
SRR2496709,1014,31.066176470588236,7724,0.879,0.029,1.145,0.033,1.012,0.031
SRR2496709,1015,31.096813725490197,7724,1.554,0.034,2.056,0.042,1.8050000000000002,0.038000000000000006
SRR2496709,1016,31.127450980392158,7724,0.949,0.021,1.239,0.026,1.094,0.0235
SRR2496709,1017,31.158088235294116,7724,1.056,0.029,1.416,0.035,1.236,0.032
SRR2496709,1018,31.188725490196077,7724,0.673,0.015,0.911,0.019,0.792,0.017
SRR2496709,1019,31.21936274509804,7724,0.929,0.027,1.233,0.033,1.081,0.03
SRR2496709,1020,31.25,7724,0.937,0.031,1.202,0.033,1.0695000000000001,0.032
SRR2496709,1021,31.28063725490196,7724,1.107,0.027,1.435,0.033,1.271,0.03
SRR2496709,1022,31.311274509803923,7724,0.816,0.025,1.044,0.029,0.9299999999999999,0.027000000000000003
SRR2496709,1023,31.341911764705884,7724,0.362,0.011,0.442,0.012,0.402,0.0115
SRR2496709,1024,31.372549019607842,7724,0.366,0.011,0.463,0.012,0.4145,0.0115
SRR2496709,1025,31.403186274509803,7724,0.96,0.023,1.242,0.029,1.101,0.026000000000000002
SRR2496709,1026,31.433823529411764,7724,0.356,0.011,0.44,0.012,0.398,0.0115
SRR2496709,1027,31.464460784313726,7724,0.36,0.01,0.449,0.012,0.40449999999999997,0.011
SRR2496709,1028,31.495098039215687,7724,0.39,0.013,0.477,0.012,0.4335,0.0125
SRR2496709,1029,31.52573529411765,7724,0.466,0.012,0.586,0.015,0.526,0.0135
SRR2496709,1030,31.556372549019606,7724,0.456,0.012,0.57,0.014,0.513,0.013000000000000001
SRR2496709,1031,31.587009803921568,7724,0.527,0.013,0.662,0.017,0.5945,0.015
SRR2496709,1032,31.61764705882353,7724,0.528,0.013,0.666,0.015,0.597,0.013999999999999999
SRR2496709,1033,31.64828431372549,7724,0.421,0.011,0.518,0.013,0.46950000000000003,0.012
SRR2496709,1034,31.67892156862745,7724,0.363,0.01,0.444,0.012,0.40349999999999997,0.011
SRR2496709,1035,31.709558823529413,7724,2.737,0.065,4.091,0.092,3.414,0.0785
SRR2496709,1036,31.74019607843137,7724,1.387,0.03,1.875,0.04,1.631,0.035
SRR2496709,1037,31.770833333333332,7724,0.368,0.01,0.45,0.012,0.40900000000000003,0.011
SRR2496709,1038,31.801470588235293,7724,0.386,0.012,0.475,0.013,0.4305,0.0125
SRR2496709,1039,31.832107843137255,7724,0.421,0.011,0.525,0.014,0.473,0.0125
SRR2496709,1040,31.862745098039216,7724,0.398,0.011,0.491,0.013,0.4445,0.012
SRR2496709,1041,31.893382352941178,7724,0.355,0.01,0.444,0.012,0.39949999999999997,0.011
SRR2496709,1042,31.92401960784314,7724,0.396,0.012,0.487,0.013,0.4415,0.0125
SRR2496709,1043,31.954656862745097,7724,0.598,0.024,0.738,0.026,0.6679999999999999,0.025
SRR2496709,1044,31.985294117647058,7724,0.357,0.011,0.443,0.012,0.4,0.0115
SRR2496709,1045,32.01593137254902,7724,0.375,0.011,0.454,0.012,0.4145,0.0115
SRR2496709,1046,32.04656862745098,7724,0.416,0.012,0.512,0.013,0.46399999999999997,0.0125
SRR2496709,1047,32.07720588235294,7724,0.602,0.019,0.751,0.022,0.6765,0.020499999999999997
SRR2496709,1048,32.1078431372549,7724,1.704,0.04,2.294,0.05,1.999,0.045
SRR2496709,1049,32.138480392156865,7724,0.445,0.011,0.549,0.013,0.497,0.012
SRR2496709,1050,32.169117647058826,7724,0.441,0.011,0.534,0.013,0.48750000000000004,0.012
SRR2496709,1051,32.19975490196079,7724,0.489,0.016,0.629,0.019,0.5589999999999999,0.0175
SRR2496709,1052,32.23039215686274,7724,1.802,0.039,2.423,0.051,2.1125,0.045
SRR2496709,1053,32.2610294117647,7724,2.088,0.045,2.897,0.057,2.4924999999999997,0.051000000000000004
SRR2496709,1054,32.291666666666664,7724,0.762,0.02,0.978,0.025,0.87,0.0225
SRR2496709,1055,32.322303921568626,7724,0.387,0.011,0.467,0.012,0.42700000000000005,0.0115
SRR2496709,1056,32.35294117647059,7724,0.467,0.012,0.576,0.014,0.5215,0.013000000000000001
SRR2496709,1057,32.38357843137255,7724,0.56,0.017,0.698,0.02,0.629,0.018500000000000003
SRR2496709,1058,32.41421568627451,7724,0.455,0.012,0.562,0.014,0.5085000000000001,0.013000000000000001
SRR2496709,1059,32.44485294117647,7724,0.666,0.024,0.831,0.027,0.7484999999999999,0.025500000000000002
SRR2496709,1060,32.47549019607843,7724,1.965,0.044,2.858,0.059,2.4115,0.0515
SRR2496709,1061,32.506127450980394,7724,2.106,0.045,2.901,0.059,2.5035,0.052
SRR2496709,1062,32.536764705882355,7724,0.861,0.022,1.146,0.031,1.0034999999999998,0.0265
SRR2496709,1063,32.567401960784316,7724,0.441,0.013,0.531,0.015,0.486,0.013999999999999999
SRR2496709,1064,32.59803921568628,7724,0.406,0.014,0.517,0.016,0.4615,0.015
SRR2496709,1065,32.62867647058823,7724,0.426,0.013,0.527,0.015,0.47650000000000003,0.013999999999999999
SRR2496709,1066,32.65931372549019,7724,0.369,0.01,0.452,0.012,0.4105,0.011
SRR2496709,1067,32.689950980392155,7724,0.337,0.01,0.414,0.012,0.3755,0.011
SRR2496709,1068,32.720588235294116,7724,0.343,0.01,0.427,0.012,0.385,0.011
SRR2496709,1069,32.75122549019608,7724,0.381,0.01,0.474,0.012,0.4275,0.011
SRR2496709,1070,32.78186274509804,7724,0.389,0.011,0.485,0.012,0.437,0.0115
SRR2496709,1071,32.8125,7724,0.328,0.01,0.409,0.012,0.3685,0.011
SRR2496709,1072,32.84313725490196,7724,0.369,0.01,0.454,0.012,0.4115,0.011
SRR2496709,1073,32.87377450980392,7724,0.38,0.011,0.487,0.013,0.4335,0.012
SRR2496709,1074,32.904411764705884,7724,0.895,0.018,1.268,0.024,1.0815000000000001,0.020999999999999998
SRR2496709,1075,32.935049019607845,7724,0.5,0.012,0.664,0.016,0.5820000000000001,0.014
SRR2496709,1076,32.96568627450981,7724,0.46,0.011,0.615,0.014,0.5375,0.0125
SRR2496709,1077,32.99632352941177,7724,0.412,0.012,0.551,0.015,0.48150000000000004,0.0135
SRR2496709,1078,33.02696078431372,7724,0.912,0.021,1.29,0.026,1.101,0.0235
SRR2496709,1079,33.057598039215684,7724,1.736,0.047,2.383,0.059,2.0595,0.053
SRR2496709,1080,33.088235294117645,7724,2.095,0.049,2.863,0.059,2.479,0.054
SRR2496709,1081,33.118872549019606,7724,0.39,0.011,0.474,0.012,0.432,0.0115
SRR2496709,1082,33.14950980392157,7724,0.416,0.011,0.529,0.013,0.47250000000000003,0.012
SRR2496709,1083,33.18014705882353,7724,0.431,0.011,0.539,0.013,0.485,0.012
SRR2496709,1084,33.21078431372549,7724,0.408,0.011,0.502,0.013,0.45499999999999996,0.012
SRR2496709,1085,33.24142156862745,7724,0.495,0.016,0.634,0.018,0.5645,0.017
SRR2496709,1086,33.27205882352941,7724,0.503,0.017,0.636,0.02,0.5695,0.018500000000000003
SRR2496709,1087,33.302696078431374,7724,0.997,0.029,1.281,0.034,1.139,0.0315
SRR2496709,1088,33.333333333333336,7724,1.241,0.028,1.651,0.035,1.4460000000000002,0.0315
SRR2496709,1089,33.3639705882353,7724,1.768,0.04,2.39,0.053,2.079,0.0465
SRR2496709,1090,33.39460784313726,7724,0.731,0.018,0.927,0.021,0.829,0.0195
SRR2496709,1091,33.42524509803921,7724,0.409,0.014,0.506,0.015,0.4575,0.014499999999999999
SRR2496709,1092,33.455882352941174,7724,0.367,0.01,0.454,0.012,0.4105,0.011
SRR2496709,1093,33.486519607843135,7724,0.391,0.017,0.483,0.018,0.437,0.0175
SRR2496709,1094,33.5171568627451,7724,0.513,0.012,0.669,0.015,0.591,0.0135
SRR2496709,1095,33.54779411764706,7724,0.454,0.011,0.564,0.014,0.509,0.0125
SRR2496709,1096,33.57843137254902,7724,0.348,0.01,0.434,0.012,0.391,0.011
SRR2496709,1097,33.60906862745098,7724,0.345,0.01,0.421,0.012,0.383,0.011
SRR2496709,1098,33.63970588235294,7724,0.352,0.01,0.434,0.012,0.393,0.011
SRR2496709,1099,33.6703431372549,7724,0.341,0.01,0.421,0.012,0.381,0.011
SRR2496709,1100,33.700980392156865,7724,0.371,0.01,0.454,0.012,0.4125,0.011
SRR2496709,1101,33.731617647058826,7724,0.473,0.013,0.625,0.016,0.5489999999999999,0.014499999999999999
SRR2496709,1102,33.76225490196079,7724,0.344,0.01,0.424,0.012,0.384,0.011
SRR2496709,1103,33.79289215686274,7724,0.362,0.01,0.449,0.012,0.40549999999999997,0.011
SRR2496709,1104,33.8235294117647,7724,0.361,0.01,0.445,0.012,0.403,0.011
SRR2496709,1105,33.854166666666664,7724,0.369,0.01,0.463,0.013,0.41600000000000004,0.0115
SRR2496709,1106,33.884803921568626,7724,0.346,0.01,0.423,0.011,0.38449999999999995,0.010499999999999999
SRR2496709,1107,33.91544117647059,7724,0.366,0.01,0.453,0.012,0.4095,0.011
SRR2496709,1108,33.94607843137255,7724,0.353,0.01,0.435,0.012,0.394,0.011
SRR2496709,1109,33.97671568627451,7724,0.344,0.01,0.427,0.012,0.38549999999999995,0.011
SRR2496709,1110,34.00735294117647,7724,0.413,0.017,0.514,0.018,0.4635,0.0175
SRR2496709,1111,34.03799019607843,7724,0.816,0.02,1.1,0.025,0.958,0.0225
SRR2496709,1112,34.068627450980394,7724,0.426,0.016,0.552,0.018,0.489,0.017
SRR2496709,1113,34.099264705882355,7724,0.402,0.011,0.523,0.014,0.4625,0.0125
SRR2496709,1114,34.129901960784316,7724,0.568,0.016,0.728,0.019,0.6479999999999999,0.0175
SRR2496709,1115,34.16053921568628,7724,1.256,0.033,1.697,0.042,1.4765000000000001,0.037500000000000006
SRR2496709,1116,34.19117647058823,7724,1.455,0.033,1.936,0.042,1.6955,0.037500000000000006
SRR2496709,1117,34.22181372549019,7724,1.698,0.037,2.264,0.047,1.9809999999999999,0.041999999999999996
SRR2496709,1118,34.252450980392155,7724,0.747,0.017,1.02,0.022,0.8835,0.0195
SRR2496709,1119,34.283088235294116,7724,0.715,0.015,0.945,0.019,0.83,0.017
SRR2496709,1120,34.31372549019608,7724,0.753,0.018,1.007,0.022,0.8799999999999999,0.019999999999999997
SRR2496709,1121,34.34436274509804,7724,1.232,0.028,1.619,0.035,1.4255,0.0315
SRR2496709,1122,34.375,7724,1.059,0.025,1.359,0.03,1.209,0.0275
SRR2496709,1123,34.40563725490196,7724,0.321,0.01,0.396,0.012,0.35850000000000004,0.011
SRR2496709,1124,34.43627450980392,7724,0.344,0.01,0.426,0.011,0.385,0.010499999999999999
SRR2496709,1125,34.466911764705884,7724,0.353,0.01,0.441,0.012,0.397,0.011
SRR2496709,1126,34.497549019607845,7724,0.366,0.01,0.457,0.012,0.4115,0.011
SRR2496709,1127,34.52818627450981,7724,0.358,0.01,0.449,0.013,0.40349999999999997,0.0115
SRR2496709,1128,34.55882352941177,7724,0.464,0.012,0.586,0.014,0.525,0.013000000000000001
SRR2496709,1129,34.58946078431372,7724,0.382,0.01,0.482,0.013,0.432,0.0115
SRR2496709,1130,34.620098039215684,7724,0.411,0.011,0.523,0.013,0.46699999999999997,0.012
SRR2496709,1131,34.650735294117645,7724,0.373,0.012,0.455,0.013,0.41400000000000003,0.0125
SRR2496709,1132,34.681372549019606,7724,0.429,0.011,0.527,0.014,0.478,0.0125
SRR2496709,1133,34.71200980392157,7724,0.597,0.017,0.79,0.021,0.6935,0.019000000000000003
SRR2496709,1134,34.74264705882353,7724,0.365,0.013,0.454,0.014,0.4095,0.0135
SRR2496709,1135,34.77328431372549,7724,0.313,0.009,0.385,0.011,0.349,0.009999999999999998
SRR2496709,1136,34.80392156862745,7724,0.413,0.011,0.517,0.015,0.46499999999999997,0.013
SRR2496709,1137,34.83455882352941,7724,0.404,0.011,0.498,0.013,0.451,0.012
SRR2496709,1138,34.865196078431374,7724,0.367,0.012,0.422,0.012,0.39449999999999996,0.012
SRR2496709,1139,34.895833333333336,7724,0.531,0.016,0.684,0.019,0.6075,0.0175
SRR2496709,1140,34.9264705882353,7724,0.399,0.011,0.491,0.013,0.445,0.012
SRR2496709,1141,34.95710784313726,7724,0.443,0.015,0.556,0.018,0.49950000000000006,0.0165
SRR2496709,1142,34.98774509803921,7724,0.467,0.015,0.6,0.019,0.5335,0.017
SRR2496709,1143,35.018382352941174,7724,0.412,0.015,0.53,0.018,0.471,0.0165
SRR2496709,1144,35.049019607843135,7724,0.34,0.01,0.415,0.012,0.3775,0.011
SRR2496709,1145,35.0796568627451,7724,1.009,0.027,1.319,0.032,1.164,0.0295
SRR2496709,1146,35.11029411764706,7724,0.709,0.022,0.9,0.025,0.8045,0.0235
SRR2496709,1147,35.14093137254902,7724,0.329,0.01,0.405,0.012,0.367,0.011
SRR2496709,1148,35.17156862745098,7724,0.384,0.013,0.477,0.015,0.4305,0.013999999999999999
SRR2496709,1149,35.20220588235294,7724,0.364,0.01,0.436,0.012,0.4,0.011
SRR2496709,1150,35.2328431372549,7724,0.423,0.011,0.542,0.013,0.48250000000000004,0.012
SRR2496709,1151,35.263480392156865,7724,0.524,0.012,0.703,0.015,0.6134999999999999,0.0135
SRR2496709,1152,35.294117647058826,7724,0.392,0.011,0.5,0.013,0.446,0.012
SRR2496709,1153,35.32475490196079,7724,0.392,0.011,0.489,0.013,0.4405,0.012
SRR2496709,1154,35.35539215686274,7724,0.371,0.01,0.458,0.012,0.4145,0.011
SRR2496709,1155,35.3860294117647,7724,0.352,0.01,0.427,0.012,0.38949999999999996,0.011
SRR2496709,1156,35.416666666666664,7724,0.591,0.015,0.784,0.017,0.6875,0.016
SRR2496709,1157,35.447303921568626,7724,0.356,0.01,0.441,0.012,0.39849999999999997,0.011
SRR2496709,1158,35.47794117647059,7724,0.339,0.01,0.42,0.012,0.3795,0.011
SRR2496709,1159,35.50857843137255,7724,0.324,0.009,0.404,0.011,0.364,0.009999999999999998
SRR2496709,1160,35.53921568627451,7724,0.366,0.01,0.457,0.012,0.4115,0.011
SRR2496709,1161,35.56985294117647,7724,0.492,0.019,0.613,0.022,0.5525,0.020499999999999997
SRR2496709,1162,35.60049019607843,7724,0.507,0.013,0.671,0.015,0.589,0.013999999999999999
SRR2496709,1163,35.631127450980394,7724,0.572,0.016,0.781,0.018,0.6765,0.017
SRR2496709,1164,35.661764705882355,7724,0.947,0.023,1.412,0.031,1.1795,0.027
SRR2496709,1165,35.692401960784316,7724,0.36,0.01,0.452,0.012,0.406,0.011
SRR2496709,1166,35.72303921568628,7724,0.476,0.012,0.611,0.014,0.5435,0.013000000000000001
SRR2496709,1167,35.75367647058823,7724,0.324,0.01,0.401,0.012,0.36250000000000004,0.011
SRR2496709,1168,35.78431372549019,7724,1.188,0.029,1.577,0.036,1.3824999999999998,0.0325
SRR2496709,1169,35.814950980392155,7724,1.173,0.032,1.544,0.039,1.3585,0.035500000000000004
SRR2496709,1170,35.845588235294116,7724,0.943,0.027,1.24,0.032,1.0915,0.0295
SRR2496709,1171,35.87622549019608,7724,1.915,0.046,2.567,0.055,2.241,0.0505
SRR2496709,1172,35.90686274509804,7724,0.933,0.022,1.249,0.029,1.0910000000000002,0.025500000000000002
SRR2496709,1173,35.9375,7724,0.468,0.012,0.605,0.015,0.5365,0.0135
SRR2496709,1174,35.96813725490196,7724,0.548,0.018,0.715,0.021,0.6315,0.0195
SRR2496709,1175,35.99877450980392,7724,1.218,0.031,1.628,0.039,1.423,0.035
SRR2496709,1176,36.029411764705884,7724,0.673,0.017,0.853,0.02,0.763,0.018500000000000003
SRR2496709,1177,36.060049019607845,7724,0.361,0.01,0.462,0.012,0.4115,0.011
SRR2496709,1178,36.09068627450981,7724,0.348,0.01,0.453,0.012,0.40049999999999997,0.011
SRR2496709,1179,36.12132352941177,7724,0.355,0.01,0.469,0.012,0.412,0.011
SRR2496709,1180,36.15196078431372,7724,0.414,0.011,0.524,0.013,0.469,0.012
SRR2496709,1181,36.182598039215684,7724,0.411,0.011,0.547,0.013,0.479,0.012
SRR2496709,1182,36.213235294117645,7724,0.37,0.01,0.494,0.012,0.432,0.011
SRR2496709,1183,36.243872549019606,7724,0.523,0.013,0.665,0.016,0.5940000000000001,0.014499999999999999
SRR2496709,1184,36.27450980392157,7724,0.361,0.01,0.467,0.012,0.41400000000000003,0.011
SRR2496709,1185,36.30514705882353,7724,0.438,0.011,0.588,0.014,0.513,0.0125
SRR2496709,1186,36.33578431372549,7724,0.397,0.01,0.518,0.013,0.4575,0.0115
SRR2496709,1187,36.36642156862745,7724,0.431,0.012,0.535,0.014,0.483,0.013000000000000001
SRR2496709,1188,36.39705882352941,7724,0.542,0.015,0.691,0.018,0.6165,0.0165
SRR2496709,1189,36.427696078431374,7724,0.506,0.014,0.642,0.016,0.5740000000000001,0.015
SRR2496709,1190,36.458333333333336,7724,0.424,0.011,0.543,0.013,0.48350000000000004,0.012
SRR2496709,1191,36.4889705882353,7724,0.37,0.01,0.496,0.013,0.433,0.0115
SRR2496709,1192,36.51960784313726,7724,0.392,0.01,0.521,0.013,0.4565,0.0115
SRR2496709,1193,36.55024509803921,7724,0.431,0.011,0.572,0.013,0.5015,0.012
SRR2496709,1194,36.580882352941174,7724,0.402,0.01,0.501,0.012,0.4515,0.011
SRR2496709,1195,36.611519607843135,7724,0.341,0.01,0.446,0.012,0.3935,0.011
SRR2496709,1196,36.6421568627451,7724,0.379,0.01,0.508,0.013,0.4435,0.0115
SRR2496709,1197,36.67279411764706,7724,0.377,0.011,0.491,0.014,0.434,0.0125
SRR2496709,1198,36.70343137254902,7724,0.412,0.011,0.569,0.014,0.49049999999999994,0.0125
SRR2496709,1199,36.73406862745098,7724,0.361,0.01,0.493,0.013,0.427,0.0115
SRR2496709,1200,36.76470588235294,7724,0.332,0.009,0.434,0.012,0.383,0.010499999999999999
SRR2496709,1201,36.7953431372549,7724,0.389,0.01,0.498,0.012,0.4435,0.011
SRR2496709,1202,36.825980392156865,7724,0.367,0.01,0.512,0.013,0.4395,0.0115
SRR2496709,1203,36.856617647058826,7724,0.363,0.01,0.501,0.013,0.432,0.0115
SRR2496709,1204,36.88725490196079,7724,0.494,0.012,0.648,0.015,0.571,0.0135
SRR2496709,1205,36.91789215686274,7724,0.908,0.021,1.209,0.027,1.0585,0.024
SRR2496709,1206,36.9485294117647,7724,0.337,0.01,0.439,0.012,0.388,0.011
SRR2496709,1207,36.979166666666664,7724,0.334,0.009,0.436,0.012,0.385,0.010499999999999999
SRR2496709,1208,37.009803921568626,7724,0.354,0.009,0.465,0.012,0.4095,0.010499999999999999
SRR2496709,1209,37.04044117647059,7724,0.433,0.011,0.567,0.013,0.5,0.012
SRR2496709,1210,37.07107843137255,7724,0.49,0.013,0.632,0.016,0.5609999999999999,0.014499999999999999
SRR2496709,1211,37.10171568627451,7724,0.399,0.011,0.535,0.014,0.467,0.0125
SRR2496709,1212,37.13235294117647,7724,0.412,0.01,0.549,0.013,0.48050000000000004,0.0115
SRR2496709,1213,37.16299019607843,7724,0.344,0.009,0.455,0.012,0.39949999999999997,0.010499999999999999
SRR2496709,1214,37.193627450980394,7724,0.364,0.01,0.494,0.012,0.429,0.011
SRR2496709,1215,37.224264705882355,7724,0.349,0.009,0.455,0.012,0.402,0.010499999999999999
SRR2496709,1216,37.254901960784316,7724,0.396,0.01,0.502,0.012,0.449,0.011
SRR2496709,1217,37.28553921568628,7724,0.359,0.01,0.467,0.012,0.41300000000000003,0.011
SRR2496709,1218,37.31617647058823,7724,1.129,0.025,1.537,0.032,1.333,0.0285
SRR2496709,1219,37.34681372549019,7724,0.651,0.017,0.841,0.02,0.746,0.018500000000000003
SRR2496709,1220,37.377450980392155,7724,0.485,0.012,0.628,0.015,0.5565,0.0135
SRR2496709,1221,37.408088235294116,7724,0.597,0.014,0.8,0.018,0.6985,0.016
SRR2496709,1222,37.43872549019608,7724,0.637,0.014,0.868,0.018,0.7525,0.016
SRR2496709,1223,37.46936274509804,7724,0.73,0.015,1.008,0.02,0.869,0.0175
SRR2496709,1224,37.5,7724,0.623,0.014,0.839,0.018,0.731,0.016
SRR2496709,1225,37.53063725490196,7724,0.721,0.015,1.008,0.02,0.8645,0.0175
SRR2496709,1226,37.56127450980392,7724,0.715,0.015,1.0,0.02,0.8574999999999999,0.0175
SRR2496709,1227,37.591911764705884,7724,0.857,0.017,1.246,0.024,1.0514999999999999,0.0205
SRR2496709,1228,37.622549019607845,7724,0.707,0.015,0.988,0.02,0.8474999999999999,0.0175
SRR2496709,1229,37.65318627450981,7724,0.54,0.015,0.715,0.018,0.6275,0.0165
SRR2496709,1230,37.68382352941177,7724,0.608,0.021,0.801,0.024,0.7045,0.0225
SRR2496709,1231,37.71446078431372,7724,0.579,0.013,0.75,0.016,0.6645,0.014499999999999999
SRR2496709,1232,37.745098039215684,7724,0.653,0.019,0.843,0.021,0.748,0.02
SRR2496709,1233,37.775735294117645,7724,0.415,0.015,0.518,0.016,0.4665,0.0155
SRR2496709,1234,37.806372549019606,7724,0.348,0.012,0.428,0.012,0.388,0.012
SRR2496709,1235,37.83700980392157,7724,0.429,0.011,0.56,0.014,0.49450000000000005,0.0125
SRR2496709,1236,37.86764705882353,7724,0.458,0.012,0.616,0.014,0.537,0.013000000000000001
SRR2496709,1237,37.89828431372549,7724,0.982,0.022,1.545,0.034,1.2635,0.028
SRR2496709,1238,37.92892156862745,7724,0.416,0.012,0.558,0.014,0.487,0.013000000000000001
SRR2496709,1239,37.95955882352941,7724,0.481,0.011,0.642,0.015,0.5615,0.013
SRR2496709,1240,37.990196078431374,7724,0.483,0.011,0.645,0.017,0.5640000000000001,0.014
SRR2496709,1241,38.020833333333336,7724,0.484,0.013,0.625,0.016,0.5545,0.014499999999999999
SRR2496709,1242,38.0514705882353,7724,0.362,0.011,0.44,0.013,0.401,0.012
SRR2496709,1243,38.08210784313726,7724,0.439,0.013,0.548,0.016,0.49350000000000005,0.014499999999999999
SRR2496709,1244,38.11274509803921,7724,0.424,0.015,0.542,0.017,0.483,0.016
SRR2496709,1245,38.143382352941174,7724,0.354,0.013,0.435,0.015,0.39449999999999996,0.013999999999999999
SRR2496709,1246,38.174019607843135,7724,0.354,0.01,0.433,0.012,0.39349999999999996,0.011
SRR2496709,1247,38.2046568627451,7724,0.366,0.012,0.451,0.013,0.4085,0.0125
SRR2496709,1248,38.23529411764706,7724,0.811,0.017,1.078,0.022,0.9445000000000001,0.0195
SRR2496709,1249,38.26593137254902,7724,1.0,0.02,1.469,0.028,1.2345000000000002,0.024
SRR2496709,1250,38.29656862745098,7724,1.002,0.021,1.451,0.028,1.2265000000000001,0.0245
SRR2496709,1251,38.32720588235294,7724,0.601,0.018,0.748,0.021,0.6745,0.0195
SRR2496709,1252,38.3578431372549,7724,0.343,0.01,0.415,0.012,0.379,0.011
SRR2496709,1253,38.388480392156865,7724,0.443,0.012,0.542,0.014,0.49250000000000005,0.013000000000000001
SRR2496709,1254,38.419117647058826,7724,0.421,0.019,0.52,0.02,0.47050000000000003,0.0195
SRR2496709,1255,38.44975490196079,7724,0.337,0.01,0.413,0.012,0.375,0.011
SRR2496709,1256,38.48039215686274,7724,0.36,0.01,0.451,0.012,0.40549999999999997,0.011
SRR2496709,1257,38.5110294117647,7724,0.438,0.011,0.555,0.014,0.49650000000000005,0.0125
SRR2496709,1258,38.541666666666664,7724,0.444,0.017,0.554,0.018,0.499,0.0175
SRR2496709,1259,38.572303921568626,7724,0.377,0.01,0.466,0.013,0.4215,0.0115
SRR2496709,1260,38.60294117647059,7724,0.386,0.011,0.481,0.013,0.4335,0.012
SRR2496709,1261,38.63357843137255,7724,0.57,0.015,0.75,0.017,0.6599999999999999,0.016
SRR2496709,1262,38.66421568627451,7724,0.379,0.01,0.478,0.013,0.4285,0.0115
SRR2496709,1263,38.69485294117647,7724,0.378,0.01,0.468,0.012,0.42300000000000004,0.011
SRR2496709,1264,38.72549019607843,7724,0.411,0.011,0.528,0.013,0.46950000000000003,0.012
SRR2496709,1265,38.756127450980394,7724,0.404,0.011,0.508,0.013,0.456,0.012
SRR2496709,1266,38.786764705882355,7724,0.408,0.011,0.533,0.014,0.47050000000000003,0.0125
SRR2496709,1267,38.817401960784316,7724,0.579,0.014,0.777,0.017,0.6779999999999999,0.0155
SRR2496709,1268,38.84803921568628,7724,0.799,0.023,1.059,0.026,0.929,0.0245
SRR2496709,1269,38.87867647058823,7724,0.424,0.011,0.527,0.014,0.47550000000000003,0.0125
SRR2496709,1270,38.90931372549019,7724,0.377,0.011,0.464,0.012,0.4205,0.0115
SRR2496709,1271,38.939950980392155,7724,1.177,0.031,1.54,0.035,1.3585,0.033
SRR2496709,1272,38.970588235294116,7724,0.688,0.016,0.87,0.018,0.7789999999999999,0.017
SRR2496709,1273,39.00122549019608,7724,0.359,0.01,0.44,0.012,0.39949999999999997,0.011
SRR2496709,1274,39.03186274509804,7724,0.51,0.017,0.634,0.02,0.5720000000000001,0.018500000000000003
SRR2496709,1275,39.0625,7724,0.369,0.01,0.453,0.012,0.41100000000000003,0.011
SRR2496709,1276,39.09313725490196,7724,0.925,0.028,1.165,0.033,1.045,0.0305
SRR2496709,1277,39.12377450980392,7724,0.741,0.023,0.924,0.026,0.8325,0.0245
SRR2496709,1278,39.154411764705884,7724,0.378,0.011,0.471,0.012,0.4245,0.0115
SRR2496709,1279,39.185049019607845,7724,0.817,0.028,1.04,0.031,0.9285,0.0295
SRR2496709,1280,39.21568627450981,7724,0.475,0.012,0.592,0.014,0.5335,0.013000000000000001
SRR2496709,1281,39.24632352941177,7724,0.379,0.011,0.48,0.013,0.4295,0.012
SRR2496709,1282,39.27696078431372,7724,0.351,0.01,0.428,0.012,0.38949999999999996,0.011
SRR2496709,1283,39.307598039215684,7724,0.351,0.016,0.43,0.012,0.39049999999999996,0.014
SRR2496709,1284,39.338235294117645,7724,0.405,0.012,0.505,0.013,0.455,0.0125
SRR2496709,1285,39.368872549019606,7724,0.501,0.012,0.626,0.014,0.5635,0.013000000000000001
SRR2496709,1286,39.39950980392157,7724,0.375,0.011,0.464,0.012,0.4195,0.0115
SRR2496709,1287,39.43014705882353,7724,0.306,0.009,0.383,0.011,0.34450000000000003,0.009999999999999998
SRR2496709,1288,39.46078431372549,7724,0.944,0.032,1.202,0.037,1.073,0.0345
SRR2496709,1289,39.49142156862745,7724,1.812,0.045,2.49,0.053,2.1510000000000002,0.049
SRR2496709,1290,39.52205882352941,7724,5.795,0.105,9.906,0.168,7.8505,0.1365
SRR2496709,1291,39.552696078431374,7724,2.175,0.049,3.011,0.062,2.593,0.0555
SRR2496709,1292,39.583333333333336,7724,1.536,0.041,2.097,0.053,1.8165,0.047
SRR2496709,1293,39.6139705882353,7724,1.049,0.024,1.399,0.03,1.224,0.027
SRR2496709,1294,39.64460784313726,7724,0.401,0.011,0.492,0.013,0.4465,0.012
SRR2496709,1295,39.67524509803921,7724,0.841,0.024,1.039,0.03,0.94,0.027
SRR2496709,1296,39.705882352941174,7724,0.5,0.015,0.618,0.017,0.5589999999999999,0.016
SRR2496709,1297,39.736519607843135,7724,0.348,0.011,0.427,0.013,0.38749999999999996,0.012
SRR2496709,1298,39.7671568627451,7724,0.368,0.01,0.454,0.012,0.41100000000000003,0.011
SRR2496709,1299,39.79779411764706,7724,0.416,0.011,0.521,0.013,0.4685,0.012
SRR2496709,1300,39.82843137254902,7724,0.364,0.01,0.453,0.012,0.4085,0.011
SRR2496709,1301,39.85906862745098,7724,0.309,0.009,0.383,0.011,0.346,0.009999999999999998
SRR2496709,1302,39.88970588235294,7724,0.362,0.01,0.453,0.012,0.4075,0.011
SRR2496709,1303,39.9203431372549,7724,0.328,0.01,0.407,0.011,0.3675,0.010499999999999999
SRR2496709,1304,39.950980392156865,7724,0.379,0.011,0.471,0.012,0.425,0.0115
SRR2496709,1305,39.981617647058826,7724,0.401,0.01,0.496,0.012,0.4485,0.011
SRR2496709,1306,40.01225490196079,7724,0.376,0.01,0.453,0.012,0.4145,0.011
SRR2496709,1307,40.04289215686274,7724,0.302,0.009,0.371,0.011,0.3365,0.009999999999999998
SRR2496709,1308,40.0735294117647,7724,0.308,0.009,0.381,0.011,0.34450000000000003,0.009999999999999998
SRR2496709,1309,40.104166666666664,7724,0.753,0.03,0.946,0.034,0.8494999999999999,0.032
SRR2496709,1310,40.134803921568626,7724,1.048,0.024,1.382,0.032,1.2149999999999999,0.028
SRR2496709,1311,40.16544117647059,7724,1.1,0.029,1.462,0.037,1.2810000000000001,0.033
SRR2496709,1312,40.19607843137255,7724,0.397,0.012,0.485,0.013,0.441,0.0125
SRR2496709,1313,40.22671568627451,7724,0.362,0.01,0.446,0.012,0.404,0.011
SRR2496709,1314,40.25735294117647,7724,0.364,0.01,0.448,0.012,0.406,0.011
SRR2496709,1315,40.28799019607843,7724,0.336,0.011,0.419,0.012,0.3775,0.0115
SRR2496709,1316,40.318627450980394,7724,1.307,0.028,1.733,0.035,1.52,0.0315
SRR2496709,1317,40.349264705882355,7724,0.694,0.02,0.877,0.024,0.7855,0.022
SRR2496709,1318,40.379901960784316,7724,0.392,0.011,0.48,0.013,0.436,0.012
SRR2496709,1319,40.41053921568628,7724,0.387,0.01,0.479,0.013,0.433,0.0115
SRR2496709,1320,40.44117647058823,7724,0.335,0.009,0.419,0.012,0.377,0.010499999999999999
SRR2496709,1321,40.47181372549019,7724,0.352,0.01,0.437,0.012,0.39449999999999996,0.011
SRR2496709,1322,40.502450980392155,7724,0.731,0.015,1.033,0.02,0.8819999999999999,0.0175
SRR2496709,1323,40.533088235294116,7724,0.405,0.011,0.504,0.013,0.4545,0.012
SRR2496709,1324,40.56372549019608,7724,0.331,0.01,0.406,0.012,0.36850000000000005,0.011
SRR2496709,1325,40.59436274509804,7724,0.37,0.011,0.456,0.014,0.41300000000000003,0.0125
SRR2496709,1326,40.625,7724,0.325,0.009,0.401,0.012,0.363,0.010499999999999999
SRR2496709,1327,40.65563725490196,7724,0.351,0.013,0.436,0.015,0.39349999999999996,0.013999999999999999
SRR2496709,1328,40.68627450980392,7724,1.132,0.026,1.528,0.034,1.33,0.03
SRR2496709,1329,40.716911764705884,7724,0.379,0.011,0.471,0.013,0.425,0.012
SRR2496709,1330,40.747549019607845,7724,0.475,0.012,0.598,0.015,0.5365,0.0135
SRR2496709,1331,40.77818627450981,7724,0.341,0.01,0.42,0.012,0.3805,0.011
SRR2496709,1332,40.80882352941177,7724,0.371,0.01,0.46,0.012,0.4155,0.011
SRR2496709,1333,40.83946078431372,7724,0.344,0.009,0.426,0.012,0.385,0.010499999999999999
SRR2496709,1334,40.870098039215684,7724,0.306,0.009,0.383,0.011,0.34450000000000003,0.009999999999999998
SRR2496709,1335,40.900735294117645,7724,0.504,0.012,0.659,0.015,0.5815,0.0135
SRR2496709,1336,40.931372549019606,7724,1.27,0.025,1.879,0.035,1.5745,0.030000000000000002
SRR2496709,1337,40.96200980392157,7724,0.372,0.012,0.468,0.013,0.42000000000000004,0.0125
SRR2496709,1338,40.99264705882353,7724,0.322,0.009,0.392,0.011,0.357,0.009999999999999998
SRR2496709,1339,41.02328431372549,7724,0.323,0.01,0.407,0.011,0.365,0.010499999999999999
SRR2496709,1340,41.05392156862745,7724,0.357,0.01,0.447,0.012,0.402,0.011
SRR2496709,1341,41.08455882352941,7724,0.353,0.01,0.436,0.012,0.39449999999999996,0.011
SRR2496709,1342,41.115196078431374,7724,0.401,0.011,0.501,0.013,0.451,0.012
SRR2496709,1343,41.145833333333336,7724,0.328,0.009,0.408,0.011,0.368,0.009999999999999998
SRR2496709,1344,41.1764705882353,7724,0.439,0.011,0.552,0.015,0.49550000000000005,0.013
SRR2496709,1345,41.20710784313726,7724,0.653,0.014,0.864,0.018,0.7585,0.016
SRR2496709,1346,41.23774509803921,7724,0.309,0.01,0.379,0.011,0.344,0.010499999999999999
SRR2496709,1347,41.268382352941174,7724,0.348,0.01,0.438,0.012,0.393,0.011
SRR2496709,1348,41.299019607843135,7724,0.32,0.009,0.398,0.011,0.359,0.009999999999999998
SRR2496709,1349,41.3296568627451,7724,0.412,0.011,0.524,0.013,0.46799999999999997,0.012
SRR2496709,1350,41.36029411764706,7724,0.425,0.011,0.539,0.013,0.482,0.012
SRR2496709,1351,41.39093137254902,7724,0.332,0.009,0.409,0.011,0.3705,0.009999999999999998
SRR2496709,1352,41.42156862745098,7724,0.348,0.01,0.431,0.012,0.38949999999999996,0.011
SRR2496709,1353,41.45220588235294,7724,0.303,0.009,0.374,0.011,0.3385,0.009999999999999998
SRR2496709,1354,41.4828431372549,7724,0.408,0.011,0.503,0.012,0.4555,0.0115
SRR2496709,1355,41.513480392156865,7724,0.977,0.02,1.319,0.027,1.148,0.0235
SRR2496709,1356,41.544117647058826,7724,0.578,0.015,0.744,0.019,0.661,0.017
SRR2496709,1357,41.57475490196079,7724,0.401,0.011,0.487,0.012,0.444,0.0115
SRR2496709,1358,41.60539215686274,7724,0.351,0.01,0.43,0.012,0.39049999999999996,0.011
SRR2496709,1359,41.6360294117647,7724,0.452,0.012,0.573,0.014,0.5125,0.013000000000000001
SRR2496709,1360,41.666666666666664,7724,0.374,0.01,0.461,0.012,0.4175,0.011
SRR2496709,1361,41.697303921568626,7724,0.385,0.011,0.473,0.013,0.429,0.012
SRR2496709,1362,41.72794117647059,7724,0.389,0.011,0.475,0.012,0.432,0.0115
SRR2496709,1363,41.75857843137255,7724,0.346,0.01,0.431,0.012,0.38849999999999996,0.011
SRR2496709,1364,41.78921568627451,7724,0.357,0.01,0.437,0.012,0.397,0.011
SRR2496709,1365,41.81985294117647,7724,0.366,0.01,0.455,0.012,0.4105,0.011
SRR2496709,1366,41.85049019607843,7724,0.715,0.019,0.968,0.023,0.8414999999999999,0.020999999999999998
SRR2496709,1367,41.881127450980394,7724,0.358,0.014,0.439,0.015,0.39849999999999997,0.014499999999999999
SRR2496709,1368,41.911764705882355,7724,1.074,0.029,1.386,0.036,1.23,0.0325
SRR2496709,1369,41.942401960784316,7724,1.306,0.034,1.771,0.042,1.5385,0.038000000000000006
SRR2496709,1370,41.97303921568628,7724,0.563,0.013,0.764,0.016,0.6635,0.014499999999999999
SRR2496709,1371,42.00367647058823,7724,0.591,0.013,0.818,0.017,0.7044999999999999,0.015
SRR2496709,1372,42.03431372549019,7724,0.439,0.01,0.566,0.013,0.5025,0.0115
SRR2496709,1373,42.064950980392155,7724,1.681,0.038,2.238,0.047,1.9595,0.042499999999999996
SRR2496709,1374,42.095588235294116,7724,0.399,0.012,0.48,0.013,0.4395,0.0125
SRR2496709,1375,42.12622549019608,7724,0.359,0.011,0.443,0.013,0.401,0.012
SRR2496709,1376,42.15686274509804,7724,0.446,0.013,0.554,0.016,0.5,0.014499999999999999
SRR2496709,1377,42.1875,7724,0.518,0.013,0.692,0.016,0.605,0.014499999999999999
SRR2496709,1378,42.21813725490196,7724,0.47,0.012,0.597,0.015,0.5335,0.0135
SRR2496709,1379,42.24877450980392,7724,0.343,0.01,0.416,0.012,0.3795,0.011
SRR2496709,1380,42.279411764705884,7724,0.376,0.01,0.462,0.012,0.41900000000000004,0.011
SRR2496709,1381,42.310049019607845,7724,0.354,0.01,0.433,0.012,0.39349999999999996,0.011
SRR2496709,1382,42.34068627450981,7724,1.604,0.041,2.136,0.047,1.87,0.044
SRR2496709,1383,42.37132352941177,7724,0.502,0.013,0.648,0.015,0.575,0.013999999999999999
SRR2496709,1384,42.40196078431372,7724,0.565,0.02,0.72,0.021,0.6425,0.0205
SRR2496709,1385,42.432598039215684,7724,0.701,0.016,0.892,0.02,0.7965,0.018000000000000002
SRR2496709,1386,42.463235294117645,7724,0.353,0.01,0.44,0.012,0.39649999999999996,0.011
SRR2496709,1387,42.493872549019606,7724,0.453,0.012,0.575,0.015,0.514,0.0135
SRR2496709,1388,42.52450980392157,7724,0.384,0.01,0.478,0.013,0.431,0.0115
SRR2496709,1389,42.55514705882353,7724,0.375,0.011,0.464,0.013,0.4195,0.012
SRR2496709,1390,42.58578431372549,7724,0.926,0.027,1.178,0.032,1.052,0.0295
SRR2496709,1391,42.61642156862745,7724,0.383,0.011,0.474,0.012,0.4285,0.0115
SRR2496709,1392,42.64705882352941,7724,0.45,0.013,0.567,0.015,0.5085,0.013999999999999999
SRR2496709,1393,42.677696078431374,7724,0.479,0.012,0.6,0.015,0.5395,0.0135
SRR2496709,1394,42.708333333333336,7724,0.505,0.016,0.626,0.019,0.5655,0.0175
SRR2496709,1395,42.7389705882353,7724,1.173,0.028,1.513,0.034,1.343,0.031
SRR2496709,1396,42.76960784313726,7724,0.449,0.012,0.574,0.014,0.5115,0.013000000000000001
SRR2496709,1397,42.80024509803921,7724,0.396,0.011,0.487,0.012,0.4415,0.0115
SRR2496709,1398,42.830882352941174,7724,0.383,0.013,0.459,0.015,0.42100000000000004,0.013999999999999999
SRR2496709,1399,42.861519607843135,7724,0.448,0.012,0.561,0.014,0.5045000000000001,0.013000000000000001
SRR2496709,1400,42.8921568627451,7724,0.366,0.01,0.45,0.012,0.40800000000000003,0.011
SRR2496709,1401,42.92279411764706,7724,0.463,0.011,0.58,0.014,0.5215,0.0125
SRR2496709,1402,42.95343137254902,7724,0.351,0.01,0.433,0.012,0.392,0.011
SRR2496709,1403,42.98406862745098,7724,0.425,0.013,0.535,0.016,0.48,0.014499999999999999
SRR2496709,1404,43.01470588235294,7724,0.355,0.01,0.43,0.012,0.39249999999999996,0.011
SRR2496709,1405,43.0453431372549,7724,0.434,0.012,0.549,0.015,0.49150000000000005,0.0135
SRR2496709,1406,43.075980392156865,7724,0.361,0.01,0.445,0.012,0.403,0.011
SRR2496709,1407,43.106617647058826,7724,0.364,0.015,0.445,0.017,0.40449999999999997,0.016
SRR2496709,1408,43.13725490196079,7724,1.631,0.033,2.301,0.043,1.9660000000000002,0.038
SRR2496709,1409,43.16789215686274,7724,0.333,0.01,0.405,0.012,0.369,0.011
SRR2496709,1410,43.1985294117647,7724,0.405,0.013,0.506,0.016,0.4555,0.014499999999999999
SRR2496709,1411,43.229166666666664,7724,0.411,0.012,0.506,0.013,0.4585,0.0125
SRR2496709,1412,43.259803921568626,7724,0.484,0.016,0.602,0.018,0.5429999999999999,0.017
SRR2496709,1413,43.29044117647059,7724,0.697,0.024,0.901,0.025,0.7989999999999999,0.0245
SRR2496709,1414,43.32107843137255,7724,0.925,0.024,1.174,0.028,1.0495,0.026000000000000002
SRR2496709,1415,43.35171568627451,7724,0.844,0.023,1.084,0.025,0.964,0.024
SRR2496709,1416,43.38235294117647,7724,1.169,0.025,1.503,0.03,1.3359999999999999,0.0275
SRR2496709,1417,43.41299019607843,7724,0.405,0.016,0.507,0.018,0.456,0.017
SRR2496709,1418,43.443627450980394,7724,0.362,0.01,0.443,0.012,0.40249999999999997,0.011
SRR2496709,1419,43.474264705882355,7724,0.397,0.015,0.499,0.017,0.448,0.016
SRR2496709,1420,43.504901960784316,7724,0.335,0.01,0.411,0.011,0.373,0.010499999999999999
SRR2496709,1421,43.53553921568628,7724,0.342,0.01,0.416,0.011,0.379,0.010499999999999999
SRR2496709,1422,43.56617647058823,7724,0.395,0.011,0.488,0.013,0.4415,0.012
SRR2496709,1423,43.59681372549019,7724,0.483,0.012,0.624,0.015,0.5535,0.0135
SRR2496709,1424,43.627450980392155,7724,0.39,0.012,0.492,0.014,0.441,0.013000000000000001
SRR2496709,1425,43.658088235294116,7724,0.419,0.011,0.525,0.014,0.472,0.0125
SRR2496709,1426,43.68872549019608,7724,0.337,0.01,0.41,0.012,0.3735,0.011
SRR2496709,1427,43.71936274509804,7724,0.454,0.013,0.579,0.015,0.5165,0.013999999999999999
SRR2496709,1428,43.75,7724,1.389,0.037,1.824,0.041,1.6065,0.039
SRR2496709,1429,43.78063725490196,7724,0.466,0.013,0.599,0.015,0.5325,0.013999999999999999
SRR2496709,1430,43.81127450980392,7724,0.805,0.018,1.081,0.022,0.9430000000000001,0.019999999999999997
SRR2496709,1431,43.841911764705884,7724,0.503,0.012,0.659,0.015,0.581,0.0135
SRR2496709,1432,43.872549019607845,7724,0.68,0.017,0.886,0.022,0.783,0.0195
SRR2496709,1433,43.90318627450981,7724,1.034,0.022,1.445,0.03,1.2395,0.026
SRR2496709,1434,43.93382352941177,7724,1.117,0.022,1.737,0.031,1.427,0.0265
SRR2496709,1435,43.96446078431372,7724,1.157,0.024,1.714,0.034,1.4355,0.029
SRR2496709,1436,43.995098039215684,7724,0.482,0.012,0.613,0.015,0.5475,0.0135
SRR2496709,1437,44.025735294117645,7724,0.61,0.015,0.819,0.018,0.7144999999999999,0.0165
SRR2496709,1438,44.056372549019606,7724,0.868,0.018,1.158,0.022,1.013,0.019999999999999997
SRR2496709,1439,44.08700980392157,7724,0.671,0.023,0.884,0.025,0.7775000000000001,0.024
SRR2496709,1440,44.11764705882353,7724,1.245,0.035,1.682,0.043,1.4635,0.039
SRR2496709,1441,44.14828431372549,7724,0.738,0.022,0.949,0.029,0.8434999999999999,0.025500000000000002
SRR2496709,1442,44.17892156862745,7724,0.413,0.012,0.519,0.014,0.46599999999999997,0.013000000000000001
SRR2496709,1443,44.20955882352941,7724,0.434,0.011,0.533,0.014,0.48350000000000004,0.0125
SRR2496709,1444,44.240196078431374,7724,1.65,0.036,2.263,0.047,1.9565,0.041499999999999995
SRR2496709,1445,44.270833333333336,7724,2.051,0.046,2.853,0.061,2.452,0.0535
SRR2496709,1446,44.3014705882353,7724,1.593,0.035,2.191,0.049,1.892,0.042
SRR2496709,1447,44.33210784313726,7724,1.55,0.033,2.213,0.045,1.8815,0.039
SRR2496709,1448,44.36274509803921,7724,0.572,0.013,0.739,0.019,0.6555,0.016
SRR2496709,1449,44.393382352941174,7724,0.422,0.013,0.545,0.015,0.48350000000000004,0.013999999999999999
SRR2496709,1450,44.424019607843135,7724,0.335,0.009,0.409,0.011,0.372,0.009999999999999998
SRR2496709,1451,44.4546568627451,7724,0.402,0.01,0.516,0.014,0.459,0.012
SRR2496709,1452,44.48529411764706,7724,0.331,0.009,0.412,0.012,0.3715,0.010499999999999999
SRR2496709,1453,44.51593137254902,7724,0.415,0.011,0.541,0.014,0.478,0.0125
SRR2496709,1454,44.54656862745098,7724,0.908,0.018,1.331,0.025,1.1195,0.0215
SRR2496709,1455,44.57720588235294,7724,0.392,0.011,0.487,0.013,0.4395,0.012
SRR2496709,1456,44.6078431372549,7724,0.663,0.014,0.87,0.018,0.7665,0.016
SRR2496709,1457,44.638480392156865,7724,0.786,0.025,0.992,0.027,0.889,0.026000000000000002
SRR2496709,1458,44.669117647058826,7724,1.409,0.035,1.979,0.043,1.694,0.039
SRR2496709,1459,44.69975490196079,7724,0.832,0.027,1.054,0.031,0.9430000000000001,0.028999999999999998
SRR2496709,1460,44.73039215686274,7724,0.341,0.01,0.416,0.012,0.3785,0.011
SRR2496709,1461,44.7610294117647,7724,0.344,0.01,0.415,0.011,0.37949999999999995,0.010499999999999999
SRR2496709,1462,44.791666666666664,7724,1.086,0.027,1.544,0.035,1.315,0.031
SRR2496709,1463,44.822303921568626,7724,0.702,0.023,0.888,0.027,0.7949999999999999,0.025
SRR2496709,1464,44.85294117647059,7724,0.373,0.01,0.459,0.012,0.41600000000000004,0.011
SRR2496709,1465,44.88357843137255,7724,0.369,0.011,0.459,0.012,0.41400000000000003,0.0115
SRR2496709,1466,44.91421568627451,7724,0.435,0.011,0.539,0.014,0.487,0.0125
SRR2496709,1467,44.94485294117647,7724,0.509,0.013,0.656,0.016,0.5825,0.014499999999999999
SRR2496709,1468,44.97549019607843,7724,0.363,0.01,0.449,0.012,0.406,0.011
SRR2496709,1469,45.006127450980394,7724,0.365,0.01,0.446,0.012,0.40549999999999997,0.011
SRR2496709,1470,45.036764705882355,7724,0.396,0.011,0.499,0.013,0.4475,0.012
SRR2496709,1471,45.067401960784316,7724,0.407,0.014,0.51,0.016,0.4585,0.015
SRR2496709,1472,45.09803921568628,7724,0.355,0.01,0.446,0.013,0.40049999999999997,0.0115
SRR2496709,1473,45.12867647058823,7724,0.338,0.01,0.414,0.012,0.376,0.011
SRR2496709,1474,45.15931372549019,7724,0.389,0.01,0.487,0.013,0.438,0.0115
SRR2496709,1475,45.189950980392155,7724,0.377,0.01,0.474,0.013,0.4255,0.0115
SRR2496709,1476,45.220588235294116,7724,0.351,0.01,0.437,0.012,0.394,0.011
SRR2496709,1477,45.25122549019608,7724,0.955,0.02,1.356,0.027,1.1555,0.0235
SRR2496709,1478,45.28186274509804,7724,1.693,0.036,2.518,0.05,2.1055,0.043
SRR2496709,1479,45.3125,7724,13.29,0.231,23.946,0.399,18.618000000000002,0.315
SRR2496709,1480,45.34313725490196,7724,2.492,0.057,3.966,0.086,3.229,0.0715
SRR2496709,1481,45.37377450980392,7724,1.357,0.031,1.825,0.039,1.591,0.035
SRR2496709,1482,45.404411764705884,7724,0.408,0.011,0.535,0.014,0.47150000000000003,0.0125
SRR2496709,1483,45.435049019607845,7724,0.783,0.023,1.039,0.027,0.911,0.025
SRR2496709,1484,45.46568627450981,7724,1.389,0.026,2.181,0.038,1.7850000000000001,0.032
SRR2496709,1485,45.49632352941177,7724,2.065,0.043,2.825,0.058,2.4450000000000003,0.0505
SRR2496709,1486,45.52696078431372,7724,1.245,0.024,1.854,0.034,1.5495,0.029
SRR2496709,1487,45.557598039215684,7724,1.929,0.035,2.799,0.049,2.364,0.042
SRR2496709,1488,45.588235294117645,7724,1.589,0.031,2.443,0.044,2.016,0.0375
SRR2496709,1489,45.618872549019606,7724,1.513,0.031,2.349,0.045,1.931,0.038
SRR2496709,1490,45.64950980392157,7724,1.423,0.027,2.174,0.039,1.7985,0.033
SRR2496709,1491,45.68014705882353,7724,1.662,0.032,2.511,0.046,2.0865,0.039
SRR2496709,1492,45.71078431372549,7724,1.547,0.03,2.405,0.044,1.976,0.037
SRR2496709,1493,45.74142156862745,7724,1.365,0.032,1.929,0.042,1.647,0.037000000000000005
SRR2496709,1494,45.77205882352941,7724,0.602,0.017,0.759,0.019,0.6805,0.018000000000000002
SRR2496709,1495,45.802696078431374,7724,0.428,0.013,0.521,0.015,0.47450000000000003,0.013999999999999999
SRR2496709,1496,45.833333333333336,7724,0.392,0.017,0.481,0.018,0.4365,0.0175
SRR2496709,1497,45.8639705882353,7724,0.413,0.011,0.516,0.013,0.4645,0.012
SRR2496709,1498,45.89460784313726,7724,0.364,0.012,0.44,0.016,0.402,0.014
SRR2496709,1499,45.92524509803921,7724,0.4,0.011,0.49,0.013,0.445,0.012
SRR2496709,1500,45.955882352941174,7724,0.723,0.024,0.897,0.026,0.81,0.025
SRR2496709,1501,45.986519607843135,7724,1.539,0.036,2.082,0.046,1.8104999999999998,0.040999999999999995
SRR2496709,1502,46.0171568627451,7724,0.393,0.015,0.473,0.016,0.433,0.0155
SRR2496709,1503,46.04779411764706,7724,0.899,0.029,1.158,0.034,1.0285,0.0315
SRR2496709,1504,46.07843137254902,7724,1.719,0.032,2.437,0.044,2.078,0.038
SRR2496709,1505,46.10906862745098,7724,1.495,0.03,2.381,0.045,1.938,0.0375
SRR2496709,1506,46.13970588235294,7724,1.551,0.03,2.174,0.04,1.8624999999999998,0.035
SRR2496709,1507,46.1703431372549,7724,1.853,0.042,2.68,0.056,2.2665,0.049
SRR2496709,1508,46.200980392156865,7724,0.337,0.01,0.408,0.012,0.3725,0.011
SRR2496709,1509,46.231617647058826,7724,0.352,0.01,0.44,0.013,0.396,0.0115
SRR2496709,1510,46.26225490196079,7724,0.336,0.009,0.403,0.011,0.36950000000000005,0.009999999999999998
SRR2496709,1511,46.29289215686274,7724,0.422,0.013,0.529,0.017,0.47550000000000003,0.015
SRR2496709,1512,46.3235294117647,7724,0.4,0.011,0.477,0.015,0.4385,0.013
SRR2496709,1513,46.354166666666664,7724,1.601,0.032,2.192,0.044,1.8965,0.038
SRR2496709,1514,46.384803921568626,7724,0.57,0.018,0.705,0.02,0.6375,0.019
SRR2496709,1515,46.41544117647059,7724,0.342,0.01,0.417,0.011,0.3795,0.010499999999999999
SRR2496709,1516,46.44607843137255,7724,0.568,0.014,0.743,0.017,0.6555,0.0155
SRR2496709,1517,46.47671568627451,7724,0.425,0.011,0.532,0.013,0.47850000000000004,0.012
SRR2496709,1518,46.50735294117647,7724,0.364,0.01,0.449,0.012,0.4065,0.011
SRR2496709,1519,46.53799019607843,7724,0.416,0.012,0.515,0.014,0.4655,0.013000000000000001
SRR2496709,1520,46.568627450980394,7724,0.324,0.009,0.388,0.011,0.356,0.009999999999999998
SRR2496709,1521,46.599264705882355,7724,0.399,0.011,0.491,0.012,0.445,0.0115
SRR2496709,1522,46.629901960784316,7724,0.348,0.01,0.422,0.012,0.385,0.011
SRR2496709,1523,46.66053921568628,7724,1.3,0.033,1.744,0.04,1.522,0.036500000000000005
SRR2496709,1524,46.69117647058823,7724,1.794,0.042,2.646,0.057,2.2199999999999998,0.0495
SRR2496709,1525,46.72181372549019,7724,0.434,0.011,0.561,0.014,0.49750000000000005,0.0125
SRR2496709,1526,46.752450980392155,7724,0.469,0.011,0.581,0.016,0.5249999999999999,0.0135
SRR2496709,1527,46.783088235294116,7724,0.413,0.011,0.503,0.015,0.45799999999999996,0.013
SRR2496709,1528,46.81372549019608,7724,0.384,0.011,0.498,0.015,0.441,0.013
SRR2496709,1529,46.84436274509804,7724,0.359,0.011,0.461,0.013,0.41000000000000003,0.012
SRR2496709,1530,46.875,7724,0.363,0.01,0.451,0.012,0.40700000000000003,0.011
SRR2496709,1531,46.90563725490196,7724,0.433,0.016,0.558,0.017,0.49550000000000005,0.0165
SRR2496709,1532,46.93627450980392,7724,0.376,0.01,0.462,0.012,0.41900000000000004,0.011
SRR2496709,1533,46.966911764705884,7724,0.4,0.011,0.497,0.013,0.4485,0.012
SRR2496709,1534,46.997549019607845,7724,1.693,0.041,2.266,0.046,1.9795,0.0435
SRR2496709,1535,47.02818627450981,7724,0.79,0.024,1.045,0.028,0.9175,0.026000000000000002
SRR2496709,1536,47.05882352941177,7724,1.483,0.033,1.991,0.044,1.737,0.0385
SRR2496709,1537,47.08946078431372,7724,0.556,0.017,0.707,0.019,0.6315,0.018000000000000002
SRR2496709,1538,47.120098039215684,7724,0.415,0.011,0.522,0.013,0.4685,0.012
SRR2496709,1539,47.150735294117645,7724,0.446,0.012,0.58,0.016,0.513,0.014
SRR2496709,1540,47.181372549019606,7724,0.723,0.016,0.96,0.022,0.8414999999999999,0.019
SRR2496709,1541,47.21200980392157,7724,0.409,0.012,0.508,0.015,0.4585,0.0135
SRR2496709,1542,47.24264705882353,7724,0.653,0.021,0.865,0.022,0.759,0.0215
SRR2496709,1543,47.27328431372549,7724,0.485,0.016,0.626,0.019,0.5555,0.0175
SRR2496709,1544,47.30392156862745,7724,0.372,0.011,0.462,0.013,0.41700000000000004,0.012
SRR2496709,1545,47.33455882352941,7724,1.012,0.025,1.468,0.033,1.24,0.029
SRR2496709,1546,47.365196078431374,7724,0.532,0.014,0.692,0.017,0.612,0.0155
SRR2496709,1547,47.395833333333336,7724,0.787,0.021,1.052,0.028,0.9195,0.0245
SRR2496709,1548,47.4264705882353,7724,0.718,0.019,0.962,0.023,0.84,0.020999999999999998
SRR2496709,1549,47.45710784313726,7724,0.629,0.016,0.83,0.02,0.7295,0.018000000000000002
SRR2496709,1550,47.48774509803921,7724,0.671,0.018,0.9,0.022,0.7855000000000001,0.019999999999999997
SRR2496709,1551,47.518382352941174,7724,0.372,0.01,0.466,0.013,0.41900000000000004,0.0115
SRR2496709,1552,47.549019607843135,7724,0.386,0.014,0.483,0.017,0.4345,0.0155
SRR2496709,1553,47.5796568627451,7724,0.541,0.013,0.698,0.018,0.6194999999999999,0.0155
SRR2496709,1554,47.61029411764706,7724,0.418,0.011,0.484,0.015,0.45099999999999996,0.013
SRR2496709,1555,47.64093137254902,7724,0.377,0.011,0.462,0.014,0.4195,0.0125
SRR2496709,1556,47.67156862745098,7724,0.91,0.021,1.231,0.027,1.0705,0.024
SRR2496709,1557,47.70220588235294,7724,0.358,0.01,0.44,0.012,0.399,0.011
SRR2496709,1558,47.7328431372549,7724,0.604,0.018,0.82,0.022,0.712,0.019999999999999997
SRR2496709,1559,47.763480392156865,7724,1.642,0.034,2.424,0.047,2.033,0.0405
SRR2496709,1560,47.794117647058826,7724,0.482,0.013,0.625,0.015,0.5535,0.013999999999999999
SRR2496709,1561,47.82475490196079,7724,0.345,0.01,0.437,0.012,0.391,0.011
SRR2496709,1562,47.85539215686274,7724,0.471,0.011,0.597,0.014,0.534,0.0125
SRR2496709,1563,47.8860294117647,7724,0.982,0.025,1.277,0.03,1.1295,0.0275
SRR2496709,1564,47.916666666666664,7724,1.105,0.027,1.421,0.03,1.263,0.028499999999999998
SRR2496709,1565,47.947303921568626,7724,0.424,0.012,0.521,0.015,0.47250000000000003,0.0135
SRR2496709,1566,47.97794117647059,7724,0.373,0.011,0.458,0.013,0.4155,0.012
SRR2496709,1567,48.00857843137255,7724,0.386,0.011,0.475,0.012,0.4305,0.0115
SRR2496709,1568,48.03921568627451,7724,0.468,0.013,0.551,0.018,0.5095000000000001,0.0155
SRR2496709,1569,48.06985294117647,7724,1.188,0.025,1.609,0.032,1.3984999999999999,0.0285
SRR2496709,1570,48.10049019607843,7724,0.546,0.013,0.702,0.015,0.624,0.013999999999999999
SRR2496709,1571,48.131127450980394,7724,0.466,0.012,0.602,0.014,0.534,0.013000000000000001
SRR2496709,1572,48.161764705882355,7724,0.427,0.011,0.543,0.014,0.485,0.0125
SRR2496709,1573,48.192401960784316,7724,0.646,0.015,0.82,0.018,0.733,0.0165
SRR2496709,1574,48.22303921568628,7724,0.354,0.01,0.429,0.012,0.39149999999999996,0.011
SRR2496709,1575,48.25367647058823,7724,0.43,0.016,0.543,0.019,0.48650000000000004,0.0175
SRR2496709,1576,48.28431372549019,7724,0.32,0.009,0.388,0.011,0.354,0.009999999999999998
SRR2496709,1577,48.314950980392155,7724,0.409,0.01,0.502,0.013,0.4555,0.0115
SRR2496709,1578,48.345588235294116,7724,0.396,0.011,0.484,0.013,0.44,0.012
SRR2496709,1579,48.37622549019608,7724,0.447,0.014,0.552,0.016,0.49950000000000006,0.015
SRR2496709,1580,48.40686274509804,7724,0.393,0.01,0.498,0.013,0.4455,0.0115
SRR2496709,1581,48.4375,7724,0.342,0.009,0.415,0.012,0.3785,0.010499999999999999
SRR2496709,1582,48.46813725490196,7724,0.402,0.012,0.482,0.016,0.442,0.014
SRR2496709,1583,48.49877450980392,7724,0.374,0.011,0.467,0.014,0.4205,0.0125
SRR2496709,1584,48.529411764705884,7724,0.353,0.01,0.433,0.013,0.393,0.0115
SRR2496709,1585,48.560049019607845,7724,0.513,0.013,0.659,0.017,0.5860000000000001,0.015
SRR2496709,1586,48.59068627450981,7724,0.358,0.01,0.436,0.012,0.397,0.011
SRR2496709,1587,48.62132352941177,7724,0.333,0.009,0.411,0.012,0.372,0.010499999999999999
SRR2496709,1588,48.65196078431372,7724,0.429,0.015,0.534,0.017,0.48150000000000004,0.016
SRR2496709,1589,48.682598039215684,7724,0.412,0.011,0.505,0.013,0.4585,0.012
SRR2496709,1590,48.713235294117645,7724,0.402,0.011,0.491,0.013,0.4465,0.012
SRR2496709,1591,48.743872549019606,7724,0.654,0.018,0.923,0.022,0.7885,0.019999999999999997
SRR2496709,1592,48.77450980392157,7724,1.063,0.021,1.619,0.029,1.341,0.025
SRR2496709,1593,48.80514705882353,7724,0.971,0.019,1.5,0.028,1.2355,0.0235
SRR2496709,1594,48.83578431372549,7724,1.244,0.023,1.932,0.034,1.588,0.0285
SRR2496709,1595,48.86642156862745,7724,0.759,0.016,1.085,0.021,0.9219999999999999,0.018500000000000003
SRR2496709,1596,48.89705882352941,7724,0.449,0.011,0.56,0.016,0.5045000000000001,0.0135
SRR2496709,1597,48.927696078431374,7724,0.552,0.014,0.73,0.018,0.641,0.016
SRR2496709,1598,48.958333333333336,7724,0.433,0.011,0.531,0.013,0.482,0.012
SRR2496709,1599,48.9889705882353,7724,0.751,0.018,0.966,0.022,0.8585,0.019999999999999997
SRR2496709,1600,49.01960784313726,7724,0.341,0.01,0.418,0.012,0.3795,0.011
SRR2496709,1601,49.05024509803921,7724,0.286,0.009,0.349,0.01,0.3175,0.0095
SRR2496709,1602,49.080882352941174,7724,0.359,0.01,0.441,0.012,0.4,0.011
SRR2496709,1603,49.111519607843135,7724,0.47,0.012,0.594,0.015,0.532,0.0135
SRR2496709,1604,49.1421568627451,7724,1.006,0.023,1.335,0.029,1.1705,0.026000000000000002
SRR2496709,1605,49.17279411764706,7724,1.53,0.034,2.092,0.045,1.811,0.0395
SRR2496709,1606,49.20343137254902,7724,1.532,0.035,2.061,0.042,1.7965,0.038500000000000006
SRR2496709,1607,49.23406862745098,7724,1.02,0.023,1.35,0.029,1.185,0.026000000000000002
SRR2496709,1608,49.26470588235294,7724,1.128,0.024,1.53,0.031,1.329,0.0275
SRR2496709,1609,49.2953431372549,7724,1.051,0.029,1.36,0.034,1.2055,0.0315
SRR2496709,1610,49.325980392156865,7724,0.355,0.01,0.437,0.015,0.396,0.0125
SRR2496709,1611,49.356617647058826,7724,0.355,0.01,0.448,0.012,0.40149999999999997,0.011
SRR2496709,1612,49.38725490196079,7724,0.933,0.031,1.198,0.036,1.0655000000000001,0.0335
SRR2496709,1613,49.41789215686274,7724,1.103,0.025,1.445,0.029,1.274,0.027000000000000003
SRR2496709,1614,49.4485294117647,7724,0.418,0.011,0.539,0.014,0.47850000000000004,0.0125
SRR2496709,1615,49.479166666666664,7724,0.921,0.029,1.186,0.034,1.0535,0.0315
SRR2496709,1616,49.509803921568626,7724,1.332,0.031,1.75,0.039,1.541,0.035
SRR2496709,1617,49.54044117647059,7724,0.335,0.01,0.405,0.012,0.37,0.011
SRR2496709,1618,49.57107843137255,7724,0.384,0.011,0.478,0.013,0.431,0.012
SRR2496709,1619,49.60171568627451,7724,0.43,0.012,0.545,0.015,0.48750000000000004,0.0135
SRR2496709,1620,49.63235294117647,7724,0.343,0.011,0.423,0.013,0.383,0.012
SRR2496709,1621,49.66299019607843,7724,0.361,0.01,0.451,0.012,0.406,0.011
SRR2496709,1622,49.693627450980394,7724,0.323,0.009,0.39,0.011,0.35650000000000004,0.009999999999999998
SRR2496709,1623,49.724264705882355,7724,0.396,0.013,0.48,0.016,0.438,0.014499999999999999
SRR2496709,1624,49.754901960784316,7724,0.404,0.011,0.505,0.013,0.4545,0.012
SRR2496709,1625,49.78553921568628,7724,0.444,0.011,0.543,0.013,0.49350000000000005,0.012
SRR2496709,1626,49.81617647058823,7724,3.051,0.065,4.504,0.091,3.7775,0.078
SRR2496709,1627,49.84681372549019,7724,7.787,0.136,13.76,0.232,10.7735,0.184
SRR2496709,1628,49.877450980392155,7724,0.937,0.021,1.175,0.026,1.056,0.0235
SRR2496709,1629,49.908088235294116,7724,0.389,0.012,0.488,0.013,0.4385,0.0125
SRR2496709,1630,49.93872549019608,7724,0.476,0.019,0.594,0.018,0.5349999999999999,0.0185
SRR2496709,1631,49.96936274509804,7724,1.185,0.027,1.588,0.034,1.3865,0.0305
SRR2496709,1632,50.0,7724,0.671,0.016,0.897,0.019,0.784,0.0175
SRR2496709,1633,50.03063725490196,7724,1.706,0.04,2.366,0.05,2.036,0.045
SRR2496709,1634,50.06127450980392,7724,1.923,0.04,2.63,0.052,2.2765,0.046
SRR2496709,1635,50.091911764705884,7724,0.515,0.017,0.644,0.02,0.5795,0.018500000000000003
SRR2496709,1636,50.122549019607845,7724,0.743,0.027,0.933,0.029,0.8380000000000001,0.028
SRR2496709,1637,50.15318627450981,7724,1.423,0.035,1.929,0.043,1.6760000000000002,0.039
SRR2496709,1638,50.18382352941177,7724,1.641,0.04,2.267,0.055,1.954,0.0475
SRR2496709,1639,50.21446078431372,7724,0.531,0.014,0.654,0.016,0.5925,0.015
SRR2496709,1640,50.245098039215684,7724,0.439,0.012,0.542,0.013,0.49050000000000005,0.0125
SRR2496709,1641,50.275735294117645,7724,0.474,0.016,0.535,0.013,0.5045,0.014499999999999999
SRR2496709,1642,50.306372549019606,7724,0.918,0.03,1.188,0.034,1.053,0.032
SRR2496709,1643,50.33700980392157,7724,2.243,0.049,3.04,0.062,2.6414999999999997,0.0555
SRR2496709,1644,50.36764705882353,7724,1.405,0.033,1.893,0.04,1.649,0.036500000000000005
SRR2496709,1645,50.39828431372549,7724,1.296,0.032,1.771,0.04,1.5335,0.036000000000000004
SRR2496709,1646,50.42892156862745,7724,0.477,0.013,0.604,0.014,0.5405,0.0135
SRR2496709,1647,50.45955882352941,7724,0.39,0.011,0.503,0.013,0.4465,0.012
SRR2496709,1648,50.490196078431374,7724,0.525,0.014,0.672,0.016,0.5985,0.015
SRR2496709,1649,50.520833333333336,7724,0.975,0.021,1.37,0.027,1.1725,0.024
SRR2496709,1650,50.5514705882353,7724,0.419,0.012,0.53,0.015,0.47450000000000003,0.0135
SRR2496709,1651,50.58210784313726,7724,0.443,0.011,0.553,0.014,0.498,0.0125
SRR2496709,1652,50.61274509803921,7724,0.754,0.027,0.975,0.032,0.8645,0.0295
SRR2496709,1653,50.643382352941174,7724,1.492,0.039,2.025,0.047,1.7585,0.043
SRR2496709,1654,50.674019607843135,7724,0.955,0.031,1.186,0.034,1.0705,0.0325
SRR2496709,1655,50.7046568627451,7724,0.425,0.012,0.52,0.013,0.47250000000000003,0.0125
SRR2496709,1656,50.73529411764706,7724,0.374,0.011,0.459,0.012,0.4165,0.0115
SRR2496709,1657,50.76593137254902,7724,0.818,0.022,1.045,0.025,0.9315,0.0235
SRR2496709,1658,50.79656862745098,7724,1.453,0.041,1.961,0.048,1.707,0.0445
SRR2496709,1659,50.82720588235294,7724,1.13,0.027,1.436,0.031,1.283,0.028999999999999998
SRR2496709,1660,50.8578431372549,7724,0.976,0.023,1.237,0.027,1.1065,0.025
SRR2496709,1661,50.888480392156865,7724,0.368,0.011,0.439,0.012,0.40349999999999997,0.0115
SRR2496709,1662,50.919117647058826,7724,0.376,0.014,0.465,0.016,0.4205,0.015
SRR2496709,1663,50.94975490196079,7724,0.424,0.012,0.535,0.014,0.47950000000000004,0.013000000000000001
SRR2496709,1664,50.98039215686274,7724,0.343,0.011,0.422,0.014,0.3825,0.0125
SRR2496709,1665,51.0110294117647,7724,0.347,0.01,0.425,0.012,0.386,0.011
SRR2496709,1666,51.041666666666664,7724,0.362,0.011,0.448,0.012,0.405,0.0115
SRR2496709,1667,51.072303921568626,7724,0.339,0.01,0.422,0.012,0.3805,0.011
SRR2496709,1668,51.10294117647059,7724,0.401,0.016,0.443,0.012,0.42200000000000004,0.014
SRR2496709,1669,51.13357843137255,7724,1.102,0.03,1.437,0.037,1.2695,0.0335
SRR2496709,1670,51.16421568627451,7724,0.439,0.012,0.563,0.014,0.501,0.013000000000000001
SRR2496709,1671,51.19485294117647,7724,0.451,0.014,0.59,0.016,0.5205,0.015
SRR2496709,1672,51.22549019607843,7724,0.734,0.022,0.93,0.025,0.8320000000000001,0.0235
SRR2496709,1673,51.256127450980394,7724,0.396,0.015,0.477,0.016,0.4365,0.0155
SRR2496709,1674,51.286764705882355,7724,0.42,0.012,0.505,0.013,0.4625,0.0125
SRR2496709,1675,51.317401960784316,7724,0.426,0.012,0.513,0.013,0.46950000000000003,0.0125
SRR2496709,1676,51.34803921568628,7724,0.453,0.015,0.559,0.016,0.506,0.0155
SRR2496709,1677,51.37867647058823,7724,0.432,0.012,0.542,0.013,0.487,0.0125
SRR2496709,1678,51.40931372549019,7724,0.371,0.011,0.48,0.015,0.4255,0.013
SRR2496709,1679,51.439950980392155,7724,0.363,0.01,0.468,0.013,0.4155,0.0115
SRR2496709,1680,51.470588235294116,7724,0.421,0.011,0.544,0.014,0.48250000000000004,0.0125
SRR2496709,1681,51.50122549019608,7724,0.44,0.012,0.532,0.014,0.486,0.013000000000000001
SRR2496709,1682,51.53186274509804,7724,0.381,0.013,0.453,0.012,0.41700000000000004,0.0125
SRR2496709,1683,51.5625,7724,0.888,0.024,1.127,0.028,1.0075,0.026000000000000002
SRR2496709,1684,51.59313725490196,7724,0.415,0.011,0.513,0.013,0.46399999999999997,0.012
SRR2496709,1685,51.62377450980392,7724,0.471,0.012,0.593,0.014,0.532,0.013000000000000001
SRR2496709,1686,51.654411764705884,7724,0.353,0.011,0.425,0.012,0.389,0.0115
SRR2496709,1687,51.685049019607845,7724,0.458,0.013,0.593,0.015,0.5255,0.013999999999999999
SRR2496709,1688,51.71568627450981,7724,0.408,0.011,0.491,0.013,0.4495,0.012
SRR2496709,1689,51.74632352941177,7724,0.387,0.011,0.474,0.013,0.4305,0.012
SRR2496709,1690,51.77696078431372,7724,0.322,0.011,0.391,0.012,0.35650000000000004,0.0115
SRR2496709,1691,51.807598039215684,7724,0.483,0.014,0.597,0.016,0.54,0.015
SRR2496709,1692,51.838235294117645,7724,0.384,0.011,0.481,0.014,0.4325,0.0125
SRR2496709,1693,51.868872549019606,7724,0.355,0.01,0.433,0.012,0.394,0.011
SRR2496709,1694,51.89950980392157,7724,0.396,0.011,0.481,0.012,0.4385,0.0115
SRR2496709,1695,51.93014705882353,7724,0.379,0.01,0.465,0.013,0.42200000000000004,0.0115
SRR2496709,1696,51.96078431372549,7724,0.348,0.011,0.422,0.012,0.385,0.0115
SRR2496709,1697,51.99142156862745,7724,1.416,0.031,1.903,0.041,1.6595,0.036000000000000004
SRR2496709,1698,52.02205882352941,7724,1.525,0.038,2.074,0.047,1.7994999999999999,0.042499999999999996
SRR2496709,1699,52.052696078431374,7724,0.432,0.017,0.536,0.018,0.484,0.0175
SRR2496709,1700,52.083333333333336,7724,0.361,0.011,0.445,0.012,0.403,0.0115
SRR2496709,1701,52.1139705882353,7724,0.403,0.011,0.499,0.013,0.451,0.012
SRR2496709,1702,52.14460784313726,7724,0.406,0.011,0.506,0.013,0.456,0.012
SRR2496709,1703,52.17524509803921,7724,1.221,0.031,1.63,0.037,1.4255,0.034
SRR2496709,1704,52.205882352941174,7724,1.195,0.028,1.612,0.035,1.4035000000000002,0.0315
SRR2496709,1705,52.236519607843135,7724,0.491,0.012,0.647,0.014,0.569,0.013000000000000001
SRR2496709,1706,52.2671568627451,7724,1.498,0.032,2.009,0.04,1.7534999999999998,0.036000000000000004
SRR2496709,1707,52.29779411764706,7724,0.388,0.016,0.444,0.012,0.41600000000000004,0.014
SRR2496709,1708,52.32843137254902,7724,0.39,0.016,0.481,0.017,0.4355,0.0165
SRR2496709,1709,52.35906862745098,7724,0.384,0.011,0.471,0.013,0.4275,0.012
SRR2496709,1710,52.38970588235294,7724,0.376,0.013,0.461,0.015,0.4185,0.013999999999999999
SRR2496709,1711,52.4203431372549,7724,2.954,0.07,4.177,0.089,3.5655,0.0795
SRR2496709,1712,52.450980392156865,7724,8.411,0.151,14.689,0.243,11.55,0.197
SRR2496709,1713,52.481617647058826,7724,1.862,0.041,2.516,0.051,2.189,0.046
SRR2496709,1714,52.51225490196079,7724,0.578,0.016,0.737,0.018,0.6575,0.017
SRR2496709,1715,52.54289215686274,7724,0.468,0.014,0.594,0.016,0.531,0.015
SRR2496709,1716,52.5735294117647,7724,1.06,0.034,1.399,0.041,1.2295,0.037500000000000006
SRR2496709,1717,52.604166666666664,7724,0.95,0.024,1.233,0.031,1.0915,0.0275
SRR2496709,1718,52.634803921568626,7724,0.393,0.011,0.479,0.013,0.436,0.012
SRR2496709,1719,52.66544117647059,7724,0.34,0.01,0.421,0.012,0.3805,0.011
SRR2496709,1720,52.69607843137255,7724,0.328,0.009,0.395,0.011,0.36150000000000004,0.009999999999999998
SRR2496709,1721,52.72671568627451,7724,0.357,0.01,0.438,0.012,0.39749999999999996,0.011
SRR2496709,1722,52.75735294117647,7724,0.447,0.012,0.55,0.015,0.49850000000000005,0.0135
SRR2496709,1723,52.78799019607843,7724,0.324,0.01,0.399,0.011,0.36150000000000004,0.010499999999999999
SRR2496709,1724,52.818627450980394,7724,0.372,0.012,0.457,0.014,0.4145,0.013000000000000001
SRR2496709,1725,52.849264705882355,7724,0.391,0.012,0.481,0.014,0.436,0.013000000000000001
SRR2496709,1726,52.879901960784316,7724,1.229,0.031,1.634,0.036,1.4315,0.0335
SRR2496709,1727,52.91053921568628,7724,0.621,0.019,0.776,0.022,0.6985,0.020499999999999997
SRR2496709,1728,52.94117647058823,7724,0.376,0.016,0.466,0.018,0.42100000000000004,0.017
SRR2496709,1729,52.97181372549019,7724,0.379,0.011,0.463,0.012,0.42100000000000004,0.0115
SRR2496709,1730,53.002450980392155,7724,0.352,0.01,0.43,0.012,0.391,0.011
SRR2496709,1731,53.033088235294116,7724,0.52,0.013,0.664,0.016,0.5920000000000001,0.014499999999999999
SRR2496709,1732,53.06372549019608,7724,1.4,0.036,1.864,0.044,1.6320000000000001,0.039999999999999994
SRR2496709,1733,53.09436274509804,7724,0.345,0.01,0.423,0.012,0.384,0.011
SRR2496709,1734,53.125,7724,0.362,0.01,0.442,0.012,0.402,0.011
SRR2496709,1735,53.15563725490196,7724,0.439,0.012,0.548,0.014,0.49350000000000005,0.013000000000000001
SRR2496709,1736,53.18627450980392,7724,0.381,0.012,0.462,0.013,0.4215,0.0125
SRR2496709,1737,53.216911764705884,7724,0.584,0.015,0.789,0.019,0.6865,0.017
SRR2496709,1738,53.247549019607845,7724,0.383,0.011,0.472,0.012,0.4275,0.0115
SRR2496709,1739,53.27818627450981,7724,0.408,0.011,0.505,0.013,0.4565,0.012
SRR2496709,1740,53.30882352941177,7724,0.322,0.01,0.389,0.011,0.35550000000000004,0.010499999999999999
SRR2496709,1741,53.33946078431372,7724,0.406,0.016,0.506,0.018,0.456,0.017
SRR2496709,1742,53.370098039215684,7724,0.389,0.012,0.49,0.014,0.4395,0.013000000000000001
SRR2496709,1743,53.400735294117645,7724,0.409,0.012,0.505,0.014,0.45699999999999996,0.013000000000000001
SRR2496709,1744,53.431372549019606,7724,0.37,0.01,0.454,0.013,0.41200000000000003,0.0115
SRR2496709,1745,53.46200980392157,7724,0.344,0.01,0.423,0.012,0.38349999999999995,0.011
SRR2496709,1746,53.49264705882353,7724,0.391,0.011,0.518,0.014,0.4545,0.0125
SRR2496709,1747,53.52328431372549,7724,0.422,0.011,0.535,0.013,0.47850000000000004,0.012
SRR2496709,1748,53.55392156862745,7724,0.993,0.03,1.268,0.034,1.1305,0.032
SRR2496709,1749,53.58455882352941,7724,0.662,0.018,0.838,0.021,0.75,0.0195
SRR2496709,1750,53.615196078431374,7724,0.427,0.011,0.529,0.013,0.478,0.012
SRR2496709,1751,53.645833333333336,7724,0.873,0.027,1.116,0.032,0.9945,0.0295
SRR2496709,1752,53.6764705882353,7724,1.32,0.03,1.808,0.039,1.564,0.0345
SRR2496709,1753,53.70710784313726,7724,0.571,0.013,0.707,0.016,0.639,0.014499999999999999
SRR2496709,1754,53.73774509803921,7724,0.35,0.01,0.429,0.012,0.38949999999999996,0.011
SRR2496709,1755,53.768382352941174,7724,0.333,0.01,0.411,0.012,0.372,0.011
SRR2496709,1756,53.799019607843135,7724,1.422,0.032,1.919,0.04,1.6705,0.036000000000000004
SRR2496709,1757,53.8296568627451,7724,1.55,0.036,2.054,0.045,1.802,0.040499999999999994
SRR2496709,1758,53.86029411764706,7724,1.534,0.038,2.034,0.046,1.7839999999999998,0.041999999999999996
SRR2496709,1759,53.89093137254902,7724,0.316,0.01,0.396,0.012,0.356,0.011
SRR2496709,1760,53.92156862745098,7724,0.369,0.012,0.476,0.016,0.4225,0.014
SRR2496709,1761,53.95220588235294,7724,0.394,0.016,0.485,0.018,0.4395,0.017
SRR2496709,1762,53.9828431372549,7724,0.48,0.013,0.609,0.016,0.5445,0.014499999999999999
SRR2496709,1763,54.013480392156865,7724,0.517,0.017,0.662,0.02,0.5895,0.018500000000000003
SRR2496709,1764,54.044117647058826,7724,0.666,0.021,0.859,0.027,0.7625,0.024
SRR2496709,1765,54.07475490196079,7724,1.773,0.045,2.331,0.053,2.052,0.049
SRR2496709,1766,54.10539215686274,7724,0.492,0.017,0.582,0.015,0.5369999999999999,0.016
SRR2496709,1767,54.1360294117647,7724,0.368,0.01,0.457,0.013,0.4125,0.0115
SRR2496709,1768,54.166666666666664,7724,0.357,0.011,0.435,0.012,0.396,0.0115
SRR2496709,1769,54.197303921568626,7724,0.516,0.016,0.662,0.019,0.589,0.0175
SRR2496709,1770,54.22794117647059,7724,0.41,0.011,0.521,0.013,0.4655,0.012
SRR2496709,1771,54.25857843137255,7724,0.337,0.01,0.414,0.012,0.3755,0.011
SRR2496709,1772,54.28921568627451,7724,0.375,0.01,0.472,0.013,0.4235,0.0115
SRR2496709,1773,54.31985294117647,7724,0.34,0.01,0.413,0.012,0.3765,0.011
SRR2496709,1774,54.35049019607843,7724,0.922,0.025,1.198,0.03,1.06,0.0275
SRR2496709,1775,54.381127450980394,7724,0.354,0.01,0.438,0.013,0.396,0.0115
SRR2496709,1776,54.411764705882355,7724,0.566,0.013,0.715,0.015,0.6405,0.013999999999999999
SRR2496709,1777,54.442401960784316,7724,0.35,0.01,0.432,0.012,0.391,0.011
SRR2496709,1778,54.47303921568628,7724,0.35,0.011,0.428,0.012,0.389,0.0115
SRR2496709,1779,54.50367647058823,7724,0.295,0.009,0.36,0.011,0.3275,0.009999999999999998
SRR2496709,1780,54.53431372549019,7724,0.324,0.009,0.395,0.011,0.35950000000000004,0.009999999999999998
SRR2496709,1781,54.564950980392155,7724,0.328,0.009,0.413,0.011,0.3705,0.009999999999999998
SRR2496709,1782,54.595588235294116,7724,0.429,0.016,0.539,0.015,0.484,0.0155
SRR2496709,1783,54.62622549019608,7724,0.53,0.014,0.673,0.017,0.6015,0.0155
SRR2496709,1784,54.65686274509804,7724,0.613,0.016,0.813,0.019,0.713,0.0175
SRR2496709,1785,54.6875,7724,0.384,0.01,0.468,0.012,0.42600000000000005,0.011
SRR2496709,1786,54.71813725490196,7724,0.762,0.019,0.945,0.021,0.8534999999999999,0.02
SRR2496709,1787,54.74877450980392,7724,0.73,0.02,0.903,0.023,0.8165,0.0215
SRR2496709,1788,54.779411764705884,7724,0.38,0.011,0.455,0.014,0.4175,0.0125
SRR2496709,1789,54.810049019607845,7724,0.354,0.01,0.437,0.012,0.39549999999999996,0.011
SRR2496709,1790,54.84068627450981,7724,0.398,0.011,0.492,0.012,0.445,0.0115
SRR2496709,1791,54.87132352941177,7724,0.333,0.01,0.409,0.012,0.371,0.011
SRR2496709,1792,54.90196078431372,7724,0.452,0.013,0.568,0.015,0.51,0.013999999999999999
SRR2496709,1793,54.932598039215684,7724,0.407,0.011,0.503,0.013,0.45499999999999996,0.012
SRR2496709,1794,54.963235294117645,7724,0.362,0.01,0.448,0.012,0.405,0.011
SRR2496709,1795,54.993872549019606,7724,0.345,0.01,0.421,0.012,0.383,0.011
SRR2496709,1796,55.02450980392157,7724,0.363,0.01,0.45,0.012,0.4065,0.011
SRR2496709,1797,55.05514705882353,7724,0.355,0.01,0.428,0.012,0.39149999999999996,0.011
SRR2496709,1798,55.08578431372549,7724,0.363,0.011,0.444,0.012,0.40349999999999997,0.0115
SRR2496709,1799,55.11642156862745,7724,0.322,0.01,0.398,0.012,0.36,0.011
SRR2496709,1800,55.14705882352941,7724,0.485,0.012,0.632,0.015,0.5585,0.0135
SRR2496709,1801,55.177696078431374,7724,0.392,0.011,0.486,0.014,0.439,0.0125
SRR2496709,1802,55.208333333333336,7724,0.373,0.01,0.461,0.012,0.41700000000000004,0.011
SRR2496709,1803,55.2389705882353,7724,0.339,0.01,0.417,0.012,0.378,0.011
SRR2496709,1804,55.26960784313726,7724,0.357,0.01,0.442,0.012,0.39949999999999997,0.011
SRR2496709,1805,55.30024509803921,7724,0.352,0.01,0.43,0.012,0.391,0.011
SRR2496709,1806,55.330882352941174,7724,0.38,0.01,0.469,0.012,0.4245,0.011
SRR2496709,1807,55.361519607843135,7724,0.429,0.015,0.536,0.017,0.48250000000000004,0.016
SRR2496709,1808,55.3921568627451,7724,0.395,0.011,0.494,0.013,0.4445,0.012
SRR2496709,1809,55.42279411764706,7724,0.398,0.014,0.492,0.017,0.445,0.0155
SRR2496709,1810,55.45343137254902,7724,0.479,0.012,0.623,0.015,0.5509999999999999,0.0135
SRR2496709,1811,55.48406862745098,7724,0.652,0.014,0.864,0.018,0.758,0.016
SRR2496709,1812,55.51470588235294,7724,0.464,0.012,0.576,0.014,0.52,0.013000000000000001
SRR2496709,1813,55.5453431372549,7724,0.514,0.02,0.59,0.019,0.552,0.0195
SRR2496709,1814,55.575980392156865,7724,0.359,0.014,0.36,0.015,0.3595,0.014499999999999999
SRR2496709,1815,55.606617647058826,7724,0.402,0.013,0.407,0.013,0.40449999999999997,0.013
SRR2496709,1816,55.63725490196079,7724,0.565,0.015,0.566,0.015,0.5654999999999999,0.015
SRR2496709,1817,55.66789215686274,7724,0.48,0.012,0.48,0.012,0.48,0.012
SRR2496709,1818,55.6985294117647,7724,0.411,0.011,0.415,0.012,0.413,0.0115
SRR2496709,1819,55.729166666666664,7724,0.399,0.012,0.407,0.012,0.403,0.012
SRR2496709,1820,55.759803921568626,7724,0.445,0.012,0.449,0.012,0.447,0.012
SRR2496709,1821,55.79044117647059,7724,0.456,0.013,0.457,0.014,0.4565,0.0135
SRR2496709,1822,55.82107843137255,7724,0.622,0.024,0.624,0.023,0.623,0.0235
SRR2496709,1823,55.85171568627451,7724,0.787,0.021,0.779,0.021,0.783,0.021
SRR2496709,1824,55.88235294117647,7724,1.632,0.039,1.606,0.038,1.619,0.0385
SRR2496709,1825,55.91299019607843,7724,1.392,0.032,1.361,0.033,1.3765,0.0325
SRR2496709,1826,55.943627450980394,7724,0.441,0.012,0.448,0.012,0.4445,0.012
SRR2496709,1827,55.974264705882355,7724,0.614,0.014,0.615,0.015,0.6145,0.014499999999999999
SRR2496709,1828,56.004901960784316,7724,1.376,0.029,1.378,0.028,1.3769999999999998,0.0285
SRR2496709,1829,56.03553921568628,7724,2.028,0.043,2.012,0.043,2.02,0.043
SRR2496709,1830,56.06617647058823,7724,1.989,0.042,1.98,0.043,1.9845000000000002,0.042499999999999996
SRR2496709,1831,56.09681372549019,7724,2.947,0.061,2.933,0.06,2.94,0.0605
SRR2496709,1832,56.127450980392155,7724,2.183,0.046,2.171,0.045,2.1769999999999996,0.0455
SRR2496709,1833,56.158088235294116,7724,2.822,0.055,2.81,0.057,2.816,0.056
SRR2496709,1834,56.18872549019608,7724,2.77,0.051,2.783,0.051,2.7765,0.051
SRR2496709,1835,56.21936274509804,7724,9.694,0.159,9.813,0.161,9.7535,0.16
SRR2496709,1836,56.25,7724,26.925,0.45,27.305,0.458,27.115000000000002,0.454
SRR2496709,1837,56.28063725490196,7724,8.956,0.149,8.954,0.148,8.955,0.1485
SRR2496709,1838,56.31127450980392,7724,0.511,0.013,0.516,0.014,0.5135000000000001,0.0135
SRR2496709,1839,56.341911764705884,7724,0.424,0.012,0.427,0.012,0.4255,0.012
SRR2496709,1840,56.372549019607845,7724,0.409,0.011,0.417,0.012,0.413,0.0115
SRR2496709,1841,56.40318627450981,7724,0.433,0.012,0.44,0.012,0.4365,0.012
SRR2496709,1842,56.43382352941177,7724,0.436,0.012,0.44,0.013,0.438,0.0125
SRR2496709,1843,56.46446078431372,7724,0.365,0.01,0.365,0.011,0.365,0.010499999999999999
SRR2496709,1844,56.495098039215684,7724,0.373,0.01,0.378,0.011,0.3755,0.010499999999999999
SRR2496709,1845,56.525735294117645,7724,0.443,0.011,0.449,0.012,0.446,0.0115
SRR2496709,1846,56.556372549019606,7724,0.369,0.01,0.374,0.011,0.3715,0.010499999999999999
SRR2496709,1847,56.58700980392157,7724,0.358,0.01,0.367,0.011,0.3625,0.010499999999999999
SRR2496709,1848,56.61764705882353,7724,0.44,0.011,0.444,0.012,0.442,0.0115
SRR2496709,1849,56.64828431372549,7724,0.383,0.01,0.386,0.011,0.3845,0.010499999999999999
SRR2496709,1850,56.67892156862745,7724,0.374,0.01,0.382,0.011,0.378,0.010499999999999999
SRR2496709,1851,56.70955882352941,7724,0.504,0.013,0.508,0.013,0.506,0.013
SRR2496709,1852,56.740196078431374,7724,0.401,0.012,0.409,0.012,0.405,0.012
SRR2496709,1853,56.770833333333336,7724,0.414,0.011,0.423,0.012,0.4185,0.0115
SRR2496709,1854,56.8014705882353,7724,0.377,0.01,0.383,0.011,0.38,0.010499999999999999
SRR2496709,1855,56.83210784313726,7724,0.502,0.012,0.506,0.013,0.504,0.0125
SRR2496709,1856,56.86274509803921,7724,0.537,0.013,0.546,0.013,0.5415000000000001,0.013
SRR2496709,1857,56.893382352941174,7724,0.544,0.013,0.544,0.013,0.544,0.013
SRR2496709,1858,56.924019607843135,7724,0.406,0.011,0.41,0.011,0.40800000000000003,0.011
SRR2496709,1859,56.9546568627451,7724,0.371,0.01,0.374,0.011,0.3725,0.010499999999999999
SRR2496709,1860,56.98529411764706,7724,0.665,0.015,0.673,0.016,0.669,0.0155
SRR2496709,1861,57.01593137254902,7724,0.422,0.011,0.427,0.012,0.4245,0.0115
SRR2496709,1862,57.04656862745098,7724,0.469,0.012,0.475,0.013,0.472,0.0125
SRR2496709,1863,57.07720588235294,7724,0.508,0.012,0.517,0.013,0.5125,0.0125
SRR2496709,1864,57.1078431372549,7724,0.519,0.012,0.521,0.013,0.52,0.0125
SRR2496709,1865,57.138480392156865,7724,0.554,0.013,0.555,0.013,0.5545,0.013
SRR2496709,1866,57.169117647058826,7724,0.554,0.013,0.561,0.015,0.5575000000000001,0.013999999999999999
SRR2496709,1867,57.19975490196079,7724,0.458,0.012,0.464,0.013,0.461,0.0125
SRR2496709,1868,57.23039215686274,7724,0.442,0.011,0.446,0.012,0.444,0.0115
SRR2496709,1869,57.2610294117647,7724,1.224,0.035,1.214,0.033,1.2189999999999999,0.034
SRR2496709,1870,57.291666666666664,7724,0.834,0.018,0.831,0.018,0.8325,0.018
SRR2496709,1871,57.322303921568626,7724,0.875,0.02,0.871,0.02,0.873,0.02
SRR2496709,1872,57.35294117647059,7724,0.693,0.014,0.692,0.015,0.6924999999999999,0.014499999999999999
SRR2496709,1873,57.38357843137255,7724,1.343,0.03,1.342,0.031,1.3425,0.0305
SRR2496709,1874,57.41421568627451,7724,0.574,0.014,0.58,0.014,0.577,0.014
SRR2496709,1875,57.44485294117647,7724,1.361,0.032,1.351,0.034,1.3559999999999999,0.033
SRR2496709,1876,57.47549019607843,7724,1.842,0.04,1.827,0.041,1.8345,0.0405
SRR2496709,1877,57.506127450980394,7724,0.519,0.016,0.523,0.018,0.521,0.017
SRR2496709,1878,57.536764705882355,7724,0.452,0.012,0.46,0.012,0.456,0.012
SRR2496709,1879,57.567401960784316,7724,0.47,0.012,0.473,0.013,0.4715,0.0125
SRR2496709,1880,57.59803921568628,7724,0.431,0.012,0.436,0.012,0.4335,0.012
SRR2496709,1881,57.62867647058823,7724,0.438,0.013,0.443,0.013,0.4405,0.013
SRR2496709,1882,57.65931372549019,7724,2.299,0.045,2.287,0.045,2.293,0.045
SRR2496709,1883,57.689950980392155,7724,0.474,0.012,0.48,0.013,0.477,0.0125
SRR2496709,1884,57.720588235294116,7724,0.459,0.012,0.465,0.012,0.462,0.012
SRR2496709,1885,57.75122549019608,7724,0.799,0.016,0.799,0.017,0.799,0.0165
SRR2496709,1886,57.78186274509804,7724,0.592,0.014,0.593,0.014,0.5925,0.014
SRR2496709,1887,57.8125,7724,0.448,0.011,0.455,0.013,0.4515,0.012
SRR2496709,1888,57.84313725490196,7724,0.5,0.014,0.505,0.014,0.5025,0.014
SRR2496709,1889,57.87377450980392,7724,0.589,0.016,0.588,0.016,0.5885,0.016
SRR2496709,1890,57.904411764705884,7724,0.628,0.017,0.627,0.017,0.6275,0.017
SRR2496709,1891,57.935049019607845,7724,0.574,0.016,0.57,0.017,0.572,0.0165
SRR2496709,1892,57.96568627450981,7724,0.465,0.012,0.474,0.013,0.46950000000000003,0.0125
SRR2496709,1893,57.99632352941177,7724,1.92,0.042,1.902,0.042,1.911,0.042
SRR2496709,1894,58.02696078431372,7724,1.128,0.03,1.137,0.03,1.1324999999999998,0.03
SRR2496709,1895,58.057598039215684,7724,2.79,0.061,2.757,0.061,2.7735000000000003,0.061
SRR2496709,1896,58.088235294117645,7724,1.787,0.04,1.772,0.038,1.7795,0.039
SRR2496709,1897,58.118872549019606,7724,0.693,0.015,0.696,0.016,0.6944999999999999,0.0155
SRR2496709,1898,58.14950980392157,7724,0.804,0.018,0.805,0.018,0.8045,0.018
SRR2496709,1899,58.18014705882353,7724,0.637,0.014,0.661,0.015,0.649,0.014499999999999999
SRR2496709,1900,58.21078431372549,7724,0.745,0.016,0.773,0.016,0.759,0.016
SRR2496709,1901,58.24142156862745,7724,0.952,0.02,0.974,0.021,0.963,0.0205
SRR2496709,1902,58.27205882352941,7724,0.64,0.014,0.645,0.015,0.6425000000000001,0.014499999999999999
SRR2496709,1903,58.302696078431374,7724,0.784,0.021,0.784,0.021,0.784,0.021
SRR2496709,1904,58.333333333333336,7724,1.343,0.034,1.337,0.033,1.3399999999999999,0.0335
SRR2496709,1905,58.3639705882353,7724,2.247,0.052,2.22,0.051,2.2335000000000003,0.0515
SRR2496709,1906,58.39460784313726,7724,3.118,0.06,3.117,0.058,3.1174999999999997,0.059
SRR2496709,1907,58.42524509803921,7724,0.852,0.019,0.842,0.019,0.847,0.019
SRR2496709,1908,58.455882352941174,7724,0.503,0.013,0.509,0.013,0.506,0.013
SRR2496709,1909,58.486519607843135,7724,0.447,0.012,0.451,0.012,0.449,0.012
SRR2496709,1910,58.5171568627451,7724,0.425,0.012,0.429,0.013,0.427,0.0125
SRR2496709,1911,58.54779411764706,7724,0.538,0.014,0.551,0.015,0.5445,0.014499999999999999
SRR2496709,1912,58.57843137254902,7724,1.529,0.043,1.508,0.044,1.5185,0.0435
SRR2496709,1913,58.60906862745098,7724,1.135,0.028,1.135,0.028,1.135,0.028
SRR2496709,1914,58.63970588235294,7724,0.591,0.015,0.595,0.015,0.593,0.015
SRR2496709,1915,58.6703431372549,7724,1.37,0.028,1.365,0.029,1.3675000000000002,0.0285
SRR2496709,1916,58.700980392156865,7724,0.869,0.018,0.867,0.018,0.868,0.018
SRR2496709,1917,58.731617647058826,7724,0.624,0.016,0.631,0.016,0.6275,0.016
SRR2496709,1918,58.76225490196079,7724,0.455,0.012,0.462,0.012,0.4585,0.012
SRR2496709,1919,58.79289215686274,7724,0.457,0.012,0.465,0.013,0.461,0.0125
SRR2496709,1920,58.8235294117647,7724,0.462,0.012,0.468,0.012,0.465,0.012
SRR2496709,1921,58.854166666666664,7724,0.419,0.011,0.429,0.012,0.424,0.0115
SRR2496709,1922,58.884803921568626,7724,0.764,0.016,0.763,0.016,0.7635000000000001,0.016
SRR2496709,1923,58.91544117647059,7724,0.682,0.015,0.681,0.015,0.6815,0.015
SRR2496709,1924,58.94607843137255,7724,0.55,0.014,0.55,0.014,0.55,0.014
SRR2496709,1925,58.97671568627451,7724,0.407,0.011,0.412,0.011,0.4095,0.011
SRR2496709,1926,59.00735294117647,7724,0.745,0.017,0.754,0.018,0.7495,0.0175
SRR2496709,1927,59.03799019607843,7724,0.496,0.012,0.503,0.013,0.4995,0.0125
SRR2496709,1928,59.068627450980394,7724,0.415,0.011,0.42,0.012,0.4175,0.0115
SRR2496709,1929,59.099264705882355,7724,0.404,0.011,0.407,0.011,0.40549999999999997,0.011
SRR2496709,1930,59.129901960784316,7724,0.418,0.011,0.403,0.013,0.4105,0.012
SRR2496709,1931,59.16053921568628,7724,1.03,0.023,1.033,0.023,1.0314999999999999,0.023
SRR2496709,1932,59.19117647058823,7724,2.18,0.041,2.179,0.042,2.1795,0.0415
SRR2496709,1933,59.22181372549019,7724,0.83,0.023,0.832,0.023,0.831,0.023
SRR2496709,1934,59.252450980392155,7724,0.522,0.013,0.528,0.013,0.525,0.013
SRR2496709,1935,59.283088235294116,7724,0.384,0.011,0.391,0.011,0.3875,0.011
SRR2496709,1936,59.31372549019608,7724,0.462,0.012,0.474,0.013,0.46799999999999997,0.0125
SRR2496709,1937,59.34436274509804,7724,0.903,0.019,0.911,0.019,0.907,0.019
SRR2496709,1938,59.375,7724,0.902,0.019,0.909,0.019,0.9055,0.019
SRR2496709,1939,59.40563725490196,7724,2.307,0.046,2.334,0.046,2.3205,0.046
SRR2496709,1940,59.43627450980392,7724,0.631,0.017,0.633,0.017,0.632,0.017
SRR2496709,1941,59.466911764705884,7724,0.864,0.021,0.854,0.021,0.859,0.021
SRR2496709,1942,59.497549019607845,7724,0.556,0.016,0.559,0.015,0.5575000000000001,0.0155
SRR2496709,1943,59.52818627450981,7724,0.382,0.011,0.39,0.011,0.386,0.011
SRR2496709,1944,59.55882352941177,7724,0.442,0.012,0.449,0.012,0.4455,0.012
SRR2496709,1945,59.58946078431372,7724,0.478,0.012,0.481,0.013,0.4795,0.0125
SRR2496709,1946,59.620098039215684,7724,0.566,0.015,0.568,0.016,0.567,0.0155
SRR2496709,1947,59.650735294117645,7724,0.474,0.012,0.48,0.013,0.477,0.0125
SRR2496709,1948,59.681372549019606,7724,0.439,0.013,0.419,0.015,0.429,0.013999999999999999
SRR2496709,1949,59.71200980392157,7724,0.557,0.016,0.561,0.016,0.559,0.016
SRR2496709,1950,59.74264705882353,7724,0.728,0.022,0.71,0.02,0.719,0.020999999999999998
SRR2496709,1951,59.77328431372549,7724,1.955,0.043,1.943,0.042,1.949,0.042499999999999996
SRR2496709,1952,59.80392156862745,7724,1.975,0.037,1.96,0.036,1.9675,0.0365
SRR2496709,1953,59.83455882352941,7724,0.671,0.017,0.669,0.017,0.67,0.017
SRR2496709,1954,59.865196078431374,7724,0.472,0.012,0.478,0.012,0.475,0.012
SRR2496709,1955,59.895833333333336,7724,0.986,0.03,0.98,0.029,0.983,0.0295
SRR2496709,1956,59.9264705882353,7724,0.375,0.013,0.375,0.011,0.375,0.012
SRR2496709,1957,59.95710784313726,7724,0.411,0.011,0.415,0.012,0.413,0.0115
SRR2496709,1958,59.98774509803921,7724,0.393,0.012,0.393,0.012,0.393,0.012
SRR2496709,1959,60.018382352941174,7724,0.43,0.011,0.44,0.012,0.435,0.0115
SRR2496709,1960,60.049019607843135,7724,1.922,0.045,1.905,0.045,1.9135,0.045
SRR2496709,1961,60.0796568627451,7724,0.484,0.012,0.488,0.013,0.486,0.0125
SRR2496709,1962,60.11029411764706,7724,0.422,0.011,0.427,0.012,0.4245,0.0115
SRR2496709,1963,60.14093137254902,7724,2.028,0.045,2.014,0.046,2.021,0.0455
SRR2496709,1964,60.17156862745098,7724,1.523,0.031,1.51,0.031,1.5165,0.031
SRR2496709,1965,60.20220588235294,7724,0.533,0.013,0.536,0.014,0.5345,0.0135
SRR2496709,1966,60.2328431372549,7724,0.36,0.01,0.372,0.011,0.366,0.010499999999999999
SRR2496709,1967,60.263480392156865,7724,0.438,0.015,0.427,0.017,0.4325,0.016
SRR2496709,1968,60.294117647058826,7724,1.329,0.03,1.316,0.033,1.3225,0.0315
SRR2496709,1969,60.32475490196079,7724,2.262,0.047,2.245,0.048,2.2535,0.0475
SRR2496709,1970,60.35539215686274,7724,0.867,0.022,0.872,0.022,0.8694999999999999,0.022
SRR2496709,1971,60.3860294117647,7724,0.41,0.012,0.418,0.013,0.414,0.0125
SRR2496709,1972,60.416666666666664,7724,0.431,0.011,0.434,0.012,0.4325,0.0115
SRR2496709,1973,60.447303921568626,7724,0.622,0.016,0.628,0.017,0.625,0.0165
SRR2496709,1974,60.47794117647059,7724,1.446,0.044,1.453,0.048,1.4495,0.046
SRR2496709,1975,60.50857843137255,7724,2.075,0.041,2.06,0.041,2.0675,0.041
SRR2496709,1976,60.53921568627451,7724,3.368,0.073,3.395,0.073,3.3815,0.073
SRR2496709,1977,60.56985294117647,7724,16.367,0.273,16.343,0.272,16.355,0.2725
SRR2496709,1978,60.60049019607843,7724,1.334,0.038,1.328,0.037,1.331,0.0375
SRR2496709,1979,60.631127450980394,7724,0.512,0.013,0.514,0.013,0.513,0.013
SRR2496709,1980,60.661764705882355,7724,1.476,0.037,1.463,0.037,1.4695,0.037
SRR2496709,1981,60.692401960784316,7724,0.938,0.02,0.931,0.021,0.9345,0.0205
SRR2496709,1982,60.72303921568628,7724,0.502,0.013,0.506,0.013,0.504,0.013
SRR2496709,1983,60.75367647058823,7724,0.407,0.011,0.416,0.012,0.4115,0.0115
SRR2496709,1984,60.78431372549019,7724,0.52,0.013,0.522,0.013,0.521,0.013
SRR2496709,1985,60.814950980392155,7724,0.475,0.012,0.483,0.013,0.479,0.0125
SRR2496709,1986,60.845588235294116,7724,0.505,0.015,0.516,0.016,0.5105,0.0155
SRR2496709,1987,60.87622549019608,7724,0.526,0.014,0.533,0.014,0.5295000000000001,0.014
SRR2496709,1988,60.90686274509804,7724,0.64,0.019,0.638,0.02,0.639,0.0195
SRR2496709,1989,60.9375,7724,0.468,0.012,0.477,0.013,0.47250000000000003,0.0125
SRR2496709,1990,60.96813725490196,7724,0.457,0.011,0.461,0.012,0.459,0.0115
SRR2496709,1991,60.99877450980392,7724,0.467,0.012,0.477,0.013,0.472,0.0125
SRR2496709,1992,61.029411764705884,7724,0.403,0.011,0.405,0.011,0.404,0.011
SRR2496709,1993,61.060049019607845,7724,0.483,0.016,0.483,0.016,0.483,0.016
SRR2496709,1994,61.09068627450981,7724,1.669,0.034,1.657,0.035,1.663,0.0345
SRR2496709,1995,61.12132352941177,7724,0.488,0.014,0.491,0.014,0.4895,0.014
SRR2496709,1996,61.15196078431372,7724,0.613,0.014,0.618,0.015,0.6154999999999999,0.014499999999999999
SRR2496709,1997,61.182598039215684,7724,0.446,0.012,0.453,0.012,0.4495,0.012
SRR2496709,1998,61.213235294117645,7724,0.426,0.011,0.43,0.012,0.428,0.0115
SRR2496709,1999,61.243872549019606,7724,1.442,0.034,1.428,0.033,1.435,0.0335
SRR2496709,2000,61.27450980392157,7724,0.465,0.012,0.431,0.016,0.448,0.014
SRR2496709,2001,61.30514705882353,7724,0.424,0.011,0.429,0.012,0.4265,0.0115
SRR2496709,2002,61.33578431372549,7724,0.443,0.012,0.447,0.012,0.445,0.012
SRR2496709,2003,61.36642156862745,7724,0.509,0.013,0.515,0.013,0.512,0.013
SRR2496709,2004,61.39705882352941,7724,0.5,0.02,0.504,0.021,0.502,0.0205
SRR2496709,2005,61.427696078431374,7724,0.461,0.012,0.468,0.012,0.4645,0.012
SRR2496709,2006,61.458333333333336,7724,0.42,0.011,0.425,0.011,0.4225,0.011
SRR2496709,2007,61.4889705882353,7724,0.425,0.011,0.429,0.012,0.427,0.0115
SRR2496709,2008,61.51960784313726,7724,0.447,0.012,0.45,0.012,0.4485,0.012
SRR2496709,2009,61.55024509803921,7724,0.49,0.012,0.497,0.013,0.4935,0.0125
SRR2496709,2010,61.580882352941174,7724,0.376,0.011,0.382,0.012,0.379,0.0115
SRR2496709,2011,61.611519607843135,7724,0.44,0.012,0.446,0.012,0.443,0.012
SRR2496709,2012,61.6421568627451,7724,1.074,0.026,1.075,0.027,1.0745,0.0265
SRR2496709,2013,61.67279411764706,7724,1.546,0.034,1.526,0.034,1.536,0.034
SRR2496709,2014,61.70343137254902,7724,1.336,0.031,1.318,0.03,1.327,0.0305
SRR2496709,2015,61.73406862745098,7724,0.435,0.012,0.44,0.012,0.4375,0.012
SRR2496709,2016,61.76470588235294,7724,0.528,0.018,0.531,0.018,0.5295000000000001,0.018
SRR2496709,2017,61.7953431372549,7724,0.441,0.012,0.448,0.012,0.4445,0.012
SRR2496709,2018,61.825980392156865,7724,0.783,0.017,0.793,0.017,0.788,0.017
SRR2496709,2019,61.856617647058826,7724,0.455,0.012,0.455,0.012,0.455,0.012
SRR2496709,2020,61.88725490196079,7724,0.461,0.013,0.465,0.013,0.463,0.013
SRR2496709,2021,61.91789215686274,7724,2.163,0.046,2.147,0.048,2.155,0.047
SRR2496709,2022,61.9485294117647,7724,0.608,0.016,0.609,0.016,0.6085,0.016
SRR2496709,2023,61.979166666666664,7724,0.591,0.014,0.587,0.014,0.589,0.014
SRR2496709,2024,62.009803921568626,7724,0.758,0.017,0.746,0.017,0.752,0.017
SRR2496709,2025,62.04044117647059,7724,2.257,0.046,2.246,0.046,2.2515,0.046
SRR2496709,2026,62.07107843137255,7724,0.626,0.019,0.634,0.019,0.63,0.019
SRR2496709,2027,62.10171568627451,7724,0.678,0.019,0.682,0.018,0.68,0.0185
SRR2496709,2028,62.13235294117647,7724,0.591,0.016,0.595,0.016,0.593,0.016
SRR2496709,2029,62.16299019607843,7724,0.589,0.014,0.587,0.014,0.588,0.014
SRR2496709,2030,62.193627450980394,7724,0.847,0.026,0.848,0.026,0.8474999999999999,0.026
SRR2496709,2031,62.224264705882355,7724,1.365,0.03,1.357,0.032,1.361,0.031
SRR2496709,2032,62.254901960784316,7724,0.678,0.021,0.677,0.021,0.6775,0.021
SRR2496709,2033,62.28553921568628,7724,0.451,0.012,0.455,0.012,0.453,0.012
SRR2496709,2034,62.31617647058823,7724,0.462,0.012,0.467,0.012,0.4645,0.012
SRR2496709,2035,62.34681372549019,7724,0.446,0.011,0.45,0.012,0.448,0.0115
SRR2496709,2036,62.377450980392155,7724,0.408,0.011,0.414,0.012,0.411,0.0115
SRR2496709,2037,62.408088235294116,7724,0.437,0.011,0.444,0.012,0.4405,0.0115
SRR2496709,2038,62.43872549019608,7724,0.358,0.01,0.365,0.011,0.3615,0.010499999999999999
SRR2496709,2039,62.46936274509804,7724,0.346,0.011,0.351,0.011,0.3485,0.011
SRR2496709,2040,62.5,7724,0.367,0.01,0.381,0.011,0.374,0.010499999999999999
SRR2496709,2041,62.53063725490196,7724,0.334,0.01,0.325,0.011,0.3295,0.010499999999999999
SRR2496709,2042,62.56127450980392,7724,0.365,0.01,0.359,0.011,0.362,0.010499999999999999
SRR2496709,2043,62.591911764705884,7724,0.779,0.018,0.782,0.019,0.7805,0.0185
SRR2496709,2044,62.622549019607845,7724,0.691,0.016,0.712,0.017,0.7015,0.0165
SRR2496709,2045,62.65318627450981,7724,0.719,0.015,0.726,0.016,0.7224999999999999,0.0155
SRR2496709,2046,62.68382352941177,7724,0.73,0.016,0.725,0.016,0.7275,0.016
SRR2496709,2047,62.71446078431372,7724,0.499,0.017,0.501,0.016,0.5,0.0165
SRR2496709,2048,62.745098039215684,7724,0.487,0.012,0.489,0.013,0.488,0.0125
SRR2496709,2049,62.775735294117645,7724,0.415,0.011,0.421,0.011,0.418,0.011
SRR2496709,2050,62.806372549019606,7724,0.385,0.011,0.392,0.011,0.3885,0.011
SRR2496709,2051,62.83700980392157,7724,0.626,0.017,0.635,0.018,0.6305000000000001,0.0175
SRR2496709,2052,62.86764705882353,7724,0.844,0.018,0.846,0.018,0.845,0.018
SRR2496709,2053,62.89828431372549,7724,0.489,0.012,0.494,0.013,0.4915,0.0125
SRR2496709,2054,62.92892156862745,7724,0.6,0.014,0.599,0.014,0.5994999999999999,0.014
SRR2496709,2055,62.95955882352941,7724,0.539,0.013,0.542,0.013,0.5405,0.013
SRR2496709,2056,62.990196078431374,7724,1.213,0.031,1.202,0.03,1.2075,0.0305
SRR2496709,2057,63.020833333333336,7724,1.068,0.027,1.062,0.027,1.065,0.027
SRR2496709,2058,63.0514705882353,7724,0.652,0.02,0.65,0.02,0.651,0.02
SRR2496709,2059,63.08210784313726,7724,0.497,0.012,0.492,0.014,0.4945,0.013000000000000001
SRR2496709,2060,63.11274509803921,7724,0.725,0.019,0.721,0.02,0.723,0.0195
SRR2496709,2061,63.143382352941174,7724,0.554,0.015,0.556,0.014,0.555,0.014499999999999999
SRR2496709,2062,63.174019607843135,7724,0.491,0.013,0.488,0.013,0.4895,0.013
SRR2496709,2063,63.2046568627451,7724,0.54,0.013,0.543,0.014,0.5415000000000001,0.0135
SRR2496709,2064,63.23529411764706,7724,0.532,0.013,0.536,0.014,0.534,0.0135
SRR2496709,2065,63.26593137254902,7724,0.454,0.012,0.461,0.013,0.4575,0.0125
SRR2496709,2066,63.29656862745098,7724,0.495,0.014,0.493,0.014,0.494,0.014
SRR2496709,2067,63.32720588235294,7724,0.937,0.019,0.943,0.02,0.94,0.0195
SRR2496709,2068,63.3578431372549,7724,0.637,0.016,0.645,0.017,0.641,0.0165
SRR2496709,2069,63.388480392156865,7724,0.514,0.014,0.519,0.015,0.5165,0.014499999999999999
SRR2496709,2070,63.419117647058826,7724,0.709,0.017,0.706,0.017,0.7075,0.017
SRR2496709,2071,63.44975490196079,7724,1.003,0.025,0.998,0.025,1.0005,0.025
SRR2496709,2072,63.48039215686274,7724,0.877,0.022,0.878,0.022,0.8775,0.022
SRR2496709,2073,63.5110294117647,7724,0.706,0.016,0.705,0.016,0.7055,0.016
SRR2496709,2074,63.541666666666664,7724,1.882,0.039,1.91,0.038,1.896,0.0385
SRR2496709,2075,63.572303921568626,7724,0.707,0.017,0.704,0.018,0.7055,0.0175
SRR2496709,2076,63.60294117647059,7724,0.4,0.011,0.405,0.011,0.4025,0.011
SRR2496709,2077,63.63357843137255,7724,0.438,0.011,0.443,0.012,0.4405,0.0115
SRR2496709,2078,63.66421568627451,7724,0.446,0.012,0.45,0.012,0.448,0.012
SRR2496709,2079,63.69485294117647,7724,0.484,0.012,0.487,0.013,0.4855,0.0125
SRR2496709,2080,63.72549019607843,7724,0.525,0.02,0.527,0.021,0.526,0.0205
SRR2496709,2081,63.756127450980394,7724,0.59,0.014,0.588,0.014,0.589,0.014
SRR2496709,2082,63.786764705882355,7724,0.473,0.015,0.478,0.016,0.4755,0.0155
SRR2496709,2083,63.817401960784316,7724,0.542,0.017,0.546,0.017,0.544,0.017
SRR2496709,2084,63.84803921568628,7724,0.641,0.015,0.64,0.016,0.6405000000000001,0.0155
SRR2496709,2085,63.87867647058823,7724,0.664,0.017,0.661,0.018,0.6625000000000001,0.0175
SRR2496709,2086,63.90931372549019,7724,0.524,0.013,0.528,0.013,0.526,0.013
SRR2496709,2087,63.939950980392155,7724,0.493,0.015,0.5,0.015,0.4965,0.015
SRR2496709,2088,63.970588235294116,7724,0.415,0.011,0.414,0.011,0.4145,0.011
SRR2496709,2089,64.00122549019608,7724,0.424,0.011,0.432,0.012,0.428,0.0115
SRR2496709,2090,64.03186274509804,7724,0.454,0.013,0.462,0.014,0.458,0.0135
SRR2496709,2091,64.0625,7724,0.422,0.012,0.429,0.013,0.4255,0.0125
SRR2496709,2092,64.09313725490196,7724,0.407,0.011,0.415,0.011,0.411,0.011
SRR2496709,2093,64.12377450980392,7724,0.535,0.013,0.538,0.014,0.5365,0.0135
SRR2496709,2094,64.15441176470588,7724,0.44,0.011,0.444,0.012,0.442,0.0115
SRR2496709,2095,64.18504901960785,7724,0.451,0.012,0.458,0.012,0.4545,0.012
SRR2496709,2096,64.2156862745098,7724,1.006,0.021,1.001,0.021,1.0034999999999998,0.021
SRR2496709,2097,64.24632352941177,7724,0.781,0.017,0.774,0.018,0.7775000000000001,0.0175
SRR2496709,2098,64.27696078431373,7724,0.556,0.017,0.558,0.017,0.557,0.017
SRR2496709,2099,64.30759803921569,7724,0.475,0.012,0.478,0.013,0.4765,0.0125
SRR2496709,2100,64.33823529411765,7724,0.534,0.015,0.534,0.015,0.534,0.015
SRR2496709,2101,64.36887254901961,7724,0.453,0.011,0.456,0.012,0.4545,0.0115
SRR2496709,2102,64.39950980392157,7724,0.934,0.02,0.921,0.02,0.9275,0.02
SRR2496709,2103,64.43014705882354,7724,0.905,0.02,0.906,0.021,0.9055,0.0205
SRR2496709,2104,64.46078431372548,7724,1.284,0.027,1.28,0.027,1.282,0.027
SRR2496709,2105,64.49142156862744,7724,0.903,0.022,0.898,0.023,0.9005000000000001,0.0225
SRR2496709,2106,64.5220588235294,7724,0.578,0.018,0.578,0.019,0.578,0.0185
SRR2496709,2107,64.55269607843137,7724,0.445,0.012,0.451,0.013,0.448,0.0125
SRR2496709,2108,64.58333333333333,7724,1.141,0.027,1.136,0.029,1.1385,0.028
SRR2496709,2109,64.61397058823529,7724,1.421,0.032,1.405,0.032,1.413,0.032
SRR2496709,2110,64.64460784313725,7724,0.896,0.022,0.892,0.022,0.894,0.022
SRR2496709,2111,64.67524509803921,7724,0.451,0.012,0.459,0.013,0.455,0.0125
SRR2496709,2112,64.70588235294117,7724,0.752,0.017,0.749,0.017,0.7505,0.017
SRR2496709,2113,64.73651960784314,7724,0.456,0.014,0.464,0.015,0.46,0.014499999999999999
SRR2496709,2114,64.7671568627451,7724,0.429,0.011,0.434,0.012,0.4315,0.0115
SRR2496709,2115,64.79779411764706,7724,0.705,0.017,0.708,0.017,0.7064999999999999,0.017
SRR2496709,2116,64.82843137254902,7724,0.455,0.013,0.452,0.012,0.4535,0.0125
SRR2496709,2117,64.85906862745098,7724,0.796,0.023,0.795,0.022,0.7955000000000001,0.0225
SRR2496709,2118,64.88970588235294,7724,0.843,0.018,0.843,0.018,0.843,0.018
SRR2496709,2119,64.9203431372549,7724,0.472,0.015,0.472,0.016,0.472,0.0155
SRR2496709,2120,64.95098039215686,7724,0.582,0.013,0.583,0.014,0.5825,0.0135
SRR2496709,2121,64.98161764705883,7724,0.825,0.019,0.823,0.018,0.824,0.0185
SRR2496709,2122,65.01225490196079,7724,0.43,0.012,0.434,0.013,0.432,0.0125
SRR2496709,2123,65.04289215686275,7724,0.486,0.018,0.49,0.018,0.488,0.018
SRR2496709,2124,65.07352941176471,7724,0.565,0.013,0.568,0.014,0.5665,0.0135
SRR2496709,2125,65.10416666666667,7724,1.366,0.032,1.359,0.032,1.3625,0.032
SRR2496709,2126,65.13480392156863,7724,0.649,0.021,0.653,0.022,0.651,0.0215
SRR2496709,2127,65.1654411764706,7724,0.547,0.014,0.55,0.015,0.5485,0.014499999999999999
SRR2496709,2128,65.19607843137256,7724,2.406,0.047,2.388,0.048,2.3970000000000002,0.0475
SRR2496709,2129,65.22671568627452,7724,1.125,0.031,1.125,0.034,1.125,0.0325
SRR2496709,2130,65.25735294117646,7724,0.41,0.012,0.417,0.012,0.4135,0.012
SRR2496709,2131,65.28799019607843,7724,0.759,0.018,0.758,0.018,0.7585,0.018
SRR2496709,2132,65.31862745098039,7724,0.447,0.012,0.453,0.012,0.45,0.012
SRR2496709,2133,65.34926470588235,7724,1.375,0.03,1.376,0.029,1.3755,0.0295
SRR2496709,2134,65.37990196078431,7724,0.513,0.012,0.512,0.013,0.5125,0.0125
SRR2496709,2135,65.41053921568627,7724,0.505,0.012,0.515,0.013,0.51,0.0125
SRR2496709,2136,65.44117647058823,7724,0.424,0.011,0.425,0.011,0.4245,0.011
SRR2496709,2137,65.4718137254902,7724,0.453,0.012,0.456,0.012,0.4545,0.012
SRR2496709,2138,65.50245098039215,7724,0.573,0.013,0.582,0.013,0.5774999999999999,0.013
SRR2496709,2139,65.53308823529412,7724,0.373,0.01,0.378,0.011,0.3755,0.010499999999999999
SRR2496709,2140,65.56372549019608,7724,0.508,0.012,0.508,0.013,0.508,0.0125
SRR2496709,2141,65.59436274509804,7724,0.513,0.014,0.52,0.014,0.5165,0.014
SRR2496709,2142,65.625,7724,0.544,0.013,0.552,0.014,0.548,0.0135
SRR2496709,2143,65.65563725490196,7724,0.51,0.012,0.531,0.013,0.5205,0.0125
SRR2496709,2144,65.68627450980392,7724,0.624,0.019,0.64,0.019,0.632,0.019
SRR2496709,2145,65.71691176470588,7724,0.914,0.022,0.915,0.022,0.9145000000000001,0.022
SRR2496709,2146,65.74754901960785,7724,0.516,0.014,0.515,0.013,0.5155000000000001,0.0135
SRR2496709,2147,65.7781862745098,7724,0.491,0.012,0.495,0.013,0.493,0.0125
SRR2496709,2148,65.80882352941177,7724,0.862,0.017,0.863,0.018,0.8625,0.0175
SRR2496709,2149,65.83946078431373,7724,0.609,0.018,0.611,0.017,0.61,0.0175
SRR2496709,2150,65.87009803921569,7724,0.439,0.012,0.443,0.012,0.441,0.012
SRR2496709,2151,65.90073529411765,7724,0.457,0.012,0.46,0.013,0.4585,0.0125
SRR2496709,2152,65.93137254901961,7724,0.365,0.01,0.366,0.01,0.3655,0.01
SRR2496709,2153,65.96200980392157,7724,0.585,0.014,0.587,0.014,0.586,0.014
SRR2496709,2154,65.99264705882354,7724,0.664,0.015,0.672,0.015,0.668,0.015
SRR2496709,2155,66.02328431372548,7724,0.509,0.013,0.543,0.014,0.526,0.0135
SRR2496709,2156,66.05392156862744,7724,0.487,0.012,0.513,0.013,0.5,0.0125
SRR2496709,2157,66.0845588235294,7724,0.44,0.011,0.472,0.012,0.45599999999999996,0.0115
SRR2496709,2158,66.11519607843137,7724,0.406,0.011,0.402,0.011,0.404,0.011
SRR2496709,2159,66.14583333333333,7724,0.493,0.012,0.495,0.013,0.494,0.0125
SRR2496709,2160,66.17647058823529,7724,0.726,0.022,0.729,0.022,0.7275,0.022
SRR2496709,2161,66.20710784313725,7724,1.135,0.024,1.132,0.024,1.1335,0.024
SRR2496709,2162,66.23774509803921,7724,0.855,0.018,0.857,0.018,0.856,0.018
SRR2496709,2163,66.26838235294117,7724,0.387,0.011,0.389,0.011,0.388,0.011
SRR2496709,2164,66.29901960784314,7724,0.443,0.011,0.444,0.011,0.4435,0.011
SRR2496709,2165,66.3296568627451,7724,0.457,0.013,0.469,0.013,0.46299999999999997,0.013
SRR2496709,2166,66.36029411764706,7724,0.434,0.011,0.435,0.012,0.4345,0.0115
SRR2496709,2167,66.39093137254902,7724,0.463,0.012,0.466,0.012,0.4645,0.012
SRR2496709,2168,66.42156862745098,7724,1.023,0.02,1.023,0.021,1.023,0.0205
SRR2496709,2169,66.45220588235294,7724,1.027,0.023,1.031,0.023,1.029,0.023
SRR2496709,2170,66.4828431372549,7724,0.444,0.014,0.447,0.015,0.4455,0.014499999999999999
SRR2496709,2171,66.51348039215686,7724,0.664,0.021,0.667,0.021,0.6655,0.021
SRR2496709,2172,66.54411764705883,7724,0.743,0.019,0.736,0.019,0.7395,0.019
SRR2496709,2173,66.57475490196079,7724,0.771,0.023,0.774,0.02,0.7725,0.0215
SRR2496709,2174,66.60539215686275,7724,0.569,0.014,0.574,0.014,0.5714999999999999,0.014
SRR2496709,2175,66.63602941176471,7724,0.721,0.016,0.718,0.016,0.7195,0.016
SRR2496709,2176,66.66666666666667,7724,0.952,0.02,0.953,0.02,0.9524999999999999,0.02
SRR2496709,2177,66.69730392156863,7724,0.65,0.015,0.65,0.016,0.65,0.0155
SRR2496709,2178,66.7279411764706,7724,0.682,0.016,0.695,0.017,0.6885,0.0165
SRR2496709,2179,66.75857843137256,7724,0.87,0.024,0.876,0.024,0.873,0.024
SRR2496709,2180,66.78921568627452,7724,0.424,0.011,0.428,0.012,0.426,0.0115
SRR2496709,2181,66.81985294117646,7724,0.825,0.023,0.818,0.023,0.8214999999999999,0.023
SRR2496709,2182,66.85049019607843,7724,0.571,0.018,0.569,0.019,0.57,0.0185
SRR2496709,2183,66.88112745098039,7724,1.647,0.043,1.644,0.048,1.6455,0.0455
SRR2496709,2184,66.91176470588235,7724,0.605,0.014,0.606,0.015,0.6054999999999999,0.014499999999999999
SRR2496709,2185,66.94240196078431,7724,0.542,0.013,0.549,0.014,0.5455000000000001,0.0135
SRR2496709,2186,66.97303921568627,7724,0.536,0.013,0.538,0.013,0.537,0.013
SRR2496709,2187,67.00367647058823,7724,0.447,0.012,0.452,0.012,0.4495,0.012
SRR2496709,2188,67.0343137254902,7724,0.454,0.012,0.457,0.013,0.4555,0.0125
SRR2496709,2189,67.06495098039215,7724,0.504,0.012,0.503,0.012,0.5035000000000001,0.012
SRR2496709,2190,67.09558823529412,7724,0.529,0.013,0.519,0.014,0.524,0.0135
SRR2496709,2191,67.12622549019608,7724,0.477,0.015,0.479,0.015,0.478,0.015
SRR2496709,2192,67.15686274509804,7724,0.547,0.016,0.55,0.016,0.5485,0.016
SRR2496709,2193,67.1875,7724,1.798,0.037,1.787,0.037,1.7925,0.037
SRR2496709,2194,67.21813725490196,7724,1.104,0.026,1.088,0.026,1.096,0.026
SRR2496709,2195,67.24877450980392,7724,1.643,0.039,1.625,0.039,1.634,0.039
SRR2496709,2196,67.27941176470588,7724,0.503,0.013,0.507,0.013,0.505,0.013
SRR2496709,2197,67.31004901960785,7724,0.523,0.015,0.526,0.015,0.5245,0.015
SRR2496709,2198,67.3406862745098,7724,0.623,0.015,0.626,0.015,0.6245,0.015
SRR2496709,2199,67.37132352941177,7724,0.958,0.024,0.956,0.026,0.957,0.025
SRR2496709,2200,67.40196078431373,7724,3.668,0.071,3.727,0.074,3.6975,0.0725
SRR2496709,2201,67.43259803921569,7724,1.917,0.044,1.9,0.043,1.9085,0.0435
SRR2496709,2202,67.46323529411765,7724,0.519,0.013,0.516,0.014,0.5175000000000001,0.0135
SRR2496709,2203,67.49387254901961,7724,0.52,0.013,0.525,0.014,0.5225,0.0135
SRR2496709,2204,67.52450980392157,7724,0.551,0.014,0.552,0.014,0.5515000000000001,0.014
SRR2496709,2205,67.55514705882354,7724,0.447,0.012,0.447,0.012,0.447,0.012
SRR2496709,2206,67.58578431372548,7724,0.387,0.011,0.392,0.011,0.3895,0.011
SRR2496709,2207,67.61642156862744,7724,0.399,0.011,0.406,0.011,0.4025,0.011
SRR2496709,2208,67.6470588235294,7724,0.437,0.011,0.44,0.012,0.4385,0.0115
SRR2496709,2209,67.67769607843137,7724,0.428,0.011,0.433,0.012,0.4305,0.0115
SRR2496709,2210,67.70833333333333,7724,0.525,0.013,0.53,0.014,0.5275000000000001,0.0135
SRR2496709,2211,67.73897058823529,7724,1.579,0.036,1.57,0.036,1.5745,0.036
SRR2496709,2212,67.76960784313725,7724,0.438,0.012,0.443,0.013,0.4405,0.0125
SRR2496709,2213,67.80024509803921,7724,0.459,0.011,0.463,0.012,0.461,0.0115
SRR2496709,2214,67.83088235294117,7724,0.419,0.013,0.422,0.014,0.4205,0.0135
SRR2496709,2215,67.86151960784314,7724,0.644,0.019,0.651,0.019,0.6475,0.019
SRR2496709,2216,67.8921568627451,7724,0.512,0.013,0.515,0.013,0.5135000000000001,0.013
SRR2496709,2217,67.92279411764706,7724,0.619,0.014,0.617,0.014,0.618,0.014
SRR2496709,2218,67.95343137254902,7724,0.43,0.011,0.441,0.012,0.4355,0.0115
SRR2496709,2219,67.98406862745098,7724,0.521,0.013,0.524,0.014,0.5225,0.0135
SRR2496709,2220,68.01470588235294,7724,0.486,0.012,0.493,0.013,0.4895,0.0125
SRR2496709,2221,68.0453431372549,7724,0.392,0.011,0.396,0.011,0.394,0.011
SRR2496709,2222,68.07598039215686,7724,1.048,0.023,1.053,0.024,1.0505,0.0235
SRR2496709,2223,68.10661764705883,7724,0.52,0.013,0.525,0.013,0.5225,0.013
SRR2496709,2224,68.13725490196079,7724,0.573,0.013,0.579,0.014,0.576,0.0135
SRR2496709,2225,68.16789215686275,7724,0.473,0.016,0.471,0.016,0.472,0.016
SRR2496709,2226,68.19852941176471,7724,0.446,0.011,0.447,0.012,0.4465,0.0115
SRR2496709,2227,68.22916666666667,7724,0.406,0.012,0.408,0.012,0.40700000000000003,0.012
SRR2496709,2228,68.25980392156863,7724,0.416,0.011,0.425,0.012,0.4205,0.0115
SRR2496709,2229,68.2904411764706,7724,0.422,0.011,0.425,0.012,0.4235,0.0115
SRR2496709,2230,68.32107843137256,7724,0.421,0.011,0.426,0.012,0.4235,0.0115
SRR2496709,2231,68.35171568627452,7724,0.478,0.012,0.482,0.012,0.48,0.012
SRR2496709,2232,68.38235294117646,7724,0.453,0.012,0.459,0.012,0.456,0.012
SRR2496709,2233,68.41299019607843,7724,0.452,0.011,0.455,0.012,0.4535,0.0115
SRR2496709,2234,68.44362745098039,7724,0.397,0.011,0.403,0.012,0.4,0.0115
SRR2496709,2235,68.47426470588235,7724,0.418,0.011,0.428,0.012,0.423,0.0115
SRR2496709,2236,68.50490196078431,7724,0.452,0.012,0.455,0.012,0.4535,0.012
SRR2496709,2237,68.53553921568627,7724,0.452,0.013,0.453,0.012,0.4525,0.0125
SRR2496709,2238,68.56617647058823,7724,0.554,0.016,0.554,0.017,0.554,0.0165
SRR2496709,2239,68.5968137254902,7724,0.418,0.011,0.424,0.012,0.421,0.0115
SRR2496709,2240,68.62745098039215,7724,0.46,0.012,0.461,0.012,0.4605,0.012
SRR2496709,2241,68.65808823529412,7724,0.483,0.012,0.486,0.013,0.4845,0.0125
SRR2496709,2242,68.68872549019608,7724,0.492,0.013,0.495,0.015,0.4935,0.013999999999999999
SRR2496709,2243,68.71936274509804,7724,0.468,0.013,0.474,0.014,0.471,0.0135
SRR2496709,2244,68.75,7724,0.419,0.011,0.418,0.012,0.4185,0.0115
SRR2496709,2245,68.78063725490196,7724,0.429,0.011,0.43,0.012,0.4295,0.0115
SRR2496709,2246,68.81127450980392,7724,0.955,0.023,0.949,0.023,0.952,0.023
SRR2496709,2247,68.84191176470588,7724,0.525,0.013,0.534,0.014,0.5295000000000001,0.0135
SRR2496709,2248,68.87254901960785,7724,0.464,0.012,0.469,0.013,0.4665,0.0125
SRR2496709,2249,68.9031862745098,7724,0.499,0.013,0.499,0.014,0.499,0.0135
SRR2496709,2250,68.93382352941177,7724,0.534,0.014,0.533,0.014,0.5335000000000001,0.014
SRR2496709,2251,68.96446078431373,7724,1.568,0.037,1.557,0.037,1.5625,0.037
SRR2496709,2252,68.99509803921569,7724,1.155,0.027,1.142,0.027,1.1484999999999999,0.027
SRR2496709,2253,69.02573529411765,7724,1.373,0.039,1.361,0.037,1.367,0.038
SRR2496709,2254,69.05637254901961,7724,0.465,0.014,0.47,0.015,0.4675,0.014499999999999999
SRR2496709,2255,69.08700980392157,7724,0.531,0.014,0.53,0.015,0.5305,0.014499999999999999
SRR2496709,2256,69.11764705882354,7724,0.411,0.011,0.417,0.012,0.414,0.0115
SRR2496709,2257,69.14828431372548,7724,0.423,0.011,0.427,0.012,0.425,0.0115
SRR2496709,2258,69.17892156862744,7724,0.465,0.012,0.469,0.012,0.46699999999999997,0.012
SRR2496709,2259,69.2095588235294,7724,0.459,0.012,0.46,0.013,0.4595,0.0125
SRR2496709,2260,69.24019607843137,7724,0.437,0.011,0.448,0.013,0.4425,0.012
SRR2496709,2261,69.27083333333333,7724,0.435,0.011,0.434,0.012,0.4345,0.0115
SRR2496709,2262,69.30147058823529,7724,0.615,0.019,0.61,0.019,0.6125,0.019
SRR2496709,2263,69.33210784313725,7724,0.773,0.021,0.769,0.021,0.771,0.021
SRR2496709,2264,69.36274509803921,7724,0.818,0.017,0.81,0.017,0.8140000000000001,0.017
SRR2496709,2265,69.39338235294117,7724,1.007,0.024,1.002,0.024,1.0045,0.024
SRR2496709,2266,69.42401960784314,7724,0.451,0.012,0.455,0.013,0.453,0.0125
SRR2496709,2267,69.4546568627451,7724,0.432,0.011,0.436,0.012,0.434,0.0115
SRR2496709,2268,69.48529411764706,7724,0.573,0.014,0.574,0.015,0.5734999999999999,0.014499999999999999
SRR2496709,2269,69.51593137254902,7724,0.425,0.011,0.432,0.012,0.4285,0.0115
SRR2496709,2270,69.54656862745098,7724,0.584,0.016,0.59,0.015,0.587,0.0155
SRR2496709,2271,69.57720588235294,7724,0.621,0.014,0.629,0.015,0.625,0.014499999999999999
SRR2496709,2272,69.6078431372549,7724,0.572,0.013,0.577,0.014,0.5745,0.0135
SRR2496709,2273,69.63848039215686,7724,0.423,0.011,0.423,0.012,0.423,0.0115
SRR2496709,2274,69.66911764705883,7724,0.441,0.011,0.449,0.012,0.445,0.0115
SRR2496709,2275,69.69975490196079,7724,0.412,0.011,0.415,0.012,0.4135,0.0115
SRR2496709,2276,69.73039215686275,7724,0.638,0.017,0.637,0.017,0.6375,0.017
SRR2496709,2277,69.76102941176471,7724,0.45,0.011,0.45,0.012,0.45,0.0115
SRR2496709,2278,69.79166666666667,7724,0.553,0.02,0.563,0.02,0.558,0.02
SRR2496709,2279,69.82230392156863,7724,0.725,0.018,0.72,0.018,0.7224999999999999,0.018
SRR2496709,2280,69.8529411764706,7724,0.472,0.012,0.472,0.013,0.472,0.0125
SRR2496709,2281,69.88357843137256,7724,0.466,0.012,0.471,0.013,0.4685,0.0125
SRR2496709,2282,69.91421568627452,7724,0.453,0.014,0.453,0.015,0.453,0.014499999999999999
SRR2496709,2283,69.94485294117646,7724,0.411,0.011,0.412,0.014,0.4115,0.0125
SRR2496709,2284,69.97549019607843,7724,0.451,0.013,0.453,0.013,0.452,0.013
SRR2496709,2285,70.00612745098039,7724,0.365,0.01,0.367,0.012,0.366,0.011
SRR2496709,2286,70.03676470588235,7724,0.482,0.014,0.484,0.014,0.483,0.014
SRR2496709,2287,70.06740196078431,7724,0.396,0.012,0.399,0.013,0.3975,0.0125
SRR2496709,2288,70.09803921568627,7724,0.513,0.014,0.517,0.015,0.515,0.014499999999999999
SRR2496709,2289,70.12867647058823,7724,0.437,0.011,0.452,0.012,0.4445,0.0115
SRR2496709,2290,70.1593137254902,7724,0.677,0.015,0.683,0.016,0.68,0.0155
SRR2496709,2291,70.18995098039215,7724,0.378,0.012,0.391,0.013,0.3845,0.0125
SRR2496709,2292,70.22058823529412,7724,0.397,0.011,0.422,0.012,0.4095,0.0115
SRR2496709,2293,70.25122549019608,7724,0.424,0.011,0.431,0.011,0.4275,0.011
SRR2496709,2294,70.28186274509804,7724,0.56,0.013,0.566,0.014,0.563,0.0135
SRR2496709,2295,70.3125,7724,0.436,0.011,0.45,0.011,0.443,0.011
SRR2496709,2296,70.34313725490196,7724,0.426,0.011,0.435,0.012,0.4305,0.0115
SRR2496709,2297,70.37377450980392,7724,0.394,0.01,0.408,0.011,0.401,0.010499999999999999
SRR2496709,2298,70.40441176470588,7724,0.85,0.023,0.85,0.024,0.85,0.0235
SRR2496709,2299,70.43504901960785,7724,0.702,0.024,0.712,0.023,0.707,0.0235
SRR2496709,2300,70.4656862745098,7724,1.94,0.04,1.927,0.041,1.9335,0.0405
SRR2496709,2301,70.49632352941177,7724,1.775,0.04,1.779,0.04,1.777,0.04
SRR2496709,2302,70.52696078431373,7724,0.57,0.014,0.567,0.015,0.5685,0.014499999999999999
SRR2496709,2303,70.55759803921569,7724,0.501,0.013,0.512,0.012,0.5065,0.0125
SRR2496709,2304,70.58823529411765,7724,1.958,0.043,1.941,0.042,1.9495,0.042499999999999996
SRR2496709,2305,70.61887254901961,7724,2.785,0.062,2.773,0.06,2.779,0.061
SRR2496709,2306,70.64950980392157,7724,2.897,0.057,2.899,0.059,2.8979999999999997,0.057999999999999996
SRR2496709,2307,70.68014705882354,7724,2.655,0.053,2.635,0.053,2.6449999999999996,0.053
SRR2496709,2308,70.71078431372548,7724,0.554,0.019,0.553,0.019,0.5535000000000001,0.019
SRR2496709,2309,70.74142156862744,7724,1.67,0.038,1.666,0.039,1.668,0.0385
SRR2496709,2310,70.7720588235294,7724,2.245,0.044,2.244,0.047,2.2445000000000004,0.0455
SRR2496709,2311,70.80269607843137,7724,0.416,0.011,0.429,0.011,0.4225,0.011
SRR2496709,2312,70.83333333333333,7724,0.4,0.012,0.394,0.017,0.397,0.0145
SRR2496709,2313,70.86397058823529,7724,0.472,0.012,0.476,0.013,0.474,0.0125
SRR2496709,2314,70.89460784313725,7724,0.433,0.012,0.431,0.014,0.432,0.013000000000000001
SRR2496709,2315,70.92524509803921,7724,0.483,0.012,0.49,0.013,0.4865,0.0125
SRR2496709,2316,70.95588235294117,7724,0.425,0.011,0.425,0.013,0.425,0.012
SRR2496709,2317,70.98651960784314,7724,0.431,0.011,0.441,0.011,0.436,0.011
SRR2496709,2318,71.0171568627451,7724,1.008,0.021,1.017,0.021,1.0125,0.021
SRR2496709,2319,71.04779411764706,7724,0.396,0.011,0.415,0.012,0.40549999999999997,0.0115
SRR2496709,2320,71.07843137254902,7724,0.421,0.011,0.429,0.013,0.425,0.012
SRR2496709,2321,71.10906862745098,7724,0.358,0.01,0.372,0.011,0.365,0.010499999999999999
SRR2496709,2322,71.13970588235294,7724,1.147,0.024,1.14,0.024,1.1435,0.024
SRR2496709,2323,71.1703431372549,7724,0.793,0.018,0.806,0.018,0.7995000000000001,0.018
SRR2496709,2324,71.20098039215686,7724,1.013,0.024,1.013,0.024,1.013,0.024
SRR2496709,2325,71.23161764705883,7724,0.606,0.014,0.619,0.014,0.6125,0.014
SRR2496709,2326,71.26225490196079,7724,0.672,0.016,0.689,0.018,0.6805,0.017
SRR2496709,2327,71.29289215686275,7724,0.704,0.018,0.704,0.019,0.704,0.0185
SRR2496709,2328,71.32352941176471,7724,1.129,0.027,1.113,0.028,1.121,0.0275
SRR2496709,2329,71.35416666666667,7724,0.437,0.011,0.452,0.012,0.4445,0.0115
SRR2496709,2330,71.38480392156863,7724,0.422,0.011,0.425,0.012,0.4235,0.0115
SRR2496709,2331,71.4154411764706,7724,0.43,0.011,0.448,0.012,0.439,0.0115
SRR2496709,2332,71.44607843137256,7724,0.453,0.012,0.464,0.013,0.4585,0.0125
SRR2496709,2333,71.47671568627452,7724,1.779,0.035,1.763,0.035,1.771,0.035
SRR2496709,2334,71.50735294117646,7724,1.109,0.029,1.099,0.03,1.104,0.0295
SRR2496709,2335,71.53799019607843,7724,0.384,0.011,0.393,0.011,0.3885,0.011
SRR2496709,2336,71.56862745098039,7724,0.432,0.011,0.436,0.013,0.434,0.012
SRR2496709,2337,71.59926470588235,7724,1.051,0.026,1.059,0.026,1.055,0.026
SRR2496709,2338,71.62990196078431,7724,0.491,0.013,0.486,0.014,0.4885,0.0135
SRR2496709,2339,71.66053921568627,7724,0.463,0.012,0.476,0.012,0.46950000000000003,0.012
SRR2496709,2340,71.69117647058823,7724,0.495,0.012,0.502,0.014,0.4985,0.013000000000000001
SRR2496709,2341,71.7218137254902,7724,0.471,0.012,0.481,0.013,0.476,0.0125
SRR2496709,2342,71.75245098039215,7724,0.547,0.017,0.545,0.018,0.546,0.0175
SRR2496709,2343,71.78308823529412,7724,0.523,0.013,0.536,0.013,0.5295000000000001,0.013
SRR2496709,2344,71.81372549019608,7724,2.441,0.05,2.427,0.053,2.434,0.051500000000000004
SRR2496709,2345,71.84436274509804,7724,2.518,0.049,2.497,0.048,2.5075,0.0485
SRR2496709,2346,71.875,7724,0.627,0.015,0.622,0.016,0.6245,0.0155
SRR2496709,2347,71.90563725490196,7724,0.465,0.012,0.472,0.012,0.4685,0.012
SRR2496709,2348,71.93627450980392,7724,0.48,0.012,0.485,0.014,0.4825,0.013000000000000001
SRR2496709,2349,71.96691176470588,7724,0.51,0.013,0.523,0.012,0.5165,0.0125
SRR2496709,2350,71.99754901960785,7724,0.478,0.012,0.478,0.013,0.478,0.0125
SRR2496709,2351,72.0281862745098,7724,0.425,0.011,0.441,0.011,0.433,0.011
SRR2496709,2352,72.05882352941177,7724,0.388,0.01,0.389,0.012,0.3885,0.011
SRR2496709,2353,72.08946078431373,7724,0.406,0.011,0.424,0.011,0.41500000000000004,0.011
SRR2496709,2354,72.12009803921569,7724,0.455,0.012,0.458,0.013,0.4565,0.0125
SRR2496709,2355,72.15073529411765,7724,0.421,0.011,0.439,0.011,0.43,0.011
SRR2496709,2356,72.18137254901961,7724,0.54,0.013,0.548,0.014,0.544,0.0135
SRR2496709,2357,72.21200980392157,7724,0.487,0.013,0.488,0.014,0.4875,0.0135
SRR2496709,2358,72.24264705882354,7724,0.525,0.013,0.529,0.013,0.527,0.013
SRR2496709,2359,72.27328431372548,7724,0.53,0.013,0.537,0.014,0.5335000000000001,0.0135
SRR2496709,2360,72.30392156862744,7724,0.554,0.016,0.553,0.016,0.5535000000000001,0.016
SRR2496709,2361,72.3345588235294,7724,0.462,0.013,0.459,0.013,0.4605,0.013
SRR2496709,2362,72.36519607843137,7724,0.463,0.013,0.463,0.013,0.463,0.013
SRR2496709,2363,72.39583333333333,7724,0.434,0.011,0.439,0.012,0.4365,0.0115
SRR2496709,2364,72.42647058823529,7724,0.434,0.012,0.442,0.013,0.438,0.0125
SRR2496709,2365,72.45710784313725,7724,0.406,0.011,0.408,0.011,0.40700000000000003,0.011
SRR2496709,2366,72.48774509803921,7724,0.437,0.012,0.439,0.012,0.438,0.012
SRR2496709,2367,72.51838235294117,7724,1.881,0.042,1.856,0.041,1.8685,0.0415
SRR2496709,2368,72.54901960784314,7724,0.439,0.013,0.445,0.015,0.442,0.013999999999999999
SRR2496709,2369,72.5796568627451,7724,0.388,0.011,0.393,0.011,0.3905,0.011
SRR2496709,2370,72.61029411764706,7724,0.582,0.016,0.581,0.016,0.5814999999999999,0.016
SRR2496709,2371,72.64093137254902,7724,0.462,0.012,0.467,0.013,0.4645,0.0125
SRR2496709,2372,72.67156862745098,7724,0.501,0.012,0.501,0.013,0.501,0.0125
SRR2496709,2373,72.70220588235294,7724,0.364,0.01,0.37,0.011,0.367,0.010499999999999999
SRR2496709,2374,72.7328431372549,7724,0.437,0.014,0.435,0.012,0.436,0.013000000000000001
SRR2496709,2375,72.76348039215686,7724,1.538,0.038,1.515,0.035,1.5265,0.036500000000000005
SRR2496709,2376,72.79411764705883,7724,1.026,0.025,1.014,0.025,1.02,0.025
SRR2496709,2377,72.82475490196079,7724,0.666,0.015,0.668,0.016,0.667,0.0155
SRR2496709,2378,72.85539215686275,7724,0.493,0.012,0.495,0.013,0.494,0.0125
SRR2496709,2379,72.88602941176471,7724,0.761,0.021,0.76,0.021,0.7605,0.021
SRR2496709,2380,72.91666666666667,7724,0.615,0.015,0.616,0.015,0.6154999999999999,0.015
SRR2496709,2381,72.94730392156863,7724,0.526,0.014,0.525,0.014,0.5255000000000001,0.014
SRR2496709,2382,72.9779411764706,7724,0.614,0.029,0.615,0.029,0.6145,0.029
SRR2496709,2383,73.00857843137256,7724,0.477,0.014,0.479,0.014,0.478,0.014
SRR2496709,2384,73.03921568627452,7724,0.564,0.013,0.565,0.014,0.5645,0.0135
SRR2496709,2385,73.06985294117646,7724,0.517,0.012,0.52,0.013,0.5185,0.0125
SRR2496709,2386,73.10049019607843,7724,0.503,0.013,0.506,0.013,0.5045,0.013
SRR2496709,2387,73.13112745098039,7724,0.607,0.017,0.615,0.019,0.611,0.018000000000000002
SRR2496709,2388,73.16176470588235,7724,0.64,0.015,0.646,0.016,0.643,0.0155
SRR2496709,2389,73.19240196078431,7724,0.528,0.013,0.531,0.013,0.5295000000000001,0.013
SRR2496709,2390,73.22303921568627,7724,0.505,0.012,0.507,0.013,0.506,0.0125
SRR2496709,2391,73.25367647058823,7724,0.564,0.015,0.546,0.014,0.5549999999999999,0.014499999999999999
SRR2496709,2392,73.2843137254902,7724,0.462,0.013,0.462,0.013,0.462,0.013
SRR2496709,2393,73.31495098039215,7724,0.97,0.021,0.975,0.022,0.9724999999999999,0.0215
SRR2496709,2394,73.34558823529412,7724,0.879,0.02,0.877,0.02,0.878,0.02
SRR2496709,2395,73.37622549019608,7724,0.475,0.014,0.477,0.015,0.476,0.014499999999999999
SRR2496709,2396,73.40686274509804,7724,0.498,0.012,0.497,0.013,0.4975,0.0125
SRR2496709,2397,73.4375,7724,0.457,0.012,0.461,0.012,0.459,0.012
SRR2496709,2398,73.46813725490196,7724,0.474,0.012,0.477,0.012,0.4755,0.012
SRR2496709,2399,73.49877450980392,7724,0.865,0.024,0.848,0.023,0.8565,0.0235
SRR2496709,2400,73.52941176470588,7724,1.084,0.027,1.066,0.025,1.0750000000000002,0.026000000000000002
SRR2496709,2401,73.56004901960785,7724,0.707,0.016,0.708,0.017,0.7075,0.0165
SRR2496709,2402,73.5906862745098,7724,0.454,0.012,0.458,0.012,0.456,0.012
SRR2496709,2403,73.62132352941177,7724,0.544,0.013,0.547,0.013,0.5455000000000001,0.013
SRR2496709,2404,73.65196078431373,7724,0.427,0.011,0.431,0.012,0.429,0.0115
SRR2496709,2405,73.68259803921569,7724,0.476,0.012,0.483,0.013,0.4795,0.0125
SRR2496709,2406,73.71323529411765,7724,0.397,0.011,0.404,0.011,0.4005,0.011
SRR2496709,2407,73.74387254901961,7724,0.5,0.012,0.504,0.013,0.502,0.0125
SRR2496709,2408,73.77450980392157,7724,0.388,0.011,0.39,0.011,0.389,0.011
SRR2496709,2409,73.80514705882354,7724,0.483,0.018,0.522,0.017,0.5025,0.0175
SRR2496709,2410,73.83578431372548,7724,0.37,0.01,0.375,0.011,0.3725,0.010499999999999999
SRR2496709,2411,73.86642156862744,7724,0.408,0.011,0.416,0.011,0.412,0.011
SRR2496709,2412,73.8970588235294,7724,0.414,0.011,0.424,0.012,0.419,0.0115
SRR2496709,2413,73.92769607843137,7724,0.376,0.01,0.382,0.011,0.379,0.010499999999999999
SRR2496709,2414,73.95833333333333,7724,0.477,0.012,0.482,0.012,0.4795,0.012
SRR2496709,2415,73.98897058823529,7724,0.423,0.011,0.427,0.012,0.425,0.0115
SRR2496709,2416,74.01960784313725,7724,0.358,0.01,0.359,0.011,0.3585,0.010499999999999999
SRR2496709,2417,74.05024509803921,7724,0.387,0.01,0.393,0.011,0.39,0.010499999999999999
SRR2496709,2418,74.08088235294117,7724,0.423,0.011,0.429,0.011,0.426,0.011
SRR2496709,2419,74.11151960784314,7724,0.493,0.012,0.497,0.012,0.495,0.012
SRR2496709,2420,74.1421568627451,7724,0.464,0.012,0.47,0.012,0.46699999999999997,0.012
SRR2496709,2421,74.17279411764706,7724,0.431,0.017,0.453,0.019,0.442,0.018000000000000002
SRR2496709,2422,74.20343137254902,7724,0.717,0.021,0.722,0.021,0.7195,0.021
SRR2496709,2423,74.23406862745098,7724,0.415,0.012,0.421,0.012,0.418,0.012
SRR2496709,2424,74.26470588235294,7724,0.527,0.013,0.529,0.013,0.528,0.013
SRR2496709,2425,74.2953431372549,7724,0.71,0.018,0.711,0.018,0.7104999999999999,0.018
SRR2496709,2426,74.32598039215686,7724,0.545,0.017,0.573,0.014,0.5589999999999999,0.0155
SRR2496709,2427,74.35661764705883,7724,0.653,0.015,0.651,0.015,0.652,0.015
SRR2496709,2428,74.38725490196079,7724,0.425,0.013,0.431,0.013,0.428,0.013
SRR2496709,2429,74.41789215686275,7724,0.476,0.012,0.482,0.013,0.479,0.0125
SRR2496709,2430,74.44852941176471,7724,0.616,0.018,0.618,0.018,0.617,0.018
SRR2496709,2431,74.47916666666667,7724,2.168,0.043,2.13,0.043,2.149,0.043
SRR2496709,2432,74.50980392156863,7724,0.483,0.013,0.486,0.014,0.4845,0.0135
SRR2496709,2433,74.5404411764706,7724,0.45,0.012,0.453,0.012,0.4515,0.012
SRR2496709,2434,74.57107843137256,7724,0.505,0.012,0.508,0.013,0.5065,0.0125
SRR2496709,2435,74.60171568627452,7724,0.506,0.012,0.51,0.013,0.508,0.0125
SRR2496709,2436,74.63235294117646,7724,0.383,0.011,0.391,0.011,0.387,0.011
SRR2496709,2437,74.66299019607843,7724,0.463,0.012,0.47,0.012,0.4665,0.012
SRR2496709,2438,74.69362745098039,7724,0.467,0.013,0.469,0.013,0.46799999999999997,0.013
SRR2496709,2439,74.72426470588235,7724,0.464,0.012,0.466,0.013,0.465,0.0125
SRR2496709,2440,74.75490196078431,7724,0.473,0.012,0.475,0.013,0.474,0.0125
SRR2496709,2441,74.78553921568627,7724,0.476,0.014,0.482,0.014,0.479,0.014
SRR2496709,2442,74.81617647058823,7724,0.495,0.013,0.499,0.013,0.497,0.013
SRR2496709,2443,74.8468137254902,7724,1.12,0.029,1.111,0.028,1.1155,0.0285
SRR2496709,2444,74.87745098039215,7724,1.468,0.034,1.455,0.034,1.4615,0.034
SRR2496709,2445,74.90808823529412,7724,1.227,0.029,1.204,0.029,1.2155,0.029
SRR2496709,2446,74.93872549019608,7724,0.597,0.014,0.597,0.015,0.597,0.014499999999999999
SRR2496709,2447,74.96936274509804,7724,1.737,0.033,1.736,0.033,1.7365,0.033
SRR2496709,2448,75.0,7724,0.916,0.025,0.897,0.024,0.9065000000000001,0.0245
SRR2496709,2449,75.03063725490196,7724,0.555,0.017,0.561,0.017,0.558,0.017
SRR2496709,2450,75.06127450980392,7724,2.327,0.053,2.289,0.05,2.308,0.051500000000000004
SRR2496709,2451,75.09191176470588,7724,2.592,0.054,2.553,0.052,2.5725,0.053
SRR2496709,2452,75.12254901960785,7724,1.281,0.029,1.275,0.027,1.278,0.028
SRR2496709,2453,75.1531862745098,7724,0.551,0.014,0.554,0.014,0.5525,0.014
SRR2496709,2454,75.18382352941177,7724,0.486,0.013,0.492,0.014,0.489,0.0135
SRR2496709,2455,75.21446078431373,7724,0.512,0.016,0.51,0.016,0.511,0.016
SRR2496709,2456,75.24509803921569,7724,0.924,0.031,0.9,0.03,0.912,0.0305
SRR2496709,2457,75.27573529411765,7724,2.728,0.056,2.703,0.056,2.7155,0.056
SRR2496709,2458,75.30637254901961,7724,1.008,0.022,1.007,0.023,1.0074999999999998,0.0225
SRR2496709,2459,75.33700980392157,7724,1.401,0.032,1.355,0.03,1.3780000000000001,0.031
SRR2496709,2460,75.36764705882354,7724,1.464,0.033,1.447,0.032,1.4555,0.0325
SRR2496709,2461,75.39828431372548,7724,1.981,0.044,1.951,0.044,1.9660000000000002,0.044
SRR2496709,2462,75.42892156862744,7724,0.574,0.014,0.573,0.014,0.5734999999999999,0.014
SRR2496709,2463,75.4595588235294,7724,0.537,0.013,0.54,0.014,0.5385,0.0135
SRR2496709,2464,75.49019607843137,7724,0.401,0.011,0.403,0.012,0.402,0.0115
SRR2496709,2465,75.52083333333333,7724,0.432,0.011,0.437,0.012,0.4345,0.0115
SRR2496709,2466,75.55147058823529,7724,0.55,0.018,0.563,0.015,0.5565,0.0165
SRR2496709,2467,75.58210784313725,7724,0.924,0.034,0.922,0.035,0.923,0.0345
SRR2496709,2468,75.61274509803921,7724,1.222,0.03,1.208,0.03,1.2149999999999999,0.03
SRR2496709,2469,75.64338235294117,7724,0.467,0.015,0.471,0.016,0.469,0.0155
SRR2496709,2470,75.67401960784314,7724,0.512,0.021,0.516,0.021,0.514,0.021
SRR2496709,2471,75.7046568627451,7724,0.484,0.013,0.491,0.014,0.4875,0.0135
SRR2496709,2472,75.73529411764706,7724,0.428,0.012,0.43,0.013,0.429,0.0125
SRR2496709,2473,75.76593137254902,7724,0.767,0.017,0.761,0.017,0.764,0.017
SRR2496709,2474,75.79656862745098,7724,0.619,0.014,0.624,0.015,0.6214999999999999,0.014499999999999999
SRR2496709,2475,75.82720588235294,7724,0.642,0.014,0.644,0.015,0.643,0.014499999999999999
SRR2496709,2476,75.8578431372549,7724,1.05,0.03,1.065,0.029,1.0575,0.0295
SRR2496709,2477,75.88848039215686,7724,2.248,0.048,2.257,0.048,2.2525000000000004,0.048
SRR2496709,2478,75.91911764705883,7724,1.384,0.026,1.372,0.026,1.3780000000000001,0.026
SRR2496709,2479,75.94975490196079,7724,1.267,0.026,1.298,0.025,1.2825,0.025500000000000002
SRR2496709,2480,75.98039215686275,7724,1.343,0.025,1.368,0.026,1.3555000000000001,0.025500000000000002
SRR2496709,2481,76.01102941176471,7724,1.454,0.027,1.461,0.027,1.4575,0.027
SRR2496709,2482,76.04166666666667,7724,1.862,0.045,1.888,0.045,1.875,0.045
SRR2496709,2483,76.07230392156863,7724,1.739,0.041,1.722,0.041,1.7305000000000001,0.041
SRR2496709,2484,76.1029411764706,7724,2.209,0.049,2.173,0.047,2.191,0.048
SRR2496709,2485,76.13357843137256,7724,2.505,0.05,2.486,0.049,2.4955,0.0495
SRR2496709,2486,76.16421568627452,7724,1.259,0.027,1.243,0.027,1.251,0.027
SRR2496709,2487,76.19485294117646,7724,0.363,0.01,0.367,0.011,0.365,0.010499999999999999
SRR2496709,2488,76.22549019607843,7724,0.413,0.011,0.415,0.012,0.414,0.0115
SRR2496709,2489,76.25612745098039,7724,0.456,0.013,0.461,0.014,0.4585,0.0135
SRR2496709,2490,76.28676470588235,7724,0.496,0.012,0.501,0.013,0.4985,0.0125
SRR2496709,2491,76.31740196078431,7724,0.509,0.012,0.515,0.015,0.512,0.0135
SRR2496709,2492,76.34803921568627,7724,0.705,0.02,0.701,0.019,0.703,0.0195
SRR2496709,2493,76.37867647058823,7724,0.455,0.012,0.453,0.012,0.454,0.012
SRR2496709,2494,76.4093137254902,7724,0.5,0.017,0.504,0.018,0.502,0.0175
SRR2496709,2495,76.43995098039215,7724,0.714,0.021,0.708,0.02,0.711,0.0205
SRR2496709,2496,76.47058823529412,7724,0.611,0.014,0.608,0.014,0.6094999999999999,0.014
SRR2496709,2497,76.50122549019608,7724,0.504,0.013,0.511,0.014,0.5075000000000001,0.0135
SRR2496709,2498,76.53186274509804,7724,0.466,0.012,0.469,0.013,0.4675,0.0125
SRR2496709,2499,76.5625,7724,2.127,0.044,2.123,0.044,2.125,0.044
SRR2496709,2500,76.59313725490196,7724,2.114,0.049,2.095,0.05,2.1045,0.0495
SRR2496709,2501,76.62377450980392,7724,2.206,0.042,2.172,0.042,2.189,0.042
SRR2496709,2502,76.65441176470588,7724,1.727,0.044,1.678,0.043,1.7025000000000001,0.0435
SRR2496709,2503,76.68504901960785,7724,1.891,0.041,1.869,0.041,1.88,0.041
SRR2496709,2504,76.7156862745098,7724,0.498,0.013,0.502,0.014,0.5,0.0135
SRR2496709,2505,76.74632352941177,7724,0.552,0.014,0.553,0.014,0.5525,0.014
SRR2496709,2506,76.77696078431373,7724,1.412,0.032,1.396,0.032,1.404,0.032
SRR2496709,2507,76.80759803921569,7724,1.207,0.028,1.182,0.027,1.1945000000000001,0.0275
SRR2496709,2508,76.83823529411765,7724,0.578,0.014,0.573,0.015,0.5754999999999999,0.014499999999999999
SRR2496709,2509,76.86887254901961,7724,0.975,0.02,0.976,0.02,0.9755,0.02
SRR2496709,2510,76.89950980392157,7724,1.706,0.04,1.692,0.039,1.6989999999999998,0.0395
SRR2496709,2511,76.93014705882354,7724,2.428,0.048,2.392,0.047,2.41,0.0475
SRR2496709,2512,76.96078431372548,7724,1.595,0.037,1.586,0.038,1.5905,0.0375
SRR2496709,2513,76.99142156862744,7724,0.536,0.014,0.541,0.014,0.5385,0.014
SRR2496709,2514,77.0220588235294,7724,0.598,0.014,0.605,0.015,0.6014999999999999,0.014499999999999999
SRR2496709,2515,77.05269607843137,7724,1.16,0.028,1.168,0.027,1.164,0.0275
SRR2496709,2516,77.08333333333333,7724,0.439,0.012,0.442,0.012,0.4405,0.012
SRR2496709,2517,77.11397058823529,7724,0.793,0.025,0.799,0.025,0.796,0.025
SRR2496709,2518,77.14460784313725,7724,2.834,0.058,2.817,0.06,2.8255,0.059
SRR2496709,2519,77.17524509803921,7724,1.495,0.029,1.468,0.03,1.4815,0.0295
SRR2496709,2520,77.20588235294117,7724,0.464,0.012,0.472,0.013,0.46799999999999997,0.0125
SRR2496709,2521,77.23651960784314,7724,0.473,0.013,0.475,0.013,0.474,0.013
SRR2496709,2522,77.2671568627451,7724,0.442,0.012,0.444,0.012,0.443,0.012
SRR2496709,2523,77.29779411764706,7724,0.511,0.014,0.511,0.014,0.511,0.014
SRR2496709,2524,77.32843137254902,7724,0.59,0.021,0.596,0.017,0.593,0.019000000000000003
SRR2496709,2525,77.35906862745098,7724,0.474,0.012,0.479,0.012,0.4765,0.012
SRR2496709,2526,77.38970588235294,7724,0.568,0.014,0.569,0.014,0.5685,0.014
SRR2496709,2527,77.4203431372549,7724,0.525,0.015,0.524,0.015,0.5245,0.015
SRR2496709,2528,77.45098039215686,7724,2.004,0.049,1.984,0.049,1.994,0.049
SRR2496709,2529,77.48161764705883,7724,1.708,0.039,1.693,0.039,1.7005,0.039
SRR2496709,2530,77.51225490196079,7724,0.515,0.013,0.522,0.013,0.5185,0.013
SRR2496709,2531,77.54289215686275,7724,0.481,0.012,0.485,0.013,0.483,0.0125
SRR2496709,2532,77.57352941176471,7724,0.458,0.012,0.459,0.012,0.4585,0.012
SRR2496709,2533,77.60416666666667,7724,0.443,0.014,0.449,0.015,0.446,0.014499999999999999
SRR2496709,2534,77.63480392156863,7724,0.538,0.013,0.531,0.014,0.5345,0.0135
SRR2496709,2535,77.6654411764706,7724,0.97,0.022,0.971,0.022,0.9704999999999999,0.022
SRR2496709,2536,77.69607843137256,7724,1.796,0.033,1.81,0.034,1.803,0.0335
SRR2496709,2537,77.72671568627452,7724,1.217,0.023,1.223,0.023,1.2200000000000002,0.023
SRR2496709,2538,77.75735294117646,7724,1.428,0.026,1.443,0.027,1.4355,0.0265
SRR2496709,2539,77.78799019607843,7724,2.787,0.054,2.81,0.054,2.7984999999999998,0.054
SRR2496709,2540,77.81862745098039,7724,2.015,0.037,2.032,0.037,2.0235000000000003,0.037
SRR2496709,2541,77.84926470588235,7724,1.759,0.033,1.753,0.033,1.7559999999999998,0.033
SRR2496709,2542,77.87990196078431,7724,1.063,0.021,1.067,0.021,1.065,0.021
SRR2496709,2543,77.91053921568627,7724,0.951,0.019,0.963,0.02,0.957,0.0195
SRR2496709,2544,77.94117647058823,7724,1.361,0.025,1.353,0.025,1.357,0.025
SRR2496709,2545,77.9718137254902,7724,1.441,0.027,1.465,0.027,1.453,0.027
SRR2496709,2546,78.00245098039215,7724,1.34,0.031,1.343,0.031,1.3415,0.031
SRR2496709,2547,78.03308823529412,7724,0.85,0.017,0.846,0.018,0.848,0.0175
SRR2496709,2548,78.06372549019608,7724,1.017,0.02,1.021,0.021,1.019,0.0205
SRR2496709,2549,78.09436274509804,7724,0.861,0.017,0.866,0.019,0.8634999999999999,0.018000000000000002
SRR2496709,2550,78.125,7724,1.055,0.022,1.064,0.023,1.0594999999999999,0.0225
SRR2496709,2551,78.15563725490196,7724,1.623,0.029,1.649,0.031,1.6360000000000001,0.03
SRR2496709,2552,78.18627450980392,7724,1.468,0.027,1.485,0.027,1.4765000000000001,0.027
SRR2496709,2553,78.21691176470588,7724,1.366,0.025,1.401,0.026,1.3835000000000002,0.025500000000000002
SRR2496709,2554,78.24754901960785,7724,1.356,0.035,1.362,0.034,1.359,0.0345
SRR2496709,2555,78.2781862745098,7724,2.304,0.045,2.281,0.044,2.2925,0.0445
SRR2496709,2556,78.30882352941177,7724,1.528,0.032,1.53,0.034,1.529,0.033
SRR2496709,2557,78.33946078431373,7724,0.572,0.014,0.572,0.014,0.572,0.014
SRR2496709,2558,78.37009803921569,7724,0.454,0.011,0.461,0.012,0.4575,0.0115
SRR2496709,2559,78.40073529411765,7724,0.51,0.012,0.515,0.013,0.5125,0.0125
SRR2496709,2560,78.43137254901961,7724,0.434,0.011,0.443,0.012,0.4385,0.0115
SRR2496709,2561,78.46200980392157,7724,1.009,0.026,1.014,0.026,1.0114999999999998,0.026
SRR2496709,2562,78.49264705882354,7724,0.785,0.018,0.789,0.019,0.787,0.0185
SRR2496709,2563,78.52328431372548,7724,1.516,0.034,1.514,0.035,1.5150000000000001,0.0345
SRR2496709,2564,78.55392156862744,7724,1.618,0.044,1.599,0.044,1.6085,0.044
SRR2496709,2565,78.5845588235294,7724,1.15,0.026,1.152,0.026,1.1509999999999998,0.026
SRR2496709,2566,78.61519607843137,7724,0.549,0.016,0.551,0.016,0.55,0.016
SRR2496709,2567,78.64583333333333,7724,0.549,0.013,0.553,0.014,0.551,0.0135
SRR2496709,2568,78.67647058823529,7724,0.595,0.015,0.598,0.016,0.5965,0.0155
SRR2496709,2569,78.70710784313725,7724,1.156,0.028,1.15,0.028,1.153,0.028
SRR2496709,2570,78.73774509803921,7724,0.401,0.011,0.4,0.011,0.4005,0.011
SRR2496709,2571,78.76838235294117,7724,0.368,0.01,0.372,0.011,0.37,0.010499999999999999
SRR2496709,2572,78.79901960784314,7724,0.524,0.012,0.527,0.013,0.5255000000000001,0.0125
SRR2496709,2573,78.8296568627451,7724,0.356,0.01,0.358,0.01,0.357,0.01
SRR2496709,2574,78.86029411764706,7724,0.607,0.014,0.606,0.015,0.6065,0.014499999999999999
SRR2496709,2575,78.89093137254902,7724,0.492,0.013,0.494,0.013,0.493,0.013
SRR2496709,2576,78.92156862745098,7724,0.424,0.011,0.43,0.011,0.427,0.011
SRR2496709,2577,78.95220588235294,7724,0.66,0.018,0.677,0.016,0.6685000000000001,0.017
SRR2496709,2578,78.9828431372549,7724,0.397,0.013,0.401,0.013,0.399,0.013
SRR2496709,2579,79.01348039215686,7724,0.916,0.024,0.904,0.025,0.91,0.0245
SRR2496709,2580,79.04411764705883,7724,0.568,0.014,0.567,0.015,0.5674999999999999,0.014499999999999999
SRR2496709,2581,79.07475490196079,7724,0.353,0.01,0.357,0.011,0.355,0.010499999999999999
SRR2496709,2582,79.10539215686275,7724,0.491,0.012,0.495,0.012,0.493,0.012
SRR2496709,2583,79.13602941176471,7724,0.43,0.013,0.434,0.012,0.432,0.0125
SRR2496709,2584,79.16666666666667,7724,0.397,0.011,0.404,0.011,0.4005,0.011
SRR2496709,2585,79.19730392156863,7724,0.451,0.012,0.458,0.013,0.4545,0.0125
SRR2496709,2586,79.2279411764706,7724,0.385,0.011,0.389,0.011,0.387,0.011
SRR2496709,2587,79.25857843137256,7724,0.54,0.015,0.545,0.015,0.5425,0.015
SRR2496709,2588,79.28921568627452,7724,0.449,0.012,0.456,0.012,0.4525,0.012
SRR2496709,2589,79.31985294117646,7724,0.383,0.01,0.391,0.011,0.387,0.010499999999999999
SRR2496709,2590,79.35049019607843,7724,0.44,0.011,0.446,0.012,0.443,0.0115
SRR2496709,2591,79.38112745098039,7724,0.398,0.011,0.402,0.011,0.4,0.011
SRR2496709,2592,79.41176470588235,7724,0.5,0.013,0.504,0.013,0.502,0.013
SRR2496709,2593,79.44240196078431,7724,0.387,0.012,0.393,0.012,0.39,0.012
SRR2496709,2594,79.47303921568627,7724,0.575,0.02,0.558,0.018,0.5665,0.019
SRR2496709,2595,79.50367647058823,7724,0.538,0.015,0.535,0.017,0.5365,0.016
SRR2496709,2596,79.5343137254902,7724,0.45,0.012,0.457,0.015,0.4535,0.0135
SRR2496709,2597,79.56495098039215,7724,0.394,0.011,0.402,0.011,0.398,0.011
SRR2496709,2598,79.59558823529412,7724,0.453,0.012,0.461,0.012,0.457,0.012
SRR2496709,2599,79.62622549019608,7724,0.379,0.01,0.384,0.011,0.3815,0.010499999999999999
SRR2496709,2600,79.65686274509804,7724,0.489,0.012,0.496,0.012,0.4925,0.012
SRR2496709,2601,79.6875,7724,0.479,0.012,0.484,0.012,0.4815,0.012
SRR2496709,2602,79.71813725490196,7724,0.398,0.01,0.403,0.011,0.4005,0.010499999999999999
SRR2496709,2603,79.74877450980392,7724,0.479,0.012,0.491,0.013,0.485,0.0125
SRR2496709,2604,79.77941176470588,7724,0.491,0.012,0.496,0.012,0.4935,0.012
SRR2496709,2605,79.81004901960785,7724,0.46,0.012,0.462,0.012,0.461,0.012
SRR2496709,2606,79.8406862745098,7724,0.465,0.013,0.47,0.014,0.4675,0.0135
SRR2496709,2607,79.87132352941177,7724,0.845,0.022,0.857,0.022,0.851,0.022
SRR2496709,2608,79.90196078431373,7724,0.426,0.012,0.434,0.013,0.43,0.0125
SRR2496709,2609,79.93259803921569,7724,0.429,0.011,0.435,0.012,0.432,0.0115
SRR2496709,2610,79.96323529411765,7724,0.346,0.01,0.349,0.011,0.3475,0.010499999999999999
SRR2496709,2611,79.99387254901961,7724,0.373,0.01,0.382,0.011,0.3775,0.010499999999999999
SRR2496709,2612,80.02450980392157,7724,0.433,0.013,0.417,0.011,0.425,0.012
SRR2496709,2613,80.05514705882354,7724,0.416,0.011,0.423,0.012,0.4195,0.0115
SRR2496709,2614,80.08578431372548,7724,0.527,0.022,0.537,0.022,0.532,0.022
SRR2496709,2615,80.11642156862744,7724,1.582,0.036,1.578,0.037,1.58,0.0365
SRR2496709,2616,80.1470588235294,7724,1.095,0.034,1.091,0.034,1.093,0.034
SRR2496709,2617,80.17769607843137,7724,2.278,0.044,2.267,0.044,2.2725,0.044
SRR2496709,2618,80.20833333333333,7724,2.536,0.049,2.525,0.048,2.5305,0.0485
SRR2496709,2619,80.23897058823529,7724,2.471,0.05,2.462,0.05,2.4665,0.05
SRR2496709,2620,80.26960784313725,7724,0.524,0.013,0.531,0.014,0.5275000000000001,0.0135
SRR2496709,2621,80.30024509803921,7724,0.603,0.017,0.606,0.017,0.6045,0.017
SRR2496709,2622,80.33088235294117,7724,0.614,0.019,0.62,0.019,0.617,0.019
SRR2496709,2623,80.36151960784314,7724,0.605,0.023,0.603,0.023,0.604,0.023
SRR2496709,2624,80.3921568627451,7724,0.702,0.019,0.705,0.019,0.7035,0.019
SRR2496709,2625,80.42279411764706,7724,0.466,0.014,0.471,0.014,0.4685,0.014
SRR2496709,2626,80.45343137254902,7724,0.467,0.012,0.493,0.013,0.48,0.0125
SRR2496709,2627,80.48406862745098,7724,0.443,0.012,0.445,0.012,0.444,0.012
SRR2496709,2628,80.51470588235294,7724,1.2,0.033,1.205,0.034,1.2025000000000001,0.0335
SRR2496709,2629,80.5453431372549,7724,1.668,0.04,1.651,0.038,1.6595,0.039
SRR2496709,2630,80.57598039215686,7724,0.571,0.013,0.576,0.014,0.5734999999999999,0.0135
SRR2496709,2631,80.60661764705883,7724,0.574,0.013,0.581,0.014,0.5774999999999999,0.0135
SRR2496709,2632,80.63725490196079,7724,0.624,0.014,0.625,0.015,0.6245,0.014499999999999999
SRR2496709,2633,80.66789215686275,7724,0.517,0.012,0.52,0.013,0.5185,0.0125
SRR2496709,2634,80.69852941176471,7724,0.544,0.013,0.549,0.013,0.5465,0.013
SRR2496709,2635,80.72916666666667,7724,2.267,0.045,2.265,0.046,2.266,0.0455
SRR2496709,2636,80.75980392156863,7724,3.213,0.065,3.221,0.064,3.217,0.0645
SRR2496709,2637,80.7904411764706,7724,0.977,0.025,0.983,0.024,0.98,0.0245
SRR2496709,2638,80.82107843137256,7724,0.688,0.015,0.688,0.016,0.688,0.0155
SRR2496709,2639,80.85171568627452,7724,0.485,0.012,0.487,0.013,0.486,0.0125
SRR2496709,2640,80.88235294117646,7724,0.466,0.012,0.472,0.012,0.469,0.012
SRR2496709,2641,80.91299019607843,7724,0.506,0.013,0.508,0.015,0.507,0.013999999999999999
SRR2496709,2642,80.94362745098039,7724,0.44,0.011,0.444,0.012,0.442,0.0115
SRR2496709,2643,80.97426470588235,7724,0.445,0.011,0.448,0.012,0.4465,0.0115
SRR2496709,2644,81.00490196078431,7724,0.497,0.012,0.506,0.013,0.5015000000000001,0.0125
SRR2496709,2645,81.03553921568627,7724,1.353,0.033,1.337,0.034,1.345,0.0335
SRR2496709,2646,81.06617647058823,7724,0.459,0.012,0.465,0.012,0.462,0.012
SRR2496709,2647,81.0968137254902,7724,0.473,0.012,0.48,0.013,0.4765,0.0125
SRR2496709,2648,81.12745098039215,7724,0.488,0.013,0.494,0.013,0.491,0.013
SRR2496709,2649,81.15808823529412,7724,0.54,0.013,0.544,0.014,0.542,0.0135
SRR2496709,2650,81.18872549019608,7724,0.993,0.028,0.989,0.028,0.991,0.028
SRR2496709,2651,81.21936274509804,7724,0.449,0.012,0.452,0.012,0.4505,0.012
SRR2496709,2652,81.25,7724,0.527,0.013,0.531,0.013,0.529,0.013
SRR2496709,2653,81.28063725490196,7724,0.428,0.011,0.434,0.012,0.431,0.0115
SRR2496709,2654,81.31127450980392,7724,0.613,0.015,0.616,0.015,0.6145,0.015
SRR2496709,2655,81.34191176470588,7724,0.491,0.016,0.496,0.017,0.4935,0.0165
SRR2496709,2656,81.37254901960785,7724,0.462,0.012,0.467,0.013,0.4645,0.0125
SRR2496709,2657,81.4031862745098,7724,0.493,0.012,0.503,0.013,0.498,0.0125
SRR2496709,2658,81.43382352941177,7724,0.478,0.012,0.498,0.013,0.488,0.0125
SRR2496709,2659,81.46446078431373,7724,1.544,0.037,1.558,0.037,1.5510000000000002,0.037
SRR2496709,2660,81.49509803921569,7724,1.755,0.033,1.752,0.033,1.7534999999999998,0.033
SRR2496709,2661,81.52573529411765,7724,0.458,0.017,0.459,0.017,0.4585,0.017
SRR2496709,2662,81.55637254901961,7724,0.465,0.012,0.467,0.013,0.466,0.0125
SRR2496709,2663,81.58700980392157,7724,0.413,0.011,0.415,0.012,0.414,0.0115
SRR2496709,2664,81.61764705882354,7724,0.591,0.016,0.598,0.017,0.5945,0.0165
SRR2496709,2665,81.64828431372548,7724,0.448,0.011,0.454,0.012,0.451,0.0115
SRR2496709,2666,81.67892156862744,7724,0.466,0.013,0.471,0.013,0.4685,0.013
SRR2496709,2667,81.7095588235294,7724,0.471,0.012,0.475,0.012,0.473,0.012
SRR2496709,2668,81.74019607843137,7724,0.456,0.012,0.466,0.012,0.461,0.012
SRR2496709,2669,81.77083333333333,7724,0.407,0.011,0.409,0.012,0.408,0.0115
SRR2496709,2670,81.80147058823529,7724,1.519,0.036,1.511,0.036,1.515,0.036
SRR2496709,2671,81.83210784313725,7724,0.39,0.012,0.388,0.015,0.389,0.0135
SRR2496709,2672,81.86274509803921,7724,0.395,0.011,0.401,0.011,0.398,0.011
SRR2496709,2673,81.89338235294117,7724,0.463,0.012,0.467,0.013,0.465,0.0125
SRR2496709,2674,81.92401960784314,7724,0.479,0.012,0.484,0.013,0.4815,0.0125
SRR2496709,2675,81.9546568627451,7724,0.433,0.019,0.437,0.019,0.435,0.019
SRR2496709,2676,81.98529411764706,7724,0.433,0.011,0.435,0.012,0.434,0.0115
SRR2496709,2677,82.01593137254902,7724,0.421,0.011,0.422,0.011,0.4215,0.011
SRR2496709,2678,82.04656862745098,7724,0.455,0.012,0.465,0.012,0.46,0.012
SRR2496709,2679,82.07720588235294,7724,0.514,0.016,0.52,0.016,0.517,0.016
SRR2496709,2680,82.1078431372549,7724,1.016,0.026,1.01,0.026,1.013,0.026
SRR2496709,2681,82.13848039215686,7724,0.489,0.016,0.491,0.016,0.49,0.016
SRR2496709,2682,82.16911764705883,7724,0.421,0.012,0.424,0.012,0.4225,0.012
SRR2496709,2683,82.19975490196079,7724,0.42,0.011,0.429,0.012,0.4245,0.0115
SRR2496709,2684,82.23039215686275,7724,0.536,0.016,0.542,0.017,0.539,0.0165
SRR2496709,2685,82.26102941176471,7724,0.454,0.014,0.455,0.014,0.4545,0.014
SRR2496709,2686,82.29166666666667,7724,0.413,0.012,0.417,0.013,0.415,0.0125
SRR2496709,2687,82.32230392156863,7724,0.607,0.018,0.608,0.018,0.6074999999999999,0.018
SRR2496709,2688,82.3529411764706,7724,0.528,0.014,0.531,0.013,0.5295000000000001,0.0135
SRR2496709,2689,82.38357843137256,7724,0.4,0.011,0.403,0.011,0.4015,0.011
SRR2496709,2690,82.41421568627452,7724,0.409,0.011,0.417,0.012,0.413,0.0115
SRR2496709,2691,82.44485294117646,7724,0.46,0.012,0.47,0.012,0.46499999999999997,0.012
SRR2496709,2692,82.47549019607843,7724,0.384,0.01,0.391,0.011,0.3875,0.010499999999999999
SRR2496709,2693,82.50612745098039,7724,0.413,0.011,0.425,0.012,0.419,0.0115
SRR2496709,2694,82.53676470588235,7724,0.468,0.017,0.475,0.018,0.47150000000000003,0.0175
SRR2496709,2695,82.56740196078431,7724,0.406,0.011,0.411,0.012,0.4085,0.0115
SRR2496709,2696,82.59803921568627,7724,0.413,0.011,0.42,0.012,0.4165,0.0115
SRR2496709,2697,82.62867647058823,7724,0.44,0.013,0.449,0.013,0.4445,0.013
SRR2496709,2698,82.6593137254902,7724,0.444,0.011,0.449,0.012,0.4465,0.0115
SRR2496709,2699,82.68995098039215,7724,0.407,0.011,0.414,0.012,0.4105,0.0115
SRR2496709,2700,82.72058823529412,7724,0.449,0.012,0.457,0.013,0.453,0.0125
SRR2496709,2701,82.75122549019608,7724,0.713,0.015,0.721,0.018,0.717,0.0165
SRR2496709,2702,82.78186274509804,7724,0.479,0.012,0.48,0.014,0.4795,0.013000000000000001
SRR2496709,2703,82.8125,7724,0.459,0.012,0.466,0.012,0.4625,0.012
SRR2496709,2704,82.84313725490196,7724,0.534,0.016,0.538,0.017,0.536,0.0165
SRR2496709,2705,82.87377450980392,7724,1.059,0.022,1.063,0.022,1.061,0.022
SRR2496709,2706,82.90441176470588,7724,0.733,0.017,0.731,0.017,0.732,0.017
SRR2496709,2707,82.93504901960785,7724,0.459,0.012,0.465,0.013,0.462,0.0125
SRR2496709,2708,82.9656862745098,7724,0.422,0.012,0.434,0.012,0.428,0.012
SRR2496709,2709,82.99632352941177,7724,0.369,0.01,0.376,0.011,0.3725,0.010499999999999999
SRR2496709,2710,83.02696078431373,7724,0.564,0.015,0.571,0.016,0.5674999999999999,0.0155
SRR2496709,2711,83.05759803921569,7724,0.509,0.012,0.512,0.013,0.5105,0.0125
SRR2496709,2712,83.08823529411765,7724,0.518,0.012,0.528,0.013,0.523,0.0125
SRR2496709,2713,83.11887254901961,7724,0.557,0.013,0.564,0.013,0.5605,0.013
SRR2496709,2714,83.14950980392157,7724,0.523,0.013,0.53,0.013,0.5265,0.013
SRR2496709,2715,83.18014705882354,7724,0.544,0.013,0.551,0.014,0.5475000000000001,0.0135
SRR2496709,2716,83.21078431372548,7724,0.592,0.014,0.593,0.014,0.5925,0.014
SRR2496709,2717,83.24142156862744,7724,0.492,0.013,0.499,0.013,0.4955,0.013
SRR2496709,2718,83.2720588235294,7724,0.411,0.014,0.423,0.015,0.417,0.014499999999999999
SRR2496709,2719,83.30269607843137,7724,0.469,0.014,0.47,0.014,0.4695,0.014
SRR2496709,2720,83.33333333333333,7724,0.568,0.015,0.568,0.015,0.568,0.015
SRR2496709,2721,83.36397058823529,7724,0.572,0.013,0.575,0.014,0.5734999999999999,0.0135
SRR2496709,2722,83.39460784313725,7724,0.601,0.016,0.601,0.016,0.601,0.016
SRR2496709,2723,83.42524509803921,7724,0.545,0.017,0.547,0.017,0.546,0.017
SRR2496709,2724,83.45588235294117,7724,0.501,0.012,0.501,0.013,0.501,0.0125
SRR2496709,2725,83.48651960784314,7724,1.025,0.024,1.024,0.024,1.0245,0.024
SRR2496709,2726,83.5171568627451,7724,0.445,0.012,0.449,0.012,0.447,0.012
SRR2496709,2727,83.54779411764706,7724,0.557,0.013,0.556,0.014,0.5565,0.0135
SRR2496709,2728,83.57843137254902,7724,0.529,0.012,0.536,0.013,0.5325,0.0125
SRR2496709,2729,83.60906862745098,7724,0.459,0.012,0.464,0.012,0.4615,0.012
SRR2496709,2730,83.63970588235294,7724,0.455,0.013,0.459,0.013,0.457,0.013
SRR2496709,2731,83.6703431372549,7724,0.509,0.013,0.519,0.013,0.514,0.013
SRR2496709,2732,83.70098039215686,7724,0.423,0.012,0.428,0.011,0.4255,0.0115
SRR2496709,2733,83.73161764705883,7724,0.542,0.013,0.544,0.014,0.543,0.0135
SRR2496709,2734,83.76225490196079,7724,0.431,0.015,0.436,0.015,0.4335,0.015
SRR2496709,2735,83.79289215686275,7724,0.541,0.014,0.545,0.014,0.543,0.014
SRR2496709,2736,83.82352941176471,7724,0.581,0.015,0.591,0.015,0.586,0.015
SRR2496709,2737,83.85416666666667,7724,0.705,0.02,0.714,0.02,0.7095,0.02
SRR2496709,2738,83.88480392156863,7724,0.458,0.012,0.456,0.012,0.457,0.012
SRR2496709,2739,83.9154411764706,7724,0.459,0.017,0.464,0.016,0.4615,0.0165
SRR2496709,2740,83.94607843137256,7724,0.475,0.017,0.468,0.018,0.47150000000000003,0.0175
SRR2496709,2741,83.97671568627452,7724,0.574,0.014,0.574,0.014,0.574,0.014
SRR2496709,2742,84.00735294117646,7724,2.425,0.047,2.406,0.047,2.4154999999999998,0.047
SRR2496709,2743,84.03799019607843,7724,0.686,0.018,0.684,0.018,0.685,0.018
SRR2496709,2744,84.06862745098039,7724,0.401,0.011,0.4,0.012,0.4005,0.0115
SRR2496709,2745,84.09926470588235,7724,0.369,0.011,0.376,0.011,0.3725,0.011
SRR2496709,2746,84.12990196078431,7724,0.499,0.013,0.497,0.013,0.498,0.013
SRR2496709,2747,84.16053921568627,7724,0.481,0.013,0.485,0.013,0.483,0.013
SRR2496709,2748,84.19117647058823,7724,1.257,0.025,1.235,0.025,1.246,0.025
SRR2496709,2749,84.2218137254902,7724,1.611,0.044,1.564,0.043,1.5875,0.0435
SRR2496709,2750,84.25245098039215,7724,0.39,0.01,0.392,0.011,0.391,0.010499999999999999
SRR2496709,2751,84.28308823529412,7724,0.429,0.012,0.44,0.012,0.4345,0.012
SRR2496709,2752,84.31372549019608,7724,1.262,0.024,1.243,0.025,1.2525,0.0245
SRR2496709,2753,84.34436274509804,7724,0.451,0.013,0.457,0.013,0.454,0.013
SRR2496709,2754,84.375,7724,0.521,0.012,0.513,0.013,0.517,0.0125
SRR2496709,2755,84.40563725490196,7724,1.429,0.032,1.419,0.031,1.424,0.0315
SRR2496709,2756,84.43627450980392,7724,0.462,0.012,0.462,0.013,0.462,0.0125
SRR2496709,2757,84.46691176470588,7724,0.506,0.014,0.513,0.014,0.5095000000000001,0.014
SRR2496709,2758,84.49754901960785,7724,0.475,0.012,0.479,0.013,0.477,0.0125
SRR2496709,2759,84.5281862745098,7724,1.02,0.024,1.026,0.025,1.0230000000000001,0.0245
SRR2496709,2760,84.55882352941177,7724,3.065,0.06,3.062,0.06,3.0635,0.06
SRR2496709,2761,84.58946078431373,7724,1.425,0.028,1.447,0.03,1.436,0.028999999999999998
SRR2496709,2762,84.62009803921569,7724,0.76,0.019,0.756,0.019,0.758,0.019
SRR2496709,2763,84.65073529411765,7724,0.53,0.016,0.534,0.017,0.532,0.0165
SRR2496709,2764,84.68137254901961,7724,0.412,0.012,0.42,0.013,0.416,0.0125
SRR2496709,2765,84.71200980392157,7724,0.55,0.014,0.556,0.014,0.553,0.014
SRR2496709,2766,84.74264705882354,7724,0.461,0.012,0.465,0.013,0.463,0.0125
SRR2496709,2767,84.77328431372548,7724,1.514,0.039,1.506,0.037,1.51,0.038
SRR2496709,2768,84.80392156862744,7724,2.583,0.051,2.574,0.051,2.5785,0.051
SRR2496709,2769,84.8345588235294,7724,0.458,0.015,0.462,0.016,0.46,0.0155
SRR2496709,2770,84.86519607843137,7724,0.505,0.014,0.504,0.015,0.5045,0.014499999999999999
SRR2496709,2771,84.89583333333333,7724,0.409,0.011,0.413,0.012,0.411,0.0115
SRR2496709,2772,84.92647058823529,7724,0.402,0.011,0.4,0.012,0.401,0.0115
SRR2496709,2773,84.95710784313725,7724,0.488,0.012,0.492,0.013,0.49,0.0125
SRR2496709,2774,84.98774509803921,7724,0.424,0.012,0.428,0.012,0.426,0.012
SRR2496709,2775,85.01838235294117,7724,1.557,0.036,1.545,0.036,1.551,0.036
SRR2496709,2776,85.04901960784314,7724,1.958,0.036,1.966,0.036,1.962,0.036
SRR2496709,2777,85.0796568627451,7724,2.627,0.046,2.646,0.046,2.6365,0.046
SRR2496709,2778,85.11029411764706,7724,1.834,0.033,1.834,0.033,1.834,0.033
SRR2496709,2779,85.14093137254902,7724,4.062,0.091,4.06,0.089,4.061,0.09
SRR2496709,2780,85.17156862745098,7724,4.709,0.082,4.754,0.082,4.7315,0.082
SRR2496709,2781,85.20220588235294,7724,3.08,0.06,3.084,0.06,3.082,0.06
SRR2496709,2782,85.2328431372549,7724,0.968,0.023,0.965,0.023,0.9664999999999999,0.023
SRR2496709,2783,85.26348039215686,7724,0.376,0.01,0.38,0.011,0.378,0.010499999999999999
SRR2496709,2784,85.29411764705883,7724,0.597,0.014,0.599,0.014,0.598,0.014
SRR2496709,2785,85.32475490196079,7724,0.463,0.012,0.466,0.013,0.4645,0.0125
SRR2496709,2786,85.35539215686275,7724,0.436,0.011,0.449,0.012,0.4425,0.0115
SRR2496709,2787,85.38602941176471,7724,0.373,0.011,0.378,0.011,0.3755,0.011
SRR2496709,2788,85.41666666666667,7724,0.437,0.011,0.444,0.012,0.4405,0.0115
SRR2496709,2789,85.44730392156863,7724,0.629,0.018,0.638,0.019,0.6335,0.0185
SRR2496709,2790,85.4779411764706,7724,0.357,0.011,0.359,0.01,0.358,0.010499999999999999
SRR2496709,2791,85.50857843137256,7724,0.448,0.012,0.459,0.012,0.4535,0.012
SRR2496709,2792,85.53921568627452,7724,0.39,0.012,0.395,0.011,0.3925,0.0115
SRR2496709,2793,85.56985294117646,7724,0.479,0.012,0.483,0.013,0.481,0.0125
SRR2496709,2794,85.60049019607843,7724,0.44,0.011,0.447,0.012,0.4435,0.0115
SRR2496709,2795,85.63112745098039,7724,0.605,0.016,0.606,0.016,0.6054999999999999,0.016
SRR2496709,2796,85.66176470588235,7724,0.531,0.015,0.535,0.015,0.533,0.015
SRR2496709,2797,85.69240196078431,7724,0.476,0.012,0.478,0.012,0.477,0.012
SRR2496709,2798,85.72303921568627,7724,1.214,0.03,1.199,0.03,1.2065000000000001,0.03
SRR2496709,2799,85.75367647058823,7724,2.638,0.052,2.628,0.054,2.633,0.053
SRR2496709,2800,85.7843137254902,7724,0.424,0.012,0.424,0.013,0.424,0.0125
SRR2496709,2801,85.81495098039215,7724,0.903,0.021,0.906,0.02,0.9045000000000001,0.0205
SRR2496709,2802,85.84558823529412,7724,0.805,0.021,0.802,0.021,0.8035000000000001,0.021
SRR2496709,2803,85.87622549019608,7724,0.472,0.014,0.479,0.015,0.4755,0.014499999999999999
SRR2496709,2804,85.90686274509804,7724,0.466,0.016,0.476,0.016,0.471,0.016
SRR2496709,2805,85.9375,7724,0.909,0.022,0.908,0.022,0.9085000000000001,0.022
SRR2496709,2806,85.96813725490196,7724,0.841,0.021,0.845,0.021,0.843,0.021
SRR2496709,2807,85.99877450980392,7724,1.231,0.033,1.225,0.033,1.2280000000000002,0.033
SRR2496709,2808,86.02941176470588,7724,0.485,0.013,0.491,0.013,0.488,0.013
SRR2496709,2809,86.06004901960785,7724,0.453,0.012,0.457,0.012,0.455,0.012
SRR2496709,2810,86.0906862745098,7724,0.48,0.014,0.483,0.014,0.4815,0.014
SRR2496709,2811,86.12132352941177,7724,0.442,0.014,0.439,0.013,0.4405,0.0135
SRR2496709,2812,86.15196078431373,7724,0.537,0.014,0.542,0.014,0.5395000000000001,0.014
SRR2496709,2813,86.18259803921569,7724,0.449,0.012,0.456,0.012,0.4525,0.012
SRR2496709,2814,86.21323529411765,7724,0.471,0.012,0.477,0.012,0.474,0.012
SRR2496709,2815,86.24387254901961,7724,2.553,0.05,2.555,0.05,2.5540000000000003,0.05
SRR2496709,2816,86.27450980392157,7724,0.395,0.011,0.397,0.011,0.396,0.011
SRR2496709,2817,86.30514705882354,7724,0.986,0.02,0.987,0.021,0.9864999999999999,0.0205
SRR2496709,2818,86.33578431372548,7724,0.505,0.013,0.509,0.013,0.507,0.013
SRR2496709,2819,86.36642156862744,7724,0.569,0.014,0.569,0.014,0.569,0.014
SRR2496709,2820,86.3970588235294,7724,0.538,0.014,0.539,0.014,0.5385,0.014
SRR2496709,2821,86.42769607843137,7724,0.398,0.011,0.404,0.012,0.401,0.0115
SRR2496709,2822,86.45833333333333,7724,0.583,0.014,0.589,0.014,0.586,0.014
SRR2496709,2823,86.48897058823529,7724,0.425,0.011,0.423,0.012,0.424,0.0115
SRR2496709,2824,86.51960784313725,7724,0.371,0.01,0.378,0.011,0.3745,0.010499999999999999
SRR2496709,2825,86.55024509803921,7724,0.468,0.011,0.473,0.012,0.47050000000000003,0.0115
SRR2496709,2826,86.58088235294117,7724,0.362,0.01,0.367,0.01,0.3645,0.01
SRR2496709,2827,86.61151960784314,7724,0.381,0.01,0.384,0.011,0.3825,0.010499999999999999
SRR2496709,2828,86.6421568627451,7724,0.569,0.015,0.569,0.015,0.569,0.015
SRR2496709,2829,86.67279411764706,7724,0.331,0.01,0.334,0.01,0.3325,0.01
SRR2496709,2830,86.70343137254902,7724,0.365,0.01,0.369,0.011,0.367,0.010499999999999999
SRR2496709,2831,86.73406862745098,7724,0.35,0.01,0.357,0.01,0.3535,0.01
SRR2496709,2832,86.76470588235294,7724,0.346,0.01,0.354,0.01,0.35,0.01
SRR2496709,2833,86.7953431372549,7724,0.374,0.01,0.379,0.011,0.3765,0.010499999999999999
SRR2496709,2834,86.82598039215686,7724,0.597,0.013,0.601,0.014,0.599,0.0135
SRR2496709,2835,86.85661764705883,7724,0.516,0.012,0.524,0.013,0.52,0.0125
SRR2496709,2836,86.88725490196079,7724,0.368,0.01,0.374,0.011,0.371,0.010499999999999999
SRR2496709,2837,86.91789215686275,7724,0.411,0.011,0.418,0.012,0.4145,0.0115
SRR2496709,2838,86.94852941176471,7724,0.365,0.01,0.369,0.01,0.367,0.01
SRR2496709,2839,86.97916666666667,7724,0.401,0.011,0.406,0.011,0.4035,0.011
SRR2496709,2840,87.00980392156863,7724,0.751,0.016,0.76,0.017,0.7555000000000001,0.0165
SRR2496709,2841,87.0404411764706,7724,0.525,0.016,0.525,0.018,0.525,0.017
SRR2496709,2842,87.07107843137256,7724,0.438,0.012,0.439,0.013,0.4385,0.0125
SRR2496709,2843,87.10171568627452,7724,0.432,0.014,0.458,0.012,0.445,0.013000000000000001
SRR2496709,2844,87.13235294117646,7724,0.607,0.014,0.61,0.015,0.6085,0.014499999999999999
SRR2496709,2845,87.16299019607843,7724,0.366,0.011,0.372,0.011,0.369,0.011
SRR2496709,2846,87.19362745098039,7724,0.36,0.01,0.367,0.01,0.3635,0.01
SRR2496709,2847,87.22426470588235,7724,0.372,0.01,0.379,0.011,0.3755,0.010499999999999999
SRR2496709,2848,87.25490196078431,7724,0.447,0.011,0.448,0.012,0.4475,0.0115
SRR2496709,2849,87.28553921568627,7724,0.451,0.012,0.457,0.012,0.454,0.012
SRR2496709,2850,87.31617647058823,7724,0.538,0.012,0.535,0.013,0.5365,0.0125
SRR2496709,2851,87.3468137254902,7724,0.343,0.01,0.349,0.011,0.346,0.010499999999999999
SRR2496709,2852,87.37745098039215,7724,0.385,0.01,0.396,0.011,0.3905,0.010499999999999999
SRR2496709,2853,87.40808823529412,7724,0.448,0.012,0.45,0.013,0.449,0.0125
SRR2496709,2854,87.43872549019608,7724,0.514,0.013,0.514,0.014,0.514,0.0135
SRR2496709,2855,87.46936274509804,7724,0.4,0.012,0.405,0.013,0.4025,0.0125
SRR2496709,2856,87.5,7724,0.477,0.012,0.479,0.013,0.478,0.0125
SRR2496709,2857,87.53063725490196,7724,0.391,0.011,0.394,0.011,0.3925,0.011
SRR2496709,2858,87.56127450980392,7724,0.367,0.01,0.367,0.011,0.367,0.010499999999999999
SRR2496709,2859,87.59191176470588,7724,0.52,0.017,0.529,0.017,0.5245,0.017
SRR2496709,2860,87.62254901960785,7724,0.534,0.013,0.535,0.013,0.5345,0.013
SRR2496709,2861,87.6531862745098,7724,0.711,0.016,0.719,0.016,0.715,0.016
SRR2496709,2862,87.68382352941177,7724,0.435,0.012,0.439,0.012,0.437,0.012
SRR2496709,2863,87.71446078431373,7724,0.379,0.012,0.4,0.011,0.3895,0.0115
SRR2496709,2864,87.74509803921569,7724,0.385,0.011,0.398,0.011,0.3915,0.011
SRR2496709,2865,87.77573529411765,7724,0.465,0.012,0.473,0.013,0.469,0.0125
SRR2496709,2866,87.80637254901961,7724,0.553,0.013,0.563,0.014,0.558,0.0135
SRR2496709,2867,87.83700980392157,7724,0.394,0.011,0.402,0.012,0.398,0.0115
SRR2496709,2868,87.86764705882354,7724,0.313,0.009,0.331,0.011,0.322,0.009999999999999998
SRR2496709,2869,87.89828431372548,7724,0.339,0.01,0.339,0.01,0.339,0.01
SRR2496709,2870,87.92892156862744,7724,0.343,0.01,0.349,0.01,0.346,0.01
SRR2496709,2871,87.9595588235294,7724,0.43,0.011,0.441,0.012,0.4355,0.0115
SRR2496709,2872,87.99019607843137,7724,0.38,0.01,0.386,0.011,0.383,0.010499999999999999
SRR2496709,2873,88.02083333333333,7724,1.932,0.051,1.908,0.049,1.92,0.05
SRR2496709,2874,88.05147058823529,7724,1.2,0.026,1.194,0.026,1.197,0.026
SRR2496709,2875,88.08210784313725,7724,1.21,0.028,1.192,0.028,1.201,0.028
SRR2496709,2876,88.11274509803921,7724,0.541,0.013,0.537,0.014,0.539,0.0135
SRR2496709,2877,88.14338235294117,7724,0.56,0.018,0.557,0.018,0.5585,0.018
SRR2496709,2878,88.17401960784314,7724,0.552,0.017,0.557,0.017,0.5545,0.017
SRR2496709,2879,88.2046568627451,7724,0.465,0.013,0.477,0.013,0.471,0.013
SRR2496709,2880,88.23529411764706,7724,0.586,0.014,0.585,0.014,0.5854999999999999,0.014
SRR2496709,2881,88.26593137254902,7724,0.431,0.012,0.444,0.012,0.4375,0.012
SRR2496709,2882,88.29656862745098,7724,0.481,0.013,0.48,0.014,0.4805,0.0135
SRR2496709,2883,88.32720588235294,7724,0.608,0.016,0.603,0.015,0.6054999999999999,0.0155
SRR2496709,2884,88.3578431372549,7724,0.483,0.014,0.481,0.015,0.482,0.014499999999999999
SRR2496709,2885,88.38848039215686,7724,0.453,0.013,0.456,0.013,0.4545,0.013
SRR2496709,2886,88.41911764705883,7724,0.545,0.014,0.548,0.013,0.5465,0.0135
SRR2496709,2887,88.44975490196079,7724,0.408,0.011,0.408,0.011,0.408,0.011
SRR2496709,2888,88.48039215686275,7724,0.411,0.011,0.415,0.012,0.413,0.0115
SRR2496709,2889,88.51102941176471,7724,0.348,0.011,0.352,0.011,0.35,0.011
SRR2496709,2890,88.54166666666667,7724,0.538,0.013,0.526,0.013,0.532,0.013
SRR2496709,2891,88.57230392156863,7724,0.593,0.014,0.594,0.014,0.5934999999999999,0.014
SRR2496709,2892,88.6029411764706,7724,0.352,0.01,0.345,0.011,0.3485,0.010499999999999999
SRR2496709,2893,88.63357843137256,7724,0.346,0.01,0.352,0.011,0.349,0.010499999999999999
SRR2496709,2894,88.66421568627452,7724,0.559,0.014,0.559,0.014,0.559,0.014
SRR2496709,2895,88.69485294117646,7724,0.63,0.014,0.63,0.014,0.63,0.014
SRR2496709,2896,88.72549019607843,7724,0.423,0.014,0.419,0.012,0.421,0.013000000000000001
SRR2496709,2897,88.75612745098039,7724,0.434,0.012,0.438,0.012,0.436,0.012
SRR2496709,2898,88.78676470588235,7724,0.449,0.012,0.452,0.013,0.4505,0.0125
SRR2496709,2899,88.81740196078431,7724,0.447,0.012,0.448,0.012,0.4475,0.012
SRR2496709,2900,88.84803921568627,7724,0.903,0.022,0.895,0.024,0.899,0.023
SRR2496709,2901,88.87867647058823,7724,0.448,0.012,0.454,0.012,0.451,0.012
SRR2496709,2902,88.9093137254902,7724,0.37,0.01,0.367,0.011,0.3685,0.010499999999999999
SRR2496709,2903,88.93995098039215,7724,0.429,0.012,0.441,0.012,0.435,0.012
SRR2496709,2904,88.97058823529412,7724,0.396,0.011,0.392,0.012,0.394,0.0115
SRR2496709,2905,89.00122549019608,7724,0.529,0.016,0.537,0.016,0.533,0.016
SRR2496709,2906,89.03186274509804,7724,0.692,0.02,0.688,0.019,0.69,0.0195
SRR2496709,2907,89.0625,7724,1.711,0.035,1.69,0.036,1.7005,0.035500000000000004
SRR2496709,2908,89.09313725490196,7724,1.243,0.027,1.214,0.025,1.2285,0.026000000000000002
SRR2496709,2909,89.12377450980392,7724,0.526,0.014,0.535,0.016,0.5305,0.015
SRR2496709,2910,89.15441176470588,7724,0.495,0.012,0.485,0.012,0.49,0.012
SRR2496709,2911,89.18504901960785,7724,0.555,0.014,0.556,0.014,0.5555000000000001,0.014
SRR2496709,2912,89.2156862745098,7724,0.597,0.013,0.582,0.014,0.5894999999999999,0.0135
SRR2496709,2913,89.24632352941177,7724,0.425,0.012,0.429,0.012,0.427,0.012
SRR2496709,2914,89.27696078431373,7724,0.442,0.013,0.452,0.012,0.447,0.0125
SRR2496709,2915,89.30759803921569,7724,0.475,0.013,0.483,0.013,0.479,0.013
SRR2496709,2916,89.33823529411765,7724,0.469,0.012,0.471,0.013,0.47,0.0125
SRR2496709,2917,89.36887254901961,7724,0.405,0.012,0.411,0.011,0.40800000000000003,0.0115
SRR2496709,2918,89.39950980392157,7724,0.486,0.012,0.483,0.012,0.4845,0.012
SRR2496709,2919,89.43014705882354,7724,0.475,0.013,0.478,0.012,0.4765,0.0125
SRR2496709,2920,89.46078431372548,7724,0.468,0.012,0.464,0.012,0.466,0.012
SRR2496709,2921,89.49142156862744,7724,0.55,0.013,0.552,0.013,0.551,0.013
SRR2496709,2922,89.5220588235294,7724,0.476,0.012,0.472,0.012,0.474,0.012
SRR2496709,2923,89.55269607843137,7724,0.47,0.012,0.472,0.012,0.471,0.012
SRR2496709,2924,89.58333333333333,7724,0.477,0.012,0.487,0.012,0.482,0.012
SRR2496709,2925,89.61397058823529,7724,0.524,0.012,0.527,0.013,0.5255000000000001,0.0125
SRR2496709,2926,89.64460784313725,7724,0.444,0.011,0.452,0.011,0.448,0.011
SRR2496709,2927,89.67524509803921,7724,0.54,0.013,0.538,0.013,0.539,0.013
SRR2496709,2928,89.70588235294117,7724,0.525,0.013,0.535,0.013,0.53,0.013
SRR2496709,2929,89.73651960784314,7724,0.554,0.013,0.555,0.014,0.5545,0.0135
SRR2496709,2930,89.7671568627451,7724,0.481,0.012,0.483,0.012,0.482,0.012
SRR2496709,2931,89.79779411764706,7724,0.567,0.013,0.57,0.014,0.5685,0.0135
SRR2496709,2932,89.82843137254902,7724,0.835,0.018,0.835,0.018,0.835,0.018
SRR2496709,2933,89.85906862745098,7724,0.606,0.014,0.614,0.015,0.61,0.014499999999999999
SRR2496709,2934,89.88970588235294,7724,0.55,0.014,0.549,0.014,0.5495000000000001,0.014
SRR2496709,2935,89.9203431372549,7724,0.519,0.014,0.53,0.013,0.5245,0.0135
SRR2496709,2936,89.95098039215686,7724,0.472,0.012,0.475,0.012,0.4735,0.012
SRR2496709,2937,89.98161764705883,7724,0.503,0.013,0.509,0.013,0.506,0.013
SRR2496709,2938,90.01225490196079,7724,0.522,0.013,0.524,0.013,0.523,0.013
SRR2496709,2939,90.04289215686275,7724,0.363,0.01,0.37,0.011,0.3665,0.010499999999999999
SRR2496709,2940,90.07352941176471,7724,0.393,0.011,0.399,0.011,0.396,0.011
SRR2496709,2941,90.10416666666667,7724,0.372,0.01,0.383,0.011,0.3775,0.010499999999999999
SRR2496709,2942,90.13480392156863,7724,0.423,0.011,0.429,0.012,0.426,0.0115
SRR2496709,2943,90.1654411764706,7724,0.431,0.011,0.439,0.012,0.435,0.0115
SRR2496709,2944,90.19607843137256,7724,0.405,0.011,0.409,0.011,0.40700000000000003,0.011
SRR2496709,2945,90.22671568627452,7724,0.5,0.012,0.506,0.013,0.503,0.0125
SRR2496709,2946,90.25735294117646,7724,0.665,0.015,0.661,0.015,0.663,0.015
SRR2496709,2947,90.28799019607843,7724,0.566,0.015,0.573,0.015,0.5694999999999999,0.015
SRR2496709,2948,90.31862745098039,7724,0.612,0.014,0.613,0.015,0.6125,0.014499999999999999
SRR2496709,2949,90.34926470588235,7724,0.533,0.02,0.537,0.02,0.535,0.02
SRR2496709,2950,90.37990196078431,7724,0.646,0.02,0.65,0.019,0.648,0.0195
SRR2496709,2951,90.41053921568627,7724,0.798,0.017,0.811,0.019,0.8045,0.018000000000000002
SRR2496709,2952,90.44117647058823,7724,0.57,0.015,0.581,0.016,0.5754999999999999,0.0155
SRR2496709,2953,90.4718137254902,7724,0.529,0.013,0.534,0.013,0.5315000000000001,0.013
SRR2496709,2954,90.50245098039215,7724,0.523,0.015,0.525,0.015,0.524,0.015
SRR2496709,2955,90.53308823529412,7724,0.674,0.018,0.677,0.018,0.6755,0.018
SRR2496709,2956,90.56372549019608,7724,0.501,0.016,0.506,0.017,0.5035000000000001,0.0165
SRR2496709,2957,90.59436274509804,7724,0.589,0.014,0.59,0.015,0.5894999999999999,0.014499999999999999
SRR2496709,2958,90.625,7724,0.741,0.018,0.742,0.02,0.7415,0.019
SRR2496709,2959,90.65563725490196,7724,0.478,0.012,0.484,0.013,0.481,0.0125
SRR2496709,2960,90.68627450980392,7724,0.594,0.014,0.6,0.014,0.597,0.014
SRR2496709,2961,90.71691176470588,7724,0.524,0.015,0.534,0.015,0.529,0.015
SRR2496709,2962,90.74754901960785,7724,0.648,0.015,0.655,0.015,0.6515,0.015
SRR2496709,2963,90.7781862745098,7724,0.609,0.018,0.606,0.019,0.6074999999999999,0.0185
SRR2496709,2964,90.80882352941177,7724,1.777,0.035,1.782,0.034,1.7795,0.0345
SRR2496709,2965,90.83946078431373,7724,1.523,0.033,1.52,0.033,1.5215,0.033
SRR2496709,2966,90.87009803921569,7724,1.505,0.032,1.504,0.032,1.5045,0.032
SRR2496709,2967,90.90073529411765,7724,2.596,0.051,2.587,0.051,2.5915,0.051
SRR2496709,2968,90.93137254901961,7724,0.997,0.025,1.002,0.025,0.9995,0.025
SRR2496709,2969,90.96200980392157,7724,0.502,0.013,0.507,0.013,0.5045,0.013
SRR2496709,2970,90.99264705882354,7724,0.51,0.013,0.514,0.013,0.512,0.013
SRR2496709,2971,91.02328431372548,7724,0.561,0.013,0.568,0.014,0.5645,0.0135
SRR2496709,2972,91.05392156862744,7724,0.458,0.012,0.464,0.012,0.461,0.012
SRR2496709,2973,91.0845588235294,7724,0.937,0.019,0.943,0.019,0.94,0.019
SRR2496709,2974,91.11519607843137,7724,1.141,0.024,1.139,0.024,1.1400000000000001,0.024
SRR2496709,2975,91.14583333333333,7724,0.664,0.019,0.663,0.019,0.6635,0.019
SRR2496709,2976,91.17647058823529,7724,0.733,0.016,0.735,0.016,0.734,0.016
SRR2496709,2977,91.20710784313725,7724,0.788,0.018,0.799,0.018,0.7935000000000001,0.018
SRR2496709,2978,91.23774509803921,7724,0.417,0.011,0.419,0.012,0.418,0.0115
SRR2496709,2979,91.26838235294117,7724,0.466,0.012,0.474,0.013,0.47,0.0125
SRR2496709,2980,91.29901960784314,7724,0.471,0.013,0.474,0.013,0.4725,0.013
SRR2496709,2981,91.3296568627451,7724,0.429,0.011,0.439,0.012,0.434,0.0115
SRR2496709,2982,91.36029411764706,7724,0.737,0.016,0.745,0.017,0.741,0.0165
SRR2496709,2983,91.39093137254902,7724,0.561,0.022,0.556,0.023,0.5585,0.0225
SRR2496709,2984,91.42156862745098,7724,0.636,0.018,0.644,0.017,0.64,0.0175
SRR2496709,2985,91.45220588235294,7724,0.43,0.012,0.437,0.013,0.4335,0.0125
SRR2496709,2986,91.4828431372549,7724,1.683,0.035,1.678,0.035,1.6804999999999999,0.035
SRR2496709,2987,91.51348039215686,7724,1.049,0.027,1.046,0.027,1.0474999999999999,0.027
SRR2496709,2988,91.54411764705883,7724,0.589,0.014,0.592,0.014,0.5905,0.014
SRR2496709,2989,91.57475490196079,7724,0.521,0.013,0.526,0.013,0.5235000000000001,0.013
SRR2496709,2990,91.60539215686275,7724,1.161,0.029,1.172,0.029,1.1665,0.029
SRR2496709,2991,91.63602941176471,7724,1.026,0.024,1.015,0.024,1.0205,0.024
SRR2496709,2992,91.66666666666667,7724,0.447,0.012,0.453,0.012,0.45,0.012
SRR2496709,2993,91.69730392156863,7724,0.46,0.012,0.464,0.013,0.462,0.0125
SRR2496709,2994,91.7279411764706,7724,0.476,0.014,0.484,0.015,0.48,0.014499999999999999
SRR2496709,2995,91.75857843137256,7724,0.381,0.01,0.385,0.011,0.383,0.010499999999999999
SRR2496709,2996,91.78921568627452,7724,0.463,0.012,0.469,0.012,0.46599999999999997,0.012
SRR2496709,2997,91.81985294117646,7724,0.44,0.011,0.443,0.012,0.4415,0.0115
SRR2496709,2998,91.85049019607843,7724,0.52,0.013,0.528,0.014,0.524,0.0135
SRR2496709,2999,91.88112745098039,7724,0.509,0.012,0.509,0.013,0.509,0.0125
SRR2496709,3000,91.91176470588235,7724,0.509,0.014,0.517,0.013,0.513,0.0135
SRR2496709,3001,91.94240196078431,7724,0.465,0.012,0.471,0.012,0.46799999999999997,0.012
SRR2496709,3002,91.97303921568627,7724,0.427,0.011,0.435,0.012,0.431,0.0115
SRR2496709,3003,92.00367647058823,7724,0.729,0.022,0.728,0.022,0.7284999999999999,0.022
SRR2496709,3004,92.0343137254902,7724,0.785,0.02,0.798,0.02,0.7915000000000001,0.02
SRR2496709,3005,92.06495098039215,7724,0.698,0.017,0.705,0.015,0.7015,0.016
SRR2496709,3006,92.09558823529412,7724,0.911,0.019,0.914,0.019,0.9125000000000001,0.019
SRR2496709,3007,92.12622549019608,7724,1.061,0.028,1.06,0.029,1.0605,0.0285
SRR2496709,3008,92.15686274509804,7724,0.505,0.017,0.51,0.017,0.5075000000000001,0.017
SRR2496709,3009,92.1875,7724,0.419,0.011,0.424,0.012,0.4215,0.0115
SRR2496709,3010,92.21813725490196,7724,0.44,0.012,0.444,0.012,0.442,0.012
SRR2496709,3011,92.24877450980392,7724,0.427,0.011,0.431,0.012,0.429,0.0115
SRR2496709,3012,92.27941176470588,7724,0.532,0.015,0.541,0.016,0.5365,0.0155
SRR2496709,3013,92.31004901960785,7724,1.843,0.042,1.831,0.041,1.837,0.0415
SRR2496709,3014,92.3406862745098,7724,3.369,0.072,3.389,0.074,3.379,0.073
SRR2496709,3015,92.37132352941177,7724,24.359,0.395,24.803,0.402,24.581000000000003,0.3985
SRR2496709,3016,92.40196078431373,7724,1.427,0.034,1.424,0.034,1.4255,0.034
SRR2496709,3017,92.43259803921569,7724,0.715,0.017,0.722,0.018,0.7184999999999999,0.0175
SRR2496709,3018,92.46323529411765,7724,1.052,0.028,1.046,0.027,1.049,0.0275
SRR2496709,3019,92.49387254901961,7724,0.711,0.018,0.711,0.019,0.711,0.0185
SRR2496709,3020,92.52450980392157,7724,0.683,0.015,0.695,0.016,0.6890000000000001,0.0155
SRR2496709,3021,92.55514705882354,7724,0.8,0.018,0.804,0.018,0.802,0.018
SRR2496709,3022,92.58578431372548,7724,0.778,0.016,0.776,0.016,0.777,0.016
SRR2496709,3023,92.61642156862744,7724,1.13,0.022,1.149,0.023,1.1395,0.0225
SRR2496709,3024,92.6470588235294,7724,1.183,0.022,1.203,0.023,1.193,0.0225
SRR2496709,3025,92.67769607843137,7724,1.353,0.025,1.362,0.025,1.3575,0.025
SRR2496709,3026,92.70833333333333,7724,1.206,0.023,1.218,0.023,1.212,0.023
SRR2496709,3027,92.73897058823529,7724,0.806,0.02,0.807,0.02,0.8065,0.02
SRR2496709,3028,92.76960784313725,7724,0.848,0.017,0.848,0.017,0.848,0.017
SRR2496709,3029,92.80024509803921,7724,0.667,0.016,0.675,0.015,0.671,0.0155
SRR2496709,3030,92.83088235294117,7724,0.516,0.013,0.521,0.014,0.5185,0.0135
SRR2496709,3031,92.86151960784314,7724,0.528,0.013,0.532,0.013,0.53,0.013
SRR2496709,3032,92.8921568627451,7724,0.432,0.011,0.441,0.012,0.4365,0.0115
SRR2496709,3033,92.92279411764706,7724,0.531,0.013,0.537,0.014,0.534,0.0135
SRR2496709,3034,92.95343137254902,7724,0.466,0.012,0.473,0.012,0.46950000000000003,0.012
SRR2496709,3035,92.98406862745098,7724,0.491,0.014,0.498,0.014,0.4945,0.014
SRR2496709,3036,93.01470588235294,7724,0.935,0.022,0.935,0.023,0.935,0.0225
SRR2496709,3037,93.0453431372549,7724,0.898,0.019,0.901,0.019,0.8995,0.019
SRR2496709,3038,93.07598039215686,7724,0.669,0.018,0.677,0.018,0.673,0.018
SRR2496709,3039,93.10661764705883,7724,0.61,0.017,0.611,0.017,0.6105,0.017
SRR2496709,3040,93.13725490196079,7724,0.668,0.015,0.668,0.016,0.668,0.0155
SRR2496709,3041,93.16789215686275,7724,0.91,0.022,0.907,0.022,0.9085000000000001,0.022
SRR2496709,3042,93.19852941176471,7724,0.796,0.021,0.795,0.021,0.7955000000000001,0.021
SRR2496709,3043,93.22916666666667,7724,0.458,0.015,0.458,0.014,0.458,0.014499999999999999
SRR2496709,3044,93.25980392156863,7724,0.527,0.017,0.538,0.016,0.5325,0.0165
SRR2496709,3045,93.2904411764706,7724,0.568,0.019,0.571,0.019,0.5694999999999999,0.019
SRR2496709,3046,93.32107843137256,7724,0.803,0.023,0.803,0.021,0.803,0.022
SRR2496709,3047,93.35171568627452,7724,0.579,0.021,0.578,0.022,0.5785,0.0215
SRR2496709,3048,93.38235294117646,7724,0.717,0.015,0.724,0.016,0.7204999999999999,0.0155
SRR2496709,3049,93.41299019607843,7724,2.033,0.041,2.044,0.041,2.0385,0.041
SRR2496709,3050,93.44362745098039,7724,0.755,0.018,0.757,0.018,0.756,0.018
SRR2496709,3051,93.47426470588235,7724,0.369,0.012,0.382,0.012,0.3755,0.012
SRR2496709,3052,93.50490196078431,7724,0.427,0.013,0.433,0.014,0.43,0.0135
SRR2496709,3053,93.53553921568627,7724,0.758,0.018,0.765,0.019,0.7615000000000001,0.0185
SRR2496709,3054,93.56617647058823,7724,1.006,0.022,1.0,0.022,1.0030000000000001,0.022
SRR2496709,3055,93.5968137254902,7724,0.716,0.017,0.72,0.017,0.718,0.017
SRR2496709,3056,93.62745098039215,7724,0.517,0.015,0.52,0.015,0.5185,0.015
SRR2496709,3057,93.65808823529412,7724,0.447,0.013,0.456,0.014,0.4515,0.0135
SRR2496709,3058,93.68872549019608,7724,0.51,0.013,0.515,0.013,0.5125,0.013
SRR2496709,3059,93.71936274509804,7724,0.581,0.015,0.582,0.015,0.5814999999999999,0.015
SRR2496709,3060,93.75,7724,0.413,0.011,0.419,0.012,0.416,0.0115
SRR2496709,3061,93.78063725490196,7724,0.457,0.012,0.467,0.013,0.462,0.0125
SRR2496709,3062,93.81127450980392,7724,0.462,0.012,0.47,0.013,0.46599999999999997,0.0125
SRR2496709,3063,93.84191176470588,7724,0.617,0.018,0.624,0.019,0.6205,0.0185
SRR2496709,3064,93.87254901960785,7724,0.44,0.012,0.445,0.013,0.4425,0.0125
SRR2496709,3065,93.9031862745098,7724,0.419,0.011,0.428,0.012,0.4235,0.0115
SRR2496709,3066,93.93382352941177,7724,0.439,0.011,0.446,0.012,0.4425,0.0115
SRR2496709,3067,93.96446078431373,7724,0.569,0.015,0.583,0.017,0.576,0.016
SRR2496709,3068,93.99509803921569,7724,0.471,0.017,0.474,0.017,0.4725,0.017
SRR2496709,3069,94.02573529411765,7724,0.474,0.012,0.478,0.012,0.476,0.012
SRR2496709,3070,94.05637254901961,7724,0.449,0.012,0.461,0.012,0.455,0.012
SRR2496709,3071,94.08700980392157,7724,0.403,0.013,0.412,0.011,0.4075,0.012
SRR2496709,3072,94.11764705882354,7724,0.451,0.013,0.458,0.012,0.4545,0.0125
SRR2496709,3073,94.14828431372548,7724,0.83,0.022,0.833,0.021,0.8314999999999999,0.0215
SRR2496709,3074,94.17892156862744,7724,0.363,0.01,0.361,0.011,0.362,0.010499999999999999
SRR2496709,3075,94.2095588235294,7724,0.432,0.011,0.443,0.012,0.4375,0.0115
SRR2496709,3076,94.24019607843137,7724,0.468,0.012,0.473,0.012,0.47050000000000003,0.012
SRR2496709,3077,94.27083333333333,7724,0.439,0.011,0.447,0.012,0.443,0.0115
SRR2496709,3078,94.30147058823529,7724,0.593,0.013,0.597,0.014,0.595,0.0135
SRR2496709,3079,94.33210784313725,7724,0.509,0.013,0.511,0.014,0.51,0.0135
SRR2496709,3080,94.36274509803921,7724,1.202,0.029,1.209,0.03,1.2055,0.0295
SRR2496709,3081,94.39338235294117,7724,0.45,0.012,0.453,0.012,0.4515,0.012
SRR2496709,3082,94.42401960784314,7724,0.568,0.014,0.57,0.014,0.569,0.014
SRR2496709,3083,94.4546568627451,7724,0.9,0.019,0.897,0.019,0.8985000000000001,0.019
SRR2496709,3084,94.48529411764706,7724,0.718,0.017,0.71,0.017,0.714,0.017
SRR2496709,3085,94.51593137254902,7724,0.391,0.012,0.402,0.011,0.3965,0.0115
SRR2496709,3086,94.54656862745098,7724,0.592,0.014,0.59,0.015,0.591,0.014499999999999999
SRR2496709,3087,94.57720588235294,7724,0.519,0.013,0.524,0.013,0.5215000000000001,0.013
SRR2496709,3088,94.6078431372549,7724,0.521,0.012,0.515,0.013,0.518,0.0125
SRR2496709,3089,94.63848039215686,7724,0.694,0.016,0.695,0.016,0.6944999999999999,0.016
SRR2496709,3090,94.66911764705883,7724,0.506,0.013,0.495,0.015,0.5005,0.013999999999999999
SRR2496709,3091,94.69975490196079,7724,0.774,0.017,0.776,0.017,0.775,0.017
SRR2496709,3092,94.73039215686275,7724,0.659,0.014,0.654,0.015,0.6565000000000001,0.014499999999999999
SRR2496709,3093,94.76102941176471,7724,0.482,0.012,0.486,0.013,0.484,0.0125
SRR2496709,3094,94.79166666666667,7724,0.555,0.013,0.56,0.013,0.5575000000000001,0.013
SRR2496709,3095,94.82230392156863,7724,0.508,0.012,0.506,0.012,0.507,0.012
SRR2496709,3096,94.8529411764706,7724,0.484,0.012,0.499,0.013,0.4915,0.0125
SRR2496709,3097,94.88357843137256,7724,0.565,0.014,0.574,0.014,0.5694999999999999,0.014
SRR2496709,3098,94.91421568627452,7724,0.486,0.013,0.497,0.013,0.4915,0.013
SRR2496709,3099,94.94485294117646,7724,0.593,0.014,0.599,0.015,0.596,0.014499999999999999
SRR2496709,3100,94.97549019607843,7724,0.554,0.013,0.558,0.014,0.556,0.0135
SRR2496709,3101,95.00612745098039,7724,0.802,0.019,0.808,0.019,0.805,0.019
SRR2496709,3102,95.03676470588235,7724,0.493,0.019,0.495,0.018,0.494,0.0185
SRR2496709,3103,95.06740196078431,7724,0.388,0.011,0.397,0.012,0.3925,0.0115
SRR2496709,3104,95.09803921568627,7724,0.498,0.012,0.501,0.012,0.4995,0.012
SRR2496709,3105,95.12867647058823,7724,0.652,0.017,0.661,0.017,0.6565000000000001,0.017
SRR2496709,3106,95.1593137254902,7724,0.584,0.016,0.587,0.017,0.5854999999999999,0.0165
SRR2496709,3107,95.18995098039215,7724,0.495,0.013,0.498,0.013,0.4965,0.013
SRR2496709,3108,95.22058823529412,7724,0.532,0.013,0.535,0.013,0.5335000000000001,0.013
SRR2496709,3109,95.25122549019608,7724,0.531,0.012,0.535,0.013,0.533,0.0125
SRR2496709,3110,95.28186274509804,7724,0.435,0.011,0.438,0.012,0.4365,0.0115
SRR2496709,3111,95.3125,7724,0.578,0.015,0.59,0.014,0.584,0.014499999999999999
SRR2496709,3112,95.34313725490196,7724,0.505,0.013,0.512,0.013,0.5085,0.013
SRR2496709,3113,95.37377450980392,7724,0.502,0.013,0.509,0.014,0.5055000000000001,0.0135
SRR2496709,3114,95.40441176470588,7724,0.638,0.02,0.639,0.02,0.6385000000000001,0.02
SRR2496709,3115,95.43504901960785,7724,0.541,0.013,0.545,0.014,0.543,0.0135
SRR2496709,3116,95.4656862745098,7724,0.546,0.013,0.546,0.014,0.546,0.0135
SRR2496709,3117,95.49632352941177,7724,0.502,0.014,0.533,0.016,0.5175000000000001,0.015
SRR2496709,3118,95.52696078431373,7724,0.597,0.014,0.599,0.016,0.598,0.015
SRR2496709,3119,95.55759803921569,7724,0.523,0.013,0.523,0.014,0.523,0.0135
SRR2496709,3120,95.58823529411765,7724,0.64,0.015,0.636,0.015,0.638,0.015
SRR2496709,3121,95.61887254901961,7724,0.403,0.011,0.404,0.011,0.4035,0.011
SRR2496709,3122,95.64950980392157,7724,0.428,0.011,0.43,0.011,0.429,0.011
SRR2496709,3123,95.68014705882354,7724,0.409,0.011,0.427,0.012,0.418,0.0115
SRR2496709,3124,95.71078431372548,7724,0.574,0.013,0.597,0.014,0.5854999999999999,0.0135
SRR2496709,3125,95.74142156862744,7724,0.613,0.014,0.611,0.014,0.612,0.014
SRR2496709,3126,95.7720588235294,7724,0.431,0.011,0.453,0.012,0.442,0.0115
SRR2496709,3127,95.80269607843137,7724,0.455,0.012,0.492,0.013,0.47350000000000003,0.0125
SRR2496709,3128,95.83333333333333,7724,0.499,0.012,0.501,0.013,0.5,0.0125
SRR2496709,3129,95.86397058823529,7724,0.509,0.013,0.529,0.014,0.519,0.0135
SRR2496709,3130,95.89460784313725,7724,0.461,0.012,0.489,0.013,0.475,0.0125
SRR2496709,3131,95.92524509803921,7724,0.38,0.01,0.387,0.011,0.3835,0.010499999999999999
SRR2496709,3132,95.95588235294117,7724,0.413,0.011,0.416,0.011,0.4145,0.011
SRR2496709,3133,95.98651960784314,7724,0.56,0.014,0.559,0.015,0.5595000000000001,0.014499999999999999
SRR2496709,3134,96.0171568627451,7724,0.398,0.011,0.421,0.012,0.4095,0.0115
SRR2496709,3135,96.04779411764706,7724,0.66,0.018,0.697,0.019,0.6785,0.0185
SRR2496709,3136,96.07843137254902,7724,0.639,0.017,0.641,0.018,0.64,0.0175
SRR2496709,3137,96.10906862745098,7724,0.544,0.016,0.551,0.016,0.5475000000000001,0.016
SRR2496709,3138,96.13970588235294,7724,0.477,0.012,0.482,0.013,0.4795,0.0125
SRR2496709,3139,96.1703431372549,7724,0.375,0.01,0.379,0.011,0.377,0.010499999999999999
SRR2496709,3140,96.20098039215686,7724,0.542,0.017,0.542,0.017,0.542,0.017
SRR2496709,3141,96.23161764705883,7724,0.854,0.02,0.858,0.02,0.856,0.02
SRR2496709,3142,96.26225490196079,7724,0.607,0.016,0.61,0.016,0.6085,0.016
SRR2496709,3143,96.29289215686275,7724,0.761,0.017,0.761,0.017,0.761,0.017
SRR2496709,3144,96.32352941176471,7724,0.883,0.022,0.874,0.022,0.8785000000000001,0.022
SRR2496709,3145,96.35416666666667,7724,0.853,0.022,0.856,0.022,0.8545,0.022
SRR2496709,3146,96.38480392156863,7724,0.494,0.012,0.496,0.013,0.495,0.0125
SRR2496709,3147,96.4154411764706,7724,0.64,0.02,0.653,0.02,0.6465000000000001,0.02
SRR2496709,3148,96.44607843137256,7724,0.478,0.013,0.481,0.014,0.4795,0.0135
SRR2496709,3149,96.47671568627452,7724,0.814,0.023,0.821,0.023,0.8174999999999999,0.023
SRR2496709,3150,96.50735294117646,7724,0.48,0.013,0.486,0.014,0.483,0.0135
SRR2496709,3151,96.53799019607843,7724,0.405,0.01,0.413,0.012,0.40900000000000003,0.011
SRR2496709,3152,96.56862745098039,7724,0.422,0.011,0.432,0.012,0.427,0.0115
SRR2496709,3153,96.59926470588235,7724,0.413,0.011,0.427,0.012,0.42,0.0115
SRR2496709,3154,96.62990196078431,7724,0.422,0.012,0.419,0.012,0.4205,0.012
SRR2496709,3155,96.66053921568627,7724,0.409,0.013,0.413,0.013,0.411,0.013
SRR2496709,3156,96.69117647058823,7724,0.776,0.018,0.778,0.019,0.777,0.0185
SRR2496709,3157,96.7218137254902,7724,0.945,0.023,0.94,0.022,0.9424999999999999,0.0225
SRR2496709,3158,96.75245098039215,7724,1.228,0.028,1.225,0.028,1.2265000000000001,0.028
SRR2496709,3159,96.78308823529412,7724,0.438,0.012,0.446,0.013,0.442,0.0125
SRR2496709,3160,96.81372549019608,7724,0.499,0.012,0.504,0.013,0.5015000000000001,0.0125
SRR2496709,3161,96.84436274509804,7724,0.41,0.011,0.412,0.011,0.411,0.011
SRR2496709,3162,96.875,7724,0.466,0.012,0.476,0.012,0.471,0.012
SRR2496709,3163,96.90563725490196,7724,0.454,0.011,0.461,0.012,0.4575,0.0115
SRR2496709,3164,96.93627450980392,7724,0.461,0.011,0.463,0.012,0.462,0.0115
SRR2496709,3165,96.96691176470588,7724,0.427,0.012,0.438,0.013,0.4325,0.0125
SRR2496709,3166,96.99754901960785,7724,0.563,0.015,0.57,0.016,0.5665,0.0155
SRR2496709,3167,97.0281862745098,7724,0.515,0.014,0.519,0.015,0.517,0.014499999999999999
SRR2496709,3168,97.05882352941177,7724,0.449,0.012,0.453,0.013,0.451,0.0125
SRR2496709,3169,97.08946078431373,7724,0.492,0.018,0.498,0.018,0.495,0.018
SRR2496709,3170,97.12009803921569,7724,0.445,0.017,0.448,0.018,0.4465,0.0175
SRR2496709,3171,97.15073529411765,7724,0.415,0.011,0.42,0.011,0.4175,0.011
SRR2496709,3172,97.18137254901961,7724,0.453,0.012,0.466,0.013,0.4595,0.0125
SRR2496709,3173,97.21200980392157,7724,0.47,0.012,0.482,0.012,0.476,0.012
SRR2496709,3174,97.24264705882354,7724,0.413,0.011,0.42,0.012,0.4165,0.0115
SRR2496709,3175,97.27328431372548,7724,0.412,0.011,0.419,0.011,0.4155,0.011
SRR2496709,3176,97.30392156862744,7724,0.415,0.011,0.421,0.011,0.418,0.011
SRR2496709,3177,97.3345588235294,7724,1.129,0.028,1.135,0.027,1.1320000000000001,0.0275
SRR2496709,3178,97.36519607843137,7724,1.369,0.03,1.366,0.03,1.3675000000000002,0.03
SRR2496709,3179,97.39583333333333,7724,0.401,0.011,0.408,0.012,0.40449999999999997,0.0115
SRR2496709,3180,97.42647058823529,7724,0.457,0.012,0.464,0.012,0.4605,0.012
SRR2496709,3181,97.45710784313725,7724,0.34,0.01,0.344,0.01,0.34199999999999997,0.01
SRR2496709,3182,97.48774509803921,7724,0.554,0.015,0.553,0.015,0.5535000000000001,0.015
SRR2496709,3183,97.51838235294117,7724,0.399,0.011,0.397,0.011,0.398,0.011
SRR2496709,3184,97.54901960784314,7724,0.381,0.011,0.386,0.011,0.3835,0.011
SRR2496709,3185,97.5796568627451,7724,0.351,0.01,0.359,0.01,0.355,0.01
SRR2496709,3186,97.61029411764706,7724,0.534,0.013,0.54,0.013,0.537,0.013
SRR2496709,3187,97.64093137254902,7724,1.887,0.035,1.892,0.036,1.8895,0.035500000000000004
SRR2496709,3188,97.67156862745098,7724,0.431,0.012,0.434,0.012,0.4325,0.012
SRR2496709,3189,97.70220588235294,7724,0.433,0.011,0.439,0.012,0.436,0.0115
SRR2496709,3190,97.7328431372549,7724,0.688,0.022,0.691,0.022,0.6895,0.022
SRR2496709,3191,97.76348039215686,7724,2.878,0.056,2.859,0.057,2.8685,0.0565
SRR2496709,3192,97.79411764705883,7724,0.874,0.021,0.868,0.021,0.871,0.021
SRR2496709,3193,97.82475490196079,7724,0.434,0.012,0.438,0.012,0.436,0.012
SRR2496709,3194,97.85539215686275,7724,0.458,0.014,0.46,0.015,0.459,0.014499999999999999
SRR2496709,3195,97.88602941176471,7724,0.558,0.015,0.562,0.016,0.56,0.0155
SRR2496709,3196,97.91666666666667,7724,0.45,0.012,0.457,0.012,0.4535,0.012
SRR2496709,3197,97.94730392156863,7724,0.482,0.016,0.487,0.016,0.4845,0.016
SRR2496709,3198,97.9779411764706,7724,0.548,0.014,0.552,0.015,0.55,0.014499999999999999
SRR2496709,3199,98.00857843137256,7724,0.518,0.013,0.519,0.014,0.5185,0.0135
SRR2496709,3200,98.03921568627452,7724,0.569,0.015,0.579,0.015,0.574,0.015
SRR2496709,3201,98.06985294117646,7724,0.489,0.013,0.496,0.014,0.4925,0.0135
SRR2496709,3202,98.10049019607843,7724,1.522,0.033,1.505,0.034,1.5135,0.0335
SRR2496709,3203,98.13112745098039,7724,0.385,0.011,0.388,0.011,0.3865,0.011
SRR2496709,3204,98.16176470588235,7724,0.433,0.011,0.425,0.012,0.429,0.0115
SRR2496709,3205,98.19240196078431,7724,0.39,0.011,0.39,0.012,0.39,0.0115
SRR2496709,3206,98.22303921568627,7724,0.438,0.012,0.439,0.013,0.4385,0.0125
SRR2496709,3207,98.25367647058823,7724,0.656,0.021,0.657,0.018,0.6565000000000001,0.0195
SRR2496709,3208,98.2843137254902,7724,0.529,0.018,0.518,0.02,0.5235000000000001,0.019
SRR2496709,3209,98.31495098039215,7724,1.185,0.024,1.184,0.024,1.1844999999999999,0.024
SRR2496709,3210,98.34558823529412,7724,0.489,0.017,0.488,0.016,0.4885,0.0165
SRR2496709,3211,98.37622549019608,7724,0.398,0.012,0.405,0.012,0.4015,0.012
SRR2496709,3212,98.40686274509804,7724,0.877,0.021,0.861,0.02,0.869,0.0205
SRR2496709,3213,98.4375,7724,0.46,0.012,0.46,0.012,0.46,0.012
SRR2496709,3214,98.46813725490196,7724,0.576,0.015,0.564,0.016,0.57,0.0155
SRR2496709,3215,98.49877450980392,7724,0.6,0.016,0.604,0.016,0.602,0.016
SRR2496709,3216,98.52941176470588,7724,0.493,0.011,0.487,0.013,0.49,0.012
SRR2496709,3217,98.56004901960785,7724,0.499,0.015,0.5,0.015,0.4995,0.015
SRR2496709,3218,98.5906862745098,7724,0.499,0.012,0.491,0.012,0.495,0.012
SRR2496709,3219,98.62132352941177,7724,1.367,0.031,1.357,0.03,1.362,0.0305
SRR2496709,3220,98.65196078431373,7724,0.449,0.011,0.44,0.012,0.4445,0.0115
SRR2496709,3221,98.68259803921569,7724,0.42,0.013,0.423,0.013,0.4215,0.013
SRR2496709,3222,98.71323529411765,7724,1.12,0.023,1.099,0.024,1.1095000000000002,0.0235
SRR2496709,3223,98.74387254901961,7724,0.451,0.012,0.455,0.013,0.453,0.0125
SRR2496709,3224,98.77450980392157,7724,0.44,0.011,0.435,0.012,0.4375,0.0115
SRR2496709,3225,98.80514705882354,7724,0.418,0.011,0.422,0.012,0.42,0.0115
SRR2496709,3226,98.83578431372548,7724,0.534,0.015,0.53,0.016,0.532,0.0155
SRR2496709,3227,98.86642156862744,7724,0.431,0.016,0.435,0.015,0.433,0.0155
SRR2496709,3228,98.8970588235294,7724,0.401,0.012,0.398,0.013,0.3995,0.0125
SRR2496709,3229,98.92769607843137,7724,1.679,0.039,1.672,0.039,1.6755,0.039
SRR2496709,3230,98.95833333333333,7724,0.497,0.013,0.502,0.014,0.4995,0.0135
SRR2496709,3231,98.98897058823529,7724,0.567,0.013,0.573,0.014,0.57,0.0135
SRR2496709,3232,99.01960784313725,7724,0.989,0.031,1.005,0.033,0.9969999999999999,0.032
SRR2496709,3233,99.05024509803921,7724,0.896,0.026,0.897,0.026,0.8965000000000001,0.026
SRR2496709,3234,99.08088235294117,7724,0.507,0.013,0.511,0.013,0.509,0.013
SRR2496709,3235,99.11151960784314,7724,0.516,0.013,0.51,0.014,0.513,0.0135
SRR2496709,3236,99.1421568627451,7724,0.756,0.018,0.762,0.018,0.759,0.018
SRR2496709,3237,99.17279411764706,7724,1.868,0.041,1.863,0.04,1.8655,0.0405
SRR2496709,3238,99.20343137254902,7724,0.54,0.013,0.544,0.013,0.542,0.013
SRR2496709,3239,99.23406862745098,7724,0.966,0.03,0.966,0.031,0.966,0.0305
SRR2496709,3240,99.26470588235294,7724,0.464,0.012,0.464,0.012,0.464,0.012
SRR2496709,3241,99.2953431372549,7724,0.529,0.017,0.538,0.018,0.5335000000000001,0.0175
SRR2496709,3242,99.32598039215686,7724,1.768,0.036,1.758,0.036,1.763,0.036
SRR2496709,3243,99.35661764705883,7724,0.984,0.024,0.984,0.025,0.984,0.0245
SRR2496709,3244,99.38725490196079,7724,0.525,0.013,0.53,0.014,0.5275000000000001,0.0135
SRR2496709,3245,99.41789215686275,7724,0.547,0.018,0.545,0.019,0.546,0.0185
SRR2496709,3246,99.44852941176471,7724,0.485,0.012,0.492,0.013,0.4885,0.0125
SRR2496709,3247,99.47916666666667,7724,0.476,0.012,0.491,0.013,0.4835,0.0125
SRR2496709,3248,99.50980392156863,7724,0.403,0.011,0.41,0.012,0.4065,0.0115
SRR2496709,3249,99.5404411764706,7724,0.439,0.012,0.449,0.012,0.444,0.012
SRR2496709,3250,99.57107843137256,7724,0.432,0.012,0.437,0.013,0.4345,0.0125
SRR2496709,3251,99.60171568627452,7724,0.509,0.013,0.512,0.013,0.5105,0.013
SRR2496709,3252,99.63235294117646,7724,0.447,0.012,0.451,0.012,0.449,0.012
SRR2496709,3253,99.66299019607843,7724,0.914,0.022,0.918,0.022,0.916,0.022
SRR2496709,3254,99.69362745098039,7724,0.417,0.011,0.428,0.012,0.4225,0.0115
SRR2496709,3255,99.72426470588235,7724,0.462,0.012,0.467,0.013,0.4645,0.0125
SRR2496709,3256,99.75490196078431,7724,0.915,0.022,0.916,0.022,0.9155,0.022
SRR2496709,3257,99.78553921568627,7724,2.481,0.045,2.485,0.046,2.4829999999999997,0.0455
SRR2496709,3258,99.81617647058823,7724,0.536,0.016,0.545,0.016,0.5405,0.016
SRR2496709,3259,99.8468137254902,7724,0.588,0.014,0.594,0.014,0.591,0.014
SRR2496709,3260,99.87745098039215,7724,0.607,0.015,0.609,0.015,0.608,0.015
SRR2496709,3261,99.90808823529412,7724,1.683,0.038,1.675,0.037,1.679,0.0375
SRR2496709,3262,99.93872549019608,7724,1.303,0.027,1.312,0.028,1.3075,0.0275
SRR2496709,3263,99.96936274509804,7724,1.251,0.033,1.247,0.032,1.249,0.0325
SRR2496709,3264,100.0,3686,1.0687032013022246,0.05448290830168204,1.0749896907216494,0.05448290830168204,1.071846446011937,0.05448290830168204
small_SRR7963242,0,0.0,5644,3.986,0.098,,,3.986,0.098
small_SRR7963242,1,0.028224668360146768,5644,3.686,0.083,,,3.686,0.083
small_SRR7963242,2,0.056449336720293536,5644,3.504,0.088,,,3.504,0.088
small_SRR7963242,3,0.0846740050804403,5644,3.428,0.092,,,3.428,0.092
small_SRR7963242,4,0.11289867344058707,5644,3.311,0.086,,,3.311,0.086
small_SRR7963242,5,0.14112334180073385,5644,3.765,0.089,,,3.765,0.089
small_SRR7963242,6,0.1693480101608806,5644,3.332,0.077,,,3.332,0.077
small_SRR7963242,7,0.1975726785210274,5644,3.276,0.09,,,3.276,0.09
small_SRR7963242,8,0.22579734688117414,5644,3.283,0.094,,,3.283,0.094
small_SRR7963242,9,0.2540220152413209,5644,3.184,0.074,,,3.184,0.074
small_SRR7963242,10,0.2822466836014677,5644,3.584,0.087,,,3.584,0.087
small_SRR7963242,11,0.31047135196161446,5644,3.229,0.079,,,3.229,0.079
small_SRR7963242,12,0.3386960203217612,5644,3.313,0.081,,,3.313,0.081
small_SRR7963242,13,0.36692068868190797,5644,3.217,0.1,,,3.217,0.1
small_SRR7963242,14,0.3951453570420548,5644,2.999,0.079,,,2.999,0.079
small_SRR7963242,15,0.42337002540220153,5644,2.951,0.09,,,2.951,0.09
small_SRR7963242,16,0.4515946937623483,5644,3.238,0.086,,,3.238,0.086
small_SRR7963242,17,0.47981936212249504,5644,3.185,0.072,,,3.185,0.072
small_SRR7963242,18,0.5080440304826418,5644,2.727,0.069,,,2.727,0.069
small_SRR7963242,19,0.5362686988427886,5644,2.704,0.068,,,2.704,0.068
small_SRR7963242,20,0.5644933672029354,5644,2.849,0.073,,,2.849,0.073
small_SRR7963242,21,0.5927180355630821,5644,2.817,0.068,,,2.817,0.068
small_SRR7963242,22,0.6209427039232289,5644,2.749,0.071,,,2.749,0.071
small_SRR7963242,23,0.6491673722833756,5644,2.627,0.07,,,2.627,0.07
small_SRR7963242,24,0.6773920406435224,5644,2.74,0.081,,,2.74,0.081
small_SRR7963242,25,0.7056167090036692,5644,2.715,0.068,,,2.715,0.068
small_SRR7963242,26,0.7338413773638159,5644,2.618,0.093,,,2.618,0.093
small_SRR7963242,27,0.7620660457239627,5644,2.839,0.086,,,2.839,0.086
small_SRR7963242,28,0.7902907140841096,5644,2.841,0.074,,,2.841,0.074
small_SRR7963242,29,0.8185153824442563,5644,2.82,0.072,,,2.82,0.072
small_SRR7963242,30,0.8467400508044031,5644,2.661,0.061,,,2.661,0.061
small_SRR7963242,31,0.8749647191645498,5644,2.973,0.075,,,2.973,0.075
small_SRR7963242,32,0.9031893875246966,5644,2.7,0.073,,,2.7,0.073
small_SRR7963242,33,0.9314140558848434,5644,2.625,0.072,,,2.625,0.072
small_SRR7963242,34,0.9596387242449901,5644,2.807,0.072,,,2.807,0.072
small_SRR7963242,35,0.9878633926051369,5644,2.956,0.073,,,2.956,0.073
small_SRR7963242,36,1.0160880609652836,5644,2.922,0.066,,,2.922,0.066
small_SRR7963242,37,1.0443127293254304,5644,2.877,0.072,,,2.877,0.072
small_SRR7963242,38,1.0725373976855772,5644,2.875,0.073,,,2.875,0.073
small_SRR7963242,39,1.100762066045724,5644,2.824,0.073,,,2.824,0.073
small_SRR7963242,40,1.1289867344058708,5644,2.726,0.064,,,2.726,0.064
small_SRR7963242,41,1.1572114027660174,5644,3.018,0.069,,,3.018,0.069
small_SRR7963242,42,1.1854360711261642,5644,2.967,0.071,,,2.967,0.071
small_SRR7963242,43,1.213660739486311,5644,2.849,0.076,,,2.849,0.076
small_SRR7963242,44,1.2418854078464578,5644,2.967,0.079,,,2.967,0.079
small_SRR7963242,45,1.2701100762066047,5644,3.137,0.077,,,3.137,0.077
small_SRR7963242,46,1.2983347445667512,5644,3.069,0.076,,,3.069,0.076
small_SRR7963242,47,1.326559412926898,5644,2.942,0.073,,,2.942,0.073
small_SRR7963242,48,1.3547840812870449,5644,2.761,0.078,,,2.761,0.078
small_SRR7963242,49,1.3830087496471917,5644,3.023,0.089,,,3.023,0.089
small_SRR7963242,50,1.4112334180073385,5644,3.012,0.091,,,3.012,0.091
small_SRR7963242,51,1.4394580863674853,5644,2.972,0.077,,,2.972,0.077
small_SRR7963242,52,1.4676827547276319,5644,3.326,0.075,,,3.326,0.075
small_SRR7963242,53,1.4959074230877787,5644,2.854,0.078,,,2.854,0.078
small_SRR7963242,54,1.5241320914479255,5644,2.595,0.066,,,2.595,0.066
small_SRR7963242,55,1.5523567598080723,5644,2.874,0.071,,,2.874,0.071
small_SRR7963242,56,1.5805814281682191,5644,2.961,0.07,,,2.961,0.07
small_SRR7963242,57,1.6088060965283657,5644,2.562,0.076,,,2.562,0.076
small_SRR7963242,58,1.6370307648885125,5644,2.757,0.07,,,2.757,0.07
small_SRR7963242,59,1.6652554332486593,5644,2.84,0.07,,,2.84,0.07
small_SRR7963242,60,1.6934801016088061,5644,2.597,0.061,,,2.597,0.061
small_SRR7963242,61,1.721704769968953,5644,2.857,0.074,,,2.857,0.074
small_SRR7963242,62,1.7499294383290995,5644,2.633,0.066,,,2.633,0.066
small_SRR7963242,63,1.7781541066892463,5644,2.84,0.077,,,2.84,0.077
small_SRR7963242,64,1.8063787750493931,5644,2.641,0.072,,,2.641,0.072
small_SRR7963242,65,1.83460344340954,5644,2.681,0.072,,,2.681,0.072
small_SRR7963242,66,1.8628281117696868,5644,2.55,0.07,,,2.55,0.07
small_SRR7963242,67,1.8910527801298336,5644,2.937,0.075,,,2.937,0.075
small_SRR7963242,68,1.9192774484899802,5644,2.685,0.083,,,2.685,0.083
small_SRR7963242,69,1.947502116850127,5644,2.651,0.068,,,2.651,0.068
small_SRR7963242,70,1.9757267852102738,5644,2.701,0.075,,,2.701,0.075
small_SRR7963242,71,2.0039514535704206,5644,2.818,0.081,,,2.818,0.081
small_SRR7963242,72,2.032176121930567,5644,2.681,0.075,,,2.681,0.075
small_SRR7963242,73,2.060400790290714,5644,2.577,0.072,,,2.577,0.072
small_SRR7963242,74,2.088625458650861,5644,2.553,0.061,,,2.553,0.061
small_SRR7963242,75,2.116850127011008,5644,2.587,0.062,,,2.587,0.062
small_SRR7963242,76,2.1450747953711544,5644,2.638,0.072,,,2.638,0.072
small_SRR7963242,77,2.173299463731301,5644,2.39,0.063,,,2.39,0.063
small_SRR7963242,78,2.201524132091448,5644,2.932,0.068,,,2.932,0.068
small_SRR7963242,79,2.2297488004515946,5644,2.67,0.071,,,2.67,0.071
small_SRR7963242,80,2.2579734688117417,5644,2.742,0.071,,,2.742,0.071
small_SRR7963242,81,2.2861981371718882,5644,2.575,0.066,,,2.575,0.066
small_SRR7963242,82,2.314422805532035,5644,2.816,0.088,,,2.816,0.088
small_SRR7963242,83,2.342647473892182,5644,2.605,0.078,,,2.605,0.078
small_SRR7963242,84,2.3708721422523285,5644,2.597,0.063,,,2.597,0.063
small_SRR7963242,85,2.3990968106124755,5644,2.377,0.062,,,2.377,0.062
small_SRR7963242,86,2.427321478972622,5644,2.685,0.066,,,2.685,0.066
small_SRR7963242,87,2.4555461473327687,5644,2.456,0.059,,,2.456,0.059
small_SRR7963242,88,2.4837708156929157,5644,2.558,0.082,,,2.558,0.082
small_SRR7963242,89,2.5119954840530623,5644,2.522,0.073,,,2.522,0.073
small_SRR7963242,90,2.5402201524132093,5644,2.445,0.06,,,2.445,0.06
small_SRR7963242,91,2.568444820773356,5644,2.424,0.059,,,2.424,0.059
small_SRR7963242,92,2.5966694891335025,5644,2.438,0.07,,,2.438,0.07
small_SRR7963242,93,2.6248941574936495,5644,2.46,0.059,,,2.46,0.059
small_SRR7963242,94,2.653118825853796,5644,2.739,0.077,,,2.739,0.077
small_SRR7963242,95,2.681343494213943,5644,2.774,0.089,,,2.774,0.089
small_SRR7963242,96,2.7095681625740897,5644,2.523,0.072,,,2.523,0.072
small_SRR7963242,97,2.7377928309342363,5644,2.537,0.068,,,2.537,0.068
small_SRR7963242,98,2.7660174992943833,5644,2.721,0.072,,,2.721,0.072
small_SRR7963242,99,2.79424216765453,5644,2.614,0.092,,,2.614,0.092
small_SRR7963242,100,2.822466836014677,5644,2.582,0.061,,,2.582,0.061
small_SRR7963242,101,2.8506915043748235,5644,2.864,0.08,,,2.864,0.08
small_SRR7963242,102,2.8789161727349706,5644,2.551,0.062,,,2.551,0.062
small_SRR7963242,103,2.907140841095117,5644,2.389,0.061,,,2.389,0.061
small_SRR7963242,104,2.9353655094552638,5644,2.479,0.064,,,2.479,0.064
small_SRR7963242,105,2.963590177815411,5644,2.638,0.067,,,2.638,0.067
small_SRR7963242,106,2.9918148461755574,5644,2.505,0.064,,,2.505,0.064
small_SRR7963242,107,3.0200395145357044,5644,2.552,0.064,,,2.552,0.064
small_SRR7963242,108,3.048264182895851,5644,2.533,0.06,,,2.533,0.06
small_SRR7963242,109,3.0764888512559976,5644,2.438,0.058,,,2.438,0.058
small_SRR7963242,110,3.1047135196161446,5644,2.439,0.071,,,2.439,0.071
small_SRR7963242,111,3.132938187976291,5644,2.32,0.062,,,2.32,0.062
small_SRR7963242,112,3.1611628563364382,5644,2.271,0.06,,,2.271,0.06
small_SRR7963242,113,3.189387524696585,5644,2.31,0.054,,,2.31,0.054
small_SRR7963242,114,3.2176121930567314,5644,2.351,0.071,,,2.351,0.071
small_SRR7963242,115,3.2458368614168784,5644,2.146,0.049,,,2.146,0.049
small_SRR7963242,116,3.274061529777025,5644,2.231,0.066,,,2.231,0.066
small_SRR7963242,117,3.302286198137172,5644,2.274,0.058,,,2.274,0.058
small_SRR7963242,118,3.3305108664973186,5644,2.202,0.064,,,2.202,0.064
small_SRR7963242,119,3.3587355348574652,5644,2.187,0.073,,,2.187,0.073
small_SRR7963242,120,3.3869602032176123,5644,2.134,0.058,,,2.134,0.058
small_SRR7963242,121,3.415184871577759,5644,2.098,0.055,,,2.098,0.055
small_SRR7963242,122,3.443409539937906,5644,2.233,0.063,,,2.233,0.063
small_SRR7963242,123,3.4716342082980525,5644,2.327,0.056,,,2.327,0.056
small_SRR7963242,124,3.499858876658199,5644,2.246,0.068,,,2.246,0.068
small_SRR7963242,125,3.528083545018346,5644,2.239,0.057,,,2.239,0.057
small_SRR7963242,126,3.5563082133784927,5644,2.109,0.055,,,2.109,0.055
small_SRR7963242,127,3.5845328817386397,5644,2.183,0.057,,,2.183,0.057
small_SRR7963242,128,3.6127575500987863,5644,2.18,0.054,,,2.18,0.054
small_SRR7963242,129,3.6409822184589333,5644,2.035,0.051,,,2.035,0.051
small_SRR7963242,130,3.66920688681908,5644,2.2,0.062,,,2.2,0.062
small_SRR7963242,131,3.6974315551792265,5644,1.996,0.05,,,1.996,0.05
small_SRR7963242,132,3.7256562235393735,5644,2.334,0.057,,,2.334,0.057
small_SRR7963242,133,3.75388089189952,5644,2.253,0.059,,,2.253,0.059
small_SRR7963242,134,3.782105560259667,5644,2.222,0.059,,,2.222,0.059
small_SRR7963242,135,3.8103302286198137,5644,2.116,0.051,,,2.116,0.051
small_SRR7963242,136,3.8385548969799603,5644,2.169,0.062,,,2.169,0.062
small_SRR7963242,137,3.8667795653401074,5644,2.22,0.065,,,2.22,0.065
small_SRR7963242,138,3.895004233700254,5644,2.294,0.074,,,2.294,0.074
small_SRR7963242,139,3.923228902060401,5644,2.258,0.058,,,2.258,0.058
small_SRR7963242,140,3.9514535704205476,5644,2.108,0.056,,,2.108,0.056
small_SRR7963242,141,3.979678238780694,5644,2.088,0.057,,,2.088,0.057
small_SRR7963242,142,4.007902907140841,5644,2.163,0.056,,,2.163,0.056
small_SRR7963242,143,4.036127575500988,5644,2.455,0.059,,,2.455,0.059
small_SRR7963242,144,4.064352243861134,5644,2.346,0.059,,,2.346,0.059
small_SRR7963242,145,4.092576912221282,5644,2.26,0.055,,,2.26,0.055
small_SRR7963242,146,4.120801580581428,5644,2.049,0.052,,,2.049,0.052
small_SRR7963242,147,4.149026248941575,5644,2.315,0.074,,,2.315,0.074
small_SRR7963242,148,4.177250917301722,5644,2.081,0.066,,,2.081,0.066
small_SRR7963242,149,4.205475585661868,5644,2.102,0.055,,,2.102,0.055
small_SRR7963242,150,4.233700254022016,5644,2.094,0.049,,,2.094,0.049
small_SRR7963242,151,4.261924922382162,5644,2.141,0.059,,,2.141,0.059
small_SRR7963242,152,4.290149590742309,5644,2.188,0.063,,,2.188,0.063
small_SRR7963242,153,4.318374259102455,5644,2.108,0.06,,,2.108,0.06
small_SRR7963242,154,4.346598927462602,5644,2.219,0.057,,,2.219,0.057
small_SRR7963242,155,4.3748235958227495,5644,2.067,0.053,,,2.067,0.053
small_SRR7963242,156,4.403048264182896,5644,2.232,0.061,,,2.232,0.061
small_SRR7963242,157,4.431272932543043,5644,2.282,0.056,,,2.282,0.056
small_SRR7963242,158,4.459497600903189,5644,2.08,0.053,,,2.08,0.053
small_SRR7963242,159,4.487722269263336,5644,2.153,0.058,,,2.153,0.058
small_SRR7963242,160,4.515946937623483,5644,2.099,0.053,,,2.099,0.053
small_SRR7963242,161,4.54417160598363,5644,2.368,0.075,,,2.368,0.075
small_SRR7963242,162,4.5723962743437765,5644,2.22,0.054,,,2.22,0.054
small_SRR7963242,163,4.600620942703923,5644,2.071,0.063,,,2.071,0.063
small_SRR7963242,164,4.62884561106407,5644,2.075,0.063,,,2.075,0.063
small_SRR7963242,165,4.657070279424217,5644,2.193,0.05,,,2.193,0.05
small_SRR7963242,166,4.685294947784364,5644,2.214,0.051,,,2.214,0.051
small_SRR7963242,167,4.71351961614451,5644,2.229,0.059,,,2.229,0.059
small_SRR7963242,168,4.741744284504657,5644,2.113,0.049,,,2.113,0.049
small_SRR7963242,169,4.7699689528648035,5644,2.118,0.055,,,2.118,0.055
small_SRR7963242,170,4.798193621224951,5644,2.392,0.072,,,2.392,0.072
small_SRR7963242,171,4.8264182895850976,5644,2.104,0.051,,,2.104,0.051
small_SRR7963242,172,4.854642957945244,5644,2.118,0.054,,,2.118,0.054
small_SRR7963242,173,4.882867626305391,5644,2.383,0.077,,,2.383,0.077
small_SRR7963242,174,4.911092294665537,5644,2.188,0.055,,,2.188,0.055
small_SRR7963242,175,4.939316963025685,5644,2.033,0.054,,,2.033,0.054
small_SRR7963242,176,4.967541631385831,5644,2.252,0.07,,,2.252,0.07
small_SRR7963242,177,4.995766299745978,5644,2.196,0.055,,,2.196,0.055
small_SRR7963242,178,5.0239909681061246,5644,2.082,0.053,,,2.082,0.053
small_SRR7963242,179,5.052215636466271,5644,2.122,0.068,,,2.122,0.068
small_SRR7963242,180,5.080440304826419,5644,2.203,0.056,,,2.203,0.056
small_SRR7963242,181,5.108664973186565,5644,2.191,0.062,,,2.191,0.062
small_SRR7963242,182,5.136889641546712,5644,2.176,0.063,,,2.176,0.063
small_SRR7963242,183,5.165114309906858,5644,2.312,0.062,,,2.312,0.062
small_SRR7963242,184,5.193338978267005,5644,2.19,0.057,,,2.19,0.057
small_SRR7963242,185,5.221563646627152,5644,2.3,0.057,,,2.3,0.057
small_SRR7963242,186,5.249788314987299,5644,2.23,0.089,,,2.23,0.089
small_SRR7963242,187,5.278012983347446,5644,2.34,0.061,,,2.34,0.061
small_SRR7963242,188,5.306237651707592,5644,2.018,0.052,,,2.018,0.052
small_SRR7963242,189,5.334462320067739,5644,2.301,0.06,,,2.301,0.06
small_SRR7963242,190,5.362686988427886,5644,2.129,0.083,,,2.129,0.083
small_SRR7963242,191,5.390911656788033,5644,2.378,0.062,,,2.378,0.062
small_SRR7963242,192,5.4191363251481794,5644,2.333,0.084,,,2.333,0.084
small_SRR7963242,193,5.447360993508326,5644,2.335,0.065,,,2.335,0.065
small_SRR7963242,194,5.475585661868473,5644,2.102,0.054,,,2.102,0.054
small_SRR7963242,195,5.50381033022862,5644,2.082,0.056,,,2.082,0.056
small_SRR7963242,196,5.532034998588767,5644,2.215,0.078,,,2.215,0.078
small_SRR7963242,197,5.560259666948913,5644,2.119,0.056,,,2.119,0.056
small_SRR7963242,198,5.58848433530906,5644,2.192,0.073,,,2.192,0.073
small_SRR7963242,199,5.6167090036692064,5644,2.177,0.074,,,2.177,0.074
small_SRR7963242,200,5.644933672029354,5644,2.207,0.055,,,2.207,0.055
small_SRR7963242,201,5.6731583403895005,5644,2.001,0.062,,,2.001,0.062
small_SRR7963242,202,5.701383008749647,5644,2.168,0.056,,,2.168,0.056
small_SRR7963242,203,5.729607677109794,5644,2.118,0.054,,,2.118,0.054
small_SRR7963242,204,5.757832345469941,5644,2.218,0.062,,,2.218,0.062
small_SRR7963242,205,5.786057013830088,5644,2.128,0.055,,,2.128,0.055
small_SRR7963242,206,5.814281682190234,5644,2.101,0.058,,,2.101,0.058
small_SRR7963242,207,5.842506350550381,5644,2.234,0.057,,,2.234,0.057
small_SRR7963242,208,5.8707310189105275,5644,2.142,0.056,,,2.142,0.056
small_SRR7963242,209,5.898955687270675,5644,2.197,0.057,,,2.197,0.057
small_SRR7963242,210,5.927180355630822,5644,2.223,0.062,,,2.223,0.062
small_SRR7963242,211,5.955405023990968,5644,2.38,0.068,,,2.38,0.068
small_SRR7963242,212,5.983629692351115,5644,2.214,0.051,,,2.214,0.051
small_SRR7963242,213,6.011854360711261,5644,2.18,0.053,,,2.18,0.053
small_SRR7963242,214,6.040079029071409,5644,2.154,0.056,,,2.154,0.056
small_SRR7963242,215,6.068303697431555,5644,2.263,0.065,,,2.263,0.065
small_SRR7963242,216,6.096528365791702,5644,2.013,0.055,,,2.013,0.055
small_SRR7963242,217,6.124753034151849,5644,2.212,0.056,,,2.212,0.056
small_SRR7963242,218,6.152977702511995,5644,2.302,0.055,,,2.302,0.055
small_SRR7963242,219,6.181202370872143,5644,2.15,0.054,,,2.15,0.054
small_SRR7963242,220,6.209427039232289,5644,2.079,0.055,,,2.079,0.055
small_SRR7963242,221,6.237651707592436,5644,2.19,0.091,,,2.19,0.091
small_SRR7963242,222,6.265876375952582,5644,2.118,0.056,,,2.118,0.056
small_SRR7963242,223,6.294101044312729,5644,2.056,0.055,,,2.056,0.055
small_SRR7963242,224,6.3223257126728765,5644,2.083,0.054,,,2.083,0.054
small_SRR7963242,225,6.350550381033023,5644,2.086,0.063,,,2.086,0.063
small_SRR7963242,226,6.37877504939317,5644,1.879,0.049,,,1.879,0.049
small_SRR7963242,227,6.406999717753316,5644,2.247,0.068,,,2.247,0.068
small_SRR7963242,228,6.435224386113463,5644,2.286,0.072,,,2.286,0.072
small_SRR7963242,229,6.46344905447361,5644,2.157,0.075,,,2.157,0.075
small_SRR7963242,230,6.491673722833757,5644,2.172,0.052,,,2.172,0.052
small_SRR7963242,231,6.5198983911939035,5644,2.312,0.071,,,2.312,0.071
small_SRR7963242,232,6.54812305955405,5644,1.977,0.048,,,1.977,0.048
small_SRR7963242,233,6.576347727914197,5644,2.269,0.061,,,2.269,0.061
small_SRR7963242,234,6.604572396274344,5644,1.916,0.046,,,1.916,0.046
small_SRR7963242,235,6.632797064634491,5644,2.247,0.067,,,2.247,0.067
small_SRR7963242,236,6.661021732994637,5644,2.208,0.054,,,2.208,0.054
small_SRR7963242,237,6.689246401354784,5644,2.081,0.06,,,2.081,0.06
small_SRR7963242,238,6.7174710697149305,5644,2.023,0.054,,,2.023,0.054
small_SRR7963242,239,6.745695738075078,5644,2.18,0.059,,,2.18,0.059
small_SRR7963242,240,6.7739204064352245,5644,2.049,0.052,,,2.049,0.052
small_SRR7963242,241,6.802145074795371,5644,2.062,0.072,,,2.062,0.072
small_SRR7963242,242,6.830369743155518,5644,2.071,0.062,,,2.071,0.062
small_SRR7963242,243,6.858594411515664,5644,2.254,0.055,,,2.254,0.055
small_SRR7963242,244,6.886819079875812,5644,2.201,0.06,,,2.201,0.06
small_SRR7963242,245,6.915043748235958,5644,2.316,0.059,,,2.316,0.059
small_SRR7963242,246,6.943268416596105,5644,2.195,0.053,,,2.195,0.053
small_SRR7963242,247,6.9714930849562515,5644,2.093,0.064,,,2.093,0.064
small_SRR7963242,248,6.999717753316398,5644,2.2,0.051,,,2.2,0.051
small_SRR7963242,249,7.027942421676546,5644,2.054,0.056,,,2.054,0.056
small_SRR7963242,250,7.056167090036692,5644,2.116,0.061,,,2.116,0.061
small_SRR7963242,251,7.084391758396839,5644,2.127,0.058,,,2.127,0.058
small_SRR7963242,252,7.112616426756985,5644,2.293,0.066,,,2.293,0.066
small_SRR7963242,253,7.140841095117132,5644,2.126,0.054,,,2.126,0.054
small_SRR7963242,254,7.169065763477279,5644,1.999,0.051,,,1.999,0.051
small_SRR7963242,255,7.197290431837426,5644,2.239,0.06,,,2.239,0.06
small_SRR7963242,256,7.225515100197573,5644,2.21,0.054,,,2.21,0.054
small_SRR7963242,257,7.253739768557719,5644,2.23,0.064,,,2.23,0.064
small_SRR7963242,258,7.281964436917867,5644,2.405,0.071,,,2.405,0.071
small_SRR7963242,259,7.310189105278013,5644,2.13,0.057,,,2.13,0.057
small_SRR7963242,260,7.33841377363816,5644,2.212,0.053,,,2.212,0.053
small_SRR7963242,261,7.366638441998306,5644,2.133,0.057,,,2.133,0.057
small_SRR7963242,262,7.394863110358453,5644,2.051,0.06,,,2.051,0.06
small_SRR7963242,263,7.4230877787186005,5644,2.139,0.05,,,2.139,0.05
small_SRR7963242,264,7.451312447078747,5644,1.964,0.052,,,1.964,0.052
small_SRR7963242,265,7.479537115438894,5644,2.042,0.066,,,2.042,0.066
small_SRR7963242,266,7.50776178379904,5644,2.171,0.054,,,2.171,0.054
small_SRR7963242,267,7.535986452159187,5644,2.068,0.051,,,2.068,0.051
small_SRR7963242,268,7.564211120519334,5644,2.307,0.066,,,2.307,0.066
small_SRR7963242,269,7.592435788879481,5644,2.209,0.057,,,2.209,0.057
small_SRR7963242,270,7.6206604572396275,5644,2.162,0.057,,,2.162,0.057
small_SRR7963242,271,7.648885125599774,5644,2.371,0.062,,,2.371,0.062
small_SRR7963242,272,7.677109793959921,5644,2.345,0.056,,,2.345,0.056
small_SRR7963242,273,7.705334462320068,5644,2.234,0.067,,,2.234,0.067
small_SRR7963242,274,7.733559130680215,5644,2.088,0.049,,,2.088,0.049
small_SRR7963242,275,7.761783799040361,5644,2.073,0.053,,,2.073,0.053
small_SRR7963242,276,7.790008467400508,5644,2.234,0.061,,,2.234,0.061
small_SRR7963242,277,7.8182331357606545,5644,2.155,0.065,,,2.155,0.065
small_SRR7963242,278,7.846457804120802,5644,2.408,0.059,,,2.408,0.059
small_SRR7963242,279,7.8746824724809485,5644,2.007,0.049,,,2.007,0.049
small_SRR7963242,280,7.902907140841095,5644,2.231,0.051,,,2.231,0.051
small_SRR7963242,281,7.931131809201242,5644,2.07,0.053,,,2.07,0.053
small_SRR7963242,282,7.959356477561388,5644,2.016,0.063,,,2.016,0.063
small_SRR7963242,283,7.987581145921536,5644,2.237,0.069,,,2.237,0.069
small_SRR7963242,284,8.015805814281682,5644,2.027,0.056,,,2.027,0.056
small_SRR7963242,285,8.044030482641828,5644,2.213,0.053,,,2.213,0.053
small_SRR7963242,286,8.072255151001976,5644,2.207,0.073,,,2.207,0.073
small_SRR7963242,287,8.100479819362123,5644,1.995,0.048,,,1.995,0.048
small_SRR7963242,288,8.128704487722269,5644,2.108,0.068,,,2.108,0.068
small_SRR7963242,289,8.156929156082416,5644,2.057,0.053,,,2.057,0.053
small_SRR7963242,290,8.185153824442564,5644,1.947,0.053,,,1.947,0.053
small_SRR7963242,291,8.21337849280271,5644,2.12,0.053,,,2.12,0.053
small_SRR7963242,292,8.241603161162857,5644,2.35,0.067,,,2.35,0.067
small_SRR7963242,293,8.269827829523003,5644,1.927,0.054,,,1.927,0.054
small_SRR7963242,294,8.29805249788315,5644,2.152,0.068,,,2.152,0.068
small_SRR7963242,295,8.326277166243298,5644,2.152,0.055,,,2.152,0.055
small_SRR7963242,296,8.354501834603443,5644,2.328,0.054,,,2.328,0.054
small_SRR7963242,297,8.38272650296359,5644,2.109,0.064,,,2.109,0.064
small_SRR7963242,298,8.410951171323736,5644,2.117,0.06,,,2.117,0.06
small_SRR7963242,299,8.439175839683884,5644,2.206,0.088,,,2.206,0.088
small_SRR7963242,300,8.467400508044031,5644,1.995,0.055,,,1.995,0.055
small_SRR7963242,301,8.495625176404177,5644,2.041,0.052,,,2.041,0.052
small_SRR7963242,302,8.523849844764325,5644,2.065,0.054,,,2.065,0.054
small_SRR7963242,303,8.55207451312447,5644,1.995,0.053,,,1.995,0.053
small_SRR7963242,304,8.580299181484618,5644,2.352,0.068,,,2.352,0.068
small_SRR7963242,305,8.608523849844765,5644,2.274,0.059,,,2.274,0.059
small_SRR7963242,306,8.63674851820491,5644,2.228,0.061,,,2.228,0.061
small_SRR7963242,307,8.664973186565058,5644,2.147,0.067,,,2.147,0.067
small_SRR7963242,308,8.693197854925204,5644,2.073,0.053,,,2.073,0.053
small_SRR7963242,309,8.721422523285352,5644,2.163,0.051,,,2.163,0.051
small_SRR7963242,310,8.749647191645499,5644,2.344,0.062,,,2.344,0.062
small_SRR7963242,311,8.777871860005645,5644,2.158,0.065,,,2.158,0.065
small_SRR7963242,312,8.806096528365792,5644,1.978,0.06,,,1.978,0.06
small_SRR7963242,313,8.834321196725938,5644,2.266,0.077,,,2.266,0.077
small_SRR7963242,314,8.862545865086085,5644,2.466,0.069,,,2.466,0.069
small_SRR7963242,315,8.890770533446233,5644,2.32,0.066,,,2.32,0.066
small_SRR7963242,316,8.918995201806379,5644,2.437,0.067,,,2.437,0.067
small_SRR7963242,317,8.947219870166526,5644,2.117,0.053,,,2.117,0.053
small_SRR7963242,318,8.975444538526672,5644,2.013,0.048,,,2.013,0.048
small_SRR7963242,319,9.00366920688682,5644,2.068,0.057,,,2.068,0.057
small_SRR7963242,320,9.031893875246967,5644,2.221,0.066,,,2.221,0.066
small_SRR7963242,321,9.060118543607112,5644,2.139,0.051,,,2.139,0.051
small_SRR7963242,322,9.08834321196726,5644,2.193,0.066,,,2.193,0.066
small_SRR7963242,323,9.116567880327406,5644,2.142,0.053,,,2.142,0.053
small_SRR7963242,324,9.144792548687553,5644,2.049,0.062,,,2.049,0.062
small_SRR7963242,325,9.1730172170477,5644,2.285,0.058,,,2.285,0.058
small_SRR7963242,326,9.201241885407846,5644,2.265,0.061,,,2.265,0.061
small_SRR7963242,327,9.229466553767994,5644,2.202,0.076,,,2.202,0.076
small_SRR7963242,328,9.25769122212814,5644,2.088,0.064,,,2.088,0.064
small_SRR7963242,329,9.285915890488287,5644,2.211,0.052,,,2.211,0.052
small_SRR7963242,330,9.314140558848434,5644,1.97,0.048,,,1.97,0.048
small_SRR7963242,331,9.34236522720858,5644,1.985,0.051,,,1.985,0.051
small_SRR7963242,332,9.370589895568727,5644,2.146,0.071,,,2.146,0.071
small_SRR7963242,333,9.398814563928873,5644,2.101,0.055,,,2.101,0.055
small_SRR7963242,334,9.42703923228902,5644,2.026,0.052,,,2.026,0.052
small_SRR7963242,335,9.455263900649168,5644,2.279,0.078,,,2.279,0.078
small_SRR7963242,336,9.483488569009314,5644,2.124,0.062,,,2.124,0.062
small_SRR7963242,337,9.511713237369461,5644,2.03,0.064,,,2.03,0.064
small_SRR7963242,338,9.539937905729607,5644,1.988,0.053,,,1.988,0.053
small_SRR7963242,339,9.568162574089754,5644,2.033,0.061,,,2.033,0.061
small_SRR7963242,340,9.596387242449902,5644,1.929,0.068,,,1.929,0.068
small_SRR7963242,341,9.624611910810048,5644,2.079,0.072,,,2.079,0.072
small_SRR7963242,342,9.652836579170195,5644,1.954,0.05,,,1.954,0.05
small_SRR7963242,343,9.68106124753034,5644,2.259,0.061,,,2.259,0.061
small_SRR7963242,344,9.709285915890488,5644,2.11,0.06,,,2.11,0.06
small_SRR7963242,345,9.737510584250636,5644,2.261,0.06,,,2.261,0.06
small_SRR7963242,346,9.765735252610781,5644,2.259,0.058,,,2.259,0.058
small_SRR7963242,347,9.793959920970929,5644,2.027,0.052,,,2.027,0.052
small_SRR7963242,348,9.822184589331075,5644,2.009,0.057,,,2.009,0.057
small_SRR7963242,349,9.850409257691222,5644,2.071,0.053,,,2.071,0.053
small_SRR7963242,350,9.87863392605137,5644,2.105,0.057,,,2.105,0.057
small_SRR7963242,351,9.906858594411515,5644,1.998,0.052,,,1.998,0.052
small_SRR7963242,352,9.935083262771663,5644,2.072,0.052,,,2.072,0.052
small_SRR7963242,353,9.963307931131808,5644,2.104,0.052,,,2.104,0.052
small_SRR7963242,354,9.991532599491956,5644,2.173,0.086,,,2.173,0.086
small_SRR7963242,355,10.019757267852103,5644,2.064,0.068,,,2.064,0.068
small_SRR7963242,356,10.047981936212249,5644,2.041,0.058,,,2.041,0.058
small_SRR7963242,357,10.076206604572397,5644,2.121,0.054,,,2.121,0.054
small_SRR7963242,358,10.104431272932542,5644,2.086,0.048,,,2.086,0.048
small_SRR7963242,359,10.13265594129269,5644,2.101,0.054,,,2.101,0.054
small_SRR7963242,360,10.160880609652837,5644,2.072,0.054,,,2.072,0.054
small_SRR7963242,361,10.189105278012983,5644,2.042,0.062,,,2.042,0.062
small_SRR7963242,362,10.21732994637313,5644,2.164,0.054,,,2.164,0.054
small_SRR7963242,363,10.245554614733276,5644,1.992,0.049,,,1.992,0.049
small_SRR7963242,364,10.273779283093424,5644,2.026,0.05,,,2.026,0.05
small_SRR7963242,365,10.302003951453571,5644,2.361,0.054,,,2.361,0.054
small_SRR7963242,366,10.330228619813717,5644,2.233,0.069,,,2.233,0.069
small_SRR7963242,367,10.358453288173864,5644,2.06,0.061,,,2.06,0.061
small_SRR7963242,368,10.38667795653401,5644,2.242,0.052,,,2.242,0.052
small_SRR7963242,369,10.414902624894157,5644,2.234,0.07,,,2.234,0.07
small_SRR7963242,370,10.443127293254305,5644,2.121,0.051,,,2.121,0.051
small_SRR7963242,371,10.47135196161445,5644,2.113,0.061,,,2.113,0.061
small_SRR7963242,372,10.499576629974598,5644,2.191,0.059,,,2.191,0.059
small_SRR7963242,373,10.527801298334744,5644,2.156,0.055,,,2.156,0.055
small_SRR7963242,374,10.556025966694891,5644,2.083,0.05,,,2.083,0.05
small_SRR7963242,375,10.584250635055039,5644,2.071,0.049,,,2.071,0.049
small_SRR7963242,376,10.612475303415184,5644,1.976,0.05,,,1.976,0.05
small_SRR7963242,377,10.640699971775332,5644,1.926,0.049,,,1.926,0.049
small_SRR7963242,378,10.668924640135478,5644,1.993,0.059,,,1.993,0.059
small_SRR7963242,379,10.697149308495625,5644,2.098,0.058,,,2.098,0.058
small_SRR7963242,380,10.725373976855773,5644,2.17,0.053,,,2.17,0.053
small_SRR7963242,381,10.753598645215918,5644,1.975,0.057,,,1.975,0.057
small_SRR7963242,382,10.781823313576066,5644,2.145,0.062,,,2.145,0.062
small_SRR7963242,383,10.810047981936211,5644,2.096,0.053,,,2.096,0.053
small_SRR7963242,384,10.838272650296359,5644,2.195,0.058,,,2.195,0.058
small_SRR7963242,385,10.866497318656506,5644,2.118,0.071,,,2.118,0.071
small_SRR7963242,386,10.894721987016652,5644,2.124,0.049,,,2.124,0.049
small_SRR7963242,387,10.9229466553768,5644,2.335,0.062,,,2.335,0.062
small_SRR7963242,388,10.951171323736945,5644,2.175,0.06,,,2.175,0.06
small_SRR7963242,389,10.979395992097093,5644,2.089,0.051,,,2.089,0.051
small_SRR7963242,390,11.00762066045724,5644,2.163,0.055,,,2.163,0.055
small_SRR7963242,391,11.035845328817386,5644,2.144,0.054,,,2.144,0.054
small_SRR7963242,392,11.064069997177533,5644,2.141,0.065,,,2.141,0.065
small_SRR7963242,393,11.092294665537679,5644,1.997,0.058,,,1.997,0.058
small_SRR7963242,394,11.120519333897827,5644,2.283,0.062,,,2.283,0.062
small_SRR7963242,395,11.148744002257974,5644,1.946,0.052,,,1.946,0.052
small_SRR7963242,396,11.17696867061812,5644,1.979,0.046,,,1.979,0.046
small_SRR7963242,397,11.205193338978267,5644,1.999,0.053,,,1.999,0.053
small_SRR7963242,398,11.233418007338413,5644,2.188,0.057,,,2.188,0.057
small_SRR7963242,399,11.26164267569856,5644,2.149,0.054,,,2.149,0.054
small_SRR7963242,400,11.289867344058708,5644,2.08,0.051,,,2.08,0.051
small_SRR7963242,401,11.318092012418854,5644,2.003,0.049,,,2.003,0.049
small_SRR7963242,402,11.346316680779001,5644,2.054,0.057,,,2.054,0.057
small_SRR7963242,403,11.374541349139148,5644,2.19,0.059,,,2.19,0.059
small_SRR7963242,404,11.402766017499294,5644,2.154,0.07,,,2.154,0.07
small_SRR7963242,405,11.430990685859442,5644,2.044,0.055,,,2.044,0.055
small_SRR7963242,406,11.459215354219587,5644,2.087,0.052,,,2.087,0.052
small_SRR7963242,407,11.487440022579735,5644,2.089,0.063,,,2.089,0.063
small_SRR7963242,408,11.515664690939882,5644,2.207,0.052,,,2.207,0.052
small_SRR7963242,409,11.543889359300028,5644,2.091,0.053,,,2.091,0.053
small_SRR7963242,410,11.572114027660175,5644,2.08,0.059,,,2.08,0.059
small_SRR7963242,411,11.600338696020321,5644,1.907,0.054,,,1.907,0.054
small_SRR7963242,412,11.628563364380469,5644,2.127,0.063,,,2.127,0.063
small_SRR7963242,413,11.656788032740616,5644,2.062,0.056,,,2.062,0.056
small_SRR7963242,414,11.685012701100762,5644,2.241,0.057,,,2.241,0.057
small_SRR7963242,415,11.71323736946091,5644,2.073,0.059,,,2.073,0.059
small_SRR7963242,416,11.741462037821055,5644,2.172,0.059,,,2.172,0.059
small_SRR7963242,417,11.769686706181202,5644,2.18,0.062,,,2.18,0.062
small_SRR7963242,418,11.79791137454135,5644,2.169,0.076,,,2.169,0.076
small_SRR7963242,419,11.826136042901496,5644,2.061,0.071,,,2.061,0.071
small_SRR7963242,420,11.854360711261643,5644,2.24,0.062,,,2.24,0.062
small_SRR7963242,421,11.882585379621789,5644,2.015,0.054,,,2.015,0.054
small_SRR7963242,422,11.910810047981936,5644,2.199,0.061,,,2.199,0.061
small_SRR7963242,423,11.939034716342084,5644,2.237,0.087,,,2.237,0.087
small_SRR7963242,424,11.96725938470223,5644,2.131,0.068,,,2.131,0.068
small_SRR7963242,425,11.995484053062377,5644,2.19,0.061,,,2.19,0.061
small_SRR7963242,426,12.023708721422523,5644,2.095,0.053,,,2.095,0.053
small_SRR7963242,427,12.05193338978267,5644,2.06,0.051,,,2.06,0.051
small_SRR7963242,428,12.080158058142818,5644,2.019,0.057,,,2.019,0.057
small_SRR7963242,429,12.108382726502963,5644,2.13,0.061,,,2.13,0.061
small_SRR7963242,430,12.13660739486311,5644,2.146,0.055,,,2.146,0.055
small_SRR7963242,431,12.164832063223256,5644,2.163,0.05,,,2.163,0.05
small_SRR7963242,432,12.193056731583404,5644,2.17,0.063,,,2.17,0.063
small_SRR7963242,433,12.221281399943551,5644,2.181,0.059,,,2.181,0.059
small_SRR7963242,434,12.249506068303697,5644,1.885,0.049,,,1.885,0.049
small_SRR7963242,435,12.277730736663845,5644,2.237,0.059,,,2.237,0.059
small_SRR7963242,436,12.30595540502399,5644,2.076,0.054,,,2.076,0.054
small_SRR7963242,437,12.334180073384138,5644,2.036,0.058,,,2.036,0.058
small_SRR7963242,438,12.362404741744285,5644,1.931,0.047,,,1.931,0.047
small_SRR7963242,439,12.390629410104431,5644,2.138,0.058,,,2.138,0.058
small_SRR7963242,440,12.418854078464578,5644,2.088,0.065,,,2.088,0.065
small_SRR7963242,441,12.447078746824724,5644,2.097,0.056,,,2.097,0.056
small_SRR7963242,442,12.475303415184872,5644,2.131,0.06,,,2.131,0.06
small_SRR7963242,443,12.503528083545019,5644,2.336,0.059,,,2.336,0.059
small_SRR7963242,444,12.531752751905165,5644,2.065,0.068,,,2.065,0.068
small_SRR7963242,445,12.559977420265312,5644,2.071,0.051,,,2.071,0.051
small_SRR7963242,446,12.588202088625458,5644,2.096,0.052,,,2.096,0.052
small_SRR7963242,447,12.616426756985605,5644,2.405,0.089,,,2.405,0.089
small_SRR7963242,448,12.644651425345753,5644,2.05,0.067,,,2.05,0.067
small_SRR7963242,449,12.672876093705899,5644,2.062,0.049,,,2.062,0.049
small_SRR7963242,450,12.701100762066046,5644,2.033,0.05,,,2.033,0.05
small_SRR7963242,451,12.729325430426192,5644,2.142,0.078,,,2.142,0.078
small_SRR7963242,452,12.75755009878634,5644,1.971,0.051,,,1.971,0.051
small_SRR7963242,453,12.785774767146487,5644,2.05,0.052,,,2.05,0.052
small_SRR7963242,454,12.813999435506632,5644,2.065,0.077,,,2.065,0.077
small_SRR7963242,455,12.84222410386678,5644,2.098,0.063,,,2.098,0.063
small_SRR7963242,456,12.870448772226926,5644,1.996,0.044,,,1.996,0.044
small_SRR7963242,457,12.898673440587073,5644,2.21,0.061,,,2.21,0.061
small_SRR7963242,458,12.92689810894722,5644,2.093,0.064,,,2.093,0.064
small_SRR7963242,459,12.955122777307366,5644,2.178,0.065,,,2.178,0.065
small_SRR7963242,460,12.983347445667514,5644,2.104,0.06,,,2.104,0.06
small_SRR7963242,461,13.01157211402766,5644,2.121,0.057,,,2.121,0.057
small_SRR7963242,462,13.039796782387807,5644,2.142,0.066,,,2.142,0.066
small_SRR7963242,463,13.068021450747954,5644,2.177,0.078,,,2.177,0.078
small_SRR7963242,464,13.0962461191081,5644,2.207,0.056,,,2.207,0.056
small_SRR7963242,465,13.124470787468248,5644,2.367,0.07,,,2.367,0.07
small_SRR7963242,466,13.152695455828393,5644,2.05,0.055,,,2.05,0.055
small_SRR7963242,467,13.18092012418854,5644,2.05,0.056,,,2.05,0.056
small_SRR7963242,468,13.209144792548688,5644,2.095,0.055,,,2.095,0.055
small_SRR7963242,469,13.237369460908834,5644,2.088,0.055,,,2.088,0.055
small_SRR7963242,470,13.265594129268981,5644,2.198,0.065,,,2.198,0.065
small_SRR7963242,471,13.293818797629127,5644,2.103,0.061,,,2.103,0.061
small_SRR7963242,472,13.322043465989275,5644,2.052,0.068,,,2.052,0.068
small_SRR7963242,473,13.350268134349422,5644,2.131,0.062,,,2.131,0.062
small_SRR7963242,474,13.378492802709568,5644,1.979,0.085,,,1.979,0.085
small_SRR7963242,475,13.406717471069715,5644,2.135,0.061,,,2.135,0.061
small_SRR7963242,476,13.434942139429861,5644,2.131,0.053,,,2.131,0.053
small_SRR7963242,477,13.463166807790008,5644,2.223,0.061,,,2.223,0.061
small_SRR7963242,478,13.491391476150156,5644,2.075,0.053,,,2.075,0.053
small_SRR7963242,479,13.519616144510302,5644,2.176,0.055,,,2.176,0.055
small_SRR7963242,480,13.547840812870449,5644,2.09,0.06,,,2.09,0.06
small_SRR7963242,481,13.576065481230595,5644,2.136,0.056,,,2.136,0.056
small_SRR7963242,482,13.604290149590742,5644,1.975,0.054,,,1.975,0.054
small_SRR7963242,483,13.63251481795089,5644,2.053,0.062,,,2.053,0.062
small_SRR7963242,484,13.660739486311035,5644,2.284,0.059,,,2.284,0.059
small_SRR7963242,485,13.688964154671183,5644,2.138,0.063,,,2.138,0.063
small_SRR7963242,486,13.717188823031329,5644,2.09,0.061,,,2.09,0.061
small_SRR7963242,487,13.745413491391476,5644,2.08,0.055,,,2.08,0.055
small_SRR7963242,488,13.773638159751624,5644,2.064,0.067,,,2.064,0.067
small_SRR7963242,489,13.80186282811177,5644,2.079,0.055,,,2.079,0.055
small_SRR7963242,490,13.830087496471917,5644,2.163,0.056,,,2.163,0.056
small_SRR7963242,491,13.858312164832062,5644,2.071,0.054,,,2.071,0.054
small_SRR7963242,492,13.88653683319221,5644,2.228,0.057,,,2.228,0.057
small_SRR7963242,493,13.914761501552357,5644,2.113,0.071,,,2.113,0.071
small_SRR7963242,494,13.942986169912503,5644,2.191,0.063,,,2.191,0.063
small_SRR7963242,495,13.97121083827265,5644,1.978,0.054,,,1.978,0.054
small_SRR7963242,496,13.999435506632796,5644,2.106,0.056,,,2.106,0.056
small_SRR7963242,497,14.027660174992944,5644,2.16,0.056,,,2.16,0.056
small_SRR7963242,498,14.055884843353091,5644,2.116,0.061,,,2.116,0.061
small_SRR7963242,499,14.084109511713237,5644,2.123,0.053,,,2.123,0.053
small_SRR7963242,500,14.112334180073384,5644,2.22,0.059,,,2.22,0.059
small_SRR7963242,501,14.14055884843353,5644,2.116,0.051,,,2.116,0.051
small_SRR7963242,502,14.168783516793678,5644,2.146,0.056,,,2.146,0.056
small_SRR7963242,503,14.197008185153825,5644,2.201,0.063,,,2.201,0.063
small_SRR7963242,504,14.22523285351397,5644,2.294,0.061,,,2.294,0.061
small_SRR7963242,505,14.253457521874118,5644,2.228,0.061,,,2.228,0.061
small_SRR7963242,506,14.281682190234264,5644,2.167,0.068,,,2.167,0.068
small_SRR7963242,507,14.309906858594411,5644,2.05,0.065,,,2.05,0.065
small_SRR7963242,508,14.338131526954559,5644,2.152,0.058,,,2.152,0.058
small_SRR7963242,509,14.366356195314705,5644,2.221,0.065,,,2.221,0.065
small_SRR7963242,510,14.394580863674852,5644,2.106,0.056,,,2.106,0.056
small_SRR7963242,511,14.422805532034998,5644,2.253,0.058,,,2.253,0.058
small_SRR7963242,512,14.451030200395145,5644,2.026,0.053,,,2.026,0.053
small_SRR7963242,513,14.479254868755293,5644,2.199,0.053,,,2.199,0.053
small_SRR7963242,514,14.507479537115438,5644,2.2,0.065,,,2.2,0.065
small_SRR7963242,515,14.535704205475586,5644,2.264,0.074,,,2.264,0.074
small_SRR7963242,516,14.563928873835733,5644,2.183,0.053,,,2.183,0.053
small_SRR7963242,517,14.592153542195879,5644,2.092,0.049,,,2.092,0.049
small_SRR7963242,518,14.620378210556026,5644,2.135,0.053,,,2.135,0.053
small_SRR7963242,519,14.648602878916172,5644,2.083,0.053,,,2.083,0.053
small_SRR7963242,520,14.67682754727632,5644,2.198,0.063,,,2.198,0.063
small_SRR7963242,521,14.705052215636467,5644,2.18,0.054,,,2.18,0.054
small_SRR7963242,522,14.733276883996613,5644,1.973,0.053,,,1.973,0.053
small_SRR7963242,523,14.76150155235676,5644,1.915,0.059,,,1.915,0.059
small_SRR7963242,524,14.789726220716906,5644,2.0,0.054,,,2.0,0.054
small_SRR7963242,525,14.817950889077053,5644,2.159,0.053,,,2.159,0.053
small_SRR7963242,526,14.846175557437201,5644,2.048,0.057,,,2.048,0.057
small_SRR7963242,527,14.874400225797347,5644,2.305,0.06,,,2.305,0.06
small_SRR7963242,528,14.902624894157494,5644,2.257,0.061,,,2.257,0.061
small_SRR7963242,529,14.93084956251764,5644,2.049,0.049,,,2.049,0.049
small_SRR7963242,530,14.959074230877787,5644,2.216,0.064,,,2.216,0.064
small_SRR7963242,531,14.987298899237935,5644,2.103,0.062,,,2.103,0.062
small_SRR7963242,532,15.01552356759808,5644,1.896,0.054,,,1.896,0.054
small_SRR7963242,533,15.043748235958228,5644,2.019,0.067,,,2.019,0.067
small_SRR7963242,534,15.071972904318374,5644,1.961,0.057,,,1.961,0.057
small_SRR7963242,535,15.100197572678521,5644,1.998,0.059,,,1.998,0.059
small_SRR7963242,536,15.128422241038669,5644,2.048,0.063,,,2.048,0.063
small_SRR7963242,537,15.156646909398814,5644,2.06,0.054,,,2.06,0.054
small_SRR7963242,538,15.184871577758962,5644,2.171,0.061,,,2.171,0.061
small_SRR7963242,539,15.213096246119107,5644,2.097,0.058,,,2.097,0.058
small_SRR7963242,540,15.241320914479255,5644,2.095,0.055,,,2.095,0.055
small_SRR7963242,541,15.269545582839402,5644,2.199,0.066,,,2.199,0.066
small_SRR7963242,542,15.297770251199548,5644,2.166,0.055,,,2.166,0.055
small_SRR7963242,543,15.325994919559696,5644,2.127,0.053,,,2.127,0.053
small_SRR7963242,544,15.354219587919841,5644,2.191,0.073,,,2.191,0.073
small_SRR7963242,545,15.382444256279989,5644,2.004,0.052,,,2.004,0.052
small_SRR7963242,546,15.410668924640136,5644,2.078,0.053,,,2.078,0.053
small_SRR7963242,547,15.438893593000282,5644,2.05,0.05,,,2.05,0.05
small_SRR7963242,548,15.46711826136043,5644,2.129,0.084,,,2.129,0.084
small_SRR7963242,549,15.495342929720575,5644,2.048,0.049,,,2.048,0.049
small_SRR7963242,550,15.523567598080723,5644,2.222,0.054,,,2.222,0.054
small_SRR7963242,551,15.55179226644087,5644,2.087,0.05,,,2.087,0.05
small_SRR7963242,552,15.580016934801016,5644,2.098,0.065,,,2.098,0.065
small_SRR7963242,553,15.608241603161163,5644,2.168,0.053,,,2.168,0.053
small_SRR7963242,554,15.636466271521309,5644,2.175,0.063,,,2.175,0.063
small_SRR7963242,555,15.664690939881456,5644,2.062,0.061,,,2.062,0.061
small_SRR7963242,556,15.692915608241604,5644,2.0,0.046,,,2.0,0.046
small_SRR7963242,557,15.72114027660175,5644,1.926,0.057,,,1.926,0.057
small_SRR7963242,558,15.749364944961897,5644,2.015,0.056,,,2.015,0.056
small_SRR7963242,559,15.777589613322043,5644,2.016,0.051,,,2.016,0.051
small_SRR7963242,560,15.80581428168219,5644,1.929,0.063,,,1.929,0.063
small_SRR7963242,561,15.834038950042338,5644,2.038,0.049,,,2.038,0.049
small_SRR7963242,562,15.862263618402483,5644,2.097,0.057,,,2.097,0.057
small_SRR7963242,563,15.890488286762631,5644,2.082,0.055,,,2.082,0.055
small_SRR7963242,564,15.918712955122777,5644,2.259,0.069,,,2.259,0.069
small_SRR7963242,565,15.946937623482924,5644,2.221,0.059,,,2.221,0.059
small_SRR7963242,566,15.975162291843072,5644,2.083,0.063,,,2.083,0.063
small_SRR7963242,567,16.00338696020322,5644,2.179,0.063,,,2.179,0.063
small_SRR7963242,568,16.031611628563365,5644,2.133,0.053,,,2.133,0.053
small_SRR7963242,569,16.05983629692351,5644,2.011,0.071,,,2.011,0.071
small_SRR7963242,570,16.088060965283656,5644,2.199,0.06,,,2.199,0.06
small_SRR7963242,571,16.116285633643805,5644,1.976,0.048,,,1.976,0.048
small_SRR7963242,572,16.14451030200395,5644,2.238,0.061,,,2.238,0.061
small_SRR7963242,573,16.172734970364097,5644,2.121,0.064,,,2.121,0.064
small_SRR7963242,574,16.200959638724246,5644,2.027,0.053,,,2.027,0.053
small_SRR7963242,575,16.22918430708439,5644,2.077,0.052,,,2.077,0.052
small_SRR7963242,576,16.257408975444537,5644,1.973,0.05,,,1.973,0.05
small_SRR7963242,577,16.285633643804687,5644,2.134,0.065,,,2.134,0.065
small_SRR7963242,578,16.313858312164832,5644,2.064,0.056,,,2.064,0.056
small_SRR7963242,579,16.342082980524978,5644,2.183,0.056,,,2.183,0.056
small_SRR7963242,580,16.370307648885127,5644,2.232,0.057,,,2.232,0.057
small_SRR7963242,581,16.398532317245273,5644,2.225,0.057,,,2.225,0.057
small_SRR7963242,582,16.42675698560542,5644,2.105,0.056,,,2.105,0.056
small_SRR7963242,583,16.454981653965564,5644,2.079,0.056,,,2.079,0.056
small_SRR7963242,584,16.483206322325714,5644,2.031,0.056,,,2.031,0.056
small_SRR7963242,585,16.51143099068586,5644,2.048,0.049,,,2.048,0.049
small_SRR7963242,586,16.539655659046005,5644,2.123,0.075,,,2.123,0.075
small_SRR7963242,587,16.567880327406154,5644,2.085,0.059,,,2.085,0.059
small_SRR7963242,588,16.5961049957663,5644,1.902,0.052,,,1.902,0.052
small_SRR7963242,589,16.624329664126446,5644,2.122,0.054,,,2.122,0.054
small_SRR7963242,590,16.652554332486595,5644,2.157,0.064,,,2.157,0.064
small_SRR7963242,591,16.68077900084674,5644,2.087,0.06,,,2.087,0.06
small_SRR7963242,592,16.709003669206886,5644,2.055,0.06,,,2.055,0.06
small_SRR7963242,593,16.737228337567032,5644,2.19,0.055,,,2.19,0.055
small_SRR7963242,594,16.76545300592718,5644,2.149,0.061,,,2.149,0.061
small_SRR7963242,595,16.793677674287327,5644,2.15,0.057,,,2.15,0.057
small_SRR7963242,596,16.821902342647473,5644,2.183,0.059,,,2.183,0.059
small_SRR7963242,597,16.850127011007622,5644,2.223,0.06,,,2.223,0.06
small_SRR7963242,598,16.878351679367768,5644,2.135,0.058,,,2.135,0.058
small_SRR7963242,599,16.906576347727913,5644,2.029,0.058,,,2.029,0.058
small_SRR7963242,600,16.934801016088063,5644,1.976,0.05,,,1.976,0.05
small_SRR7963242,601,16.96302568444821,5644,2.082,0.054,,,2.082,0.054
small_SRR7963242,602,16.991250352808354,5644,2.146,0.064,,,2.146,0.064
small_SRR7963242,603,17.0194750211685,5644,2.084,0.057,,,2.084,0.057
small_SRR7963242,604,17.04769968952865,5644,2.017,0.054,,,2.017,0.054
small_SRR7963242,605,17.075924357888795,5644,2.141,0.047,,,2.141,0.047
small_SRR7963242,606,17.10414902624894,5644,2.047,0.059,,,2.047,0.059
small_SRR7963242,607,17.13237369460909,5644,1.958,0.052,,,1.958,0.052
small_SRR7963242,608,17.160598362969235,5644,1.903,0.048,,,1.903,0.048
small_SRR7963242,609,17.18882303132938,5644,2.061,0.047,,,2.061,0.047
small_SRR7963242,610,17.21704769968953,5644,2.033,0.052,,,2.033,0.052
small_SRR7963242,611,17.245272368049676,5644,2.033,0.055,,,2.033,0.055
small_SRR7963242,612,17.27349703640982,5644,2.17,0.069,,,2.17,0.069
small_SRR7963242,613,17.301721704769967,5644,2.301,0.061,,,2.301,0.061
small_SRR7963242,614,17.329946373130117,5644,2.113,0.056,,,2.113,0.056
small_SRR7963242,615,17.358171041490262,5644,2.15,0.062,,,2.15,0.062
small_SRR7963242,616,17.386395709850408,5644,1.996,0.046,,,1.996,0.046
small_SRR7963242,617,17.414620378210557,5644,2.109,0.068,,,2.109,0.068
small_SRR7963242,618,17.442845046570703,5644,2.097,0.052,,,2.097,0.052
small_SRR7963242,619,17.47106971493085,5644,2.191,0.08,,,2.191,0.08
small_SRR7963242,620,17.499294383290998,5644,2.135,0.058,,,2.135,0.058
small_SRR7963242,621,17.527519051651144,5644,2.216,0.068,,,2.216,0.068
small_SRR7963242,622,17.55574372001129,5644,2.093,0.056,,,2.093,0.056
small_SRR7963242,623,17.583968388371435,5644,2.219,0.055,,,2.219,0.055
small_SRR7963242,624,17.612193056731584,5644,2.041,0.052,,,2.041,0.052
small_SRR7963242,625,17.64041772509173,5644,2.145,0.055,,,2.145,0.055
small_SRR7963242,626,17.668642393451876,5644,2.184,0.052,,,2.184,0.052
small_SRR7963242,627,17.696867061812025,5644,2.112,0.053,,,2.112,0.053
small_SRR7963242,628,17.72509173017217,5644,1.975,0.052,,,1.975,0.052
small_SRR7963242,629,17.753316398532316,5644,2.182,0.059,,,2.182,0.059
small_SRR7963242,630,17.781541066892466,5644,2.205,0.066,,,2.205,0.066
small_SRR7963242,631,17.80976573525261,5644,2.37,0.072,,,2.37,0.072
small_SRR7963242,632,17.837990403612757,5644,2.127,0.068,,,2.127,0.068
small_SRR7963242,633,17.866215071972903,5644,2.237,0.059,,,2.237,0.059
small_SRR7963242,634,17.894439740333052,5644,1.955,0.057,,,1.955,0.057
small_SRR7963242,635,17.922664408693198,5644,2.123,0.053,,,2.123,0.053
small_SRR7963242,636,17.950889077053343,5644,2.136,0.052,,,2.136,0.052
small_SRR7963242,637,17.979113745413493,5644,2.106,0.059,,,2.106,0.059
small_SRR7963242,638,18.00733841377364,5644,2.323,0.059,,,2.323,0.059
small_SRR7963242,639,18.035563082133784,5644,2.024,0.076,,,2.024,0.076
small_SRR7963242,640,18.063787750493933,5644,2.175,0.053,,,2.175,0.053
small_SRR7963242,641,18.09201241885408,5644,2.243,0.059,,,2.243,0.059
small_SRR7963242,642,18.120237087214225,5644,2.147,0.059,,,2.147,0.059
small_SRR7963242,643,18.14846175557437,5644,1.922,0.054,,,1.922,0.054
small_SRR7963242,644,18.17668642393452,5644,2.211,0.061,,,2.211,0.061
small_SRR7963242,645,18.204911092294665,5644,2.082,0.054,,,2.082,0.054
small_SRR7963242,646,18.23313576065481,5644,2.061,0.055,,,2.061,0.055
small_SRR7963242,647,18.26136042901496,5644,2.087,0.049,,,2.087,0.049
small_SRR7963242,648,18.289585097375106,5644,2.182,0.059,,,2.182,0.059
small_SRR7963242,649,18.31780976573525,5644,2.095,0.055,,,2.095,0.055
small_SRR7963242,650,18.3460344340954,5644,2.016,0.048,,,2.016,0.048
small_SRR7963242,651,18.374259102455547,5644,2.077,0.052,,,2.077,0.052
small_SRR7963242,652,18.402483770815692,5644,1.902,0.05,,,1.902,0.05
small_SRR7963242,653,18.430708439175838,5644,2.069,0.053,,,2.069,0.053
small_SRR7963242,654,18.458933107535987,5644,2.271,0.065,,,2.271,0.065
small_SRR7963242,655,18.487157775896133,5644,2.077,0.053,,,2.077,0.053
small_SRR7963242,656,18.51538244425628,5644,2.188,0.067,,,2.188,0.067
small_SRR7963242,657,18.543607112616428,5644,1.879,0.055,,,1.879,0.055
small_SRR7963242,658,18.571831780976574,5644,1.999,0.053,,,1.999,0.053
small_SRR7963242,659,18.60005644933672,5644,2.043,0.055,,,2.043,0.055
small_SRR7963242,660,18.62828111769687,5644,1.9,0.05,,,1.9,0.05
small_SRR7963242,661,18.656505786057014,5644,2.268,0.064,,,2.268,0.064
small_SRR7963242,662,18.68473045441716,5644,2.267,0.071,,,2.267,0.071
small_SRR7963242,663,18.712955122777306,5644,1.961,0.054,,,1.961,0.054
small_SRR7963242,664,18.741179791137455,5644,2.132,0.063,,,2.132,0.063
small_SRR7963242,665,18.7694044594976,5644,2.18,0.055,,,2.18,0.055
small_SRR7963242,666,18.797629127857746,5644,2.097,0.053,,,2.097,0.053
small_SRR7963242,667,18.825853796217896,5644,2.198,0.066,,,2.198,0.066
small_SRR7963242,668,18.85407846457804,5644,2.18,0.061,,,2.18,0.061
small_SRR7963242,669,18.882303132938187,5644,1.907,0.061,,,1.907,0.061
small_SRR7963242,670,18.910527801298336,5644,2.014,0.061,,,2.014,0.061
small_SRR7963242,671,18.938752469658482,5644,2.157,0.054,,,2.157,0.054
small_SRR7963242,672,18.966977138018628,5644,2.281,0.07,,,2.281,0.07
small_SRR7963242,673,18.995201806378773,5644,2.266,0.056,,,2.266,0.056
small_SRR7963242,674,19.023426474738923,5644,2.087,0.054,,,2.087,0.054
small_SRR7963242,675,19.05165114309907,5644,2.173,0.055,,,2.173,0.055
small_SRR7963242,676,19.079875811459214,5644,2.039,0.056,,,2.039,0.056
small_SRR7963242,677,19.108100479819363,5644,2.147,0.059,,,2.147,0.059
small_SRR7963242,678,19.13632514817951,5644,1.874,0.053,,,1.874,0.053
small_SRR7963242,679,19.164549816539655,5644,1.997,0.052,,,1.997,0.052
small_SRR7963242,680,19.192774484899804,5644,2.107,0.061,,,2.107,0.061
small_SRR7963242,681,19.22099915325995,5644,2.087,0.051,,,2.087,0.051
small_SRR7963242,682,19.249223821620095,5644,2.163,0.057,,,2.163,0.057
small_SRR7963242,683,19.27744848998024,5644,2.17,0.064,,,2.17,0.064
small_SRR7963242,684,19.30567315834039,5644,2.116,0.062,,,2.116,0.062
small_SRR7963242,685,19.333897826700536,5644,2.094,0.057,,,2.094,0.057
small_SRR7963242,686,19.36212249506068,5644,2.254,0.055,,,2.254,0.055
small_SRR7963242,687,19.39034716342083,5644,2.101,0.052,,,2.101,0.052
small_SRR7963242,688,19.418571831780977,5644,2.092,0.068,,,2.092,0.068
small_SRR7963242,689,19.446796500141122,5644,2.158,0.067,,,2.158,0.067
small_SRR7963242,690,19.47502116850127,5644,2.277,0.066,,,2.277,0.066
small_SRR7963242,691,19.503245836861417,5644,2.057,0.055,,,2.057,0.055
small_SRR7963242,692,19.531470505221563,5644,1.982,0.048,,,1.982,0.048
small_SRR7963242,693,19.559695173581712,5644,2.063,0.051,,,2.063,0.051
small_SRR7963242,694,19.587919841941858,5644,2.077,0.047,,,2.077,0.047
small_SRR7963242,695,19.616144510302004,5644,2.066,0.057,,,2.066,0.057
small_SRR7963242,696,19.64436917866215,5644,2.302,0.055,,,2.302,0.055
small_SRR7963242,697,19.6725938470223,5644,2.04,0.05,,,2.04,0.05
small_SRR7963242,698,19.700818515382444,5644,2.144,0.065,,,2.144,0.065
small_SRR7963242,699,19.72904318374259,5644,2.105,0.08,,,2.105,0.08
small_SRR7963242,700,19.75726785210274,5644,1.949,0.05,,,1.949,0.05
small_SRR7963242,701,19.785492520462885,5644,2.033,0.056,,,2.033,0.056
small_SRR7963242,702,19.81371718882303,5644,2.053,0.06,,,2.053,0.06
small_SRR7963242,703,19.84194185718318,5644,2.045,0.055,,,2.045,0.055
small_SRR7963242,704,19.870166525543326,5644,2.098,0.061,,,2.098,0.061
small_SRR7963242,705,19.89839119390347,5644,1.989,0.052,,,1.989,0.052
small_SRR7963242,706,19.926615862263617,5644,2.045,0.053,,,2.045,0.053
small_SRR7963242,707,19.954840530623766,5644,2.132,0.059,,,2.132,0.059
small_SRR7963242,708,19.983065198983912,5644,2.113,0.054,,,2.113,0.054
small_SRR7963242,709,20.011289867344058,5644,2.676,0.068,,,2.676,0.068
small_SRR7963242,710,20.039514535704207,5644,3.313,0.076,,,3.313,0.076
small_SRR7963242,711,20.067739204064353,5644,2.902,0.07,,,2.902,0.07
small_SRR7963242,712,20.095963872424498,5644,2.811,0.071,,,2.811,0.071
small_SRR7963242,713,20.124188540784647,5644,2.851,0.061,,,2.851,0.061
small_SRR7963242,714,20.152413209144793,5644,3.004,0.083,,,3.004,0.083
small_SRR7963242,715,20.18063787750494,5644,2.883,0.065,,,2.883,0.065
small_SRR7963242,716,20.208862545865085,5644,3.158,0.076,,,3.158,0.076
small_SRR7963242,717,20.237087214225234,5644,2.791,0.067,,,2.791,0.067
small_SRR7963242,718,20.26531188258538,5644,2.769,0.063,,,2.769,0.063
small_SRR7963242,719,20.293536550945525,5644,2.909,0.08,,,2.909,0.08
small_SRR7963242,720,20.321761219305674,5644,3.008,0.071,,,3.008,0.071
small_SRR7963242,721,20.34998588766582,5644,2.901,0.073,,,2.901,0.073
small_SRR7963242,722,20.378210556025966,5644,2.958,0.075,,,2.958,0.075
small_SRR7963242,723,20.406435224386115,5644,2.944,0.071,,,2.944,0.071
small_SRR7963242,724,20.43465989274626,5644,3.325,0.097,,,3.325,0.097
small_SRR7963242,725,20.462884561106407,5644,3.183,0.071,,,3.183,0.071
small_SRR7963242,726,20.491109229466552,5644,2.957,0.07,,,2.957,0.07
small_SRR7963242,727,20.5193338978267,5644,3.008,0.065,,,3.008,0.065
small_SRR7963242,728,20.547558566186847,5644,2.967,0.076,,,2.967,0.076
small_SRR7963242,729,20.575783234546993,5644,3.027,0.076,,,3.027,0.076
small_SRR7963242,730,20.604007902907142,5644,2.963,0.083,,,2.963,0.083
small_SRR7963242,731,20.632232571267288,5644,2.795,0.068,,,2.795,0.068
small_SRR7963242,732,20.660457239627434,5644,2.932,0.069,,,2.932,0.069
small_SRR7963242,733,20.688681907987583,5644,3.064,0.074,,,3.064,0.074
small_SRR7963242,734,20.71690657634773,5644,2.779,0.067,,,2.779,0.067
small_SRR7963242,735,20.745131244707874,5644,2.819,0.066,,,2.819,0.066
small_SRR7963242,736,20.77335591306802,5644,2.912,0.081,,,2.912,0.081
small_SRR7963242,737,20.80158058142817,5644,3.181,0.077,,,3.181,0.077
small_SRR7963242,738,20.829805249788315,5644,2.916,0.071,,,2.916,0.071
small_SRR7963242,739,20.85802991814846,5644,2.885,0.063,,,2.885,0.063
small_SRR7963242,740,20.88625458650861,5644,2.981,0.079,,,2.981,0.079
small_SRR7963242,741,20.914479254868755,5644,2.873,0.069,,,2.873,0.069
small_SRR7963242,742,20.9427039232289,5644,2.911,0.089,,,2.911,0.089
small_SRR7963242,743,20.97092859158905,5644,2.9,0.065,,,2.9,0.065
small_SRR7963242,744,20.999153259949196,5644,2.708,0.067,,,2.708,0.067
small_SRR7963242,745,21.027377928309342,5644,2.956,0.069,,,2.956,0.069
small_SRR7963242,746,21.055602596669488,5644,2.77,0.07,,,2.77,0.07
small_SRR7963242,747,21.083827265029637,5644,3.044,0.073,,,3.044,0.073
small_SRR7963242,748,21.112051933389782,5644,3.009,0.071,,,3.009,0.071
small_SRR7963242,749,21.140276601749928,5644,2.832,0.074,,,2.832,0.074
small_SRR7963242,750,21.168501270110077,5644,3.168,0.076,,,3.168,0.076
small_SRR7963242,751,21.196725938470223,5644,2.828,0.073,,,2.828,0.073
small_SRR7963242,752,21.22495060683037,5644,3.046,0.08,,,3.046,0.08
small_SRR7963242,753,21.253175275190518,5644,3.154,0.077,,,3.154,0.077
small_SRR7963242,754,21.281399943550664,5644,2.753,0.085,,,2.753,0.085
small_SRR7963242,755,21.30962461191081,5644,3.01,0.067,,,3.01,0.067
small_SRR7963242,756,21.337849280270955,5644,3.386,0.077,,,3.386,0.077
small_SRR7963242,757,21.366073948631104,5644,3.01,0.074,,,3.01,0.074
small_SRR7963242,758,21.39429861699125,5644,3.07,0.099,,,3.07,0.099
small_SRR7963242,759,21.422523285351396,5644,2.894,0.073,,,2.894,0.073
small_SRR7963242,760,21.450747953711545,5644,2.8,0.071,,,2.8,0.071
small_SRR7963242,761,21.47897262207169,5644,2.832,0.065,,,2.832,0.065
small_SRR7963242,762,21.507197290431836,5644,3.075,0.077,,,3.075,0.077
small_SRR7963242,763,21.535421958791986,5644,3.015,0.069,,,3.015,0.069
small_SRR7963242,764,21.56364662715213,5644,3.027,0.075,,,3.027,0.075
small_SRR7963242,765,21.591871295512277,5644,2.764,0.067,,,2.764,0.067
small_SRR7963242,766,21.620095963872423,5644,3.018,0.068,,,3.018,0.068
small_SRR7963242,767,21.648320632232572,5644,2.672,0.069,,,2.672,0.069
small_SRR7963242,768,21.676545300592718,5644,3.188,0.089,,,3.188,0.089
small_SRR7963242,769,21.704769968952863,5644,3.009,0.08,,,3.009,0.08
small_SRR7963242,770,21.732994637313013,5644,3.093,0.078,,,3.093,0.078
small_SRR7963242,771,21.76121930567316,5644,3.047,0.07,,,3.047,0.07
small_SRR7963242,772,21.789443974033304,5644,2.607,0.066,,,2.607,0.066
small_SRR7963242,773,21.817668642393453,5644,3.369,0.089,,,3.369,0.089
small_SRR7963242,774,21.8458933107536,5644,2.866,0.072,,,2.866,0.072
small_SRR7963242,775,21.874117979113745,5644,2.936,0.074,,,2.936,0.074
small_SRR7963242,776,21.90234264747389,5644,2.919,0.069,,,2.919,0.069
small_SRR7963242,777,21.93056731583404,5644,3.273,0.073,,,3.273,0.073
small_SRR7963242,778,21.958791984194185,5644,2.903,0.067,,,2.903,0.067
small_SRR7963242,779,21.98701665255433,5644,3.031,0.076,,,3.031,0.076
small_SRR7963242,780,22.01524132091448,5644,2.701,0.074,,,2.701,0.074
small_SRR7963242,781,22.043465989274626,5644,2.687,0.068,,,2.687,0.068
small_SRR7963242,782,22.071690657634772,5644,2.776,0.09,,,2.776,0.09
small_SRR7963242,783,22.09991532599492,5644,2.982,0.084,,,2.982,0.084
small_SRR7963242,784,22.128139994355067,5644,2.818,0.069,,,2.818,0.069
small_SRR7963242,785,22.156364662715212,5644,2.843,0.069,,,2.843,0.069
small_SRR7963242,786,22.184589331075358,5644,2.831,0.066,,,2.831,0.066
small_SRR7963242,787,22.212813999435507,5644,2.872,0.072,,,2.872,0.072
small_SRR7963242,788,22.241038667795653,5644,2.894,0.071,,,2.894,0.071
small_SRR7963242,789,22.2692633361558,5644,2.769,0.078,,,2.769,0.078
small_SRR7963242,790,22.297488004515948,5644,2.769,0.07,,,2.769,0.07
small_SRR7963242,791,22.325712672876094,5644,3.057,0.077,,,3.057,0.077
small_SRR7963242,792,22.35393734123624,5644,3.229,0.09,,,3.229,0.09
small_SRR7963242,793,22.38216200959639,5644,2.78,0.082,,,2.78,0.082
small_SRR7963242,794,22.410386677956534,5644,2.815,0.09,,,2.815,0.09
small_SRR7963242,795,22.43861134631668,5644,2.891,0.066,,,2.891,0.066
small_SRR7963242,796,22.466836014676826,5644,3.129,0.076,,,3.129,0.076
small_SRR7963242,797,22.495060683036975,5644,3.013,0.084,,,3.013,0.084
small_SRR7963242,798,22.52328535139712,5644,3.242,0.076,,,3.242,0.076
small_SRR7963242,799,22.551510019757266,5644,2.961,0.078,,,2.961,0.078
small_SRR7963242,800,22.579734688117416,5644,2.937,0.07,,,2.937,0.07
small_SRR7963242,801,22.60795935647756,5644,2.802,0.062,,,2.802,0.062
small_SRR7963242,802,22.636184024837707,5644,2.7,0.063,,,2.7,0.063
small_SRR7963242,803,22.664408693197856,5644,3.053,0.08,,,3.053,0.08
small_SRR7963242,804,22.692633361558002,5644,2.946,0.069,,,2.946,0.069
small_SRR7963242,805,22.720858029918148,5644,3.331,0.072,,,3.331,0.072
small_SRR7963242,806,22.749082698278297,5644,3.24,0.084,,,3.24,0.084
small_SRR7963242,807,22.777307366638443,5644,2.927,0.068,,,2.927,0.068
small_SRR7963242,808,22.80553203499859,5644,2.874,0.091,,,2.874,0.091
small_SRR7963242,809,22.833756703358734,5644,2.909,0.075,,,2.909,0.075
small_SRR7963242,810,22.861981371718883,5644,2.774,0.073,,,2.774,0.073
small_SRR7963242,811,22.89020604007903,5644,2.851,0.071,,,2.851,0.071
small_SRR7963242,812,22.918430708439175,5644,2.793,0.065,,,2.793,0.065
small_SRR7963242,813,22.946655376799324,5644,2.86,0.079,,,2.86,0.079
small_SRR7963242,814,22.97488004515947,5644,2.975,0.069,,,2.975,0.069
small_SRR7963242,815,23.003104713519615,5644,2.688,0.075,,,2.688,0.075
small_SRR7963242,816,23.031329381879765,5644,3.227,0.077,,,3.227,0.077
small_SRR7963242,817,23.05955405023991,5644,2.993,0.08,,,2.993,0.08
small_SRR7963242,818,23.087778718600056,5644,2.99,0.089,,,2.99,0.089
small_SRR7963242,819,23.1160033869602,5644,3.022,0.07,,,3.022,0.07
small_SRR7963242,820,23.14422805532035,5644,3.071,0.072,,,3.071,0.072
small_SRR7963242,821,23.172452723680497,5644,3.006,0.07,,,3.006,0.07
small_SRR7963242,822,23.200677392040642,5644,2.81,0.073,,,2.81,0.073
small_SRR7963242,823,23.22890206040079,5644,2.756,0.078,,,2.756,0.078
small_SRR7963242,824,23.257126728760937,5644,2.96,0.074,,,2.96,0.074
small_SRR7963242,825,23.285351397121083,5644,2.745,0.069,,,2.745,0.069
small_SRR7963242,826,23.313576065481232,5644,2.864,0.076,,,2.864,0.076
small_SRR7963242,827,23.341800733841378,5644,3.032,0.087,,,3.032,0.087
small_SRR7963242,828,23.370025402201524,5644,2.774,0.066,,,2.774,0.066
small_SRR7963242,829,23.39825007056167,5644,2.986,0.107,,,2.986,0.107
small_SRR7963242,830,23.42647473892182,5644,3.113,0.076,,,3.113,0.076
small_SRR7963242,831,23.454699407281964,5644,2.881,0.066,,,2.881,0.066
small_SRR7963242,832,23.48292407564211,5644,2.939,0.08,,,2.939,0.08
small_SRR7963242,833,23.51114874400226,5644,2.899,0.068,,,2.899,0.068
small_SRR7963242,834,23.539373412362405,5644,2.671,0.058,,,2.671,0.058
small_SRR7963242,835,23.56759808072255,5644,2.859,0.072,,,2.859,0.072
small_SRR7963242,836,23.5958227490827,5644,3.031,0.075,,,3.031,0.075
small_SRR7963242,837,23.624047417442846,5644,2.851,0.076,,,2.851,0.076
small_SRR7963242,838,23.65227208580299,5644,2.747,0.068,,,2.747,0.068
small_SRR7963242,839,23.680496754163137,5644,3.021,0.069,,,3.021,0.069
small_SRR7963242,840,23.708721422523286,5644,3.011,0.075,,,3.011,0.075
small_SRR7963242,841,23.736946090883432,5644,2.811,0.065,,,2.811,0.065
small_SRR7963242,842,23.765170759243578,5644,3.09,0.081,,,3.09,0.081
small_SRR7963242,843,23.793395427603727,5644,2.997,0.07,,,2.997,0.07
small_SRR7963242,844,23.821620095963873,5644,3.067,0.067,,,3.067,0.067
small_SRR7963242,845,23.84984476432402,5644,2.865,0.062,,,2.865,0.062
small_SRR7963242,846,23.878069432684168,5644,2.785,0.06,,,2.785,0.06
small_SRR7963242,847,23.906294101044313,5644,3.215,0.101,,,3.215,0.101
small_SRR7963242,848,23.93451876940446,5644,3.005,0.082,,,3.005,0.082
small_SRR7963242,849,23.962743437764605,5644,3.05,0.069,,,3.05,0.069
small_SRR7963242,850,23.990968106124754,5644,2.75,0.087,,,2.75,0.087
small_SRR7963242,851,24.0191927744849,5644,2.785,0.065,,,2.785,0.065
small_SRR7963242,852,24.047417442845045,5644,2.474,0.061,,,2.474,0.061
small_SRR7963242,853,24.075642111205195,5644,2.859,0.069,,,2.859,0.069
small_SRR7963242,854,24.10386677956534,5644,2.745,0.082,,,2.745,0.082
small_SRR7963242,855,24.132091447925486,5644,2.854,0.072,,,2.854,0.072
small_SRR7963242,856,24.160316116285635,5644,3.159,0.07,,,3.159,0.07
small_SRR7963242,857,24.18854078464578,5644,3.099,0.077,,,3.099,0.077
small_SRR7963242,858,24.216765453005927,5644,2.907,0.066,,,2.907,0.066
small_SRR7963242,859,24.244990121366072,5644,2.829,0.068,,,2.829,0.068
small_SRR7963242,860,24.27321478972622,5644,3.159,0.081,,,3.159,0.081
small_SRR7963242,861,24.301439458086367,5644,2.678,0.066,,,2.678,0.066
small_SRR7963242,862,24.329664126446513,5644,2.97,0.09,,,2.97,0.09
small_SRR7963242,863,24.357888794806662,5644,2.965,0.073,,,2.965,0.073
small_SRR7963242,864,24.386113463166808,5644,2.817,0.077,,,2.817,0.077
small_SRR7963242,865,24.414338131526954,5644,2.872,0.08,,,2.872,0.08
small_SRR7963242,866,24.442562799887103,5644,3.168,0.076,,,3.168,0.076
small_SRR7963242,867,24.47078746824725,5644,3.032,0.079,,,3.032,0.079
small_SRR7963242,868,24.499012136607394,5644,3.111,0.083,,,3.111,0.083
small_SRR7963242,869,24.52723680496754,5644,3.122,0.085,,,3.122,0.085
small_SRR7963242,870,24.55546147332769,5644,2.836,0.063,,,2.836,0.063
small_SRR7963242,871,24.583686141687835,5644,2.772,0.073,,,2.772,0.073
small_SRR7963242,872,24.61191081004798,5644,3.219,0.077,,,3.219,0.077
small_SRR7963242,873,24.64013547840813,5644,2.854,0.071,,,2.854,0.071
small_SRR7963242,874,24.668360146768276,5644,2.904,0.071,,,2.904,0.071
small_SRR7963242,875,24.69658481512842,5644,3.002,0.074,,,3.002,0.074
small_SRR7963242,876,24.72480948348857,5644,2.601,0.06,,,2.601,0.06
small_SRR7963242,877,24.753034151848716,5644,2.563,0.071,,,2.563,0.071
small_SRR7963242,878,24.781258820208862,5644,2.869,0.068,,,2.869,0.068
small_SRR7963242,879,24.809483488569008,5644,3.004,0.075,,,3.004,0.075
small_SRR7963242,880,24.837708156929157,5644,2.756,0.064,,,2.756,0.064
small_SRR7963242,881,24.865932825289303,5644,2.784,0.066,,,2.784,0.066
small_SRR7963242,882,24.89415749364945,5644,3.184,0.077,,,3.184,0.077
small_SRR7963242,883,24.922382162009598,5644,3.143,0.071,,,3.143,0.071
small_SRR7963242,884,24.950606830369743,5644,3.151,0.073,,,3.151,0.073
small_SRR7963242,885,24.97883149872989,5644,2.873,0.075,,,2.873,0.075
small_SRR7963242,886,25.007056167090038,5644,2.957,0.075,,,2.957,0.075
small_SRR7963242,887,25.035280835450184,5644,3.053,0.094,,,3.053,0.094
small_SRR7963242,888,25.06350550381033,5644,3.029,0.07,,,3.029,0.07
small_SRR7963242,889,25.091730172170475,5644,3.014,0.073,,,3.014,0.073
small_SRR7963242,890,25.119954840530625,5644,2.924,0.067,,,2.924,0.067
small_SRR7963242,891,25.14817950889077,5644,2.789,0.072,,,2.789,0.072
small_SRR7963242,892,25.176404177250916,5644,2.95,0.078,,,2.95,0.078
small_SRR7963242,893,25.204628845611065,5644,2.788,0.071,,,2.788,0.071
small_SRR7963242,894,25.23285351397121,5644,3.047,0.1,,,3.047,0.1
small_SRR7963242,895,25.261078182331357,5644,3.315,0.08,,,3.315,0.08
small_SRR7963242,896,25.289302850691506,5644,3.192,0.089,,,3.192,0.089
small_SRR7963242,897,25.31752751905165,5644,2.972,0.072,,,2.972,0.072
small_SRR7963242,898,25.345752187411797,5644,3.089,0.082,,,3.089,0.082
small_SRR7963242,899,25.373976855771943,5644,2.997,0.073,,,2.997,0.073
small_SRR7963242,900,25.402201524132092,5644,2.967,0.076,,,2.967,0.076
small_SRR7963242,901,25.430426192492238,5644,2.742,0.078,,,2.742,0.078
small_SRR7963242,902,25.458650860852384,5644,3.058,0.076,,,3.058,0.076
small_SRR7963242,903,25.486875529212533,5644,3.192,0.075,,,3.192,0.075
small_SRR7963242,904,25.51510019757268,5644,2.924,0.079,,,2.924,0.079
small_SRR7963242,905,25.543324865932824,5644,2.738,0.069,,,2.738,0.069
small_SRR7963242,906,25.571549534292974,5644,2.835,0.061,,,2.835,0.061
small_SRR7963242,907,25.59977420265312,5644,2.9,0.068,,,2.9,0.068
small_SRR7963242,908,25.627998871013265,5644,3.048,0.074,,,3.048,0.074
small_SRR7963242,909,25.65622353937341,5644,2.917,0.087,,,2.917,0.087
small_SRR7963242,910,25.68444820773356,5644,3.249,0.085,,,3.249,0.085
small_SRR7963242,911,25.712672876093706,5644,3.088,0.076,,,3.088,0.076
small_SRR7963242,912,25.74089754445385,5644,2.642,0.07,,,2.642,0.07
small_SRR7963242,913,25.769122212814,5644,2.884,0.066,,,2.884,0.066
small_SRR7963242,914,25.797346881174146,5644,3.213,0.08,,,3.213,0.08
small_SRR7963242,915,25.825571549534292,5644,2.979,0.074,,,2.979,0.074
small_SRR7963242,916,25.85379621789444,5644,2.824,0.068,,,2.824,0.068
small_SRR7963242,917,25.882020886254587,5644,2.792,0.074,,,2.792,0.074
small_SRR7963242,918,25.910245554614733,5644,2.918,0.065,,,2.918,0.065
small_SRR7963242,919,25.938470222974882,5644,3.038,0.072,,,3.038,0.072
small_SRR7963242,920,25.966694891335028,5644,2.853,0.066,,,2.853,0.066
small_SRR7963242,921,25.994919559695173,5644,2.902,0.069,,,2.902,0.069
small_SRR7963242,922,26.02314422805532,5644,3.058,0.083,,,3.058,0.083
small_SRR7963242,923,26.051368896415468,5644,3.296,0.085,,,3.296,0.085
small_SRR7963242,924,26.079593564775614,5644,3.085,0.09,,,3.085,0.09
small_SRR7963242,925,26.10781823313576,5644,3.15,0.082,,,3.15,0.082
small_SRR7963242,926,26.13604290149591,5644,3.179,0.072,,,3.179,0.072
small_SRR7963242,927,26.164267569856055,5644,2.737,0.077,,,2.737,0.077
small_SRR7963242,928,26.1924922382162,5644,3.052,0.081,,,3.052,0.081
small_SRR7963242,929,26.22071690657635,5644,2.718,0.066,,,2.718,0.066
small_SRR7963242,930,26.248941574936495,5644,3.012,0.07,,,3.012,0.07
small_SRR7963242,931,26.27716624329664,5644,2.954,0.084,,,2.954,0.084
small_SRR7963242,932,26.305390911656787,5644,3.105,0.08,,,3.105,0.08
small_SRR7963242,933,26.333615580016936,5644,3.555,0.08,,,3.555,0.08
small_SRR7963242,934,26.36184024837708,5644,2.885,0.084,,,2.885,0.084
small_SRR7963242,935,26.390064916737227,5644,3.133,0.07,,,3.133,0.07
small_SRR7963242,936,26.418289585097376,5644,2.636,0.071,,,2.636,0.071
small_SRR7963242,937,26.446514253457522,5644,3.13,0.085,,,3.13,0.085
small_SRR7963242,938,26.474738921817668,5644,3.005,0.076,,,3.005,0.076
small_SRR7963242,939,26.502963590177817,5644,2.919,0.071,,,2.919,0.071
small_SRR7963242,940,26.531188258537963,5644,2.997,0.076,,,2.997,0.076
small_SRR7963242,941,26.55941292689811,5644,3.115,0.066,,,3.115,0.066
small_SRR7963242,942,26.587637595258254,5644,3.047,0.077,,,3.047,0.077
small_SRR7963242,943,26.615862263618403,5644,2.746,0.066,,,2.746,0.066
small_SRR7963242,944,26.64408693197855,5644,2.635,0.07,,,2.635,0.07
small_SRR7963242,945,26.672311600338695,5644,2.813,0.073,,,2.813,0.073
small_SRR7963242,946,26.700536268698844,5644,2.752,0.061,,,2.752,0.061
small_SRR7963242,947,26.72876093705899,5644,3.082,0.07,,,3.082,0.07
small_SRR7963242,948,26.756985605419136,5644,2.719,0.066,,,2.719,0.066
small_SRR7963242,949,26.785210273779285,5644,2.673,0.073,,,2.673,0.073
small_SRR7963242,950,26.81343494213943,5644,3.029,0.082,,,3.029,0.082
small_SRR7963242,951,26.841659610499576,5644,3.052,0.075,,,3.052,0.075
small_SRR7963242,952,26.869884278859722,5644,2.917,0.068,,,2.917,0.068
small_SRR7963242,953,26.89810894721987,5644,3.024,0.076,,,3.024,0.076
small_SRR7963242,954,26.926333615580017,5644,3.107,0.074,,,3.107,0.074
small_SRR7963242,955,26.954558283940163,5644,2.908,0.073,,,2.908,0.073
small_SRR7963242,956,26.98278295230031,5644,2.964,0.069,,,2.964,0.069
small_SRR7963242,957,27.011007620660457,5644,3.065,0.081,,,3.065,0.081
small_SRR7963242,958,27.039232289020603,5644,2.896,0.079,,,2.896,0.079
small_SRR7963242,959,27.067456957380752,5644,2.997,0.076,,,2.997,0.076
small_SRR7963242,960,27.095681625740898,5644,3.105,0.076,,,3.105,0.076
small_SRR7963242,961,27.123906294101044,5644,2.932,0.071,,,2.932,0.071
small_SRR7963242,962,27.15213096246119,5644,2.832,0.066,,,2.832,0.066
small_SRR7963242,963,27.18035563082134,5644,3.071,0.078,,,3.071,0.078
small_SRR7963242,964,27.208580299181484,5644,3.093,0.078,,,3.093,0.078
small_SRR7963242,965,27.23680496754163,5644,3.295,0.078,,,3.295,0.078
small_SRR7963242,966,27.26502963590178,5644,3.035,0.08,,,3.035,0.08
small_SRR7963242,967,27.293254304261925,5644,2.807,0.079,,,2.807,0.079
small_SRR7963242,968,27.32147897262207,5644,3.186,0.074,,,3.186,0.074
small_SRR7963242,969,27.34970364098222,5644,3.365,0.076,,,3.365,0.076
small_SRR7963242,970,27.377928309342366,5644,3.088,0.064,,,3.088,0.064
small_SRR7963242,971,27.40615297770251,5644,3.211,0.088,,,3.211,0.088
small_SRR7963242,972,27.434377646062657,5644,2.77,0.082,,,2.77,0.082
small_SRR7963242,973,27.462602314422806,5644,2.945,0.077,,,2.945,0.077
small_SRR7963242,974,27.490826982782952,5644,3.297,0.092,,,3.297,0.092
small_SRR7963242,975,27.519051651143098,5644,2.958,0.078,,,2.958,0.078
small_SRR7963242,976,27.547276319503247,5644,3.119,0.074,,,3.119,0.074
small_SRR7963242,977,27.575500987863393,5644,3.164,0.079,,,3.164,0.079
small_SRR7963242,978,27.60372565622354,5644,2.976,0.074,,,2.976,0.074
small_SRR7963242,979,27.631950324583688,5644,3.214,0.082,,,3.214,0.082
small_SRR7963242,980,27.660174992943833,5644,2.805,0.063,,,2.805,0.063
small_SRR7963242,981,27.68839966130398,5644,3.292,0.087,,,3.292,0.087
small_SRR7963242,982,27.716624329664125,5644,3.388,0.074,,,3.388,0.074
small_SRR7963242,983,27.744848998024274,5644,2.983,0.072,,,2.983,0.072
small_SRR7963242,984,27.77307366638442,5644,3.013,0.072,,,3.013,0.072
small_SRR7963242,985,27.801298334744565,5644,3.318,0.083,,,3.318,0.083
small_SRR7963242,986,27.829523003104715,5644,2.693,0.06,,,2.693,0.06
small_SRR7963242,987,27.85774767146486,5644,2.743,0.066,,,2.743,0.066
small_SRR7963242,988,27.885972339825006,5644,3.148,0.066,,,3.148,0.066
small_SRR7963242,989,27.914197008185155,5644,2.784,0.063,,,2.784,0.063
small_SRR7963242,990,27.9424216765453,5644,2.637,0.062,,,2.637,0.062
small_SRR7963242,991,27.970646344905447,5644,2.652,0.066,,,2.652,0.066
small_SRR7963242,992,27.998871013265592,5644,2.987,0.107,,,2.987,0.107
small_SRR7963242,993,28.02709568162574,5644,2.857,0.076,,,2.857,0.076
small_SRR7963242,994,28.055320349985887,5644,3.123,0.085,,,3.123,0.085
small_SRR7963242,995,28.083545018346033,5644,2.865,0.079,,,2.865,0.079
small_SRR7963242,996,28.111769686706182,5644,2.982,0.068,,,2.982,0.068
small_SRR7963242,997,28.139994355066328,5644,2.97,0.08,,,2.97,0.08
small_SRR7963242,998,28.168219023426474,5644,2.762,0.062,,,2.762,0.062
small_SRR7963242,999,28.196443691786623,5644,2.957,0.063,,,2.957,0.063
small_SRR7963242,1000,28.22466836014677,5644,2.706,0.076,,,2.706,0.076
small_SRR7963242,1001,28.252893028506914,5644,2.995,0.082,,,2.995,0.082
small_SRR7963242,1002,28.28111769686706,5644,3.052,0.077,,,3.052,0.077
small_SRR7963242,1003,28.30934236522721,5644,2.916,0.076,,,2.916,0.076
small_SRR7963242,1004,28.337567033587355,5644,2.826,0.074,,,2.826,0.074
small_SRR7963242,1005,28.3657917019475,5644,3.207,0.089,,,3.207,0.089
small_SRR7963242,1006,28.39401637030765,5644,3.078,0.069,,,3.078,0.069
small_SRR7963242,1007,28.422241038667796,5644,3.273,0.079,,,3.273,0.079
small_SRR7963242,1008,28.45046570702794,5644,2.926,0.071,,,2.926,0.071
small_SRR7963242,1009,28.47869037538809,5644,3.085,0.074,,,3.085,0.074
small_SRR7963242,1010,28.506915043748236,5644,3.081,0.092,,,3.081,0.092
small_SRR7963242,1011,28.535139712108382,5644,2.916,0.067,,,2.916,0.067
small_SRR7963242,1012,28.563364380468528,5644,2.896,0.077,,,2.896,0.077
small_SRR7963242,1013,28.591589048828677,5644,2.933,0.079,,,2.933,0.079
small_SRR7963242,1014,28.619813717188823,5644,3.005,0.084,,,3.005,0.084
small_SRR7963242,1015,28.64803838554897,5644,2.91,0.08,,,2.91,0.08
small_SRR7963242,1016,28.676263053909118,5644,2.885,0.071,,,2.885,0.071
small_SRR7963242,1017,28.704487722269263,5644,3.064,0.077,,,3.064,0.077
small_SRR7963242,1018,28.73271239062941,5644,2.979,0.069,,,2.979,0.069
small_SRR7963242,1019,28.76093705898956,5644,3.182,0.078,,,3.182,0.078
small_SRR7963242,1020,28.789161727349704,5644,2.985,0.089,,,2.985,0.089
small_SRR7963242,1021,28.81738639570985,5644,2.914,0.073,,,2.914,0.073
small_SRR7963242,1022,28.845611064069995,5644,3.073,0.091,,,3.073,0.091
small_SRR7963242,1023,28.873835732430145,5644,2.771,0.075,,,2.771,0.075
small_SRR7963242,1024,28.90206040079029,5644,2.93,0.068,,,2.93,0.068
small_SRR7963242,1025,28.930285069150436,5644,3.074,0.087,,,3.074,0.087
small_SRR7963242,1026,28.958509737510585,5644,3.085,0.069,,,3.085,0.069
small_SRR7963242,1027,28.98673440587073,5644,3.071,0.079,,,3.071,0.079
small_SRR7963242,1028,29.014959074230877,5644,3.147,0.09,,,3.147,0.09
small_SRR7963242,1029,29.043183742591026,5644,2.927,0.079,,,2.927,0.079
small_SRR7963242,1030,29.07140841095117,5644,3.007,0.077,,,3.007,0.077
small_SRR7963242,1031,29.099633079311317,5644,3.262,0.073,,,3.262,0.073
small_SRR7963242,1032,29.127857747671467,5644,2.774,0.066,,,2.774,0.066
small_SRR7963242,1033,29.156082416031612,5644,2.971,0.082,,,2.971,0.082
small_SRR7963242,1034,29.184307084391758,5644,2.623,0.067,,,2.623,0.067
small_SRR7963242,1035,29.212531752751904,5644,3.058,0.074,,,3.058,0.074
small_SRR7963242,1036,29.240756421112053,5644,3.246,0.09,,,3.246,0.09
small_SRR7963242,1037,29.2689810894722,5644,3.042,0.073,,,3.042,0.073
small_SRR7963242,1038,29.297205757832344,5644,3.104,0.074,,,3.104,0.074
small_SRR7963242,1039,29.325430426192494,5644,2.926,0.068,,,2.926,0.068
small_SRR7963242,1040,29.35365509455264,5644,2.801,0.071,,,2.801,0.071
small_SRR7963242,1041,29.381879762912785,5644,3.128,0.08,,,3.128,0.08
small_SRR7963242,1042,29.410104431272934,5644,2.78,0.073,,,2.78,0.073
small_SRR7963242,1043,29.43832909963308,5644,2.827,0.073,,,2.827,0.073
small_SRR7963242,1044,29.466553767993226,5644,2.896,0.088,,,2.896,0.088
small_SRR7963242,1045,29.49477843635337,5644,2.995,0.074,,,2.995,0.074
small_SRR7963242,1046,29.52300310471352,5644,3.105,0.077,,,3.105,0.077
small_SRR7963242,1047,29.551227773073666,5644,3.388,0.094,,,3.388,0.094
small_SRR7963242,1048,29.579452441433812,5644,3.117,0.081,,,3.117,0.081
small_SRR7963242,1049,29.60767710979396,5644,2.918,0.072,,,2.918,0.072
small_SRR7963242,1050,29.635901778154107,5644,2.935,0.089,,,2.935,0.089
small_SRR7963242,1051,29.664126446514253,5644,2.947,0.067,,,2.947,0.067
small_SRR7963242,1052,29.692351114874402,5644,3.328,0.081,,,3.328,0.081
small_SRR7963242,1053,29.720575783234548,5644,2.635,0.069,,,2.635,0.069
small_SRR7963242,1054,29.748800451594693,5644,2.819,0.07,,,2.819,0.07
small_SRR7963242,1055,29.77702511995484,5644,3.081,0.083,,,3.081,0.083
small_SRR7963242,1056,29.80524978831499,5644,2.846,0.072,,,2.846,0.072
small_SRR7963242,1057,29.833474456675134,5644,2.991,0.074,,,2.991,0.074
small_SRR7963242,1058,29.86169912503528,5644,2.882,0.072,,,2.882,0.072
small_SRR7963242,1059,29.88992379339543,5644,3.001,0.08,,,3.001,0.08
small_SRR7963242,1060,29.918148461755575,5644,2.944,0.083,,,2.944,0.083
small_SRR7963242,1061,29.94637313011572,5644,2.932,0.072,,,2.932,0.072
small_SRR7963242,1062,29.97459779847587,5644,2.844,0.071,,,2.844,0.071
small_SRR7963242,1063,30.002822466836015,5644,2.92,0.088,,,2.92,0.088
small_SRR7963242,1064,30.03104713519616,5644,3.143,0.079,,,3.143,0.079
small_SRR7963242,1065,30.059271803556307,5644,3.139,0.071,,,3.139,0.071
small_SRR7963242,1066,30.087496471916456,5644,2.916,0.07,,,2.916,0.07
small_SRR7963242,1067,30.1157211402766,5644,3.092,0.068,,,3.092,0.068
small_SRR7963242,1068,30.143945808636747,5644,3.078,0.087,,,3.078,0.087
small_SRR7963242,1069,30.172170476996897,5644,2.92,0.098,,,2.92,0.098
small_SRR7963242,1070,30.200395145357042,5644,3.575,0.084,,,3.575,0.084
small_SRR7963242,1071,30.228619813717188,5644,2.966,0.081,,,2.966,0.081
small_SRR7963242,1072,30.256844482077337,5644,2.864,0.075,,,2.864,0.075
small_SRR7963242,1073,30.285069150437483,5644,2.829,0.091,,,2.829,0.091
small_SRR7963242,1074,30.31329381879763,5644,2.985,0.09,,,2.985,0.09
small_SRR7963242,1075,30.341518487157774,5644,3.095,0.073,,,3.095,0.073
small_SRR7963242,1076,30.369743155517924,5644,2.853,0.075,,,2.853,0.075
small_SRR7963242,1077,30.39796782387807,5644,3.098,0.072,,,3.098,0.072
small_SRR7963242,1078,30.426192492238215,5644,2.927,0.092,,,2.927,0.092
small_SRR7963242,1079,30.454417160598364,5644,2.855,0.069,,,2.855,0.069
small_SRR7963242,1080,30.48264182895851,5644,2.792,0.077,,,2.792,0.077
small_SRR7963242,1081,30.510866497318656,5644,3.021,0.069,,,3.021,0.069
small_SRR7963242,1082,30.539091165678805,5644,2.954,0.079,,,2.954,0.079
small_SRR7963242,1083,30.56731583403895,5644,3.34,0.09,,,3.34,0.09
small_SRR7963242,1084,30.595540502399096,5644,3.019,0.078,,,3.019,0.078
small_SRR7963242,1085,30.623765170759242,5644,3.302,0.084,,,3.302,0.084
small_SRR7963242,1086,30.65198983911939,5644,2.911,0.063,,,2.911,0.063
small_SRR7963242,1087,30.680214507479537,5644,2.957,0.065,,,2.957,0.065
small_SRR7963242,1088,30.708439175839683,5644,2.89,0.077,,,2.89,0.077
small_SRR7963242,1089,30.736663844199832,5644,2.816,0.069,,,2.816,0.069
small_SRR7963242,1090,30.764888512559978,5644,2.77,0.084,,,2.77,0.084
small_SRR7963242,1091,30.793113180920123,5644,2.986,0.075,,,2.986,0.075
small_SRR7963242,1092,30.821337849280273,5644,2.841,0.088,,,2.841,0.088
small_SRR7963242,1093,30.84956251764042,5644,3.008,0.082,,,3.008,0.082
small_SRR7963242,1094,30.877787186000564,5644,2.942,0.086,,,2.942,0.086
small_SRR7963242,1095,30.90601185436071,5644,2.714,0.063,,,2.714,0.063
small_SRR7963242,1096,30.93423652272086,5644,3.208,0.087,,,3.208,0.087
small_SRR7963242,1097,30.962461191081005,5644,2.893,0.076,,,2.893,0.076
small_SRR7963242,1098,30.99068585944115,5644,2.742,0.08,,,2.742,0.08
small_SRR7963242,1099,31.0189105278013,5644,3.0,0.088,,,3.0,0.088
small_SRR7963242,1100,31.047135196161445,5644,2.815,0.067,,,2.815,0.067
small_SRR7963242,1101,31.07535986452159,5644,3.058,0.077,,,3.058,0.077
small_SRR7963242,1102,31.10358453288174,5644,3.194,0.078,,,3.194,0.078
small_SRR7963242,1103,31.131809201241886,5644,3.028,0.082,,,3.028,0.082
small_SRR7963242,1104,31.16003386960203,5644,2.914,0.066,,,2.914,0.066
small_SRR7963242,1105,31.188258537962177,5644,2.911,0.085,,,2.911,0.085
small_SRR7963242,1106,31.216483206322327,5644,2.889,0.069,,,2.889,0.069
small_SRR7963242,1107,31.244707874682472,5644,3.119,0.071,,,3.119,0.071
small_SRR7963242,1108,31.272932543042618,5644,2.948,0.093,,,2.948,0.093
small_SRR7963242,1109,31.301157211402767,5644,3.034,0.072,,,3.034,0.072
small_SRR7963242,1110,31.329381879762913,5644,2.613,0.07,,,2.613,0.07
small_SRR7963242,1111,31.35760654812306,5644,2.962,0.076,,,2.962,0.076
small_SRR7963242,1112,31.385831216483208,5644,2.887,0.091,,,2.887,0.091
small_SRR7963242,1113,31.414055884843354,5644,3.016,0.089,,,3.016,0.089
small_SRR7963242,1114,31.4422805532035,5644,3.06,0.078,,,3.06,0.078
small_SRR7963242,1115,31.470505221563645,5644,2.696,0.059,,,2.696,0.059
small_SRR7963242,1116,31.498729889923794,5644,3.124,0.074,,,3.124,0.074
small_SRR7963242,1117,31.52695455828394,5644,3.207,0.08,,,3.207,0.08
small_SRR7963242,1118,31.555179226644086,5644,2.847,0.073,,,2.847,0.073
small_SRR7963242,1119,31.583403895004235,5644,3.025,0.089,,,3.025,0.089
small_SRR7963242,1120,31.61162856336438,5644,3.34,0.089,,,3.34,0.089
small_SRR7963242,1121,31.639853231724526,5644,3.091,0.083,,,3.091,0.083
small_SRR7963242,1122,31.668077900084675,5644,2.848,0.071,,,2.848,0.071
small_SRR7963242,1123,31.69630256844482,5644,3.032,0.076,,,3.032,0.076
small_SRR7963242,1124,31.724527236804967,5644,2.982,0.07,,,2.982,0.07
small_SRR7963242,1125,31.752751905165113,5644,3.018,0.082,,,3.018,0.082
small_SRR7963242,1126,31.780976573525262,5644,2.938,0.072,,,2.938,0.072
small_SRR7963242,1127,31.809201241885408,5644,2.775,0.067,,,2.775,0.067
small_SRR7963242,1128,31.837425910245553,5644,2.807,0.076,,,2.807,0.076
small_SRR7963242,1129,31.865650578605702,5644,3.265,0.096,,,3.265,0.096
small_SRR7963242,1130,31.893875246965848,5644,3.274,0.075,,,3.274,0.075
small_SRR7963242,1131,31.922099915325994,5644,3.161,0.075,,,3.161,0.075
small_SRR7963242,1132,31.950324583686143,5644,3.179,0.092,,,3.179,0.092
small_SRR7963242,1133,31.97854925204629,5644,2.738,0.087,,,2.738,0.087
small_SRR7963242,1134,32.00677392040644,5644,2.905,0.089,,,2.905,0.089
small_SRR7963242,1135,32.034998588766584,5644,3.091,0.08,,,3.091,0.08
small_SRR7963242,1136,32.06322325712673,5644,2.775,0.086,,,2.775,0.086
small_SRR7963242,1137,32.091447925486875,5644,3.088,0.095,,,3.088,0.095
small_SRR7963242,1138,32.11967259384702,5644,3.02,0.075,,,3.02,0.075
small_SRR7963242,1139,32.14789726220717,5644,3.229,0.098,,,3.229,0.098
small_SRR7963242,1140,32.17612193056731,5644,2.913,0.075,,,2.913,0.075
small_SRR7963242,1141,32.204346598927465,5644,3.007,0.078,,,3.007,0.078
small_SRR7963242,1142,32.23257126728761,5644,2.915,0.073,,,2.915,0.073
small_SRR7963242,1143,32.26079593564776,5644,3.014,0.075,,,3.014,0.075
small_SRR7963242,1144,32.2890206040079,5644,3.109,0.078,,,3.109,0.078
small_SRR7963242,1145,32.31724527236805,5644,2.765,0.069,,,2.765,0.069
small_SRR7963242,1146,32.345469940728194,5644,2.865,0.082,,,2.865,0.082
small_SRR7963242,1147,32.373694609088346,5644,2.918,0.072,,,2.918,0.072
small_SRR7963242,1148,32.40191927744849,5644,3.039,0.067,,,3.039,0.067
small_SRR7963242,1149,32.43014394580864,5644,2.633,0.061,,,2.633,0.061
small_SRR7963242,1150,32.45836861416878,5644,2.896,0.07,,,2.896,0.07
small_SRR7963242,1151,32.48659328252893,5644,2.637,0.057,,,2.637,0.057
small_SRR7963242,1152,32.514817950889075,5644,3.027,0.07,,,3.027,0.07
small_SRR7963242,1153,32.54304261924922,5644,3.131,0.075,,,3.131,0.075
small_SRR7963242,1154,32.57126728760937,5644,2.786,0.067,,,2.786,0.067
small_SRR7963242,1155,32.59949195596952,5644,2.858,0.065,,,2.858,0.065
small_SRR7963242,1156,32.627716624329665,5644,3.062,0.082,,,3.062,0.082
small_SRR7963242,1157,32.65594129268981,5644,2.658,0.069,,,2.658,0.069
small_SRR7963242,1158,32.684165961049956,5644,3.189,0.084,,,3.189,0.084
small_SRR7963242,1159,32.7123906294101,5644,2.884,0.079,,,2.884,0.079
small_SRR7963242,1160,32.740615297770255,5644,2.702,0.061,,,2.702,0.061
small_SRR7963242,1161,32.7688399661304,5644,2.592,0.068,,,2.592,0.068
small_SRR7963242,1162,32.797064634490546,5644,2.952,0.084,,,2.952,0.084
small_SRR7963242,1163,32.82528930285069,5644,3.133,0.085,,,3.133,0.085
small_SRR7963242,1164,32.85351397121084,5644,2.857,0.07,,,2.857,0.07
small_SRR7963242,1165,32.88173863957098,5644,2.939,0.071,,,2.939,0.071
small_SRR7963242,1166,32.90996330793113,5644,2.624,0.064,,,2.624,0.064
small_SRR7963242,1167,32.93818797629128,5644,2.806,0.079,,,2.806,0.079
small_SRR7963242,1168,32.96641264465143,5644,2.89,0.063,,,2.89,0.063
small_SRR7963242,1169,32.99463731301157,5644,3.102,0.072,,,3.102,0.072
small_SRR7963242,1170,33.02286198137172,5644,2.741,0.076,,,2.741,0.076
small_SRR7963242,1171,33.051086649731864,5644,2.699,0.082,,,2.699,0.082
small_SRR7963242,1172,33.07931131809201,5644,2.791,0.065,,,2.791,0.065
small_SRR7963242,1173,33.107535986452156,5644,3.231,0.099,,,3.231,0.099
small_SRR7963242,1174,33.13576065481231,5644,3.596,0.092,,,3.596,0.092
small_SRR7963242,1175,33.163985323172454,5644,2.952,0.066,,,2.952,0.066
small_SRR7963242,1176,33.1922099915326,5644,3.118,0.072,,,3.118,0.072
small_SRR7963242,1177,33.220434659892746,5644,3.32,0.086,,,3.32,0.086
small_SRR7963242,1178,33.24865932825289,5644,3.016,0.066,,,3.016,0.066
small_SRR7963242,1179,33.27688399661304,5644,2.886,0.066,,,2.886,0.066
small_SRR7963242,1180,33.30510866497319,5644,3.07,0.094,,,3.07,0.094
small_SRR7963242,1181,33.333333333333336,5644,2.717,0.082,,,2.717,0.082
small_SRR7963242,1182,33.36155800169348,5644,3.021,0.088,,,3.021,0.088
small_SRR7963242,1183,33.38978267005363,5644,2.784,0.071,,,2.784,0.071
small_SRR7963242,1184,33.41800733841377,5644,2.844,0.064,,,2.844,0.064
small_SRR7963242,1185,33.44623200677392,5644,3.026,0.068,,,3.026,0.068
small_SRR7963242,1186,33.474456675134064,5644,2.747,0.071,,,2.747,0.071
small_SRR7963242,1187,33.50268134349422,5644,2.891,0.089,,,2.891,0.089
small_SRR7963242,1188,33.53090601185436,5644,2.775,0.066,,,2.775,0.066
small_SRR7963242,1189,33.55913068021451,5644,2.908,0.076,,,2.908,0.076
small_SRR7963242,1190,33.587355348574654,5644,2.799,0.074,,,2.799,0.074
small_SRR7963242,1191,33.6155800169348,5644,2.654,0.066,,,2.654,0.066
small_SRR7963242,1192,33.643804685294946,5644,2.986,0.068,,,2.986,0.068
small_SRR7963242,1193,33.67202935365509,5644,3.199,0.084,,,3.199,0.084
small_SRR7963242,1194,33.700254022015244,5644,3.029,0.079,,,3.029,0.079
small_SRR7963242,1195,33.72847869037539,5644,2.941,0.075,,,2.941,0.075
small_SRR7963242,1196,33.756703358735535,5644,2.842,0.067,,,2.842,0.067
small_SRR7963242,1197,33.78492802709568,5644,2.952,0.067,,,2.952,0.067
small_SRR7963242,1198,33.81315269545583,5644,2.903,0.074,,,2.903,0.074
small_SRR7963242,1199,33.84137736381597,5644,3.276,0.073,,,3.276,0.073
small_SRR7963242,1200,33.869602032176125,5644,3.246,0.082,,,3.246,0.082
small_SRR7963242,1201,33.89782670053627,5644,3.161,0.091,,,3.161,0.091
small_SRR7963242,1202,33.92605136889642,5644,2.796,0.067,,,2.796,0.067
small_SRR7963242,1203,33.95427603725656,5644,2.894,0.074,,,2.894,0.074
small_SRR7963242,1204,33.98250070561671,5644,3.01,0.078,,,3.01,0.078
small_SRR7963242,1205,34.010725373976854,5644,2.798,0.063,,,2.798,0.063
small_SRR7963242,1206,34.038950042337,5644,3.033,0.083,,,3.033,0.083
small_SRR7963242,1207,34.06717471069715,5644,6.11,0.146,,,6.11,0.146
small_SRR7963242,1208,34.0953993790573,5644,5.187,0.114,,,5.187,0.114
small_SRR7963242,1209,34.123624047417444,5644,2.89,0.079,,,2.89,0.079
small_SRR7963242,1210,34.15184871577759,5644,2.829,0.063,,,2.829,0.063
small_SRR7963242,1211,34.180073384137735,5644,2.841,0.07,,,2.841,0.07
small_SRR7963242,1212,34.20829805249788,5644,3.012,0.07,,,3.012,0.07
small_SRR7963242,1213,34.23652272085803,5644,2.976,0.089,,,2.976,0.089
small_SRR7963242,1214,34.26474738921818,5644,2.99,0.068,,,2.99,0.068
small_SRR7963242,1215,34.292972057578325,5644,2.922,0.065,,,2.922,0.065
small_SRR7963242,1216,34.32119672593847,5644,2.994,0.074,,,2.994,0.074
small_SRR7963242,1217,34.349421394298616,5644,2.798,0.077,,,2.798,0.077
small_SRR7963242,1218,34.37764606265876,5644,2.825,0.068,,,2.825,0.068
small_SRR7963242,1219,34.40587073101891,5644,2.717,0.065,,,2.717,0.065
small_SRR7963242,1220,34.43409539937906,5644,2.914,0.07,,,2.914,0.07
small_SRR7963242,1221,34.462320067739206,5644,2.678,0.066,,,2.678,0.066
small_SRR7963242,1222,34.49054473609935,5644,2.848,0.083,,,2.848,0.083
small_SRR7963242,1223,34.5187694044595,5644,2.942,0.074,,,2.942,0.074
small_SRR7963242,1224,34.54699407281964,5644,2.987,0.086,,,2.987,0.086
small_SRR7963242,1225,34.57521874117979,5644,2.982,0.073,,,2.982,0.073
small_SRR7963242,1226,34.603443409539935,5644,2.534,0.061,,,2.534,0.061
small_SRR7963242,1227,34.63166807790009,5644,2.607,0.062,,,2.607,0.062
small_SRR7963242,1228,34.65989274626023,5644,2.81,0.075,,,2.81,0.075
small_SRR7963242,1229,34.68811741462038,5644,2.785,0.066,,,2.785,0.066
small_SRR7963242,1230,34.716342082980525,5644,2.933,0.067,,,2.933,0.067
small_SRR7963242,1231,34.74456675134067,5644,2.957,0.075,,,2.957,0.075
small_SRR7963242,1232,34.772791419700816,5644,2.808,0.069,,,2.808,0.069
small_SRR7963242,1233,34.80101608806096,5644,2.839,0.075,,,2.839,0.075
small_SRR7963242,1234,34.829240756421115,5644,3.047,0.079,,,3.047,0.079
small_SRR7963242,1235,34.85746542478126,5644,2.922,0.069,,,2.922,0.069
small_SRR7963242,1236,34.885690093141406,5644,3.073,0.074,,,3.073,0.074
small_SRR7963242,1237,34.91391476150155,5644,2.739,0.064,,,2.739,0.064
small_SRR7963242,1238,34.9421394298617,5644,2.721,0.068,,,2.721,0.068
small_SRR7963242,1239,34.97036409822184,5644,2.879,0.065,,,2.879,0.065
small_SRR7963242,1240,34.998588766581996,5644,3.044,0.081,,,3.044,0.081
small_SRR7963242,1241,35.02681343494214,5644,2.836,0.074,,,2.836,0.074
small_SRR7963242,1242,35.05503810330229,5644,2.842,0.076,,,2.842,0.076
small_SRR7963242,1243,35.08326277166243,5644,3.01,0.086,,,3.01,0.086
small_SRR7963242,1244,35.11148744002258,5644,2.932,0.068,,,2.932,0.068
small_SRR7963242,1245,35.139712108382724,5644,2.793,0.073,,,2.793,0.073
small_SRR7963242,1246,35.16793677674287,5644,2.778,0.069,,,2.778,0.069
small_SRR7963242,1247,35.19616144510302,5644,2.84,0.087,,,2.84,0.087
small_SRR7963242,1248,35.22438611346317,5644,2.879,0.068,,,2.879,0.068
small_SRR7963242,1249,35.252610781823314,5644,2.909,0.077,,,2.909,0.077
small_SRR7963242,1250,35.28083545018346,5644,2.835,0.069,,,2.835,0.069
small_SRR7963242,1251,35.309060118543606,5644,3.033,0.07,,,3.033,0.07
small_SRR7963242,1252,35.33728478690375,5644,3.042,0.07,,,3.042,0.07
small_SRR7963242,1253,35.3655094552639,5644,2.885,0.079,,,2.885,0.079
small_SRR7963242,1254,35.39373412362405,5644,3.113,0.066,,,3.113,0.066
small_SRR7963242,1255,35.421958791984196,5644,2.869,0.089,,,2.869,0.089
small_SRR7963242,1256,35.45018346034434,5644,2.737,0.068,,,2.737,0.068
small_SRR7963242,1257,35.47840812870449,5644,2.752,0.068,,,2.752,0.068
small_SRR7963242,1258,35.50663279706463,5644,2.814,0.063,,,2.814,0.063
small_SRR7963242,1259,35.53485746542478,5644,3.197,0.07,,,3.197,0.07
small_SRR7963242,1260,35.56308213378493,5644,2.919,0.073,,,2.919,0.073
small_SRR7963242,1261,35.59130680214508,5644,2.913,0.085,,,2.913,0.085
small_SRR7963242,1262,35.61953147050522,5644,3.177,0.085,,,3.177,0.085
small_SRR7963242,1263,35.64775613886537,5644,3.021,0.074,,,3.021,0.074
small_SRR7963242,1264,35.675980807225514,5644,3.162,0.088,,,3.162,0.088
small_SRR7963242,1265,35.70420547558566,5644,2.876,0.083,,,2.876,0.083
small_SRR7963242,1266,35.732430143945805,5644,2.897,0.076,,,2.897,0.076
small_SRR7963242,1267,35.76065481230596,5644,3.308,0.078,,,3.308,0.078
small_SRR7963242,1268,35.788879480666104,5644,2.879,0.077,,,2.879,0.077
small_SRR7963242,1269,35.81710414902625,5644,2.858,0.068,,,2.858,0.068
small_SRR7963242,1270,35.845328817386395,5644,3.0,0.065,,,3.0,0.065
small_SRR7963242,1271,35.87355348574654,5644,3.101,0.068,,,3.101,0.068
small_SRR7963242,1272,35.90177815410669,5644,2.792,0.067,,,2.792,0.067
small_SRR7963242,1273,35.93000282246684,5644,2.845,0.081,,,2.845,0.081
small_SRR7963242,1274,35.958227490826985,5644,2.929,0.071,,,2.929,0.071
small_SRR7963242,1275,35.98645215918713,5644,3.237,0.074,,,3.237,0.074
small_SRR7963242,1276,36.01467682754728,5644,2.638,0.055,,,2.638,0.055
small_SRR7963242,1277,36.04290149590742,5644,2.896,0.07,,,2.896,0.07
small_SRR7963242,1278,36.07112616426757,5644,3.199,0.08,,,3.199,0.08
small_SRR7963242,1279,36.099350832627714,5644,3.12,0.074,,,3.12,0.074
small_SRR7963242,1280,36.12757550098787,5644,2.899,0.075,,,2.899,0.075
small_SRR7963242,1281,36.15580016934801,5644,2.683,0.064,,,2.683,0.064
small_SRR7963242,1282,36.18402483770816,5644,2.82,0.069,,,2.82,0.069
small_SRR7963242,1283,36.212249506068304,5644,2.628,0.063,,,2.628,0.063
small_SRR7963242,1284,36.24047417442845,5644,2.831,0.076,,,2.831,0.076
small_SRR7963242,1285,36.268698842788595,5644,2.87,0.068,,,2.87,0.068
small_SRR7963242,1286,36.29692351114874,5644,3.015,0.102,,,3.015,0.102
small_SRR7963242,1287,36.32514817950889,5644,2.523,0.057,,,2.523,0.057
small_SRR7963242,1288,36.35337284786904,5644,2.985,0.077,,,2.985,0.077
small_SRR7963242,1289,36.381597516229185,5644,3.124,0.071,,,3.124,0.071
small_SRR7963242,1290,36.40982218458933,5644,2.926,0.077,,,2.926,0.077
small_SRR7963242,1291,36.438046852949476,5644,2.609,0.064,,,2.609,0.064
small_SRR7963242,1292,36.46627152130962,5644,2.753,0.07,,,2.753,0.07
small_SRR7963242,1293,36.494496189669775,5644,2.813,0.065,,,2.813,0.065
small_SRR7963242,1294,36.52272085802992,5644,2.694,0.066,,,2.694,0.066
small_SRR7963242,1295,36.550945526390066,5644,3.261,0.076,,,3.261,0.076
small_SRR7963242,1296,36.57917019475021,5644,2.878,0.069,,,2.878,0.069
small_SRR7963242,1297,36.60739486311036,5644,3.062,0.071,,,3.062,0.071
small_SRR7963242,1298,36.6356195314705,5644,2.845,0.077,,,2.845,0.077
small_SRR7963242,1299,36.66384419983065,5644,3.098,0.083,,,3.098,0.083
small_SRR7963242,1300,36.6920688681908,5644,2.709,0.064,,,2.709,0.064
small_SRR7963242,1301,36.72029353655095,5644,3.222,0.079,,,3.222,0.079
small_SRR7963242,1302,36.74851820491109,5644,3.014,0.09,,,3.014,0.09
small_SRR7963242,1303,36.77674287327124,5644,2.818,0.065,,,2.818,0.065
small_SRR7963242,1304,36.804967541631385,5644,2.751,0.068,,,2.751,0.068
small_SRR7963242,1305,36.83319220999153,5644,3.072,0.077,,,3.072,0.077
small_SRR7963242,1306,36.861416878351676,5644,2.988,0.071,,,2.988,0.071
small_SRR7963242,1307,36.88964154671183,5644,3.157,0.071,,,3.157,0.071
small_SRR7963242,1308,36.917866215071975,5644,2.798,0.079,,,2.798,0.079
small_SRR7963242,1309,36.94609088343212,5644,2.954,0.064,,,2.954,0.064
small_SRR7963242,1310,36.974315551792266,5644,2.883,0.071,,,2.883,0.071
small_SRR7963242,1311,37.00254022015241,5644,2.761,0.065,,,2.761,0.065
small_SRR7963242,1312,37.03076488851256,5644,2.9,0.067,,,2.9,0.067
small_SRR7963242,1313,37.05898955687271,5644,2.838,0.068,,,2.838,0.068
small_SRR7963242,1314,37.087214225232856,5644,2.832,0.103,,,2.832,0.103
small_SRR7963242,1315,37.115438893593,5644,2.843,0.068,,,2.843,0.068
small_SRR7963242,1316,37.14366356195315,5644,2.854,0.067,,,2.854,0.067
small_SRR7963242,1317,37.17188823031329,5644,2.971,0.068,,,2.971,0.068
small_SRR7963242,1318,37.20011289867344,5644,2.805,0.067,,,2.805,0.067
small_SRR7963242,1319,37.228337567033584,5644,2.824,0.067,,,2.824,0.067
small_SRR7963242,1320,37.25656223539374,5644,2.864,0.071,,,2.864,0.071
small_SRR7963242,1321,37.28478690375388,5644,2.76,0.068,,,2.76,0.068
small_SRR7963242,1322,37.31301157211403,5644,2.891,0.067,,,2.891,0.067
small_SRR7963242,1323,37.341236240474174,5644,3.234,0.092,,,3.234,0.092
small_SRR7963242,1324,37.36946090883432,5644,2.9,0.067,,,2.9,0.067
small_SRR7963242,1325,37.397685577194466,5644,3.006,0.078,,,3.006,0.078
small_SRR7963242,1326,37.42591024555461,5644,2.923,0.066,,,2.923,0.066
small_SRR7963242,1327,37.454134913914764,5644,2.715,0.07,,,2.715,0.07
small_SRR7963242,1328,37.48235958227491,5644,2.618,0.064,,,2.618,0.064
small_SRR7963242,1329,37.510584250635056,5644,2.525,0.067,,,2.525,0.067
small_SRR7963242,1330,37.5388089189952,5644,2.9,0.072,,,2.9,0.072
small_SRR7963242,1331,37.56703358735535,5644,2.705,0.07,,,2.705,0.07
small_SRR7963242,1332,37.59525825571549,5644,2.879,0.081,,,2.879,0.081
small_SRR7963242,1333,37.623482924075645,5644,2.944,0.072,,,2.944,0.072
small_SRR7963242,1334,37.65170759243579,5644,2.798,0.069,,,2.798,0.069
small_SRR7963242,1335,37.67993226079594,5644,2.876,0.072,,,2.876,0.072
small_SRR7963242,1336,37.70815692915608,5644,2.965,0.068,,,2.965,0.068
small_SRR7963242,1337,37.73638159751623,5644,2.906,0.073,,,2.906,0.073
small_SRR7963242,1338,37.764606265876374,5644,2.987,0.092,,,2.987,0.092
small_SRR7963242,1339,37.79283093423652,5644,2.718,0.077,,,2.718,0.077
small_SRR7963242,1340,37.82105560259667,5644,2.891,0.071,,,2.891,0.071
small_SRR7963242,1341,37.84928027095682,5644,2.953,0.067,,,2.953,0.067
small_SRR7963242,1342,37.877504939316964,5644,2.825,0.073,,,2.825,0.073
small_SRR7963242,1343,37.90572960767711,5644,3.053,0.072,,,3.053,0.072
small_SRR7963242,1344,37.933954276037255,5644,3.027,0.068,,,3.027,0.068
small_SRR7963242,1345,37.9621789443974,5644,2.911,0.069,,,2.911,0.069
small_SRR7963242,1346,37.99040361275755,5644,2.79,0.077,,,2.79,0.077
small_SRR7963242,1347,38.0186282811177,5644,2.834,0.071,,,2.834,0.071
small_SRR7963242,1348,38.046852949477845,5644,2.955,0.07,,,2.955,0.07
small_SRR7963242,1349,38.07507761783799,5644,3.023,0.073,,,3.023,0.073
small_SRR7963242,1350,38.10330228619814,5644,2.976,0.074,,,2.976,0.074
small_SRR7963242,1351,38.13152695455828,5644,3.0,0.073,,,3.0,0.073
small_SRR7963242,1352,38.15975162291843,5644,2.786,0.089,,,2.786,0.089
small_SRR7963242,1353,38.18797629127858,5644,2.908,0.068,,,2.908,0.068
small_SRR7963242,1354,38.216200959638726,5644,2.782,0.071,,,2.782,0.071
small_SRR7963242,1355,38.24442562799887,5644,2.685,0.064,,,2.685,0.064
small_SRR7963242,1356,38.27265029635902,5644,2.676,0.065,,,2.676,0.065
small_SRR7963242,1357,38.30087496471916,5644,2.858,0.068,,,2.858,0.068
small_SRR7963242,1358,38.32909963307931,5644,3.111,0.085,,,3.111,0.085
small_SRR7963242,1359,38.357324301439455,5644,3.2,0.074,,,3.2,0.074
small_SRR7963242,1360,38.38554896979961,5644,2.93,0.073,,,2.93,0.073
small_SRR7963242,1361,38.41377363815975,5644,2.66,0.064,,,2.66,0.064
small_SRR7963242,1362,38.4419983065199,5644,3.033,0.077,,,3.033,0.077
small_SRR7963242,1363,38.470222974880045,5644,3.074,0.079,,,3.074,0.079
small_SRR7963242,1364,38.49844764324019,5644,2.827,0.072,,,2.827,0.072
small_SRR7963242,1365,38.526672311600336,5644,2.958,0.065,,,2.958,0.065
small_SRR7963242,1366,38.55489697996048,5644,2.725,0.064,,,2.725,0.064
small_SRR7963242,1367,38.583121648320635,5644,2.823,0.079,,,2.823,0.079
small_SRR7963242,1368,38.61134631668078,5644,2.587,0.063,,,2.587,0.063
small_SRR7963242,1369,38.639570985040926,5644,3.019,0.082,,,3.019,0.082
small_SRR7963242,1370,38.66779565340107,5644,2.875,0.07,,,2.875,0.07
small_SRR7963242,1371,38.69602032176122,5644,2.965,0.081,,,2.965,0.081
small_SRR7963242,1372,38.72424499012136,5644,3.025,0.106,,,3.025,0.106
small_SRR7963242,1373,38.752469658481516,5644,2.773,0.082,,,2.773,0.082
small_SRR7963242,1374,38.78069432684166,5644,2.984,0.076,,,2.984,0.076
small_SRR7963242,1375,38.80891899520181,5644,2.742,0.062,,,2.742,0.062
small_SRR7963242,1376,38.83714366356195,5644,3.008,0.09,,,3.008,0.09
small_SRR7963242,1377,38.8653683319221,5644,2.893,0.068,,,2.893,0.068
small_SRR7963242,1378,38.893593000282245,5644,2.996,0.075,,,2.996,0.075
small_SRR7963242,1379,38.92181766864239,5644,3.0,0.073,,,3.0,0.073
small_SRR7963242,1380,38.95004233700254,5644,2.905,0.074,,,2.905,0.074
small_SRR7963242,1381,38.97826700536269,5644,2.853,0.069,,,2.853,0.069
small_SRR7963242,1382,39.006491673722834,5644,2.854,0.068,,,2.854,0.068
small_SRR7963242,1383,39.03471634208298,5644,2.675,0.063,,,2.675,0.063
small_SRR7963242,1384,39.062941010443126,5644,2.694,0.076,,,2.694,0.076
small_SRR7963242,1385,39.09116567880327,5644,2.975,0.073,,,2.975,0.073
small_SRR7963242,1386,39.119390347163424,5644,3.014,0.069,,,3.014,0.069
small_SRR7963242,1387,39.14761501552357,5644,2.62,0.057,,,2.62,0.057
small_SRR7963242,1388,39.175839683883716,5644,3.049,0.073,,,3.049,0.073
small_SRR7963242,1389,39.20406435224386,5644,3.211,0.079,,,3.211,0.079
small_SRR7963242,1390,39.23228902060401,5644,3.041,0.068,,,3.041,0.068
small_SRR7963242,1391,39.26051368896415,5644,3.086,0.094,,,3.086,0.094
small_SRR7963242,1392,39.2887383573243,5644,2.911,0.068,,,2.911,0.068
small_SRR7963242,1393,39.31696302568445,5644,3.043,0.079,,,3.043,0.079
small_SRR7963242,1394,39.3451876940446,5644,2.969,0.071,,,2.969,0.071
small_SRR7963242,1395,39.37341236240474,5644,2.952,0.074,,,2.952,0.074
small_SRR7963242,1396,39.40163703076489,5644,3.008,0.072,,,3.008,0.072
small_SRR7963242,1397,39.429861699125034,5644,2.684,0.076,,,2.684,0.076
small_SRR7963242,1398,39.45808636748518,5644,2.958,0.071,,,2.958,0.071
small_SRR7963242,1399,39.486311035845326,5644,2.707,0.071,,,2.707,0.071
small_SRR7963242,1400,39.51453570420548,5644,2.881,0.075,,,2.881,0.075
small_SRR7963242,1401,39.542760372565624,5644,2.814,0.06,,,2.814,0.06
small_SRR7963242,1402,39.57098504092577,5644,2.993,0.08,,,2.993,0.08
small_SRR7963242,1403,39.599209709285915,5644,2.898,0.065,,,2.898,0.065
small_SRR7963242,1404,39.62743437764606,5644,2.931,0.083,,,2.931,0.083
small_SRR7963242,1405,39.65565904600621,5644,3.125,0.079,,,3.125,0.079
small_SRR7963242,1406,39.68388371436636,5644,2.955,0.069,,,2.955,0.069
small_SRR7963242,1407,39.712108382726505,5644,2.941,0.079,,,2.941,0.079
small_SRR7963242,1408,39.74033305108665,5644,3.075,0.076,,,3.075,0.076
small_SRR7963242,1409,39.7685577194468,5644,2.882,0.075,,,2.882,0.075
small_SRR7963242,1410,39.79678238780694,5644,2.953,0.069,,,2.953,0.069
small_SRR7963242,1411,39.82500705616709,5644,2.671,0.069,,,2.671,0.069
small_SRR7963242,1412,39.853231724527234,5644,2.981,0.072,,,2.981,0.072
small_SRR7963242,1413,39.88145639288739,5644,2.774,0.065,,,2.774,0.065
small_SRR7963242,1414,39.90968106124753,5644,3.089,0.079,,,3.089,0.079
small_SRR7963242,1415,39.93790572960768,5644,2.839,0.072,,,2.839,0.072
small_SRR7963242,1416,39.966130397967824,5644,3.173,0.077,,,3.173,0.077
small_SRR7963242,1417,39.99435506632797,5644,2.789,0.069,,,2.789,0.069
small_SRR7963242,1418,40.022579734688115,5644,3.247,0.089,,,3.247,0.089
small_SRR7963242,1419,40.05080440304826,5644,2.846,0.078,,,2.846,0.078
small_SRR7963242,1420,40.079029071408414,5644,2.842,0.068,,,2.842,0.068
small_SRR7963242,1421,40.10725373976856,5644,2.69,0.07,,,2.69,0.07
small_SRR7963242,1422,40.135478408128705,5644,3.055,0.086,,,3.055,0.086
small_SRR7963242,1423,40.16370307648885,5644,3.187,0.076,,,3.187,0.076
small_SRR7963242,1424,40.191927744848996,5644,2.858,0.067,,,2.858,0.067
small_SRR7963242,1425,40.22015241320914,5644,2.877,0.072,,,2.877,0.072
small_SRR7963242,1426,40.248377081569295,5644,2.785,0.08,,,2.785,0.08
small_SRR7963242,1427,40.27660174992944,5644,3.067,0.067,,,3.067,0.067
small_SRR7963242,1428,40.304826418289586,5644,2.959,0.066,,,2.959,0.066
small_SRR7963242,1429,40.33305108664973,5644,2.596,0.056,,,2.596,0.056
small_SRR7963242,1430,40.36127575500988,5644,2.904,0.067,,,2.904,0.067
small_SRR7963242,1431,40.38950042337002,5644,2.749,0.069,,,2.749,0.069
small_SRR7963242,1432,40.41772509173017,5644,3.309,0.085,,,3.309,0.085
small_SRR7963242,1433,40.44594976009032,5644,2.668,0.059,,,2.668,0.059
small_SRR7963242,1434,40.47417442845047,5644,3.001,0.074,,,3.001,0.074
small_SRR7963242,1435,40.50239909681061,5644,2.731,0.076,,,2.731,0.076
small_SRR7963242,1436,40.53062376517076,5644,2.853,0.069,,,2.853,0.069
small_SRR7963242,1437,40.558848433530905,5644,3.047,0.077,,,3.047,0.077
small_SRR7963242,1438,40.58707310189105,5644,2.804,0.062,,,2.804,0.062
small_SRR7963242,1439,40.615297770251196,5644,2.786,0.08,,,2.786,0.08
small_SRR7963242,1440,40.64352243861135,5644,2.864,0.081,,,2.864,0.081
small_SRR7963242,1441,40.671747106971495,5644,2.764,0.062,,,2.764,0.062
small_SRR7963242,1442,40.69997177533164,5644,3.074,0.073,,,3.074,0.073
small_SRR7963242,1443,40.728196443691786,5644,2.807,0.074,,,2.807,0.074
small_SRR7963242,1444,40.75642111205193,5644,3.13,0.073,,,3.13,0.073
small_SRR7963242,1445,40.78464578041208,5644,2.863,0.067,,,2.863,0.067
small_SRR7963242,1446,40.81287044877223,5644,2.86,0.065,,,2.86,0.065
small_SRR7963242,1447,40.841095117132376,5644,3.182,0.075,,,3.182,0.075
small_SRR7963242,1448,40.86931978549252,5644,2.877,0.07,,,2.877,0.07
small_SRR7963242,1449,40.89754445385267,5644,3.08,0.081,,,3.08,0.081
small_SRR7963242,1450,40.92576912221281,5644,2.778,0.071,,,2.778,0.071
small_SRR7963242,1451,40.95399379057296,5644,2.944,0.083,,,2.944,0.083
small_SRR7963242,1452,40.982218458933104,5644,3.139,0.07,,,3.139,0.07
small_SRR7963242,1453,41.01044312729326,5644,2.926,0.087,,,2.926,0.087
small_SRR7963242,1454,41.0386677956534,5644,2.979,0.08,,,2.979,0.08
small_SRR7963242,1455,41.06689246401355,5644,3.178,0.075,,,3.178,0.075
small_SRR7963242,1456,41.095117132373694,5644,2.952,0.07,,,2.952,0.07
small_SRR7963242,1457,41.12334180073384,5644,2.651,0.062,,,2.651,0.062
small_SRR7963242,1458,41.151566469093986,5644,2.832,0.063,,,2.832,0.063
small_SRR7963242,1459,41.17979113745413,5644,2.705,0.071,,,2.705,0.071
small_SRR7963242,1460,41.208015805814284,5644,3.019,0.08,,,3.019,0.08
small_SRR7963242,1461,41.23624047417443,5644,3.122,0.07,,,3.122,0.07
small_SRR7963242,1462,41.264465142534576,5644,3.062,0.081,,,3.062,0.081
small_SRR7963242,1463,41.29268981089472,5644,2.993,0.07,,,2.993,0.07
small_SRR7963242,1464,41.32091447925487,5644,2.635,0.077,,,2.635,0.077
small_SRR7963242,1465,41.34913914761501,5644,2.908,0.067,,,2.908,0.067
small_SRR7963242,1466,41.377363815975166,5644,2.883,0.082,,,2.883,0.082
small_SRR7963242,1467,41.40558848433531,5644,2.781,0.071,,,2.781,0.071
small_SRR7963242,1468,41.43381315269546,5644,2.903,0.08,,,2.903,0.08
small_SRR7963242,1469,41.4620378210556,5644,2.922,0.066,,,2.922,0.066
small_SRR7963242,1470,41.49026248941575,5644,2.799,0.068,,,2.799,0.068
small_SRR7963242,1471,41.518487157775894,5644,3.043,0.068,,,3.043,0.068
small_SRR7963242,1472,41.54671182613604,5644,2.957,0.067,,,2.957,0.067
small_SRR7963242,1473,41.57493649449619,5644,2.598,0.072,,,2.598,0.072
small_SRR7963242,1474,41.60316116285634,5644,2.783,0.07,,,2.783,0.07
small_SRR7963242,1475,41.631385831216484,5644,2.996,0.07,,,2.996,0.07
small_SRR7963242,1476,41.65961049957663,5644,2.916,0.084,,,2.916,0.084
small_SRR7963242,1477,41.687835167936775,5644,2.74,0.065,,,2.74,0.065
small_SRR7963242,1478,41.71605983629692,5644,2.963,0.071,,,2.963,0.071
small_SRR7963242,1479,41.74428450465707,5644,2.919,0.077,,,2.919,0.077
small_SRR7963242,1480,41.77250917301722,5644,3.036,0.073,,,3.036,0.073
small_SRR7963242,1481,41.800733841377365,5644,2.824,0.07,,,2.824,0.07
small_SRR7963242,1482,41.82895850973751,5644,2.758,0.063,,,2.758,0.063
small_SRR7963242,1483,41.85718317809766,5644,2.788,0.071,,,2.788,0.071
small_SRR7963242,1484,41.8854078464578,5644,3.108,0.074,,,3.108,0.074
small_SRR7963242,1485,41.91363251481795,5644,2.691,0.07,,,2.691,0.07
small_SRR7963242,1486,41.9418571831781,5644,3.204,0.078,,,3.204,0.078
small_SRR7963242,1487,41.97008185153825,5644,2.931,0.082,,,2.931,0.082
small_SRR7963242,1488,41.99830651989839,5644,2.772,0.073,,,2.772,0.073
small_SRR7963242,1489,42.02653118825854,5644,2.957,0.071,,,2.957,0.071
small_SRR7963242,1490,42.054755856618684,5644,2.744,0.067,,,2.744,0.067
small_SRR7963242,1491,42.08298052497883,5644,3.079,0.088,,,3.079,0.088
small_SRR7963242,1492,42.111205193338975,5644,2.97,0.069,,,2.97,0.069
small_SRR7963242,1493,42.13942986169913,5644,2.778,0.074,,,2.778,0.074
small_SRR7963242,1494,42.167654530059274,5644,2.78,0.072,,,2.78,0.072
small_SRR7963242,1495,42.19587919841942,5644,3.117,0.075,,,3.117,0.075
small_SRR7963242,1496,42.224103866779565,5644,2.731,0.065,,,2.731,0.065
small_SRR7963242,1497,42.25232853513971,5644,2.745,0.072,,,2.745,0.072
small_SRR7963242,1498,42.280553203499856,5644,2.822,0.067,,,2.822,0.067
small_SRR7963242,1499,42.30877787186001,5644,3.0,0.069,,,3.0,0.069
small_SRR7963242,1500,42.337002540220155,5644,2.783,0.078,,,2.783,0.078
small_SRR7963242,1501,42.3652272085803,5644,2.54,0.068,,,2.54,0.068
small_SRR7963242,1502,42.393451876940446,5644,2.876,0.083,,,2.876,0.083
small_SRR7963242,1503,42.42167654530059,5644,2.597,0.063,,,2.597,0.063
small_SRR7963242,1504,42.44990121366074,5644,2.724,0.068,,,2.724,0.068
small_SRR7963242,1505,42.47812588202088,5644,2.881,0.09,,,2.881,0.09
small_SRR7963242,1506,42.506350550381036,5644,2.67,0.059,,,2.67,0.059
small_SRR7963242,1507,42.53457521874118,5644,3.067,0.072,,,3.067,0.072
small_SRR7963242,1508,42.56279988710133,5644,3.038,0.103,,,3.038,0.103
small_SRR7963242,1509,42.59102455546147,5644,3.03,0.075,,,3.03,0.075
small_SRR7963242,1510,42.61924922382162,5644,2.991,0.076,,,2.991,0.076
small_SRR7963242,1511,42.647473892181765,5644,2.697,0.069,,,2.697,0.069
small_SRR7963242,1512,42.67569856054191,5644,3.056,0.082,,,3.056,0.082
small_SRR7963242,1513,42.70392322890206,5644,2.773,0.07,,,2.773,0.07
small_SRR7963242,1514,42.73214789726221,5644,2.932,0.071,,,2.932,0.071
small_SRR7963242,1515,42.760372565622355,5644,2.781,0.08,,,2.781,0.08
small_SRR7963242,1516,42.7885972339825,5644,3.025,0.07,,,3.025,0.07
small_SRR7963242,1517,42.816821902342646,5644,2.831,0.061,,,2.831,0.061
small_SRR7963242,1518,42.84504657070279,5644,2.88,0.069,,,2.88,0.069
small_SRR7963242,1519,42.873271239062944,5644,2.983,0.083,,,2.983,0.083
small_SRR7963242,1520,42.90149590742309,5644,2.986,0.077,,,2.986,0.077
small_SRR7963242,1521,42.929720575783236,5644,3.223,0.085,,,3.223,0.085
small_SRR7963242,1522,42.95794524414338,5644,2.709,0.076,,,2.709,0.076
small_SRR7963242,1523,42.98616991250353,5644,2.689,0.072,,,2.689,0.072
small_SRR7963242,1524,43.01439458086367,5644,2.899,0.069,,,2.899,0.069
small_SRR7963242,1525,43.04261924922382,5644,2.988,0.063,,,2.988,0.063
small_SRR7963242,1526,43.07084391758397,5644,2.956,0.07,,,2.956,0.07
small_SRR7963242,1527,43.09906858594412,5644,2.783,0.066,,,2.783,0.066
small_SRR7963242,1528,43.12729325430426,5644,2.835,0.069,,,2.835,0.069
small_SRR7963242,1529,43.15551792266441,5644,2.904,0.064,,,2.904,0.064
small_SRR7963242,1530,43.183742591024554,5644,3.005,0.075,,,3.005,0.075
small_SRR7963242,1531,43.2119672593847,5644,2.743,0.081,,,2.743,0.081
small_SRR7963242,1532,43.240191927744846,5644,3.004,0.081,,,3.004,0.081
small_SRR7963242,1533,43.268416596105,5644,2.766,0.077,,,2.766,0.077
small_SRR7963242,1534,43.296641264465144,5644,2.761,0.078,,,2.761,0.078
small_SRR7963242,1535,43.32486593282529,5644,2.948,0.07,,,2.948,0.07
small_SRR7963242,1536,43.353090601185436,5644,2.865,0.07,,,2.865,0.07
small_SRR7963242,1537,43.38131526954558,5644,2.93,0.08,,,2.93,0.08
small_SRR7963242,1538,43.40953993790573,5644,2.775,0.078,,,2.775,0.078
small_SRR7963242,1539,43.43776460626588,5644,2.876,0.076,,,2.876,0.076
small_SRR7963242,1540,43.465989274626025,5644,2.561,0.064,,,2.561,0.064
small_SRR7963242,1541,43.49421394298617,5644,3.081,0.067,,,3.081,0.067
small_SRR7963242,1542,43.52243861134632,5644,2.834,0.064,,,2.834,0.064
small_SRR7963242,1543,43.55066327970646,5644,2.66,0.071,,,2.66,0.071
small_SRR7963242,1544,43.57888794806661,5644,2.86,0.074,,,2.86,0.074
small_SRR7963242,1545,43.607112616426754,5644,2.541,0.063,,,2.541,0.063
small_SRR7963242,1546,43.63533728478691,5644,2.618,0.075,,,2.618,0.075
small_SRR7963242,1547,43.66356195314705,5644,3.013,0.081,,,3.013,0.081
small_SRR7963242,1548,43.6917866215072,5644,2.717,0.07,,,2.717,0.07
small_SRR7963242,1549,43.720011289867344,5644,2.916,0.072,,,2.916,0.072
small_SRR7963242,1550,43.74823595822749,5644,2.854,0.074,,,2.854,0.074
small_SRR7963242,1551,43.776460626587635,5644,2.721,0.075,,,2.721,0.075
small_SRR7963242,1552,43.80468529494778,5644,2.638,0.061,,,2.638,0.061
small_SRR7963242,1553,43.832909963307934,5644,2.832,0.075,,,2.832,0.075
small_SRR7963242,1554,43.86113463166808,5644,2.765,0.063,,,2.765,0.063
small_SRR7963242,1555,43.889359300028225,5644,2.84,0.069,,,2.84,0.069
small_SRR7963242,1556,43.91758396838837,5644,2.874,0.068,,,2.874,0.068
small_SRR7963242,1557,43.94580863674852,5644,2.889,0.066,,,2.889,0.066
small_SRR7963242,1558,43.97403330510866,5644,2.931,0.08,,,2.931,0.08
small_SRR7963242,1559,44.002257973468815,5644,2.781,0.073,,,2.781,0.073
small_SRR7963242,1560,44.03048264182896,5644,2.754,0.063,,,2.754,0.063
small_SRR7963242,1561,44.05870731018911,5644,2.948,0.074,,,2.948,0.074
small_SRR7963242,1562,44.08693197854925,5644,2.919,0.075,,,2.919,0.075
small_SRR7963242,1563,44.1151566469094,5644,3.119,0.076,,,3.119,0.076
small_SRR7963242,1564,44.143381315269544,5644,3.033,0.083,,,3.033,0.083
small_SRR7963242,1565,44.17160598362969,5644,2.772,0.066,,,2.772,0.066
small_SRR7963242,1566,44.19983065198984,5644,2.975,0.069,,,2.975,0.069
small_SRR7963242,1567,44.22805532034999,5644,2.801,0.065,,,2.801,0.065
small_SRR7963242,1568,44.25627998871013,5644,2.754,0.069,,,2.754,0.069
small_SRR7963242,1569,44.28450465707028,5644,2.617,0.063,,,2.617,0.063
small_SRR7963242,1570,44.312729325430425,5644,3.037,0.069,,,3.037,0.069
small_SRR7963242,1571,44.34095399379057,5644,2.64,0.071,,,2.64,0.071
small_SRR7963242,1572,44.369178662150716,5644,3.181,0.071,,,3.181,0.071
small_SRR7963242,1573,44.39740333051087,5644,2.789,0.076,,,2.789,0.076
small_SRR7963242,1574,44.425627998871015,5644,2.901,0.067,,,2.901,0.067
small_SRR7963242,1575,44.45385266723116,5644,3.013,0.074,,,3.013,0.074
small_SRR7963242,1576,44.482077335591306,5644,2.9,0.084,,,2.9,0.084
small_SRR7963242,1577,44.51030200395145,5644,2.861,0.077,,,2.861,0.077
small_SRR7963242,1578,44.5385266723116,5644,2.973,0.081,,,2.973,0.081
small_SRR7963242,1579,44.56675134067175,5644,2.687,0.067,,,2.687,0.067
small_SRR7963242,1580,44.594976009031896,5644,2.915,0.072,,,2.915,0.072
small_SRR7963242,1581,44.62320067739204,5644,2.868,0.071,,,2.868,0.071
small_SRR7963242,1582,44.65142534575219,5644,2.728,0.067,,,2.728,0.067
small_SRR7963242,1583,44.67965001411233,5644,2.61,0.066,,,2.61,0.066
small_SRR7963242,1584,44.70787468247248,5644,2.758,0.063,,,2.758,0.063
small_SRR7963242,1585,44.736099350832625,5644,3.167,0.093,,,3.167,0.093
small_SRR7963242,1586,44.76432401919278,5644,2.728,0.065,,,2.728,0.065
small_SRR7963242,1587,44.79254868755292,5644,2.894,0.074,,,2.894,0.074
small_SRR7963242,1588,44.82077335591307,5644,3.093,0.072,,,3.093,0.072
small_SRR7963242,1589,44.848998024273214,5644,3.229,0.096,,,3.229,0.096
small_SRR7963242,1590,44.87722269263336,5644,2.786,0.08,,,2.786,0.08
small_SRR7963242,1591,44.905447360993506,5644,2.586,0.06,,,2.586,0.06
small_SRR7963242,1592,44.93367202935365,5644,2.754,0.078,,,2.754,0.078
small_SRR7963242,1593,44.961896697713804,5644,2.66,0.069,,,2.66,0.069
small_SRR7963242,1594,44.99012136607395,5644,3.035,0.071,,,3.035,0.071
small_SRR7963242,1595,45.018346034434096,5644,2.844,0.073,,,2.844,0.073
small_SRR7963242,1596,45.04657070279424,5644,2.513,0.073,,,2.513,0.073
small_SRR7963242,1597,45.07479537115439,5644,2.685,0.063,,,2.685,0.063
small_SRR7963242,1598,45.10302003951453,5644,2.656,0.064,,,2.656,0.064
small_SRR7963242,1599,45.131244707874686,5644,2.726,0.065,,,2.726,0.065
small_SRR7963242,1600,45.15946937623483,5644,2.622,0.061,,,2.622,0.061
small_SRR7963242,1601,45.18769404459498,5644,3.019,0.078,,,3.019,0.078
small_SRR7963242,1602,45.21591871295512,5644,2.896,0.085,,,2.896,0.085
small_SRR7963242,1603,45.24414338131527,5644,2.875,0.071,,,2.875,0.071
small_SRR7963242,1604,45.272368049675414,5644,3.003,0.075,,,3.003,0.075
small_SRR7963242,1605,45.30059271803556,5644,2.913,0.069,,,2.913,0.069
small_SRR7963242,1606,45.32881738639571,5644,2.921,0.085,,,2.921,0.085
small_SRR7963242,1607,45.35704205475586,5644,2.896,0.073,,,2.896,0.073
small_SRR7963242,1608,45.385266723116004,5644,3.097,0.077,,,3.097,0.077
small_SRR7963242,1609,45.41349139147615,5644,3.0,0.074,,,3.0,0.074
small_SRR7963242,1610,45.441716059836295,5644,2.704,0.074,,,2.704,0.074
small_SRR7963242,1611,45.46994072819644,5644,2.957,0.071,,,2.957,0.071
small_SRR7963242,1612,45.498165396556594,5644,2.706,0.076,,,2.706,0.076
small_SRR7963242,1613,45.52639006491674,5644,2.763,0.069,,,2.763,0.069
small_SRR7963242,1614,45.554614733276885,5644,3.225,0.085,,,3.225,0.085
small_SRR7963242,1615,45.58283940163703,5644,3.112,0.073,,,3.112,0.073
small_SRR7963242,1616,45.61106406999718,5644,3.059,0.078,,,3.059,0.078
small_SRR7963242,1617,45.63928873835732,5644,2.894,0.067,,,2.894,0.067
small_SRR7963242,1618,45.66751340671747,5644,2.985,0.076,,,2.985,0.076
small_SRR7963242,1619,45.69573807507762,5644,2.718,0.075,,,2.718,0.075
small_SRR7963242,1620,45.72396274343777,5644,2.945,0.091,,,2.945,0.091
small_SRR7963242,1621,45.75218741179791,5644,2.999,0.072,,,2.999,0.072
small_SRR7963242,1622,45.78041208015806,5644,2.759,0.079,,,2.759,0.079
small_SRR7963242,1623,45.808636748518204,5644,2.953,0.073,,,2.953,0.073
small_SRR7963242,1624,45.83686141687835,5644,2.524,0.059,,,2.524,0.059
small_SRR7963242,1625,45.865086085238495,5644,2.762,0.075,,,2.762,0.075
small_SRR7963242,1626,45.89331075359865,5644,2.753,0.074,,,2.753,0.074
small_SRR7963242,1627,45.921535421958794,5644,2.948,0.078,,,2.948,0.078
small_SRR7963242,1628,45.94976009031894,5644,2.831,0.069,,,2.831,0.069
small_SRR7963242,1629,45.977984758679085,5644,2.682,0.07,,,2.682,0.07
small_SRR7963242,1630,46.00620942703923,5644,2.929,0.068,,,2.929,0.068
small_SRR7963242,1631,46.03443409539938,5644,2.808,0.081,,,2.808,0.081
small_SRR7963242,1632,46.06265876375953,5644,3.077,0.078,,,3.077,0.078
small_SRR7963242,1633,46.090883432119675,5644,2.813,0.067,,,2.813,0.067
small_SRR7963242,1634,46.11910810047982,5644,2.657,0.065,,,2.657,0.065
small_SRR7963242,1635,46.147332768839966,5644,2.838,0.073,,,2.838,0.073
small_SRR7963242,1636,46.17555743720011,5644,2.784,0.068,,,2.784,0.068
small_SRR7963242,1637,46.20378210556026,5644,3.142,0.075,,,3.142,0.075
small_SRR7963242,1638,46.2320067739204,5644,2.941,0.068,,,2.941,0.068
small_SRR7963242,1639,46.260231442280556,5644,3.227,0.083,,,3.227,0.083
small_SRR7963242,1640,46.2884561106407,5644,2.939,0.065,,,2.939,0.065
small_SRR7963242,1641,46.31668077900085,5644,2.85,0.069,,,2.85,0.069
small_SRR7963242,1642,46.34490544736099,5644,2.975,0.076,,,2.975,0.076
small_SRR7963242,1643,46.37313011572114,5644,2.62,0.068,,,2.62,0.068
small_SRR7963242,1644,46.401354784081285,5644,3.01,0.081,,,3.01,0.081
small_SRR7963242,1645,46.42957945244143,5644,3.018,0.076,,,3.018,0.076
small_SRR7963242,1646,46.45780412080158,5644,2.724,0.07,,,2.724,0.07
small_SRR7963242,1647,46.48602878916173,5644,2.894,0.078,,,2.894,0.078
small_SRR7963242,1648,46.514253457521875,5644,2.905,0.072,,,2.905,0.072
small_SRR7963242,1649,46.54247812588202,5644,2.929,0.094,,,2.929,0.094
small_SRR7963242,1650,46.570702794242166,5644,3.041,0.068,,,3.041,0.068
small_SRR7963242,1651,46.59892746260231,5644,2.974,0.066,,,2.974,0.066
small_SRR7963242,1652,46.627152130962465,5644,2.8,0.067,,,2.8,0.067
small_SRR7963242,1653,46.65537679932261,5644,2.723,0.074,,,2.723,0.074
small_SRR7963242,1654,46.683601467682756,5644,3.239,0.076,,,3.239,0.076
small_SRR7963242,1655,46.7118261360429,5644,2.914,0.067,,,2.914,0.067
small_SRR7963242,1656,46.74005080440305,5644,3.045,0.084,,,3.045,0.084
small_SRR7963242,1657,46.76827547276319,5644,2.85,0.073,,,2.85,0.073
small_SRR7963242,1658,46.79650014112334,5644,2.794,0.076,,,2.794,0.076
small_SRR7963242,1659,46.82472480948349,5644,2.633,0.062,,,2.633,0.062
small_SRR7963242,1660,46.85294947784364,5644,2.676,0.063,,,2.676,0.063
small_SRR7963242,1661,46.88117414620378,5644,2.918,0.082,,,2.918,0.082
small_SRR7963242,1662,46.90939881456393,5644,2.626,0.061,,,2.626,0.061
small_SRR7963242,1663,46.937623482924074,5644,2.846,0.09,,,2.846,0.09
small_SRR7963242,1664,46.96584815128422,5644,2.682,0.064,,,2.682,0.064
small_SRR7963242,1665,46.994072819644366,5644,3.023,0.069,,,3.023,0.069
small_SRR7963242,1666,47.02229748800452,5644,2.899,0.083,,,2.899,0.083
small_SRR7963242,1667,47.050522156364664,5644,2.927,0.071,,,2.927,0.071
small_SRR7963242,1668,47.07874682472481,5644,2.86,0.071,,,2.86,0.071
small_SRR7963242,1669,47.106971493084956,5644,3.051,0.069,,,3.051,0.069
small_SRR7963242,1670,47.1351961614451,5644,2.847,0.063,,,2.847,0.063
small_SRR7963242,1671,47.16342082980525,5644,2.699,0.065,,,2.699,0.065
small_SRR7963242,1672,47.1916454981654,5644,2.955,0.081,,,2.955,0.081
small_SRR7963242,1673,47.219870166525546,5644,2.778,0.066,,,2.778,0.066
small_SRR7963242,1674,47.24809483488569,5644,3.053,0.075,,,3.053,0.075
small_SRR7963242,1675,47.27631950324584,5644,3.068,0.078,,,3.068,0.078
small_SRR7963242,1676,47.30454417160598,5644,2.768,0.067,,,2.768,0.067
small_SRR7963242,1677,47.33276883996613,5644,2.671,0.071,,,2.671,0.071
small_SRR7963242,1678,47.360993508326274,5644,3.021,0.078,,,3.021,0.078
small_SRR7963242,1679,47.38921817668643,5644,3.198,0.086,,,3.198,0.086
small_SRR7963242,1680,47.41744284504657,5644,2.908,0.068,,,2.908,0.068
small_SRR7963242,1681,47.44566751340672,5644,3.015,0.077,,,3.015,0.077
small_SRR7963242,1682,47.473892181766864,5644,2.983,0.07,,,2.983,0.07
small_SRR7963242,1683,47.50211685012701,5644,2.581,0.075,,,2.581,0.075
small_SRR7963242,1684,47.530341518487155,5644,2.665,0.067,,,2.665,0.067
small_SRR7963242,1685,47.5585661868473,5644,2.755,0.072,,,2.755,0.072
small_SRR7963242,1686,47.586790855207454,5644,3.015,0.074,,,3.015,0.074
small_SRR7963242,1687,47.6150155235676,5644,2.856,0.077,,,2.856,0.077
small_SRR7963242,1688,47.643240191927745,5644,2.985,0.073,,,2.985,0.073
small_SRR7963242,1689,47.67146486028789,5644,2.927,0.079,,,2.927,0.079
small_SRR7963242,1690,47.69968952864804,5644,2.892,0.082,,,2.892,0.082
small_SRR7963242,1691,47.72791419700818,5644,2.946,0.075,,,2.946,0.075
small_SRR7963242,1692,47.756138865368335,5644,2.82,0.064,,,2.82,0.064
small_SRR7963242,1693,47.78436353372848,5644,2.851,0.08,,,2.851,0.08
small_SRR7963242,1694,47.81258820208863,5644,2.712,0.066,,,2.712,0.066
small_SRR7963242,1695,47.84081287044877,5644,2.754,0.07,,,2.754,0.07
small_SRR7963242,1696,47.86903753880892,5644,2.532,0.059,,,2.532,0.059
small_SRR7963242,1697,47.897262207169064,5644,2.99,0.079,,,2.99,0.079
small_SRR7963242,1698,47.92548687552921,5644,2.778,0.067,,,2.778,0.067
small_SRR7963242,1699,47.95371154388936,5644,3.158,0.07,,,3.158,0.07
small_SRR7963242,1700,47.98193621224951,5644,2.976,0.08,,,2.976,0.08
small_SRR7963242,1701,48.010160880609654,5644,3.018,0.081,,,3.018,0.081
small_SRR7963242,1702,48.0383855489698,5644,2.936,0.089,,,2.936,0.089
small_SRR7963242,1703,48.066610217329945,5644,2.87,0.072,,,2.87,0.072
small_SRR7963242,1704,48.09483488569009,5644,2.901,0.064,,,2.901,0.064
small_SRR7963242,1705,48.123059554050236,5644,3.284,0.082,,,3.284,0.082
small_SRR7963242,1706,48.15128422241039,5644,2.974,0.08,,,2.974,0.08
small_SRR7963242,1707,48.179508890770535,5644,2.939,0.079,,,2.939,0.079
small_SRR7963242,1708,48.20773355913068,5644,2.782,0.091,,,2.782,0.091
small_SRR7963242,1709,48.235958227490826,5644,2.87,0.068,,,2.87,0.068
small_SRR7963242,1710,48.26418289585097,5644,2.89,0.068,,,2.89,0.068
small_SRR7963242,1711,48.29240756421112,5644,2.728,0.075,,,2.728,0.075
small_SRR7963242,1712,48.32063223257127,5644,2.817,0.077,,,2.817,0.077
small_SRR7963242,1713,48.348856900931416,5644,2.93,0.071,,,2.93,0.071
small_SRR7963242,1714,48.37708156929156,5644,2.9,0.074,,,2.9,0.074
small_SRR7963242,1715,48.40530623765171,5644,2.835,0.068,,,2.835,0.068
small_SRR7963242,1716,48.43353090601185,5644,3.097,0.089,,,3.097,0.089
small_SRR7963242,1717,48.461755574372,5644,2.755,0.069,,,2.755,0.069
small_SRR7963242,1718,48.489980242732145,5644,2.783,0.065,,,2.783,0.065
small_SRR7963242,1719,48.5182049110923,5644,2.855,0.071,,,2.855,0.071
small_SRR7963242,1720,48.54642957945244,5644,2.593,0.063,,,2.593,0.063
small_SRR7963242,1721,48.57465424781259,5644,2.762,0.066,,,2.762,0.066
small_SRR7963242,1722,48.602878916172735,5644,3.015,0.067,,,3.015,0.067
small_SRR7963242,1723,48.63110358453288,5644,3.201,0.079,,,3.201,0.079
small_SRR7963242,1724,48.659328252893026,5644,2.673,0.066,,,2.673,0.066
small_SRR7963242,1725,48.68755292125318,5644,2.967,0.077,,,2.967,0.077
small_SRR7963242,1726,48.715777589613324,5644,2.879,0.068,,,2.879,0.068
small_SRR7963242,1727,48.74400225797347,5644,2.853,0.076,,,2.853,0.076
small_SRR7963242,1728,48.772226926333616,5644,3.006,0.078,,,3.006,0.078
small_SRR7963242,1729,48.80045159469376,5644,3.125,0.069,,,3.125,0.069
small_SRR7963242,1730,48.82867626305391,5644,2.872,0.074,,,2.872,0.074
small_SRR7963242,1731,48.85690093141405,5644,3.09,0.067,,,3.09,0.067
small_SRR7963242,1732,48.885125599774206,5644,3.07,0.087,,,3.07,0.087
small_SRR7963242,1733,48.91335026813435,5644,2.883,0.075,,,2.883,0.075
small_SRR7963242,1734,48.9415749364945,5644,2.963,0.069,,,2.963,0.069
small_SRR7963242,1735,48.96979960485464,5644,3.148,0.098,,,3.148,0.098
small_SRR7963242,1736,48.99802427321479,5644,2.929,0.07,,,2.929,0.07
small_SRR7963242,1737,49.026248941574934,5644,2.968,0.07,,,2.968,0.07
small_SRR7963242,1738,49.05447360993508,5644,2.899,0.082,,,2.899,0.082
small_SRR7963242,1739,49.08269827829523,5644,2.571,0.061,,,2.571,0.061
small_SRR7963242,1740,49.11092294665538,5644,2.934,0.073,,,2.934,0.073
small_SRR7963242,1741,49.139147615015524,5644,3.122,0.075,,,3.122,0.075
small_SRR7963242,1742,49.16737228337567,5644,2.816,0.064,,,2.816,0.064
small_SRR7963242,1743,49.195596951735816,5644,2.758,0.064,,,2.758,0.064
small_SRR7963242,1744,49.22382162009596,5644,2.672,0.063,,,2.672,0.063
small_SRR7963242,1745,49.252046288456114,5644,2.958,0.072,,,2.958,0.072
small_SRR7963242,1746,49.28027095681626,5644,2.942,0.072,,,2.942,0.072
small_SRR7963242,1747,49.308495625176405,5644,3.046,0.08,,,3.046,0.08
small_SRR7963242,1748,49.33672029353655,5644,2.623,0.067,,,2.623,0.067
small_SRR7963242,1749,49.3649449618967,5644,3.011,0.071,,,3.011,0.071
small_SRR7963242,1750,49.39316963025684,5644,3.031,0.077,,,3.031,0.077
small_SRR7963242,1751,49.42139429861699,5644,2.883,0.077,,,2.883,0.077
small_SRR7963242,1752,49.44961896697714,5644,2.733,0.065,,,2.733,0.065
small_SRR7963242,1753,49.47784363533729,5644,2.808,0.069,,,2.808,0.069
small_SRR7963242,1754,49.50606830369743,5644,3.059,0.07,,,3.059,0.07
small_SRR7963242,1755,49.53429297205758,5644,3.007,0.066,,,3.007,0.066
small_SRR7963242,1756,49.562517640417724,5644,2.957,0.071,,,2.957,0.071
small_SRR7963242,1757,49.59074230877787,5644,3.175,0.079,,,3.175,0.079
small_SRR7963242,1758,49.618966977138015,5644,2.692,0.072,,,2.692,0.072
small_SRR7963242,1759,49.64719164549817,5644,3.067,0.073,,,3.067,0.073
small_SRR7963242,1760,49.675416313858314,5644,2.815,0.069,,,2.815,0.069
small_SRR7963242,1761,49.70364098221846,5644,3.105,0.07,,,3.105,0.07
small_SRR7963242,1762,49.731865650578605,5644,2.603,0.067,,,2.603,0.067
small_SRR7963242,1763,49.76009031893875,5644,2.867,0.073,,,2.867,0.073
small_SRR7963242,1764,49.7883149872989,5644,2.839,0.075,,,2.839,0.075
small_SRR7963242,1765,49.81653965565905,5644,2.8,0.079,,,2.8,0.079
small_SRR7963242,1766,49.844764324019195,5644,2.878,0.072,,,2.878,0.072
small_SRR7963242,1767,49.87298899237934,5644,2.606,0.073,,,2.606,0.073
small_SRR7963242,1768,49.90121366073949,5644,2.71,0.076,,,2.71,0.076
small_SRR7963242,1769,49.92943832909963,5644,2.805,0.068,,,2.805,0.068
small_SRR7963242,1770,49.95766299745978,5644,2.732,0.066,,,2.732,0.066
small_SRR7963242,1771,49.985887665819924,5644,2.91,0.086,,,2.91,0.086
small_SRR7963242,1772,50.014112334180076,5644,2.777,0.068,,,2.777,0.068
small_SRR7963242,1773,50.04233700254022,5644,3.05,0.092,,,3.05,0.092
small_SRR7963242,1774,50.07056167090037,5644,2.834,0.068,,,2.834,0.068
small_SRR7963242,1775,50.09878633926051,5644,2.822,0.07,,,2.822,0.07
small_SRR7963242,1776,50.12701100762066,5644,3.263,0.077,,,3.263,0.077
small_SRR7963242,1777,50.155235675980805,5644,3.199,0.084,,,3.199,0.084
small_SRR7963242,1778,50.18346034434095,5644,3.167,0.071,,,3.167,0.071
small_SRR7963242,1779,50.2116850127011,5644,3.037,0.076,,,3.037,0.076
small_SRR7963242,1780,50.23990968106125,5644,2.751,0.061,,,2.751,0.061
small_SRR7963242,1781,50.268134349421395,5644,2.754,0.069,,,2.754,0.069
small_SRR7963242,1782,50.29635901778154,5644,2.687,0.07,,,2.687,0.07
small_SRR7963242,1783,50.324583686141686,5644,2.751,0.069,,,2.751,0.069
small_SRR7963242,1784,50.35280835450183,5644,3.128,0.084,,,3.128,0.084
small_SRR7963242,1785,50.381033022861985,5644,2.804,0.07,,,2.804,0.07
small_SRR7963242,1786,50.40925769122213,5644,2.663,0.061,,,2.663,0.061
small_SRR7963242,1787,50.437482359582276,5644,3.015,0.074,,,3.015,0.074
small_SRR7963242,1788,50.46570702794242,5644,2.701,0.072,,,2.701,0.072
small_SRR7963242,1789,50.49393169630257,5644,2.555,0.067,,,2.555,0.067
small_SRR7963242,1790,50.52215636466271,5644,2.69,0.066,,,2.69,0.066
small_SRR7963242,1791,50.55038103302286,5644,2.634,0.071,,,2.634,0.071
small_SRR7963242,1792,50.57860570138301,5644,3.123,0.091,,,3.123,0.091
small_SRR7963242,1793,50.60683036974316,5644,2.794,0.068,,,2.794,0.068
small_SRR7963242,1794,50.6350550381033,5644,2.964,0.075,,,2.964,0.075
small_SRR7963242,1795,50.66327970646345,5644,2.89,0.079,,,2.89,0.079
small_SRR7963242,1796,50.691504374823595,5644,2.845,0.077,,,2.845,0.077
small_SRR7963242,1797,50.71972904318374,5644,2.706,0.061,,,2.706,0.061
small_SRR7963242,1798,50.747953711543886,5644,3.11,0.081,,,3.11,0.081
small_SRR7963242,1799,50.77617837990404,5644,2.915,0.068,,,2.915,0.068
small_SRR7963242,1800,50.804403048264184,5644,2.942,0.069,,,2.942,0.069
small_SRR7963242,1801,50.83262771662433,5644,3.034,0.068,,,3.034,0.068
small_SRR7963242,1802,50.860852384984476,5644,2.657,0.074,,,2.657,0.074
small_SRR7963242,1803,50.88907705334462,5644,3.1,0.082,,,3.1,0.082
small_SRR7963242,1804,50.91730172170477,5644,2.646,0.062,,,2.646,0.062
small_SRR7963242,1805,50.94552639006492,5644,3.144,0.067,,,3.144,0.067
small_SRR7963242,1806,50.973751058425066,5644,2.841,0.074,,,2.841,0.074
small_SRR7963242,1807,51.00197572678521,5644,2.608,0.067,,,2.608,0.067
small_SRR7963242,1808,51.03020039514536,5644,2.93,0.069,,,2.93,0.069
small_SRR7963242,1809,51.0584250635055,5644,2.696,0.068,,,2.696,0.068
small_SRR7963242,1810,51.08664973186565,5644,2.843,0.068,,,2.843,0.068
small_SRR7963242,1811,51.114874400225794,5644,2.826,0.072,,,2.826,0.072
small_SRR7963242,1812,51.14309906858595,5644,2.856,0.067,,,2.856,0.067
small_SRR7963242,1813,51.17132373694609,5644,2.943,0.063,,,2.943,0.063
small_SRR7963242,1814,51.19954840530624,5644,2.842,0.071,,,2.842,0.071
small_SRR7963242,1815,51.227773073666384,5644,3.112,0.07,,,3.112,0.07
small_SRR7963242,1816,51.25599774202653,5644,2.888,0.074,,,2.888,0.074
small_SRR7963242,1817,51.284222410386676,5644,2.927,0.062,,,2.927,0.062
small_SRR7963242,1818,51.31244707874682,5644,2.823,0.07,,,2.823,0.07
small_SRR7963242,1819,51.340671747106974,5644,2.985,0.067,,,2.985,0.067
small_SRR7963242,1820,51.36889641546712,5644,2.939,0.066,,,2.939,0.066
small_SRR7963242,1821,51.397121083827265,5644,3.087,0.075,,,3.087,0.075
small_SRR7963242,1822,51.42534575218741,5644,3.12,0.084,,,3.12,0.084
small_SRR7963242,1823,51.45357042054756,5644,2.897,0.071,,,2.897,0.071
small_SRR7963242,1824,51.4817950889077,5644,3.064,0.091,,,3.064,0.091
small_SRR7963242,1825,51.510019757267855,5644,2.838,0.08,,,2.838,0.08
small_SRR7963242,1826,51.538244425628,5644,2.828,0.074,,,2.828,0.074
small_SRR7963242,1827,51.56646909398815,5644,2.761,0.077,,,2.761,0.077
small_SRR7963242,1828,51.59469376234829,5644,3.229,0.078,,,3.229,0.078
small_SRR7963242,1829,51.62291843070844,5644,2.971,0.072,,,2.971,0.072
small_SRR7963242,1830,51.651143099068584,5644,2.845,0.069,,,2.845,0.069
small_SRR7963242,1831,51.67936776742873,5644,2.662,0.063,,,2.662,0.063
small_SRR7963242,1832,51.70759243578888,5644,2.86,0.069,,,2.86,0.069
small_SRR7963242,1833,51.73581710414903,5644,3.082,0.073,,,3.082,0.073
small_SRR7963242,1834,51.764041772509174,5644,2.913,0.082,,,2.913,0.082
small_SRR7963242,1835,51.79226644086932,5644,3.042,0.082,,,3.042,0.082
small_SRR7963242,1836,51.820491109229465,5644,2.879,0.08,,,2.879,0.08
small_SRR7963242,1837,51.84871577758961,5644,3.139,0.088,,,3.139,0.088
small_SRR7963242,1838,51.876940445949764,5644,2.87,0.075,,,2.87,0.075
small_SRR7963242,1839,51.90516511430991,5644,2.826,0.065,,,2.826,0.065
small_SRR7963242,1840,51.933389782670055,5644,2.872,0.07,,,2.872,0.07
small_SRR7963242,1841,51.9616144510302,5644,2.806,0.077,,,2.806,0.077
small_SRR7963242,1842,51.989839119390346,5644,2.619,0.066,,,2.619,0.066
small_SRR7963242,1843,52.01806378775049,5644,2.95,0.074,,,2.95,0.074
small_SRR7963242,1844,52.04628845611064,5644,3.022,0.074,,,3.022,0.074
small_SRR7963242,1845,52.07451312447079,5644,2.899,0.072,,,2.899,0.072
small_SRR7963242,1846,52.102737792830936,5644,2.841,0.066,,,2.841,0.066
small_SRR7963242,1847,52.13096246119108,5644,2.955,0.075,,,2.955,0.075
small_SRR7963242,1848,52.15918712955123,5644,2.784,0.072,,,2.784,0.072
small_SRR7963242,1849,52.18741179791137,5644,2.905,0.081,,,2.905,0.081
small_SRR7963242,1850,52.21563646627152,5644,3.135,0.069,,,3.135,0.069
small_SRR7963242,1851,52.243861134631665,5644,3.158,0.073,,,3.158,0.073
small_SRR7963242,1852,52.27208580299182,5644,2.929,0.074,,,2.929,0.074
small_SRR7963242,1853,52.30031047135196,5644,2.727,0.061,,,2.727,0.061
small_SRR7963242,1854,52.32853513971211,5644,2.876,0.071,,,2.876,0.071
small_SRR7963242,1855,52.356759808072255,5644,2.544,0.069,,,2.544,0.069
small_SRR7963242,1856,52.3849844764324,5644,2.771,0.065,,,2.771,0.065
small_SRR7963242,1857,52.413209144792546,5644,2.628,0.059,,,2.628,0.059
small_SRR7963242,1858,52.4414338131527,5644,2.752,0.061,,,2.752,0.061
small_SRR7963242,1859,52.469658481512845,5644,2.901,0.094,,,2.901,0.094
small_SRR7963242,1860,52.49788314987299,5644,2.514,0.058,,,2.514,0.058
small_SRR7963242,1861,52.526107818233136,5644,2.808,0.077,,,2.808,0.077
small_SRR7963242,1862,52.55433248659328,5644,3.15,0.08,,,3.15,0.08
small_SRR7963242,1863,52.58255715495343,5644,2.665,0.068,,,2.665,0.068
small_SRR7963242,1864,52.61078182331357,5644,2.789,0.066,,,2.789,0.066
small_SRR7963242,1865,52.639006491673726,5644,2.954,0.116,,,2.954,0.116
small_SRR7963242,1866,52.66723116003387,5644,2.781,0.067,,,2.781,0.067
small_SRR7963242,1867,52.69545582839402,5644,2.703,0.059,,,2.703,0.059
small_SRR7963242,1868,52.72368049675416,5644,2.722,0.067,,,2.722,0.067
small_SRR7963242,1869,52.75190516511431,5644,3.002,0.092,,,3.002,0.092
small_SRR7963242,1870,52.780129833474454,5644,2.713,0.062,,,2.713,0.062
small_SRR7963242,1871,52.8083545018346,5644,2.968,0.07,,,2.968,0.07
small_SRR7963242,1872,52.83657917019475,5644,2.881,0.075,,,2.881,0.075
small_SRR7963242,1873,52.8648038385549,5644,2.91,0.072,,,2.91,0.072
small_SRR7963242,1874,52.893028506915044,5644,3.1,0.074,,,3.1,0.074
small_SRR7963242,1875,52.92125317527519,5644,2.837,0.073,,,2.837,0.073
small_SRR7963242,1876,52.949477843635336,5644,2.728,0.07,,,2.728,0.07
small_SRR7963242,1877,52.97770251199548,5644,2.841,0.074,,,2.841,0.074
small_SRR7963242,1878,53.005927180355634,5644,2.94,0.071,,,2.94,0.071
small_SRR7963242,1879,53.03415184871578,5644,2.719,0.08,,,2.719,0.08
small_SRR7963242,1880,53.062376517075926,5644,2.678,0.082,,,2.678,0.082
small_SRR7963242,1881,53.09060118543607,5644,2.753,0.066,,,2.753,0.066
small_SRR7963242,1882,53.11882585379622,5644,2.979,0.08,,,2.979,0.08
small_SRR7963242,1883,53.14705052215636,5644,3.025,0.071,,,3.025,0.071
small_SRR7963242,1884,53.17527519051651,5644,2.852,0.069,,,2.852,0.069
small_SRR7963242,1885,53.20349985887666,5644,3.125,0.089,,,3.125,0.089
small_SRR7963242,1886,53.23172452723681,5644,3.258,0.09,,,3.258,0.09
small_SRR7963242,1887,53.25994919559695,5644,2.896,0.069,,,2.896,0.069
small_SRR7963242,1888,53.2881738639571,5644,2.921,0.073,,,2.921,0.073
small_SRR7963242,1889,53.316398532317244,5644,2.965,0.073,,,2.965,0.073
small_SRR7963242,1890,53.34462320067739,5644,2.877,0.081,,,2.877,0.081
small_SRR7963242,1891,53.372847869037535,5644,2.928,0.075,,,2.928,0.075
small_SRR7963242,1892,53.40107253739769,5644,2.625,0.074,,,2.625,0.074
small_SRR7963242,1893,53.429297205757834,5644,2.6,0.066,,,2.6,0.066
small_SRR7963242,1894,53.45752187411798,5644,2.985,0.072,,,2.985,0.072
small_SRR7963242,1895,53.485746542478125,5644,3.223,0.094,,,3.223,0.094
small_SRR7963242,1896,53.51397121083827,5644,3.064,0.069,,,3.064,0.069
small_SRR7963242,1897,53.54219587919842,5644,3.077,0.067,,,3.077,0.067
small_SRR7963242,1898,53.57042054755857,5644,2.929,0.079,,,2.929,0.079
small_SRR7963242,1899,53.598645215918715,5644,3.052,0.091,,,3.052,0.091
small_SRR7963242,1900,53.62686988427886,5644,2.826,0.078,,,2.826,0.078
small_SRR7963242,1901,53.65509455263901,5644,2.627,0.073,,,2.627,0.073
small_SRR7963242,1902,53.68331922099915,5644,2.746,0.077,,,2.746,0.077
small_SRR7963242,1903,53.7115438893593,5644,2.79,0.078,,,2.79,0.078
small_SRR7963242,1904,53.739768557719444,5644,2.83,0.064,,,2.83,0.064
small_SRR7963242,1905,53.7679932260796,5644,2.769,0.075,,,2.769,0.075
small_SRR7963242,1906,53.79621789443974,5644,2.896,0.074,,,2.896,0.074
small_SRR7963242,1907,53.82444256279989,5644,2.624,0.06,,,2.624,0.06
small_SRR7963242,1908,53.852667231160034,5644,3.245,0.075,,,3.245,0.075
small_SRR7963242,1909,53.88089189952018,5644,2.737,0.076,,,2.737,0.076
small_SRR7963242,1910,53.909116567880325,5644,2.759,0.064,,,2.759,0.064
small_SRR7963242,1911,53.93734123624047,5644,2.942,0.072,,,2.942,0.072
small_SRR7963242,1912,53.96556590460062,5644,3.07,0.071,,,3.07,0.071
small_SRR7963242,1913,53.99379057296077,5644,2.985,0.072,,,2.985,0.072
small_SRR7963242,1914,54.022015241320915,5644,2.696,0.067,,,2.696,0.067
small_SRR7963242,1915,54.05023990968106,5644,3.031,0.078,,,3.031,0.078
small_SRR7963242,1916,54.078464578041206,5644,2.827,0.071,,,2.827,0.071
small_SRR7963242,1917,54.10668924640135,5644,2.99,0.078,,,2.99,0.078
small_SRR7963242,1918,54.134913914761505,5644,2.934,0.07,,,2.934,0.07
small_SRR7963242,1919,54.16313858312165,5644,3.12,0.08,,,3.12,0.08
small_SRR7963242,1920,54.191363251481796,5644,2.448,0.065,,,2.448,0.065
small_SRR7963242,1921,54.21958791984194,5644,2.719,0.07,,,2.719,0.07
small_SRR7963242,1922,54.24781258820209,5644,2.672,0.076,,,2.672,0.076
small_SRR7963242,1923,54.27603725656223,5644,2.615,0.068,,,2.615,0.068
small_SRR7963242,1924,54.30426192492238,5644,2.79,0.067,,,2.79,0.067
small_SRR7963242,1925,54.33248659328253,5644,3.138,0.077,,,3.138,0.077
small_SRR7963242,1926,54.36071126164268,5644,3.287,0.087,,,3.287,0.087
small_SRR7963242,1927,54.38893593000282,5644,2.929,0.074,,,2.929,0.074
small_SRR7963242,1928,54.41716059836297,5644,2.846,0.082,,,2.846,0.082
small_SRR7963242,1929,54.445385266723115,5644,3.086,0.07,,,3.086,0.07
small_SRR7963242,1930,54.47360993508326,5644,2.813,0.065,,,2.813,0.065
small_SRR7963242,1931,54.501834603443406,5644,3.077,0.083,,,3.077,0.083
small_SRR7963242,1932,54.53005927180356,5644,3.108,0.092,,,3.108,0.092
small_SRR7963242,1933,54.558283940163705,5644,2.809,0.071,,,2.809,0.071
small_SRR7963242,1934,54.58650860852385,5644,2.939,0.093,,,2.939,0.093
small_SRR7963242,1935,54.614733276883996,5644,2.803,0.079,,,2.803,0.079
small_SRR7963242,1936,54.64295794524414,5644,2.926,0.07,,,2.926,0.07
small_SRR7963242,1937,54.67118261360429,5644,3.118,0.082,,,3.118,0.082
small_SRR7963242,1938,54.69940728196444,5644,2.972,0.068,,,2.972,0.068
small_SRR7963242,1939,54.727631950324586,5644,2.569,0.077,,,2.569,0.077
small_SRR7963242,1940,54.75585661868473,5644,2.758,0.084,,,2.758,0.084
small_SRR7963242,1941,54.78408128704488,5644,2.695,0.075,,,2.695,0.075
small_SRR7963242,1942,54.81230595540502,5644,2.969,0.074,,,2.969,0.074
small_SRR7963242,1943,54.84053062376517,5644,2.975,0.074,,,2.975,0.074
small_SRR7963242,1944,54.868755292125314,5644,2.657,0.062,,,2.657,0.062
small_SRR7963242,1945,54.89697996048547,5644,3.142,0.079,,,3.142,0.079
small_SRR7963242,1946,54.92520462884561,5644,3.192,0.083,,,3.192,0.083
small_SRR7963242,1947,54.95342929720576,5644,2.886,0.069,,,2.886,0.069
small_SRR7963242,1948,54.981653965565904,5644,2.632,0.068,,,2.632,0.068
small_SRR7963242,1949,55.00987863392605,5644,3.076,0.078,,,3.076,0.078
small_SRR7963242,1950,55.038103302286196,5644,2.823,0.065,,,2.823,0.065
small_SRR7963242,1951,55.06632797064635,5644,3.033,0.088,,,3.033,0.088
small_SRR7963242,1952,55.094552639006494,5644,3.016,0.072,,,3.016,0.072
small_SRR7963242,1953,55.12277730736664,5644,2.66,0.075,,,2.66,0.075
small_SRR7963242,1954,55.151001975726786,5644,2.752,0.077,,,2.752,0.077
small_SRR7963242,1955,55.17922664408693,5644,2.982,0.083,,,2.982,0.083
small_SRR7963242,1956,55.20745131244708,5644,2.969,0.079,,,2.969,0.079
small_SRR7963242,1957,55.23567598080722,5644,2.847,0.074,,,2.847,0.074
small_SRR7963242,1958,55.263900649167375,5644,2.846,0.06,,,2.846,0.06
small_SRR7963242,1959,55.29212531752752,5644,2.921,0.077,,,2.921,0.077
small_SRR7963242,1960,55.32034998588767,5644,2.987,0.085,,,2.987,0.085
small_SRR7963242,1961,55.34857465424781,5644,2.74,0.066,,,2.74,0.066
small_SRR7963242,1962,55.37679932260796,5644,2.805,0.072,,,2.805,0.072
small_SRR7963242,1963,55.405023990968104,5644,2.834,0.082,,,2.834,0.082
small_SRR7963242,1964,55.43324865932825,5644,2.773,0.064,,,2.773,0.064
small_SRR7963242,1965,55.4614733276884,5644,2.789,0.064,,,2.789,0.064
small_SRR7963242,1966,55.48969799604855,5644,2.777,0.073,,,2.777,0.073
small_SRR7963242,1967,55.517922664408694,5644,2.759,0.064,,,2.759,0.064
small_SRR7963242,1968,55.54614733276884,5644,2.947,0.066,,,2.947,0.066
small_SRR7963242,1969,55.574372001128985,5644,2.976,0.087,,,2.976,0.087
small_SRR7963242,1970,55.60259666948913,5644,2.985,0.069,,,2.985,0.069
small_SRR7963242,1971,55.630821337849284,5644,3.055,0.067,,,3.055,0.067
small_SRR7963242,1972,55.65904600620943,5644,2.876,0.079,,,2.876,0.079
small_SRR7963242,1973,55.687270674569575,5644,2.724,0.077,,,2.724,0.077
small_SRR7963242,1974,55.71549534292972,5644,2.775,0.077,,,2.775,0.077
small_SRR7963242,1975,55.74372001128987,5644,2.905,0.069,,,2.905,0.069
small_SRR7963242,1976,55.77194467965001,5644,2.708,0.06,,,2.708,0.06
small_SRR7963242,1977,55.80016934801016,5644,2.726,0.069,,,2.726,0.069
small_SRR7963242,1978,55.82839401637031,5644,2.893,0.079,,,2.893,0.079
small_SRR7963242,1979,55.856618684730456,5644,2.917,0.073,,,2.917,0.073
small_SRR7963242,1980,55.8848433530906,5644,2.957,0.074,,,2.957,0.074
small_SRR7963242,1981,55.91306802145075,5644,2.885,0.063,,,2.885,0.063
small_SRR7963242,1982,55.94129268981089,5644,2.732,0.064,,,2.732,0.064
small_SRR7963242,1983,55.96951735817104,5644,2.654,0.073,,,2.654,0.073
small_SRR7963242,1984,55.997742026531185,5644,2.854,0.074,,,2.854,0.074
small_SRR7963242,1985,56.02596669489134,5644,2.836,0.066,,,2.836,0.066
small_SRR7963242,1986,56.05419136325148,5644,2.71,0.072,,,2.71,0.072
small_SRR7963242,1987,56.08241603161163,5644,3.096,0.081,,,3.096,0.081
small_SRR7963242,1988,56.110640699971775,5644,2.819,0.067,,,2.819,0.067
small_SRR7963242,1989,56.13886536833192,5644,2.64,0.063,,,2.64,0.063
small_SRR7963242,1990,56.167090036692066,5644,2.631,0.065,,,2.631,0.065
small_SRR7963242,1991,56.19531470505222,5644,2.453,0.068,,,2.453,0.068
small_SRR7963242,1992,56.223539373412365,5644,3.061,0.074,,,3.061,0.074
small_SRR7963242,1993,56.25176404177251,5644,2.841,0.065,,,2.841,0.065
small_SRR7963242,1994,56.279988710132656,5644,2.832,0.067,,,2.832,0.067
small_SRR7963242,1995,56.3082133784928,5644,2.982,0.074,,,2.982,0.074
small_SRR7963242,1996,56.33643804685295,5644,2.895,0.09,,,2.895,0.09
small_SRR7963242,1997,56.36466271521309,5644,2.804,0.064,,,2.804,0.064
small_SRR7963242,1998,56.392887383573246,5644,2.971,0.083,,,2.971,0.083
small_SRR7963242,1999,56.42111205193339,5644,2.917,0.07,,,2.917,0.07
small_SRR7963242,2000,56.44933672029354,5644,3.238,0.073,,,3.238,0.073
small_SRR7963242,2001,56.47756138865368,5644,3.214,0.079,,,3.214,0.079
small_SRR7963242,2002,56.50578605701383,5644,2.644,0.059,,,2.644,0.059
small_SRR7963242,2003,56.534010725373975,5644,2.878,0.066,,,2.878,0.066
small_SRR7963242,2004,56.56223539373412,5644,3.03,0.072,,,3.03,0.072
small_SRR7963242,2005,56.59046006209427,5644,3.061,0.071,,,3.061,0.071
small_SRR7963242,2006,56.61868473045442,5644,2.866,0.062,,,2.866,0.062
small_SRR7963242,2007,56.646909398814564,5644,3.333,0.094,,,3.333,0.094
small_SRR7963242,2008,56.67513406717471,5644,2.872,0.062,,,2.872,0.062
small_SRR7963242,2009,56.703358735534856,5644,2.773,0.08,,,2.773,0.08
small_SRR7963242,2010,56.731583403895,5644,2.881,0.067,,,2.881,0.067
small_SRR7963242,2011,56.759808072255154,5644,2.907,0.072,,,2.907,0.072
small_SRR7963242,2012,56.7880327406153,5644,3.069,0.085,,,3.069,0.085
small_SRR7963242,2013,56.816257408975446,5644,3.016,0.075,,,3.016,0.075
small_SRR7963242,2014,56.84448207733559,5644,3.02,0.079,,,3.02,0.079
small_SRR7963242,2015,56.87270674569574,5644,3.34,0.078,,,3.34,0.078
small_SRR7963242,2016,56.90093141405588,5644,2.687,0.072,,,2.687,0.072
small_SRR7963242,2017,56.92915608241603,5644,3.057,0.07,,,3.057,0.07
small_SRR7963242,2018,56.95738075077618,5644,2.757,0.064,,,2.757,0.064
small_SRR7963242,2019,56.98560541913633,5644,2.972,0.068,,,2.972,0.068
small_SRR7963242,2020,57.01383008749647,5644,2.672,0.062,,,2.672,0.062
small_SRR7963242,2021,57.04205475585662,5644,2.595,0.068,,,2.595,0.068
small_SRR7963242,2022,57.070279424216764,5644,2.987,0.075,,,2.987,0.075
small_SRR7963242,2023,57.09850409257691,5644,2.837,0.064,,,2.837,0.064
small_SRR7963242,2024,57.126728760937056,5644,2.467,0.057,,,2.467,0.057
small_SRR7963242,2025,57.15495342929721,5644,2.829,0.08,,,2.829,0.08
small_SRR7963242,2026,57.183178097657354,5644,3.043,0.079,,,3.043,0.079
small_SRR7963242,2027,57.2114027660175,5644,2.932,0.069,,,2.932,0.069
small_SRR7963242,2028,57.239627434377645,5644,3.018,0.069,,,3.018,0.069
small_SRR7963242,2029,57.26785210273779,5644,2.445,0.062,,,2.445,0.062
small_SRR7963242,2030,57.29607677109794,5644,2.914,0.08,,,2.914,0.08
small_SRR7963242,2031,57.32430143945809,5644,2.8,0.065,,,2.8,0.065
small_SRR7963242,2032,57.352526107818235,5644,2.837,0.069,,,2.837,0.069
small_SRR7963242,2033,57.38075077617838,5644,2.841,0.07,,,2.841,0.07
small_SRR7963242,2034,57.40897544453853,5644,3.012,0.071,,,3.012,0.071
small_SRR7963242,2035,57.43720011289867,5644,3.239,0.084,,,3.239,0.084
small_SRR7963242,2036,57.46542478125882,5644,3.125,0.078,,,3.125,0.078
small_SRR7963242,2037,57.493649449618964,5644,2.83,0.075,,,2.83,0.075
small_SRR7963242,2038,57.52187411797912,5644,3.294,0.099,,,3.294,0.099
small_SRR7963242,2039,57.55009878633926,5644,2.832,0.079,,,2.832,0.079
small_SRR7963242,2040,57.57832345469941,5644,3.031,0.078,,,3.031,0.078
small_SRR7963242,2041,57.606548123059554,5644,2.705,0.059,,,2.705,0.059
small_SRR7963242,2042,57.6347727914197,5644,3.173,0.071,,,3.173,0.071
small_SRR7963242,2043,57.662997459779845,5644,3.04,0.086,,,3.04,0.086
small_SRR7963242,2044,57.69122212813999,5644,2.675,0.076,,,2.675,0.076
small_SRR7963242,2045,57.719446796500144,5644,3.002,0.086,,,3.002,0.086
small_SRR7963242,2046,57.74767146486029,5644,2.637,0.062,,,2.637,0.062
small_SRR7963242,2047,57.775896133220435,5644,3.181,0.1,,,3.181,0.1
small_SRR7963242,2048,57.80412080158058,5644,2.679,0.071,,,2.679,0.071
small_SRR7963242,2049,57.832345469940726,5644,2.867,0.062,,,2.867,0.062
small_SRR7963242,2050,57.86057013830087,5644,3.018,0.07,,,3.018,0.07
small_SRR7963242,2051,57.888794806661025,5644,3.041,0.078,,,3.041,0.078
small_SRR7963242,2052,57.91701947502117,5644,2.983,0.064,,,2.983,0.064
small_SRR7963242,2053,57.945244143381316,5644,2.894,0.066,,,2.894,0.066
small_SRR7963242,2054,57.97346881174146,5644,2.9,0.07,,,2.9,0.07
small_SRR7963242,2055,58.00169348010161,5644,2.749,0.069,,,2.749,0.069
small_SRR7963242,2056,58.02991814846175,5644,2.923,0.075,,,2.923,0.075
small_SRR7963242,2057,58.0581428168219,5644,2.747,0.067,,,2.747,0.067
small_SRR7963242,2058,58.08636748518205,5644,2.938,0.077,,,2.938,0.077
small_SRR7963242,2059,58.1145921535422,5644,2.612,0.069,,,2.612,0.069
small_SRR7963242,2060,58.14281682190234,5644,2.693,0.07,,,2.693,0.07
small_SRR7963242,2061,58.17104149026249,5644,3.038,0.083,,,3.038,0.083
small_SRR7963242,2062,58.199266158622635,5644,3.117,0.074,,,3.117,0.074
small_SRR7963242,2063,58.22749082698278,5644,2.828,0.068,,,2.828,0.068
small_SRR7963242,2064,58.25571549534293,5644,2.927,0.069,,,2.927,0.069
small_SRR7963242,2065,58.28394016370308,5644,2.812,0.064,,,2.812,0.064
small_SRR7963242,2066,58.312164832063225,5644,2.787,0.083,,,2.787,0.083
small_SRR7963242,2067,58.34038950042337,5644,2.817,0.076,,,2.817,0.076
small_SRR7963242,2068,58.368614168783516,5644,2.769,0.09,,,2.769,0.09
small_SRR7963242,2069,58.39683883714366,5644,3.06,0.086,,,3.06,0.086
small_SRR7963242,2070,58.42506350550381,5644,2.936,0.066,,,2.936,0.066
small_SRR7963242,2071,58.45328817386396,5644,2.985,0.082,,,2.985,0.082
small_SRR7963242,2072,58.481512842224106,5644,2.789,0.073,,,2.789,0.073
small_SRR7963242,2073,58.50973751058425,5644,2.853,0.069,,,2.853,0.069
small_SRR7963242,2074,58.5379621789444,5644,2.992,0.066,,,2.992,0.066
small_SRR7963242,2075,58.56618684730454,5644,2.897,0.071,,,2.897,0.071
small_SRR7963242,2076,58.59441151566469,5644,2.649,0.067,,,2.649,0.067
small_SRR7963242,2077,58.622636184024834,5644,2.868,0.092,,,2.868,0.092
small_SRR7963242,2078,58.65086085238499,5644,2.663,0.068,,,2.663,0.068
small_SRR7963242,2079,58.67908552074513,5644,3.118,0.071,,,3.118,0.071
small_SRR7963242,2080,58.70731018910528,5644,2.528,0.058,,,2.528,0.058
small_SRR7963242,2081,58.735534857465424,5644,3.041,0.086,,,3.041,0.086
small_SRR7963242,2082,58.76375952582557,5644,3.097,0.076,,,3.097,0.076
small_SRR7963242,2083,58.791984194185716,5644,3.12,0.091,,,3.12,0.091
small_SRR7963242,2084,58.82020886254587,5644,2.972,0.069,,,2.972,0.069
small_SRR7963242,2085,58.848433530906014,5644,3.024,0.071,,,3.024,0.071
small_SRR7963242,2086,58.87665819926616,5644,2.581,0.077,,,2.581,0.077
small_SRR7963242,2087,58.904882867626306,5644,2.804,0.081,,,2.804,0.081
small_SRR7963242,2088,58.93310753598645,5644,2.668,0.06,,,2.668,0.06
small_SRR7963242,2089,58.9613322043466,5644,2.876,0.065,,,2.876,0.065
small_SRR7963242,2090,58.98955687270674,5644,3.087,0.077,,,3.087,0.077
small_SRR7963242,2091,59.017781541066896,5644,3.142,0.077,,,3.142,0.077
small_SRR7963242,2092,59.04600620942704,5644,2.889,0.069,,,2.889,0.069
small_SRR7963242,2093,59.07423087778719,5644,3.168,0.071,,,3.168,0.071
small_SRR7963242,2094,59.10245554614733,5644,3.229,0.08,,,3.229,0.08
small_SRR7963242,2095,59.13068021450748,5644,2.813,0.075,,,2.813,0.075
small_SRR7963242,2096,59.158904882867624,5644,2.829,0.07,,,2.829,0.07
small_SRR7963242,2097,59.18712955122777,5644,2.934,0.076,,,2.934,0.076
small_SRR7963242,2098,59.21535421958792,5644,2.845,0.067,,,2.845,0.067
small_SRR7963242,2099,59.24357888794807,5644,3.24,0.072,,,3.24,0.072
small_SRR7963242,2100,59.271803556308214,5644,2.964,0.07,,,2.964,0.07
small_SRR7963242,2101,59.30002822466836,5644,3.413,0.087,,,3.413,0.087
small_SRR7963242,2102,59.328252893028505,5644,2.87,0.072,,,2.87,0.072
small_SRR7963242,2103,59.35647756138865,5644,2.938,0.079,,,2.938,0.079
small_SRR7963242,2104,59.384702229748804,5644,3.149,0.075,,,3.149,0.075
small_SRR7963242,2105,59.41292689810895,5644,3.24,0.086,,,3.24,0.086
small_SRR7963242,2106,59.441151566469095,5644,2.584,0.064,,,2.584,0.064
small_SRR7963242,2107,59.46937623482924,5644,3.063,0.072,,,3.063,0.072
small_SRR7963242,2108,59.49760090318939,5644,2.927,0.07,,,2.927,0.07
small_SRR7963242,2109,59.52582557154953,5644,2.776,0.083,,,2.776,0.083
small_SRR7963242,2110,59.55405023990968,5644,2.962,0.067,,,2.962,0.067
small_SRR7963242,2111,59.58227490826983,5644,2.843,0.073,,,2.843,0.073
small_SRR7963242,2112,59.61049957662998,5644,3.251,0.088,,,3.251,0.088
small_SRR7963242,2113,59.63872424499012,5644,2.969,0.075,,,2.969,0.075
small_SRR7963242,2114,59.66694891335027,5644,2.674,0.069,,,2.674,0.069
small_SRR7963242,2115,59.695173581710414,5644,2.612,0.064,,,2.612,0.064
small_SRR7963242,2116,59.72339825007056,5644,3.047,0.072,,,3.047,0.072
small_SRR7963242,2117,59.751622918430705,5644,2.691,0.075,,,2.691,0.075
small_SRR7963242,2118,59.77984758679086,5644,3.028,0.077,,,3.028,0.077
small_SRR7963242,2119,59.808072255151004,5644,3.026,0.081,,,3.026,0.081
small_SRR7963242,2120,59.83629692351115,5644,3.197,0.074,,,3.197,0.074
small_SRR7963242,2121,59.864521591871295,5644,2.881,0.069,,,2.881,0.069
small_SRR7963242,2122,59.89274626023144,5644,3.008,0.085,,,3.008,0.085
small_SRR7963242,2123,59.920970928591586,5644,2.985,0.076,,,2.985,0.076
small_SRR7963242,2124,59.94919559695174,5644,2.813,0.068,,,2.813,0.068
small_SRR7963242,2125,59.977420265311885,5644,2.831,0.085,,,2.831,0.085
small_SRR7963242,2126,60.00564493367203,5644,3.092,0.077,,,3.092,0.077
small_SRR7963242,2127,60.033869602032176,5644,3.055,0.09,,,3.055,0.09
small_SRR7963242,2128,60.06209427039232,5644,2.762,0.077,,,2.762,0.077
small_SRR7963242,2129,60.09031893875247,5644,2.66,0.067,,,2.66,0.067
small_SRR7963242,2130,60.11854360711261,5644,2.862,0.064,,,2.862,0.064
small_SRR7963242,2131,60.146768275472766,5644,2.801,0.067,,,2.801,0.067
small_SRR7963242,2132,60.17499294383291,5644,2.619,0.074,,,2.619,0.074
small_SRR7963242,2133,60.20321761219306,5644,2.834,0.061,,,2.834,0.061
small_SRR7963242,2134,60.2314422805532,5644,2.952,0.072,,,2.952,0.072
small_SRR7963242,2135,60.25966694891335,5644,2.786,0.064,,,2.786,0.064
small_SRR7963242,2136,60.287891617273495,5644,2.956,0.09,,,2.956,0.09
small_SRR7963242,2137,60.31611628563364,5644,2.936,0.081,,,2.936,0.081
small_SRR7963242,2138,60.34434095399379,5644,2.858,0.073,,,2.858,0.073
small_SRR7963242,2139,60.37256562235394,5644,2.693,0.064,,,2.693,0.064
small_SRR7963242,2140,60.400790290714085,5644,2.779,0.07,,,2.779,0.07
small_SRR7963242,2141,60.42901495907423,5644,2.698,0.062,,,2.698,0.062
small_SRR7963242,2142,60.457239627434376,5644,2.956,0.067,,,2.956,0.067
small_SRR7963242,2143,60.48546429579452,5644,2.855,0.07,,,2.855,0.07
small_SRR7963242,2144,60.513688964154674,5644,2.951,0.068,,,2.951,0.068
small_SRR7963242,2145,60.54191363251482,5644,2.933,0.066,,,2.933,0.066
small_SRR7963242,2146,60.570138300874966,5644,2.705,0.065,,,2.705,0.065
small_SRR7963242,2147,60.59836296923511,5644,3.052,0.075,,,3.052,0.075
small_SRR7963242,2148,60.62658763759526,5644,2.869,0.08,,,2.869,0.08
small_SRR7963242,2149,60.6548123059554,5644,2.961,0.086,,,2.961,0.086
small_SRR7963242,2150,60.68303697431555,5644,2.927,0.069,,,2.927,0.069
small_SRR7963242,2151,60.7112616426757,5644,2.968,0.073,,,2.968,0.073
small_SRR7963242,2152,60.73948631103585,5644,2.955,0.074,,,2.955,0.074
small_SRR7963242,2153,60.76771097939599,5644,3.009,0.073,,,3.009,0.073
small_SRR7963242,2154,60.79593564775614,5644,2.882,0.07,,,2.882,0.07
small_SRR7963242,2155,60.824160316116284,5644,2.574,0.071,,,2.574,0.071
small_SRR7963242,2156,60.85238498447643,5644,2.813,0.069,,,2.813,0.069
small_SRR7963242,2157,60.880609652836576,5644,2.747,0.062,,,2.747,0.062
small_SRR7963242,2158,60.90883432119673,5644,3.146,0.076,,,3.146,0.076
small_SRR7963242,2159,60.937058989556874,5644,2.888,0.077,,,2.888,0.077
small_SRR7963242,2160,60.96528365791702,5644,2.734,0.062,,,2.734,0.062
small_SRR7963242,2161,60.993508326277166,5644,2.834,0.075,,,2.834,0.075
small_SRR7963242,2162,61.02173299463731,5644,2.779,0.084,,,2.779,0.084
small_SRR7963242,2163,61.04995766299746,5644,2.591,0.069,,,2.591,0.069
small_SRR7963242,2164,61.07818233135761,5644,3.13,0.071,,,3.13,0.071
small_SRR7963242,2165,61.106406999717755,5644,3.073,0.069,,,3.073,0.069
small_SRR7963242,2166,61.1346316680779,5644,2.889,0.064,,,2.889,0.064
small_SRR7963242,2167,61.16285633643805,5644,2.667,0.063,,,2.667,0.063
small_SRR7963242,2168,61.19108100479819,5644,2.924,0.064,,,2.924,0.064
small_SRR7963242,2169,61.21930567315834,5644,2.84,0.074,,,2.84,0.074
small_SRR7963242,2170,61.247530341518484,5644,2.468,0.059,,,2.468,0.059
small_SRR7963242,2171,61.27575500987864,5644,2.831,0.077,,,2.831,0.077
small_SRR7963242,2172,61.30397967823878,5644,2.848,0.067,,,2.848,0.067
small_SRR7963242,2173,61.33220434659893,5644,2.958,0.071,,,2.958,0.071
small_SRR7963242,2174,61.360429014959074,5644,2.968,0.073,,,2.968,0.073
small_SRR7963242,2175,61.38865368331922,5644,3.028,0.076,,,3.028,0.076
small_SRR7963242,2176,61.416878351679365,5644,2.844,0.086,,,2.844,0.086
small_SRR7963242,2177,61.44510302003952,5644,3.293,0.094,,,3.293,0.094
small_SRR7963242,2178,61.473327688399664,5644,3.085,0.074,,,3.085,0.074
small_SRR7963242,2179,61.50155235675981,5644,2.776,0.082,,,2.776,0.082
small_SRR7963242,2180,61.529777025119955,5644,3.339,0.077,,,3.339,0.077
small_SRR7963242,2181,61.5580016934801,5644,2.928,0.068,,,2.928,0.068
small_SRR7963242,2182,61.58622636184025,5644,2.799,0.08,,,2.799,0.08
small_SRR7963242,2183,61.61445103020039,5644,2.938,0.095,,,2.938,0.095
small_SRR7963242,2184,61.642675698560545,5644,3.106,0.073,,,3.106,0.073
small_SRR7963242,2185,61.67090036692069,5644,3.253,0.093,,,3.253,0.093
small_SRR7963242,2186,61.69912503528084,5644,2.891,0.081,,,2.891,0.081
small_SRR7963242,2187,61.72734970364098,5644,2.865,0.073,,,2.865,0.073
small_SRR7963242,2188,61.75557437200113,5644,3.132,0.084,,,3.132,0.084
small_SRR7963242,2189,61.783799040361274,5644,3.031,0.086,,,3.031,0.086
small_SRR7963242,2190,61.81202370872142,5644,2.849,0.067,,,2.849,0.067
small_SRR7963242,2191,61.84024837708157,5644,2.896,0.069,,,2.896,0.069
small_SRR7963242,2192,61.86847304544172,5644,2.893,0.074,,,2.893,0.074
small_SRR7963242,2193,61.89669771380186,5644,2.924,0.073,,,2.924,0.073
small_SRR7963242,2194,61.92492238216201,5644,3.0,0.071,,,3.0,0.071
small_SRR7963242,2195,61.953147050522155,5644,2.883,0.071,,,2.883,0.071
small_SRR7963242,2196,61.9813717188823,5644,2.687,0.061,,,2.687,0.061
small_SRR7963242,2197,62.00959638724245,5644,2.801,0.074,,,2.801,0.074
small_SRR7963242,2198,62.0378210556026,5644,2.927,0.096,,,2.927,0.096
small_SRR7963242,2199,62.066045723962745,5644,3.204,0.085,,,3.204,0.085
small_SRR7963242,2200,62.09427039232289,5644,2.894,0.067,,,2.894,0.067
small_SRR7963242,2201,62.122495060683036,5644,2.674,0.074,,,2.674,0.074
small_SRR7963242,2202,62.15071972904318,5644,3.154,0.091,,,3.154,0.091
small_SRR7963242,2203,62.17894439740333,5644,2.996,0.075,,,2.996,0.075
small_SRR7963242,2204,62.20716906576348,5644,3.09,0.079,,,3.09,0.079
small_SRR7963242,2205,62.235393734123626,5644,3.11,0.067,,,3.11,0.067
small_SRR7963242,2206,62.26361840248377,5644,3.062,0.077,,,3.062,0.077
small_SRR7963242,2207,62.29184307084392,5644,3.106,0.084,,,3.106,0.084
small_SRR7963242,2208,62.32006773920406,5644,2.742,0.064,,,2.742,0.064
small_SRR7963242,2209,62.34829240756421,5644,2.884,0.072,,,2.884,0.072
small_SRR7963242,2210,62.376517075924355,5644,2.504,0.078,,,2.504,0.078
small_SRR7963242,2211,62.40474174428451,5644,3.22,0.072,,,3.22,0.072
small_SRR7963242,2212,62.43296641264465,5644,2.599,0.068,,,2.599,0.068
small_SRR7963242,2213,62.4611910810048,5644,3.051,0.08,,,3.051,0.08
small_SRR7963242,2214,62.489415749364944,5644,2.932,0.076,,,2.932,0.076
small_SRR7963242,2215,62.51764041772509,5644,3.214,0.081,,,3.214,0.081
small_SRR7963242,2216,62.545865086085236,5644,3.145,0.083,,,3.145,0.083
small_SRR7963242,2217,62.57408975444539,5644,3.011,0.072,,,3.011,0.072
small_SRR7963242,2218,62.602314422805534,5644,2.646,0.071,,,2.646,0.071
small_SRR7963242,2219,62.63053909116568,5644,3.162,0.082,,,3.162,0.082
small_SRR7963242,2220,62.658763759525826,5644,3.002,0.09,,,3.002,0.09
small_SRR7963242,2221,62.68698842788597,5644,2.894,0.07,,,2.894,0.07
small_SRR7963242,2222,62.71521309624612,5644,2.675,0.068,,,2.675,0.068
small_SRR7963242,2223,62.74343776460626,5644,2.642,0.066,,,2.642,0.066
small_SRR7963242,2224,62.771662432966416,5644,2.921,0.069,,,2.921,0.069
small_SRR7963242,2225,62.79988710132656,5644,2.818,0.084,,,2.818,0.084
small_SRR7963242,2226,62.82811176968671,5644,2.733,0.077,,,2.733,0.077
small_SRR7963242,2227,62.85633643804685,5644,3.245,0.079,,,3.245,0.079
small_SRR7963242,2228,62.884561106407,5644,2.603,0.065,,,2.603,0.065
small_SRR7963242,2229,62.912785774767144,5644,2.564,0.075,,,2.564,0.075
small_SRR7963242,2230,62.94101044312729,5644,2.845,0.066,,,2.845,0.066
small_SRR7963242,2231,62.96923511148744,5644,3.274,0.078,,,3.274,0.078
small_SRR7963242,2232,62.99745977984759,5644,3.022,0.075,,,3.022,0.075
small_SRR7963242,2233,63.025684448207734,5644,2.802,0.075,,,2.802,0.075
small_SRR7963242,2234,63.05390911656788,5644,2.855,0.068,,,2.855,0.068
small_SRR7963242,2235,63.082133784928025,5644,2.597,0.07,,,2.597,0.07
small_SRR7963242,2236,63.11035845328817,5644,2.816,0.076,,,2.816,0.076
small_SRR7963242,2237,63.138583121648324,5644,3.208,0.079,,,3.208,0.079
small_SRR7963242,2238,63.16680779000847,5644,2.829,0.073,,,2.829,0.073
small_SRR7963242,2239,63.195032458368615,5644,3.047,0.081,,,3.047,0.081
small_SRR7963242,2240,63.22325712672876,5644,2.656,0.063,,,2.656,0.063
small_SRR7963242,2241,63.25148179508891,5644,2.829,0.068,,,2.829,0.068
small_SRR7963242,2242,63.27970646344905,5644,3.027,0.074,,,3.027,0.074
small_SRR7963242,2243,63.3079311318092,5644,2.927,0.07,,,2.927,0.07
small_SRR7963242,2244,63.33615580016935,5644,2.739,0.067,,,2.739,0.067
small_SRR7963242,2245,63.3643804685295,5644,3.135,0.094,,,3.135,0.094
small_SRR7963242,2246,63.39260513688964,5644,2.865,0.07,,,2.865,0.07
small_SRR7963242,2247,63.42082980524979,5644,2.739,0.072,,,2.739,0.072
small_SRR7963242,2248,63.449054473609934,5644,2.981,0.072,,,2.981,0.072
small_SRR7963242,2249,63.47727914197008,5644,2.811,0.067,,,2.811,0.067
small_SRR7963242,2250,63.505503810330225,5644,2.95,0.077,,,2.95,0.077
small_SRR7963242,2251,63.53372847869038,5644,2.683,0.07,,,2.683,0.07
small_SRR7963242,2252,63.561953147050524,5644,2.598,0.068,,,2.598,0.068
small_SRR7963242,2253,63.59017781541067,5644,2.919,0.083,,,2.919,0.083
small_SRR7963242,2254,63.618402483770815,5644,2.642,0.063,,,2.642,0.063
small_SRR7963242,2255,63.64662715213096,5644,3.009,0.074,,,3.009,0.074
small_SRR7963242,2256,63.67485182049111,5644,2.641,0.069,,,2.641,0.069
small_SRR7963242,2257,63.70307648885126,5644,3.111,0.076,,,3.111,0.076
small_SRR7963242,2258,63.731301157211405,5644,2.904,0.079,,,2.904,0.079
small_SRR7963242,2259,63.75952582557155,5644,3.127,0.076,,,3.127,0.076
small_SRR7963242,2260,63.787750493931696,5644,2.901,0.069,,,2.901,0.069
small_SRR7963242,2261,63.81597516229184,5644,2.952,0.071,,,2.952,0.071
small_SRR7963242,2262,63.84419983065199,5644,2.829,0.069,,,2.829,0.069
small_SRR7963242,2263,63.87242449901213,5644,2.793,0.073,,,2.793,0.073
small_SRR7963242,2264,63.900649167372286,5644,2.905,0.07,,,2.905,0.07
small_SRR7963242,2265,63.92887383573243,5644,2.753,0.082,,,2.753,0.082
small_SRR7963242,2266,63.95709850409258,5644,3.028,0.084,,,3.028,0.084
small_SRR7963242,2267,63.98532317245272,5644,2.74,0.065,,,2.74,0.065
small_SRR7963242,2268,64.01354784081288,5644,2.928,0.07,,,2.928,0.07
small_SRR7963242,2269,64.04177250917301,5644,2.821,0.065,,,2.821,0.065
small_SRR7963242,2270,64.06999717753317,5644,3.02,0.079,,,3.02,0.079
small_SRR7963242,2271,64.0982218458933,5644,2.65,0.062,,,2.65,0.062
small_SRR7963242,2272,64.12644651425346,5644,2.762,0.077,,,2.762,0.077
small_SRR7963242,2273,64.1546711826136,5644,3.184,0.073,,,3.184,0.073
small_SRR7963242,2274,64.18289585097375,5644,2.87,0.065,,,2.87,0.065
small_SRR7963242,2275,64.2111205193339,5644,2.774,0.079,,,2.774,0.079
small_SRR7963242,2276,64.23934518769404,5644,2.946,0.088,,,2.946,0.088
small_SRR7963242,2277,64.2675698560542,5644,2.938,0.092,,,2.938,0.092
small_SRR7963242,2278,64.29579452441433,5644,2.638,0.069,,,2.638,0.069
small_SRR7963242,2279,64.32401919277449,5644,2.941,0.087,,,2.941,0.087
small_SRR7963242,2280,64.35224386113462,5644,2.827,0.066,,,2.827,0.066
small_SRR7963242,2281,64.38046852949478,5644,2.701,0.062,,,2.701,0.062
small_SRR7963242,2282,64.40869319785493,5644,2.873,0.072,,,2.873,0.072
small_SRR7963242,2283,64.43691786621507,5644,2.68,0.076,,,2.68,0.076
small_SRR7963242,2284,64.46514253457522,5644,2.814,0.066,,,2.814,0.066
small_SRR7963242,2285,64.49336720293536,5644,3.277,0.09,,,3.277,0.09
small_SRR7963242,2286,64.52159187129551,5644,2.809,0.063,,,2.809,0.063
small_SRR7963242,2287,64.54981653965567,5644,2.959,0.081,,,2.959,0.081
small_SRR7963242,2288,64.5780412080158,5644,2.712,0.066,,,2.712,0.066
small_SRR7963242,2289,64.60626587637596,5644,3.186,0.088,,,3.186,0.088
small_SRR7963242,2290,64.6344905447361,5644,2.782,0.078,,,2.782,0.078
small_SRR7963242,2291,64.66271521309625,5644,3.06,0.076,,,3.06,0.076
small_SRR7963242,2292,64.69093988145639,5644,2.996,0.089,,,2.996,0.089
small_SRR7963242,2293,64.71916454981654,5644,2.906,0.083,,,2.906,0.083
small_SRR7963242,2294,64.74738921817669,5644,3.172,0.082,,,3.172,0.082
small_SRR7963242,2295,64.77561388653683,5644,2.971,0.079,,,2.971,0.079
small_SRR7963242,2296,64.80383855489698,5644,2.979,0.077,,,2.979,0.077
small_SRR7963242,2297,64.83206322325712,5644,3.104,0.091,,,3.104,0.091
small_SRR7963242,2298,64.86028789161728,5644,2.975,0.069,,,2.975,0.069
small_SRR7963242,2299,64.88851255997741,5644,2.821,0.07,,,2.821,0.07
small_SRR7963242,2300,64.91673722833757,5644,3.005,0.081,,,3.005,0.081
small_SRR7963242,2301,64.94496189669772,5644,2.925,0.086,,,2.925,0.086
small_SRR7963242,2302,64.97318656505786,5644,2.909,0.068,,,2.909,0.068
small_SRR7963242,2303,65.00141123341801,5644,2.678,0.07,,,2.678,0.07
small_SRR7963242,2304,65.02963590177815,5644,2.7,0.077,,,2.7,0.077
small_SRR7963242,2305,65.0578605701383,5644,2.523,0.06,,,2.523,0.06
small_SRR7963242,2306,65.08608523849844,5644,3.044,0.065,,,3.044,0.065
small_SRR7963242,2307,65.1143099068586,5644,3.47,0.089,,,3.47,0.089
small_SRR7963242,2308,65.14253457521875,5644,2.661,0.074,,,2.661,0.074
small_SRR7963242,2309,65.17075924357889,5644,2.987,0.07,,,2.987,0.07
small_SRR7963242,2310,65.19898391193904,5644,3.07,0.075,,,3.07,0.075
small_SRR7963242,2311,65.22720858029918,5644,2.686,0.069,,,2.686,0.069
small_SRR7963242,2312,65.25543324865933,5644,2.83,0.071,,,2.83,0.071
small_SRR7963242,2313,65.28365791701947,5644,2.597,0.057,,,2.597,0.057
small_SRR7963242,2314,65.31188258537962,5644,2.746,0.071,,,2.746,0.071
small_SRR7963242,2315,65.34010725373977,5644,2.917,0.072,,,2.917,0.072
small_SRR7963242,2316,65.36833192209991,5644,3.068,0.083,,,3.068,0.083
small_SRR7963242,2317,65.39655659046007,5644,2.85,0.091,,,2.85,0.091
small_SRR7963242,2318,65.4247812588202,5644,2.824,0.068,,,2.824,0.068
small_SRR7963242,2319,65.45300592718036,5644,2.903,0.077,,,2.903,0.077
small_SRR7963242,2320,65.48123059554051,5644,3.043,0.074,,,3.043,0.074
small_SRR7963242,2321,65.50945526390065,5644,2.87,0.069,,,2.87,0.069
small_SRR7963242,2322,65.5376799322608,5644,2.964,0.074,,,2.964,0.074
small_SRR7963242,2323,65.56590460062094,5644,3.131,0.077,,,3.131,0.077
small_SRR7963242,2324,65.59412926898109,5644,2.95,0.081,,,2.95,0.081
small_SRR7963242,2325,65.62235393734123,5644,2.711,0.067,,,2.711,0.067
small_SRR7963242,2326,65.65057860570138,5644,2.888,0.071,,,2.888,0.071
small_SRR7963242,2327,65.67880327406154,5644,2.734,0.07,,,2.734,0.07
small_SRR7963242,2328,65.70702794242167,5644,2.759,0.062,,,2.759,0.062
small_SRR7963242,2329,65.73525261078183,5644,2.949,0.075,,,2.949,0.075
small_SRR7963242,2330,65.76347727914197,5644,2.961,0.073,,,2.961,0.073
small_SRR7963242,2331,65.79170194750212,5644,2.912,0.075,,,2.912,0.075
small_SRR7963242,2332,65.81992661586226,5644,2.856,0.073,,,2.856,0.073
small_SRR7963242,2333,65.84815128422241,5644,2.991,0.069,,,2.991,0.069
small_SRR7963242,2334,65.87637595258256,5644,3.038,0.089,,,3.038,0.089
small_SRR7963242,2335,65.9046006209427,5644,2.84,0.075,,,2.84,0.075
small_SRR7963242,2336,65.93282528930285,5644,2.746,0.064,,,2.746,0.064
small_SRR7963242,2337,65.961049957663,5644,2.991,0.08,,,2.991,0.08
small_SRR7963242,2338,65.98927462602315,5644,2.575,0.064,,,2.575,0.064
small_SRR7963242,2339,66.01749929438328,5644,2.887,0.08,,,2.887,0.08
small_SRR7963242,2340,66.04572396274344,5644,2.995,0.069,,,2.995,0.069
small_SRR7963242,2341,66.07394863110359,5644,2.85,0.069,,,2.85,0.069
small_SRR7963242,2342,66.10217329946373,5644,2.804,0.08,,,2.804,0.08
small_SRR7963242,2343,66.13039796782388,5644,3.079,0.085,,,3.079,0.085
small_SRR7963242,2344,66.15862263618402,5644,2.837,0.075,,,2.837,0.075
small_SRR7963242,2345,66.18684730454417,5644,2.909,0.071,,,2.909,0.071
small_SRR7963242,2346,66.21507197290431,5644,2.709,0.064,,,2.709,0.064
small_SRR7963242,2347,66.24329664126446,5644,3.016,0.075,,,3.016,0.075
small_SRR7963242,2348,66.27152130962462,5644,2.989,0.076,,,2.989,0.076
small_SRR7963242,2349,66.29974597798476,5644,2.872,0.078,,,2.872,0.078
small_SRR7963242,2350,66.32797064634491,5644,2.815,0.079,,,2.815,0.079
small_SRR7963242,2351,66.35619531470505,5644,3.075,0.085,,,3.075,0.085
small_SRR7963242,2352,66.3844199830652,5644,2.999,0.083,,,2.999,0.083
small_SRR7963242,2353,66.41264465142534,5644,3.256,0.074,,,3.256,0.074
small_SRR7963242,2354,66.44086931978549,5644,2.855,0.07,,,2.855,0.07
small_SRR7963242,2355,66.46909398814564,5644,2.95,0.076,,,2.95,0.076
small_SRR7963242,2356,66.49731865650578,5644,2.855,0.061,,,2.855,0.061
small_SRR7963242,2357,66.52554332486594,5644,2.89,0.074,,,2.89,0.074
small_SRR7963242,2358,66.55376799322607,5644,3.159,0.091,,,3.159,0.091
small_SRR7963242,2359,66.58199266158623,5644,2.825,0.076,,,2.825,0.076
small_SRR7963242,2360,66.61021732994638,5644,2.89,0.081,,,2.89,0.081
small_SRR7963242,2361,66.63844199830652,5644,2.836,0.072,,,2.836,0.072
small_SRR7963242,2362,66.66666666666667,5644,2.992,0.073,,,2.992,0.073
small_SRR7963242,2363,66.69489133502681,5644,2.781,0.063,,,2.781,0.063
small_SRR7963242,2364,66.72311600338696,5644,3.063,0.071,,,3.063,0.071
small_SRR7963242,2365,66.7513406717471,5644,3.115,0.085,,,3.115,0.085
small_SRR7963242,2366,66.77956534010725,5644,2.598,0.072,,,2.598,0.072
small_SRR7963242,2367,66.8077900084674,5644,3.026,0.07,,,3.026,0.07
small_SRR7963242,2368,66.83601467682755,5644,3.089,0.072,,,3.089,0.072
small_SRR7963242,2369,66.8642393451877,5644,2.805,0.065,,,2.805,0.065
small_SRR7963242,2370,66.89246401354784,5644,2.991,0.087,,,2.991,0.087
small_SRR7963242,2371,66.92068868190799,5644,2.908,0.076,,,2.908,0.076
small_SRR7963242,2372,66.94891335026813,5644,2.626,0.059,,,2.626,0.059
small_SRR7963242,2373,66.97713801862828,5644,2.871,0.068,,,2.871,0.068
small_SRR7963242,2374,67.00536268698843,5644,2.923,0.072,,,2.923,0.072
small_SRR7963242,2375,67.03358735534857,5644,2.982,0.085,,,2.982,0.085
small_SRR7963242,2376,67.06181202370873,5644,2.926,0.076,,,2.926,0.076
small_SRR7963242,2377,67.09003669206886,5644,3.153,0.082,,,3.153,0.082
small_SRR7963242,2378,67.11826136042902,5644,2.995,0.065,,,2.995,0.065
small_SRR7963242,2379,67.14648602878916,5644,3.138,0.084,,,3.138,0.084
small_SRR7963242,2380,67.17471069714931,5644,3.03,0.077,,,3.03,0.077
small_SRR7963242,2381,67.20293536550946,5644,2.84,0.071,,,2.84,0.071
small_SRR7963242,2382,67.2311600338696,5644,2.746,0.058,,,2.746,0.058
small_SRR7963242,2383,67.25938470222975,5644,2.799,0.07,,,2.799,0.07
small_SRR7963242,2384,67.28760937058989,5644,2.981,0.072,,,2.981,0.072
small_SRR7963242,2385,67.31583403895004,5644,2.949,0.076,,,2.949,0.076
small_SRR7963242,2386,67.34405870731018,5644,3.056,0.075,,,3.056,0.075
small_SRR7963242,2387,67.37228337567034,5644,2.954,0.076,,,2.954,0.076
small_SRR7963242,2388,67.40050804403049,5644,2.781,0.063,,,2.781,0.063
small_SRR7963242,2389,67.42873271239063,5644,2.893,0.069,,,2.893,0.069
small_SRR7963242,2390,67.45695738075078,5644,2.694,0.069,,,2.694,0.069
small_SRR7963242,2391,67.48518204911092,5644,3.03,0.083,,,3.03,0.083
small_SRR7963242,2392,67.51340671747107,5644,2.745,0.071,,,2.745,0.071
small_SRR7963242,2393,67.54163138583121,5644,3.331,0.08,,,3.331,0.08
small_SRR7963242,2394,67.56985605419136,5644,2.906,0.096,,,2.906,0.096
small_SRR7963242,2395,67.59808072255152,5644,2.825,0.064,,,2.825,0.064
small_SRR7963242,2396,67.62630539091165,5644,2.888,0.076,,,2.888,0.076
small_SRR7963242,2397,67.6545300592718,5644,2.843,0.066,,,2.843,0.066
small_SRR7963242,2398,67.68275472763195,5644,2.74,0.088,,,2.74,0.088
small_SRR7963242,2399,67.7109793959921,5644,2.817,0.07,,,2.817,0.07
small_SRR7963242,2400,67.73920406435225,5644,2.961,0.07,,,2.961,0.07
small_SRR7963242,2401,67.76742873271239,5644,2.761,0.067,,,2.761,0.067
small_SRR7963242,2402,67.79565340107254,5644,2.879,0.075,,,2.879,0.075
small_SRR7963242,2403,67.82387806943268,5644,3.111,0.087,,,3.111,0.087
small_SRR7963242,2404,67.85210273779283,5644,3.09,0.067,,,3.09,0.067
small_SRR7963242,2405,67.88032740615297,5644,2.912,0.068,,,2.912,0.068
small_SRR7963242,2406,67.90855207451312,5644,2.88,0.066,,,2.88,0.066
small_SRR7963242,2407,67.93677674287328,5644,2.931,0.079,,,2.931,0.079
small_SRR7963242,2408,67.96500141123342,5644,2.96,0.073,,,2.96,0.073
small_SRR7963242,2409,67.99322607959357,5644,3.028,0.081,,,3.028,0.081
small_SRR7963242,2410,68.02145074795371,5644,2.666,0.067,,,2.666,0.067
small_SRR7963242,2411,68.04967541631386,5644,2.747,0.07,,,2.747,0.07
small_SRR7963242,2412,68.077900084674,5644,3.278,0.076,,,3.278,0.076
small_SRR7963242,2413,68.10612475303415,5644,2.832,0.072,,,2.832,0.072
small_SRR7963242,2414,68.1343494213943,5644,3.003,0.079,,,3.003,0.079
small_SRR7963242,2415,68.16257408975444,5644,2.691,0.075,,,2.691,0.075
small_SRR7963242,2416,68.1907987581146,5644,2.939,0.081,,,2.939,0.081
small_SRR7963242,2417,68.21902342647473,5644,2.807,0.073,,,2.807,0.073
small_SRR7963242,2418,68.24724809483489,5644,2.924,0.074,,,2.924,0.074
small_SRR7963242,2419,68.27547276319503,5644,2.809,0.071,,,2.809,0.071
small_SRR7963242,2420,68.30369743155518,5644,7.058,0.143,,,7.058,0.143
small_SRR7963242,2421,68.33192209991533,5644,3.318,0.086,,,3.318,0.086
small_SRR7963242,2422,68.36014676827547,5644,3.062,0.073,,,3.062,0.073
small_SRR7963242,2423,68.38837143663562,5644,3.116,0.076,,,3.116,0.076
small_SRR7963242,2424,68.41659610499576,5644,2.905,0.072,,,2.905,0.072
small_SRR7963242,2425,68.44482077335591,5644,3.101,0.08,,,3.101,0.08
small_SRR7963242,2426,68.47304544171605,5644,2.926,0.07,,,2.926,0.07
small_SRR7963242,2427,68.5012701100762,5644,3.031,0.077,,,3.031,0.077
small_SRR7963242,2428,68.52949477843636,5644,2.951,0.072,,,2.951,0.072
small_SRR7963242,2429,68.5577194467965,5644,3.057,0.071,,,3.057,0.071
small_SRR7963242,2430,68.58594411515665,5644,2.974,0.074,,,2.974,0.074
small_SRR7963242,2431,68.61416878351679,5644,2.925,0.067,,,2.925,0.067
small_SRR7963242,2432,68.64239345187694,5644,2.993,0.07,,,2.993,0.07
small_SRR7963242,2433,68.6706181202371,5644,2.922,0.067,,,2.922,0.067
small_SRR7963242,2434,68.69884278859723,5644,2.936,0.072,,,2.936,0.072
small_SRR7963242,2435,68.72706745695739,5644,2.75,0.061,,,2.75,0.061
small_SRR7963242,2436,68.75529212531752,5644,2.84,0.064,,,2.84,0.064
small_SRR7963242,2437,68.78351679367768,5644,2.86,0.065,,,2.86,0.065
small_SRR7963242,2438,68.81174146203782,5644,2.858,0.077,,,2.858,0.077
small_SRR7963242,2439,68.83996613039797,5644,3.09,0.081,,,3.09,0.081
small_SRR7963242,2440,68.86819079875812,5644,2.994,0.084,,,2.994,0.084
small_SRR7963242,2441,68.89641546711826,5644,2.827,0.067,,,2.827,0.067
small_SRR7963242,2442,68.92464013547841,5644,2.722,0.077,,,2.722,0.077
small_SRR7963242,2443,68.95286480383855,5644,2.822,0.068,,,2.822,0.068
small_SRR7963242,2444,68.9810894721987,5644,2.94,0.071,,,2.94,0.071
small_SRR7963242,2445,69.00931414055884,5644,2.626,0.07,,,2.626,0.07
small_SRR7963242,2446,69.037538808919,5644,2.72,0.076,,,2.72,0.076
small_SRR7963242,2447,69.06576347727915,5644,2.831,0.077,,,2.831,0.077
small_SRR7963242,2448,69.09398814563929,5644,2.719,0.065,,,2.719,0.065
small_SRR7963242,2449,69.12221281399944,5644,2.757,0.073,,,2.757,0.073
small_SRR7963242,2450,69.15043748235958,5644,2.858,0.08,,,2.858,0.08
small_SRR7963242,2451,69.17866215071973,5644,2.928,0.071,,,2.928,0.071
small_SRR7963242,2452,69.20688681907987,5644,2.591,0.069,,,2.591,0.069
small_SRR7963242,2453,69.23511148744002,5644,2.755,0.071,,,2.755,0.071
small_SRR7963242,2454,69.26333615580018,5644,2.604,0.065,,,2.604,0.065
small_SRR7963242,2455,69.29156082416031,5644,2.782,0.065,,,2.782,0.065
small_SRR7963242,2456,69.31978549252047,5644,2.877,0.088,,,2.877,0.088
small_SRR7963242,2457,69.3480101608806,5644,2.896,0.079,,,2.896,0.079
small_SRR7963242,2458,69.37623482924076,5644,2.666,0.068,,,2.666,0.068
small_SRR7963242,2459,69.4044594976009,5644,2.607,0.06,,,2.607,0.06
small_SRR7963242,2460,69.43268416596105,5644,2.769,0.067,,,2.769,0.067
small_SRR7963242,2461,69.4609088343212,5644,2.849,0.06,,,2.849,0.06
small_SRR7963242,2462,69.48913350268134,5644,3.047,0.074,,,3.047,0.074
small_SRR7963242,2463,69.5173581710415,5644,2.878,0.079,,,2.878,0.079
small_SRR7963242,2464,69.54558283940163,5644,2.9,0.077,,,2.9,0.077
small_SRR7963242,2465,69.57380750776179,5644,3.103,0.069,,,3.103,0.069
small_SRR7963242,2466,69.60203217612192,5644,2.646,0.074,,,2.646,0.074
small_SRR7963242,2467,69.63025684448208,5644,3.005,0.078,,,3.005,0.078
small_SRR7963242,2468,69.65848151284223,5644,2.671,0.062,,,2.671,0.062
small_SRR7963242,2469,69.68670618120237,5644,2.504,0.065,,,2.504,0.065
small_SRR7963242,2470,69.71493084956252,5644,2.87,0.065,,,2.87,0.065
small_SRR7963242,2471,69.74315551792266,5644,3.063,0.074,,,3.063,0.074
small_SRR7963242,2472,69.77138018628281,5644,3.04,0.073,,,3.04,0.073
small_SRR7963242,2473,69.79960485464296,5644,2.94,0.074,,,2.94,0.074
small_SRR7963242,2474,69.8278295230031,5644,2.709,0.067,,,2.709,0.067
small_SRR7963242,2475,69.85605419136326,5644,2.906,0.066,,,2.906,0.066
small_SRR7963242,2476,69.8842788597234,5644,2.957,0.078,,,2.957,0.078
small_SRR7963242,2477,69.91250352808355,5644,2.693,0.064,,,2.693,0.064
small_SRR7963242,2478,69.94072819644369,5644,2.752,0.062,,,2.752,0.062
small_SRR7963242,2479,69.96895286480384,5644,2.849,0.078,,,2.849,0.078
small_SRR7963242,2480,69.99717753316399,5644,3.063,0.073,,,3.063,0.073
small_SRR7963242,2481,70.02540220152413,5644,2.933,0.069,,,2.933,0.069
small_SRR7963242,2482,70.05362686988428,5644,2.788,0.069,,,2.788,0.069
small_SRR7963242,2483,70.08185153824442,5644,3.047,0.08,,,3.047,0.08
small_SRR7963242,2484,70.11007620660457,5644,2.932,0.072,,,2.932,0.072
small_SRR7963242,2485,70.13830087496471,5644,2.903,0.064,,,2.903,0.064
small_SRR7963242,2486,70.16652554332487,5644,3.017,0.074,,,3.017,0.074
small_SRR7963242,2487,70.19475021168502,5644,3.134,0.075,,,3.134,0.075
small_SRR7963242,2488,70.22297488004516,5644,2.795,0.075,,,2.795,0.075
small_SRR7963242,2489,70.25119954840531,5644,2.952,0.065,,,2.952,0.065
small_SRR7963242,2490,70.27942421676545,5644,2.796,0.064,,,2.796,0.064
small_SRR7963242,2491,70.3076488851256,5644,2.889,0.075,,,2.889,0.075
small_SRR7963242,2492,70.33587355348574,5644,2.7,0.063,,,2.7,0.063
small_SRR7963242,2493,70.3640982218459,5644,2.828,0.068,,,2.828,0.068
small_SRR7963242,2494,70.39232289020605,5644,2.795,0.077,,,2.795,0.077
small_SRR7963242,2495,70.42054755856618,5644,3.1,0.119,,,3.1,0.119
small_SRR7963242,2496,70.44877222692634,5644,2.696,0.067,,,2.696,0.067
small_SRR7963242,2497,70.47699689528648,5644,2.961,0.065,,,2.961,0.065
small_SRR7963242,2498,70.50522156364663,5644,3.296,0.098,,,3.296,0.098
small_SRR7963242,2499,70.53344623200677,5644,3.143,0.076,,,3.143,0.076
small_SRR7963242,2500,70.56167090036692,5644,2.842,0.066,,,2.842,0.066
small_SRR7963242,2501,70.58989556872707,5644,2.587,0.07,,,2.587,0.07
small_SRR7963242,2502,70.61812023708721,5644,2.836,0.07,,,2.836,0.07
small_SRR7963242,2503,70.64634490544736,5644,2.646,0.064,,,2.646,0.064
small_SRR7963242,2504,70.6745695738075,5644,2.774,0.068,,,2.774,0.068
small_SRR7963242,2505,70.70279424216766,5644,2.845,0.07,,,2.845,0.07
small_SRR7963242,2506,70.7310189105278,5644,2.86,0.082,,,2.86,0.082
small_SRR7963242,2507,70.75924357888795,5644,2.724,0.065,,,2.724,0.065
small_SRR7963242,2508,70.7874682472481,5644,2.667,0.062,,,2.667,0.062
small_SRR7963242,2509,70.81569291560824,5644,2.678,0.061,,,2.678,0.061
small_SRR7963242,2510,70.84391758396839,5644,2.826,0.08,,,2.826,0.08
small_SRR7963242,2511,70.87214225232853,5644,3.049,0.074,,,3.049,0.074
small_SRR7963242,2512,70.90036692068868,5644,2.584,0.083,,,2.584,0.083
small_SRR7963242,2513,70.92859158904884,5644,2.64,0.07,,,2.64,0.07
small_SRR7963242,2514,70.95681625740897,5644,2.706,0.068,,,2.706,0.068
small_SRR7963242,2515,70.98504092576913,5644,2.815,0.075,,,2.815,0.075
small_SRR7963242,2516,71.01326559412927,5644,2.864,0.087,,,2.864,0.087
small_SRR7963242,2517,71.04149026248942,5644,3.007,0.076,,,3.007,0.076
small_SRR7963242,2518,71.06971493084956,5644,2.867,0.067,,,2.867,0.067
small_SRR7963242,2519,71.09793959920971,5644,2.596,0.067,,,2.596,0.067
small_SRR7963242,2520,71.12616426756986,5644,2.937,0.076,,,2.937,0.076
small_SRR7963242,2521,71.15438893593,5644,2.915,0.08,,,2.915,0.08
small_SRR7963242,2522,71.18261360429015,5644,2.906,0.076,,,2.906,0.076
small_SRR7963242,2523,71.21083827265029,5644,3.068,0.083,,,3.068,0.083
small_SRR7963242,2524,71.23906294101045,5644,3.009,0.073,,,3.009,0.073
small_SRR7963242,2525,71.26728760937058,5644,3.334,0.07,,,3.334,0.07
small_SRR7963242,2526,71.29551227773074,5644,3.15,0.074,,,3.15,0.074
small_SRR7963242,2527,71.32373694609089,5644,2.848,0.076,,,2.848,0.076
small_SRR7963242,2528,71.35196161445103,5644,3.01,0.072,,,3.01,0.072
small_SRR7963242,2529,71.38018628281118,5644,2.855,0.069,,,2.855,0.069
small_SRR7963242,2530,71.40841095117132,5644,2.835,0.077,,,2.835,0.077
small_SRR7963242,2531,71.43663561953147,5644,2.966,0.088,,,2.966,0.088
small_SRR7963242,2532,71.46486028789161,5644,2.783,0.076,,,2.783,0.076
small_SRR7963242,2533,71.49308495625176,5644,2.721,0.064,,,2.721,0.064
small_SRR7963242,2534,71.52130962461192,5644,2.736,0.064,,,2.736,0.064
small_SRR7963242,2535,71.54953429297206,5644,2.738,0.068,,,2.738,0.068
small_SRR7963242,2536,71.57775896133221,5644,2.778,0.062,,,2.778,0.062
small_SRR7963242,2537,71.60598362969235,5644,3.168,0.078,,,3.168,0.078
small_SRR7963242,2538,71.6342082980525,5644,2.876,0.079,,,2.876,0.079
small_SRR7963242,2539,71.66243296641264,5644,2.649,0.068,,,2.649,0.068
small_SRR7963242,2540,71.69065763477279,5644,3.152,0.074,,,3.152,0.074
small_SRR7963242,2541,71.71888230313294,5644,3.298,0.089,,,3.298,0.089
small_SRR7963242,2542,71.74710697149308,5644,2.948,0.072,,,2.948,0.072
small_SRR7963242,2543,71.77533163985323,5644,2.576,0.06,,,2.576,0.06
small_SRR7963242,2544,71.80355630821337,5644,2.852,0.075,,,2.852,0.075
small_SRR7963242,2545,71.83178097657353,5644,2.826,0.088,,,2.826,0.088
small_SRR7963242,2546,71.86000564493368,5644,3.241,0.079,,,3.241,0.079
small_SRR7963242,2547,71.88823031329382,5644,2.936,0.087,,,2.936,0.087
small_SRR7963242,2548,71.91645498165397,5644,2.951,0.075,,,2.951,0.075
small_SRR7963242,2549,71.94467965001411,5644,2.909,0.073,,,2.909,0.073
small_SRR7963242,2550,71.97290431837426,5644,3.058,0.073,,,3.058,0.073
small_SRR7963242,2551,72.0011289867344,5644,2.697,0.064,,,2.697,0.064
small_SRR7963242,2552,72.02935365509455,5644,2.901,0.069,,,2.901,0.069
small_SRR7963242,2553,72.0575783234547,5644,2.606,0.071,,,2.606,0.071
small_SRR7963242,2554,72.08580299181484,5644,2.913,0.08,,,2.913,0.08
small_SRR7963242,2555,72.114027660175,5644,3.209,0.075,,,3.209,0.075
small_SRR7963242,2556,72.14225232853514,5644,2.799,0.077,,,2.799,0.077
small_SRR7963242,2557,72.17047699689529,5644,3.19,0.082,,,3.19,0.082
small_SRR7963242,2558,72.19870166525543,5644,2.895,0.086,,,2.895,0.086
small_SRR7963242,2559,72.22692633361558,5644,2.723,0.072,,,2.723,0.072
small_SRR7963242,2560,72.25515100197573,5644,2.828,0.062,,,2.828,0.062
small_SRR7963242,2561,72.28337567033587,5644,2.779,0.076,,,2.779,0.076
small_SRR7963242,2562,72.31160033869602,5644,2.897,0.068,,,2.897,0.068
small_SRR7963242,2563,72.33982500705616,5644,2.603,0.062,,,2.603,0.062
small_SRR7963242,2564,72.36804967541632,5644,2.578,0.067,,,2.578,0.067
small_SRR7963242,2565,72.39627434377645,5644,3.096,0.079,,,3.096,0.079
small_SRR7963242,2566,72.42449901213661,5644,2.751,0.074,,,2.751,0.074
small_SRR7963242,2567,72.45272368049676,5644,3.226,0.089,,,3.226,0.089
small_SRR7963242,2568,72.4809483488569,5644,2.855,0.081,,,2.855,0.081
small_SRR7963242,2569,72.50917301721705,5644,2.878,0.065,,,2.878,0.065
small_SRR7963242,2570,72.53739768557719,5644,2.706,0.077,,,2.706,0.077
small_SRR7963242,2571,72.56562235393734,5644,3.061,0.074,,,3.061,0.074
small_SRR7963242,2572,72.59384702229748,5644,2.664,0.061,,,2.664,0.061
small_SRR7963242,2573,72.62207169065763,5644,2.605,0.071,,,2.605,0.071
small_SRR7963242,2574,72.65029635901779,5644,2.913,0.078,,,2.913,0.078
small_SRR7963242,2575,72.67852102737793,5644,2.9,0.085,,,2.9,0.085
small_SRR7963242,2576,72.70674569573808,5644,2.794,0.076,,,2.794,0.076
small_SRR7963242,2577,72.73497036409822,5644,2.559,0.059,,,2.559,0.059
small_SRR7963242,2578,72.76319503245837,5644,2.746,0.073,,,2.746,0.073
small_SRR7963242,2579,72.79141970081851,5644,2.597,0.062,,,2.597,0.062
small_SRR7963242,2580,72.81964436917866,5644,2.864,0.07,,,2.864,0.07
small_SRR7963242,2581,72.84786903753881,5644,2.726,0.061,,,2.726,0.061
small_SRR7963242,2582,72.87609370589895,5644,2.769,0.063,,,2.769,0.063
small_SRR7963242,2583,72.9043183742591,5644,2.905,0.072,,,2.905,0.072
small_SRR7963242,2584,72.93254304261924,5644,2.832,0.086,,,2.832,0.086
small_SRR7963242,2585,72.9607677109794,5644,2.475,0.058,,,2.475,0.058
small_SRR7963242,2586,72.98899237933955,5644,3.058,0.074,,,3.058,0.074
small_SRR7963242,2587,73.01721704769969,5644,2.738,0.072,,,2.738,0.072
small_SRR7963242,2588,73.04544171605984,5644,3.494,0.086,,,3.494,0.086
small_SRR7963242,2589,73.07366638441998,5644,2.904,0.069,,,2.904,0.069
small_SRR7963242,2590,73.10189105278013,5644,2.548,0.06,,,2.548,0.06
small_SRR7963242,2591,73.13011572114027,5644,2.908,0.067,,,2.908,0.067
small_SRR7963242,2592,73.15834038950042,5644,2.629,0.064,,,2.629,0.064
small_SRR7963242,2593,73.18656505786058,5644,3.167,0.071,,,3.167,0.071
small_SRR7963242,2594,73.21478972622072,5644,2.872,0.061,,,2.872,0.061
small_SRR7963242,2595,73.24301439458087,5644,2.796,0.075,,,2.796,0.075
small_SRR7963242,2596,73.271239062941,5644,2.825,0.073,,,2.825,0.073
small_SRR7963242,2597,73.29946373130116,5644,2.599,0.065,,,2.599,0.065
small_SRR7963242,2598,73.3276883996613,5644,2.844,0.076,,,2.844,0.076
small_SRR7963242,2599,73.35591306802145,5644,2.864,0.077,,,2.864,0.077
small_SRR7963242,2600,73.3841377363816,5644,2.666,0.068,,,2.666,0.068
small_SRR7963242,2601,73.41236240474174,5644,2.809,0.073,,,2.809,0.073
small_SRR7963242,2602,73.4405870731019,5644,2.998,0.079,,,2.998,0.079
small_SRR7963242,2603,73.46881174146203,5644,2.962,0.088,,,2.962,0.088
small_SRR7963242,2604,73.49703640982219,5644,3.03,0.079,,,3.03,0.079
small_SRR7963242,2605,73.52526107818233,5644,3.156,0.076,,,3.156,0.076
small_SRR7963242,2606,73.55348574654248,5644,2.896,0.073,,,2.896,0.073
small_SRR7963242,2607,73.58171041490263,5644,2.915,0.086,,,2.915,0.086
small_SRR7963242,2608,73.60993508326277,5644,2.818,0.075,,,2.818,0.075
small_SRR7963242,2609,73.63815975162292,5644,3.191,0.077,,,3.191,0.077
small_SRR7963242,2610,73.66638441998306,5644,2.914,0.085,,,2.914,0.085
small_SRR7963242,2611,73.69460908834321,5644,2.644,0.071,,,2.644,0.071
small_SRR7963242,2612,73.72283375670335,5644,2.778,0.06,,,2.778,0.06
small_SRR7963242,2613,73.7510584250635,5644,2.702,0.084,,,2.702,0.084
small_SRR7963242,2614,73.77928309342366,5644,3.066,0.076,,,3.066,0.076
small_SRR7963242,2615,73.8075077617838,5644,2.816,0.065,,,2.816,0.065
small_SRR7963242,2616,73.83573243014395,5644,2.756,0.067,,,2.756,0.067
small_SRR7963242,2617,73.86395709850409,5644,2.862,0.068,,,2.862,0.068
small_SRR7963242,2618,73.89218176686424,5644,2.981,0.08,,,2.981,0.08
small_SRR7963242,2619,73.92040643522438,5644,2.634,0.082,,,2.634,0.082
small_SRR7963242,2620,73.94863110358453,5644,2.94,0.086,,,2.94,0.086
small_SRR7963242,2621,73.97685577194468,5644,2.636,0.065,,,2.636,0.065
small_SRR7963242,2622,74.00508044030482,5644,2.73,0.062,,,2.73,0.062
small_SRR7963242,2623,74.03330510866498,5644,2.854,0.087,,,2.854,0.087
small_SRR7963242,2624,74.06152977702511,5644,2.854,0.066,,,2.854,0.066
small_SRR7963242,2625,74.08975444538527,5644,2.655,0.064,,,2.655,0.064
small_SRR7963242,2626,74.11797911374542,5644,2.98,0.092,,,2.98,0.092
small_SRR7963242,2627,74.14620378210556,5644,2.917,0.07,,,2.917,0.07
small_SRR7963242,2628,74.17442845046571,5644,3.199,0.083,,,3.199,0.083
small_SRR7963242,2629,74.20265311882585,5644,2.875,0.065,,,2.875,0.065
small_SRR7963242,2630,74.230877787186,5644,3.008,0.071,,,3.008,0.071
small_SRR7963242,2631,74.25910245554614,5644,2.657,0.063,,,2.657,0.063
small_SRR7963242,2632,74.2873271239063,5644,3.301,0.096,,,3.301,0.096
small_SRR7963242,2633,74.31555179226645,5644,2.813,0.067,,,2.813,0.067
small_SRR7963242,2634,74.34377646062659,5644,2.961,0.082,,,2.961,0.082
small_SRR7963242,2635,74.37200112898674,5644,2.703,0.078,,,2.703,0.078
small_SRR7963242,2636,74.40022579734688,5644,2.749,0.068,,,2.749,0.068
small_SRR7963242,2637,74.42845046570703,5644,2.799,0.067,,,2.799,0.067
small_SRR7963242,2638,74.45667513406717,5644,2.744,0.066,,,2.744,0.066
small_SRR7963242,2639,74.48489980242732,5644,3.099,0.087,,,3.099,0.087
small_SRR7963242,2640,74.51312447078747,5644,2.611,0.073,,,2.611,0.073
small_SRR7963242,2641,74.54134913914761,5644,3.102,0.076,,,3.102,0.076
small_SRR7963242,2642,74.56957380750777,5644,2.801,0.064,,,2.801,0.064
small_SRR7963242,2643,74.5977984758679,5644,2.728,0.072,,,2.728,0.072
small_SRR7963242,2644,74.62602314422806,5644,2.889,0.076,,,2.889,0.076
small_SRR7963242,2645,74.6542478125882,5644,2.587,0.074,,,2.587,0.074
small_SRR7963242,2646,74.68247248094835,5644,2.601,0.071,,,2.601,0.071
small_SRR7963242,2647,74.7106971493085,5644,3.19,0.07,,,3.19,0.07
small_SRR7963242,2648,74.73892181766864,5644,2.856,0.071,,,2.856,0.071
small_SRR7963242,2649,74.76714648602879,5644,2.923,0.075,,,2.923,0.075
small_SRR7963242,2650,74.79537115438893,5644,2.565,0.065,,,2.565,0.065
small_SRR7963242,2651,74.82359582274908,5644,2.822,0.073,,,2.822,0.073
small_SRR7963242,2652,74.85182049110922,5644,2.942,0.075,,,2.942,0.075
small_SRR7963242,2653,74.88004515946938,5644,2.612,0.067,,,2.612,0.067
small_SRR7963242,2654,74.90826982782953,5644,2.867,0.076,,,2.867,0.076
small_SRR7963242,2655,74.93649449618967,5644,3.062,0.091,,,3.062,0.091
small_SRR7963242,2656,74.96471916454982,5644,2.643,0.066,,,2.643,0.066
small_SRR7963242,2657,74.99294383290996,5644,2.864,0.076,,,2.864,0.076
small_SRR7963242,2658,75.02116850127011,5644,2.895,0.098,,,2.895,0.098
small_SRR7963242,2659,75.04939316963026,5644,2.723,0.065,,,2.723,0.065
small_SRR7963242,2660,75.0776178379904,5644,2.836,0.076,,,2.836,0.076
small_SRR7963242,2661,75.10584250635056,5644,2.921,0.07,,,2.921,0.07
small_SRR7963242,2662,75.1340671747107,5644,2.971,0.07,,,2.971,0.07
small_SRR7963242,2663,75.16229184307085,5644,2.959,0.078,,,2.959,0.078
small_SRR7963242,2664,75.19051651143099,5644,2.656,0.067,,,2.656,0.067
small_SRR7963242,2665,75.21874117979114,5644,2.772,0.074,,,2.772,0.074
small_SRR7963242,2666,75.24696584815129,5644,2.861,0.073,,,2.861,0.073
small_SRR7963242,2667,75.27519051651143,5644,2.879,0.067,,,2.879,0.067
small_SRR7963242,2668,75.30341518487158,5644,3.097,0.07,,,3.097,0.07
small_SRR7963242,2669,75.33163985323172,5644,2.993,0.069,,,2.993,0.069
small_SRR7963242,2670,75.35986452159187,5644,2.72,0.064,,,2.72,0.064
small_SRR7963242,2671,75.38808918995201,5644,2.679,0.06,,,2.679,0.06
small_SRR7963242,2672,75.41631385831217,5644,2.698,0.067,,,2.698,0.067
small_SRR7963242,2673,75.44453852667232,5644,2.858,0.078,,,2.858,0.078
small_SRR7963242,2674,75.47276319503246,5644,2.91,0.074,,,2.91,0.074
small_SRR7963242,2675,75.50098786339261,5644,2.947,0.068,,,2.947,0.068
small_SRR7963242,2676,75.52921253175275,5644,2.722,0.06,,,2.722,0.06
small_SRR7963242,2677,75.5574372001129,5644,2.91,0.073,,,2.91,0.073
small_SRR7963242,2678,75.58566186847304,5644,2.917,0.066,,,2.917,0.066
small_SRR7963242,2679,75.61388653683319,5644,2.903,0.093,,,2.903,0.093
small_SRR7963242,2680,75.64211120519334,5644,2.954,0.075,,,2.954,0.075
small_SRR7963242,2681,75.67033587355348,5644,2.789,0.072,,,2.789,0.072
small_SRR7963242,2682,75.69856054191364,5644,2.79,0.067,,,2.79,0.067
small_SRR7963242,2683,75.72678521027377,5644,2.8,0.072,,,2.8,0.072
small_SRR7963242,2684,75.75500987863393,5644,3.046,0.066,,,3.046,0.066
small_SRR7963242,2685,75.78323454699407,5644,3.115,0.094,,,3.115,0.094
small_SRR7963242,2686,75.81145921535422,5644,2.915,0.098,,,2.915,0.098
small_SRR7963242,2687,75.83968388371437,5644,3.034,0.074,,,3.034,0.074
small_SRR7963242,2688,75.86790855207451,5644,3.02,0.069,,,3.02,0.069
small_SRR7963242,2689,75.89613322043466,5644,2.902,0.093,,,2.902,0.093
small_SRR7963242,2690,75.9243578887948,5644,2.968,0.083,,,2.968,0.083
small_SRR7963242,2691,75.95258255715495,5644,2.883,0.068,,,2.883,0.068
small_SRR7963242,2692,75.9808072255151,5644,3.104,0.084,,,3.104,0.084
small_SRR7963242,2693,76.00903189387525,5644,3.141,0.089,,,3.141,0.089
small_SRR7963242,2694,76.0372565622354,5644,2.957,0.093,,,2.957,0.093
small_SRR7963242,2695,76.06548123059554,5644,2.947,0.07,,,2.947,0.07
small_SRR7963242,2696,76.09370589895569,5644,2.839,0.077,,,2.839,0.077
small_SRR7963242,2697,76.12193056731583,5644,2.94,0.065,,,2.94,0.065
small_SRR7963242,2698,76.15015523567598,5644,3.054,0.08,,,3.054,0.08
small_SRR7963242,2699,76.17837990403613,5644,2.693,0.07,,,2.693,0.07
small_SRR7963242,2700,76.20660457239627,5644,2.856,0.068,,,2.856,0.068
small_SRR7963242,2701,76.23482924075643,5644,2.785,0.063,,,2.785,0.063
small_SRR7963242,2702,76.26305390911656,5644,2.985,0.077,,,2.985,0.077
small_SRR7963242,2703,76.29127857747672,5644,2.83,0.082,,,2.83,0.082
small_SRR7963242,2704,76.31950324583686,5644,2.448,0.074,,,2.448,0.074
small_SRR7963242,2705,76.34772791419701,5644,3.095,0.081,,,3.095,0.081
small_SRR7963242,2706,76.37595258255716,5644,3.001,0.067,,,3.001,0.067
small_SRR7963242,2707,76.4041772509173,5644,2.959,0.079,,,2.959,0.079
small_SRR7963242,2708,76.43240191927745,5644,2.511,0.066,,,2.511,0.066
small_SRR7963242,2709,76.46062658763759,5644,3.003,0.094,,,3.003,0.094
small_SRR7963242,2710,76.48885125599774,5644,2.901,0.075,,,2.901,0.075
small_SRR7963242,2711,76.51707592435788,5644,2.938,0.074,,,2.938,0.074
small_SRR7963242,2712,76.54530059271804,5644,3.253,0.093,,,3.253,0.093
small_SRR7963242,2713,76.57352526107819,5644,2.847,0.082,,,2.847,0.082
small_SRR7963242,2714,76.60174992943833,5644,2.551,0.071,,,2.551,0.071
small_SRR7963242,2715,76.62997459779848,5644,2.583,0.079,,,2.583,0.079
small_SRR7963242,2716,76.65819926615862,5644,2.697,0.069,,,2.697,0.069
small_SRR7963242,2717,76.68642393451877,5644,2.769,0.079,,,2.769,0.079
small_SRR7963242,2718,76.71464860287891,5644,2.734,0.069,,,2.734,0.069
small_SRR7963242,2719,76.74287327123906,5644,3.109,0.076,,,3.109,0.076
small_SRR7963242,2720,76.77109793959922,5644,3.021,0.067,,,3.021,0.067
small_SRR7963242,2721,76.79932260795935,5644,3.039,0.072,,,3.039,0.072
small_SRR7963242,2722,76.8275472763195,5644,2.932,0.073,,,2.932,0.073
small_SRR7963242,2723,76.85577194467965,5644,2.792,0.072,,,2.792,0.072
small_SRR7963242,2724,76.8839966130398,5644,3.045,0.079,,,3.045,0.079
small_SRR7963242,2725,76.91222128139994,5644,2.952,0.068,,,2.952,0.068
small_SRR7963242,2726,76.94044594976009,5644,2.743,0.071,,,2.743,0.071
small_SRR7963242,2727,76.96867061812024,5644,2.803,0.066,,,2.803,0.066
small_SRR7963242,2728,76.99689528648038,5644,2.666,0.079,,,2.666,0.079
small_SRR7963242,2729,77.02511995484053,5644,2.794,0.066,,,2.794,0.066
small_SRR7963242,2730,77.05334462320067,5644,2.967,0.065,,,2.967,0.065
small_SRR7963242,2731,77.08156929156083,5644,2.777,0.068,,,2.777,0.068
small_SRR7963242,2732,77.10979395992096,5644,2.963,0.081,,,2.963,0.081
small_SRR7963242,2733,77.13801862828112,5644,2.844,0.068,,,2.844,0.068
small_SRR7963242,2734,77.16624329664127,5644,2.859,0.066,,,2.859,0.066
small_SRR7963242,2735,77.19446796500141,5644,3.07,0.079,,,3.07,0.079
small_SRR7963242,2736,77.22269263336156,5644,2.913,0.07,,,2.913,0.07
small_SRR7963242,2737,77.2509173017217,5644,2.905,0.077,,,2.905,0.077
small_SRR7963242,2738,77.27914197008185,5644,2.746,0.065,,,2.746,0.065
small_SRR7963242,2739,77.307366638442,5644,3.076,0.075,,,3.076,0.075
small_SRR7963242,2740,77.33559130680214,5644,2.91,0.081,,,2.91,0.081
small_SRR7963242,2741,77.3638159751623,5644,3.013,0.072,,,3.013,0.072
small_SRR7963242,2742,77.39204064352244,5644,2.846,0.067,,,2.846,0.067
small_SRR7963242,2743,77.42026531188259,5644,2.825,0.065,,,2.825,0.065
small_SRR7963242,2744,77.44848998024273,5644,2.928,0.071,,,2.928,0.071
small_SRR7963242,2745,77.47671464860288,5644,2.997,0.084,,,2.997,0.084
small_SRR7963242,2746,77.50493931696303,5644,2.684,0.068,,,2.684,0.068
small_SRR7963242,2747,77.53316398532317,5644,2.788,0.068,,,2.788,0.068
small_SRR7963242,2748,77.56138865368332,5644,2.746,0.064,,,2.746,0.064
small_SRR7963242,2749,77.58961332204346,5644,2.797,0.07,,,2.797,0.07
small_SRR7963242,2750,77.61783799040361,5644,2.851,0.073,,,2.851,0.073
small_SRR7963242,2751,77.64606265876375,5644,3.031,0.075,,,3.031,0.075
small_SRR7963242,2752,77.6742873271239,5644,3.081,0.08,,,3.081,0.08
small_SRR7963242,2753,77.70251199548406,5644,2.993,0.067,,,2.993,0.067
small_SRR7963242,2754,77.7307366638442,5644,2.826,0.065,,,2.826,0.065
small_SRR7963242,2755,77.75896133220435,5644,2.809,0.073,,,2.809,0.073
small_SRR7963242,2756,77.78718600056449,5644,3.076,0.077,,,3.076,0.077
small_SRR7963242,2757,77.81541066892464,5644,2.938,0.073,,,2.938,0.073
small_SRR7963242,2758,77.84363533728478,5644,2.978,0.084,,,2.978,0.084
small_SRR7963242,2759,77.87186000564493,5644,2.977,0.075,,,2.977,0.075
small_SRR7963242,2760,77.90008467400509,5644,2.662,0.063,,,2.662,0.063
small_SRR7963242,2761,77.92830934236522,5644,2.87,0.069,,,2.87,0.069
small_SRR7963242,2762,77.95653401072538,5644,3.031,0.08,,,3.031,0.08
small_SRR7963242,2763,77.98475867908552,5644,2.716,0.065,,,2.716,0.065
small_SRR7963242,2764,78.01298334744567,5644,2.599,0.084,,,2.599,0.084
small_SRR7963242,2765,78.04120801580581,5644,2.697,0.061,,,2.697,0.061
small_SRR7963242,2766,78.06943268416596,5644,2.765,0.067,,,2.765,0.067
small_SRR7963242,2767,78.09765735252611,5644,3.096,0.081,,,3.096,0.081
small_SRR7963242,2768,78.12588202088625,5644,2.808,0.077,,,2.808,0.077
small_SRR7963242,2769,78.1541066892464,5644,2.948,0.091,,,2.948,0.091
small_SRR7963242,2770,78.18233135760654,5644,2.726,0.066,,,2.726,0.066
small_SRR7963242,2771,78.2105560259667,5644,2.867,0.061,,,2.867,0.061
small_SRR7963242,2772,78.23878069432685,5644,3.029,0.065,,,3.029,0.065
small_SRR7963242,2773,78.26700536268699,5644,2.832,0.076,,,2.832,0.076
small_SRR7963242,2774,78.29523003104714,5644,2.944,0.073,,,2.944,0.073
small_SRR7963242,2775,78.32345469940728,5644,2.857,0.071,,,2.857,0.071
small_SRR7963242,2776,78.35167936776743,5644,2.783,0.08,,,2.783,0.08
small_SRR7963242,2777,78.37990403612757,5644,2.809,0.077,,,2.809,0.077
small_SRR7963242,2778,78.40812870448772,5644,2.986,0.068,,,2.986,0.068
small_SRR7963242,2779,78.43635337284788,5644,3.031,0.072,,,3.031,0.072
small_SRR7963242,2780,78.46457804120801,5644,2.765,0.079,,,2.765,0.079
small_SRR7963242,2781,78.49280270956817,5644,3.258,0.072,,,3.258,0.072
small_SRR7963242,2782,78.5210273779283,5644,3.119,0.074,,,3.119,0.074
small_SRR7963242,2783,78.54925204628846,5644,2.884,0.074,,,2.884,0.074
small_SRR7963242,2784,78.5774767146486,5644,2.772,0.082,,,2.772,0.082
small_SRR7963242,2785,78.60570138300875,5644,3.068,0.085,,,3.068,0.085
small_SRR7963242,2786,78.6339260513689,5644,2.965,0.079,,,2.965,0.079
small_SRR7963242,2787,78.66215071972904,5644,3.122,0.068,,,3.122,0.068
small_SRR7963242,2788,78.6903753880892,5644,3.037,0.078,,,3.037,0.078
small_SRR7963242,2789,78.71860005644933,5644,2.751,0.075,,,2.751,0.075
small_SRR7963242,2790,78.74682472480949,5644,2.803,0.065,,,2.803,0.065
small_SRR7963242,2791,78.77504939316962,5644,2.84,0.072,,,2.84,0.072
small_SRR7963242,2792,78.80327406152978,5644,2.752,0.062,,,2.752,0.062
small_SRR7963242,2793,78.83149872988993,5644,3.299,0.086,,,3.299,0.086
small_SRR7963242,2794,78.85972339825007,5644,3.009,0.073,,,3.009,0.073
small_SRR7963242,2795,78.88794806661022,5644,2.883,0.076,,,2.883,0.076
small_SRR7963242,2796,78.91617273497036,5644,2.859,0.07,,,2.859,0.07
small_SRR7963242,2797,78.94439740333051,5644,3.116,0.095,,,3.116,0.095
small_SRR7963242,2798,78.97262207169065,5644,2.854,0.076,,,2.854,0.076
small_SRR7963242,2799,79.0008467400508,5644,2.897,0.074,,,2.897,0.074
small_SRR7963242,2800,79.02907140841096,5644,2.814,0.076,,,2.814,0.076
small_SRR7963242,2801,79.0572960767711,5644,2.94,0.075,,,2.94,0.075
small_SRR7963242,2802,79.08552074513125,5644,2.89,0.072,,,2.89,0.072
small_SRR7963242,2803,79.11374541349139,5644,2.948,0.068,,,2.948,0.068
small_SRR7963242,2804,79.14197008185154,5644,3.003,0.073,,,3.003,0.073
small_SRR7963242,2805,79.17019475021168,5644,2.732,0.076,,,2.732,0.076
small_SRR7963242,2806,79.19841941857183,5644,2.838,0.088,,,2.838,0.088
small_SRR7963242,2807,79.22664408693198,5644,3.102,0.081,,,3.102,0.081
small_SRR7963242,2808,79.25486875529212,5644,2.784,0.076,,,2.784,0.076
small_SRR7963242,2809,79.28309342365228,5644,2.933,0.072,,,2.933,0.072
small_SRR7963242,2810,79.31131809201241,5644,2.907,0.089,,,2.907,0.089
small_SRR7963242,2811,79.33954276037257,5644,2.942,0.073,,,2.942,0.073
small_SRR7963242,2812,79.36776742873272,5644,2.798,0.077,,,2.798,0.077
small_SRR7963242,2813,79.39599209709286,5644,2.83,0.068,,,2.83,0.068
small_SRR7963242,2814,79.42421676545301,5644,2.719,0.077,,,2.719,0.077
small_SRR7963242,2815,79.45244143381315,5644,2.84,0.08,,,2.84,0.08
small_SRR7963242,2816,79.4806661021733,5644,2.914,0.073,,,2.914,0.073
small_SRR7963242,2817,79.50889077053344,5644,2.983,0.075,,,2.983,0.075
small_SRR7963242,2818,79.5371154388936,5644,2.898,0.069,,,2.898,0.069
small_SRR7963242,2819,79.56534010725375,5644,2.823,0.075,,,2.823,0.075
small_SRR7963242,2820,79.59356477561388,5644,2.993,0.082,,,2.993,0.082
small_SRR7963242,2821,79.62178944397404,5644,2.995,0.083,,,2.995,0.083
small_SRR7963242,2822,79.65001411233418,5644,2.813,0.075,,,2.813,0.075
small_SRR7963242,2823,79.67823878069433,5644,3.065,0.071,,,3.065,0.071
small_SRR7963242,2824,79.70646344905447,5644,3.144,0.084,,,3.144,0.084
small_SRR7963242,2825,79.73468811741462,5644,3.368,0.077,,,3.368,0.077
small_SRR7963242,2826,79.76291278577477,5644,2.992,0.096,,,2.992,0.096
small_SRR7963242,2827,79.79113745413491,5644,2.92,0.071,,,2.92,0.071
small_SRR7963242,2828,79.81936212249506,5644,2.923,0.075,,,2.923,0.075
small_SRR7963242,2829,79.8475867908552,5644,3.033,0.069,,,3.033,0.069
small_SRR7963242,2830,79.87581145921536,5644,3.052,0.089,,,3.052,0.089
small_SRR7963242,2831,79.9040361275755,5644,2.891,0.07,,,2.891,0.07
small_SRR7963242,2832,79.93226079593565,5644,2.721,0.067,,,2.721,0.067
small_SRR7963242,2833,79.9604854642958,5644,3.018,0.091,,,3.018,0.091
small_SRR7963242,2834,79.98871013265594,5644,3.143,0.078,,,3.143,0.078
small_SRR7963242,2835,80.01693480101609,5644,3.074,0.082,,,3.074,0.082
small_SRR7963242,2836,80.04515946937623,5644,2.957,0.076,,,2.957,0.076
small_SRR7963242,2837,80.07338413773638,5644,2.975,0.073,,,2.975,0.073
small_SRR7963242,2838,80.10160880609652,5644,2.833,0.07,,,2.833,0.07
small_SRR7963242,2839,80.12983347445667,5644,2.905,0.069,,,2.905,0.069
small_SRR7963242,2840,80.15805814281683,5644,2.854,0.071,,,2.854,0.071
small_SRR7963242,2841,80.18628281117697,5644,3.102,0.071,,,3.102,0.071
small_SRR7963242,2842,80.21450747953712,5644,2.877,0.065,,,2.877,0.065
small_SRR7963242,2843,80.24273214789726,5644,2.705,0.065,,,2.705,0.065
small_SRR7963242,2844,80.27095681625741,5644,2.819,0.072,,,2.819,0.072
small_SRR7963242,2845,80.29918148461755,5644,2.691,0.064,,,2.691,0.064
small_SRR7963242,2846,80.3274061529777,5644,3.137,0.083,,,3.137,0.083
small_SRR7963242,2847,80.35563082133785,5644,2.808,0.064,,,2.808,0.064
small_SRR7963242,2848,80.38385548969799,5644,2.648,0.065,,,2.648,0.065
small_SRR7963242,2849,80.41208015805815,5644,3.045,0.07,,,3.045,0.07
small_SRR7963242,2850,80.44030482641828,5644,2.72,0.062,,,2.72,0.062
small_SRR7963242,2851,80.46852949477844,5644,3.071,0.078,,,3.071,0.078
small_SRR7963242,2852,80.49675416313859,5644,2.928,0.075,,,2.928,0.075
small_SRR7963242,2853,80.52497883149873,5644,2.718,0.069,,,2.718,0.069
small_SRR7963242,2854,80.55320349985888,5644,2.831,0.067,,,2.831,0.067
small_SRR7963242,2855,80.58142816821902,5644,2.752,0.093,,,2.752,0.093
small_SRR7963242,2856,80.60965283657917,5644,2.903,0.078,,,2.903,0.078
small_SRR7963242,2857,80.63787750493931,5644,2.8,0.062,,,2.8,0.062
small_SRR7963242,2858,80.66610217329946,5644,3.013,0.07,,,3.013,0.07
small_SRR7963242,2859,80.69432684165962,5644,2.943,0.077,,,2.943,0.077
small_SRR7963242,2860,80.72255151001976,5644,3.039,0.076,,,3.039,0.076
small_SRR7963242,2861,80.75077617837991,5644,2.882,0.084,,,2.882,0.084
small_SRR7963242,2862,80.77900084674005,5644,2.642,0.062,,,2.642,0.062
small_SRR7963242,2863,80.8072255151002,5644,3.139,0.068,,,3.139,0.068
small_SRR7963242,2864,80.83545018346034,5644,2.967,0.087,,,2.967,0.087
small_SRR7963242,2865,80.86367485182049,5644,2.775,0.09,,,2.775,0.09
small_SRR7963242,2866,80.89189952018064,5644,3.303,0.092,,,3.303,0.092
small_SRR7963242,2867,80.92012418854078,5644,2.816,0.067,,,2.816,0.067
small_SRR7963242,2868,80.94834885690094,5644,2.874,0.065,,,2.874,0.065
small_SRR7963242,2869,80.97657352526107,5644,3.01,0.093,,,3.01,0.093
small_SRR7963242,2870,81.00479819362123,5644,3.033,0.079,,,3.033,0.079
small_SRR7963242,2871,81.03302286198137,5644,2.995,0.067,,,2.995,0.067
small_SRR7963242,2872,81.06124753034152,5644,2.912,0.078,,,2.912,0.078
small_SRR7963242,2873,81.08947219870167,5644,2.663,0.061,,,2.663,0.061
small_SRR7963242,2874,81.11769686706181,5644,2.987,0.076,,,2.987,0.076
small_SRR7963242,2875,81.14592153542196,5644,2.981,0.069,,,2.981,0.069
small_SRR7963242,2876,81.1741462037821,5644,2.576,0.065,,,2.576,0.065
small_SRR7963242,2877,81.20237087214225,5644,2.851,0.095,,,2.851,0.095
small_SRR7963242,2878,81.23059554050239,5644,2.561,0.063,,,2.561,0.063
small_SRR7963242,2879,81.25882020886255,5644,2.746,0.072,,,2.746,0.072
small_SRR7963242,2880,81.2870448772227,5644,2.969,0.069,,,2.969,0.069
small_SRR7963242,2881,81.31526954558284,5644,2.891,0.076,,,2.891,0.076
small_SRR7963242,2882,81.34349421394299,5644,2.754,0.073,,,2.754,0.073
small_SRR7963242,2883,81.37171888230313,5644,2.892,0.084,,,2.892,0.084
small_SRR7963242,2884,81.39994355066328,5644,2.784,0.089,,,2.784,0.089
small_SRR7963242,2885,81.42816821902343,5644,2.707,0.072,,,2.707,0.072
small_SRR7963242,2886,81.45639288738357,5644,2.713,0.067,,,2.713,0.067
small_SRR7963242,2887,81.48461755574372,5644,2.96,0.096,,,2.96,0.096
small_SRR7963242,2888,81.51284222410386,5644,2.735,0.073,,,2.735,0.073
small_SRR7963242,2889,81.54106689246402,5644,3.13,0.09,,,3.13,0.09
small_SRR7963242,2890,81.56929156082415,5644,2.928,0.076,,,2.928,0.076
small_SRR7963242,2891,81.59751622918431,5644,3.208,0.074,,,3.208,0.074
small_SRR7963242,2892,81.62574089754446,5644,3.007,0.072,,,3.007,0.072
small_SRR7963242,2893,81.6539655659046,5644,2.98,0.077,,,2.98,0.077
small_SRR7963242,2894,81.68219023426475,5644,2.932,0.073,,,2.932,0.073
small_SRR7963242,2895,81.71041490262489,5644,2.988,0.083,,,2.988,0.083
small_SRR7963242,2896,81.73863957098504,5644,2.53,0.068,,,2.53,0.068
small_SRR7963242,2897,81.76686423934518,5644,2.887,0.067,,,2.887,0.067
small_SRR7963242,2898,81.79508890770533,5644,2.839,0.09,,,2.839,0.09
small_SRR7963242,2899,81.82331357606549,5644,2.881,0.086,,,2.881,0.086
small_SRR7963242,2900,81.85153824442563,5644,3.023,0.078,,,3.023,0.078
small_SRR7963242,2901,81.87976291278578,5644,2.954,0.064,,,2.954,0.064
small_SRR7963242,2902,81.90798758114592,5644,3.091,0.087,,,3.091,0.087
small_SRR7963242,2903,81.93621224950607,5644,2.91,0.079,,,2.91,0.079
small_SRR7963242,2904,81.96443691786621,5644,2.884,0.072,,,2.884,0.072
small_SRR7963242,2905,81.99266158622636,5644,2.927,0.096,,,2.927,0.096
small_SRR7963242,2906,82.02088625458651,5644,2.928,0.077,,,2.928,0.077
small_SRR7963242,2907,82.04911092294665,5644,2.821,0.078,,,2.821,0.078
small_SRR7963242,2908,82.0773355913068,5644,2.845,0.07,,,2.845,0.07
small_SRR7963242,2909,82.10556025966694,5644,3.137,0.085,,,3.137,0.085
small_SRR7963242,2910,82.1337849280271,5644,2.814,0.064,,,2.814,0.064
small_SRR7963242,2911,82.16200959638724,5644,2.587,0.064,,,2.587,0.064
small_SRR7963242,2912,82.19023426474739,5644,2.889,0.066,,,2.889,0.066
small_SRR7963242,2913,82.21845893310754,5644,3.155,0.085,,,3.155,0.085
small_SRR7963242,2914,82.24668360146768,5644,2.903,0.073,,,2.903,0.073
small_SRR7963242,2915,82.27490826982783,5644,3.121,0.072,,,3.121,0.072
small_SRR7963242,2916,82.30313293818797,5644,2.617,0.072,,,2.617,0.072
small_SRR7963242,2917,82.33135760654812,5644,3.109,0.07,,,3.109,0.07
small_SRR7963242,2918,82.35958227490826,5644,3.185,0.073,,,3.185,0.073
small_SRR7963242,2919,82.38780694326842,5644,2.821,0.065,,,2.821,0.065
small_SRR7963242,2920,82.41603161162857,5644,2.79,0.07,,,2.79,0.07
small_SRR7963242,2921,82.4442562799887,5644,2.95,0.076,,,2.95,0.076
small_SRR7963242,2922,82.47248094834886,5644,3.283,0.074,,,3.283,0.074
small_SRR7963242,2923,82.500705616709,5644,2.656,0.072,,,2.656,0.072
small_SRR7963242,2924,82.52893028506915,5644,2.791,0.072,,,2.791,0.072
small_SRR7963242,2925,82.5571549534293,5644,2.613,0.07,,,2.613,0.07
small_SRR7963242,2926,82.58537962178944,5644,3.05,0.073,,,3.05,0.073
small_SRR7963242,2927,82.6136042901496,5644,3.068,0.08,,,3.068,0.08
small_SRR7963242,2928,82.64182895850973,5644,3.052,0.071,,,3.052,0.071
small_SRR7963242,2929,82.67005362686989,5644,2.896,0.074,,,2.896,0.074
small_SRR7963242,2930,82.69827829523003,5644,2.827,0.063,,,2.827,0.063
small_SRR7963242,2931,82.72650296359018,5644,2.854,0.074,,,2.854,0.074
small_SRR7963242,2932,82.75472763195033,5644,3.05,0.069,,,3.05,0.069
small_SRR7963242,2933,82.78295230031047,5644,3.019,0.079,,,3.019,0.079
small_SRR7963242,2934,82.81117696867062,5644,2.796,0.076,,,2.796,0.076
small_SRR7963242,2935,82.83940163703076,5644,2.736,0.066,,,2.736,0.066
small_SRR7963242,2936,82.86762630539091,5644,3.148,0.085,,,3.148,0.085
small_SRR7963242,2937,82.89585097375105,5644,2.954,0.1,,,2.954,0.1
small_SRR7963242,2938,82.9240756421112,5644,2.744,0.063,,,2.744,0.063
small_SRR7963242,2939,82.95230031047136,5644,2.858,0.069,,,2.858,0.069
small_SRR7963242,2940,82.9805249788315,5644,2.773,0.065,,,2.773,0.065
small_SRR7963242,2941,83.00874964719165,5644,2.836,0.07,,,2.836,0.07
small_SRR7963242,2942,83.03697431555179,5644,2.919,0.075,,,2.919,0.075
small_SRR7963242,2943,83.06519898391194,5644,2.727,0.065,,,2.727,0.065
small_SRR7963242,2944,83.09342365227208,5644,2.837,0.069,,,2.837,0.069
small_SRR7963242,2945,83.12164832063223,5644,2.958,0.068,,,2.958,0.068
small_SRR7963242,2946,83.14987298899239,5644,3.078,0.078,,,3.078,0.078
small_SRR7963242,2947,83.17809765735252,5644,3.033,0.074,,,3.033,0.074
small_SRR7963242,2948,83.20632232571268,5644,2.832,0.076,,,2.832,0.076
small_SRR7963242,2949,83.23454699407282,5644,2.902,0.082,,,2.902,0.082
small_SRR7963242,2950,83.26277166243297,5644,2.791,0.068,,,2.791,0.068
small_SRR7963242,2951,83.2909963307931,5644,2.634,0.061,,,2.634,0.061
small_SRR7963242,2952,83.31922099915326,5644,2.933,0.067,,,2.933,0.067
small_SRR7963242,2953,83.34744566751341,5644,2.792,0.071,,,2.792,0.071
small_SRR7963242,2954,83.37567033587355,5644,2.909,0.08,,,2.909,0.08
small_SRR7963242,2955,83.4038950042337,5644,2.775,0.061,,,2.775,0.061
small_SRR7963242,2956,83.43211967259384,5644,3.19,0.089,,,3.19,0.089
small_SRR7963242,2957,83.460344340954,5644,2.755,0.064,,,2.755,0.064
small_SRR7963242,2958,83.48856900931413,5644,3.106,0.082,,,3.106,0.082
small_SRR7963242,2959,83.51679367767429,5644,2.887,0.069,,,2.887,0.069
small_SRR7963242,2960,83.54501834603444,5644,2.9,0.075,,,2.9,0.075
small_SRR7963242,2961,83.57324301439458,5644,2.617,0.062,,,2.617,0.062
small_SRR7963242,2962,83.60146768275473,5644,2.937,0.075,,,2.937,0.075
small_SRR7963242,2963,83.62969235111487,5644,2.884,0.069,,,2.884,0.069
small_SRR7963242,2964,83.65791701947502,5644,3.042,0.074,,,3.042,0.074
small_SRR7963242,2965,83.68614168783517,5644,2.937,0.071,,,2.937,0.071
small_SRR7963242,2966,83.71436635619531,5644,3.267,0.074,,,3.267,0.074
small_SRR7963242,2967,83.74259102455547,5644,2.953,0.075,,,2.953,0.075
small_SRR7963242,2968,83.7708156929156,5644,2.915,0.084,,,2.915,0.084
small_SRR7963242,2969,83.79904036127576,5644,2.801,0.068,,,2.801,0.068
small_SRR7963242,2970,83.8272650296359,5644,3.007,0.081,,,3.007,0.081
small_SRR7963242,2971,83.85548969799605,5644,3.078,0.086,,,3.078,0.086
small_SRR7963242,2972,83.8837143663562,5644,2.951,0.077,,,2.951,0.077
small_SRR7963242,2973,83.91193903471634,5644,2.884,0.092,,,2.884,0.092
small_SRR7963242,2974,83.9401637030765,5644,2.838,0.065,,,2.838,0.065
small_SRR7963242,2975,83.96838837143663,5644,3.066,0.072,,,3.066,0.072
small_SRR7963242,2976,83.99661303979678,5644,2.796,0.071,,,2.796,0.071
small_SRR7963242,2977,84.02483770815692,5644,2.995,0.069,,,2.995,0.069
small_SRR7963242,2978,84.05306237651708,5644,2.534,0.061,,,2.534,0.061
small_SRR7963242,2979,84.08128704487723,5644,2.998,0.085,,,2.998,0.085
small_SRR7963242,2980,84.10951171323737,5644,2.814,0.072,,,2.814,0.072
small_SRR7963242,2981,84.13773638159752,5644,2.643,0.061,,,2.643,0.061
small_SRR7963242,2982,84.16596104995766,5644,2.631,0.06,,,2.631,0.06
small_SRR7963242,2983,84.19418571831781,5644,2.878,0.072,,,2.878,0.072
small_SRR7963242,2984,84.22241038667795,5644,2.611,0.068,,,2.611,0.068
small_SRR7963242,2985,84.2506350550381,5644,3.123,0.082,,,3.123,0.082
small_SRR7963242,2986,84.27885972339826,5644,2.509,0.063,,,2.509,0.063
small_SRR7963242,2987,84.3070843917584,5644,2.817,0.078,,,2.817,0.078
small_SRR7963242,2988,84.33530906011855,5644,3.123,0.071,,,3.123,0.071
small_SRR7963242,2989,84.36353372847869,5644,2.95,0.068,,,2.95,0.068
small_SRR7963242,2990,84.39175839683884,5644,2.889,0.073,,,2.889,0.073
small_SRR7963242,2991,84.41998306519898,5644,2.815,0.068,,,2.815,0.068
small_SRR7963242,2992,84.44820773355913,5644,2.913,0.067,,,2.913,0.067
small_SRR7963242,2993,84.47643240191928,5644,2.975,0.077,,,2.975,0.077
small_SRR7963242,2994,84.50465707027942,5644,3.274,0.073,,,3.274,0.073
small_SRR7963242,2995,84.53288173863957,5644,2.941,0.077,,,2.941,0.077
small_SRR7963242,2996,84.56110640699971,5644,2.93,0.065,,,2.93,0.065
small_SRR7963242,2997,84.58933107535987,5644,3.066,0.071,,,3.066,0.071
small_SRR7963242,2998,84.61755574372002,5644,2.876,0.09,,,2.876,0.09
small_SRR7963242,2999,84.64578041208016,5644,2.826,0.069,,,2.826,0.069
small_SRR7963242,3000,84.67400508044031,5644,2.637,0.065,,,2.637,0.065
small_SRR7963242,3001,84.70222974880045,5644,2.907,0.081,,,2.907,0.081
small_SRR7963242,3002,84.7304544171606,5644,3.056,0.075,,,3.056,0.075
small_SRR7963242,3003,84.75867908552074,5644,2.97,0.08,,,2.97,0.08
small_SRR7963242,3004,84.78690375388089,5644,2.936,0.068,,,2.936,0.068
small_SRR7963242,3005,84.81512842224105,5644,2.806,0.081,,,2.806,0.081
small_SRR7963242,3006,84.84335309060118,5644,2.72,0.063,,,2.72,0.063
small_SRR7963242,3007,84.87157775896134,5644,2.961,0.077,,,2.961,0.077
small_SRR7963242,3008,84.89980242732148,5644,2.876,0.064,,,2.876,0.064
small_SRR7963242,3009,84.92802709568163,5644,2.84,0.081,,,2.84,0.081
small_SRR7963242,3010,84.95625176404177,5644,2.646,0.074,,,2.646,0.074
small_SRR7963242,3011,84.98447643240192,5644,2.627,0.058,,,2.627,0.058
small_SRR7963242,3012,85.01270110076207,5644,2.82,0.072,,,2.82,0.072
small_SRR7963242,3013,85.04092576912221,5644,3.286,0.081,,,3.286,0.081
small_SRR7963242,3014,85.06915043748236,5644,3.075,0.072,,,3.075,0.072
small_SRR7963242,3015,85.0973751058425,5644,2.879,0.067,,,2.879,0.067
small_SRR7963242,3016,85.12559977420266,5644,2.852,0.065,,,2.852,0.065
small_SRR7963242,3017,85.1538244425628,5644,2.769,0.08,,,2.769,0.08
small_SRR7963242,3018,85.18204911092295,5644,2.962,0.071,,,2.962,0.071
small_SRR7963242,3019,85.2102737792831,5644,2.856,0.086,,,2.856,0.086
small_SRR7963242,3020,85.23849844764324,5644,3.131,0.095,,,3.131,0.095
small_SRR7963242,3021,85.26672311600339,5644,3.077,0.097,,,3.077,0.097
small_SRR7963242,3022,85.29494778436353,5644,2.559,0.059,,,2.559,0.059
small_SRR7963242,3023,85.32317245272368,5644,2.912,0.063,,,2.912,0.063
small_SRR7963242,3024,85.35139712108382,5644,3.023,0.092,,,3.023,0.092
small_SRR7963242,3025,85.37962178944397,5644,2.61,0.066,,,2.61,0.066
small_SRR7963242,3026,85.40784645780413,5644,2.919,0.075,,,2.919,0.075
small_SRR7963242,3027,85.43607112616426,5644,2.523,0.058,,,2.523,0.058
small_SRR7963242,3028,85.46429579452442,5644,2.796,0.063,,,2.796,0.063
small_SRR7963242,3029,85.49252046288456,5644,3.073,0.072,,,3.073,0.072
small_SRR7963242,3030,85.52074513124471,5644,2.859,0.067,,,2.859,0.067
small_SRR7963242,3031,85.54896979960485,5644,2.962,0.066,,,2.962,0.066
small_SRR7963242,3032,85.577194467965,5644,3.14,0.089,,,3.14,0.089
small_SRR7963242,3033,85.60541913632515,5644,3.034,0.08,,,3.034,0.08
small_SRR7963242,3034,85.63364380468529,5644,3.078,0.074,,,3.078,0.074
small_SRR7963242,3035,85.66186847304544,5644,3.0,0.077,,,3.0,0.077
small_SRR7963242,3036,85.69009314140558,5644,2.902,0.068,,,2.902,0.068
small_SRR7963242,3037,85.71831780976574,5644,3.022,0.074,,,3.022,0.074
small_SRR7963242,3038,85.74654247812589,5644,3.01,0.068,,,3.01,0.068
small_SRR7963242,3039,85.77476714648603,5644,2.769,0.071,,,2.769,0.071
small_SRR7963242,3040,85.80299181484618,5644,2.961,0.088,,,2.961,0.088
small_SRR7963242,3041,85.83121648320632,5644,2.816,0.077,,,2.816,0.077
small_SRR7963242,3042,85.85944115156647,5644,2.844,0.074,,,2.844,0.074
small_SRR7963242,3043,85.88766581992661,5644,3.089,0.076,,,3.089,0.076
small_SRR7963242,3044,85.91589048828676,5644,2.767,0.074,,,2.767,0.074
small_SRR7963242,3045,85.94411515664692,5644,2.918,0.068,,,2.918,0.068
small_SRR7963242,3046,85.97233982500705,5644,2.615,0.058,,,2.615,0.058
small_SRR7963242,3047,86.00056449336721,5644,3.003,0.07,,,3.003,0.07
small_SRR7963242,3048,86.02878916172735,5644,2.808,0.076,,,2.808,0.076
small_SRR7963242,3049,86.0570138300875,5644,3.018,0.067,,,3.018,0.067
small_SRR7963242,3050,86.08523849844764,5644,2.733,0.065,,,2.733,0.065
small_SRR7963242,3051,86.11346316680779,5644,3.017,0.069,,,3.017,0.069
small_SRR7963242,3052,86.14168783516794,5644,2.565,0.056,,,2.565,0.056
small_SRR7963242,3053,86.16991250352808,5644,2.617,0.07,,,2.617,0.07
small_SRR7963242,3054,86.19813717188823,5644,3.283,0.086,,,3.283,0.086
small_SRR7963242,3055,86.22636184024837,5644,2.955,0.083,,,2.955,0.083
small_SRR7963242,3056,86.25458650860853,5644,2.835,0.066,,,2.835,0.066
small_SRR7963242,3057,86.28281117696866,5644,3.293,0.072,,,3.293,0.072
small_SRR7963242,3058,86.31103584532882,5644,2.506,0.071,,,2.506,0.071
small_SRR7963242,3059,86.33926051368897,5644,2.834,0.066,,,2.834,0.066
small_SRR7963242,3060,86.36748518204911,5644,2.826,0.077,,,2.826,0.077
small_SRR7963242,3061,86.39570985040926,5644,2.475,0.063,,,2.475,0.063
small_SRR7963242,3062,86.4239345187694,5644,2.76,0.069,,,2.76,0.069
small_SRR7963242,3063,86.45215918712955,5644,2.755,0.064,,,2.755,0.064
small_SRR7963242,3064,86.48038385548969,5644,2.587,0.061,,,2.587,0.061
small_SRR7963242,3065,86.50860852384984,5644,3.083,0.078,,,3.083,0.078
small_SRR7963242,3066,86.53683319221,5644,3.029,0.074,,,3.029,0.074
small_SRR7963242,3067,86.56505786057014,5644,2.822,0.073,,,2.822,0.073
small_SRR7963242,3068,86.59328252893029,5644,2.968,0.075,,,2.968,0.075
small_SRR7963242,3069,86.62150719729043,5644,2.777,0.066,,,2.777,0.066
small_SRR7963242,3070,86.64973186565058,5644,2.871,0.07,,,2.871,0.07
small_SRR7963242,3071,86.67795653401072,5644,2.594,0.062,,,2.594,0.062
small_SRR7963242,3072,86.70618120237087,5644,3.131,0.071,,,3.131,0.071
small_SRR7963242,3073,86.73440587073102,5644,2.84,0.066,,,2.84,0.066
small_SRR7963242,3074,86.76263053909116,5644,2.834,0.068,,,2.834,0.068
small_SRR7963242,3075,86.79085520745132,5644,2.749,0.077,,,2.749,0.077
small_SRR7963242,3076,86.81907987581145,5644,2.874,0.069,,,2.874,0.069
small_SRR7963242,3077,86.8473045441716,5644,2.749,0.062,,,2.749,0.062
small_SRR7963242,3078,86.87552921253176,5644,2.823,0.064,,,2.823,0.064
small_SRR7963242,3079,86.9037538808919,5644,2.703,0.069,,,2.703,0.069
small_SRR7963242,3080,86.93197854925205,5644,2.813,0.078,,,2.813,0.078
small_SRR7963242,3081,86.96020321761219,5644,3.179,0.087,,,3.179,0.087
small_SRR7963242,3082,86.98842788597234,5644,2.646,0.067,,,2.646,0.067
small_SRR7963242,3083,87.01665255433248,5644,2.706,0.061,,,2.706,0.061
small_SRR7963242,3084,87.04487722269263,5644,2.818,0.064,,,2.818,0.064
small_SRR7963242,3085,87.07310189105279,5644,2.933,0.077,,,2.933,0.077
small_SRR7963242,3086,87.10132655941293,5644,2.714,0.07,,,2.714,0.07
small_SRR7963242,3087,87.12955122777308,5644,3.244,0.088,,,3.244,0.088
small_SRR7963242,3088,87.15777589613322,5644,2.887,0.083,,,2.887,0.083
small_SRR7963242,3089,87.18600056449337,5644,2.652,0.066,,,2.652,0.066
small_SRR7963242,3090,87.21422523285351,5644,2.553,0.058,,,2.553,0.058
small_SRR7963242,3091,87.24244990121366,5644,2.925,0.079,,,2.925,0.079
small_SRR7963242,3092,87.27067456957381,5644,2.767,0.073,,,2.767,0.073
small_SRR7963242,3093,87.29889923793395,5644,2.851,0.088,,,2.851,0.088
small_SRR7963242,3094,87.3271239062941,5644,3.125,0.097,,,3.125,0.097
small_SRR7963242,3095,87.35534857465424,5644,2.99,0.073,,,2.99,0.073
small_SRR7963242,3096,87.3835732430144,5644,2.694,0.068,,,2.694,0.068
small_SRR7963242,3097,87.41179791137453,5644,3.076,0.077,,,3.076,0.077
small_SRR7963242,3098,87.44002257973469,5644,2.81,0.081,,,2.81,0.081
small_SRR7963242,3099,87.46824724809484,5644,2.731,0.064,,,2.731,0.064
small_SRR7963242,3100,87.49647191645498,5644,2.743,0.066,,,2.743,0.066
small_SRR7963242,3101,87.52469658481513,5644,2.757,0.068,,,2.757,0.068
small_SRR7963242,3102,87.55292125317527,5644,2.972,0.076,,,2.972,0.076
small_SRR7963242,3103,87.58114592153542,5644,3.052,0.075,,,3.052,0.075
small_SRR7963242,3104,87.60937058989556,5644,2.935,0.068,,,2.935,0.068
small_SRR7963242,3105,87.63759525825571,5644,2.975,0.079,,,2.975,0.079
small_SRR7963242,3106,87.66581992661587,5644,2.826,0.088,,,2.826,0.088
small_SRR7963242,3107,87.694044594976,5644,2.862,0.066,,,2.862,0.066
small_SRR7963242,3108,87.72226926333616,5644,2.786,0.072,,,2.786,0.072
small_SRR7963242,3109,87.7504939316963,5644,3.114,0.075,,,3.114,0.075
small_SRR7963242,3110,87.77871860005645,5644,2.931,0.074,,,2.931,0.074
small_SRR7963242,3111,87.8069432684166,5644,2.823,0.087,,,2.823,0.087
small_SRR7963242,3112,87.83516793677674,5644,2.591,0.08,,,2.591,0.08
small_SRR7963242,3113,87.8633926051369,5644,2.702,0.062,,,2.702,0.062
small_SRR7963242,3114,87.89161727349703,5644,2.76,0.066,,,2.76,0.066
small_SRR7963242,3115,87.91984194185719,5644,2.849,0.068,,,2.849,0.068
small_SRR7963242,3116,87.94806661021732,5644,3.173,0.074,,,3.173,0.074
small_SRR7963242,3117,87.97629127857748,5644,3.087,0.083,,,3.087,0.083
small_SRR7963242,3118,88.00451594693763,5644,2.986,0.069,,,2.986,0.069
small_SRR7963242,3119,88.03274061529777,5644,3.09,0.077,,,3.09,0.077
small_SRR7963242,3120,88.06096528365792,5644,2.704,0.068,,,2.704,0.068
small_SRR7963242,3121,88.08918995201806,5644,2.818,0.072,,,2.818,0.072
small_SRR7963242,3122,88.11741462037821,5644,3.103,0.091,,,3.103,0.091
small_SRR7963242,3123,88.14563928873835,5644,3.088,0.074,,,3.088,0.074
small_SRR7963242,3124,88.1738639570985,5644,2.813,0.075,,,2.813,0.075
small_SRR7963242,3125,88.20208862545866,5644,3.095,0.076,,,3.095,0.076
small_SRR7963242,3126,88.2303132938188,5644,2.982,0.076,,,2.982,0.076
small_SRR7963242,3127,88.25853796217895,5644,2.937,0.074,,,2.937,0.074
small_SRR7963242,3128,88.28676263053909,5644,2.652,0.062,,,2.652,0.062
small_SRR7963242,3129,88.31498729889924,5644,2.796,0.075,,,2.796,0.075
small_SRR7963242,3130,88.34321196725938,5644,2.76,0.079,,,2.76,0.079
small_SRR7963242,3131,88.37143663561953,5644,2.846,0.067,,,2.846,0.067
small_SRR7963242,3132,88.39966130397968,5644,2.787,0.063,,,2.787,0.063
small_SRR7963242,3133,88.42788597233982,5644,2.85,0.059,,,2.85,0.059
small_SRR7963242,3134,88.45611064069998,5644,2.725,0.067,,,2.725,0.067
small_SRR7963242,3135,88.48433530906011,5644,2.773,0.07,,,2.773,0.07
small_SRR7963242,3136,88.51255997742027,5644,2.903,0.06,,,2.903,0.06
small_SRR7963242,3137,88.5407846457804,5644,2.816,0.064,,,2.816,0.064
small_SRR7963242,3138,88.56900931414056,5644,3.037,0.073,,,3.037,0.073
small_SRR7963242,3139,88.59723398250071,5644,2.888,0.08,,,2.888,0.08
small_SRR7963242,3140,88.62545865086085,5644,2.734,0.075,,,2.734,0.075
small_SRR7963242,3141,88.653683319221,5644,3.032,0.081,,,3.032,0.081
small_SRR7963242,3142,88.68190798758114,5644,2.619,0.061,,,2.619,0.061
small_SRR7963242,3143,88.7101326559413,5644,2.981,0.07,,,2.981,0.07
small_SRR7963242,3144,88.73835732430143,5644,2.944,0.08,,,2.944,0.08
small_SRR7963242,3145,88.76658199266159,5644,2.749,0.069,,,2.749,0.069
small_SRR7963242,3146,88.79480666102174,5644,2.796,0.072,,,2.796,0.072
small_SRR7963242,3147,88.82303132938188,5644,2.965,0.076,,,2.965,0.076
small_SRR7963242,3148,88.85125599774203,5644,2.894,0.066,,,2.894,0.066
small_SRR7963242,3149,88.87948066610217,5644,2.838,0.067,,,2.838,0.067
small_SRR7963242,3150,88.90770533446232,5644,2.741,0.069,,,2.741,0.069
small_SRR7963242,3151,88.93593000282247,5644,2.4,0.062,,,2.4,0.062
small_SRR7963242,3152,88.96415467118261,5644,2.806,0.077,,,2.806,0.077
small_SRR7963242,3153,88.99237933954277,5644,2.636,0.072,,,2.636,0.072
small_SRR7963242,3154,89.0206040079029,5644,2.826,0.078,,,2.826,0.078
small_SRR7963242,3155,89.04882867626306,5644,2.73,0.071,,,2.73,0.071
small_SRR7963242,3156,89.0770533446232,5644,2.764,0.074,,,2.764,0.074
small_SRR7963242,3157,89.10527801298335,5644,3.121,0.07,,,3.121,0.07
small_SRR7963242,3158,89.1335026813435,5644,2.849,0.063,,,2.849,0.063
small_SRR7963242,3159,89.16172734970364,5644,2.774,0.075,,,2.774,0.075
small_SRR7963242,3160,89.18995201806379,5644,2.995,0.07,,,2.995,0.07
small_SRR7963242,3161,89.21817668642393,5644,2.712,0.061,,,2.712,0.061
small_SRR7963242,3162,89.24640135478408,5644,2.634,0.062,,,2.634,0.062
small_SRR7963242,3163,89.27462602314422,5644,3.043,0.07,,,3.043,0.07
small_SRR7963242,3164,89.30285069150437,5644,2.884,0.078,,,2.884,0.078
small_SRR7963242,3165,89.33107535986453,5644,2.628,0.076,,,2.628,0.076
small_SRR7963242,3166,89.35930002822467,5644,2.553,0.06,,,2.553,0.06
small_SRR7963242,3167,89.38752469658482,5644,3.046,0.072,,,3.046,0.072
small_SRR7963242,3168,89.41574936494496,5644,3.029,0.074,,,3.029,0.074
small_SRR7963242,3169,89.44397403330511,5644,2.771,0.064,,,2.771,0.064
small_SRR7963242,3170,89.47219870166525,5644,3.259,0.073,,,3.259,0.073
small_SRR7963242,3171,89.5004233700254,5644,2.718,0.099,,,2.718,0.099
small_SRR7963242,3172,89.52864803838555,5644,2.688,0.059,,,2.688,0.059
small_SRR7963242,3173,89.5568727067457,5644,3.077,0.094,,,3.077,0.094
small_SRR7963242,3174,89.58509737510585,5644,2.799,0.073,,,2.799,0.073
small_SRR7963242,3175,89.61332204346598,5644,2.803,0.074,,,2.803,0.074
small_SRR7963242,3176,89.64154671182614,5644,2.988,0.077,,,2.988,0.077
small_SRR7963242,3177,89.66977138018628,5644,2.981,0.069,,,2.981,0.069
small_SRR7963242,3178,89.69799604854643,5644,2.887,0.065,,,2.887,0.065
small_SRR7963242,3179,89.72622071690658,5644,2.699,0.073,,,2.699,0.073
small_SRR7963242,3180,89.75444538526672,5644,2.581,0.066,,,2.581,0.066
small_SRR7963242,3181,89.78267005362687,5644,2.788,0.071,,,2.788,0.071
small_SRR7963242,3182,89.81089472198701,5644,2.902,0.095,,,2.902,0.095
small_SRR7963242,3183,89.83911939034716,5644,3.242,0.09,,,3.242,0.09
small_SRR7963242,3184,89.8673440587073,5644,2.666,0.065,,,2.666,0.065
small_SRR7963242,3185,89.89556872706746,5644,2.565,0.061,,,2.565,0.061
small_SRR7963242,3186,89.92379339542761,5644,3.297,0.078,,,3.297,0.078
small_SRR7963242,3187,89.95201806378775,5644,2.923,0.069,,,2.923,0.069
small_SRR7963242,3188,89.9802427321479,5644,3.093,0.069,,,3.093,0.069
small_SRR7963242,3189,90.00846740050804,5644,2.756,0.063,,,2.756,0.063
small_SRR7963242,3190,90.03669206886819,5644,2.546,0.06,,,2.546,0.06
small_SRR7963242,3191,90.06491673722834,5644,2.739,0.065,,,2.739,0.065
small_SRR7963242,3192,90.09314140558848,5644,2.809,0.082,,,2.809,0.082
small_SRR7963242,3193,90.12136607394864,5644,2.904,0.074,,,2.904,0.074
small_SRR7963242,3194,90.14959074230877,5644,2.838,0.065,,,2.838,0.065
small_SRR7963242,3195,90.17781541066893,5644,2.977,0.086,,,2.977,0.086
small_SRR7963242,3196,90.20604007902907,5644,2.882,0.072,,,2.882,0.072
small_SRR7963242,3197,90.23426474738922,5644,2.83,0.078,,,2.83,0.078
small_SRR7963242,3198,90.26248941574937,5644,2.708,0.065,,,2.708,0.065
small_SRR7963242,3199,90.29071408410951,5644,2.671,0.079,,,2.671,0.079
small_SRR7963242,3200,90.31893875246966,5644,2.849,0.081,,,2.849,0.081
small_SRR7963242,3201,90.3471634208298,5644,2.966,0.067,,,2.966,0.067
small_SRR7963242,3202,90.37538808918995,5644,2.893,0.074,,,2.893,0.074
small_SRR7963242,3203,90.40361275755009,5644,2.8,0.076,,,2.8,0.076
small_SRR7963242,3204,90.43183742591025,5644,2.88,0.066,,,2.88,0.066
small_SRR7963242,3205,90.4600620942704,5644,2.79,0.069,,,2.79,0.069
small_SRR7963242,3206,90.48828676263054,5644,2.997,0.076,,,2.997,0.076
small_SRR7963242,3207,90.51651143099069,5644,2.541,0.068,,,2.541,0.068
small_SRR7963242,3208,90.54473609935083,5644,2.816,0.068,,,2.816,0.068
small_SRR7963242,3209,90.57296076771098,5644,2.769,0.069,,,2.769,0.069
small_SRR7963242,3210,90.60118543607112,5644,2.767,0.068,,,2.767,0.068
small_SRR7963242,3211,90.62941010443127,5644,2.807,0.084,,,2.807,0.084
small_SRR7963242,3212,90.65763477279143,5644,2.75,0.069,,,2.75,0.069
small_SRR7963242,3213,90.68585944115156,5644,2.564,0.063,,,2.564,0.063
small_SRR7963242,3214,90.71408410951172,5644,2.686,0.08,,,2.686,0.08
small_SRR7963242,3215,90.74230877787186,5644,2.629,0.06,,,2.629,0.06
small_SRR7963242,3216,90.77053344623201,5644,2.961,0.083,,,2.961,0.083
small_SRR7963242,3217,90.79875811459215,5644,2.782,0.065,,,2.782,0.065
small_SRR7963242,3218,90.8269827829523,5644,2.406,0.066,,,2.406,0.066
small_SRR7963242,3219,90.85520745131245,5644,2.533,0.077,,,2.533,0.077
small_SRR7963242,3220,90.88343211967259,5644,2.913,0.069,,,2.913,0.069
small_SRR7963242,3221,90.91165678803274,5644,2.938,0.074,,,2.938,0.074
small_SRR7963242,3222,90.93988145639288,5644,2.981,0.079,,,2.981,0.079
small_SRR7963242,3223,90.96810612475304,5644,2.99,0.074,,,2.99,0.074
small_SRR7963242,3224,90.99633079311319,5644,3.33,0.089,,,3.33,0.089
small_SRR7963242,3225,91.02455546147333,5644,2.878,0.091,,,2.878,0.091
small_SRR7963242,3226,91.05278012983348,5644,2.807,0.072,,,2.807,0.072
small_SRR7963242,3227,91.08100479819362,5644,2.89,0.071,,,2.89,0.071
small_SRR7963242,3228,91.10922946655377,5644,2.948,0.082,,,2.948,0.082
small_SRR7963242,3229,91.13745413491391,5644,2.743,0.085,,,2.743,0.085
small_SRR7963242,3230,91.16567880327406,5644,2.587,0.063,,,2.587,0.063
small_SRR7963242,3231,91.19390347163421,5644,2.732,0.072,,,2.732,0.072
small_SRR7963242,3232,91.22212813999435,5644,2.765,0.078,,,2.765,0.078
small_SRR7963242,3233,91.2503528083545,5644,2.792,0.064,,,2.792,0.064
small_SRR7963242,3234,91.27857747671464,5644,2.621,0.06,,,2.621,0.06
small_SRR7963242,3235,91.3068021450748,5644,2.758,0.074,,,2.758,0.074
small_SRR7963242,3236,91.33502681343494,5644,3.099,0.076,,,3.099,0.076
small_SRR7963242,3237,91.36325148179509,5644,3.285,0.078,,,3.285,0.078
small_SRR7963242,3238,91.39147615015524,5644,2.967,0.08,,,2.967,0.08
small_SRR7963242,3239,91.41970081851538,5644,2.775,0.074,,,2.775,0.074
small_SRR7963242,3240,91.44792548687553,5644,2.953,0.074,,,2.953,0.074
small_SRR7963242,3241,91.47615015523567,5644,3.237,0.083,,,3.237,0.083
small_SRR7963242,3242,91.50437482359582,5644,2.412,0.055,,,2.412,0.055
small_SRR7963242,3243,91.53259949195596,5644,2.799,0.063,,,2.799,0.063
small_SRR7963242,3244,91.56082416031612,5644,2.823,0.066,,,2.823,0.066
small_SRR7963242,3245,91.58904882867627,5644,2.733,0.067,,,2.733,0.067
small_SRR7963242,3246,91.61727349703641,5644,2.882,0.072,,,2.882,0.072
small_SRR7963242,3247,91.64549816539656,5644,2.854,0.082,,,2.854,0.082
small_SRR7963242,3248,91.6737228337567,5644,2.824,0.072,,,2.824,0.072
small_SRR7963242,3249,91.70194750211685,5644,2.792,0.069,,,2.792,0.069
small_SRR7963242,3250,91.73017217047699,5644,2.733,0.063,,,2.733,0.063
small_SRR7963242,3251,91.75839683883714,5644,2.773,0.065,,,2.773,0.065
small_SRR7963242,3252,91.7866215071973,5644,2.598,0.059,,,2.598,0.059
small_SRR7963242,3253,91.81484617555743,5644,2.698,0.065,,,2.698,0.065
small_SRR7963242,3254,91.84307084391759,5644,2.923,0.08,,,2.923,0.08
small_SRR7963242,3255,91.87129551227773,5644,2.717,0.069,,,2.717,0.069
small_SRR7963242,3256,91.89952018063788,5644,3.065,0.077,,,3.065,0.077
small_SRR7963242,3257,91.92774484899802,5644,2.829,0.071,,,2.829,0.071
small_SRR7963242,3258,91.95596951735817,5644,2.921,0.076,,,2.921,0.076
small_SRR7963242,3259,91.98419418571832,5644,2.915,0.077,,,2.915,0.077
small_SRR7963242,3260,92.01241885407846,5644,2.778,0.078,,,2.778,0.078
small_SRR7963242,3261,92.04064352243861,5644,3.084,0.078,,,3.084,0.078
small_SRR7963242,3262,92.06886819079875,5644,3.093,0.074,,,3.093,0.074
small_SRR7963242,3263,92.0970928591589,5644,2.665,0.065,,,2.665,0.065
small_SRR7963242,3264,92.12531752751906,5644,2.582,0.061,,,2.582,0.061
small_SRR7963242,3265,92.1535421958792,5644,3.041,0.087,,,3.041,0.087
small_SRR7963242,3266,92.18176686423935,5644,2.623,0.062,,,2.623,0.062
small_SRR7963242,3267,92.20999153259949,5644,2.724,0.068,,,2.724,0.068
small_SRR7963242,3268,92.23821620095964,5644,2.561,0.074,,,2.561,0.074
small_SRR7963242,3269,92.26644086931978,5644,2.809,0.075,,,2.809,0.075
small_SRR7963242,3270,92.29466553767993,5644,2.848,0.069,,,2.848,0.069
small_SRR7963242,3271,92.32289020604009,5644,2.85,0.074,,,2.85,0.074
small_SRR7963242,3272,92.35111487440022,5644,2.513,0.062,,,2.513,0.062
small_SRR7963242,3273,92.37933954276038,5644,2.904,0.077,,,2.904,0.077
small_SRR7963242,3274,92.40756421112052,5644,2.747,0.078,,,2.747,0.078
small_SRR7963242,3275,92.43578887948067,5644,2.59,0.059,,,2.59,0.059
small_SRR7963242,3276,92.4640135478408,5644,2.747,0.071,,,2.747,0.071
small_SRR7963242,3277,92.49223821620096,5644,2.806,0.075,,,2.806,0.075
small_SRR7963242,3278,92.52046288456111,5644,3.132,0.078,,,3.132,0.078
small_SRR7963242,3279,92.54868755292125,5644,2.96,0.078,,,2.96,0.078
small_SRR7963242,3280,92.5769122212814,5644,2.884,0.07,,,2.884,0.07
small_SRR7963242,3281,92.60513688964154,5644,2.957,0.078,,,2.957,0.078
small_SRR7963242,3282,92.6333615580017,5644,2.655,0.065,,,2.655,0.065
small_SRR7963242,3283,92.66158622636183,5644,2.564,0.061,,,2.564,0.061
small_SRR7963242,3284,92.68981089472199,5644,2.695,0.072,,,2.695,0.072
small_SRR7963242,3285,92.71803556308214,5644,2.814,0.067,,,2.814,0.067
small_SRR7963242,3286,92.74626023144228,5644,2.807,0.081,,,2.807,0.081
small_SRR7963242,3287,92.77448489980243,5644,2.775,0.069,,,2.775,0.069
small_SRR7963242,3288,92.80270956816257,5644,2.658,0.06,,,2.658,0.06
small_SRR7963242,3289,92.83093423652272,5644,2.937,0.076,,,2.937,0.076
small_SRR7963242,3290,92.85915890488286,5644,2.741,0.078,,,2.741,0.078
small_SRR7963242,3291,92.88738357324301,5644,2.859,0.07,,,2.859,0.07
small_SRR7963242,3292,92.91560824160317,5644,2.746,0.066,,,2.746,0.066
small_SRR7963242,3293,92.9438329099633,5644,2.731,0.088,,,2.731,0.088
small_SRR7963242,3294,92.97205757832346,5644,3.106,0.075,,,3.106,0.075
small_SRR7963242,3295,93.0002822466836,5644,3.04,0.073,,,3.04,0.073
small_SRR7963242,3296,93.02850691504375,5644,2.699,0.063,,,2.699,0.063
small_SRR7963242,3297,93.05673158340389,5644,3.004,0.081,,,3.004,0.081
small_SRR7963242,3298,93.08495625176404,5644,2.557,0.057,,,2.557,0.057
small_SRR7963242,3299,93.1131809201242,5644,2.672,0.061,,,2.672,0.061
small_SRR7963242,3300,93.14140558848433,5644,2.905,0.074,,,2.905,0.074
small_SRR7963242,3301,93.16963025684448,5644,2.876,0.077,,,2.876,0.077
small_SRR7963242,3302,93.19785492520462,5644,2.496,0.063,,,2.496,0.063
small_SRR7963242,3303,93.22607959356478,5644,2.67,0.069,,,2.67,0.069
small_SRR7963242,3304,93.25430426192493,5644,2.515,0.072,,,2.515,0.072
small_SRR7963242,3305,93.28252893028507,5644,2.894,0.074,,,2.894,0.074
small_SRR7963242,3306,93.31075359864522,5644,2.743,0.067,,,2.743,0.067
small_SRR7963242,3307,93.33897826700536,5644,2.637,0.067,,,2.637,0.067
small_SRR7963242,3308,93.36720293536551,5644,2.969,0.075,,,2.969,0.075
small_SRR7963242,3309,93.39542760372565,5644,2.933,0.074,,,2.933,0.074
small_SRR7963242,3310,93.4236522720858,5644,2.665,0.069,,,2.665,0.069
small_SRR7963242,3311,93.45187694044596,5644,2.587,0.061,,,2.587,0.061
small_SRR7963242,3312,93.4801016088061,5644,2.748,0.074,,,2.748,0.074
small_SRR7963242,3313,93.50832627716625,5644,2.831,0.083,,,2.831,0.083
small_SRR7963242,3314,93.53655094552639,5644,2.805,0.072,,,2.805,0.072
small_SRR7963242,3315,93.56477561388654,5644,2.736,0.061,,,2.736,0.061
small_SRR7963242,3316,93.59300028224668,5644,2.774,0.082,,,2.774,0.082
small_SRR7963242,3317,93.62122495060683,5644,2.487,0.07,,,2.487,0.07
small_SRR7963242,3318,93.64944961896698,5644,3.041,0.078,,,3.041,0.078
small_SRR7963242,3319,93.67767428732712,5644,2.638,0.069,,,2.638,0.069
small_SRR7963242,3320,93.70589895568727,5644,2.7,0.069,,,2.7,0.069
small_SRR7963242,3321,93.73412362404741,5644,2.742,0.075,,,2.742,0.075
small_SRR7963242,3322,93.76234829240757,5644,2.777,0.067,,,2.777,0.067
small_SRR7963242,3323,93.7905729607677,5644,2.981,0.073,,,2.981,0.073
small_SRR7963242,3324,93.81879762912786,5644,2.963,0.083,,,2.963,0.083
small_SRR7963242,3325,93.84702229748801,5644,2.709,0.07,,,2.709,0.07
small_SRR7963242,3326,93.87524696584815,5644,2.738,0.07,,,2.738,0.07
small_SRR7963242,3327,93.9034716342083,5644,2.849,0.062,,,2.849,0.062
small_SRR7963242,3328,93.93169630256844,5644,2.794,0.067,,,2.794,0.067
small_SRR7963242,3329,93.9599209709286,5644,2.567,0.061,,,2.567,0.061
small_SRR7963242,3330,93.98814563928873,5644,2.934,0.089,,,2.934,0.089
small_SRR7963242,3331,94.01637030764888,5644,3.192,0.078,,,3.192,0.078
small_SRR7963242,3332,94.04459497600904,5644,3.005,0.069,,,3.005,0.069
small_SRR7963242,3333,94.07281964436918,5644,3.066,0.068,,,3.066,0.068
small_SRR7963242,3334,94.10104431272933,5644,3.093,0.075,,,3.093,0.075
small_SRR7963242,3335,94.12926898108947,5644,3.167,0.078,,,3.167,0.078
small_SRR7963242,3336,94.15749364944962,5644,2.969,0.064,,,2.969,0.064
small_SRR7963242,3337,94.18571831780977,5644,2.973,0.088,,,2.973,0.088
small_SRR7963242,3338,94.21394298616991,5644,2.985,0.074,,,2.985,0.074
small_SRR7963242,3339,94.24216765453006,5644,2.918,0.074,,,2.918,0.074
small_SRR7963242,3340,94.2703923228902,5644,2.778,0.061,,,2.778,0.061
small_SRR7963242,3341,94.29861699125036,5644,2.635,0.07,,,2.635,0.07
small_SRR7963242,3342,94.3268416596105,5644,2.793,0.069,,,2.793,0.069
small_SRR7963242,3343,94.35506632797065,5644,2.822,0.07,,,2.822,0.07
small_SRR7963242,3344,94.3832909963308,5644,3.084,0.07,,,3.084,0.07
small_SRR7963242,3345,94.41151566469094,5644,2.685,0.082,,,2.685,0.082
small_SRR7963242,3346,94.43974033305109,5644,2.991,0.07,,,2.991,0.07
small_SRR7963242,3347,94.46796500141123,5644,2.729,0.08,,,2.729,0.08
small_SRR7963242,3348,94.49618966977138,5644,3.151,0.079,,,3.151,0.079
small_SRR7963242,3349,94.52441433813152,5644,2.957,0.088,,,2.957,0.088
small_SRR7963242,3350,94.55263900649167,5644,3.139,0.066,,,3.139,0.066
small_SRR7963242,3351,94.58086367485183,5644,2.856,0.076,,,2.856,0.076
small_SRR7963242,3352,94.60908834321197,5644,2.958,0.079,,,2.958,0.079
small_SRR7963242,3353,94.63731301157212,5644,3.013,0.088,,,3.013,0.088
small_SRR7963242,3354,94.66553767993226,5644,2.992,0.073,,,2.992,0.073
small_SRR7963242,3355,94.69376234829241,5644,2.805,0.081,,,2.805,0.081
small_SRR7963242,3356,94.72198701665255,5644,2.696,0.074,,,2.696,0.074
small_SRR7963242,3357,94.7502116850127,5644,2.761,0.067,,,2.761,0.067
small_SRR7963242,3358,94.77843635337285,5644,2.922,0.07,,,2.922,0.07
small_SRR7963242,3359,94.80666102173299,5644,2.908,0.089,,,2.908,0.089
small_SRR7963242,3360,94.83488569009315,5644,2.67,0.07,,,2.67,0.07
small_SRR7963242,3361,94.86311035845328,5644,2.968,0.079,,,2.968,0.079
small_SRR7963242,3362,94.89133502681344,5644,2.875,0.064,,,2.875,0.064
small_SRR7963242,3363,94.91955969517358,5644,3.002,0.08,,,3.002,0.08
small_SRR7963242,3364,94.94778436353373,5644,2.859,0.08,,,2.859,0.08
small_SRR7963242,3365,94.97600903189388,5644,2.666,0.069,,,2.666,0.069
small_SRR7963242,3366,95.00423370025402,5644,3.022,0.076,,,3.022,0.076
small_SRR7963242,3367,95.03245836861417,5644,3.238,0.083,,,3.238,0.083
small_SRR7963242,3368,95.06068303697431,5644,3.044,0.083,,,3.044,0.083
small_SRR7963242,3369,95.08890770533446,5644,2.685,0.06,,,2.685,0.06
small_SRR7963242,3370,95.1171323736946,5644,2.786,0.065,,,2.786,0.065
small_SRR7963242,3371,95.14535704205475,5644,2.779,0.063,,,2.779,0.063
small_SRR7963242,3372,95.17358171041491,5644,2.915,0.078,,,2.915,0.078
small_SRR7963242,3373,95.20180637877505,5644,3.0,0.068,,,3.0,0.068
small_SRR7963242,3374,95.2300310471352,5644,2.872,0.066,,,2.872,0.066
small_SRR7963242,3375,95.25825571549534,5644,3.082,0.074,,,3.082,0.074
small_SRR7963242,3376,95.28648038385549,5644,2.803,0.072,,,2.803,0.072
small_SRR7963242,3377,95.31470505221564,5644,2.915,0.064,,,2.915,0.064
small_SRR7963242,3378,95.34292972057578,5644,2.879,0.082,,,2.879,0.082
small_SRR7963242,3379,95.37115438893593,5644,2.841,0.067,,,2.841,0.067
small_SRR7963242,3380,95.39937905729607,5644,2.939,0.069,,,2.939,0.069
small_SRR7963242,3381,95.42760372565623,5644,2.846,0.07,,,2.846,0.07
small_SRR7963242,3382,95.45582839401636,5644,2.732,0.078,,,2.732,0.078
small_SRR7963242,3383,95.48405306237652,5644,2.837,0.063,,,2.837,0.063
small_SRR7963242,3384,95.51227773073667,5644,2.81,0.08,,,2.81,0.08
small_SRR7963242,3385,95.54050239909681,5644,2.958,0.082,,,2.958,0.082
small_SRR7963242,3386,95.56872706745696,5644,3.034,0.07,,,3.034,0.07
small_SRR7963242,3387,95.5969517358171,5644,2.773,0.065,,,2.773,0.065
small_SRR7963242,3388,95.62517640417725,5644,2.586,0.061,,,2.586,0.061
small_SRR7963242,3389,95.65340107253739,5644,2.905,0.069,,,2.905,0.069
small_SRR7963242,3390,95.68162574089754,5644,3.11,0.066,,,3.11,0.066
small_SRR7963242,3391,95.7098504092577,5644,2.806,0.073,,,2.806,0.073
small_SRR7963242,3392,95.73807507761784,5644,2.823,0.067,,,2.823,0.067
small_SRR7963242,3393,95.76629974597799,5644,2.996,0.077,,,2.996,0.077
small_SRR7963242,3394,95.79452441433813,5644,2.981,0.068,,,2.981,0.068
small_SRR7963242,3395,95.82274908269828,5644,3.075,0.086,,,3.075,0.086
small_SRR7963242,3396,95.85097375105842,5644,2.983,0.07,,,2.983,0.07
small_SRR7963242,3397,95.87919841941857,5644,2.561,0.07,,,2.561,0.07
small_SRR7963242,3398,95.90742308777872,5644,3.003,0.082,,,3.003,0.082
small_SRR7963242,3399,95.93564775613886,5644,2.722,0.077,,,2.722,0.077
small_SRR7963242,3400,95.96387242449902,5644,2.524,0.067,,,2.524,0.067
small_SRR7963242,3401,95.99209709285915,5644,3.247,0.081,,,3.247,0.081
small_SRR7963242,3402,96.02032176121931,5644,2.485,0.055,,,2.485,0.055
small_SRR7963242,3403,96.04854642957945,5644,2.901,0.072,,,2.901,0.072
small_SRR7963242,3404,96.0767710979396,5644,2.833,0.071,,,2.833,0.071
small_SRR7963242,3405,96.10499576629975,5644,2.949,0.065,,,2.949,0.065
small_SRR7963242,3406,96.13322043465989,5644,2.962,0.07,,,2.962,0.07
small_SRR7963242,3407,96.16144510302004,5644,2.639,0.065,,,2.639,0.065
small_SRR7963242,3408,96.18966977138018,5644,2.801,0.065,,,2.801,0.065
small_SRR7963242,3409,96.21789443974033,5644,2.809,0.091,,,2.809,0.091
small_SRR7963242,3410,96.24611910810047,5644,2.744,0.061,,,2.744,0.061
small_SRR7963242,3411,96.27434377646063,5644,2.767,0.069,,,2.767,0.069
small_SRR7963242,3412,96.30256844482078,5644,2.831,0.076,,,2.831,0.076
small_SRR7963242,3413,96.33079311318092,5644,3.022,0.078,,,3.022,0.078
small_SRR7963242,3414,96.35901778154107,5644,2.698,0.073,,,2.698,0.073
small_SRR7963242,3415,96.38724244990121,5644,2.781,0.062,,,2.781,0.062
small_SRR7963242,3416,96.41546711826136,5644,2.994,0.067,,,2.994,0.067
small_SRR7963242,3417,96.44369178662151,5644,2.84,0.064,,,2.84,0.064
small_SRR7963242,3418,96.47191645498165,5644,2.885,0.067,,,2.885,0.067
small_SRR7963242,3419,96.5001411233418,5644,2.905,0.078,,,2.905,0.078
small_SRR7963242,3420,96.52836579170194,5644,2.922,0.071,,,2.922,0.071
small_SRR7963242,3421,96.5565904600621,5644,2.678,0.061,,,2.678,0.061
small_SRR7963242,3422,96.58481512842224,5644,2.914,0.068,,,2.914,0.068
small_SRR7963242,3423,96.61303979678239,5644,3.04,0.073,,,3.04,0.073
small_SRR7963242,3424,96.64126446514254,5644,3.158,0.075,,,3.158,0.075
small_SRR7963242,3425,96.66948913350268,5644,2.947,0.097,,,2.947,0.097
small_SRR7963242,3426,96.69771380186283,5644,2.522,0.066,,,2.522,0.066
small_SRR7963242,3427,96.72593847022297,5644,2.739,0.076,,,2.739,0.076
small_SRR7963242,3428,96.75416313858312,5644,2.622,0.074,,,2.622,0.074
small_SRR7963242,3429,96.78238780694326,5644,2.841,0.069,,,2.841,0.069
small_SRR7963242,3430,96.81061247530342,5644,2.891,0.077,,,2.891,0.077
small_SRR7963242,3431,96.83883714366357,5644,3.242,0.081,,,3.242,0.081
small_SRR7963242,3432,96.8670618120237,5644,2.567,0.071,,,2.567,0.071
small_SRR7963242,3433,96.89528648038386,5644,2.869,0.068,,,2.869,0.068
small_SRR7963242,3434,96.923511148744,5644,2.82,0.067,,,2.82,0.067
small_SRR7963242,3435,96.95173581710415,5644,3.272,0.078,,,3.272,0.078
small_SRR7963242,3436,96.97996048546429,5644,2.893,0.074,,,2.893,0.074
small_SRR7963242,3437,97.00818515382444,5644,3.164,0.084,,,3.164,0.084
small_SRR7963242,3438,97.0364098221846,5644,3.246,0.084,,,3.246,0.084
small_SRR7963242,3439,97.06463449054473,5644,2.909,0.066,,,2.909,0.066
small_SRR7963242,3440,97.09285915890489,5644,2.772,0.067,,,2.772,0.067
small_SRR7963242,3441,97.12108382726502,5644,3.106,0.082,,,3.106,0.082
small_SRR7963242,3442,97.14930849562518,5644,3.078,0.07,,,3.078,0.07
small_SRR7963242,3443,97.17753316398532,5644,3.241,0.086,,,3.241,0.086
small_SRR7963242,3444,97.20575783234547,5644,2.932,0.074,,,2.932,0.074
small_SRR7963242,3445,97.23398250070562,5644,3.05,0.076,,,3.05,0.076
small_SRR7963242,3446,97.26220716906576,5644,2.881,0.063,,,2.881,0.063
small_SRR7963242,3447,97.29043183742591,5644,2.814,0.066,,,2.814,0.066
small_SRR7963242,3448,97.31865650578605,5644,2.857,0.068,,,2.857,0.068
small_SRR7963242,3449,97.3468811741462,5644,3.049,0.073,,,3.049,0.073
small_SRR7963242,3450,97.37510584250636,5644,2.843,0.077,,,2.843,0.077
small_SRR7963242,3451,97.4033305108665,5644,2.915,0.065,,,2.915,0.065
small_SRR7963242,3452,97.43155517922665,5644,2.856,0.095,,,2.856,0.095
small_SRR7963242,3453,97.45977984758679,5644,3.078,0.081,,,3.078,0.081
small_SRR7963242,3454,97.48800451594694,5644,3.074,0.074,,,3.074,0.074
small_SRR7963242,3455,97.51622918430708,5644,2.819,0.072,,,2.819,0.072
small_SRR7963242,3456,97.54445385266723,5644,2.887,0.077,,,2.887,0.077
small_SRR7963242,3457,97.57267852102738,5644,2.587,0.061,,,2.587,0.061
small_SRR7963242,3458,97.60090318938752,5644,2.778,0.096,,,2.778,0.096
small_SRR7963242,3459,97.62912785774768,5644,2.846,0.08,,,2.846,0.08
small_SRR7963242,3460,97.65735252610781,5644,2.547,0.061,,,2.547,0.061
small_SRR7963242,3461,97.68557719446797,5644,2.922,0.067,,,2.922,0.067
small_SRR7963242,3462,97.7138018628281,5644,2.787,0.072,,,2.787,0.072
small_SRR7963242,3463,97.74202653118826,5644,2.994,0.076,,,2.994,0.076
small_SRR7963242,3464,97.77025119954841,5644,2.913,0.079,,,2.913,0.079
small_SRR7963242,3465,97.79847586790855,5644,2.759,0.067,,,2.759,0.067
small_SRR7963242,3466,97.8267005362687,5644,2.82,0.069,,,2.82,0.069
small_SRR7963242,3467,97.85492520462884,5644,2.654,0.066,,,2.654,0.066
small_SRR7963242,3468,97.883149872989,5644,2.978,0.077,,,2.978,0.077
small_SRR7963242,3469,97.91137454134913,5644,2.782,0.063,,,2.782,0.063
small_SRR7963242,3470,97.93959920970929,5644,2.863,0.067,,,2.863,0.067
small_SRR7963242,3471,97.96782387806944,5644,2.685,0.07,,,2.685,0.07
small_SRR7963242,3472,97.99604854642958,5644,2.822,0.065,,,2.822,0.065
small_SRR7963242,3473,98.02427321478973,5644,3.039,0.077,,,3.039,0.077
small_SRR7963242,3474,98.05249788314987,5644,2.571,0.066,,,2.571,0.066
small_SRR7963242,3475,98.08072255151002,5644,2.853,0.076,,,2.853,0.076
small_SRR7963242,3476,98.10894721987016,5644,3.095,0.08,,,3.095,0.08
small_SRR7963242,3477,98.13717188823031,5644,3.124,0.095,,,3.124,0.095
small_SRR7963242,3478,98.16539655659047,5644,2.725,0.063,,,2.725,0.063
small_SRR7963242,3479,98.1936212249506,5644,3.001,0.076,,,3.001,0.076
small_SRR7963242,3480,98.22184589331076,5644,2.905,0.063,,,2.905,0.063
small_SRR7963242,3481,98.2500705616709,5644,2.685,0.069,,,2.685,0.069
small_SRR7963242,3482,98.27829523003105,5644,2.644,0.065,,,2.644,0.065
small_SRR7963242,3483,98.30651989839119,5644,2.892,0.075,,,2.892,0.075
small_SRR7963242,3484,98.33474456675134,5644,3.004,0.076,,,3.004,0.076
small_SRR7963242,3485,98.36296923511149,5644,2.982,0.077,,,2.982,0.077
small_SRR7963242,3486,98.39119390347163,5644,2.872,0.068,,,2.872,0.068
small_SRR7963242,3487,98.41941857183178,5644,2.817,0.067,,,2.817,0.067
small_SRR7963242,3488,98.44764324019192,5644,3.057,0.076,,,3.057,0.076
small_SRR7963242,3489,98.47586790855208,5644,2.944,0.062,,,2.944,0.062
small_SRR7963242,3490,98.50409257691223,5644,2.814,0.074,,,2.814,0.074
small_SRR7963242,3491,98.53231724527237,5644,2.745,0.063,,,2.745,0.063
small_SRR7963242,3492,98.56054191363252,5644,3.063,0.077,,,3.063,0.077
small_SRR7963242,3493,98.58876658199266,5644,2.742,0.065,,,2.742,0.065
small_SRR7963242,3494,98.61699125035281,5644,3.148,0.067,,,3.148,0.067
small_SRR7963242,3495,98.64521591871295,5644,2.976,0.071,,,2.976,0.071
small_SRR7963242,3496,98.6734405870731,5644,3.096,0.071,,,3.096,0.071
small_SRR7963242,3497,98.70166525543326,5644,2.997,0.067,,,2.997,0.067
small_SRR7963242,3498,98.7298899237934,5644,2.69,0.072,,,2.69,0.072
small_SRR7963242,3499,98.75811459215355,5644,2.786,0.076,,,2.786,0.076
small_SRR7963242,3500,98.78633926051369,5644,2.921,0.075,,,2.921,0.075
small_SRR7963242,3501,98.81456392887384,5644,2.919,0.066,,,2.919,0.066
small_SRR7963242,3502,98.84278859723398,5644,3.076,0.071,,,3.076,0.071
small_SRR7963242,3503,98.87101326559413,5644,2.861,0.079,,,2.861,0.079
small_SRR7963242,3504,98.89923793395428,5644,2.81,0.069,,,2.81,0.069
small_SRR7963242,3505,98.92746260231442,5644,2.997,0.083,,,2.997,0.083
small_SRR7963242,3506,98.95568727067457,5644,2.989,0.082,,,2.989,0.082
small_SRR7963242,3507,98.98391193903471,5644,2.772,0.066,,,2.772,0.066
small_SRR7963242,3508,99.01213660739486,5644,2.688,0.078,,,2.688,0.078
small_SRR7963242,3509,99.040361275755,5644,2.922,0.071,,,2.922,0.071
small_SRR7963242,3510,99.06858594411516,5644,2.901,0.069,,,2.901,0.069
small_SRR7963242,3511,99.09681061247531,5644,2.897,0.079,,,2.897,0.079
small_SRR7963242,3512,99.12503528083545,5644,2.86,0.088,,,2.86,0.088
small_SRR7963242,3513,99.1532599491956,5644,2.68,0.07,,,2.68,0.07
small_SRR7963242,3514,99.18148461755574,5644,2.798,0.081,,,2.798,0.081
small_SRR7963242,3515,99.20970928591589,5644,3.265,0.072,,,3.265,0.072
small_SRR7963242,3516,99.23793395427603,5644,3.161,0.078,,,3.161,0.078
small_SRR7963242,3517,99.26615862263618,5644,2.703,0.071,,,2.703,0.071
small_SRR7963242,3518,99.29438329099634,5644,3.042,0.08,,,3.042,0.08
small_SRR7963242,3519,99.32260795935647,5644,2.958,0.074,,,2.958,0.074
small_SRR7963242,3520,99.35083262771663,5644,2.61,0.069,,,2.61,0.069
small_SRR7963242,3521,99.37905729607677,5644,2.867,0.08,,,2.867,0.08
small_SRR7963242,3522,99.40728196443692,5644,2.739,0.074,,,2.739,0.074
small_SRR7963242,3523,99.43550663279706,5644,2.777,0.071,,,2.777,0.071
small_SRR7963242,3524,99.46373130115721,5644,2.942,0.072,,,2.942,0.072
small_SRR7963242,3525,99.49195596951736,5644,2.815,0.07,,,2.815,0.07
small_SRR7963242,3526,99.5201806378775,5644,3.045,0.072,,,3.045,0.072
small_SRR7963242,3527,99.54840530623765,5644,3.3,0.082,,,3.3,0.082
small_SRR7963242,3528,99.5766299745978,5644,2.814,0.07,,,2.814,0.07
small_SRR7963242,3529,99.60485464295795,5644,3.045,0.074,,,3.045,0.074
small_SRR7963242,3530,99.6330793113181,5644,3.099,0.07,,,3.099,0.07
small_SRR7963242,3531,99.66130397967824,5644,3.048,0.08,,,3.048,0.08
small_SRR7963242,3532,99.68952864803839,5644,3.151,0.091,,,3.151,0.091
small_SRR7963242,3533,99.71775331639853,5644,2.68,0.066,,,2.68,0.066
small_SRR7963242,3534,99.74597798475868,5644,2.878,0.086,,,2.878,0.086
small_SRR7963242,3535,99.77420265311882,5644,2.984,0.09,,,2.984,0.09
small_SRR7963242,3536,99.80242732147897,5644,2.936,0.073,,,2.936,0.073
small_SRR7963242,3537,99.83065198983913,5644,2.915,0.083,,,2.915,0.083
small_SRR7963242,3538,99.85887665819926,5644,2.82,0.065,,,2.82,0.065
small_SRR7963242,3539,99.88710132655942,5644,3.202,0.076,,,3.202,0.076
small_SRR7963242,3540,99.91532599491956,5644,2.807,0.08,,,2.807,0.08
small_SRR7963242,3541,99.94355066327971,5644,3.372,0.082,,,3.372,0.082
small_SRR7963242,3542,99.97177533163985,5644,3.04,0.072,,,3.04,0.072
small_SRR7963242,3543,100.0,3308,2.5984921402660217,0.09895767835550182,,,2.5984921402660217,0.09895767835550182
