[M::main_mem] mean insert size: 170.000, stddev: 80.000, max: 500, min: 1
[MPI input] mode=dynamic chunks=271 bytes_per_cg=19660800 cg_count=1 chunk_bytes=19660800 micro_chunk_bytes=4915200 fine_chunk_bytes=1228800 tail_percent=10 fine_tail_waves=2 file_bytes=3499281348 scheduler=distributed read_index=exact
malloc bwt->bwt 3107576584, 0x500008804020
malloc bwt->bwt 3107576584, 0x500008804020
malloc bwt->bwt 3107576584, 0x500008804020
malloc bwt->bwt 3107576584, 0x500008804020
malloc bwt->bwt 3107576584, 0x500008804020
malloc bwt->bwt 3107576584, 0x500008804020
malloc bwt->sa 1553788264, 0x5000c1ba1b40
malloc bwt->sa 1553788264, 0x5000c1ba1b40
malloc bwt->sa 1553788264, 0x5000c1ba1b40
malloc bwt->sa 1553788264, 0x5000c1ba1b40
malloc bwt->sa 1553788264, 0x5000c1ba1b40
malloc bwt->sa 1553788264, 0x5000c1ba1b40
[M::bwa_idx_load_from_disk] read 0 ALT contigs
[M::bwa_idx_load_from_disk] read 0 ALT contigs
[M::bwa_idx_load_from_disk] read 0 ALT contigs
[M::bwa_idx_load_from_disk] read 0 ALT contigs
[M::bwa_idx_load_from_disk] read 0 ALT contigs
[M::bwa_idx_load_from_disk] read 0 ALT contigs
malloc pac 776894131, 0x50011e5708c0
malloc pac 776894131, 0x50011e5708c0
malloc pac 776894131, 0x50011e5708c0
malloc pac 776894131, 0x50011e5708c0
malloc pac 776894131, 0x50011e5708c0
malloc pac 776894131, 0x50011e5708c0
the input file is ../data/bwa_test_big_data/ERR1203383_1.fastq
[MPI rank 000000/000006] output: bigdata_mpi_results/mpi_dynamic_single/has1/ERR1203383_SE.sam
[MPI rank 000001/000006] output: bigdata_mpi_results/mpi_dynamic_single/has1/ERR1203383_SE.sam
[MPI rank 000002/000006] output: bigdata_mpi_results/mpi_dynamic_single/has1/ERR1203383_SE.sam
[MPI rank 000003/000006] output: bigdata_mpi_results/mpi_dynamic_single/has1/ERR1203383_SE.sam
[MPI rank 000004/000006] output: bigdata_mpi_results/mpi_dynamic_single/has1/ERR1203383_SE.sam
[MPI rank 000005/000006] output: bigdata_mpi_results/mpi_dynamic_single/has1/ERR1203383_SE.sam
[M::process] read chunk (19660800 bytes/CG x 1 CGs, 19660652 bytes)...
[M::process] read chunk (19660800 bytes/CG x 1 CGs, 19660928 bytes)...
[M::process] read chunk (19660800 bytes/CG x 1 CGs, 19660704 bytes)...
[M::process] read chunk (19660800 bytes/CG x 1 CGs, 19660928 bytes)...
[M::process] read chunk (19660800 bytes/CG x 1 CGs, 19660704 bytes)...
[M::process] read chunk (19660800 bytes/CG x 1 CGs, 19660976 bytes)...
[M::mem_process_seqs_merge2] CPE FASTQ formatting done
[M::mem_process_seqs_merge2] CPE FASTQ formatting done
[M::mem_process_seqs_merge2] CPE FASTQ formatting done
[M::mem_process_seqs_merge2] CPE FASTQ formatting done
[M::mem_process_seqs_merge2] CPE FASTQ formatting done
[M::mem_process_seqs_merge2] CPE FASTQ formatting done
slave pre done
now n is 87771
slave pre done
now n is 89570
processed 87771
[M::mem_process_seqs_merge2] Processed 87771 reads in 0.010 CPU sec, 0.693 real sec
processed 89570
[M::mem_process_seqs_merge2] Processed 89570 reads in 0.020 CPU sec, 0.691 real sec
[M::process] read chunk (19660800 bytes/CG x 1 CGs, 19660704 bytes)...
slave pre done
now n is 87772
[M::process] read chunk (19660800 bytes/CG x 1 CGs, 19660704 bytes)...
slave pre done
now n is 87772
processed 87772
[M::mem_process_seqs_merge2] Processed 87772 reads in 0.020 CPU sec, 0.673 real sec
processed 87772
[M::mem_process_seqs_merge2] Processed 87772 reads in 0.030 CPU sec, 0.693 real sec
slave pre done
now n is 87957
slave pre done
now n is 87771
processed 87957
[M::mem_process_seqs_merge2] Processed 87957 reads in 0.020 CPU sec, 0.726 real sec
processed 87771
[M::mem_process_seqs_merge2] Processed 87771 reads in 0.020 CPU sec, 0.721 real sec
[M::process] read chunk (19660800 bytes/CG x 1 CGs, 19660928 bytes)...
[M::process] read chunk (19660800 bytes/CG x 1 CGs, 19660740 bytes)...
[M::process] read chunk (19660800 bytes/CG x 1 CGs, 19660704 bytes)...
[M::process] read chunk (19660800 bytes/CG x 1 CGs, 19660928 bytes)...
[M::mem_process_seqs_merge2] CPE FASTQ formatting done
[M::mem_process_seqs_merge2] CPE FASTQ formatting done
[M::mem_process_seqs_merge2] CPE FASTQ formatting done
[M::mem_process_seqs_merge2] CPE FASTQ formatting done
[M::mem_process_seqs_merge2] CPE FASTQ formatting done
[M::mem_process_seqs_merge2] CPE FASTQ formatting done
slave pre done
now n is 87771
processed 87771
[M::mem_process_seqs_merge2] Processed 87771 reads in 0.010 CPU sec, 0.665 real sec
[M::process] read chunk (19660800 bytes/CG x 1 CGs, 19660896 bytes)...
slave pre done
now n is 87771
slave pre done
now n is 87772
processed 87771
[M::mem_process_seqs_merge2] Processed 87771 reads in 0.020 CPU sec, 0.762 real sec
processed 87772
[M::mem_process_seqs_merge2] Processed 87772 reads in 0.010 CPU sec, 0.725 real sec
slave pre done
now n is 87772
processed 87772
[M::mem_process_seqs_merge2] Processed 87772 reads in 0.020 CPU sec, 0.777 real sec
slave pre done
now n is 86802
slave pre done
now n is 87771
processed 86802
[M::mem_process_seqs_merge2] Processed 86802 reads in 0.040 CPU sec, 0.695 real sec
[M::process] read chunk (19660800 bytes/CG x 1 CGs, 19660668 bytes)...
processed 87771
[M::mem_process_seqs_merge2] Processed 87771 reads in 0.020 CPU sec, 0.738 real sec
[M::process] read chunk (19660800 bytes/CG x 1 CGs, 19660896 bytes)...
[M::process] read chunk (19660800 bytes/CG x 1 CGs, 19660668 bytes)...
[M::process] read chunk (19660800 bytes/CG x 1 CGs, 19660896 bytes)...
[M::process] read chunk (19660800 bytes/CG x 1 CGs, 19660896 bytes)...
[M::mem_process_seqs_merge2] CPE FASTQ formatting done
[M::mem_process_seqs_merge2] CPE FASTQ formatting done
[M::mem_process_seqs_merge2] CPE FASTQ formatting done
[M::mem_process_seqs_merge2] CPE FASTQ formatting done
[M::mem_process_seqs_merge2] CPE FASTQ formatting done
[M::mem_process_seqs_merge2] CPE FASTQ formatting done
slave pre done
now n is 86232
processed 86232
[M::mem_process_seqs_merge2] Processed 86232 reads in 0.020 CPU sec, 0.689 real sec
[M::process] read chunk (19660800 bytes/CG x 1 CGs, 19660896 bytes)...
slave pre done
now n is 86232
slave pre done
now n is 86231
processed 86231
[M::mem_process_seqs_merge2] Processed 86231 reads in 0.020 CPU sec, 0.736 real sec
processed 86232
[M::mem_process_seqs_merge2] Processed 86232 reads in 0.030 CPU sec, 0.717 real sec
[M::process] read chunk (19660800 bytes/CG x 1 CGs, 19660668 bytes)...
[M::process] read chunk (19660800 bytes/CG x 1 CGs, 19660668 bytes)...
slave pre done
now n is 86232
slave pre done
now n is 86232
slave pre done
now n is 86231
[M::mem_process_seqs_merge2] CPE FASTQ formatting done
processed 86232
[M::mem_process_seqs_merge2] Processed 86232 reads in 0.010 CPU sec, 0.717 real sec
processed 86232
[M::mem_process_seqs_merge2] Processed 86232 reads in 0.020 CPU sec, 0.696 real sec
processed 86231
[M::mem_process_seqs_merge2] Processed 86231 reads in 0.020 CPU sec, 0.728 real sec
[M::process] read chunk (19660800 bytes/CG x 1 CGs, 19660896 bytes)...
[M::process] read chunk (19660800 bytes/CG x 1 CGs, 19660896 bytes)...
[M::process] read chunk (19660800 bytes/CG x 1 CGs, 19660668 bytes)...
[M::mem_process_seqs_merge2] CPE FASTQ formatting done
[M::mem_process_seqs_merge2] CPE FASTQ formatting done
[M::mem_process_seqs_merge2] CPE FASTQ formatting done
slave pre done
now n is 86232
processed 86232
[M::mem_process_seqs_merge2] Processed 86232 reads in 0.010 CPU sec, 0.716 real sec
[M::mem_process_seqs_merge2] CPE FASTQ formatting done
[M::mem_process_seqs_merge2] CPE FASTQ formatting done
slave pre done
now n is 86231
processed 86231
[M::mem_process_seqs_merge2] Processed 86231 reads in 0.040 CPU sec, 0.743 real sec
slave pre done
now n is 86232
slave pre done
now n is 86231
processed 86232
[M::mem_process_seqs_merge2] Processed 86232 reads in 0.070 CPU sec, 0.733 real sec
processed 86231
[M::mem_process_seqs_merge2] Processed 86231 reads in 0.010 CPU sec, 0.781 real sec
slave pre done
now n is 86232
processed 86232
[M::mem_process_seqs_merge2] Processed 86232 reads in 0.010 CPU sec, 0.696 real sec
slave pre done
now n is 86231
processed 86231
[M::mem_process_seqs_merge2] Processed 86231 reads in 0.020 CPU sec, 0.763 real sec
[M::process] read chunk (19660800 bytes/CG x 1 CGs, 19660896 bytes)...
[M::mem_process_seqs_merge2] CPE FASTQ formatting done
slave pre done
now n is 86232
processed 86232
[M::mem_process_seqs_merge2] Processed 86232 reads in 0.010 CPU sec, 0.661 real sec
[M::process] read chunk (19660800 bytes/CG x 1 CGs, 19660668 bytes)...
[M::process] read chunk (19660800 bytes/CG x 1 CGs, 19660896 bytes)...
[M::mem_process_seqs_merge2] CPE FASTQ formatting done
[M::mem_process_seqs_merge2] CPE FASTQ formatting done
slave pre done
now n is 86231
processed 86231
[M::mem_process_seqs_merge2] Processed 86231 reads in 0.010 CPU sec, 0.723 real sec
[M::process] read chunk (19660800 bytes/CG x 1 CGs, 19660896 bytes)...
slave pre done
now n is 86232
processed 86232
[M::mem_process_seqs_merge2] Processed 86232 reads in 0.020 CPU sec, 0.639 real sec
[M::process] read chunk (19660800 bytes/CG x 1 CGs, 19660668 bytes)...
[M::mem_process_seqs_merge2] CPE FASTQ formatting done
[M::mem_process_seqs_merge2] CPE FASTQ formatting done
[M::process] read chunk (19660800 bytes/CG x 1 CGs, 19660896 bytes)...
[M::mem_process_seqs_merge2] CPE FASTQ formatting done
slave pre done
now n is 86232
processed 86232
[M::mem_process_seqs_merge2] Processed 86232 reads in 0.010 CPU sec, 0.686 real sec
slave pre done
now n is 86231
processed 86231
[M::mem_process_seqs_merge2] Processed 86231 reads in 0.030 CPU sec, 0.690 real sec
[M::process] read chunk (19660800 bytes/CG x 1 CGs, 19660668 bytes)...
[M::mem_process_seqs_merge2] CPE FASTQ formatting done
slave pre done
now n is 86232
processed 86232
[M::mem_process_seqs_merge2] Processed 86232 reads in 0.060 CPU sec, 0.699 real sec
[M::process] read chunk (19660800 bytes/CG x 1 CGs, 19660896 bytes)...
[M::mem_process_seqs_merge2] CPE FASTQ formatting done
[M::process] read chunk (19660800 bytes/CG x 1 CGs, 19660668 bytes)...
slave pre done
now n is 86231
processed 86231
[M::mem_process_seqs_merge2] Processed 86231 reads in 0.020 CPU sec, 0.699 real sec
[M::mem_process_seqs_merge2] CPE FASTQ formatting done
slave pre done
now n is 86232
processed 86232
[M::mem_process_seqs_merge2] Processed 86232 reads in 0.020 CPU sec, 0.717 real sec
[M::process] read chunk (19660800 bytes/CG x 1 CGs, 19660896 bytes)...
[M::mem_process_seqs_merge2] CPE FASTQ formatting done
slave pre done
now n is 86231
processed 86231
[M::mem_process_seqs_merge2] Processed 86231 reads in 0.010 CPU sec, 0.728 real sec
[M::process] read chunk (19660800 bytes/CG x 1 CGs, 19660896 bytes)...
[M::process] read chunk (19660800 bytes/CG x 1 CGs, 19660896 bytes)...
[M::mem_process_seqs_merge2] CPE FASTQ formatting done
slave pre done
now n is 86232
[M::mem_process_seqs_merge2] CPE FASTQ formatting done
processed 86232
[M::mem_process_seqs_merge2] Processed 86232 reads in 0.020 CPU sec, 0.662 real sec
slave pre done
now n is 86232
processed 86232
[M::mem_process_seqs_merge2] Processed 86232 reads in 0.020 CPU sec, 0.733 real sec
[M::process] read chunk (19660800 bytes/CG x 1 CGs, 19660668 bytes)...
slave pre done
now n is 86232
processed 86232
[M::mem_process_seqs_merge2] Processed 86232 reads in 0.030 CPU sec, 0.714 real sec
[M::mem_process_seqs_merge2] CPE FASTQ formatting done
[M::process] read chunk (19660800 bytes/CG x 1 CGs, 19660896 bytes)...
[M::process] read chunk (19660800 bytes/CG x 1 CGs, 19660668 bytes)...
[M::mem_process_seqs_merge2] CPE FASTQ formatting done
[M::mem_process_seqs_merge2] CPE FASTQ formatting done
slave pre done
now n is 86231
processed 86231
[M::mem_process_seqs_merge2] Processed 86231 reads in 0.020 CPU sec, 0.747 real sec
slave pre done
now n is 86232
processed 86232
[M::mem_process_seqs_merge2] Processed 86232 reads in 0.010 CPU sec, 0.798 real sec
slave pre done
now n is 86231
processed 86231
[M::mem_process_seqs_merge2] Processed 86231 reads in 0.020 CPU sec, 0.780 real sec
[M::process] read chunk (19660800 bytes/CG x 1 CGs, 19660668 bytes)...
[M::process] read chunk (19660800 bytes/CG x 1 CGs, 19660896 bytes)...
[M::process] read chunk (19660800 bytes/CG x 1 CGs, 19660896 bytes)...
[M::mem_process_seqs_merge2] CPE FASTQ formatting done
[M::mem_process_seqs_merge2] CPE FASTQ formatting done
[M::mem_process_seqs_merge2] CPE FASTQ formatting done
slave pre done
now n is 86231
processed 86231
[M::mem_process_seqs_merge2] Processed 86231 reads in 0.030 CPU sec, 0.706 real sec
slave pre done
now n is 86232
processed 86232
[M::mem_process_seqs_merge2] Processed 86232 reads in 0.010 CPU sec, 0.783 real sec
[M::process] read chunk (19660800 bytes/CG x 1 CGs, 19660896 bytes)...
slave pre done
now n is 86232
processed 86232
[M::mem_process_seqs_merge2] Processed 86232 reads in 0.040 CPU sec, 0.808 real sec
[M::mem_process_seqs_merge2] CPE FASTQ formatting done
[M::process] read chunk (19660800 bytes/CG x 1 CGs, 19660668 bytes)...
[M::process] read chunk (19660800 bytes/CG x 1 CGs, 19660896 bytes)...
[M::mem_process_seqs_merge2] CPE FASTQ formatting done
[M::mem_process_seqs_merge2] CPE FASTQ formatting done
slave pre done
now n is 86232
processed 86232
[M::mem_process_seqs_merge2] Processed 86232 reads in 0.020 CPU sec, 0.705 real sec
slave pre done
now n is 86231
processed 86231
[M::mem_process_seqs_merge2] Processed 86231 reads in 0.010 CPU sec, 0.769 real sec
slave pre done
now n is 86232
processed 86232
[M::mem_process_seqs_merge2] Processed 86232 reads in 0.030 CPU sec, 0.712 real sec
[M::process] read chunk (19660800 bytes/CG x 1 CGs, 19660668 bytes)...
[M::process] read chunk (19660800 bytes/CG x 1 CGs, 19660896 bytes)...
[M::process] read chunk (19660800 bytes/CG x 1 CGs, 19660896 bytes)...
[M::mem_process_seqs_merge2] CPE FASTQ formatting done
[M::mem_process_seqs_merge2] CPE FASTQ formatting done
[M::mem_process_seqs_merge2] CPE FASTQ formatting done
slave pre done
now n is 86231
processed 86231
[M::mem_process_seqs_merge2] Processed 86231 reads in 0.030 CPU sec, 0.766 real sec
slave pre done
now n is 86232
processed 86232
[M::mem_process_seqs_merge2] Processed 86232 reads in 0.040 CPU sec, 0.757 real sec
slave pre done
now n is 86232
processed 86232
[M::process] read chunk (19660800 bytes/CG x 1 CGs, 19660896 bytes)...
[M::mem_process_seqs_merge2] Processed 86232 reads in 0.020 CPU sec, 0.744 real sec
[M::process] read chunk (19660800 bytes/CG x 1 CGs, 19660668 bytes)...
[M::mem_process_seqs_merge2] CPE FASTQ formatting done
[M::mem_process_seqs_merge2] CPE FASTQ formatting done
[M::process] read chunk (19660800 bytes/CG x 1 CGs, 19660896 bytes)...
[M::mem_process_seqs_merge2] CPE FASTQ formatting done
slave pre done
now n is 86232
processed 86232
[M::mem_process_seqs_merge2] Processed 86232 reads in 0.020 CPU sec, 0.762 real sec
slave pre done
now n is 86231
processed 86231
[M::mem_process_seqs_merge2] Processed 86231 reads in 0.020 CPU sec, 0.771 real sec
[M::process] read chunk (19660800 bytes/CG x 1 CGs, 19660896 bytes)...
[M::process] read chunk (19660800 bytes/CG x 1 CGs, 19660668 bytes)...
slave pre done
now n is 86232
processed 86232
[M::mem_process_seqs_merge2] Processed 86232 reads in 0.020 CPU sec, 0.758 real sec
[M::mem_process_seqs_merge2] CPE FASTQ formatting done
[M::process] read chunk (19660800 bytes/CG x 1 CGs, 19660896 bytes)...
[M::mem_process_seqs_merge2] CPE FASTQ formatting done
[M::mem_process_seqs_merge2] CPE FASTQ formatting done
[M::process] read chunk (19660800 bytes/CG x 1 CGs, 19660668 bytes)...
[M::mem_process_seqs_merge2] CPE FASTQ formatting done
slave pre done
now n is 86231
processed 86231
[M::mem_process_seqs_merge2] Processed 86231 reads in 0.020 CPU sec, 0.665 real sec
slave pre done
now n is 86232
processed 86232
[M::mem_process_seqs_merge2] Processed 86232 reads in 0.030 CPU sec, 0.753 real sec
slave pre done
now n is 86232
processed 86232
[M::mem_process_seqs_merge2] Processed 86232 reads in 0.020 CPU sec, 0.664 real sec
[M::process] read chunk (19660800 bytes/CG x 1 CGs, 19660668 bytes)...
slave pre done
now n is 86231
[M::mem_process_seqs_merge2] CPE FASTQ formatting done
processed 86231
[M::mem_process_seqs_merge2] Processed 86231 reads in 0.010 CPU sec, 0.706 real sec
[M::process] read chunk (19660800 bytes/CG x 1 CGs, 19660668 bytes)...
[M::process] read chunk (19660800 bytes/CG x 1 CGs, 19660896 bytes)...
[M::mem_process_seqs_merge2] CPE FASTQ formatting done
[M::mem_process_seqs_merge2] CPE FASTQ formatting done
slave pre done
now n is 86231
processed 86231
[M::mem_process_seqs_merge2] Processed 86231 reads in 0.020 CPU sec, 0.786 real sec
slave pre done
now n is 86231
processed 86231
[M::mem_process_seqs_merge2] Processed 86231 reads in 0.010 CPU sec, 0.767 real sec
[M::process] read chunk (19660800 bytes/CG x 1 CGs, 19660896 bytes)...
slave pre done
now n is 86232
processed 86232
[M::mem_process_seqs_merge2] Processed 86232 reads in 0.020 CPU sec, 0.771 real sec
[M::mem_process_seqs_merge2] CPE FASTQ formatting done
[M::process] read chunk (19660800 bytes/CG x 1 CGs, 19660896 bytes)...
[M::process] read chunk (19660800 bytes/CG x 1 CGs, 19660668 bytes)...
[M::mem_process_seqs_merge2] CPE FASTQ formatting done
[M::mem_process_seqs_merge2] CPE FASTQ formatting done
slave pre done
now n is 86232
processed 86232
[M::mem_process_seqs_merge2] Processed 86232 reads in 0.010 CPU sec, 0.721 real sec
slave pre done
now n is 86232
processed 86232
[M::mem_process_seqs_merge2] Processed 86232 reads in 0.020 CPU sec, 0.713 real sec
[M::process] read chunk (19660800 bytes/CG x 1 CGs, 19660668 bytes)...
slave pre done
now n is 86231
[M::mem_process_seqs_merge2] CPE FASTQ formatting done
processed 86231
[M::mem_process_seqs_merge2] Processed 86231 reads in 0.010 CPU sec, 0.733 real sec
[M::process] read chunk (19660800 bytes/CG x 1 CGs, 19660668 bytes)...
[M::mem_process_seqs_merge2] CPE FASTQ formatting done
slave pre done
now n is 86231
processed 86231
[M::mem_process_seqs_merge2] Processed 86231 reads in 0.030 CPU sec, 0.650 real sec
[M::process] read chunk (19660800 bytes/CG x 1 CGs, 19660896 bytes)...
[M::mem_process_seqs_merge2] CPE FASTQ formatting done
slave pre done
now n is 86231
processed 86231
[M::mem_process_seqs_merge2] Processed 86231 reads in 0.010 CPU sec, 0.699 real sec
[M::process] read chunk (19660800 bytes/CG x 1 CGs, 19660896 bytes)...
[M::mem_process_seqs_merge2] CPE FASTQ formatting done
slave pre done
now n is 86232
processed 86232
[M::mem_process_seqs_merge2] Processed 86232 reads in 0.040 CPU sec, 0.707 real sec
[M::process] read chunk (19660800 bytes/CG x 1 CGs, 19660668 bytes)...
[M::mem_process_seqs_merge2] CPE FASTQ formatting done
[M::process] read chunk (19660800 bytes/CG x 1 CGs, 19660896 bytes)...
slave pre done
now n is 86232
processed 86232
[M::mem_process_seqs_merge2] Processed 86232 reads in 0.010 CPU sec, 0.729 real sec
[M::mem_process_seqs_merge2] CPE FASTQ formatting done
[M::process] read chunk (19660800 bytes/CG x 1 CGs, 19660896 bytes)...
[M::mem_process_seqs_merge2] CPE FASTQ formatting done
slave pre done
now n is 86231
processed 86231
[M::mem_process_seqs_merge2] Processed 86231 reads in 0.020 CPU sec, 0.748 real sec
[M::process] read chunk (19660800 bytes/CG x 1 CGs, 19660668 bytes)...
slave pre done
now n is 86232
processed 86232
[M::mem_process_seqs_merge2] Processed 86232 reads in 0.030 CPU sec, 0.756 real sec
[M::process] read chunk (19660800 bytes/CG x 1 CGs, 19660896 bytes)...
[M::mem_process_seqs_merge2] CPE FASTQ formatting done
slave pre done
now n is 86232
processed 86232
[M::mem_process_seqs_merge2] Processed 86232 reads in 0.020 CPU sec, 0.734 real sec
[M::mem_process_seqs_merge2] CPE FASTQ formatting done
[M::process] read chunk (19660800 bytes/CG x 1 CGs, 19660668 bytes)...
[M::mem_process_seqs_merge2] CPE FASTQ formatting done
slave pre done
now n is 86231
processed 86231
[M::mem_process_seqs_merge2] Processed 86231 reads in 0.030 CPU sec, 0.726 real sec
slave pre done
now n is 86232
processed 86232
[M::mem_process_seqs_merge2] Processed 86232 reads in 0.030 CPU sec, 0.749 real sec
[M::process] read chunk (19660800 bytes/CG x 1 CGs, 19660896 bytes)...
[M::mem_process_seqs_merge2] CPE FASTQ formatting done
slave pre done
now n is 86231
processed 86231
[M::mem_process_seqs_merge2] Processed 86231 reads in 0.020 CPU sec, 0.812 real sec
[M::process] read chunk (19660800 bytes/CG x 1 CGs, 19660668 bytes)...
[M::mem_process_seqs_merge2] CPE FASTQ formatting done
[M::process] read chunk (19660800 bytes/CG x 1 CGs, 19660896 bytes)...
slave pre done
now n is 86232
processed 86232
[M::mem_process_seqs_merge2] Processed 86232 reads in 0.030 CPU sec, 0.890 real sec
[M::mem_process_seqs_merge2] CPE FASTQ formatting done
[M::process] read chunk (19660800 bytes/CG x 1 CGs, 19660896 bytes)...
[M::mem_process_seqs_merge2] CPE FASTQ formatting done
slave pre done
now n is 86231
processed 86231
[M::mem_process_seqs_merge2] Processed 86231 reads in 0.030 CPU sec, 0.741 real sec
[M::process] read chunk (19660800 bytes/CG x 1 CGs, 19660668 bytes)...
[M::mem_process_seqs_merge2] CPE FASTQ formatting done
slave pre done
now n is 86232
slave pre done
now n is 86232
processed 86232
[M::mem_process_seqs_merge2] Processed 86232 reads in 0.030 CPU sec, 0.728 real sec
processed 86232
[M::mem_process_seqs_merge2] Processed 86232 reads in 0.050 CPU sec, 0.994 real sec
[M::process] read chunk (19660800 bytes/CG x 1 CGs, 19660668 bytes)...
[M::process] read chunk (19660800 bytes/CG x 1 CGs, 19660896 bytes)...
[M::mem_process_seqs_merge2] CPE FASTQ formatting done
slave pre done
now n is 86231
processed 86231
[M::mem_process_seqs_merge2] Processed 86231 reads in 0.020 CPU sec, 0.746 real sec
[M::mem_process_seqs_merge2] CPE FASTQ formatting done
[M::process] read chunk (19660800 bytes/CG x 1 CGs, 19660896 bytes)...
[M::mem_process_seqs_merge2] CPE FASTQ formatting done
slave pre done
now n is 86231
processed 86231
[M::mem_process_seqs_merge2] Processed 86231 reads in 0.010 CPU sec, 0.790 real sec
slave pre done
now n is 86232
[M::process] read chunk (19660800 bytes/CG x 1 CGs, 19660896 bytes)...
processed 86232
[M::mem_process_seqs_merge2] Processed 86232 reads in 0.010 CPU sec, 0.725 real sec
[M::process] read chunk (19660800 bytes/CG x 1 CGs, 19660668 bytes)...
slave pre done
now n is 86232
[M::mem_process_seqs_merge2] CPE FASTQ formatting done
processed 86232
[M::mem_process_seqs_merge2] Processed 86232 reads in 0.020 CPU sec, 0.796 real sec
[M::mem_process_seqs_merge2] CPE FASTQ formatting done
[M::process] read chunk (19660800 bytes/CG x 1 CGs, 19660896 bytes)...
slave pre done
now n is 86232
slave pre done
now n is 86231
processed 86232
[M::mem_process_seqs_merge2] Processed 86232 reads in 0.020 CPU sec, 0.764 real sec
processed 86231
[M::mem_process_seqs_merge2] Processed 86231 reads in 0.010 CPU sec, 0.704 real sec
[M::mem_process_seqs_merge2] CPE FASTQ formatting done
[M::process] read chunk (19660800 bytes/CG x 1 CGs, 19660896 bytes)...
[M::process] read chunk (19660800 bytes/CG x 1 CGs, 19660668 bytes)...
[M::mem_process_seqs_merge2] CPE FASTQ formatting done
[M::mem_process_seqs_merge2] CPE FASTQ formatting done
slave pre done
now n is 86232
processed 86232
[M::mem_process_seqs_merge2] Processed 86232 reads in 0.030 CPU sec, 0.696 real sec
[M::process] read chunk (19660800 bytes/CG x 1 CGs, 19660896 bytes)...
[M::mem_process_seqs_merge2] CPE FASTQ formatting done
slave pre done
now n is 86231
processed 86231
[M::mem_process_seqs_merge2] Processed 86231 reads in 0.010 CPU sec, 0.670 real sec
slave pre done
now n is 86232
processed 86232
[M::mem_process_seqs_merge2] Processed 86232 reads in 0.020 CPU sec, 0.722 real sec
[M::process] read chunk (19660800 bytes/CG x 1 CGs, 19660896 bytes)...
[M::process] read chunk (19660800 bytes/CG x 1 CGs, 19660668 bytes)...
[M::mem_process_seqs_merge2] CPE FASTQ formatting done
slave pre done
now n is 86232
processed 86232
[M::mem_process_seqs_merge2] Processed 86232 reads in 0.020 CPU sec, 0.679 real sec
[M::process] read chunk (19660800 bytes/CG x 1 CGs, 19660668 bytes)...
[M::mem_process_seqs_merge2] CPE FASTQ formatting done
[M::mem_process_seqs_merge2] CPE FASTQ formatting done
slave pre done
now n is 86232
processed 86232
[M::mem_process_seqs_merge2] Processed 86232 reads in 0.010 CPU sec, 0.767 real sec
slave pre done
now n is 86231
processed 86231
[M::mem_process_seqs_merge2] Processed 86231 reads in 0.030 CPU sec, 0.728 real sec
[M::process] read chunk (19660800 bytes/CG x 1 CGs, 19660896 bytes)...
slave pre done
now n is 86231
processed 86231
[M::mem_process_seqs_merge2] Processed 86231 reads in 0.020 CPU sec, 0.642 real sec
[M::mem_process_seqs_merge2] CPE FASTQ formatting done
[M::process] read chunk (19660800 bytes/CG x 1 CGs, 19660668 bytes)...
[M::mem_process_seqs_merge2] CPE FASTQ formatting done
slave pre done
now n is 86232
processed 86232
[M::mem_process_seqs_merge2] Processed 86232 reads in 0.020 CPU sec, 0.674 real sec
[M::process] read chunk (19660800 bytes/CG x 1 CGs, 19660896 bytes)...
[M::mem_process_seqs_merge2] CPE FASTQ formatting done
slave pre done
now n is 86231
processed 86231
[M::mem_process_seqs_merge2] Processed 86231 reads in 0.020 CPU sec, 0.781 real sec
[M::process] read chunk (19660800 bytes/CG x 1 CGs, 19660896 bytes)...
[M::process] read chunk (19660800 bytes/CG x 1 CGs, 19660896 bytes)...
[M::mem_process_seqs_merge2] CPE FASTQ formatting done
slave pre done
now n is 86232
processed 86232
[M::mem_process_seqs_merge2] Processed 86232 reads in 0.050 CPU sec, 0.743 real sec
[M::mem_process_seqs_merge2] CPE FASTQ formatting done
slave pre done
now n is 86232
processed 86232
[M::mem_process_seqs_merge2] Processed 86232 reads in 0.040 CPU sec, 0.762 real sec
slave pre done
now n is 86232
processed 86232
[M::mem_process_seqs_merge2] Processed 86232 reads in 0.020 CPU sec, 0.681 real sec
[M::process] read chunk (19660800 bytes/CG x 1 CGs, 19660668 bytes)...
[M::process] read chunk (19660800 bytes/CG x 1 CGs, 19660896 bytes)...
[M::process] read chunk (19660800 bytes/CG x 1 CGs, 19660668 bytes)...
[M::mem_process_seqs_merge2] CPE FASTQ formatting done
[M::mem_process_seqs_merge2] CPE FASTQ formatting done
[M::mem_process_seqs_merge2] CPE FASTQ formatting done
slave pre done
now n is 86231
processed 86231
[M::mem_process_seqs_merge2] Processed 86231 reads in 0.020 CPU sec, 0.732 real sec
slave pre done
now n is 86232
processed 86232
[M::mem_process_seqs_merge2] Processed 86232 reads in 0.020 CPU sec, 0.712 real sec
[M::process] read chunk (19660800 bytes/CG x 1 CGs, 19660896 bytes)...
slave pre done
now n is 86231
processed 86231
[M::mem_process_seqs_merge2] Processed 86231 reads in 0.010 CPU sec, 0.687 real sec
[M::mem_process_seqs_merge2] CPE FASTQ formatting done
[M::process] read chunk (19660800 bytes/CG x 1 CGs, 19660668 bytes)...
[M::mem_process_seqs_merge2] CPE FASTQ formatting done
[M::process] read chunk (19660800 bytes/CG x 1 CGs, 19660896 bytes)...
[M::mem_process_seqs_merge2] CPE FASTQ formatting done
slave pre done
now n is 86232
processed 86232
[M::mem_process_seqs_merge2] Processed 86232 reads in 0.040 CPU sec, 0.702 real sec
slave pre done
now n is 86231
processed 86231
[M::mem_process_seqs_merge2] Processed 86231 reads in 0.010 CPU sec, 0.748 real sec
[M::process] read chunk (19660800 bytes/CG x 1 CGs, 19660896 bytes)...
slave pre done
now n is 86232
processed 86232
[M::mem_process_seqs_merge2] Processed 86232 reads in 0.020 CPU sec, 0.631 real sec
[M::mem_process_seqs_merge2] CPE FASTQ formatting done
[M::process] read chunk (19660800 bytes/CG x 1 CGs, 19660668 bytes)...
[M::mem_process_seqs_merge2] CPE FASTQ formatting done
[M::process] read chunk (19660800 bytes/CG x 1 CGs, 19660668 bytes)...
slave pre done
now n is 86232
processed 86232
[M::mem_process_seqs_merge2] Processed 86232 reads in 0.010 CPU sec, 0.660 real sec
[M::mem_process_seqs_merge2] CPE FASTQ formatting done
slave pre done
now n is 86231
processed 86231
[M::mem_process_seqs_merge2] Processed 86231 reads in 0.010 CPU sec, 0.690 real sec
[M::process] read chunk (19660800 bytes/CG x 1 CGs, 19660896 bytes)...
[M::mem_process_seqs_merge2] CPE FASTQ formatting done
slave pre done
now n is 86231
processed 86231
[M::mem_process_seqs_merge2] Processed 86231 reads in 0.020 CPU sec, 0.679 real sec
[M::process] read chunk (19660800 bytes/CG x 1 CGs, 19660896 bytes)...
slave pre done
now n is 86232
[M::mem_process_seqs_merge2] CPE FASTQ formatting done
processed 86232
[M::mem_process_seqs_merge2] Processed 86232 reads in 0.010 CPU sec, 0.743 real sec
[M::process] read chunk (19660800 bytes/CG x 1 CGs, 19660668 bytes)...
[M::mem_process_seqs_merge2] CPE FASTQ formatting done
slave pre done
now n is 86232
processed 86232
[M::mem_process_seqs_merge2] Processed 86232 reads in 0.010 CPU sec, 0.750 real sec
[M::process] read chunk (19660800 bytes/CG x 1 CGs, 19660668 bytes)...
slave pre done
now n is 86231
processed 86231
[M::mem_process_seqs_merge2] Processed 86231 reads in 0.030 CPU sec, 0.718 real sec
[M::mem_process_seqs_merge2] CPE FASTQ formatting done
[M::process] read chunk (19660800 bytes/CG x 1 CGs, 19660896 bytes)...
[M::mem_process_seqs_merge2] CPE FASTQ formatting done
[M::process] read chunk (19660800 bytes/CG x 1 CGs, 19660668 bytes)...
[M::mem_process_seqs_merge2] CPE FASTQ formatting done
slave pre done
now n is 86231
processed 86231
[M::mem_process_seqs_merge2] Processed 86231 reads in 0.040 CPU sec, 0.701 real sec
slave pre done
now n is 86232
processed 86232
[M::mem_process_seqs_merge2] Processed 86232 reads in 0.020 CPU sec, 0.709 real sec
[M::process] read chunk (19660800 bytes/CG x 1 CGs, 19660896 bytes)...
slave pre done
now n is 86231
processed 86231
[M::mem_process_seqs_merge2] Processed 86231 reads in 0.020 CPU sec, 0.654 real sec
[M::process] read chunk (19660800 bytes/CG x 1 CGs, 19660896 bytes)...
[M::mem_process_seqs_merge2] CPE FASTQ formatting done
[M::mem_process_seqs_merge2] CPE FASTQ formatting done
[M::process] read chunk (19660800 bytes/CG x 1 CGs, 19660668 bytes)...
slave pre done
now n is 86232
processed 86232
[M::mem_process_seqs_merge2] Processed 86232 reads in 0.030 CPU sec, 0.660 real sec
[M::mem_process_seqs_merge2] CPE FASTQ formatting done
slave pre done
now n is 86232
processed 86232
[M::mem_process_seqs_merge2] Processed 86232 reads in 0.020 CPU sec, 0.691 real sec
[M::process] read chunk (19660800 bytes/CG x 1 CGs, 19660896 bytes)...
[M::mem_process_seqs_merge2] CPE FASTQ formatting done
slave pre done
now n is 86231
processed 86231
[M::mem_process_seqs_merge2] Processed 86231 reads in 0.020 CPU sec, 0.752 real sec
[M::process] read chunk (19660800 bytes/CG x 1 CGs, 19660840 bytes)...
[M::process] read chunk (19660800 bytes/CG x 1 CGs, 19660840 bytes)...
slave pre done
now n is 86232
processed 86232
[M::mem_process_seqs_merge2] Processed 86232 reads in 0.020 CPU sec, 0.706 real sec
[M::mem_process_seqs_merge2] CPE FASTQ formatting done
[M::mem_process_seqs_merge2] CPE FASTQ formatting done
slave pre done
now n is 84745
processed 84745
[M::mem_process_seqs_merge2] Processed 84745 reads in 0.010 CPU sec, 0.687 real sec
slave pre done
now n is 84745
processed 84745
[M::mem_process_seqs_merge2] Processed 84745 reads in 0.010 CPU sec, 0.761 real sec
[M::process] read chunk (19660800 bytes/CG x 1 CGs, 19660840 bytes)...
[M::process] read chunk (19660800 bytes/CG x 1 CGs, 19660896 bytes)...
[M::mem_process_seqs_merge2] CPE FASTQ formatting done
[M::process] read chunk (19660800 bytes/CG x 1 CGs, 19660840 bytes)...
[M::mem_process_seqs_merge2] CPE FASTQ formatting done
[M::mem_process_seqs_merge2] CPE FASTQ formatting done
slave pre done
now n is 84745
processed 84745
[M::mem_process_seqs_merge2] Processed 84745 reads in 0.020 CPU sec, 0.688 real sec
slave pre done
now n is 86232
processed 86232
[M::mem_process_seqs_merge2] Processed 86232 reads in 0.010 CPU sec, 0.729 real sec
slave pre done
now n is 84745
processed 84745
[M::process] read chunk (19660800 bytes/CG x 1 CGs, 19660896 bytes)...
[M::mem_process_seqs_merge2] Processed 84745 reads in 0.010 CPU sec, 0.689 real sec
[M::process] read chunk (19660800 bytes/CG x 1 CGs, 19660668 bytes)...
[M::mem_process_seqs_merge2] CPE FASTQ formatting done
[M::mem_process_seqs_merge2] CPE FASTQ formatting done
[M::process] read chunk (19660800 bytes/CG x 1 CGs, 19660840 bytes)...
slave pre done
now n is 86232
processed 86232
[M::mem_process_seqs_merge2] Processed 86232 reads in 0.010 CPU sec, 0.710 real sec
[M::mem_process_seqs_merge2] CPE FASTQ formatting done
slave pre done
now n is 86231
processed 86231
[M::mem_process_seqs_merge2] Processed 86231 reads in 0.020 CPU sec, 0.764 real sec
[M::process] read chunk (19660800 bytes/CG x 1 CGs, 19660776 bytes)...
[M::mem_process_seqs_merge2] CPE FASTQ formatting done
slave pre done
now n is 84745
processed 84745
[M::mem_process_seqs_merge2] Processed 84745 reads in 0.020 CPU sec, 0.699 real sec
[M::process] read chunk (19660800 bytes/CG x 1 CGs, 19660608 bytes)...
[M::mem_process_seqs_merge2] CPE FASTQ formatting done
slave pre done
now n is 85846
processed 85846
[M::mem_process_seqs_merge2] Processed 85846 reads in 0.020 CPU sec, 0.787 real sec
[M::process] read chunk (19660800 bytes/CG x 1 CGs, 19660608 bytes)...
[M::mem_process_seqs_merge2] CPE FASTQ formatting done
slave pre done
now n is 84744
processed 84744
[M::mem_process_seqs_merge2] Processed 84744 reads in 0.020 CPU sec, 0.711 real sec
[M::process] read chunk (19660800 bytes/CG x 1 CGs, 19660840 bytes)...
[M::mem_process_seqs_merge2] CPE FASTQ formatting done
slave pre done
now n is 84744
processed 84744
[M::mem_process_seqs_merge2] Processed 84744 reads in 0.020 CPU sec, 0.684 real sec
[M::process] read chunk (19660800 bytes/CG x 1 CGs, 19660840 bytes)...
[M::process] read chunk (19660800 bytes/CG x 1 CGs, 19660840 bytes)...
[M::mem_process_seqs_merge2] CPE FASTQ formatting done
slave pre done
now n is 84745
[M::mem_process_seqs_merge2] CPE FASTQ formatting done
processed 84745
[M::mem_process_seqs_merge2] Processed 84745 reads in 0.040 CPU sec, 0.683 real sec
[M::process] read chunk (19660800 bytes/CG x 1 CGs, 19660840 bytes)...
[M::mem_process_seqs_merge2] CPE FASTQ formatting done
slave pre done
now n is 84745
processed 84745
[M::mem_process_seqs_merge2] Processed 84745 reads in 0.020 CPU sec, 0.715 real sec
[M::process] read chunk (19660800 bytes/CG x 1 CGs, 19660840 bytes)...
slave pre done
now n is 84745
processed 84745
[M::mem_process_seqs_merge2] Processed 84745 reads in 0.020 CPU sec, 0.702 real sec
[M::mem_process_seqs_merge2] CPE FASTQ formatting done
[M::process] read chunk (19660800 bytes/CG x 1 CGs, 19660840 bytes)...
[M::mem_process_seqs_merge2] CPE FASTQ formatting done
slave pre done
now n is 84745
processed 84745
[M::mem_process_seqs_merge2] Processed 84745 reads in 0.020 CPU sec, 0.770 real sec
[M::process] read chunk (19660800 bytes/CG x 1 CGs, 19660840 bytes)...
slave pre done
now n is 84745
processed 84745
[M::mem_process_seqs_merge2] Processed 84745 reads in 0.020 CPU sec, 0.690 real sec
[M::mem_process_seqs_merge2] CPE FASTQ formatting done
[M::process] read chunk (19660800 bytes/CG x 1 CGs, 19660840 bytes)...
slave pre done
now n is 84745
processed 84745
[M::mem_process_seqs_merge2] Processed 84745 reads in 0.020 CPU sec, 0.642 real sec
[M::mem_process_seqs_merge2] CPE FASTQ formatting done
[M::process] read chunk (19660800 bytes/CG x 1 CGs, 19660608 bytes)...
[M::mem_process_seqs_merge2] CPE FASTQ formatting done
slave pre done
now n is 84745
processed 84745
[M::mem_process_seqs_merge2] Processed 84745 reads in 0.010 CPU sec, 0.765 real sec
[M::process] read chunk (19660800 bytes/CG x 1 CGs, 19660608 bytes)...
slave pre done
now n is 84745
processed 84745
[M::mem_process_seqs_merge2] Processed 84745 reads in 0.020 CPU sec, 0.614 real sec
[M::mem_process_seqs_merge2] CPE FASTQ formatting done
[M::process] read chunk (19660800 bytes/CG x 1 CGs, 19660840 bytes)...
slave pre done
now n is 84744
processed 84744
[M::mem_process_seqs_merge2] Processed 84744 reads in 0.020 CPU sec, 0.712 real sec
[M::process] read chunk (19660800 bytes/CG x 1 CGs, 19660840 bytes)...
[M::mem_process_seqs_merge2] CPE FASTQ formatting done
[M::mem_process_seqs_merge2] CPE FASTQ formatting done
slave pre done
now n is 84744
processed 84744
[M::mem_process_seqs_merge2] Processed 84744 reads in 0.010 CPU sec, 0.646 real sec
[M::process] read chunk (19660800 bytes/CG x 1 CGs, 19660840 bytes)...
slave pre done
now n is 84745
processed 84745
[M::mem_process_seqs_merge2] Processed 84745 reads in 0.010 CPU sec, 0.680 real sec
[M::mem_process_seqs_merge2] CPE FASTQ formatting done
[M::process] read chunk (19660800 bytes/CG x 1 CGs, 19660840 bytes)...
slave pre done
now n is 84745
processed 84745
[M::mem_process_seqs_merge2] Processed 84745 reads in 0.020 CPU sec, 0.743 real sec
[M::mem_process_seqs_merge2] CPE FASTQ formatting done
[M::process] read chunk (19660800 bytes/CG x 1 CGs, 19660840 bytes)...
slave pre done
now n is 84745
processed 84745
[M::mem_process_seqs_merge2] Processed 84745 reads in 0.010 CPU sec, 0.695 real sec
[M::process] read chunk (19660800 bytes/CG x 1 CGs, 19660840 bytes)...
[M::mem_process_seqs_merge2] CPE FASTQ formatting done
slave pre done
now n is 84745
processed 84745
[M::mem_process_seqs_merge2] Processed 84745 reads in 0.020 CPU sec, 0.686 real sec
[M::mem_process_seqs_merge2] CPE FASTQ formatting done
[M::process] read chunk (19660800 bytes/CG x 1 CGs, 19660840 bytes)...
slave pre done
now n is 84745
[M::mem_process_seqs_merge2] CPE FASTQ formatting done
processed 84745
[M::mem_process_seqs_merge2] Processed 84745 reads in 0.020 CPU sec, 0.693 real sec
[M::process] read chunk (19660800 bytes/CG x 1 CGs, 19660840 bytes)...
slave pre done
now n is 84745
processed 84745
[M::mem_process_seqs_merge2] Processed 84745 reads in 0.010 CPU sec, 0.710 real sec
[M::mem_process_seqs_merge2] CPE FASTQ formatting done
[M::process] read chunk (19660800 bytes/CG x 1 CGs, 19660840 bytes)...
slave pre done
now n is 84745
processed 84745
[M::mem_process_seqs_merge2] Processed 84745 reads in 0.020 CPU sec, 0.727 real sec
[M::mem_process_seqs_merge2] CPE FASTQ formatting done
[M::process] read chunk (19660800 bytes/CG x 1 CGs, 19660840 bytes)...
slave pre done
now n is 84745
processed 84745
[M::mem_process_seqs_merge2] Processed 84745 reads in 0.010 CPU sec, 0.668 real sec
[M::mem_process_seqs_merge2] CPE FASTQ formatting done
[M::process] read chunk (19660800 bytes/CG x 1 CGs, 19660840 bytes)...
[M::mem_process_seqs_merge2] CPE FASTQ formatting done
slave pre done
now n is 84745
processed 84745
[M::mem_process_seqs_merge2] Processed 84745 reads in 0.040 CPU sec, 0.744 real sec
[M::process] read chunk (19660800 bytes/CG x 1 CGs, 19660840 bytes)...
slave pre done
now n is 84745
processed 84745
[M::mem_process_seqs_merge2] Processed 84745 reads in 0.010 CPU sec, 0.702 real sec
[M::mem_process_seqs_merge2] CPE FASTQ formatting done
slave pre done
now n is 84745
[M::process] read chunk (19660800 bytes/CG x 1 CGs, 19660840 bytes)...
processed 84745
[M::mem_process_seqs_merge2] Processed 84745 reads in 0.010 CPU sec, 0.707 real sec
[M::process] read chunk (19660800 bytes/CG x 1 CGs, 19660608 bytes)...
[M::mem_process_seqs_merge2] CPE FASTQ formatting done
[M::mem_process_seqs_merge2] CPE FASTQ formatting done
slave pre done
now n is 84745
processed 84745
[M::mem_process_seqs_merge2] Processed 84745 reads in 0.030 CPU sec, 0.746 real sec
[M::process] read chunk (19660800 bytes/CG x 1 CGs, 19660608 bytes)...
slave pre done
now n is 84745
[M::mem_process_seqs_merge2] CPE FASTQ formatting done
processed 84745
[M::mem_process_seqs_merge2] Processed 84745 reads in 0.020 CPU sec, 0.715 real sec
slave pre done
now n is 84744
processed 84744
[M::mem_process_seqs_merge2] Processed 84744 reads in 0.010 CPU sec, 0.708 real sec
[M::process] read chunk (19660800 bytes/CG x 1 CGs, 19660608 bytes)...
[M::process] read chunk (19660800 bytes/CG x 1 CGs, 19660840 bytes)...
[M::mem_process_seqs_merge2] CPE FASTQ formatting done
slave pre done
now n is 84744
processed 84744
[M::mem_process_seqs_merge2] Processed 84744 reads in 0.030 CPU sec, 0.679 real sec
[M::mem_process_seqs_merge2] CPE FASTQ formatting done
slave pre done
now n is 84744
processed 84744
[M::mem_process_seqs_merge2] Processed 84744 reads in 0.030 CPU sec, 0.696 real sec
[M::process] read chunk (19660800 bytes/CG x 1 CGs, 19660840 bytes)...
slave pre done
now n is 84745
processed 84745
[M::mem_process_seqs_merge2] Processed 84745 reads in 0.020 CPU sec, 0.664 real sec
[M::mem_process_seqs_merge2] CPE FASTQ formatting done
[M::process] read chunk (19660800 bytes/CG x 1 CGs, 19660840 bytes)...
[M::process] read chunk (19660800 bytes/CG x 1 CGs, 19660840 bytes)...
[M::mem_process_seqs_merge2] CPE FASTQ formatting done
[M::mem_process_seqs_merge2] CPE FASTQ formatting done
slave pre done
now n is 84745
processed 84745
[M::mem_process_seqs_merge2] Processed 84745 reads in 0.040 CPU sec, 0.670 real sec
slave pre done
now n is 84745
processed 84745
[M::mem_process_seqs_merge2] Processed 84745 reads in 0.020 CPU sec, 0.742 real sec
[M::process] read chunk (19660800 bytes/CG x 1 CGs, 19660840 bytes)...
slave pre done
now n is 84745
processed 84745
[M::mem_process_seqs_merge2] Processed 84745 reads in 0.010 CPU sec, 0.692 real sec
[M::mem_process_seqs_merge2] CPE FASTQ formatting done
[M::process] read chunk (19660800 bytes/CG x 1 CGs, 19660840 bytes)...
[M::process] read chunk (19660800 bytes/CG x 1 CGs, 4915152 bytes)...
[M::mem_process_seqs_merge2] CPE FASTQ formatting done
[M::mem_process_seqs_merge2] CPE FASTQ formatting done
slave pre done
now n is 21186
processed 21186
[M::mem_process_seqs_merge2] Processed 21186 reads in 0.010 CPU sec, 0.218 real sec
[M::process] read chunk (19660800 bytes/CG x 1 CGs, 19660840 bytes)...
[M::mem_process_seqs_merge2] CPE FASTQ formatting done
slave pre done
now n is 84745
processed 84745
[M::mem_process_seqs_merge2] Processed 84745 reads in 0.020 CPU sec, 0.816 real sec
slave pre done
now n is 84745
processed 84745
[M::mem_process_seqs_merge2] Processed 84745 reads in 0.010 CPU sec, 0.696 real sec
[M::process] read chunk (19660800 bytes/CG x 1 CGs, 4915152 bytes)...
[M::mem_process_seqs_merge2] CPE FASTQ formatting done
[M::process] read chunk (19660800 bytes/CG x 1 CGs, 19660840 bytes)...
slave pre done
now n is 84745
processed 84745
[M::mem_process_seqs_merge2] Processed 84745 reads in 0.010 CPU sec, 0.688 real sec
slave pre done
now n is 21186
processed 21186
[M::mem_process_seqs_merge2] Processed 21186 reads in 0.010 CPU sec, 0.233 real sec
[M::process] read chunk (19660800 bytes/CG x 1 CGs, 4915152 bytes)...
[M::mem_process_seqs_merge2] CPE FASTQ formatting done
[M::process] read chunk (19660800 bytes/CG x 1 CGs, 19660840 bytes)...
[M::mem_process_seqs_merge2] CPE FASTQ formatting done
slave pre done
now n is 21186
processed 21186
[M::mem_process_seqs_merge2] Processed 21186 reads in 0.020 CPU sec, 0.214 real sec
[M::mem_process_seqs_merge2] CPE FASTQ formatting done
[M::process] read chunk (19660800 bytes/CG x 1 CGs, 4915152 bytes)...
[M::mem_process_seqs_merge2] CPE FASTQ formatting done
slave pre done
now n is 84745
processed 84745
[M::mem_process_seqs_merge2] Processed 84745 reads in 0.020 CPU sec, 0.686 real sec
slave pre done
now n is 21186
processed 21186
[M::mem_process_seqs_merge2] Processed 21186 reads in 0.010 CPU sec, 0.207 real sec
[M::process] read chunk (19660800 bytes/CG x 1 CGs, 19660840 bytes)...
[M::mem_process_seqs_merge2] CPE FASTQ formatting done
slave pre done
now n is 84745
processed 84745
[M::mem_process_seqs_merge2] Processed 84745 reads in 0.020 CPU sec, 0.693 real sec
[M::process] read chunk (19660800 bytes/CG x 1 CGs, 4915384 bytes)...
[M::process] read chunk (19660800 bytes/CG x 1 CGs, 19660840 bytes)...
[M::mem_process_seqs_merge2] CPE FASTQ formatting done
slave pre done
now n is 21187
processed 21187
[M::mem_process_seqs_merge2] Processed 21187 reads in 0.020 CPU sec, 0.196 real sec
[M::process] read chunk (19660800 bytes/CG x 1 CGs, 4915152 bytes)...
[M::mem_process_seqs_merge2] CPE FASTQ formatting done
[M::mem_process_seqs_merge2] CPE FASTQ formatting done
slave pre done
now n is 84745
processed 84745
[M::mem_process_seqs_merge2] Processed 84745 reads in 0.010 CPU sec, 0.698 real sec
slave pre done
now n is 21186
[M::process] read chunk (19660800 bytes/CG x 1 CGs, 4915384 bytes)...
processed 21186
[M::mem_process_seqs_merge2] Processed 21186 reads in 0.010 CPU sec, 0.239 real sec
[M::process] read chunk (19660800 bytes/CG x 1 CGs, 4915152 bytes)...
[M::mem_process_seqs_merge2] CPE FASTQ formatting done
[M::mem_process_seqs_merge2] CPE FASTQ formatting done
slave pre done
now n is 21187
processed 21187
[M::mem_process_seqs_merge2] Processed 21187 reads in 0.010 CPU sec, 0.219 real sec
[M::process] read chunk (19660800 bytes/CG x 1 CGs, 4915152 bytes)...
slave pre done
now n is 21186
processed 21186
[M::mem_process_seqs_merge2] Processed 21186 reads in 0.020 CPU sec, 0.204 real sec
slave pre done
now n is 84745
[M::process] read chunk (19660800 bytes/CG x 1 CGs, 4915152 bytes)...
processed 84745
[M::mem_process_seqs_merge2] Processed 84745 reads in 0.010 CPU sec, 0.730 real sec
[M::mem_process_seqs_merge2] CPE FASTQ formatting done
[M::mem_process_seqs_merge2] CPE FASTQ formatting done
slave pre done
now n is 21186
processed 21186
[M::mem_process_seqs_merge2] Processed 21186 reads in 0.010 CPU sec, 0.185 real sec
[M::process] read chunk (19660800 bytes/CG x 1 CGs, 4915152 bytes)...
[M::mem_process_seqs_merge2] CPE FASTQ formatting done
slave pre done
now n is 21186
processed 21186
[M::mem_process_seqs_merge2] Processed 21186 reads in 0.010 CPU sec, 0.232 real sec
[M::process] read chunk (19660800 bytes/CG x 1 CGs, 4915152 bytes)...
[M::process] read chunk (19660800 bytes/CG x 1 CGs, 4915152 bytes)...
[M::mem_process_seqs_merge2] CPE FASTQ formatting done
[M::mem_process_seqs_merge2] CPE FASTQ formatting done
slave pre done
now n is 21186
processed 21186
[M::mem_process_seqs_merge2] Processed 21186 reads in 0.010 CPU sec, 0.196 real sec
slave pre done
now n is 21186
processed 21186
[M::mem_process_seqs_merge2] Processed 21186 reads in 0.010 CPU sec, 0.195 real sec
slave pre done
now n is 21186
processed 21186
[M::mem_process_seqs_merge2] Processed 21186 reads in 0.020 CPU sec, 0.194 real sec
[M::process] read chunk (19660800 bytes/CG x 1 CGs, 4915152 bytes)...
[M::process] read chunk (19660800 bytes/CG x 1 CGs, 4915384 bytes)...
[M::mem_process_seqs_merge2] CPE FASTQ formatting done
[M::mem_process_seqs_merge2] CPE FASTQ formatting done
slave pre done
now n is 21187
processed 21187
[M::mem_process_seqs_merge2] Processed 21187 reads in 0.010 CPU sec, 0.177 real sec
[M::process] read chunk (19660800 bytes/CG x 1 CGs, 4915152 bytes)...
slave pre done
now n is 21186
processed 21186
[M::mem_process_seqs_merge2] Processed 21186 reads in 0.030 CPU sec, 0.227 real sec
[M::mem_process_seqs_merge2] CPE FASTQ formatting done
[M::process] read chunk (19660800 bytes/CG x 1 CGs, 4915152 bytes)...
[M::mem_process_seqs_merge2] CPE FASTQ formatting done
slave pre done
now n is 21186
processed 21186
[M::mem_process_seqs_merge2] Processed 21186 reads in 0.010 CPU sec, 0.181 real sec
[M::process] read chunk (19660800 bytes/CG x 1 CGs, 4915152 bytes)...
[M::mem_process_seqs_merge2] CPE FASTQ formatting done
[M::process] read chunk (19660800 bytes/CG x 1 CGs, 4915384 bytes)...
slave pre done
now n is 21186
processed 21186
[M::mem_process_seqs_merge2] Processed 21186 reads in 0.020 CPU sec, 0.216 real sec
[M::process] read chunk (19660800 bytes/CG x 1 CGs, 4915152 bytes)...
[M::mem_process_seqs_merge2] CPE FASTQ formatting done
slave pre done
now n is 21186
[M::mem_process_seqs_merge2] CPE FASTQ formatting done
processed 21186
[M::mem_process_seqs_merge2] Processed 21186 reads in 0.010 CPU sec, 0.251 real sec
[M::process] read chunk (19660800 bytes/CG x 1 CGs, 4915152 bytes)...
slave pre done
now n is 21187
processed 21187
[M::mem_process_seqs_merge2] Processed 21187 reads in 0.020 CPU sec, 0.219 real sec
[M::process] read chunk (19660800 bytes/CG x 1 CGs, 4915152 bytes)...
slave pre done
now n is 21186
processed 21186
[M::mem_process_seqs_merge2] Processed 21186 reads in 0.010 CPU sec, 0.195 real sec
[M::mem_process_seqs_merge2] CPE FASTQ formatting done
[M::process] read chunk (19660800 bytes/CG x 1 CGs, 4915152 bytes)...
[M::mem_process_seqs_merge2] CPE FASTQ formatting done
[M::mem_process_seqs_merge2] CPE FASTQ formatting done
slave pre done
now n is 21186
processed 21186
[M::mem_process_seqs_merge2] Processed 21186 reads in 0.010 CPU sec, 0.211 real sec
slave pre done
now n is 21186
[M::process] read chunk (19660800 bytes/CG x 1 CGs, 4915384 bytes)...
processed 21186
[M::mem_process_seqs_merge2] Processed 21186 reads in 0.020 CPU sec, 0.220 real sec
slave pre done
now n is 21186
processed 21186
[M::mem_process_seqs_merge2] Processed 21186 reads in 0.020 CPU sec, 0.197 real sec
[M::process] read chunk (19660800 bytes/CG x 1 CGs, 4915152 bytes)...
[M::mem_process_seqs_merge2] CPE FASTQ formatting done
[M::process] read chunk (19660800 bytes/CG x 1 CGs, 4915152 bytes)...
[M::mem_process_seqs_merge2] CPE FASTQ formatting done
[M::mem_process_seqs_merge2] CPE FASTQ formatting done
slave pre done
now n is 21187
processed 21187
[M::mem_process_seqs_merge2] Processed 21187 reads in 0.010 CPU sec, 0.194 real sec
[M::process] read chunk (19660800 bytes/CG x 1 CGs, 4915152 bytes)...
slave pre done
now n is 21186
processed 21186
[M::mem_process_seqs_merge2] Processed 21186 reads in 0.010 CPU sec, 0.194 real sec
[M::process] read chunk (19660800 bytes/CG x 1 CGs, 4915152 bytes)...
[M::mem_process_seqs_merge2] CPE FASTQ formatting done
slave pre done
now n is 21186
processed 21186
[M::mem_process_seqs_merge2] Processed 21186 reads in 0.010 CPU sec, 0.211 real sec
[M::mem_process_seqs_merge2] CPE FASTQ formatting done
[M::process] read chunk (19660800 bytes/CG x 1 CGs, 4915152 bytes)...
[M::mem_process_seqs_merge2] CPE FASTQ formatting done
slave pre done
now n is 21186
processed 21186
[M::mem_process_seqs_merge2] Processed 21186 reads in 0.010 CPU sec, 0.201 real sec
[M::process] read chunk (19660800 bytes/CG x 1 CGs, 4915384 bytes)...
slave pre done
now n is 21186
processed 21186
[M::mem_process_seqs_merge2] Processed 21186 reads in 0.010 CPU sec, 0.210 real sec
[M::mem_process_seqs_merge2] CPE FASTQ formatting done
[M::process] read chunk (19660800 bytes/CG x 1 CGs, 4915152 bytes)...
slave pre done
now n is 21186
processed 21186
[M::mem_process_seqs_merge2] Processed 21186 reads in 0.020 CPU sec, 0.228 real sec
[M::mem_process_seqs_merge2] CPE FASTQ formatting done
[M::process] read chunk (19660800 bytes/CG x 1 CGs, 4915384 bytes)...
[M::process] read chunk (19660800 bytes/CG x 1 CGs, 4915152 bytes)...
slave pre done
now n is 21187
processed 21187
[M::mem_process_seqs_merge2] Processed 21187 reads in 0.020 CPU sec, 0.184 real sec
[M::mem_process_seqs_merge2] CPE FASTQ formatting done
[M::process] read chunk (19660800 bytes/CG x 1 CGs, 4915152 bytes)...
slave pre done
now n is 21186
processed 21186
[M::mem_process_seqs_merge2] Processed 21186 reads in 0.010 CPU sec, 0.191 real sec
[M::mem_process_seqs_merge2] CPE FASTQ formatting done
[M::mem_process_seqs_merge2] CPE FASTQ formatting done
slave pre done
now n is 21187
processed 21187
[M::mem_process_seqs_merge2] Processed 21187 reads in 0.020 CPU sec, 0.194 real sec
[M::process] read chunk (19660800 bytes/CG x 1 CGs, 4915152 bytes)...
slave pre done
now n is 21186
processed 21186
[M::mem_process_seqs_merge2] Processed 21186 reads in 0.010 CPU sec, 0.195 real sec
slave pre done
now n is 21186
processed 21186
[M::mem_process_seqs_merge2] Processed 21186 reads in 0.020 CPU sec, 0.205 real sec
[M::mem_process_seqs_merge2] CPE FASTQ formatting done
[M::process] read chunk (19660800 bytes/CG x 1 CGs, 4915152 bytes)...
[M::process] read chunk (19660800 bytes/CG x 1 CGs, 4915152 bytes)...
[M::mem_process_seqs_merge2] CPE FASTQ formatting done
[M::mem_process_seqs_merge2] CPE FASTQ formatting done
slave pre done
now n is 21186
processed 21186
[M::mem_process_seqs_merge2] Processed 21186 reads in 0.010 CPU sec, 0.211 real sec
slave pre done
now n is 21186
processed 21186
[M::mem_process_seqs_merge2] Processed 21186 reads in 0.010 CPU sec, 0.201 real sec
[M::process] read chunk (19660800 bytes/CG x 1 CGs, 4915152 bytes)...
[M::process] read chunk (19660800 bytes/CG x 1 CGs, 4915384 bytes)...
slave pre done
now n is 21186
processed 21186
[M::mem_process_seqs_merge2] Processed 21186 reads in 0.010 CPU sec, 0.200 real sec
[M::mem_process_seqs_merge2] CPE FASTQ formatting done
[M::process] read chunk (19660800 bytes/CG x 1 CGs, 4915384 bytes)...
[M::mem_process_seqs_merge2] CPE FASTQ formatting done
[M::mem_process_seqs_merge2] CPE FASTQ formatting done
slave pre done
now n is 21186
processed 21186
[M::mem_process_seqs_merge2] Processed 21186 reads in 0.010 CPU sec, 0.215 real sec
slave pre done
now n is 21187
slave pre done
now n is 21187
[M::process] read chunk (19660800 bytes/CG x 1 CGs, 4915152 bytes)...
processed 21187
[M::mem_process_seqs_merge2] Processed 21187 reads in 0.030 CPU sec, 0.218 real sec
processed 21187
[M::mem_process_seqs_merge2] Processed 21187 reads in 0.020 CPU sec, 0.182 real sec
[M::process] read chunk (19660800 bytes/CG x 1 CGs, 4915152 bytes)...
[M::process] read chunk (19660800 bytes/CG x 1 CGs, 4915152 bytes)...
[M::mem_process_seqs_merge2] CPE FASTQ formatting done
[M::mem_process_seqs_merge2] CPE FASTQ formatting done
[M::mem_process_seqs_merge2] CPE FASTQ formatting done
slave pre done
now n is 21186
processed 21186
[M::mem_process_seqs_merge2] Processed 21186 reads in 0.010 CPU sec, 0.213 real sec
[M::process] read chunk (19660800 bytes/CG x 1 CGs, 4915152 bytes)...
[M::process] read chunk (19660800 bytes/CG x 1 CGs, 4915384 bytes)...
slave pre done
now n is 21186
processed 21186
[M::mem_process_seqs_merge2] Processed 21186 reads in 0.020 CPU sec, 0.212 real sec
slave pre done
now n is 21186
processed 21186
[M::mem_process_seqs_merge2] Processed 21186 reads in 0.020 CPU sec, 0.226 real sec
[M::mem_process_seqs_merge2] CPE FASTQ formatting done
[M::mem_process_seqs_merge2] CPE FASTQ formatting done
[M::process] read chunk (19660800 bytes/CG x 1 CGs, 4915152 bytes)...
[M::process] read chunk (19660800 bytes/CG x 1 CGs, 4915152 bytes)...
[M::mem_process_seqs_merge2] CPE FASTQ formatting done
[M::mem_process_seqs_merge2] CPE FASTQ formatting done
slave pre done
now n is 21187
processed 21187
[M::mem_process_seqs_merge2] Processed 21187 reads in 0.010 CPU sec, 0.216 real sec
slave pre done
now n is 21186
processed 21186
[M::mem_process_seqs_merge2] Processed 21186 reads in 0.010 CPU sec, 0.240 real sec
[M::process] read chunk (19660800 bytes/CG x 1 CGs, 4915152 bytes)...
[M::process] read chunk (19660800 bytes/CG x 1 CGs, 4915152 bytes)...
slave pre done
now n is 21186
processed 21186
[M::mem_process_seqs_merge2] Processed 21186 reads in 0.020 CPU sec, 0.256 real sec
[M::process] read chunk (19660800 bytes/CG x 1 CGs, 4915152 bytes)...
[M::mem_process_seqs_merge2] CPE FASTQ formatting done
[M::mem_process_seqs_merge2] CPE FASTQ formatting done
[M::mem_process_seqs_merge2] CPE FASTQ formatting done
slave pre done
now n is 21186
slave pre done
now n is 21186
processed 21186
[M::mem_process_seqs_merge2] Processed 21186 reads in 0.010 CPU sec, 0.207 real sec
processed 21186
[M::mem_process_seqs_merge2] Processed 21186 reads in 0.010 CPU sec, 0.196 real sec
slave pre done
now n is 21186
slave pre done
now n is 21186
[M::process] read chunk (19660800 bytes/CG x 1 CGs, 4915152 bytes)...
processed 21186
[M::mem_process_seqs_merge2] Processed 21186 reads in 0.010 CPU sec, 0.200 real sec
processed 21186
[M::mem_process_seqs_merge2] Processed 21186 reads in 0.060 CPU sec, 0.586 real sec
[M::process] read chunk (19660800 bytes/CG x 1 CGs, 4915152 bytes)...
[M::process] read chunk (19660800 bytes/CG x 1 CGs, 4915152 bytes)...
[M::mem_process_seqs_merge2] CPE FASTQ formatting done
[M::mem_process_seqs_merge2] CPE FASTQ formatting done
[M::mem_process_seqs_merge2] CPE FASTQ formatting done
slave pre done
now n is 21186
slave pre done
now n is 21186
processed 21186
[M::mem_process_seqs_merge2] Processed 21186 reads in 0.010 CPU sec, 0.206 real sec
processed 21186
[M::mem_process_seqs_merge2] Processed 21186 reads in 0.010 CPU sec, 0.217 real sec
[M::process] read chunk (19660800 bytes/CG x 1 CGs, 4915152 bytes)...
[M::process] read chunk (19660800 bytes/CG x 1 CGs, 4915152 bytes)...
slave pre done
now n is 21186
[M::mem_process_seqs_merge2] CPE FASTQ formatting done
processed 21186
[M::mem_process_seqs_merge2] Processed 21186 reads in 0.020 CPU sec, 0.259 real sec
[M::mem_process_seqs_merge2] CPE FASTQ formatting done
[M::process] read chunk (19660800 bytes/CG x 1 CGs, 1228904 bytes)...
slave pre done
now n is 21186
processed 21186
[M::mem_process_seqs_merge2] Processed 21186 reads in 0.010 CPU sec, 0.201 real sec
[M::process] read chunk (19660800 bytes/CG x 1 CGs, 4915384 bytes)...
slave pre done
now n is 21186
processed 21186
[M::mem_process_seqs_merge2] Processed 21186 reads in 0.010 CPU sec, 0.217 real sec
[M::process] read chunk (19660800 bytes/CG x 1 CGs, 4915384 bytes)...
[M::mem_process_seqs_merge2] CPE FASTQ formatting done
slave pre done
now n is 5297
processed 5297
[M::mem_process_seqs_merge2] Processed 5297 reads in 0.010 CPU sec, 0.083 real sec
[M::process] read chunk (19660800 bytes/CG x 1 CGs, 4915152 bytes)...
[M::mem_process_seqs_merge2] CPE FASTQ formatting done
[M::mem_process_seqs_merge2] CPE FASTQ formatting done
[M::mem_process_seqs_merge2] CPE FASTQ formatting done
slave pre done
now n is 21186
processed 21186
[M::mem_process_seqs_merge2] Processed 21186 reads in 0.010 CPU sec, 0.208 real sec
slave pre done
now n is 21187
slave pre done
now n is 21187
processed 21187
[M::mem_process_seqs_merge2] Processed 21187 reads in 0.020 CPU sec, 0.216 real sec
processed 21187
[M::mem_process_seqs_merge2] Processed 21187 reads in 0.010 CPU sec, 0.246 real sec
[M::process] read chunk (19660800 bytes/CG x 1 CGs, 4915152 bytes)...
[M::process] read chunk (19660800 bytes/CG x 1 CGs, 1228904 bytes)...
[M::process] read chunk (19660800 bytes/CG x 1 CGs, 1228672 bytes)...
[M::mem_process_seqs_merge2] CPE FASTQ formatting done
[M::mem_process_seqs_merge2] CPE FASTQ formatting done
[M::mem_process_seqs_merge2] CPE FASTQ formatting done
slave pre done
now n is 5297
processed 5297
[M::mem_process_seqs_merge2] Processed 5297 reads in 0.010 CPU sec, 0.085 real sec
[M::process] read chunk (19660800 bytes/CG x 1 CGs, 1228672 bytes)...
slave pre done
now n is 5296
[M::mem_process_seqs_merge2] CPE FASTQ formatting done
processed 5296
[M::mem_process_seqs_merge2] Processed 5296 reads in 0.010 CPU sec, 0.122 real sec
[M::process] read chunk (19660800 bytes/CG x 1 CGs, 1228904 bytes)...
[M::mem_process_seqs_merge2] CPE FASTQ formatting done
slave pre done
now n is 5296
processed 5296
[M::mem_process_seqs_merge2] Processed 5296 reads in 0.010 CPU sec, 0.087 real sec
[M::process] read chunk (19660800 bytes/CG x 1 CGs, 1228904 bytes)...
slave pre done
now n is 21186
slave pre done
now n is 5297
processed 21186
[M::mem_process_seqs_merge2] Processed 21186 reads in 0.020 CPU sec, 0.226 real sec
processed 5297
[M::mem_process_seqs_merge2] Processed 5297 reads in 0.010 CPU sec, 0.087 real sec
[M::process] read chunk (19660800 bytes/CG x 1 CGs, 1228904 bytes)...
[M::mem_process_seqs_merge2] CPE FASTQ formatting done
[M::mem_process_seqs_merge2] CPE FASTQ formatting done
[M::process] read chunk (19660800 bytes/CG x 1 CGs, 1228904 bytes)...
slave pre done
now n is 5297
slave pre done
now n is 5297
processed 5297
[M::mem_process_seqs_merge2] Processed 5297 reads in 0.010 CPU sec, 0.085 real sec
processed 5297
[M::mem_process_seqs_merge2] Processed 5297 reads in 0.010 CPU sec, 0.080 real sec
[M::process] read chunk (19660800 bytes/CG x 1 CGs, 1228672 bytes)...
[M::mem_process_seqs_merge2] CPE FASTQ formatting done
[M::mem_process_seqs_merge2] CPE FASTQ formatting done
[M::process] read chunk (19660800 bytes/CG x 1 CGs, 1228672 bytes)...
[M::mem_process_seqs_merge2] CPE FASTQ formatting done
slave pre done
now n is 5297
slave pre done
now n is 5296
processed 5297
[M::mem_process_seqs_merge2] Processed 5297 reads in 0.010 CPU sec, 0.097 real sec
slave pre done
now n is 5296
processed 5296
[M::mem_process_seqs_merge2] Processed 5296 reads in 0.010 CPU sec, 0.064 real sec
processed 5296
[M::mem_process_seqs_merge2] Processed 5296 reads in 0.010 CPU sec, 0.088 real sec
[M::process] read chunk (19660800 bytes/CG x 1 CGs, 1228672 bytes)...
[M::process] read chunk (19660800 bytes/CG x 1 CGs, 1228904 bytes)...
[M::process] read chunk (19660800 bytes/CG x 1 CGs, 1228904 bytes)...
[M::mem_process_seqs_merge2] CPE FASTQ formatting done
[M::mem_process_seqs_merge2] CPE FASTQ formatting done
[M::mem_process_seqs_merge2] CPE FASTQ formatting done
slave pre done
now n is 5297
processed 5297
[M::mem_process_seqs_merge2] Processed 5297 reads in 0.020 CPU sec, 0.074 real sec
[M::process] read chunk (19660800 bytes/CG x 1 CGs, 1228672 bytes)...
slave pre done
now n is 5296
slave pre done
now n is 5297
processed 5296
[M::mem_process_seqs_merge2] Processed 5296 reads in 0.020 CPU sec, 0.102 real sec
processed 5297
[M::mem_process_seqs_merge2] Processed 5297 reads in 0.010 CPU sec, 0.107 real sec
[M::process] read chunk (19660800 bytes/CG x 1 CGs, 1228672 bytes)...
[M::process] read chunk (19660800 bytes/CG x 1 CGs, 1228672 bytes)...
[M::mem_process_seqs_merge2] CPE FASTQ formatting done
[M::mem_process_seqs_merge2] CPE FASTQ formatting done
[M::mem_process_seqs_merge2] CPE FASTQ formatting done
slave pre done
now n is 5296
processed 5296
[M::mem_process_seqs_merge2] Processed 5296 reads in 0.010 CPU sec, 0.079 real sec
slave pre done
now n is 5296
slave pre done
now n is 5296
processed 5296
[M::mem_process_seqs_merge2] Processed 5296 reads in 0.020 CPU sec, 0.104 real sec
processed 5296
[M::mem_process_seqs_merge2] Processed 5296 reads in 0.020 CPU sec, 0.098 real sec
[M::process] read chunk (19660800 bytes/CG x 1 CGs, 1228904 bytes)...
[M::process] read chunk (19660800 bytes/CG x 1 CGs, 1228672 bytes)...
[M::process] read chunk (19660800 bytes/CG x 1 CGs, 1228904 bytes)...
[M::process] read chunk (19660800 bytes/CG x 1 CGs, 1228672 bytes)...
[M::mem_process_seqs_merge2] CPE FASTQ formatting done
[M::mem_process_seqs_merge2] CPE FASTQ formatting done
slave pre done
now n is 5297
[M::mem_process_seqs_merge2] CPE FASTQ formatting done
[M::mem_process_seqs_merge2] CPE FASTQ formatting done
processed 5297
[M::mem_process_seqs_merge2] Processed 5297 reads in 0.020 CPU sec, 0.065 real sec
slave pre done
now n is 5297
processed 5297
[M::mem_process_seqs_merge2] Processed 5297 reads in 0.010 CPU sec, 0.090 real sec
slave pre done
now n is 5296
[M::process] read chunk (19660800 bytes/CG x 1 CGs, 1228904 bytes)...
processed 5296
[M::mem_process_seqs_merge2] Processed 5296 reads in 0.010 CPU sec, 0.070 real sec
[M::mem_process_seqs_merge2] CPE FASTQ formatting done
slave pre done
now n is 5296
processed 5296
[M::mem_process_seqs_merge2] Processed 5296 reads in 0.010 CPU sec, 0.097 real sec
[M::process] read chunk (19660800 bytes/CG x 1 CGs, 1228904 bytes)...
[M::process] read chunk (19660800 bytes/CG x 1 CGs, 1228904 bytes)...
[M::mem_process_seqs_merge2] CPE FASTQ formatting done
slave pre done
now n is 5297
[M::process] read chunk (19660800 bytes/CG x 1 CGs, 1228904 bytes)...
processed 5297
[M::mem_process_seqs_merge2] Processed 5297 reads in 0.020 CPU sec, 0.075 real sec
[M::mem_process_seqs_merge2] CPE FASTQ formatting done
slave pre done
now n is 5297
processed 5297
[M::process] read chunk (19660800 bytes/CG x 1 CGs, 1228672 bytes)...
[M::mem_process_seqs_merge2] Processed 5297 reads in 0.010 CPU sec, 0.081 real sec
slave pre done
now n is 5297
[M::mem_process_seqs_merge2] CPE FASTQ formatting done
processed 5297
[M::mem_process_seqs_merge2] Processed 5297 reads in 0.010 CPU sec, 0.068 real sec
[M::process] read chunk (19660800 bytes/CG x 1 CGs, 1228904 bytes)...
[M::process] read chunk (19660800 bytes/CG x 1 CGs, 1228904 bytes)...
[M::mem_process_seqs_merge2] CPE FASTQ formatting done
[M::mem_process_seqs_merge2] CPE FASTQ formatting done
slave pre done
now n is 5297
[M::mem_process_seqs_merge2] CPE FASTQ formatting done
processed 5297
[M::mem_process_seqs_merge2] Processed 5297 reads in 0.010 CPU sec, 0.102 real sec
[M::process] read chunk (19660800 bytes/CG x 1 CGs, 1228672 bytes)...
slave pre done
now n is 5297
processed 5297
[M::mem_process_seqs_merge2] Processed 5297 reads in 0.010 CPU sec, 0.078 real sec
[M::mem_process_seqs_merge2] CPE FASTQ formatting done
slave pre done
now n is 5296
processed 5296
[M::mem_process_seqs_merge2] Processed 5296 reads in 0.010 CPU sec, 0.100 real sec
[M::process] read chunk (19660800 bytes/CG x 1 CGs, 1228904 bytes)...
[M::process] read chunk (19660800 bytes/CG x 1 CGs, 1228672 bytes)...
[M::mem_process_seqs_merge2] CPE FASTQ formatting done
slave pre done
now n is 5296
processed 5296
[M::mem_process_seqs_merge2] Processed 5296 reads in 0.010 CPU sec, 0.065 real sec
slave pre done
now n is 5296
processed 5296
[M::mem_process_seqs_merge2] Processed 5296 reads in 0.010 CPU sec, 0.129 real sec
[M::mem_process_seqs_merge2] CPE FASTQ formatting done
[M::process] read chunk (19660800 bytes/CG x 1 CGs, 1228672 bytes)...
[M::process] read chunk (19660800 bytes/CG x 1 CGs, 1228672 bytes)...
[M::mem_process_seqs_merge2] CPE FASTQ formatting done
slave pre done
now n is 5297
processed 5297
[M::mem_process_seqs_merge2] Processed 5297 reads in 0.020 CPU sec, 0.267 real sec
slave pre done
now n is 5297
[M::mem_process_seqs_merge2] CPE FASTQ formatting done
processed 5297
[M::mem_process_seqs_merge2] Processed 5297 reads in 0.010 CPU sec, 0.129 real sec
[M::process] read chunk (19660800 bytes/CG x 1 CGs, 1228672 bytes)...
[M::mem_process_seqs_merge2] CPE FASTQ formatting done
[M::process] read chunk (19660800 bytes/CG x 1 CGs, 1228904 bytes)...
[M::mem_process_seqs_merge2] CPE FASTQ formatting done
slave pre done
now n is 5296
slave pre done
now n is 5296
processed 5296
[M::mem_process_seqs_merge2] Processed 5296 reads in 0.030 CPU sec, 0.210 real sec
processed 5296
[M::mem_process_seqs_merge2] Processed 5296 reads in 0.010 CPU sec, 0.112 real sec
[M::process] read chunk (19660800 bytes/CG x 1 CGs, 1228904 bytes)...
slave pre done
now n is 5297
[M::process] read chunk (19660800 bytes/CG x 1 CGs, 1228672 bytes)...
[M::mem_process_seqs_merge2] CPE FASTQ formatting done
processed 5297
[M::mem_process_seqs_merge2] Processed 5297 reads in 0.010 CPU sec, 0.108 real sec
[M::mem_process_seqs_merge2] CPE FASTQ formatting done
[M::process] read chunk (19660800 bytes/CG x 1 CGs, 1228672 bytes)...
slave pre done
now n is 5296
slave pre done
now n is 5297
processed 5296
[M::mem_process_seqs_merge2] Processed 5296 reads in 0.010 CPU sec, 0.096 real sec
[M::process] read chunk (19660800 bytes/CG x 1 CGs, 1228904 bytes)...
processed 5297
[M::mem_process_seqs_merge2] Processed 5297 reads in 0.010 CPU sec, 0.126 real sec
[M::mem_process_seqs_merge2] CPE FASTQ formatting done
[M::mem_process_seqs_merge2] CPE FASTQ formatting done
[M::process] read chunk (19660800 bytes/CG x 1 CGs, 1228672 bytes)...
[M::mem_process_seqs_merge2] CPE FASTQ formatting done
slave pre done
now n is 5296
processed 5296
[M::mem_process_seqs_merge2] Processed 5296 reads in 0.010 CPU sec, 0.136 real sec
[M::process] read chunk (19660800 bytes/CG x 1 CGs, 1228904 bytes)...
slave pre done
now n is 5297
processed 5297
[M::mem_process_seqs_merge2] Processed 5297 reads in 0.020 CPU sec, 0.165 real sec
[M::mem_process_seqs_merge2] CPE FASTQ formatting done
[M::process] read chunk (19660800 bytes/CG x 1 CGs, 1228904 bytes)...
[M::mem_process_seqs_merge2] CPE FASTQ formatting done
[M::process] read chunk (19660800 bytes/CG x 1 CGs, 1228904 bytes)...
slave pre done
now n is 5297
processed 5297
[M::mem_process_seqs_merge2] Processed 5297 reads in 0.020 CPU sec, 0.293 real sec
[M::mem_process_seqs_merge2] CPE FASTQ formatting done
slave pre done
now n is 5296
processed 5296
[M::mem_process_seqs_merge2] Processed 5296 reads in 0.020 CPU sec, 0.378 real sec
[M::process] read chunk (19660800 bytes/CG x 1 CGs, 1228904 bytes)...
slave pre done
now n is 5296
processed 5296
[M::mem_process_seqs_merge2] Processed 5296 reads in 0.070 CPU sec, 0.766 real sec
[M::process] read chunk (19660800 bytes/CG x 1 CGs, 1228672 bytes)...
[M::process] read chunk (19660800 bytes/CG x 1 CGs, 1228904 bytes)...
[M::mem_process_seqs_merge2] CPE FASTQ formatting done
[M::mem_process_seqs_merge2] CPE FASTQ formatting done
[M::mem_process_seqs_merge2] CPE FASTQ formatting done
slave pre done
now n is 5297
processed 5297
[M::mem_process_seqs_merge2] Processed 5297 reads in 0.020 CPU sec, 0.471 real sec
[M::process] read chunk (19660800 bytes/CG x 1 CGs, 1228672 bytes)...
[M::mem_process_seqs_merge2] CPE FASTQ formatting done
slave pre done
now n is 5297
processed 5297
[M::mem_process_seqs_merge2] Processed 5297 reads in 0.010 CPU sec, 0.229 real sec
[M::process] read chunk (19660800 bytes/CG x 1 CGs, 1228904 bytes)...
[M::mem_process_seqs_merge2] CPE FASTQ formatting done
slave pre done
now n is 5297
processed 5297
[M::mem_process_seqs_merge2] Processed 5297 reads in 0.030 CPU sec, 0.479 real sec
[M::process] read chunk (19660800 bytes/CG x 1 CGs, 1228904 bytes)...
slave pre done
now n is 5296
processed 5296
[M::mem_process_seqs_merge2] Processed 5296 reads in 0.030 CPU sec, 0.484 real sec
[M::mem_process_seqs_merge2] CPE FASTQ formatting done
[M::process] read chunk (19660800 bytes/CG x 1 CGs, 1228672 bytes)...
[M::mem_process_seqs_merge2] CPE FASTQ formatting done
slave pre done
now n is 5297
processed 5297
[M::mem_process_seqs_merge2] Processed 5297 reads in 0.130 CPU sec, 0.750 real sec
[M::process] read chunk (19660800 bytes/CG x 1 CGs, 1228904 bytes)...
slave pre done
now n is 5297
processed 5297
[M::mem_process_seqs_merge2] Processed 5297 reads in 0.010 CPU sec, 0.486 real sec
slave pre done
now n is 5296
processed 5296
[M::mem_process_seqs_merge2] Processed 5296 reads in 0.080 CPU sec, 0.559 real sec
[M::process] read chunk (19660800 bytes/CG x 1 CGs, 1228672 bytes)...
[M::mem_process_seqs_merge2] CPE FASTQ formatting done
[M::mem_process_seqs_merge2] CPE FASTQ formatting done
[M::process] read chunk (19660800 bytes/CG x 1 CGs, 887632 bytes)...
[M::mem_process_seqs_merge2] CPE FASTQ formatting done
slave pre done
now n is 3826
processed 3826
[M::mem_process_seqs_merge2] Processed 3826 reads in 0.010 CPU sec, 0.169 real sec
slave pre done
now n is 5297
processed 5297
[M::mem_process_seqs_merge2] Processed 5297 reads in 0.030 CPU sec, 0.305 real sec
slave pre done
now n is 5296
processed 5296
[M::mem_process_seqs_merge2] Processed 5296 reads in 0.030 CPU sec, 0.515 real sec
[MPI rank 000001/000006] input work: chunks=39 records=2575348 bytes=589824512
slave pre done
now n is 5297
processed 5297
[M::mem_process_seqs_merge2] Processed 5297 reads in 0.100 CPU sec, 0.653 real sec
slave pre done
now n is 5296
processed 5296
[M::mem_process_seqs_merge2] Processed 5296 reads in 0.030 CPU sec, 0.472 real sec
[MPI rank 000002/000006] input work: chunks=52 records=2544231 bytes=583338428
[MPI rank 000000/000006] input work: chunks=46 records=2405593 bytes=550501828
[MPI rank 000004/000006] input work: chunks=42 records=2605969 bytes=597196632
[MPI rank 000003/000006] input work: chunks=48 records=2622829 bytes=600883320
[MPI rank 000005/000006] input work: chunks=44 records=2520710 bytes=577536628

================ MPI Dynamic Scheduler Debug =================
  MPI rank: 000000 / 000006

  Work summary
    claimed chunks                                         46
    claimed from this rank's queue                          8
    claimed from another rank's queue                      38
    completed FASTQ records                           2405593
    claimed input bytes                             550501828

  Scheduler counters
    scheduler_next calls                                   47
    RMA ticket attempts                                    53
    attempts against another rank's queue                  44
    tickets beyond the final chunk                          7
    empty aligned chunks                                    0

  Scheduler timing
    MPI_Win_create (setup)                       0.000480 s  (1 calls,   479.704 us/call)
    MPI_Barrier after setup                      0.000011 s  (1 calls,    10.550 us/call)
    scheduler_next total                         1.077301 s  (47 calls, 22921.302 us/call)
      RMA ticket path total                        1.077103 s  (53 calls, 20322.700 us/call)
        MPI_Win_lock                                 0.000209 s  (53 calls,     3.950 us/call)
        MPI_Fetch_and_op                             0.001329 s  (53 calls,    25.077 us/call)
        MPI_Win_unlock                               1.075165 s  (53 calls, 20286.136 us/call)
        RMA call overhead (derived)                  0.000399 s  (53 calls,     7.537 us/call)
      align nominal offsets to FASTQ records       0.000044 s  (46 calls,     0.959 us/call)
      scheduler loop/bookkeeping (derived)         0.000154 s  (47 calls,     3.277 us/call)

  Scheduler teardown timing
    MPI_Barrier (wait for other ranks)           1.096915 s  (1 calls, 1096915.264 us/call)
    MPI_Win_free                                 0.000117 s  (1 calls,   117.151 us/call)

  Stage 2 by chunk
    completed chunks                                       46
    accumulated stage 2                             22.171833 s
    average stage 2 per chunk                        0.481996 s
    slowest chunk                                         115
    slowest chunk stage 2                            0.786541 s

    order   chunk  queue        byte range                       bytes      records   stage2(s)
        0       0      0  [           0,     19660976)     19660976        89570    0.691298
        1       7      1  [   137625820,    157286524)     19660704        87771    0.761606
        2      14      2  [   275251392,    294912060)     19660668        86231    0.727916
        3      21      3  [   412876980,    432537648)     19660668        86231    0.764008
        4      40      4  [   786432180,    806092848)     19660668        86231    0.779816
        5      41      5  [   806092848,    825753744)     19660896        86232    0.783746
        6      36      0  [   707788824,    727449720)     19660896        86232    0.704974
        7      55      1  [  1081344024,   1101004920)     19660896        86232    0.771205
        8      62      2  [  1218969612,   1238630508)     19660896        86232    0.712794
        9      57      3  [  1120665816,   1140326484)     19660668        86231    0.650250
       10      82      4  [  1612185708,   1631846604)     19660896        86232    0.725462
       11      83      5  [  1631846604,   1651507272)     19660668        86231    0.703870
       12      72      0  [  1415577660,   1435238556)     19660896        86232    0.722290
       13      79      1  [  1553203248,   1572864144)     19660896        86232    0.766538
       14      98      2  [  1926758448,   1946419344)     19660896        86232    0.631012
       15      99      3  [  1946419344,   1966080012)     19660668        86231    0.690864
       16     100      4  [  1966080012,   1985740908)     19660896        86232    0.743728
       17     119      5  [  2339635380,   2359296220)     19660840        84745    0.689708
       18     114      0  [  2241331416,   2260992084)     19660668        86231    0.763992
       19     115      1  [  2260992084,   2280652860)     19660776        85846    0.786541
       20     140      2  [  2752512092,   2772172932)     19660840        84745    0.692557
       21     141      3  [  2772172932,   2791833772)     19660840        84745    0.667959
       22     142      4  [  2791833772,   2811494612)     19660840        84745    0.707571
       23     143      5  [  2811494612,   2831155220)     19660608        84744    0.708108
       24     156      0  [  3067084836,   3086745676)     19660840        84745    0.686836
       25     157      1  [  3086745676,   3106406516)     19660840        84745    0.698566
       26     164      2  [  3165388804,   3170304188)      4915384        21187    0.219195
       27     165      3  [  3170304188,   3175219340)      4915152        21186    0.185168
       28     166      4  [  3175219340,   3180134492)      4915152        21186    0.196393
       29     221      5  [  3438182524,   3439411428)      1228904         5297    0.083505
       30     216      0  [  3420979260,   3425894412)      4915152        21186    0.208192
       31     223      1  [  3440640100,   3441869004)      1228904         5297    0.085069
       32     224      2  [  3441869004,   3443097676)      1228672         5296    0.087166
       33     225      3  [  3443097676,   3444326580)      1228904         5297    0.085089
       34     226      4  [  3444326580,   3445555252)      1228672         5296    0.064484
       35     233      5  [  3452928212,   3454156884)      1228672         5296    0.101731
       36     228      0  [  3446784156,   3448012828)      1228672         5296    0.098496
       37     235      1  [  3455385788,   3456614460)      1228672         5296    0.097823
       38     236      2  [  3456614460,   3457843364)      1228904         5297    0.068080
       39     243      3  [  3465216092,   3466444996)      1228904         5297    0.078008
       40     244      4  [  3466444996,   3467673668)      1228672         5296    0.065384
       41     251      5  [  3475046628,   3476275300)      1228672         5296    0.210449
       42     252      0  [  3476275300,   3477504204)      1228904         5297    0.126727
       43     259      1  [  3484876932,   3486105604)      1228672         5296    0.378025
       44     266      2  [  3493478564,   3494707236)      1228672         5296    0.484314
       45     268      4  [  3495936140,   3497164812)      1228672         5296    0.515320
==============================================================


================ MPI Dynamic Scheduler Debug =================
  MPI rank: 000001 / 000006

  Work summary
    claimed chunks                                         39
    claimed from this rank's queue                          7
    claimed from another rank's queue                      32
    completed FASTQ records                           2575348
    claimed input bytes                             589824512

  Scheduler counters
    scheduler_next calls                                   40
    RMA ticket attempts                                    45
    attempts against another rank's queue                  37
    tickets beyond the final chunk                          6
    empty aligned chunks                                    0

  Scheduler timing
    MPI_Win_create (setup)                       0.002727 s  (1 calls,  2726.823 us/call)
    MPI_Barrier after setup                      0.000020 s  (1 calls,    19.600 us/call)
    scheduler_next total                         0.954717 s  (40 calls, 23867.924 us/call)
      RMA ticket path total                        0.954557 s  (45 calls, 21212.388 us/call)
        MPI_Win_lock                                 0.000184 s  (45 calls,     4.089 us/call)
        MPI_Fetch_and_op                             0.000838 s  (45 calls,    18.629 us/call)
        MPI_Win_unlock                               0.953460 s  (45 calls, 21188.009 us/call)
        RMA call overhead (derived)                  0.000075 s  (45 calls,     1.661 us/call)
      align nominal offsets to FASTQ records       0.000037 s  (39 calls,     0.950 us/call)
      scheduler loop/bookkeeping (derived)         0.000122 s  (40 calls,     3.061 us/call)

  Scheduler teardown timing
    MPI_Barrier (wait for other ranks)           2.483132 s  (1 calls, 2483131.871 us/call)
    MPI_Win_free                                 0.000098 s  (1 calls,    97.601 us/call)

  Stage 2 by chunk
    completed chunks                                       39
    accumulated stage 2                             22.134827 s
    average stage 2 per chunk                        0.567560 s
    slowest chunk                                          67
    slowest chunk stage 2                            0.890832 s

    order   chunk  queue        byte range                       bytes      records   stage2(s)
        0       1      1  [    19660976,     39321628)     19660652        87957    0.725607
        1       8      2  [   157286524,    176947228)     19660704        87771    0.738096
        2      15      3  [   294912060,    314572956)     19660896        86232    0.696175
        3      22      4  [   432537648,    452198544)     19660896        86232    0.732553
        4      29      5  [   570163236,    589824132)     19660896        86232    0.699406
        5      24      0  [   471859212,    491520108)     19660896        86232    0.716706
        6      31      1  [   609484800,    629145696)     19660896        86232    0.662154
        7      44      2  [   865075308,    884736204)     19660896        86232    0.744223
        8      45      3  [   884736204,    904396872)     19660668        86231    0.771996
        9      52      4  [  1022361792,   1042022460)     19660668        86231    0.665057
       10      65      5  [  1277952072,   1297612968)     19660896        86232    0.756366
       11      60      0  [  1179648048,   1199308944)     19660896        86232    0.749966
       12      67      1  [  1317273636,   1336934532)     19660896        86232    0.890832
       13      74      2  [  1454899224,   1474560120)     19660896        86232    0.727869
       14      87      3  [  1710489732,   1730150400)     19660668        86231    0.781941
       15      88      4  [  1730150400,   1749811296)     19660896        86232    0.762723
       16      95      5  [  1867776216,   1887436884)     19660668        86231    0.732686
       17     102      0  [  2005401804,   2025062472)     19660668        86231    0.653926
       18     103      1  [  2025062472,   2044723368)     19660896        86232    0.691352
       19     110      2  [  2162688060,   2182348956)     19660896        86232    0.706661
       20     123      3  [  2418278508,   2437939348)     19660840        84745    0.702860
       21     124      4  [  2437939348,   2457600188)     19660840        84745    0.642375
       22     131      5  [  2575564996,   2595225604)     19660608        84744    0.712400
       23     132      0  [  2595225604,   2614886444)     19660840        84745    0.743915
       24     145      1  [  2850816060,   2870476900)     19660840        84745    0.664021
       25     146      2  [  2870476900,   2890137740)     19660840        84745    0.742949
       26     153      3  [  3008102548,   3027763388)     19660840        84745    0.816899
       27     178      4  [  3234201628,   3239117012)      4915384        21187    0.218567
       28     179      5  [  3239117012,   3244032164)      4915152        21186    0.219833
       29     180      0  [  3244032164,   3248947316)      4915152        21186    0.194200
       30     181      1  [  3248947316,   3253862468)      4915152        21186    0.200761
       31     188      2  [  3283353612,   3288268996)      4915384        21187    0.184470
       32     189      3  [  3288268996,   3293184148)      4915152        21186    0.195616
       33     196      4  [  3322675292,   3327590444)      4915152        21186    0.200525
       34     197      5  [  3327590444,   3332505828)      4915384        21187    0.181932
       35     192      0  [  3303014452,   3307929604)      4915152        21186    0.212693
       36     199      1  [  3337420980,   3342336132)      4915152        21186    0.239847
       37     206      2  [  3371827276,   3376742428)      4915152        21186    0.195815
       38     213      3  [  3406233804,   3411148956)      4915152        21186    0.258854
==============================================================


================ MPI Dynamic Scheduler Debug =================
  MPI rank: 000002 / 000006

  Work summary
    claimed chunks                                         52
    claimed from this rank's queue                          9
    claimed from another rank's queue                      43
    completed FASTQ records                           2544231
    claimed input bytes                             583338428

  Scheduler counters
    scheduler_next calls                                   53
    RMA ticket attempts                                    59
    attempts against another rank's queue                  49
    tickets beyond the final chunk                          7
    empty aligned chunks                                    0

  Scheduler timing
    MPI_Win_create (setup)                       0.002666 s  (1 calls,  2666.322 us/call)
    MPI_Barrier after setup                      0.000011 s  (1 calls,    11.450 us/call)
    scheduler_next total                         1.240508 s  (53 calls, 23405.805 us/call)
      RMA ticket path total                        1.240295 s  (59 calls, 21021.948 us/call)
        MPI_Win_lock                                 0.000249 s  (59 calls,     4.228 us/call)
        MPI_Fetch_and_op                             0.001203 s  (59 calls,    20.395 us/call)
        MPI_Win_unlock                               1.238748 s  (59 calls, 20995.737 us/call)
        RMA call overhead (derived)                  0.000094 s  (59 calls,     1.588 us/call)
      align nominal offsets to FASTQ records       0.000046 s  (52 calls,     0.888 us/call)
      scheduler loop/bookkeeping (derived)         0.000167 s  (53 calls,     3.142 us/call)

  Scheduler teardown timing
    MPI_Barrier (wait for other ranks)           1.445569 s  (1 calls, 1445569.008 us/call)
    MPI_Win_free                                 0.000098 s  (1 calls,    97.601 us/call)

  Stage 2 by chunk
    completed chunks                                       52
    accumulated stage 2                             24.220981 s
    average stage 2 per chunk                        0.465788 s
    slowest chunk                                          66
    slowest chunk stage 2                            0.811673 s

    order   chunk  queue        byte range                       bytes      records   stage2(s)
        0       2      2  [    39321628,     58982556)     19660928        87772    0.693133
        1       9      3  [   176947228,    196608156)     19660928        87772    0.724902
        2      16      4  [   314572956,    334233624)     19660668        86231    0.736039
        3      23      5  [   452198544,    471859212)     19660668        86231    0.781839
        4      30      0  [   589824132,    609484800)     19660668        86231    0.728434
        5      37      1  [   727449720,    747110616)     19660896        86232    0.733241
        6      38      2  [   747110616,    766771284)     19660668        86231    0.747810
        7      51      3  [  1002700896,   1022361792)     19660896        86232    0.759023
        8      58      4  [  1140326484,   1159987380)     19660896        86232    0.664920
        9      59      5  [  1159987380,   1179648048)     19660668        86231    0.786522
       10      66      0  [  1297612968,   1317273636)     19660668        86231    0.811673
       11      73      1  [  1435238556,   1454899224)     19660668        86231    0.741213
       12      80      2  [  1572864144,   1592524812)     19660668        86231    0.746077
       13      81      3  [  1592524812,   1612185708)     19660896        86232    0.796803
       14      94      4  [  1848115320,   1867776216)     19660896        86232    0.681403
       15     101      5  [  1985740908,   2005401804)     19660896        86232    0.711809
       16      96      0  [  1887436884,   1907097780)     19660896        86232    0.703214
       17     109      1  [  2143027392,   2162688060)     19660668        86231    0.751836
       18     116      2  [  2280652860,   2300313700)     19660840        84745    0.687213
       19     117      3  [  2300313700,   2319974540)     19660840        84745    0.688377
       20     130      4  [  2555904156,   2575564996)     19660840        84745    0.765421
       21     137      5  [  2693529804,   2713190412)     19660608        84744    0.646743
       22     138      0  [  2713190412,   2732851252)     19660840        84745    0.695773
       23     139      1  [  2732851252,   2752512092)     19660840        84745    0.709861
       24     152      2  [  2988441708,   3008102548)     19660840        84745    0.692426
       25     159      3  [  3126067356,   3145728196)     19660840        84745    0.696997
       26     160      4  [  3145728196,   3150643348)      4915152        21186    0.232645
       27     167      5  [  3180134492,   3185049644)      4915152        21186    0.214519
       28     162      0  [  3155558500,   3160473652)      4915152        21186    0.207998
       29     193      1  [  3307929604,   3312844988)      4915384        21187    0.194906
       30     200      2  [  3342336132,   3347251284)      4915152        21186    0.211734
       31     201      3  [  3347251284,   3352166436)      4915152        21186    0.214611
       32     208      4  [  3381657812,   3386572964)      4915152        21186    0.212532
       33     209      5  [  3386572964,   3391488116)      4915152        21186    0.586492
       34     204      0  [  3361996972,   3366912124)      4915152        21186    0.217233
       35     211      1  [  3396403268,   3401318420)      4915152        21186    0.216823
       36     212      2  [  3401318420,   3406233804)      4915384        21187    0.246384
       37     219      3  [  3435724948,   3436953620)      1228672         5296    0.122441
       38     220      4  [  3436953620,   3438182524)      1228904         5297    0.087010
       39     227      5  [  3445555252,   3446784156)      1228904         5297    0.079701
       40     222      0  [  3439411428,   3440640100)      1228672         5296    0.088673
       41     229      1  [  3448012828,   3449241732)      1228904         5297    0.107168
       42     230      2  [  3449241732,   3450470404)      1228672         5296    0.104353
       43     237      3  [  3457843364,   3459072036)      1228672         5296    0.070190
       44     238      4  [  3459072036,   3460300940)      1228904         5297    0.081552
       45     245      5  [  3467673668,   3468902572)      1228904         5297    0.267499
       46     246      0  [  3468902572,   3470131244)      1228672         5296    0.112338
       47     253      1  [  3477504204,   3478732876)      1228672         5296    0.095843
       48     254      2  [  3478732876,   3479961780)      1228904         5297    0.165424
       49     261      3  [  3487334508,   3488563412)      1228904         5297    0.471372
       50     262      4  [  3488563412,   3489792084)      1228672         5296    0.559517
       51     270      0  [  3498393716,   3499281348)       887632         3826    0.169321
==============================================================


================ MPI Dynamic Scheduler Debug =================
  MPI rank: 000003 / 000006

  Work summary
    claimed chunks                                         48
    claimed from this rank's queue                          9
    claimed from another rank's queue                      39
    completed FASTQ records                           2622829
    claimed input bytes                             600883320

  Scheduler counters
    scheduler_next calls                                   49
    RMA ticket attempts                                    55
    attempts against another rank's queue                  45
    tickets beyond the final chunk                          7
    empty aligned chunks                                    0

  Scheduler timing
    MPI_Win_create (setup)                       0.002638 s  (1 calls,  2638.472 us/call)
    MPI_Barrier after setup                      0.000018 s  (1 calls,    17.850 us/call)
    scheduler_next total                         1.192353 s  (49 calls, 24333.739 us/call)
      RMA ticket path total                        1.192154 s  (55 calls, 21675.536 us/call)
        MPI_Win_lock                                 0.000227 s  (55 calls,     4.122 us/call)
        MPI_Fetch_and_op                             0.002024 s  (55 calls,    36.808 us/call)
        MPI_Win_unlock                               1.189808 s  (55 calls, 21632.868 us/call)
        RMA call overhead (derived)                  0.000096 s  (55 calls,     1.737 us/call)
      align nominal offsets to FASTQ records       0.000043 s  (48 calls,     0.900 us/call)
      scheduler loop/bookkeeping (derived)         0.000156 s  (49 calls,     3.174 us/call)

  Scheduler teardown timing
    MPI_Barrier (wait for other ranks)           0.823133 s  (1 calls, 823132.901 us/call)
    MPI_Win_free                                 0.000050 s  (1 calls,    50.401 us/call)

  Stage 2 by chunk
    completed chunks                                       48
    accumulated stage 2                             23.788678 s
    average stage 2 per chunk                        0.495597 s
    slowest chunk                                          46
    slowest chunk stage 2                            0.808247 s

    order   chunk  queue        byte range                       bytes      records   stage2(s)
        0       3      3  [    58982556,     78643260)     19660704        87771    0.694116
        1      10      4  [   196608156,    216268860)     19660704        87771    0.665841
        2      17      5  [   334233624,    353894520)     19660896        86232    0.690128
        3      18      0  [   353894520,    373555416)     19660896        86232    0.716273
        4      25      1  [   491520108,    511181004)     19660896        86232    0.661265
        5      26      2  [   511181004,    530841672)     19660668        86231    0.723299
        6      27      3  [   530841672,    550502568)     19660896        86232    0.686502
        7      46      4  [   904396872,    924057768)     19660896        86232    0.808247
        8      47      5  [   924057768,    943718436)     19660668        86231    0.769990
        9      42      0  [   825753744,    845414412)     19660668        86231    0.766155
       10      61      1  [  1199308944,   1218969612)     19660668        86231    0.733201
       11      68      2  [  1336934532,   1356595200)     19660668        86231    0.699463
       12      69      3  [  1356595200,   1376256096)     19660896        86232    0.729391
       13      70      4  [  1376256096,   1395916992)     19660896        86232    0.735337
       14      89      5  [  1749811296,   1769472192)     19660896        86232    0.696550
       15      84      0  [  1651507272,   1671168168)     19660896        86232    0.680027
       16      85      1  [  1671168168,   1690828836)     19660668        86231    0.642349
       17     104      2  [  2044723368,   2064384036)     19660668        86231    0.680191
       18     105      3  [  2064384036,   2084044932)     19660896        86232    0.750501
       19     106      4  [  2084044932,   2103705600)     19660668        86231    0.701331
       20     125      5  [  2457600188,   2477261028)     19660840        84745    0.699956
       21     120      0  [  2359296220,   2378956828)     19660608        84744    0.711410
       22     121      1  [  2378956828,   2398617668)     19660840        84745    0.683003
       23     122      2  [  2398617668,   2418278508)     19660840        84745    0.770806
       24     147      3  [  2890137740,   2909798580)     19660840        84745    0.744505
       25     148      4  [  2909798580,   2929459420)     19660840        84745    0.746492
       26     149      5  [  2929459420,   2949120028)     19660608        84744    0.679739
       27     168      0  [  3185049644,   3189965028)      4915384        21187    0.196735
       28     163      1  [  3160473652,   3165388804)      4915152        21186    0.239360
       29     170      2  [  3194880180,   3199795332)      4915152        21186    0.205022
       30     171      3  [  3199795332,   3204710484)      4915152        21186    0.232313
       31     172      4  [  3204710484,   3209625636)      4915152        21186    0.193963
       32     173      5  [  3209625636,   3214541020)      4915384        21187    0.176557
       33     174      0  [  3214541020,   3219456172)      4915152        21186    0.180663
       34     175      1  [  3219456172,   3224371324)      4915152        21186    0.251268
       35     182      2  [  3253862468,   3258777620)      4915152        21186    0.210914
       36     183      3  [  3258777620,   3263693004)      4915384        21187    0.193646
       37     190      4  [  3293184148,   3298099300)      4915152        21186    0.210502
       38     191      5  [  3298099300,   3303014452)      4915152        21186    0.191423
       39     240      0  [  3461529612,   3462758516)      1228904         5297    0.065620
       40     241      1  [  3462758516,   3463987420)      1228904         5297    0.074994
       41     242      2  [  3463987420,   3465216092)      1228672         5296    0.100841
       42     249      3  [  3472588820,   3473817724)      1228904         5297    0.128786
       43     250      4  [  3473817724,   3475046628)      1228904         5297    0.107696
       44     257      5  [  3482419356,   3483648028)      1228672         5296    0.135630
       45     258      0  [  3483648028,   3484876932)      1228904         5297    0.293248
       46     265      1  [  3492249660,   3493478564)      1228904         5297    0.479467
       47     267      3  [  3494707236,   3495936140)      1228904         5297    0.653962
==============================================================


================ MPI Dynamic Scheduler Debug =================
  MPI rank: 000004 / 000006

  Work summary
    claimed chunks                                         42
    claimed from this rank's queue                          7
    claimed from another rank's queue                      35
    completed FASTQ records                           2605969
    claimed input bytes                             597196632

  Scheduler counters
    scheduler_next calls                                   43
    RMA ticket attempts                                    50
    attempts against another rank's queue                  41
    tickets beyond the final chunk                          8
    empty aligned chunks                                    0

  Scheduler timing
    MPI_Win_create (setup)                       0.002574 s  (1 calls,  2574.221 us/call)
    MPI_Barrier after setup                      0.000014 s  (1 calls,    14.050 us/call)
    scheduler_next total                         1.137230 s  (43 calls, 26447.200 us/call)
      RMA ticket path total                        1.137041 s  (50 calls, 22740.811 us/call)
        MPI_Win_lock                                 0.000196 s  (50 calls,     3.910 us/call)
        MPI_Fetch_and_op                             0.000994 s  (50 calls,    19.886 us/call)
        MPI_Win_unlock                               1.135757 s  (50 calls, 22715.146 us/call)
        RMA call overhead (derived)                  0.000093 s  (50 calls,     1.869 us/call)
      align nominal offsets to FASTQ records       0.000044 s  (42 calls,     1.036 us/call)
      scheduler loop/bookkeeping (derived)         0.000146 s  (43 calls,     3.385 us/call)

  Scheduler teardown timing
    MPI_Barrier (wait for other ranks)           0.999076 s  (1 calls, 999075.887 us/call)
    MPI_Win_free                                 0.000117 s  (1 calls,   117.251 us/call)

  Stage 2 by chunk
    completed chunks                                       42
    accumulated stage 2                             22.882761 s
    average stage 2 per chunk                        0.544828 s
    slowest chunk                                          43
    slowest chunk stage 2                            0.762535 s

    order   chunk  queue        byte range                       bytes      records   stage2(s)
        0       4      4  [    78643260,     98304188)     19660928        87772    0.673340
        1      11      5  [   216268860,    235929600)     19660740        86802    0.694850
        2      12      0  [   235929600,    255590496)     19660896        86232    0.716686
        3      19      1  [   373555416,    393216084)     19660668        86231    0.742579
        4      32      2  [   629145696,    648806592)     19660896        86232    0.638653
        5      33      3  [   648806592,    668467260)     19660668        86231    0.690602
        6      28      4  [   550502568,    570163236)     19660668        86231    0.699849
        7      53      5  [  1042022460,   1061683356)     19660896        86232    0.712764
        8      48      0  [   943718436,    963379332)     19660896        86232    0.757513
        9      43      1  [   845414412,    865075308)     19660896        86232    0.762535
       10      50      2  [   983040000,   1002700896)     19660896        86232    0.754135
       11      63      3  [  1238630508,   1258291404)     19660896        86232    0.707123
       12      64      4  [  1258291404,   1277952072)     19660668        86231    0.748581
       13      71      5  [  1395916992,   1415577660)     19660668        86231    0.725870
       14      90      0  [  1769472192,   1789132860)     19660668        86231    0.728533
       15      91      1  [  1789132860,   1808793756)     19660896        86232    0.674189
       16      86      2  [  1690828836,   1710489732)     19660896        86232    0.742779
       17     111      3  [  2182348956,   2202009624)     19660668        86231    0.718672
       18     112 
================ MPI Dynamic Scheduler Debug =================
  MPI rank: 000005 / 000006

  Work summary
    claimed chunks                                         44
    claimed from this rank's queue                          8
    claimed from another rank's queue                      36
    completed FASTQ records                           2520710
    claimed input bytes                             577536628

  Scheduler counters
    scheduler_next calls                                   45
    RMA ticket attempts                                    50
    attempts against another rank's queue                  41
    tickets beyond the final chunk                          6
    empty aligned chunks                                    0

  Scheduler timing
     4  [  2202009624,   2221670520)     19660896        86232    0.709861
       19     107      5  [  2103705600,   2123366496)     19660896        86232    0.661278
       20     126      0  [  2477261028,   2496921636)     19660608        84744    0.684254
       21     127      1  [  2496921636,   2516582476)     19660840        84745    0.715385
       22     128      2  [  2516582476,   2536243316)     19660840        84745    0.689700
       23     129      3  [  2536243316,   2555904156)     19660840        84745    0.614151
       24     154      4  [  3027763388,   3047424228)     19660840        84745    0.716288
       25     155      5  [  3047424228,   3067084836)     19660608        84744    0.696313
       26     144      0  [  2831155220,   2850816060)     19660840        84745    0.670957
       27     169      1  [  3189965028,   3194880180)      4915152        21186    0.195249
       28     176      2  [  3224371324,   3229286476)      4915152        21186    0.227404
       29     177      3  [  3229286476,   3234201628)      4915152        21186    0.216246
       30     184      4  [  3263693004,   3268608156)      4915152        21186    0.194921
       31     185      5  [  3268608156,   3273523308)      4915152        21186    0.197524
       32     186      0  [  3273523308,   3278438460)      4915152        21186    0.211471
       33     187      1  [  3278438460,   3283353612)      4915152        21186    0.227699
       34     194      2  [  3312844988,   3317760140)      4915152        21186    0.205454
       35     195      3  [  3317760140,   3322675292)      4915152        21186    0.201094
       36     202      4  [  3352166436,   3357081820)      4915384        21187    0.219216
       37     203      5  [  3357081820,   3361996972)      4915152        21186    0.226929
       38     198      0  [  3332505828,   3337420980)      4915152        21186    0.256940
       39     205      1  [  3366912124,   3371827276)      4915152        21186    0.199711
       40     260      2  [  3486105604,   3487334508)      1228904         5297    0.750343
       41     269      5  [  3497164812,   3498393716)      1228904         5297    0.305121
==============================================================

    MPI_Win_create (setup)                       0.002685 s  (1 calls,  2685.272 us/call)
    MPI_Barrier after setup                      0.000018 s  (1 calls,    17.650 us/call)
    scheduler_next total                         1.116357 s  (45 calls, 24807.944 us/call)
      RMA ticket path total                        1.116168 s  (50 calls, 22323.354 us/call)
        MPI_Win_lock                                 0.000215 s  (50 calls,     4.292 us/call)
        MPI_Fetch_and_op                             0.001216 s  (50 calls,    24.324 us/call)
        MPI_Win_unlock                               1.114654 s  (50 calls, 22293.081 us/call)
        RMA call overhead (derived)                  0.000083 s  (50 calls,     1.657 us/call)
      align nominal offsets to FASTQ records       0.000042 s  (44 calls,     0.965 us/call)
      scheduler loop/bookkeeping (derived)         0.000147 s  (45 calls,     3.273 us/call)

  Scheduler teardown timing
    MPI_Barrier (wait for other ranks)           0.000033 s  (1 calls,    33.500 us/call)
    MPI_Win_free                                 0.000084 s  (1 calls,    83.851 us/call)

  Stage 2 by chunk
    completed chunks                                       44
    accumulated stage 2                             23.773695 s
    average stage 2 per chunk                        0.540311 s
    slowest chunk                                          75
    slowest chunk stage 2                            0.994099 s

    order   chunk  queue        byte range                       bytes      records   stage2(s)
        0       5      5  [    98304188,    117964892)     19660704        87771    0.721207
        1       6      0  [   117964892,    137625820)     19660928        87772    0.777826
        2      13      1  [   255590496,    275251392)     19660896        86232    0.717156
        3      20      2  [   393216084,    412876980)     19660896        86232    0.696887
        4      39      3  [   766771284,    786432180)     19660896        86232    0.714405
        5      34      4  [   668467260,    688128156)     19660896        86232    0.798825
        6      35      5  [   688128156,    707788824)     19660668        86231    0.706419
        7      54      0  [  1061683356,   1081344024)     19660668        86231    0.705552
        8      49      1  [   963379332,    983040000)     19660668        86231    0.767318
        9      56      2  [  1101004920,   1120665816)     19660896        86232    0.721063
       10      75      3  [  1474560120,   1494221016)     19660896        86232    0.994099
       11      76      4  [  1494221016,   1513881684)     19660668        86231    0.790384
       12      77      5  [  1513881684,   1533542580)     19660896        86232    0.763834
       13      78      0  [  1533542580,   1553203248)     19660668        86231    0.670453
       14      97      1  [  1907097780,   1926758448)     19660668        86231    0.686933
       15      92      2  [  1808793756,   1828454424)     19660668        86231    0.749186
       16      93      3  [  1828454424,   1848115320)     19660896        86232    0.661058
       17     118      4  [  2319974540,   2339635380)     19660840        84745    0.761372
       18     113      5  [  2221670520,   2241331416)     19660896        86232    0.729750
       19     108      0  [  2123366496,   2143027392)     19660896        86232    0.710822
       20     133      1  [  2614886444,   2634547284)     19660840        84745    0.680726
       21     134      2  [  2634547284,   2654208124)     19660840        84745    0.686442
       22     135      3  [  2654208124,   2673868964)     19660840        84745    0.727519
       23     136      4  [  2673868964,   2693529804)     19660840        84745    0.702867
       24     161      5  [  3150643348,   3155558500)      4915152        21186    0.218387
       25     150      0  [  2949120028,   2968780868)     19660840        84745    0.688388
       26     151      1  [  2968780868,   2988441708)     19660840        84745    0.693971
       27     158      2  [  3106406516,   3126067356)     19660840        84745    0.730841
       28     207      3  [  3376742428,   3381657812)      4915384        21187    0.216036
       29     214      4  [  3411148956,   3416064108)      4915152        21186    0.207317
       30     215      5  [  3416064108,   3420979260)      4915152        21186    0.205578
       31     210      0  [  3391488116,   3396403268)      4915152        21186    0.200746
       32     217      1  [  3425894412,   3430809796)      4915384        21187    0.215863
       33     218      2  [  3430809796,   3435724948)      4915152        21186    0.226818
       34     231      3  [  3450470404,   3451699308)      1228904         5297    0.098038
       35     232      4  [  3451699308,   3452928212)      1228904         5297    0.074307
       36     239      5  [  3460300940,   3461529612)  
====================== SWBWA Output Debug =====================
  MPI rank: 000000 / 000006
  mode:     MPI single_unordered
  path:     bigdata_mpi_results/mpi_dynamic_single/has1/ERR1203383_SE.sam

  Output volume
    output buffer capacity                           67108864
    swbwa_output_write calls                         2405593
    submitted SAM bytes                            565065296
    buffered flushes                                       9
    buffered flush bytes                           565065296
    direct oversized writes                                0
    direct oversized bytes                                 0

  Buffering
    buffered flush total                        42.442595 s  (9 calls, 4715843.922 us/call)

  Global offset reservation
    target rank                                             0
    target relationship                                 local
    reservations                                            9
    reservation total                            0.000169 s  (9 calls,    18.817 us/call)
      MPI_Fetch_and_op                             0.000051 s  (9 calls,     5.689 us/call)
      MPI_Win_flush(target rank 0)                 0.000109 s  (9 calls,    12.106 us/call)
      reservation call overhead (derived)          0.000009 s  (9 calls,     1.022 us/call)

  POSIX positioned writes
    pwrite system calls                                     9
    pwrite system-call bytes                        565065296
    POSIX pwrite system calls                   42.442395 s  (9 calls, 4715821.677 us/call)
    POSIX pwrite effective bandwidth               12.697 MiB/s

  Output close timing
    MPI_Win_unlock_all                           0.000011 s  (1 calls,    10.850 us/call)
    MPI_Win_free                                 0.000059 s  (1 calls,    58.550 us/call)
    POSIX close                                  0.000884 s  (1 calls,   883.808 us/call)
================================================================

    1228672         5296    0.078953
       37     234      0  [  3454156884,   3455385788)      1228904         5297    0.090624
       38     247      1  [  3470131244,   3471360148)      1228904         5297    0.101695
       39     248      2  [  3471360148,   3472588820)      1228672         5296    0.129803
       40     255      3  [  3479961780,   3481190452)      1228672         5296    0.766203
       41     256      4  [  3481190452,   3482419356)      1228904         5297    0.228836
       42     263      5  [  3489792084,   3491020988)      1228904         5297    0.486800
       43     264      0  [  3491020988,   3492249660)      1228672         5296    0.472388
==============================================================


====================== SWBWA Output Debug =====================
  MPI rank: 000001 / 000006
  mode:     MPI single_unordered
  path:     bigdata_mpi_results/mpi_dynamic_single/has1/ERR1203383_SE.sam

  Output volume
    output buffer capacity                           67108864
    swbwa_output_write calls                         2575348
    submitted SAM bytes                            606492456
    buffered flushes                                      10
    buffered flush bytes                           606492456
    direct oversized writes                                0
    direct oversized bytes                                 0

  Buffering
    buffered flush total                        41.137478 s  (10 calls, 4113747.808 us/call)

  Global offset reservation
    target rank                                             0
    target relationship                                remote
    reservations                                           10
    reservation total                            0.089606 s  (10 calls,  8960.551 us/call)
      MPI_Fetch_and_op                             0.000394 s  (10 calls,    39.420 us/call)
      MPI_Win_flush(target rank 0)                 0.089196 s  (10 calls,  8919.645 us/call)
      reservation call overhead (derived)          0.000015 s  (10 calls,     1.485 us/call)

  POSIX positioned writes
    pwrite system calls                                    10
    pwrite system-call bytes                        606492456
    POSIX pwrite system calls                   41.047838 s  (10 calls, 4104783.777 us/call)
    POSIX pwrite effective bandwidth               14.091 MiB/s

  Output close timing
    MPI_Win_unlock_all                           0.000011 s  (1 calls,    10.850 us/call)
    MPI_Win_free                                 0.000065 s  (1 calls,    65.000 us/call)
    POSIX close                                  0.000789 s  (1 calls,   789.107 us/call)
================================================================


====================== SWBWA Output Debug =====================
  MPI rank: 000002 / 000006
  mode:     MPI single_unordered
  path:     bigdata_mpi_results/mpi_dynamic_single/has1/ERR1203383_SE.sam

  Output volume
    output buffer capacity                           67108864
    swbwa_output_write calls                         2544231
    submitted SAM bytes                            598957209
    buffered flushes                                       9
    buffered flush bytes                           598957209
    direct oversized writes                                0
    direct oversized bytes                                 0

  Buffering
    buffered flush total                        39.187653 s  (9 calls, 4354183.651 us/call)

  Global offset reservation
    target rank                                             0
    target relationship                                remote
    reservations                                            9
    reservation total                            0.111457 s  (9 calls, 12384.160 us/call)
      MPI_Fetch_and_op                             0.000350 s  (9 calls,    38.839 us/call)
      MPI_Win_flush(target rank 0)                 0.111096 s  (9 calls, 12343.988 us/call)
      reservation call overhead (derived)          0.000012 s  (9 calls,     1.333 us/call)

  POSIX positioned writes
    pwrite system calls                                     9
    pwrite system-call bytes                        598957209
    POSIX pwrite system calls                   39.076167 s  (9 calls, 4341796.285 us/call)
    POSIX pwrite effective bandwidth               14.618 MiB/s

  Output close timing
    MPI_Win_unlock_all                           0.000011 s  (1 calls,    11.100 us/call)
    MPI_Win_free                                 0.000060 s  (1 calls,    60.300 us/call)
    POSIX close                                  0.010749 s  (1 calls, 10748.791 us/call)
================================================================


====================== SWBWA Output Debug =====================
  MPI rank: 000003 / 000006
  mode:     MPI single_unordered
  path:     bigdata_mpi_results/mpi_dynamic_single/has1/ERR1203383_SE.sam

  Output volume
    output buffer capacity                           67108864
    swbwa_output_write calls                         2622829
    submitted SAM bytes                            616479953
    buffered flushes                                      10
    buffered flush bytes                           616479953
    direct oversized writes                                0
    direct oversized bytes                                 0

  Buffering
    buffered flush total                        39.901111 s  (10 calls, 3990111.104 us/call)

  Global offset reservation
    target rank                                             0
    target relationship                                remote
    reservations                                           10
    reservation total                            0.069205 s  (10 calls,  6920.488 us/call)
      MPI_Fetch_and_op                             0.000415 s  (10 calls,    41.510 us/call)
      MPI_Win_flush(target rank 0)                 0.068776 s  (10 calls,  6877.583 us/call)
      reservation call overhead (derived)          0.000014 s  (10 calls,     1.395 us/call)

  POSIX positioned writes
    pwrite system calls                                    10
    pwrite system-call bytes                        616479953
    POSIX pwrite system calls                   39.831875 s  (10 calls, 3983187.460 us/call)
    POSIX pwrite effective bandwidth               14.760 MiB/s

  Output close timing
    MPI_Win_unlock_all                           0.000010 s  (1 calls,     9.650 us/call)
    MPI_Win_free                                 0.000062 s  (1 calls,    61.700 us/call)
    POSIX close                                  0.000952 s  (1 calls,   951.508 us/call)
================================================================


====================== SWBWA Output Debug =====================
  MPI rank: 000004 / 000006
  mode:     MPI single_unordered
  path:     bigdata_mpi_results/mpi_dynamic_single/has1/ERR1203383_SE.sam

  Output volume
    output buffer capacity                           67108864
    swbwa_output_write calls                         2605969
    submitted SAM bytes                            610990757
    buffered flushes                                      10
    buffered flush bytes                           610990757
    direct oversized writes                                0
    direct oversized bytes                                 0

  Buffering
    buffered flush total                        41.430261 s  (10 calls, 4143026.100 us/call)

  Global offset reservation
    target rank                                             0
    target relationship                                remote
    reservations                                           10
    reservation total                            0.080179 s  (10 calls,  8017.903 us/call)
      MPI_Fetch_and_op                             0.000471 s  (10 calls,    47.085 us/call)
      MPI_Win_flush(target rank 0)                 0.079693 s  (10 calls,  7969.257 us/call)
      reservation call overhead (derived)          0.000016 s  (10 calls,     1.560 us/call)

  POSIX positioned writes
    pwrite system calls                                    10
    pwrite system-call bytes                        610990757
    POSIX pwrite system calls                   41.350044 s  (10 calls, 4135004.442 us/call)
    POSIX pwrite effective bandwidth               14.092 MiB/s

  Output close timing
    MPI_Win_unlock_all                           0.000012 s  (1 calls,    12.450 us/call)
    MPI_Win_free                                 0.000060 s  (1 calls,    59.650 us/call)
    POSIX close                                  0.000873 s  (1 calls,   872.708 us/call)
================================================================


====================== SWBWA Output Debug =====================
  MPI rank: 000005 / 000006
  mode:     MPI single_unordered
  path:     bigdata_mpi_results/mpi_dynamic_single/has1/ERR1203383_SE.sam

  Output volume
    output buffer capacity                           67108864
    swbwa_output_write calls                         2520710
    submitted SAM bytes                            592291978
    buffered flushes                                       9
    buffered flush bytes                           592291978
    direct oversized writes                                0
    direct oversized bytes                                 0

  Buffering
    buffered flush total                        40.724449 s  (9 calls, 4524938.815 us/call)

  Global offset reservation
    target rank                                             0
    target relationship                                remote
    reservations                                            9
    reservation total                            0.095465 s  (9 calls, 10607.273 us/call)
      MPI_Fetch_and_op                             0.000394 s  (9 calls,    43.828 us/call)
      MPI_Win_flush(target rank 0)                 0.095054 s  (9 calls, 10561.600 us/call)
      reservation call overhead (derived)          0.000017 s  (9 calls,     1.844 us/call)

  POSIX positioned writes
    pwrite system calls                                     9
    pwrite system-call bytes                        592291978
    POSIX pwrite system calls                   40.628955 s  (9 calls, 4514328.331 us/call)
    POSIX pwrite effective bandwidth               13.903 MiB/s

  Output close timing
    MPI_Win_unlock_all                           0.000021 s  (1 calls,    20.900 us/call)
    MPI_Win_free                                 0.000037 s  (1 calls,    36.650 us/call)
    POSIX close                                  0.001001 s  (1 calls,  1000.709 us/call)
================================================================


================ MPI Progress Thread Debug =================
  MPI rank: 000000 / 000006
  lifetime                                       78.251665 s
  MPI_Iprobe calls                                    7819
  MPI_Iprobe total                                0.121390 s
  MPI_Iprobe average                                15.525 us
  MPI_Iprobe maximum                              0.007585 s
  calls >= 1 ms                                          5
  calls >= 10 ms                                         0
  calls >= 100 ms                                        0
  calls >= 1 s                                           0
============================================================


================ MPI Progress Thread Debug =================
  MPI rank: 000001 / 000006
  lifetime                                       78.250978 s
  MPI_Iprobe calls                                    7821
  MPI_Iprobe total                                0.119498 s
  MPI_Iprobe average                                15.279 us
  MPI_Iprobe maximum                              0.001080 s
  calls >= 1 ms                                          1
  calls >= 10 ms                                         0
  calls >= 100 ms                                        0
  calls >= 1 s                                           0
============================================================


================ MPI Progress Thread Debug =================
  MPI rank: 000002 / 000006
  lifetime                                       78.245340 s
  MPI_Iprobe calls                                    7817
  MPI_Iprobe total                                0.102530 s
  MPI_Iprobe average                                13.116 us
  MPI_Iprobe maximum                              0.000870 s
  calls >= 1 ms                                          0
  calls >= 10 ms                                         0
  calls >= 100 ms                                        0
  calls >= 1 s                                           0
============================================================


================ MPI Progress Thread Debug =================
  MPI rank: 000003 / 000006
  lifetime                                       78.246325 s
  MPI_Iprobe calls                                    7821
  MPI_Iprobe total                                0.110546 s
  MPI_Iprobe average                                14.135 us
  MPI_Iprobe maximum                              0.001131 s
  calls >= 1 ms                                          1
  calls >= 10 ms                                         0
  calls >= 100 ms                                        0
  calls >= 1 s                                           0
============================================================


================ MPI Progress Thread Debug =================
  MPI rank: 000004 / 000006
  lifetime                                       78.248105 s
  MPI_Iprobe calls                                    7819
  MPI_Iprobe total                                0.156825 s
  MPI_Iprobe average                                20.057 us
  MPI_Iprobe maximum                              0.000895 s
  calls >= 1 ms                                          0
  calls >= 10 ms                                         0
  calls >= 100 ms                                        0
  calls >= 1 s                                           0
============================================================


================ MPI Progress Thread Debug =================
  MPI rank: 000005 / 000006
  lifetime                                       78.244448 s
  MPI_Iprobe calls                                    7822
  MPI_Iprobe total                                0.087742 s
  MPI_Iprobe average                                11.217 us
  MPI_Iprobe maximum                              0.000846 s
  calls >= 1 ms                                          0
  calls >= 10 ms                                         0
  calls >= 100 ms                                        0
  calls >= 1 s                                           0
============================================================


================ SWBWA CPE/MPI Progress Debug ================
  MPI rank: 000000 / 000006

    phase                      waits     probes   total(s)    avg(us)    max(s)   >=1ms   >=10ms   >=100ms    >=1s  completed
    FASTQ formatting              46          0      0.000      0.000     0.000       0        0         0       0          0
    alignment and SAM length      46          0      0.000      0.000     0.000       0        0         0       0          0
    SAM record generation         46          0      0.000      0.000     0.000       0        0         0       0          0
    all CPE phases               138          0      0.000      0.000     0.000       0        0         0       0          0

  Probes marked 'completed' returned with the CPE completion
  flag set. Their full call duration bounds the possible delay.
    completion-observing probe total               0.000000 s
    slowest completion-observing probe             0.000000 s
==============================================================


================ SWBWA CPE/MPI Progress Debug ================
  MPI rank: 000001 / 000006

    phase                      waits     probes   total(s)    avg(us)    max(s)   >=1ms   >=10ms   >=100ms    >=1s  completed
    FASTQ formatting              39          0      0.000      0.000     0.000       0        0         0       0          0
    alignment and SAM length      39          0      0.000      0.000     0.000       0        0         0       0          0
    SAM record generation         39          0      0.000      0.000     0.000       0        0         0       0          0
    all CPE phases               117          0      0.000      0.000     0.000       0        0         0       0          0

  Probes marked 'completed' returned with the CPE completion
  flag set. Their full call duration bounds the possible delay.
    completion-observing probe total               0.000000 s
    slowest completion-observing probe             0.000000 s
==============================================================


================ SWBWA CPE/MPI Progress Debug ================
  MPI rank: 000002 / 000006

    phase                      waits     probes   total(s)    avg(us)    max(s)   >=1ms   >=10ms   >=100ms    >=1s  completed
    FASTQ formatting              52          0      0.000      0.000     0.000       0        0         0       0          0
    alignment and SAM length      52          0      0.000      0.000     0.000       0        0         0       0          0
    SAM record generation         52          0      0.000      0.000     0.000       0        0         0       0          0
    all CPE phases               156          0      0.000      0.000     0.000       0        0         0       0          0

  Probes marked 'completed' returned with the CPE completion
  flag set. Their full call duration bounds the possible delay.
    completion-observing probe total               0.000000 s
    slowest completion-observing probe             0.000000 s
==============================================================


================ SWBWA CPE/MPI Progress Debug ================
  MPI rank: 000003 / 000006

    phase                      waits     probes   total(s)    avg(us)    max(s)   >=1ms   >=10ms   >=100ms    >=1s  completed
    FASTQ formatting              48          0      0.000      0.000     0.000       0        0         0       0          0
    alignment and SAM length      48          0      0.000      0.000     0.000       0        0         0       0          0
    SAM record generation         48          0      0.000      0.000     0.000       0        0         0       0          0
    all CPE phases               144          0      0.000      0.000     0.000       0        0         0       0          0

  Probes marked 'completed' returned with the CPE completion
  flag set. Their full call duration bounds the possible delay.
    completion-observing probe total               0.000000 s
    slowest completion-observing probe             0.000000 s
==============================================================


================ SWBWA CPE/MPI Progress Debug ================
  MPI rank: 000004 / 000006

    phase                      waits     probes   total(s)    avg(us)    max(s)   >=1ms   >=10ms   >=100ms    >=1s  completed
    FASTQ formatting              42          0      0.000      0.000     0.000       0        0         0       0          0
    alignment and SAM length      42          0      0.000      0.000     0.000       0        0         0       0          0
    SAM record generation         42          0      0.000      0.000     0.000       0        0         0       0          0
    all CPE phases               126          0      0.000      0.000     0.000       0        0         0       0          0

  Probes marked 'completed' returned with the CPE completion
  flag set. Their full call duration bounds the possible delay.
    completion-observing probe total               0.000000 s
    slowest completion-observing probe             0.000000 s
==============================================================


================ SWBWA CPE/MPI Progress Debug ================
  MPI rank: 000005 / 000006

    phase                      waits     probes   total(s)    avg(us)    max(s)   >=1ms   >=10ms   >=100ms    >=1s  completed
    FASTQ formatting              44          0      0.000      0.000     0.000       0        0         0       0          0
    alignment and SAM length      44          0      0.000      0.000     0.000       0        0         0       0          0
    SAM record generation         44          0      0.000      0.000     0.000       0        0         0       0          0
    all CPE phases               132          0      0.000      0.000     0.000       0        0         0       0          0

  Probes marked 'completed' returned with the CPE completion
  flag set. Their full call duration bounds the possible delay.
    completion-observing probe total               0.000000 s
    slowest completion-observing probe             0.000000 s
==============================================================


======================= SWBWA Timing Report =======================
  MPI rank: 000000 / 000006
  Accumulated wall-clock time; indented rows are included in
  their parent row and must not be added to it.

  Pipeline
    total - complete three-stage pipeline                    78.253 s
    stage 1 - allocate and read raw FASTQ blocks              9.708 s
    stage 2 - align reads and generate SAM records           22.172 s
    stage 3 - write SAM and release batch data               43.895 s
      SAM output writes                                        42.893 s
      batch cleanup and loop overhead (derived)                 1.002 s

  Stage 1 input details
    batches completed / stage calls                      46 / 47
    input-buffer and batch allocations                        0.000 s  (93 calls, max 0.000 s)
    aggregate requested allocation bytes            550551940
    FASTQ fseeko calls                                        0.838 s  (46 calls, max 0.161 s)
    FASTQ fread calls                                         7.785 s  (46 calls, max 0.647 s)
    align chunk ends to FASTQ record boundaries               0.000 s  (0 calls, max 0.000 s)
    scheduler, checks and bookkeeping (derived)               1.085 s
    raw FASTQ bytes read                            550501828  (524.999 MiB)
    effective fread bandwidth                         67.440 MiB/s
    slowest allocation                                 0.000 s  (19661692 bytes)
    slowest fread                                      0.647 s  (R1 offset=0, bytes=19660976)

  Stage 2 worker details
    total - active merge worker                              22.161 s
      part 1 - prepare CPE task and reusable buffers            0.578 s
      part 2 - CPE FASTQ formatting and input release           0.378 s
      part 3 - CPE alignment and SAM length pass               20.481 s
      part 4 - assign slices in the shared SAM buffer           0.175 s
      part 5 - CPE SAM record generation                        0.538 s
      part 6 - release temporary worker data                    0.002 s

  Reserved allocator timers (no active timing sites)
    malloc timer                                              0.000 s
    free timer                                                0.000 s
===================================================================


======================= SWBWA Timing Report =======================
  MPI rank: 000001 / 000006
  Accumulated wall-clock time; indented rows are included in
  their parent row and must not be added to it.

  Pipeline
    total - complete three-stage pipeline                    78.251 s
    stage 1 - allocate and read raw FASTQ blocks              9.870 s
    stage 2 - align reads and generate SAM records           22.135 s
    stage 3 - write SAM and release batch data               43.671 s
      SAM output writes                                        42.746 s
      batch cleanup and loop overhead (derived)                 0.925 s

  Stage 1 input details
    batches completed / stage calls                      39 / 40
    input-buffer and batch allocations                        0.000 s  (79 calls, max 0.000 s)
    aggregate requested allocation bytes            589867008
    FASTQ fseeko calls                                        1.237 s  (39 calls, max 0.150 s)
    FASTQ fread calls                                         7.669 s  (39 calls, max 0.676 s)
    align chunk ends to FASTQ record boundaries               0.000 s  (0 calls, max 0.000 s)
    scheduler, checks and bookkeeping (derived)               0.964 s
    raw FASTQ bytes read                            589824512  (562.500 MiB)
    effective fread bandwidth                         73.345 MiB/s
    slowest allocation                                 0.000 s  (19661676 bytes)
    slowest fread                                      0.676 s  (R1 offset=19660976, bytes=19660652)

  Stage 2 worker details
    total - active merge worker                              22.123 s
      part 1 - prepare CPE task and reusable buffers            0.469 s
      part 2 - CPE FASTQ formatting and input release           0.380 s
      part 3 - CPE alignment and SAM length pass               20.611 s
      part 4 - assign slices in the shared SAM buffer           0.191 s
      part 5 - CPE SAM record generation                        0.459 s
      part 6 - release temporary worker data                    0.001 s

  Reserved allocator timers (no active timing sites)
    malloc timer                                              0.000 s
    free timer                                                0.000 s
===================================================================


======================= SWBWA Timing Report =======================
  MPI rank: 000002 / 000006
  Accumulated wall-clock time; indented rows are included in
  their parent row and must not be added to it.

  Pipeline
    total - complete three-stage pipeline                    78.246 s
    stage 1 - allocate and read raw FASTQ blocks             10.836 s
    stage 2 - align reads and generate SAM records           24.221 s
    stage 3 - write SAM and release batch data               40.630 s
      SAM output writes                                        39.740 s
      batch cleanup and loop overhead (derived)                 0.890 s

  Stage 1 input details
    batches completed / stage calls                      52 / 53
    input-buffer and batch allocations                        0.000 s  (105 calls, max 0.000 s)
    aggregate requested allocation bytes            583395068
    FASTQ fseeko calls                                        1.640 s  (52 calls, max 0.143 s)
    FASTQ fread calls                                         7.942 s  (52 calls, max 0.721 s)
    align chunk ends to FASTQ record boundaries               0.000 s  (0 calls, max 0.000 s)
    scheduler, checks and bookkeeping (derived)               1.254 s
    raw FASTQ bytes read                            583338428  (556.315 MiB)
    effective fread bandwidth                         70.047 MiB/s
    slowest allocation                                 0.000 s  (19661692 bytes)
    slowest fread                                      0.721 s  (R1 offset=39321628, bytes=19660928)

  Stage 2 worker details
    total - active merge worker                              24.203 s
      part 1 - prepare CPE task and reusable buffers            0.610 s
      part 2 - CPE FASTQ formatting and input release           0.456 s
      part 3 - CPE alignment and SAM length pass               22.352 s
      part 4 - assign slices in the shared SAM buffer           0.196 s
      part 5 - CPE SAM record generation                        0.568 s
      part 6 - release temporary worker data                    0.001 s

  Reserved allocator timers (no active timing sites)
    malloc timer                                              0.000 s
    free timer                                                0.000 s
===================================================================


======================= SWBWA Timing Report =======================
  MPI rank: 000003 / 000006
  Accumulated wall-clock time; indented rows are included in
  their parent row and must not be added to it.

  Pipeline
    total - complete three-stage pipeline                    78.247 s
    stage 1 - allocate and read raw FASTQ blocks             11.066 s
    stage 2 - align reads and generate SAM records           23.789 s
    stage 3 - write SAM and release batch data               41.040 s
      SAM output writes                                        40.111 s
      batch cleanup and loop overhead (derived)                 0.929 s

  Stage 1 input details
    batches completed / stage calls                      48 / 49
    input-buffer and batch allocations                        0.000 s  (97 calls, max 0.000 s)
    aggregate requested allocation bytes            600935608
    FASTQ fseeko calls                                        1.021 s  (48 calls, max 0.087 s)
    FASTQ fread calls                                         8.836 s  (48 calls, max 0.626 s)
    align chunk ends to FASTQ record boundaries               0.000 s  (0 calls, max 0.000 s)
    scheduler, checks and bookkeeping (derived)               1.209 s
    raw FASTQ bytes read                            600883320  (573.047 MiB)
    effective fread bandwidth                         64.853 MiB/s
    slowest allocation                                 0.000 s  (19661692 bytes)
    slowest fread                                      0.626 s  (R1 offset=58982556, bytes=19660704)

  Stage 2 worker details
    total - active merge worker                              23.767 s
      part 1 - prepare CPE task and reusable buffers            0.566 s
      part 2 - CPE FASTQ formatting and input release           0.391 s
      part 3 - CPE alignment and SAM length pass               22.053 s
      part 4 - assign slices in the shared SAM buffer           0.197 s
      part 5 - CPE SAM record generation                        0.537 s
      part 6 - release temporary worker data                    0.002 s

  Reserved allocator timers (no active timing sites)
    malloc timer                                              0.000 s
    free timer                                                0.000 s
===================================================================


======================= SWBWA Timing Report =======================
  MPI rank: 000004 / 000006
  Accumulated wall-clock time; indented rows are included in
  their parent row and must not be added to it.

  Pipeline
    total - complete three-stage pipeline                    78.249 s
    stage 1 - allocate and read raw FASTQ blocks              9.875 s
    stage 2 - align reads and generate SAM records           22.883 s
    stage 3 - write SAM and release batch data               43.047 s
      SAM output writes                                        41.940 s
      batch cleanup and loop overhead (derived)                 1.106 s

  Stage 1 input details
    batches completed / stage calls                      42 / 43
    input-buffer and batch allocations                        0.000 s  (85 calls, max 0.000 s)
    aggregate requested allocation bytes            597242392
    FASTQ fseeko calls                                        0.984 s  (42 calls, max 0.133 s)
    FASTQ fread calls                                         7.740 s  (42 calls, max 0.666 s)
    align chunk ends to FASTQ record boundaries               0.000 s  (0 calls, max 0.000 s)
    scheduler, checks and bookkeeping (derived)               1.151 s
    raw FASTQ bytes read                            597196632  (569.531 MiB)
    effective fread bandwidth                         73.585 MiB/s
    slowest allocation                                 0.000 s  (19661920 bytes)
    slowest fread                                      0.666 s  (R1 offset=78643260, bytes=19660928)

  Stage 2 worker details
    total - active merge worker                              22.867 s
      part 1 - prepare CPE task and reusable buffers            0.559 s
      part 2 - CPE FASTQ formatting and input release           0.363 s
      part 3 - CPE alignment and SAM length pass               21.248 s
      part 4 - assign slices in the shared SAM buffer           0.220 s
      part 5 - CPE SAM record generation                        0.459 s
      part 6 - release temporary worker data                    0.002 s

  Reserved allocator timers (no active timing sites)
    malloc timer                                              0.000 s
    free timer                                                0.000 s
===================================================================


======================= SWBWA Timing Report =======================
  MPI rank: 000005 / 000006
  Accumulated wall-clock time; indented rows are included in
  their parent row and must not be added to it.

  Pipeline
    total - complete three-stage pipeline                    78.245 s
    stage 1 - allocate and read raw FASTQ blocks             11.104 s
    stage 2 - align reads and generate SAM records           23.774 s
    stage 3 - write SAM and release batch data               41.044 s
      SAM output writes                                        40.113 s
      batch cleanup and loop overhead (derived)                 0.931 s

  Stage 1 input details
    batches completed / stage calls                      44 / 45
    input-buffer and batch allocations                        0.000 s  (89 calls, max 0.000 s)
    aggregate requested allocation bytes            577584564
    FASTQ fseeko calls                                        1.320 s  (44 calls, max 0.166 s)
    FASTQ fread calls                                         8.660 s  (44 calls, max 0.737 s)
    align chunk ends to FASTQ record boundaries               0.000 s  (0 calls, max 0.000 s)
    scheduler, checks and bookkeeping (derived)               1.124 s
    raw FASTQ bytes read                            577536628  (550.782 MiB)
    effective fread bandwidth                         63.603 MiB/s
    slowest allocation                                 0.000 s  (19661692 bytes)
    slowest fread                                      0.737 s  (R1 offset=98304188, bytes=19660704)

  Stage 2 worker details
    total - active merge worker                              23.753 s
      part 1 - prepare CPE task and reusable buffers            0.512 s
      part 2 - CPE FASTQ formatting and input release           0.400 s
      part 3 - CPE alignment and SAM length pass               22.128 s
      part 4 - assign slices in the shared SAM buffer           0.192 s
      part 5 - CPE SAM record generation                        0.502 s
      part 6 - release temporary worker data                    0.001 s

  Reserved allocator timers (no active timing sites)
    malloc timer                                              0.000 s
    free timer                                                0.000 s
===================================================================

[main] Version: 0.0.1
[main] CMD: ./SWBWA mem -v 4 -t 1 -1 -o bigdata_mpi_results/mpi_dynamic_single/has1/ERR1203383_SE.sam -I 170,80,500,1 ../data/GRCh38.d1.vd1.fa ../data/bwa_test_big_data/ERR1203383_1.fastq
