[M::main_mem] mean insert size: 170.000, stddev: 80.000, max: 500, min: 1
[MPI input] mode=dynamic chunks=178 bytes_per_cg=19660800 cg_count=1 chunk_bytes=19660800 file_bytes=3499281348 scheduler=distributed read_index=exact
malloc bwt->bwt 3107576584, 0x500008804020
malloc bwt->bwt 3107576584, 0x500008804020
malloc bwt->bwt 3107576584, 0x500008804020
malloc bwt->bwt 3107576584, 0x500008804020
malloc bwt->bwt 3107576584, 0x500008804020
malloc bwt->bwt 3107576584, 0x500008804020
malloc bwt->sa 1553788264, 0x5000c1ba1b40
malloc bwt->sa 1553788264, 0x5000c1ba1b40
malloc bwt->sa 1553788264, 0x5000c1ba1b40
malloc bwt->sa 1553788264, 0x5000c1ba1b40
malloc bwt->sa 1553788264, 0x5000c1ba1b40
malloc bwt->sa 1553788264, 0x5000c1ba1b40
[M::bwa_idx_load_from_disk] read 0 ALT contigs
[M::bwa_idx_load_from_disk] read 0 ALT contigs
[M::bwa_idx_load_from_disk] read 0 ALT contigs
[M::bwa_idx_load_from_disk] read 0 ALT contigs
[M::bwa_idx_load_from_disk] read 0 ALT contigs
[M::bwa_idx_load_from_disk] read 0 ALT contigs
malloc pac 776894131, 0x50011e5708c0
malloc pac 776894131, 0x50011e5708c0
malloc pac 776894131, 0x50011e5708c0
malloc pac 776894131, 0x50011e5708c0
malloc pac 776894131, 0x50011e5708c0
malloc pac 776894131, 0x50011e5708c0
the input file is ../data/bwa_test_big_data/ERR1203383_1.fastq
the input file is ../data/bwa_test_big_data/ERR1203383_2.fastq
[MPI rank 000003/000006] output: correctness_results/bigdata_mpi_lwpf_off_20260823/mpi_dynamic_split/no1/ERR1203383_PE.rank000003.sam
[MPI rank 000002/000006] output: correctness_results/bigdata_mpi_lwpf_off_20260823/mpi_dynamic_split/no1/ERR1203383_PE.rank000002.sam
[MPI rank 000001/000006] output: correctness_results/bigdata_mpi_lwpf_off_20260823/mpi_dynamic_split/no1/ERR1203383_PE.rank000001.sam
[MPI rank 000000/000006] output: correctness_results/bigdata_mpi_lwpf_off_20260823/mpi_dynamic_split/no1/ERR1203383_PE.rank000000.sam
[MPI rank 000004/000006] output: correctness_results/bigdata_mpi_lwpf_off_20260823/mpi_dynamic_split/no1/ERR1203383_PE.rank000004.sam
[MPI rank 000005/000006] output: correctness_results/bigdata_mpi_lwpf_off_20260823/mpi_dynamic_split/no1/ERR1203383_PE.rank000005.sam
[M::process] read chunk (19660800 bytes/CG x 1 CGs, 19660976 bytes)...
[M::process] read chunk (19660800 bytes/CG x 1 CGs, 19660704 bytes)...
[M::process] read chunk (19660800 bytes/CG x 1 CGs, 19660652 bytes)...
[M::process] read chunk (19660800 bytes/CG x 1 CGs, 19660704 bytes)...
[M::process] read chunk (19660800 bytes/CG x 1 CGs, 19660928 bytes)...
[M::process] read chunk (19660800 bytes/CG x 1 CGs, 19660928 bytes)...
step1 0x50000201d8e0
step2 get 0x50000201d8e0
[M::process] read chunk (19660800 bytes/CG x 1 CGs, 19660928 bytes)...
step1 0x50000201d8e0
step2 get 0x50000201d8e0
[M::process] read chunk (19660800 bytes/CG x 1 CGs, 19660928 bytes)...
step1 0x50000201d8e0
step2 get 0x50000201d8e0
[M::process] read chunk (19660800 bytes/CG x 1 CGs, 19660704 bytes)...
step1 0x50000201d8e0
step2 get 0x50000201d8e0
[M::process] read chunk (19660800 bytes/CG x 1 CGs, 19660704 bytes)...
[M::mem_process_seqs_merge2] CPE FASTQ formatting done
[M::mem_process_seqs_merge2] CPE FASTQ formatting done
[DBG stage1] slow fread: R2 offset=39321628 requested=19660928 read=19660928 elapsed=1.028 s
step1 0x50000201d8e0
step2 get 0x50000201d8e0
[M::process] read chunk (19660800 bytes/CG x 1 CGs, 19660704 bytes)...
[DBG stage1] slow fread: R2 offset=98304188 requested=19660704 read=19660704 elapsed=1.095 s
step1 0x50000201d8e0
step2 get 0x50000201d8e0
[M::process] read chunk (19660800 bytes/CG x 1 CGs, 19660740 bytes)...
[M::mem_process_seqs_merge2] CPE FASTQ formatting done
[DBG stage1] slow fread: R1 offset=117964892 requested=19660928 read=19660928 elapsed=1.128 s
[M::mem_process_seqs_merge2] CPE FASTQ formatting done
[M::mem_process_seqs_merge2] CPE FASTQ formatting done
[DBG stage1] slow fread: R1 offset=176947228 requested=19660928 read=19660928 elapsed=1.149 s
[M::mem_process_seqs_merge2] CPE FASTQ formatting done
[DBG stage1] slow fread: R1 offset=196608156 requested=19660704 read=19660704 elapsed=1.279 s
slave pre done
now n is 175542
slave pre done
now n is 179140
[DBG stage1] slow fread: R1 offset=137625820 requested=19660704 read=19660704 elapsed=1.255 s
processed 175542
[M::mem_process_seqs_merge2] Processed 175542 reads in 0.720 CPU sec, 2.242 real sec
step2 put 0x50000201d8e0
processed 179140
[M::mem_process_seqs_merge2] Processed 179140 reads in 0.690 CPU sec, 2.230 real sec
step2 put 0x50000201d8e0
step3 0x50000201d8e0
step3 0x50000201d8e0
[DBG stage1] slow fread: R1 offset=157286524 requested=19660704 read=19660704 elapsed=1.174 s
[DBG stage1] slow fread: R2 offset=117964892 requested=19660928 read=19660928 elapsed=1.096 s
step1 0x50000201d930
step2 get 0x50000201d930
[M::process] read chunk (19660800 bytes/CG x 1 CGs, 19660896 bytes)...
[M::mem_process_seqs_merge2] CPE FASTQ formatting done
slave pre done
now n is 175544
[DBG stage1] slow fread: R1 offset=216268860 requested=19660740 read=19660740 elapsed=1.399 s
step1 0x50000201d930
step2 get 0x50000201d930
[M::process] read chunk (19660800 bytes/CG x 1 CGs, 19660896 bytes)...
processed 175544
[M::mem_process_seqs_merge2] Processed 175544 reads in 0.710 CPU sec, 2.210 real sec
step2 put 0x50000201d8e0
[M::mem_process_seqs_merge2] CPE FASTQ formatting done
step3 0x50000201d8e0
slave pre done
now n is 175544
processed 175544
[M::mem_process_seqs_merge2] Processed 175544 reads in 0.890 CPU sec, 2.461 real sec
step2 put 0x50000201d8e0
step3 0x50000201d8e0
slave pre done
now n is 175914
processed 175914
[M::mem_process_seqs_merge2] Processed 175914 reads in 0.670 CPU sec, 2.650 real sec
step2 put 0x50000201d8e0
step3 0x50000201d8e0
slave pre done
now n is 175542
processed 175542
[M::mem_process_seqs_merge2] Processed 175542 reads in 0.670 CPU sec, 2.501 real sec
step2 put 0x50000201d8e0
step3 0x50000201d8e0
[DBG stage1] slow fread: R2 offset=196608156 requested=19660704 read=19660704 elapsed=1.043 s
step1 0x50000201d930
[DBG stage1] slow fread: R2 offset=137625820 requested=19660704 read=19660704 elapsed=1.023 s
step1 0x50000201d930
step2 get 0x50000201d930
[M::process] read chunk (19660800 bytes/CG x 1 CGs, 19660668 bytes)...
step2 get 0x50000201d930
[M::process] read chunk (19660800 bytes/CG x 1 CGs, 19660896 bytes)...
[M::mem_process_seqs_merge2] CPE FASTQ formatting done
[M::mem_process_seqs_merge2] CPE FASTQ formatting done
[DBG stage1] slow fread: R2 offset=157286524 requested=19660704 read=19660704 elapsed=1.028 s
step1 0x50000201d930
step2 get 0x50000201d930
[M::process] read chunk (19660800 bytes/CG x 1 CGs, 19660668 bytes)...
[M::mem_process_seqs_merge2] CPE FASTQ formatting done
step1 0x50000201d930
step2 get 0x50000201d930
[M::process] read chunk (19660800 bytes/CG x 1 CGs, 19660896 bytes)...
[M::mem_process_seqs_merge2] CPE FASTQ formatting done
[DBG stage1] slow fread: R1 offset=255590496 requested=19660896 read=19660896 elapsed=1.028 s
slave pre done
now n is 175544
processed 175544
[M::mem_process_seqs_merge2] Processed 175544 reads in 0.270 CPU sec, 2.211 real sec
step2 put 0x50000201d930
slave pre done
now n is 175544
step3 0x50000201d930
processed 175544
[M::mem_process_seqs_merge2] Processed 175544 reads in 0.240 CPU sec, 2.160 real sec
step2 put 0x50000201d930
step3 0x50000201d930
[DBG stage1] slow fread: R2 offset=235929600 requested=19660896 read=19660896 elapsed=1.037 s
step1 0x50000201d8e0
step2 get 0x50000201d8e0
[M::process] read chunk (19660800 bytes/CG x 1 CGs, 19660896 bytes)...
[DBG stage1] slow fread: R1 offset=275251392 requested=19660668 read=19660668 elapsed=1.013 s
[M::mem_process_seqs_merge2] CPE FASTQ formatting done
[DBG stage1] slow fread: R2 offset=294912060 requested=19660896 read=19660896 elapsed=1.067 s
step1 0x50000201d8e0
step2 get 0x50000201d8e0
[M::process] read chunk (19660800 bytes/CG x 1 CGs, 19660668 bytes)...
[DBG stage1] slow fread: R1 offset=334233624 requested=19660896 read=19660896 elapsed=1.031 s
slave pre done
now n is 175542
[M::mem_process_seqs_merge2] CPE FASTQ formatting done
processed 175542
[M::mem_process_seqs_merge2] Processed 175542 reads in 0.130 CPU sec, 1.710 real sec
step2 put 0x50000201d930
step3 0x50000201d930
slave pre done
now n is 175542
processed 175542
[M::mem_process_seqs_merge2] Processed 175542 reads in 0.170 CPU sec, 1.951 real sec
step2 put 0x50000201d930
step3 0x50000201d930
slave pre done
now n is 173604
step1 0x50000201d8e0
step2 get 0x50000201d8e0
[M::process] read chunk (19660800 bytes/CG x 1 CGs, 19660896 bytes)...
processed 173604
[M::mem_process_seqs_merge2] Processed 173604 reads in 0.220 CPU sec, 1.790 real sec
step2 put 0x50000201d930
[M::mem_process_seqs_merge2] CPE FASTQ formatting done
step3 0x50000201d930
slave pre done
now n is 175542
processed 175542
[M::mem_process_seqs_merge2] Processed 175542 reads in 0.240 CPU sec, 2.250 real sec
step2 put 0x50000201d930
step3 0x50000201d930
[DBG stage1] slow fread: R2 offset=255590496 requested=19660896 read=19660896 elapsed=1.319 s
step1 0x50000201d8e0
step2 get 0x50000201d8e0
[M::process] read chunk (19660800 bytes/CG x 1 CGs, 19660668 bytes)...
[M::mem_process_seqs_merge2] CPE FASTQ formatting done
[DBG stage1] slow fread: R1 offset=353894520 requested=19660896 read=19660896 elapsed=1.419 s
[DBG stage1] slow fread: R2 offset=275251392 requested=19660668 read=19660668 elapsed=1.340 s
step1 0x50000201d8e0
step2 get 0x50000201d8e0
[M::process] read chunk (19660800 bytes/CG x 1 CGs, 19660896 bytes)...
[M::mem_process_seqs_merge2] CPE FASTQ formatting done
slave pre done
now n is 172464
processed 172464
[M::mem_process_seqs_merge2] Processed 172464 reads in 0.200 CPU sec, 1.921 real sec
step2 put 0x50000201d8e0
[DBG stage1] slow fread: R1 offset=412876980 requested=19660668 read=19660668 elapsed=1.334 s
[DBG stage1] slow fread: R2 offset=334233624 requested=19660896 read=19660896 elapsed=1.344 s
step1 0x50000201d8e0
step2 get 0x50000201d8e0
[M::process] read chunk (19660800 bytes/CG x 1 CGs, 19660668 bytes)...
slave pre done
now n is 172464
[M::mem_process_seqs_merge2] CPE FASTQ formatting done
processed 172464
[M::mem_process_seqs_merge2] Processed 172464 reads in 0.250 CPU sec, 1.760 real sec
step2 put 0x50000201d8e0
[DBG stage1] slow fread: R1 offset=432537648 requested=19660896 read=19660896 elapsed=1.211 s
slave pre done
now n is 172462
processed 172462
[M::mem_process_seqs_merge2] Processed 172462 reads in 0.170 CPU sec, 1.880 real sec
step2 put 0x50000201d8e0
slave pre done
now n is 172464
processed 172464
[M::mem_process_seqs_merge2] Processed 172464 reads in 0.170 CPU sec, 1.831 real sec
step2 put 0x50000201d8e0
[DBG stage1] slow fread: R2 offset=353894520 requested=19660896 read=19660896 elapsed=1.293 s
step1 0x50000201eba0
step2 get 0x50000201eba0
[M::process] read chunk (19660800 bytes/CG x 1 CGs, 19660896 bytes)...
[M::mem_process_seqs_merge2] CPE FASTQ formatting done
slave pre done
now n is 172462
processed 172462
[M::mem_process_seqs_merge2] Processed 172462 reads in 0.260 CPU sec, 1.860 real sec
step2 put 0x50000201d8e0
[DBG stage1] slow fread: R2 offset=412876980 requested=19660668 read=19660668 elapsed=1.353 s
step1 0x50000201eba0
step2 get 0x50000201eba0
[M::process] read chunk (19660800 bytes/CG x 1 CGs, 19660896 bytes)...
[DBG stage1] slow fread: R1 offset=393216084 requested=19660896 read=19660896 elapsed=1.659 s
[M::mem_process_seqs_merge2] CPE FASTQ formatting done
[DBG stage1] slow fread: R1 offset=452198544 requested=19660668 read=19660668 elapsed=1.365 s
slave pre done
now n is 172464
processed 172464
[M::mem_process_seqs_merge2] Processed 172464 reads in 0.200 CPU sec, 1.760 real sec
step2 put 0x50000201d8e0
[DBG stage1] slow fread: R2 offset=432537648 requested=19660896 read=19660896 elapsed=1.331 s
step1 0x50000201eba0
[DBG stage1] slow fread: R2 offset=373555416 requested=19660668 read=19660668 elapsed=1.041 s
step1 0x50000201eba0
step2 get 0x50000201eba0
[M::process] read chunk (19660800 bytes/CG x 1 CGs, 19660896 bytes)...
step2 get 0x50000201eba0
[M::process] read chunk (19660800 bytes/CG x 1 CGs, 19660668 bytes)...
[M::mem_process_seqs_merge2] CPE FASTQ formatting done
[M::mem_process_seqs_merge2] CPE FASTQ formatting done
[DBG stage1] slow fread: R1 offset=471859212 requested=19660896 read=19660896 elapsed=1.322 s
slave pre done
now n is 172464
processed 172464
[M::mem_process_seqs_merge2] Processed 172464 reads in 0.220 CPU sec, 1.930 real sec
step2 put 0x50000201eba0
[DBG stage1] slow fread: R1 offset=530841672 requested=19660896 read=19660896 elapsed=1.304 s
[DBG stage1] slow fread: R2 offset=452198544 requested=19660668 read=19660668 elapsed=1.314 s
step1 0x50000201eba0
step2 get 0x50000201eba0
[M::process] read chunk (19660800 bytes/CG x 1 CGs, 19660896 bytes)...
[M::mem_process_seqs_merge2] CPE FASTQ formatting done
[DBG stage1] slow fread: R2 offset=393216084 requested=19660896 read=19660896 elapsed=1.550 s
step1 0x50000201eba0
[DBG stage1] slow fread: R1 offset=491520108 requested=19660896 read=19660896 elapsed=1.210 s
step2 get 0x50000201eba0
[M::process] read chunk (19660800 bytes/CG x 1 CGs, 19660668 bytes)...
[DBG stage1] slow fread: R1 offset=550502568 requested=19660668 read=19660668 elapsed=1.225 s
[M::mem_process_seqs_merge2] CPE FASTQ formatting done
slave pre done
now n is 172462
processed 172462
[M::mem_process_seqs_merge2] Processed 172462 reads in 0.260 CPU sec, 2.160 real sec
step2 put 0x50000201eba0
slave pre done
now n is 172464
processed 172464
[M::mem_process_seqs_merge2] Processed 172464 reads in 0.260 CPU sec, 1.910 real sec
step2 put 0x50000201eba0
slave pre done
now n is 172462
processed 172462
[M::mem_process_seqs_merge2] Processed 172462 reads in 0.250 CPU sec, 2.020 real sec
step2 put 0x50000201eba0
[DBG stage1] slow fread: R2 offset=471859212 requested=19660896 read=19660896 elapsed=1.089 s
step1 0x50000201ebf0
step2 get 0x50000201ebf0
[M::process] read chunk (19660800 bytes/CG x 1 CGs, 19660668 bytes)...
[M::mem_process_seqs_merge2] CPE FASTQ formatting done
[DBG stage1] slow fread: R1 offset=570163236 requested=19660896 read=19660896 elapsed=1.204 s
[DBG stage1] slow fread: R2 offset=530841672 requested=19660896 read=19660896 elapsed=1.217 s
step1 0x50000201ebf0
step2 get 0x50000201ebf0
[M::process] read chunk (19660800 bytes/CG x 1 CGs, 19660668 bytes)...
[M::mem_process_seqs_merge2] CPE FASTQ formatting done
[DBG stage1] slow fread: R1 offset=511181004 requested=19660668 read=19660668 elapsed=1.449 s
[DBG stage1] slow fread: R2 offset=550502568 requested=19660668 read=19660668 elapsed=1.201 s
step1 0x50000201ebf0
step2 get 0x50000201ebf0
[M::process] read chunk (19660800 bytes/CG x 1 CGs, 19660896 bytes)...
[M::mem_process_seqs_merge2] CPE FASTQ formatting done
[DBG stage1] slow fread: R2 offset=491520108 requested=19660896 read=19660896 elapsed=1.275 s
step1 0x50000201ebf0
step2 get 0x50000201ebf0
[M::process] read chunk (19660800 bytes/CG x 1 CGs, 19660896 bytes)...
[M::mem_process_seqs_merge2] CPE FASTQ formatting done
slave pre done
now n is 172464
processed 172464
[M::mem_process_seqs_merge2] Processed 172464 reads in 0.360 CPU sec, 1.830 real sec
step2 put 0x50000201eba0
slave pre done
now n is 172462
processed 172462
[M::mem_process_seqs_merge2] Processed 172462 reads in 0.250 CPU sec, 2.261 real sec
step2 put 0x50000201eba0
[DBG stage1] slow fread: R1 offset=589824132 requested=19660668 read=19660668 elapsed=1.433 s
slave pre done
now n is 172464
processed 172464
[M::mem_process_seqs_merge2] Processed 172464 reads in 0.240 CPU sec, 1.890 real sec
step2 put 0x50000201ebf0
[DBG stage1] slow fread: R2 offset=570163236 requested=19660896 read=19660896 elapsed=1.407 s
step1 0x50000201ebf0
[DBG stage1] slow fread: R1 offset=648806592 requested=19660668 read=19660668 elapsed=1.374 s
step2 get 0x50000201ebf0
[M::process] read chunk (19660800 bytes/CG x 1 CGs, 19660668 bytes)...
[M::mem_process_seqs_merge2] CPE FASTQ formatting done
slave pre done
now n is 172464
processed 172464
[M::mem_process_seqs_merge2] Processed 172464 reads in 0.250 CPU sec, 1.840 real sec
step2 put 0x50000201ebf0
[DBG stage1] slow fread: R1 offset=668467260 requested=19660896 read=19660896 elapsed=1.297 s
slave pre done
now n is 172464
processed 172464
[M::mem_process_seqs_merge2] Processed 172464 reads in 0.120 CPU sec, 1.690 real sec
step2 put 0x50000201ebf0
slave pre done
now n is 172462
[DBG stage1] slow fread: R2 offset=511181004 requested=19660668 read=19660668 elapsed=1.715 s
step1 0x50000201ebf0
processed 172462
[M::mem_process_seqs_merge2] Processed 172462 reads in 0.190 CPU sec, 1.780 real sec
step2 put 0x50000201ebf0
step2 get 0x50000201ebf0
[M::process] read chunk (19660800 bytes/CG x 1 CGs, 19660896 bytes)...
[M::mem_process_seqs_merge2] CPE FASTQ formatting done
[DBG stage1] slow fread: R1 offset=609484800 requested=19660896 read=19660896 elapsed=1.536 s
[DBG stage1] slow fread: R2 offset=589824132 requested=19660668 read=19660668 elapsed=1.147 s
step1 0x500002770500
step2 get 0x500002770500
[M::process] read chunk (19660800 bytes/CG x 1 CGs, 19660896 bytes)...
[M::mem_process_seqs_merge2] CPE FASTQ formatting done
[DBG stage1] slow fread: R1 offset=688128156 requested=19660668 read=19660668 elapsed=1.173 s
[DBG stage1] slow fread: R2 offset=648806592 requested=19660668 read=19660668 elapsed=1.188 s
step1 0x500002770500
step2 get 0x500002770500
[M::process] read chunk (19660800 bytes/CG x 1 CGs, 19660896 bytes)...
[M::mem_process_seqs_merge2] CPE FASTQ formatting done
step3 0x50000201d8e0
step3 0x50000201d8e0
slave pre done
now n is 172464
[DBG stage1] slow fread: R1 offset=629145696 requested=19660896 read=19660896 elapsed=1.242 s
processed 172464
[M::mem_process_seqs_merge2] Processed 172464 reads in 0.200 CPU sec, 1.860 real sec
step2 put 0x50000201ebf0
[DBG stage1] slow fread: R2 offset=668467260 requested=19660896 read=19660896 elapsed=1.289 s
step1 0x500002770500
step2 get 0x500002770500
[M::process] read chunk (19660800 bytes/CG x 1 CGs, 19660668 bytes)...
[M::mem_process_seqs_merge2] CPE FASTQ formatting done
step3 0x50000201d8e0
[DBG stage1] slow fread: R2 offset=609484800 requested=19660896 read=19660896 elapsed=1.408 s
step1 0x500002770500
step2 get 0x500002770500
[M::process] read chunk (19660800 bytes/CG x 1 CGs, 19660896 bytes)...
[M::mem_process_seqs_merge2] CPE FASTQ formatting done
slave pre done
now n is 172462
step3 0x50000201d8e0
processed 172462
[M::mem_process_seqs_merge2] Processed 172462 reads in 0.300 CPU sec, 2.034 real sec
step2 put 0x50000201ebf0
step3 0x50000201d8e0
step3 0x50000201d8e0
[DBG stage1] slow fread: R1 offset=707788824 requested=19660896 read=19660896 elapsed=1.419 s
[DBG stage1] slow fread: R2 offset=688128156 requested=19660668 read=19660668 elapsed=1.325 s
step1 0x500002770500
step2 get 0x500002770500
[M::process] read chunk (19660800 bytes/CG x 1 CGs, 19660896 bytes)...
[DBG stage1] slow fread: R1 offset=766771284 requested=19660896 read=19660896 elapsed=1.300 s
slave pre done
now n is 172462
[M::mem_process_seqs_merge2] CPE FASTQ formatting done
processed 172462
[M::mem_process_seqs_merge2] Processed 172462 reads in 0.540 CPU sec, 2.100 real sec
step2 put 0x500002770500
slave pre done
now n is 172462
processed 172462
[M::mem_process_seqs_merge2] Processed 172462 reads in 0.510 CPU sec, 1.790 real sec
step2 put 0x500002770500
[DBG stage1] slow fread: R2 offset=629145696 requested=19660896 read=19660896 elapsed=1.326 s
step1 0x500002770500
step2 get 0x500002770500
[M::process] read chunk (19660800 bytes/CG x 1 CGs, 19660668 bytes)...
[M::mem_process_seqs_merge2] CPE FASTQ formatting done
[DBG stage1] slow fread: R1 offset=786432180 requested=19660668 read=19660668 elapsed=1.327 s
[DBG stage1] slow fread: R1 offset=727449720 requested=19660896 read=19660896 elapsed=1.263 s
slave pre done
now n is 172464
processed 172464
[M::mem_process_seqs_merge2] Processed 172464 reads in 0.530 CPU sec, 1.680 real sec
step2 put 0x500002770500
slave pre done
now n is 172464
processed 172464
[M::mem_process_seqs_merge2] Processed 172464 reads in 0.600 CPU sec, 2.450 real sec
step2 put 0x500002770500
[DBG stage1] slow fread: R2 offset=707788824 requested=19660896 read=19660896 elapsed=1.244 s
step1 0x500002770550
step2 get 0x500002770550
[M::process] read chunk (19660800 bytes/CG x 1 CGs, 19660668 bytes)...
[M::mem_process_seqs_merge2] CPE FASTQ formatting done
[DBG stage1] slow fread: R1 offset=806092848 requested=19660896 read=19660896 elapsed=1.167 s
[DBG stage1] slow fread: R2 offset=766771284 requested=19660896 read=19660896 elapsed=1.217 s
step1 0x500002770550
step2 get 0x500002770550
[M::process] read chunk (19660800 bytes/CG x 1 CGs, 19660668 bytes)...
[M::mem_process_seqs_merge2] CPE FASTQ formatting done
slave pre done
now n is 172462
slave pre done
now n is 172464
processed 172462
[M::mem_process_seqs_merge2] Processed 172462 reads in 0.270 CPU sec, 1.840 real sec
step2 put 0x500002770500
processed 172464
[M::mem_process_seqs_merge2] Processed 172464 reads in 0.160 CPU sec, 1.542 real sec
step2 put 0x500002770500
[DBG stage1] slow fread: R1 offset=747110616 requested=19660668 read=19660668 elapsed=1.275 s
[DBG stage1] slow fread: R2 offset=786432180 requested=19660668 read=19660668 elapsed=1.428 s
step1 0x500002770550
step2 get 0x500002770550
[M::process] read chunk (19660800 bytes/CG x 1 CGs, 19660896 bytes)...
[M::mem_process_seqs_merge2] CPE FASTQ formatting done
[DBG stage1] slow fread: R2 offset=727449720 requested=19660896 read=19660896 elapsed=1.409 s
step1 0x500002770550
step2 get 0x500002770550
[M::process] read chunk (19660800 bytes/CG x 1 CGs, 19660896 bytes)...
[M::mem_process_seqs_merge2] CPE FASTQ formatting done
[DBG stage1] slow fread: R1 offset=825753744 requested=19660668 read=19660668 elapsed=1.494 s
slave pre done
now n is 172464
processed 172464
[M::mem_process_seqs_merge2] Processed 172464 reads in 0.160 CPU sec, 1.920 real sec
step2 put 0x500002770550
[DBG stage1] slow fread: R2 offset=806092848 requested=19660896 read=19660896 elapsed=1.189 s
step1 0x50000201d930
step2 get 0x50000201d930
[M::process] read chunk (19660800 bytes/CG x 1 CGs, 19660668 bytes)...
[M::mem_process_seqs_merge2] CPE FASTQ formatting done
[DBG stage1] slow fread: R1 offset=884736204 requested=19660668 read=19660668 elapsed=1.285 s
slave pre done
now n is 172464
processed 172464
[M::mem_process_seqs_merge2] Processed 172464 reads in 0.220 CPU sec, 1.820 real sec
step2 put 0x500002770550
[DBG stage1] slow fread: R2 offset=747110616 requested=19660668 read=19660668 elapsed=1.262 s
step1 0x50000201d930
step2 get 0x50000201d930
[M::process] read chunk (19660800 bytes/CG x 1 CGs, 19660896 bytes)...
[M::mem_process_seqs_merge2] CPE FASTQ formatting done
[DBG stage1] slow fread: R1 offset=904396872 requested=19660896 read=19660896 elapsed=1.236 s
[DBG stage1] slow fread: R1 offset=845414412 requested=19660896 read=19660896 elapsed=1.153 s
slave pre done
now n is 172462
processed 172462
[M::mem_process_seqs_merge2] Processed 172462 reads in 0.230 CPU sec, 1.990 real sec
step2 put 0x500002770550
slave pre done
now n is 172464
processed 172464
[M::mem_process_seqs_merge2] Processed 172464 reads in 0.250 CPU sec, 1.961 real sec
step2 put 0x500002770550
[DBG stage1] slow fread: R2 offset=825753744 requested=19660668 read=19660668 elapsed=1.252 s
step1 0x50000201d930
step2 get 0x50000201d930
[M::process] read chunk (19660800 bytes/CG x 1 CGs, 19660896 bytes)...
[DBG stage1] slow fread: R1 offset=924057768 requested=19660668 read=19660668 elapsed=1.177 s
[DBG stage1] slow fread: R2 offset=884736204 requested=19660668 read=19660668 elapsed=1.124 s
step1 0x50000201d930
step2 get 0x50000201d930
[M::process] read chunk (19660800 bytes/CG x 1 CGs, 19660896 bytes)...
[DBG stage1] slow fread: R1 offset=865075308 requested=19660896 read=19660896 elapsed=1.047 s
[DBG stage1] slow fread: R2 offset=904396872 requested=19660896 read=19660896 elapsed=1.157 s
step1 0x50000201d930
step2 get 0x50000201d930
[M::process] read chunk (19660800 bytes/CG x 1 CGs, 19660668 bytes)...
[DBG stage1] slow fread: R2 offset=845414412 requested=19660896 read=19660896 elapsed=1.076 s
step1 0x50000201d930
step2 get 0x50000201d930
[M::process] read chunk (19660800 bytes/CG x 1 CGs, 19660668 bytes)...
slave pre done
now n is 172464
processed 172464
[M::mem_process_seqs_merge2] Processed 172464 reads in 0.240 CPU sec, 2.171 real sec
step2 put 0x50000201d930
slave pre done
now n is 172462
processed 172462
[M::mem_process_seqs_merge2] Processed 172462 reads in 0.240 CPU sec, 2.030 real sec
step2 put 0x50000201d930
[DBG stage1] slow fread: R2 offset=924057768 requested=19660668 read=19660668 elapsed=1.059 s
step1 0x500002770550
step2 get 0x500002770550
[M::process] read chunk (19660800 bytes/CG x 1 CGs, 19660896 bytes)...
step1 0x500002770550
step2 get 0x500002770550
[M::process] read chunk (19660800 bytes/CG x 1 CGs, 19660896 bytes)...
step1 0x5000027705a0
step1 0x5000027705a0
step3 0x50000201eba0
[M::mem_process_seqs_merge2] CPE FASTQ formatting done
step3 0x50000201eba0
step1 0x5000027705a0
[M::mem_process_seqs_merge2] CPE FASTQ formatting done
step1 0x5000027705a0
step3 0x50000201eba0
step3 0x50000201ebf0
[M::mem_process_seqs_merge2] CPE FASTQ formatting done
step3 0x50000201ebf0
step3 0x50000201ebf0
step3 0x50000201eba0
step3 0x50000201eba0
[M::mem_process_seqs_merge2] CPE FASTQ formatting done
[M::mem_process_seqs_merge2] CPE FASTQ formatting done
step3 0x50000201eba0
[M::mem_process_seqs_merge2] CPE FASTQ formatting done
step3 0x50000201ebf0
step3 0x50000201ebf0
step1 0x5000027705a0
step1 0x5000027705a0
step3 0x50000201ebf0
slave pre done
now n is 172462
processed 172462
[M::mem_process_seqs_merge2] Processed 172462 reads in 0.560 CPU sec, 2.163 real sec
step2 put 0x50000201d930
step2 get 0x5000027705a0
[M::process] read chunk (19660800 bytes/CG x 1 CGs, 19660668 bytes)...
[M::mem_process_seqs_merge2] CPE FASTQ formatting done
slave pre done
now n is 172462
processed 172462
[M::mem_process_seqs_merge2] Processed 172462 reads in 0.450 CPU sec, 2.150 real sec
step2 put 0x50000201d930
step2 get 0x5000027705a0
[M::process] read chunk (19660800 bytes/CG x 1 CGs, 19660668 bytes)...
[M::mem_process_seqs_merge2] CPE FASTQ formatting done
slave pre done
now n is 172464
processed 172464
[M::mem_process_seqs_merge2] Processed 172464 reads in 0.490 CPU sec, 2.320 real sec
step2 put 0x50000201d930
step2 get 0x5000027705a0
[M::process] read chunk (19660800 bytes/CG x 1 CGs, 19660896 bytes)...
[M::mem_process_seqs_merge2] CPE FASTQ formatting done
slave pre done
now n is 172464
processed 172464
[M::mem_process_seqs_merge2] Processed 172464 reads in 0.480 CPU sec, 2.150 real sec
step2 put 0x50000201d930
step2 get 0x5000027705a0
slave pre done
now n is 172462
[M::process] read chunk (19660800 bytes/CG x 1 CGs, 19660896 bytes)...
[M::mem_process_seqs_merge2] CPE FASTQ formatting done
processed 172462
[M::mem_process_seqs_merge2] Processed 172462 reads in 0.560 CPU sec, 2.211 real sec
step2 put 0x500002770550
step2 get 0x5000027705a0
[M::process] read chunk (19660800 bytes/CG x 1 CGs, 19660668 bytes)...
[M::mem_process_seqs_merge2] CPE FASTQ formatting done
slave pre done
now n is 172464
processed 172464
[M::mem_process_seqs_merge2] Processed 172464 reads in 0.700 CPU sec, 2.150 real sec
step2 put 0x500002770550
step2 get 0x5000027705a0
[M::process] read chunk (19660800 bytes/CG x 1 CGs, 19660896 bytes)...
[M::mem_process_seqs_merge2] CPE FASTQ formatting done
slave pre done
now n is 172464
processed 172464
[M::mem_process_seqs_merge2] Processed 172464 reads in 0.350 CPU sec, 2.040 real sec
step2 put 0x5000027705a0
slave pre done
now n is 172462
processed 172462
[M::mem_process_seqs_merge2] Processed 172462 reads in 0.130 CPU sec, 1.690 real sec
step2 put 0x5000027705a0
slave pre done
now n is 172464
[DBG stage1] slow fread: R1 offset=1140326484 requested=19660896 read=19660896 elapsed=1.496 s
processed 172464
[M::mem_process_seqs_merge2] Processed 172464 reads in 0.260 CPU sec, 2.201 real sec
step2 put 0x5000027705a0
[DBG stage1] slow fread: R1 offset=1081344024 requested=19660896 read=19660896 elapsed=1.493 s
[DBG stage1] slow fread: R2 offset=1061683356 requested=19660668 read=19660668 elapsed=1.464 s
step1 0x50000201eba0
step2 get 0x50000201eba0
[M::process] read chunk (19660800 bytes/CG x 1 CGs, 19660896 bytes)...
[DBG stage1] slow fread: R1 offset=1101004920 requested=19660896 read=19660896 elapsed=1.428 s
slave pre done
now n is 172462
processed 172462
[M::mem_process_seqs_merge2] Processed 172462 reads in 0.320 CPU sec, 2.030 real sec
step2 put 0x5000027705a0
slave pre done
now n is 172464
processed 172464
[M::mem_process_seqs_merge2] Processed 172464 reads in 0.240 CPU sec, 2.018 real sec
step2 put 0x5000027705a0
[DBG stage1] slow fread: R2 offset=1120665816 requested=19660668 read=19660668 elapsed=1.029 s
step1 0x50000201eba0
step2 get 0x50000201eba0
[M::process] read chunk (19660800 bytes/CG x 1 CGs, 19660896 bytes)...
[DBG stage1] slow fread: R1 offset=1159987380 requested=19660668 read=19660668 elapsed=1.670 s
slave pre done
now n is 172464
processed 172464
[M::mem_process_seqs_merge2] Processed 172464 reads in 0.370 CPU sec, 2.270 real sec
step2 put 0x5000027705a0
step1 0x50000201eba0
step2 get 0x50000201eba0
[M::process] read chunk (19660800 bytes/CG x 1 CGs, 19660668 bytes)...
step1 0x50000201eba0
step2 get 0x50000201eba0
[M::process] read chunk (19660800 bytes/CG x 1 CGs, 19660668 bytes)...
step1 0x50000201eba0
step2 get 0x50000201eba0
[DBG stage1] slow fread: R2 offset=1101004920 requested=19660896 read=19660896 elapsed=1.129 s
step1 0x50000201eba0
[M::process] read chunk (19660800 bytes/CG x 1 CGs, 19660896 bytes)...
step2 get 0x50000201eba0
[M::process] read chunk (19660800 bytes/CG x 1 CGs, 19660896 bytes)...
step1 0x50000201d8e0
step1 0x50000201d8e0
step3 0x500002770500
[DBG stage1] slow fread: R1 offset=1277952072 requested=19660896 read=19660896 elapsed=1.176 s
[DBG stage1] slow fread: R1 offset=1218969612 requested=19660896 read=19660896 elapsed=1.184 s
[M::mem_process_seqs_merge2] CPE FASTQ formatting done
step1 0x50000201d8e0
step3 0x500002770500
step3 0x500002770500
[M::mem_process_seqs_merge2] CPE FASTQ formatting done
step1 0x50000201d8e0
[M::mem_process_seqs_merge2] CPE FASTQ formatting done
step3 0x500002770500
[M::mem_process_seqs_merge2] CPE FASTQ formatting done
step3 0x500002770500
[M::mem_process_seqs_merge2] CPE FASTQ formatting done
step1 0x50000201d8e0
step3 0x500002770500
[DBG stage1] slow fread: R2 offset=1277952072 requested=19660896 read=19660896 elapsed=1.086 s
step1 0x50000201d8e0
[M::mem_process_seqs_merge2] CPE FASTQ formatting done
slave pre done
now n is 172462
processed 172462
[M::mem_process_seqs_merge2] Processed 172462 reads in 0.310 CPU sec, 1.620 real sec
step2 put 0x50000201eba0
step2 get 0x50000201d8e0
[M::process] read chunk (19660800 bytes/CG x 1 CGs, 19660896 bytes)...
slave pre done
now n is 172464
processed 172464
[M::mem_process_seqs_merge2] Processed 172464 reads in 0.360 CPU sec, 1.710 real sec
step2 put 0x50000201eba0
step2 get 0x50000201d8e0
[M::process] read chunk (19660800 bytes/CG x 1 CGs, 19660896 bytes)...
slave pre done
now n is 172462
processed 172462
[M::mem_process_seqs_merge2] Processed 172462 reads in 0.360 CPU sec, 1.790 real sec
step2 put 0x50000201eba0
step2 get 0x50000201d8e0
[M::process] read chunk (19660800 bytes/CG x 1 CGs, 19660668 bytes)...
slave pre done
now n is 172464
processed 172464
[M::mem_process_seqs_merge2] Processed 172464 reads in 0.360 CPU sec, 1.950 real sec
step2 put 0x50000201eba0
step2 get 0x50000201d8e0
[M::process] read chunk (19660800 bytes/CG x 1 CGs, 19660896 bytes)...
slave pre done
now n is 172464
processed 172464
[M::mem_process_seqs_merge2] Processed 172464 reads in 0.410 CPU sec, 1.830 real sec
step2 put 0x50000201eba0
step2 get 0x50000201d8e0
[M::process] read chunk (19660800 bytes/CG x 1 CGs, 19660668 bytes)...
slave pre done
now n is 172462
processed 172462
[M::mem_process_seqs_merge2] Processed 172462 reads in 0.420 CPU sec, 2.311 real sec
step2 put 0x50000201eba0
step2 get 0x50000201d8e0
[M::process] read chunk (19660800 bytes/CG x 1 CGs, 19660668 bytes)...
step1 0x50000201ebf0
step1 0x50000201ebf0
step1 0x50000201ebf0
step1 0x50000201ebf0
step1 0x50000201ebf0
step1 0x50000201ebf0
step3 0x500002770550
[M::mem_process_seqs_merge2] CPE FASTQ formatting done
step3 0x500002770550
step3 0x500002770550
[M::mem_process_seqs_merge2] CPE FASTQ formatting done
[M::mem_process_seqs_merge2] CPE FASTQ formatting done
step3 0x50000201d930
step3 0x500002770550
step3 0x50000201d930
[M::mem_process_seqs_merge2] CPE FASTQ formatting done
step3 0x50000201d930
step3 0x50000201d930
[M::mem_process_seqs_merge2] CPE FASTQ formatting done
step3 0x50000201d930
step3 0x500002770550
step3 0x50000201d930
[M::mem_process_seqs_merge2] CPE FASTQ formatting done
step3 0x500002770550
slave pre done
now n is 172464
processed 172464
[M::mem_process_seqs_merge2] Processed 172464 reads in 0.490 CPU sec, 1.941 real sec
step2 put 0x50000201d8e0
step2 get 0x50000201ebf0
[M::process] read chunk (19660800 bytes/CG x 1 CGs, 19660896 bytes)...
[M::mem_process_seqs_merge2] CPE FASTQ formatting done
slave pre done
now n is 172462
processed 172462
[M::mem_process_seqs_merge2] Processed 172462 reads in 0.460 CPU sec, 1.920 real sec
step2 put 0x50000201d8e0
step2 get 0x50000201ebf0
[M::process] read chunk (19660800 bytes/CG x 1 CGs, 19660668 bytes)...
[M::mem_process_seqs_merge2] CPE FASTQ formatting done
slave pre done
now n is 172464
processed 172464
[M::mem_process_seqs_merge2] Processed 172464 reads in 0.520 CPU sec, 2.210 real sec
step2 put 0x50000201d8e0
step2 get 0x50000201ebf0
[M::process] read chunk (19660800 bytes/CG x 1 CGs, 19660896 bytes)...
[M::mem_process_seqs_merge2] CPE FASTQ formatting done
slave pre done
now n is 172462
processed 172462
[M::mem_process_seqs_merge2] Processed 172462 reads in 0.450 CPU sec, 2.121 real sec
step2 put 0x50000201d8e0
step2 get 0x50000201ebf0
[M::process] read chunk (19660800 bytes/CG x 1 CGs, 19660668 bytes)...
[M::mem_process_seqs_merge2] CPE FASTQ formatting done
slave pre done
now n is 172464
processed 172464
[M::mem_process_seqs_merge2] Processed 172464 reads in 0.460 CPU sec, 2.140 real sec
step2 put 0x50000201d8e0
step2 get 0x50000201ebf0
[M::process] read chunk (19660800 bytes/CG x 1 CGs, 19660896 bytes)...
[M::mem_process_seqs_merge2] CPE FASTQ formatting done
slave pre done
now n is 172464
processed 172464
[M::mem_process_seqs_merge2] Processed 172464 reads in 0.480 CPU sec, 1.880 real sec
step2 put 0x50000201d8e0
step2 get 0x50000201ebf0
[M::process] read chunk (19660800 bytes/CG x 1 CGs, 19660896 bytes)...
[M::mem_process_seqs_merge2] CPE FASTQ formatting done
[DBG stage1] slow fread: R1 offset=1494221016 requested=19660668 read=19660668 elapsed=1.023 s
[DBG stage1] slow fread: R1 offset=1474560120 requested=19660896 read=19660896 elapsed=1.230 s
slave pre done
now n is 172464
processed 172464
[M::mem_process_seqs_merge2] Processed 172464 reads in 0.220 CPU sec, 1.931 real sec
step2 put 0x50000201ebf0
[DBG stage1] slow fread: R1 offset=1435238556 requested=19660668 read=19660668 elapsed=1.171 s
slave pre done
now n is 172464
processed 172464
[M::mem_process_seqs_merge2] Processed 172464 reads in 0.230 CPU sec, 1.950 real sec
step2 put 0x50000201ebf0
[DBG stage1] slow fread: R1 offset=1415577660 requested=19660896 read=19660896 elapsed=1.510 s
slave pre done
now n is 172462
[DBG stage1] slow fread: R1 offset=1454899224 requested=19660896 read=19660896 elapsed=1.418 s
processed 172462
[M::mem_process_seqs_merge2] Processed 172462 reads in 0.230 CPU sec, 1.941 real sec
step2 put 0x50000201ebf0
slave pre done
now n is 172462
processed 172462
[M::mem_process_seqs_merge2] Processed 172462 reads in 0.220 CPU sec, 1.870 real sec
step2 put 0x50000201ebf0
[DBG stage1] slow fread: R1 offset=1513881684 requested=19660896 read=19660896 elapsed=1.714 s
slave pre done
now n is 172464
slave pre done
now n is 172462
processed 172464
[M::mem_process_seqs_merge2] Processed 172464 reads in 0.300 CPU sec, 2.360 real sec
step2 put 0x50000201ebf0
processed 172462
[M::mem_process_seqs_merge2] Processed 172462 reads in 0.210 CPU sec, 2.470 real sec
step2 put 0x50000201ebf0
[DBG stage1] slow fread: R2 offset=1494221016 requested=19660668 read=19660668 elapsed=1.207 s
step1 0x500002770550
step2 get 0x500002770550
[M::process] read chunk (19660800 bytes/CG x 1 CGs, 19660896 bytes)...
[DBG stage1] slow fread: R2 offset=1474560120 requested=19660896 read=19660896 elapsed=1.188 s
step1 0x500002770550
step2 get 0x500002770550
[M::process] read chunk (19660800 bytes/CG x 1 CGs, 19660896 bytes)...
step1 0x500002770550
step2 get 0x500002770550
[M::process] read chunk (19660800 bytes/CG x 1 CGs, 19660896 bytes)...
step1 0x500002770550
step2 get 0x500002770550
[M::process] read chunk (19660800 bytes/CG x 1 CGs, 19660668 bytes)...
step1 0x50000201d930
step2 get 0x50000201d930
[M::process] read chunk (19660800 bytes/CG x 1 CGs, 19660668 bytes)...
[DBG stage1] slow fread: R2 offset=1513881684 requested=19660896 read=19660896 elapsed=1.174 s
step1 0x50000201d930
step2 get 0x50000201d930
[M::process] read chunk (19660800 bytes/CG x 1 CGs, 19660668 bytes)...
[DBG stage1] slow fread: R1 offset=1612185708 requested=19660896 read=19660896 elapsed=1.139 s
step1 0x500002770500
step1 0x500002770500
step1 0x500002770500
step1 0x500002770500
step1 0x500002770500
step3 0x5000027705a0
[M::mem_process_seqs_merge2] CPE FASTQ formatting done
step3 0x5000027705a0
step3 0x5000027705a0
[M::mem_process_seqs_merge2] CPE FASTQ formatting done
[M::mem_process_seqs_merge2] CPE FASTQ formatting done
step3 0x5000027705a0
step1 0x500002770500
[M::mem_process_seqs_merge2] CPE FASTQ formatting done
step3 0x5000027705a0
[M::mem_process_seqs_merge2] CPE FASTQ formatting done
step3 0x5000027705a0
[M::mem_process_seqs_merge2] CPE FASTQ formatting done
slave pre done
now n is 172464
processed 172464
[M::mem_process_seqs_merge2] Processed 172464 reads in 0.320 CPU sec, 1.810 real sec
step2 put 0x500002770550
step2 get 0x500002770500
[M::process] read chunk (19660800 bytes/CG x 1 CGs, 19660896 bytes)...
slave pre done
now n is 172462
slave pre done
now n is 172462
processed 172462
[M::mem_process_seqs_merge2] Processed 172462 reads in 0.340 CPU sec, 2.280 real sec
step2 put 0x500002770550
step2 get 0x500002770500
[M::process] read chunk (19660800 bytes/CG x 1 CGs, 19660896 bytes)...
processed 172462
[M::mem_process_seqs_merge2] Processed 172462 reads in 0.330 CPU sec, 2.120 real sec
step2 put 0x500002770550
step2 get 0x500002770500
[M::process] read chunk (19660800 bytes/CG x 1 CGs, 19660668 bytes)...
slave pre done
now n is 172464
processed 172464
[M::mem_process_seqs_merge2] Processed 172464 reads in 0.390 CPU sec, 2.090 real sec
step2 put 0x50000201d930
step2 get 0x500002770500
[M::process] read chunk (19660800 bytes/CG x 1 CGs, 19660896 bytes)...
slave pre done
now n is 172464
processed 172464
[M::mem_process_seqs_merge2] Processed 172464 reads in 0.420 CPU sec, 1.890 real sec
step2 put 0x50000201d930
step2 get 0x500002770500
[M::process] read chunk (19660800 bytes/CG x 1 CGs, 19660896 bytes)...
slave pre done
now n is 172464
processed 172464
[M::mem_process_seqs_merge2] Processed 172464 reads in 0.560 CPU sec, 3.420 real sec
step2 put 0x500002770550
step2 get 0x500002770500
[M::process] read chunk (19660800 bytes/CG x 1 CGs, 19660668 bytes)...
[DBG stage1] slow fread: R2 offset=1651507272 requested=19660896 read=19660896 elapsed=1.012 s
step1 0x50000201d930
step1 0x50000201d930
step1 0x50000201d930
step1 0x500002770550
step1 0x500002770550
step1 0x50000201d930
step3 0x50000201eba0
[M::mem_process_seqs_merge2] CPE FASTQ formatting done
step3 0x50000201eba0
[M::mem_process_seqs_merge2] CPE FASTQ formatting done
step3 0x50000201eba0
step3 0x50000201eba0
step3 0x50000201d8e0
[M::mem_process_seqs_merge2] CPE FASTQ formatting done
[M::mem_process_seqs_merge2] CPE FASTQ formatting done
step3 0x50000201d8e0
step3 0x50000201eba0
[M::mem_process_seqs_merge2] CPE FASTQ formatting done
step3 0x50000201d8e0
step3 0x50000201d8e0
step3 0x50000201d8e0
step3 0x50000201eba0
[M::mem_process_seqs_merge2] CPE FASTQ formatting done
step3 0x50000201d8e0
slave pre done
now n is 172462
processed 172462
[M::mem_process_seqs_merge2] Processed 172462 reads in 0.470 CPU sec, 1.710 real sec
step2 put 0x500002770500
step2 get 0x50000201d930
[M::process] read chunk (19660800 bytes/CG x 1 CGs, 19660668 bytes)...
[M::mem_process_seqs_merge2] CPE FASTQ formatting done
slave pre done
now n is 172464
slave pre done
now n is 172462
processed 172464
[M::mem_process_seqs_merge2] Processed 172464 reads in 0.470 CPU sec, 1.930 real sec
step2 put 0x500002770500
step2 get 0x50000201d930
processed 172462
[M::mem_process_seqs_merge2] Processed 172462 reads in 0.440 CPU sec, 1.770 real sec
step2 put 0x500002770500
step2 get 0x500002770550
[M::process] read chunk (19660800 bytes/CG x 1 CGs, 19660896 bytes)...
[M::mem_process_seqs_merge2] CPE FASTQ formatting done
[M::process] read chunk (19660800 bytes/CG x 1 CGs, 19660668 bytes)...
[M::mem_process_seqs_merge2] CPE FASTQ formatting done
slave pre done
now n is 172464
slave pre done
now n is 172464
processed 172464
[M::mem_process_seqs_merge2] Processed 172464 reads in 0.400 CPU sec, 2.320 real sec
step2 put 0x500002770500
step2 get 0x50000201d930
[M::process] read chunk (19660800 bytes/CG x 1 CGs, 19660896 bytes)...
[M::mem_process_seqs_merge2] CPE FASTQ formatting done
processed 172464
[M::mem_process_seqs_merge2] Processed 172464 reads in 0.430 CPU sec, 2.170 real sec
step2 put 0x500002770500
step2 get 0x50000201d930
[M::process] read chunk (19660800 bytes/CG x 1 CGs, 19660896 bytes)...
[M::mem_process_seqs_merge2] CPE FASTQ formatting done
slave pre done
now n is 172462
processed 172462
[M::mem_process_seqs_merge2] Processed 172462 reads in 0.460 CPU sec, 2.031 real sec
step2 put 0x500002770500
step2 get 0x500002770550
[M::process] read chunk (19660800 bytes/CG x 1 CGs, 19660668 bytes)...
[M::mem_process_seqs_merge2] CPE FASTQ formatting done
[DBG stage1] slow fread: R1 offset=1769472192 requested=19660668 read=19660668 elapsed=1.292 s
slave pre done
now n is 172464
processed 172464
[M::mem_process_seqs_merge2] Processed 172464 reads in 0.190 CPU sec, 1.671 real sec
step2 put 0x50000201d930
[DBG stage1] slow fread: R1 offset=1848115320 requested=19660896 read=19660896 elapsed=1.456 s
slave pre done
now n is 172464
processed 172464
[M::mem_process_seqs_merge2] Processed 172464 reads in 0.150 CPU sec, 1.800 real sec
step2 put 0x500002770550
slave pre done
now n is 172462
processed 172462
[M::mem_process_seqs_merge2] Processed 172462 reads in 0.090 CPU sec, 1.697 real sec
step2 put 0x50000201d930
[DBG stage1] slow fread: R1 offset=1867776216 requested=19660668 read=19660668 elapsed=1.731 s
[DBG stage1] slow fread: R1 offset=1828454424 requested=19660896 read=19660896 elapsed=1.378 s
[DBG stage1] slow fread: R1 offset=1789132860 requested=19660896 read=19660896 elapsed=1.350 s
slave pre done
now n is 172464
processed 172464
[M::mem_process_seqs_merge2] Processed 172464 reads in 0.290 CPU sec, 2.130 real sec
step2 put 0x50000201d930
slave pre done
now n is 172462
processed 172462
[M::mem_process_seqs_merge2] Processed 172462 reads in 0.370 CPU sec, 2.180 real sec
step2 put 0x50000201d930
[DBG stage1] slow fread: R2 offset=1769472192 requested=19660668 read=19660668 elapsed=1.101 s
step1 0x50000201eba0
step2 get 0x50000201eba0
[M::process] read chunk (19660800 bytes/CG x 1 CGs, 19660896 bytes)...
slave pre done
now n is 172464
processed 172464
[M::mem_process_seqs_merge2] Processed 172464 reads in 0.280 CPU sec, 2.040 real sec
step2 put 0x500002770550
step1 0x50000201eba0
step2 get 0x50000201eba0
[M::process] read chunk (19660800 bytes/CG x 1 CGs, 19660896 bytes)...
step1 0x50000201eba0
step2 get 0x50000201eba0
[M::process] read chunk (19660800 bytes/CG x 1 CGs, 19660896 bytes)...
step1 0x50000201eba0
step2 get 0x50000201eba0
[M::process] read chunk (19660800 bytes/CG x 1 CGs, 19660668 bytes)...
step1 0x50000201eba0
step2 get 0x50000201eba0
[M::process] read chunk (19660800 bytes/CG x 1 CGs, 19660668 bytes)...
[DBG stage1] slow fread: R2 offset=1867776216 requested=19660668 read=19660668 elapsed=1.127 s
step1 0x50000201eba0
step2 get 0x50000201eba0
[M::process] read chunk (19660800 bytes/CG x 1 CGs, 19660896 bytes)...
[DBG stage1] slow fread: R1 offset=1926758448 requested=19660896 read=19660896 elapsed=1.005 s
[DBG stage1] slow fread: R1 offset=1907097780 requested=19660668 read=19660668 elapsed=1.084 s
[DBG stage1] slow fread: R2 offset=1887436884 requested=19660896 read=19660896 elapsed=1.102 s
step1 0x5000027705a0
[DBG stage1] slow fread: R1 offset=1985740908 requested=19660896 read=19660896 elapsed=1.326 s
step1 0x5000027705a0
step3 0x50000201ebf0
step1 0x5000027705a0
[M::mem_process_seqs_merge2] CPE FASTQ formatting done
step1 0x5000027705a0
step1 0x5000027705a0
step3 0x50000201ebf0
step3 0x50000201ebf0
[M::mem_process_seqs_merge2] CPE FASTQ formatting done
[M::mem_process_seqs_merge2] CPE FASTQ formatting done
step3 0x50000201ebf0
[M::mem_process_seqs_merge2] CPE FASTQ formatting done
step3 0x50000201ebf0
step1 0x5000027705a0
[M::mem_process_seqs_merge2] CPE FASTQ formatting done
step3 0x50000201ebf0
[M::mem_process_seqs_merge2] CPE FASTQ formatting done
slave pre done
now n is 172464
processed 172464
[M::mem_process_seqs_merge2] Processed 172464 reads in 0.300 CPU sec, 1.620 real sec
step2 put 0x50000201eba0
step2 get 0x5000027705a0
[M::process] read chunk (19660800 bytes/CG x 1 CGs, 19660896 bytes)...
slave pre done
now n is 172464
processed 172464
[M::mem_process_seqs_merge2] Processed 172464 reads in 0.340 CPU sec, 1.650 real sec
step2 put 0x50000201eba0
step2 get 0x5000027705a0
[M::process] read chunk (19660800 bytes/CG x 1 CGs, 19660668 bytes)...
slave pre done
now n is 172464
processed 172464
[M::mem_process_seqs_merge2] Processed 172464 reads in 0.330 CPU sec, 1.720 real sec
step2 put 0x50000201eba0
step2 get 0x5000027705a0
[M::process] read chunk (19660800 bytes/CG x 1 CGs, 19660896 bytes)...
slave pre done
now n is 172462
processed 172462
[M::mem_process_seqs_merge2] Processed 172462 reads in 0.300 CPU sec, 1.880 real sec
step2 put 0x50000201eba0
step2 get 0x5000027705a0
[M::process] read chunk (19660800 bytes/CG x 1 CGs, 19660668 bytes)...
slave pre done
now n is 172462
processed 172462
[M::mem_process_seqs_merge2] Processed 172462 reads in 0.420 CPU sec, 2.000 real sec
step2 put 0x50000201eba0
step2 get 0x5000027705a0
[M::process] read chunk (19660800 bytes/CG x 1 CGs, 19660896 bytes)...
slave pre done
now n is 172462
processed 172462
[M::mem_process_seqs_merge2] Processed 172462 reads in 0.310 CPU sec, 1.880 real sec
step2 put 0x50000201eba0
step2 get 0x5000027705a0
[M::process] read chunk (19660800 bytes/CG x 1 CGs, 19660668 bytes)...
step1 0x50000201d8e0
step1 0x50000201d8e0
[DBG stage1] slow fread: R1 offset=2103705600 requested=19660896 read=19660896 elapsed=1.048 s
step1 0x50000201d8e0
step1 0x50000201d8e0
step1 0x50000201d8e0
step1 0x50000201d8e0
step3 0x500002770550
[M::mem_process_seqs_merge2] CPE FASTQ formatting done
step3 0x500002770500
step3 0x500002770550
step3 0x500002770550
step3 0x500002770550
[M::mem_process_seqs_merge2] CPE FASTQ formatting done
[M::mem_process_seqs_merge2] CPE FASTQ formatting done
[M::mem_process_seqs_merge2] CPE FASTQ formatting done
step3 0x500002770500
step3 0x500002770500
step3 0x50000201d930
step3 0x500002770500
[M::mem_process_seqs_merge2] CPE FASTQ formatting done
step3 0x50000201d930
step3 0x500002770500
[M::mem_process_seqs_merge2] CPE FASTQ formatting done
step3 0x500002770500
slave pre done
now n is 172462
processed 172462
[M::mem_process_seqs_merge2] Processed 172462 reads in 0.460 CPU sec, 1.690 real sec
step2 put 0x5000027705a0
step2 get 0x50000201d8e0
[M::process] read chunk (19660800 bytes/CG x 1 CGs, 19660668 bytes)...
[M::mem_process_seqs_merge2] CPE FASTQ formatting done
slave pre done
now n is 172462
processed 172462
[M::mem_process_seqs_merge2] Processed 172462 reads in 0.380 CPU sec, 1.760 real sec
step2 put 0x5000027705a0
step2 get 0x50000201d8e0
[M::process] read chunk (19660800 bytes/CG x 1 CGs, 19660668 bytes)...
[M::mem_process_seqs_merge2] CPE FASTQ formatting done
slave pre done
now n is 172464
processed 172464
[M::mem_process_seqs_merge2] Processed 172464 reads in 0.430 CPU sec, 1.930 real sec
step2 put 0x5000027705a0
step2 get 0x50000201d8e0
[M::process] read chunk (19660800 bytes/CG x 1 CGs, 19660896 bytes)...
[M::mem_process_seqs_merge2] CPE FASTQ formatting done
slave pre done
now n is 172464
processed 172464
[M::mem_process_seqs_merge2] Processed 172464 reads in 0.470 CPU sec, 2.000 real sec
step2 put 0x5000027705a0
step2 get 0x50000201d8e0
[M::process] read chunk (19660800 bytes/CG x 1 CGs, 19660896 bytes)...
[M::mem_process_seqs_merge2] CPE FASTQ formatting done
slave pre done
now n is 172464
processed 172464
[M::mem_process_seqs_merge2] Processed 172464 reads in 0.440 CPU sec, 1.531 real sec
step2 put 0x5000027705a0
step2 get 0x50000201d8e0
[M::process] read chunk (19660800 bytes/CG x 1 CGs, 19660896 bytes)...
[M::mem_process_seqs_merge2] CPE FASTQ formatting done
slave pre done
now n is 172464
processed 172464
[M::mem_process_seqs_merge2] Processed 172464 reads in 0.480 CPU sec, 1.930 real sec
step2 put 0x5000027705a0
step2 get 0x50000201d8e0
[M::process] read chunk (19660800 bytes/CG x 1 CGs, 19660896 bytes)...
[M::mem_process_seqs_merge2] CPE FASTQ formatting done
[DBG stage1] slow fread: R1 offset=2182348956 requested=19660668 read=19660668 elapsed=1.247 s
slave pre done
now n is 172464
[DBG stage1] slow fread: R1 offset=2123366496 requested=19660896 read=19660896 elapsed=1.226 s
processed 172464
[M::mem_process_seqs_merge2] Processed 172464 reads in 0.270 CPU sec, 2.050 real sec
step2 put 0x50000201d8e0
slave pre done
now n is 172464
processed 172464
[M::mem_process_seqs_merge2] Processed 172464 reads in 0.210 CPU sec, 1.770 real sec
step2 put 0x50000201d8e0
[DBG stage1] slow fread: R1 offset=2202009624 requested=19660896 read=19660896 elapsed=1.195 s
slave pre done
now n is 172462
[DBG stage1] slow fread: R1 offset=2143027392 requested=19660668 read=19660668 elapsed=1.557 s
processed 172462
[M::mem_process_seqs_merge2] Processed 172462 reads in 0.230 CPU sec, 1.700 real sec
step2 put 0x50000201d8e0
slave pre done
now n is 172462
processed 172462
[M::mem_process_seqs_merge2] Processed 172462 reads in 0.220 CPU sec, 1.710 real sec
step2 put 0x50000201d8e0
slave pre done
now n is 172462
processed 172462
[M::mem_process_seqs_merge2] Processed 172462 reads in 0.310 CPU sec, 1.737 real sec
step2 put 0x50000201d8e0
slave pre done
now n is 172464
processed 172464
[M::mem_process_seqs_merge2] Processed 172464 reads in 0.130 CPU sec, 1.620 real sec
step2 put 0x50000201d8e0
[DBG stage1] slow fread: R1 offset=2162688060 requested=19660896 read=19660896 elapsed=1.428 s
[DBG stage1] slow fread: R1 offset=2221670520 requested=19660896 read=19660896 elapsed=1.611 s
[DBG stage1] slow fread: R2 offset=2182348956 requested=19660668 read=19660668 elapsed=1.193 s
step1 0x500002770550
step2 get 0x500002770550
[M::process] read chunk (19660800 bytes/CG x 1 CGs, 19660840 bytes)...
step1 0x500002770550
step2 get 0x500002770550
[M::process] read chunk (19660800 bytes/CG x 1 CGs, 19660668 bytes)...
step1 0x500002770550
step2 get 0x500002770550
[M::process] read chunk (19660800 bytes/CG x 1 CGs, 19660840 bytes)...
[DBG stage1] slow fread: R2 offset=2143027392 requested=19660668 read=19660668 elapsed=1.049 s
step1 0x500002770550
step2 get 0x500002770550
[M::process] read chunk (19660800 bytes/CG x 1 CGs, 19660776 bytes)...
[DBG stage1] slow fread: R2 offset=2162688060 requested=19660896 read=19660896 elapsed=1.062 s
step1 0x50000201d930
step2 get 0x50000201d930
[M::process] read chunk (19660800 bytes/CG x 1 CGs, 19660840 bytes)...
[DBG stage1] slow fread: R1 offset=2241331416 requested=19660668 read=19660668 elapsed=1.004 s
[DBG stage1] slow fread: R2 offset=2221670520 requested=19660896 read=19660896 elapsed=1.256 s
step1 0x50000201d930
step2 get 0x50000201d930
[M::process] read chunk (19660800 bytes/CG x 1 CGs, 19660840 bytes)...
step1 0x50000201ebf0
step1 0x50000201ebf0
step1 0x50000201ebf0
[DBG stage1] slow fread: R1 offset=2339635380 requested=19660840 read=19660840 elapsed=1.147 s
step1 0x50000201ebf0
step3 0x50000201d930
[M::mem_process_seqs_merge2] CPE FASTQ formatting done
step1 0x50000201ebf0
step3 0x50000201d930
step3 0x50000201d930
[M::mem_process_seqs_merge2] CPE FASTQ formatting done
[M::mem_process_seqs_merge2] CPE FASTQ formatting done
step1 0x50000201ebf0
step3 0x50000201d930
[M::mem_process_seqs_merge2] CPE FASTQ formatting done
step3 0x500002770550
[M::mem_process_seqs_merge2] CPE FASTQ formatting done
step3 0x500002770550
[M::mem_process_seqs_merge2] CPE FASTQ formatting done
slave pre done
now n is 172462
processed 172462
[M::mem_process_seqs_merge2] Processed 172462 reads in 0.350 CPU sec, 1.801 real sec
step2 put 0x500002770550
step2 get 0x50000201ebf0
[M::process] read chunk (19660800 bytes/CG x 1 CGs, 19660840 bytes)...
slave pre done
now n is 172464
processed 172464
[M::mem_process_seqs_merge2] Processed 172464 reads in 0.310 CPU sec, 1.750 real sec
step2 put 0x500002770550
step2 get 0x50000201ebf0
[M::process] read chunk (19660800 bytes/CG x 1 CGs, 19660840 bytes)...
slave pre done
now n is 172464
processed 172464
[M::mem_process_seqs_merge2] Processed 172464 reads in 0.320 CPU sec, 1.790 real sec
step2 put 0x500002770550
step2 get 0x50000201ebf0
[M::process] read chunk (19660800 bytes/CG x 1 CGs, 19660608 bytes)...
slave pre done
now n is 172462
processed 172462
[M::mem_process_seqs_merge2] Processed 172462 reads in 0.320 CPU sec, 2.131 real sec
step2 put 0x500002770550
step2 get 0x50000201ebf0
[M::process] read chunk (19660800 bytes/CG x 1 CGs, 19660840 bytes)...
slave pre done
now n is 172464
processed 172464
[M::mem_process_seqs_merge2] Processed 172464 reads in 0.390 CPU sec, 1.782 real sec
step2 put 0x50000201d930
step2 get 0x50000201ebf0
slave pre done
now n is 172464
[M::process] read chunk (19660800 bytes/CG x 1 CGs, 19660840 bytes)...
processed 172464
[M::mem_process_seqs_merge2] Processed 172464 reads in 0.370 CPU sec, 2.010 real sec
step2 put 0x50000201d930
step2 get 0x50000201ebf0
[M::process] read chunk (19660800 bytes/CG x 1 CGs, 19660840 bytes)...
[DBG stage1] slow fread: R1 offset=2398617668 requested=19660840 read=19660840 elapsed=1.057 s
[DBG stage1] slow fread: R2 offset=2418278508 requested=19660840 read=19660840 elapsed=1.099 s
step1 0x500002770500
[DBG stage1] slow fread: R2 offset=2359296220 requested=19660608 read=19660608 elapsed=1.114 s
step1 0x500002770500
[DBG stage1] slow fread: R1 offset=2457600188 requested=19660840 read=19660840 elapsed=1.313 s
[DBG stage1] slow fread: R2 offset=2437939348 requested=19660840 read=19660840 elapsed=1.072 s
step1 0x500002770500
step1 0x500002770500
step1 0x500002770500
step1 0x500002770500
step3 0x50000201eba0
[M::mem_process_seqs_merge2] CPE FASTQ formatting done
step3 0x5000027705a0
step3 0x50000201eba0
step3 0x50000201eba0
[M::mem_process_seqs_merge2] CPE FASTQ formatting done
[M::mem_process_seqs_merge2] CPE FASTQ formatting done
step3 0x50000201eba0
[M::mem_process_seqs_merge2] CPE FASTQ formatting done
step3 0x5000027705a0
step3 0x5000027705a0
step3 0x5000027705a0
step3 0x50000201eba0
[M::mem_process_seqs_merge2] CPE FASTQ formatting done
step3 0x50000201eba0
step3 0x5000027705a0
[M::mem_process_seqs_merge2] CPE FASTQ formatting done
step3 0x5000027705a0
slave pre done
now n is 169490
processed 169490
[M::mem_process_seqs_merge2] Processed 169490 reads in 0.460 CPU sec, 1.880 real sec
step2 put 0x50000201ebf0
step2 get 0x500002770500
[M::process] read chunk (19660800 bytes/CG x 1 CGs, 19660840 bytes)...
[M::mem_process_seqs_merge2] CPE FASTQ formatting done
slave pre done
now n is 169490
processed 169490
[M::mem_process_seqs_merge2] Processed 169490 reads in 0.410 CPU sec, 2.140 real sec
step2 put 0x50000201ebf0
step2 get 0x500002770500
[M::process] read chunk (19660800 bytes/CG x 1 CGs, 19660840 bytes)...
[M::mem_process_seqs_merge2] CPE FASTQ formatting done
slave pre done
now n is 171692
slave pre done
now n is 169490
processed 171692
[M::mem_process_seqs_merge2] Processed 171692 reads in 0.400 CPU sec, 2.200 real sec
step2 put 0x50000201ebf0
step2 get 0x500002770500
[M::process] read chunk (19660800 bytes/CG x 1 CGs, 19660840 bytes)...
[M::mem_process_seqs_merge2] CPE FASTQ formatting done
processed 169490
[M::mem_process_seqs_merge2] Processed 169490 reads in 0.480 CPU sec, 1.851 real sec
step2 put 0x50000201ebf0
step2 get 0x500002770500
slave pre done
now n is 172462
[M::process] read chunk (19660800 bytes/CG x 1 CGs, 19660608 bytes)...
[M::mem_process_seqs_merge2] CPE FASTQ formatting done
processed 172462
[M::mem_process_seqs_merge2] Processed 172462 reads in 0.390 CPU sec, 2.161 real sec
step2 put 0x50000201ebf0
step2 get 0x500002770500
[M::process] read chunk (19660800 bytes/CG x 1 CGs, 19660608 bytes)...
[M::mem_process_seqs_merge2] CPE FASTQ formatting done
slave pre done
now n is 169490
processed 169490
[M::mem_process_seqs_merge2] Processed 169490 reads in 0.490 CPU sec, 1.790 real sec
step2 put 0x50000201ebf0
step2 get 0x500002770500
[M::process] read chunk (19660800 bytes/CG x 1 CGs, 19660840 bytes)...
[M::mem_process_seqs_merge2] CPE FASTQ formatting done
slave pre done
now n is 169490
processed 169490
[M::mem_process_seqs_merge2] Processed 169490 reads in 0.250 CPU sec, 1.860 real sec
step2 put 0x500002770500
slave pre done
now n is 169490
processed 169490
[M::mem_process_seqs_merge2] Processed 169490 reads in 0.140 CPU sec, 1.550 real sec
step2 put 0x500002770500
slave pre done
now n is 169490
processed 169490
[M::mem_process_seqs_merge2] Processed 169490 reads in 0.150 CPU sec, 1.682 real sec
step2 put 0x500002770500
[DBG stage1] slow fread: R1 offset=2555904156 requested=19660840 read=19660840 elapsed=1.620 s
[DBG stage1] slow fread: R1 offset=2516582476 requested=19660840 read=19660840 elapsed=1.145 s
slave pre done
now n is 169490
slave pre done
now n is 169488
processed 169490
[M::mem_process_seqs_merge2] Processed 169490 reads in 0.160 CPU sec, 1.899 real sec
step2 put 0x500002770500
[DBG stage1] slow fread: R1 offset=2496921636 requested=19660840 read=19660840 elapsed=1.570 s
processed 169488
[M::mem_process_seqs_merge2] Processed 169488 reads in 0.170 CPU sec, 1.870 real sec
step2 put 0x500002770500
[DBG stage1] slow fread: R1 offset=2575564996 requested=19660608 read=19660608 elapsed=1.532 s
[DBG stage1] slow fread: R1 offset=2477261028 requested=19660608 read=19660608 elapsed=1.514 s
[DBG stage1] slow fread: R2 offset=2536243316 requested=19660840 read=19660840 elapsed=1.417 s
step1 0x50000201eba0
step2 get 0x50000201eba0
[M::process] read chunk (19660800 bytes/CG x 1 CGs, 19660840 bytes)...
slave pre done
now n is 169490
processed 169490
[M::mem_process_seqs_merge2] Processed 169490 reads in 0.330 CPU sec, 2.150 real sec
step2 put 0x500002770500
step1 0x50000201eba0
step2 get 0x50000201eba0
[M::process] read chunk (19660800 bytes/CG x 1 CGs, 19660840 bytes)...
step1 0x50000201eba0
step2 get 0x50000201eba0
[M::process] read chunk (19660800 bytes/CG x 1 CGs, 19660840 bytes)...
step1 0x50000201eba0
step2 get 0x50000201eba0
[M::process] read chunk (19660800 bytes/CG x 1 CGs, 19660840 bytes)...
step1 0x50000201eba0
step1 0x50000201eba0
step2 get 0x50000201eba0
[M::process] read chunk (19660800 bytes/CG x 1 CGs, 19660840 bytes)...
step2 get 0x50000201eba0
[M::process] read chunk (19660800 bytes/CG x 1 CGs, 19660608 bytes)...
step1 0x50000201d930
step3 0x50000201d8e0
step1 0x500002770550
[M::mem_process_seqs_merge2] CPE FASTQ formatting done
step1 0x50000201d930
step1 0x50000201d930
step3 0x50000201d8e0
step1 0x50000201d930
step1 0x500002770550
[M::mem_process_seqs_merge2] CPE FASTQ formatting done
step3 0x50000201d8e0
step3 0x50000201d8e0
[M::mem_process_seqs_merge2] CPE FASTQ formatting done
[M::mem_process_seqs_merge2] CPE FASTQ formatting done
step3 0x50000201d8e0
[M::mem_process_seqs_merge2] CPE FASTQ formatting done
step3 0x50000201d8e0
[M::mem_process_seqs_merge2] CPE FASTQ formatting done
slave pre done
now n is 169490
processed 169490
[M::mem_process_seqs_merge2] Processed 169490 reads in 0.320 CPU sec, 1.470 real sec
step2 put 0x50000201eba0
step2 get 0x50000201d930
[M::process] read chunk (19660800 bytes/CG x 1 CGs, 19660840 bytes)...
slave pre done
now n is 169488
processed 169488
[M::mem_process_seqs_merge2] Processed 169488 reads in 0.280 CPU sec, 1.771 real sec
step2 put 0x50000201eba0
step2 get 0x50000201d930
[M::process] read chunk (19660800 bytes/CG x 1 CGs, 19660840 bytes)...
slave pre done
now n is 169490
processed 169490
[M::mem_process_seqs_merge2] Processed 169490 reads in 0.310 CPU sec, 1.860 real sec
step2 put 0x50000201eba0
step2 get 0x50000201d930
[M::process] read chunk (19660800 bytes/CG x 1 CGs, 19660840 bytes)...
slave pre done
now n is 169490
processed 169490
[M::mem_process_seqs_merge2] Processed 169490 reads in 0.400 CPU sec, 2.090 real sec
step2 put 0x50000201eba0
step2 get 0x50000201d930
[M::process] read chunk (19660800 bytes/CG x 1 CGs, 19660840 bytes)...
slave pre done
now n is 169488
processed 169488
[M::mem_process_seqs_merge2] Processed 169488 reads in 0.250 CPU sec, 1.860 real sec
step2 put 0x50000201eba0
step2 get 0x500002770550
[M::process] read chunk (19660800 bytes/CG x 1 CGs, 19660608 bytes)...
slave pre done
now n is 169490
processed 169490
[M::mem_process_seqs_merge2] Processed 169490 reads in 0.370 CPU sec, 1.880 real sec
step2 put 0x50000201eba0
step2 get 0x500002770550
[M::process] read chunk (19660800 bytes/CG x 1 CGs, 19660840 bytes)...
step1 0x5000027705a0
[DBG stage1] slow fread: R1 offset=2811494612 requested=19660608 read=19660608 elapsed=1.072 s
step1 0x5000027705a0
step1 0x5000027705a0
step1 0x5000027705a0
step1 0x5000027705a0
step1 0x5000027705a0
step3 0x500002770550
[M::mem_process_seqs_merge2] CPE FASTQ formatting done
step3 0x50000201ebf0
step3 0x500002770550
[M::mem_process_seqs_merge2] CPE FASTQ formatting done
step3 0x500002770550
[M::mem_process_seqs_merge2] CPE FASTQ formatting done
step3 0x50000201ebf0
step3 0x500002770550
[M::mem_process_seqs_merge2] CPE FASTQ formatting done
step3 0x50000201ebf0
step3 0x50000201d930
[M::mem_process_seqs_merge2] CPE FASTQ formatting done
step3 0x50000201ebf0
step3 0x50000201ebf0
step3 0x50000201d930
[M::mem_process_seqs_merge2] CPE FASTQ formatting done
step3 0x50000201ebf0
slave pre done
now n is 169490
processed 169490
[M::mem_process_seqs_merge2] Processed 169490 reads in 0.360 CPU sec, 1.861 real sec
step2 put 0x50000201d930
step2 get 0x5000027705a0
[M::process] read chunk (19660800 bytes/CG x 1 CGs, 19660840 bytes)...
[M::mem_process_seqs_merge2] CPE FASTQ formatting done
slave pre done
now n is 169490
processed 169490
[M::mem_process_seqs_merge2] Processed 169490 reads in 0.440 CPU sec, 1.841 real sec
step2 put 0x50000201d930
step2 get 0x5000027705a0
[M::process] read chunk (19660800 bytes/CG x 1 CGs, 19660840 bytes)...
[M::mem_process_seqs_merge2] CPE FASTQ formatting done
slave pre done
now n is 169490
processed 169490
[M::mem_process_seqs_merge2] Processed 169490 reads in 0.380 CPU sec, 1.770 real sec
step2 put 0x50000201d930
step2 get 0x5000027705a0
[M::process] read chunk (19660800 bytes/CG x 1 CGs, 19660840 bytes)...
[M::mem_process_seqs_merge2] CPE FASTQ formatting done
slave pre done
now n is 169490
processed 169490
[M::mem_process_seqs_merge2] Processed 169490 reads in 0.470 CPU sec, 1.981 real sec
step2 put 0x50000201d930
step2 get 0x5000027705a0
[M::process] read chunk (19660800 bytes/CG x 1 CGs, 19660840 bytes)...
[M::mem_process_seqs_merge2] CPE FASTQ formatting done
slave pre done
now n is 169488
processed 169488
[M::mem_process_seqs_merge2] Processed 169488 reads in 0.330 CPU sec, 1.650 real sec
step2 put 0x500002770550
step2 get 0x5000027705a0
[M::process] read chunk (19660800 bytes/CG x 1 CGs, 19660608 bytes)...
[M::mem_process_seqs_merge2] CPE FASTQ formatting done
slave pre done
now n is 169490
processed 169490
[M::mem_process_seqs_merge2] Processed 169490 reads in 0.360 CPU sec, 1.680 real sec
step2 put 0x500002770550
step2 get 0x5000027705a0
[M::process] read chunk (19660800 bytes/CG x 1 CGs, 19660840 bytes)...
[M::mem_process_seqs_merge2] CPE FASTQ formatting done
slave pre done
now n is 169490
processed 169490
[M::mem_process_seqs_merge2] Processed 169490 reads in 0.250 CPU sec, 1.628 real sec
step2 put 0x5000027705a0
[DBG stage1] slow fread: R1 offset=2909798580 requested=19660840 read=19660840 elapsed=1.459 s
slave pre done
now n is 169490
processed 169490
[M::mem_process_seqs_merge2] Processed 169490 reads in 0.290 CPU sec, 1.771 real sec
step2 put 0x5000027705a0
[DBG stage1] slow fread: R1 offset=2831155220 requested=19660840 read=19660840 elapsed=1.160 s
[DBG stage1] slow fread: R1 offset=2850816060 requested=19660840 read=19660840 elapsed=1.529 s
slave pre done
now n is 169490
processed 169490
[M::mem_process_seqs_merge2] Processed 169490 reads in 0.140 CPU sec, 1.779 real sec
step2 put 0x5000027705a0
slave pre done
now n is 169490
processed 169490
[M::mem_process_seqs_merge2] Processed 169490 reads in 0.210 CPU sec, 1.960 real sec
step2 put 0x5000027705a0
slave pre done
now n is 169488
[DBG stage1] slow fread: R2 offset=2890137740 requested=19660840 read=19660840 elapsed=1.131 s
step1 0x500002770550
processed 169488
[M::mem_process_seqs_merge2] Processed 169488 reads in 0.140 CPU sec, 1.810 real sec
step2 put 0x5000027705a0
step2 get 0x500002770550
[M::process] read chunk (19660800 bytes/CG x 1 CGs, 19660840 bytes)...
slave pre done
now n is 169490
processed 169490
[M::mem_process_seqs_merge2] Processed 169490 reads in 0.220 CPU sec, 1.751 real sec
step2 put 0x5000027705a0
[DBG stage1] slow fread: R1 offset=2870476900 requested=19660840 read=19660840 elapsed=1.388 s
[DBG stage1] slow fread: R1 offset=2929459420 requested=19660608 read=19660608 elapsed=1.750 s
step1 0x500002770550
step2 get 0x500002770550
[M::process] read chunk (19660800 bytes/CG x 1 CGs, 19660840 bytes)...
[DBG stage1] slow fread: R2 offset=2909798580 requested=19660840 read=19660840 elapsed=1.084 s
step1 0x500002770550
step2 get 0x500002770550
[M::process] read chunk (19660800 bytes/CG x 1 CGs, 19660840 bytes)...
step1 0x500002770550
step2 get 0x500002770550
[M::process] read chunk (19660800 bytes/CG x 1 CGs, 19660840 bytes)...
[DBG stage1] slow fread: R2 offset=2929459420 requested=19660608 read=19660608 elapsed=1.045 s
step1 0x50000201d930
step2 get 0x50000201d930
[M::process] read chunk (19660800 bytes/CG x 1 CGs, 19660608 bytes)...
[DBG stage1] slow fread: R2 offset=2870476900 requested=19660840 read=19660840 elapsed=1.160 s
step1 0x50000201d930
step2 get 0x50000201d930
[M::process] read chunk (19660800 bytes/CG x 1 CGs, 19660840 bytes)...
step1 0x50000201d8e0
step1 0x50000201d8e0
[DBG stage1] slow fread: R1 offset=3047424228 requested=19660608 read=19660608 elapsed=1.002 s
[DBG stage1] slow fread: R1 offset=2988441708 requested=19660840 read=19660840 elapsed=1.031 s
step1 0x50000201d8e0
step1 0x50000201d8e0
step3 0x500002770500
[M::mem_process_seqs_merge2] CPE FASTQ formatting done
step3 0x500002770500
step1 0x50000201d8e0
[M::mem_process_seqs_merge2] CPE FASTQ formatting done
step1 0x50000201d8e0
step3 0x500002770500
[M::mem_process_seqs_merge2] CPE FASTQ formatting done
step3 0x500002770500
step3 0x500002770500
[M::mem_process_seqs_merge2] CPE FASTQ formatting done
[M::mem_process_seqs_merge2] CPE FASTQ formatting done
step3 0x500002770500
[M::mem_process_seqs_merge2] CPE FASTQ formatting done
slave pre done
now n is 169490
processed 169490
[M::mem_process_seqs_merge2] Processed 169490 reads in 0.420 CPU sec, 2.080 real sec
step2 put 0x500002770550
step2 get 0x50000201d8e0
[M::process] read chunk (19660800 bytes/CG x 1 CGs, 19660840 bytes)...
slave pre done
now n is 169490
processed 169490
[M::mem_process_seqs_merge2] Processed 169490 reads in 0.300 CPU sec, 1.611 real sec
step2 put 0x500002770550
step2 get 0x50000201d8e0
[M::process] read chunk (19660800 bytes/CG x 1 CGs, 19660840 bytes)...
slave pre done
now n is 169490
slave pre done
now n is 169490
processed 169490
[M::mem_process_seqs_merge2] Processed 169490 reads in 0.370 CPU sec, 2.060 real sec
step2 put 0x500002770550
step2 get 0x50000201d8e0
slave pre done
now n is 169488
[M::process] read chunk (19660800 bytes/CG x 1 CGs, 19660608 bytes)...
processed 169490
[M::mem_process_seqs_merge2] Processed 169490 reads in 0.290 CPU sec, 1.720 real sec
step2 put 0x500002770550
step2 get 0x50000201d8e0
processed 169488
[M::mem_process_seqs_merge2] Processed 169488 reads in 0.330 CPU sec, 1.750 real sec
step2 put 0x50000201d930
step2 get 0x50000201d8e0
[M::process] read chunk (19660800 bytes/CG x 1 CGs, 19660840 bytes)...
[M::process] read chunk (19660800 bytes/CG x 1 CGs, 19660840 bytes)...
slave pre done
now n is 169490
processed 169490
[M::mem_process_seqs_merge2] Processed 169490 reads in 0.330 CPU sec, 2.040 real sec
step2 put 0x50000201d930
step2 get 0x50000201d8e0
[M::process] read chunk (19660800 bytes/CG x 1 CGs, 19660840 bytes)...
[DBG stage1] slow fread: R1 offset=3165388804 requested=19660840 read=19660840 elapsed=1.152 s
step1 0x50000201ebf0
step1 0x50000201ebf0
step1 0x50000201ebf0
step1 0x50000201ebf0
step1 0x50000201ebf0
step1 0x50000201ebf0
step3 0x50000201eba0
[M::mem_process_seqs_merge2] CPE FASTQ formatting done
step3 0x50000201d930
step3 0x50000201eba0
[M::mem_process_seqs_merge2] CPE FASTQ formatting done
step3 0x50000201eba0
[M::mem_process_seqs_merge2] CPE FASTQ formatting done
step3 0x50000201eba0
[M::mem_process_seqs_merge2] CPE FASTQ formatting done
step3 0x50000201d930
step3 0x50000201eba0
[M::mem_process_seqs_merge2] CPE FASTQ formatting done
step3 0x50000201d930
step3 0x50000201eba0
[M::mem_process_seqs_merge2] CPE FASTQ formatting done
step3 0x50000201d930
step3 0x500002770550
step3 0x500002770550
slave pre done
now n is 169490
processed 169490
[M::mem_process_seqs_merge2] Processed 169490 reads in 0.380 CPU sec, 1.750 real sec
step2 put 0x50000201d8e0
step2 get 0x50000201ebf0
[M::process] read chunk (19660800 bytes/CG x 1 CGs, 19660608 bytes)...
[M::mem_process_seqs_merge2] CPE FASTQ formatting done
slave pre done
now n is 169490
processed 169490
[M::mem_process_seqs_merge2] Processed 169490 reads in 0.440 CPU sec, 1.760 real sec
step2 put 0x50000201d8e0
step2 get 0x50000201ebf0
[M::process] read chunk (19660800 bytes/CG x 1 CGs, 19660840 bytes)...
slave pre done
now n is 169490
slave pre done
now n is 169488
processed 169488
[M::mem_process_seqs_merge2] Processed 169488 reads in 0.370 CPU sec, 1.731 real sec
step2 put 0x50000201d8e0
step2 get 0x50000201ebf0
[M::mem_process_seqs_merge2] CPE FASTQ formatting done
processed 169490
[M::mem_process_seqs_merge2] Processed 169490 reads in 0.440 CPU sec, 1.880 real sec
step2 put 0x50000201d8e0
step2 get 0x50000201ebf0
[M::process] read chunk (19660800 bytes/CG x 1 CGs, 19660840 bytes)...
slave pre done
now n is 169490
[M::process] read chunk (19660800 bytes/CG x 1 CGs, 19660840 bytes)...
[M::mem_process_seqs_merge2] CPE FASTQ formatting done
[M::mem_process_seqs_merge2] CPE FASTQ formatting done
processed 169490
[M::mem_process_seqs_merge2] Processed 169490 reads in 0.440 CPU sec, 2.250 real sec
step2 put 0x50000201d8e0
step2 get 0x50000201ebf0
[M::process] read chunk (19660800 bytes/CG x 1 CGs, 19660840 bytes)...
[M::mem_process_seqs_merge2] CPE FASTQ formatting done
slave pre done
now n is 169490
processed 169490
[M::mem_process_seqs_merge2] Processed 169490 reads in 0.430 CPU sec, 1.770 real sec
step2 put 0x50000201d8e0
step2 get 0x50000201ebf0
[M::process] read chunk (19660800 bytes/CG x 1 CGs, 19660840 bytes)...
[M::mem_process_seqs_merge2] CPE FASTQ formatting done
[DBG stage1] slow fread: R1 offset=3263693004 requested=19660608 read=19660608 elapsed=1.229 s
slave pre done
now n is 169490
slave pre done
now n is 169488
slave pre done
now n is 169490
processed 169488
[M::mem_process_seqs_merge2] Processed 169488 reads in 0.250 CPU sec, 1.910 real sec
step2 put 0x50000201ebf0
processed 169490
[M::mem_process_seqs_merge2] Processed 169490 reads in 0.130 CPU sec, 1.720 real sec
step2 put 0x50000201ebf0
processed 169490
[M::mem_process_seqs_merge2] Processed 169490 reads in 0.160 CPU sec, 1.710 real sec
step2 put 0x50000201ebf0
[DBG stage1] slow fread: R1 offset=3204710484 requested=19660840 read=19660840 elapsed=1.291 s
slave pre done
now n is 169490
processed 169490
[M::mem_process_seqs_merge2] Processed 169490 reads in 0.130 CPU sec, 1.790 real sec
step2 put 0x50000201ebf0
slave pre done
now n is 169490
processed 169490
[M::mem_process_seqs_merge2] Processed 169490 reads in 0.200 CPU sec, 1.882 real sec
step2 put 0x50000201ebf0
[DBG stage1] slow fread: R1 offset=3185049644 requested=19660840 read=19660840 elapsed=1.587 s
[DBG stage1] slow fread: R1 offset=3244032164 requested=19660840 read=19660840 elapsed=1.538 s
[DBG stage1] slow fread: R1 offset=3224371324 requested=19660840 read=19660840 elapsed=1.494 s
slave pre done
now n is 169490
processed 169490
[M::mem_process_seqs_merge2] Processed 169490 reads in 0.310 CPU sec, 2.041 real sec
step2 put 0x50000201ebf0
[DBG stage1] slow fread: R1 offset=3283353612 requested=19660840 read=19660840 elapsed=1.842 s
step1 0x50000201eba0
step2 get 0x50000201eba0
[M::process] read chunk (19660800 bytes/CG x 1 CGs, 19660608 bytes)...
step1 0x50000201eba0
step2 get 0x50000201eba0
[M::process] read chunk (19660800 bytes/CG x 1 CGs, 19660840 bytes)...
[DBG stage1] slow fread: R2 offset=3185049644 requested=19660840 read=19660840 elapsed=1.070 s
step1 0x50000201eba0
step2 get 0x50000201eba0
[M::process] read chunk (19660800 bytes/CG x 1 CGs, 19660840 bytes)...
[DBG stage1] slow fread: R2 offset=3244032164 requested=19660840 read=19660840 elapsed=1.054 s
step1 0x50000201eba0
step2 get 0x50000201eba0
[M::process] read chunk (19660800 bytes/CG x 1 CGs, 19660840 bytes)...
[DBG stage1] slow fread: R2 offset=3224371324 requested=19660840 read=19660840 elapsed=1.057 s
step1 0x50000201eba0
step2 get 0x50000201eba0
[M::process] read chunk (19660800 bytes/CG x 1 CGs, 19660840 bytes)...
[DBG stage1] slow fread: R2 offset=3283353612 requested=19660840 read=19660840 elapsed=1.329 s
step1 0x50000201eba0
step2 get 0x50000201eba0
[M::process] read chunk (19660800 bytes/CG x 1 CGs, 19660840 bytes)...
[DBG stage1] slow fread: R1 offset=3381657812 requested=19660608 read=19660608 elapsed=1.103 s
[DBG stage1] slow fread: R1 offset=3303014452 requested=19660840 read=19660840 elapsed=1.011 s
[DBG stage1] slow fread: R1 offset=3361996972 requested=19660840 read=19660840 elapsed=1.249 s
step1 0x500002770500
step1 0x500002770500
[DBG stage1] slow fread: R1 offset=3401318420 requested=19660840 read=19660840 elapsed=1.200 s
step1 0x500002770500
step3 0x5000027705a0
[M::mem_process_seqs_merge2] CPE FASTQ formatting done
step1 0x500002770500
step1 0x500002770500
step1 0x500002770500
step3 0x5000027705a0
[M::mem_process_seqs_merge2] CPE FASTQ formatting done
step3 0x5000027705a0
[M::mem_process_seqs_merge2] CPE FASTQ formatting done
step3 0x5000027705a0
step3 0x5000027705a0
step3 0x5000027705a0
[M::mem_process_seqs_merge2] CPE FASTQ formatting done
[M::mem_process_seqs_merge2] CPE FASTQ formatting done
[M::mem_process_seqs_merge2] CPE FASTQ formatting done
slave pre done
now n is 169490
processed 169490
[M::mem_process_seqs_merge2] Processed 169490 reads in 0.360 CPU sec, 1.691 real sec
step2 put 0x50000201eba0
step2 get 0x500002770500
[M::process] read chunk (19660800 bytes/CG x 1 CGs, 19319568 bytes)...
slave pre done
now n is 169488
processed 169488
[M::mem_process_seqs_merge2] Processed 169488 reads in 0.320 CPU sec, 1.840 real sec
step2 put 0x50000201eba0
step2 get 0x500002770500
[M::process] read chunk (19660800 bytes/CG x 1 CGs, 19660840 bytes)...
slave pre done
now n is 169490
processed 169490
[M::mem_process_seqs_merge2] Processed 169490 reads in 0.240 CPU sec, 1.820 real sec
step2 put 0x50000201eba0
step2 get 0x500002770500
[M::process] read chunk (19660800 bytes/CG x 1 CGs, 19660840 bytes)...
slave pre done
now n is 169490
processed 169490
[M::mem_process_seqs_merge2] Processed 169490 reads in 0.270 CPU sec, 1.750 real sec
step2 put 0x50000201eba0
step2 get 0x500002770500
slave pre done
now n is 169490
[M::process] read chunk (19660800 bytes/CG x 1 CGs, 19660840 bytes)...
processed 169490
[M::mem_process_seqs_merge2] Processed 169490 reads in 0.300 CPU sec, 1.870 real sec
step2 put 0x50000201eba0
step2 get 0x500002770500
slave pre done
now n is 169490
processed 169490
[M::mem_process_seqs_merge2] Processed 169490 reads in 0.300 CPU sec, 2.090 real sec
step2 put 0x50000201eba0
step2 get 0x500002770500
step1 0x50000201d930
step1 0x50000201d930
step1 0x500002770550
step1 0x50000201d930
step3 0x500002770550
[M::mem_process_seqs_merge2] CPE FASTQ formatting done
step3 0x50000201d8e0
step3 0x500002770550
[M::mem_process_seqs_merge2] CPE FASTQ formatting done
step3 0x500002770550
[M::mem_process_seqs_merge2] CPE FASTQ formatting done
step3 0x50000201d8e0
step3 0x50000201d930
step3 0x500002770550
step3 0x50000201d930
[M::mem_process_seqs_merge2] CPE FASTQ formatting done
[M::mem_process_seqs_merge2] CPE FASTQ formatting done
[M::mem_process_seqs_merge2] CPE FASTQ formatting done
step3 0x50000201d8e0
step3 0x50000201d8e0
step3 0x50000201d8e0
step3 0x50000201d8e0
slave pre done
now n is 169490
processed 169490
[M::mem_process_seqs_merge2] Processed 169490 reads in 0.410 CPU sec, 2.030 real sec
step2 put 0x500002770500
step2 get 0x50000201d930
[M::mem_process_seqs_merge2] CPE FASTQ formatting done
slave pre done
now n is 169490
processed 169490
[M::mem_process_seqs_merge2] Processed 169490 reads in 0.340 CPU sec, 1.770 real sec
step2 put 0x500002770500
slave pre done
now n is 169490
processed 169490
[M::mem_process_seqs_merge2] Processed 169490 reads in 0.450 CPU sec, 2.110 real sec
step2 put 0x500002770500
step2 get 0x50000201d930
[M::mem_process_seqs_merge2] CPE FASTQ formatting done
slave pre done
now n is 169490
processed 169490
[M::mem_process_seqs_merge2] Processed 169490 reads in 0.490 CPU sec, 2.171 real sec
step2 put 0x500002770500
slave pre done
now n is 169490
processed 169490
[M::mem_process_seqs_merge2] Processed 169490 reads in 0.460 CPU sec, 2.470 real sec
step2 put 0x500002770500
step2 get 0x500002770550
[M::mem_process_seqs_merge2] CPE FASTQ formatting done
slave pre done
now n is 169490
processed 169490
[M::mem_process_seqs_merge2] Processed 169490 reads in 0.260 CPU sec, 1.980 real sec
step2 put 0x50000201d930
step3 0x50000201ebf0
slave pre done
now n is 169488
processed 169488
[M::mem_process_seqs_merge2] Processed 169488 reads in 0.950 CPU sec, 4.621 real sec
step2 put 0x500002770500
step2 get 0x50000201d930
[M::mem_process_seqs_merge2] CPE FASTQ formatting done
step3 0x50000201ebf0
step3 0x50000201ebf0
step3 0x50000201ebf0
step3 0x50000201ebf0
step3 0x50000201ebf0
slave pre done
now n is 169490
processed 169490
[M::mem_process_seqs_merge2] Processed 169490 reads in 0.580 CPU sec, 2.268 real sec
step2 put 0x50000201d930
slave pre done
now n is 169490
processed 169490
[M::mem_process_seqs_merge2] Processed 169490 reads in 1.080 CPU sec, 5.950 real sec
step2 put 0x500002770550
step3 0x50000201eba0
step3 0x500002770500
step3 0x50000201eba0
step3 0x50000201eba0
step3 0x50000201eba0
step3 0x50000201eba0
step3 0x500002770500
step3 0x500002770500
step3 0x50000201eba0
step3 0x500002770500
step3 0x500002770500
step3 0x500002770500
step3 0x50000201d930
step3 0x50000201d930
step3 0x500002770550
[MPI rank 000000/000006] input work: chunks=29 records=2492213 bytes=570163304
[MPI rank 000002/000006] input work: chunks=29 records=2488930 bytes=570163668
[MPI rank 000001/000006] input work: chunks=30 records=2574961 bytes=589824168
[MPI rank 000004/000006] input work: chunks=30 records=2573672 bytes=589823812
[MPI rank 000005/000006] input work: chunks=30 records=2572700 bytes=589823160
slave pre done
now n is 166548
processed 166548
[M::mem_process_seqs_merge2] Processed 166548 reads in 3.030 CPU sec, 42.031 real sec
step2 put 0x50000201d930
step3 0x50000201d930

================ MPI Dynamic Scheduler Debug =================
  MPI rank: 000000 / 000006

  Work summary
    claimed chunks                                         29
    claimed from this rank's queue                         29
    claimed from another rank's queue                       0
    completed FASTQ records                           2492213
    claimed input bytes                             570163304

  Scheduler counters
    scheduler_next calls                                   30
    RMA ticket attempts                                    35
    attempts against another rank's queue                   5
    tickets beyond the final chunk                          6
    empty aligned chunks                                    0

  Scheduler timing
    MPI_Win_create (setup)                       0.000369 s  (1 calls,   368.651 us/call)
    MPI_Barrier after setup                      0.000011 s  (1 calls,    10.850 us/call)
    scheduler_next total                         0.141445 s  (30 calls,  4714.819 us/call)
      RMA ticket path total                        0.141308 s  (35 calls,  4037.385 us/call)
        MPI_Win_lock                                 0.000225 s  (35 calls,     6.420 us/call)
        MPI_Fetch_and_op                             0.000182 s  (35 calls,     5.213 us/call)
        MPI_Win_unlock                               0.140847 s  (35 calls,  4024.205 us/call)
        RMA call overhead (derived)                  0.000054 s  (35 calls,     1.547 us/call)
      align nominal offsets to FASTQ records       0.000051 s  (29 calls,     1.759 us/call)
      scheduler loop/bookkeeping (derived)         0.000085 s  (30 calls,     2.837 us/call)

  Scheduler teardown timing
    MPI_Barrier (wait for other ranks)          30.178641 s  (1 calls, 30178640.769 us/call)
    MPI_Win_free                                 0.000070 s  (1 calls,    70.000 us/call)

  Stage 2 by chunk
    completed chunks                                       29
    accumulated stage 2                             55.923167 s
    average stage 2 per chunk                        1.928385 s
    slowest chunk                                          66
    slowest chunk stage 2                            2.470227 s

    order   chunk  queue        byte range                       bytes      records   stage2(s)
        0       0      0  [           0,     19660976)     19660976        89570    2.230310
        1       6      0  [   117964892,    137625820)     19660928        87772    2.210724
        2      12      0  [   235929600,    255590496)     19660896        86232    1.920627
        3      18      0  [   353894520,    373555416)     19660896        86232    1.930223
        4      24      0  [   471859212,    491520108)     19660896        86232    1.890244
        5      30      0  [   589824132,    609484800)     19660668        86231    2.100305
        6      36      0  [   707788824,    727449720)     19660896        86232    1.920313
        7      42      0  [   825753744,    845414412)     19660668        86231    2.150340
        8      48      0  [   943718436,    963379332)     19660896        86232    2.201639
        9      54      0  [  1061683356,   1081344024)     19660668        86231    1.791561
       10      60      0  [  1179648048,   1199308944)     19660896        86232    2.210333
       11      66      0  [  1297612968,   1317273636)     19660668        86231    2.470227
       12      72      0  [  1415577660,   1435238556)     19660896        86232    1.810349
       13      78      0  [  1533542580,   1553203248)     19660668        86231    1.710368
       14      84      0  [  1651507272,   1671168168)     19660896        86232    1.671255
       15      90      0  [  1769472192,   1789132860)     19660668        86231    1.880239
       16      96      0  [  1887436884,   1907097780)     19660896        86232    1.930277
       17     102      0  [  2005401804,   2025062472)     19660668        86231    1.700259
       18     10
================ MPI Dynamic Scheduler Debug =================
  MPI rank: 000001 / 000006

  Work summary
    claimed chunks                                         30
    claimed from this rank's queue                         30
    claimed from another rank's queue                       0
    completed FASTQ records                           2574961
    claimed input bytes                             589824168

  Scheduler counters
    scheduler_next calls                                   31
    RMA ticket attempts                                    36
    attempts against another rank's queue                   5
    tickets beyond the final chunk                          6
    empty aligned chunks                                    0

  Scheduler timing
    MPI_Win_create (setup)                       0.000630 s  (1 calls,   629.502 us/call)
    MPI_Barrier after setup                      0.000019 s  (1 calls,    18.950 us/call)
    scheduler_next total                         0.160051 s  (31 calls,  5162.942 us/call)
      RMA ticket path total                        0.159915 s  (36 calls,  4442.092 us/call)
        MPI_Win_lock                                 0.001082 s  (36 calls,    30.068 us/call)
        MPI_Fetch_and_op                             0.000302 s  (36 calls,     8.401 us/call)
        MPI_Win_unlock                               0.158468 s  (36 calls,  4401.898 us/call)
        RMA call overhead (derived)                  0.000062 s  (36 calls,     1.724 us/call)
      align nominal offsets to FASTQ records       0.000042 s  (30 calls,     1.405 us/call)
      scheduler loop/bookkeeping (derived)         0.000094 s  (31 calls,     3.024 us/call)

  Scheduler teardown timing
    MPI_Barrier (wait for other ranks)          28.928667 s  (1 calls, 28928667.208 us/call)
    MPI_Win_free                                 0.000063 s  (1 calls,    62.600 us/call)

  Stage 2 by chunk
    completed chunks                                       30
    accumulated stage 2                             58.352507 s
    average stage 2 per chunk                        1.945084 s
    slowest chunk                                           1
    slowest chunk stage 2                            2.649571 s

    order   chunk  queue        byte range                       bytes      records   stage2(s)
        0       1      1  [    19660976,     39321628)     19660652        87957    2.649571
        1       7      1  [   137625820,    157286524)     19660704        87771    1.951567
        2      13      1  [   255590496,    275251392)     19660896        86232    1.831178
        3      19      1  [   373555416,    393216084)     19660668        86231    2.020237
        4      25      1  [   491520108,    511181004)     19660896        86232    1.690134
        5      31      1  [   609484800,    629145696)     19660896        86232    1.680107
        6      37      1  [   727449720,    747110616)     19660896        86232    1.961544
        7      43      1  [   845414412,    865075308)     19660896        86232    2.150273
        8      49      1  [   963379332,    983040000)     19660668        86231    2.030187
        9      55      1  [  1081344024,   1101004920)     19660896        86232    1.950192
       10      61      1  [  1199308944,   1218969612)     19660668        86231    2.120565
       11      67      1  [  1317273636,   1336934532)     19660896        86232    2.359982
       12      73      1  [  1435238556,   1454899224)     19660668        86231    2.120248
       13      79      1  [  1553203248,   1572864144)     19660896        86232    2.170461
       14      85      1  [  1671168168,   1690828836)     19660668        86231    1.697483
       15      91      1  [  1789132860,   1808793756)     19660896        86232    1.720303
       16      97      1  [  1907097780,   1926758448)     19660668        86231    1.760408
       17     103      1  [  2025062472,   2044723368)     19660896        86232    1.769964
       18     10
================ MPI Dynamic Scheduler Debug =================
  MPI rank: 000002 / 000006

  Work summary
    claimed chunks                                         29
    claimed from this rank's queue                         29
    claimed from another rank's queue                       0
    completed FASTQ records                           2488930
    claimed input bytes                             570163668

  Scheduler counters
    scheduler_next calls                                   30
    RMA ticket attempts                                    35
    attempts against another rank's queue                   5
    tickets beyond the final chunk                          6
    empty aligned chunks                                    0

  Scheduler timing
    MPI_Win_create (setup)                       0.002365 s  (1 calls,  2365.409 us/call)
    MPI_Barrier after setup                      0.000009 s  (1 calls,     8.950 us/call)
    scheduler_next total                         0.127241 s  (30 calls,  4241.381 us/call)
      RMA ticket path total                        0.127113 s  (35 calls,  3631.796 us/call)
        MPI_Win_lock                                 0.000402 s  (35 calls,    11.489 us/call)
        MPI_Fetch_and_op                             0.000182 s  (35 calls,     5.194 us/call)
        MPI_Win_unlock                               0.126476 s  (35 calls,  3613.599 us/call)
        RMA call overhead (derived)                  0.000053 s  (35 calls,     1.514 us/call)
      align nominal offsets to FASTQ records       0.000042 s  (29 calls,     1.438 us/call)
      scheduler loop/bookkeeping (derived)         0.000087 s  (30 calls,     2.895 us/call)

  Scheduler teardown timing
    MPI_Barrier (wait for other ranks)          30.017192 s  (1 calls, 30017191.667 us/call)
    MPI_Win_free                                 0.000068 s  (1 calls,    68.350 us/call)

  Stage 2 by chunk
    completed chunks                                       29
    accumulated stage 2                             56.268550 s
    average stage 2 per chunk                        1.940295 s
    slowest chunk                                           2
    slowest chunk stage 2                            2.461426 s

    order   chunk  queue        byte range                       bytes      records   stage2(s)
        0       2      2  [    39321628,     58982556)     19660928        87772    2.461426
        1       8      2  [   157286524,    176947228)     19660704        87771    2.250319
        2      14      2  [   275251392,    294912060)     19660668        86231    1.860330
        3      20      2  [   393216084,    412876980)     19660896        86232    1.830295
        4      26      2  [   511181004,    530841672)     19660668        86231    2.034296
        5      32      2  [   629145696,    648806592)     19660896        86232    1.542286
        6      38      2  [   747110616,    766771284)     19660668        86231    2.030203
        7      44      2  [   865075308,    884736204)     19660896        86232    2.150369
        8      50      2  [   983040000,   1002700896)     19660896        86232    2.270064
        9      56      2  [  1101004920,   1120665816)     19660896        86232    1.830242
       10      62      2  [  1218969612,   1238630508)     19660896        86232    1.880398
       11      68      2  [  1336934532,   1356595200)     19660668        86231    1.869879
       12      74      2  [  1454899224,   1474560120)     19660896        86232    1.890190
       13      80      2  [  1572864144,   1592524812)     19660668        86231    2.030660
       14      86      2  [  1690828836,   1710489732)     19660896        86232    2.039795
       15      92      2  [  1808793756,   1828454424)     19660668        86231    1.880302
       16      98      2  [  1926758448,   1946419344)     19660896        86232    1.532641
       17     104      2  [  2044723368,   2064384036)     19660668        86231    1.737817
       18     118      0  [  2123366496,   2143027392)     19660896        86232    1.790296
       19     114      0  [  2241331416,   2260992084)     19660668        86231    2.160592
       20     120      0  [  2359296220,   2378956828)     19660608        84744    1.869895
       21     126      0  [  2477261028,   2496921636)     19660608        84744    1.771392
       22     132      0  [  2595225604,   2614886444)     19660840        84745    1.981009
       23     138      0  [  2713190412,   2732851252)     19660840        84745    1.779319
       24     144      0  [  2831155220,   2850816060)     19660840        84745    1.720392
       25     150      0  [  2949120028,   2968780868)     19660840        84745    1.760237
       26     156      0  [  3067084836,   3086745676)     19660840        84745    1.720183
       27     162      0  [  3185049644,   3204710484)     19660840        84745    1.870064
       28     168      0  [  3303014452,   3322675292)     19660840        84745    1.770196
==============================================================

9      1  [  2143027392,   2162688060)     19660668        86231    2.131336
       19     115      1  [  2260992084,   2280652860)     19660776        85846    2.200278
       20     121      1  [  2378956828,   2398617668)     19660840        84745    1.682444
       21     127      1  [  2496921636,   2516582476)     19660840        84745    1.860269
       22     133      1  [  2614886444,   2634547284)     19660840        84745    1.770233
       23     139      1  [  2732851252,   2752512092)     19660840        84745    1.960103
       24     145      1  [  2850816060,   2870476900)     19660840        84745    1.612280
       25     151      1  [  2968780868,   2988441708)     19660840        84745    1.880435
       26     157      1  [  3086745676,   3106406516)     19660840        84745    1.710107
       27     163      1  [  3204710484,   3224371324)     19660840        84745    1.820314
       28     169      1  [  3322675292,   3342336132)     19660840        84745    2.110307
       29     175      1  [  3440640100,   3460300940)     19660840        84745    1.979998
==============================================================

0      2  [  2162688060,   2182348956)     19660896        86232    1.781811
       19     116      2  [  2280652860,   2300313700)     19660840        84745    1.790279
       20     122      2  [  2398617668,   2418278508)     19660840        84745    2.150050
       21     128      2  [  2516582476,   2536243316)     19660840        84745    1.880209
       22     134      2  [  2634547284,   2654208124)     19660840        84745    1.680279
       23     140      2  [  2752512092,   2772172932)     19660840        84745    1.750606
       24     146      2  [  2870476900,   2890137740)     19660840        84745    2.040299
       25     152      2  [  2988441708,   3008102548)     19660840        84745    1.770433
       26     158      2  [  3106406516,   3126067356)     19660840        84745    2.041505
       27     164      2  [  3224371324,   3244032164)     19660840        84745    2.090306
       28     170      2  [  3342336132,   3361996972)     19660840        84745    2.171261
==============================================================

[MPI rank 000003/000006] input work: chunks=30 records=2572204 bytes=589483236

================ MPI Dynamic Scheduler Debug =================
  MPI rank: 000003 / 000006

  Work summary
    claimed chunks                                         30
    claimed from this rank's queue                         30
    claimed from another rank's queue                       0
    completed FASTQ records                           2572204
    claimed input bytes                             589483236

  Scheduler counters
    scheduler_next calls                                   31
    RMA ticket attempts                                    36
    attempts against another rank's queue                   5
    tickets beyond the final chunk                          6
    empty aligned chunks                                    0

  Scheduler timing
    MPI_Win_create (setup)                       0.002403 s  (1 calls,  2402.559 us/call)
    MPI_Barrier after setup                      0.000019 s  (1 calls,    19.100 us/call)
    scheduler_next total                         0.129582 s  (31 calls,  4180.072 us/call)
      RMA ticket path total                        0.129447 s  (36 calls,  3595.743 us/call)
        MPI_Win_lock                                 0.000235 s  (36 calls,     6.536 us/call)
        MPI_Fetch_and_op                             0.000218 s  (36 calls,     6.057 us/call)
        MPI_Win_unlock                               0.128935 s  (36 calls,  3581.527 us/call)
        RMA call overhead (derived)                  0.000058 s  (36 calls,     1.622 us/call)
      align nominal offsets to FASTQ records       0.000043 s  (30 calls,     1.450 us/call)
      scheduler loop/bookkeeping (derived)         0.000092 s  (31 calls,     2.968 us/call)

  Scheduler teardown timing
    MPI_Barrier (wait for other ranks)           0.000027 s  (1 calls,    26.800 us/call)
    MPI_Win_free                                 0.000055 s  (1 calls,    54.900 us/call)

  Stage 2 by chunk
    completed chunks                                       30
    accumulated stage 2                             99.219810 s
    average stage 2 per chunk                        3.307327 s
    slowest chunk                                         177
    slowest chunk stage 2                           42.031575 s

    order   chunk  queue        byte range                       bytes      records   stage2(s)
        0       3      3  [    58982556,     78643260)     19660704        87771    2.243127
        1       9      3  [   176947228,    196608156)     19660928        87772    2.160351
        2      15      3  [   294912060,    314572956)     19660896        86232    1.760277
        3      21      3  [   412876980,    432537648)     19660668        86231    2.160513
        4      27      3  [   530841672,    550502568)     19660896        86232    1.840247
        5      33      3  [   648806592,    668467260)     19660668        86231    1.790217
        6      39      3  [   766771284,    786432180)     19660896        86232    1.820164
        7      45      3  [   884736204,    904396872)     19660668        86231    2.162865
        8      51      3  [  1002700896,   1022361792)     19660896        86232    2.040230
        9      57      3  [  1120665816,   1140326484)     19660668        86231    1.620387
       10      63      3  [  1238630508,   1258291404)     19660896        86232    1.941818
       11      69      3  [  1356595200,   1376256096)     19660896        86232    1.931083
       12      75      3  [  1474560120,   1494221016)     19660896        86232    3.420286
       13      81      3  [  1592524812,   1612185708)     19660896        86232    2.320334
       14      87      3  [  1710489732,   1730150400)     19660668        86231    2.180133
       15      93      3  [  1828454424,   1848115320)     19660896        86232    1.620384
       16      99      3  [  1946419344,   1966080012)     19660668        86231    1.690402
       17     105      3  [  2064
================ MPI Dynamic Scheduler Debug =================
  MPI rank: 000004 / 000006

  Work summary
    claimed chunks                                         30
    claimed from this rank's queue                         29
    claimed from another rank's queue                       1
    completed FASTQ records                           2573672
    claimed input bytes                             589823812

  Scheduler counters
    scheduler_next calls                                   31
    RMA ticket attempts                                    38
    attempts against another rank's queue                   7
    tickets beyond the final chunk                          8
    empty aligned chunks                                    0

  Scheduler timing
    MPI_Win_create (setup)                       0.002476 s  (1 calls,  2475.609 us/call)
    MPI_Barrier after setup                      0.000012 s  (1 calls,    12.250 us/call)
    scheduler_next total                         0.187534 s  (31 calls,  6049.476 us/call)
      RMA ticket path total                        0.187393 s  (38 calls,  4931.389 us/call)
        MPI_Win_lock                                 0.000244 s  (38 calls,     6.421 us/call)
        MPI_Fetch_and_op                             0.000364 s  (38 calls,     9.578 us/call)
        MPI_Win_unlock                               0.186723 s  (38 calls,  4913.755 us/call)
        RMA call overhead (derived)                  0.000062 s  (38 calls,     1.636 us/call)
      align nominal offsets to FASTQ records       0.000043 s  (30 calls,     1.440 us/call)
      scheduler loop/bookkeeping (derived)         0.000098 s  (31 calls,     3.153 us/call)

  Scheduler teardown timing
    MPI_Barrier (wait for other ranks)          28.859810 s  (1 calls, 28859810.402 us/call)
    MPI_Win_free                                 0.000067 s  (1 calls,    66.750 us/call)

  Stage 2 by chunk
    completed chunks                                       30
    accumulated stage 2                             60.819317 s
    average stage 2 per chunk                        2.027311 s
    slowest chunk                                         172
    slowest chunk stage 2                            4.621380 s

    order   chunk  queue        byte range                       bytes      records   stage2(s)
        0       4      4  [    78643260,     98304188)     19660928        87772    2.210344
        1      10      4  [   196608156,    216268860)     19660704        87771    1.710330
        2      16      4  [   314572956,    334233624)     19660668        86231    1.880505
        3      22      4  [   432537648,    452198544)     19660896        86232    1.910243
        4      28      4  [   550502568,    570163236)     19660668        86231    1.780015
        5      34      4  [   668467260,    688128156)     19660896        86232    2.450016
        6      40      4  [   786432180,    806092848)     19660668        86231    1.989950
        7      46      4  [   904396872,    924057768)     19660896        86232    2.320397
        8      52      4  [  1022361792,   1042022460)     19660668        86231    1.689997
        9      58      4  [  1140326484,   1159987380)     19660896        86232    1.710322
       10      64      4  [  1258291404,   1277952072)     19660668        86231    1.920382
       11      70      4  [  1376256096,   1395916992)     19660896        86232    1.950529
       12      76      4  [  1494221016,   1513881684)     19660668        86231    2.280307
       13      82      4  [  1612185708,   1631846604)     19660896        86232    1.930350
       14      88      4  [  1730150400,   1749811296)     19660896        86232    2.131003
       15      94      4  [  1848115320,   1867776216)     19660896        86232    1.650358
       16     100      4  [  1966080012,   1985740908)     19660896        86232    2.000338
       17     106      4  [  2084044932,   2103705600)     19660668        86231    1.709999
       18     11384036,   2084044932)     19660896        86232    2.050176
       18     111      3  [  2182348956,   2202009624)     19660668        86231    1.800661
       19     117      3  [  2300313700,   2319974540)     19660840        84745    1.880311
       20     123      3  [  2418278508,   2437939348)     19660840        84745    1.860130
       21     129      3  [  2536243316,   2555904156)     19660840        84745    1.470352
       22     135      3  [  2654208124,   2673868964)     19660840        84745    1.861096
       23     141      3  [  2772172932,   2791833772)     19660840        84745    1.628225
       24     147      3  [  2890137740,   2909798580)     19660840        84745    2.080387
       25     153      3  [  3008102548,   3027763388)     19660840        84745    2.250387
       26     159      3  [  3126067356,   3145728196)     19660840        84745    1.881623
       27     165      3  [  3244032164,   3263693004)     19660840        84745    1.691702
       28     171      3  [  3361996972,   3381657812)     19660840        84745    2.030367
       29     177      3  [  3479961780,   3499281348)     19319568        83274   42.031575
==============================================================

2      4  [  2202009624,   2221670520)     19660896        86232    1.750437
       19     118      4  [  2319974540,   2339635380)     19660840        84745    2.140416
       20     124      4  [  2437939348,   2457600188)     19660840        84745    1.550119
       21     130      4  [  2555904156,   2575564996)     19660840        84745    2.090352
       22     136      4  [  2673868964,   2693529804)     19660840        84745    1.840634
       23     142      4  [  2791833772,   2811494612)     19660840        84745    1.771395
       24     148      4  [  2909798580,   2929459420)     19660840        84745    2.060258
       25     154      4  [  3027763388,   3047424228)     19660840        84745    1.750447
       26     160      4  [  3145728196,   3165388804)     19660608        84744    1.910022
       27     166      4  [  3263693004,   3283353612)     19660608        84744    1.840312
       28     172      4  [  3381657812,   3401318420)     19660608        84744    4.621380
       29     174      0  [  3420979260,   3440640100)     19660840        84745    2.268160
==============================================================


================ MPI Dynamic Scheduler Debug =================
  MPI rank: 000005 / 000006

  Work summary
    claimed chunks                                         30
    claimed from this rank's queue                         29
    claimed from another rank's queue                       1
    completed FASTQ records                           2572700
    claimed input bytes                             589823160

  Scheduler counters
    scheduler_next calls                                   31
    RMA ticket attempts                                    39
    attempts against another rank's queue                   8
    tickets beyond the final chunk                          9
    empty aligned chunks                                    0

  Scheduler timing
    MPI_Win_create (setup)                       0.002531 s  (1 calls,  2530.509 us/call)
    MPI_Barrier after setup                      0.000019 s  (1 calls,    19.300 us/call)
    scheduler_next total                         0.210538 s  (31 calls,  6791.561 us/call)
      RMA ticket path total                        0.210394 s  (39 calls,  5394.706 us/call)
        MPI_Win_lock                                 0.000250 s  (39 calls,     6.418 us/call)
        MPI_Fetch_and_op                             0.000299 s  (39 calls,     7.678 us/call)
        MPI_Win_unlock                               0.209780 s  (39 calls,  5378.976 us/call)
        RMA call overhead (derived)                  0.000064 s  (39 calls,     1.633 us/call)
      align nominal offsets to FASTQ records       0.000044 s  (30 calls,     1.478 us/call)
      scheduler loop/bookkeeping (derived)         0.000101 s  (31 calls,     3.242 us/call)

  Scheduler teardown timing
    MPI_Barrier (wait for other ranks)          28.651669 s  (1 calls, 28651669.476 us/call)
    MPI_Win_free                                 0.000066 s  (1 calls,    66.050 us/call)

  Stage 2 by chunk
    completed chunks                                       30
    accumulated stage 2                             62.543670 s
    average stage 2 per chunk                        2.084789 s
    slowest chunk                                         176
    slowest chunk stage 2                            5.950194 s

    order   chunk  queue        byte range                       bytes      records   stage2(s)
        0       5      5  [    98304188,    117964892)     19660704        87771    2.501634
        1      11      5  [   216268860,    235929600)     19660740        86802    1.790353
        2      17      5  [   334233624,    353894520)     19660896        86232    1.760304
        3      23      5  [   452198544,    471859212)     19660668        86231    2.260577
        4      29      5  [   570163236,    589824132)     19660896        86232    1.860280
        5      35      5  [   688128156,    707788824)     19660668        86231    1.840291
        6      41      5  [   806092848,    825753744)     19660896        86232    2.170814
        7      47      5  [   924057768,    943718436)     19660668        86231    2.211859
        8      53      5  [  1042022460,   1061683356)     19660896        86232    2.018306
        9      59      5  [  1159987380,   1179648048)     19660668        86231    2.311191
       10      65      5  [  1277952072,   1297612968)     19660896        86232    2.140337
       11      71      5  [  1395916992,   1415577660)     19660668        86231    1.941220
       12      77      5  [  1513881684,   1533542580)     19660896        86232    2.090245
       13      83      5  [  1631846604,   1651507272)     19660668        86231    1.770136
       14      89      5  [  1749811296,   1769472192)     19660896        86232    1.801023
       15      95      5  [  1867776216,   1887436884)     19660668        86231    2.000264
       16     101      5  [  1985740908,   2005401804)     19660896        86232    1.930382
       17     107      5  [  2103705600,   2123366496)     19660896        86232    1.620124
       18     113      5  [  2221670520,   2241331416)     19660896        86232    2.010207
       19     119      5  [  2339635380,   2359296220)     19660840        84745    1.851397
       20     125      5  [  2457600188,   2477261028)     19660840        84745    1.899559
       21     131      5  [  2575564996,   2595225604)     19660608        84744    1.860199
       22     137      5  [  2693529804,   2713190412)     19660608        84744    1.650243
       23     143      5  [  2811494612,   2831155220)     19660608        84744    1.810061
       24     149      5  [  2929459420,   2949120028)     19660608        84744    1.750264
       25     155      5  [  3047424228,   3067084836)     19660608        84744    1.730876
       26     161      5  [  3165388804,   3185049644)     19660840        84745    1.790762
       27     167      5  [  3283353612,   3303014452)     19660840        84745    1.750294
       28     173      5  [  3401318420,   3420979260)     19660840        84745    2.470274
       29     176      2  [  3460300940,   3479961780)     19660840        84745    5.950194
==============================================================


====================== SWBWA Output Debug =====================
  MPI rank: 000000 / 000006
  mode:     MPI split
  path:     correctness_results/bigdata_mpi_lwpf_off_20260823/mpi_dynamic_split/no1/ERR1203383_PE.rank000000.sam

  Output volume
    output buffer capacity                           67108864
    swbwa_output_write calls                         4984426
    submitted SAM bytes                           1306114536
    buffered flushes                                      20
    buffered flush bytes                          1306114536
    direct oversized writes                                0
    direct oversized bytes                                 0

  Buffering
    buffered flush total                       117.893196 s  (20 calls, 5894659.787 us/call)

  POSIX file writes
    write system calls                                     20
    write system-call bytes                        1306114536
    POSIX write system calls                   117.893126 s  (20 calls, 5894656.283 us/call)
    POSIX write effective bandwidth                10.566 MiB/s

  Output close timing
    POSIX close                                  0.004707 s  (1 calls,  4707.018 us/call)
================================================================


====================== SWBWA Output Debug =====================
  MPI rank: 000001 / 000006
  mode:     MPI split
  path:     correctness_results/bigdata_mpi_lwpf_off_20260823/mpi_dynamic_split/no1/ERR1203383_PE.rank000001.sam

  Output volume
    output buffer capacity                           67108864
    swbwa_output_write calls                         5149922
    submitted SAM bytes                           1351805153
    buffered flushes                                      21
    buffered flush bytes                          1351805153
    direct oversized writes                                0
    direct oversized bytes                                 0

  Buffering
    buffered flush total                       119.090223 s  (21 calls, 5670962.991 us/call)

  POSIX file writes
    write system calls                                     21
    write system-call bytes                        1351805153
    POSIX write system calls                   119.090149 s  (21 calls, 5670959.479 us/call)
    POSIX write effective bandwidth                10.825 MiB/s

  Output close timing
    POSIX close                                  0.008238 s  (1 calls,  8237.931 us/call)
================================================================


====================== SWBWA Output Debug =====================
  MPI rank: 000002 / 000006
  mode:     MPI split
  path:     correctness_results/bigdata_mpi_lwpf_off_20260823/mpi_dynamic_split/no1/ERR1203383_PE.rank000002.sam

  Output volume
    output buffer capacity                           67108864
    swbwa_output_write calls                         4977860
    submitted SAM bytes                           1309797805
    buffered flushes                                      20
    buffered flush bytes                          1309797805
    direct oversized writes                                0
    direct oversized bytes                                 0

  Buffering
    buffered flush total                       117.004779 s  (20 calls, 5850238.964 us/call)

  POSIX file writes
    write system calls                                     20
    write system-call bytes                        1309797805
    POSIX write system calls                   117.004710 s  (20 calls, 5850235.494 us/call)
    POSIX write effective bandwidth                10.676 MiB/s

  Output close timing
    POSIX close                                  0.008224 s  (1 calls,  8224.181 us/call)
================================================================


====================== SWBWA Output Debug =====================
  MPI rank: 000003 / 000006
  mode:     MPI split
  path:     correctness_results/bigdata_mpi_lwpf_off_20260823/mpi_dynamic_split/no1/ERR1203383_PE.rank000003.sam

  Output volume
    output buffer capacity                           67108864
    swbwa_output_write calls                         5144408
    submitted SAM bytes                           1357229258
    buffered flushes                                      21
    buffered flush bytes                          1357229258
    direct oversized writes                                0
    direct oversized bytes                                 0

  Buffering
    buffered flush total                       118.213424 s  (21 calls, 5629210.645 us/call)

  POSIX file writes
    write system calls                                     21
    write system-call bytes                        1357229258
    POSIX write system calls                   118.213358 s  (21 calls, 5629207.502 us/call)
    POSIX write effective bandwidth                10.949 MiB/s

  Output close timing
    POSIX close                                  0.008494 s  (1 calls,  8494.082 us/call)
================================================================


====================== SWBWA Output Debug =====================
  MPI rank: 000004 / 000006
  mode:     MPI split
  path:     correctness_results/bigdata_mpi_lwpf_off_20260823/mpi_dynamic_split/no1/ERR1203383_PE.rank000004.sam

  Output volume
    output buffer capacity                           67108864
    swbwa_output_write calls                         5147344
    submitted SAM bytes                           1350880141
    buffered flushes                                      21
    buffered flush bytes                          1350880141
    direct oversized writes                                0
    direct oversized bytes                                 0

  Buffering
    buffered flush total                       119.566673 s  (21 calls, 5693651.109 us/call)

  POSIX file writes
    write system calls                                     21
    write system-call bytes                        1350880141
    POSIX write system calls                   119.566605 s  (21 calls, 5693647.847 us/call)
    POSIX write effective bandwidth                10.775 MiB/s

  Output close timing
    POSIX close                                  0.008164 s  (1 calls,  8164.181 us/call)
================================================================


====================== SWBWA Output Debug =====================
  MPI rank: 000005 / 000006
  mode:     MPI split
  path:     correctness_results/bigdata_mpi_lwpf_off_20260823/mpi_dynamic_split/no1/ERR1203383_PE.rank000005.sam

  Output volume
    output buffer capacity                           67108864
    swbwa_output_write calls                         5145400
    submitted SAM bytes                           1354044508
    buffered flushes                                      21
    buffered flush bytes                          1354044508
    direct oversized writes                                0
    direct oversized bytes                                 0

  Buffering
    buffered flush total                       117.998519 s  (21 calls, 5618977.112 us/call)

  POSIX file writes
    write system calls                                     21
    write system-call bytes                        1354044508
    POSIX write system calls                   117.998444 s  (21 calls, 5618973.545 us/call)
    POSIX write effective bandwidth                10.944 MiB/s

  Output close timing
    POSIX close                                  0.008339 s  (1 calls,  8339.232 us/call)
================================================================


================ MPI Progress Thread Debug =================
  MPI rank: 000000 / 000006
  lifetime                                      161.619949 s
  MPI_Iprobe calls                                   16118
  MPI_Iprobe total                                0.285690 s
  MPI_Iprobe average                                17.725 us
  MPI_Iprobe maximum                              0.002640 s
  calls >= 1 ms                                         12
  calls >= 10 ms                                         0
  calls >= 100 ms                                        0
  calls >= 1 s                                           0
============================================================


================ MPI Progress Thread Debug =================
  MPI rank: 000001 / 000006
  lifetime                                      161.620358 s
  MPI_Iprobe calls                                   16108
  MPI_Iprobe total                                0.265869 s
  MPI_Iprobe average                                16.505 us
  MPI_Iprobe maximum                              0.009634 s
  calls >= 1 ms                                          5
  calls >= 10 ms                                         0
  calls >= 100 ms                                        0
  calls >= 1 s                                           0
============================================================


================ MPI Progress Thread Debug =================
  MPI rank: 000002 / 000006
  lifetime                                      161.619204 s
  MPI_Iprobe calls                                   16116
  MPI_Iprobe total                                0.311318 s
  MPI_Iprobe average                                19.317 us
  MPI_Iprobe maximum                              0.002592 s
  calls >= 1 ms                                          3
  calls >= 10 ms                                         0
  calls >= 100 ms                                        0
  calls >= 1 s                                           0
============================================================


================ MPI Progress Thread Debug =================
  MPI rank: 000003 / 000006
  lifetime                                      161.610434 s
  MPI_Iprobe calls                                   16105
  MPI_Iprobe total                                0.242819 s
  MPI_Iprobe average                                15.077 us
  MPI_Iprobe maximum                              0.002381 s
  calls >= 1 ms                                          1
  calls >= 10 ms                                         0
  calls >= 100 ms                                        0
  calls >= 1 s                                           0
============================================================


================ MPI Progress Thread Debug =================
  MPI rank: 000004 / 000006
  lifetime                                      161.610302 s
  MPI_Iprobe calls                                   16108
  MPI_Iprobe total                                0.286621 s
  MPI_Iprobe average                                17.794 us
  MPI_Iprobe maximum                              0.013631 s
  calls >= 1 ms                                          7
  calls >= 10 ms                                         4
  calls >= 100 ms                                        0
  calls >= 1 s                                           0
============================================================


================ MPI Progress Thread Debug =================
  MPI rank: 000005 / 000006
  lifetime                                      161.620149 s
  MPI_Iprobe calls                                   16121
  MPI_Iprobe total                                0.242564 s
  MPI_Iprobe average                                15.046 us
  MPI_Iprobe maximum                              0.001094 s
  calls >= 1 ms                                          1
  calls >= 10 ms                                         0
  calls >= 100 ms                                        0
  calls >= 1 s                                           0
============================================================


================ SWBWA CPE/MPI Progress Debug ================
  MPI rank: 000000 / 000006

    phase                      waits     probes   total(s)    avg(us)    max(s)   >=1ms   >=10ms   >=100ms    >=1s  completed
    FASTQ formatting              29          0      0.000      0.000     0.000       0        0         0       0          0
    alignment and SAM length      29          0      0.000      0.000     0.000       0        0         0       0          0
    SAM record generation         29          0      0.000      0.000     0.000       0        0         0       0          0
    all CPE phases                87          0      0.000      0.000     0.000       0        0         0       0          0

  Probes marked 'completed' returned with the CPE completion
  flag set. Their full call duration bounds the possible delay.
    completion-observing probe total               0.000000 s
    slowest completion-observing probe             0.000000 s
==============================================================


======================= SWBWA Timing Report =======================
  MPI rank: 000000 / 000006
  Accumulated wall-clock time; indented rows are included in
  their parent row and must not be added to it.

  Pipeline
    total - complete three-stage pipeline                   161.621 s
    stage 1 - allocate and read raw FASTQ blocks             69.216 s
    stage 2 - align reads and generate SAM records           55.923 s
    stage 3 - write SAM and release batch data              124.206 s
      SAM output writes                                       121.793 s
      batch cleanup and loop overhead (derived)                 2.413 s

  Stage 1 input details
    batches completed / stage calls                      29 / 30
    input-buffer and batch allocations                        0.000 s  (88 calls, max 0.000 s)
    aggregate requested allocation bytes           1140387920
    FASTQ fseeko calls                                        9.553 s  (58 calls, max 0.433 s)
    FASTQ fread calls                                        59.512 s  (58 calls, max 1.587 s)
    align chunk ends to FASTQ record boundaries               0.000 s  (0 calls, max 0.000 s)
    scheduler, checks and bookkeeping (derived)               0.150 s
    raw FASTQ bytes read                           1140326608  (1087.500 MiB)
    effective fread bandwidth                         18.274 MiB/s
    slowest allocation                                 0.000 s  (19661692 bytes)
    slowest fread                                      1.587 s  (R1 offset=3185049644, bytes=19660840)

  Stage 2 worker details
    total - active merge worker                              55.919 s
      part 1 - prepare CPE task and reusable buffers            1.056 s
      part 2 - CPE FASTQ formatting and input release           0.512 s
      part 3 - CPE alignment and SAM length pass               53.435 s
      part 4 - assign slices in the shared SAM buffer           0.377 s
      part 5 - CPE SAM record generation                        0.533 s
      part 6 - release temporary worker data                    0.001 s

  Reserved allocator timers (no active timing sites)
    malloc timer                                              0.000 s
    free timer                                                0.000 s
===================================================================


================ SWBWA CPE/MPI Progress Debug ================
  MPI rank: 000001 / 000006

    phase                      waits     probes   total(s)    avg(us)    max(s)   >=1ms   >=10ms   >=100ms    >=1s  completed
    FASTQ formatting              30          0      0.000      0.000     0.000       0        0         0       0          0
    alignment and SAM length      30          0      0.000      0.000     0.000       0        0         0       0          0
    SAM record generation         30          0      0.000      0.000     0.000       0        0         0       0          0
    all CPE phases                90          0      0.000      0.000     0.000       0        0         0       0          0

  Probes marked 'completed' returned with the CPE completion
  flag set. Their full call duration bounds the possible delay.
    completion-observing probe total               0.000000 s
    slowest completion-observing probe             0.000000 s
==============================================================


======================= SWBWA Timing Report =======================
  MPI rank: 000001 / 000006
  Accumulated wall-clock time; indented rows are included in
  their parent row and must not be added to it.

  Pipeline
    total - complete three-stage pipeline                   161.624 s
    stage 1 - allocate and read raw FASTQ blocks             75.064 s
    stage 2 - align reads and generate SAM records           58.353 s
    stage 3 - write SAM and release batch data              125.533 s
      SAM output writes                                       123.367 s
      batch cleanup and loop overhead (derived)                 2.166 s

  Stage 1 input details
    batches completed / stage calls                      30 / 31
    input-buffer and batch allocations                        0.000 s  (91 calls, max 0.000 s)
    aggregate requested allocation bytes           1179711760
    FASTQ fseeko calls                                       15.239 s  (60 calls, max 0.474 s)
    FASTQ fread calls                                        59.651 s  (60 calls, max 1.570 s)
    align chunk ends to FASTQ record boundaries               0.000 s  (0 calls, max 0.000 s)
    scheduler, checks and bookkeeping (derived)               0.173 s
    raw FASTQ bytes read                           1179648336  (1125.000 MiB)
    effective fread bandwidth                         18.860 MiB/s
    slowest allocation                                 0.000 s  (19661920 bytes)
    slowest fread                                      1.570 s  (R1 offset=2496921636, bytes=19660840)

  Stage 2 worker details
    total - active merge worker                              58.346 s
      part 1 - prepare CPE task and reusable buffers            1.339 s
      part 2 - CPE FASTQ formatting and input release           0.543 s
      part 3 - CPE alignment and SAM length pass               55.509 s
      part 4 - assign slices in the shared SAM buffer           0.383 s
      part 5 - CPE SAM record generation                        0.566 s
      part 6 - release temporary worker data                    0.001 s

  Reserved allocator timers (no active timing sites)
    malloc timer                                              0.000 s
    free timer                                                0.000 s
===================================================================


================ SWBWA CPE/MPI Progress Debug ================
  MPI rank: 000002 / 000006

    phase                      waits     probes   total(s)    avg(us)    max(s)   >=1ms   >=10ms   >=100ms    >=1s  completed
    FASTQ formatting              29          0      0.000      0.000     0.000       0        0         0       0          0
    alignment and SAM length      29          0      0.000      0.000     0.000       0        0         0       0          0
    SAM record generation         29          0      0.000      0.000     0.000       0        0         0       0          0
    all CPE phases                87          0      0.000      0.000     0.000       0        0         0       0          0

  Probes marked 'completed' returned with the CPE completion
  flag set. Their full call duration bounds the possible delay.
    completion-observing probe total               0.000000 s
    slowest completion-observing probe             0.000000 s
==============================================================


======================= SWBWA Timing Report =======================
  MPI rank: 000002 / 000006
  Accumulated wall-clock time; indented rows are included in
  their parent row and must not be added to it.

  Pipeline
    total - complete three-stage pipeline                   161.628 s
    stage 1 - allocate and read raw FASTQ blocks             73.749 s
    stage 2 - align reads and generate SAM records           56.269 s
    stage 3 - write SAM and release batch data              123.156 s
      SAM output writes                                       120.667 s
      batch cleanup and loop overhead (derived)                 2.489 s

  Stage 1 input details
    batches completed / stage calls                      29 / 30
    input-buffer and batch allocations                        0.000 s  (88 calls, max 0.000 s)
    aggregate requested allocation bytes           1140388648
    FASTQ fseeko calls                                       15.195 s  (58 calls, max 0.519 s)
    FASTQ fread calls                                        58.412 s  (58 calls, max 1.715 s)
    align chunk ends to FASTQ record boundaries               0.000 s  (0 calls, max 0.000 s)
    scheduler, checks and bookkeeping (derived)               0.141 s
    raw FASTQ bytes read                           1140327336  (1087.501 MiB)
    effective fread bandwidth                         18.618 MiB/s
    slowest allocation                                 0.000 s  (19661920 bytes)
    slowest fread                                      1.715 s  (R2 offset=511181004, bytes=19660668)

  Stage 2 worker details
    total - active merge worker                              56.263 s
      part 1 - prepare CPE task and reusable buffers            1.170 s
      part 2 - CPE FASTQ formatting and input release           0.457 s
      part 3 - CPE alignment and SAM length pass               53.505 s
      part 4 - assign slices in the shared SAM buffer           0.462 s
      part 5 - CPE SAM record generation                        0.658 s
      part 6 - release temporary worker data                    0.002 s

  Reserved allocator timers (no active timing sites)
    malloc timer                                              0.000 s
    free timer                                                0.000 s
===================================================================


================ SWBWA CPE/MPI Progress Debug ================
  MPI rank: 000003 / 000006

    phase                      waits     probes   total(s)    avg(us)    max(s)   >=1ms   >=10ms   >=100ms    >=1s  completed
    FASTQ formatting              30          0      0.000      0.000     0.000       0        0         0       0          0
    alignment and SAM length      30          0      0.000      0.000     0.000       0        0         0       0          0
    SAM record generation         30          0      0.000      0.000     0.000       0        0         0       0          0
    all CPE phases                90          0      0.000      0.000     0.000       0        0         0       0          0

  Probes marked 'completed' returned with the CPE completion
  flag set. Their full call duration bounds the possible delay.
    completion-observing probe total               0.000000 s
    slowest completion-observing probe             0.000000 s
==============================================================


======================= SWBWA Timing Report =======================
  MPI rank: 000003 / 000006
  Accumulated wall-clock time; indented rows are included in
  their parent row and must not be added to it.

  Pipeline
    total - complete three-stage pipeline                   161.619 s
    stage 1 - allocate and read raw FASTQ blocks             76.174 s
    stage 2 - align reads and generate SAM records           99.220 s
    stage 3 - write SAM and release batch data              124.493 s
      SAM output writes                                       122.456 s
      batch cleanup and loop overhead (derived)                 2.037 s

  Stage 1 input details
    batches completed / stage calls                      30 / 31
    input-buffer and batch allocations                        0.000 s  (91 calls, max 0.000 s)
    aggregate requested allocation bytes           1179029896
    FASTQ fseeko calls                                       15.675 s  (60 calls, max 0.464 s)
    FASTQ fread calls                                        60.343 s  (60 calls, max 1.538 s)
    align chunk ends to FASTQ record boundaries               0.000 s  (0 calls, max 0.000 s)
    scheduler, checks and bookkeeping (derived)               0.155 s
    raw FASTQ bytes read                           1178966472  (1124.350 MiB)
    effective fread bandwidth                         18.633 MiB/s
    slowest allocation                                 0.000 s  (19661692 bytes)
    slowest fread                                      1.538 s  (R1 offset=3244032164, bytes=19660840)

  Stage 2 worker details
    total - active merge worker                              99.214 s
      part 1 - prepare CPE task and reusable buffers            1.051 s
      part 2 - CPE FASTQ formatting and input release           0.506 s
      part 3 - CPE alignment and SAM length pass               96.647 s
      part 4 - assign slices in the shared SAM buffer           0.416 s
      part 5 - CPE SAM record generation                        0.583 s
      part 6 - release temporary worker data                    0.001 s

  Reserved allocator timers (no active timing sites)
    malloc timer                                              0.000 s
    free timer                                                0.000 s
===================================================================


================ SWBWA CPE/MPI Progress Debug ================
  MPI rank: 000004 / 000006

    phase                      waits     probes   total(s)    avg(us)    max(s)   >=1ms   >=10ms   >=100ms    >=1s  completed
    FASTQ formatting              30          0      0.000      0.000     0.000       0        0         0       0          0
    alignment and SAM length      30          0      0.000      0.000     0.000       0        0         0       0          0
    SAM record generation         30          0      0.000      0.000     0.000       0        0         0       0          0
    all CPE phases                90          0      0.000      0.000     0.000       0        0         0       0          0

  Probes marked 'completed' returned with the CPE completion
  flag set. Their full call duration bounds the possible delay.
    completion-observing probe total               0.000000 s
    slowest completion-observing probe             0.000000 s
==============================================================


======================= SWBWA Timing Report =======================
  MPI rank: 000004 / 000006
  Accumulated wall-clock time; indented rows are included in
  their parent row and must not be added to it.

  Pipeline
    total - complete three-stage pipeline                   161.618 s
    stage 1 - allocate and read raw FASTQ blocks             75.895 s
    stage 2 - align reads and generate SAM records           60.819 s
    stage 3 - write SAM and release batch data              125.898 s
      SAM output writes                                       123.874 s
      batch cleanup and loop overhead (derived)                 2.024 s

  Stage 1 input details
    batches completed / stage calls                      30 / 31
    input-buffer and batch allocations                        0.001 s  (91 calls, max 0.000 s)
    aggregate requested allocation bytes           1179711048
    FASTQ fseeko calls                                       15.221 s  (60 calls, max 0.466 s)
    FASTQ fread calls                                        60.468 s  (60 calls, max 1.620 s)
    align chunk ends to FASTQ record boundaries               0.000 s  (0 calls, max 0.000 s)
    scheduler, checks and bookkeeping (derived)               0.205 s
    raw FASTQ bytes read                           1179647624  (1125.000 MiB)
    effective fread bandwidth                         18.605 MiB/s
    slowest allocation                                 0.000 s  (64 bytes)
    slowest fread                                      1.620 s  (R1 offset=2555904156, bytes=19660840)

  Stage 2 worker details
    total - active merge worker                              60.815 s
      part 1 - prepare CPE task and reusable buffers            1.070 s
      part 2 - CPE FASTQ formatting and input release           0.581 s
      part 3 - CPE alignment and SAM length pass               58.231 s
      part 4 - assign slices in the shared SAM buffer           0.376 s
      part 5 - CPE SAM record generation                        0.552 s
      part 6 - release temporary worker data                    0.001 s

  Reserved allocator timers (no active timing sites)
    malloc timer                                              0.000 s
    free timer                                                0.000 s
===================================================================


================ SWBWA CPE/MPI Progress Debug ================
  MPI rank: 000005 / 000006

    phase                      waits     probes   total(s)    avg(us)    max(s)   >=1ms   >=10ms   >=100ms    >=1s  completed
    FASTQ formatting              30          0      0.000      0.000     0.000       0        0         0       0          0
    alignment and SAM length      30          0      0.000      0.000     0.000       0        0         0       0          0
    SAM record generation         30          0      0.000      0.000     0.000       0        0         0       0          0
    all CPE phases                90          0      0.000      0.000     0.000       0        0         0       0          0

  Probes marked 'completed' returned with the CPE completion
  flag set. Their full call duration bounds the possible delay.
    completion-observing probe total               0.000000 s
    slowest completion-observing probe             0.000000 s
==============================================================


======================= SWBWA Timing Report =======================
  MPI rank: 000005 / 000006
  Accumulated wall-clock time; indented rows are included in
  their parent row and must not be added to it.

  Pipeline
    total - complete three-stage pipeline                   161.622 s
    stage 1 - allocate and read raw FASTQ blocks             79.742 s
    stage 2 - align reads and generate SAM records           62.544 s
    stage 3 - write SAM and release batch data              125.692 s
      SAM output writes                                       123.044 s
      batch cleanup and loop overhead (derived)                 2.648 s

  Stage 1 input details
    batches completed / stage calls                      30 / 31
    input-buffer and batch allocations                        0.000 s  (91 calls, max 0.000 s)
    aggregate requested allocation bytes           1179709744
    FASTQ fseeko calls                                       14.251 s  (60 calls, max 0.568 s)
    FASTQ fread calls                                        65.263 s  (60 calls, max 1.842 s)
    align chunk ends to FASTQ record boundaries               0.000 s  (0 calls, max 0.000 s)
    scheduler, checks and bookkeeping (derived)               0.228 s
    raw FASTQ bytes read                           1179646320  (1124.998 MiB)
    effective fread bandwidth                         17.238 MiB/s
    slowest allocation                                 0.000 s  (19661692 bytes)
    slowest fread                                      1.842 s  (R1 offset=3283353612, bytes=19660840)

  Stage 2 worker details
    total - active merge worker                              62.536 s
      part 1 - prepare CPE task and reusable buffers            1.143 s
      part 2 - CPE FASTQ formatting and input release           0.520 s
      part 3 - CPE alignment and SAM length pass               59.867 s
      part 4 - assign slices in the shared SAM buffer           0.395 s
      part 5 - CPE SAM record generation                        0.601 s
      part 6 - release temporary worker data                    0.001 s

  Reserved allocator timers (no active timing sites)
    malloc timer                                              0.000 s
    free timer                                                0.000 s
===================================================================

[main] Version: 0.0.1
[main] CMD: ./SWBWA mem -v 4 -t 1 -o correctness_results/bigdata_mpi_lwpf_off_20260823/mpi_dynamic_split/no1/ERR1203383_PE.sam -I 170,80,500,1 ../data/GRCh38.d1.vd1.fa ../data/bwa_test_big_data/ERR1203383_1.fastq ../data/bwa_test_big_data/ERR1203383_2.fastq
